0.4396898107596097, 0.3073704956101933, 0.11651575645230286, 0.06695855655822859, 0.0018791631867348393, 0.27812633680308, 0.24682222810698498, 0.046494011122201626, 0.0392549041575849, 0.10400709906092767, 0.0773296021674034, 0.14681917255708785, 0.04594783157808967, 0.07686999653704345, 0.09149589537797152, 0.3501787496689821, 0.7273240003259254, 0.06171701533886048, 0.0917798068892465, 0.1548285327249394, 0.016128210873683567, 0.04734319936444562, 0.16619135890489092, 0.2445191073720234, 0.08601245645841396, 0.06023252734717158, 0.12308136929376057, 0.014721384775213378, 0.052420504776843006, 0.1452582958179707, 0.17777443930659387, 0.38400241388441875, 0.0979711148683058, 0.025493471308386466, 0.13656016377747449, 0.5193543623067365, 0.20602427125134953, 0.1498136114562751, 0.15803049438797337, 0.14235170397832597, 0.08374371065979508, 0.0485284980953739, 0.041066590617424785, 0.01594869731722719, 0.03292227699578334, 0.11699827870689128, 0.20645841396590006, 0.056929987166690434, 0.32394430751054165, 0.6136244423621438, 0.19749419445519545, 0.00028518465706544986, 0.13057383227068098, 0.21433027438838076, 0.17369146075655414, 0.168452465828767, 0.32169720519036077, 0.1886751135646045, 0.5755981238923632, 0.3988523863844697, 0.18050533702715366, 0.124129168279318, 0.058292253162494145, 0.06914582102625735, 0.34537262430995497, 0.11360025259212483, 0.17203127864578027, 0.3120989590760017, 0.08920423295512415, 0.09261244423621438, 0.00688262614328492, 0.001101271108757206, 0.3474580371147461, 0.07617740522702736, 0.14936291784644842, 0.09042517976818562, 0.01633446049173983, 0.14206397302967957, 0.23377248375465973, 0.46412529791611495, 0.012571041535108268, 0.2682378134484936, 0.26005148601576666, 0.08985862989142612, 0.6380522906439062, 0.15770966164877473, 0.11087444745472694, 0.004821403108512762, 0.007396977042635106, 0.01971084312806828, 0.07907253875455786, 0.019914546454543602, 0.17101403515919414, 0.04266056914709417, 0.21751950459351002, 0.38846860931739013, 0.28272239310667946, 0.28838279929111243, 0.006507048135096046, 0.17588636409932573
0.49363427104764623, 0.4204232955124157, 0.08375898840928073, 0.14805030453647308, 0.01982542624921065, 0.47943742233810677, 0.08782541606404433, 0.37426666802468883, 0.11986794931861237, 0.03409993685196879, 0.013468609317390154, 0.1139669185797804, 0.10984574565602656, 0.08220065796174451, 0.2653681428367725, 0.09668778391151127, 0.15312633680308, 0.34719067649874724, 0.29285026786987434, 0.28103674808009615, 0.05368346540099, 0.022692550569350798, 0.26929961703774624, 0.04904030270314314, 0.3377350227129209, 0.3709450306573506, 0.17325604489621316, 0.27101454441751033, 0.017086889653908047, 0.0649991851866941, 0.18026598561854515, 0.3433343178994113, 0.13508968038948077, 0.008151952496384266, 0.1200283656882117, 0.16045583711882014, 0.5254565500804628, 0.17306507302764254, 0.0687218634780306, 0.3868160660813591, 0.03719113483123179, 0.37797024912916827, 0.1732369477093561, 0.3734454889898352, 0.14918340428999205, 0.04227353282679106, 0.27928999205557026, 0.1236326414210344, 0.09696023711067202, 0.2977786152247866, 0.2897259681000591, 0.010856114155344156, 0.10194460288036504, 0.05761366645617323, 0.07783886048359169, 0.5208082947994541, 0.07903307123505326, 0.15695595934081605, 0.03102274347640097, 0.21079984111140534, 0.2635233545863804, 0.16808325354953046, 0.08991592145199731, 0.15570700332036422, 0.022619981259293966, 0.023264193029272167, 0.21146951579719298, 0.16055896192784827, 0.32847034079566517, 0.04400501110183129, 0.047647481208368134, 0.027959554704528326, 0.3355668554317492, 0.10596137784930028, 0.451757959707482, 0.23619273390234463, 0.193833900307592, 0.12706122303477216, 0.07462034792528162, 0.45315078120225705, 0.18838483632437716, 0.4958380864109511, 0.08087149375649304, 0.1396768246725469, 0.2334287343912326, 0.36073440141777513, 0.04832988735206046, 0.19692509828685503, 0.2880186795950378, 0.18544259640259925, 0.1461036646228433, 0.06920693202419996, 0.23540338351225276, 0.0169061029516612, 0.046005123138660856, 0.006437025116620154, 0.29460720906072396, 0.06822788291132795, 0.0875656943227883, 0.205874040048074
0.13591849829907723, 0.33119359964148215, 0.24878669206168136, 0.39007531930496425, 0.24898148336762338, 0.15622644680287628, 0.14583121142368255, 0.24081425312175347, 0.35915188120022, 0.10020166629321056, 0.03798303151290461, 0.3738859974333381, 0.19293633252531014, 0.28688685298730926, 0.028984437065857287, 0.12450729257908781, 0.1346211627385875, 0.06279027724022733, 0.44686526043470287, 0.09956254710639424, 0.40533142531217536, 0.31416527469393574, 0.05716297284634658, 0.07218609317390152, 0.13157961744515287, 0.12254028233281049, 0.03878638650669165, 0.11728728280132815, 0.22121544682324662, 0.17191796867042838, 0.3685693406123322, 0.05692871402089996, 0.0442138070114685, 0.32368331262349515, 0.053279878185410766, 0.43433750585647063, 0.03649472408384429, 0.1222652828420688, 0.011054724898657595, 0.6334498686113544, 0.26518735613452565, 0.11186240858813225, 0.5294364038214744, 0.2163965900063148, 0.04574158196003341, 0.01947785744841213, 0.06614756268969872, 0.27769728667169136, 0.2104891935385305, 0.1438132753457864, 0.2800042268440244, 0.36482629198834815, 0.016356103970177834, 0.4027443930659388, 0.10314517936077897, 0.10472642643254364, 0.17775279582815587, 0.18669155242305108, 0.03235445397323338, 0.14852646106210915, 0.012536666598765558, 0.35451635737711595, 0.07458342669735797, 0.09512563402660365, 0.0037443217697745003, 0.16088997983337067, 0.23355859526186062, 0.005946863987288912, 0.1669628852539162, 0.36314192010755536, 0.04119517834226233, 0.19332209569982278, 0.16571902181662626, 0.2233365077101709, 0.4000045833248457, 0.3224547269356909, 0.07213644048807318, 0.061411460349147504, 0.324973009309242, 0.48459238964372287, 0.19669083946140842, 0.1850262777291153, 0.28114369232649566, 0.17945753804159623, 0.1026384673361716, 0.3879644435843637, 0.3453280642072885, 0.3783369151168239, 0.33510852294717974, 0.05995625471063942, 0.06902741846774357, 0.32681397812226276, 0.5346728524576806, 0.13764488399095556, 0.0295280703183883, 0.11984248640280296, 0.07703423234401417, 0.1097960929701982, 0.0671800839257705, 0.04804979527815689
0.11606251655089528, 0.044850379906703874, 0.017683995029638834, 0.12192153347864171, 0.04916507099060927, 0.007691073720233851, 0.1736023405512212, 0.03261672200607036, 0.11299678148744169, 0.0621906255729156, 0.17440314925342731, 0.2125962498217596, 0.051179187631134014, 0.07516780061518405, 0.16387423356623412, 0.22834633639567334, 0.09422806624432177, 0.2179027214764417, 0.3267719643111772, 0.25567059135075676, 0.18710532480495407, 0.1323842455847304, 0.05426274673565419, 0.2814517936077896, 0.05525452730643091, 0.14513607382208552, 0.073972316717932, 0.07113702104255362, 0.19881699293149457, 0.2023117781263368, 0.11841019738852336, 0.11569967000061111, 0.04976599580371147, 0.1497957874152085, 0.09624727546800839, 0.10061671182090404, 0.07908272392088163, 0.13963990344462326, 0.09607412764050437, 0.2871911348312318, 0.039052473976900044, 0.12302662402477033, 0.2905815220712554, 0.021153317308671652, 0.013184697806115173, 0.2397027968466725, 0.21209590352610458, 0.014261779144853435, 0.2674293658715447, 0.08838941964922287, 0.13684789472612088, 0.021479242631032163, 0.010927410319610519, 0.023078313743863436, 0.10302550365647471, 0.3108538224929213, 0.223093336864191, 0.0506966653765456, 0.21453015827748467, 0.10090953535271231, 0.16038581410034425, 0.2679335316045711, 0.023218359780815222, 0.1318571632274755, 0.1605806054062863, 0.09359913222382922, 0.33264753213419973, 0.025480739850481757, 0.19681942718624595, 0.01381617811818867, 0.362897476115785, 0.06726411154794158, 0.051643885844655846, 0.0013877289116131267, 0.1462118820150333, 0.07133308549428612, 0.16493985659285818, 0.17023105049805462, 0.11797860096555376, 0.22585224379214114, 0.08735689841315109, 0.1670189036686969, 0.15337969281538366, 0.3534430954757491, 0.3211077386893728, 0.1401249719907926, 0.024399839074372084, 0.1311212849605834, 0.11353277586522988, 0.2388803446660284, 0.41117898392780755, 0.06982822716994969, 0.17058753131938645, 0.1769901814996639, 0.029134668269132837, 0.01897241856959524, 0.1123258336558636, 0.0010859933592715569, 0.10994250473610234, 0.10909458963964881
0.13648759446741765, 0.16530652258051373, 0.06518251818052188, 0.11082097533152717, 0.16511427756615266, 0.25506712024607364, 0.07594696583895215, 0.01149905277953189, 0.13618331262349515, 0.008223248660650629, 0.0868081725774582, 0.2993305799433705, 0.047417041820292924, 0.019649732130125684, 0.01551073516530525, 0.004277769855981748, 0.011771505978692632, 0.07952705180175593, 0.29296612413680717, 0.06762695809822575, 0.1277601800737406, 0.05496934264936546, 0.17448081114664601, 0.11093683159846, 0.29385732619013666, 0.01618550243425475, 0.028813835529934204, 0.3378457863966919, 0.20644440936220487, 0.05967361634515492, 0.053449206575543376, 0.2071013525900878, 0.14118550243425476, 0.0410003870363203, 0.06721827829948462, 0.18549988796317043, 0.08903490456499155, 0.04274077733189383, 0.21402471939866777, 0.005428693650567314, 0.18926076062822106, 0.16608568780428185, 0.2715390804831843, 0.09256151840459555, 0.09727852355828971, 0.15295573526715692, 0.00689917703856104, 0.18578125318286448, 0.1729759528223096, 0.07193273716159784, 0.14568225336619747, 0.07694765843026216, 0.2421841579923, 0.1129178464484325, 0.03642724735694934, 0.17789666130247908, 0.06862510439795481, 0.028866034507343506, 0.2399981666700617, 0.2107145403434438, 0.21575619767370802, 0.11637316412377015, 0.16264055529526797, 0.09066325803100364, 0.144288158725632, 0.173393544641584, 0.17595638711780162, 0.06618957650078426, 0.018184341325293844, 0.23304297121671996, 0.03993858344706769, 0.19739870852091015, 0.024735949563056366, 0.09253223605141472, 0.2835053777678189, 0.0002075227638467336, 0.12051725367175246, 0.32652115459045444, 0.08804312399421482, 0.25458587113727565, 0.015738628261799514, 0.2146498339817889, 0.2418798761483775, 0.08140112240532887, 0.21640295573526716, 0.039848190095944265, 0.11528335132712718, 0.05451610274795787, 0.09368697928337169, 0.022959911185349655, 0.10135895581674849, 0.1857099570185981, 0.23609215538489745, 0.10044611028498096, 0.18545660100629444, 0.018624849768796723, 0.17625048379540037, 0.13290750850461389, 0.10329541056405452, 0.11617582652624717
0.020656790450388055, 0.03431509849055835, 0.08646442321403108, 0.11679839481778738, 0.001918630706239433, 0.03722805605915545, 0.06245798618891447, 0.008438410299240187, 0.08407090912794606, 0.06187870485425027, 0.019913273308753133, 0.0026124951620459962, 0.0017683995029638834, 0.0012833309567945245, 0.05751945366767839, 0.1450189444093622, 0.1286220997738893, 0.12002199995925933, 0.1494469454686195, 0.06484895398341856, 0.15050620276629117, 0.014566060988775947, 0.172914841824367, 0.06444536676783932, 0.08063086920209407, 0.0006556700820924406, 0.05321622089588723, 9.421278849483613e-5, 0.0009128455317675338, 0.07092695198712595, 0.0010949053798048522, 0.0009574056344340104, 0.03748777780041148, 0.11336472062088773, 0.026748793057790633, 0.1660653174716343, 0.0459771139312705, 0.10550813794789268, 0.02165239045853619, 0.07917439041779552, 0.08264371269682834, 0.07111919700148703, 0.004547676763561549, 0.09748477317634598, 0.06342685013546272, 0.09382575217453301, 0.14840423906622396, 0.10647827504023141, 0.09927354301195739, 0.057198620928479764, 0.12301261942107515, 0.003266892098347966, 0.0028594854453973233, 0.00315612841457701, 0.004021867552097126, 0.0016830987350023427, 0.0016767330060499888, 0.08143295105009064, 0.13979140779368926, 0.12518078670224686, 0.08670886720580147, 0.14094233158827485, 0.10283835122527551, 0.00018333299382778921, 0.15514045344360475, 0.16471960237110672, 0.12255174064492473, 0.07821825792915198, 0.03365815526267544, 0.024065001731478276, 0.11422154773787456, 0.07027382819661446, 0.03647817318856817, 0.13388273818011448, 0.07949522315699416, 0.14553584160029334, 0.2319658898779817, 0.05469434315862378, 0.08754659713593123, 0.11340673443197327, 0.06167882096514636, 0.0834292436495488, 0.07381699293149457, 0.02457807948503799, 0.025622059033224013, 0.21262043959177854, 0.12674802917031636, 0.0001438654743231957, 0.06653969159316371, 0.11340036870302092, 0.07611247479171335, 0.1298888798354077, 0.09776231895866859, 0.0043248762502291664, 0.0009141186775580045, 0.0011725672730235684, 0.0012031227719948667, 0.0045056629524760135, 0.0023578660039518446, 0.04955719989407427
0.06633344197510746, 0.0, 0.0, 0.0, 0.0, 0.0, 0.00021006905542767513, 0.0009472204681102443, 0.0015825202175551527, 0.0060538082336884565, 0.007590495202786662, 0.0008670122833105865, 0.002471175979303742, 0.00021261534700861665, 0.08119741907885356, 0.006220590332240126, 0.0881487950948239, 0.1338203540363814, 0.0014399278890224276, 0.0010350675276527266, 0.00013240716220895888, 0.0003577539671222831, 0.0, 0.0, 0.0, 0.0005449063983214846, 0.0011547432319569779, 0.0001616895153897863, 8.148133059012854e-5, 0.002662147847874356, 0.0002660874702083885, 0.00014641176590413722, 0.0, 0.036352131755311566, 0.06983713919048298, 0.015388513169420057, 0.13370831720682, 0.09113432197347783, 0.010950326943838993, 0.17466796357784523, 0.09954217677374672, 0.017486657432115867, 7.129616426636246e-5, 0.0, 0.0, 0.0006493043531400868, 0.01851408608502577, 0.012252755087490578, 0.03882712717198672, 0.1295094823898474, 0.0709333177160783, 0.006291886496506488, 0.05128485873174309, 0.07816478580595221, 0.05637616874783565, 0.01999348149355279, 0.03795884174288566, 0.033599590556313785, 0.019412927013098123, 0.0009994194455195454, 0.0008224521806441099, 0.0002457171375608564, 0.0009815954044529547, 1.2731457904707584e-5, 2.546291580941517e-6, 0.0, 2.546291580941517e-6, 0.0, 0.0, 0.0, 0.0, 0.036149701574626714, 0.022407365912285346, 0.08299637408078873, 0.07366421543663808, 0.05476818561447108, 0.10401728422725143, 0.02749612963679697, 0.13231676885783544, 0.007510287017987003, 0.09441139923814956, 0.1993555336008637, 0.09311915626082173, 0.05149110834979935, 0.04368035892526125, 0.09398107596097044, 0.05530163370067833, 0.0008390030759202298, 0.0, 0.0, 0.0009472204681102443, 0.0002902772402273329, 0.009558778594854454, 0.055958576928561245, 0.07128470595424824, 0.10591172516347191, 0.09051557311930904, 0.011795695748711577, 0.00047488337984559286, 0.04027087449838056
0.1359630584017437, 0.0024864537287893913, 0.06778482817624412, 0.0, 1.52777494856491e-5, 0.017219296816117006, 0.02058167484875028, 0.09769102279440223, 0.08113630808091096, 0.17275187916318674, 0.11143208531095312, 0.08940538999001854, 0.06498263429141798, 0.028700525554582305, 0.014903444623250698, 0.08855492860198406, 0.0787962661180257, 0.08025274490232426, 0.1687261921737182, 0.0547936485302805, 0.04688868631724756, 0.0035049703611659978, 0.0278997168523762, 0.0, 0.04757873133568271, 0.08042589272982828, 0.03793719826444766, 0.04643544641583997, 0.09465202379254853, 0.11769468945427879, 0.07653006661098775, 0.10286508728687539, 0.022976462080625776, 0.03077066060988776, 0.061599885926137174, 0.08057867022468478, 0.0008504613880344666, 0.1437432523273105, 0.007866767839318816, 0.10415860340999368, 0.03477979670408018, 0.054517375893748346, 0.04237411134423825, 0.0, 0.032323898474262085, 0.06612464606547025, 0.11143590474832454, 0.15333640585850766, 0.06390555295267972, 0.06047442504736102, 0.004327422541810108, 0.009346163247845837, 0.08274429121427553, 0.09343362327106802, 0.06296851765089324, 0.05428184392251125, 0.041976889857611374, 0.10830014666639506, 0.22886323358660446, 0.04438950113055346, 0.011407386282617995, 0.04542202236662525, 0.06922475606526654, 0.08373352549347131, 0.036623311808681835, 0.04316728117170154, 0.027920087185023732, 0.0031497626856246564, 0.015130064573954492, 0.047909749241205106, 0.05390753906011285, 0.13005693507974986, 0.03085468823205883, 0.05957813041086961, 0.044816004970361166, 0.02467865800248518, 0.02669404778880039, 0.07524164307103134, 0.031470890794646676, 0.14613549326760505, 0.16511809700352406, 0.0360198407039987, 0.18047096209081095, 0.025115347008616652, 0.004916889042798069, 0.014173932085310953, 0.0, 0.0, 0.0, 0.0, 0.0015150434906602026, 0.032646004359251184, 0.05114863213216272, 0.012966989875944674, 0.04430165407101098, 0.06491006498136115, 0.1217738485669471, 0.025576225784767065, 0.07717937096412784, 0.028051221201442218
0.060657758041188815, 0.042850267869874316, 0.05289793444826954, 0.04878058096188711, 0.0016398117781263367, 0.010197897781670774, 0.11585372064125807, 0.11884306695728342, 0.022350074351714162, 0.12809629056242489, 0.003673025605508138, 0.04608660446925098, 0.05478728280132814, 0.055808345725285695, 0.0048328614206269984, 0.03428454299158705, 0.06983968548206393, 0.03916196451488053, 0.02298282780957813, 0.04660222851439164, 0.04869655333971604, 0.13899187223727363, 0.09367424782546699, 0.07874788657798781, 0.1347013709233872, 0.03486255118046078, 0.07915529323093846, 0.015820109592389643, 0.012480648183984845, 0.06788158725631989, 0.16590362795624453, 0.022372990975942638, 0.0029231427349208612, 0.06569304964250067, 0.025540577702633883, 0.05007282393921493, 0.004026960135259008, 0.07692346866024322, 0.07662173310790166, 0.1615520156444155, 0.006873714122751624, 0.011915371453015827, 0.0766370108573873, 0.02998385651137683, 0.02355319712370903, 0.1439354973416716, 0.028728534761972662, 0.06590311869792834, 0.19165427471430607, 0.17842374365973396, 0.08888340021592553, 0.15039034649935834, 0.13733296327229025, 0.1424331853089161, 0.1730141471960237, 0.01771327738281966, 0.12398021022183292, 0.2047714957935263, 0.11615545619359964, 0.10952363977103746, 0.04056879061335072, 0.07962508402762217, 0.03821729033835122, 0.020687345949359354, 0.034318917927929765, 0.11962095903526104, 0.13301190645943248, 0.10530443462141736, 0.0006989570389684464, 0.10230999572223014, 0.07629962722291254, 0.06763968955613045, 0.0802247356949339, 0.02257669430241796, 0.0687002199995926, 0.0622300930924202, 0.043908252021755516, 0.008794891120572, 0.07391757144894176, 0.01583156790450388, 0.0215212564421177, 0.11119018761076369, 0.011278798557780448, 0.05506610172944124, 0.042114389602982215, 0.0201628098836854, 0.12478993094457233, 0.03056568413762197, 0.022953545456397304, 0.013033193457049154, 0.011370465054694343, 0.07902797865189139, 0.022506671283942067, 0.06653714530158278, 0.0011101831292905013, 0.0008199058890631684, 0.06996063433215864, 0.045954197307042026, 0.0649164307103135, 0.034427135320119776
0.0601446802876291, 0.005968507465726915, 0.01682462162107107, 0.07483041698070929, 0.04253707400541851, 0.0273599030372166, 0.009847782689291316, 0.006403923326067915, 0.0106103970177833, 0.012983540771220794, 0.06716480617628486, 0.037962661180257075, 0.003991312053125828, 0.023186531136053453, 0.0430336008637021, 0.029540801776293008, 0.15868489132427532, 0.009352528976798192, 0.1262578680409851, 0.16185884377991894, 0.10469841722515329, 0.04661877940966776, 0.0027678189484834285, 0.14571917459412112, 0.07141456682487625, 0.053512863865066915, 0.11895001120368295, 0.06305254527306431, 0.07787960114888676, 0.0612854189158909, 0.07519326353099347, 0.08487171783015217, 0.011346275284675399, 0.00919847833615123, 0.13054073048012874, 0.12064711454238047, 0.05755000916664969, 0.020123342364180806, 0.036373775233749565, 0.06973910696461673, 0.0059290399462223215, 0.10139715019046261, 0.048191114460899145, 0.14493491678719114, 0.10701299627222913, 0.009514218492187978, 0.05248798150373796, 0.06353888696502413, 0.2651046016581451, 0.05169863111364609, 0.0011050905461286182, 0.016909922389032613, 0.08308294799454075, 0.14216582469291725, 0.013070114684972805, 0.016892098347966022, 0.00871086349840093, 0.11720070888757614, 0.130224990324092, 0.023684331140127517, 0.07062648958057485, 0.04758764335621601, 0.03148489539834186, 0.055655568230429206, 0.07371004868509502, 0.05426020044407325, 0.051307775355971565, 0.02516754598602595, 0.11410951090831313, 0.05092837791041128, 0.06755566193395939, 0.05199272779124483, 0.0014348353058605448, 0.11277525411989978, 0.15606348414169605, 0.11636934468639873, 0.061632987716689416, 0.0830549387871504, 0.010472897272412459, 0.16574066529506426, 0.10238765761544887, 0.0010809007761096738, 0.06223263938400114, 0.10917479782444847, 0.09641787700393148, 0.0638406225173657, 0.02479833370678943, 0.02721349127131246, 0.058812969790796685, 0.19412927013098125, 0.09193385752989346, 0.11738404188140392, 0.18441007516652747, 0.05083289197612597, 0.18391100201666294, 0.028676335784563363, 0.04703891752052311, 0.1439520482369477, 0.02039834185492249, 0.01487416227006987
0.026082937809374426, 0.06846596117414597, 0.04633614104418325, 0.12769779593000755, 0.02855029435130676, 0.05890081685033917, 0.0653302030922165, 0.1065966775987452, 0.000763887474282455, 0.1608670632091422, 0.04497387504837954, 0.08367114134973824, 0.13789951314904972, 0.045963109327575316, 0.02031686052433236, 0.044905125175694116, 0.04426345969729686, 0.08098735002342589, 0.016547075838748447, 0.05711204701472775, 0.12088646595098898, 0.11048613798863335, 0.05149238149558982, 0.01574626713654234, 0.040510225906989064, 0.008554266566173026, 0.019989662056181377, 0.045755586563728586, 0.032374824305880914, 0.0614942148255281, 0.12815485526878653, 0.0002457171375608564, 0.0030759202297773523, 0.011897547411949237, 0.13362428958464892, 0.07094477602819255, 0.060357295634637716, 0.08827101709070909, 0.012998818520706444, 0.1278518465706545, 0.07462034792528162, 0.05182339940111222, 0.043709641278442075, 0.04319656352488236, 0.12357407671467276, 0.02153908048318429, 0.013453331567904504, 0.0929854759528223, 0.000532174940416777, 0.035025513841641036, 0.13958006559247113, 0.1123385651137683, 0.06654223788474466, 0.00196446395469638, 0.05600441017701819, 0.05221298201299627, 0.004015501823144772, 0.015632957161190442, 0.020739544926768654, 0.044758713409789985, 0.0015519647185838544, 0.08187982522254589, 0.03300757776374488, 0.15032923550141575, 0.06320786905950174, 0.07749129168279319, 0.175091921126072, 0.01721165794137418, 0.008229614389602982, 0.17489840296592044, 0.023716159784889286, 0.04004807398504818, 0.23954747306023508, 0.00859500723146809, 0.12153195086675765, 0.02593652604347029, 0.03513118494225011, 0.042986494469454684, 0.029724134770120796, 0.014126825691063535, 0.06281446701024627, 0.09226869487278727, 0.016025086064655435, 0.07375333564197104, 0.009421278849483612, 0.1292841355849341, 0.027194394084455398, 0.0449191297793893, 0.15000967590800757, 0.12414062659143224, 0.07271826811431831, 0.01950459351001202, 0.07902797865189139, 0.0003857631745126398, 0.053612169236723635, 0.011779144853435456, 0.10508163410808498, 0.08848108614613677, 0.009512945346397506, 0.07744545843433623
0.004534945305656841, 0.14191246868061355, 0.015279022631439572, 0.09628292355014158, 0.057210079240594, 0.01953769530056426, 0.04223788474465788, 0.04678938094559084, 0.007396977042635106, 0.13120785887433542, 0.06261076368377096, 0.08393977511152757, 0.08566361451182498, 0.016221150516387933, 0.01458770446721395, 0.03803777678189485, 0.006533784196695932, 0.07780703183882993, 0.1076062822105885, 0.03796648061762849, 0.10040282332810495, 0.08039279093927604, 0.01836385488175022, 0.055386934468639876, 0.11906459432482533, 0.0204632722902365, 0.09351510460165814, 0.0590561406367766, 0.03770803202216292, 0.09164994601861848, 0.07331282719846816, 0.08122033570308203, 0.006551608237762523, 0.01784441139923815, 0.19913527937911227, 0.009605884989101872, 0.11746425006620358, 0.1182294106862765, 0.23058834613269236, 0.051506386099285, 0.23317410523313845, 0.08332229940314925, 0.031161516367562283, 0.10685003361104888, 0.054140524739769, 0.005618392373347457, 0.08995411582571143, 0.07272845328064208, 0.1010406693691308, 0.0774467315801267, 0.03134230306980913, 0.04348429447352875, 0.0012476828746613433, 0.10560998961113036, 0.17719643111772015, 0.05004099529445316, 0.14763016642561774, 0.06042222606995172, 0.12603379438186227, 0.014035159194149641, 0.1302288097614634, 0.23017839318816077, 0.015551475830600313, 0.019937463078772075, 0.11523624493287975, 0.12763286549469352, 0.010271740237518078, 0.05696436210303314, 0.013469882463180623, 0.07824117455338046, 0.017230755128231245, 0.0070175795970748205, 0.03875073842455847, 0.033798201299627226, 0.036403057586930396, 0.06666318673483938, 0.13553782770772646, 0.07592532236051415, 0.07142602513699049, 0.00995345378990039, 0.010865026175877451, 0.0007766189321871626, 0.024430394573343384, 0.13431178831150312, 0.016445224175510788, 0.0730276425414027, 0.11371356256747672, 0.10665142286773543, 0.11496379173371901, 0.10461566274877268, 0.003667933022346255, 0.08239035668452466, 0.030181194108899797, 0.09639623352549347, 0.15705017212931088, 0.006528691613534049, 5.983785215212565e-5, 0.008223248660650629, 0.02942749180094111, 0.03619553482308366
0.04417433949196391, 0.021761880996516672, 0.10139460389888166, 0.14357392393717788, 0.2776527265690249, 0.0008288179095964637, 0.039512079607259984, 0.036620765517100896, 0.06290740665295064, 0.02175806155914526, 0.01296062414699232, 0.14026119859037298, 0.00851097960929702, 0.09513327290134647, 0.15217529689759834, 0.18080452628791427, 0.2199970463017661, 0.04893081216516266, 0.009751023609215538, 0.024659560815628118, 0.07155843229919945, 0.2225127823837363, 0.0389977287079098, 0.0007740726406062211, 0.10258244892139089, 0.07684962620439592, 0.10820084129473834, 0.10231381515960156, 0.06504629158094152, 0.10401983051883237, 0.11513948585280398, 0.049799097594263715, 0.038449002872216906, 0.004077885966877839, 0.041826658654335824, 0.02595562323032735, 0.10682839013261086, 0.24709850074351714, 0.03419160334888269, 0.03369634963638956, 0.15624427084394288, 0.07692346866024322, 0.0017505754618972929, 0.0029371473386160395, 0.11560673035790675, 0.03855467397282598, 0.0384273593937789, 0.1533873316901265, 0.08237507893503901, 0.12733240308814242, 0.10226416247377319, 0.01832947994540751, 0.012756920820517, 0.014089904463139883, 0.17490094925750138, 0.050156851561385996, 0.09326811431830682, 0.007297671670978387, 0.17874203010735165, 0.09512308773502272, 0.1420105009064798, 0.03222713939418631, 0.023500998146299728, 0.041538927705689434, 0.13889511315719785, 0.1818103114623862, 0.1593991261127294, 0.04546276303192031, 0.06351469719500519, 0.06399085372064126, 0.1026601108146096, 0.05816621172923754, 0.23150628424762176, 0.12485486137988633, 0.16298048522132366, 0.01678642724735695, 0.10819956814894788, 0.0689828583650771, 0.03420815424415881, 0.06829408649243242, 0.06020197184820028, 0.0781609663685808, 0.06864038214744046, 0.06479675500600925, 0.08959890815017009, 0.03671497830559573, 0.09768465706544988, 0.0533740909739056, 0.07325553563789697, 0.08294035566600802, 0.03657620541443442, 0.08805840174370047, 0.13085901692774643, 0.06104352121570145, 0.03760999979629667, 0.17045003157401561, 0.036986158358966, 0.09354820639221038, 0.10462457476930598, 0.051233932900124256
0.01262451365830804, 0.08188746409728871, 0.12572314680898738, 0.07130762257847671, 0.00043286956876005783, 0.03520248110651647, 0.02292808254058789, 0.06967544967509319, 0.1058162392291866, 0.05203474160233037, 0.01907045079546149, 0.13715981544478623, 0.10632804383695586, 0.1283267299505001, 0.20538769835611415, 0.013837821596626674, 0.02336604469250983, 0.07961489886129841, 0.26157926096433154, 0.1005619665519138, 0.0964649833981789, 0.12506747672689494, 0.1047455236194007, 0.14087485486137988, 0.12242951864903955, 0.0014883074290603165, 0.11864954879713185, 0.10618799780000407, 0.03425016805524434, 0.07884337251227312, 0.054766912468680616, 0.0931420728850502, 0.08635620582184107, 0.13379743741215294, 0.06972637550671203, 0.09060978590780387, 0.00318923020512925, 0.069139455297305, 0.03393697419078853, 0.0012196736672709866, 0.05658114522010144, 0.008620470147277504, 0.10342527143468253, 0.11869283575400787, 0.1300887637245116, 0.013422776068933205, 0.09016418488113911, 0.1984159520074963, 0.12219653296938339, 0.05400429814018863, 0.029319274408751095, 0.09394924731620867, 0.06742452791754089, 0.13694338066040618, 0.12434305677211709, 0.0634446741765293, 0.030848322503106474, 0.04583961418589966, 0.06125613656271007, 0.06120903016846265, 0.06746144914546455, 0.028677608930353832, 0.2137624513658308, 0.17381240960664887, 0.14800319814222565, 0.12747499541667515, 0.22895617322930883, 0.05943171864496547, 0.10228198651483979, 0.039724694954268606, 0.08503849992870384, 0.13960425536249008, 0.06988933816789228, 0.020371605793322606, 0.15944113992381495, 0.045097370190055205, 0.10670107555356378, 0.024965115805341102, 0.1060084842435477, 0.0681031146238618, 0.003250341203071846, 0.03189484834287344, 0.007674522824957732, 0.03142760383777067, 0.3037878633558086, 0.19293123994214825, 0.07076398932594569, 0.009590607239616224, 0.13878053003605548, 0.07367440060296185, 0.16965431545497137, 0.11218069503574993, 0.07220009777759671, 0.049799097594263715, 0.17139725204212586, 0.07154442769550427, 0.17735048175836712, 0.04618336354932676, 0.14648051577682264, 0.14481396793709642
0.1272114542380477, 0.044281283738363444, 0.3273359678963558, 0.08564706361654886, 0.05782118922001996, 0.15119624778472632, 0.21702934346417876, 0.030239758815261454, 0.0015341406775172639, 0.12115128027540689, 0.07120067833207716, 0.14163364975250045, 0.05031599478519484, 0.026141502515736083, 0.12325197082968364, 0.027190574647083986, 0.17243613900715, 0.07901142775661527, 0.07305310545721212, 0.0023782363365993766, 0.1501484487991689, 0.21831140127518284, 0.18100950276018007, 0.06024398565928581, 0.02726314395714082, 0.15297101301664257, 0.00659871463200994, 0.04085906785357805, 0.07782994846305841, 0.05181194108899798, 0.0798848057688782, 0.29250906479802813, 0.027837332708643133, 0.17176264488399096, 0.16413140901590922, 0.18242014829602168, 0.1824061436923265, 0.0072467458393595564, 0.08104209529241613, 0.006221863478030596, 0.13440600109999795, 0.11669017742559736, 0.023814192010755537, 0.17489458352854903, 0.07253620826628099, 0.024221598663706177, 0.37908679798741113, 0.0005245360656739524, 0.13139373815974414, 0.025740461591737793, 0.03844009085168361, 0.05825787822615143, 0.044048298058707296, 0.11446089914648307, 0.0006989570389684464, 0.05375476156525636, 0.06874732639384001, 0.02441129738648632, 0.06183159846000285, 0.00298807317023487, 0.3426595506304618, 0.08966129229390316, 0.05889699741296776, 0.2601367867837282, 0.21487136134933082, 0.04331114664602473, 0.01992855105823878, 0.17917871911348313, 0.06117720152370088, 0.05004226844024363, 0.018604479436149193, 0.04647236764376362, 0.09335850766943024, 0.07146931209386649, 0.0723095883155772, 0.1345829683648734, 0.0670845979914852, 0.013478794483713918, 0.1557426514024974, 0.00322360514147196, 0.20351490089833166, 0.07783631419201076, 0.15138212707013504, 0.1476619950703795, 0.017053787863355808, 0.08021200423702919, 0.00780565684137622, 0.08070471165794138, 0.07886501599071113, 0.05993206494062048, 0.12419537186042248, 0.04459065816544784, 0.1259090260943961, 0.04297758244892139, 0.02983235216231081, 0.14634810861461367, 0.08425933470493573, 0.05972199588519281, 0.10629494204640362, 0.032905726100507224
0.07722011162942291, 0.0533613595160009, 0.056853598419262186, 0.08170413110346092, 0.12304444806583692, 0.053203489437982525, 0.27289498075003565, 0.04326658654335825, 0.04022758754150455, 0.03251741663441364, 0.3173939724185696, 0.015102055366564136, 0.06365092379458556, 0.08326118840520666, 0.24063219327371616, 0.09684183455215824, 0.11364735898637225, 0.055501517589782244, 0.2847836161414516, 0.060165050620276626, 0.29646854820639224, 0.041248650465462104, 0.019242325477175044, 0.1768679595037787, 0.042050732313458676, 0.056111354423417734, 0.0956807255912489, 0.06006447210282944, 0.1802367032653643, 0.017463740807887394, 0.09806914709417205, 0.042831170683017256, 0.23973080605406286, 0.061072803568882277, 0.2953061660996924, 0.21394069177649672, 0.05383369660426555, 0.14603618789594833, 0.27178734391232606, 0.12170255240268074, 0.21184509380538183, 0.17405558045262878, 0.13137082153551569, 0.11455256564339696, 0.10035953637122894, 0.04794285103175735, 0.2689354973416716, 0.022776578191521867, 0.04578359577111894, 0.025353425271434683, 0.2917566356358599, 0.1494342140107148, 0.10523186531136053, 0.17209875537267524, 0.12099468334317899, 0.1955717443115846, 0.16360050722128291, 0.10835871137275671, 0.07239616222932921, 0.08496847691022795, 0.05004608787761504, 0.019955287119838665, 0.15725896803894807, 0.15341152146014544, 0.12170764498584262, 0.13590067425801064, 0.02429289482797254, 0.0683781141146035, 0.29893590474832454, 0.06754038418447374, 0.1296151534904565, 0.05032490680572814, 0.05496679635778452, 0.16963394512232385, 0.019434570491536126, 0.19337556782302254, 0.017416634413639973, 0.049386598358151186, 0.1549456621376627, 0.026010368499317593, 0.2570213990344462, 0.018030290684646882, 0.05167953392678903, 0.29929365871544683, 0.024179584852620645, 0.042850267869874316, 0.012593958159336742, 0.22407111283127254, 0.07644858528039764, 0.16457446375099305, 0.1048066346173433, 0.0529997861115072, 0.005293740196777414, 0.07567069320242, 0.014797773522641625, 0.11682513087938726, 0.09540572610050722, 0.03483199568148948, 0.09816081359108594, 0.08884775213379234
0.1949759120816443, 0.18008519891629832, 0.006056354525269397, 0.2740650017314783, 0.06279918926076063, 0.10135131694200566, 0.0733281049479538, 0.3090001222219959, 0.19163517752744902, 0.10308534150862683, 0.014871615978488928, 0.04806379988185207, 0.05190360758591188, 0.024121020146258988, 0.03603002587032246, 0.10245258805076286, 0.034330376240044, 0.07358528039762889, 0.1311123729400501, 0.18925566804505917, 0.05135106231284757, 0.012702175551526756, 0.25818378114114604, 0.03667805707767208, 0.059739819926259395, 0.0015850665091360942, 0.0005207166283025402, 0.007030311054979528, 0.20390448351021573, 0.05949282964290807, 0.01200449165834878, 0.10825176712635717, 0.11987431504756473, 0.24740787517060153, 0.01732624106251655, 0.05464087103542401, 0.11435013546271211, 0.11237166690432054, 0.05547350838239189, 0.04180883461326924, 0.14927761707848688, 0.031691145016398116, 0.1482056283229105, 0.19321005887026135, 0.11765140249740279, 0.2373092827605875, 0.022418824224399586, 0.11323867918763113, 0.1011361553034161, 0.1473959076001711, 0.0017136542339736408, 0.11889399278890224, 0.1760582387810393, 0.011059817481819478, 0.005011101831292905, 0.12279873092827606, 0.011488867613208123, 0.2886323358660447, 0.0592432930679758, 0.004914342751217127, 0.010680420036259191, 0.08704752398606669, 0.1423415188120022, 0.05193925566804506, 0.09601428978835225, 0.08998721761626367, 0.007081236886598358, 0.033771465238027334, 0.03536162433032532, 0.0034578639669185797, 0.03436602432217718, 0.15452934346417876, 0.037249699537593446, 0.2960254934713084, 0.03970559776741154, 0.049743079179483, 0.013187244097696116, 0.14086339654926566, 0.008016999042594366, 0.007883318734594935, 0.2110977572263755, 0.2736601413701086, 0.04378221058849891, 0.12841839644741398, 0.000263541178627447, 0.05204110733128272, 0.26986998635187714, 0.022672180236703265, 0.008835631785867062, 0.10160594610009982, 0.23081623922918662, 0.10149136297895744, 0.044745981951885276, 0.05163879326149396, 0.07904325640137704, 0.306536585117435, 0.36991250942127885, 0.3349048196207044, 0.036885579841518815, 0.11737512986087063
0.08217901448330651, 0.0909000631480312, 0.3406403414067752, 0.040260689332056794, 0.007441537145301583, 0.05128358558595262, 0.09088605854433603, 0.054449899166853395, 0.1390109694241307, 0.1710076694302418, 0.0186694098714632, 0.22815027194394086, 0.20727577356338228, 0.06451920922368662, 0.002444439917703856, 0.051703723696807966, 0.07042151310830906, 0.16107713226456988, 0.19912636735857897, 0.03807597115560897, 0.03973233382901143, 0.07862821087368357, 0.06099514167566356, 0.24019677741337517, 0.04488093540567518, 0.07123759956000081, 0.10641589089649833, 0.008602646106210914, 0.28077829948463057, 0.001401733515308305, 0.04524378195595934, 0.3138673585789656, 0.12078716057933227, 0.10187839929926056, 0.0776084210955165, 0.06785612434051048, 0.1895026583284105, 0.06049352223421808, 0.1817797559634149, 0.044358945631582165, 0.15557586930394574, 0.12530300869813205, 0.059384612250718054, 0.0531130960868591, 0.11078405410360351, 0.2562880670591351, 0.19675322360514147, 0.08841106312766088, 0.3353529669389501, 0.11130477073190605, 0.2064915157564523, 0.1697014218492188, 0.02622043755474527, 0.1982975494489825, 0.0017633069198020003, 0.0855795868896539, 0.05945590841498442, 0.20906454339899372, 0.14542507791652237, 0.11113034975861155, 0.07733851418793669, 0.0992990059277668, 0.174743079179483, 0.07497428245503249, 0.11563219327371616, 0.05445371860422481, 0.07869696074636899, 0.192048949909352, 0.007859128964575992, 0.2067919781630034, 0.17311854515084232, 0.14146559450815832, 0.07603863233586604, 0.07932971420423296, 0.1228713002383329, 0.06220590332240125, 0.15788280947627875, 0.16079704019066632, 0.15922215884785398, 0.15150944164918212, 0.04869782648550651, 0.2605963924140881, 0.17978219021816627, 0.010733892159458963, 0.046625145138620115, 0.14820308203132956, 0.03567609134057159, 0.04220605609989611, 0.043838229003279626, 0.029484783361512293, 0.03464738954187122, 0.20422913568678577, 0.015256106007211098, 0.3195837831781793, 0.30637744189362615, 0.13681988551873053, 0.09145897415004788, 0.07676432543643438, 0.1422282088366503, 0.2094044733250494
0.06970473202827403, 0.04255871748385651, 0.04309853129901611, 0.16392643254364345, 0.02897552504532399, 0.17184921879774298, 0.20321953107494245, 0.06484513454604714, 0.27954844065103585, 0.13355681285775398, 0.08162774235603268, 0.26321652645087695, 0.14687646411765903, 0.08030494387973355, 0.08939011224053289, 0.16931565867470616, 0.19475947729726426, 0.020635146971950052, 0.19295288342058625, 0.16014137010857388, 0.062459259334704934, 0.17051878144670102, 0.06666573302642032, 0.07641548348984539, 0.010349402130736795, 0.4376655089527612, 0.29597074820231817, 0.21399161760811555, 0.15356684524658287, 0.05169863111364609, 0.10002979161149701, 0.09994194455195453, 0.13074061436923265, 0.23568474873194678, 0.262713633863641, 0.0782653643233994, 0.009610977572263755, 0.22717122283106883, 0.01646686765394879, 0.32674904768694873, 0.17241067609134056, 0.14069406815913305, 0.02420504776843006, 0.1250611109979426, 0.17653439530667536, 0.5683844798435559, 0.20066560061925812, 0.00021261534700861665, 0.21316916542747144, 0.14808086003544438, 0.051205923692733905, 0.08882865494693529, 0.21781742070848018, 0.034353292864272474, 0.008267808763317105, 0.16227388930761238, 0.006995936118636818, 0.19749419445519545, 0.07345923896437229, 0.11093810474425048, 0.011961204701472775, 0.21068780428184392, 0.012130533091605385, 0.09433755678230225, 0.07271826811431831, 0.18497662504328696, 0.15028594854453972, 0.060611924792731864, 0.2552339023446253, 0.027726569024872177, 0.07635564563769326, 0.03627319671630238, 0.12142246032877717, 0.0841562098959076, 0.06604061844329918, 0.07537405023324031, 0.10887942800105926, 0.11109088223910696, 0.31265532378643746, 0.08340250758794891, 0.2240685665396916, 0.2666896681672812, 0.0391021266627284, 0.13813122568291542, 0.09982354199344075, 0.029838717891263165, 0.03686139007149987, 0.0034336741968996353, 0.3094126214581084, 0.03532979568556355, 0.41212493125012734, 0.17010373591900757, 0.004337607708133874, 0.20353272493939825, 0.08383155771933756, 0.08256095822044773, 0.39084175307082764, 0.06350705832026236, 0.22926809394797418, 0.2411961968588947
0.010082041514737936, 0.21421696441302887, 0.028410248314354975, 0.058751858792854085, 0.13297243893992788, 0.10135513637937707, 0.18291794830009575, 0.06302835550304536, 0.029017538856409526, 0.21582112810902201, 0.23754990731498646, 0.11259192112607198, 0.03695687600578518, 0.22761809700352406, 0.2282788596687784, 0.2327883420586258, 0.06025671711719052, 0.033935701044998066, 0.20693075105416472, 0.24206830172536717, 0.4522684911694608, 0.05135742804179992, 0.2562180440406592, 0.057979059298038337, 0.09760699517223116, 0.16794575380415963, 0.2634482389847426, 0.0107759059705445, 0.06712915809415168, 0.04809944796398525, 0.30569758204151476, 0.4608023874029863, 0.03257088875761341, 0.013392220569961907, 0.3749045140657147, 0.19986733820863295, 0.02803594345195657, 0.10940523721252368, 0.12313102197958893, 0.11630314110529424, 0.10823394308529058, 0.06341539182334847, 0.05684086696135748, 0.4011058544336029, 0.007270935609378501, 0.18194908435354748, 0.07032348088244281, 0.006766769876352081, 0.2418187651504349, 0.16315999877778004, 0.08042843902140923, 0.05302779531889756, 0.07851872033570308, 0.09657702022774031, 0.1730676193192235, 0.026406316840154, 0.12352060459147297, 0.10616890061314702, 0.30687651504349067, 0.1807599661852478, 0.028853303049438797, 0.07884973824122547, 0.278191267238394, 0.2503093744270844, 0.04240339369741908, 0.09508107392393718, 0.00411353404901102, 0.06483494937972337, 0.036549469352834534, 0.17254308325354953, 0.05469816259599519, 0.14415575156342303, 0.2105579434112159, 0.033570308203132955, 0.189328237355116, 0.09459855166934876, 0.07930934387158542, 0.04886460858405818, 0.0013024281436515859, 0.062261921737181966, 0.3302361940070481, 0.17688705669063576, 0.2339940111222016, 0.22072146625654396, 0.12008056466562099, 0.28139450204721844, 0.08179707074616528, 0.11462131551608237, 0.14005876840968812, 0.13761432849198427, 0.06627233097716485, 0.19181723737548634, 0.4919282556884154, 0.009961092664643213, 0.2471697969077835, 0.1953018374040048, 0.1265583304475362, 0.10734401417775152, 0.039503167586726694, 0.28717585708174614
0.25080717443115846, 0.48359551648978427, 0.08931372349310464, 0.3065238536595303, 0.050234513454604716, 0.13443401030738833, 0.027471939866778025, 0.08704497769448576, 0.00344131307164246, 0.061072803568882277, 0.19206932024199955, 0.18095985007435172, 0.18368692835754008, 0.13176422358477113, 0.006869894685380212, 0.10400837220671813, 0.16776114766454137, 0.13876525228656983, 0.1809216557006376, 0.09409820537369375, 0.02638976594487788, 0.2655705730174574, 0.05287247153246012, 0.19414964046362876, 0.22912550161944145, 0.12291076775783749, 0.12345694730194944, 0.3212070440610295, 0.2448501252775458, 0.2449799861481738, 0.17189505204619993, 0.16309506834246604, 0.06549825833655863, 0.41891971033386977, 0.1802939948259355, 0.26305101749811577, 0.1757845124360881, 0.3076060275814304, 0.08740782424476992, 0.03167714041270294, 0.0674372593754456, 0.12017732374569677, 0.3332548226762543, 0.029320547554541564, 0.16626520136073822, 0.02798629076612821, 0.30405522397180745, 0.08579602167403394, 0.33626199303334625, 0.030358161373775235, 0.36507710170907093, 0.06303599437778819, 0.39194175103379436, 0.13512914790898536, 0.09209936648265467, 0.03884877065042472, 0.1773466623209957, 0.19822370699313518, 0.05918854779898556, 0.17555916563117477, 0.10843000753702307, 0.21138421502923144, 0.01771073109123872, 0.13526792080014666, 0.26384673361716, 0.07059848037318449, 0.11301460552850828, 0.09792400847405838, 0.20241999551852682, 0.1111328960501925, 0.1386366645617323, 0.06335428082540588, 0.09233235216231081, 0.40495202786661505, 0.17009991648163614, 0.05879132631235868, 0.17621101627589578, 0.17709203316290156, 0.09203825548471206, 0.3066295247601393, 0.05474272269866167, 0.148315118860891, 0.29355304434621415, 0.025121712737569003, 0.05234156973783382, 0.12162870994683343, 0.3563649650648795, 0.16973706993135199, 0.09733072253569901, 0.20241744922694588, 0.04488730113462753, 0.31490242610661834, 0.134273593937789, 0.10827850318795706, 0.15656764987472246, 0.047060560998961116, 0.21516800431851052, 0.0360020166629321, 0.28081140127518284, 0.006822788291132794
0.023181438552891568, 0.14386802061477663, 0.12842094273899493, 0.05663716363488216, 0.03840444276955043, 0.06712024607361838, 0.04691414923305698, 0.045281976329673464, 0.48031461978774115, 0.24073149864537288, 0.03536162433032532, 0.1306680450591758, 0.24046286488358354, 0.16037308264243955, 0.12779710130166425, 0.0015876128007170356, 0.44764697195005193, 0.2400821942922328, 0.30734885213175533, 0.4411844839176224, 0.20723121346071582, 0.09913986270395796, 0.19364929416797377, 0.015641869181723736, 0.18623194679269112, 0.02531523089772056, 0.44100624350695644, 0.17134632621050702, 0.04809435538082337, 0.031025289767981912, 0.06221481534293455, 0.30151402497402785, 0.3283774011529608, 0.15547911022386995, 0.02969612556273044, 0.15814253121753477, 0.19338447984355583, 0.17399574260047668, 0.3525073333197531, 0.05604387769652278, 0.07147440467702837, 0.4960112342384551, 0.11744515287934652, 0.17920800146666396, 0.4031428876983561, 0.106974801898515, 0.1055336008637021, 0.007474638935853823, 0.1455765822655884, 0.01071224868102096, 0.10881959014890713, 0.0393287466134322, 0.14124152084903546, 0.19284721231997717, 0.021497066672098754, 0.5049907314986454, 0.19801109164612657, 0.2584333177160783, 0.279170316351266, 0.10150536758265262, 0.004958902853883604, 0.15420341814181826, 0.017715823674400603, 0.2528340225295879, 0.10653174716343118, 0.18465324601250738, 0.1496773848566947, 0.2309346417877004, 0.20436026970320426, 0.1724666945061213, 0.11560036462895439, 0.076584811879978, 0.36542467050986943, 0.13638446965838952, 0.28184137621967364, 0.040954553787863356, 0.05898357132671977, 0.21490064370251166, 0.21480897720559777, 0.06243379641889552, 0.045215772748568986, 0.05479492167607097, 0.15234207899615002, 0.011485048175836711, 0.24346748894909453, 0.4571662830254018, 0.02981325497545375, 0.14529139760852294, 0.08861985903729808, 0.1516074738750484, 0.017364435436230674, 0.09976243099549816, 0.11458312114236825, 0.35732491699089447, 0.28557296653154346, 0.25342985475952823, 0.4224399584445214, 0.12022570328573466, 0.25803991566682283, 0.20272045792507792
0.09375827544763805, 0.18618229410686277, 0.6924487176875599, 0.09122471532460125, 0.26884892342791955, 0.2318793159642297, 0.10995396304821657, 0.07785541137886781, 0.1295069360982665, 0.006476492636124748, 0.26731350960461187, 0.30433658919150147, 0.0121037970300055, 0.3758186327432727, 0.1332283412438125, 0.03211255627304394, 0.18297396671487645, 0.12063438308447577, 0.253199415371453, 0.10737838911409424, 0.19697602411847384, 0.20305656841376218, 0.09395943248253244, 0.18156077488745392, 0.20020217555152675, 0.04759910166833024, 0.1121692367236357, 0.33289070298017964, 0.18285811044794362, 0.42397155283045773, 0.054715986637061786, 0.26786478173188566, 0.14571535515674972, 0.022900073333197532, 0.06580254018048115, 0.24804699435741787, 0.22608141003442586, 0.21745202786661505, 0.1521383756696747, 0.15396406673320975, 0.027300065185064473, 0.21903200179258928, 0.038185461693589454, 0.30986840765109697, 0.041813927196431115, 0.25711179238556964, 0.15447459819518852, 0.27356720172740423, 0.42197653337679003, 0.15055967488949096, 0.07842705383878919, 0.1651244627324764, 0.023411877940966774, 0.027084903546474914, 0.11224689861685441, 0.20006594895194638, 0.21186164470065796, 0.26799591574830417, 0.044735796785561506, 0.26806721191257055, 0.3231422256625451, 0.2914625389582612, 0.007528111059053594, 0.02875781711515349, 0.02521719867185431, 0.11677293190197796, 0.2927025829581797, 0.20444302417958485, 0.07413527937911227, 0.019300890183536697, 0.14851372960420445, 0.359414149233057, 0.009352528976798192, 0.24550070277647634, 0.15818836446599174, 0.2656265914322381, 0.06354652583976696, 0.005478346336395674, 0.15397807133690494, 0.11739550019351816, 0.3266637469189872, 0.010289564278584669, 0.06933806604061844, 0.015886313173494124, 0.16186139007149986, 0.012322778105966471, 0.04110860442851032, 0.500040740665295, 0.023539192520013852, 0.14467774133751604, 0.08849891018720335, 0.2458329938277892, 0.050869813204049624, 0.11196171395978896, 0.11534573547086024, 0.3149469862092848, 0.0867903485363916, 0.060954401010368496, 0.03511336090118351, 0.06043241123627549
0.18828935039009187, 0.011183312623495142, 0.03920779776333747, 0.03798048522132366, 0.1473437086227618, 0.14136883542808254, 0.19130161333034568, 0.5480166934876046, 0.12379942351958607, 0.36540684646880284, 0.06315821637367339, 0.37603379438186224, 0.051879417815892934, 0.1892582143366401, 0.11299296205007028, 0.14530794850379908, 0.07708006559247113, 0.014629718278299484, 0.1869474547269357, 0.12176111710904239, 0.31094930842720664, 0.07173794585565582, 0.3426633700678332, 0.3643272188384836, 0.1039014279603186, 0.2744711352386384, 0.4423863335438268, 0.07895031675867267, 0.05986204192214459, 0.02394023344401214, 0.3277471939866778, 0.26998711576460044, 0.20879972907457578, 0.18087582245218065, 0.051729186612617384, 0.011511784237436597, 0.11521842089181317, 0.01260668961724145, 0.035699007964800064, 0.2679780917072376, 0.00196446395469638, 0.35290328166058954, 0.09415040435110306, 0.20777739300482778, 0.009110631276608747, 0.1868901631663645, 0.07628816891079832, 0.1798929539019372, 0.042913925159397855, 0.22810825813285532, 0.11412478865779878, 0.06882244199547778, 0.005675683933918641, 0.4120803711474608, 0.10195733433826974, 0.0034960583406327024, 0.0793755474526899, 0.3069350797498523, 0.00914882565032287, 0.14158654335825305, 0.1631268969872278, 0.16906739524556436, 0.17729191705200545, 0.10610142388625206, 0.2417232792161496, 0.1736379886333544, 0.20268353669715428, 0.18352778513373125, 0.03900282129107168, 0.4055949664908028, 0.12100741480108371, 0.4512181458923224, 0.2952094070196166, 0.7830368601169257, 0.13892694180195964, 0.09509253223605141, 0.13508458780631888, 0.05653149253427309, 0.6079474852824347, 0.026210252388421503, 0.22666833024383287, 0.053260780998553706, 0.3138762705994989, 0.1274113381271516, 0.1269810148499725, 0.06944246399543705, 0.04194760750443055, 0.052636939561223034, 0.07370368295614267, 0.5155489295390193, 0.17116553950826016, 0.16050548980464852, 0.41223696807968874, 0.023036299932777903, 0.6903658511743497, 0.04592873439123261, 0.03989402334440122, 0.07505321749404167, 0.24325741989366687, 0.06365856266932839
0.013499164816361452, 0.18762731457904708, 0.1871600700739443, 0.012593958159336742, 0.19093749363427104, 0.020941975107453506, 0.23261392108533133, 0.10893290012425903, 0.5957953087123913, 0.08276338840113259, 0.0028582122996068525, 0.2648206901468701, 0.3514187936689006, 0.285463475993563, 0.3062514004603695, 0.06731631052535088, 0.03788627243282883, 0.004476380599295187, 0.0830549387871504, 0.16853267401356664, 0.060408221466256545, 0.0796938339003076, 0.11224689861685441, 0.07859510908313133, 0.38252938420484406, 0.13458806094803527, 0.010061671182090403, 0.2020469638019189, 0.15330075777637447, 0.08937865392841865, 0.15019810148499724, 0.1752396060377666, 0.24736968079688743, 0.024234330121610886, 0.14452496384265956, 0.03688685298730928, 0.16982873642826588, 0.5918969363019698, 0.002184718176447821, 0.2204451936200118, 0.09816845246582877, 0.18097385467804689, 0.03327111894237233, 0.060053013790715204, 0.41037817522560144, 0.0056056609154427495, 0.2146116396080748, 0.35714285714285715, 0.08364440528813835, 0.3419669593204457, 0.0020472184310769796, 0.10877121060886924, 0.12132442810291091, 0.009933083457252858, 0.07934626509950908, 0.5490593998900002, 0.4185059379519668, 0.39845771118942375, 0.16803360086370212, 0.5716411867755801, 0.07867149783055957, 0.06731376423376993, 0.3098403984437066, 0.39935273268012467, 0.007736906968690799, 0.41982873642826585, 0.33793872603939623, 0.3386071275793934, 0.06993007883318735, 0.10721288016133304, 0.2751280784665214, 0.10643626122914587, 0.13442764457843598, 0.20689510297203154, 0.1871740746776395, 0.027240227332912346, 0.24152466847283616, 0.007074871157646005, 0.09696151025646249, 0.19749801389256685, 0.3676386710394981, 0.011748589354464158, 0.2751051618422929, 0.053123281253182865, 0.08585458638039559, 0.20160900164999696, 0.5174675602452588, 0.1382929151983052, 0.19836502617587745, 0.222244148621947, 0.07150877961337108, 0.3566004970361166, 0.0026392312236458823, 0.09669669593204457, 0.18063265160620073, 0.05848959076001711, 0.5998439123260882, 0.2811729746796765, 0.08398051577682264, 0.22772249495834268
0.022987920392740013, 0.038468100059073966, 0.0796938339003076, 0.2799533010124055, 0.040957100079444295, 0.039621570145240474, 0.13715726915320528, 0.176963445438064, 0.2905395082601699, 0.07018088855391008, 0.05081379478926891, 0.1710904239066224, 0.013570460980627813, 0.15289335112342384, 0.17546367969688945, 0.009347436393636308, 0.07103262308773502, 0.4872609032205496, 0.07014014788861501, 0.04359760444888065, 0.15812216088488726, 0.11183312623495141, 0.688543979548186, 0.08056339247519911, 0.07150114073862826, 0.06809674889490945, 0.2731801654071011, 0.2516067099875741, 0.00024317084597991486, 0.32960089425760325, 0.3062755902303885, 0.25956259803222587, 0.1631179849666945, 0.005459249149538612, 0.23694770935609377, 0.49452929253834715, 0.152255505082398, 0.11678566335988266, 0.13605599804444807, 0.03198396854820639, 0.06527545782322626, 0.45121305330916056, 0.2263627752541199, 0.09260862479884296, 0.15086141044183252, 0.05302906846468803, 0.306163553400827, 0.15080029944388992, 0.033241836589191505, 0.10730454665824693, 0.338341040109185, 0.34830849850278056, 0.10367226171803386, 0.06142546495284268, 0.3967580615591453, 0.14149742315292008, 0.22977353282679105, 0.2694154733046791, 0.2513851826200322, 0.28553731844941027, 0.13028864761361553, 0.16120062740624555, 0.24833854474343567, 0.3345063249882871, 0.5030300869813205, 0.37568622558106374, 0.26254048603613694, 0.17764075899859444, 0.006160752480088, 0.36696899635371044, 0.17253035179564483, 0.23477572263755067, 0.11905822859587296, 0.14383109938685298, 0.3130398138151596, 0.36453219531074943, 0.12935925118657188, 0.09488373632641421, 0.05981493552789717, 0.06278518465706545, 0.5213481086146137, 0.35165305249434725, 0.2053240410665906, 0.04218950520461999, 0.02218965798211485, 0.09140932146421951, 0.04384968731539386, 0.008112484976879672, 0.0913049235094009, 0.05696945468619503, 0.7373347456763969, 0.24151193701493145, 0.08723085697989448, 0.5402925179768185, 0.16763637937707523, 0.38414118677558007, 0.2781085127620134, 0.04300431851052128, 0.08139857611374794, 0.19852544254547677
0.1732675032083274, 0.46468548206392213, 0.2255581471145424, 0.04366635432156607, 0.07773573567456357, 0.10873428938094559, 0.15241719459778777, 0.17786737894929824, 0.01996037970300055, 0.0017900429814018863, 0.33077982725957916, 0.38611710904239066, 0.128875455786193, 0.19393193253345828, 0.09421024220325518, 0.17849503982400033, 0.10937977429671426, 0.07012232384754843, 0.006667464504695362, 0.05021923570511906, 0.05493496771302275, 0.0007384245584730398, 0.21281650404351102, 0.1892365708582021, 0.36261483775030046, 0.5717341264182844, 0.34929773278197634, 0.008704497769448575, 0.013644303436475118, 0.13180623739585667, 0.276601108146096, 0.20545135564563768, 0.2612800717035709, 0.27481997718522744, 0.06860728035688823, 0.2493863437289931, 0.04167006172210792, 0.00048506854616935894, 0.08053538326780876, 0.1888189790389277, 0.32634036788820764, 0.13574916990894462, 0.2641357377115968, 0.0931166099692408, 0.3318925566804506, 0.41732318551261943, 0.14515644415473306, 0.2557100588702613, 0.20139893259456926, 0.5392001588885946, 0.22445687600578518, 0.5759622435884378, 0.03695942229736612, 0.2975889165020065, 0.04320674869120613, 0.006948829724389399, 0.034644843250290276, 0.5250707869059502, 0.07829082723920881, 0.3641757144894176, 0.7054908231651423, 0.4861303497586116, 0.04482109755352305, 0.4006908089059094, 0.09800294351306757, 0.5788586502617588, 0.1056863783585586, 0.1325663054327677, 0.0462686643172883, 0.07766189321871626, 0.2309168177466338, 0.21801093886863174, 0.09431336701228331, 0.029573903566845246, 0.2444529037909189, 0.029673208938501967, 0.18316111914607566, 0.05603751196757043, 0.129854504899065, 0.1820878572447088, 0.08554648509910166, 0.27846881302071663, 0.17957721374590047, 0.15591325293842048, 0.503834715120898, 0.23594319732741237, 0.11731911144608992, 0.5854828278095782, 0.17617791448534353, 0.020115703489437982, 0.08213700067222098, 0.5939963537104561, 0.015942331588274836, 0.05775116620154407, 0.03281660589517427, 0.0027843698437595484, 0.3772776578191522, 0.48141971033386977, 0.08143422419588112, 0.047986137988633354
0.037124931250127315, 0.014748120836813264, 0.16836334562343402, 0.11328196614450714, 0.3805381841885478, 0.11765649508056467, 0.23903057586930396, 0.22997850929905686, 0.1563703122771995, 0.21677726059766556, 0.1826493145383064, 0.6029198325558657, 0.11596321117923855, 0.39143249271760605, 0.06682614939601964, 0.2179078140596036, 0.2330773461530627, 0.44521399034446235, 0.15656510358314152, 0.6802036014748121, 0.0878610641461775, 0.33337831781793, 0.02753432401051109, 0.27783733270864314, 0.12926885783544845, 0.03618025707359801, 0.09406001099997963, 0.12279236519932371, 0.24715833859566927, 0.28496949542686034, 0.25774709213501457, 0.16739066223951438, 0.046777922633476604, 0.07149986759283779, 0.21772193477419485, 0.10361878959483409, 0.4763805992951865, 0.11459967203764437, 0.025666619135890488, 0.22217285245768065, 0.016443951029720315, 0.18747071764681916, 0.7262647430282536, 0.2580882952068607, 0.2478980362999328, 0.10487538449002873, 0.07758805076286895, 0.13684025585137805, 0.0795805239249557, 0.08235216231081054, 0.30956285266138395, 0.120624197918152, 0.0726100507221283, 0.25787440671406164, 0.002503004624065511, 0.3917495060194333, 0.003513882381699293, 0.1349789167057098, 0.01660182110773869, 0.17549423519586074, 0.16258453688048727, 0.2604996333340123, 0.33226813468863947, 0.033887321504960176, 0.5602847263245809, 0.17730082907253875, 0.3750993053716567, 0.335574494306492, 0.12449328797539264, 0.0213863029883278, 0.23085188731131978, 0.3850272962457477, 0.06030382351143794, 0.0738029883277994, 0.26995146768246725, 0.05917327004949991, 0.120167138579373, 0.39622206718135705, 0.0760882850216944, 0.35038881872440975, 0.17771714774602268, 0.42291102238699557, 0.011324631806237396, 0.3029730500499073, 0.1440131592348903, 0.07758295817970708, 0.008703224623658105, 0.07826027174023752, 0.45133782159662666, 0.19307128597910003, 0.42960522295329084, 0.40032159662667294, 0.15448605650730277, 0.1640244647695097, 0.16621427552911938, 0.03348246114359048, 0.13123841437330672, 0.2037657106190544, 0.20170448758428225, 0.348942525106435
0.6664599926666802, 0.11711795441119553, 0.022350074351714162, 0.09578766983764844, 0.1958505632396977, 0.17076577173005236, 0.14140702980179667, 0.036568566539691594, 0.0585774378195596, 0.23765557841559554, 0.042281171701533886, 0.1629703000549999, 0.03854194251492127, 0.12462824142918254, 0.2794453158420077, 0.21821464219510706, 0.3699583426697358, 0.13478539854555824, 0.06499536574932269, 0.2514806685543175, 0.05385788637428449, 0.23410604795176304, 0.12528900409443686, 0.1182294106862765, 0.011106923876066896, 0.2040661730256055, 0.1629091890570573, 0.1466651219164409, 0.09419369130797905, 0.02791626774765232, 0.02524902731661608, 0.04835280397628893, 0.24508565724878287, 0.07881154386751135, 0.049176529302723516, 0.10065235990303721, 0.2026771709682019, 0.13788041596219267, 0.24802917031635127, 0.13499928703835734, 0.30228809761463404, 0.1588338493817604, 0.06543205475545416, 0.20326663746918988, 0.25885854841009553, 0.16222678291336498, 0.22607886374284492, 0.23221288016133304, 0.06556700820924406, 0.2887889327982726, 0.18687615856266934, 0.4779325640137703, 0.2887545578619299, 0.1663479558371188, 0.04294448065836915, 0.25135208082947996, 0.03553859159520075, 0.0741034507343505, 0.30368219225519955, 0.22183801511478682, 0.11117490986127804, 0.01243990751868978, 0.2411312664235807, 0.14956662117292374, 0.06404050640646962, 0.1494125705322768, 0.32583110957201933, 0.011468497280560591, 0.06968436169562649, 0.06107407671467275, 0.144025890692795, 0.012045232323643846, 0.20656917764967103, 0.21584022529587907, 0.15660202481106517, 0.34666614043307326, 0.07575217453301013, 0.13858191929274205, 0.12980867165060805, 0.1803296429080687, 0.1014060622109959, 0.06679559389704834, 0.1811037155486749, 0.05365418304780917, 0.057406143692326494, 0.2273418243669919, 0.0076350553054531384, 0.4284173779307816, 0.0783302947587134, 0.25028263836548453, 0.17013047198060743, 0.11746425006620358, 0.21396233525493472, 0.010312480902813143, 0.10652028885131694, 0.5369772463384327, 0.04673718196818154, 0.3959088733169013, 0.36831471145423805, 0.09484808824428102
0.006869894685380212, 0.23807062394328898, 0.053206035729563464, 0.04713185716322747, 0.2717504226844024, 0.052839369741907886, 0.38568678576521154, 0.142481564848954, 0.18046332321606812, 0.010858660446925099, 0.1560482063922104, 0.3834231325497545, 0.03808488317614227, 0.17687814467010246, 0.0451368377095598, 0.019277973559308225, 0.045717392190014465, 0.09171869589130391, 0.09239473630604388, 0.20488735206045916, 0.27358757206005174, 0.16425617730337536, 0.08422368662280255, 0.24707049153612679, 0.07616340062333218, 0.10313244790287425, 0.08982807439245483, 0.08454961194516307, 0.00436434376973376, 0.11430812165162657, 0.2282559430445499, 0.079654366380803, 0.00446492228718095, 0.02578884113177568, 0.148358405817767, 0.280890336314192, 0.03557678596891487, 0.33336685950581574, 0.07316896172414496, 0.07286977246338433, 0.11580406795542972, 0.09151499256482859, 0.13218945427878837, 0.06923366808579984, 0.10159066835061417, 0.0888541178627447, 0.4099758611558127, 0.012344421584404474, 0.07429569574871157, 0.09032332810494795, 0.009286325395693712, 0.020822299403149253, 0.005921401071479497, 0.003419669593204457, 0.13632972438939928, 0.0791018211077387, 0.09791000387036321, 0.018558646187692245, 0.2333688965390805, 0.13717636634006233, 0.17913288586502618, 0.30110407202949624, 0.12482303273512456, 0.03198651483978733, 0.08091860015074046, 0.07923295512415718, 0.0072582041514737934, 0.22155792304088326, 0.13115947933429753, 0.06677776985598174, 0.22230653276568008, 0.01878399299260557, 0.07586930394573344, 0.05410233036605488, 0.017771842089181315, 0.12338692428347355, 0.026886292803161474, 0.33162774235603265, 0.11687860300258703, 0.10395235379193742, 0.14391385386323358, 0.19947902874253937, 0.2851286386506692, 0.27438328817909596, 0.028262563402660364, 0.30937951966755617, 0.08821754496750932, 0.10158175633008087, 0.07863712289421686, 0.05076541524923102, 0.459311533682345, 0.17214204232955124, 0.5455786192988531, 0.5206211423682549, 0.18953957955633416, 0.01521027275875415, 0.13697520930516796, 0.2330544295288342, 0.2158822391069646, 0.03119079872074311
0.32668539039742517, 0.06688344095659082, 0.1114244464362103, 0.05716551913792752, 0.3639541871218757, 0.06684779287445763, 0.058652553421197365, 0.03897735837526227, 0.18274225418101078, 0.1268422419588112, 0.004741194923713104, 0.46618906724246806, 0.04672190421869589, 0.07420530239758816, 0.35480026888839095, 0.21928917724226438, 0.05620938664928398, 0.1581947301949441, 0.12085209101464627, 0.24188114929416799, 0.17999735185675583, 0.12178148744168993, 0.037278981890774276, 0.26797936485302803, 0.07131780774480047, 0.23869828481799107, 0.03119207186653358, 0.001301154997861115, 0.022492666680246888, 0.04805488786131878, 0.10983683363549326, 0.005009828685502434, 0.047327921614959974, 0.2433745493063902, 0.07417983948177874, 0.027249139353445643, 0.05704966287099468, 0.1305598276669858, 0.09640514554602676, 0.03825166527469394, 0.19373714122751626, 0.09816335988266689, 0.1670099916481636, 0.12204884805768879, 0.015318490150944166, 0.20800528610132205, 0.0754962722291255, 0.17161241368071542, 0.008807622578476707, 0.4018391864089141, 0.38314558676743193, 0.22487446782505957, 0.23110269703204253, 0.1500618748854169, 0.026848098429447353, 0.1132093968344503, 0.35248441669552466, 0.13713944511213869, 0.04438695483897252, 0.14798537410115908, 0.04751762033774012, 0.29762965716730155, 0.14976268562465625, 0.35610651646941394, 0.10656484895398342, 0.2950248008799984, 0.09105793322604958, 0.3856167627467357, 0.021936301969811167, 0.2292362653032124, 0.05097039172149681, 0.06741179645963619, 0.06606480821331813, 0.39631882626143283, 0.06418691817237375, 0.09418859872481718, 0.23734620398851114, 0.12947892689087612, 0.29545257786559653, 0.37964698213521825, 0.1846965329693834, 0.038502474995416675, 0.20540042981401888, 0.1459076001711108, 0.4006857163227476, 0.09814680898739077, 0.04144216862561366, 0.10123800696665376, 0.2823595465563953, 0.0391021266627284, 0.11253717585708174, 0.2915402008514799, 0.17942188995946304, 0.1667451773237457, 0.11052687865392842, 0.18136089099835, 0.25244062048033244, 0.2021768246725469, 0.08794763805992951, 0.06486677802448514
0.08881210405165917, 0.21936301969811167, 0.028969159316371635, 0.0575843841029924, 0.12553472123199771, 0.25486469006538875, 0.08312623495141676, 0.2148726344951213, 0.06764987472245422, 0.09782215681082072, 0.10294402232588458, 0.2589069279501334, 0.08423641808070725, 0.012047778615224786, 0.31319004501843517, 0.015093143346030841, 0.13217290338351226, 0.0648986066692469, 0.1082199384815954, 0.0027690920942738994, 0.10373464586176692, 0.015431800126296063, 0.2143455521378664, 0.17181611700719074, 0.06499791204090363, 0.047890652054348046, 0.1355416471450979, 0.3678856613228494, 0.000500346295655008, 0.16598383614104417, 0.11233347253060642, 0.02734207899615001, 0.2703448697317227, 0.15813234605121101, 0.05142490476869487, 0.1058557067486912, 0.18917927929763093, 0.016880640035851786, 0.1086642663624697, 0.023329123464586175, 0.053682192255199525, 0.10339344278992076, 0.13521954126010877, 0.21493629178464485, 0.17924364954879712, 0.04339135483082439, 0.0219261168034874, 0.031547279542074924, 0.41038199466297287, 0.09324901713144976, 0.08569926259395816, 0.10788000855553971, 0.013365484508362021, 0.02722876902079811, 0.21844508158318227, 0.11601541015664786, 0.06284629565500804, 0.18598750280092075, 0.007861675256156933, 0.14427797355930821, 0.20226085229471796, 0.11496633802529996, 0.062494907416838115, 0.10883104846102137, 0.23809863315067936, 0.03350410462202848, 0.15654218695891303, 0.08601882218736633, 0.10473788474465788, 0.2017592328532725, 0.14234024566621173, 0.2816173025605508, 0.14870979405593693, 0.07768608298873521, 0.09096372043755474, 0.3553719113483123, 0.09437193171864497, 0.03935420952924161, 0.07309257297671672, 0.04928983927807541, 0.11389307612393311, 0.3511399747407875, 0.059701625552545275, 0.21526603654437676, 8.275447638059929e-5, 0.3030774480047259, 0.03597018801817033, 0.09169832555865637, 0.03193176957079709, 0.2297493430567721, 0.12964698213521827, 0.2512018496262044, 0.038618331262349516, 0.034590097981300034, 0.05142999735185676, 0.0210641971033387, 0.04379748833798456, 0.18043658715446823, 0.053694923713104234, 0.06978112077570227
0.014023700882035403, 0.12309155446008434, 0.03951717219042187, 0.13714071825792915, 0.1006918274225418, 0.20674232547717505, 0.24017513393493717, 0.24589792426310322, 0.06462742661587664, 0.027827147542319366, 0.056699547778615224, 0.032522509217575525, 0.038790205944063065, 0.05146946487136135, 0.07440391314090158, 0.3507580310036463, 0.2216483163920067, 0.07578909576093378, 0.07842323440141777, 0.15145724267177282, 0.07639002057403597, 0.016993950011203685, 0.20342450754720826, 0.071730306980913, 0.34901636756228227, 0.03210491739830111, 0.11306807765170805, 0.02126917357560449, 0.06975565785989285, 0.23719851907681652, 0.09020237925485323, 0.029671935792711494, 0.1389154834898454, 0.04887352060459147, 0.11247224542176774, 0.1851090322054959, 0.10084842435476972, 0.03815235990303722, 0.05364272473569493, 0.07539696685746879, 0.02143340938257522, 0.020910146462691737, 0.03990802794809639, 0.05620938664928398, 0.046979079668370984, 0.0836507710170907, 0.1389320343851215, 0.009885977063005438, 0.243925821433664, 0.3574916990894461, 0.2543134179381149, 0.03798939724185696, 0.20616686357988226, 0.2677973050049907, 0.3097105375730786, 0.1534178871890978, 0.20560540628628465, 0.04383313642011774, 0.16630212258866187, 0.08648224725509768, 0.053017610152573794, 0.11215523211994052, 0.030460013037012894, 0.16125791896681674, 0.033633965492656494, 0.25187916318673487, 0.04395790470758387, 0.35429864944694545, 0.06942082051699905, 0.11766668024688844, 0.24947546393432604, 0.07183088549836018, 0.20914093214642196, 0.06650531665682101, 0.035679910777943004, 0.10679528834205862, 0.15537216597747042, 0.08403780733739381, 0.03562516550895276, 0.11677293190197796, 0.22079148927501985, 0.15751996292599457, 0.07991281497626856, 0.02514462936179748, 0.2470093805381842, 0.07544152696013526, 0.0966126683098735, 0.0005614572935976045, 0.10809007761096738, 0.256333900307592, 0.11661251553237864, 0.22687457986188914, 0.29489494000937033, 0.16356740543073067, 0.09125527082357254, 0.07039986962987106, 0.020504012955531562, 0.028119971074127642, 0.14668803854066936, 0.04628776150414536
0.1600356990079648, 0.020558758224521807, 0.1491553950826017, 0.07018343484549103, 0.05876586339654927, 0.04711275997637041, 0.0011649283982807439, 0.1554892953901937, 0.006178576521154591, 0.15901972866716912, 0.16232099570185982, 0.22036116599784075, 0.013290368906724246, 0.05277316616080341, 0.10136150210832943, 0.05652894624269214, 0.048169470982461146, 0.004575685970951906, 0.2068136216414414, 0.10242330569758204, 0.05643727974577825, 0.08501303701289442, 0.13192845939174186, 0.04070756350451203, 0.08215100527591615, 0.08328792446680654, 0.12344930842720661, 0.17066519321260515, 0.07254130084944287, 0.06290740665295064, 0.13716618117373858, 0.032877716893116866, 0.14577773930048277, 0.03385294656861747, 0.022367898392780753, 0.09194913527937912, 0.1591686867246542, 0.2457031329571612, 0.06566885987248172, 0.15896880283555032, 0.0037583263734696786, 0.06929859852111385, 0.06984350491943533, 0.0003513882381699293, 0.2753228697724634, 0.040199578334114194, 0.15348791020757369, 0.1615329184575584, 0.06250509258316188, 0.10736438451039905, 0.09383721048664724, 0.0041670061722107925, 0.05597640096962783, 0.07573180420036259, 0.14658746002322218, 0.09092425291805015, 0.14463445438064004, 0.10414969138946038, 0.2609019474038011, 0.008390030759202298, 0.04744759731926422, 0.13161144608991465, 0.07168574687824653, 0.11342710476462081, 0.10641079831333645, 0.05415325619767371, 0.15912412662198774, 0.047063107290542056, 0.16340316962375995, 0.10620582184107066, 0.18159005724063473, 0.07478713002383329, 0.099050742498625, 0.03918106170173759, 0.05246633802529995, 0.16480490313906826, 0.20866222932920495, 0.009544773991159276, 0.05434168177466338, 0.12522280051333237, 0.0812738078262818, 0.00948620928479762, 0.014242681957996373, 0.0495342832698458, 0.12960369517834225, 0.09333049846203989, 0.09687748263429141, 0.030913252938420486, 0.004785755026379581, 0.3168834409565908, 0.024070094314640158, 0.27327055875822454, 0.016708765354138233, 0.0011521969403760362, 0.011921737181968182, 0.10367226171803386, 0.02193884826139211, 0.07640402517773115, 0.1270370332647532, 0.012297315190157055
0.004237029190686684, 0.09988210669980241, 0.023187804281843923, 0.01861593774826343, 0.19732486606506283, 0.005207166283025402, 0.003622099773889308, 0.00874651158053411, 0.057441791774459676, 0.048478845409545536, 0.05687142246032878, 0.012234931046423989, 0.07361838218818113, 0.016415941822329957, 0.11430557536004562, 0.26772218940335296, 0.054210547758244895, 0.1062172801531849, 0.0048786946690839465, 0.10819065612841458, 0.0028836752154162678, 0.16806033692530198, 0.05953611659978408, 0.010989794463343586, 0.08272137459004705, 0.09852620643295106, 0.060641207145912694, 0.02738409280723554, 0.19340485017620337, 0.05622211810718869, 0.14233515308304984, 0.144396376117822, 0.03253524067548023, 0.2952654254343973, 0.12307754985638915, 0.05167062190625573, 0.13749974537084192, 0.07330646146951579, 0.06533911511274978, 0.26549673056161005, 0.15227332912346458, 0.05016449043612882, 0.09162448310280907, 0.10455582489662056, 0.1453283188364466, 0.05513612474791713, 0.11634133547900838, 0.04956738506039804, 0.28983036605487766, 0.012209468130614572, 0.0525643702511662, 0.08068561447108431, 0.13934962620439592, 0.06195382045588804, 0.039020645332138275, 0.06162662198773706, 0.03810907294616121, 0.01808121651626571, 0.06754802305921656, 0.1509008779613371, 0.06820623943288993, 0.126806593876678, 0.17803670733943086, 0.3338824835509564, 0.048379540037888816, 0.040148652502495365, 0.21414057566560063, 0.30408577947077875, 0.08997193986677803, 0.07140692795013343, 0.03199288056873969, 0.05672501069442464, 0.019617903485363915, 0.12784420769591168, 0.08584949379723371, 0.08632183088549836, 0.021862459513963862, 0.02007496282414292, 0.008261443034364751, 0.11942998716669043, 0.0997866207655171, 0.12497453708419058, 0.15499658796928154, 0.18911689515389787, 0.11047340653072865, 0.06720427369578945, 0.02336604469250983, 0.1439647796948524, 0.16230062536921228, 0.07782358273410604, 0.06171064960990813, 0.07194674176529303, 0.18441134831231795, 0.041107331282719844, 0.06985241693996863, 0.016527978651891387, 0.02795318897557597, 0.20445702878328004, 0.012867684504287954, 0.16291555478600966
0.1178118188670021, 0.04161531645311768, 0.07903561752663421, 0.10823394308529058, 0.13443273716159784, 0.13158471002831476, 0.08281431423275142, 0.07163864048399911, 0.0003513882381699293, 0.05075013749974537, 0.03184901509441649, 0.0099050742498625, 0.05867165060805443, 0.08948687132060866, 0.09826775783748548, 0.06915091360941925, 0.10079622537736041, 0.09610213684789473, 0.07017197653337678, 0.048053614715528305, 0.08505377767818949, 0.01344696583895215, 0.16605003972214866, 0.07529511519423113, 0.12474791713348679, 0.021508524984212993, 0.2583238271780978, 0.03295537878633558, 0.0999393982603736, 0.07989753722678292, 0.06643911307571652, 0.17468960705628322, 0.14363376178933002, 0.08149915463119513, 0.023515002749994907, 0.07781339756778229, 0.170824336436414, 0.048091809089242425, 0.09187401967774134, 0.09141823348475281, 0.08039279093927604, 0.15262471736163452, 0.1703329021612923, 0.05287247153246012, 0.05205765822655884, 0.1199188751502312, 0.05543404086288729, 0.05729028742539366, 0.10284217066264692, 0.005109134057159154, 0.00021006905542767513, 0.11281217534782342, 0.0334073455419527, 0.1195356582672995, 0.22283361512293495, 0.1407780957813041, 0.028784553176753377, 0.046106974801898515, 0.12176620969220428, 0.017113625715507935, 0.08330065592471125, 0.0074364445621397, 0.15270110610906276, 0.1047582550773054, 0.08377553930455685, 0.06450138518262004, 0.08209371371534498, 0.0447536208266281, 0.2609885213175531, 0.11240476869487279, 0.18896921024220326, 0.2267370801165183, 0.020418712187570024, 0.12102141940477888, 0.03134739565297101, 0.14476431525126807, 0.054011937014931455, 0.08732506976838932, 0.09058432299199445, 0.020973803752215275, 0.27321963292660567, 0.03642852050273981, 0.03829113279419853, 0.1344009085168361, 0.08276593469271354, 0.008071744311584608, 0.12756920820516998, 0.06122176162636736, 0.12127604856287304, 0.03705618137744189, 0.10657248782872625, 0.15148270558758226, 0.017456101933144567, 0.01878526613839604, 0.20433480678739485, 0.1550029536982339, 0.18374040048073986, 0.18316875802081847, 0.03862597013709234, 0.0944139455297305
0.17533636511784237, 0.049818194781120775, 0.02821927644578436, 0.1109979425964026, 0.11279307816096637, 0.09248640280295778, 0.15544855472489866, 0.04222006070359129, 0.08572472550976758, 0.13122440976961153, 0.08958744983805586, 0.13994036585117434, 0.0757929151983052, 0.11434504287955022, 0.12671365423397363, 0.0519328899390927, 0.04935349656759895, 0.11620383573363753, 0.09443686215395898, 0.14628827076246156, 0.11999526389765945, 0.015296846672506161, 0.09264299973518568, 0.20430043185105212, 0.11331888737243079, 0.09021765700433888, 0.04827641522886069, 0.09005469434315862, 0.0785225397730745, 0.13449384815954044, 0.06030764294880935, 0.10890998350003056, 0.09283142531217535, 0.006338992890753906, 0.17404539528630503, 0.11378103929437168, 0.07269025890692796, 0.11760938868631725, 0.06941318164225622, 0.06706168136725672, 0.14717565337841967, 0.03484727343097513, 0.14793317512374976, 0.06269861074331344, 0.1809865861359516, 0.15109566926727913, 0.02313433215864415, 0.12402349717870893, 0.12609617852559532, 0.0003170133018272188, 0.05337663726548655, 0.15354520176814487, 0.0685168870057648, 0.007666883950214907, 0.05440915850155833, 0.0726189627426616, 0.1436082988735206, 0.1481890774276344, 0.07798909168686724, 0.04300177221894034, 0.008434590861868775, 0.08089822981809293, 0.017522305514249048, 0.19364674787639283, 0.16080467906540913, 0.10274413843678067, 0.04365107657208042, 0.15292645291397608, 0.18492315292008718, 0.13595287323541994, 0.12913899696482042, 0.04487075023935141, 0.000980322258662484, 0.04417433949196391, 0.050319814222566255, 0.049735440304740176, 0.09643570104499806, 0.005050569350797498, 0.13650923794585565, 0.08616523395327046, 0.04583452160273777, 0.2130876840968813, 0.028563025809211464, 0.09341070664683954, 0.07467509319427186, 0.011553798048522133, 0.07068250799535557, 0.04601530830498462, 0.12005764804139252, 0.06003646289543908, 0.09148443706585728, 0.005034018455521379, 0.013258540261962479, 0.0685436230673647, 0.06388390947424172, 0.06895102972031533, 0.05858125725693101, 0.05380696054266566, 0.1323626021062924, 0.07498828705872766
0.1221481534293455, 0.05814838768817095, 0.05196089914648306, 0.04562190625572916, 0.00851097960929702, 0.09777759670815424, 0.07608191929274205, 0.08072380884479843, 0.10137805300360554, 0.0952758652298792, 0.025358517854596564, 0.10207955633415494, 0.02922888105762767, 0.0886580534110122, 0.10712503310179056, 0.0031115683119105333, 0.05341865107657208, 0.061233219938481596, 0.08759370353017865, 0.06437789004094437, 0.14433399197408894, 0.00946838524373103, 0.06367638671039498, 0.07275391619645148, 0.11051669348760465, 0.07343377604856287, 0.09163466826913283, 0.08843016031451793, 0.09637204375547452, 0.033008850909535356, 0.05738068077651708, 0.009395815933674197, 0.02600654906194618, 0.06240069462834328, 0.11446089914648307, 0.08033549937870485, 0.16681138090485018, 0.016946843616956263, 0.16773950418610337, 0.08025529119390519, 0.07672613106272025, 0.023642317329041984, 0.06051516571265609, 0.145616049785093, 0.11133914566824876, 0.09857331282719847, 0.003572447088060948, 0.05290175388564095, 0.012430995498156485, 0.052090760017111076, 0.05523033753641197, 0.008547900837220672, 0.029188140392332605, 0.06822279032816606, 0.007898596484080585, 0.059883685400582594, 0.052774439306593875, 0.02753050457313968, 0.08022218940335296, 0.07749383797437412, 0.04129575685970952, 0.0028798557780448553, 0.06830554480454666, 0.000500346295655008, 0.05278971705607952, 0.018175429304760547, 0.0669101770181907, 0.09760826831802163, 0.06945137601597035, 0.08426697357967855, 0.05663207105172027, 0.07799927685319101, 0.09686984375954859, 0.05580070685054287, 0.08829393371493756, 0.10713012568495243, 0.12868448391762238, 0.08100517406449248, 0.13531757348597503, 0.003298720743109735, 0.09651590922979772, 0.012297315190157055, 0.011999399075186898, 0.10807861929885315, 0.15714311177201523, 0.034641023812918864, 0.011473589863722475, 0.14663965900063147, 0.040865433582530405, 0.020793017049968426, 0.004063881363182661, 0.03578685502434255, 0.22328048929539018, 0.02321708663502475, 0.04791356867857652, 0.004189922796439266, 0.02504405084435029, 0.08430134851602127, 0.048411368682650585, 0.005934132529384205
0.06719536167525615, 0.06339120205332953, 0.040692285755026376, 0.0878177771893015, 0.09702771383756696, 0.036322849402130736, 0.0859067853578049, 0.019885264101362776, 0.0, 0.02647379356704895, 1.2731457904707585e-6, 0.013948585280397628, 0.0, 0.03145052046199914, 0.017333879937259374, 0.028298211484793546, 0.07317532745309731, 0.06185451508423132, 0.00392892790939276, 0.00695010287017987, 0.12305208694057974, 0.06645184453362124, 0.024403658511743496, 0.005377767818948483, 0.051240298629076614, 0.06669119594222973, 0.013602289625389582, 2.546291580941517e-6, 0.053026522173107084, 0.02238190299647593, 0.0, 0.0, 0.01547636022896254, 0.0, 0.004932166792283718, 0.046017854596565565, 0.04195906581654479, 0.04436785765211546, 0.014527866615061825, 0.14505204619991444, 0.002103236845857693, 0.027662911735348638, 0.07182961235256971, 0.027012334236418082, 0.02038179095964637, 0.02475759304149437, 0.056697001487034285, 0.02478050966572284, 0.046094243343993806, 0.11308080910961275, 0.04596692876494673, 0.08150552036014748, 0.07895031675867267, 0.02484544010103685, 0.028127609948870466, 0.04193105660915443, 0.08586604469250983, 0.027344625287730948, 0.014946731580126703, 0.029139760852294718, 0.026077845226212544, 0.019946375099305372, 0.04597074820231815, 0.008154498787965208, 0.11004435639934, 0.07476548654539529, 0.1408786742987513, 0.14310540628628465, 0.06036493450938054, 0.1388887474282455, 0.12944455195453342, 0.15398698335743824, 0.06977730133833085, 0.02581939663074698, 0.15926926524210142, 0.12181076979487075, 0.02088722983846326, 0.003325456804709621, 0.015407610356277118, 0.06502846753987493, 0.08865678026522174, 0.1328107494245381, 0.10996287506874987, 0.1031133507160172, 0.11319793852233608, 0.07480622721069036, 0.13813377197449633, 0.02452588050762869, 0.030072976716709783, 0.010168615428489947, 0.09951289442056589, 0.12386944653806196, 0.0380530545313805, 0.07959707482023182, 0.03917214968120429, 0.03651509441649182, 0.07071306349432686, 0.08854983601882219, 0.016415941822329957, 0.03576139210853313
0.08542171681163553, 0.09143478438002893, 0.02903790918905706, 0.03317181357071561, 0.007976258377299301, 0.07895158990446315, 0.00023680511702756107, 0.0, 0.0, 0.018375313193864456, 0.0, 0.026135136786783728, 0.0, 0.0, 0.017873693752418977, 0.0, 0.0, 0.012984813917011265, 0.012804027214764417, 0.03722169033020309, 0.03526613839604001, 0.002991892607606282, 0.025722637550671203, 0.01344696583895215, 0.06607499337964189, 0.049232547717504224, 0.03100364628954391, 1.2731457904707584e-5, 0.007338412336273452, 0.007626143284919843, 0.0, 0.0, 0.0, 0.0, 0.023120327554948972, 0.0019810148499725, 2.546291580941517e-6, 0.0, 0.0, 0.007656698783891141, 0.0907396467784319, 0.017347884540954553, 0.0, 1.52777494856491e-5, 0.0025628424762176366, 0.07675795970748202, 0.0640112240532888, 0.004001497219449594, 0.09315480434295492, 0.07646895561304516, 0.18881770589313723, 0.11818103114623862, 0.07535495304638325, 0.0872652319162372, 0.04426982542624921, 0.13032429569574872, 0.0721478988001874, 0.05171263571734126, 0.0, 0.0038665437656596933, 0.0, 0.0373693752418977, 0.0, 0.0, 0.013711780163370067, 0.04087816504043511, 0.0680776517080524, 0.03850629443278809, 0.016321729033835122, 0.06254710639424742, 0.05668936261229146, 0.0194358436373266, 0.008940029740685666, 0.02647252042125848, 0.08440956590821128, 0.20609047483245402, 0.05015939785296694, 0.07354072029496242, 0.006417927929763093, 0.11177838096596117, 0.07682925587174838, 0.042543439734370865, 0.09109485445397324, 0.13817069320242, 0.08714555621193294, 0.0876739117149783, 0.15645943248253244, 0.1576892913161272, 0.0816837607708134, 0.00695010287017987, 0.06436897802041107, 0.004149182131144202, 0.17390407610356276, 0.07704314436454747, 0.03786462895439083, 0.08660446925098286, 0.14286732802346663, 0.006578344299362409, 0.0709116742376403, 0.0
0.0, 0.01302810087388727, 5.092583161883034e-6, 3.437493634271048e-5, 0.033698895927970506, 0.11825360045629545, 0.06951885274286529, 0.0, 0.0, 0.00014513862011366645, 0.0, 0.00010949053798048522, 0.0, 0.0, 0.0, 0.0, 0.0, 0.0, 0.012057963781548553, 3.819437371412275e-6, 0.0, 0.009650445091768349, 0.006948829724389399, 0.0, 0.026336293821678108, 0.04779516612006274, 0.006822788291132794, 0.036543103623882175, 0.05030580961887108, 0.0, 0.0, 0.0, 0.0, 0.0, 0.027289880018740706, 0.0, 0.0, 0.0, 0.0, 0.0019873805789248538, 0.00402823328104948, 0.0, 0.0, 0.0, 0.0, 0.0, 0.02326673932085311, 0.01185171416349229, 0.023550650832128088, 0.021465238027336988, 0.0024215232934753825, 0.03536289747611578, 0.07510541647145098, 0.09510780998553707, 0.10165941822329959, 0.0062829744759731925, 0.05347976207451468, 0.07488006966653765, 0.0, 0.0005525452730643091, 0.0, 0.0, 0.0, 0.0, 8.912020533295308e-6, 0.005058208225540323, 0.006685288545761952, 0.01927415412193681, 0.006131470126907172, 5.092583161883034e-6, 0.00520334684565399, 0.0, 0.019754130084944286, 0.009950907498319448, 0.024117200708887575, 0.06387372430791795, 0.0008721048664724695, 0.06399976574117455, 0.07055264712472754, 0.06080416980709295, 0.03386567802652218, 0.05643982603735919, 0.003487146320099407, 0.0036233729196797782, 0.0001616895153897863, 0.0070965146360840075, 0.007460634332158644, 0.0445270008759243, 0.0, 0.0, 1.655089527611986e-5, 0.06571469312093867, 0.09326302173514493, 0.056648621946996394, 0.0869469454686195, 0.03699252408791836, 0.018022651809904054, 0.051093886863172476, 0.0027958281558737854, 0.0
0.0, 0.0, 0.0, 0.008162137662708032, 0.000832637346967876, 0.041773186531136056, 0.08643514086085026, 3.819437371412275e-6, 0.0, 0.0, 0.0, 0.0, 0.0, 0.0, 0.000495253712493125, 0.0, 0.0, 0.0, 0.005783901326108655, 0.0, 0.0, 0.018604479436149193, 0.0015341406775172639, 0.0, 0.00011840255851378054, 0.0416624228473651, 0.1122825466989876, 0.028783280030962907, 0.012088519280519851, 0.0, 0.0, 0.0, 0.0, 0.0, 0.0, 0.0, 0.0, 0.0, 0.0, 0.0, 1.2731457904707585e-6, 0.0020510378684483917, 0.0, 0.0, 0.0, 0.0, 0.0, 0.0001349534537899004, 0.0008504613880344666, 0.06516978672261718, 0.09628419669593205, 0.036083497993522236, 0.07647532134199751, 0.07764152288606872, 0.04602803976288933, 0.014591523904585362, 0.06498645372878939, 0.03470977368560429, 0.0013533539752704161, 0.042666934876046524, 0.0, 0.0, 0.0, 0.022973915789044834, 0.0, 0.0, 0.0, 0.0, 0.008420586258173596, 0.0, 2.546291580941517e-6, 0.0, 0.0, 0.0, 0.013811085535026787, 0.005209712574606343, 0.02251176386710395, 0.008382391884459474, 0.035967641726589394, 0.08616014137010858, 0.009733199568148948, 0.031086400765924508, 0.020684799657778412, 0.07827809578130411, 0.0004074066529506427, 1.7824041066590616e-5, 0.004820129962722291, 0.010716068118392373, 0.0, 0.0, 0.0, 0.0, 0.07666120062740625, 0.004449644537695301, 0.0492121773848567, 0.05930949664908028, 0.07978295410564054, 0.08818571632274755, 1.52777494856491e-5, 0.0
0.0, 0.0, 0.0012336782709661649, 0.029081196145933064, 0.0, 0.0003730317166079322, 0.04126520136073822, 0.0021567089690574647, 0.0, 0.0, 0.0, 0.0, 0.0, 0.0, 0.0, 0.0, 0.0, 0.0, 0.0, 0.0, 2.1643478438002892e-5, 0.0012043959177853373, 0.0010299749444908435, 0.0, 0.0, 0.02107056283229105, 0.030654804342954922, 9.548593428530687e-5, 0.0, 0.0, 0.0, 0.0, 0.0, 0.0, 0.0, 0.0, 0.0, 0.0, 0.0, 0.0, 0.0, 0.01060912387199283, 0.015599855370638202, 0.0, 0.0, 0.0, 0.0, 0.03458245910655721, 0.006512140718257929, 0.08553502678698743, 0.06802417958485261, 0.025512568495243526, 0.01269326353099346, 0.031866839135483084, 0.0693444317695708, 0.03455954248232874, 0.03895826118840521, 0.029036636043266586, 0.0006123831252164347, 0.05215823674400603, 0.0, 0.0, 0.018980057444338064, 0.02392368254873602, 0.005323022549958241, 0.0, 0.0, 0.0, 0.0, 0.0, 0.0, 0.0, 2.8009207390356684e-5, 0.00011458312114236826, 0.00014513862011366645, 0.0009077529486056507, 0.0017760383777067079, 0.022954818602187774, 0.016442677883929845, 0.0009395815933674196, 0.00020115703489437982, 0.002002658328410503, 0.03365433582530403, 0.07514743028253651, 0.006170937646411766, 0.001638538632335866, 1.7824041066590616e-5, 4.074066529506427e-5, 0.0, 0.0, 0.0, 0.0, 0.0048595974822268845, 0.0053039253631011795, 0.08698513984233362, 0.09200897313153124, 0.0025743007883318736, 0.10439795481860219, 0.0, 0.00872868753946752
0.003251614348862317, 0.0, 6.365728952353792e-6, 3.692122792365199e-5, 0.0, 0.0, 0.00011840255851378054, 0.03412539976777821, 0.0006289340204925546, 0.0, 0.0, 0.0, 0.0, 0.0, 0.0, 0.0, 0.0, 0.0, 0.01811304516102748, 8.912020533295308e-6, 0.0, 0.02958154244158807, 0.0, 0.0, 0.0, 0.0, 0.0020790470758387486, 0.0, 0.0, 0.0, 0.028900409443686215, 0.0, 0.0, 0.0, 0.0, 0.0, 0.0, 0.010564563769326353, 0.0, 2.546291580941517e-6, 0.0, 7.00230184758917e-5, 0.021060377665967286, 0.021377390967794504, 0.0, 0.01215344971583386, 0.0, 0.07311421645515472, 0.009985282434662159, 0.04021485608359984, 0.0062154977490782425, 0.022619981259293966, 0.08962564421176998, 0.06830681795033713, 0.010731345867878023, 0.006340266036544377, 0.0712554236010674, 0.008611558126744209, 0.12210613961825996, 0.06736469006538877, 0.06083345216027378, 1.0185166323766068e-5, 0.017467560245258806, 0.025759558778594854, 0.0, 0.0, 0.0, 0.0, 0.0, 0.0, 0.0, 0.0060156138599743334, 0.04308198040373999, 0.0010159703407956653, 0.002137611782200403, 0.002929508463873215, 0.003702307958688965, 0.002090505387952985, 0.0031319386445580657, 0.0014399278890224276, 0.0008950214907009432, 0.02414011733311605, 0.0007626143284919843, 0.0005843739178260781, 0.0019173575604489622, 0.004206473691715386, 0.0013113401641848812, 0.0, 0.0, 0.0, 0.0, 0.0, 0.0024266158766372654, 0.05666262655069157, 0.032190218166262656, 0.061722107922022366, 0.12268924039029558, 0.04636796968894502, 0.06598205373693752, 0.029456774154121936
0.012573587826689209, 1.7824041066590616e-5, 0.00017824041066590618, 0.0075370230795868895, 0.0, 0.0, 0.0, 0.07127197449634352, 0.016726589395204824, 0.050131388645576584, 0.024709213501456478, 0.07839649833981789, 0.03453153327493838, 0.0008988409280723554, 0.0, 0.0, 0.0, 0.0, 0.0058692020940701965, 0.0, 1.2731457904707585e-6, 0.021978315780896703, 0.0, 0.0, 0.0, 0.0005449063983214846, 0.04522723106068322, 0.06140000203703327, 0.015650781202257033, 0.04950754720824591, 0.006601260923590882, 0.0036017294412417755, 0.04337989651871015, 0.00034120307184616323, 8.530076796154081e-5, 0.0, 2.546291580941517e-6, 0.05597894726120878, 0.0, 0.0, 0.0, 0.0, 0.023245095842415107, 0.06223391252979161, 0.03212656087673912, 0.02723004216658858, 0.11291657330264203, 0.013590831313275346, 0.018286192988531503, 0.09488755576378562, 0.1294623759956, 0.021228432910309427, 0.06636145118249781, 0.0010809007761096738, 0.03189612148866391, 0.08978606058136929, 0.09491683811696645, 0.09697678800594814, 0.003799067038764743, 0.056326516062007295, 0.0622300930924202, 0.030460013037012894, 0.131333900307592, 0.04490003259253224, 0.012402986290766128, 0.020218828298466114, 0.014092450754720825, 0.018167790430017722, 0.01584939194557047, 0.00010312480902813143, 0.00019479130594202604, 0.08930990405573323, 0.14944821861440996, 0.07112174329306797, 0.03311834144751584, 0.04026832820679962, 0.00943401030738832, 0.002677425597360005, 0.05684086696135748, 0.03085214194047789, 0.050154305269805056, 0.0012311319793852234, 0.0013966409321464219, 0.0017747652319162373, 0.0010528915687193171, 0.0002520828665132102, 0.0007804383695585749, 0.0, 0.0, 0.0, 0.03830259110631277, 0.08614740991220386, 0.049552107310912384, 0.02826765598582225, 0.02687865392841865, 0.042060917479782446, 0.04730373184494103, 0.1015893952048237, 0.04707074616528488, 0.05339318816076267
0.20634637713633863, 0.045556975820415145, 0.019839430852905827, 0.05482165773767086, 0.11659469149131205, 0.08751094905379805, 0.012111435904748325, 0.008330192907050173, 0.05370638202521847, 0.11831725774581899, 0.08418294595750749, 0.05346957690819091, 0.100814049418427, 0.11819121631256238, 0.03988893076123933, 0.07784649935833453, 0.004321056812857754, 0.08480169481167628, 0.1764541871218757, 0.041891589089649836, 0.05671737181968182, 0.04530361980811146, 0.02009406001099998, 0.07484569473019495, 0.06716225988470392, 0.014628445132509015, 0.13794280010592572, 0.07589985944470473, 0.05217988022244403, 0.04420616813672567, 0.08322935976044489, 0.11443925566804505, 0.03964830620684036, 0.015417795522600884, 0.1283827483652808, 0.018978784298547595, 0.044276191155201566, 0.010915952007496283, 0.07853272493939827, 0.020925424212177385, 0.07591259090260943, 0.07662427939948259, 0.09400526573098938, 0.10119472000977776, 0.06955068138762706, 0.1356536839746593, 0.07436062618402559, 0.007091422052922124, 0.07480368091910941, 0.10208210262573587, 0.06877278930964943, 0.3020996720376444, 0.1319488297243894, 0.09173779307816096, 0.20705679248742132, 0.12191516774968936, 0.17293903159438595, 0.14393677048746206, 6.493043531400868e-5, 0.050070277647633984, 0.00538795298527225, 0.0038194373714122752, 0.09859877574300788, 0.1668584872990976, 0.05090036870302092, 0.05475800044814732, 0.08507287486504654, 0.14840933164938583, 0.04994550936016785, 0.1127918050151759, 0.14977541708256095, 0.05718079688741317, 0.18581308182762624, 0.0997866207655171, 0.09386776598561855, 0.147595791489275, 0.11873103012772199, 0.2053214947750097, 0.16466358395632602, 0.07517925892729828, 0.1633878918742743, 0.14601963700067222, 0.07528620317369783, 0.09231962070440611, 0.014128098836854007, 0.008321280886516878, 0.13724129677537633, 0.005006009248131022, 0.0982537532337903, 0.022826230877350227, 0.012448819539223076, 0.03712875068749873, 0.17028706891283535, 0.05563647104357214, 0.17136796968894502, 0.016076011896274268, 0.13210669980240777, 0.0030580961887107616, 0.2649301806848506, 0.004793393901122405
0.21340469739870851, 0.06328553095272046, 0.017004135177527448, 0.2527614532195311, 0.07345287323541994, 0.0721529913833493, 0.1917090199832963, 0.3466368580798924, 0.01944093622048848, 0.03724842639180298, 0.13568678576521154, 0.15626591432238088, 0.006140382147440468, 0.27028630502536105, 0.17393081216516265, 0.2337521134220122, 0.16125791896681674, 0.19045751767126357, 0.11143845103990548, 0.1177685319101261, 0.0812177894115011, 0.09954981564848954, 0.0608500030555499, 0.13831201238516225, 0.03934529750870832, 0.010108777576337822, 0.22117088672058013, 0.07028401336293821, 0.2037657106190544, 0.18325278564298955, 0.24311864700250554, 0.3071629728463466, 0.22716485710211648, 0.21377263653215456, 0.22194623250697684, 0.21240018537002708, 0.015272656902487218, 0.11317374875231713, 0.10487283819844778, 0.1995172231162535, 0.18039202705180177, 0.15961683404289992, 0.28596636858079894, 0.2022646717320894, 0.19092730846794728, 0.10919007557393412, 0.04321311442015848, 0.18512049051761015, 0.017734920861257664, 0.21181326516062007, 0.1503432401051109, 0.4009798130003463, 0.11427756615265527, 0.37145428897353894, 0.12853807215171822, 0.23705847303986474, 0.1171803385549286, 0.15172842272514311, 0.13629662259884703, 0.1013627752541199, 0.045480587072986904, 0.26994637509930536, 0.3330434804750362, 0.11544376769672648, 0.07817497097227598, 0.21021674033936974, 0.11639608074799862, 0.09693859363223402, 0.2418365891915015, 0.1361502108329429, 0.3132027764763399, 0.1947925790878165, 0.09859750259721742, 0.14551674441343626, 0.11284655028416614, 0.11904422399217779, 0.1303892261310627, 0.15614878490965758, 0.13518516632376607, 0.18188924650139537, 0.02709254242121774, 0.05953357030820313, 0.2153436984375955, 0.1414057566560062, 0.002286569839685482, 0.08592460939887149, 0.12829362815994785, 0.2315139231223646, 0.13155924711250536, 0.11239967611171091, 0.1827231569941537, 0.0015455989896315007, 0.0866770385610397, 0.016778788372614126, 0.18136216414414047, 0.0824107270171722, 0.32059466093581307, 0.05278589761870811, 0.14661546923061253, 0.05996262043959178
0.17864909046464728, 0.14937564930435315, 0.22048593428530688, 0.16344391028905503, 0.0557688782057811, 0.04451426941801959, 0.11540048073985049, 0.4212559328593836, 0.2806980912998309, 0.20618086818357745, 0.11695881118738669, 0.05968380151147868, 0.330614318306818, 0.23680257073598013, 0.36518277280968, 0.14899879815037378, 0.07404488602798884, 0.1721267645800656, 0.0015061314701269072, 0.23118290521684218, 0.07136618728483836, 0.17978600965553768, 0.10244494917602004, 0.09113941455663971, 0.044166700617221076, 0.09785653174716342, 0.061974190788535576, 0.061843056772117086, 0.2299505000916665, 0.066919089038724, 0.24595012324051252, 0.03273512456458414, 0.22483754659713592, 0.14127716893116865, 0.17404030270314313, 0.08365713674604307, 0.06599860463221364, 0.34892724735694935, 0.4383402762217107, 0.19312857753967122, 0.20581929477908376, 0.11226217636634006, 0.1104925037175857, 0.11536992524087919, 0.09276522173107087, 0.3134714102381292, 0.3722028986983357, 0.15842389643722882, 0.1553161475626897, 0.19290068444317696, 0.14716674135788638, 0.5106753274530973, 0.005718970890794647, 0.18112026644395102, 0.4035732109755352, 0.22430919109409056, 0.13929997351856757, 0.02484289380945591, 0.014935273268012467, 0.09231580126703469, 0.024369283575400785, 0.08869370149314539, 0.23820303110549795, 0.018403322401254814, 0.13930124666435803, 0.07370877553930456, 0.1273374956713043, 0.4288527937911226, 0.03146325191990385, 0.19203876474302825, 0.37754501843515104, 0.19989407427023284, 0.002751268053207309, 0.006169664500621295, 0.09302748976390784, 0.09174797824448473, 0.3594879916889043, 0.30515649508056464, 0.08593734085677619, 0.48737166690432054, 0.14451732496791672, 0.06725774581898922, 0.3069490843535475, 0.10982792161495997, 0.3661554561935996, 0.043265313397567784, 0.21815480434295492, 0.0009548593428530688, 0.1798458475076898, 0.02413757104153511, 0.4615853720641258, 0.12541759181927442, 0.3197314680898739, 0.14269545334175307, 0.3581460960257481, 0.19847833615122934, 0.35111323867918764, 0.11308208225540323, 0.2598363243771771, 0.44097696115377566
0.1922590189647797, 0.029368927094579455, 0.19391410849239168, 0.23718960705628322, 0.6020719174594121, 0.784462783402253, 0.191505316656821, 0.0064752194903342775, 0.0458205169990426, 0.19966363488215763, 0.08579474852824347, 0.0016945570471165795, 0.2916102238699558, 0.055105569248945836, 0.1024207594060011, 0.012614328491984274, 0.1547890652054348, 0.20738653724715325, 0.09816208673687642, 0.2633629382167811, 0.256858436373266, 0.4416606404432584, 0.07665610804424436, 0.37069040149925647, 0.12877996985190768, 0.01331073923937178, 0.08118086818357743, 0.26029593000753704, 0.3447322319773482, 0.15776949950092686, 0.22753152308977206, 0.33434590861868774, 0.23101866940987145, 0.19894812694791306, 0.27553293882789104, 0.21906255729156057, 0.3659377482634291, 0.3823536900857591, 0.0021592552606384064, 0.5716080849850278, 0.1864853028049948, 0.6016377747448616, 0.02872471532460125, 0.02338641502515736, 0.10425663563585993, 0.11013220345888249, 0.1656961051923978, 0.270594406306655, 0.00038449002872216904, 0.08917749689352428, 0.07825899859444704, 0.40705144527510134, 0.3068383206697765, 0.2165188120022, 0.17915580248925464, 0.15045909637204374, 0.15251013424049215, 0.018645220101444256, 0.05299469352834532, 0.27447240838442893, 0.22222887087246135, 0.07588203540363814, 0.16452226477358375, 0.29941970014870345, 0.1506653459901, 0.49742951864903956, 0.09551394349269723, 0.40696741765293026, 0.302071662830254, 0.0197795930007537, 0.24930613554419342, 0.3361945163064513, 0.28405919618667375, 0.5616444460288037, 0.007473365790063352, 0.38588412336273453, 0.018894756676376526, 0.08658027948096392, 0.42889480760220816, 0.598636970116722, 0.25660126092359087, 0.11491031961051924, 0.45359001649996944, 0.06844431769570797, 0.20904671935792712, 0.1047849911389053, 0.015942331588274836, 0.2792225153286753, 0.12312465625063657, 0.043125267360616, 0.48789365667841356, 0.4540050620276629, 0.020891049275834673, 0.26750957405634435, 0.06741561589700759, 0.31059155446008435, 0.21463964881546516, 0.12112836365117842, 0.4047101301664256, 0.15633339104927582
0.2759314334603084, 0.1536839746593062, 0.09676162636735858, 0.12479629667352468, 0.06141018720335703, 0.19729940314925343, 0.08365713674604307, 0.11565129046057322, 0.18068867002098143, 0.22591208164429324, 0.20543225845878063, 0.403212910716832, 0.1873956020451814, 0.25280219388482617, 0.006789686500580554, 0.49101159071927647, 0.14424105233138457, 0.3569085983174105, 0.12747117597930374, 0.014106455358416002, 0.0368206494062048, 0.5731256747672689, 0.0984459982481514, 0.19073760974516712, 0.003839807704059807, 0.03612551180460777, 0.04337862337291968, 0.013240716220895888, 0.26185807989244464, 0.03471995885192805, 0.11145372878939112, 0.1543714733861604, 0.0467868346540099, 0.036872848383614105, 0.2494474547269357, 0.005527999022224033, 0.09913222382921513, 0.38847242875476157, 0.39274510602758145, 0.10998324540139741, 0.3302285551323053, 0.20115703489437983, 0.4563005438878817, 0.1836334562343403, 0.01225530137907152, 0.13668875150231202, 0.12779455501008333, 0.1750995600008148, 0.11575441526960135, 0.08175760322666069, 0.08327519300890183, 0.39947240838442893, 0.3910301786478173, 0.025277036524006438, 0.04836171599682223, 0.1022030514758306, 0.17296831394756676, 0.15354010918498298, 0.010353221568108207, 0.17549550834165123, 0.24833090586869283, 0.28761891181682997, 0.19914928398280743, 0.018549734167158948, 0.14540088814650343, 0.10982664846916951, 0.5506470126907173, 0.27612113218308854, 0.4231287303171661, 0.6796612413680715, 0.1872950235277342, 0.09055122120144223, 0.060156138599743336, 0.22537990670387648, 0.46048664724694954, 0.047717504226844024, 0.43441516774968936, 0.27633120123851623, 0.03489565297101302, 0.12180313092012793, 0.053394461306553134, 0.16478707909800167, 0.20408145077509116, 0.11125257175449675, 0.2307474893565012, 0.031230266240247703, 0.07716918579780407, 0.000716781080035037, 0.21938211688496873, 0.16455663970992646, 0.11796459636185859, 0.13685807989244464, 0.030122629402538143, 0.18737268542095292, 0.013807266097655375, 0.005745706952394533, 0.13317486912061274, 0.5557777902263143, 0.24523970788942984, 0.26295553156383045
