0.025846902872105393, 0.03646387366009328, 0.039583503804925944, 0.005482366418460028, 0.03030643973488258, 0.013276327632763277, 0.06023443253416251, 0.027524343343425253, 0.01363431797725227, 0.01639595777759594, 0.031042877014974223, 0.051131249488585225, 0.014053678095082235, 0.019249652237951068, 0.020037230995826855, 0.04593527534571639, 0.1368852794370346, 0.01995540463137223, 0.07889084362981753, 0.002239996726945422, 0.03236232714180509, 0.09064315522461337, 0.12536821864004583, 0.03540013092218313, 0.08891457327550938, 0.08030234841665984, 0.05010841993290238, 0.03986989608051714, 0.020241796906963424, 0.00938957532116848, 0.09701538335651747, 0.0031094018492758366, 0.022369282382783733, 0.05635790851812454, 0.12303616725308894, 0.0857949431306767, 0.029426806316995336, 0.029109729154733654, 0.12700474592913838, 0.09697447017429016, 0.1653199410850176, 0.10716185254889125, 0.09535839947631126, 0.04942312413059488, 0.048236641846002785, 0.10107601669257835, 0.08444480811717535, 0.0658804516815318, 0.04880942639718517, 0.017705179608869977, 0.04774568365927502, 0.03675026593568448, 0.04206897962523525, 0.023525079780705345, 0.05829105637836511, 0.02186809590049914, 0.052655265526552655, 0.09311840274936585, 0.03473529171098928, 0.034909172735455365, 0.032239587595123145, 0.07191514606006055, 0.04132231404958678, 0.04560796988789788, 0.03382497340643155, 0.03713894116684396, 0.03748670321577612, 0.006423369609688242, 0.039747156533835204, 0.012304639554864577, 0.03061328860158743, 0.05297234268881434, 0.01306153342606988, 0.051550609606415186, 0.0010841993290238116, 0.07938180181654529, 0.19536044513542264, 0.1888961623435071, 0.08797357008428115, 0.06687259635054414, 0.04825709843711644, 0.12827305457818508, 0.025642336960968824, 0.11372841829637509, 0.024455854676376728, 0.020916864413714098, 0.029999590868177727, 0.09712789460764258, 0.013368382292774731, 0.06615661566156615, 0.014779887079617053, 0.047264953768104086, 0.10353080762621716, 0.0071291220031094015, 0.011956877505932412, 0.008417887243269782, 0.006351771540790443, 0.027391375501186484, 0.037384420260207836, 0.06251534244333525
0.16568815972506343, 0.049903854021765816, 0.02664470992553801, 0.038090172653629, 0.01769495131331315, 0.08585631290401767, 0.036566156615661566, 0.02863922755911955, 0.005727845511823909, 0.03866295720481139, 0.056122657720317486, 0.02156124703379429, 0.09206488830701252, 0.07172080844448081, 0.07474838392930203, 0.04454422714998773, 0.05095736846411914, 0.12600237296456918, 0.014227559119548318, 0.0018308649046722854, 0.009798707143441616, 0.04189509860076917, 0.032137304639554866, 0.002168398658047623, 0.028986989608051714, 0.15252434334342524, 0.059988953440798624, 0.011977334097046068, 0.045117011701170114, 0.054598641682350055, 0.016580067097618854, 0.045720481139022995, 0.08324809753702643, 0.053371246215530646, 0.028966533016938058, 0.06499058996808772, 0.01567997708861795, 0.12958227640945913, 0.018942803371246215, 0.061676622207675315, 0.049177645037230995, 0.08296170526143523, 0.177634808935439, 0.17735864495540463, 0.05668521397594305, 0.025274118320923, 0.038079944358072174, 0.032822600441862367, 0.08964078226004418, 0.05202111120202929, 0.038356108338106536, 0.010330578512396695, 0.0560203747647492, 0.06441780541690532, 0.04705015956141069, 0.05316668030439407, 0.002976434007037067, 0.03982898289828983, 0.04456468374110138, 0.010719253743556173, 0.04811390229932084, 0.048911709352753456, 0.06356885688568857, 0.01892234678013256, 0.015229932084117503, 0.01099541772359054, 0.032280500777350465, 0.08775877587758776, 0.024097864331887733, 0.06658620407495296, 0.039338024711562065, 0.04137345552737092, 0.06258694051223304, 0.018687095982325506, 0.03412159397757958, 0.05275754848212094, 0.08945667294002127, 0.058331969560592424, 0.1414573275509369, 0.014841256852958023, 0.07620080189837165, 0.06892848375746666, 0.0515199247197447, 0.04246788315195156, 0.02907904426806317, 0.03220890270845266, 0.025018410932002293, 0.012458063988217003, 0.09263767285819491, 0.16768267735864495, 0.0891395957777596, 0.016007282546436463, 0.06628958350380493, 0.0014831028557401194, 0.0271458964078226, 0.03087922428606497, 0.050159561410686525, 0.006658620407495295, 0.07368464119139187, 0.07887038703870387
0.1516344816299812, 0.010156697487930612, 0.02831192210130104, 0.07296866050241388, 0.16134113411341133, 0.04159847802962115, 0.008387202356599297, 0.03518533671548973, 0.0809671876278537, 0.07825668930529417, 0.07761230668521397, 0.02226699942721545, 0.10709025447999346, 0.11998813517715408, 0.13816381638163816, 0.09703583994763113, 0.0853960396039604, 0.010279437034612551, 0.021438507487112346, 0.02702315686114066, 0.038090172653629, 0.01975083872023566, 0.18648228459209557, 0.1084403894934948, 0.1051264217330824, 0.007057523934211603, 0.07694746747402013, 0.04464651010555601, 0.06949104001309221, 0.1141273218230914, 0.03259757793961214, 0.03484780296211439, 0.03036780950822355, 0.05853653547172899, 0.03499099909990999, 0.015444726290810899, 0.0380185745847312, 0.01988380656247443, 0.02168398658047623, 0.046661484330251204, 0.010003273054578186, 0.17169216921692168, 0.20984371164389165, 0.17440266753948122, 0.1145978234187055, 0.04359299566320268, 0.14382006382456428, 0.005236887325096146, 0.024660420587513297, 0.056010146469192376, 0.01685623107765322, 0.0387038703870387, 0.03859135913591359, 0.050865313804107685, 0.027217494476720398, 0.040565420178381474, 0.03505236887325096, 0.04549545863677277, 0.01725513460436953, 0.037251452417969066, 0.04337820145650929, 0.03873455527370919, 0.027636854594550363, 0.00707798052532526, 0.0007671221667621308, 0.03248506668848703, 0.016539153915391538, 0.006331314949676786, 0.021827182718271828, 0.03640250388675231, 0.1051264217330824, 0.07619057360281482, 0.07427788233368791, 0.05874110138286556, 0.0772236314540545, 0.08174453809017265, 0.03943007937157352, 0.027483430161197937, 0.0812944930856722, 0.1521868095900499, 0.20685704934129776, 0.161003600360036, 0.20508755420996644, 0.2327550936911873, 0.09816095245888225, 0.12501022829555683, 0.010289665330169381, 0.0986109974633827, 0.1998506668848703, 0.11748220276573113, 0.08563129040176745, 0.011046559201374683, 0.03939939448490304, 0.13237460109647328, 0.04743883479257017, 0.031298584403894936, 0.032669176008509944, 0.04520906636118157, 0.05835242615170608, 0.17615170607969888
0.06634072498158906, 0.09007037067343097, 0.09806889779887079, 0.1882926929056542, 0.18764831028557402, 0.10229318386384093, 0.04094386711398412, 0.04674331069470583, 0.07038090172653629, 0.06525652565256526, 0.06579862531707716, 0.026266262989935358, 0.07641559610506506, 0.028066443007937158, 0.04805253252597987, 0.06026511742083299, 0.052399558137631946, 0.012048932165943866, 0.09250470501595615, 0.04856394730382129, 0.0016774404713198593, 0.06064356435643564, 0.16163775468455938, 0.0680079371573521, 0.03042917928156452, 0.008827019065542918, 0.01273422796825137, 0.0416189346207348, 0.09358890434497995, 0.06539972179036085, 0.028332378692414697, 0.03175885770395221, 0.1042263317240815, 0.020569102364781933, 0.04290769986089518, 0.06215735209884625, 0.031830455772850014, 0.06476556746583749, 0.00887816054332706, 0.09435602651174209, 0.19240446771949923, 0.20567056705670567, 0.1337554209966451, 0.08779968905981507, 0.0019842893380247117, 0.09683127403649455, 0.11470010637427379, 0.0763235414450536, 0.04961746174617462, 0.008908845429997545, 0.015158334015219703, 0.01691760085099419, 0.01660052368873251, 0.03995172244497177, 0.03604451354226332, 0.008601996563292693, 0.03272031748629409, 0.051560837901972016, 0.0845675476638573, 0.07918746420096555, 0.08253211684804844, 0.07227313640454955, 0.020579330660338763, 0.029160870632517797, 0.014002536617298094, 0.014595777759594142, 0.05560101464691924, 0.047500204565911135, 0.018768922346780133, 0.06437689223467802, 0.019075771213484985, 0.054199738155633746, 0.030388266099337206, 0.04601710171017102, 0.04980157106619753, 0.09641191391866459, 0.006474511087472384, 0.04357253907208903, 0.16944194419441944, 0.17795188609770068, 0.1463464528271009, 0.12862081662711725, 0.06449963178135995, 0.08724736109974633, 0.22628058260371492, 0.12300548236641846, 0.1889473038212912, 0.15940798625317076, 0.1327735046231896, 0.07669176008509943, 0.018605269617870877, 0.042519024629735704, 0.10774486539563047, 0.03374314704197692, 0.045567056705670565, 0.023565992962932658, 0.02387284182963751, 0.04214057769413305, 0.00521643073398249, 0.07824646100973734
0.096268717780869, 0.030020047459291384, 0.14564070043367974, 0.15637018247279275, 0.10378651501513787, 0.02348416659847803, 0.0069040995008591765, 0.002976434007037067, 0.004357253907208903, 0.09211602978479666, 0.05438384747565666, 0.09942926110792898, 0.08083421978561492, 0.12861058833156042, 0.10765281073561901, 0.12818099991817364, 0.1222997299729973, 0.0881679076998609, 0.031574748383929305, 0.04508632681449963, 0.05178586040422224, 0.09721994926765404, 0.1383581539972179, 0.10877792324687015, 0.015587922428606496, 0.022850012273954667, 0.028485803125767123, 0.04406349725881679, 0.036249079453399884, 0.07187423287783323, 0.030459864168235005, 0.08327878242369692, 0.10382742819736519, 0.02078389657147533, 0.09781319040995008, 0.11966082971933557, 0.023402340234023402, 0.11895507732591441, 0.02966205711480239, 0.1372432697815236, 0.26723467801325584, 0.17042386056787498, 0.1491490058096719, 0.050169789706243355, 0.039614188691596434, 0.07797029702970297, 0.017930202111120203, 0.022614761476147615, 0.013337697406104247, 0.0019536044513542264, 0.0008694051223304149, 0.002771868095900499, 0.0034980770804353164, 0.016232305048686686, 0.0034571638982080024, 0.02379101546518288, 0.025509369118730054, 0.040156288356108336, 0.057084117502659355, 0.056112429424760656, 0.06347680222567711, 0.08252188855249161, 0.059855985598559855, 0.02163284510269209, 0.04049382210948368, 0.03662752638900254, 0.02420014728745602, 0.0425906226986335, 0.0011353408068079534, 8.182636445462728e-5, 0.043910072825464365, 0.006055150969642419, 0.03735373537353735, 0.0035594468537762866, 0.04007446199165371, 0.002147942066933966, 0.07525979870714344, 0.013235414450535962, 0.021080517142623354, 0.007988298829882988, 0.11318631863186318, 0.21227804598641684, 0.14391211848457572, 0.09921446690123557, 0.16613820472956387, 0.28385565829310205, 0.1643175681204484, 0.05161197937975616, 0.0073950576875869405, 0.053350789624416986, 0.016672121757630307, 0.17394239423942395, 0.11081335406267899, 0.04866623025938958, 0.05800466410277391, 0.022031748629408394, 0.017838147451108746, 0.008765649292201947, 0.02572416332542345, 0.1415289256198347
0.02676744947221995, 0.10383765649292202, 0.0881372228131904, 0.09502086572293593, 0.09551182390966369, 0.04997545209066361, 0.021193028393748467, 0.012703543081580886, 0.04337820145650929, 0.054434988953440795, 0.08554946403731283, 0.07747933884297521, 0.09502086572293593, 0.05773872841829637, 0.08581539972179036, 0.01853367154897308, 0.046958104901399234, 0.08137631945012683, 0.04097455200065461, 0.01601751084199329, 0.01706079698878979, 0.17166148433025122, 0.14303248506668848, 0.10694705834219785, 0.04868668685050323, 0.04096432370509778, 0.062351689714425985, 0.04270313394975861, 0.005042549709516406, 0.03507282546436462, 0.08934416168889617, 0.10921773995581377, 0.07821577612306685, 0.09995090418132722, 0.06751697897062434, 0.06104246788315195, 0.08782014565092873, 0.06761926192619262, 0.01685623107765322, 0.19991203665821128, 0.19440921364863759, 0.1718046804680468, 0.1801202847557483, 0.07221176663120858, 0.018431388593404794, 0.027687996072334506, 0.021949922264953767, 0.009900990099009901, 0.026358317649946814, 0.00012273954668194092, 0.008325832583258325, 0.007118893707552573, 0.00790647246542836, 0.024210375583012846, 0.07365395630472138, 0.02552982570984371, 0.02766753948122085, 0.041281400867359465, 0.07144464446444644, 0.07311185664020947, 0.08574380165289257, 0.06446894689468947, 0.08743147041976924, 0.049310612879469765, 0.039194828573766466, 0.024312658538581132, 0.009420260207838966, 8.182636445462728e-5, 0.012192128303739464, 0.048604860486048604, 0.06270968005891499, 0.05743187955159152, 0.01202847557483021, 0.002761639800343671, 0.03062351689714426, 0.019024629735700842, 0.007026839047541118, 0.06391661893462074, 0.007701906554291793, 0.0847823418705507, 0.03678095082235496, 0.3590131740446772, 0.06688282464610097, 0.11985516733491532, 0.02116234350707798, 0.005165289256198347, 0.006229031994108502, 0.094540135831765, 0.053207593486621386, 0.11275673021847639, 0.049453809017265364, 0.026665166516651666, 0.006157433925210703, 0.07349030357581213, 0.024087636036330906, 0.009502086572293593, 0.009553228050077736, 0.0057380738073807384, 0.0022604533180590786, 0.009931674985680386
0.020855494640373128, 0.1365579739792161, 0.14047541117748139, 0.1502025202520252, 0.0699513133131495, 0.02810735619016447, 0.015904999590868177, 0.0313599541772359, 0.036013828655592835, 0.052379101546518286, 0.08777923246870141, 0.08727804598641682, 0.06894894034858032, 0.07083094673103674, 0.07408354471810817, 0.08907822600441863, 0.08111038376564929, 0.02791301857458473, 0.03661729809344571, 0.0992962932656902, 0.11442394239423942, 0.1442189673512806, 0.10627199083544718, 0.084823255052778, 0.06077653219867441, 0.006229031994108502, 0.025642336960968824, 0.03188159725063416, 0.003119630144832665, 0.009798707143441616, 0.012263726372637264, 0.0651644709925538, 0.13336674576548563, 0.12919360117829964, 0.08299239014810572, 0.0682636445462728, 0.03235209884624826, 0.034878487848784875, 0.05199042631535881, 0.1008407658947713, 0.17851444235332625, 0.20105760576057605, 0.2306992062842648, 0.10404222240405858, 0.05162220767531298, 0.004387938793879388, 0.027503886752311593, 0.05055846493740283, 0.02462973570084281, 0.013010391948285738, 0.015997054250879633, 0.014779887079617053, 0.00868382292774732, 0.0037128712871287127, 0.052389329842075116, 0.029355208248097536, 0.030326896325996236, 0.05228704688650683, 0.043347516569838804, 0.08124335160788806, 0.06294493085672204, 0.06326200801898371, 0.08286965060142377, 0.062085754029948446, 0.01390025366172981, 0.03929711152933475, 0.005185745847312004, 0.032505523279600684, 0.0026286719581049014, 0.04853326241715081, 0.09107274363800016, 0.05088577039522134, 0.011926192619261927, 0.017203993126585385, 0.0563067670403404, 0.07462564438262008, 0.06016283446526471, 0.05345307257998527, 0.13373496440553145, 0.002669585140332215, 0.1721217576303085, 0.008714507814417806, 0.0328328287374192, 0.07370509778250553, 0.18716758039440307, 0.1079698878978807, 0.03800834628917437, 0.01043286146796498, 0.029222240405858767, 0.021336224531544063, 0.013736600932820555, 0.012294411259307749, 0.042498568038622044, 0.03892889288928893, 0.01622207675312986, 0.0037026429915718844, 0.0335897226086245, 0.004469765158334015, 0.012539890352671631, 0.032403240324032405
0.07782710089190738, 0.08991694624007855, 0.15980688977988708, 0.1289174371982653, 0.1401583340152197, 0.04062678995172245, 0.013358153997217903, 0.033794288519761066, 0.022614761476147615, 0.0049504950495049506, 0.10627199083544718, 0.08228663775468456, 0.14965019229195647, 0.15715776123066852, 0.13600564601914736, 0.07396080517142624, 0.13128017347189264, 0.09458104901399231, 0.039205056869323296, 0.07548482120939366, 0.08873046395548646, 0.16365272890925456, 0.1391559610506505, 0.09895875951231486, 0.015209475493003846, 0.020845266344816298, 0.07038090172653629, 0.0592218312740365, 0.014708289010719253, 0.02947794779477948, 0.0982530071188937, 0.1355862859013174, 0.08688937075525735, 0.12300548236641846, 0.09981793633908845, 0.07007405285983144, 0.0020047459291383683, 0.04703993126585386, 0.08846452827100892, 0.07848171180754439, 0.17808485393993945, 0.23563947303821292, 0.2282955568284101, 0.13851157843057033, 0.06794656738401113, 0.03830496686032239, 0.04562842647901154, 0.05283937484657557, 0.03107356190164471, 0.059866213894116685, 0.01588454299975452, 0.05095736846411914, 0.013532035021683986, 0.0585774486539563, 0.032280500777350465, 0.0290176744947222, 0.008694051223304149, 0.01595614106865232, 0.07747933884297521, 0.05522256771131659, 0.06207552573439162, 0.101096473283692, 0.05577489567138532, 0.05031298584403895, 0.04781728172817282, 0.07977047704770478, 0.016140250388675233, 0.03151337861058833, 0.06594182145487276, 0.0823377792324687, 0.061287946976515836, 0.0572784551182391, 0.06022420423860568, 0.027585713116766223, 0.0008284919401031013, 0.0014626462646264626, 0.0815808853612634, 0.02045659111365682, 0.012580803534898944, 0.0653076671303494, 0.1624048768513215, 0.09976679486130431, 0.022041976924965224, 0.06998199819981998, 0.021469192373782833, 0.04646714671467147, 0.02869036903690369, 0.01280582603714917, 0.036985516733491534, 0.020712298502577532, 0.03796743310694706, 0.029723426888143358, 0.006310858358563129, 0.032546436461828004, 0.005574421078471483, 0.020108829064724654, 0.019658784060224203, 0.028547172899108093, 0.011107928974715653, 0.08468005891498241
0.03429547500204566, 0.08261394321250307, 0.15968415023320515, 0.20801284673921938, 0.1601751084199329, 0.11581499058996808, 0.00443908027166353, 0.029498404385893136, 0.05202111120202929, 0.018380247115620654, 0.07774527452745275, 0.07133213321332134, 0.1334894853121676, 0.08026143523443253, 0.05715571557155716, 0.09336388184272973, 0.008827019065542918, 0.0839947631126749, 0.0015137877424106047, 0.09113411341134113, 0.1485762212584895, 0.1319859258653138, 0.19564683741101382, 0.1740037640127649, 0.12840602242042387, 0.062239178463300876, 0.002465019229195647, 0.056654529089272564, 0.06646346452827101, 0.0355330987644219, 0.03901071925374355, 0.11584567547663857, 0.11553882660993373, 0.11334997136077245, 0.031809999181736354, 0.04092341052287047, 0.02579576139432125, 0.0019842893380247117, 0.06797725227068162, 0.10399108092627445, 0.15598150724163326, 0.1789338024711562, 0.18014074134686195, 0.10492185582194583, 0.06169707879878897, 0.004776614025038868, 0.09017265362899926, 0.05370877996890598, 0.03549218558219458, 0.030470092463791832, 0.16001145569102365, 0.15092872923656003, 0.166547336551837, 0.08237869241469602, 0.13026757221176663, 0.08168316831683169, 0.012529662057114803, 0.034459127730954914, 0.04580230750347762, 0.0848539399394485, 0.1256034694378529, 0.08188773422796825, 0.092453563538172, 0.048819654692742, 0.0012376237623762376, 0.09091931920464774, 0.006576794043040668, 0.03570697978888798, 0.07621103019392848, 0.056501104655920134, 0.07059569593322969, 0.03567629490221749, 0.03159520497504296, 0.07611897553391703, 0.030347352917109893, 0.0037537844693560267, 0.04160870632517797, 0.005308485393993945, 0.15578716962605352, 0.19326364454627282, 0.06448940348580312, 0.025366172980934458, 0.02450699615416087, 0.010064642827919155, 0.07074912036658211, 0.015710661975288438, 0.0001841093200229114, 0.03050077735046232, 0.0642643809835529, 0.04110751984289338, 0.035604696833319696, 0.0445339988544309, 0.06214712380328942, 0.04261107928974716, 0.004132231404958678, 0.0021581703624907944, 0.0032525979870714344, 0.046139841256852956, 0.012488748874887488, 0.00244456263808199
0.03568652319777432, 0.01671303493985762, 0.052379101546518286, 0.2245110874723836, 0.1410993372064479, 0.15735209884624826, 0.03173840111283856, 0.076180345307258, 0.027237951067834058, 0.053504214057769416, 0.04476924965223795, 0.18155224613370427, 0.11918009982816463, 0.11724695196792406, 0.05739096636936421, 0.05128467392193765, 0.08066033876114884, 0.0686216348907618, 0.06841706897962524, 0.02726863595450454, 0.08620407495294984, 0.1467453563538172, 0.15151174208329923, 0.20265321986744128, 0.2207266181163571, 0.08783037394648556, 0.09658579494313067, 0.0626789951722445, 0.019863349971360772, 0.10982120939366664, 0.06015260616970788, 0.10178176908599951, 0.1309733246051878, 0.03775263890025366, 0.028158497667948614, 0.044738564765567465, 0.057237541936011785, 0.011056787496931512, 0.04298952622534981, 0.10880860813354062, 0.14566115702479338, 0.13732509614597824, 0.12127690041731445, 0.061942557892152854, 0.01872800916455282, 0.07941248670321578, 0.08050691432779641, 0.055672612715817034, 0.16236396366909417, 0.11605024138777514, 0.07864536453645364, 0.0020354308158088536, 0.2931940921364864, 0.0802512069388757, 0.1181981834547091, 0.061778905163243594, 0.028260780623516897, 0.047622944112593074, 0.09542999754520906, 0.07425742574257425, 0.1002270681613616, 0.08508919073725554, 0.08232755093691187, 0.12574666557564848, 0.10199656329269291, 0.012918337288274281, 0.11786064970133377, 0.10246706488830701, 0.07390966369364209, 0.11619343752557074, 0.08919073725554373, 0.10075893953031667, 0.08012846739219376, 0.09207511660256935, 0.10096350544145323, 0.03460232386875051, 0.07609851894280337, 0.16288560674249244, 0.10551509696424188, 0.16048195728663775, 0.03377383192864741, 0.06632026839047542, 0.040289256198347105, 0.023780787169626054, 0.057800098191637346, 0.05079371573520988, 0.014708289010719253, 0.05188814335979052, 0.03735373537353735, 0.015516324359708698, 0.04136322723181409, 0.02650151378774241, 0.024936584567547663, 0.03576834956222895, 0.0005011864822845921, 0.12587963341788724, 0.05538622044022584, 0.045331805907863516, 0.07892152851648801, 0.029304066770313397
0.04607847148351199, 0.06846821045740938, 0.08274691105474184, 0.1729911627526389, 0.2163284510269209, 0.2632047295638655, 0.04386915964323705, 0.018687095982325506, 0.03414205056869323, 0.03990058096718763, 0.051969969724245155, 0.12700474592913838, 0.15750552327960068, 0.14855576466737583, 0.10058505850585059, 0.055682841011373864, 0.00797807053432616, 0.03165657474838393, 0.01575157515751575, 0.03273054578185091, 0.07809303657638492, 0.16493126585385812, 0.20454545454545456, 0.24628712871287128, 0.1577203174862941, 0.20937321004827755, 0.08779968905981507, 0.041526879960723344, 0.01871778086899599, 0.056818181818181816, 0.02547868423205957, 0.08859749611324769, 0.10839947631126749, 0.04938221094836756, 0.0541485966778496, 0.014248015710661975, 0.002117257180263481, 0.0359320022911382, 0.039880124376073973, 0.13333606087881517, 0.11666393912118485, 0.1151706079698879, 0.06932738728418296, 0.07988298829882988, 0.056940921364863756, 0.03230095736846412, 0.04218149087636036, 0.1478602405695115, 0.01081130840356763, 0.37047909336388185, 0.3215060142377874, 0.24984657556664758, 0.18583790197201538, 0.14287906063333605, 0.010596514196874234, 0.04527043613452254, 0.04754111774813845, 0.061114065952049754, 0.08791220031094019, 0.10314213239505769, 0.10656861140659521, 0.1108849521315768, 0.07878856067424925, 0.08549832255952867, 0.1463464528271009, 0.03880615334260699, 0.08455731936830047, 0.06692373782832829, 0.10971892643809836, 0.07686564110956551, 0.14003559446853775, 0.09340479502495704, 0.09372187218721872, 0.0828389657147533, 0.035727436380001636, 0.059017265362899925, 0.086909827346371, 0.047387693314786025, 0.05355535553555356, 0.09664716471647165, 0.07727477293183864, 0.12470337942885197, 0.09863145405449636, 0.09773136404549546, 0.01222281319040995, 0.04203829473856477, 0.03134972588167908, 0.017316504377710498, 0.08812699451763358, 0.08544718108174454, 0.01768472301775632, 0.04965837492840193, 0.01126135340806808, 0.03312944930856722, 0.14586572293592995, 0.03343629817527207, 0.04120980279846166, 0.102825055232796, 0.04722404058587677, 0.01666189346207348
0.010044186236805499, 0.06848866704852304, 0.00868382292774732, 0.12182922837738319, 0.2080230750347762, 0.15042754275427542, 0.11293061124294247, 0.12839579412486704, 0.2059262744456264, 0.14485312167580394, 0.033344243515260615, 0.13214957859422305, 0.1718046804680468, 0.11085426724490631, 0.052102937566483924, 0.005226659029539318, 0.015076507650765077, 0.00926683577448654, 0.019638327469110546, 0.0741653710825628, 0.13751943376155798, 0.05356558383111038, 0.15962278045986417, 0.17202970297029702, 0.07730545781850913, 0.046272809099091726, 0.12475452090663612, 0.14193805744210786, 0.0020865722935929955, 0.18290238114720564, 0.10173062760821537, 0.057943294329432946, 0.1119282382783733, 0.0199451763358154, 0.007149578594223059, 0.007886015874314704, 0.01962809917355372, 0.042928156452008835, 0.13483962032566893, 0.10853244415350626, 0.11438302921201211, 0.14284837574666556, 0.003937893789378938, 0.00017388102446608297, 0.06435643564356436, 0.041383683822927744, 0.15709639145732754, 0.13084035676294903, 0.10254889125276163, 0.240641109565502, 0.03417273545536372, 0.31868300466410276, 0.2494988135177154, 0.3034633008755421, 0.2632967842238769, 0.09602323868750512, 0.0018308649046722854, 0.09954177235905409, 0.03783446526470829, 0.055018001800180016, 0.1249284019311022, 0.11788110629244743, 0.043511169298748056, 0.15097987071434416, 0.08334015219703789, 0.19212830373946485, 0.12856967514933312, 0.08270599787251452, 0.10230341215939776, 0.07360281482693724, 0.10710048277555029, 0.12173717371737174, 0.11500695524097865, 0.08382088208820881, 0.08595859585958596, 0.1005543736191801, 0.044759021356681125, 0.09040790442680632, 0.07491203665821128, 0.04006423369609688, 0.05412814008673594, 0.05548850339579413, 0.11450576875869405, 0.0880247115620653, 0.009082726454463627, 0.002291138204729564, 0.019382620080189837, 0.0036003600360036, 0.05185745847312004, 0.14125276163980036, 0.006781359954177236, 0.11090540872269045, 0.23267326732673269, 0.25375378446935604, 0.1043695278618771, 0.12364986498649864, 0.024547909336388184, 0.1279559774159234, 0.08476188527943704, 0.04670239751247852
0.024885443089763523, 0.007037067343097946, 0.02849603142132395, 0.12761844366254807, 0.11989608051714262, 0.2538867523115948, 0.0028025529825709845, 0.18790401767449472, 0.07940225840765895, 0.019914491449144915, 0.06840684068406841, 0.11837206447917518, 0.16649619507405286, 0.17139554864577367, 0.07103551264217331, 0.048461664348253004, 0.004582276409459128, 0.052665493822109485, 0.007957613943212503, 0.06716921692169217, 0.00688364290974552, 0.02787210539235742, 0.2168398658047623, 0.1311881188118812, 0.08914982407331642, 0.06787496931511333, 0.0009921446690123559, 0.07659970542508797, 0.017081253579903446, 0.06914327796416005, 0.06367113984125686, 0.01685623107765322, 0.1612899926356272, 0.03871409868259553, 0.009205466001145569, 0.0008694051223304149, 0.007159806889779887, 0.03173840111283856, 0.08471074380165289, 0.1535471728991081, 0.012151215121512151, 0.01845184518451845, 0.08765649292201948, 0.15391539153915393, 0.05549873169135095, 0.16520742983389247, 0.03454095409540954, 0.06010146469192374, 0.3654774568365928, 0.025274118320923, 0.2532321413959578, 0.238912527616398, 0.21757630308485393, 0.20531257671221667, 0.23695892316504377, 0.05295188609770068, 0.06320063824564275, 0.11010760166925783, 0.1002270681613616, 0.15843629817527208, 0.012110301939284838, 0.09219785614925129, 0.024752475247524754, 0.1268717780868996, 0.11810612879469765, 0.06133908845429997, 0.11596841502332052, 0.048072989117093526, 0.053749693151133295, 0.09429465673840111, 0.10880860813354062, 0.12119507405285983, 0.10457409377301366, 0.07140373128221914, 0.06123680549873169, 0.10854267244906309, 0.0323316422551346, 0.10217044431715899, 0.13372473610997462, 0.09128753784469357, 0.07337779232468701, 0.1330292120121103, 0.12043818018165453, 0.0409336388184273, 0.0900805989689878, 0.026102610261026102, 0.07993412977661403, 0.10800057278455118, 0.07962728090990917, 0.039470992553800835, 0.1012396694214876, 0.07913632272318141, 0.11025079780705344, 0.315154242696997, 0.24135709025448, 0.16997381556337451, 0.13590336306357909, 0.05006750675067507, 0.0027104983225595286, 0.035031912282137305
0.014779887079617053, 0.06681122657720318, 0.019075771213484985, 0.0802818918255462, 0.18985762212584895, 0.10921773995581377, 0.06196301448326651, 0.036249079453399884, 0.14895466819409214, 0.03819245560919728, 0.01872800916455282, 0.1578021438507487, 0.18344448081171755, 0.1617911791179118, 0.096268717780869, 0.007159806889779887, 0.03216798952622535, 0.030153015301530153, 0.01189550773259144, 0.018758694051223303, 0.0783078307830783, 0.012519433761557975, 0.16158661320677523, 0.1826057605760576, 0.016099337206447916, 0.29905490549054903, 0.2934600278209639, 0.020119057360281484, 0.04313272236314541, 0.21585794943130676, 0.04949472219949268, 0.022747729318386384, 0.149200147287456, 0.1531482693723918, 0.11774813845020865, 0.009655511005646019, 0.029887079617052614, 0.07489158006709762, 0.04607847148351199, 0.042232632354144505, 0.03701620162016202, 0.03402953931756812, 0.0598355290074462, 0.15258571311676622, 0.0603776286719581, 0.06090950004091318, 0.28105310531053107, 0.14370755257343917, 0.3931859095000409, 0.08569266017510842, 0.11922101301039195, 0.07850216839865805, 0.12416127976434008, 0.10149537681040831, 0.3091400049095819, 0.08006709761885279, 0.2620898453481712, 0.25517551755175516, 0.05080394403076671, 0.057114802389329845, 0.027994844939039358, 0.0355330987644219, 0.10370468865068325, 0.1905224613370428, 0.1912793552082481, 0.15220726618116356, 0.08753375337533753, 0.17406513378610589, 0.13755011864822847, 0.06699533589722609, 0.11720603878569676, 0.08576425824400621, 0.11367727681859095, 0.11683782014565093, 0.08686891416414369, 0.12468292283773832, 0.11795270436134522, 0.04801161934375256, 0.10365354717289911, 0.1044820391130022, 0.08455731936830047, 0.0335897226086245, 0.04243719826528107, 0.02740160379674331, 0.012570575239342116, 0.006310858358563129, 0.051550609606415186, 0.005328941985107602, 0.10491162752638901, 0.06550200474592914, 0.1361999836347271, 0.20872882742819737, 0.18983716553473529, 0.2845409540954095, 0.3346391457327551, 0.3295965960232387, 0.13996399639963997, 0.10201701988380656, 0.048625317077162264, 0.07957613943212503
0.005431224940675885, 0.06290401767449472, 0.011077244088045168, 0.13145405449635872, 0.30435316258898615, 0.09762908108992717, 0.012826282628262827, 0.06303698551673349, 0.24634849848621226, 0.16049218558219458, 0.10890066279355208, 0.18697324277882332, 0.09851894280337124, 0.0831969560592423, 0.147532935111693, 0.0927092709270927, 0.011363636363636364, 0.03594223058669503, 0.03545127239996727, 0.053882660993372064, 0.009982816463464527, 0.1379592504705016, 0.006136977334097046, 0.22208698142541528, 0.043214548727600034, 0.037814008673594635, 0.22258816790769986, 0.2227109074543818, 0.07696792406513378, 0.013603633090581786, 0.06471442598805335, 0.11033262417150806, 0.04970951640618607, 0.01635504459536863, 0.12276000327305457, 0.05618402749365846, 0.04073930120284756, 0.0010023729645691841, 0.05185745847312004, 0.06617707225267981, 0.10847107438016529, 0.06836592750184109, 0.010330578512396695, 0.05670567056705671, 0.3458186727763685, 0.16076834956222896, 0.2535594468537763, 0.02328982898289829, 0.037394648555764666, 0.2644730382129122, 0.3068897798870796, 0.2320697978888798, 0.18002823009573685, 0.20401358317649948, 0.023964896489648967, 0.05147901153751739, 0.23160952458882253, 0.11662302593895753, 0.10265117420832992, 0.30621471238032894, 0.03472506341543245, 0.1044411259307749, 0.05648064806480648, 0.20648883070125193, 0.00034776204893216593, 0.251728581949104, 0.07614966042058752, 0.09873373701006465, 0.1457736682759185, 0.1120407495294984, 0.07657924883397431, 0.08521193028393749, 0.08561083381065379, 0.1539869896080517, 0.11193846657393013, 0.09513337697406105, 0.11113043122494068, 0.09954177235905409, 0.07955568284101137, 0.12054046313722282, 0.09963382701906555, 0.04678422387693315, 0.13045168153178954, 0.09127730954913674, 0.001298993535717208, 0.062228950167744046, 0.05092668357744865, 0.011547745683659275, 0.05757507568938712, 0.17056705670567057, 0.16645528189182554, 0.22778414205056868, 0.42785983143768924, 0.11122248588495214, 0.17384011128385565, 0.20950617789051632, 0.05712503068488667, 0.1796190982734637, 0.028731282219131005, 0.09286269536044514
0.061656165616561655, 0.004715244251697897, 0.09779273381883644, 0.13560674249243107, 0.15737255543736192, 0.21321904917764503, 0.029160870632517797, 0.15381310858358563, 0.19176008509941903, 0.08573357335733574, 0.10030889452581622, 0.1611467964978316, 0.17642787005973323, 0.02702315686114066, 0.029692742001472875, 0.038755011864822844, 0.09838597496113248, 0.0899680877178627, 0.030337124621553066, 0.04483061942557892, 0.036811635709025445, 0.0803228050077735, 0.1295004500450045, 0.02343302512069389, 0.053637181900008185, 0.1864209148187546, 0.21227804598641684, 0.2204811390229932, 0.24177645037230996, 0.02231814090499959, 0.0015342443335242615, 0.018492758366745767, 0.1729604778659684, 0.015096964241878733, 0.05094714016856231, 0.14622371328041894, 0.09585958595859587, 0.12620693887570575, 0.03415227886425006, 0.003068488667048523, 0.02509000900090009, 0.06143114311431143, 0.07890107192537435, 0.11134522543163407, 0.1542733818836429, 0.3820063824564275, 0.35341829637509203, 0.020579330660338763, 0.04909581867277637, 0.18709598232550528, 0.10820513869568775, 0.15575648473938303, 0.11162138941166844, 0.002792324687014156, 0.20697978888797972, 0.2179240651337861, 0.08355494640373128, 0.14391211848457572, 0.10458432206857049, 0.10587308730873088, 0.15852835283528352, 0.00040913182227313643, 0.00043981670894362163, 0.12465223795106783, 0.09516406186073152, 0.13808199001718355, 0.12083708370837083, 0.14355412814008672, 0.08495622289501678, 0.08952827100891908, 0.062095982325505276, 0.08769740610424678, 0.09150233205138696, 0.09613574993863022, 0.11058833156042877, 0.10978029621143932, 0.14593732100482776, 0.1170423860567875, 0.10946321904917765, 0.10950413223140495, 0.08479257016610751, 0.034622780459864166, 0.06831478602405695, 0.11153956304721381, 0.027575484821209393, 0.0809365027411832, 0.026910645610015545, 0.019658784060224203, 0.0767940430406677, 0.03665821127567302, 0.0795965960232387, 0.4620121103019393, 0.18953031666803044, 0.10406267899517224, 0.2891948285737665, 0.4160461500695524, 0.06864209148187546, 0.025785533098764423, 0.05702274772931839, 0.006126749038540218
0.014524179690696342, 0.09084772113574995, 0.08933393339333934, 0.027647082890107193, 0.18954054496358727, 0.08351403322150397, 0.2110097373373701, 0.2511967105801489, 0.2529866623025939, 0.4316647573848294, 0.07040135831764995, 0.024466082971933558, 0.1848355290074462, 0.10164880124376074, 0.1292447426560838, 0.057339824891580064, 0.03479666148433025, 0.05482366418460028, 0.03869364209148188, 0.07145487276000327, 0.015342443335242616, 0.006096064151869732, 0.03829473856476557, 0.02650151378774241, 0.14723631454054498, 0.10450249570411586, 0.12254520906636118, 0.1466328451026921, 0.42825873496440553, 0.19033835201701987, 0.17718476393093854, 0.06975697569756975, 0.26323541445053594, 0.11001554700924637, 0.035430815808853613, 0.030756484739383028, 0.10621062106210621, 0.1397594304885034, 0.0681511332951477, 0.004019720153833565, 0.018370018820063824, 0.0020354308158088536, 0.0015547009246379183, 0.034305703297602484, 0.14916946240078555, 0.2965182881924556, 0.08369814254152688, 0.3550855085508551, 0.03583994763112675, 0.2612306685213976, 0.1256852958023075, 0.2734330251206939, 0.13899230832174125, 0.14096636936420914, 0.206008100810081, 0.20536371819000082, 0.08240937730136651, 0.1842627444562638, 0.04800139104819573, 0.14597823418705508, 0.10171017101710171, 0.23982284592095574, 0.31885688568856885, 0.08760535144423533, 0.1539460764258244, 0.05006750675067507, 0.07174126503559447, 0.12475452090663612, 0.09629940266753947, 0.11145773668275918, 0.08519147369282383, 0.060418541854185416, 0.1469294656738401, 0.09738360199656329, 0.0875235250797807, 0.07822600441862368, 0.06670894362163489, 0.08672571802634808, 0.10078962441698715, 0.08076262171671712, 0.07019679240651337, 0.06380410768349562, 0.015587922428606496, 0.01435029866623026, 0.06023443253416251, 0.042232632354144505, 0.08827019065542918, 0.01666189346207348, 0.13645569102364782, 0.16872596350544145, 0.42185582194583093, 0.16696669666966696, 0.2234678013255871, 0.12986866868505031, 0.3751534244333524, 0.264841256852958, 0.3607008428115539, 0.10724367891334588, 0.06320063824564275, 0.015915227886425007
0.06505195974142869, 0.03903117584485721, 0.02321823091400049, 0.10726413550445954, 0.020610015547009246, 0.13491121839456674, 0.23284714835119877, 0.4849541772359054, 0.3729236560019638, 0.27596964241878735, 0.14060837901972015, 0.20919932902381147, 0.1570043367973161, 0.06484739383029212, 0.097281319040995, 0.11249079453399885, 0.14048563947303822, 0.059047950249570415, 0.021980607151624254, 0.003293511169298748, 0.15751575157515751, 0.05937525570738892, 0.033354471810817445, 0.23369609688241552, 0.031809999181736354, 0.20697978888797972, 0.11323746010964733, 0.41675190246297356, 0.3784162507159807, 0.15782260044186236, 0.2454586367727682, 0.2919871532607806, 0.029559774159234106, 0.11181572702724818, 0.13066647573848295, 0.16194460355126422, 0.19254766385729483, 0.0861529334751657, 0.18178749693151133, 0.12847762048932165, 0.2519126912691269, 0.03568652319777432, 0.09586981425415268, 0.1337145078144178, 0.16320268390475412, 0.2312413059487767, 0.4692537435561738, 0.03634113411341134, 0.11542631535880861, 0.25682227313640454, 0.08361631617707226, 0.2397001063742738, 0.08145814581458145, 0.09560387856967514, 0.17830987644218968, 0.1643482530071189, 0.11635709025447999, 0.2310981098109811, 0.2677358644955405, 0.21881392684723017, 0.022798870796170528, 0.13160747892971114, 0.0054005400540054005, 0.12088822518615498, 0.14467924065133786, 0.05404631372228132, 0.0608072170853449, 0.1843752557073889, 0.04551591522788642, 0.11241919646510105, 0.16985107601669258, 0.032413468619589235, 0.12254520906636118, 0.1109258653138041, 0.10156697487930612, 0.0802102937566484, 0.03592177399558138, 0.1316279355208248, 0.05813763194501268, 0.08815767940430407, 0.07486089518042713, 0.05218476393093855, 0.023473938302921202, 0.01801202847557483, 0.047121757630308486, 0.0916966696669667, 0.0628937893789379, 0.10122944112593077, 0.03481711807544391, 0.02664470992553801, 0.1778086899599051, 0.06119589231650438, 0.4004889125276164, 0.272236314540545, 0.27683904754111777, 0.050548236641846, 0.11580476229441126, 0.08971238032894198, 0.08121266672121757, 0.06036740037640128
0.05673635545372719, 0.14021970378856066, 0.17634604369527862, 0.18288192455609198, 0.07547459291383683, 0.12995049504950495, 0.0658497667948613, 0.12788437934702562, 0.40742369691514607, 0.25057278455118237, 0.17877014974224695, 0.17049545863677276, 0.06967514933311512, 0.06337451927010883, 0.028536944603551263, 0.1655449635872678, 0.18597086981425415, 0.14978316013419524, 0.1741060469683332, 0.11875051141477784, 0.06028557401194665, 0.053739464855576465, 0.1528311922101301, 0.06808976352180672, 0.39953768104083137, 0.3410420587513297, 0.043664593732100486, 0.18464119139186647, 0.3810756075607561, 0.24123435070779806, 0.40530643973488256, 0.041015465182881926, 0.2754173144587186, 0.08502782096391458, 0.12355781032648719, 0.07667130349398577, 0.09304680468046804, 0.16443007937157353, 0.2229257016610752, 0.21420096555110058, 0.18147041976924966, 0.11830046641027739, 0.16328451026920873, 0.21877301366500287, 0.34715857949431306, 0.034459127730954914, 0.06434620734800753, 0.3246870141559611, 0.07238564765567466, 0.14488380656247443, 0.23773627362736274, 0.02696178708779969, 0.0026798134358890432, 0.1011680713525898, 0.13456345634563457, 0.1335406267899517, 0.05481343588904345, 0.1985925865313804, 0.1390741346861959, 0.058904754111774815, 0.07404263153588087, 0.1792611079289747, 0.1315870223385975, 0.08612224858849521, 0.2251963832746911, 0.05860813354062679, 0.17232632354144506, 0.09556296538744784, 0.008642909745520006, 0.029989362572620897, 0.03915391539153915, 0.011015874314704197, 0.011271581703624908, 0.056981834547091076, 0.1033978397839784, 0.0757507568938712, 0.12276000327305457, 0.07108665411995745, 0.05357581212666721, 0.10817445380901726, 0.04721381229031994, 0.019137140986825955, 0.009573684641191392, 0.024169462400785532, 0.012202356599296292, 0.020753211684804845, 0.036965060142377874, 0.015321986744128959, 0.027360690614515997, 0.07822600441862368, 0.13693642091481875, 0.08972260862449881, 0.20292938384747566, 0.05524302430243024, 0.22283364700106376, 0.19186236805498733, 0.44505359626871777, 0.36686850503232143, 0.19718108174453808, 0.07838965714753293
0.1538028802880288, 0.06254602733000572, 0.11590704524997954, 0.15145037230995828, 0.0851096473283692, 0.2745785942230587, 0.4891273218230914, 0.022850012273954667, 0.4400621880369855, 0.03881638163816382, 0.07548482120939366, 0.056674985680386224, 0.3027882333687914, 0.14197897062433515, 0.13098355290074462, 0.07751002372964569, 0.19102364781932737, 0.1324461991653711, 0.012253498077080436, 0.040319941085017595, 0.04007446199165371, 0.19657761230668522, 0.11237828328287375, 0.040432452336142705, 0.23737828328287375, 0.006546109156370183, 0.1844366254807299, 0.11438302921201211, 0.265618607315277, 0.10165902953931757, 0.32558710416496195, 0.24626667212175762, 0.35719253743556173, 0.1823807380738074, 0.1632435970869814, 0.12290319941085018, 0.2651583340152197, 0.0855085508550855, 0.019801980198019802, 0.07646673758284919, 0.29170076098518943, 0.24234923492349236, 0.33374928401931103, 0.04936175435725391, 0.17979297929792978, 0.03617748138450209, 0.11845389084362981, 0.07398126176253988, 0.020027002700270028, 0.2047091072743638, 0.04296906963423615, 0.10165902953931757, 0.12238155633745193, 0.07953522624989771, 0.06903076671303494, 0.12393625726208984, 0.09554250879633418, 0.20131331314949677, 0.2283262417150806, 0.07155715571557156, 0.19085999509041812, 0.21744333524261517, 0.03367154897307913, 0.24648146632845103, 0.03371246215530644, 0.14333933393339335, 0.1766324359708698, 0.23638613861386137, 0.07825668930529417, 0.10107601669257835, 0.16092177399558139, 0.03547172899108093, 0.009256607478929712, 0.007292774732018657, 0.0398903526716308, 0.09172735455363719, 0.07325505277800508, 0.05849562228950168, 0.05772850012273955, 0.06585999509041814, 0.061523197774322885, 0.035983143768922345, 0.009338433843384338, 0.00040913182227313643, 0.005461909827346371, 0.05590786351362409, 0.16286515015137878, 0.0355330987644219, 0.0571352589804435, 0.057789869896080516, 0.013153588086081336, 0.32334710743801653, 0.22466451190573603, 0.23071966287537846, 0.44779477947794777, 0.01171139841256853, 0.042519024629735704, 0.14315522461337044, 0.06266876687668767, 0.14265403813108585
0.12304639554864577, 0.09952131576794043, 0.268717780868996, 0.11888347925701662, 0.2987480566238442, 0.43744374437443745, 0.25970665248343017, 0.013286555928320105, 0.37749570411586614, 0.1597762048932166, 0.20084281155388267, 0.2887038703870387, 0.10032935111692988, 0.23560878815154243, 0.22488953440798626, 0.09768022256771132, 0.271397594304885, 0.2965898862613534, 0.15967392193764832, 0.21442598805335078, 0.014943539808526307, 0.27083503804925946, 0.013276327632763277, 0.2843261598887161, 0.33040463137222814, 0.28552287046886504, 0.22848989444398984, 0.27170444317158987, 0.2070513869568775, 0.019873578266917602, 0.37157352098846247, 0.16230259389575322, 0.2626626298993536, 0.3345880042549709, 0.369814254152688, 0.30873087308730873, 0.1749345389084363, 0.24122412241224123, 0.3176499468128631, 0.13419523770558875, 0.13971851730627607, 0.39911832092300137, 0.20680590786351363, 0.2201538335651747, 0.27641968742328776, 0.23361427051796088, 0.11333974306521562, 0.01853367154897308, 0.12776163980034366, 0.3948838065624744, 0.25893953031666805, 0.264841256852958, 0.16698715326078062, 0.00020456591113656822, 0.12538867523115949, 0.005277800507323459, 0.1141989198919892, 0.20325668930529417, 0.048471892643809834, 0.2721340315849767, 0.1906758857703952, 0.17865763849112185, 0.1838638409295475, 0.14339047541117747, 0.05218476393093855, 0.01556746583749284, 0.09585958595859587, 0.002536617298093446, 0.07198674412895835, 0.09550159561410687, 0.16580067097618853, 0.0716082971933557, 0.16785655838311103, 0.0460477865968415, 0.04523975124785206, 0.045444317158988626, 0.010269208739055723, 0.08300261844366255, 0.1292447426560838, 0.05487480566238442, 0.05610220112920383, 0.07008428115538827, 0.02869036903690369, 0.045597741592341055, 0.038519761067015795, 0.09059201374682922, 0.018226822682268228, 0.10045209066361181, 0.012897880697160625, 0.11655142787005973, 0.3773627362736274, 0.12775141150478683, 0.07424719744701742, 0.28873455527370917, 0.15682022747729318, 0.40025366172980936, 0.3458698142541527, 0.2369998363472711, 0.013368382292774731, 0.07726454463628181
0.13197569756975697, 0.2181388593404795, 0.2159397757957614, 0.16764176417641763, 0.2767265362899926, 0.25999304475902135, 0.29005400540054005, 0.33012846739219376, 0.14002536617298095, 0.17026020783896573, 0.16833728827428196, 0.30553964487357826, 0.2505523279600687, 0.0054005400540054005, 0.2706509287292366, 0.06902053841747811, 0.25182063660911547, 0.09047950249570412, 0.12077571393502987, 0.11739014810571967, 0.37868218640045825, 0.15986825955322806, 0.24060019638327468, 0.05744210784714835, 0.06974674740201293, 0.3554946403731282, 0.13959577775959414, 0.31276082153669915, 0.23940348580312576, 0.11439325750756894, 0.42710293756648393, 0.10198633499713608, 0.33659275018410933, 0.1432881924556092, 0.19998363472710906, 0.20038253825382538, 0.32141395957777597, 0.18370018820063824, 0.0864393257507569, 0.18117379919810161, 0.27569347843875297, 0.13100400949185828, 0.23219253743556173, 0.2455404631372228, 0.035287619671058014, 0.17099664511905735, 0.005646019147369282, 0.30549873169135094, 0.15479502495704117, 0.16862368054987317, 0.20081212666721218, 0.032393012028475575, 0.0554782751002373, 0.18486621389411667, 0.10668112265772031, 0.10377628671958104, 0.10334669830619425, 0.08812699451763358, 0.003682186400458228, 0.06918419114638737, 0.26268308649046723, 0.01396162343507078, 0.1049832255952868, 0.09382415514278701, 0.1612899926356272, 0.035287619671058014, 0.05634768022256771, 0.2691064561001555, 0.21485557646673759, 0.11242942476065788, 0.22363145405449636, 0.11311472056296538, 0.08670526143523444, 0.17348212093936666, 0.06615661566156615, 0.0600503232141396, 0.04330660338761149, 0.10850175926683578, 0.07157761230668522, 0.10090213566811226, 0.04247811144750839, 0.023688732509614598, 0.04423737828328288, 0.0024547909336388183, 0.027698224367891336, 0.17570166107519844, 0.03113493167498568, 0.2217699042631536, 0.19979952540708618, 0.014299157188446118, 0.01719376483102856, 0.28806971606251536, 0.28025529825709844, 0.3311922101301039, 0.16916578021438508, 0.37951067834056135, 0.15057073889207104, 0.00578921528516488, 0.1277002700270027, 0.2945033139677604
0.11987562392602896, 0.1361999836347271, 0.3161361590704525, 0.3509839620325669, 0.02837329187464201, 0.3246256443826201, 0.39162098027984615, 0.34870305212339414, 0.2831601341952377, 0.06303698551673349, 0.34326159888716146, 0.18539808526307175, 0.3310796988789788, 0.03602405695114966, 0.2514831028557401, 0.18607315276982245, 0.11818795515915227, 0.23467801325587104, 0.3677685950413223, 0.29070861631617706, 0.28425456181981834, 0.2586735946321905, 0.20469887897880698, 0.28072579985271257, 0.3191637345552737, 0.2912609442762458, 0.24723836019965634, 0.3808608133540627, 0.036811635709025445, 0.12317936339088455, 0.1562167580394403, 0.13586244988135177, 0.3676049423124131, 0.03232141395957778, 0.18200229113820474, 0.18594018492758366, 0.012140986825955323, 0.112899926356272, 0.16515628835610835, 0.40731118566402097, 0.17339006627935521, 0.14315522461337044, 0.12314867850421406, 0.16947262908108993, 0.11985516733491532, 0.13910481957286638, 0.09070452499795434, 0.19726290810899272, 0.05394403076671304, 0.29672285410359217, 0.17714385074871122, 0.0280459864168235, 0.08276736764585549, 0.0838515669748793, 0.10591400049095819, 0.11985516733491532, 0.08119221013010391, 0.1646039603960396, 0.12665698388020621, 0.16083994763112675, 0.25726208984534815, 0.1309119548318468, 0.27308526307176173, 0.24357663039031177, 0.09940880451681532, 0.18136813681368136, 0.17976229441125932, 0.03080762621716717, 0.14910809262744457, 0.14623394157597577, 0.14424965223795108, 0.05730914000490958, 0.01132272318140905, 0.11665371082562802, 0.07809303657638492, 0.016303903117584485, 0.1466328451026921, 0.011036330905817855, 0.014094591277309549, 0.03854021765812945, 0.04264176417641764, 0.05586695033139678, 0.002843466164798298, 0.0033548809426397186, 0.08957941248670322, 0.04409418214548728, 0.16368341379592505, 0.15345511823909663, 0.2736171344407168, 0.2336244988135177, 0.21485557646673759, 0.13362245315440635, 0.30851607888061533, 0.06513378610588332, 0.2911075198428934, 0.3390884542999755, 0.33336060878815155, 0.3369814254152688, 0.1774200147287456, 0.20356353817199901
0.09220808444480812, 0.35806194255789214, 0.2357417559937812, 0.28457163898208004, 0.39690900908272647, 0.0760371491694624, 0.21736150887816055, 0.355566238442026, 0.23778741510514687, 0.14439284837574667, 0.29306112429424763, 0.41144341706897963, 0.035584240242206036, 0.18845634563456345, 0.007875787578757875, 0.2563006300630063, 0.1749652237951068, 0.2038090172653629, 0.19140209475493003, 0.28094059405940597, 0.25102282955568284, 0.21592954750020457, 0.28425456181981834, 0.04132231404958678, 0.04133254234514361, 0.31906145159970545, 0.11447508387202357, 0.03507282546436462, 0.28402953931756814, 0.005308485393993945, 0.24617461746174618, 0.18514237787415105, 0.28112470337942885, 0.1657904426806317, 0.3044349889534408, 0.036279764340070374, 0.3585835856312904, 0.3227538662957205, 0.3414818754602733, 0.16045127239996726, 0.24003764012764914, 0.2383090581785451, 0.0605924228786515, 0.1758653138041077, 0.023811472056296537, 0.11356476556746584, 0.13883888388838883, 0.2565870223385975, 0.1662916291629163, 0.13810244660829718, 0.183536535471729, 0.007937157352098847, 0.0028025529825709845, 0.045556828410113735, 0.018973488257916702, 0.13315195155879225, 0.08905776941330497, 0.004878896980607152, 0.1900212748547582, 0.14082317322641355, 0.1401583340152197, 0.25844857212994027, 0.1708023075034776, 0.24003764012764914, 0.22577939612143033, 0.05895589558955896, 0.11628549218558219, 0.1871368955077326, 0.037271909009082727, 0.10587308730873088, 0.2885299893625726, 0.04982202765731118, 0.11623435070779806, 0.07629285655838311, 0.20545577285001226, 0.14814663284510268, 0.1203563538171999, 0.018881433597905246, 0.05184723017756321, 0.07171058014892398, 0.13260985189428035, 0.08178545127239997, 0.014125276163980034, 0.12164511905736028, 0.11396366909418215, 0.043633908845429996, 0.14076180345307257, 0.23510760166925784, 0.309845757303003, 0.11801407413468619, 0.1875357990344489, 0.17696996972424514, 0.0033753375337533752, 0.2639309385484003, 0.33559037721954016, 0.07744865395630472, 0.35000204565911136, 0.14551796088699778, 0.29148596677849603, 0.13384747565665658
0.27357622125848946, 0.2945646837411014, 0.008336060878815154, 0.3443355699206284, 0.06984903035758121, 0.3349971360772441, 0.33250143196137794, 0.39878078716962606, 0.2852671630799444, 0.094182145487276, 0.152002700270027, 0.2795597741592341, 0.11894484903035758, 0.34239219376483104, 0.3318059078635136, 0.15806807953522625, 0.1827080435316259, 0.00791670076098519, 0.1080414859667785, 0.001922919564683741, 0.2864127321823091, 0.3110936093609361, 0.39651010555601013, 0.27116234350707796, 0.319920628426479, 0.03992103755830129, 0.1998199819981998, 0.11833115129694788, 0.18190000818263644, 0.057217085344898125, 0.4171917191719172, 0.010709025447999345, 0.2132088208820882, 0.23958759512314867, 0.010074871123475984, 0.20536371819000082, 0.12089845348171181, 0.2812781278127813, 0.06132886015874315, 0.3491633254234514, 0.13383724736109975, 0.3093650274118321, 0.05430202111120203, 0.028260780623516897, 0.1558485393993945, 0.18101014646919236, 0.09855985598559856, 0.13462482611897553, 0.009839620325668931, 0.20895384993044758, 0.11987562392602896, 0.09844734473447345, 0.06615661566156615, 0.02289092545618198, 0.045024957041158664, 0.05244047131985926, 0.056143114311431146, 0.15172653628999264, 0.19532976024875215, 0.13865477456836592, 0.14500654610915636, 0.0831662711725718, 0.16822477702315686, 0.061083381065379264, 0.16851116929874807, 0.05158129449308567, 0.16589272563619997, 0.04120980279846166, 0.16721217576303085, 0.3253416250715981, 0.0860097373373701, 0.14893421160297848, 0.12053023484166599, 0.13679322477702316, 0.20339988544308976, 0.1620468865068325, 0.24577571393502987, 0.009113411341134114, 0.068550036821864, 0.05726822682268227, 0.05756484739383029, 0.0977825055232796, 0.10136240896816955, 0.13583176499468128, 0.034275018410932, 0.19166803043940758, 0.1497320186564111, 0.04901399230832174, 0.21837411013828656, 0.07684518451845185, 0.11555928320104737, 0.1315972506341543, 0.09574707470747075, 0.2697201538335652, 0.0011046559201374683, 0.24702356599296293, 0.22778414205056868, 0.10281482693723917, 0.26754152687996074, 0.020681613615907046
0.21994926765403813, 0.21408845429997544, 0.2452438425660748, 0.20455568284101136, 0.12433516078880616, 0.36029171098928076, 0.14133458800425497, 0.14626462646264626, 0.026031012192128302, 0.10665043777104984, 0.4147880697160625, 0.06602364781932739, 0.45381924556091974, 0.06589067997708861, 0.3846248261189755, 0.07822600441862368, 0.40529621143932576, 0.003416250715980689, 0.32475861222485886, 0.18657433925210704, 0.20900499140823173, 0.20356353817199901, 0.35806194255789214, 0.04247811144750839, 0.28950167744047134, 0.12225881679076998, 0.34464241878733326, 0.207736682759185, 0.05312576712216676, 0.08728827428197365, 0.21232918746420096, 0.25063415432452335, 0.30597946158252187, 0.3099582685541281, 0.12735250797807054, 0.2698735782669176, 0.017848375746665576, 0.340724981589068, 0.267347189264381, 0.23519965632926929, 0.062085754029948446, 0.03145200883724736, 0.051560837901972016, 0.3115334260698797, 0.02032362327141805, 0.15170607969887898, 0.041138204729563865, 0.08034326159888716, 0.1748220276573112, 0.06628958350380493, 0.11541608706325178, 0.11575362081662711, 0.23936257262089847, 0.14959905081417232, 0.050282300957368464, 0.04978111447508387, 0.10458432206857049, 0.0776532198674413, 0.10970869814254153, 0.23542467883151952, 0.1703931756812045, 0.2853899026266263, 0.09033630635790851, 0.06542017838147451, 0.2865763849112184, 0.025979870714344162, 0.3184477538662957, 0.10180222567711317, 0.1051264217330824, 0.13759103183045576, 0.15047868423205957, 0.19690491776450372, 0.08514033221503968, 0.03147246542836102, 0.103183045577285, 0.1307994435807217, 0.04344979952540708, 0.0038560674249243105, 0.16243556173799198, 0.02561165207429834, 0.07763276327632763, 0.018421160297847967, 0.1498854430897635, 0.09700515506096064, 0.09672899108092628, 0.20503641273218232, 0.10368423205956959, 0.09457082071843548, 0.03550241387775141, 0.10005318713689551, 0.1155285983143769, 0.11348293920301121, 0.1909213648637591, 0.042355371900826444, 0.24200147287456017, 0.10388879797070616, 0.1073255052778005, 0.21660461500695524, 0.10488094263971852, 0.2128815154242697
0.0452908927256362, 0.214354389984453, 0.1164696015056051, 0.17297070616152524, 0.14470992553800835, 0.04997545209066361, 0.20758325832583258, 0.09993044759021356, 0.38552491612797646, 0.2924474265608379, 0.0854676376728582, 0.17432084117502658, 0.06392684723017757, 0.20014728745601834, 0.3793674822027657, 0.11903690369036904, 0.4033016938057442, 0.05679772522706816, 0.14363595450454136, 0.08991694624007855, 0.0032832828737419197, 0.38221094836756403, 0.3208514033221504, 0.37754684559365026, 0.3125664839211194, 0.11861754357253908, 0.2807769413304967, 0.27443539808526307, 0.20800261844366255, 0.23600769167825875, 0.06298584403894934, 0.1813374519270109, 0.3132415514278701, 0.3018472301775632, 0.1462441698715326, 0.08572334506177891, 0.3641068652319777, 0.4436932329596596, 0.33893502986662305, 0.1968946894689469, 0.10095327714589641, 0.10002250225022502, 0.16624048768513214, 0.011097700679158825, 0.2693417068979625, 0.09445830946731036, 0.10990303575812127, 0.04038131085835856, 0.0313599541772359, 0.20098600769167826, 0.1722342688814336, 0.008694051223304149, 0.1306153342606988, 0.16735537190082644, 0.07541322314049587, 0.02618443662548073, 0.08650069552409786, 0.073081171753539, 0.13541240487685133, 0.096268717780869, 0.11477170444317158, 0.07773504623189592, 0.04413509532771459, 0.13556582931020375, 0.06421323950576877, 0.2994640373128222, 0.2463280418950986, 0.2466553473529171, 0.15475411177481385, 0.21128590131740446, 0.007180263480893544, 0.22419401031012193, 0.15806807953522625, 0.049464037312822194, 0.04857417559937812, 0.03372269045086327, 0.07856353817199901, 0.027841420505686932, 0.24401644709925538, 0.16262989935357172, 0.18702438425660747, 0.08018983716553474, 0.16906349725881678, 0.024547909336388184, 0.2428708779968906, 0.16048195728663775, 0.23676458554946403, 0.250715980688978, 0.1376421733082399, 0.10453318059078635, 0.02871082562801735, 0.11653097127894607, 0.08045577285001228, 0.2152953931756812, 0.00042958841338679323, 0.15933638818427298, 0.18045781850912365, 0.19370346125521642, 0.09623803289419851, 0.2852057933066034
0.1365272890925456, 0.2403138041076835, 0.3099480402585713, 0.2646878324196056, 0.3353039849439489, 0.29915718844611733, 0.3641580067097619, 0.33035348989444396, 0.21571475329351117, 0.28151337861058834, 0.1923226413550446, 0.39860690614516, 0.31341543245233616, 0.16811226577203175, 0.34279109729154733, 0.011435234432534162, 0.04317363554537272, 0.39167212175763033, 0.19348866704852302, 0.47774322886834136, 0.07702929383847476, 0.3000061369773341, 0.29638532035021686, 0.26721422142214224, 0.026481057196628754, 0.3040360854267245, 0.058188773422796825, 0.30607151624253337, 0.1904917764503723, 0.3050282300957368, 0.09407986253170772, 0.27953931756812045, 0.2316811226577203, 0.3168930529416578, 0.26917805416905327, 0.10073848293920301, 0.1929363390884543, 0.12109279109729154, 0.2035226249897717, 0.2844488994353981, 0.27483430161197936, 0.06090950004091318, 0.06305744210784715, 0.07903403976761313, 0.15911136568202275, 0.06812044840847721, 0.04754111774813845, 0.12066320268390475, 0.12664675558464938, 0.13278373291874643, 0.2418685050323214, 0.11622412241224123, 0.10237501022829555, 0.06678054169053269, 0.00952254316340725, 0.03901071925374355, 0.006597250634154324, 0.031840684068406844, 0.14467924065133786, 0.06144137140986826, 0.17660175108419932, 0.2030214385074871, 0.19584117502659357, 0.21741265035594468, 0.17125235250797807, 0.25735414450535965, 0.23752147942066934, 0.19247606578839702, 0.034336388184272974, 0.09323091400049095, 0.27373987398739874, 0.2945033139677604, 0.11227600032730546, 0.01762335324441535, 0.19478766058424024, 0.16155592832010474, 0.0946526470828901, 0.09216717126258081, 0.030592832010473775, 0.018768922346780133, 0.04702970297029703, 0.17923042304230424, 0.06133908845429997, 0.20887202356599296, 0.18618566402094755, 0.22435766303903118, 0.16059446853776288, 0.17476065788397022, 0.07497340643155224, 0.11510923819654693, 0.11508878160543327, 0.026654938221094836, 0.06282219131004009, 0.09623803289419851, 0.01074993863022666, 0.07002291138204729, 0.0632210948367564, 0.07818509123639637, 0.11771745356353817, 0.09774159234105229
0.1862061206120612, 0.38624089681695445, 0.22276204893216595, 0.1835058505850585, 0.1657597577939612, 0.28757875787578757, 0.22510432861467966, 0.24034448899435398, 0.07393012028475575, 0.01750061369773341, 0.0558055805580558, 0.11604001309221831, 0.13431797725227068, 0.03522624989771705, 0.03385565829310204, 0.3566708943621635, 0.32245724572457246, 0.3745601832910564, 0.08048645773668275, 0.374345389084363, 0.01818590950004091, 0.35186359545045415, 0.32705997872514525, 0.23726577203174862, 0.17283773831928648, 0.07858399476311267, 0.1269740610424679, 0.05046641027739138, 0.1355453727190901, 0.007425742574257425, 0.14604983225595286, 0.18707552573439162, 0.22673062760821536, 0.31245397266999425, 0.21149046722854103, 0.10137263726372638, 0.23943417068979625, 0.058914982407331645, 0.04869691514606006, 0.06524629735700843, 0.1890904999590868, 0.17898494394894035, 0.11093609360936094, 0.16831683168316833, 0.14126298993535716, 0.07621103019392848, 0.09366050241387776, 0.023115947958432206, 0.13496235987235086, 0.19011332951476967, 0.0748506668848703, 0.09475493003845839, 0.07137304639554864, 0.12548072989117093, 0.01525038867523116, 0.06395753211684804, 0.00244456263808199, 0.019116684395712298, 0.1436870959823255, 0.0381617707225268, 0.0716082971933557, 0.020814581458145815, 0.23659070452499795, 0.19947221994926764, 0.13830701251943375, 0.022297684313885933, 0.08583585631290402, 0.05996849684968497, 0.08433229686605025, 0.11886302266590296, 0.06542017838147451, 0.07201742901562884, 0.10127035430815809, 0.09745520006546109, 0.008499713607724408, 0.21587840602242042, 0.03370223385974961, 0.05829105637836511, 0.24481425415268798, 0.31858072170853446, 0.2636752311594796, 0.21685009410031914, 0.1040831355862859, 0.062228950167744046, 0.18513214957859422, 0.20372719090090827, 0.10306030603060307, 0.2716839865804762, 0.005758530398494395, 0.0034878487848784877, 0.15262662629899354, 0.09812003927665494, 0.07622125848948531, 0.019638327469110546, 0.02372964569184191, 0.039317568120448405, 0.022870468865068324, 0.017214221422142215, 0.007926929056542019, 0.34006014237787413
0.2868627771868096, 0.2758469028721054, 0.0676499468128631, 0.21817977252270682, 0.3441105474183782, 0.035737664675558466, 0.013276327632763277, 0.053606497013337695, 0.14363595450454136, 0.15400744619916537, 0.1439018901890189, 0.18161361590704525, 0.27089640782260044, 0.23816586204074952, 0.1423165043777105, 0.4432841011373865, 0.3301489239833074, 0.29415555191882825, 0.20746051877915064, 0.11372841829637509, 0.3787333278782424, 0.23834997136077243, 0.04540340397676131, 0.27554005400540055, 0.013757057523934212, 0.09123639636690942, 0.18277964160052368, 0.1888347925701661, 0.005195974142868832, 0.23002413877751413, 0.08711439325750757, 0.028997217903608544, 0.1001554700924638, 0.27800507323459617, 0.33466983061942557, 0.11167253088945259, 0.10847107438016529, 0.2653833565174699, 0.16486989608051714, 0.09526634481629981, 0.1337145078144178, 0.22398944439898535, 0.015864086408640864, 0.043899844529907535, 0.19753907208902707, 0.0468762785369446, 0.18997013337697405, 0.05631699533589723, 0.19153506259716882, 0.1579351116929875, 0.023842156942967024, 0.1841093200229114, 0.11333974306521562, 0.047254725472547256, 0.02574461991653711, 0.02953931756812045, 0.06629981179936176, 0.03139063906390639, 0.011854594550364127, 0.18641068652319778, 0.020047459291383685, 0.041987153260780626, 0.00013296784223876934, 0.13635340806807952, 0.09932697815236069, 0.2448551673349153, 0.28742533344243515, 0.15115375173881024, 0.07162875378446935, 0.09829392030112102, 0.2078389657147533, 0.013583176499468129, 0.024108092627444563, 0.07545413632272319, 0.14539522134031585, 0.1833217412650356, 0.08238892071025285, 0.05297234268881434, 0.025826446280991736, 0.14405531462237134, 0.021019147369282384, 0.025304803207593488, 0.27533548809426395, 0.08002618443662549, 0.22739546681940923, 0.07247770231568611, 0.07248793061124294, 0.10522870468865068, 0.12340438589313477, 0.13330537599214468, 0.05428156452008837, 0.13955486457736682, 0.17229563865477457, 0.019075771213484985, 0.008223549627690042, 0.08167294002127486, 0.006474511087472384, 0.06622821373046396, 0.0783078307830783, 0.030776941330496688
0.0653076671303494, 0.08398453481711808, 0.3055703297602487, 0.2330005727845512, 0.03532853285328533, 0.13228254643646184, 0.07903403976761313, 0.09393666639391211, 0.16687464200965552, 0.04852303412159398, 0.2086674576548564, 0.04450331396776041, 0.13973897389738973, 0.2501636527289093, 0.23618157270272483, 0.04828778332378692, 0.4613472710907454, 0.04554660011455691, 0.4599971360772441, 0.07559733246051878, 0.32169012355781035, 0.26525038867523115, 0.1442701088290647, 0.13934007037067342, 0.04553637181900008, 0.25829514769658785, 0.08730873087308731, 0.14636690941821454, 0.15651337861058834, 0.20010637427379102, 0.2389432125030685, 0.11137591031830456, 0.27596964241878735, 0.07463587267817691, 0.17155920137468292, 0.3113800016365273, 0.182820554782751, 0.04950495049504951, 0.1730218476393094, 0.01905531462237133, 0.09647328369200557, 0.19339661238851158, 0.1958514033221504, 0.22843875296620572, 0.17671426233532445, 0.22066524834301612, 0.023975124785205793, 0.15399721790360854, 0.07972956386547746, 0.05964119139186646, 0.13839906717944522, 0.09277064070043368, 0.1768779150642337, 0.019863349971360772, 0.05318713689550773, 0.07370509778250553, 0.12880492594714016, 0.027012928565583832, 0.02877219540135832, 0.024813845020865723, 0.014176417641764177, 0.13622044022584076, 0.04311226577203175, 0.06424392439243924, 0.22010269208739056, 0.18297397921610342, 0.10939162098027985, 0.021060060551509698, 0.1769495131331315, 0.2761742083299239, 0.20062801734718927, 0.1195278618770968, 0.08254234514360527, 0.28502168398658045, 0.023473938302921202, 0.09923492349234923, 0.027012928565583832, 0.33424024220603876, 0.15613493167498568, 0.26567997708861796, 0.2845920955731937, 0.27824032403240323, 0.1514708289010719, 0.21707511660256934, 0.29432943294329433, 0.09854962769004173, 0.13314172326323542, 0.01582317322641355, 0.3413079944358072, 0.15993985762212584, 0.16036944603551265, 0.12662629899353572, 0.005748302102937567, 0.03735373537353735, 0.028547172899108093, 0.015935684477538663, 0.02096800589149824, 0.11839252107028884, 0.08761557973979216, 0.14702152033385157
0.3368280009819164, 0.17968046804680468, 0.11295106783405613, 0.014544636281809999, 0.18777104983225595, 0.1204995499549955, 0.17102733000572784, 0.08696096882415515, 0.03387611488421569, 0.17273545536371818, 0.04939243924392439, 0.028966533016938058, 0.01126135340806808, 0.1449451763358154, 0.2814826937239178, 0.2536719581049014, 0.12676949513133132, 0.4814254152687996, 0.06374273791015465, 0.36457736682759184, 0.30005727845511826, 0.04714221422142214, 0.044759021356681125, 0.29936175435725393, 0.1694317158988626, 0.0471626708125358, 0.09275018410932002, 0.04824687014155961, 0.18675844857212995, 0.04735700842811554, 0.10965755666475739, 0.16016488012437607, 0.019372391784633007, 0.05132558710416496, 0.08945667294002127, 0.16851116929874807, 0.3249018083626544, 0.08133540626789952, 0.12119507405285983, 0.10749938630226659, 0.02400580967187628, 0.16883847475656658, 0.0037946976515833403, 0.20242819736519108, 0.0808239914900581, 0.17217289910809264, 0.06797725227068162, 0.20530234841665984, 0.10369446035512642, 0.15928524670648883, 0.14946608297193356, 0.12734227968251371, 0.13785696751493332, 0.08311512969478765, 0.040043777104983226, 0.07407331642255134, 0.03703665821127567, 0.15050936911873006, 0.013163816381638164, 0.0731936830046641, 0.0697365191064561, 0.036709352753457165, 0.1503457163898208, 0.08371859913264054, 0.20772645446362817, 0.09625848948531217, 0.2784858031257671, 0.02027248179363391, 0.1275161607069798, 0.1116418460027821, 0.14924106046968333, 0.27729932084117503, 0.20627403649455855, 0.16234350707798054, 0.16016488012437607, 0.020702070207020702, 0.033108992717453566, 0.23978193273872841, 0.17719499222649537, 0.25852017019883805, 0.42431061287946975, 0.037548072989117096, 0.19284428442844284, 0.2959966451190574, 0.10890066279355208, 0.05174494722199493, 0.1397287456018329, 0.04357253907208903, 0.12465223795106783, 0.07656902053841748, 0.1360567874969315, 0.03900049095818673, 0.07743842566074789, 0.07444153506259717, 0.0058914982407331645, 0.02566279355208248, 0.021581703624907946, 0.021704443171589885, 0.09382415514278701, 0.07841011373864659
0.25663816381638166, 0.04146551018738238, 0.3236232714180509, 0.10433884297520661, 0.21497831601341952, 0.05643973488257917, 0.17485271254398166, 0.13746829228377383, 0.02683904754111775, 0.018707552573439163, 0.14103796743310695, 0.085181245397267, 0.2357826691760085, 0.04720358399476311, 0.18492758366745765, 0.3227538662957205, 0.37235087145078144, 0.3439673512805826, 0.2773811472056297, 0.469836756402913, 0.277002700270027, 0.2759082726454464, 0.023709189100728254, 0.17245929138368382, 0.1755891498240733, 0.11540585876769495, 0.16049218558219458, 0.039082317322641356, 0.10803125767122167, 0.03911300220931184, 0.13446117339006627, 0.06998199819981998, 0.04074952949840439, 0.025192291956468375, 0.21106087881515423, 0.18315808853612633, 0.2207266181163571, 0.13595450454136324, 0.3707859422305867, 0.1316995335897226, 0.011537517388102447, 0.22781482693723917, 0.11757425742574257, 0.15466205711480238, 0.16265035594468538, 0.12723999672694541, 0.03674003764012765, 0.151286719581049, 0.1291424597005155, 0.22348825791670077, 0.06024466082971933, 0.17422878651501514, 0.0835651746992881, 0.09860076916782587, 0.04303043940757712, 0.049034448899435396, 0.03508305375992145, 0.10813354062678995, 0.08254234514360527, 0.031994108501759266, 0.1530050732345962, 0.12259635054414532, 0.1520742983389248, 0.03057237541936012, 0.012683086490467229, 0.07822600441862368, 0.2138941166843957, 0.24253334424351525, 0.24374028311922102, 0.28205547827510025, 0.0615641109565502, 0.1881494967678586, 0.22753866295720482, 0.13586244988135177, 0.09624826118975534, 0.023883070125194337, 0.16702806644300794, 0.18313763194501267, 0.181091972833647, 0.297807053432616, 0.17232632354144506, 0.2958739055723754, 0.26211030193928486, 0.2986355453727191, 0.3413386793224777, 0.20984371164389165, 0.012253498077080436, 0.2391580067097619, 0.1934784387529662, 0.17671426233532445, 0.15099009900990099, 0.14899558137631946, 0.050578921528516486, 0.06298584403894934, 0.06775222976843139, 0.03467392193764831, 0.029570002454790932, 0.056409049995908685, 0.14885238523852384, 0.11993699369936994
0.026419687423287784, 0.02574461991653711, 0.13916618934620734, 0.1301755175517552, 0.18719826528107356, 0.12497954340888634, 0.240283119221013, 0.1165411995745029, 0.06076630390311758, 0.03674003764012765, 0.01041240487685132, 0.018165452908927255, 0.0940389493494804, 0.03399885443089763, 0.3523443253416251, 0.24303453072579986, 0.3157065706570657, 0.19284428442844284, 0.06204484084772113, 0.22856149251288765, 0.15012069388757057, 0.1372432697815236, 0.18863022665902954, 0.2718885524916128, 0.16486989608051714, 0.1424903854021766, 0.05546804680468047, 0.031155388266099336, 0.030961050650519597, 0.08541649619507405, 0.07710089190737256, 0.12908108992717454, 0.1412323050486867, 0.15760780623516898, 0.007405285983143769, 0.2570575239342116, 0.015853858113084037, 0.206724081499059, 0.019607642582440063, 0.12956181981834547, 0.05370877996890598, 0.13790810899271747, 0.2642173308239915, 0.150274118320923, 0.1122555437361918, 0.15512233041485968, 0.2185377628671958, 0.15179813435889045, 0.20264299157188445, 0.19071679895262253, 0.12184968496849685, 0.18683004664102773, 0.13524875214794208, 0.11300220931184027, 0.07949431306767041, 0.06252557073889208, 0.040882497340643156, 0.031431552246133705, 0.06803862204402258, 0.07297888879797071, 0.06543040667703134, 0.0026491285492185584, 0.11871982652810735, 0.09200351853367154, 0.10716185254889125, 0.125357990344489, 0.0803944030766713, 0.12174740201292857, 0.3247381556337452, 0.1843752557073889, 0.2944214876033058, 0.0734084772113575, 0.24448694869486948, 0.17962932656902053, 0.141273218230914, 0.06927624580639882, 0.2480566238442026, 0.1526163980034367, 0.3077182718271827, 0.2867604942312413, 0.26509696424187873, 0.35139309385484, 0.24678831519515587, 0.2230382129122003, 0.06301652892561983, 0.11214303248506668, 0.23626339906717944, 0.16550405040504051, 0.15663611815727027, 0.143717780868996, 0.05906840684068407, 0.11586613206775223, 0.13408272645446362, 0.14410645610015546, 0.05770804353162589, 0.04590459045904591, 0.009052041567793143, 0.006055150969642419, 0.010463546354635464, 0.010402176581294493
0.20481139022993208, 0.1677031339497586, 0.03722076753129858, 0.10011455691023648, 0.29808321741265037, 0.1557462564438262, 0.1150274118320923, 0.04602733000572785, 0.018646182800098193, 0.07493249324932494, 0.03043940757712135, 0.15276982243678913, 0.20260207838965716, 0.09779273381883644, 0.027555028230095736, 0.012836510923819655, 0.3774854758203093, 0.14768635954504541, 0.23590540872269045, 0.08029212012110302, 0.01081130840356763, 0.16772359054087227, 0.11420914818754603, 0.1492308321741265, 0.16256852958023074, 0.16570861631617706, 0.014442353326241716, 0.0144730382129122, 0.032965796579657966, 0.017510841993290237, 0.012468292283773831, 0.014718517306276081, 0.10647655674658375, 0.01247852057933066, 0.17143646182800099, 0.01795065870223386, 0.040882497340643156, 0.0572784551182391, 0.19457286637754684, 0.14518042713362245, 0.07035021683986581, 0.19940062188036986, 0.16836797316095245, 0.12476474920219295, 0.09103183045577284, 0.13143359790524506, 0.20040299484493904, 0.16232305048686688, 0.1694930856722036, 0.1885790851812454, 0.16101382865559283, 0.15410972915473364, 0.11068038622044023, 0.14665330169380575, 0.08623475983962033, 0.06739423942394239, 0.026082153669912445, 0.047091072743638, 0.022420423860567876, 0.060132149578594224, 0.005185745847312004, 0.09224899762703544, 0.08235823582358236, 0.10230341215939776, 0.09476515833401522, 0.18540831355862858, 0.13974920219294656, 0.22136077244088045, 0.16700760985189428, 0.006106292447426561, 0.07617011701170116, 0.1765915227886425, 0.20372719090090827, 0.1497729318386384, 0.43218640045822765, 0.05081417232632354, 0.16303903117584487, 0.28786515015137876, 0.2245110874723836, 0.2681143114311431, 0.18439571229850257, 0.10803125767122167, 0.3030439407577121, 0.016170935275345716, 0.14264380983552902, 0.03287374191964651, 0.17724613370427952, 0.14322682268226822, 0.1985925865313804, 0.11636731855003682, 0.13215980688977988, 0.1027534571638982, 0.14769658784060224, 0.1187709680058915, 0.0369036903690369, 0.024946812863104493, 0.05897635218067261, 0.07269249652237951, 0.11826978152360691, 0.050548236641846
0.07822600441862368, 0.09757793961214303, 0.05763644546272809, 0.07773504623189592, 0.17958841338679324, 0.21955036412732182, 0.10291710989280746, 0.014646919237378283, 0.007364372800916456, 0.009624826118975534, 0.029825709843711645, 0.1113554537271909, 0.07608829064724654, 0.1999529498404386, 0.20421814908763603, 0.3208514033221504, 0.07578144178054169, 0.1975799852712544, 0.11056787496931511, 0.21305539644873578, 0.0711071107110711, 0.10021683986580476, 0.10597537026429915, 0.2151521970378856, 0.22809099091727356, 0.1718353653547173, 0.010391948285737664, 0.036238851157843054, 0.0038662957204811392, 0.03631044922674086, 0.023453481711807545, 0.08058874069225104, 0.00020456591113656822, 0.03120652974388348, 0.09516406186073152, 0.20065870223385976, 0.05884338433843384, 0.028322150396857867, 0.034213648637591035, 0.045117011701170114, 0.17661197937975615, 0.18205343261598886, 0.15829310203747649, 0.09407986253170772, 0.10846084608460846, 0.203982898289829, 0.17236723672367238, 0.16842934293429343, 0.13595450454136324, 0.10480934457082072, 0.12909131822273137, 0.05478275100237297, 0.12036658211275673, 0.15112306685213975, 0.1164286883233778, 0.06518492758366745, 0.04261107928974716, 0.0026491285492185584, 0.028424433352426153, 0.029498404385893136, 0.058454709107274364, 0.03397839783978398, 0.003467392193764831, 0.02843466164798298, 0.05978438752966206, 0.12775141150478683, 0.17451517879060632, 0.09712789460764258, 0.03242369691514606, 0.13945258162179855, 0.1819204647737501, 0.1869221013010392, 0.041025693478438756, 0.13063579085181246, 0.05134604369527862, 0.18155224613370427, 0.16940103101219212, 0.1351566974879306, 0.1774916127976434, 0.23290851812453972, 0.2954034039767613, 0.34125685295802305, 0.2349132640536781, 0.23475983962032568, 0.19040995008591768, 0.17990549054905491, 0.20985393993944848, 0.15859995090418133, 0.1382456427460928, 0.05908886343179773, 0.12125644382620081, 0.13224163325423452, 0.12925497095164062, 0.13509532771458965, 0.11081335406267899, 0.1080823991490058, 0.07637468292283774, 0.0653076671303494, 0.05539644873578267, 0.07090254479993453
0.04789910809262744, 0.07847148351198756, 0.048471892643809834, 0.20796170526143523, 0.13488053350789625, 0.16734514360526961, 0.09166598478029621, 0.07426765403813108, 0.021970378856067424, 0.006863186318631863, 0.06324155142787007, 0.07211971197119713, 0.0905101873823746, 0.08639841256852958, 0.013920710252843466, 0.17728704688650684, 0.36041445053596266, 0.1370182472792734, 0.03209639145732755, 0.09049995908681777, 0.04718312740364945, 0.13015506096064153, 0.1337861058833156, 0.19464446444644465, 0.1505195974142869, 0.11014851485148515, 0.036361590704525, 0.014370755257343916, 0.04149619507405286, 0.008305375992144669, 0.0627199083544718, 0.07128099173553719, 0.0988973897389739, 0.0012580803534898944, 0.08549832255952867, 0.09887693314786024, 0.04970951640618607, 0.010187382374601097, 0.053043940757712134, 0.14823868750511415, 0.07138327469110547, 0.15898862613534082, 0.11561042467883152, 0.07913632272318141, 0.13430774895671385, 0.1822068570493413, 0.17513910481957287, 0.11208166271172572, 0.1743924392439244, 0.1463464528271009, 0.19162711725718026, 0.14925128876524016, 0.1166127976434007, 0.07010473774650192, 0.12310776532198675, 0.15828287374191966, 0.11304312249406759, 0.016774404713198594, 0.02162261680713526, 0.004827755502823009, 0.02967228541035922, 0.038519761067015795, 0.041117748138450205, 0.05466001145569102, 0.010146469192373784, 0.03094059405940594, 0.011527289092545618, 0.044493085672203586, 0.02038499304475902, 0.021469192373782833, 0.04952540708616316, 0.022440880451681532, 0.010289665330169381, 0.10486048604860486, 0.06355862859013174, 0.1247136077244088, 0.12490794533998854, 0.16821454872760003, 0.19724245151787906, 0.010596514196874234, 0.07247770231568611, 0.14902626626298993, 0.0779805253252598, 0.18304557728500123, 0.1207143441616889, 0.061083381065379264, 0.1237419196465101, 0.1336735946321905, 0.12756730218476392, 0.09269904263153587, 0.15340397676131248, 0.18251370591604615, 0.1737071434416169, 0.12580803534898943, 0.08264462809917356, 0.09881556337451927, 0.08537558301284674, 0.05307462564438262, 0.06401890189018902, 0.050834628917437195
0.007855330987644219, 0.06572702724817936, 0.00765076507650765, 0.13783651092381966, 0.21294288519761068, 0.14715448817609034, 0.043275918500941, 0.029887079617052614, 0.030418950986007692, 0.02065092872923656, 0.08347312003927665, 0.10398085263071762, 0.10183291056378366, 0.047510432861467965, 0.15483593813926846, 0.17109892807462565, 0.22961500695524098, 0.07659970542508797, 0.012989935357172081, 0.007773504623189592, 0.08358563129040177, 0.016170935275345716, 0.1334588004254971, 0.15379265199247197, 0.17149783160134197, 0.09725063415432453, 0.061257262089845346, 0.026010555601014645, 0.005911954831846821, 0.031022420423860567, 0.0709230013910482, 0.1067118075443908, 0.06905122330414859, 0.046825137059160464, 0.04563865477456837, 0.049310612879469765, 0.0761087472383602, 0.02803575812126667, 0.08250143196137795, 0.046661484330251204, 0.23733737010064643, 0.1090540872269045, 0.09478561492512888, 0.05185745847312004, 0.17006587022338598, 0.17273545536371818, 0.13853203502168399, 0.1425722117666312, 0.09195237705588741, 0.2266692578348744, 0.18387406922510433, 0.10604696833319696, 0.1978766058424024, 0.04288724326978152, 0.19727313640454955, 0.10698797152442517, 0.09636077244088045, 0.025703706734309793, 0.024230832174126502, 0.016048195728663776, 0.009174781114475084, 0.002219540135831765, 0.03705711480238933, 0.024281973651910645, 0.040319941085017595, 0.003671958104901399, 0.02708452663448163, 0.013879797070616153, 0.08065011046559202, 0.08038417478111448, 0.021479420669339663, 0.024752475247524754, 0.04852303412159398, 0.14697037885606742, 0.1390434497995254, 0.06514401440144015, 0.12387488748874888, 0.01628344652647083, 0.030961050650519597, 0.06644300793715735, 0.16668030439407577, 0.2968762785369446, 0.11668439571229851, 0.2775754848212094, 0.10283528352835283, 0.12506136977334098, 0.13751943376155798, 0.16024670648883071, 0.07381760903363063, 0.12171671712625808, 0.1717023975124785, 0.1577203174862941, 0.13181204484084771, 0.037537844693560266, 0.07811349316749856, 0.13544308976352182, 0.07850216839865805, 0.04815481548154815, 0.011598887161443416, 0.001247852057933066
0.09120571148023893, 0.14783978397839784, 0.02477293183863841, 0.020374764749202193, 0.11800384583912937, 0.1530050732345962, 0.047766140250388674, 0.006760903363063579, 0.026614025038867523, 0.04972997299729973, 0.07464610097373374, 0.12556255625562557, 0.09037721954013583, 0.0995826855412814, 0.02823009573684641, 0.017930202111120203, 0.24688036985516734, 0.05812740364945585, 0.03999263562719908, 0.035870632517797235, 0.09095000409131822, 0.05751370591604615, 0.10605719662875378, 0.10930979461582521, 0.14452581621798544, 0.06636118157270272, 0.07137304639554864, 0.05603060306030603, 0.016365272890925455, 0.028015301530153015, 0.05866950331396776, 0.11340111283855658, 0.07624171508059897, 0.06076630390311758, 0.05282914655101874, 0.07209925538008347, 0.00791670076098519, 0.06865231977743229, 0.005492594714016856, 0.0574216512560347, 0.12947999345389086, 0.1118975533917028, 0.0572784551182391, 0.0663509532771459, 0.1771745356353817, 0.1431756812044841, 0.09070452499795434, 0.10613902299320842, 0.13095286801407413, 0.11823909663693642, 0.19900171835365355, 0.17207061615252434, 0.14125276163980036, 0.10827673676458555, 0.04193601178299648, 0.1477170444317159, 0.180733982489158, 0.09455036412732182, 0.032137304639554866, 0.019740610424678832, 0.01718353653547173, 0.0005625562556255626, 0.03631044922674086, 0.008151951558792243, 0.013797970706161525, 0.033088536126339906, 0.03138041076834956, 0.025509369118730054, 0.045986416823500534, 0.0506198347107438, 0.06518492758366745, 0.06474511087472383, 0.006096064151869732, 0.07533139677604124, 0.09878487848784878, 0.008387202356599297, 0.05341215939775796, 0.005922183127403649, 0.1875357990344489, 0.00565624744292611, 0.012181900008182636, 0.20023934211602978, 0.019853121675803945, 0.06243351607888062, 0.021458964078226006, 0.04769454218149088, 0.10120898453481712, 0.10201701988380656, 0.07447221994926766, 0.06309835529007446, 0.12442721544881762, 0.15252434334342524, 0.10703911300220931, 0.11324768840520416, 0.08703256689305294, 0.047643400703706734, 0.08556992062842649, 0.04270313394975861, 0.018298420751166024, 0.04020742983389248
0.0929956632026839, 0.04326569020538418, 0.01929056542017838, 0.12026429915718845, 0.14838188364290975, 0.10718230914000491, 0.12004950495049505, 0.03652524343343425, 0.009246379183372884, 0.011588658865886588, 0.07524957041158661, 0.09405940594059406, 0.05448613043122494, 0.139902626626299, 0.1290708616316177, 0.02025202520252025, 0.07713157679404305, 0.07894198510760167, 0.004091318222731364, 0.025274118320923, 0.04398167089436216, 0.03904140414041404, 0.09308771786269536, 0.0835242615170608, 0.13095286801407413, 0.09971565338352018, 0.019546272809099093, 0.015904999590868177, 0.010064642827919155, 0.021060060551509698, 0.02413877751411505, 0.08321741265035594, 0.06408027166352999, 0.05956959332296866, 0.02476270354308158, 0.026808362654447263, 0.022021520333851567, 0.028894934948040258, 0.028066443007937158, 0.07324482448244825, 0.07170035185336715, 0.05769781523606906, 0.031994108501759266, 0.0776941330496686, 0.10679363390884543, 0.09571638982080026, 0.12459086817772687, 0.10860404222240407, 0.14282791915555193, 0.21332133213321333, 0.1874948858522216, 0.19767203993126586, 0.2029805253252598, 0.1565031503150315, 0.2033487439653056, 0.09264790115375174, 0.14730791260944276, 0.1650028639227559, 0.03521602160216022, 0.02102937566483921, 0.022788642500613698, 0.025713935029866623, 0.027943703461255215, 0.009092954750020456, 0.02792324687014156, 0.022440880451681532, 0.038243597086981426, 0.004705015956141069, 0.015127649128549218, 0.006443826200801898, 0.01628344652647083, 0.0007159806889779887, 0.05494640373128222, 0.04888102446608297, 0.09163529989362573, 0.0672510432861468, 0.11816749856803863, 0.029181327223631454, 0.1968640045822764, 0.06871368955077325, 0.039225513460436956, 0.09746542836101792, 0.0545065870223386, 0.019525816217985433, 0.07483021029375665, 0.02612306685213976, 0.05704320432043204, 0.05063006300630063, 0.06090950004091318, 0.1072845920955732, 0.12872309958268555, 0.12703543081580884, 0.0709230013910482, 0.1336019965632927, 0.1540176744947222, 0.03743556173799198, 0.16166843957122984, 0.03401931102201129, 0.01531175844857213, 0.051949513133131495
0.10202724817936339, 0.07578144178054169, 0.026726536289992636, 0.15602242042386058, 0.1472056296538745, 0.08806562474429261, 0.031544063497258815, 0.031247442926110792, 0.01460600605515097, 0.018052941657802146, 0.06183004664102774, 0.10072825464364618, 0.10044186236805498, 0.11821864004582276, 0.05835242615170608, 0.0016876687668766876, 0.12484657556664758, 0.09307748956713853, 0.018973488257916702, 0.003221913100400949, 0.017459700515506098, 0.02741183209230014, 0.10861427051796088, 0.0556214712380329, 0.11716512560346944, 0.09539931265853858, 0.09444808117175355, 0.07383806562474429, 0.0033753375337533752, 0.004745929138368382, 0.04802184763930938, 0.07649742246951968, 0.0333033303330333, 0.014248015710661975, 0.022174944767203993, 0.009502086572293593, 0.0037230995826855414, 0.007701906554291793, 0.00932820554782751, 0.05768758694051223, 0.09394689468946894, 0.04962769004173145, 0.039747156533835204, 0.05316668030439407, 0.05993781196301448, 0.09992021929465673, 0.10167948613043122, 0.04927992799279928, 0.11928238278373292, 0.20628426479011538, 0.09228991080926274, 0.15510187382374602, 0.09082726454463629, 0.056634072498158904, 0.0743085672203584, 0.10222158579494313, 0.019679240651337863, 0.01093404795024957, 0.04311226577203175, 0.003825382538253825, 0.028608542672449062, 0.05491571884461174, 0.03701620162016202, 0.051837001882006385, 0.0298461664348253, 0.01968946894689469, 0.035737664675558466, 0.014698060715162425, 0.03056214712380329, 0.023586449554046315, 0.026879960723345062, 0.10454340888634318, 0.0306746583749284, 0.012560346943785288, 0.00829514769658784, 0.07008428115538827, 0.047091072743638, 0.016958514033221503, 0.07766344816299812, 0.13598518942803373, 0.02637877424106047, 0.081008100810081, 0.057217085344898125, 0.08868955077325914, 0.039205056869323296, 0.001646755584649374, 0.06274036494558546, 0.01556746583749284, 0.036555928320104736, 0.09939857622125849, 0.07208902708452664, 0.08379019720153834, 0.09855985598559856, 0.20891293674822028, 0.13370427951886096, 0.24940675885770394, 0.023811472056296537, 0.10463546354635464, 0.032239587595123145, 0.05636813681368137
0.04650805989689878, 0.10949390393584812, 0.010310121921283038, 0.0243740283119221, 0.13741715080598968, 0.07758162179854348, 0.041015465182881926, 0.04019720153833565, 0.05911954831846821, 0.022359054087226906, 0.032270272481793635, 0.07206857049341298, 0.0570636609115457, 0.11861754357253908, 0.006546109156370183, 0.01151706079698879, 0.03916414368709598, 0.0012785369446035512, 0.012314867850421405, 0.005052778005073234, 0.013624089681695442, 0.03702642991571885, 0.04992431061287947, 0.05607151624253334, 0.07306071516242534, 0.11708329923901481, 0.09674944767203993, 0.08771786269536044, 0.02510023729645692, 0.015731118566402094, 0.044738564765567465, 0.06283241960559692, 0.03372269045086327, 0.01999631781359954, 0.012570575239342116, 0.01337861058833156, 0.027360690614515997, 0.01408436298175272, 0.004428851976106702, 0.028199410850175927, 0.052767776777677765, 0.0288744783569266, 0.01660052368873251, 0.04873782832828737, 0.08370837083708371, 0.06751697897062434, 0.09187055069143278, 0.027186809590049914, 0.06879551591522788, 0.08934416168889617, 0.279385893134768, 0.035983143768922345, 0.019587185991326406, 0.03317036249079453, 0.05860813354062679, 0.10428770149742247, 0.15522461337042795, 0.07847148351198756, 0.06299607233450617, 0.041823500531871366, 0.022236314540544963, 0.07058546763767286, 0.04385893134768022, 0.02162261680713526, 0.005922183127403649, 0.0020047459291383683, 0.011210211930283938, 0.004674331069470583, 0.022103346698306194, 0.026194664921037558, 0.03414205056869323, 0.026931102201129205, 0.01074993863022666, 0.03686277718680959, 0.014861713444071679, 0.007875787578757875, 0.03846861958923165, 0.056818181818181816, 0.025816217985434906, 0.11325791670076099, 0.008438343834383438, 0.07760207838965714, 0.018881433597905246, 0.013081990017183536, 0.01575157515751575, 0.020487276000327306, 0.04978111447508387, 0.03376360363309058, 0.025560510596514197, 0.058771786269536046, 0.08309467310367401, 0.11022011292038295, 0.10066688487030521, 0.11299198101628345, 0.0893953031666803, 0.03962441698715326, 0.22003109401849275, 0.17688814335979053, 0.12726045331805907, 0.12003927665493822
0.0795965960232387, 0.04118934620734801, 0.010954504541363227, 0.0026491285492185584, 0.052634808935438995, 0.1141273218230914, 0.07597577939612143, 0.08452663448162998, 0.0289460764258244, 0.0718230914000491, 0.01673349153097128, 0.07971933556992063, 0.06799770886179526, 0.021540790442680632, 0.009768022256771132, 0.01318427297275182, 0.024159234105228706, 0.03744579003354881, 0.007671221667621308, 0.0023320513869568775, 0.008008755420996645, 0.011026102610261027, 0.012785369446035512, 0.10948367564029131, 0.11749243106128794, 0.041833728827428196, 0.0077325914409622784, 0.08941575975779396, 0.061676622207675315, 0.0345614106865232, 0.04549545863677277, 0.058914982407331645, 0.01719376483102856, 0.0029355208248097535, 0.031022420423860567, 0.0006852958023075035, 0.0021070288847066525, 0.0004909581867277637, 0.010003273054578186, 0.011875051141477784, 0.019965632926929055, 0.022481793633908845, 0.004561819818345471, 0.0635074871123476, 0.08465960232386875, 0.12400785533098764, 0.12911177481384503, 0.04685582194583095, 0.1895200883724736, 0.06256648392111938, 0.17247974797479748, 0.01583340152197038, 0.24414941494149414, 0.00913386793224777, 0.09872350871450782, 0.12453972669994272, 0.18221708534489814, 0.10771418050895999, 0.12819122821373047, 9.20546600114557e-5, 0.01171139841256853, 0.05408722690450863, 0.05394403076671304, 0.03424433352426152, 0.07558710416496195, 0.05043572539072089, 0.01492308321741265, 0.008325832583258325, 0.06570657065706571, 0.007292774732018657, 0.0071700351853367155, 0.03454095409540954, 0.03569675149333115, 0.0608072170853449, 0.009768022256771132, 0.09098068897798871, 0.03209639145732755, 0.023381883642909745, 0.027309549136731854, 0.14746133704279518, 0.06422346780132558, 0.0883827019065543, 0.02065092872923656, 0.03341584158415842, 0.031042877014974223, 0.04805253252597987, 0.030766713034939858, 0.03566606660666067, 0.046262580803534896, 0.05595900499140823, 0.07165943867113984, 0.08151951558792243, 0.06364045495458637, 0.07119916537108256, 0.14420873905572376, 0.1717023975124785, 0.04466696669666967, 0.08625521643073399, 0.16966696669666967, 0.0815808853612634
0.03369200556419278, 0.028127812781278128, 0.0029252925292529252, 0.002976434007037067, 0.0008796334178872433, 0.04553637181900008, 0.09782341870550691, 0.05661361590704525, 0.06609524588822518, 0.0057380738073807384, 0.03400908272645446, 0.041700760985189426, 0.006106292447426561, 0.008315604287701497, 0.037077571393502984, 0.0020354308158088536, 0.0007875787578757876, 0.018441616888961624, 0.014145732755093692, 0.007047295638654774, 0.0030275754848212095, 0.012325096145978234, 0.020640700433679732, 0.06040831355862859, 0.014626462646264627, 0.008479257016610751, 0.08678708779968906, 0.03879592504705016, 0.0316463464528271, 0.012335324441535062, 0.056838638409295476, 0.015137877424106046, 0.046283037394648556, 0.027176581294493084, 0.029805253252597988, 0.031983880206202436, 0.014483266508469029, 0.0028843793470256117, 0.004214057769413305, 0.0012580803534898944, 0.000225022502250225, 0.009921446690123558, 0.016447099255380085, 0.030490549054905492, 0.05993781196301448, 0.11114065952049751, 0.055979461582521886, 0.019975861222485885, 0.07651787906063334, 0.07472792733818837, 0.1978663775468456, 0.19924719744701744, 0.1760903363063579, 0.13442026020783895, 0.1698919891989199, 0.056981834547091076, 0.045832992390148104, 0.09189100728254644, 0.027002700270027002, 0.08699165371082562, 0.01736764585549464, 0.09957245724572457, 0.027442516978970623, 0.06007077980525325, 0.019147369282382785, 0.021438507487112346, 0.022277227722772276, 0.01706079698878979, 0.028731282219131005, 0.010739710334669831, 0.05079371573520988, 0.021909009082726454, 0.019863349971360772, 0.01736764585549464, 0.03630022093118403, 0.02561165207429834, 0.012580803534898944, 0.030193928483757466, 0.026348089354389984, 0.05574421078471484, 0.007006382456427461, 0.029498404385893136, 0.037783323786924145, 0.04409418214548728, 0.01345020865722936, 0.02156124703379429, 0.03095082235496277, 0.024916127976434006, 0.037251452417969066, 0.031042877014974223, 0.03457163898208002, 0.09416168889616235, 0.026736764585549463, 0.07358235823582358, 0.13826609933720646, 0.12458063988217004, 0.14812617625398902, 0.13996399639963997, 0.12943908027166354, 0.08727804598641682
0.011905736028148269, 0.01570043367973161, 0.005267572211766631, 0.02026225349807708, 0.04454422714998773, 0.045127239996726944, 0.05055846493740283, 0.04451354226331724, 0.04994476720399313, 0.057789869896080516, 0.030664430079371575, 0.009931674985680386, 0.035594468537762866, 0.007538253825382538, 0.030347352917109893, 0.017480157106619754, 0.013716144341706898, 0.011977334097046068, 0.022747729318386384, 0.011343179772522707, 0.01878937893789379, 0.03857090254479993, 0.03745601832910564, 0.018605269617870877, 0.008008755420996645, 0.003416250715980689, 0.003886752311594796, 0.08140700433679732, 0.01318427297275182, 0.08687914245970052, 0.0030582603714916948, 0.030961050650519597, 0.05648064806480648, 0.009900990099009901, 0.03929711152933475, 0.0646223713280419, 0.04804230423042304, 0.05049709516406186, 0.013368382292774731, 0.005144832665084691, 0.015025366172980935, 0.0344898126176254, 0.00790647246542836, 0.003221913100400949, 0.006934784387529662, 0.04120980279846166, 0.016048195728663776, 0.010443089763521807, 0.04120980279846166, 0.17760412404876852, 0.08984534817118076, 0.13218026348089354, 0.04104615006955241, 0.07946362818099992, 0.11141682350053188, 0.15226863595450454, 0.005830128467392194, 0.020681613615907046, 0.05548850339579413, 0.1131556337451927, 0.025550282300957367, 0.014196874232877833, 0.004009491858276737, 0.02379101546518288, 0.011292038294738564, 0.06035717208084445, 0.01061697078798789, 0.006934784387529662, 0.015731118566402094, 0.02253293511169299, 0.015649292201947468, 0.013890025366172981, 0.025836674576548563, 0.005155060960641519, 0.0049504950495049506, 0.0029355208248097535, 0.000572784551182391, 0.0015751575157515751, 0.013808199001718353, 0.026194664921037558, 0.005390311758448572, 0.0004602733000572785, 0.01858481302675722, 0.013163816381638164, 0.013624089681695442, 0.003242369691514606, 0.009993044759021357, 0.01165002863922756, 0.02045659111365682, 0.01651869732427788, 0.005819900171835366, 0.08921119384665739, 0.021254398167089437, 0.030776941330496688, 0.1394321250306849, 0.21019147369282382, 0.21052900744619918, 0.3026654938221095, 0.26016692578348743, 0.14794206693396614
0.0675067506750675, 0.06230054823664185, 0.07261067015792488, 0.0500777350462319, 0.09154324523361428, 0.002741183209230014, 0.07038090172653629, 0.08815767940430407, 0.0956243351607888, 0.09413100400949186, 0.046528516488012435, 0.04685582194583095, 0.016242533344243516, 0.002996890598150724, 0.032536208166271174, 0.036832092300139105, 0.02791301857458473, 0.055703297602487524, 0.025570738892071024, 0.03665821127567302, 0.02971319859258653, 0.018052941657802146, 0.017275591195483185, 0.01567997708861795, 0.023003436707307093, 0.03506259716880779, 0.04014606006055151, 0.10456386547745683, 0.005768758694051223, 0.06869323295965961, 0.0006955240978643319, 0.014115047868423205, 0.0496481466328451, 0.040677931429506584, 0.07193560265117421, 0.07164921037558301, 0.10243638000163653, 0.08834178872432698, 0.02163284510269209, 0.01983266508469029, 0.02966205711480239, 0.02130553964487358, 0.00848948531216758, 0.011159070452499795, 0.030582603714916945, 0.06877505932411423, 0.001595614106865232, 0.08694051223304149, 0.09523565992962933, 0.07336756402913018, 0.07756116520742984, 0.07971933556992063, 0.04936175435725391, 0.08174453809017265, 0.06415186973242779, 0.04852303412159398, 0.04311226577203175, 0.02733000572784551, 0.055304394075771215, 0.0153015301530153, 0.09385484002945749, 0.09663693642091482, 0.008131494967678586, 0.025918500941003193, 0.0012171671712625808, 0.04234514360526962, 0.04947426560837902, 0.029631372228131905, 0.032116848048441206, 0.004387938793879388, 0.008734964405531462, 0.0010330578512396695, 0.006096064151869732, 0.02483430161197938, 0.009870305212339416, 0.01749038540217658, 0.01818590950004091, 0.01570043367973161, 0.0058914982407331645, 0.004653874478356927, 0.02200106374273791, 0.00823377792324687, 0.0031503150315031502, 0.00032730545781850913, 0.0018513214957859422, 0.0001841093200229114, 0.019014401440144015, 0.017101710171017102, 0.0045720481139022995, 0.02051796088699779, 0.01989403485803126, 0.013409295475002046, 0.03979829801161935, 0.08123312331233123, 0.0931388593404795, 0.22630103919482858, 0.2112654447262908, 0.28879592504705015, 0.16068652319777432, 0.05479297929792979
0.08348334833483348, 0.06747606578839702, 0.08002618443662549, 0.02025202520252025, 0.07035021683986581, 0.012325096145978234, 0.04274404713198592, 0.05365763849112184, 0.03540013092218313, 0.030828082808280827, 0.02200106374273791, 0.05951845184518452, 0.016641436870959824, 0.030337124621553066, 0.020016774404713198, 0.0014012764912854922, 0.03852998936257262, 0.07939203011210212, 0.10040094918582768, 0.06705670567056705, 0.05725799852712544, 0.06505195974142869, 0.0020252025202520253, 0.0013501350135013501, 0.04220194746747402, 0.047367236723672365, 0.09083749284019312, 0.05752393421160298, 0.09933720644791752, 0.03701620162016202, 0.03756852958023075, 0.09669830619425579, 0.03326241715080599, 0.0588638409295475, 0.05289051632435971, 0.06801816545290892, 0.08445503641273218, 0.08041485966778496, 0.06894894034858032, 0.03701620162016202, 0.003682186400458228, 0.020671385320350216, 0.030858767694951314, 0.0289460764258244, 0.02379101546518288, 0.09690287210539236, 0.044615825218885526, 0.06316995335897226, 0.13070738892071027, 0.2094550364127322, 0.010647655674658375, 0.31215735209884626, 0.11073152769822436, 0.10030889452581622, 0.02888470665248343, 0.11492512887652402, 0.016436870959823255, 0.1322314049586777, 0.05641927829146551, 0.016876687668766877, 0.02552982570984371, 0.018114311431143115, 0.018349562228950168, 0.0391334588004255, 0.07228336470010638, 0.02496726945421815, 0.018359790524506998, 0.06428483757466656, 0.04059610506505196, 0.040033548809426396, 0.010218067261271582, 0.01905531462237133, 0.03756852958023075, 0.011506832501431962, 0.03964487357826692, 0.03471483511987562, 0.03799811799361754, 0.02283978397839784, 0.009737337370100647, 0.005932411422960478, 0.029989362572620897, 0.0058914982407331645, 0.016365272890925455, 0.005410768349562229, 0.020405449635872677, 0.018165452908927255, 0.012519433761557975, 0.008959986907781688, 0.01616070697978889, 0.05797397921610343, 0.09110342852467065, 0.058464937402831194, 0.055181654529089276, 0.01749038540217658, 0.1703318059078635, 0.13952417969069633, 0.2040340397676131, 0.10220112920382947, 0.2710805171426234, 0.043316831683168314
0.09657556664757384, 0.00023525079780705344, 0.031165616561656166, 0.039481220849357665, 0.12434538908436298, 0.07758162179854348, 0.016682350053187137, 0.08099787251452419, 0.05843425251616071, 0.05813763194501268, 0.05179608869977907, 0.03819245560919728, 0.021776041240487685, 0.016170935275345716, 0.00199451763358154, 0.06792611079289747, 0.0455056869323296, 0.028915391539153915, 0.042795188609770066, 0.03565583831110384, 0.031411095655020045, 0.039716471647164714, 0.007067752229768432, 0.028352835283528353, 0.11125317077162261, 0.06690328123721463, 0.07232427788233368, 0.09293429342934294, 0.09276041240487685, 0.156175844857213, 0.0037230995826855414, 0.04731609524588822, 0.08331969560592423, 0.021510105556010146, 0.14306316995335897, 0.007006382456427461, 0.04441125930774896, 0.03217821782178218, 0.035297847966614844, 0.038755011864822844, 0.010443089763521807, 0.0008694051223304149, 0.057493249324932494, 0.03377383192864741, 0.0033037394648555763, 0.041710989280746257, 0.041905326896326, 0.06914327796416005, 0.05463955486457737, 0.02843466164798298, 0.1931511332951477, 0.04897307912609443, 0.019607642582440063, 0.009573684641191392, 0.09944971769904264, 0.09330251206938876, 0.0018104083135586286, 0.04073930120284756, 0.0288028802880288, 0.04720358399476311, 0.05943662548072989, 0.12420219294656738, 0.006668848703052123, 0.11429097455200066, 0.08040463137222813, 0.04124048768513215, 0.03457163898208002, 0.028465346534653466, 0.002526389002536617, 0.04914696015056051, 0.013624089681695442, 0.035737664675558466, 0.011997790688159725, 0.029314295065870223, 0.052931429506587024, 0.05171426233532444, 0.016702806644300794, 0.03222935929956632, 0.04437034612552164, 0.030265526552655266, 0.02095777759594141, 0.016620980279846168, 0.013808199001718353, 0.023821700351853367, 0.0057380738073807384, 0.006699533589722609, 0.02623557810326487, 0.008080353489894445, 0.025826446280991736, 0.07551550609606415, 0.07602692087390557, 0.06313926847230178, 0.049566320268390474, 0.02727886425006137, 0.13090172653628998, 0.06482693723917847, 0.07730545781850913, 0.08889411668439572, 0.31454054496358724, 0.11512969478766058
0.1969662875378447, 0.08642909745520007, 0.002966205711480239, 0.014718517306276081, 0.08332992390148106, 0.1705466001145569, 0.03575812126667212, 0.056848866704852306, 0.02013951395139514, 0.04901399230832174, 0.061083381065379264, 0.058464937402831194, 0.014094591277309549, 0.020630472138122902, 0.04831846821045741, 0.019863349971360772, 0.1337145078144178, 0.07756116520742984, 0.03196342361508878, 0.04107683495622289, 0.010381719990180836, 0.012243269781523607, 0.044994272154488174, 0.04920832992390148, 0.033507896244169874, 0.04083135586285901, 0.025294574912036658, 0.04452377055887407, 0.07576098518942803, 0.033497667948613044, 0.016262989935357172, 0.047091072743638, 0.04228377383192865, 0.01157843057032976, 0.0023422796825137058, 0.052910972915473364, 0.11407618034530725, 0.07055478275100237, 0.006996154160870633, 0.027585713116766223, 0.012713771377137714, 0.03320104737746502, 0.014380983552900744, 0.030122330414859667, 0.03384542999754521, 0.14135504459536863, 0.01982243678913346, 0.04755134604369528, 0.2072354962769004, 0.040677931429506584, 0.1059549136731855, 0.028127812781278128, 0.0716798952622535, 0.004367482202765731, 0.057667130349398577, 0.039061860731527696, 0.0008591768267735865, 0.015209475493003846, 0.03455118239096637, 0.009900990099009901, 0.14683741101382866, 0.021673758284919402, 0.011956877505932412, 0.09309794615825219, 0.014115047868423205, 0.08211275673021848, 0.14075157515751574, 0.063364290974552, 0.04812413059487767, 0.03470460682431879, 0.07136281809999181, 0.03194296702397512, 0.04948449390393585, 0.047530889452581625, 0.04921855821945831, 0.004674331069470583, 0.006413141314131413, 0.030081417232632354, 0.015240160379674331, 0.034193192046477375, 0.0297029702970297, 0.027053841747811145, 0.03537967433106947, 0.020364536453645363, 0.030848539399394484, 0.02651174208329924, 0.016109565502004746, 0.004029948449390393, 0.028608542672449062, 0.005011864822845921, 0.08956918419114639, 0.047264953768104086, 0.14456672940021276, 0.15533712462155305, 0.10665043777104984, 0.07386875051141478, 0.005236887325096146, 0.029815481548154815, 0.13802062024384257, 0.20561942557892152
0.03287374191964651, 0.005717617216267081, 0.12393625726208984, 0.038079944358072174, 0.037946976515833404, 0.05606128794697651, 0.09715857949431307, 0.04108706325177972, 0.015618607315276983, 0.045577285001227395, 0.018441616888961624, 0.011394321250306849, 0.09651419687423288, 0.047500204565911135, 0.028976761312494884, 0.06901031012192128, 0.026859504132231406, 0.009880533507896245, 0.05218476393093855, 0.04770477047704771, 0.05316668030439407, 0.07226290810899272, 0.02019065542917928, 0.08702233859749611, 0.11814704197692497, 0.06615661566156615, 0.05898658047622944, 0.12574666557564848, 0.14024016037967432, 0.1467862695360445, 0.12083708370837083, 0.08897594304885034, 0.08543695278618771, 0.08739055723754194, 0.07624171508059897, 0.0744210784714835, 0.06330292120121103, 0.0021070288847066525, 0.047397921610342855, 0.029805253252597988, 0.06567588577039522, 0.06583953849930448, 0.009982816463464527, 0.09088863431797725, 0.031707716226168074, 0.06934784387529662, 0.09564479175190246, 0.04420669339661239, 0.1647778414205057, 0.1576180345307258, 0.0008898617134440717, 0.17636650028639228, 0.06283241960559692, 0.05705343261598887, 0.012018247279273381, 0.12188036985516733, 0.15548032075934867, 0.08127403649455854, 0.1297152442516979, 0.0081724081499059, 0.015741346861958924, 0.10633336060878815, 0.024558137631945014, 0.03666843957122985, 0.0510494231241306, 0.0040810899271745355, 0.005605105965141969, 0.014943539808526307, 0.06115497913427707, 0.05636813681368137, 0.035430815808853613, 0.0659929629326569, 0.006218803698551673, 0.06086858685868587, 0.015731118566402094, 0.024077407740774076, 0.011537517388102447, 0.019546272809099093, 0.002311594795843221, 0.026787906063333606, 0.0005625562556255626, 0.005236887325096146, 0.012069388757057525, 0.020415677931429507, 0.0388470665248343, 0.04313272236314541, 0.02953931756812045, 0.002393421160297848, 0.0038560674249243105, 0.0610220112920383, 0.1398719417396285, 0.22013337697406105, 0.10661975288437935, 0.1017408559037722, 0.10666066606660667, 0.21724899762703542, 0.06597250634154324, 0.14798298011619343, 0.09525611652074298, 0.11714466901235578
