0.23158267299505, 0.0637234931046424, 0.15741683811696644, 0.0697709356093785, 0.052285551323053105, 0.15042472143570104, 0.14331802163329327, 0.038652706198692224, 0.2958867205801471, 0.20489244464362102, 0.19557301745737507, 0.4637509930537166, 0.16889042798068893, 0.3414577010042574, 0.12638518262003218, 0.12189607056283229, 0.09680491332423459, 0.11900093703530179, 0.20642276588376687, 0.24168126540506407, 0.06216770894868713, 0.10405929803833697, 0.011170581165590434, 0.017467560245258806, 0.26578955409341837, 0.6534879102075737, 0.3659504797213339, 0.30236194007048134, 0.08985608359984519, 0.23928775131897903, 0.05049805463323216, 0.13366757654152492, 0.6205108879428001, 0.21144405288138354, 0.13159489519463852, 0.2008107392393718, 0.030591147053431383, 0.14603491475015787, 0.03482817624411807, 0.08359984518547188, 0.029134668269132837, 0.20406489987981505, 0.11296622598847039, 0.15377309486463914, 0.20559267482837995, 0.17091727607911839, 0.2952883420586258, 0.3497993522234218, 0.006355543786030026, 0.04929875129860871, 0.19677232079199852, 0.015489091686867247, 0.19284848546576766, 0.30464087103542403, 0.03085341508626836, 0.07503412030718462, 0.15214346825283656, 0.050406388136318266, 0.22598592410014057, 0.26238006966653765, 0.1980760220814406, 0.0560693406123322, 0.07430078833187347, 0.15182263551363795, 0.43710150536758263, 0.35356022488847244, 0.27263653215457007, 0.260230999572223, 0.3496745839359557, 0.3386720580147074, 0.23627039579556333, 0.017836772524495326, 0.1844253529160131, 0.20880100222036627, 0.08977460226925506, 0.002630319203112587, 0.09119797926300137, 0.02445713063494327, 0.26479140779368926, 0.19049316575339675, 0.097701207960726, 0.16565918396447413, 0.004389806685543175, 0.028734900490925017, 0.07122232181051516, 0.13335438267706912, 0.19486769468945428, 0.021399034446232507, 0.01552728606058137, 0.27569972092644274, 0.23578150781202256, 0.04566519321260516, 0.10663614511824979, 0.2596326210507018, 0.31126886802061476, 0.2104713694974639, 0.22350074351714164, 0.24619074779491149, 0.2999989814833676, 0.029402028885131694
0.015147888615021083, 0.19933134383084475, 0.19711607015542565, 0.20922877920596444, 0.08634474750972683, 0.016247886577987817, 0.13903770548573058, 0.14644996027785134, 0.0697098246114359, 0.038100160925627916, 0.17804434621417367, 0.11764121733107902, 0.013721965329693834, 0.07598643335845674, 0.1815785989285205, 0.12563402660365444, 0.08004012955531564, 0.3196410747387505, 0.021653663604326658, 0.0124564584139659, 0.0816748487502801, 0.11426228840316963, 0.5565047564726732, 0.6372043755474527, 0.0974745880100222, 0.08601372960420443, 0.10246277321708663, 0.16634668269132835, 0.34329357723411624, 0.2988378725224583, 0.0033967529689759835, 0.000980322258662484, 0.10670998757409708, 0.09419241816218858, 0.5743797233708826, 0.5468212095903526, 0.12811156831191053, 0.10995396304821657, 0.09091534089751685, 0.1672506162025626, 0.0789885111323868, 0.28310433684382064, 0.14208816279969852, 0.0735114379417816, 0.061487849096575745, 0.08142276588376689, 0.12339074372084496, 0.004947444541769367, 0.17896865005805546, 0.0004888879835407712, 0.12136389562241551, 0.21969658389521501, 0.27145250656943226, 0.11456275080972073, 0.20645332138273817, 0.3785367990059278, 0.3540236499562038, 0.18219480149110834, 0.3147521949033428, 0.29782954105640547, 0.15432054755454155, 0.05349503982400033, 0.15429508463873215, 0.02598490558350818, 0.048315882748365284, 0.029590454462121368, 0.24359607667393207, 0.07303782770772646, 0.19469963944511215, 0.09065052657309894, 0.18223044957324153, 0.025322869772463383, 0.22170051536941598, 0.27195412601087776, 0.21784797620745147, 0.1092868346540099, 0.37842730846794725, 0.44727648652502494, 0.30119064594324824, 0.08216373673382087, 0.3490227332912346, 0.188827891059461, 0.06873714122751624, 0.06512395347416024, 0.2867506263877289, 0.0663054327677171, 0.11590973905603878, 0.4636975209305168, 0.13319142001588885, 0.04098510928683465, 0.12120602554439713, 0.028212910716832004, 0.10965095435008454, 0.08829011427756615, 0.038739280112444235, 0.26422613106272025, 0.24385834470676906, 0.24328288280947627, 0.09093571123016439, 0.26244627324764214
0.04938787150394166, 0.024370556721191258, 0.19730449573241532, 0.027558513780530036, 0.09291672608013689, 0.03788881872440977, 0.1259446741765293, 0.12006019433297346, 0.2839726222729217, 0.2685701044998065, 0.3691053349901204, 0.1427858466928765, 0.11036900857591005, 0.2938649650648795, 0.23447016764783768, 0.4820282740217148, 0.07894267788392985, 0.5013546271210609, 0.14574718380151147, 0.01712635717341264, 0.1482807439245483, 0.3208251003238883, 0.19445519545334175, 0.06398830742906032, 0.04693324641991404, 0.020001120368295613, 0.28585178545965656, 0.32441027886985396, 0.016039090668350613, 0.022684911694607974, 0.22037899003890735, 0.21983917622374774, 0.14712982012996273, 0.05241541219368112, 0.07890193721863478, 0.3146859913222383, 0.3908252021755515, 0.004252306940172333, 0.13934835305860543, 0.3069172557087857, 0.27622425699211667, 0.3110728035688823, 0.08893941863070624, 0.5265756452302867, 0.1256493043531401, 0.068660752480088, 0.13273308753131938, 0.06185451508423132, 0.3460333869752093, 0.31075706341284554, 0.06240960664887658, 0.2127910411277016, 0.048201299627222916, 0.034787435578823, 0.037163125623841435, 0.14752449532500866, 0.14149487686133916, 0.07000519443482513, 0.11077896152044163, 0.028398790002240736, 0.0945488989835204, 0.23399655741378256, 0.022603430364017844, 0.21601973885233547, 0.22449888981687072, 0.07941374182640402, 0.1978926890876128, 0.1313173494123159, 0.1789711963496364, 0.057016561080442445, 0.11912570532276792, 0.3376917357560449, 0.48408058503595364, 0.25755993970381535, 0.1965380619665519, 0.10647827504023141, 0.4056217025524027, 0.047228616243303254, 0.27260852294717974, 0.09566672098755373, 0.08686673728381984, 0.19582255403230736, 0.12658633965492658, 0.30035546230469945, 0.002678698743150476, 0.16433001975922268, 0.021444867694689455, 0.13409789981870404, 0.5283147623800697, 0.34807805911470535, 0.09324519769407834, 0.27921105701656107, 0.009026603654437677, 0.02019463852844717, 0.0014106455358416003, 0.15328420688109837, 0.004160640443258439, 0.005764804139251594, 0.015382147440467703, 0.1604010918498299
0.10462457476930598, 0.1899329816055896, 0.1779170316351266, 0.2554516102747958, 0.04866727098653521, 0.07922531624941435, 0.07702277403189994, 0.147422643661771, 0.00161180257073598, 0.2103924344584547, 0.15386730765313397, 0.01608492391680756, 0.16307724430139944, 0.11157085820211445, 0.09016163858955817, 0.018167790430017722, 0.025088610947016764, 0.18667627467356543, 0.42110060907294616, 0.18154295084638733, 0.18374040048073986, 0.1191180664480251, 0.20000611109979427, 0.07965563952659346, 0.3660828868835428, 0.2626601617404412, 0.2638721965329694, 0.04835662341366034, 0.028625409952944533, 0.05570012833309568, 0.029216149599722963, 0.20375170601535922, 0.08387229838463262, 0.07581073923937177, 0.09049520278666151, 0.025554582306329062, 0.18513322197551485, 0.10593082235032898, 0.10830651239534742, 0.17148509910166834, 0.09931046423988103, 0.22212829235501416, 0.014908537206412581, 0.16214020899961296, 0.43461123220142184, 0.07996883339104928, 0.1557464708398688, 0.052682772809679985, 0.05689943166771914, 0.11111252571754497, 0.21925607545171213, 0.06282974475973192, 0.2602615550711943, 0.22843291030942536, 0.12354097492412051, 0.02750249536574932, 0.163314049418427, 0.1170020981442627, 0.022027968466725063, 0.031120775702267216, 0.11401275182823735, 0.1974088936872339, 0.03775386527061987, 0.2745640748813428, 0.208159336741969, 0.0577193375567823, 0.14636338636409932, 0.047763337475300975, 0.027943003809252204, 0.131966653765456, 0.11366390988164837, 0.20524892546495285, 0.03255179157075635, 0.09806023507363876, 0.16311543867511358, 0.09335468823205884, 0.08644150658980261, 0.020558758224521807, 0.38974557454523234, 0.3974710232018089, 0.2388065022101811, 0.10059124890509462, 0.1284960583406327, 0.17472398199262593, 0.47797203153327494, 0.15503860178036707, 0.18120684035770304, 0.09913477012079608, 0.05288138355299342, 0.06242997698152411, 0.18367674319121632, 0.3828782261514331, 0.20194893157605265, 0.02578629484019474, 0.1059868407651097, 0.014330529017538856, 0.15733535678637633, 0.10045629545130472, 0.12764559695259822, 0.07905471471349128
0.24343311401275183, 0.1766540710109796, 0.22473314864231733, 0.10539100853516938, 0.1500478702817217, 0.12426921431626979, 0.02449787130023833, 0.03402354810454055, 0.03772840235481045, 0.07152278421706626, 0.2036702246847691, 0.062172801531849016, 0.0679248742131959, 0.0975535230490314, 0.057156607117394224, 0.1097222505143509, 0.03637886781691145, 0.1123474771343016, 0.024984212992198163, 0.11134933083457253, 0.2496868061355442, 0.025106434988083355, 0.12509675908007578, 0.0934514473121346, 0.1085687804281844, 0.18501609256279156, 0.18763368030799943, 0.2825772544865658, 0.08314915157564523, 0.12822105884989102, 0.17524087918355707, 0.024645556211932942, 0.22065144323806807, 0.19685380212258866, 0.05335499378704854, 0.04486565765618952, 0.1072141533071235, 0.14543398993705567, 0.14502912957568598, 0.09331394756676377, 0.05419527000875924, 0.21661302479069483, 0.10642989550019352, 0.17984202807031838, 0.047702226477358375, 0.1054292029088835, 0.0247474078751706, 0.23416206636654377, 0.2259273593937789, 0.17028324947546394, 0.16925454767676357, 0.12251736570858202, 0.10275814304047586, 0.03001313886455766, 0.13414118677558004, 0.19776792080014666, 0.11765394878898372, 0.011371738200484814, 0.14683699659815444, 0.1754140270110611, 0.032429569574871156, 0.04865199323704956, 0.027958281558737853, 0.3121269682833921, 0.0245080564665621, 0.0010083314660528407, 0.05635707156097859, 0.14352427125134953, 0.005897211301460553, 0.09243547697133894, 0.045586258173595975, 0.09820028111059054, 0.032388828909576096, 0.02499949074168381, 0.02286060581369294, 0.11617200708887576, 0.386450673239494, 0.1523726344951213, 0.01223747733800493, 0.18079179483000957, 0.12943563993400012, 0.24066274877268745, 0.18411470534313826, 0.15626336803079993, 0.09885977063005438, 0.21937829744759732, 0.12372685420952924, 0.08385702063514697, 0.07578527632356237, 0.017347884540954553, 0.20967692652421013, 0.04292792976309303, 0.13892566865616915, 0.15168004318510522, 0.19018761076368376, 0.17797559634148827, 0.10905766841172516, 0.026208979242631034, 0.17893045568434132, 0.09147807133690493
0.07542115662748773, 0.06803436475117638, 0.24304098510928684, 0.13835020675887638, 0.16284553176753377, 0.02107056283229105, 0.07649823796622598, 0.10214194047788801, 0.03172933939011224, 0.004420362184514473, 0.08873571530423092, 0.04090108166466359, 0.3072890142796032, 0.10009217575523008, 0.045512415717748674, 0.08297600374814121, 0.0010668961724144956, 0.07401560367480801, 0.09611996088896131, 0.18289248538428632, 0.0441832515124972, 0.01317705893137235, 0.04182283921696441, 0.015198814446639914, 0.014297427226986617, 0.09668269132834939, 0.1600318795705934, 0.10680420036259192, 0.13207869059501742, 0.12113218308854984, 0.02959809333686419, 0.051060785072620234, 0.11855024342547514, 0.0573755881933552, 0.12061783218919965, 0.050643193253345826, 0.10470350980831516, 0.06787649467315801, 0.07545171212645903, 0.14926106618321078, 0.13016642561773034, 0.08769937463078772, 0.10719123668289503, 0.1340520665702471, 0.2547539263816178, 0.0008759243038438817, 0.0020472184310769796, 0.00795716119044224, 0.14674533010124055, 0.0036895765007842578, 0.06272025422175144, 0.05403230734757899, 0.05571031349941945, 0.17107769244871768, 0.0294453158420077, 0.03684993175938563, 0.00458332484569473, 0.060922572365606734, 0.038790205944063065, 0.04266566173025606, 0.08307021653663604, 0.06921329775315231, 0.10326485506508322, 0.09443431586237803, 0.036096229451426945, 0.08286142062699883, 0.09727852355828971, 0.039892750198610744, 0.09215283860585444, 0.048606159988592613, 0.12239259742111588, 0.06842649365464137, 0.21358548410095538, 0.06466307469800982, 0.04973671345053065, 0.011677293190197797, 0.17911124238658818, 0.03058350817868856, 0.037038357336375304, 0.019899268705057954, 0.13028864761361553, 0.017398810372573383, 0.25086064655435825, 0.15712656087673912, 0.048201299627222916, 0.252480087999837, 0.034094844268806906, 0.09098918335336416, 0.010460165814507752, 0.19369894685380212, 0.14455042675846896, 0.056303599437778816, 0.06507812022570329, 0.01030738831965126, 0.01572844309547575, 0.2561060072110978, 0.10058615632193274, 0.061747570837831785, 0.14084047992503718, 0.09842944735287527
0.04354158603409994, 0.16237701411664052, 0.0107759059705445, 0.14450204721843107, 0.09747713430160314, 0.04010918498299077, 0.01640575665600619, 0.1615520156444155, 0.07614684972805606, 0.0862327106801654, 0.06180868183577438, 0.013121040516591636, 0.013324743843066957, 0.01423631622904402, 0.0188349188242244, 0.09895652971013016, 0.0018358762298588335, 0.011481228738465299, 0.09315353119716445, 0.038000855553971195, 0.13978886150210834, 0.11511784237436597, 0.1419150149721945, 0.06916746450469537, 0.008550447128801613, 0.036735348638243265, 0.05928785317064228, 0.057979059298038337, 0.004209019983296328, 0.12704467213949605, 0.039342751217127374, 0.06057373041901774, 0.0048557780448554725, 0.06088692428347355, 0.018694872787272616, 0.033616141451589907, 0.09714357010449981, 0.20905563137846042, 0.036032572161903406, 0.027619624778472632, 0.1506055081379479, 0.06826353099346112, 0.06063993400012222, 0.06136562710069055, 0.026899024261066183, 0.03276058748039355, 0.10249587500763888, 0.11402293699456112, 0.12334491047238802, 0.07506467580615592, 0.06768297651300646, 0.09589334093825752, 0.1557515634230307, 0.011687478356521562, 0.13183424660324702, 0.20555193416308487, 0.05786192988531503, 0.08525238842150293, 0.013879835407712208, 0.13117475708378318, 0.003109022020329592, 0.0005525452730643091, 0.0003437493634271048, 1.0185166323766068e-5, 0.0012629606241469924, 0.18002281477256524, 0.07348088244281029, 0.09579912814976269, 0.03182864476176896, 0.07348852131755311, 0.09035515674970972, 0.11272432828828095, 0.18634525676804303, 0.011185858915076083, 0.03926636246969913, 0.19975912081644293, 0.09510908313132753, 0.14041524923101995, 0.03616243303253142, 0.03636613635900674, 0.19274663380253, 0.22924772361532664, 0.09874264121733108, 0.03595363712289422, 0.08540516591635941, 0.2402298792039274, 0.12452638976594488, 0.009579148927501986, 0.02064787842985476, 0.08834867898392781, 0.03591289645759915, 0.16474761157849707, 0.25621040516591637, 0.07064431362164145, 0.060958220447739915, 0.1334511417571449, 0.009497667596911858, 0.06983713919048298, 0.04182538550854535, 0.04687213542197144
0.06807001283330957, 0.06705149620093297, 0.09409056649895092, 0.006370821535515675, 0.011402293699456112, 0.16185757063412845, 0.16382585402619626, 0.15258143040475852, 0.03122262736550488, 0.017683995029638834, 0.06191817237375486, 0.13603562771180053, 0.08505632396977042, 0.1608848872502088, 0.03484090770202277, 0.09774958750076389, 0.11927848281762442, 0.02113167383023365, 0.03466521358293781, 0.06669501537960115, 0.08799474445417693, 0.0063784604102585, 0.0, 0.018340938257521745, 0.03760618035892526, 0.18873367827096615, 0.11662015440712147, 0.031454339899370555, 0.07061885070583203, 0.1022030514758306, 0.06391446497321301, 0.08955562119329409, 0.19506121284960584, 0.10267411541830478, 0.13753284716139413, 0.011224053288790206, 0.052723513474975045, 0.08160100629443279, 0.14717056079525778, 0.03229970870424314, 0.04861379886333544, 1.2731457904707584e-5, 0.0018358762298588335, 0.1191180664480251, 0.03657747856022489, 0.13581410034425861, 0.1162356643783993, 0.045234869935426046, 0.00820669776537451, 0.02605110916461266, 0.04218695891303905, 0.052186245951396384, 0.053614715528304574, 0.03255943044549917, 0.0018944409362204886, 0.032088366503025, 0.004191195942229737, 0.03486382432625125, 0.10322411439978815, 0.0052173514493491675, 0.13039559186001506, 0.04197307042023996, 0.0191353812307755, 0.04750870831720682, 0.05032745309730908, 0.03619044223992178, 0.06383298364262288, 0.008771974496343525, 0.09511417571448942, 0.027174023751807868, 0.05300105925729767, 0.003208327391986311, 0.029722861624330327, 0.06302071662830254, 0.05649457130634943, 0.015425434397343708, 0.0018664317288301319, 0.007610865535434194, 0.06722464402843699, 0.004456010266647654, 0.0037863355808600355, 0.0812394328899391, 0.013406225173657086, 0.040203397771485606, 0.13357336375303008, 0.06495080564665622, 0.07933735307897578, 0.012354606750728239, 0.01918885335397527, 0.018908761280071705, 0.007890957609337761, 0.12434051048053615, 0.15462100996109265, 0.16746195840378073, 0.0015787007801837405, 0.08434081603552586, 0.03606567395245564, 0.06842649365464137, 0.08453688048725835, 0.009085168360799332
0.12127986800024444, 0.07867786355951192, 0.023708520910146462, 0.01825181805218879, 0.1431474200973702, 0.09256279155038602, 0.13118748854168788, 0.19659662667291358, 0.024080279480963925, 0.03493002790735573, 0.1154692306125359, 0.08297855003972215, 0.0983759752296755, 0.050994581491515756, 0.014233769937463078, 0.09475260230999573, 0.07313458678780224, 0.02190829276242081, 0.02761707848689169, 0.003126846061396183, 0.07770008759243038, 0.01881964107473875, 0.08124707176468192, 0.10928174207084802, 0.014643722881994663, 0.20506559247112505, 0.020790470758387483, 0.19642857142857142, 0.0663181642256218, 0.10716577376708562, 0.005148601576663747, 0.13695483897252042, 0.061533682345032696, 0.13094813713307937, 0.0009421278849483612, 0.07645495100934999, 0.08188873724307918, 0.03962029699945, 0.06106261840255851, 0.054976981524108286, 0.030479110223869958, 0.039302010551832314, 0.048002688883909475, 0.03325456804709621, 0.02348444725102361, 0.13040577702633885, 0.10662595995192602, 0.09613269234686603, 0.0020370332647532134, 0.054839481778737445, 0.03745340286406877, 0.04507190727424579, 0.013963863029883278, 0.13036249006946282, 0.004425454767676356, 0.1242335662341366, 0.03436220488480577, 0.07903943696400562, 0.05388207614430344, 0.03134739565297101, 0.05895683526511988, 0.01353099346112322, 0.040381638182151514, 0.014773583752622681, 0.08101790552239718, 0.02002912957568597, 0.056654987675948745, 0.12069676722820884, 0.1200627406245544, 0.015552748976390784, 0.0653607585911878, 0.01660182110773869, 0.17466541728626428, 0.06379988185207064, 0.01722566254506936, 0.11524006437025117, 0.036083497993522236, 0.03464738954187122, 0.09091024831435497, 0.125043286956876, 0.09880629850685461, 0.11023405512212014, 0.10358059522111997, 0.04292283717993115, 0.1978315780896702, 0.12547106394247418, 0.07228157910818683, 0.0, 0.06925658471002831, 0.23365790063351735, 0.04521449960277851, 0.052624208103318325, 0.14575991525941617, 0.0029817074412825163, 0.05501008331466053, 0.2921054775824489, 0.02303375364119696, 0.056066794320751255, 0.15107911837200302, 0.23189077427634394
0.13039559186001506, 0.06959014890713165, 0.0398596484080585, 0.10813591085942434, 0.08855238231040313, 0.12763541178627447, 0.11800279073557271, 0.08651025646248803, 0.1057169338575299, 0.04510755535637897, 0.11371992829642909, 0.04629667352467866, 0.07543643437697338, 0.0617424782546699, 0.03536799005927767, 0.04401519626815506, 0.05905359434519566, 0.05773206901468701, 0.007211097757226376, 0.13819997555560082, 0.20728850502128698, 0.007814568861909515, 0.18372003014809232, 0.09913986270395796, 0.14172913568678577, 0.05713114420158481, 0.039492982420402924, 0.03645016398117781, 0.02969485241693997, 0.032610356277118, 0.04717259782852254, 0.05841192886679839, 0.09386140025666619, 0.047401764070807276, 0.05520614776639302, 0.08760261555071194, 0.010027296245747693, 0.016438858446558433, 0.03693141308997576, 0.0907090912794606, 0.001448839909555723, 0.1557337393819641, 0.13686062618402559, 0.08951742681957997, 0.024643009920352, 0.10923845511397201, 0.040213582937809376, 0.04335570674869121, 0.00611109979425964, 0.10666670061722108, 0.06787904096473896, 0.09078548002688884, 0.04172353384530769, 0.09037552708235726, 0.004440732517162005, 0.019952740828257726, 0.00305554989712982, 0.08401489071316534, 0.09271302275366157, 0.1262018496262044, 0.10457619522926809, 0.026616385895581674, 0.1692138070114685, 0.01979741704182029, 0.06335428082540588, 0.04686704283880956, 0.10864771546719358, 0.052283005031472166, 0.0011840255851378054, 0.20009013872196532, 0.09128455317675338, 0.04145108064614695, 0.0007078690595017416, 0.12150903424252918, 0.05982512069422093, 0.13139883074290604, 0.11280835591045202, 0.008700678332077163, 0.08000957405634435, 0.23836090118351633, 0.04480709294982787, 0.03793465197286672, 0.028365688211688497, 0.06714061640626591, 0.022501578700780185, 0.09101464626917358, 0.03951844533621234, 0.08215609785907804, 0.10810535536045304, 0.13202012588865575, 0.12072223014401826, 0.07916929783463364, 0.18370729869018762, 0.08752368051170276, 0.10001833329938278, 0.11749607871096535, 0.020319406815913304, 0.15733026420321444, 0.06303599437778819, 0.1191919089038724
0.09262135625674767, 0.07923040883257623, 0.004456010266647654, 0.14416339043816587, 0.04465431545497138, 0.06968690798720743, 0.04306033692530199, 0.03877238190299648, 0.08639312704976472, 0.004830315129046058, 0.016283534660121, 0.04947189912611273, 0.059119797926300136, 0.09058941557515635, 0.08747530097166487, 0.05822350328980872, 0.08713155160823777, 0.08021073109123872, 0.10112851642867328, 0.047577458189892244, 0.03487655578415595, 0.08463363956733413, 0.03247031024016622, 0.00297152227495875, 0.14705088509095354, 0.054297121671996906, 0.10345837322523477, 0.05348994724083844, 0.06897903892770568, 0.047549448982501887, 0.11908241836589191, 0.15026685135768267, 0.013974048196207045, 0.020841396590006316, 0.11227618097003524, 0.17117445152879346, 0.15793118901631664, 0.1907834429936241, 0.09988592613717381, 0.027932818642928438, 0.12434560306369803, 0.09319427186245952, 0.020711535719378296, 0.10674308936464932, 0.06906052025829582, 0.09607158134892342, 0.06396029822166996, 0.009288871687274653, 0.03092216495895378, 0.0005550915646452507, 0.033669613574789675, 0.07665356175266343, 0.03299739259742111, 0.1250229166242285, 0.01432034385121509, 0.10969678759854148, 0.15393351123423846, 0.21106974801898515, 0.10147226579210039, 0.07969892648346948, 0.19094895194638528, 0.0285744841213257, 0.059183455215823674, 0.08834613269234687, 0.06448228799576297, 0.0025692082051699903, 0.0018511539793444826, 0.0399207594060011, 0.021836996598154447, 0.15953535271230979, 0.10129657167301542, 0.02386893727974578, 0.19975912081644293, 0.07057556374895602, 0.054014483306512394, 0.2796210099610927, 3.564808213318123e-5, 0.14985944470473203, 0.0636802061477664, 0.2244556028599947, 0.010658776557821189, 0.09419751074535047, 0.12023334216047749, 0.033043225845878064, 0.09143733067160986, 0.08108920168666355, 0.11966806542950846, 0.048542502699069075, 0.03256961561182294, 0.21877482634291417, 0.014796500376851153, 0.00014259232853272493, 0.03143906214988491, 0.11718797742967142, 0.12943563993400012, 0.21113595160008963, 0.033193457049153614, 0.11793149457130635, 0.014750667128394207, 0.14667148764539326
0.08667576541524923, 0.03814344788250392, 0.08532368458576929, 0.1270803202216292, 0.06115683119105335, 0.04842282699476482, 0.2179600130370129, 0.059934611232201424, 0.04216404228881058, 0.025129351612311827, 0.04994550936016785, 0.10153337679004298, 0.11614399788148541, 0.17674319121631257, 0.09023293475382453, 0.07116630339573445, 0.05608207207023691, 0.09247876392821494, 0.05969016724043104, 0.057003829622537736, 0.11034609195168157, 0.015252286569839686, 0.040679554297121674, 0.23165142286773543, 0.08527785133731233, 0.04025941618626632, 0.20759660630258092, 0.13073170234869935, 0.06810056833228087, 0.11794167973763012, 0.02855411378867817, 0.31859200260740256, 0.06251655089527612, 0.1300289258723595, 0.05862581735959748, 0.05067884133547901, 0.04610570165610804, 0.015096962783402253, 0.027186755209712574, 0.038265669878389114, 0.029654111751644903, 0.06798853150271944, 0.04078904483510216, 0.2069269316167933, 0.0698880650221018, 0.05369365056731376, 0.09237945855655823, 0.10884887250208795, 0.14721894033529567, 0.24965879692815385, 0.16079067446171397, 0.0917581634108085, 0.18593021124034956, 0.10228198651483979, 0.046087877615041455, 0.09362459513963863, 0.020141166405247397, 0.10832433643641401, 0.04968578761891182, 0.117903485363916, 0.04929875129860871, 0.022855513230531053, 0.003931474200973702, 0.047865189138538634, 0.05871493756493044, 0.11019586074840602, 0.20792762420810332, 0.023543011957385264, 0.26886802061477666, 0.19094131307164247, 0.03068535984192622, 0.04561172108940539, 0.04628139577519301, 0.1358446558432299, 0.12785693915381638, 0.12967753763418957, 0.24906551098979446, 0.0988852335458638, 0.020008759243038438, 0.056917255708785724, 0.26771709682019107, 0.20728086614654417, 0.2867760893035383, 0.13284003177771894, 0.037560347110468316, 0.20325517915707564, 0.0023935140860850256, 0.032982114847935465, 0.11820140147888615, 0.04872328940131592, 0.02999531482349107, 0.01071224868102096, 0.11782964290806869, 0.0034807805911470533, 0.03543928622354403, 0.07855818785520767, 0.02068607280356888, 0.009184473732456051, 0.168103623882178, 0.1720732924568658
0.039037196227414396, 0.19485496323154958, 0.09677435782526328, 0.053714020899961294, 0.011763867103949808, 0.23619655333971604, 0.1507226375506712, 0.07723156994153714, 0.017717096820191073, 0.08814497565745248, 0.01187081135034935, 0.016477052820272554, 0.029475871340979, 0.038039049927685316, 0.06555936933450124, 0.05629850685461694, 0.12792314273492086, 0.019580982257440264, 0.00362591921126072, 0.010401601108146096, 0.09268246725469027, 0.01942820476258377, 0.15966266729135686, 0.1633089568352651, 0.09322737365301176, 0.01847079912814976, 0.02865596545191583, 0.02105019249964352, 0.005749526389765945, 0.07973966714876454, 0.1330768368947465, 0.18618229410686277, 0.06477765781915219, 0.16202053329530872, 0.028513373123383104, 0.11000234258825446, 0.07517671263571735, 0.050067731356053045, 0.010696970931535313, 0.05275406897394634, 0.09485700026481432, 0.07569870240981036, 0.1191053349901204, 0.15977725041249924, 0.0796021674033937, 0.07344523436067711, 0.07175449675093194, 0.0730760220814406, 0.19376260414332566, 0.2625481249108798, 0.15487309282760586, 0.08045008249984723, 0.06271261534700862, 0.039867287282801325, 0.13663655252490273, 0.06395011305534619, 0.017465013953677864, 0.2475275508749058, 0.07960725998655559, 0.16827931800126297, 0.21734381047442505, 0.0726533376790043, 0.029216149599722963, 0.05637489560204518, 0.10233291234645862, 0.10014819417001079, 0.07793689270945794, 0.14681407997392598, 0.2649823796622599, 0.05964178770039315, 0.09379265038398077, 0.0499913426086248, 0.03658002485180583, 0.061482756513413866, 0.12027408282577254, 0.057569106353506753, 0.014758306003137031, 0.18734085677619117, 0.07013760159703408, 0.1736290766128211, 0.015321036442525107, 0.08827992911124238, 0.15091106312766087, 0.22515837933633456, 0.05884989101872033, 0.05344156770080055, 0.07027255505082398, 0.09164612658124707, 0.05554989712982013, 0.08586604469250983, 0.04607005357397486, 0.13310993868529872, 0.1277474486158359, 0.23873520604591472, 0.09275885600211851, 0.08901326108655354, 0.06996954635269194, 0.32806675358008597, 0.125305554989713, 0.02800156851561386
0.04574158196003341, 0.11695626489580575, 0.004669898759446742, 0.14602982216699598, 0.0857845633619197, 0.23000397221486626, 0.22843800289258723, 0.07092185940396406, 0.08699405186286692, 0.12487268542095292, 0.03554368417836263, 0.032144384917805705, 0.21774103196105193, 0.03529160131184942, 0.028462447291764274, 0.24695972785235584, 0.025671711719052373, 0.021289543908252023, 0.08611558126744209, 0.20870424314029049, 0.27157982114847934, 0.0363203031105498, 0.13317359597482226, 0.07756513413864048, 0.033119614593306305, 0.3117195616304414, 0.10359078038744372, 0.08715956081562812, 0.05369110427573282, 0.046678617261819884, 0.27037287893911305, 0.15615897007598134, 0.04396427043653623, 0.19255566193395937, 0.11201136664561732, 0.17590291499460187, 0.06116447006579617, 0.2510185166323766, 0.021880283555030453, 0.03580085962803772, 0.07770772646717321, 0.10298476299117965, 0.1643249271760608, 0.21235307897577968, 0.032567069320242, 0.26236988450021387, 0.0016474506528691612, 0.12566712839420668, 0.07129616426636247, 0.21582367440060296, 0.10139587704467214, 0.06742325477175043, 0.07453504715732008, 0.0871086349840093, 0.17714805157768226, 0.049533010124055324, 0.041731172720050516, 0.014799046668432096, 0.006141655293230939, 0.10441577885966878, 0.10008453688048725, 0.07894777046709173, 0.098615326638284, 0.0323277179116335, 0.09073710048685095, 0.0627177079301705, 0.15485781507812021, 0.20700077407264061, 0.0027474486158358966, 0.06989061131368275, 0.04087307245727323, 0.000985414841824367, 0.003271984681509849, 0.10705882952068607, 0.02936383451141757, 0.0419628852539162, 0.011040720294962416, 0.2632840031777719, 0.1719739870852091, 0.15874854861379886, 0.05563647104357214, 0.16994204640361776, 0.2647379356704895, 0.18764895805748508, 0.044463343586400764, 0.012677985781507813, 0.16837607708133873, 0.016321729033835122, 0.16734737528263838, 0.1029083742437514, 0.1392465013953678, 0.06480821331812349, 0.04348047503615734, 0.14038978631521054, 0.006352997494449084, 0.25276272636532154, 0.22612597013709235, 0.009726833839196595, 0.0032592532236051415, 0.11987686133914567
0.042105477582448925, 0.07244963435252898, 0.05772697643152513, 0.06193345012324051, 0.07145912692754272, 0.11991250942127885, 0.08647460838035485, 0.08489590760017111, 0.14173677456152858, 0.0366640524739769, 0.111764376362266, 0.03206035729563464, 0.16950153796011488, 0.0074428102910920535, 0.0077330875313193865, 0.13106272025422175, 0.13119258112484977, 0.3055855452119533, 0.25085555397119635, 0.07388828909576094, 0.19573598011855534, 0.11808427206616284, 0.15017773115234972, 0.01255831007720356, 0.15685665396915932, 0.1355849341019739, 0.06639709926463098, 0.19425403841844738, 0.21937065857285448, 0.09173015420341814, 0.08220956998227781, 0.010732619013668494, 0.09611741459738038, 0.1307418875150231, 0.1131750218981076, 0.03046892505754619, 0.05452883420586258, 0.07541097146116396, 0.21960491739830112, 0.11429029761055998, 0.04202654254343974, 0.2060866553950826, 0.18884826139210853, 0.1499434723269031, 0.0046597135931229754, 0.23211994051862866, 0.24745370841905848, 0.14164765435619564, 0.025511295349453057, 0.07288505021286998, 0.0042497606485913915, 0.1908700169073761, 0.04968578761891182, 0.07111792385569657, 0.12182477439856593, 0.04187376504858324, 0.1308259151371942, 0.157001792589273, 0.18586655395082602, 0.04890916868672465, 0.07653133975677823, 0.030341610478499113, 0.0546281395775193, 0.18681886700209815, 0.1533529567537838, 0.1130655313601271, 0.12161597848892873, 0.023155975637082153, 0.04080941516774969, 0.11911042757328227, 0.1518073577641523, 0.2679029761055998, 0.12071459126927543, 0.08925515878674299, 0.06270497647226579, 0.13123332179014482, 0.010017111079423926, 0.10269193945937137, 0.03936057525819397, 0.38549836018822187, 0.1219648204355177, 0.03745594915564971, 0.13815668859872482, 0.005095129453463975, 0.08151952496384265, 0.00792151310830906, 0.06282719846815099, 0.05433022346254914, 0.012430995498156485, 0.13468609317390154, 0.26031248090281317, 0.06893575197082968, 0.03677863559511927, 0.1564135992340755, 0.2746786580024852, 0.09150862683587623, 0.00498563891548349, 0.17870638202521846, 0.15778095781304108, 0.009815954044529547
0.15351082683180217, 0.15069972092644274, 0.172065653582123, 0.022282597624819215, 0.15512262940253815, 0.004662259884703917, 0.08764080992442606, 0.017167097838707707, 0.03223095883155772, 0.08294799454075084, 0.15448096392414087, 0.0007155079342445662, 0.01678770039314742, 0.14541361960440813, 0.10980118555336009, 0.23371901163145994, 0.24584445213990344, 0.217998207410727, 0.03339206779246705, 0.0912310810535536, 0.004904157584893361, 0.08862877105783137, 0.1588911409423316, 0.0478753743048624, 0.2627314579047076, 0.06652696013525901, 0.4236418080707258, 0.23616090525758285, 0.0007155079342445662, 0.17193579271149498, 0.31721700515369416, 0.20931535311971644, 0.09526440691776497, 0.12278727261616182, 0.25631480312073496, 0.028683974659306187, 0.1788056873968752, 0.2775814304047585, 0.22501833329938278, 0.4563438308447577, 0.0267284227251431, 0.16173534863824326, 0.1729543093438716, 0.07972184310769795, 0.06459687111690533, 0.08056975820415148, 0.03028813835529934, 0.1664536269377279, 0.02664439510297203, 0.04420362184514473, 0.22397944633435865, 0.051460552850828054, 0.1768934224195881, 0.09616070155425638, 0.22699934814935527, 0.058483225031064755, 0.2682823735511601, 0.21099081297997596, 0.08986117618300707, 0.03227169949685278, 0.03466775987451875, 0.22934448269540242, 0.06200729257908782, 0.07813295716119044, 0.22625328471613942, 0.19372950235277342, 0.030942535291601313, 0.06668992279643926, 0.039790898535373084, 0.14397751115275711, 0.10009217575523008, 0.2406347395652971, 0.0024520787924466807, 0.10624146992320385, 0.030476563932289015, 0.20200494999083335, 0.3655608971094498, 0.16390733535678637, 0.07948249169908944, 0.1770207369986352, 0.046375608563687845, 0.09446232506976839, 0.09321464219510704, 0.054587398912224236, 0.12896966857468783, 0.24740023629585872, 0.02856939153816382, 0.31477511152757126, 0.08183271882829847, 0.2567604041473997, 0.01861593774826343, 0.22164449695463526, 0.14096270192092236, 0.16028650872868755, 0.16152655272860605, 0.1424802917031635, 0.10399818704039437, 0.038349697500560186, 0.1738378725224583, 0.15064624880324295
0.14260505999062964, 0.08213827381801145, 0.13123332179014482, 0.09896926116803488, 0.47055213786641137, 0.01844788250392129, 0.12574606343321587, 0.12433541789737426, 0.13153887677985782, 0.2301160090444277, 0.16234900490925017, 0.0954197307042024, 0.05917327004949991, 0.022993012975901898, 0.21248548613798862, 0.10587480393554827, 0.02709508871279868, 0.055476054673972826, 0.09961601922959402, 0.15588142429365873, 0.1680425128842354, 0.34078038744372696, 0.11609816463302845, 0.07760078222077367, 0.09660120999775926, 0.06303599437778819, 0.03287007801837404, 0.16868927094579456, 0.22050375832637348, 0.2789386038174003, 0.030542767513393493, 0.08804057770263389, 0.1131011794422603, 0.054151983051883235, 0.03751706015359231, 0.18995844452139904, 0.08607484060214703, 0.2669175612637754, 0.1554892953901937, 0.05349503982400033, 0.1491388441873256, 0.23934886231692162, 0.10373082642439552, 0.0662748772687458, 0.0035444378806705912, 0.05646146951579719, 0.0055560082296143894, 0.18338646595098898, 0.03441567700800554, 0.12332708643132143, 0.1876998838891039, 0.16710547758244892, 0.09552158236744006, 0.31671538571224866, 0.24912662198773705, 0.11025187916318674, 0.13711525534211974, 0.12838656780265223, 0.01299372593754456, 0.02689647796948524, 0.2524011529608278, 0.07302254995824081, 0.09671579311890163, 0.1605411378867817, 0.10285999470371351, 0.0629392352977124, 0.07992809272575421, 0.1718517650893239, 0.07815078120225703, 0.40227078283188367, 0.08964474139862703, 0.06501955551934163, 0.20818989224094028, 0.09252968975983378, 0.19289177242264366, 0.13328817909596463, 0.2422720050518425, 0.11809445723248661, 0.3846784542991587, 0.0013189790389277057, 0.060497341671589495, 0.03974761157849708, 0.09763755067120246, 0.05622466439876963, 0.15858049336945673, 0.04492931494571306, 0.08097716485710212, 0.0685130675683934, 0.004830315129046058, 0.0009293964270436537, 0.039790898535373084, 0.0796887413171457, 0.09604866472469495, 0.17589272982827808, 0.079283880955776, 0.1693869548389725, 0.10953382493736123, 0.0019453667678393188, 0.14451223238475483, 0.08963964881546516
0.24293149457130636, 0.09834796602228514, 0.14953351938237153, 0.06943482512069422, 0.10860188221873664, 0.0747693059827667, 0.06109317390152981, 0.20518017559226742, 0.2233810678128374, 0.07210843128068281, 0.2490502332403088, 0.09675908007577763, 0.16413140901590922, 0.03975270416165896, 0.07870332647532134, 0.1253564808213318, 0.03690595017416634, 0.2771943940844554, 0.0037405023324030883, 0.006869894685380212, 0.05478091707237579, 0.33785724470880607, 0.1818230429202909, 0.13200739443075105, 0.03871127090505388, 0.027408282577254486, 0.05812674420973295, 0.12196736672709865, 0.06738760668961724, 0.1903429345501212, 0.0027321708663502475, 0.0731625959951926, 0.20147532134199753, 0.05570522091625756, 0.10581114664602473, 0.2905598785928174, 0.08463618585891508, 0.21572436902894623, 0.09554449899166853, 0.1443569085983174, 0.016202053329530872, 0.03611914607565542, 0.06501446293617975, 0.17378440039925852, 0.05260638406225174, 0.11900602961846367, 0.11337617893300198, 0.15865433582530403, 0.33051883237253266, 0.16042655476563933, 0.12347986392617792, 0.2748925464952843, 0.1724272269866167, 0.1445275101342405, 0.269244871768756, 0.2065144323806808, 0.04690523721252368, 0.41326057729522725, 0.009209936648265466, 0.19718991261127294, 0.03419414964046363, 0.057479986148173796, 0.008654845083620216, 0.06774918009411093, 0.022633985862989144, 0.0970391721496812, 0.04191705200545925, 0.1583767900429814, 0.04888879835407712, 0.001222219958851928, 0.1585906785357805, 0.041494367603022955, 0.11054724898657595, 0.14813560530443462, 0.21750168055244343, 0.14724949583426697, 0.01947403801104072, 0.35763938400114076, 0.02554948972316718, 0.010747896763154142, 0.021551811941089, 0.308951742681958, 0.05181703367215987, 0.12233657900633517, 0.27563097105375733, 0.08257878226151433, 0.23014911083497994, 0.05801216108859058, 0.1135009472204681, 0.34627273838381784, 0.09718176447821393, 0.21903200179258928, 0.11189169094131307, 0.26779348556761934, 0.1637367338208633, 0.10604795176305229, 0.2843825752174533, 0.1356842394736306, 0.3476935690859832, 0.0752047218431077
0.27630573832270683, 0.07990008351836385, 0.052346662320995704, 0.020991627793281863, 0.0015583304475362083, 0.16571010979609296, 0.12753101383145587, 0.18241632885865025, 0.25449929722352366, 0.16442168625613657, 0.28122262736550485, 0.18755983785215213, 0.1492814365158583, 0.02697286671691349, 0.1956468599132224, 0.20001374997453708, 0.1322009125909026, 0.14564533213827383, 0.004677537634189566, 0.14719347741948627, 0.2843825752174533, 0.11880996516673117, 0.2741974088936872, 0.1157875170601536, 0.005194434825120694, 0.15022865698396856, 0.0786574932268644, 0.15809160538591596, 0.2258968038948076, 0.05971563015624045, 0.04825986433358457, 0.10465767655985822, 0.06048206392210385, 0.19374987268542096, 0.27335204008881464, 0.07717555152675643, 0.2367287282801328, 0.18471053757307856, 0.029404575176712636, 0.23966205618137745, 0.12545069360982664, 0.12276690228351429, 0.009617343301216108, 0.03325456804709621, 0.022868244688435763, 0.12215833859566927, 0.22398199262593957, 0.0979711148683058, 0.05056680450591758, 0.03847701207960726, 0.20189036686969097, 0.06468599132223829, 0.09679472815791082, 0.16354830824387362, 0.21729288464280622, 0.04550732313458679, 0.3592868346540099, 0.2627314579047076, 0.4450892220569962, 0.047951763052290645, 0.32344268806909615, 0.0012782383736326414, 0.019476584302621662, 0.3025325416064044, 0.04063372104866472, 0.054788555947118615, 0.11759538408262207, 0.16879366890061315, 0.105189851500275, 0.4062557291560571, 0.022348801205923693, 0.020515471267645802, 0.14256686561691553, 0.11349840092888717, 0.1094650750646758, 0.1128007170357092, 0.06767533763826364, 0.0716781080035037, 0.13114165529323094, 0.022333523456438045, 0.14384255769896723, 0.25015532378643746, 0.0786524006437025, 0.05546586950764906, 0.006803691104275733, 0.25394675195045935, 0.06347904911287201, 0.23775488378725224, 0.14181825589211872, 0.20180633924751992, 0.028526104581287813, 0.12181968181540405, 0.03540618443299179, 0.03211128312725347, 0.23675419119594224, 0.028057586930394573, 0.217346356766006, 0.02042889735389379, 0.020622415514045346, 0.017918253855085452
0.24395510378684485, 0.0260842109551649, 0.2596122507180542, 0.13706687580208185, 0.13719928296429082, 0.028734900490925017, 0.03115897007598134, 0.16590617424782547, 0.1444052881383553, 0.12680022814772565, 0.007012487013912937, 0.09311024424028845, 0.2080243832881791, 0.07626397914077937, 0.1761193497789819, 0.05201819070705425, 0.00506966653765456, 0.32987462060255446, 0.19306746654172863, 0.0824540139740482, 0.13890784461510255, 0.20428133466419507, 0.15885803915177935, 0.07661536737894929, 0.18329225316249415, 0.0007944429732537532, 0.02722749587500764, 0.019023344401214073, 0.08937992707420912, 0.14831384571510053, 0.07388828909576094, 0.06422765883766882, 0.04555570267462468, 0.26968028762909696, 0.06354270640239555, 0.17700545924914954, 0.12065093397975189, 0.08347507689800575, 0.13425576989672242, 0.016273349493797235, 0.0736591228534762, 0.22563453586197063, 0.06991098164633028, 0.09147297875374305, 0.10694424639954371, 0.051333238271780976, 0.10717595893340938, 0.05430985312990161, 0.012509930537165672, 0.020383064105436843, 0.06732649569167465, 0.1857061375812267, 0.08769682833920678, 0.08769937463078772, 0.06458923224216251, 0.47296092970198206, 0.365769693019087, 0.3593428530687906, 0.28602747957874153, 0.6104683139475667, 0.2550161944144548, 0.1403643233994011, 0.1916491821311442, 0.19614338677150597, 0.07156607117394227, 0.24515695341304924, 0.3811187386690025, 0.14953606567395245, 0.35551832311421644, 0.1887591411867756, 0.0023935140860850256, 0.07188435762155997, 0.4577035505489805, 0.24886944653806198, 0.6011539793444827, 0.2412662198773706, 0.4853741011590719, 0.005431239942148255, 0.2918050151758978, 0.03143396956672302, 0.24549561019331445, 0.3444139455297305, 0.07857091931311239, 0.06873714122751624, 0.13150577498930557, 0.22562435069564685, 0.16361960440814, 0.0078043836955857485, 0.008186327432726976, 0.20418966816728118, 0.0472438939927889, 0.13630553461938033, 0.35308916094599824, 0.0829327167912652, 0.004837954003788882, 0.09805768878205781, 0.13889002057403596, 0.04476889857611375, 0.23178637632152532, 0.20606628506243507
0.28821219775518936, 0.25873632641421035, 0.2890932146421951, 0.17320893850196573, 0.5546816117007191, 0.026985598174818194, 0.05692744087510949, 0.07801837404004808, 0.21389103909066834, 0.12113472938013077, 0.026277729115316454, 0.13351734533824938, 0.25523008290725385, 0.011038174003381475, 0.08816025340693813, 0.02371870607647023, 0.1636577987818541, 0.2604270640239555, 0.018254364343769734, 0.08983316697561672, 0.1352055366564136, 0.20512161088590578, 0.14955388971501904, 0.18725428286243914, 0.07911073312827198, 0.3557907763133772, 0.08581257256931006, 0.06473946344543806, 0.37897730744943064, 0.10886160395999267, 0.10631531237905115, 0.10712503310179056, 0.03057077672078385, 0.2336375303008698, 0.11974700046851765, 0.3773043938807521, 0.14264580065592472, 0.02130227536615673, 0.411702246847691, 0.12781874478010227, 0.32521490700943145, 0.2669557556374896, 0.2542854087307246, 0.152734207899615, 0.14923051068423948, 0.05087745207879245, 0.04959666741357886, 0.24236112525717546, 0.05825405878878002, 0.1723610234055122, 0.10517966633395123, 0.2731330590128537, 0.09338269743944919, 0.544539732333829, 0.028966613024790696, 0.30425128842353993, 0.05259365260434703, 0.16265965248212502, 0.125565276730969, 0.39572681346886396, 0.37111435904748324, 0.263411317756819, 0.11042248069910982, 0.098136623821067, 0.4690472795420749, 0.38192591310016094, 0.3072890142796032, 0.041891589089649836, 0.20508341651219164, 0.43742488439836225, 0.13061966551913792, 0.30029435130675686, 0.0343392882605773, 0.2613360901183516, 0.16263418956631562, 0.2699782037440671, 0.3483861603959993, 0.14175205231101423, 0.22304241103257216, 0.0362897476115785, 0.23780326332729013, 0.2173107086838728, 0.06911399238149558, 0.15844808620724776, 0.1863070623943289, 0.044157788596687786, 0.07576235969933388, 0.15362031736978266, 0.07205495915748304, 0.40629392352977123, 0.007376606709987574, 0.16656821005887026, 0.43504155547860096, 0.19509176834857714, 0.3736733820863295, 0.3186556598969261, 0.21268664317288302, 0.44651769163390437, 0.6708103318327189, 0.0362897476115785
0.011099285001324071, 0.23512965716730155, 0.18387535393452975, 0.00495253712493125, 0.2542777698559818, 0.213078772076348, 0.030048786946690838, 0.5288545761952292, 0.2797712411643682, 0.3971832922531625, 0.05272605976655599, 0.029096473895418713, 0.15287425393656678, 0.1669450612128496, 0.11737385671508016, 0.22859332667902466, 0.3418498299077224, 0.008766881913181642, 0.34031441608441465, 0.2832672995050009, 0.22838198447780653, 0.25405624248843983, 0.2716587561874885, 0.11594538713817197, 0.3540414739972704, 0.04710639424741806, 0.10010236092155385, 0.1421238108818317, 0.11903149253427309, 0.11186622802550365, 0.21730816239229186, 0.6691017701819071, 0.07395449267686541, 0.10132458088040577, 0.004262492106496099, 0.05507119431260313, 0.09189566315617934, 0.6408201095923897, 0.11434886231692164, 0.2682467254690269, 0.09962365810433685, 0.4190584832250311, 0.1233372715976452, 0.1386455765822656, 0.45985516693487605, 0.11323358660446925, 0.18323878103929436, 0.07811004053696197, 0.5366869690982053, 0.047164958953779715, 0.05260893035383268, 0.09901000183332993, 0.16558024892546494, 0.26131826607728503, 0.2467000061110998, 0.47135676600598886, 0.23308753131938645, 0.09143733067160986, 0.017365708582021144, 0.5484890305758693, 0.04059043409178872, 0.2873948381577071, 0.35053777678189485, 0.09160283962437106, 0.4019372186347803, 0.13030647165468212, 0.023530280499480558, 0.03247285653174716, 0.10075421156627487, 0.10983428734391233, 0.23948890835387343, 0.37482685217249595, 0.22537481412071458, 0.338863029883278, 0.11350349351204905, 0.6427782078181337, 0.010320119777555967, 0.5169430241795848, 0.2682823735511601, 0.3974786620765517, 0.38788932798272596, 0.5296210099610926, 0.011333543826770692, 0.016866635432156607, 0.15501313886455767, 0.45253457863966917, 0.2735022712920902, 0.36747825466989875, 0.15304230918090891, 0.21573200790368907, 0.03532470310240166, 0.4390774276343933, 0.2001130553461938, 0.058867715059786926, 0.2845608156281192, 0.35243731030127723, 0.20584221140331221, 0.2588509095353527, 0.1946538061966552, 0.011791876311340163
0.09741602330366055, 0.2908781650404351, 0.30689943166771916, 0.11161414515899044, 0.15783188364465991, 0.258575910044611, 0.06571978570410054, 0.3230403739993074, 0.4606496099081298, 0.017818948483428736, 0.19574871157646004, 0.3249551852681754, 0.5404198325558657, 0.5004685176508933, 0.4831231794015196, 0.3757537023079587, 0.3217392190014463, 0.6066055896192785, 0.15718767187468172, 0.15302448513984232, 0.4469480149110835, 0.37168472836161415, 0.23977154671935794, 0.1227185227434764, 0.0742727791244831, 0.10611415534415677, 0.035500397221486624, 0.11890927053838789, 0.2735913914974232, 0.016965940803813327, 0.08134892342791958, 0.2222403291845756, 0.34810352203051476, 0.7082153551567497, 0.13266943024179584, 0.4589690574647084, 0.24591065572100793, 0.10713267197653338, 0.2458037114746084, 0.5426070970238944, 0.08110957201931107, 0.09611741459738038, 0.01326363284512436, 0.342343810474425, 0.32752184718176447, 0.040177934855676195, 0.098136623821067, 0.06689617241449552, 0.43200892220569964, 0.14266871728015318, 0.20649915463119511, 0.5235862989142612, 0.0036004562954513046, 0.5656637672893199, 0.02974832454013974, 0.14570389684463547, 0.21847945651952497, 0.384273593937789, 0.054740176407080725, 0.360631276608747, 0.2162489050946202, 0.40969576908190913, 0.030446008433317715, 0.22191949644537695, 0.26354627121060886, 0.26485251879163185, 0.21695932044570287, 0.08430516795339268, 0.03556660080259111, 0.14903953881566886, 0.19036585117434968, 0.18556354525269397, 0.15038143447882504, 0.11149956203784808, 0.029707583874844675, 0.15687193171864497, 0.04556843413252938, 0.18813784604102585, 0.0019453667678393188, 0.038876779857815076, 0.27803721659774705, 0.2414571917459412, 0.21741765293027235, 0.06400103888696503, 0.728142633069198, 0.010714794972601903, 0.04047585097064635, 0.09941740848628058, 0.03740756961561182, 0.12356389154834899, 0.1237243079179483, 0.055440406591839644, 0.7268949501945366, 0.0028798557780448553, 0.04416797376301155, 0.21005887026135137, 0.013378215966266729, 0.1374309954981565, 0.17417398301114256, 0.41457446375099305
0.16662422847365096, 0.216824366991913, 0.3248686113544234, 0.4631602534069381, 0.2473620419221446, 0.17007699985740768, 0.11768705057953596, 0.7959631093275753, 0.019000427776985598, 0.005548369354871565, 0.24448473243568067, 0.22057760078222077, 0.3743277790226314, 0.17949827870689128, 0.19817023486993543, 0.4438109836833635, 0.07966582469291723, 0.23139424741806033, 0.12887290949461205, 0.07447393615937749, 0.04704019066631358, 0.09646625654396937, 0.18645983988918538, 0.17585198916298303, 0.14972449125094212, 0.22705282027255505, 0.09848801205923692, 0.06171446904727954, 0.19182996883339104, 0.30166170988572244, 0.03270966164877472, 0.3374778472632458, 0.05929803833696604, 0.1959371371534497, 0.046276303192031125, 0.013276364303029068, 0.31442626958098224, 0.2956982950031574, 0.02758397669633945, 0.15315943859363224, 0.12267268949501946, 0.10466786172618199, 0.2614583121142368, 0.059280214295899455, 0.5773818011448127, 0.0014131918274225418, 0.11536737894929824, 0.18600405369619685, 0.10662850624350696, 0.08546882320588295, 0.10016856450265833, 0.2686974190788536, 0.25523008290725385, 0.026937218634780307, 0.40190666313580903, 0.2397206208877391, 0.01772728198651484, 0.13508331466052842, 0.09594681306145729, 0.38808029985129655, 0.0748737039375853, 0.2542064736917154, 0.04378857631745126, 0.3863386364099326, 0.22766647654356195, 0.03396498339817889, 0.23134077529486058, 0.23202063514697194, 0.015132610865535434, 0.17724990324091994, 0.050067731356053045, 0.07858365077101709, 0.20242254181010777, 0.28242193070012833, 0.46288270762461553, 0.1031044386954839, 0.021742783809659612, 0.512932614939602, 0.006633089568352651, 0.06341539182334847, 0.2155868692835754, 0.08905654804342955, 0.3864557658226559, 0.22717504226844024, 0.06784084659102484, 0.10624910879794668, 0.6530117536819376, 0.290402008514799, 0.11073058198040374, 0.19615611822941068, 0.7233836141044183, 0.5503834715120898, 0.07823226253284717, 0.3273741622700699, 0.5237390764091178, 0.28944714917194597, 0.15657146931209387, 0.07712717198671855, 0.16975871340978999, 0.23139424741806033
0.12145556211932941, 0.466824366991913, 0.41754089344278994, 0.2153653419160335, 0.2325095231305127, 0.12918101077590596, 0.04416542747143061, 0.05929294575380416, 0.05942535291601312, 0.2898061762848587, 0.23925974211158868, 0.17658277484671325, 0.005818276262451366, 0.0626260414332566, 0.1872339125297916, 0.3597910003870363, 0.36135442341773444, 0.1390326129025687, 0.16050039722148662, 0.7716154692306125, 0.35529679574667455, 0.330330406795543, 0.10241693996862969, 0.09530514758306004, 0.06682487625022916, 0.10180837628078467, 0.7051368886353914, 0.5121840052148051, 0.12520115703489437, 0.08471257460634332, 0.2948834816972561, 0.00832637346967876, 0.441397099264631, 0.18286447617689597, 0.46170122833105864, 0.2825365138212707, 0.6837964188955206, 0.21070308203132956, 0.04615408119614593, 0.14954115825711434, 0.36682131144201585, 0.27182426514024977, 0.34890051129534944, 0.13514951824163288, 0.16130502536106414, 0.1883008087022061, 0.1287048542502699, 0.063435762155996, 0.25081735959748225, 0.4600232221792182, 0.07533203642215477, 0.48761483775030046, 0.3581257256931006, 0.5807454523232365, 0.04123973844492881, 0.4264070807276283, 0.24646320099407223, 0.0634535861970626, 0.40841498441669555, 0.28093744270843946, 0.1227312542013811, 0.6208648224725509, 0.09812134607158135, 0.4165885803915178, 0.042329551241571776, 0.28402354810454056, 0.029786518913853862, 0.004443278808742947, 0.08584312806828136, 0.13419465889877982, 0.07396722413477012, 0.20543735104194252, 0.0025259212482939847, 0.021730052351754903, 0.28939622334032716, 0.011746043062883217, 0.05398647409912204, 0.28947515837933635, 0.1835850766943024, 0.042095292416125155, 0.021859913222382923, 0.40786498543521216, 0.3103394715935711, 0.4789421686256137, 0.08559613778493003, 0.17711494978713002, 0.21158409891833532, 0.14067242468069505, 0.2848612780346703, 0.11843056772117089, 0.39211871829866984, 0.6818688761687478, 0.1569788759650445, 0.23386415025157362, 0.07664083029475871, 0.304814018862928, 0.09246857876189118, 0.731715080157259, 0.3534099936851969, 0.39213144975657455
0.1655955266749506, 0.017467560245258806, 0.5041580941516774, 0.005576378562261922, 0.4197892689087613, 0.16749251390275202, 0.06127396060377666, 0.3455597767411542, 0.0779037909189057, 0.40915086268358763, 0.10962803772585607, 0.37164144140473815, 0.12657360819702185, 0.5729869018761077, 0.21331303090179463, 0.45305402212218127, 0.023846020655517306, 0.4461561182294107, 0.1154997861115072, 0.2511280071703571, 0.3146477969485242, 0.2408919150149722, 0.24418427002912957, 0.22760536554561936, 0.6297080931331609, 0.512150903424253, 0.19523945326027173, 0.3237686133914567, 0.4565780896702043, 0.3732099570185981, 0.5368219225519952, 0.360458128781243, 0.11652594161862663, 0.011249516204599621, 0.1389282149477501, 0.05904086288729095, 0.1751746756024526, 0.034708500539813815, 0.29849157686745026, 0.0048557780448554725, 0.014147196023711067, 0.42338717891263167, 0.07462416736265304, 0.05845776211525534, 0.34152390458536186, 0.30120337740115294, 0.4933592715569045, 0.0014590250758794892, 0.04862398402965921, 0.10093499826852173, 0.016960848220651442, 0.4407528874946528, 0.3001161108960909, 0.22685166323766068, 0.283786742987513, 0.2755698600558147, 0.2328278095781304, 0.22452435273268012, 0.2055723044957324, 0.10564818398484448, 0.08406581654478418, 0.33307530911979794, 0.41535362897476114, 0.08385192805198509, 0.14355228045873988, 0.26077335967896353, 0.02137102523884215, 0.0477709763500438, 0.05911470534313825, 0.14843352141940477, 0.5304256381006702, 0.1874656250636573, 0.5078884113177569, 0.2697617689596871, 0.3524602269255057, 0.6309303130920128, 0.657959198223707, 0.11583589660019149, 0.03993858344706769, 0.49809028131429384, 0.5528610132203459, 0.06890265018027744, 0.7781619848852132, 0.14054765639322891, 0.19851398423336253, 0.39533468456539894, 0.15020319406815913, 0.4947673708011652, 0.5695239453260271, 0.24299260556924895, 0.4684438084373918, 0.5004023140697887, 0.2348953983418549, 0.3987467152838606, 0.10776415228860688, 0.19278737446782507, 0.1905135360860443, 0.21524821250331017, 0.04851194720009778, 0.07964290806868876
0.5524103196105192, 0.3588768817094783, 0.39417612189607054, 0.14957935263082847, 0.7931418182558921, 0.06661608034059197, 0.19759731926422358, 0.43997626856246563, 0.16630848831761422, 0.4048501762033774, 0.2675770507832393, 0.11194770935609379, 0.07211861644700658, 0.19333737344930843, 0.06053298975372268, 0.019074270232832903, 0.12944327880874296, 0.4589741500478703, 0.5039263816178118, 0.6471527367541912, 0.2818948483428734, 0.03737192153347864, 0.1538927705689434, 0.40972377828929946, 0.1436999653704345, 0.7233123179401519, 0.39344024362917845, 0.1662270069870241, 0.11386506691654275, 0.2299632315495712, 0.08969057464708399, 0.49470880609480355, 0.48579678556150824, 0.4999745370841906, 0.7945040842516958, 0.258448595465564, 0.5385101138701595, 0.21600700739443074, 0.009423825141064554, 0.24550070277647634, 0.33923988103725733, 0.08318734594935935, 0.2044850379906704, 0.5951192682976513, 0.3021124034955491, 0.012415717748670835, 0.25829581797070744, 0.3829648000651851, 0.14086339654926566, 0.3833492900939072, 0.06116447006579617, 0.028635595119268296, 0.32767207838504003, 0.06724501436108452, 0.46948778798557783, 0.11168798761483775, 0.24431158460817665, 0.3241556497117598, 0.26843769733759754, 0.07299708704243141, 0.1050854535454564, 0.37179421889959463, 0.04205964433399197, 0.28855594711861643, 0.2070618850705832, 0.042130940498258336, 0.17572976716709784, 0.036572385977063006, 0.3042792976309303, 0.2228921798292966, 0.03312470717646819, 0.29742722698661667, 0.22237528263836548, 0.5071270701350553, 0.5017671263571735, 0.12883726141247887, 0.05735012527754578, 0.2140158073781345, 0.5183816789228168, 0.15646707135727528, 0.31129433093642417, 0.16056405451101016, 0.022888615021083296, 0.04019830518832373, 0.6435624656250637, 0.23278197632967346, 0.07835957711189424, 0.2050019351816015, 0.6793098531299017, 0.27555203601474815, 0.051598052596198894, 0.5021006905542768, 0.4179101057220264, 0.03187957059338779, 0.18427257542115663, 0.26947658430262167, 0.11598358151188609, 0.05649202501476849, 0.41579668370984496, 0.4134184473732456
0.10342781772626347, 0.2343785011509238, 0.10565327656800635, 0.21576001711107942, 0.06105497952781569, 0.14478468558391558, 0.04505662952476014, 0.5129657167301542, 0.12029699945000102, 0.07438736224562548, 0.41463557474893564, 0.11542594365565989, 0.07343759548593429, 0.1115555804526288, 0.41521358293780936, 0.020551119349778983, 0.24249098612780345, 0.08519637000672221, 0.30949410278869854, 0.25638355299342036, 0.0332112810902202, 0.0646248803242957, 0.1859505815729971, 0.07708388502984254, 0.13391456682487626, 0.21076419302927216, 0.35375119675704303, 0.2523782363365994, 0.4619584037807337, 0.2554490639832148, 0.3320669776537451, 0.3978631521052739, 0.058040170295980936, 0.3321841070664684, 0.13667220060703592, 0.19262186551506386, 0.05803253142123811, 0.029165223768104133, 0.2064482287995763, 0.1756049988796317, 0.060744331954940826, 0.4232318551261942, 0.11095720193110753, 0.011822431810311462, 0.08352854902120552, 0.21790144833065123, 0.18301216108859059, 0.5456830172536717, 0.08601627589578538, 0.2412662198773706, 0.07436189932981606, 0.7170484406510358, 0.5608894705750544, 0.16828695687600578, 0.14510551832311422, 0.03612933124197918, 0.2406041840663258, 0.0789579556334155, 0.14072080422073294, 0.06483876881709479, 0.02130482165773767, 0.20114684972805605, 0.17701309812389238, 0.36930394573343384, 0.16394298343891955, 0.11634770120796073, 0.37126204395917783, 0.1910355258601373, 0.15406846468802834, 0.09833523456438044, 0.518896029822167, 0.07229685685767248, 0.3593453993603716, 0.540012425902915, 0.11911552015644415, 0.36503890733535677, 0.08552738791224461, 0.404608278503188, 0.5162657106190545, 0.5513179605222953, 0.14579301704996842, 0.20028874946527878, 0.023423336253081014, 0.05370638202521847, 0.4047101301664256, 0.13884673361715996, 0.4456850542869365, 0.32176722820883663, 0.1313479049112872, 0.1690355666008026, 0.24235348638243262, 0.2506238414373307, 0.08084985027805504, 0.3811314701269072, 0.15852702124625695, 0.17863763215253306, 0.23326067914689047, 0.36562455439897334, 0.24552107310912388, 0.21403108512762015
0.042370291906866836, 0.07237579189668167, 0.22111996088896133, 0.40042472143570107, 0.12107616467376912, 0.08610030351795644, 0.18626122914587195, 0.048491576867450245, 0.2272896253895826, 0.09070145240471778, 0.1005352304903139, 0.3679111242386588, 0.1470967183394105, 0.31191307979059296, 0.2558080910961276, 0.13640483999103706, 0.003799067038764743, 0.47966531543460106, 0.13921849218797744, 0.030328879020594408, 0.3760618035892526, 0.18475382452995456, 0.3303074901713145, 0.41102747957874153, 0.007893503900918702, 0.1689566315617934, 0.006238414373306716, 0.19268806909616834, 0.008468965798211485, 0.006818968853761382, 0.2437081135034935, 0.4118091910940906, 0.2523451345460471, 0.034168686724654215, 0.02352009533315679, 0.23538174003381476, 0.48933867715059787, 0.0424415880711332, 0.013963863029883278, 0.013317104968324132, 0.11850695646859913, 0.26956315821637367, 0.24884907620541444, 0.29193487604652585, 0.2224745880100222, 0.4052906846468803, 0.09554959157483042, 0.08944867694689454, 0.06203020920331629, 0.09812898494632417, 0.15828257725448658, 0.10356277118005337, 0.22882503921289035, 0.22362805809618871, 0.14917449226945875, 0.18430567721170887, 0.24715579230408832, 0.05617119227556986, 0.22960165814507752, 0.5497061579515593, 0.4117735430119574, 0.008524984212992198, 0.27127171986718546, 0.3563840622517366, 0.42979619482186143, 0.2243639363630808, 0.45905817767004137, 0.27507333319753113, 0.40733535678637633, 0.11759283779104113, 0.32469800981850033, 0.01564696176488562, 0.43069248945835287, 0.37231620867368764, 0.04305269805055917, 0.14611384978916706, 0.334160029333279, 0.1953769530056426, 0.12128496058340632, 0.20063759141186777, 0.16446497321301257, 0.5484330121610886, 0.12085209101464627, 0.46571163757104156, 0.07643712696828339, 0.0637234931046424, 0.10850512313866086, 0.4055733230123648, 0.03636613635900674, 0.13465553767493024, 0.24468588947057504, 0.051595506304617955, 0.491510663869141, 0.13274836528080503, 0.27193375567823025, 0.05803253142123811, 0.19582764661546923, 0.22447851948422318, 0.3409866370617832, 0.10980373184494102
0.34692713532011976, 0.4135788637428449, 0.048453382493736125, 0.06103970177833004, 0.17290083722067182, 0.06820751257868041, 0.018473345419730704, 0.06574779491149091, 0.2272768939316779, 0.11773033753641197, 0.06326770691165387, 0.2518333299382779, 0.03075665600619258, 0.04068464688028355, 0.11229145871952088, 0.32091422052922125, 0.23269540241592146, 0.09152390458536187, 0.11499562037848078, 0.025366156729339392, 0.36564747102320183, 0.1854489621315516, 0.22795930007537024, 0.06898158521928663, 0.0073791530015685156, 0.15098235929192724, 0.208551465645434, 0.21593825752174534, 0.09925953840826221, 0.11673728381984477, 0.09231580126703469, 0.1561869792833717, 0.3454401010368499, 0.1494291214275529, 0.33130309017946263, 0.11965278768002281, 0.22822920698295004, 0.42243486586135953, 0.020400888146503433, 0.18196818154040456, 0.020739544926768654, 0.02927726059766556, 0.03570410054796195, 0.21415330712350533, 0.16992422236255117, 0.047203153327493835, 0.002118514595343342, 0.1088514187936689, 0.4880477073190605, 0.03665386730765313, 0.3476706524617547, 0.16509645352508606, 0.2573536900857591, 0.05294249455093602, 0.1323104031288831, 0.15447332504939806, 0.24385070583202623, 0.04869782648550651, 0.19724083844289178, 0.03400317777189302, 0.2800335091972052, 0.2110366462284329, 0.30601841478071334, 0.0001986107433134383, 0.2017375893748345, 0.27251176386710396, 0.26483214845898434, 0.04750870831720682, 0.2517111079423927, 0.18546933246419914, 0.3809812389236316, 0.10923590882239106, 0.4293684178362633, 0.2608930353832678, 0.3101484997250005, 0.08915839970666721, 0.26982033366604874, 0.24436760302295737, 0.21237344930842722, 0.22042227699578334, 0.06415636267340245, 0.24046159173779308, 0.03820710517202746, 0.2742737976411155, 0.12513749974537083, 0.3834104010918498, 0.04090872053940641, 0.032406652950642684, 0.12788494836120673, 0.2554770731906052, 0.035149008983316694, 0.16763001364812288, 0.05663207105172027, 0.076541524923102, 0.05672628384021511, 0.2837281782811513, 0.3179859852111385, 0.14025228656983968, 0.1185298730928276, 0.20290633721048665
0.02243282882809476, 0.3261010164795991, 0.035034425862174326, 0.17578578558187855, 0.03266382840031778, 0.13127915503860177, 0.09092552606384062, 0.032480495406489986, 0.09212737569004502, 0.1548985557434153, 0.15755179157075636, 0.12536411969607464, 0.23456438043633251, 0.035933266790246686, 0.3383970585239657, 0.02321708663502475, 0.2397384449288057, 0.0558732761605997, 0.11963750993053716, 0.15880456702857956, 0.04117353486382433, 0.044985333360493776, 0.20079800778146706, 0.2258968038948076, 0.2308773502271292, 0.09207390356684525, 0.11182294106862765, 0.18134943268623577, 0.08582275773563382, 0.0877350227129209, 0.05727373653011754, 0.0556950357499338, 0.14321362367847468, 0.3102961846366951, 0.003956937116783117, 0.1380319203112587, 0.07279338371595608, 0.06302835550304536, 0.2808865168768206, 0.2093739178260781, 0.18481493552789718, 0.06416145525656435, 0.21122252551384163, 0.20859475260231, 0.13341040109184982, 0.26050090647980284, 0.03827585504471288, 0.2651147868244688, 0.38070623943288995, 0.029605732211607016, 0.31500173147827504, 0.18431331608645168, 0.25587938726039394, 0.09733199568148948, 0.10562272106903506, 0.14331547534171232, 0.10144171029312908, 0.20398851113238678, 0.09505561100812776, 0.22146371025238842, 0.005196981116701636, 0.006622904402028885, 0.1138319651259905, 0.36010674054307307, 0.045484406510358316, 0.028770548573058198, 0.000616202562587847, 0.030843229919944593, 0.19592185940396406, 0.30767350430832535, 0.05934896416858487, 0.292362653032124, 0.3182176977450042, 0.19551445275101342, 0.15802794809639242, 0.18499572223014402, 0.1844253529160131, 0.24625949766759692, 0.2990644924731621, 0.09009798130003463, 0.17706147766393024, 0.2716893116864598, 0.08907437208449615, 0.032279338371595606, 0.06619339593815567, 0.020546026766617098, 0.08900562221181071, 0.15575665600619257, 0.30102004440732516, 0.0846438247336579, 0.18707094986861136, 0.06320150333054939, 0.08880955776007822, 0.16563117475708378, 0.012326597543337883, 0.09660884887250208, 0.25592267421726994, 0.2687126968283392, 0.424548287873541, 0.058445030657350634
0.026349025279582817, 0.28517701819070707, 0.10241693996862969, 0.2861064146177507, 0.08404544621213664, 0.09016673117272005, 0.10301022590698906, 0.07462671365423397, 0.08163665437656598, 0.11374284492065756, 0.11921991811126276, 0.0836558636002526, 0.29140779368927094, 0.0789095760933776, 0.21659520074962824, 0.13145994174084863, 0.06839339186408915, 0.01537705485730582, 0.3134408547391579, 0.05874040048073985, 0.30274897639078446, 0.039615204416288116, 0.028498095373897456, 0.32823226253284715, 0.04772259681000591, 0.24925393656678413, 0.1554689250575462, 0.012497199079260965, 0.14172404310362388, 0.11049123057179523, 0.4063448493613901, 0.15654091381312257, 0.04542074922083478, 0.2547666578395225, 0.05083925770507832, 0.09329612352569717, 0.20679961703774621, 0.016813163308956835, 0.13806502210181093, 0.10362133588641502, 0.12297060560998961, 0.2176850135462712, 0.1896376117822004, 0.304857305819804, 0.3320364221547738, 0.06405196471858385, 0.14243191216312562, 0.04807907763133772, 0.39569116538673077, 0.04141033998085189, 0.08543062883216883, 0.11986158358966002, 0.2699807500356481, 0.04646982135218268, 0.3374829398464077, 0.23596993338901223, 0.1038530484202807, 0.12775763378215965, 0.06839593815567008, 0.1681723737548634, 0.04005062027662912, 0.014119186816320711, 0.3135401601108146, 0.01430506610172944, 0.03936312154977491, 0.3333273919863111, 0.03085341508626836, 0.25861410441832516, 0.061447108431280685, 0.169366584506325, 0.050994581491515756, 0.26563677659856183, 0.03733372715976452, 0.1468089873907641, 0.07309384612250718, 0.1790832331791978, 0.10431138090485018, 0.11771505978692633, 0.13855900266851356, 0.21393432604754437, 0.021877737263449513, 0.14493491678719114, 0.10063198957038968, 0.17707420912183497, 0.1028167077468375, 0.11798496669450612, 0.05334480862072478, 0.19475565785989285, 0.27754832861420625, 0.034321464219510704, 0.2445356582672995, 0.16418742743068995, 0.0006212951457497301, 0.24699028335132714, 0.11927593652604347, 0.25455276934672344, 0.18100059073964678, 0.010747896763154142, 0.0005296286488358355, 0.11813010531461979
0.09303130920127926, 0.20482624106251654, 0.3271195331119757, 0.007967346356766006, 0.02840388258540262, 0.0653429345501212, 0.02949369538204559, 0.2724735694933898, 0.11296367969688945, 0.209160029333279, 0.07803110549795278, 0.06379478926890876, 0.15359485445397322, 0.026702959809333685, 0.0963211179238557, 0.2620006722209774, 0.03018374040048074, 0.24936088081318367, 0.24975300971664868, 0.05338809557760078, 0.12239514371269683, 0.06948320466073211, 0.05412397384449288, 0.1349178057077672, 0.062475810229981055, 0.16312562384143733, 0.3532826791061498, 0.11356205821841071, 0.03716821820700332, 0.18420637184005215, 0.032844615102564624, 0.12759212482939847, 0.2617078486891691, 0.013309466093581308, 0.12105324804954065, 0.22965258397669633, 0.10686276506895358, 0.060897109449797315, 0.13678423743659734, 0.04047330467906541, 0.35067273023568474, 0.15478142633069197, 0.3157248782872624, 0.0016856450265832841, 0.03365178953372309, 0.09801694811676274, 0.0907829337353079, 0.13236642154366382, 0.062149884907620544, 0.15909739056038785, 0.11213613493308346, 0.004731009757389338, 0.06326516062007292, 0.0937519097186857, 0.27443166771913385, 0.08691002424069585, 0.14250066203581105, 0.1899558982298181, 0.05508137947892689, 0.21148733983825957, 0.13175021898107597, 0.026333747530097165, 0.12140718257929152, 0.0828588743354179, 0.05753345827137357, 0.024082825772544867, 0.058180216332932716, 0.04641889552056385, 0.17315801267034692, 0.11159122853476197, 0.21910839054001752, 0.025913609419241816, 0.06863783585585953, 0.04270130981238924, 0.11199863518771261, 0.022542319366075248, 0.07995610193314456, 0.10520512924976065, 0.11366390988164837, 0.22107158134892343, 0.2790302703143142, 0.02293444826954024, 0.024108288688354282, 0.11282872624309954, 0.12587337801226295, 0.01628098836854006, 0.21690584832250312, 0.18457049153612679, 0.1357759059705445, 0.01517844411399238, 0.14717056079525778, 0.1489504186103359, 0.33906418691817236, 0.12035047157320079, 0.0930032999938889, 0.21325446619543298, 0.34196441302886477, 0.11416043673993197, 0.09663685807989245, 0.07814823491067609
0.03020156444154733, 0.1111634515491638, 0.26536686969098205, 0.11729492167607097, 0.13118748854168788, 0.04577213745900471, 0.2288886965024139, 0.0744561121183109, 0.04335061416552932, 0.0836074840602147, 0.02481361145627508, 0.04719296816117007, 0.11419608482206514, 0.07861675256156933, 0.12162870994683343, 0.026550182314477196, 0.14316779043001773, 0.08587113727567171, 0.08219429223279216, 0.12136644191399645, 0.40334277158746, 0.00046597135931229755, 0.08868478947261209, 0.07101861848403984, 0.019568250799535558, 0.11236275488378725, 0.07455287119838667, 0.3097869263205068, 0.15358466928764947, 0.16294483713919047, 0.2772936994561121, 0.12841712330162353, 0.09834796602228514, 0.1971568108207207, 0.25812776272636534, 0.11558636002525921, 0.14002821291071682, 0.1938084373917826, 0.036037664745065284, 0.02909392760383777, 0.03226406062210996, 0.052234625491434275, 0.07265079138742336, 0.035357804892953905, 0.13728331058646187, 0.06688089466500988, 0.031800635554378606, 0.07671721904218697, 0.17105732211607017, 0.056127905318693855, 0.0847787781874478, 0.2650536758265262, 0.054913324234584754, 0.10747642133996048, 0.2119685889470575, 0.045624452547310096, 0.3198498706483877, 0.005184249658796928, 0.04493186123729401, 0.2543439734370862, 0.08610539610111834, 0.30161078405410363, 0.14737681041331405, 0.006246053248049541, 0.2412356643783993, 0.03883349290093907, 0.07901652033977714, 0.16920362184514473, 0.10649100649813611, 0.04035108268318022, 0.21291580941516774, 0.18616701635737712, 0.13421248293984642, 0.021895561304516104, 0.09893870566906357, 0.0844044733250494, 0.2501527774948565, 0.2742636124747917, 0.044162881179849664, 0.18651076572080422, 0.01165183027438838, 0.07761860626184025, 0.09943013994418529, 0.06853598419262187, 0.030479110223869958, 0.2633578456336192, 0.05786192988531503, 0.043971909311279055, 0.11706830172536717, 0.08180980220407, 0.10336161414515899, 0.00569096168340429, 0.2283565215619971, 0.1603450734350492, 0.18274225418101078, 0.2053202216292192, 0.24665417286264285, 0.07872624309954981, 0.17824550324906804, 0.010987248171762646
0.026150414536269376, 0.02877564115622008, 0.18606261840255853, 0.06865820618850706, 0.09802204069992462, 0.23954492676865413, 0.002133792344828991, 0.05655058972113015, 0.035495304638324746, 0.19883481697256117, 0.05019249964351918, 0.04383950214907009, 0.17305616100710924, 0.004191195942229737, 0.00982104662769143, 0.0014080992442606587, 0.06715334786417063, 0.13072406347395654, 0.17773115234971787, 0.14750667128394207, 0.1545369823389216, 0.08398178892261311, 0.06352488236132896, 0.04451681570960054, 0.12263449512130534, 0.10364679880222444, 0.026224256992116682, 0.20276883746511581, 0.017009227760689333, 0.27735226416247377, 0.06357326190136685, 0.16094345195657045, 0.2214076918376077, 0.11429029761055998, 0.06303090179462631, 0.0070888757613411825, 0.027454115825711434, 0.06754802305921656, 0.00699975555600823, 0.19679014483306512, 0.021281905033509196, 0.2016637469189872, 0.15114022936994562, 0.0857540078629484, 0.023005744433806603, 0.2461474608380355, 0.2609363223401438, 0.09662667291356868, 0.13153378419669592, 0.021910839054001752, 0.13841386404839992, 0.06759131001609256, 0.12943563993400012, 0.13819488297243895, 0.15076337821596628, 0.14935273268012467, 0.09917551078609113, 0.1552066570247092, 0.22483245401397406, 0.019670102462773217, 0.03896844635472897, 0.16407284430954758, 0.05263948585280397, 0.110022712920902, 0.05678230225499582, 0.18777627263653215, 0.10832179014483306, 0.04984875028009207, 0.1791316127192357, 0.043658715446823246, 0.0990329184575584, 0.18680613554419342, 0.19320496628709946, 0.21423733474567638, 0.26842241958811186, 0.1807688782057811, 0.0794061029516612, 0.003651382127070135, 0.27025574952638975, 0.030008046281395775, 0.1965431545497138, 0.02964392658532114, 0.05901030738831965, 0.05414434417714041, 0.08351327127171987, 0.16542237884744657, 0.07471583385956693, 0.07447393615937749, 0.01311085535026787, 0.227663930251981, 0.08392831679941333, 0.02295227231060683, 0.28402864068770245, 0.008726141247886577, 0.020052046199914443, 0.02671059868407651, 0.08149660833961418, 0.08586859098409078, 0.04549459167668208, 0.03599437778818928
0.09281996700006111, 0.00888146503432401, 0.13412336273451345, 0.004410177018190707, 0.1669628852539162, 0.16427909392760384, 0.13017915707563504, 0.0416624228473651, 0.07838249373612272, 0.11535464749139353, 0.0649380741887515, 0.0027016153673789494, 0.1473437086227618, 0.09153918233484752, 0.07515124971990793, 0.07633018272188385, 0.034807805911470535, 0.13202012588865575, 0.09613014605528508, 0.05098185003361105, 0.05309527204579251, 0.1033132346051211, 0.02696522784217066, 0.06745381027072173, 0.20492300014259232, 0.019499500926850134, 0.05213022753661567, 0.17014320343851216, 0.09204334806787395, 0.2524215232934754, 0.007679615408119614, 0.07198111670163573, 0.06460450999164816, 0.0807683689474649, 0.035734656046933246, 0.1305687396875191, 0.08087276690228351, 0.044010103684993175, 0.22964494510195352, 0.03968395428897354, 0.11343219734778269, 0.23264447658430262, 0.010488175021898107, 0.09490028722169033, 0.007338412336273452, 0.0046597135931229754, 0.028752724531991607, 0.1525559674889491, 0.1262578680409851, 0.10003106475728749, 0.44093367419689966, 0.18017304597584077, 0.20410818683669105, 0.21326974394491863, 0.07186653358049337, 0.0626744209732945, 0.05768368947464912, 0.0021898107596097045, 0.017648346947505653, 0.1599911389052983, 0.18702766291173534, 0.024564074881342813, 0.011170581165590434, 0.2363773400419629, 0.288792752235644, 0.03415086268358762, 0.0981671793200383, 0.041891589089649836, 0.006704385732619013, 0.020100425739952334, 0.1404916379784482, 0.0676116803487401, 0.12394838157707115, 0.0202761198590373, 0.049191807052209165, 0.215604693324642, 0.1633929844574362, 0.05745961581552627, 0.035347619726630135, 0.17907304801287405, 0.008565724878287263, 0.2706249618056263, 0.177420504776843, 0.18471563015624046, 0.053062170255240265, 0.04972652828420688, 0.0954502862031737, 0.06761677293190198, 0.07363620622924773, 0.05806817950337129, 0.07347069727648653, 0.15080666517284227, 0.07583110957201931, 0.18173646900653886, 0.26953260271740237, 0.07089130390499276, 0.08590423906622395, 0.0053421197368153026, 0.07310657758041189, 0.023168707094986862
0.10286508728687539, 0.17615499786111508, 0.03270711535719378, 0.010238638446965839, 0.1597492412051089, 0.030153184901509443, 0.0851403515919415, 0.08301419812185533, 0.13108054429528834, 0.32813804974435234, 0.1604061844329918, 0.11855533600863702, 0.1916848302132774, 0.0854713694974639, 0.001975922266810617, 0.07987716689413538, 0.12383889103909067, 0.011939561223034773, 0.11907223319956815, 0.04511774052270274, 0.09264427288097615, 0.1428113096086859, 0.05412397384449288, 0.0002902772402273329, 0.06891283534660121, 0.09032969383390031, 0.07732832902161292, 0.03418905705730175, 0.184736000488888, 0.1345435008453688, 0.0013979140779368927, 0.007514106455358416, 0.05534874009492575, 0.02934855676193192, 0.21882065959137112, 0.033781650404351105, 0.0667281171701534, 0.0803202216292192, 0.003024994398158522, 0.08452414902935365, 0.04050131388645577, 0.06941190849646575, 0.12375995600008148, 0.06644547880466888, 0.0016372654865453953, 0.15409647389541872, 0.11310372573384124, 0.06131470126907172, 0.1256314803120735, 0.23838891039090668, 0.19771190238536596, 0.1860244240288444, 0.00043032327717911634, 0.025269397649263614, 0.09936648265466175, 0.060734146788617056, 0.05951192682976513, 0.04712931087164653, 0.031146238618076635, 0.0439133446049174, 0.1500224073659123, 0.08330447536208266, 0.03859414149233057, 0.07187162616365525, 0.015603674808009615, 0.01030738831965126, 0.07290032796235563, 0.0676116803487401, 0.06821769774500418, 0.14173677456152858, 0.15257124523843474, 0.10740257888411318, 0.14559695259823593, 0.1335682711698682, 0.15203397771485608, 0.07661282108736836, 0.027945550100833147, 0.14870852091014647, 0.13495854637306226, 0.1710293129086798, 0.11272178199670001, 0.05442188995946304, 0.04630176610784054, 0.10310189240390295, 0.0007740726406062211, 0.07134963638956224, 0.12697592226681062, 0.12362500254629158, 0.02951151942311218, 0.1485812063310994, 0.002907864985435212, 0.20390448351021573, 0.12618147929355686, 0.17406194618158113, 0.18469780611517386, 0.3448162595995193, 0.016958301929070503, 0.0359892852050274, 0.06796052229532908, 0.13745900470554684
0.039979324112362755, 0.03744067140616406, 0.17032144384917805, 0.09452852865087287, 0.0453545456397303, 0.1106974801898515, 0.20856165081175776, 0.053910085351693796, 0.021009451834348453, 0.05505591656311747, 0.030374712269051352, 0.07553573974863009, 0.04870037277708745, 0.4056242488439836, 0.028383512252755087, 0.18413252938420485, 0.08332229940314925, 0.16682283921696442, 0.010722433847344727, 0.1478962538958261, 0.2257312949420464, 0.018842557698967224, 0.0923590882239107, 0.1513362938216781, 0.09093825752174534, 0.14946222321810515, 0.09228015318490151, 0.04217422745513434, 0.13419465889877982, 0.11052178607076654, 0.022471023201808885, 0.08893941863070624, 0.10447688985761137, 0.00542360106740543, 0.08199822778105967, 0.094217881077998, 0.06389409464056547, 0.05594711861644701, 0.08618687743170846, 0.01596779450408425, 0.19770680980220406, 0.16992167607097025, 0.05969525982359292, 0.14144649732130127, 0.018320567924874215, 0.05979456519524964, 0.07847670652461755, 0.15642887698356114, 0.27748976390784463, 0.20893086309099426, 0.23537410115907192, 0.09360167851541015, 0.020120796072599867, 0.11238567150801572, 0.03506752765272657, 0.1370821535515675, 0.03545711026461062, 0.07275518934224195, 0.053321891996496305, 0.021172414495528712, 0.013014096270192092, 0.09498176855228047, 0.07606282210588498, 0.12435833452160273, 0.07114084047992504, 0.08224776435599193, 0.06268205984803732, 0.14394440936220487, 0.017768022651809903, 0.035095536860116926, 0.117903485363916, 0.04335570674869121, 0.015361777107820171, 0.10566600802591106, 0.006424293658715447, 0.027074718380151148, 0.028663604326658654, 0.02741082886883543, 0.08626071988755576, 0.14142103440549184, 0.14000274999490742, 0.06893829826241063, 0.19399431667719133, 0.1328451243608808, 0.16614297936485303, 0.007361328960501925, 0.0029180501517589784, 0.07119431260312481, 0.10317064227658837, 0.02682263551363794, 0.13631317349412317, 0.11261993033346235, 0.012797661485812063, 0.27907355727119026, 0.21055539711963497, 0.10641971033386975, 0.004012955531563831, 0.06347141023812919, 0.17660314517936077, 0.16944297325375324
0.09899727037542523, 0.001950459351001202, 0.02871962274143937, 0.04902375180786702, 0.12646921024220326, 0.007911327941985293, 0.1917052005459249, 0.13168656169155243, 0.06402904809435538, 0.09118524780509665, 0.11195025564767473, 0.03910594610009981, 0.06360381740033814, 0.12949165834878085, 0.09875282638365485, 0.021040007333319753, 0.03853048420280703, 0.010549286019840703, 0.033241836589191505, 0.031991607422949216, 0.046925607545171215, 0.042446680654295084, 0.18137234931046425, 0.0007206005174064492, 0.07742254181010776, 0.009762481921329775, 0.09771393941863071, 0.08695840378073375, 0.19812440162147849, 0.1528869853944715, 0.17551587867429874, 7.63887474282455e-5, 0.028141614552565645, 0.020054592491495386, 0.07698457965818582, 0.00836202155181194, 0.2159433501049072, 0.06785612434051048, 0.15211800533702716, 0.028854576195229267, 0.15658165447841763, 0.02901244627324764, 0.019550426758468967, 0.16762746735654194, 0.14176987635208083, 0.1119859037298079, 0.09926208469984314, 0.14271200423702918, 0.03909830722535699, 0.14269163390438167, 0.23592155384897434, 0.14507241653256198, 0.17245014361084515, 0.11122201625552545, 0.07933989937055672, 0.0012196736672709866, 0.014457843596585931, 0.07394685380212258, 0.13355044712880162, 0.0236677802448514, 0.04863416919598297, 0.049095047972133384, 0.09724032918457558, 0.051997820374406714, 0.03659784889287242, 0.09685074657269153, 0.05723044957324153, 0.04917143671956163, 0.06204548695280194, 0.03234808824428103, 0.08683618178484855, 0.062249190279277264, 0.08513271271719867, 0.02912957568597095, 0.03956427858466929, 0.04058279521704589, 0.15559114705343138, 0.0326714672750606, 0.15943350104907214, 0.0004150455276934672, 0.1288881872440977, 0.17615754415269602, 0.044496445376953006, 0.16776242081033182, 0.00026481432441791776, 0.005110407202949624, 0.19276955042675847, 0.1986591228534762, 0.06002882402069626, 0.09362714143121957, 0.07807439245482879, 0.07818642928439021, 0.027471939866778025, 0.18686724654213605, 0.07234523639771037, 0.07897832596606302, 0.17761911552015644, 0.04460593591493349, 0.07672485791692979, 0.11813519789778167
0.028854576195229267, 0.08720794035566601, 0.02298028151799719, 0.025271943940844553, 0.13673076531339756, 0.1297539263816178, 0.07788342058625818, 0.10240166221914404, 0.041158257114338674, 0.09836833635493268, 0.04866981727811615, 0.08806858691002424, 0.05337791041127701, 0.06108044244362511, 0.06652696013525901, 0.16124900694628344, 0.033919150149721945, 0.004978000040740665, 0.03268419873296531, 0.044358945631582165, 0.16319182742254182, 0.005836100303517957, 0.016935385304842027, 0.0684214010714795, 0.09864842842883624, 0.029778880039111038, 0.06928968650058055, 0.10878012262940254, 0.001448839909555723, 0.03818673483937993, 0.019715935711230165, 0.0005296286488358355, 0.02672587643356216, 0.057767717096820194, 0.018593021124034957, 0.09057668411725163, 0.09729634759935629, 0.03890733535678638, 0.02238190299647593, 0.10933521419404779, 0.16982237069931352, 0.04403047401764071, 0.0925245971766719, 0.09812134607158135, 0.1209335723452364, 0.06591075757267116, 0.11962223218105152, 0.11360025259212483, 0.07601189627426616, 0.11774816157747856, 0.24447200097777597, 0.3555692489458353, 0.2935415860340999, 0.017617791448534356, 0.23462039885111324, 0.05639781222627366, 0.003330549387871504, 0.16037817522560144, 0.006386099285001324, 0.040628628465502845, 0.012970809313316086, 0.006386099285001324, 0.007661791367053024, 0.035510582387810394, 0.014361084516510154, 0.05659133038642521, 0.06351469719500519, 0.014279603185920026, 0.0038907335356786377, 0.04045802692957976, 0.0483107901652034, 0.019150658980261148, 0.09125145138620114, 0.05417744596769265, 0.05707003320364221, 0.022636532154570083, 0.07176722820883664, 0.009151371941903812, 0.040104092399828886, 0.1256798598521114, 0.035408730724572735, 0.13779766148581207, 0.0927028375873378, 0.23106832209569983, 0.08398942779735594, 0.018875659489519463, 0.0539661037664745, 0.039490436128821985, 0.050910553869344684, 0.32039986962987105, 0.031752256014340716, 0.037751318979038925, 0.12867175245971768, 0.09574310973498197, 0.14262797661485813, 0.26376525228656983, 0.17937351041942515, 0.13445183434845492, 0.08729451426941802, 0.06529964759324519
0.019695565378582632, 0.0362591921126072, 0.1431168645983989, 0.03614460899146483, 0.0791234645861767, 0.12282546698987594, 0.03060133221975515, 0.011274979120409036, 0.10555906377951152, 0.06720427369578945, 0.02879346519728667, 0.0, 0.008232160681183924, 0.035444378806705916, 0.018338391965940806, 0.03749159723778289, 0.007539569371167831, 0.052583467438023265, 0.03635085860952109, 0.12400439999185187, 0.12400185370027092, 0.02448004725917174, 0.008698132040496222, 0.039093214642195104, 0.038892057607300724, 0.007567578578558188, 0.08280030962905624, 0.0426070970238944, 0.008507160171925607, 0.030204110733128273, 0.0635579841518812, 0.0, 0.0, 0.05644619176631154, 0.05878878002077774, 0.06654223788474466, 0.07133945122323848, 0.17217259782852254, 0.08691257053227679, 0.15489091686867246, 0.015379601148886762, 0.03026522173107087, 0.12273380049296205, 0.19720264406917765, 0.08569035057342486, 0.0856012303680919, 0.012705994988898168, 0.15288953168605243, 0.02280967998207411, 0.17111079423926992, 0.2595053064716547, 0.0557077672078385, 0.015649508056466564, 0.4059527204579251, 0.11445835285490212, 0.2561569330427166, 0.27706198692224643, 0.07371514126825691, 0.038087429467723206, 0.001069442463995437, 0.015308304984620399, 0.07105172027459208, 0.0, 0.001591432238088448, 0.07579036890672425, 0.10740512517569412, 0.019621722922735327, 0.052634393269642095, 0.06839848444725102, 0.030563137846041026, 0.05241286590210018, 0.16826404025177732, 0.05088509095353527, 0.140718257929152, 0.013912937198264448, 0.025508749057872114, 0.09861787292986494, 0.14143631215497748, 0.0033789289279093928, 0.03474924120510888, 0.028243466215803304, 0.09010052759161558, 0.01071224868102096, 0.15712401458515818, 0.0863854881750219, 0.018610845165101544, 0.044850379906703874, 0.05046240655109898, 0.03928673280234666, 0.0738551873052087, 0.048005235175490414, 0.004183557067486912, 0.0931076979487075, 0.29917907559430446, 0.08343942881587256, 0.19081909107575726, 0.3284461510256462, 0.07455541748996761, 0.10636114562750809, 0.0
0.023392780754109714, 0.08830284573547086, 0.09641787700393148, 0.12725856063229513, 0.14708398688150578, 0.01932126051618423, 0.11989213908863132, 0.07004593510012018, 0.020069870240981034, 0.06982695402415921, 0.06707441282516144, 3.310179055223972e-5, 0.025004583324845696, 0.06214479232445866, 0.08129545130471981, 0.13098378521521256, 0.06340011407386283, 0.11185858915076083, 0.012680532073088753, 0.11719816259599519, 0.04408649243242142, 0.0049729074575787825, 0.04078140596035933, 0.08957599152594162, 0.021103664622843292, 0.01989162983031513, 0.05145291397608523, 0.014271964311177202, 0.07290287425393657, 0.11041993440752887, 0.04258672669124687, 0.001133099753518975, 0.0, 0.06302580921146442, 0.06905033509197205, 0.06500173147827504, 0.08522183292253163, 0.03593835937340857, 0.041695524637917335, 0.1277168931168646, 0.11968334317899411, 0.06380497443523253, 0.1413573771159683, 0.12861064146177506, 0.036361043775844856, 0.0015608767391171497, 0.08412947383430772, 0.21607575726711617, 0.2810647572874865, 0.14446894542787883, 0.07026746246766209, 0.3767543948992687, 0.15722586624839582, 0.11289492982420403, 0.004904157584893361, 0.19397903892770568, 0.09748477317634598, 0.050032083273919864, 0.13082846142877513, 0.0023273105049805465, 0.0298501762033774, 0.04217677374671528, 1.0185166323766068e-5, 0.0, 0.0, 0.0052020736998635185, 0.006867348393799271, 0.010302295736489378, 0.086642663624697, 0.0018307836466969507, 0.07853272493939827, 0.056718644965472284, 0.04339390112240533, 0.04359505815729971, 0.013233077346153062, 0.04452445458434336, 0.10247041209182946, 0.007952068607280358, 0.036131877533560126, 0.015455989896315006, 0.1401377034486973, 0.041092053533234196, 0.01005530545313805, 0.03102401662219144, 0.10291092053533234, 0.06415381638182152, 0.07554337862337292, 0.014488399095557231, 0.12188333910492759, 0.15627100690554277, 0.1609103501660182, 0.1271898107596097, 0.13265669878389114, 0.2198620928479762, 0.1642816402191848, 0.36376066896172415, 0.20753804159621927, 0.023196716302377216, 0.16626265506915727, 0.004453463975066713
0.1055030453647308, 0.04009390723350512, 0.03700780183740401, 0.005973600048888798, 0.018595567415615896, 0.03763164327473468, 0.13180878368743762, 0.06877024301806849, 0.002513189790389277, 0.15447077875781712, 0.04341172516347192, 0.025595322971624125, 0.0, 0.06269479130594202, 0.08853455826933654, 0.04792884642806217, 0.059468639872889126, 0.03916960338962335, 0.11925811248497688, 0.08491882422439959, 0.05063046179544112, 0.08232415310342017, 7.63887474282455e-6, 0.06536839746593062, 0.06413853863233586, 0.019794870750239352, 0.0764498584261881, 0.010034935120490517, 0.11309608685909842, 0.13939673259864332, 0.1282567069320242, 0.03604021103664623, 1.52777494856491e-5, 0.07072579495223157, 0.14834440121407183, 0.12430995498156484, 0.07743272697643153, 0.07510287017987004, 0.05657605263693956, 0.08226813468863947, 0.08343942881587256, 0.00046597135931229755, 0.0595653989529649, 0.13331618830335498, 0.13741062516550895, 0.09170978387077061, 0.15563952659346927, 0.1745126397914078, 0.08716974598195189, 0.10286254099529445, 0.15230643091401683, 0.06592094273899493, 0.11106414617750708, 0.040480943553808234, 0.09567945244545843, 0.14949277871707645, 0.1636450673239494, 0.17454574158196004, 0.011756228229206984, 0.03619298853150272, 0.029048094355380822, 0.0379397445560286, 0.059170723757918965, 0.0040536961968588945, 0.0, 0.05053370271536534, 0.06996954635269194, 0.06996954635269194, 0.04411450163981178, 0.03955663970992646, 0.003987492615754415, 0.04202144996027785, 0.017487930577906336, 0.027189301501293516, 0.00850970646350655, 0.03657747856022489, 0.0315612841457701, 0.050304536473080606, 0.004904157584893361, 0.018542095292416124, 0.025088610947016764, 0.03376382636328451, 0.009912713124605324, 0.02667749689352427, 0.016156220081073924, 0.033880955776007825, 0.09050538795298527, 0.028161984885213175, 0.11368682650587685, 0.07313967937096413, 0.1297768430058463, 0.1114639139557149, 0.15471267645800657, 0.06412580717443116, 0.23011855533600864, 0.006775681896885376, 0.33644914546454546, 0.04262237477338005, 0.15889877981707443, 0.0013113401641848812
0.1443187142246033, 0.010378684483917622, 0.005731702348699354, 0.00033101790552239716, 0.0, 0.05546332321606812, 0.06484386140025666, 0.052232079199853336, 0.08585076694302418, 0.09377482634291417, 0.021190238536595303, 0.10027805504063882, 0.007081236886598358, 0.08730215314416084, 0.06521307367949318, 0.0378964575991526, 0.07408180725591249, 0.10479008372206718, 0.08584312806828136, 0.07382972438939928, 0.008817807744800473, 0.0003233790307795726, 0.0, 0.0, 0.03371290053166568, 0.0260842109551649, 0.0433429752907865, 0.04476380599295186, 0.1234976879672445, 0.09694241306960542, 0.06383552993420383, 0.015489091686867247, 0.1261407386282618, 0.13831710496832414, 0.03944714917194598, 0.07204986657432116, 0.05363253956937117, 0.0018766168951538978, 0.0870908109429427, 0.04880222444032511, 0.028459901000183332, 0.0007842578069299871, 0.022837689189464463, 0.129397445560286, 0.1902869161353405, 0.0735063453586197, 0.08472021348108615, 0.20635656230266242, 0.020841396590006316, 0.20903271475423194, 0.11824468843576215, 0.1059384612250718, 0.017699272779124482, 0.08586604469250983, 0.018694872787272616, 0.05799942963068587, 0.06081817441078813, 0.019132834939194557, 0.21604774805972582, 0.0517762930068648, 0.01351316942005663, 0.07443574178566335, 0.01680552443421401, 0.009291417978855595, 0.04749088427614023, 0.008229614389602982, 0.11708612576643376, 0.14591523904585363, 0.011623821066998025, 0.00334073455419527, 0.020658063596178524, 0.008135401601108146, 0.05425638100670184, 0.003720131999755556, 0.011822431810311462, 0.06821005887026135, 0.0022254588417428855, 0.0497341671589497, 0.05675683933918641, 0.1213995437045487, 0.03212146829357723, 0.07525819396630747, 0.0796938339003076, 0.037659652482125036, 0.042520523110142386, 0.12409097390560388, 0.03185920026074026, 0.000521989774093011, 0.02083375771526349, 0.024800879998370374, 0.12173820048481392, 0.1310423499215742, 0.159352019718482, 0.2247127783096698, 0.006737487523171253, 0.31876260414332563, 0.039184881139109, 0.16016683302438328, 0.21982644476584304, 0.007832392902976106
0.11473589863722475, 0.011239331038275855, 0.014175205231101424, 0.00013749974537084192, 0.031943227882911325, 0.06416400154814528, 0.08884265955063046, 0.06177048746206026, 0.09128709946833431, 0.05007537023079587, 0.22294565195249638, 0.08866441913996456, 0.07087857244708806, 0.1892327514208307, 0.08627599763704141, 0.051796663339512335, 0.04077376708561651, 0.1011539793444827, 0.018236540302703143, 0.05497188894094641, 0.08187855207675541, 0.04126520136073822, 2.546291580941517e-6, 0.06038021225886619, 0.03936821413293679, 0.09369843759548593, 0.08699405186286692, 0.08972367643763622, 0.12669583019290706, 0.061925811248497685, 0.18074596158155262, 0.023644863620622923, 0.1557337393819641, 0.22755189342241958, 0.04897537226782914, 0.09573547086023915, 0.04501334256788413, 0.08516326821616997, 0.1334154936750117, 0.036047849911389054, 0.14684463547289728, 0.0008504613880344666, 0.033442993624085884, 0.041504552769346725, 0.007567578578558188, 0.2591029924018659, 0.09136094192418162, 0.12179676519117558, 0.36379631704385734, 0.05955012120347925, 0.0030326332729013463, 0.050655924711250536, 0.10013800900368704, 0.029040455480637998, 0.012983540771220794, 0.03663095068342466, 0.020477276893931678, 0.17509319427186246, 0.12249444908435354, 0.02934855676193192, 0.09766046729543093, 0.006100914627935874, 0.0019784685583915584, 0.014442565847100283, 0.027820781813367012, 0.16391242793994826, 0.16082886883542807, 0.06236377340041963, 0.11081206331099387, 0.01212034792528162, 0.16840917887189097, 0.03866034507343505, 0.040768674502454624, 0.0725922266810617, 0.17909596463710253, 0.12079098001670367, 0.18794178158929337, 0.11301460552850828, 0.0058692020940701965, 0.00036666598765557843, 0.1270243018068485, 0.10171925607545171, 0.041945061212849605, 0.09901764070807276, 0.10785072620235889, 0.05677211708867206, 0.0004685176508932391, 0.00027754578232262533, 0.0005398138151596016, 0.033417530708276466, 0.12719744963435253, 0.15601128516428672, 0.2044493899085372, 0.2313178586706321, 0.12068658206188507, 0.00024699028335132715, 0.22116579413741827, 0.03647053431382535, 0.028780733739381965, 0.08638803446660284
0.01694302417958485, 0.027889531686052432, 0.18027999022224034, 0.06954940824183659, 0.19741143997881486, 0.012212014422195515, 0.1136537247153246, 0.1919623759956, 0.05846794728157911, 0.07300217962559329, 0.004183557067486912, 0.0837857244708806, 0.15468212095903527, 0.0666924690880202, 0.03784298547595282, 0.06034456417673301, 0.030743924548287872, 0.08108920168666355, 0.09058177670041352, 0.04749597685930211, 0.046324682732069015, 0.09615306267951355, 0.0366334969750056, 0.15176661709885722, 0.05759711556089711, 0.1860193314456825, 0.1309557760078222, 0.21249312501273146, 0.19737833818826261, 0.07448666761728219, 0.13353262308773503, 0.161877940966776, 0.19766097655374712, 0.15228096799820742, 0.0530825405878878, 0.01863376178933002, 0.08419058483225031, 0.2234625491434275, 0.09769611537756412, 0.040766128210873685, 0.07816351266016174, 0.09991138905298323, 0.19599570185981138, 0.0828894298343892, 0.19520125888655762, 0.09953453789900389, 0.15722586624839582, 0.12641828441058442, 0.03508025911063128, 0.18345776211525533, 0.3520630054388788, 0.26965991729644945, 0.1714596361858589, 0.24114654417306636, 0.06989825018842558, 0.029149946018618485, 0.24568403577030412, 0.14003585178545966, 0.022015237008820354, 0.2137280764294881, 0.1663059420260333, 0.0433429752907865, 0.1746170377462264, 0.020708989427797357, 0.03808233688456133, 0.05733994011122202, 0.021065470249129168, 0.16946079729481983, 0.012194190381128924, 0.1253437493634271, 0.11666598765557841, 0.024816157747856022, 0.05166425617730337, 0.0032159662667291355, 0.02709254242121774, 0.27064787842985477, 0.025106434988083355, 0.08036350858609521, 0.0658267299505001, 0.11966806542950846, 0.09347945651952497, 0.11051669348760465, 0.10141879366890061, 0.15118097003524067, 0.11921482552810088, 0.16402955735267158, 0.13208632946976023, 0.043709641278442075, 0.008570817461449146, 0.10061416552932309, 0.138235623637734, 0.07552810087388727, 0.05611772015237009, 0.020604591472978755, 0.004677537634189566, 0.16437076042451773, 0.15020319406815913, 0.059308223503289806, 0.1392286773543012, 0.06378969668574688
0.34943268623576623, 0.03570155425638101, 0.02990110203499623, 0.23776506895357602, 0.18038693446863988, 0.10657503412030718, 0.19549662870994683, 0.3447780652258051, 0.032882809476278745, 0.188349188242244, 0.05295013342567884, 0.1151687682059848, 0.20792762420810332, 0.18017049968425985, 0.15070226721802368, 0.23330396610376647, 0.3162494143529364, 0.10398036299932778, 0.018974964861176183, 0.09526440691776497, 0.18059827666985803, 0.13749210649609908, 0.21084822065144324, 0.11721853292864272, 0.17649110834979936, 0.23992177792263347, 0.11350603980363, 0.31430659387667803, 0.209073455419527, 0.12140718257929152, 0.2983897252042126, 0.13899187223727363, 0.22077875781711515, 0.1874172455236194, 0.17622884031696237, 0.3459315353119716, 0.2152609439612149, 0.0305860544702695, 0.0790878165040435, 0.009263408771465238, 0.052820272555050826, 0.0777993929640871, 0.2311956366747469, 0.04219969037094376, 0.11210557943411216, 0.1674976064859139, 0.08638039559186002, 0.16437076042451773, 0.04112770161536738, 0.14007149986759285, 0.2868983112994235, 0.018862928031614757, 0.22597064635065492, 0.0335422989957426, 0.19653551567497096, 0.09321718848668799, 0.4534385121509034, 0.0595653989529649, 0.15336314192010755, 0.15663767289319835, 0.00582591513719419, 0.20692947790837424, 0.3141283534660121, 0.02326801246664358, 0.1634490028722169, 0.1016326821616997, 0.022386995579637817, 0.08431280682813551, 0.11583844289177242, 0.10742040292517976, 0.0397119634963639, 0.14706361654885824, 0.057879753926381616, 0.04259945814915157, 0.06976329673463567, 0.06276608747020838, 0.1647679819111446, 0.18856053044346213, 0.24380996516673117, 0.18046332321606812, 0.17126102544254548, 0.13407498319447556, 0.1410263592104459, 0.08808895724267177, 0.05736540302703143, 0.1614807194801491, 0.01173585789655945, 0.23720233851418793, 0.3411776089303538, 0.07957415819600334, 0.015005296286488359, 0.1413497382412255, 0.19618922001996292, 0.07135472897272413, 0.1465339879000224, 0.20004939805667027, 0.012043959177853374, 0.045339267890244644, 0.2692474180603369, 0.07775865229879204
0.0883232160681184, 0.09014126825691064, 0.19492116681265406, 0.03940895479823185, 0.03828349391945571, 0.1052636939561223, 0.15750850461388036, 0.2906133507160172, 0.06405960359332667, 0.010488175021898107, 0.21344289177242265, 0.265020574035974, 0.28591798904076104, 0.11471807459615815, 0.1135798822594773, 0.4106735450489907, 0.16508117577560041, 0.20508850909535353, 0.10182365403027031, 0.032831883644659915, 0.042169134871972457, 0.2013530993461123, 0.2669226538469373, 0.01950713980159296, 0.016240247703244993, 0.18649548797131857, 0.06606353506752766, 0.12556273043938806, 0.07573435049194353, 0.3133899289075391, 0.16854158603409994, 0.0022534680491332424, 0.07923295512415718, 0.0257837485486138, 0.26293006864802104, 0.10795257786559655, 0.47673453382493736, 0.14511824978101892, 0.023400419628852538, 0.08146096025748101, 0.1422893198345929, 0.01332983642622884, 0.3120072925790878, 0.1497957874152085, 0.20553920270518017, 0.1413089975759304, 0.25338911409423315, 0.2424375140046037, 0.08739381964107473, 0.27206616284043916, 0.3802886476136155, 0.07943411215905155, 0.5205103786844839, 0.14601709070909127, 0.36310372573384125, 0.015921961255627306, 0.19315913303864252, 0.14487635208082947, 0.049143427512171274, 0.18905705730174574, 0.2225102360921554, 0.081504247214357, 0.06576561895255749, 0.15715202379254853, 0.02054857305819804, 0.15294300380925221, 0.1952852865087287, 0.20024291621682183, 0.13987034283269845, 0.4051226294025381, 0.11851204905176102, 0.11427756615265527, 0.2797075838748447, 0.2728707909800167, 0.19356653969159315, 0.015028212910716833, 0.07309893870566907, 0.10372064125807175, 0.1283432808457762, 0.022725652359903037, 0.2515634230306981, 0.10362897476115784, 0.14889185390397425, 0.08582785031879571, 0.0018613391456682488, 0.060120490517610155, 0.08301419812185533, 0.07706351469719501, 0.05755128231244016, 0.13764488399095556, 0.004496750931942719, 0.10233291234645862, 0.3152436291784645, 0.3755321749404168, 0.2424145973803752, 0.3220651443238068, 0.1308208225540323, 0.3626479395408527, 0.054803833696604264, 0.04086288729094946
0.28114623861807664, 0.020141166405247397, 0.32277046709172763, 0.26553747122690513, 0.09160793220753295, 0.15264508769428206, 0.015308304984620399, 0.010253916196451489, 0.33916858487299095, 0.1769672648754354, 0.10440050111018313, 0.3255306471654682, 0.1684728361614145, 0.015137703448697318, 0.10312735531971237, 0.2736066692469088, 0.0930211240349555, 0.12994744454176937, 0.11444816768857835, 0.08212554236010675, 0.14024719398667782, 0.050258703224623655, 0.045537878633558085, 0.27918304780917075, 0.016128210873683567, 0.054136705302397586, 0.41576358191929275, 0.094610009981463, 0.4575533193457049, 0.19853180827442912, 0.23084679472815792, 0.18395428897353894, 0.25815831822533664, 0.10885651137683078, 0.07161445071398016, 0.19362510439795483, 0.30945336212340346, 0.296108247947689, 0.09341834552158237, 0.4186867246542136, 0.34406764987472244, 0.10648591391497424, 0.25999928703835734, 0.5538948076022081, 0.06641746959727853, 0.03661312664235807, 0.007132162718217189, 0.14232242162514513, 0.06540913813122569, 0.35484355584526694, 0.0899553889715019, 0.1738862520624962, 0.3744219918111263, 0.05290684646880284, 0.16466358395632602, 0.19605681285775398, 0.11901112220162555, 0.09625491434275121, 0.22667087653541382, 0.1838473447271394, 0.26394349269723577, 0.33117068301725366, 0.20823063290623536, 0.2519249964351918, 0.11288983724104215, 0.18590729461612107, 0.10977317634596973, 0.12244097696115377, 0.09439357519708297, 0.07562485995396305, 0.15866197470004686, 0.2149681204294066, 0.030749017131449757, 0.34873245605100733, 0.21904982583365587, 0.5447790837424376, 0.028683974659306187, 0.17068047096209082, 0.15571082275773562, 0.41037817522560144, 0.02943003809252205, 0.006908089059094335, 0.279083742437514, 0.056178831150312684, 0.32279338371595606, 0.2507791652237681, 0.13507822207736653, 0.5523008290725387, 0.03535525860137296, 0.3406123321993848, 0.29252816198488524, 0.166927237171783, 0.4526899024261066, 0.16202817217005153, 0.2231977348190096, 0.26832820679961705, 0.026331201238516226, 0.1616334969750056, 0.1678591798904076, 0.22450907498319447
0.3907258968038948, 0.08516836079933185, 0.00035648082133181235, 0.04596565561915626, 0.4232904198325559, 0.017783300401295554, 0.06401631663645067, 0.04279043001772219, 0.09938939927889022, 0.06726793098531299, 0.14269672648754353, 0.21109266464321363, 0.048730928276058745, 0.05857489152797865, 0.21809751278238373, 0.06664918213114421, 0.3018475891711312, 0.22998360188221872, 0.19178668187651504, 0.039052473976900044, 0.02083630400684443, 0.05156240451406571, 0.20368295614267382, 0.09799912407569615, 0.0681947811207757, 0.03982400032592532, 0.10014055529526797, 0.028765455989896316, 0.010363406734431974, 0.13897659448778799, 0.21070308203132956, 0.08293017049968426, 0.14508260169888573, 0.03036452710272759, 0.25631480312073496, 0.017533763826363284, 0.06285011509237946, 0.09262390254832861, 0.20031675867266913, 0.22784471695422787, 0.02793536493450938, 0.13867358578965594, 0.11593265568026725, 0.22699170927461246, 0.1573226253284716, 0.09459218594039641, 0.0830676702450551, 0.061897802041107335, 0.16435293638345114, 0.0007893503900918702, 0.11312154977490782, 0.031640219184779286, 0.06038021225886619, 0.09601556293414272, 0.17844666028396244, 0.1581934570491536, 0.22019565704507954, 0.11309863315067935, 0.5517380986331507, 0.13453586197062598, 0.04803324438288077, 0.42858161373775233, 0.08106119247927318, 0.011916644598806298, 0.1097222505143509, 0.11708612576643376, 0.30457976003748144, 0.13569187834837343, 0.09031186979283372, 0.6436261229145872, 0.25830091055386933, 0.1431041331404942, 0.3972265792100385, 0.10698244077325783, 0.2911582571143387, 0.20212207940355667, 0.019657371004868508, 0.0461337108634984, 0.03873418752928235, 0.3110269703204253, 0.15435619563667474, 0.18579016520339778, 0.1110896090933165, 0.013034466602839625, 0.023739076409117762, 0.598877594671121, 0.17411287201319997, 0.060069564685991325, 0.340385712248681, 0.1279129575685971, 0.06075451712126459, 0.08892159458963965, 0.08341905848322503, 0.08658664520991628, 0.04368927094579454, 0.059231834755861565, 0.15860086370210424, 0.4257781467071357, 0.27264417102931293, 0.22007852763235625
