0.13427949828403335, 0.23144100343193333, 0.010244729530969113, 0.04652516751103122, 0.09492462003595359, 0.07070701912077136, 0.026648553685242687, 0.12977508579833305, 0.07645244320967479, 0.04900719071743749, 0.12084797352508579, 0.1719030887399902, 0.00766056545187122, 0.2629565697009315, 0.08615582611537834, 0.03834368360843275, 0.045202443209674786, 0.019248447458735087, 0.21177377839516262, 0.16446212616440595, 0.086829955875143, 0.020469030887399903, 0.01600036770714169, 0.05971666121915346, 0.38090884948521, 0.2457917960451054, 0.3218254616767446, 0.0496966416081059, 0.02226160320313777, 0.03524881516587678, 0.12772205425723157, 0.12342192351691453, 0.41366032031377675, 0.4280162199705834, 0.2391679604510541, 0.043317944108514465, 0.022108391894100344, 0.20977692433404152, 0.12003595358718745, 0.004325665958489949, 0.338377390096421, 0.0254739336492891, 0.010086411178297108, 0.014131189736885113, 0.3424732390913548, 0.07555360352998856, 0.030718867462003595, 0.12470889851282889, 0.0628983494034973, 0.01958551233861742, 0.013589843111619546, 0.16374714005556462, 0.06968050335022062, 0.03747548619055401, 0.04764871711063899, 0.017205630004902762, 0.027904886419349566, 0.054323623141036115, 0.03433976139892139, 0.09256005883314267, 0.08259110965844092, 0.1818873590455957, 0.068725486190554, 0.0009192678542245465, 0.24368258702402354, 0.33453689328321623, 0.042940022879555485, 0.10098668083020101, 0.08077810916816473, 0.049492359862722664, 0.2470685569537506, 0.21180952770060468, 0.0878922209511358, 0.06737211962739009, 0.10939287465272103, 0.07105429808792287, 0.06647327994770387, 0.16363989213923844, 0.18469623304461513, 0.2811121098218663, 0.13546943945089066, 0.13160851446314759, 0.013732840333387808, 0.09679890504984474, 0.12249244157542082, 0.09350486190554012, 0.10110414283379637, 0.03605572806014055, 0.1295503758784115, 0.002773124693577382, 0.2506179522797843, 0.07984862722667102, 0.04613703219480307, 0.04159687040366073, 0.1420115623467887, 0.005929277659748325, 0.10804972217682628, 0.14769059486844255, 0.02792020755025331, 0.037322274881516584
0.048082815819578364, 0.017185201830364438, 0.016342539630658605, 0.04285831018140219, 0.09808077300212453, 0.17672413793103448, 0.12026577055074358, 0.10877492237293676, 0.0016648962248733453, 0.02511133355123386, 0.2483504249060304, 0.12773226834450074, 0.07478243994116686, 0.14803787383559405, 0.31722401536198724, 0.13307423598627227, 0.11398921392384377, 0.04091763360026148, 0.03951830364438634, 0.3472840741951299, 0.23214577545350548, 0.1171198316718418, 0.00445844909298905, 0.07062530642261808, 0.32183056872037913, 0.016960491910442882, 0.272940840006537, 0.23313143487497956, 0.01821171760091518, 0.0044788772675273735, 0.21111496976630167, 0.33280560549109334, 0.1649217600915182, 0.13730797515933976, 0.06443046249387155, 0.090558097728387, 0.34751899820232063, 0.2817555973198235, 0.02415120934793267, 0.005214291550907011, 0.012762502042817455, 0.10403047883641117, 0.029641281255107045, 0.36154294002287957, 0.18477283869913386, 0.02354347115541755, 0.23184956692269978, 0.002221563981042654, 0.03136235495996078, 0.028190880862886094, 0.005750531132537997, 0.03898717110638993, 0.02928889524432097, 0.11768160647164569, 0.0030897613989213923, 0.09819823500571989, 0.06264810426540285, 0.09268773492400718, 0.12212984147736558, 0.1368994116685733, 0.061264095440431446, 0.029784278476875307, 0.08649289099526067, 0.10783522634417389, 0.16458469521163588, 0.18781663670534401, 0.06685120117666285, 0.10235536852426867, 0.05070272920411832, 0.13941207713678705, 0.028660728877267526, 0.09370914365092335, 0.017956365419186143, 0.23431626899820232, 0.23230409380617748, 0.1934343847033829, 0.0054849648635397945, 0.30374652721032847, 0.12899881516587677, 0.13519876613825788, 0.035294778558588, 0.03889524432096748, 0.0702984556300049, 0.03998815165876777, 0.07720828566759275, 0.029467641771531296, 0.18486987252819087, 0.05694864356921066, 0.09040488641934957, 0.1852069374080732, 0.05135132374571008, 0.0933771858146756, 0.13763993299558752, 0.03594337310017977, 0.007936345808138585, 0.16530989540774638, 0.14354367543716293, 0.17625939696028764, 0.027521858146756006, 0.005239826769079915
0.18373610884131394, 0.04314430462493871, 0.031101895734597155, 0.024605736231410363, 0.11574092989050498, 0.003028476875306423, 0.06412403987579669, 0.08237661382578852, 0.12604694394508906, 0.18327647491420165, 0.13553072397450563, 0.1242543716293512, 0.046147246282072237, 0.10980654518712207, 0.20560957672822355, 0.28300171596666124, 0.004657623794737702, 0.015040243503840497, 0.20128391076973362, 0.08742237293675437, 0.02485087432587024, 0.02140872691616277, 0.035876981532930216, 0.20656970093152477, 0.017941044288282398, 0.04982431769897042, 0.09797863212943292, 0.08737130250040856, 0.052811938225200195, 0.13401393201503514, 0.2163292613172087, 0.07796923516914528, 0.13071988887073052, 0.03004473770223893, 0.10098668083020101, 0.16029988560222258, 0.09670187122078772, 0.0012001552541264912, 0.09033338780846543, 0.235307035463311, 0.11671637522470991, 0.01963147573132865, 0.031648349403497304, 0.014391648962248734, 0.016444680503350222, 0.12221155417551888, 0.046274922372936754, 0.11889197581304135, 0.09606349076646511, 0.15722544533420493, 0.05694864356921066, 0.07539528517731656, 0.09448030723974506, 0.05517139238437653, 0.04713290570354633, 0.031209143650923355, 0.0965180176499428, 0.009080323582284687, 0.07569660075175683, 0.06603918123876451, 0.0223331018140219, 0.023477079588168002, 0.06405764830854715, 0.13846216702075503, 0.08092621343356758, 0.3306606471645694, 0.1707029334858637, 0.05351160320313777, 0.035999550580160154, 0.19264789998365747, 0.09842805196927602, 0.059762624611864684, 0.1681749468867462, 0.17466599934629842, 0.13393221931688185, 0.13604142833796373, 0.13203750612845236, 0.2037659339761399, 0.0254739336492891, 0.030606512502042816, 0.18534993462984148, 0.24583775943781663, 0.08427132701421801, 0.09343847033829057, 0.05593234188592908, 0.04642813368197418, 0.14960062918777578, 0.03207223402516751, 0.08848974505638176, 0.057188674620035955, 0.04677541264912567, 0.0013329383886255925, 0.10438797189083183, 0.09603795554829221, 0.15536137440758294, 0.18059016996241217, 0.08477181729040693, 0.013758375551560712, 0.07085001634253964, 0.1587218091191371
0.019784687040366074, 0.07244852100016343, 0.137450972381108, 0.07047209511358066, 0.08029294002287955, 0.01793593724464782, 0.20569128942637685, 0.056963964700114396, 0.0602631148880536, 0.09154375714986109, 0.16650494361823828, 0.06839352835430626, 0.046571130903742444, 0.0913803317535545, 0.01802275698643569, 0.048455630004902765, 0.07847483248896879, 0.16446723320804052, 0.04971706978264422, 0.0911403007027292, 0.014044369995097238, 0.2556688184343847, 0.04946171760091518, 0.13819149370812225, 0.26489213923843763, 0.030958898512828893, 0.1817750040856349, 0.08350527046903089, 0.15030029416571336, 0.11624652721032848, 0.12497957182546168, 0.010454118319986926, 0.04768446641608106, 0.011909625755842458, 0.0430421637522471, 0.09778967151495342, 0.013901372773328976, 0.12205834286648146, 0.028967151495342375, 0.07679972217682628, 0.35499571008334696, 0.24338637849321784, 0.1256894508906684, 0.14446294329138748, 0.09887236476548455, 0.13680748488315084, 0.0592263850302337, 0.10699767118810263, 0.0222003186795228, 0.05694864356921066, 0.022516955384866807, 0.01820150351364602, 0.01731798496486354, 0.05497221768262788, 0.0035902516751103123, 0.042761276352345154, 0.11453566759274392, 0.03256761725772185, 0.026817086125183853, 0.07265280274554665, 0.06490541755188756, 0.0882394999182873, 0.05891485536852427, 0.1090558097728387, 0.13832938388625593, 0.08439900310508253, 0.04954853734270306, 0.12277843601895734, 0.15754208203954895, 0.11250306422618075, 0.22046085961758458, 0.18485455139728713, 0.030111129269488477, 0.16062673639483577, 0.022399493381271448, 0.13705262297761073, 0.1794359781009969, 0.092897123713025, 0.06889401863049519, 0.15360455139728713, 0.015101528027455466, 0.16880311325379965, 0.11676233861742115, 0.06563572479163261, 0.11917797025657788, 0.09832591109658441, 0.032286729857819906, 0.020566064716456937, 0.012328403333878085, 0.050610802418695866, 0.02354347115541755, 0.09082877104101977, 0.1266240398757967, 0.10641546821376043, 0.12295718254616768, 0.05236251838535708, 0.034518507926131724, 0.034932178460532766, 0.087524513809446, 0.04364479490112764
0.09044063572479163, 0.007823990848177807, 0.09459776924334042, 0.07805605491093316, 0.06828117339434549, 0.07250469848014382, 0.026194026801764993, 0.014830854714822683, 0.10755433894427194, 0.10143610067004412, 0.0009550171596666122, 0.006516587677725118, 0.08408236639973853, 0.1334879065206733, 0.02622466906357248, 0.029825134825951952, 0.20023185978100996, 0.048716089230266386, 0.17555973198235006, 0.0018742850138911587, 0.0038047475077627063, 0.05516117829710737, 0.2048077708775944, 0.09274901944762216, 0.29595317862395815, 0.016710246772348423, 0.10271796862232391, 0.065691902271613, 0.04061121098218663, 0.09818802091845073, 0.011470420003268507, 0.03756230593234189, 0.0803899738519366, 0.023512828893610067, 0.008012951462657297, 0.07774452524922373, 0.10888727733289753, 0.13792082039548945, 0.06685120117666285, 0.07032399084817781, 0.014708285667592745, 0.29834327504494196, 0.2676499428011113, 0.24038343683608432, 0.022542490603039714, 0.045963392711227326, 0.0957468540611211, 0.047173762052622976, 0.03253697499591437, 0.0163170044124857, 0.003993708122242197, 0.06026822193168818, 0.012032194803072398, 0.003350220624285014, 0.1237743095277006, 0.03781765811407092, 0.030795473116522306, 0.04593785749305442, 0.002139851282889361, 0.10937755352181729, 0.026893691779702567, 0.06701973361660402, 0.03620383232554339, 0.024457631966007518, 0.19281132537996404, 0.17484985291714333, 0.041019774472953095, 0.06594214740970747, 0.022414814512175193, 0.0037741052459552213, 0.2085256986435692, 0.09080323582284687, 0.15075482104919105, 0.05766362967805197, 0.02790999346298415, 0.0064808383722830525, 0.1605909870893937, 0.12390198561856512, 0.141398717110639, 0.07608984311161955, 0.020887808465435528, 0.21352549436182383, 0.09244259682954731, 0.0682249959143651, 0.1080190799150188, 0.005071294329138748, 0.06004351201176663, 0.1403619872528191, 0.09098708939369178, 0.041433445007354144, 0.05578423762052623, 0.005944598790652067, 0.15267506945579343, 0.07951666939042328, 0.06342948194149371, 0.08005801601568883, 0.05076912077136787, 0.036740071907174376, 0.0037077136787056707, 0.15506005883314267
0.08360230429808792, 0.13196090047393366, 0.1127533093642752, 0.19159584899493382, 0.17779661709429645, 0.033083428664814514, 0.0490582611537833, 0.2079690308873999, 0.08912301846706978, 0.06359290733780029, 0.05861864683771858, 0.1361537832979245, 0.02026985618565125, 0.11878472789671515, 0.1259805523778395, 0.02352815002451381, 0.09873447458735088, 0.035611415263932016, 0.03547352508579833, 0.014667429318516098, 0.06978775126654682, 0.07278047883641117, 0.07423598627226671, 0.03639279294002288, 0.16509539957509398, 0.07238212943291387, 0.029294002287955548, 0.12940227161300866, 0.010438797189083183, 0.02153640300702729, 0.005219398594541591, 0.08742747998038895, 0.05357799477038732, 0.05691289426376859, 0.012159870893936917, 0.027215435528681158, 0.11210982186631803, 0.008079343029906847, 0.08240725608759601, 0.00034727896715149536, 0.12612354959960778, 0.0753595358718745, 0.025928460532766793, 0.022756986435692107, 0.0317555973198235, 0.01664385520509887, 0.040182219316881845, 0.0032531867952279784, 0.048169635561366234, 0.01086268181075339, 0.05875142997221768, 0.010137481614642915, 0.07300518875633273, 0.051448357574767116, 0.017277128615786893, 0.023078730184670698, 0.02822663016832816, 0.033808628860924984, 0.021092090210818763, 0.03876756823010296, 0.012333510377512666, 0.011853448275862068, 0.0976109249877431, 0.03802193985945416, 0.0753033583918941, 0.053567780683118155, 0.06807178460532767, 0.013074031704526883, 0.07967498774309528, 0.07365889034155908, 0.07597748815165876, 0.010888217028926296, 0.12208898512828893, 0.10751858963882988, 0.20319905213270142, 0.10206426703709756, 0.04878248079751593, 0.17350670044124858, 0.01613315084164079, 0.11415263932015035, 0.09496036934139565, 0.1621333142670371, 0.10850424906030397, 0.11979592253636215, 0.14056116195456775, 0.0402486108841314, 0.13670023696682465, 0.06005372609903579, 0.14046923516914528, 0.024432096747834614, 0.11221196273900964, 0.051943740807321455, 0.019789794084000653, 0.11317208694231083, 0.009529743422127798, 0.03709245791796045, 0.08143181075339108, 0.06936897368851119, 0.02133722830527864, 0.022634417388462166
0.1000316636705344, 0.005117257721849976, 0.020739704200032686, 0.0948684425559732, 0.20543083020101324, 0.13153701585226343, 0.02748610884131394, 0.0025637359045595685, 0.02346175845726426, 0.030070272920411832, 0.022486313123059324, 0.025264544860271285, 0.017987007680993625, 0.02635745219807158, 0.10558302010132374, 0.009024146102304297, 0.1392129024350384, 0.07599280928256251, 0.0468469112600098, 0.15762890178133682, 0.012813572479163262, 0.0571222830527864, 0.12966783788200686, 0.03456957836247753, 0.08697806014054583, 0.1347187040366073, 0.06636603203137767, 0.062413180258212124, 0.05418062591926785, 0.06546719235169145, 0.003753677071416898, 0.060395898022552706, 0.08054318516097402, 0.0559783052786403, 0.0328740398757967, 0.10985761562346788, 0.12531663670534401, 0.10985250857983331, 0.12202770060467397, 0.08687081222421965, 0.13254310344827586, 0.012164977937571498, 0.12122589475404477, 0.17021265729694396, 0.05328689328321621, 0.10645632456283706, 0.05774023533257068, 0.06613621506782154, 0.0008375551560712535, 0.033149820232064066, 0.08903619872528191, 0.0022419921555809773, 0.008064021899003106, 0.024043961431606472, 0.04537097564961595, 0.04546290243503841, 0.09576728223565942, 0.0375316636705344, 0.06368483412322275, 0.0021551724137931034, 0.0484709511358065, 0.03715374244157542, 0.04556504330773002, 0.0014708285667592745, 0.031224464781827097, 0.03216416081058997, 0.01907991501879392, 0.00928460532766792, 0.041923721196273904, 0.05542674456610557, 0.10589454976303317, 0.15104081549272758, 0.017583551233861742, 0.07236680830201013, 0.05113172086942311, 0.0689706242850139, 0.15741440594868442, 0.039314021899003106, 0.15183751429972217, 0.18387399901944762, 0.17106553358391893, 0.006644263768589639, 0.10391301683281581, 0.09781520673312633, 0.03321110475567903, 0.03393630495178951, 0.1403313449910116, 0.1328239908481778, 0.01782868932832162, 0.06969582448112437, 0.13031132537996404, 0.026566840987089394, 0.0561110884131394, 0.06282685079261317, 0.05295493544696846, 0.08559915835920902, 0.06368483412322275, 0.08093642752083674, 0.0503605572806014, 0.14403905866971728
0.033420493544696846, 0.05244423108351038, 0.07927663833959797, 0.014090333387808466, 0.20164140382415427, 0.04706651413629678, 0.07889361006700442, 0.03670432260173231, 0.059726875306422615, 0.009493994116685733, 0.021756005883314267, 0.0766362967805197, 0.006562551070436346, 0.05149942801111293, 0.11231410361170126, 0.03280764830854715, 0.0020121751920248406, 0.03827218499754862, 0.15248100179767937, 0.038103652557607455, 0.026250204281745383, 0.003212330446151332, 0.012522470991992156, 0.0020172822356594217, 0.03299150187939206, 0.13700155254126492, 0.07864847197254453, 0.046346420983820885, 0.04555482922046086, 0.0010622650759928092, 0.0018487497957182545, 0.08467989050498448, 0.06567147409707469, 0.031050825298251348, 0.07290304788364112, 0.08654396143160648, 0.00026045922536362153, 0.07321968458898513, 0.05219398594541592, 0.05173435201830365, 0.017542694884785097, 0.09871915345644713, 0.16356328648471974, 0.009131394018630496, 0.04950257394999183, 0.1236670616113744, 0.06443556953750613, 0.07375081712698153, 0.04534033338780846, 0.08684527700604674, 0.0417654028436019, 0.152205221441412, 0.08841313940186304, 0.02139340578525903, 0.02596420983820886, 0.07960859617584573, 0.011817698970420003, 0.012578648471972544, 0.027440145448602713, 0.05233698316718418, 0.02404906847524105, 0.013211921882660566, 0.07748917306749468, 0.027383967968622323, 0.022869341395652883, 0.10616011603203138, 0.005439001470828567, 0.06181054910933159, 0.12016362967805197, 0.06523737538813532, 0.16910442882823992, 0.08759090537669553, 0.11364193495669227, 0.0003779212289589802, 0.1333602304298088, 0.13773696682464456, 0.17547801928419676, 0.012277332897532276, 0.08854592253636215, 0.12741563163915673, 0.10293246445497631, 0.0268579424742605, 0.1117472217682628, 0.07364356921065533, 0.05491093315901291, 0.05591191371139075, 0.11634866808302011, 0.1294482350057199, 0.07150371792776597, 0.05886889197581304, 0.024421882660565452, 0.027123508743258702, 6.128452361496976e-5, 0.20275984638012748, 0.015346666121915346, 0.1088157787220134, 0.05489561202810917, 0.12778333878084655, 0.08939369177970256, 0.11712493871547638
0.08526209347932669, 0.04927275698643569, 0.040565247589475405, 0.05440533583918941, 0.12409605327667919, 0.11059302990684752, 0.05679543226017323, 0.003871139075012257, 0.1222319823500572, 0.028083632946559894, 0.03543777578035627, 0.023415795064553033, 0.0473014381434875, 0.09878554502369669, 0.1387890178133682, 0.20103366563163916, 0.06879187775780356, 0.015923762052622976, 0.11444884785095603, 0.024677234842294494, 0.047138012747180914, 0.020494566105572806, 0.024626164405948683, 0.09492462003595359, 0.01481042654028436, 0.10430625919267854, 0.0025126654682137606, 0.027281827095930706, 0.05641751103121425, 0.051259396960287626, 0.03069843928746527, 0.11557239745056382, 0.07768834776924334, 0.07638094459879065, 0.02860965844092172, 0.14946784605327668, 0.011807484883150842, 0.06215782807648308, 0.0050406520673312635, 0.016204649452524922, 0.02938082202974342, 0.0028446233044615134, 0.08681463474423926, 0.05579955875142997, 0.1419502778231737, 0.11865705180585064, 0.0007915917633600261, 0.01946294329138748, 0.10525616930871057, 0.06763257885275371, 0.04274084817780683, 0.07039038241542736, 0.027210328485046575, 0.07511950482104919, 0.006424660892302664, 0.06282174374897859, 0.052321662036280435, 0.016914528517731654, 0.03310896388298742, 0.067555973198235, 0.08596686550089884, 0.00822744729530969, 0.07124836574603693, 0.05593234188592908, 0.17337902435038405, 0.009652312469357738, 0.05306218336329466, 0.051187898349403495, 0.07781602386010786, 0.036254902761889196, 0.13864091354796534, 0.11787567412975976, 0.0828617829710737, 0.03887481614642915, 0.08194762216048374, 0.14968234188592908, 0.15203158195783625, 0.013789017813368198, 0.11740071907174375, 0.05372099199215558, 0.01417204608596176, 0.08793818434384704, 0.02603570844909299, 0.08201912077136787, 0.09049170616113744, 0.020918450727243014, 0.07239234352018303, 0.08495056381761726, 0.18464516260826933, 0.03914038241542736, 0.08774411668573297, 0.09364785912730839, 0.10557791305768917, 0.15280785259029253, 0.03374223729367544, 0.058215190390586695, 0.03720991992155581, 0.12783951626082693, 0.08844378166367053, 0.04776617911423435
0.028236844255597318, 0.012272225853897695, 0.0301315574440268, 0.0853386991338454, 0.05857268344500735, 0.003845603856839353, 0.10078239908481779, 0.02420738682791306, 0.004693373100179768, 0.06121813204772022, 0.040003472789671514, 0.01505045759110966, 0.004443127962085308, 0.07693761235495997, 0.2052827259356104, 0.11208428664814513, 0.08777986599117503, 0.014488682791305768, 0.11641505965026964, 0.05025841640790979, 0.033915876777251185, 0.060365255760745216, 0.03129085634907665, 0.0594919512992319, 0.1443046249387155, 0.09576728223565942, 0.021812183363294657, 0.11515361987252819, 0.05312857493054421, 0.022573132864847197, 0.0278691371139075, 0.1016301683281582, 0.008651331916979898, 0.12146592580487008, 0.193092212779866, 0.10742666285340742, 0.07007374571008335, 0.11252349240071907, 0.01939655172413793, 0.026571948030723973, 0.013589843111619546, 0.06469092171923517, 0.10475057198888707, 0.04436488805360353, 0.08146245301519857, 0.027593356757640138, 0.07085512338617421, 0.0480726017323092, 0.010699256414446806, 0.04963025004085635, 0.07176928419676418, 0.10097135969929727, 0.12983637032194803, 0.15812428501389117, 0.11798802908972054, 0.08984821866318025, 0.06276556626899821, 0.06016608105899657, 0.007134539957509397, 0.17022797842784768, 0.0938572479163262, 0.020760132374571007, 0.03536117012583755, 0.006766832815819578, 0.04674477038731819, 0.011066963556136624, 0.11514851282889361, 0.05867993136133355, 0.13304359372446478, 0.017522266710246773, 0.041024881516587675, 0.07645755025330936, 0.16645898022552705, 0.07301029579996732, 0.046045105409380616, 0.03972769243340415, 0.02078056054910933, 0.132297965353816, 0.07162117993136133, 0.15825706814839027, 0.16335900473933648, 0.09158972054257232, 0.08852549436182383, 0.024855981369504822, 0.09108412322274881, 0.09872936754371629, 0.0765545840823664, 0.05263319169798987, 0.15524901944762215, 0.046719235169145286, 0.034518507926131724, 0.06760704363458081, 0.009013932015035137, 0.034967927765974835, 0.0012001552541264912, 0.056928215394672334, 0.13323255433894426, 0.19262747180911913, 0.1812438715476385, 0.06941493708122243
0.03049926458571662, 0.03081079424742605, 0.006016097401536199, 0.02188368197417879, 0.08135520509887237, 0.05434405131557444, 0.01085246772348423, 0.01336513319169799, 0.18127962085308058, 0.010709470501715966, 0.07011460205916, 0.026551519856185653, 0.13281888380454324, 0.12801315574440267, 0.2088525494361824, 0.07404191861415264, 0.03800661872855041, 0.00909564471318843, 0.07971584409217192, 0.012394794901127635, 0.013094459879065207, 0.027516751103121424, 0.04862926948847851, 0.02618381271449583, 0.13297209511358066, 0.0018487497957182545, 0.12932566595848996, 0.0593336329465599, 0.023313654191861415, 0.020509887236476548, 0.09366318025821213, 0.12823275862068967, 0.08896980715803236, 0.07107472626246118, 0.1442995178950809, 0.0057301029579996735, 0.067555973198235, 0.13509662526556626, 0.06382272430135644, 0.039395734597156395, 0.06003840496813205, 0.0881067167837882, 0.04280723974505638, 0.01694006373590456, 0.08019079915018794, 0.14538221114561203, 0.09484290733780029, 0.03732738192515117, 0.07211656316391567, 0.02773124693577382, 0.14298700768099362, 0.18277087759437816, 0.07569660075175683, 0.12745648798823336, 0.15636746200359536, 0.0694455793430299, 0.023477079588168002, 0.18384846380127473, 0.09647205425723157, 0.19320967478346135, 0.08486374407582939, 0.048527128615786896, 0.13482595195293348, 0.022368851119463965, 0.06371036934139565, 0.019222912240562183, 0.0841385438797189, 0.05304175518875633, 0.1442433404151005, 0.04742400719071744, 0.2717917551887563, 0.026020387318189248, 0.07356696355613662, 0.04522797842784769, 0.15778211309037424, 0.1428031541101487, 0.09505740317045269, 0.14245076809936263, 0.13856941493708122, 0.12102161300866154, 0.147465884948521, 0.19166224056218337, 0.1315472299395326, 0.040861456120281095, 0.1488754289916653, 0.09833612518385357, 0.12436672658931198, 0.14059180421637524, 0.02384478672985782, 0.09532807648308547, 0.10032787220134008, 0.005581998692596829, 0.07457815819578363, 0.0658297924497467, 0.029385929073378003, 0.023492400719071743, 0.13807913874816147, 0.2303532031377676, 0.10864724628207223, 0.10470971563981042
0.10173230920084982, 0.01933016015688838, 0.028083632946559894, 0.04916040202647491, 0.04831773982676908, 0.0833673802908972, 0.17625939696028764, 0.01944762216048374, 0.1563623549599608, 0.02585696192188266, 0.2701013237457101, 0.014912567412975976, 0.06495138094459879, 0.2461390750122569, 0.05296514953423762, 0.07533910769733616, 0.029145898022552706, 0.014841068802091845, 0.016633641117829712, 0.07057423598627227, 0.04171943945089067, 0.030729081549272758, 0.00596502696519039, 0.06290345644713188, 0.05625919267854224, 0.0505750531132538, 0.053006005883314264, 0.004177561693087106, 0.012578648471972544, 0.035616522307566595, 0.06270938878901781, 0.07866379310344827, 0.04783767772511848, 0.045626327831344994, 0.09975588331426703, 0.029084613498937734, 0.0028293021735577707, 0.05090701094950155, 0.09217703056054911, 0.052469766301683284, 0.02861987252819088, 0.040299681320477204, 0.017093275044941986, 0.0018691779702565779, 0.08475649615950319, 0.06280642261807484, 0.012813572479163262, 0.006695334204935447, 0.009207999673149208, 0.028824154273574112, 0.20228489132211144, 0.1300866154600425, 0.2170953178623958, 0.21284115051479, 0.20508355123386174, 0.03620383232554339, 0.06712187448929563, 0.018543675437162937, 0.20407746363784932, 0.0981420575257395, 0.023374938715476384, 0.07707039548945906, 0.0007047720215721523, 0.06025800784441902, 0.09942903252165386, 0.08078321621179932, 0.1346625265566269, 0.04201564798169635, 0.09842294492564145, 0.0655080487007681, 0.20794349566922699, 0.16266955384866807, 0.09992952279784278, 0.00816105572806014, 0.09088494852100017, 0.12416755188756333, 0.22325951952933487, 0.11010786076156234, 0.15180687203791468, 0.11401985618565125, 0.135648185978101, 0.16200053113253798, 0.13677684262134335, 0.08972564961595032, 0.13880433894427194, 0.02591824644549763, 0.15626021408726917, 0.05437469357738192, 0.09096666121915345, 0.08575747671188103, 0.04934425559731982, 0.10417858310181402, 0.02353325706814839, 0.04447724301356431, 0.0552326769079915, 0.052127594378166366, 0.019182055891485538, 0.19128431933322437, 0.18487497957182547, 0.021439369177970256
0.11185446968458898, 0.04035075175682301, 0.1495444517077954, 0.020295391403824154, 0.026311488805360352, 0.053496282072234023, 0.03745505801601569, 0.1104142833796372, 0.2148124693577382, 0.06998181892466089, 0.009402067331263279, 0.050232881189736886, 0.18811284523614968, 0.07485393855205098, 0.054701544369995095, 0.20285688020918452, 0.00703239908481778, 0.08526720052296127, 0.08807096747834614, 0.020417960451054092, 0.013942229122405623, 0.07981287792122896, 0.05697928583101814, 0.11159401045922536, 0.07824501552541265, 0.20571682464454977, 0.01098525085798333, 0.14952913057689166, 0.05202545350547475, 0.14442719398594542, 0.10059854551397288, 0.18880229612681812, 0.11293205589148554, 0.13299763033175355, 0.1679859862722667, 0.05831222421964373, 0.16367053440104593, 0.040529498284033336, 0.10347381108024187, 0.11227324726262461, 0.054624938715476384, 0.013666448766138258, 0.053373713025004085, 0.02892629514626573, 0.043777578035626735, 0.02875265566268998, 0.20060467396633436, 0.03916081058996568, 0.04675498447458735, 0.05294982840333388, 0.006184629841477366, 0.22589475404477855, 0.21607901617911424, 0.055937448929563656, 0.16631598300375877, 0.10426029579996732, 0.057301029579996735, 0.1200257394999183, 0.08684016996241216, 0.10023594541591764, 0.23901985618565125, 0.1672454649452525, 0.2359964863539794, 0.19824521980715804, 0.20332672822356596, 0.09308097728386991, 0.041438552050988724, 0.04286341722503677, 0.10611415263932016, 0.05179563654191861, 0.10998018467069783, 0.20474137931034483, 0.0069762216048373914, 0.10887706324562837, 0.03494749959143651, 0.1482370485373427, 0.10516424252328811, 0.13742033011930055, 0.1279774064389606, 0.09650269651903906, 0.11225281908808629, 0.1387890178133682, 0.07343418042163752, 0.058593111619545675, 0.03426826278803726, 0.01874795718254617, 0.05928256251021409, 0.03772062428501389, 0.02924293185160974, 0.09141608105899657, 0.10856042654028436, 0.045886787056708615, 0.06808199869259683, 0.0907419512992319, 0.025897818270959307, 0.018926703709756496, 0.2231369504821049, 0.012726752737375387, 0.08871445497630331, 0.2158491992155581
0.05415509070109495, 0.044043144304624936, 0.1121149289099526, 0.007589066840987089, 0.003375755842457918, 0.031454281745383235, 0.026725159339761398, 0.022746772348422945, 0.030182627880372608, 0.015459021081876124, 0.22931136623631312, 0.1123549599607779, 0.07858208040529498, 0.15612743095277007, 0.11839148553685243, 0.12655254126491255, 0.02734311161954568, 0.016235291714332408, 0.017425232881189738, 0.01398308547148227, 0.010239622487334532, 0.0503350220624285, 0.09029763850302337, 0.03457979244974669, 0.05671882660565452, 0.03384948521000163, 0.054323623141036115, 0.04326687367216866, 0.020412853407419513, 0.10595583428664815, 0.10275371792776597, 0.12363131230593234, 0.2341885929073378, 0.18665733780029417, 0.16441105572806014, 0.14607676907991501, 0.1744259682954731, 0.22025147082856675, 0.07174885602222586, 0.1154957917960451, 0.025336043471155416, 0.026076564798169635, 0.009907664651086778, 0.0738376368687694, 0.1039181238764504, 0.014631680013074033, 0.11644570191207713, 0.10238601078607616, 0.08314267037097565, 0.03691371139075012, 0.16529457427684263, 0.1609638012747181, 0.19817882823990848, 0.10871363784932178, 0.23053705670861252, 0.0001889606144794901, 0.25054645366890016, 0.00715496813204772, 0.1076718009478673, 0.160831018140219, 0.07022695701912077, 0.14985598136950481, 0.1784503186795228, 0.1761061856512502, 0.11990827749632293, 0.22914794084000653, 0.1814634744239255, 0.16343050335022064, 0.06542633600261481, 0.037312060794247426, 0.09822887726752737, 0.1569700931524759, 0.12585798333060957, 0.10584347932668736, 0.08570640627553522, 0.09849444353652557, 0.15167919594705018, 0.01662342703056055, 0.0011950482104919103, 0.07216763360026147, 0.12115950318679523, 0.058516505965026964, 0.07927663833959797, 0.06632006863866645, 0.046831590129106065, 0.09718193332243831, 0.010081304134662527, 0.04414528517731656, 0.06857227488151658, 0.12186938225200196, 0.1388145530315411, 0.14796637522470993, 0.008493013564307893, 0.05879739336492891, 0.0392884866808302, 0.14303297107370486, 0.1293665223075666, 0.013033175355450236, 0.20177929400228795, 0.003406398104265403
0.034482758620689655, 0.030106022225853898, 0.21480225527046903, 0.14537710410197743, 0.05220930707631966, 0.08281581957836248, 0.1651975404477856, 0.15363008661546004, 0.04369075829383886, 0.06654988560222258, 0.06781643242359862, 0.003242972707958817, 0.2064267037097565, 0.11482166203628044, 0.03237865664324236, 0.1548659911750286, 0.07883232554338944, 0.15104592253636215, 0.05952259356103939, 0.11809527700604674, 0.004683159012910607, 0.04428317535545024, 0.0677704690308874, 0.01877859944435365, 0.004555482922046086, 0.008630903742441576, 0.005321539467233208, 0.05906806667756169, 0.01185855531949665, 0.07392956365419186, 0.17993646837718583, 0.09277966170942964, 0.25850322765157707, 0.15013686876940677, 0.30804155090701096, 0.2689726671024677, 0.29854244974669064, 0.10012359045595685, 0.10078750612845236, 0.08853570844909299, 0.07492033011930053, 0.130433894427194, 0.011393814348749795, 0.07031888380454322, 0.08254003922209512, 0.05819986925968296, 0.002032603366563164, 0.006496159503186795, 0.09200849812060795, 0.4152741461023043, 0.045141158686059814, 0.3717978836411178, 0.21510867788854388, 0.07596216702075502, 0.3776811979081549, 0.08363805360353, 0.08399043961431607, 0.26060732962902433, 0.24237007680993627, 0.419993054420657, 0.0912475486190554, 0.2680993626409544, 0.20475159339761398, 0.07562510214087269, 0.027103080568720378, 0.0076707795391403825, 0.0373733453178624, 0.022879555482922045, 0.08032358228468704, 0.14887032194803074, 0.1266546821376042, 0.10085389769570191, 0.2112426458571662, 0.0886378493217846, 0.2588402925314594, 0.022256496159503186, 0.17767404804706652, 0.23838658277496322, 0.17493156561529663, 0.041586656316391565, 0.13184854551397288, 0.15494770387318188, 0.1088413139401863, 0.08247875469848015, 0.04490112763523452, 0.06167776597483249, 0.0149329955875143, 0.06387379473770224, 0.056243871547638505, 0.08509866808302011, 0.12175702729204119, 0.006251021408726916, 0.06270428174538323, 0.024079710737048537, 0.009453137767609086, 0.0035749305442065696, 0.11525065370158523, 0.12777312469357738, 0.12456079424742605, 0.08668695865337474
0.13202218499754861, 0.012685896388298742, 0.11201278803726099, 0.24680299068475242, 0.02679155090701095, 0.10467396633436836, 0.1644212698153293, 0.11921371956201994, 0.11559282562510215, 0.06279620853080568, 0.11199235986272267, 0.020790774636378493, 0.0067259764667429315, 0.19741787873835595, 0.06728529988560222, 0.09200849812060795, 0.07809180421637522, 0.05283236639973852, 0.1392946151331917, 0.11833530805687204, 0.18512522470991993, 0.09866808302010133, 0.056136623631312305, 0.0031970093152475895, 0.060104796535381595, 0.04874673149207387, 0.033497099199215556, 0.23808526720052295, 0.0746088004575911, 0.27763421310671677, 0.11865705180585064, 0.2374622078771041, 0.10303460532766792, 0.10017976793593725, 0.016163793103448277, 0.054047842784768756, 0.18051867135152802, 0.2892374162444844, 0.11882047720215722, 0.032480797515933975, 0.16735781990521326, 0.15612232390913547, 0.06821478182709594, 0.023180871057362315, 0.08351548455630005, 0.08472074685406113, 0.04002390096420984, 0.2863825788527537, 0.3669410851446315, 0.211988274227815, 0.015704159176336004, 0.007635030233698317, 0.405494157542082, 0.5653650514789998, 0.04637195620199379, 0.1517813368197418, 0.19501246118646837, 0.21434772838699134, 0.36069517077953916, 0.129897654845563, 0.37236987252819087, 0.06010990357901618, 0.1258222340251675, 0.09522082856675927, 0.08527741461023043, 0.12903456447131884, 0.06826585226344174, 0.03179134662526557, 0.05804155090701095, 0.023477079588168002, 0.10832550253309364, 0.05612130250040857, 0.029850670044124856, 0.02948806994606962, 0.2052520836738029, 0.0763656234678869, 0.3010857574767119, 0.001644468050335022, 0.2670524186958653, 0.21285136460205917, 0.19935344827586207, 0.14622487334531786, 0.12705303154110148, 0.2872099199215558, 0.027205221441411995, 0.0017466089230266384, 0.03430401209347932, 0.12820722340251675, 0.004994688674620036, 0.023517935937244647, 0.08977672005229613, 0.11270734597156398, 0.2551989704200033, 0.12346277986599118, 0.10082836247752901, 0.0366277169472136, 0.002354347115541755, 0.013472381108024187, 0.0027833387808465435, 0.00946845889851283
0.07233616604020265, 0.04685712534727897, 0.004856798496486354, 0.14596952116358883, 0.17295513972871385, 0.016710246772348423, 0.07392445661055728, 0.06847013400882497, 0.12961166040202649, 0.23896878574930544, 0.10013380454322601, 0.13936100670044124, 0.24995403660728877, 0.06478284850465763, 0.12142506945579343, 0.011056749468867462, 0.21634458244811244, 0.10525616930871057, 0.0886684915835921, 0.036173190063735906, 0.18959388789017814, 0.06544676417715313, 0.04255699460696192, 0.09825951952933486, 0.18472176826278805, 0.23417837882006864, 0.3653170452688348, 0.04728100996894918, 0.16855797515933976, 0.0047955139728713845, 0.12592437489785913, 0.2330497221768263, 0.11056238764504003, 0.16185753391076974, 0.08026740480470665, 0.011490848177806831, 0.23191595848994934, 0.25983616604020265, 0.047771286157868936, 0.025535218172904068, 0.021235087432587025, 0.012583755515607125, 0.0013074031704526884, 0.10926519856185651, 0.11877962085308057, 0.11441820558914856, 0.4842600915182219, 0.29370097238110804, 0.01963658277496323, 0.10625204281745383, 0.19587555156071254, 0.23537342703056055, 0.3888656234678869, 0.344602876286975, 0.002665876777251185, 0.21815758293838863, 0.45947050171596665, 0.07669758130413466, 0.19104939532603366, 0.2484270305605491, 0.21714638829874164, 0.21502696519039058, 0.19027823173721195, 0.243079955875143, 0.01424354469684589, 0.04727590292531459, 0.21339271122732473, 0.01851814021899003, 0.09091559078280764, 0.09395938878901781, 0.007017077953914038, 0.4376940676581141, 0.3821600751756823, 0.08772368851119464, 0.1628789426376859, 0.21833122242196437, 0.039998365746036935, 0.3150484147736558, 0.12481614642915509, 0.1691299640464128, 0.12061304951789507, 0.1995066595848995, 0.12763012747180913, 0.1730521735577709, 0.019059486844255596, 0.11870812224219644, 0.028834368360843275, 0.02735843275044942, 0.05211227324726263, 0.0199634335675764, 0.09841783788200686, 0.1306432832162118, 0.08307117176009152, 0.14663854387971892, 0.09265198561856512, 0.22179890504984476, 0.07979755679032521, 0.10498038895244322, 0.06295452688347769, 0.2389789998365746
0.010168123876450401, 0.04867523288118974, 0.03331835267200523, 0.05884335675764014, 0.24513809445987905, 0.22432689164896225, 0.20733575747671187, 0.19711656316391568, 0.09690104592253636, 0.10077218499754861, 0.2964485618565125, 0.07689675600588332, 0.06509437816636705, 0.21998079751593397, 0.19040590782807648, 0.21856103938552052, 0.1400147082856676, 0.04095848994933813, 0.05600894754044779, 0.11086881026311489, 0.015244525249223729, 0.0007507354142833796, 0.19032930217355776, 0.024891730674946887, 0.10518977774146103, 0.22373447458735088, 0.14104122405621833, 0.06518119790815492, 0.09610434711554175, 0.0010826932505311325, 0.2537536770714169, 0.22711533747344337, 0.08727426867135153, 0.3019386337636869, 0.2034492972707959, 0.4133232554338944, 0.10175273737538813, 0.2375643487497957, 0.04305237783951626, 0.1479714822683445, 0.04299620035953587, 0.13661852426867135, 0.26912587841150515, 0.034590006537015855, 0.2085563409053767, 0.24829424742605, 0.22756986435692106, 0.376644468050335, 0.1699266628534074, 0.1419502778231737, 0.10709981206079425, 0.1392129024350384, 0.2119116685732963, 0.30570763196600753, 0.2331007926131721, 0.2628595358718745, 0.15562694067658114, 0.22017486517404805, 0.39068883804543225, 0.12207877104101977, 0.016352753717927767, 0.08726405458408236, 0.13546433240725608, 0.16326707795391404, 0.0741338453995751, 0.028645407746363784, 0.045136051642425234, 0.41851201176662856, 0.002333918941003432, 0.27195007354142836, 0.06530376695538487, 0.15769529334858637, 0.4193087105736231, 0.06626899820232064, 0.019978754698480143, 0.01055115214904396, 0.27485598136950484, 0.057944517077953915, 0.17274064389606145, 0.1947162526556627, 0.18312837064879883, 0.11462248733453179, 0.16879800621016505, 0.027271613008661547, 0.09728918123876451, 0.05606512502042817, 0.04032010949501553, 0.064522389279294, 0.010755433894427194, 0.03208244811243667, 0.14243033992482432, 0.26973872364765483, 0.005193863376368688, 0.20170268834776925, 0.42406336819741786, 0.45384764667429317, 0.4035585880045759, 0.07683036443863377, 0.08987375388135316, 0.1929849648635398
0.0888012747180912, 0.036111905540120934, 0.19801029579996732, 0.006940472299395326, 0.1697172740643896, 0.1335747262624612, 0.09733003758784115, 0.0302643405785259, 0.06777557607452198, 0.33690145448602715, 0.14662832979244975, 0.2859382660565452, 0.1322111456120281, 0.3618800049027619, 0.000960124203301193, 0.31114152639320153, 0.13354919104428828, 0.24793675437162935, 0.16714843111619546, 0.1863815574440268, 0.27924293185160975, 0.18253084654355287, 0.03470236149697663, 0.18035524595522145, 0.18000285994443538, 0.2320589557117176, 0.18290876777251186, 0.08845910279457428, 0.2614550988723648, 0.2513737947377022, 0.2526914119954241, 0.20119198398431115, 0.2121516996241216, 0.11585328485046577, 0.03790958489949338, 0.10254943618238274, 0.0598647654845563, 0.22078771041019774, 0.13734372446478182, 0.20170268834776925, 0.24326891648962248, 0.06561018957345971, 0.17495199378983495, 0.39798169635561365, 0.24852917143324071, 0.40377819088086286, 0.35619586533747344, 0.43891975813041345, 0.41105062101650597, 0.47128820068638666, 0.0016700032685079262, 0.26968254616767445, 0.6210828975322765, 0.23074644549763032, 0.08642649942801112, 0.13904436999509723, 0.16488090374244158, 0.12931034482758622, 0.09700829383886256, 0.12222687530642262, 0.012788037260990358, 0.38240521327014215, 0.24503084654355287, 0.11242135152802746, 0.43100384049681323, 0.49516362967805194, 0.2298271776434058, 0.45066595848994934, 0.0012665468213760417, 0.2763063817617258, 0.09922985781990522, 0.12543409870893937, 0.1980664732799477, 0.23929052949828403, 0.17013605164242523, 0.026822193168818436, 0.44965476385030234, 0.3362528599444354, 0.18631005883314267, 0.0182066105572806, 0.07922046085961758, 0.01392690799150188, 0.14244566105572806, 0.0019662117993136134, 0.029804706651413628, 0.03518242359862723, 0.10477610720705997, 0.2537026066350711, 0.0638022961268181, 0.07822458735087433, 0.26895734597156395, 0.23563899329955876, 0.04440574440268018, 0.15426846706978264, 0.4432198888707305, 0.25790059650269653, 0.09991420166693904, 0.1760806504330773, 0.1560355041673476, 0.1431555401209348
0.10964822683445008, 0.2742176009151822, 0.18631516587677724, 0.05413976957019121, 0.03718438470338291, 0.09209531786239582, 0.28781255107043635, 0.4964659258048701, 0.14132211145612028, 0.49362640954404313, 0.17200012256904723, 0.5598647654845563, 0.032848504657623796, 0.18939982023206406, 0.013457059977120444, 0.06479816963556137, 0.1587830936427521, 0.2937571498610884, 0.001700645530315411, 0.1261133355123386, 0.17587636868769407, 0.2956467560058833, 0.20228489132211144, 0.2588096502696519, 0.16754678051969277, 0.15542265893119792, 0.2863212943291388, 0.22015443699950973, 0.549477038731819, 0.11292694884785096, 0.5589250694557935, 0.13383007844419023, 0.43817412975976466, 0.27877819088086286, 0.03713842131067168, 0.1724342212779866, 0.1311744157542082, 0.05002349240071907, 0.2794216783788201, 0.03520795881680013, 0.21868871547638502, 0.1322162526556627, 0.12778333878084655, 0.2782725935610394, 0.14879882333714659, 0.29896122732472624, 0.22294798986762543, 0.1526291060630822, 0.13075563817617258, 0.017976793593724463, 0.5507231573786566, 0.2407613580650433, 0.6061958653374735, 0.12306953750612845, 0.3245577300212453, 0.18666244484392874, 0.28643364928909953, 0.09562428501389116, 0.08777986599117503, 0.3171320885765648, 0.049374897859127305, 0.31501266546821377, 0.04242421147246282, 0.2026474914201667, 0.13517323092008499, 0.4768957345971564, 0.11571539467233208, 0.4616767445661056, 0.13505576891648963, 0.007635030233698317, 0.1569700931524759, 0.06251532113090374, 0.47590496813204775, 0.309466416081059, 0.011715558097728387, 0.2714649043961432, 0.1466436509233535, 0.34131394018630495, 0.22281520673312633, 0.19914405948684424, 0.13158808628860924, 0.08140116849158359, 0.0479142833796372, 0.06185651250204282, 0.09270816309854552, 0.10826421800947868, 0.06667245464945253, 9.703382905703546e-5, 0.08931197908154927, 0.015479449256414446, 0.18967049354469684, 0.3652149043961432, 0.17781704526883477, 0.5830762788037261, 0.12287546984801438, 0.04550375878411505, 0.19437408073214577, 0.2497088985128289, 0.1920248406602386, 0.14175110312142508
0.0020683526720052295, 0.02756271449583265, 0.33316820558914856, 0.024769161627716946, 0.10825911096584409, 0.07154457427684262, 0.19855164242523288, 0.2803920166693904, 0.026086778885438797, 0.21024677234842296, 0.23084858637032193, 0.08585451054093807, 0.46968969602876287, 0.1746200359535872, 0.01110781990521327, 0.24775290080078444, 0.20349526066350712, 0.100670044124857, 0.24259478672985782, 0.14655172413793102, 0.10017976793593725, 0.09574174701748651, 0.09358657460369342, 0.05324092989050498, 0.16581038568393527, 0.21156949664977936, 0.05940002451380945, 0.5271745791796045, 0.47778946723320803, 0.09421984801438144, 0.5913547965353816, 0.23041959470501716, 0.23208959797352507, 0.08151863049517895, 0.20904661709429645, 0.29549865174048046, 0.029559568556953752, 0.4040233289753228, 0.0017619300539303809, 0.24739030070272922, 0.0861098627226671, 0.41751613825788525, 0.12506128452361498, 0.0026709838208857656, 0.3056667756169309, 0.11726793593724465, 0.3577228713842131, 0.4712013809445988, 0.38601589311979084, 0.49847299395326033, 0.5450543389442719, 0.38774207386827914, 0.46655397123713027, 0.07746363784932178, 0.6046228958980225, 0.23089454976303317, 0.15279763850302336, 0.06964986108841315, 0.17093275044941983, 0.3778190880862886, 0.3194302582121262, 0.31241828730184673, 0.22554747507762707, 0.18474730348096094, 0.03231737211962739, 0.5657582938388626, 0.17918573296290244, 0.5433741215884949, 0.3702351282889361, 0.4399462739009642, 0.44304114234352016, 0.22736558261153783, 0.24781418532439942, 0.08895448602712862, 0.02077545350547475, 0.3946263686876941, 0.379897654845563, 0.08194762216048374, 0.2159309119137114, 0.07906214250694558, 0.14419737702238927, 0.19227508579833305, 0.119249468867462, 0.26732309200849813, 0.14740970746854062, 0.07205017159666612, 0.18737232390913547, 0.1350353407419513, 0.05977794574276843, 0.1465108677888544, 0.29739847197254454, 0.3341385438797189, 0.20115112763523452, 0.17050886582774963, 0.4435160974015362, 0.31329159176336, 0.4946733534891322, 0.14386031214250694, 0.22989867625428992, 0.18308751429972217
0.300304379800621, 0.13705262297761073, 0.04297066514136297, 0.33548680339924825, 0.18365439614316065, 0.3017394590619382, 0.009631884294819416, 0.13776250204281745, 0.14129657623794736, 0.14021899003105082, 0.1141373181892466, 0.16261848341232227, 0.262037301846707, 0.00042899166530478835, 0.5477661791142343, 0.021551724137931036, 0.1627972299395326, 0.3251348259519529, 0.40863498937734927, 0.21562448929563655, 0.11947928583101813, 0.2310988315084164, 0.31296474097074684, 0.08527230756659585, 0.10009294819414936, 0.04424231900637359, 0.03165856349076646, 0.5498396388298742, 0.26696559895407745, 0.03479428828239908, 0.3326523941820559, 0.06745893936917798, 0.27210839189410035, 0.0708857656479817, 0.2266557035463311, 0.08499652721032848, 0.36005679032521654, 0.09344357738192516, 0.44406765811407095, 0.48411198725281906, 0.16856308220297433, 0.05717846053276679, 0.21888789017813368, 0.20505801601568885, 0.015525412649125674, 0.10798843765321131, 0.12157828076483085, 0.2224474995914365, 0.0759162036280438, 0.05152496322928583, 0.20965435528681156, 0.003901781336819742, 0.509356103938552, 0.033951626082693254, 0.26939655172413796, 0.45503248079751596, 0.0733882170289263, 0.5265974832488969, 0.25730307239745054, 0.22677316554992646, 0.295881680013074, 0.07218295473116522, 0.25170575257395, 0.11793185160974015, 0.36291162771694724, 0.007890382415427357, 0.3816493708122242, 0.012088372283052786, 0.49488274227815005, 0.16177071416898187, 0.5820344419022716, 0.2297965353815983, 0.0332468540611211, 0.14715946233044616, 0.24665488641934957, 0.06120281091681647, 0.09902557607452198, 0.2324266628534074, 0.10632864847197254, 0.16499325870240236, 0.035243708122242194, 0.17906827095930708, 0.1184527700604674, 0.0984076237947377, 0.25914671514953425, 0.26117421147246284, 0.013094459879065207, 0.3367839924824318, 0.09310651250204281, 0.33732533910769735, 0.4387410116032031, 0.08306095767282236, 0.35587412158849485, 0.28129596339271123, 0.5305196927602549, 0.32521143160647165, 0.1300866154600425, 0.17163752247099198, 0.5206426703709757, 0.33364826769079914
0.2196794819414937, 0.2524462739009642, 0.411147654845563, 0.1543348586370322, 0.15666877757803563, 0.017552908972054256, 0.1439267037097565, 0.08415386501062265, 0.14284911750285995, 0.10834082366399739, 0.21762134335675765, 0.24322295309691125, 0.4858943454812878, 0.06547740643896062, 0.382931238764504, 0.4498386174211472, 0.3397256496159503, 0.43407828076483085, 0.20481798496486353, 0.003656643242359863, 0.21047658931197907, 0.3986149697663017, 0.3464618401699624, 0.5385683935283543, 0.5173281990521327, 0.007257109004739337, 0.6093009478672986, 0.31241828730184673, 0.0607431769897042, 0.0854970174865174, 0.3282603366563164, 0.1747528190880863, 0.22881598300375877, 0.21727406438960614, 0.13885540938061774, 0.10519999182873019, 0.11192596829547312, 0.5293603938552051, 0.1334419431279621, 0.061264095440431446, 0.18479326687367217, 0.5601405458408236, 0.05194884785095604, 0.09395428174538323, 0.21921984801438144, 0.41946702892629517, 0.07879146919431279, 0.2899217600915182, 0.45907725935610394, 0.18629473770223892, 0.24272756986435692, 0.01430482922046086, 0.23995955221441412, 0.22438306912894262, 0.262670575257395, 0.22643610067004413, 0.017680585062918776, 0.14577034646184017, 0.10375980552377839, 0.3908318352672005, 0.36252859944435367, 0.05694864356921066, 0.46333653374734435, 0.19046208530805686, 0.4216885929073378, 0.07219316881843438, 0.43256659584899493, 0.18251552541264912, 0.4452780274554666, 0.1846502696519039, 0.4571621179931361, 0.5556820967478346, 0.5488590864520346, 0.040565247589475405, 0.5399626164405948, 0.4857615623467887, 0.48683914855368526, 0.3082713678705671, 0.06487988233371465, 0.016235291714332408, 0.30122364765484555, 0.40296617094296455, 0.04798578199052133, 0.31230082529825137, 0.030514585716620364, 0.21405151985618565, 0.1502134744239255, 0.2948602712861579, 0.26939144468050336, 0.22224321784605328, 0.15769529334858637, 0.2059721768262788, 0.4976354387971891, 0.505336860598137, 0.03585144631475731, 0.1230848586370322, 0.5296310671678379, 0.12264565288445825, 0.08979714822683445, 0.14907460369341397
0.3191544778558588, 0.523477079588168, 0.24302377839516262, 0.34370914365092337, 0.029590210818761235, 0.30159646184016997, 0.11264095440431443, 0.16254698480143814, 0.16062673639483577, 0.604239867625429, 0.1101742523288119, 0.14593377185814677, 0.24897859127308383, 0.2257823990848178, 0.22239132211145612, 0.16815451871220788, 0.5367400719071743, 0.1523890750122569, 0.2948960205915999, 0.3375449419839843, 0.4235577708775944, 0.45447070599771205, 0.4829169390423272, 0.06029886419349567, 0.011077177643405786, 0.4500326850792613, 0.5760796290243504, 0.11739050498447459, 0.3457162117993136, 0.21714638829874164, 0.08856635071090048, 0.5409942392547802, 0.22874448439287465, 0.019861292694884784, 0.213316105572806, 0.023002124530151987, 0.26846196273900963, 0.22787117993136133, 0.2173915263932015, 0.3795861251838536, 0.23925478019284196, 0.06793900147082857, 0.2846206487988233, 0.34187571498610886, 0.2712401944762216, 0.03806279620853081, 0.18138686876940677, 0.06591661219153457, 0.5059190635724792, 0.08619668246445497, 0.2077034646184017, 0.4916499836574604, 0.5708295881680013, 0.03411505147899983, 0.0091569292368034, 0.03165856349076646, 0.17848096094133029, 0.16234270305605492, 0.08355123386174211, 0.024753840496813204, 0.11751818107533911, 0.2902230756659585, 0.3528098954077464, 0.1393201503513646, 0.10171188102631148, 0.48941820558914856, 0.28405887399901947, 0.02742482431769897, 0.37308485863703217, 0.05826115378329792, 0.2697540447785586, 0.35920902108187613, 0.08730491093315901, 0.11372875469848015, 0.06292899166530479, 0.4900821212616441, 0.1705956855695375, 0.35265668409870893, 0.16165835920902108, 0.283052786403007, 0.4137318189246609, 0.22109924007190718, 0.28869096257558424, 0.009059895407746365, 0.42678031541101485, 0.18555932341885928, 0.13781867952279783, 0.22632374571008335, 0.04696948030723975, 0.08707509396960288, 0.25639401863049516, 0.04741379310344827, 0.2068761235495996, 0.005750531132537997, 0.11136419349566923, 0.0758089557117176, 0.2182699378983494, 0.09670187122078772, 0.1956201993789835, 0.19706038568393527
0.2266557035463311, 0.4379851691452852, 0.024008212126164406, 0.10461778885438797, 0.11079731165223075, 0.23715578525902925, 0.20904661709429645, 0.23853979408400067, 0.33835696192188264, 0.3873284033338781, 0.46313735904559566, 0.25148104265402843, 0.2120955221441412, 0.37900902925314595, 0.3190778722013401, 0.12093479326687367, 0.07467008498120609, 0.644115664324236, 0.5728111210982186, 0.02578546331099853, 0.28669921555809774, 0.40378329792449746, 0.40862988233371467, 0.21539977937571497, 0.22845848994933812, 0.6149442310835104, 0.25126654682137606, 0.2407920003268508, 0.25187939205752574, 0.003161260009805524, 0.5524697663016833, 0.24569476221604838, 0.21192698970420004, 0.3833500163425396, 0.3364826769079915, 0.33394447622160484, 0.1585124203301193, 0.2775780356267364, 0.36790631639156723, 0.2584725853897696, 0.35658910769733615, 0.2956825053113254, 0.12525024513809446, 0.2727365582611538, 0.23202320640627552, 0.1550038813531623, 0.6323694639647001, 0.006235700277823174, 0.0869116685732963, 0.28400269651903903, 0.22181933322438308, 0.23465333387808465, 0.203045840823664, 0.06849056218336329, 0.17795493544696847, 0.07352610720705997, 0.12568434384703384, 0.4536586860598137, 0.2834766710246772, 0.4422086942310835, 0.37599587350874325, 0.16043266873672168, 0.5256067167837882, 0.23694128942637685, 0.12055176499428011, 0.04898165549926459, 0.1523073623141036, 0.1316544778558588, 0.20535422454649452, 0.36724240071907177, 0.0714168981859781, 0.06065635724791633, 0.009264177153129596, 0.49413200686386666, 0.1374867216865501, 0.49801846706978264, 0.26841089230266385, 0.20855123386174212, 0.07826033665631639, 0.13805871057362315, 0.2875878411505148, 0.40328280764830854, 0.12344745873508743, 0.22252410524595523, 0.22465884948521, 0.1549987743095277, 0.18713739990194475, 0.23978591273083838, 0.026811979081549274, 0.04602978427847688, 0.20165672495505801, 0.15912015852263442, 0.05780151985618565, 0.26499938715476384, 0.36910136460205917, 0.10131863866644876, 0.314144468050335, 0.05203056054910933, 0.1951912077136787, 0.1966569292368034
0.19307178460532767, 0.4040641853243994, 0.5409431688184344, 0.16882354142833797, 0.6349229857819905, 0.016618319986925967, 0.13363601078607615, 0.6077841559078281, 0.18972156398104265, 0.39909503186795225, 0.05864928909952607, 0.21824950972381107, 0.14546392384376533, 0.13122548619055402, 0.5052857901617911, 0.3098392302663834, 0.18434384703382906, 0.045437367216865504, 0.46791755188756334, 0.3212585798333061, 0.14293593724464781, 0.03393630495178951, 0.26851814021899, 0.29041714332407254, 0.09477651577055074, 0.1821222830527864, 0.3647246282072234, 0.5968142261807485, 0.08324481124366727, 0.012706324562837065, 0.21139075012256905, 0.2830476793593725, 0.5585267200522961, 0.05108575747671188, 0.2509601242033012, 0.05966048373917307, 0.3370087024023533, 0.40712330446151335, 0.15028497303480962, 0.22262113907501227, 0.5552428909952607, 0.22655866971727406, 0.14223627226671023, 0.048608841313940186, 0.07536974995914365, 0.0606103938552051, 0.29023839679686225, 0.03967151495342376, 0.48564920738682793, 0.1503666857329629, 0.5148972462820722, 0.3587953505474751, 0.058322438306912895, 0.10653293021735577, 0.36539365092335346, 0.2166714332407256, 0.32406234678869095, 0.05201013237457101, 0.2046698806994607, 0.15855327667919594, 0.49068985945415916, 0.5522603775126654, 0.12682321457754536, 0.012251797679359373, 0.050166489622487334, 0.061723729367543716, 0.1569394508906684, 0.04289405948684426, 0.1709736067984965, 0.47792225036770714, 0.08749897859127308, 0.3967560058833143, 0.20115112763523452, 0.022986803399248242, 0.4909349975486191, 0.06298516914528518, 0.4419788772675274, 0.036443863376368686, 0.36297801928419676, 0.5750939696028763, 0.04913486680830201, 0.266618319986926, 0.11229367543716294, 0.04976814021899003, 0.17544737702238927, 0.34916346625265565, 0.17235761562346788, 0.11857023206406275, 0.03348177806831182, 0.5847564961595032, 0.1954005965026965, 0.2178205180585063, 0.4163057689164896, 0.19147838699133846, 0.008636010786076157, 0.0746394427193986, 0.046918409870893935, 0.3032613580650433, 0.31896041019774474, 0.07692229122405622
0.15289977937571497, 0.49387154763850305, 0.23617523288118975, 0.2282235659421474, 0.4106369504821049, 0.10513870730511521, 0.2485649207386828, 0.5483688102631149, 0.08681463474423926, 0.5520407746363785, 0.3194149370812224, 0.5073183935283543, 0.16536096584409218, 0.18106001797679358, 0.23786566432423598, 0.28222033829057036, 0.4777792531459389, 0.07385295799967315, 0.5502788445824481, 0.2105531949664978, 0.3212636868769407, 0.11011296780519693, 0.01362048537342703, 0.2626910034319333, 0.044196355613662364, 0.3488876858963883, 0.1789303807811734, 0.3563490766465109, 0.4715741951299232, 0.38336533747344337, 0.31397593561039383, 0.22883130413466252, 0.46262154763850305, 0.19520652884458245, 0.08504249060303971, 0.5582611537832979, 0.2394641689818598, 0.3403691371139075, 0.024064389606144796, 0.45508865827749634, 0.15998324889687857, 0.34799906030397126, 0.051596461840169965, 0.36638952443209677, 0.3102682219316882, 0.1674854959960778, 0.46624244157542083, 0.5869474178787384, 0.32180503350220624, 0.21301478999836573, 0.007267323092008498, 0.30213270142180093, 0.176535177316555, 0.15680156071253473, 0.06373079751593398, 0.07064062755352182, 0.46080344010459223, 0.07196335185487825, 0.11152761889197581, 0.06316902271613009, 0.5662128207223402, 0.06705548292204609, 0.25919778558588, 0.4562122078771041, 0.1551366644876614, 0.3187305932341886, 0.2652240970746854, 0.2706784196764177, 0.29039671514953425, 0.04454874162444844, 0.2780376695538487, 0.39759356103938553, 0.5616164814512176, 0.10229919104428828, 0.08545105409380618, 0.30394570191207715, 0.2533042572315738, 0.5355603448275862, 0.4703229694394509, 0.5566320068638666, 0.12466804216375224, 0.2826237947377022, 0.17957897532276515, 0.17454853734270306, 0.22837677725118483, 0.006072274881516588, 0.20764728713842132, 0.24756904722993953, 0.4951278803726099, 0.3452923271776434, 0.48522021572152313, 0.18463494852100015, 0.061539875796698805, 0.003099975486190554, 0.13981553358391893, 0.1953546331099853, 0.20697826442229122, 0.42337391730674945, 0.3501031622814185, 0.23298333060957674
0.3519212698153293, 0.3323357574767119, 0.5374601650596502, 0.1546259601242033, 0.22317780683118157, 0.04811345808138585, 0.12670575257395, 0.247660974015362, 0.20718765321130903, 0.37898349403497306, 0.08990439614316065, 0.328265443699951, 0.204531990521327, 0.5192995178950809, 0.33143691779702567, 0.4591998284033339, 0.28248079751593397, 0.1290754208203955, 0.2994872528190881, 0.13068413956528846, 0.31267363948357574, 0.15544308710573623, 0.39202688347769243, 0.007686100670044125, 0.34527700604673967, 0.43241338453995753, 0.09320354633109985, 0.3937632783134499, 0.21172781500245139, 0.05203056054910933, 0.013661341722503677, 0.2572928583101814, 0.0983003758784115, 0.11563368197417878, 0.17756169308710573, 0.02843601895734597, 0.06308220297434221, 0.3193638666448766, 0.13875326850792613, 0.6460767690799151, 0.07372017486517404, 0.13619974669063573, 0.12876899820232063, 0.5575257394999182, 0.5491399738519366, 0.07095726425886582, 0.2674150187939206, 0.030483943454812878, 0.2517925723157379, 0.3608024186958653, 0.10015933976139892, 0.3622987824807975, 0.005908849485210001, 0.0539303807811734, 0.3358238682791306, 0.12447908154927276, 0.0809721768262788, 0.004616767445661056, 0.37255883314267035, 0.05986987252819088, 0.06056953750612845, 0.07557913874816147, 0.5706150923353489, 0.017976793593724463, 0.15458510377512666, 0.34016996241215885, 0.07784666612191535, 0.07100322765157706, 0.273793716293512, 0.1512706324562837, 0.4297832570681484, 0.14222095113580652, 0.28051969276025496, 0.04134662526556627, 0.482687122078771, 0.19249468867462002, 0.2634723811080242, 0.10347381108024187, 0.008564512175192026, 0.31758661546004247, 0.4370454731165223, 0.2707090619382252, 0.13327341068802093, 0.46232533910769735, 0.07199399411668574, 0.19249979571825462, 0.11258988396796862, 0.14221584409217192, 0.22736047556790326, 0.0032276515770550745, 0.46834143650923354, 0.6129575911096584, 0.3338678705670861, 0.04679073378002942, 0.07114111782971073, 0.0006639156724955058, 0.23595563000490277, 0.02931953750612845, 0.2658420493544697, 0.22854020264749142
0.011557239745056382, 0.35779436999509723, 0.49232411341722504, 0.3376624039875797, 0.2577984556300049, 0.11196682464454977, 0.15816003431933323, 0.05264340578525903, 0.029850670044124856, 0.2608371465925805, 0.1780775044941984, 0.20664630658604347, 0.1038925886582775, 0.11965292531459389, 0.34893364928909953, 0.3677939614316065, 0.26497385193659095, 0.26457039548945904, 0.10292735741134172, 0.5185947458735087, 0.08926601568883805, 0.370577300212453, 0.14436590946233044, 0.41504943618238277, 0.07662608269325052, 0.2739775698643569, 0.17641771531295963, 0.08340823663997385, 0.18942535545023698, 0.4909452116358882, 0.11567453832325543, 0.1836697172740644, 0.01318638666448766, 0.17738294655989542, 0.4092886909625756, 0.16070844909298906, 0.4778558588004576, 0.49108310181402187, 0.1806923108351038, 0.6220225935610394, 0.061846298414773654, 0.18552357411341722, 0.12394284196764177, 0.1180544206569701, 0.19919512992319005, 0.06571743748978591, 0.23910156888380454, 0.18812816636705343, 0.18397613989213923, 0.2299242114724628, 0.3641424252328812, 0.16376246118646837, 0.1114510132374571, 0.17983432750449418, 0.11440799150187939, 0.3065451871220788, 0.052990684752410526, 0.012961676744566105, 0.31692780683118155, 0.42272021572152313, 0.11251838535708449, 0.10692106553358392, 0.017215844092171924, 0.4806749468867462, 0.4891424252328812, 0.2626910034319333, 0.19372548619055402, 0.2771541510050662, 0.034023124693577385, 0.41443659094623303, 0.11265116849158359, 0.11695129923190063, 0.1934905621833633, 0.212366195456774, 0.4460389769570191, 0.10508252982513483, 0.030392016669390422, 0.18747446478182708, 0.34114540774636376, 0.25361067984964863, 0.1051438143487498, 0.2428961023042981, 0.4179859862722667, 0.028844582448112437, 0.32992523288118975, 0.3177398267690799, 0.13187918777578037, 0.43769917470174863, 0.017854224546494525, 0.14902864030070273, 0.2141996241215885, 0.3184854551397287, 0.398160442882824, 0.07281112109821866, 0.07373549599607779, 0.3305176499428011, 0.08524677234842294, 0.3302776188919758, 0.10522552704690309, 0.01117421147246282
0.10921923516914528, 0.28376266546821377, 0.2361905540120935, 0.3323970420003268, 0.0218275044941984, 0.1375633273410688, 0.09877022389279294, 5.617747998038895e-5, 0.26154191861415266, 0.01819639647001144, 0.2223708939369178, 0.33531827095930705, 0.2284380617747998, 0.37344745873508745, 0.02196539467233208, 0.09701850792613172, 0.002252206242850139, 0.3333163098545514, 0.19573255433894426, 0.2505004902761889, 0.10516424252328811, 0.09293798006210165, 0.3588719562019938, 0.03915059650269652, 0.020530315411014872, 0.12189491747017486, 0.08184037424415755, 0.01492788854387972, 0.3640658195783625, 0.2903201094950155, 0.06049803889524432, 0.20798945906193822, 0.14519325053113255, 0.020989949338127145, 0.24788568393528354, 0.09627287955548292, 0.3725128697499591, 0.07579363458081385, 0.3852498365746037, 0.38336023042980877, 0.37766587677725116, 0.3000898839679686, 0.02767506945579343, 0.15303256251021408, 0.32040059650269653, 0.009065002451380944, 0.20105920084981205, 0.1423588413139402, 0.29109127308383725, 0.2593867462003595, 0.1516485536852427, 0.11493401699624121, 0.0972636460205916, 0.046611987252819086, 0.06559997548619055, 0.010474546494525248, 0.010530723974505638, 0.278533052786403, 0.2944772430135643, 0.11202810916816473, 0.06567147409707469, 0.13028579016179115, 0.34594602876286973, 0.3000643487497957, 0.1873365746036934, 0.07618687694067658, 0.11934650269651904, 0.2627012175192025, 0.4694752001961105, 0.34926560712534727, 0.2421453668900147, 0.3941820558914855, 0.5964720542572316, 0.0716058588004576, 0.21349485210001634, 0.1688695048210492, 0.3262839107697336, 0.046795840823663996, 0.22799374897859126, 0.2862600098055238, 0.38771653865010625, 0.028461554175518877, 0.11255924170616113, 0.4640413057689165, 0.2114877839516261, 0.38947336166040203, 0.10680871057362314, 0.22560365255760745, 0.08235107860761562, 0.040907419512992316, 0.0785003677071417, 0.28899227815002454, 0.175998937734924, 0.1173598627226671, 0.12865664324235987, 0.16896653865010622, 0.3809854551397287, 0.25577095930707633, 0.07005331753554503, 0.1845685569537506
0.07364867625428992, 0.19183077300212453, 0.05668307730021245, 0.17859842294492564, 0.13397307566595848, 0.10209490929890505, 0.09678869096257559, 0.25347789671514953, 0.2661586860598137, 0.16954874162444844, 0.030861864683771858, 0.1914426376858964, 0.32364356921065535, 0.21186570518058506, 0.052158236639973855, 0.10462289589802255, 0.19848014381434875, 0.26284932178460535, 0.3247671188102631, 0.22547086942310834, 0.05941534564471319, 0.18380760745219807, 0.028073418859290735, 0.09552725118483413, 0.09339761398921392, 0.2896357656479817, 0.06194333224383069, 0.12654743422127798, 0.029161219153456448, 0.09122712044451708, 0.21439369177970258, 0.03850710900473934, 0.19608494034973034, 0.2065901291060631, 0.04663241542735741, 0.0830507435855532, 0.17480899656806667, 0.3300426948847851, 0.003963065860434711, 0.27462616440594867, 0.029860884131394018, 0.10060875960124203, 0.12527067331263278, 0.019840864520346464, 0.34988866644876615, 0.104398185978101, 0.08388829874162444, 0.10035851446314757, 0.05733167184180422, 0.049517895080895574, 0.11472973525085799, 0.08538466252655663, 0.21389830854714822, 0.1625316636705344, 0.17184180421637524, 0.02390607125347279, 0.17857799477038733, 0.01549477038731819, 0.2031224464781827, 0.12700196110475567, 0.01586758457264259, 0.31410871874489293, 0.0474342212779866, 0.05459940349730348, 0.13940697009315248, 0.27687837064879883, 0.44304114234352016, 0.003973279947703873, 0.1680472707958817, 0.348172699787547, 0.47550151168491583, 0.09707468540611211, 0.2560978100996895, 0.025509682954731164, 0.5183547148226835, 0.28578505474750776, 0.35749816146429153, 0.3964649043961432, 0.6187898349403498, 0.2820313776760909, 0.3650157296943945, 0.18458387808465435, 0.31182076319660074, 0.09637502042817454, 0.07529825134825952, 0.2862497957182546, 0.21823418859290733, 0.16906867952279783, 0.19063572479163263, 0.06144284196764177, 0.18928746527210327, 0.11827402353325707, 0.0020530315411014873, 0.03337453015198562, 0.09281030397123713, 0.12051601568883805, 0.028747548619055402, 0.0760489867625429, 0.08899023533257068, 0.1633845399575094
0.14539242523288118, 0.08577279784278477, 0.06091681647327995, 0.01148063409053767, 0.1168287301846707, 0.013012747180911914, 0.24128227651577056, 0.13268610067004413, 0.19994075829383887, 0.02528497303480961, 0.15855327667919594, 0.20069660075175683, 0.024580201013237456, 0.1532930217355777, 0.037117993136133356, 0.23601180748488315, 0.2700553603529989, 0.03163813531622814, 0.2137706324562837, 0.29310344827586204, 0.2282031377676091, 0.08890852263441738, 0.13650616930871057, 0.03902802745546658, 0.098805973198235, 0.09524636378493218, 0.17404804706651414, 0.07201952933485864, 0.08445007354142833, 0.10500081712698153, 0.2835634907664651, 0.20423578199052134, 0.027511644059486844, 0.11415263932015035, 0.1278190880862886, 0.20170268834776925, 0.05157092662199706, 0.21690635724791632, 0.14035688020918452, 0.25, 0.3401239990194476, 0.08838760418369014, 0.10170677398267691, 0.05427765974832489, 0.12978019284196765, 0.032215231246935774, 0.026137849321784604, 0.002997834613498938, 0.03816493708122242, 0.10089475404477856, 0.016843029906847523, 0.15433996568066677, 0.14795616113744076, 0.012721645693740808, 0.05113172086942311, 0.0401668981859781, 0.060140545840823664, 0.25799252328811895, 0.0015678623958163098, 0.2724863131230593, 0.2973116522307567, 0.4019907256087596, 0.15055053930380782, 0.1693393528354306, 0.265607125347279, 0.0018436427520836737, 0.2591569292368034, 0.22997528190880862, 0.32841865500898837, 0.01324256414446805, 0.0018844991011603203, 0.38352365582611536, 0.09576217519202485, 0.04749039875796699, 0.4066228141853244, 0.26074521980715804, 0.19248447458735088, 0.26539262951462655, 0.28775637359045597, 0.07248937734924008, 0.6566381353162282, 0.07562510214087269, 0.39860986272266713, 0.2994821457754535, 0.14558649289099526, 0.17000326850792613, 0.174829424742605, 0.1889401863049518, 0.01864070926621997, 0.16799620035953589, 0.014340578525902925, 0.0008886255924170616, 0.03762869749959143, 0.193883804543226, 0.02979449256414447, 0.0983565533583919, 0.13510173230920086, 0.15639299722176828, 0.07944517077953914, 0.1460563409053767
0.16054502369668247, 0.010443904232717764, 0.04202586206896552, 0.19315349730348097, 0.042868524268671354, 0.011664487661382578, 0.050809977120444515, 0.19861292694884786, 0.030514585716620364, 0.021919431279620854, 0.2794165713351855, 0.14366624448439289, 0.21592069782644224, 0.30623365746036935, 0.014218009478672985, 0.06701973361660402, 0.21349485210001634, 0.1866164814512175, 0.051034687040366074, 0.22260581794410852, 0.045059445987906524, 0.298659911750286, 0.36925968295473116, 0.13206814839025985, 0.08453178623958163, 0.0006945579343029907, 0.15979428828239908, 0.13695558914855369, 0.35011337636868767, 0.23686468377185815, 0.10882599280928257, 0.3220501715966661, 0.07341885929073377, 0.048762052622977614, 0.11085348913221114, 0.030197949011276353, 0.0593591681647328, 0.2237753309364275, 0.23210491910442882, 0.03824664977937572, 0.016398717110638995, 0.19811243667265893, 0.19236190554012095, 0.063352876286975, 0.17830732145775455, 0.0593591681647328, 0.09001675110312142, 0.0026403415590782807, 0.15733780029416572, 0.15274656806667755, 0.09953628043798006, 0.0714730756659585, 0.1439777741461023, 0.03659196764177153, 0.3782787220134009, 0.002190921719235169, 0.13771143160647165, 0.19457836247752902, 0.06548251348259519, 0.24698173721196273, 0.051305360352998854, 0.07308690145448603, 0.19146817290406928, 0.025519897042000327, 0.017154559568556955, 0.019866399738519367, 0.11372364765484556, 0.2621905131557444, 0.33915876777251186, 0.08166162771694721, 0.1720869423108351, 0.18953260336656316, 0.10830507435855533, 0.12748202320640628, 0.220614070926622, 0.2587585798333061, 0.31743851119463967, 6.128452361496976e-5, 0.41853243994116685, 0.07085001634253964, 0.4534084409217192, 0.1271296371956202, 0.33761133355123385, 0.0983565533583919, 0.1808761644059487, 0.033619668246445494, 0.17050886582774963, 0.032746363784932175, 0.12138932015035137, 0.10293246445497631, 0.08705466579506456, 0.18016117829710737, 0.2399901944762216, 0.10837146592580486, 0.2013707305115215, 0.17197458735087431, 0.00445334204935447, 0.05967580487007681, 0.05935406112109822, 0.15907930217355776
0.16027945742768426, 0.02329322601732309, 0.027332897532276516, 0.10361680830201013, 0.016654069292368033, 0.10339720542572316, 0.15142384376532114, 0.0674742605000817, 0.03280254126491257, 0.09066023860107861, 0.04306259192678542, 0.24938715476385032, 0.24758947540447784, 0.11480123386174211, 0.025392220951135806, 0.031541101487171104, 0.11786035299885603, 0.031423639483575745, 0.3627941657133519, 0.00200706814839026, 0.028788404968132047, 0.04822581304134663, 0.20024207386827914, 0.04373161464291551, 0.23218663180258212, 0.14012706324562837, 0.024840660238601077, 0.05029927275698644, 0.09677847687530643, 0.18399656806667755, 0.005627962085308057, 0.12079690308873998, 0.2674354469684589, 0.09477140872691617, 0.2177183771858147, 0.07115643896061448, 0.31262256904722996, 0.18636623631312305, 0.3848259519529335, 0.07371506782153947, 0.06797985781990522, 0.11813613335512338, 0.007614602059159994, 0.0006792368033992482, 0.19707059977120445, 0.10786586860598137, 0.005362395816309855, 0.1980664732799477, 0.06701462657296944, 0.16964577545350548, 0.20584450073541427, 0.17007476711881025, 0.09096666121915345, 0.30224505638176175, 0.11480123386174211, 0.04637195620199379, 0.20641138257885275, 0.11511787056708613, 0.22751368687694068, 0.0925549517895081, 0.15805789344664162, 0.22946968458898512, 0.155397123713025, 0.2643456855695375, 0.23494443536525575, 0.09089516260826933, 0.1666070844909299, 0.14263972871384212, 0.19031398104265404, 0.1902475894754045, 0.11019468050335023, 0.13115909462330447, 0.1824133845399575, 0.19374080732145776, 0.1513778803726099, 0.31166755188756334, 0.05449215558097728, 0.07480797515933976, 0.004121384213106717, 0.4932127390096421, 0.397624203301193, 0.12258947540447786, 0.21078811897368852, 0.02308383722830528, 0.19385826932505312, 0.031168287301846707, 0.07621751920248407, 0.08574215558097728, 0.08449092989050498, 0.07491011603203138, 0.12558220297434222, 0.0024258457264258867, 0.13181790325216539, 0.28240929890504984, 0.19482350057198888, 0.13786464291550907, 0.1256077381925151, 0.09367850138911586, 0.13182811733943456, 0.005985455139728714
0.08069639647001144, 0.012343724464781826, 0.0252083673802909, 0.09695211635888216, 0.10410197744729531, 0.1474914201666939, 0.0693945089066841, 0.13537240562183364, 0.05615705180585063, 0.04661709429645367, 0.274013319169799, 0.19498692596829548, 0.19583980225527048, 0.03237865664324236, 0.26104142833796373, 0.06325073541428337, 0.14152128615786894, 0.017460982186631804, 0.15343601895734596, 0.05103979408400065, 0.25832448112436673, 0.14225159339761398, 0.197989867625429, 0.0386245710083347, 0.12248222748815166, 0.12641465108677888, 0.21033359209021082, 0.09748835594051315, 0.05343499754861906, 0.1039998365746037, 0.01964168981859781, 0.30175988723647656, 0.10301417715312959, 0.04100445334204936, 0.031071253472789672, 0.04193393528354306, 0.1050365664324236, 0.22662506128452362, 0.09678869096257559, 0.18604959960777906, 0.05593234188592908, 0.062413180258212124, 0.16082080405294982, 0.022435242686713517, 0.20811713515280275, 0.21180952770060468, 0.18480858800457592, 0.16910442882823992, 0.08495567086125184, 0.08459817780683118, 0.14808894427193986, 0.09359168164732799, 0.07376103121425069, 0.14037220134008824, 0.1621333142670371, 0.008018058506291878, 0.12517363948357574, 0.014534646184016996, 0.21654886419349567, 0.09665590782807648, 0.1756056953750613, 0.19081957836247754, 0.17984964863539793, 0.3335308056872038, 0.2356032439941167, 0.259795309691126, 0.2662863621506782, 0.028262379473770225, 0.1578178623958163, 0.3305227569864357, 0.1987099607779049, 0.03934466416081059, 0.05590169962412159, 0.28858882170289263, 0.22158440921719236, 0.17758212126164405, 0.03310896388298742, 0.027026474914201667, 0.21874489295636543, 0.15745015525412648, 0.11742625428991665, 0.2543205589148554, 0.331712698153293, 0.15555544206569702, 0.021939859454159178, 0.14709817780683118, 0.09107390913547965, 0.06227529008007844, 0.2270795881680013, 0.054129555482922045, 0.14752206242850138, 0.1474148145121752, 0.20720808138584737, 0.01598504657623795, 0.1350302336983167, 0.14261419349566923, 0.09526168491583592, 0.09785606308220297, 0.012895285177316555, 0.12823275862068967
0.23193638666448765, 0.09407174374897859, 0.16831283706487987, 0.13936611374407584, 0.09663037260990358, 0.1354847605817944, 0.1436560303971237, 0.07621241215884948, 0.15395183036443863, 0.1982503268507926, 0.07191738846216703, 0.1648196192188266, 0.09834123222748815, 0.23337657296943945, 0.027000939696028764, 0.15083653374734435, 0.261976017323092, 0.09115562183363295, 0.01963658277496323, 0.02163343683608433, 0.08361251838535709, 0.1047965353815983, 0.14044880699460696, 0.009402067331263279, 0.07826544369995098, 0.08726405458408236, 0.1761878983494035, 0.1883784115051479, 0.01481042654028436, 0.003018262788037261, 0.0003319578362477529, 0.14447826442229122, 0.026194026801764993, 0.2282542082039549, 0.034559364275208365, 0.10235536852426867, 0.28555523778395164, 0.14886521490439614, 0.2537996404641281, 0.05703035626736395, 0.1647940840006537, 0.2695344419022716, 0.05380270469030887, 0.05068230102958, 0.16790427357411342, 0.0049742605000817125, 0.050503554502369666, 0.08396490439614317, 0.043695865337473445, 0.16422209511358066, 0.11969888870730512, 0.01763972871384213, 0.11212003595358719, 0.17486517404804708, 0.04411464291550907, 0.22763114888053604, 0.001368687694067658, 0.07092662199705835, 0.06113641934956692, 0.12298782480797515, 0.19209123222748814, 0.1064716456937408, 0.08597197254453343, 0.1465108677888544, 0.12909074195129924, 0.18046249387154764, 0.17777618891975813, 0.24309016996241217, 0.02511133355123386, 0.04409421474097075, 0.29899186958653373, 0.07874039875796698, 0.38481063082202976, 0.2305932341885929, 0.23652761889197582, 0.202034646184017, 0.019815329302173557, 0.213316105572806, 0.26709327504494196, 0.0640167919594705, 0.2284635969929727, 0.09216170942964537, 0.18479837391730675, 0.08016526393201504, 0.02954935446968459, 0.012083265239418205, 0.06763257885275371, 0.0049844745873508746, 0.21879596339271123, 0.0703801683281582, 0.18522225853897695, 0.12959123222748814, 0.06503820068638666, 0.024370812224219645, 0.14309425559731984, 0.04214332407256088, 0.0308771858146756, 0.04611149697663017, 0.031719848014381435, 0.057755556463474425
0.06454792449746691, 0.13571457754535055, 0.08876552541264912, 0.2737988233371466, 0.1848341232227488, 0.1248110393855205, 0.24266117829710737, 0.14263462167020755, 0.14649043961431607, 0.08375040856349077, 0.023129800621016505, 0.0145601814021899, 0.18900147082856675, 0.17828178623958163, 0.08106921065533584, 0.07034952606635071, 0.025264544860271285, 0.09149779375714986, 0.25244116685732965, 0.0015882905703546331, 0.14747099199215558, 0.10342274064389606, 0.19756598300375877, 0.07598770223892792, 0.11602181729040693, 0.1718213760418369, 0.11897368851119464, 0.0618616195456774, 0.09703893610067005, 0.06842927765974832, 0.03892077953914038, 0.03717417061611374, 0.02227181729040693, 0.11887665468213761, 0.12453525902925315, 0.12373856022225854, 0.030662689982023206, 0.026066350710900472, 0.041877757803562676, 0.04904294002287955, 0.021623222748815167, 0.018676458571662037, 0.1103581058996568, 0.014473361660402027, 0.010597115541755188, 0.34288180258212125, 0.1773574113417225, 0.020234106880209185, 0.14277761889197582, 0.13845195293348586, 0.18038078117339434, 0.1428337963719562, 0.2605920084981206, 0.1329057035463311, 0.0169298496486354, 0.10955630004902762, 0.15522859127308383, 0.04477855858800458, 0.0982493054420657, 0.015535626736394836, 0.09889279294002289, 0.009693168818434385, 0.07798966334368361, 0.2598157378656643, 0.09754964046412813, 0.016460001634253964, 0.06681545187122079, 0.24716559078280764, 0.12271715149534237, 0.21108432750449418, 0.14177663833959797, 0.034482758620689655, 0.13719562019937898, 0.10885663507109004, 0.08175866154600425, 0.19120771367870568, 0.022470991992155583, 0.14015259846380126, 0.22365786893283215, 0.19380209184507272, 0.0747466906357248, 0.006189736885111947, 0.06289324235986272, 0.062137399901944765, 0.12605205098872366, 0.002339025984638013, 0.015556054910933158, 0.09605327667919594, 0.15620403660728877, 0.16068802091845072, 0.1531398104265403, 0.02685283543062592, 0.11013339597973525, 0.06921065533583919, 0.20915386501062266, 0.07030356267363948, 0.01412097564961595, 0.03328771041019774, 0.0059190635724791635, 0.10401005066187285
0.06667245464945253, 0.14598484229449257, 0.05179563654191861, 0.14703178623958163, 0.14919206569700932, 0.21919941983984312, 0.17306749468867463, 0.18535504167347605, 0.009182464454976303, 0.010515402843601895, 0.0456518630495179, 0.04622385193659095, 0.06481859781009969, 0.07329118319986926, 0.004197989867625429, 0.13987171106389934, 0.162317167837882, 0.07846461840169962, 0.11839659258048701, 0.04303705670861252, 0.00627655662689982, 0.07923578199052132, 0.0939389606144795, 0.11767139238437653, 0.09318822520019611, 0.03373713025004085, 0.2256394018630495, 0.09673762052622978, 0.14417184180421638, 0.035121139075012256, 0.05124918287301847, 0.031714740970746856, 0.17083060957672822, 0.1633028272593561, 0.1904569782644223, 0.1655141771531296, 0.08962350874325871, 0.04715844092171924, 0.05101936590946233, 0.004524840660238601, 0.05260765647981697, 0.12375388135316229, 0.17638707305115214, 0.025504575911096585, 0.2512205834286648, 0.000602631148880536, 0.11512808465435528, 0.09056831181565615, 0.18941003431933323, 0.2761787056708612, 0.24472442392547802, 0.2652445252492237, 0.24819210655335838, 0.2649176744566106, 0.3137512256904723, 0.2054665795064553, 0.095614070926622, 0.04953832325543389, 0.03211819741787874, 0.08267792940022879, 0.04746997058342867, 0.10056790325216539, 0.035575665958489947, 0.12431054910933159, 0.15249121588494852, 0.05854204118319987, 0.07106961921882661, 0.07044145285177317, 0.034590006537015855, 0.08362273247262625, 0.03765933976139892, 0.12120546657950645, 0.11024575093969603, 0.192239336492891, 0.2630229612681811, 0.18257170289262953, 0.014447826442229122, 0.024947908154927277, 0.033313245628370645, 0.24757415427357413, 0.010510295799967316, 0.09690104592253636, 0.08694741787873836, 0.1953801683281582, 0.01041836901454486, 0.07880679032521654, 0.05533481778068312, 0.12769141199542408, 0.03496282072234025, 0.28882374571008335, 0.07397552704690309, 0.07891914528517732, 0.2031275535218173, 0.26728734270305604, 0.09366318025821213, 0.1270734597156398, 0.04435978100996895, 0.00514789998365746, 0.0426693495669227, 0.03752144958326524
0.012461186468377185, 0.1389218009478673, 0.04066228141853244, 0.01317106553358392, 0.1585685978100997, 0.18394549763033174, 0.09059384703382906, 0.1322622160483739, 0.0573367788854388, 0.03370648798823337, 0.0383845399575094, 0.03822622160483739, 0.17945129923190065, 0.19438429481941494, 0.20429195947050172, 0.002768017649942801, 0.1558261153783298, 0.1618932832162118, 0.019784687040366074, 0.17172434221277988, 0.05179563654191861, 0.029401250204281745, 0.028400269651903905, 0.10336656316391567, 0.05236762542899166, 0.10275882497140056, 0.17465067821539468, 0.05330732145775453, 0.004964046412812551, 0.08522123713025004, 0.014315043307730022, 0.01606165223075666, 0.13860516424252328, 0.13582182546167673, 0.0004800621016505965, 0.12513789017813368, 0.12287546984801438, 0.04038650106226507, 0.12071008334695212, 0.10547066514136297, 0.04073378002941657, 0.09622180911913711, 0.12342192351691453, 0.17780172413793102, 0.055738274227815, 0.044002287955548294, 0.04031500245138094, 0.16848136950482104, 0.2231420575257395, 0.3026791550907011, 0.28541224056218334, 0.23632844419022717, 0.08413343683608433, 0.23920370975649616, 0.1987865664324236, 0.19452218499754861, 0.2144345481287792, 0.05229612681810753, 0.037797229939532606, 0.08279539140382415, 0.009146715149534237, 0.0727753717927766, 0.05751041836901454, 0.049594500735414285, 0.0897818270959307, 0.054165304788364114, 0.10386705344010459, 0.04724015361987253, 0.06218847033829057, 0.05879228632129433, 0.039395734597156395, 0.04544247426050008, 0.0005055973198235006, 0.00571478182709593, 0.08319884785095603, 0.04470705997712045, 0.03261868769406766, 0.11968867462003595, 0.14279294002287957, 0.09273369831671842, 0.05703546331099853, 0.0391557035463311, 0.11369811243667266, 0.10304481941493708, 0.05007456283706488, 0.09551703709756496, 0.08237661382578852, 0.1346063490766465, 0.10099689491747017, 0.22014932995587513, 0.048833551233861745, 0.21353570844909298, 0.26087800294165714, 0.1873876450400392, 0.23361660402026474, 0.1799926458571662, 0.01579608596175846, 0.01079629024350384, 0.07138114888053604, 0.0751961104755679
0.1100925396306586, 0.03507517568230103, 0.049972421964373265, 0.07471094133028272, 0.08763176172577218, 0.13023471972544534, 0.07934302990684752, 0.08196294329138748, 0.07839822683445008, 0.0626072479163262, 0.03515178133681974, 0.017619300539303807, 0.08510377512665468, 0.15330834286648146, 0.034554257231573786, 0.17218908318352671, 0.14590823663997385, 0.07206038568393529, 0.04496751920248407, 0.09113008661546004, 0.051182791305768915, 0.004759764667429319, 0.032593152475894754, 0.13360026148063409, 0.08782072234025168, 0.008753472789671516, 0.18938960614479491, 0.11664487661382579, 0.09524636378493218, 0.03563184343847034, 0.025535218172904068, 0.005617747998038896, 0.14930442065697008, 0.1737365174048047, 0.13675130740317046, 0.012062837064879883, 0.21831079424742605, 0.002277741461023043, 0.07784666612191535, 0.0033400065370158523, 0.13150126654682137, 0.09328525902925315, 0.21152864030070273, 0.02766485536852427, 0.032628901781336817, 0.03752655662689982, 0.28513135316228144, 0.1124622078771041, 0.23917817453832327, 0.1489009642098382, 0.12415223075665958, 0.03665835920902108, 0.06280131557444027, 0.08364316064716457, 0.14886521490439614, 0.1468275044941984, 0.19002798659911752, 0.18436938225200197, 0.07471094133028272, 0.09517486517404805, 0.1039998365746037, 0.017083060957672824, 0.07813266056545187, 0.10682403170452688, 0.13199664977937572, 0.08034911750285995, 0.01713923843765321, 0.10747773328975323, 0.011204853734270305, 0.014652108187612355, 0.043328158195783624, 0.0380372609903579, 0.01857431769897042, 0.06584511358065043, 0.04687755352181729, 0.10672189083183527, 0.08940390586697172, 0.002502451380944599, 0.017169880699460696, 0.11979081549272758, 0.10294778558588004, 0.06623835594051315, 0.022184997548619054, 0.03737845236149698, 0.09177357411341723, 0.055074358555319496, 0.09682444026801765, 0.09176336002614806, 0.004744443536525576, 0.09078791469194313, 0.10456161137440759, 0.20867890995260663, 0.2808210083346952, 0.161683894427194, 0.0422965353815983, 0.01757333714659258, 0.07366399738519366, 0.048236027128615785, 0.13696580323582286, 0.18947131884294818
0.018717314920738682, 0.05279151005066187, 0.011215067821539467, 0.04117298578199052, 0.07249448439287465, 0.019738723647654846, 0.1034687040366073, 0.12446376041836901, 0.1475986680830201, 0.1006445089066841, 0.04686733943454813, 0.007614602059159994, 0.08153905866971728, 0.17877716947213598, 0.12310528681157051, 0.04886930053930381, 0.044870485373427034, 0.11906561529661709, 0.0508150841640791, 0.09076237947377022, 0.057076319660075175, 0.06756618728550416, 0.026076564798169635, 0.1648247262624612, 0.08832121261644059, 0.00021449583265239418, 0.09862722667102468, 0.137987211962739, 0.08476671024677235, 0.03728652557607452, 0.01086268181075339, 0.008559405131557445, 0.13819149370812225, 0.18001307403170452, 0.0680360352998856, 0.05133600261480634, 0.10159441902271613, 0.12789058669717274, 0.06674906030397124, 0.04511051642425233, 0.08629371629351201, 0.09836676744566106, 0.0570150351364602, 0.01579608596175846, 0.005719888870730511, 0.18127451380944598, 0.19119239254780193, 0.21380127471809118, 0.18409870893936917, 0.15215415100506618, 0.19358248896878574, 0.15561672658931197, 0.2148124693577382, 0.14348239091354797, 0.06854673966334368, 0.05714781827095931, 0.0989438633763687, 0.1767445661055728, 0.02515218990031051, 0.0667592743912404, 0.023063409053766956, 0.011066963556136624, 0.06638135316228141, 0.06795942964536689, 0.14680707631966008, 0.024564879882333714, 0.06018140218990031, 0.016357860761562346, 0.006194843928746527, 0.09016996241215885, 1.532113090374244e-5, 0.026944762216048374, 0.012185406112109822, 0.007645244320967478, 0.015356880209184508, 0.054696437326360516, 0.03358391894100343, 0.05626429972217683, 0.17941044288282398, 0.0015780764830854715, 0.23132864847197254, 0.09732493054420657, 0.17508477692433405, 0.11618524268671351, 0.0205762788037261, 0.017205630004902762, 0.09384192678542246, 0.01669492564144468, 0.03245526229776107, 0.10147695701912077, 0.08715680666775617, 0.16421188102631148, 0.15844602876286976, 0.16193924660892303, 0.1274513809445988, 0.22361701258375552, 0.07879657623794738, 0.1421954159176336, 0.21387277332897534, 0.07452708775943781
0.11501062265075992, 0.10132374571008335, 0.0680871057362314, 0.05399166530478836, 0.00727753717927766, 0.03000388135316228, 0.055559527700604676, 0.06628431933322439, 0.1506833224383069, 0.02072438306912894, 0.07798455630004902, 0.015285381598300375, 0.10222769243340415, 0.11613927929400229, 0.14896224873345318, 0.12404498284033338, 0.028660728877267526, 0.14791530478836412, 0.013579629024350384, 0.009902557607452197, 0.07979755679032521, 0.012767609086452034, 0.020877594378166366, 0.0016291469194312795, 0.014504003922209512, 0.04941575420820395, 0.16760295799967315, 0.2925672086942311, 0.22749325870240236, 0.04089720542572316, 0.021909217192351692, 0.059650269651903905, 0.12440247589475405, 0.14976916162771695, 0.15376286974995915, 0.03899738519365909, 0.03178113253799641, 0.007267323092008498, 0.04954343029906848, 0.05865950318679523, 0.016730674946886747, 0.011409135479653538, 0.010617543716293512, 0.06521184016996241, 0.04591232227488152, 0.26473382088576564, 0.12144039058669717, 0.12962698153293023, 0.10946437326360517, 0.1520417960451054, 0.14227202157215232, 0.05509478672985782, 0.2094551805850629, 0.23397409707468542, 0.14396245301519855, 0.17654028436018956, 0.016648962248733454, 0.06501266546821376, 0.1008334695211636, 0.03442658114070927, 0.045059445987906524, 0.04229142833796372, 0.0331396061447949, 0.0630873100179768, 0.10708959797352509, 0.04352733289753228, 0.11328954894590619, 0.02998345317862396, 0.06491563163915673, 0.041688797189083186, 0.02410524595522144, 0.018656030397123713, 0.011664487661382578, 0.027613784932178462, 0.027307362314103613, 0.021735577708775943, 0.015234311161954568, 0.11989295636541919, 0.009008824971400556, 0.043128983494034975, 0.01838025004085635, 0.12576605654518713, 0.11303930380781173, 0.08081896551724138, 0.004734229449256415, 0.03314471318842948, 0.06664691943127962, 0.003646429155090701, 0.07377124530151985, 0.17779151005066188, 0.09016485536852427, 0.12536770714168982, 0.018844991011603203, 0.1128605572806014, 0.1089230266383396, 0.06890423271776434, 0.1692933894427194, 0.018370035953587188, 0.02190411014871711, 0.12775269651903906
0.050728264422291225, 0.09251409544043145, 0.04682648308547148, 0.03821090047393365, 0.05565656152966171, 0.08186590946233045, 0.18758681974178787, 0.28336431606471646, 0.2758263196600752, 0.20700379964046411, 0.04588168001307403, 0.0637256904722994, 0.05090701094950155, 0.1745587514299722, 0.0810538895244321, 0.05493646837718581, 0.005822029743422128, 0.038757354142833794, 0.0020683526720052295, 0.01122528190880863, 0.02979959960777905, 0.03283318352672005, 0.08151863049517895, 0.03237865664324236, 0.06235189573459716, 0.17625939696028764, 0.3109832080405295, 0.015295595685569537, 0.15029518712207876, 0.09576728223565942, 0.12803869096257559, 0.014958530805687204, 0.12634315247589475, 0.10126756823010295, 0.10395387318189246, 0.09448030723974506, 0.0003268507926131721, 0.009243748978591274, 0.0032276515770550745, 0.03382394999182873, 0.008186590946233044, 0.005393038078117339, 0.04529947703873182, 0.07844929727079589, 0.22036382578852753, 0.07267323092008499, 0.0022930625919267856, 0.09818802091845073, 0.054441085144631474, 0.08875531132537996, 0.14777741461023042, 0.12585798333060957, 0.03216416081058997, 0.15740929890504984, 0.0051683281581957835, 0.0609832080405295, 0.19492053440104593, 0.15149534237620527, 0.12903456447131884, 0.03805258212126164, 0.03333367380290897, 0.04125469848014381, 0.04190329302173558, 0.08164630658604347, 0.09361210982186632, 0.048644590619382255, 0.09123222748815166, 0.022021572152312468, 0.03238376368687694, 0.031091681647327996, 0.00232370485373427, 0.0017517159666612192, 0.02792020755025331, 0.03211309037424416, 0.002333918941003432, 0.03269529334858637, 0.04279702565778722, 0.05811304951789508, 0.11157868932832161, 0.07074787546984801, 0.05985965844092172, 0.04829220460859618, 0.011761521490439615, 0.01380433894427194, 0.04531479816963556, 0.0013840088249714006, 0.08710062918777578, 0.08439389606144795, 0.10122671188102632, 0.11032235659421474, 0.05691289426376859, 0.06407296943945089, 0.15231757640137278, 0.003294043144304625, 0.08691677561693087, 0.00916203628043798, 0.15360455139728713, 0.0804410442882824, 0.039957509396960286, 0.025382006863866644
0.03995240235332571, 0.0429349158359209, 0.04481941493708122, 0.008687081222421964, 0.0109137522470992, 0.09573663997385194, 0.04712269161627717, 0.13520387318189248, 0.045284155907828076, 0.08736619545677399, 0.16360414283379637, 0.08148798823337147, 0.07176928419676418, 0.13606185651250205, 0.1281101895734597, 0.034482758620689655, 6.128452361496976e-5, 0.013513237457100834, 0.008375551560712534, 0.008932219316881844, 0.03843561039385521, 0.014504003922209512, 0.057495097238110804, 0.0007813776760908645, 0.15636746200359536, 0.11273798823337147, 0.11309037424415755, 0.15047904069292367, 0.0017363948357574767, 0.07871997058342867, 0.05085594051315574, 0.055299068475241055, 0.045018589638829876, 0.13115398757966987, 0.1253728141853244, 0.12805401209347933, 0.053077504494198395, 0.006516587677725118, 0.05487007680993626, 0.0106737211962739, 0.033420493544696846, 0.1059405131557444, 0.0003319578362477529, 0.08687591926785422, 0.016751103121425068, 0.057071212616440596, 0.09322397450563817, 0.15658706487988233, 0.015550947867298577, 0.057198888707305114, 0.03870117666285341, 0.12269672332080406, 0.18282705507435856, 0.054921147246282075, 0.17375183853570844, 0.017721441411995425, 0.019999182873018467, 0.14250183853570844, 0.16573888707305115, 0.08775943781663671, 0.06488498937734924, 0.07097258538976957, 0.012782930217355777, 0.14032623794737703, 0.014989173067494688, 0.08841313940186304, 0.03332856675927439, 0.09408195783624776, 0.05838372283052786, 0.028778190880862885, 0.02083163098545514, 0.033354101977447294, 0.03944680503350221, 0.009238641934956692, 0.013421310671678378, 0.034676826278803724, 0.006756618728550417, 0.0008069128942637686, 0.02980981369504821, 0.048619055401209345, 0.04091763360026148, 0.013942229122405623, 0.05085594051315574, 0.03328771041019774, 0.009172250367707142, 0.019943005393038078, 0.03986047556790325, 0.055641240398757966, 0.07865357901617911, 0.10011848341232228, 0.010816718418042165, 0.020234106880209185, 0.02497344337310018, 0.038113866644876614, 0.07382742278150024, 0.09304522797842785, 0.05623365746036934, 0.11633334695211636, 0.04284809609413303, 0.03208244811243667
0.033313245628370645, 0.008191697989867625, 0.04490112763523452, 0.017343520183036445, 0.04877226671024677, 0.033527741461023046, 0.12503574930544206, 0.188889115868606, 0.062030151985618565, 0.24274289099526067, 0.07934813695048211, 0.045886787056708615, 0.19839332407256088, 0.15668920575257395, 0.15291510050661872, 0.04901229776107207, 0.01311999509723811, 0.12932055891485536, 0.035167102467723484, 0.009989377349240072, 0.030315411014871712, 0.024626164405948683, 0.046423026638339596, 0.03275147082856676, 0.021194231083510377, 0.05591191371139075, 0.08827014218009478, 0.01367666285340742, 0.010888217028926296, 0.05305707631966008, 0.021939859454159178, 0.013094459879065207, 0.1503156152966171, 0.16097401536198724, 0.12945844909298906, 0.14265504984474586, 0.06898594541591764, 0.0426693495669227, 0.040069864356921066, 0.0061029171433240725, 0.08097728386991339, 0.01587779865991175, 0.10028701585226345, 0.16516179114234353, 0.015270060467396634, 0.009519529334858638, 0.006342948194149371, 0.15129106063082204, 0.06264810426540285, 0.09459266219970583, 0.1143007435855532, 0.034518507926131724, 0.14702157215231246, 0.022542490603039714, 0.1291571335185488, 0.2148073623141036, 0.14095951135806503, 0.09961799313613336, 0.08882170289262951, 0.10408665631639157, 0.11642527373753882, 0.15105613662363132, 0.08425089883967969, 0.01274207386827913, 0.06575829383886256, 0.04013625592417062, 0.04060099689491747, 0.020310712534727896, 0.1293920575257395, 0.022118605981369506, 0.05059037424415754, 0.04009539957509397, 0.04874673149207387, 0.00608759601242033, 0.013824767118810264, 0.022756986435692107, 0.015821621179931362, 0.001149084817780683, 0.018027864030070274, 0.03815472299395326, 0.010270264749142017, 0.003125510704363458, 0.002691411995424089, 0.019886827913057688, 0.0052245056381761724, 0.006812796208530806, 0.010637971890831835, 0.034411260009805524, 0.07118708122242197, 0.03955915999346298, 0.046045105409380616, 0.10781990521327015, 0.12310017976793594, 0.15933465435528682, 0.019350588331426704, 0.18799538323255435, 0.057387849321784604, 0.09746282072234025, 0.004877226671024677, 0.01668471155417552
0.0019815329302173557, 0.031535994443536525, 0.00232370485373427, 0.024569986925968297, 0.13805360352998855, 0.062479571825461676, 0.2387134335675764, 0.14109740153619874, 0.1906152966170943, 0.09448030723974506, 0.07429727079588168, 0.04572846870403661, 0.0018998202320640628, 0.16862436672658931, 0.10478121425069456, 0.13864091354796534, 0.03163813531622814, 0.02734311161954568, 0.027000939696028764, 0.04855777087759438, 0.005316432423598627, 0.013906479816963557, 0.05785259029253146, 0.09498590455956855, 0.036929032521653866, 0.00684343847033829, 0.027251184834123223, 0.10122671188102632, 0.24391240398757966, 0.16368585553194967, 0.18791877757803563, 0.08352569864356921, 0.10963290570354634, 0.0035596094133028273, 0.07334225363621506, 0.02505004902761889, 0.04193904232717764, 0.009642098382088576, 0.07321457754535055, 0.04926764994280111, 0.02542797025657787, 0.07405723974505639, 0.005030437980062101, 0.07224934629841477, 0.01625061284523615, 0.12578137767609088, 0.08984311161954568, 0.10782501225690472, 0.041315983003758786, 0.11575625102140873, 0.019616154600424904, 0.15075992809282562, 0.13441738846216703, 0.13984617584572642, 0.15237886092498773, 0.09328525902925315, 0.1709123222748815, 0.28549395326033666, 0.22236067984964863, 0.1464291550907011, 0.07583959797352509, 0.09994484392874653, 0.10761051642425233, 0.030443087105736233, 0.020218785749305444, 0.0847769243340415, 0.08855102957999673, 0.08284135479653539, 0.014381434874979572, 0.13180258212126164, 0.0665192433404151, 0.07474158359209021, 0.05138196600751757, 0.13011725772184998, 0.06241828730184671, 0.013538772675273737, 0.012471400555646347, 0.006240807321457755, 0.008666653047883641, 0.03694946069619219, 0.012665468213760418, 0.016531500245138095, 0.0045350547475077625, 0.031183608432750448, 0.042260786076156236, 0.024687448929563652, 0.0026811979081549273, 0.008559405131557445, 0.1021613008661546, 0.019943005393038078, 0.011087391730674946, 0.08189655172413793, 0.08034911750285995, 0.005816922699787547, 0.08626818107533911, 0.08715680666775617, 0.16672454649452526, 0.008927112273247263, 0.06402189900310508, 0.03987068965517242
0.03147981696355614, 0.01386051642425233, 0.028706692269978754, 0.03521817290406929, 0.07949113417225037, 0.0835563409053767, 0.04035075175682301, 0.1449634335675764, 0.09338739990194476, 0.21482779048864192, 0.19340884948521, 0.07441983984311162, 0.17580997712044452, 0.05093765321130904, 0.0514534646184017, 0.10220726425886582, 0.14180728060140546, 0.17518691779702567, 0.07487947377022389, 0.0011746200359535872, 0.06170840823663997, 0.0010826932505311325, 0.12863110802418695, 0.05760745219807158, 0.018431320477202157, 0.2558016015688838, 0.1671331099852917, 0.10569537506128453, 0.013201707795391404, 0.11222728386991339, 0.019033951626082693, 0.15245546657950645, 0.10963290570354634, 0.050156275535218175, 0.07588556136623631, 0.0718969602876287, 0.12366195456773983, 0.12824807975159339, 0.01072989867625429, 0.07934302990684752, 0.05466579506455303, 0.04586635888217029, 0.0061488805360353, 0.08737130250040856, 0.16092294492564144, 0.02120955221441412, 0.15336452034646184, 0.0234515443699951, 0.0674231900637359, 0.0829945661055728, 0.0069864356921065535, 0.09340782807648308, 0.24195640627553522, 0.006807689164896225, 0.17673435201830365, 0.06687673639483575, 0.12321253472789671, 0.037133314267037094, 0.1100925396306586, 0.16522818270959308, 0.1454945661055728, 0.18966538650106227, 0.23223259519529335, 0.18850098055237785, 0.13142976793593725, 0.05144325053113254, 0.19495117666285341, 0.13856941493708122, 0.15544308710573623, 0.014779784278476876, 0.06361333551233862, 0.06237743095277006, 0.044150392220951136, 0.08578811897368852, 0.062331467560058834, 0.10896388298741624, 0.1050876368687694, 0.027205221441411995, 0.06901658767772512, 0.037424415754208205, 0.0405141771531296, 0.007073255433894427, 0.021495546657950646, 0.015719480307239745, 0.009238641934956692, 0.01362048537342703, 0.033732023206406274, 0.03985026148063409, 0.07348014381434875, 0.0023900964209838207, 0.1339168981859781, 0.03900759928092826, 0.010270264749142017, 0.0797771286157869, 0.031719848014381435, 0.08340823663997385, 0.05062612354959961, 0.08273410688020919, 0.16888482595195292, 0.14486639973851936
0.16762338617421146, 0.21132946559895407, 0.05007966988069946, 0.028778190880862885, 0.06813817617257723, 0.029161219153456448, 0.012032194803072398, 0.0891996241215885, 0.03301193005393038, 0.09138543879718908, 0.15367605000817128, 0.17962493871547638, 0.037000531132538, 0.01711881026311489, 0.04956896551724138, 0.0071753963065860436, 0.0852314512175192, 0.10155356267363948, 0.035499060303971236, 0.005510500081712698, 0.04644345481287792, 0.05742359862722667, 0.0728009070109495, 0.10735005719888871, 0.022864234352018304, 0.1108126327831345, 0.010689042327177644, 0.18295473116522307, 0.11929543226017324, 0.14541285340741952, 0.20603346134989378, 0.1563010704363458, 0.0035749305442065696, 0.34112497957182547, 0.07473647654845562, 0.18140729694394508, 0.07056912894263768, 0.16832305115214904, 0.20604367543716293, 0.031919022716130084, 0.011945375061284524, 0.07234127308383723, 0.16594316881843438, 0.08451135806504331, 0.20771878574930544, 0.22053746527210327, 0.02509090537669554, 0.1392946151331917, 0.14262951462657297, 0.014090333387808466, 0.11722197254453343, 0.10251368687694068, 0.18008457264258865, 0.04607064062755352, 0.3170503758784115, 0.1072479163261971, 0.11462248733453179, 0.18676969276025496, 0.1605909870893937, 0.18756639156724955, 0.1886950482104919, 0.017925723157378656, 0.041499836574603696, 0.32952177643405783, 0.16381863866644877, 0.22241175028599444, 0.1566483494034973, 0.0808904641281255, 0.041091273083837226, 0.19120260663507108, 0.016592784768753064, 0.0949756904722994, 0.06367972707958817, 0.00445844909298905, 0.0789753227651577, 0.06525269651903906, 0.07234127308383723, 0.165350751756823, 0.05747977610720706, 0.042056504330773, 0.08809139565288446, 0.06538547965353816, 0.022573132864847197, 0.02295616113744076, 0.05297536362150678, 0.0008120199378983493, 0.024421882660565452, 0.016025902925314594, 0.08503738355940513, 0.05060569537506129, 0.031025290080078444, 0.007124325870240236, 0.10935712534727897, 0.1198367788854388, 0.015520305605491093, 0.16747528190880862, 0.14790509070109495, 0.205068230102958, 0.09483780029416572, 0.16501368687694068
0.22887726752737375, 0.038930993626409546, 0.13421821376041837, 0.09258559405131557, 0.05788833959797352, 0.0026352345154437, 0.009361210982186632, 0.018027864030070274, 0.006925151168491584, 0.12820722340251675, 0.27383967968622325, 0.36409646184016997, 0.07898553685242686, 0.016153579016179115, 0.14259887236476548, 0.1007211145612028, 0.2882262216048374, 0.10035851446314757, 0.07449133845399575, 0.2957131475731329, 0.031454281745383235, 0.15717437489785913, 0.021035912730838373, 0.049747712044451706, 0.047515933976139894, 0.009233534891322111, 0.05138196600751757, 0.15080078444190226, 0.017782725935610394, 0.10748794737702239, 0.08056361333551233, 0.05229101977447295, 0.3546739663343684, 0.23248794737702239, 0.14102590292531458, 0.3376572969439451, 0.26844153456447134, 0.3219531377676091, 0.051101078607615626, 0.15855838372283051, 0.036305973198235, 0.0922842784768753, 0.14905928256251022, 0.17101446314757313, 0.0005055973198235006, 0.19834736067984965, 0.1906152966170943, 0.01022940840006537, 0.029661709429645366, 0.05339924824317699, 0.007742278150024514, 0.11396367870567087, 0.14526474914201667, 0.0322356594214741, 0.06711676744566106, 0.041280233698316716, 0.024130781173394344, 0.054129555482922045, 0.0012205834286648145, 0.18429788364111782, 0.16176560712534727, 0.220077831344991, 0.15434507272430137, 0.013880944598790652, 0.02843091191371139, 0.09568046249387155, 0.058245832652394185, 0.1210062918777578, 0.04178072397450564, 0.1620771367870567, 0.08671249387154764, 0.11204853734270305, 0.005428787383559405, 0.14598484229449257, 0.08514463147573133, 0.06359290733780029, 0.08865317045268835, 0.031147859127308383, 0.1265167919594705, 0.08107431769897042, 0.0012512256904722995, 0.005030437980062101, 0.02215946233044615, 0.031760704363458084, 0.029145898022552706, 0.03940594868442556, 0.019508906684098708, 0.08535912730838373, 0.030008988396796863, 0.10617033011930053, 0.04250081712698153, 0.09709511358065043, 0.02923271776434058, 0.042373141036117015, 0.0816922699787547, 0.09579792449746691, 0.1813511194639647, 0.11560814675600588, 0.07724403497303481, 0.1695078852753718
0.024815125020428173, 0.16020285177316554, 0.040636746200359536, 0.1625010214087269, 0.3591273083837228, 0.08644182055891486, 0.05107554338944272, 0.04081038568393528, 0.2514401863049518, 0.16799109331590129, 0.016807280601405458, 0.07047720215721523, 0.011398921392384376, 0.025637359045595685, 0.0739193495669227, 0.33763686876940674, 0.01499938715476385, 0.06688695048210493, 0.14739438633763688, 0.15676070436345807, 0.17862395816309853, 0.16621894917470176, 0.027016260826932505, 0.2899779375714986, 0.14205241869586535, 0.08213658277496323, 0.04984474587350874, 0.2898860107860762, 0.22008293838862558, 0.046004249060303974, 0.1095358718744893, 0.3114224137931034, 0.022164569374080734, 0.36484719725445336, 0.05790366072887727, 0.05123896878574931, 0.12024534237620527, 0.08883702402353326, 0.0145601814021899, 0.018712207877104103, 0.04353243994116686, 0.1030397123713025, 0.16963045432260174, 0.04289916653047884, 0.04935446968458899, 0.1967641771531296, 0.20519590619382252, 0.07834715639810426, 0.06501777251184834, 0.23292204608596176, 0.12549027618891975, 0.18391485536852425, 0.1623733453178624, 0.1229469684588985, 0.1553154110148717, 0.2031735169145285, 0.3200839597973525, 0.00042899166530478835, 0.15394161627716949, 0.013477488151658768, 0.058593111619545675, 0.018799027618891975, 0.16800130740317046, 0.11210471482268344, 0.28656643242359864, 0.10772797842784769, 0.15632149861088412, 0.36125183853570847, 0.05996690635724792, 0.2162169063572479, 0.01694517077953914, 0.08360230429808792, 0.050421841804216376, 0.1226047965353816, 0.20073745710083346, 0.17049865174048048, 0.1281714740970747, 0.0873100179767936, 0.03112232390913548, 0.00948378002941657, 0.0028344092171923518, 0.03094868442555973, 0.0993932832162118, 0.019927684262134336, 0.024815125020428173, 0.008922005229612682, 0.022282031377676093, 0.004152026474914201, 0.013462167020755025, 0.21532828076483085, 0.1539926867135153, 0.04364990194476222, 0.14586738029089721, 0.10412751266546821, 0.1078862967805197, 0.2543920575257395, 0.18077402353325706, 0.20696294329138748, 0.1534002696519039, 0.11237538813531622
