0.006463753886434298, 0.017959417443953525, 0.009613811160202913, 0.002127311405661921, 0.007363770250368188, 0.025895925380461465, 0.0057273768613974796, 0.007650139093438062, 0.008427425953199149, 0.006954671903125511, 0.005850106365570283, 0.009859270168548519, 0.010063819342169858, 0.014277532318769432, 0.02937326133202422, 0.004213712976599574, 0.009491081656030109, 0.023482245131729668, 0.024627720504009163, 0.008713794796269023, 0.005522827687776142, 0.008181966944853543, 0.01607756504663721, 0.006381934216985763, 0.01341842578955981, 0.0016773032236949762, 0.003231876943217149, 0.012600229095074456, 0.005236458844706267, 0.014727540500736377, 0.008631975126820488, 0.0014727540500736377, 0.010186548846342661, 0.005891016200294551, 0.005031909671084929, 0.018491245295369007, 0.022295859924725905, 0.005236458844706267, 0.0004500081819669448, 0.004868270332187858, 0.02491408934707904, 0.008345606283750613, 0.004622811323842252, 0.01575028636884307, 0.0022091310751104565, 0.025200458190148912, 0.009409261986581574, 0.012641138929798724, 0.0061773850433644245, 0.004500081819669448, 0.002290950744558992, 0.0075274095892652595, 0.019636720667648502, 0.013827524136802487, 0.007977417771232204, 0.017591228931435117, 0.024464081165112093, 0.02630502372770414, 0.02773686794305351, 0.014359351988217967, 0.022909507445589918, 0.009163802978235968, 0.014359351988217967, 0.007363770250368188, 0.01914580265095729, 0.008509245622647684, 0.012150220913107511, 0.015177548682703322, 0.011372934053346424, 0.0057273768613974796, 0.012191130747831779, 0.002127311405661921, 0.0037637047946326298, 0.008100147275405008, 0.0029455081001472753, 0.021232204221894944, 0.0020864015709376534, 0.007118311242022582, 0.014113892979872361, 0.013091147111765669, 0.006872852233676976, 0.002168221240386189, 0.012150220913107511, 0.003150057273768614, 0.002577319587628866, 0.035141548028145966, 0.003272786777941417, 0.023727704140075273, 0.008141057110129276, 0.006218294878088692, 0.013745704467353952, 0.017795778105056455, 0.02683685157911962, 0.03039600720013091, 0.009286532482408771, 0.012477499590901654, 0.01607756504663721, 0.0033546064473899523, 0.02147766323024055, 0.0008181966944853543
0.029577810505645556, 0.004868270332187858, 0.016200294550810016, 0.022173130420553102, 0.0273686794305351, 0.005236458844706267, 0.0066273932253313695, 0.003231876943217149, 0.014809360170184912, 0.023645884470626738, 0.020291278023236787, 0.018654884634266077, 0.012682048764522991, 0.03444608083783342, 0.03559155621011291, 0.023195876288659795, 0.04536900670921289, 0.022295859924725905, 0.003231876943217149, 0.020495827196858125, 0.008181966944853543, 0.01575028636884307, 0.0011863852070037636, 0.010309278350515464, 0.0014318442153493699, 0.0029045982654230078, 0.0008181966944853543, 0.011659302896416299, 0.01804123711340206, 0.017959417443953525, 0.010513827524136803, 0.02679594174439535, 0.031009654720994928, 0.03391425298641793, 0.038577974144984456, 0.027777777777777776, 0.009572901325478646, 0.041073474063164785, 0.01648666339387989, 0.002577319587628866, 0.009695630829651448, 0.0026591392570774015, 0.011127475045000819, 0.0013091147111765667, 0.011904761904761904, 0.01845033546064474, 0.017059401080019635, 0.01665030273277696, 0.015668466699394534, 0.001554573719522173, 0.010186548846342661, 0.007200130911471117, 0.011045655375552283, 0.007118311242022582, 0.018982163312060218, 0.019391261659302897, 0.021436753395516282, 0.026591392570774013, 0.03325969563082965, 0.012436589756177384, 0.032523318605792835, 0.012109311078383244, 0.010882016036655211, 0.015995745377188675, 0.015995745377188675, 0.009000163639338896, 0.007486499754540992, 0.018818523973163147, 0.013541155293732614, 0.019473081328751432, 0.002986417934871543, 0.006341024382261496, 0.004950090001636393, 0.014932089674357716, 0.002250040909834724, 0.005972835869743086, 0.019063982981508756, 0.015586647029946, 0.002577319587628866, 0.012150220913107511, 0.006300114547537228, 0.02110947471772214, 0.004254622811323842, 0.015177548682703322, 0.009900180003272786, 0.00040909834724267715, 0.028391425298641793, 0.0020864015709376534, 0.0026182294223531335, 0.019595810832924235, 0.020986745213549336, 8.181966944853542e-5, 0.000286368843069874, 0.0015954835542464408, 0.0019636720667648502, 0.011536573392243496, 0.002700049091801669, 0.015259368352151857, 0.002986417934871543, 0.017632138766159385
0.026509572901325478, 0.008713794796269023, 0.013336606120111274, 0.0442235313369334, 0.02286859761086565, 0.007404680085092456, 0.008959253804614629, 0.010145639011618393, 0.029209621993127148, 0.015463917525773196, 0.011209294714449354, 0.010677466863033874, 0.007200130911471117, 0.022909507445589918, 0.0023727704140075272, 0.0026182294223531335, 0.008795614465717558, 0.005522827687776142, 0.002454590083456063, 0.010595647193585338, 0.006381934216985763, 0.007486499754540992, 0.009695630829651448, 0.005195549009981999, 0.0009409261986581574, 0.010391098019963999, 0.003272786777941417, 0.014400261822942234, 0.023195876288659795, 0.006095565373915889, 0.011536573392243496, 0.008468335787923416, 0.009572901325478646, 0.020332187857961054, 0.025814105711012926, 0.018327605956471937, 0.020291278023236787, 0.019595810832924235, 0.0015136638847979055, 0.006341024382261496, 0.013213876615938472, 0.02074128620520373, 0.018327605956471937, 0.03653248240877107, 0.0003681885125184094, 0.018409425625920472, 0.022909507445589918, 0.012682048764522991, 0.0062592047128129605, 0.022091310751104567, 0.001718213058419244, 0.010104729176894126, 0.024954999181803307, 0.007691048928162331, 0.024954999181803307, 0.022091310751104567, 0.049664539355261, 0.06418753068237604, 0.06983308787432499, 0.06721485845197185, 0.04332351497299951, 0.04262804778268696, 0.027655048273604974, 0.022827687776141383, 0.017059401080019635, 0.030927835051546393, 0.022254950090001637, 0.0017591228931435117, 0.00020454917362133857, 0.014236622484045164, 0.005645557191948944, 0.012927507772868597, 0.01055473735886107, 0.001840942562592047, 0.006668303060055637, 0.025364097529045983, 0.006054655539191622, 0.0036409752904598266, 0.0, 0.007363770250368188, 0.006341024382261496, 0.025527736867943053, 0.010145639011618393, 0.001840942562592047, 0.011127475045000819, 0.004213712976599574, 0.0038455244640811653, 0.009368352151857306, 0.009163802978235968, 0.004581901489117984, 0.006341024382261496, 0.011413843888070692, 0.005768286696121748, 0.004786450662739323, 0.005931926035018818, 0.0009409261986581574, 0.004090983472426772, 0.013663884797905416, 0.005931926035018818, 0.011168384879725086
0.009736540664375716, 0.031091474390443463, 0.06083292423498609, 0.04438717067583047, 0.005645557191948944, 0.0006136475208640157, 0.009245622647684503, 0.013704794632629684, 0.021682212403861888, 0.020945835378825068, 0.0391507118311242, 0.07253313696612666, 0.04831451480936017, 0.014441171657666504, 0.0003681885125184094, 0.0008181966944853543, 0.00822287677957781, 0.022500409098347243, 0.008918343969890361, 0.006831942398952708, 0.02953690067092129, 0.01804123711340206, 0.0075274095892652595, 0.0016363933889707086, 0.00822287677957781, 0.0014727540500736377, 0.007322860415643921, 0.006545573555882834, 0.013459335624284079, 0.008959253804614629, 0.05060546555391916, 0.05036000654557356, 0.04643266241204386, 0.02524136802487318, 0.008672884961544756, 0.007200130911471117, 0.006831942398952708, 0.003681885125184094, 0.007609229258713795, 0.019882179675994108, 0.012027491408934709, 0.021845851742758958, 0.03804614629356897, 0.02847324496809033, 0.007322860415643921, 0.009777450499099984, 0.03542791687121584, 0.025650466372115856, 0.008795614465717558, 0.0023727704140075272, 0.009163802978235968, 0.034077892325315, 0.018532155130093275, 0.006791032564228441, 0.003968253968253968, 0.015095729013254787, 0.04626902307314679, 0.06103747340860743, 0.06545573555882835, 0.08292423498609065, 0.057764686630666015, 0.0718376697758141, 0.07236949762722959, 0.05117820324005891, 0.04855997381770578, 0.02507772868597611, 0.006791032564228441, 0.007731958762886598, 0.008018327605956471, 0.0009818360333824251, 0.008672884961544756, 0.0023318605792832597, 0.0005318278514154802, 0.011291114383897889, 0.0061773850433644245, 0.015300278186876124, 0.011618393061692031, 0.011659302896416299, 0.00016363933889707084, 0.016773032236949762, 0.018000327278677793, 0.028227785959744723, 0.008550155457371953, 0.019432171494027164, 0.0009409261986581574, 0.021682212403861888, 0.0062592047128129605, 0.003559155621011291, 0.015627556864670267, 0.004213712976599574, 0.010677466863033874, 0.0029045982654230078, 0.005236458844706267, 0.010104729176894126, 0.017959417443953525, 0.013950253640975291, 0.0006136475208640157, 0.005441008018327606, 0.009000163639338896, 0.010227458681066929
0.03420062182948781, 0.017509409261986582, 0.007118311242022582, 0.02630502372770414, 0.014482081492390771, 0.005645557191948944, 0.011700212731140566, 0.009736540664375716, 0.019882179675994108, 0.03182785141548028, 0.03718703976435935, 0.10432007854688267, 0.06381934216985763, 0.023727704140075273, 0.01734576992308951, 0.0013909343806251023, 0.004254622811323842, 0.024545900834560628, 0.021723122238586155, 0.0220504009163803, 0.01521845851742759, 0.013582065128456881, 0.009409261986581574, 0.005072819505809197, 0.0006954671903125512, 0.004950090001636393, 0.007895598101783668, 0.0022091310751104565, 0.0012272950417280314, 0.013991163475699559, 0.06214203894616266, 0.09077892325315005, 0.08104238258877434, 0.004418262150220913, 0.018532155130093275, 0.0299050891834397, 0.023809523809523808, 0.02810505645557192, 0.030191458026509573, 0.04086892488954345, 0.04209621993127148, 0.03199149075437735, 0.002700049091801669, 0.0018000327278677793, 0.007936507936507936, 0.028718703976435934, 0.0323187694321715, 0.006381934216985763, 0.017754868270332187, 0.02843233513336606, 0.026591392570774013, 0.023564064801178203, 0.021191294387170677, 0.014768450335460644, 0.007936507936507936, 0.02491408934707904, 0.0470054000981836, 0.06328751431844215, 0.07138766159384716, 0.09155621011291114, 0.06815578465063, 0.0638602520045819, 0.07826051382752414, 0.06844215349369989, 0.051587301587301584, 0.03325969563082965, 0.016732122402225495, 0.01055473735886107, 0.01468663066601211, 0.02041400752740959, 0.0091228931435117, 0.0057273768613974796, 8.181966944853542e-5, 0.018163966617574866, 0.008304696449026346, 0.02147766323024055, 0.013541155293732614, 0.026427753231876943, 0.005604647357224677, 0.022664048437244313, 0.008877434135166094, 0.004090983472426772, 0.03350515463917526, 0.008263786614302078, 0.005400098183603338, 0.024750450008181966, 0.011045655375552283, 0.0047455408280150544, 0.0022091310751104565, 0.0012272950417280314, 0.009531991490754378, 0.004581901489117984, 0.007772868597610866, 0.005768286696121748, 0.005031909671084929, 0.017632138766159385, 0.013541155293732614, 0.011413843888070692, 0.0181230567828506, 0.0169775814105711
0.032850597283586976, 0.030314187530682376, 0.021845851742758958, 0.036287023400425465, 0.0005318278514154802, 0.004418262150220913, 0.009941089837997054, 0.006300114547537228, 0.010677466863033874, 0.023318605792832597, 0.05166912125675012, 0.06529209621993128, 0.10014727540500737, 0.10624284077892325, 0.07236949762722959, 0.02630502372770414, 0.0003272786777941417, 0.0024954999181803304, 0.004909180166912126, 0.022173130420553102, 0.018695794468990345, 0.015545737195221732, 0.007404680085092456, 0.002250040909834724, 0.0015954835542464408, 0.009409261986581574, 0.0011045655375552283, 0.0012682048764522992, 0.001022745868106693, 0.0066273932253313695, 0.03702340042546228, 0.045859924725904104, 0.04127802323678612, 0.03771886761577483, 0.013950253640975291, 0.042709867452135494, 0.03215513009327442, 0.047823596792668954, 0.05531009654720995, 0.046637211585665195, 0.05085092456226477, 0.014768450335460644, 0.042382588774341354, 0.015668466699394534, 0.010636557028309606, 0.005031909671084929, 0.013582065128456881, 0.002454590083456063, 0.028186876125020455, 0.047619047619047616, 0.043364424807723775, 0.022091310751104567, 0.028064146620847653, 0.022418589428898707, 0.004090983472426772, 0.019432171494027164, 0.03276877761413844, 0.06300114547537228, 0.06786941580756013, 0.07613320242186221, 0.07556046473572246, 0.07621502209131076, 0.0624693176239568, 0.0741286205203731, 0.07253313696612666, 0.03223694976272296, 0.007609229258713795, 0.00016363933889707084, 0.011659302896416299, 0.004254622811323842, 0.0026182294223531335, 0.004500081819669448, 0.025814105711012926, 0.011168384879725086, 0.01615938471608575, 0.0061773850433644245, 0.015177548682703322, 0.016200294550810016, 0.005931926035018818, 0.008304696449026346, 0.009163802978235968, 0.009531991490754378, 0.019063982981508756, 0.004336442480772378, 0.026550482736049746, 0.027286859761086565, 0.023727704140075273, 0.02000490918016691, 0.011741122565864834, 0.013172966781214204, 0.0070774014072983145, 0.010922925871379479, 0.008509245622647684, 0.010759286532482409, 0.009818360333824251, 0.026509572901325478, 0.023727704140075273, 0.016527573228604157, 0.024586810669284895, 0.04299623629520537
0.028391425298641793, 0.027982326951399118, 0.019554900998199967, 0.008550155457371953, 0.013500245459008346, 0.008263786614302078, 0.003150057273768614, 0.0008181966944853543, 0.005359188348879071, 0.014154802814596629, 0.028677794141711666, 0.06901489117983964, 0.08128784159711995, 0.09180166912125676, 0.06770577646866306, 0.033218785796105384, 0.004540991654393717, 0.0002454590083456063, 0.013459335624284079, 0.03493699885452463, 0.024382261495663558, 0.011004745540828016, 0.008468335787923416, 0.0009818360333824251, 0.002127311405661921, 0.0025364097529045984, 0.021354933726067747, 0.004868270332187858, 4.090983472426771e-5, 0.0014318442153493699, 0.015341188021600392, 0.021845851742758958, 0.04725085910652921, 0.015668466699394534, 0.01718213058419244, 0.03984617902143675, 0.03702340042546228, 0.05567828505972836, 0.053837342497136315, 0.045000818196694485, 0.011086565210276551, 0.030477826869579446, 0.03951890034364261, 0.048109965635738834, 0.02577319587628866, 0.03612338406152839, 0.018163966617574866, 0.007854688267059401, 0.0169775814105711, 0.0456144657175585, 0.0325642284405171, 0.022991327115038457, 0.019023073146784485, 0.015095729013254787, 0.027000490918016692, 0.01628211422025855, 0.03195058091965308, 0.04725085910652921, 0.06758304696449026, 0.07948780886925216, 0.07028309605629193, 0.0702012763868434, 0.059114711176566845, 0.04160530191458026, 0.05567828505972836, 0.02687776141384389, 0.015259368352151857, 0.007691048928162331, 0.006300114547537228, 0.011741122565864834, 0.009368352151857306, 0.02487317951235477, 0.0062592047128129605, 0.005072819505809197, 0.022991327115038457, 0.014563901161839306, 0.008959253804614629, 0.003681885125184094, 0.00859106529209622, 0.027286859761086565, 0.026345933562428408, 0.007895598101783668, 0.004172803141875307, 0.02000490918016691, 0.030191458026509573, 0.02115038455244641, 0.014809360170184912, 0.013009327442317134, 0.0027409589265259366, 0.010677466863033874, 0.006300114547537228, 0.00805923744068074, 0.02004581901489118, 0.006586483390607102, 0.00859106529209622, 0.006422844051710031, 0.016691212567501227, 0.02360497463590247, 0.026714122074946816, 0.028227785959744723
0.03493699885452463, 0.021518573064964817, 0.024586810669284895, 0.006136475208640157, 0.016036655211912942, 0.005359188348879071, 0.0003681885125184094, 4.090983472426771e-5, 0.011577483226967764, 0.0015954835542464408, 0.013868433971526754, 0.038414334806087386, 0.06177385043364425, 0.05592374406807397, 0.0557601047291769, 0.0380052364588447, 0.011372934053346424, 0.027614138438880706, 0.0377597774504991, 0.03178694158075601, 0.018736704303714612, 0.016732122402225495, 0.015177548682703322, 0.004090983472426772, 0.006381934216985763, 0.02200949108165603, 0.02847324496809033, 0.010472917689412534, 0.015341188021600392, 0.006831942398952708, 0.0011045655375552283, 0.008468335787923416, 0.005318278514154803, 0.011127475045000819, 0.01575028636884307, 0.04009163802978236, 0.05817378497790869, 0.05608738340697104, 0.07609229258713794, 0.027409589265259368, 0.012272950417280314, 0.027164130256913763, 0.05891016200294551, 0.047905416462117496, 0.0547373588610702, 0.026509572901325478, 0.0013909343806251023, 0.0, 0.007895598101783668, 0.011536573392243496, 0.03424153166421208, 0.004172803141875307, 0.015177548682703322, 0.026264113892979873, 0.014359351988217967, 0.02577319587628866, 0.012150220913107511, 0.05363279332351497, 0.06361479299623629, 0.05948289968908525, 0.04937817051219113, 0.06111929307805596, 0.04753722794959908, 0.02880052364588447, 0.0338324333169694, 0.03538700703649157, 0.01984126984126984, 0.010922925871379479, 0.006668303060055637, 0.012641138929798724, 0.014441171657666504, 0.006463753886434298, 0.016854851906398297, 0.014113892979872361, 0.007036491572574047, 0.007568319423989527, 0.019882179675994108, 0.029945999018163968, 0.005400098183603338, 0.010513827524136803, 0.010841106201930944, 0.013213876615938472, 0.015259368352151857, 0.0004909180166912126, 0.039437080674194075, 0.014482081492390771, 0.02041400752740959, 0.01632302405498282, 0.006300114547537228, 0.009859270168548519, 0.014809360170184912, 0.013704794632629684, 0.023973163148420882, 0.013254786450662739, 0.0004909180166912126, 0.0007363770250368188, 0.008181966944853543, 0.014727540500736377, 0.01628211422025855, 0.013909343806251022
0.02110947471772214, 0.01665030273277696, 0.011332024218622156, 0.007731958762886598, 0.0035182457862870235, 0.0004500081819669448, 0.0009000163639338897, 0.0024136802487317952, 0.00020454917362133857, 0.0004909180166912126, 0.0033546064473899523, 0.012068401243658976, 0.0209049255441008, 0.024423171330387825, 0.011045655375552283, 0.010718376697758141, 0.0323187694321715, 0.04148257241040746, 0.04868270332187858, 0.032359679266895765, 0.018327605956471937, 0.017591228931435117, 0.0007363770250368188, 0.00822287677957781, 0.015463917525773196, 0.023932253313696614, 0.03706431026018655, 0.02237767959417444, 0.021068564882997874, 0.020495827196858125, 0.010227458681066929, 0.0143184421534937, 0.02573228604156439, 0.03240058910162003, 0.05494190803469154, 0.05240549828178694, 0.06459662902961873, 0.04872361315660285, 0.034814269350351826, 0.0003681885125184094, 0.02074128620520373, 0.02041400752740959, 0.039437080674194075, 0.05052364588447063, 0.03297332678775978, 0.02200949108165603, 0.011127475045000819, 0.01787759777450499, 0.01771395843560792, 0.005522827687776142, 0.0017591228931435117, 0.01521845851742759, 0.029414171166748486, 0.02679594174439535, 0.030641466208476516, 0.008672884961544756, 0.020495827196858125, 0.03248240877106857, 0.06414662084765177, 0.056987399770904924, 0.05784650630011455, 0.041932580592374404, 0.042546228113238424, 0.021273114056619212, 0.028145966290296188, 0.029945999018163968, 0.021723122238586155, 0.008263786614302078, 0.009941089837997054, 0.001718213058419244, 0.006463753886434298, 0.008877434135166094, 0.0023727704140075272, 8.181966944853542e-5, 0.0011045655375552283, 0.0035182457862870235, 0.002168221240386189, 0.038414334806087386, 0.0048273604974635904, 0.029414171166748486, 0.005931926035018818, 0.012109311078383244, 0.015791196203567337, 0.025527736867943053, 0.020782196039927998, 0.016936671575846832, 0.014113892979872361, 0.0006954671903125512, 0.01877761413843888, 0.047128129602356406, 0.04025527736867943, 0.028514154802814596, 0.04275077728685976, 0.0016363933889707086, 0.005277368679430535, 0.012436589756177384, 0.001840942562592047, 0.016241204385534284, 0.01984126984126984, 0.026509572901325478
0.03563246604483718, 0.02884143348060874, 0.02311405661921126, 0.007363770250368188, 0.0169775814105711, 0.005441008018327606, 0.010391098019963999, 0.0007363770250368188, 0.0009000163639338897, 0.005031909671084929, 0.004622811323842252, 0.006872852233676976, 0.003968253968253968, 0.0013909343806251023, 0.0018818523973163149, 0.022254950090001637, 0.04463262968417608, 0.041932580592374404, 0.0558828342333497, 0.022827687776141383, 0.014768450335460644, 0.011086565210276551, 0.0070774014072983145, 0.0006136475208640157, 0.020986745213549336, 0.030886925216822125, 0.030314187530682376, 0.03739158893798069, 0.016568483063328424, 0.012845688103420062, 0.028677794141711666, 0.045982654230076914, 0.05923744068073965, 0.06598756341024382, 0.052896416298478154, 0.054860088365243004, 0.06099656357388316, 0.03456881034200622, 0.013050237277041401, 0.016527573228604157, 0.01771395843560792, 0.022459499263622975, 0.03951890034364261, 0.047455408280150546, 0.043037146129929635, 0.05015545737195222, 0.013459335624284079, 0.011945671739486172, 0.010063819342169858, 0.0014727540500736377, 0.027614138438880706, 0.0024954999181803304, 0.024545900834560628, 0.01738667975781378, 0.007404680085092456, 0.0018818523973163149, 0.029741449844542626, 0.0557601047291769, 0.04716903943708067, 0.04704630993290787, 0.06496481754213713, 0.04888725249549992, 0.03996890852560955, 0.023727704140075273, 0.034036982490590735, 0.034077892325315, 0.03358697430862379, 0.022582228767795778, 0.022091310751104567, 0.0018000327278677793, 0.004704630993290787, 0.0019227622320405827, 0.004909180166912126, 0.0074455899198167235, 0.001145475372279496, 0.0009000163639338897, 0.009981999672721321, 0.01918671248568156, 0.020373097692685322, 0.03199149075437735, 0.016404843724431354, 0.008754704630993291, 0.009859270168548519, 0.03150057273768614, 0.011004745540828016, 0.019923089510718375, 0.002045491736213386, 0.0010636557028309605, 0.04033709703812797, 0.04176894125347733, 0.059891998036327936, 0.06950580919653085, 0.05441008018327606, 0.011577483226967764, 0.012354770086728849, 0.007568319423989527, 0.004663721158566519, 0.004500081819669448, 0.024218622156766487, 0.018859433807887415
0.03170512191130748, 0.036287023400425465, 0.02110947471772214, 0.0091228931435117, 0.0002454590083456063, 0.00040909834724267715, 0.0006136475208640157, 0.0005318278514154802, 8.181966944853542e-5, 0.005236458844706267, 0.0026591392570774015, 0.001145475372279496, 0.0033955162821142203, 0.004459171984945181, 0.013254786450662739, 0.016895761741122565, 0.032523318605792835, 0.04340533464244804, 0.057764686630666015, 0.04340533464244804, 0.0339551628211422, 0.011372934053346424, 0.008304696449026346, 0.0209049255441008, 0.012968417607592866, 0.02646866306660121, 0.022909507445589918, 0.020495827196858125, 0.007731958762886598, 0.04144166257568319, 0.03391425298641793, 0.0518327605956472, 0.0614465717558501, 0.07883325151366388, 0.07306496481754214, 0.07081492390770741, 0.03931435117002127, 0.01787759777450499, 0.00822287677957781, 0.0029455081001472753, 0.002700049091801669, 0.013091147111765669, 0.014441171657666504, 0.009818360333824251, 0.045655375552282766, 0.024464081165112093, 0.02295041728031419, 0.0061773850433644245, 0.0009818360333824251, 0.003272786777941417, 0.04356897398134511, 0.025282277859597448, 0.04684176075928653, 0.02577319587628866, 0.029291441662575683, 0.021027655048273607, 0.009409261986581574, 0.03182785141548028, 0.05686467026673212, 0.0509327442317133, 0.04839633447880871, 0.0428325969563083, 0.04720994927180494, 0.0560055637375225, 0.038087056128293245, 0.0037227949599083618, 0.026509572901325478, 0.029945999018163968, 0.003027327769595811, 0.012641138929798724, 0.01648666339387989, 0.009613811160202913, 0.010350188185239731, 0.003681885125184094, 0.004622811323842252, 0.018327605956471937, 0.018327605956471937, 0.012477499590901654, 0.023932253313696614, 0.04152348224513173, 0.027491408934707903, 0.006218294878088692, 0.013091147111765669, 0.03919162166584847, 0.0022091310751104565, 0.015177548682703322, 0.01804123711340206, 0.003436426116838488, 0.009245622647684503, 0.030355097365406643, 0.06111929307805596, 0.05526918671248568, 0.05531009654720995, 0.0007772868597610865, 0.01521845851742759, 0.016936671575846832, 0.002045491736213386, 4.090983472426771e-5, 0.0027818687612502046, 0.012109311078383244
0.0352233676975945, 0.03955981017836688, 0.023645884470626738, 0.023645884470626738, 0.0003272786777941417, 0.018695794468990345, 0.019309441989854362, 0.009204712812960236, 0.0019227622320405827, 0.010104729176894126, 0.0029045982654230078, 0.0039273441335297005, 0.0012682048764522992, 0.007404680085092456, 0.015463917525773196, 0.02131402389134348, 0.04635084274259532, 0.06103747340860743, 0.0572737686139748, 0.039600720013091145, 0.036368843069874, 0.022254950090001637, 0.01718213058419244, 0.014972999509081984, 0.02769595810832924, 0.02074128620520373, 0.008672884961544756, 0.007691048928162331, 0.007895598101783668, 0.0027818687612502046, 0.020332187857961054, 0.0470054000981836, 0.05396007200130912, 0.03931435117002127, 0.07903780068728522, 0.054164621174930455, 0.028555064637538864, 0.00715922107674685, 0.004581901489117984, 0.017959417443953525, 0.008877434135166094, 0.002127311405661921, 0.014277532318769432, 0.02843233513336606, 0.0508100147275405, 0.03882343315333006, 0.0299050891834397, 0.005236458844706267, 0.018654884634266077, 0.009654720994927181, 0.01611847488136148, 0.027286859761086565, 0.019309441989854362, 0.020373097692685322, 0.013704794632629684, 0.019759450171821305, 0.004786450662739323, 0.03313696612665685, 0.03984617902143675, 0.06046473572246768, 0.06619211258386516, 0.0586647029945999, 0.03571428571428571, 0.03735067910325642, 0.03816887579774178, 0.0416871215840288, 0.024791359842906233, 0.011045655375552283, 0.015668466699394534, 0.005031909671084929, 0.009859270168548519, 0.0016363933889707086, 0.005522827687776142, 0.0169775814105711, 0.012232040582556046, 0.01468663066601211, 0.005236458844706267, 0.007895598101783668, 0.030314187530682376, 0.0325642284405171, 0.032073310423825885, 0.0057273768613974796, 0.009081983308787433, 0.015545737195221732, 0.02041400752740959, 0.018204876452299134, 0.012927507772868597, 0.006545573555882834, 0.010227458681066929, 0.0003272786777941417, 0.0010636557028309605, 0.06582392407134675, 0.029250531827851416, 0.011454753722794959, 0.004050073637702504, 0.003436426116838488, 0.0195139911634757, 0.0010636557028309605, 0.010063819342169858, 0.018573064964817542
0.020945835378825068, 0.03690067092128948, 0.022909507445589918, 0.023727704140075273, 0.02000490918016691, 0.003968253968253968, 0.023564064801178203, 0.012804778268695794, 0.005195549009981999, 0.0009409261986581574, 0.003681885125184094, 0.002454590083456063, 0.004909180166912126, 0.014727540500736377, 0.014236622484045164, 0.03379152348224513, 0.05166912125675012, 0.055023727704140074, 0.048600883652430045, 0.04013254786450663, 0.0470054000981836, 0.025650466372115856, 0.011782032400589101, 0.0011863852070037636, 0.019391261659302897, 0.03006872852233677, 0.04266895761741123, 0.022173130420553102, 0.001554573719522173, 0.006300114547537228, 0.0013909343806251023, 0.025609556537391588, 0.05706921944035346, 0.05490099819996727, 0.049255441008018326, 0.03452790050728195, 0.04459171984945181, 0.018204876452299134, 0.014359351988217967, 0.028227785959744723, 0.009654720994927181, 0.0022091310751104565, 0.03223694976272296, 0.030027818687612503, 0.04606447389952545, 0.04225985927016855, 0.01611847488136148, 0.023564064801178203, 0.005850106365570283, 0.0038455244640811653, 0.023645884470626738, 0.032073310423825885, 0.03346424480445099, 0.01485027000490918, 0.031091474390443463, 0.008918343969890361, 0.016854851906398297, 0.007568319423989527, 0.045164457535591555, 0.05248731795123548, 0.0647602683685158, 0.05584192439862543, 0.03833251513663885, 0.038414334806087386, 0.0402961872034037, 0.03906889216167567, 0.025855015545737194, 0.018654884634266077, 0.03248240877106857, 0.010513827524136803, 0.008713794796269023, 0.0003681885125184094, 0.0031909671084928816, 0.0016773032236949762, 0.015095729013254787, 0.009327442317133039, 0.021395843560792015, 0.004418262150220913, 0.03739158893798069, 0.029127802323678613, 0.010432007854688266, 0.006136475208640157, 0.012232040582556046, 0.02270495827196858, 0.02916871215840288, 0.02004581901489118, 0.027327769595810833, 0.005277368679430535, 0.012068401243658976, 0.023073146784486992, 0.022623138602520045, 0.03182785141548028, 0.027491408934707903, 0.006463753886434298, 0.007118311242022582, 0.002577319587628866, 0.003150057273768614, 0.009368352151857306, 0.004581901489117984, 0.010227458681066929
0.019718540337097037, 0.03125511372934053, 0.03559155621011291, 0.03710522009491082, 0.03505972835869743, 0.038618883979708724, 0.051096383570610374, 0.002168221240386189, 0.0003681885125184094, 0.0006136475208640157, 0.008550155457371953, 0.0017591228931435117, 0.013091147111765669, 0.007813778432335133, 0.030314187530682376, 0.026100474554082802, 0.049459990181639664, 0.05919653084601538, 0.04487808869252168, 0.04778268695794469, 0.033873343151693665, 0.030027818687612503, 0.03665521191294387, 0.020495827196858125, 0.039764359351988215, 0.05011454753722795, 0.04590083456062838, 0.004868270332187858, 0.0075274095892652595, 0.010800196367206676, 0.0007772868597610865, 0.007650139093438062, 0.021723122238586155, 0.046146293568973984, 0.053550973654066435, 0.06103747340860743, 0.03125511372934053, 0.02041400752740959, 0.030355097365406643, 0.026918671248568157, 0.014522991327115039, 0.0057273768613974796, 0.027000490918016692, 0.05907380134184258, 0.03342333496972672, 0.03415971199476354, 0.02147766323024055, 0.02180494190803469, 0.011495663557519228, 0.02286859761086565, 0.010882016036655211, 0.010718376697758141, 0.0028636884306987398, 0.022254950090001637, 0.0036409752904598266, 0.010677466863033874, 0.010882016036655211, 0.006136475208640157, 0.030191458026509573, 0.049255441008018326, 0.04078710522009491, 0.052364588447062675, 0.04692358042873507, 0.04348715431189658, 0.04103256422844052, 0.006504663721158567, 0.032686957944689905, 0.019023073146784485, 0.03612338406152839, 0.02491408934707904, 0.007404680085092456, 0.01521845851742759, 0.007854688267059401, 0.009245622647684503, 0.009081983308787433, 0.024750450008181966, 0.010432007854688266, 0.022132220585828834, 0.0456144657175585, 0.016527573228604157, 0.004663721158566519, 0.002577319587628866, 0.027450499099983636, 0.020700376370479463, 0.024464081165112093, 0.007118311242022582, 0.036818851251840944, 0.01591392570774014, 0.008754704630993291, 0.01828669612174767, 0.014236622484045164, 0.023809523809523808, 0.0048273604974635904, 0.00715922107674685, 0.024136802487317952, 0.0048273604974635904, 0.0015954835542464408, 0.022909507445589918, 0.000572737686139748, 0.006872852233676976
0.023318605792832597, 0.03640975290459827, 0.033177875961381116, 0.028186876125020455, 0.04164621174930453, 0.060914743904434625, 0.06680576010472918, 0.049419080346915396, 0.021191294387170677, 0.006095565373915889, 0.008509245622647684, 0.003436426116838488, 0.0030682376043200785, 0.020618556701030927, 0.03248240877106857, 0.042178039600720016, 0.04119620356733759, 0.048109965635738834, 0.039600720013091145, 0.031050564555719196, 0.04009163802978236, 0.041728031418753066, 0.03330060546555392, 0.03964162984781541, 0.056823760432007854, 0.06930126002290951, 0.04512354770086729, 0.022254950090001637, 0.0014727540500736377, 0.0004909180166912126, 0.005972835869743086, 0.005318278514154803, 0.0035182457862870235, 0.03060055637375225, 0.05342824414989363, 0.023727704140075273, 0.025936835215185732, 0.029127802323678613, 0.02180494190803469, 0.029209621993127148, 0.006872852233676976, 0.008509245622647684, 0.03853706431026019, 0.04066437571592211, 0.04463262968417608, 0.04753722794959908, 0.012559319260350189, 0.012232040582556046, 0.029250531827851416, 0.006136475208640157, 0.012968417607592866, 0.025609556537391588, 0.018491245295369007, 0.018900343642611683, 0.01288659793814433, 0.025323187694321715, 0.012477499590901654, 0.011413843888070692, 0.010636557028309606, 0.035673375879561445, 0.03784159711994763, 0.04512354770086729, 0.053060055637375224, 0.031091474390443463, 0.021927671412207493, 0.022500409098347243, 0.025364097529045983, 0.021600392734413353, 0.020700376370479463, 0.023154966453935527, 0.007363770250368188, 0.0037637047946326298, 0.010636557028309606, 0.006791032564228441, 0.005931926035018818, 0.0018000327278677793, 0.002168221240386189, 0.013295696285387007, 0.0058091965308460156, 0.03444608083783342, 0.01055473735886107, 0.013868433971526754, 0.022909507445589918, 0.03023236786123384, 0.04606447389952545, 0.017795778105056455, 0.019882179675994108, 0.010309278350515464, 0.008141057110129276, 0.009491081656030109, 0.042178039600720016, 0.021559482899689085, 0.000572737686139748, 0.008754704630993291, 0.0023727704140075272, 0.04933726067746686, 8.181966944853542e-5, 0.024423171330387825, 0.007241040746195386, 0.005522827687776142
0.01738667975781378, 0.027818687612502044, 0.04009163802978236, 0.03898707249222713, 0.07331042382588775, 0.06390116183930616, 0.049664539355261, 0.0614465717558501, 0.011618393061692031, 0.02450499099983636, 0.011332024218622156, 0.00012272950417280314, 0.004009163802978236, 0.006545573555882834, 0.03170512191130748, 0.03248240877106857, 0.03653248240877107, 0.05310096547209949, 0.04741449844542628, 0.027655048273604974, 0.025814105711012926, 0.03055964653902798, 0.02180494190803469, 0.07281950580919654, 0.04577810505645557, 0.07343315333006055, 0.054328260513827525, 0.04050073637702504, 0.018695794468990345, 0.0048273604974635904, 0.008181966944853543, 0.0013500245459008345, 0.002045491736213386, 0.011863852070037637, 0.027082310587465228, 0.04651448208149239, 0.021600392734413353, 0.00805923744068074, 0.017468499427262314, 0.03882343315333006, 0.012559319260350189, 0.026264113892979873, 0.04082801505481918, 0.040378006872852236, 0.040378006872852236, 0.035346097201767304, 0.009981999672721321, 0.0057273768613974796, 0.03411880216003927, 0.022582228767795778, 0.022336769759450172, 0.020168548519063984, 0.026059564719358535, 0.020823105874652265, 0.030886925216822125, 0.012845688103420062, 0.010432007854688266, 0.013582065128456881, 0.014195712649320897, 0.03280968744886271, 0.04000981836033382, 0.05130093274423171, 0.056619211258386516, 0.026386843397152675, 0.034650630011454756, 0.03444608083783342, 0.014522991327115039, 0.017263950253640976, 0.02667321224022255, 0.014645720831287842, 0.0025364097529045984, 0.012272950417280314, 0.004909180166912126, 0.008713794796269023, 0.0033136966126656848, 0.023400425462281133, 0.009941089837997054, 0.024709540173457698, 0.01845033546064474, 0.014522991327115039, 0.004868270332187858, 0.021027655048273607, 0.02008672884961545, 0.029823269513991165, 0.03751431844215349, 0.04479626902307315, 0.038250695467190315, 0.035509736540664374, 0.02704140075274096, 0.022623138602520045, 0.006381934216985763, 0.0004909180166912126, 0.015668466699394534, 0.015054819178530519, 0.033341515300278186, 0.0091228931435117, 0.026100474554082802, 0.0033136966126656848, 0.009450171821305841, 0.0009409261986581574
0.005931926035018818, 0.030764195712649323, 0.04356897398134511, 0.04381443298969072, 0.09711994763541155, 0.09069710358370152, 0.008550155457371953, 0.015995745377188675, 0.03587792505318278, 0.023686794305351005, 0.03931435117002127, 0.016773032236949762, 0.021232204221894944, 0.002454590083456063, 0.004786450662739323, 0.029045982654230078, 0.032850597283586976, 0.03240058910162003, 0.019759450171821305, 0.03865979381443299, 0.030641466208476516, 0.02254131893307151, 0.015013909343806251, 0.07560137457044673, 0.04463262968417608, 0.04684176075928653, 0.02540500736377025, 0.02196858124693176, 0.047946326296841764, 0.013091147111765669, 0.019309441989854362, 0.009041073474063166, 0.0014318442153493699, 0.0025364097529045984, 0.010472917689412534, 0.019309441989854362, 0.021436753395516282, 0.014277532318769432, 0.028718703976435934, 0.0091228931435117, 0.0034773359515627555, 0.029209621993127148, 0.022909507445589918, 0.0390279823269514, 0.029741449844542626, 0.014277532318769432, 0.008713794796269023, 0.015177548682703322, 0.0047455408280150544, 0.009572901325478646, 0.027859597447226315, 0.011904761904761904, 0.024709540173457698, 0.02221404025527737, 0.02773686794305351, 0.004868270332187858, 0.02630502372770414, 0.009041073474063166, 0.0017591228931435117, 0.006300114547537228, 0.042178039600720016, 0.0470054000981836, 0.04279168712158403, 0.04279168712158403, 0.021027655048273607, 0.020618556701030927, 0.01984126984126984, 0.03346424480445099, 0.009981999672721321, 0.009081983308787433, 0.016609392898052692, 0.005400098183603338, 0.005563737522500409, 0.0026591392570774015, 0.006954671903125511, 0.0031909671084928816, 0.004909180166912126, 0.0006136475208640157, 0.05265095729013255, 0.030518736704303714, 0.01628211422025855, 0.012600229095074456, 0.013009327442317134, 0.028964162984781543, 0.05420553100965472, 0.0325642284405171, 0.004418262150220913, 0.01288659793814433, 0.009654720994927181, 0.0038046146293568973, 0.016363933889707086, 0.0013500245459008345, 0.0006954671903125512, 0.0020864015709376534, 0.0016773032236949762, 0.020945835378825068, 0.03853706431026019, 0.008877434135166094, 0.03260513827524137, 0.0006545573555882834
0.012641138929798724, 0.02196858124693176, 0.026223204058255605, 0.047291768941253476, 0.08672884961544755, 0.0481508754704631, 0.06795123547700867, 0.04381443298969072, 0.03726885943380789, 0.021518573064964817, 0.0002454590083456063, 0.0033136966126656848, 0.0035182457862870235, 0.0007363770250368188, 0.011413843888070692, 0.010677466863033874, 0.03055964653902798, 0.024791359842906233, 0.025527736867943053, 0.023236786123384062, 0.016936671575846832, 0.02507772868597611, 0.05351006381934217, 0.03575519554900998, 0.033382425135002454, 0.03477335951562756, 0.06721485845197185, 0.058419243986254296, 0.02810505645557192, 0.0362461135657012, 0.015259368352151857, 0.0026591392570774015, 0.005768286696121748, 0.0007772868597610865, 0.011577483226967764, 0.008713794796269023, 0.0027818687612502046, 0.02327769595810833, 0.019923089510718375, 0.011127475045000819, 0.005400098183603338, 0.023400425462281133, 0.04855997381770578, 0.045819014891179836, 0.02630502372770414, 0.009409261986581574, 0.006341024382261496, 0.01611847488136148, 0.00859106529209622, 0.0009818360333824251, 0.020332187857961054, 0.029577810505645556, 0.014932089674357716, 0.019963999345442643, 0.022786777941417116, 0.026550482736049746, 0.03023236786123384, 0.0062592047128129605, 0.027327769595810833, 0.006136475208640157, 0.02327769595810833, 0.04111438389788905, 0.03039600720013091, 0.022336769759450172, 0.032073310423825885, 0.036777941417116676, 0.0339551628211422, 0.011782032400589101, 0.02196858124693176, 0.013827524136802487, 0.006954671903125511, 0.008550155457371953, 0.03379152348224513, 0.0003272786777941417, 0.004336442480772378, 0.005686467026673212, 0.007200130911471117, 0.002127311405661921, 0.029741449844542626, 0.03591883488790705, 0.007977417771232204, 0.0047455408280150544, 0.009981999672721321, 0.016936671575846832, 0.030355097365406643, 0.02965963017509409, 0.038741613483881526, 0.000572737686139748, 0.009900180003272786, 0.012313860252004582, 0.005072819505809197, 0.022623138602520045, 0.015136638847979054, 0.013500245459008346, 0.007691048928162331, 0.015504827360497464, 0.039437080674194075, 0.031214203894616266, 0.024586810669284895, 0.0027409589265259366
0.005113729340533464, 0.011291114383897889, 0.034650630011454756, 0.08288332515136639, 0.07421044018982163, 0.012804778268695794, 0.08333333333333333, 0.015463917525773196, 0.0019636720667648502, 0.05931926035018818, 0.004050073637702504, 0.004786450662739323, 0.017632138766159385, 0.013950253640975291, 0.008304696449026346, 0.00040909834724267715, 0.011782032400589101, 0.01755031909671085, 0.040705285550646376, 0.024586810669284895, 0.042709867452135494, 0.026345933562428408, 0.04618720340369825, 0.011986581574210441, 0.009572901325478646, 0.012395679921453117, 0.0299050891834397, 0.03882343315333006, 0.015136638847979054, 0.038087056128293245, 0.003272786777941417, 0.00805923744068074, 0.012191130747831779, 0.008550155457371953, 0.0062592047128129605, 0.01055473735886107, 0.006341024382261496, 0.013663884797905416, 0.03280968744886271, 0.016936671575846832, 0.007118311242022582, 0.010309278350515464, 0.053837342497136315, 0.0470054000981836, 0.05052364588447063, 0.04913271150384552, 0.024382261495663558, 0.03366879397807233, 0.011209294714449354, 0.03055964653902798, 0.022786777941417116, 0.0013500245459008345, 0.011822942235313369, 0.02164130256913762, 0.008754704630993291, 0.014972999509081984, 0.017918507609229258, 0.024586810669284895, 0.02687776141384389, 0.0024136802487317952, 0.030764195712649323, 0.030109638357061038, 0.054328260513827525, 0.04148257241040746, 0.03162330224185894, 0.03996890852560955, 0.023809523809523808, 0.017632138766159385, 0.009450171821305841, 0.007363770250368188, 0.005931926035018818, 0.009245622647684503, 0.010759286532482409, 0.009204712812960236, 0.009981999672721321, 0.008509245622647684, 0.004009163802978236, 0.0009000163639338897, 0.030314187530682376, 0.036450662739322535, 0.008468335787923416, 0.0169775814105711, 0.008754704630993291, 0.024995909016527575, 0.03272786777941417, 0.024545900834560628, 0.025200458190148912, 0.01591392570774014, 0.0036409752904598266, 0.0014318442153493699, 0.014604810996563574, 0.006422844051710031, 0.018900343642611683, 0.01984126984126984, 0.023809523809523808, 0.0012682048764522992, 0.008304696449026346, 0.02679594174439535, 0.02487317951235477, 0.006341024382261496
0.006831942398952708, 0.023482245131729668, 0.04520536737031582, 0.06987399770904926, 0.08157421044018982, 0.06377843233513336, 0.03219603992799869, 0.03759613811160203, 0.000859106529209622, 0.04590083456062838, 0.049909998363606614, 0.020454917362133857, 0.018654884634266077, 0.020945835378825068, 0.012150220913107511, 0.0027818687612502046, 0.00012272950417280314, 0.005931926035018818, 0.012763868433971527, 0.015054819178530519, 0.021886761577483226, 0.025364097529045983, 0.030764195712649323, 0.006709212894779905, 0.017795778105056455, 0.05277368679430535, 0.03280968744886271, 0.015627556864670267, 0.04933726067746686, 0.002454590083456063, 0.05592374406807397, 0.012641138929798724, 0.018900343642611683, 0.002250040909834724, 0.004581901489117984, 0.0034773359515627555, 0.01341842578955981, 0.001718213058419244, 0.0028636884306987398, 0.002454590083456063, 0.013541155293732614, 0.045655375552282766, 0.04982817869415808, 0.0535918834887907, 0.029618720340369824, 0.008672884961544756, 0.02491408934707904, 0.025323187694321715, 0.012968417607592866, 0.02687776141384389, 0.013091147111765669, 0.012027491408934709, 0.0, 0.005400098183603338, 0.009654720994927181, 0.01738667975781378, 0.028186876125020455, 0.026509572901325478, 0.02000490918016691, 0.0038046146293568973, 0.013213876615938472, 0.03669612174766814, 0.04819178530518737, 0.047128129602356406, 0.0209049255441008, 0.019554900998199967, 0.015095729013254787, 0.0043773523154966455, 0.011454753722794959, 0.004459171984945181, 0.010841106201930944, 0.013541155293732614, 0.005891016200294551, 0.0018818523973163149, 0.008100147275405008, 0.005522827687776142, 0.007281950580919653, 0.015013909343806251, 0.006709212894779905, 0.024054982817869417, 0.014482081492390771, 0.004459171984945181, 0.011250204549173621, 0.003968253968253968, 0.016241204385534284, 0.024750450008181966, 0.03702340042546228, 0.0006136475208640157, 0.021682212403861888, 0.0020864015709376534, 0.010391098019963999, 0.023523154966453935, 0.004868270332187858, 4.090983472426771e-5, 0.012395679921453117, 0.0030682376043200785, 0.008550155457371953, 0.015423007691048929, 0.004622811323842252, 0.016036655211912942
0.008263786614302078, 0.008427425953199149, 0.04426444117165767, 0.06066928489608902, 0.05232367861233841, 0.06103747340860743, 0.03424153166421208, 0.018573064964817542, 0.023359515627556865, 0.04708721976763214, 0.003027327769595811, 0.017304860088365244, 0.036000654557355585, 0.04291441662575683, 0.009368352151857306, 0.0011863852070037636, 0.011945671739486172, 0.007977417771232204, 0.008304696449026346, 0.004050073637702504, 0.005318278514154803, 0.015177548682703322, 0.03219603992799869, 0.03669612174766814, 0.0416871215840288, 0.01722304041891671, 0.03415971199476354, 0.00429553264604811, 0.06541482572410408, 0.028882343315333008, 0.044305351006381936, 0.012600229095074456, 0.010841106201930944, 0.02417771232204222, 0.009000163639338896, 0.006545573555882834, 0.0031909671084928816, 0.006995581737849779, 0.008754704630993291, 0.012395679921453117, 0.0038046146293568973, 0.04009163802978236, 0.04356897398134511, 0.07584683357879234, 0.02794141711667485, 0.009450171821305841, 0.0022091310751104565, 0.023686794305351005, 0.008836524300441826, 0.009613811160202913, 0.01002290950744559, 0.009777450499099984, 0.009900180003272786, 0.008141057110129276, 0.0048273604974635904, 0.01918671248568156, 0.020864015709376533, 0.012722958599247259, 0.0338324333169694, 0.007281950580919653, 0.014195712649320897, 0.01738667975781378, 0.027859597447226315, 0.03555064637538864, 0.029986908852888235, 0.017959417443953525, 0.03170512191130748, 0.013172966781214204, 0.0015954835542464408, 0.005481917853051873, 0.014236622484045164, 0.0002454590083456063, 0.005195549009981999, 0.006995581737849779, 0.005931926035018818, 0.00040909834724267715, 0.010186548846342661, 0.013295696285387007, 0.018532155130093275, 0.009450171821305841, 0.006136475208640157, 0.008386516118474881, 0.015995745377188675, 0.025609556537391588, 0.029455081001472753, 0.03984617902143675, 0.013500245459008346, 0.005686467026673212, 0.02434135166093929, 0.004418262150220913, 0.016609392898052692, 0.0075274095892652595, 0.001022745868106693, 0.018695794468990345, 0.004172803141875307, 0.02115038455244641, 0.02221404025527737, 0.002168221240386189, 0.03096874488627066, 0.011209294714449354
0.020945835378825068, 0.014032073310423826, 0.01808214694812633, 0.033177875961381116, 0.02687776141384389, 0.06852397316314843, 0.04099165439371625, 0.025650466372115856, 0.08087874324987727, 0.07486499754540991, 0.0767877597774505, 0.009491081656030109, 0.015709376534118802, 0.019473081328751432, 0.03150057273768614, 0.019104892816233024, 0.0024954999181803304, 0.006218294878088692, 0.0009000163639338897, 0.004172803141875307, 0.016241204385534284, 0.020782196039927998, 0.041932580592374404, 0.055351006381934215, 0.04438717067583047, 0.04684176075928653, 0.01644575355915562, 0.06987399770904926, 0.004254622811323842, 0.028309605629193258, 0.07359679266895762, 0.017673048600883652, 0.017795778105056455, 0.026386843397152675, 0.005850106365570283, 0.004540991654393717, 0.0013091147111765667, 0.005604647357224677, 0.010063819342169858, 0.006750122729504173, 0.007936507936507936, 0.03350515463917526, 0.04438717067583047, 0.021927671412207493, 0.030682376043200784, 0.021600392734413353, 0.04213712976599575, 0.013377515954835542, 0.010268368515791196, 0.009818360333824251, 0.014891179839633447, 0.014932089674357716, 0.011741122565864834, 0.012927507772868597, 0.0025364097529045984, 0.020618556701030927, 0.0038455244640811653, 0.026223204058255605, 0.03305514645720831, 0.004009163802978236, 0.008263786614302078, 0.012232040582556046, 0.012518409425625921, 0.017263950253640976, 0.02295041728031419, 0.02164130256913762, 0.03710522009491082, 0.021518573064964817, 0.0004500081819669448, 0.005318278514154803, 0.006709212894779905, 0.004990999836360661, 0.009204712812960236, 0.006913762068401243, 0.006504663721158567, 0.014727540500736377, 0.0016773032236949762, 0.012641138929798724, 0.019636720667648502, 0.009941089837997054, 0.013827524136802487, 0.016895761741122565, 0.003559155621011291, 0.03739158893798069, 0.012436589756177384, 0.03591883488790705, 0.024054982817869417, 0.013295696285387007, 0.0020864015709376534, 0.0012682048764522992, 0.005195549009981999, 0.013663884797905416, 0.005686467026673212, 0.015300278186876124, 0.03260513827524137, 0.029945999018163968, 0.024750450008181966, 0.000286368843069874, 0.009981999672721321, 0.023154966453935527
0.029741449844542626, 0.011822942235313369, 0.01521845851742759, 0.013950253640975291, 0.08333333333333333, 0.04315987563410244, 0.04602356406480118, 0.04078710522009491, 0.04868270332187858, 0.04365079365079365, 0.029945999018163968, 0.0066273932253313695, 0.013950253640975291, 0.020168548519063984, 0.054000981836033385, 0.027777777777777776, 0.025159548355424645, 0.011822942235313369, 0.003109147439044346, 0.04275077728685976, 0.0016363933889707086, 0.013172966781214204, 0.007650139093438062, 0.03415971199476354, 0.008304696449026346, 0.055514645720831285, 0.017754868270332187, 0.0005318278514154802, 0.06521027655048274, 0.008509245622647684, 0.03669612174766814, 0.026959581083292425, 0.005850106365570283, 0.014563901161839306, 0.04213712976599575, 0.023195876288659795, 0.019554900998199967, 0.011945671739486172, 0.004213712976599574, 0.019554900998199967, 0.0029455081001472753, 0.029986908852888235, 0.029209621993127148, 0.054696449026345934, 0.038618883979708724, 0.022336769759450172, 0.04279168712158403, 0.01918671248568156, 0.005154639175257732, 0.022623138602520045, 0.014072983145148094, 0.013541155293732614, 0.009654720994927181, 0.020700376370479463, 0.013541155293732614, 0.011086565210276551, 0.013459335624284079, 0.02311405661921126, 0.03330060546555392, 0.017468499427262314, 0.0037227949599083618, 0.011536573392243496, 0.035509736540664374, 0.026345933562428408, 0.02008672884961545, 0.01718213058419244, 0.021027655048273607, 0.006954671903125511, 0.006463753886434298, 0.0033546064473899523, 0.015013909343806251, 0.002454590083456063, 0.009450171821305841, 0.01894125347733595, 0.01288659793814433, 0.004009163802978236, 0.0062592047128129605, 0.002127311405661921, 0.007404680085092456, 0.01611847488136148, 0.009041073474063166, 0.020864015709376533, 0.03313696612665685, 0.010882016036655211, 0.024218622156766487, 0.003150057273768614, 0.0012272950417280314, 0.007363770250368188, 0.022500409098347243, 0.020127638684339717, 0.013459335624284079, 0.0009409261986581574, 0.02180494190803469, 0.0195139911634757, 0.022786777941417116, 0.03186876125020455, 0.019636720667648502, 0.009450171821305841, 0.014932089674357716, 0.016609392898052692
0.024464081165112093, 0.016773032236949762, 0.014154802814596629, 0.06263295696285387, 0.05404189167075765, 0.041237113402061855, 0.01575028636884307, 0.005686467026673212, 0.04864179348715431, 0.04716903943708067, 0.04602356406480118, 0.06979217803960072, 0.030314187530682376, 0.02200949108165603, 0.020495827196858125, 0.0286368843069874, 0.0401734576992309, 0.0468826705940108, 0.029455081001472753, 0.004704630993290787, 0.042505318278514156, 0.009041073474063166, 0.0639829815087547, 0.05539191621665848, 0.04393716249386352, 0.035509736540664374, 0.012927507772868597, 0.005113729340533464, 0.03571428571428571, 0.07318769432171494, 0.007772868597610866, 0.03428244149893635, 0.02254131893307151, 0.0006954671903125512, 0.027082310587465228, 0.04864179348715431, 0.018163966617574866, 0.008918343969890361, 0.01755031909671085, 0.0248322696776305, 0.020209458353788252, 0.0546146293568974, 0.03309605629193258, 0.017059401080019635, 0.01918671248568156, 0.028023236786123385, 0.016895761741122565, 0.008100147275405008, 0.0030682376043200785, 4.090983472426771e-5, 0.005891016200294551, 0.009163802978235968, 0.014359351988217967, 0.02401407298314515, 0.023482245131729668, 0.01591392570774014, 0.011495663557519228, 0.013950253640975291, 0.02311405661921126, 0.005359188348879071, 0.009204712812960236, 0.015177548682703322, 0.026345933562428408, 0.01591392570774014, 0.030150548191785306, 0.040746195385370644, 0.022418589428898707, 0.022745868106692848, 0.022336769759450172, 0.0003681885125184094, 0.0033546064473899523, 0.002045491736213386, 0.0016773032236949762, 0.01644575355915562, 0.000286368843069874, 0.010104729176894126, 0.007241040746195386, 0.01665030273277696, 0.010309278350515464, 0.012354770086728849, 0.014645720831287842, 0.020373097692685322, 0.023195876288659795, 0.026345933562428408, 0.024954999181803307, 0.004663721158566519, 0.0018818523973163149, 0.008918343969890361, 0.015300278186876124, 0.01804123711340206, 0.03211422025855015, 0.014482081492390771, 0.001718213058419244, 0.014277532318769432, 0.029823269513991165, 0.025323187694321715, 0.003027327769595811, 0.013459335624284079, 0.011209294714449354, 0.001718213058419244
0.06304205531009655, 0.029291441662575683, 0.06402389134347897, 0.06782850597283586, 0.07228767795778106, 0.028514154802814596, 0.0430780559646539, 0.05850106365570283, 0.019923089510718375, 0.002250040909834724, 0.01341842578955981, 0.037146129929635084, 0.002045491736213386, 0.018327605956471937, 0.018368515791196204, 0.016363933889707086, 0.047455408280150546, 0.019800360006545573, 0.04933726067746686, 0.008836524300441826, 0.054982817869415807, 0.0380052364588447, 0.0685648829978727, 0.03612338406152839, 0.007404680085092456, 0.011413843888070692, 0.006095565373915889, 0.026550482736049746, 0.0013091147111765667, 0.03219603992799869, 0.006586483390607102, 0.027818687612502044, 0.011700212731140566, 0.01002290950744559, 0.009409261986581574, 0.0019636720667648502, 0.03657339224349534, 0.018900343642611683, 0.018000327278677793, 0.018409425625920472, 0.031091474390443463, 0.024423171330387825, 0.029945999018163968, 0.012845688103420062, 0.02450499099983636, 0.0011045655375552283, 0.029741449844542626, 0.023523154966453935, 0.010718376697758141, 0.01468663066601211, 0.007609229258713795, 0.006872852233676976, 0.023727704140075273, 0.015668466699394534, 0.019063982981508756, 0.01755031909671085, 0.016936671575846832, 0.013091147111765669, 0.014809360170184912, 0.01644575355915562, 0.012272950417280314, 0.013132056946489936, 0.0033546064473899523, 0.028514154802814596, 0.019595810832924235, 0.010227458681066929, 0.00805923744068074, 0.013950253640975291, 0.006750122729504173, 0.012804778268695794, 0.0006545573555882834, 0.018532155130093275, 0.013336606120111274, 0.02769595810832924, 0.009613811160202913, 0.007322860415643921, 0.004090983472426772, 0.011086565210276551, 0.004418262150220913, 0.019882179675994108, 0.02965963017509409, 0.032686957944689905, 0.02311405661921126, 0.007118311242022582, 0.013132056946489936, 0.032686957944689905, 0.010513827524136803, 0.015995745377188675, 0.010391098019963999, 0.003681885125184094, 0.028718703976435934, 0.0070774014072983145, 0.004500081819669448, 0.019309441989854362, 0.024464081165112093, 0.009777450499099984, 0.02000490918016691, 0.004786450662739323, 0.007404680085092456, 0.020291278023236787
0.027082310587465228, 0.08366061201112747, 0.010063819342169858, 0.06369661266568483, 0.0027818687612502046, 0.028391425298641793, 0.02900507281950581, 0.020454917362133857, 0.03538700703649157, 0.027409589265259368, 0.03542791687121584, 0.008509245622647684, 0.0034773359515627555, 0.01378661430207822, 0.010472917689412534, 0.007568319423989527, 0.009245622647684503, 0.04974635902470954, 0.05641466208476518, 0.04209621993127148, 0.06680576010472918, 0.043037146129929635, 0.04704630993290787, 0.056291932580592376, 0.013172966781214204, 0.012109311078383244, 0.006013745704467354, 0.007241040746195386, 0.0033955162821142203, 0.009000163639338896, 0.0038046146293568973, 0.00715922107674685, 0.03726885943380789, 0.00715922107674685, 0.002454590083456063, 0.029291441662575683, 0.020700376370479463, 0.040541646211749306, 0.0003681885125184094, 0.0038455244640811653, 0.005972835869743086, 0.03424153166421208, 0.03125511372934053, 0.012968417607592866, 0.0015954835542464408, 0.03297332678775978, 0.0058091965308460156, 0.025895925380461465, 0.020864015709376533, 0.0005318278514154802, 0.01607756504663721, 0.009859270168548519, 0.009695630829651448, 0.013132056946489936, 0.005604647357224677, 0.01002290950744559, 0.02254131893307151, 0.01341842578955981, 0.004868270332187858, 0.018368515791196204, 0.023359515627556865, 0.0023727704140075272, 0.0143184421534937, 0.03919162166584847, 0.026345933562428408, 0.017018491245295368, 0.038414334806087386, 0.01828669612174767, 0.0048273604974635904, 0.020700376370479463, 0.010472917689412534, 0.006831942398952708, 0.008345606283750613, 0.0020864015709376534, 0.009981999672721321, 0.009286532482408771, 0.006709212894779905, 0.011332024218622156, 0.03280968744886271, 0.02847324496809033, 0.025650466372115856, 0.026100474554082802, 0.02597774504991, 0.01628211422025855, 0.0012272950417280314, 0.0029455081001472753, 0.013622974963181149, 0.012191130747831779, 0.005277368679430535, 0.0074455899198167235, 0.004786450662739323, 0.0038046146293568973, 0.003109147439044346, 0.018654884634266077, 0.015136638847979054, 0.017427589592538047, 0.011822942235313369, 0.0036409752904598266, 0.015995745377188675, 0.019391261659302897
0.03330060546555392, 0.005931926035018818, 0.015791196203567337, 0.05412371134020619, 0.012927507772868597, 0.01771395843560792, 0.025323187694321715, 0.010268368515791196, 0.005972835869743086, 0.018982163312060218, 0.02933235149729995, 0.002127311405661921, 0.03579610538373425, 0.03608247422680412, 0.025118638520700377, 0.011372934053346424, 0.010104729176894126, 0.032850597283586976, 0.005195549009981999, 0.030886925216822125, 0.014932089674357716, 0.02237767959417444, 0.05899198167239404, 0.002454590083456063, 0.0006954671903125512, 0.011986581574210441, 0.0058091965308460156, 0.006872852233676976, 0.011822942235313369, 0.006054655539191622, 0.0004909180166912126, 0.0006136475208640157, 0.009368352151857306, 0.014277532318769432, 0.0003272786777941417, 0.0004909180166912126, 0.02000490918016691, 0.033546064473899524, 0.003150057273768614, 0.02704140075274096, 0.05923744068073965, 0.06418753068237604, 0.06214203894616266, 0.025895925380461465, 0.0019636720667648502, 0.023073146784486992, 0.03305514645720831, 0.017795778105056455, 0.02577319587628866, 0.010595647193585338, 0.0, 0.004009163802978236, 0.024709540173457698, 0.011454753722794959, 0.011741122565864834, 0.017673048600883652, 0.010595647193585338, 0.01665030273277696, 0.021273114056619212, 0.020986745213549336, 0.013950253640975291, 0.0037637047946326298, 0.008877434135166094, 0.020209458353788252, 0.03342333496972672, 0.04491899852724595, 0.01771395843560792, 0.0004909180166912126, 4.090983472426771e-5, 0.006954671903125511, 0.005768286696121748, 0.0018818523973163149, 0.004009163802978236, 0.006791032564228441, 0.014604810996563574, 0.0043773523154966455, 0.002290950744558992, 0.004500081819669448, 0.0312960235640648, 0.023400425462281133, 0.03931435117002127, 0.02466863033873343, 0.026345933562428408, 0.01644575355915562, 0.015423007691048929, 0.0023318605792832597, 0.009531991490754378, 0.022254950090001637, 0.025691376206840123, 0.030109638357061038, 0.029945999018163968, 0.021886761577483226, 0.00020454917362133857, 0.023645884470626738, 0.01861397479954181, 0.016609392898052692, 0.019227622320405827, 0.014113892979872361, 0.017673048600883652, 0.02004581901489118
0.013295696285387007, 0.001840942562592047, 0.006095565373915889, 0.031582392407134674, 0.01935035182457863, 0.020332187857961054, 0.005441008018327606, 0.003681885125184094, 0.012559319260350189, 0.005604647357224677, 0.014932089674357716, 0.01967763050237277, 0.004909180166912126, 0.042873506791032565, 0.0010636557028309605, 0.0018818523973163149, 0.014522991327115039, 0.04266895761741123, 0.018532155130093275, 0.031746031746031744, 0.040909834724267714, 0.06623302241858943, 0.011454753722794959, 0.012395679921453117, 0.019882179675994108, 0.008631975126820488, 0.0018818523973163149, 0.009000163639338896, 0.01468663066601211, 0.009777450499099984, 0.005072819505809197, 0.0038046146293568973, 0.019636720667648502, 0.01771395843560792, 0.0074455899198167235, 0.020127638684339717, 0.024791359842906233, 0.002127311405661921, 0.030764195712649323, 0.05101456390116184, 0.04148257241040746, 0.046800850924562265, 0.04868270332187858, 0.01615938471608575, 0.04221894943544428, 0.042341678939617086, 0.03399607265586647, 0.013541155293732614, 0.020291278023236787, 0.01718213058419244, 0.004909180166912126, 0.004990999836360661, 0.015463917525773196, 0.011045655375552283, 0.017141220749468174, 0.012395679921453117, 0.014768450335460644, 0.014195712649320897, 0.020332187857961054, 0.024586810669284895, 0.015423007691048929, 0.020495827196858125, 0.0005318278514154802, 0.025895925380461465, 0.02008672884961545, 0.018163966617574866, 0.018327605956471937, 0.016527573228604157, 0.013050237277041401, 0.003559155621011291, 0.012232040582556046, 0.010472917689412534, 0.010309278350515464, 0.00715922107674685, 0.018695794468990345, 0.005768286696121748, 0.011495663557519228, 0.022786777941417116, 0.036287023400425465, 0.03460972017673049, 0.03591883488790705, 0.02237767959417444, 0.019391261659302897, 0.022664048437244313, 0.005195549009981999, 0.00012272950417280314, 0.017059401080019635, 0.012804778268695794, 0.024464081165112093, 0.012191130747831779, 0.025609556537391588, 0.015627556864670267, 0.017100310914743906, 0.010963835706103747, 0.008304696449026346, 0.021886761577483226, 0.014154802814596629, 0.015995745377188675, 0.017018491245295368, 0.009531991490754378
0.007404680085092456, 0.02859597447226313, 0.005072819505809197, 0.01591392570774014, 0.003109147439044346, 0.004336442480772378, 0.015136638847979054, 0.0016773032236949762, 0.016854851906398297, 0.015709376534118802, 0.011168384879725086, 0.006750122729504173, 0.037800687285223365, 0.01611847488136148, 0.028145966290296188, 0.006709212894779905, 0.02254131893307151, 0.0029045982654230078, 0.03755522827687776, 0.06619211258386516, 0.035509736540664374, 0.01002290950744559, 0.039437080674194075, 0.03150057273768614, 0.011945671739486172, 0.0033136966126656848, 0.007281950580919653, 0.012313860252004582, 0.013868433971526754, 0.012109311078383244, 0.019309441989854362, 0.016568483063328424, 0.020373097692685322, 0.01845033546064474, 0.02180494190803469, 0.002290950744558992, 0.025364097529045983, 0.019391261659302897, 0.04348715431189658, 0.0638602520045819, 0.037800687285223365, 0.03342333496972672, 0.0004500081819669448, 0.012272950417280314, 0.01918671248568156, 0.019636720667648502, 0.0429553264604811, 0.033546064473899524, 0.027655048273604974, 0.034323351333660615, 0.017304860088365244, 0.012313860252004582, 0.023400425462281133, 0.016527573228604157, 0.007036491572574047, 0.019923089510718375, 0.02401407298314515, 0.012968417607592866, 0.017468499427262314, 0.012150220913107511, 0.014645720831287842, 0.007118311242022582, 0.009327442317133039, 0.008713794796269023, 0.030477826869579446, 0.0066273932253313695, 0.036982490590738014, 0.012109311078383244, 0.03726885943380789, 0.020168548519063984, 0.006013745704467354, 0.006995581737849779, 0.010963835706103747, 0.020168548519063984, 0.016527573228604157, 0.006095565373915889, 0.008795614465717558, 0.021027655048273607, 0.010841106201930944, 0.027614138438880706, 0.015586647029946, 0.02376861397479954, 0.019595810832924235, 0.001022745868106693, 0.008918343969890361, 0.01738667975781378, 0.03591883488790705, 0.010677466863033874, 0.025855015545737194, 0.0004500081819669448, 0.010636557028309606, 0.0019636720667648502, 0.013950253640975291, 0.004172803141875307, 0.0037227949599083618, 0.01632302405498282, 0.016609392898052692, 0.018900343642611683, 0.019268532155130094, 0.012232040582556046
0.008836524300441826, 0.007036491572574047, 0.0181230567828506, 0.0019636720667648502, 0.010391098019963999, 0.00822287677957781, 0.002290950744558992, 0.015627556864670267, 0.01644575355915562, 0.017263950253640976, 0.007772868597610866, 0.0014318442153493699, 0.026345933562428408, 0.05735558828342333, 0.035346097201767304, 0.04602356406480118, 0.011086565210276551, 0.0377597774504991, 0.02004581901489118, 0.024709540173457698, 0.03812796596301751, 0.027286859761086565, 0.020659466535755195, 0.009204712812960236, 0.012968417607592866, 0.015013909343806251, 0.0028636884306987398, 0.008550155457371953, 0.009286532482408771, 0.002045491736213386, 0.008795614465717558, 0.01804123711340206, 0.044509900180003274, 0.02773686794305351, 0.005604647357224677, 0.031582392407134674, 0.01828669612174767, 0.02147766323024055, 0.051219113074783176, 0.04577810505645557, 0.031582392407134674, 0.03575519554900998, 0.03342333496972672, 0.011904761904761904, 0.03211422025855015, 0.026591392570774013, 0.03289150711831124, 0.01521845851742759, 0.046637211585665195, 0.02466863033873343, 0.002250040909834724, 0.0016773032236949762, 0.018982163312060218, 0.02311405661921126, 0.0143184421534937, 0.013991163475699559, 0.018204876452299134, 0.011250204549173621, 0.0007772868597610865, 0.005931926035018818, 0.018900343642611683, 0.011536573392243496, 0.006545573555882834, 0.00040909834724267715, 0.024095892652593685, 0.02041400752740959, 0.006831942398952708, 0.01288659793814433, 0.02180494190803469, 0.0169775814105711, 0.012232040582556046, 0.016036655211912942, 0.00822287677957781, 0.005236458844706267, 0.005154639175257732, 0.010350188185239731, 0.010309278350515464, 0.0036409752904598266, 0.020168548519063984, 0.021273114056619212, 0.03546882670594011, 0.008304696449026346, 0.012845688103420062, 0.009000163639338896, 0.005768286696121748, 0.009081983308787433, 0.021764032073310423, 0.013909343806251022, 0.0062592047128129605, 0.006422844051710031, 0.0007772868597610865, 0.011495663557519228, 0.009818360333824251, 0.009859270168548519, 0.002290950744558992, 0.011045655375552283, 0.011086565210276551, 0.016691212567501227, 0.020454917362133857, 0.016609392898052692
0.004213712976599574, 0.009777450499099984, 0.0029455081001472753, 0.0029045982654230078, 0.005318278514154803, 0.006136475208640157, 0.0026591392570774015, 0.014932089674357716, 0.028391425298641793, 0.013622974963181149, 0.025445917198494518, 0.015136638847979054, 0.011454753722794959, 0.04757813778432335, 0.04160530191458026, 0.015095729013254787, 0.05539191621665848, 0.02360497463590247, 0.009695630829651448, 0.033177875961381116, 0.02859597447226313, 0.007363770250368188, 0.0014318442153493699, 0.007895598101783668, 0.008959253804614629, 0.009327442317133039, 0.010636557028309606, 0.022500409098347243, 0.010636557028309606, 0.017018491245295368, 0.015545737195221732, 0.000859106529209622, 0.03358697430862379, 0.02417771232204222, 0.013336606120111274, 0.006300114547537228, 0.029086892488954345, 0.028023236786123385, 0.047946326296841764, 0.04086892488954345, 0.03276877761413844, 0.02900507281950581, 0.023973163148420882, 0.011863852070037637, 0.04495990836197022, 0.03591883488790705, 0.02859597447226313, 0.029986908852888235, 0.03718703976435935, 0.02041400752740959, 0.05211912943871707, 0.013909343806251022, 0.006054655539191622, 0.004213712976599574, 0.008672884961544756, 0.011986581574210441, 0.016609392898052692, 0.012682048764522991, 0.004622811323842252, 0.004009163802978236, 0.014154802814596629, 0.009859270168548519, 0.010391098019963999, 0.018654884634266077, 0.0017591228931435117, 0.015423007691048929, 0.011495663557519228, 0.000286368843069874, 0.02237767959417444, 0.015627556864670267, 0.0033955162821142203, 0.002290950744558992, 0.02843233513336606, 0.012191130747831779, 0.006750122729504173, 0.0018000327278677793, 0.0036000654557355586, 0.0024954999181803304, 0.014645720831287842, 0.032073310423825885, 0.028023236786123385, 0.0028636884306987398, 0.006095565373915889, 0.01722304041891671, 0.0039273441335297005, 0.0012682048764522992, 0.03203240058910162, 0.019800360006545573, 0.025323187694321715, 0.02286859761086565, 0.012804778268695794, 0.024709540173457698, 0.009613811160202913, 0.010268368515791196, 0.005113729340533464, 0.002577319587628866, 0.009613811160202913, 0.011168384879725086, 0.011454753722794959, 0.022295859924725905
0.025691376206840123, 0.011741122565864834, 0.01341842578955981, 0.005072819505809197, 4.090983472426771e-5, 0.007895598101783668, 0.013745704467353952, 0.006668303060055637, 0.023727704140075273, 0.0169775814105711, 0.025650466372115856, 0.02704140075274096, 0.0028636884306987398, 0.026100474554082802, 0.02884143348060874, 0.03325969563082965, 0.01738667975781378, 0.045859924725904104, 0.0033136966126656848, 0.000286368843069874, 0.011945671739486172, 0.015545737195221732, 0.007609229258713795, 0.0023727704140075272, 0.004500081819669448, 0.013254786450662739, 0.007363770250368188, 0.006954671903125511, 0.011250204549173621, 0.009654720994927181, 0.014932089674357716, 0.014604810996563574, 0.010145639011618393, 0.020209458353788252, 0.028882343315333008, 0.010963835706103747, 0.022745868106692848, 0.06189657993781705, 0.07376043200785469, 0.047291768941253476, 0.05829651448208149, 0.03640975290459827, 0.01861397479954181, 0.019473081328751432, 0.022623138602520045, 0.03546882670594011, 0.011413843888070692, 0.0234413352970054, 0.028677794141711666, 0.03150057273768614, 0.015136638847979054, 0.0014318442153493699, 0.007609229258713795, 0.02147766323024055, 0.012232040582556046, 0.010145639011618393, 0.015668466699394534, 0.012477499590901654, 0.005154639175257732, 0.006381934216985763, 0.006995581737849779, 0.01648666339387989, 0.02295041728031419, 0.02286859761086565, 0.00429553264604811, 0.009654720994927181, 0.017100310914743906, 0.03964162984781541, 0.03984617902143675, 0.0026591392570774015, 0.0005318278514154802, 0.0038455244640811653, 0.007650139093438062, 0.028718703976435934, 0.009491081656030109, 0.015873015873015872, 0.016036655211912942, 0.020291278023236787, 0.003150057273768614, 0.018818523973163147, 0.019882179675994108, 0.0013500245459008345, 0.006300114547537228, 0.006750122729504173, 0.015627556864670267, 0.020495827196858125, 0.0339551628211422, 0.029741449844542626, 0.01341842578955981, 0.010882016036655211, 0.01771395843560792, 0.033546064473899524, 0.008550155457371953, 0.015545737195221732, 0.011577483226967764, 0.007404680085092456, 0.008509245622647684, 0.008100147275405008, 0.003886434298805433, 0.02000490918016691
0.025159548355424645, 0.010922925871379479, 0.0020864015709376534, 0.005931926035018818, 0.0027409589265259366, 0.006995581737849779, 0.002045491736213386, 0.01628211422025855, 0.010595647193585338, 0.015463917525773196, 0.02131402389134348, 0.02360497463590247, 0.007731958762886598, 0.03751431844215349, 0.037473408607429225, 0.024218622156766487, 0.0390279823269514, 0.012559319260350189, 0.008918343969890361, 0.007363770250368188, 0.0023727704140075272, 0.005891016200294551, 0.01575028636884307, 0.005522827687776142, 0.008672884961544756, 0.0024136802487317952, 0.0033136966126656848, 0.007609229258713795, 0.013172966781214204, 0.002290950744558992, 0.009409261986581574, 0.012763868433971527, 0.011782032400589101, 0.0181230567828506, 0.0009409261986581574, 0.017795778105056455, 0.023073146784486992, 0.03669612174766814, 0.03072328587792505, 0.05261004745540828, 0.06111929307805596, 0.017427589592538047, 0.024954999181803307, 0.02360497463590247, 0.01861397479954181, 0.02667321224022255, 0.002454590083456063, 0.017836687939780722, 0.011863852070037637, 0.013009327442317134, 0.008877434135166094, 0.011086565210276551, 0.011291114383897889, 0.011495663557519228, 0.013622974963181149, 0.0039273441335297005, 0.007568319423989527, 0.008018327605956471, 0.004786450662739323, 0.006218294878088692, 0.013132056946489936, 0.003109147439044346, 0.01787759777450499, 0.022664048437244313, 0.001554573719522173, 0.004581901489117984, 0.01468663066601211, 0.015545737195221732, 0.024627720504009163, 0.004172803141875307, 0.01644575355915562, 0.009859270168548519, 0.04221894943544428, 0.031541482572410406, 0.009531991490754378, 0.012191130747831779, 0.006341024382261496, 0.011454753722794959, 0.017754868270332187, 0.021682212403861888, 0.01845033546064474, 0.009736540664375716, 0.0024136802487317952, 0.01755031909671085, 0.023154966453935527, 0.0026182294223531335, 0.03178694158075601, 0.011372934053346424, 0.0037227949599083618, 0.018654884634266077, 0.027000490918016692, 0.023359515627556865, 0.01681394207167403, 0.014932089674357716, 0.020495827196858125, 0.005891016200294551, 0.005113729340533464, 0.0019636720667648502, 0.0070774014072983145, 0.02577319587628866
0.046309932907871054, 0.002004581901489118, 0.0017591228931435117, 0.006300114547537228, 0.0070774014072983145, 8.181966944853542e-5, 0.003436426116838488, 0.024954999181803307, 0.016691212567501227, 0.02630502372770414, 0.020945835378825068, 0.01611847488136148, 0.03608247422680412, 0.028882343315333008, 0.016200294550810016, 0.033709703812796595, 0.000859106529209622, 0.024382261495663558, 0.010391098019963999, 0.002822778595974472, 0.011045655375552283, 0.018491245295369007, 0.006341024382261496, 0.001554573719522173, 0.014727540500736377, 0.009900180003272786, 0.0061773850433644245, 0.008918343969890361, 0.006586483390607102, 0.006586483390607102, 0.0016363933889707086, 0.001554573719522173, 0.012804778268695794, 0.0070774014072983145, 0.012559319260350189, 0.0006954671903125512, 0.03665521191294387, 0.025118638520700377, 0.03980526918671248, 0.0638602520045819, 0.05052364588447063, 0.027245949926362298, 0.022827687776141383, 0.02884143348060874, 0.03469153984617902, 0.019023073146784485, 0.03060055637375225, 0.01914580265095729, 0.03882343315333006, 0.01808214694812633, 0.013582065128456881, 0.006341024382261496, 0.018573064964817542, 0.0020864015709376534, 0.007486499754540992, 0.013500245459008346, 0.009245622647684503, 0.007404680085092456, 0.010186548846342661, 0.007568319423989527, 0.014482081492390771, 0.0006545573555882834, 0.0022091310751104565, 0.012804778268695794, 0.012968417607592866, 0.0019227622320405827, 0.004254622811323842, 0.0037637047946326298, 0.0019227622320405827, 0.011168384879725086, 0.0028636884306987398, 0.0027818687612502046, 0.014400261822942234, 0.02556864670266732, 0.020945835378825068, 0.022336769759450172, 0.017059401080019635, 0.014441171657666504, 0.013909343806251022, 0.014032073310423826, 0.012559319260350189, 0.014154802814596629, 0.022459499263622975, 0.028309605629193258, 0.0013091147111765667, 0.030355097365406643, 0.03735067910325642, 0.021395843560792015, 0.006954671903125511, 0.017632138766159385, 0.023318605792832597, 0.017959417443953525, 0.020495827196858125, 0.020168548519063984, 0.02663230240549828, 0.010513827524136803, 0.006791032564228441, 0.005441008018327606, 0.004500081819669448, 0.013377515954835542
0.04602356406480118, 0.017263950253640976, 0.005931926035018818, 0.019391261659302897, 0.007895598101783668, 0.0037227949599083618, 0.0007363770250368188, 0.011659302896416299, 0.013377515954835542, 0.009859270168548519, 0.009531991490754378, 0.010922925871379479, 0.014563901161839306, 0.010104729176894126, 0.016527573228604157, 0.03587792505318278, 0.0039273441335297005, 0.009041073474063166, 0.009368352151857306, 0.0010636557028309605, 0.010186548846342661, 0.0043773523154966455, 0.009450171821305841, 0.003150057273768614, 0.009941089837997054, 0.0048273604974635904, 0.0018818523973163149, 0.006750122729504173, 0.00429553264604811, 0.006013745704467354, 0.0036409752904598266, 0.005359188348879071, 0.015054819178530519, 0.009491081656030109, 0.0013909343806251023, 0.002168221240386189, 0.02507772868597611, 0.05273277695958108, 0.05256913762068401, 0.06001472754050074, 0.026509572901325478, 0.03669612174766814, 0.008959253804614629, 0.02131402389134348, 0.03575519554900998, 0.025486827033218785, 0.003886434298805433, 0.015545737195221732, 0.026755031909671084, 0.024423171330387825, 0.019963999345442643, 0.021600392734413353, 0.016895761741122565, 0.011986581574210441, 0.01628211422025855, 0.0011863852070037636, 0.0024136802487317952, 0.009081983308787433, 0.00040909834724267715, 0.004459171984945181, 0.0003681885125184094, 0.0005318278514154802, 0.0031909671084928816, 0.008018327605956471, 0.009941089837997054, 0.000572737686139748, 0.005318278514154803, 0.014482081492390771, 0.022173130420553102, 0.016732122402225495, 0.006504663721158567, 0.011782032400589101, 0.009327442317133039, 0.024218622156766487, 0.03980526918671248, 0.036818851251840944, 0.013663884797905416, 0.011086565210276551, 0.017959417443953525, 0.027900507281950582, 0.011086565210276551, 0.005031909671084929, 0.012518409425625921, 0.006668303060055637, 0.015259368352151857, 0.033709703812796595, 0.03919162166584847, 0.020127638684339717, 0.0036409752904598266, 0.015954835542464407, 0.014604810996563574, 0.009654720994927181, 0.0169775814105711, 0.04144166257568319, 0.03060055637375225, 0.02025036818851252, 0.015668466699394534, 0.0038455244640811653, 0.0025364097529045984, 0.025118638520700377
0.025609556537391588, 0.008754704630993291, 0.010186548846342661, 0.00715922107674685, 0.0013091147111765667, 0.0074455899198167235, 0.003559155621011291, 0.0013909343806251023, 0.012027491408934709, 0.014195712649320897, 0.011291114383897889, 0.012027491408934709, 0.0026182294223531335, 0.009613811160202913, 0.014891179839633447, 0.0181230567828506, 0.0024954999181803304, 0.01575028636884307, 0.005236458844706267, 0.000286368843069874, 0.003272786777941417, 0.005113729340533464, 0.015586647029946, 0.005645557191948944, 0.0018000327278677793, 0.009286532482408771, 0.011291114383897889, 0.0036409752904598266, 0.0009818360333824251, 0.0012272950417280314, 0.0024136802487317952, 0.007691048928162331, 0.005236458844706267, 0.015791196203567337, 8.181966944853542e-5, 0.007036491572574047, 0.02057764686630666, 0.03710522009491082, 0.054860088365243004, 0.04737358861070201, 0.019554900998199967, 0.024382261495663558, 0.023318605792832597, 0.03072328587792505, 0.023523154966453935, 0.004459171984945181, 0.005441008018327606, 0.013172966781214204, 0.005563737522500409, 0.0026182294223531335, 0.01861397479954181, 0.03984617902143675, 0.05641466208476518, 0.009859270168548519, 0.004172803141875307, 0.004213712976599574, 0.0043773523154966455, 0.007322860415643921, 0.004622811323842252, 0.007936507936507936, 0.005318278514154803, 0.006750122729504173, 0.000572737686139748, 0.013745704467353952, 0.023523154966453935, 0.010063819342169858, 0.0009818360333824251, 0.007118311242022582, 0.00822287677957781, 0.010718376697758141, 0.010145639011618393, 0.022582228767795778, 0.010882016036655211, 0.028186876125020455, 0.026182294223531338, 0.024586810669284895, 0.01718213058419244, 0.006341024382261496, 0.01628211422025855, 0.0338324333169694, 0.026550482736049746, 0.021518573064964817, 0.015095729013254787, 0.0066273932253313695, 0.021191294387170677, 0.027327769595810833, 0.030764195712649323, 0.03211422025855015, 0.009409261986581574, 0.018368515791196204, 0.02131402389134348, 0.004500081819669448, 0.014154802814596629, 0.018900343642611683, 0.040050728195058095, 0.009736540664375716, 0.013745704467353952, 0.02200949108165603, 0.0016363933889707086, 0.018000327278677793
0.03248240877106857, 0.019023073146784485, 0.007854688267059401, 0.006791032564228441, 0.005481917853051873, 0.008427425953199149, 4.090983472426771e-5, 0.0048273604974635904, 0.0006954671903125512, 0.007691048928162331, 0.005195549009981999, 0.0033136966126656848, 0.006422844051710031, 0.005113729340533464, 0.008754704630993291, 0.016568483063328424, 0.018409425625920472, 0.012682048764522991, 0.0024954999181803304, 0.014195712649320897, 0.0006954671903125512, 0.009245622647684503, 0.006831942398952708, 0.011127475045000819, 0.000572737686139748, 0.007241040746195386, 0.006586483390607102, 0.005318278514154803, 0.0014727540500736377, 8.181966944853542e-5, 0.00020454917362133857, 0.001022745868106693, 0.005400098183603338, 0.013541155293732614, 0.008427425953199149, 0.0009818360333824251, 0.024954999181803307, 0.034814269350351826, 0.050400916380297825, 0.04855997381770578, 0.02254131893307151, 0.023482245131729668, 0.012109311078383244, 0.029782359679266894, 0.012150220913107511, 0.009081983308787433, 0.008672884961544756, 0.0007772868597610865, 0.013909343806251022, 0.004663721158566519, 0.0009818360333824251, 0.036000654557355585, 0.0036000654557355586, 0.005195549009981999, 0.002986417934871543, 0.010227458681066929, 0.001840942562592047, 0.010104729176894126, 4.090983472426771e-5, 0.009245622647684503, 0.003231876943217149, 0.0003681885125184094, 0.0005318278514154802, 0.006054655539191622, 0.006791032564228441, 0.006791032564228441, 0.01468663066601211, 0.006054655539191622, 0.003968253968253968, 0.010963835706103747, 0.0036000654557355586, 0.01845033546064474, 0.016036655211912942, 0.014359351988217967, 0.020945835378825068, 0.029741449844542626, 0.02937326133202422, 0.017754868270332187, 0.0169775814105711, 0.014809360170184912, 0.019554900998199967, 0.02937326133202422, 0.0234413352970054, 0.005441008018327606, 0.02008672884961545, 0.03248240877106857, 0.04221894943544428, 0.03125511372934053, 0.005441008018327606, 0.030518736704303714, 0.01935035182457863, 0.0016773032236949762, 0.013909343806251022, 0.020373097692685322, 0.036450662739322535, 0.027286859761086565, 0.014563901161839306, 0.018573064964817542, 0.006218294878088692, 0.011782032400589101
0.03415971199476354, 0.009286532482408771, 0.0011045655375552283, 0.006995581737849779, 0.006463753886434298, 0.0075274095892652595, 0.005441008018327606, 0.022582228767795778, 0.0011863852070037636, 0.005318278514154803, 0.004909180166912126, 0.003436426116838488, 0.0009000163639338897, 0.0016363933889707086, 0.006463753886434298, 0.012150220913107511, 0.012232040582556046, 0.004500081819669448, 0.012722958599247259, 0.011822942235313369, 0.01632302405498282, 0.013827524136802487, 0.0026182294223531335, 0.010513827524136803, 0.0002454590083456063, 0.005318278514154803, 0.013091147111765669, 0.023073146784486992, 0.002168221240386189, 0.007036491572574047, 0.004500081819669448, 0.0012272950417280314, 0.002004581901489118, 0.016363933889707086, 0.0017591228931435117, 0.011372934053346424, 0.006954671903125511, 0.05064637538864343, 0.05694648993618066, 0.03886434298805433, 0.031909671084928815, 0.00805923744068074, 0.026959581083292425, 0.0002454590083456063, 0.0006545573555882834, 0.007241040746195386, 0.026264113892979873, 0.0033136966126656848, 0.019923089510718375, 0.012354770086728849, 0.01877761413843888, 0.03346424480445099, 0.022623138602520045, 0.017509409261986582, 0.015668466699394534, 0.0220504009163803, 0.008141057110129276, 0.003886434298805433, 0.003109147439044346, 0.007036491572574047, 0.0037637047946326298, 0.0024136802487317952, 0.0008181966944853543, 0.007322860415643921, 0.003109147439044346, 0.009859270168548519, 0.01615938471608575, 0.008836524300441826, 0.010513827524136803, 0.0006136475208640157, 0.010391098019963999, 0.03219603992799869, 0.0007772868597610865, 0.02200949108165603, 0.011577483226967764, 0.004336442480772378, 0.029291441662575683, 0.014482081492390771, 0.010963835706103747, 0.019104892816233024, 0.014154802814596629, 0.026345933562428408, 0.010350188185239731, 0.018368515791196204, 0.018000327278677793, 0.039437080674194075, 0.034077892325315, 0.02008672884961545, 0.017632138766159385, 0.018654884634266077, 0.015832106038291605, 0.012518409425625921, 0.0013091147111765667, 0.014482081492390771, 0.047128129602356406, 0.028514154802814596, 0.0181230567828506, 0.004459171984945181, 0.0004909180166912126, 0.0038046146293568973
0.011659302896416299, 0.011372934053346424, 0.005686467026673212, 0.003150057273768614, 0.011168384879725086, 0.014891179839633447, 0.01894125347733595, 0.0004500081819669448, 0.013827524136802487, 0.007895598101783668, 0.012682048764522991, 0.0034773359515627555, 0.006341024382261496, 0.0035182457862870235, 0.0016363933889707086, 0.001840942562592047, 0.0014318442153493699, 0.018818523973163147, 0.003272786777941417, 0.013582065128456881, 0.017141220749468174, 0.018982163312060218, 0.0011863852070037636, 0.008100147275405008, 0.012804778268695794, 0.011004745540828016, 0.0047455408280150544, 0.013377515954835542, 0.00859106529209622, 0.015504827360497464, 0.0013091147111765667, 0.006709212894779905, 0.007650139093438062, 0.014604810996563574, 0.01722304041891671, 0.009409261986581574, 0.021723122238586155, 0.052364588447062675, 0.047291768941253476, 0.040378006872852236, 0.04356897398134511, 0.012436589756177384, 0.03477335951562756, 0.01575028636884307, 0.014032073310423826, 0.011495663557519228, 0.017959417443953525, 0.024300441826215022, 0.014482081492390771, 0.007118311242022582, 0.005645557191948944, 0.049664539355261, 0.05228276877761414, 0.007486499754540992, 0.013868433971526754, 0.017018491245295368, 0.011577483226967764, 0.007281950580919653, 0.011577483226967764, 0.004254622811323842, 0.003027327769595811, 0.006750122729504173, 4.090983472426771e-5, 0.004950090001636393, 0.0005318278514154802, 0.006341024382261496, 0.012968417607592866, 0.01644575355915562, 0.011495663557519228, 0.0027409589265259366, 8.181966944853542e-5, 0.006791032564228441, 0.018163966617574866, 0.014277532318769432, 0.024586810669284895, 0.02000490918016691, 0.008672884961544756, 0.02147766323024055, 0.008509245622647684, 0.015995745377188675, 0.029086892488954345, 0.010677466863033874, 0.008181966944853543, 0.011536573392243496, 0.02000490918016691, 0.03726885943380789, 0.0220504009163803, 0.01521845851742759, 0.010309278350515464, 0.03702340042546228, 0.013622974963181149, 0.015627556864670267, 0.014932089674357716, 0.022991327115038457, 0.04475535918834888, 0.03223694976272296, 0.003886434298805433, 0.009981999672721321, 0.009818360333824251, 0.001554573719522173
0.014441171657666504, 0.00715922107674685, 0.00822287677957781, 0.015423007691048929, 0.0074455899198167235, 0.014645720831287842, 0.003681885125184094, 0.015504827360497464, 0.011413843888070692, 0.01055473735886107, 0.0033136966126656848, 0.0019227622320405827, 0.0012682048764522992, 0.011004745540828016, 0.0066273932253313695, 0.014072983145148094, 0.018982163312060218, 0.0004500081819669448, 0.013704794632629684, 0.018368515791196204, 0.02376861397479954, 0.014072983145148094, 0.001554573719522173, 0.025936835215185732, 0.008754704630993291, 0.01055473735886107, 0.023564064801178203, 0.002250040909834724, 0.021723122238586155, 0.0075274095892652595, 0.013827524136802487, 0.012068401243658976, 0.015791196203567337, 0.025364097529045983, 0.013091147111765669, 0.015873015873015872, 0.03145966290296187, 0.040050728195058095, 0.051096383570610374, 0.036777941417116676, 0.035673375879561445, 0.023154966453935527, 0.02916871215840288, 0.013991163475699559, 0.010841106201930944, 0.009163802978235968, 0.012641138929798724, 0.0011045655375552283, 0.024054982817869417, 0.028514154802814596, 0.008550155457371953, 0.006218294878088692, 0.004459171984945181, 0.009204712812960236, 0.03072328587792505, 0.0029045982654230078, 0.012518409425625921, 0.006831942398952708, 0.002045491736213386, 0.002986417934871543, 8.181966944853542e-5, 0.007404680085092456, 0.007118311242022582, 0.002290950744558992, 0.005522827687776142, 0.014809360170184912, 0.005563737522500409, 0.002250040909834724, 0.011045655375552283, 0.005277368679430535, 0.007813778432335133, 0.023523154966453935, 0.026264113892979873, 0.03346424480445099, 0.014113892979872361, 0.03452790050728195, 0.020127638684339717, 0.003109147439044346, 0.010882016036655211, 0.03436426116838488, 0.01914580265095729, 0.020454917362133857, 0.005154639175257732, 0.007568319423989527, 0.013622974963181149, 0.027450499099983636, 0.02507772868597611, 0.014522991327115039, 0.009613811160202913, 0.015545737195221732, 0.00715922107674685, 0.011741122565864834, 0.0015136638847979055, 0.023727704140075273, 0.022091310751104567, 0.031050564555719196, 0.013909343806251022, 0.0057273768613974796, 0.007977417771232204, 0.012027491408934709
0.013459335624284079, 0.014359351988217967, 0.006422844051710031, 0.008959253804614629, 0.012109311078383244, 0.038250695467190315, 0.015709376534118802, 0.0024136802487317952, 0.011822942235313369, 0.011454753722794959, 0.002577319587628866, 0.008795614465717558, 0.0003272786777941417, 0.009327442317133039, 0.004336442480772378, 0.004500081819669448, 0.011986581574210441, 0.00715922107674685, 0.0010636557028309605, 0.0287596138111602, 0.02847324496809033, 0.021886761577483226, 0.008631975126820488, 0.02295041728031419, 0.0195139911634757, 0.015382097856324661, 0.02507772868597611, 0.005441008018327606, 0.008509245622647684, 0.0018000327278677793, 0.014768450335460644, 0.020945835378825068, 0.0286368843069874, 0.02843233513336606, 0.030641466208476516, 0.026550482736049746, 0.021559482899689085, 0.03996890852560955, 0.0391507118311242, 0.028350515463917526, 0.03563246604483718, 0.032850597283586976, 0.012150220913107511, 0.005931926035018818, 0.00040909834724267715, 0.023891343478972343, 0.03023236786123384, 0.017018491245295368, 0.030150548191785306, 0.03178694158075601, 0.027450499099983636, 0.014563901161839306, 0.017468499427262314, 0.010472917689412534, 0.019923089510718375, 0.018409425625920472, 0.0017591228931435117, 0.011986581574210441, 0.0033955162821142203, 0.005236458844706267, 0.005563737522500409, 0.009777450499099984, 0.0016773032236949762, 0.0024954999181803304, 0.006013745704467354, 0.012436589756177384, 0.02008672884961545, 0.004786450662739323, 0.014645720831287842, 0.00715922107674685, 0.011986581574210441, 0.02646866306660121, 0.02237767959417444, 0.014154802814596629, 0.021436753395516282, 0.028882343315333008, 0.015054819178530519, 0.008509245622647684, 0.009572901325478646, 0.0016773032236949762, 0.04078710522009491, 0.014809360170184912, 0.010227458681066929, 0.0027818687612502046, 0.022500409098347243, 0.010145639011618393, 0.010963835706103747, 0.030191458026509573, 0.03391425298641793, 0.018491245295369007, 0.014768450335460644, 0.019636720667648502, 0.0091228931435117, 0.021027655048273607, 0.013091147111765669, 0.022336769759450172, 0.01468663066601211, 0.0033955162821142203, 0.003968253968253968, 0.0006545573555882834
0.005850106365570283, 0.0005318278514154802, 0.009163802978235968, 0.01771395843560792, 0.013213876615938472, 0.015259368352151857, 0.023891343478972343, 0.015423007691048929, 0.009000163639338896, 0.025895925380461465, 0.0007772868597610865, 0.0037227949599083618, 0.008672884961544756, 0.014522991327115039, 0.002127311405661921, 0.0062592047128129605, 0.0016363933889707086, 0.004213712976599574, 0.004418262150220913, 0.011413843888070692, 0.024300441826215022, 0.020618556701030927, 0.005318278514154803, 0.012927507772868597, 0.0339551628211422, 0.012354770086728849, 0.013050237277041401, 0.014072983145148094, 0.016241204385534284, 0.011168384879725086, 0.017959417443953525, 0.02663230240549828, 0.037800687285223365, 0.052855506463753886, 0.03702340042546228, 0.025609556537391588, 0.02556864670266732, 0.023645884470626738, 0.03379152348224513, 0.04455081001472754, 0.024054982817869417, 0.025855015545737194, 0.013704794632629684, 0.005277368679430535, 0.031091474390443463, 0.029414171166748486, 0.0091228931435117, 0.03706431026018655, 0.03931435117002127, 0.040378006872852236, 0.022459499263622975, 0.017304860088365244, 0.0182457862870234, 0.010063819342169858, 0.004090983472426772, 0.02000490918016691, 0.008959253804614629, 0.0062592047128129605, 0.002454590083456063, 0.004704630993290787, 0.001840942562592047, 0.006913762068401243, 0.008713794796269023, 0.0031909671084928816, 0.007486499754540992, 0.0061773850433644245, 0.004622811323842252, 0.010063819342169858, 0.005931926035018818, 0.013091147111765669, 0.0043773523154966455, 0.02667321224022255, 0.02810505645557192, 0.02221404025527737, 0.04299623629520537, 0.011250204549173621, 0.026918671248568157, 0.007118311242022582, 0.0043773523154966455, 0.017263950253640976, 0.03391425298641793, 0.014236622484045164, 0.01055473735886107, 0.010963835706103747, 0.000859106529209622, 0.005072819505809197, 0.020291278023236787, 0.05162821142202585, 0.03616429389625266, 0.01845033546064474, 0.008754704630993291, 0.02004581901489118, 0.003231876943217149, 0.03248240877106857, 0.026509572901325478, 0.029986908852888235, 0.03444608083783342, 0.0036000654557355586, 0.015709376534118802, 0.013950253640975291
0.017918507609229258, 0.009450171821305841, 0.002986417934871543, 0.004581901489117984, 0.017591228931435117, 0.013009327442317134, 0.009777450499099984, 0.00040909834724267715, 0.016773032236949762, 0.006422844051710031, 0.012845688103420062, 0.004090983472426772, 0.022254950090001637, 0.03260513827524137, 0.019432171494027164, 0.0009000163639338897, 0.0028636884306987398, 0.007036491572574047, 0.0023318605792832597, 0.006341024382261496, 0.014277532318769432, 0.007118311242022582, 0.011291114383897889, 0.00805923744068074, 0.01468663066601211, 0.01914580265095729, 0.002127311405661921, 0.0002454590083456063, 0.002577319587628866, 0.02286859761086565, 0.031746031746031744, 0.04066437571592211, 0.05019636720667649, 0.06283750613647521, 0.0418098510882016, 0.02949599083619702, 0.026509572901325478, 0.03309605629193258, 0.02965963017509409, 0.016363933889707086, 0.01804123711340206, 0.03350515463917526, 0.024464081165112093, 0.0061773850433644245, 0.030927835051546393, 0.022500409098347243, 0.02556864670266732, 0.025609556537391588, 0.03473244968090329, 0.03865979381443299, 0.020291278023236787, 0.003968253968253968, 0.041932580592374404, 0.007568319423989527, 0.010391098019963999, 0.025691376206840123, 0.011168384879725086, 0.003231876943217149, 0.020986745213549336, 0.023891343478972343, 0.017100310914743906, 0.0016773032236949762, 0.005441008018327606, 0.0047455408280150544, 0.004172803141875307, 0.002127311405661921, 0.0014318442153493699, 0.006791032564228441, 0.007854688267059401, 0.0027818687612502046, 0.015586647029946, 0.005277368679430535, 0.01984126984126984, 0.029577810505645556, 0.02687776141384389, 0.024054982817869417, 0.02663230240549828, 0.017918507609229258, 0.020454917362133857, 0.031377843233513336, 0.021068564882997874, 0.018204876452299134, 8.181966944853542e-5, 0.012968417607592866, 0.012313860252004582, 0.007813778432335133, 0.029127802323678613, 0.013213876615938472, 0.027409589265259368, 0.001554573719522173, 0.038946162657502864, 0.004090983472426772, 0.010759286532482409, 0.012968417607592866, 0.022254950090001637, 0.03150057273768614, 0.0362461135657012, 0.008386516118474881, 0.013459335624284079, 0.017059401080019635
0.0016773032236949762, 0.0036000654557355586, 0.0043773523154966455, 0.006504663721158567, 0.0035182457862870235, 0.004213712976599574, 0.002577319587628866, 0.009654720994927181, 0.012845688103420062, 0.006831942398952708, 0.02221404025527737, 0.0013500245459008345, 0.02466863033873343, 0.047455408280150546, 0.041891670757650136, 0.020495827196858125, 0.00020454917362133857, 0.00016363933889707084, 0.002168221240386189, 0.0024136802487317952, 0.007200130911471117, 0.008468335787923416, 0.010922925871379479, 0.001022745868106693, 0.008386516118474881, 0.010963835706103747, 0.0037227949599083618, 0.003886434298805433, 0.02524136802487318, 0.014277532318769432, 0.01575028636884307, 0.032359679266895765, 0.059114711176566845, 0.05490099819996727, 0.030191458026509573, 0.021886761577483226, 0.028555064637538864, 0.03186876125020455, 0.026100474554082802, 0.009450171821305841, 0.001840942562592047, 0.0019636720667648502, 0.006995581737849779, 0.007363770250368188, 0.030027818687612503, 0.019268532155130094, 0.008304696449026346, 0.018859433807887415, 0.03702340042546228, 0.04135984290623466, 0.050237277041400755, 0.018409425625920472, 0.005277368679430535, 0.045328096874488626, 0.012968417607592866, 0.018859433807887415, 0.008468335787923416, 0.008959253804614629, 0.018654884634266077, 0.01521845851742759, 0.017959417443953525, 0.006709212894779905, 0.002577319587628866, 0.01002290950744559, 0.0020864015709376534, 0.008877434135166094, 0.005236458844706267, 0.012477499590901654, 0.021764032073310423, 0.008345606283750613, 0.010595647193585338, 0.01665030273277696, 0.024095892652593685, 0.03620520373097693, 0.013541155293732614, 0.04778268695794469, 0.022336769759450172, 0.020782196039927998, 0.02524136802487318, 0.036614302078219606, 0.03792341678939617, 0.021068564882997874, 0.0006136475208640157, 0.005195549009981999, 0.0019227622320405827, 0.0039273441335297005, 0.026509572901325478, 0.010104729176894126, 0.013868433971526754, 0.021559482899689085, 0.04377352315496645, 0.03055964653902798, 0.0024136802487317952, 0.02597774504991, 0.033014236622484046, 0.026059564719358535, 0.0351006381934217, 0.008304696449026346, 0.011045655375552283, 0.011332024218622156
0.013991163475699559, 0.005072819505809197, 0.001554573719522173, 0.0017591228931435117, 0.005686467026673212, 0.012191130747831779, 0.012191130747831779, 0.04086892488954345, 0.015832106038291605, 0.005359188348879071, 0.01615938471608575, 0.0007363770250368188, 0.02074128620520373, 0.044141711667484866, 0.022623138602520045, 0.009695630829651448, 0.0003681885125184094, 0.00020454917362133857, 0.0009000163639338897, 0.0016363933889707086, 0.0033955162821142203, 0.002250040909834724, 0.02757322860415644, 0.015586647029946, 0.002045491736213386, 0.0015954835542464408, 0.01288659793814433, 0.01628211422025855, 0.002250040909834724, 0.033382425135002454, 0.012927507772868597, 0.034814269350351826, 0.05641466208476518, 0.04246440844378989, 0.020291278023236787, 0.009368352151857306, 0.013909343806251022, 0.0030682376043200785, 0.0033136966126656848, 0.008509245622647684, 0.0038455244640811653, 0.02614138438880707, 0.019391261659302897, 0.05031909671084929, 0.02769595810832924, 0.01341842578955981, 0.009981999672721321, 0.028350515463917526, 0.04315987563410244, 0.061078383243331695, 0.024423171330387825, 0.035141548028145966, 0.025282277859597448, 0.03199149075437735, 0.011945671739486172, 0.023032236949762724, 0.0058091965308460156, 0.005277368679430535, 0.009736540664375716, 0.020209458353788252, 0.013827524136802487, 0.016404843724431354, 0.005277368679430535, 0.0033546064473899523, 0.004213712976599574, 0.002822778595974472, 0.004009163802978236, 0.010718376697758141, 0.007936507936507936, 0.012027491408934709, 0.018368515791196204, 0.010432007854688266, 0.008959253804614629, 0.021723122238586155, 0.01521845851742759, 0.020495827196858125, 0.03006872852233677, 0.03833251513663885, 0.028145966290296188, 0.02110947471772214, 0.007731958762886598, 0.003150057273768614, 0.001022745868106693, 0.006300114547537228, 0.014563901161839306, 0.0025364097529045984, 4.090983472426771e-5, 0.013213876615938472, 0.02769595810832924, 0.05265095729013255, 0.06823760432007854, 0.0017591228931435117, 0.022991327115038457, 0.042341678939617086, 0.021518573064964817, 0.03227785959744723, 0.03325969563082965, 0.0027818687612502046, 0.011986581574210441, 0.017018491245295368
0.02646866306660121, 0.013663884797905416, 0.0012272950417280314, 0.018491245295369007, 0.012313860252004582, 0.021682212403861888, 0.004581901489117984, 0.006422844051710031, 0.011127475045000819, 0.0016363933889707086, 0.008509245622647684, 0.022664048437244313, 0.009163802978235968, 0.04152348224513173, 0.036777941417116676, 0.014277532318769432, 0.004663721158566519, 0.0034773359515627555, 0.004990999836360661, 0.00040909834724267715, 0.0036000654557355586, 0.029864179348715433, 0.023359515627556865, 0.011536573392243496, 0.012272950417280314, 0.021273114056619212, 0.004131893307151039, 0.009941089837997054, 0.009777450499099984, 0.012109311078383244, 0.013991163475699559, 0.014522991327115039, 0.03669612174766814, 0.03211422025855015, 0.004500081819669448, 0.006872852233676976, 0.007281950580919653, 0.0006954671903125512, 0.008345606283750613, 0.0017591228931435117, 0.014891179839633447, 0.02164130256913762, 0.03546882670594011, 0.028718703976435934, 0.034323351333660615, 0.024709540173457698, 0.0048273604974635904, 0.020823105874652265, 0.05396007200130912, 0.03767795778105056, 0.02057764686630666, 0.016732122402225495, 0.016773032236949762, 0.026591392570774013, 0.02487317951235477, 0.03882343315333006, 0.005768286696121748, 0.0004500081819669448, 0.003109147439044346, 0.010718376697758141, 0.009081983308787433, 0.020495827196858125, 0.026959581083292425, 0.025855015545737194, 0.001718213058419244, 0.004050073637702504, 0.013909343806251022, 0.0005318278514154802, 0.0033546064473899523, 0.008754704630993291, 0.013909343806251022, 0.005236458844706267, 0.010432007854688266, 0.006668303060055637, 0.0029455081001472753, 0.017959417443953525, 0.027082310587465228, 0.015668466699394534, 0.018900343642611683, 0.007486499754540992, 0.0037227949599083618, 0.006545573555882834, 0.0029045982654230078, 0.008713794796269023, 0.006709212894779905, 0.0066273932253313695, 0.015709376534118802, 0.01644575355915562, 0.03595974472263132, 0.0769104892816233, 0.04639175257731959, 0.01894125347733595, 0.02843233513336606, 0.03751431844215349, 0.04242349860906562, 0.0457371952217313, 0.031909671084928815, 0.019432171494027164, 0.000859106529209622, 0.01611847488136148
0.0323187694321715, 0.0143184421534937, 0.003027327769595811, 0.009777450499099984, 0.028514154802814596, 0.03755522827687776, 0.016854851906398297, 0.0004909180166912126, 0.0003272786777941417, 0.011127475045000819, 0.002454590083456063, 0.0016773032236949762, 0.035346097201767304, 0.034977908689248896, 0.021682212403861888, 0.016200294550810016, 0.009163802978235968, 0.0034773359515627555, 0.015873015873015872, 0.010104729176894126, 0.02110947471772214, 0.012600229095074456, 0.019923089510718375, 0.004786450662739323, 0.008018327605956471, 0.0043773523154966455, 0.0043773523154966455, 0.0003681885125184094, 0.00429553264604811, 0.012436589756177384, 0.023564064801178203, 0.018900343642611683, 0.011700212731140566, 0.0182457862870234, 0.029086892488954345, 0.013377515954835542, 0.005686467026673212, 0.014604810996563574, 0.012027491408934709, 0.020536737031582392, 0.013622974963181149, 0.018163966617574866, 0.026918671248568157, 0.03980526918671248, 0.02794141711667485, 0.014154802814596629, 0.030886925216822125, 0.040378006872852236, 0.03685976108656521, 0.019800360006545573, 0.04921453117329406, 0.006095565373915889, 0.010391098019963999, 0.031214203894616266, 0.019923089510718375, 0.027164130256913763, 0.005113729340533464, 0.025650466372115856, 0.030355097365406643, 0.009450171821305841, 0.012641138929798724, 0.008468335787923416, 0.02376861397479954, 0.03166421207658321, 0.007241040746195386, 0.00016363933889707084, 0.010841106201930944, 0.009736540664375716, 0.003231876943217149, 0.004581901489117984, 0.010104729176894126, 0.009245622647684503, 0.0020864015709376534, 0.012191130747831779, 0.009736540664375716, 0.032073310423825885, 0.038414334806087386, 0.023891343478972343, 0.011904761904761904, 0.014563901161839306, 0.0009409261986581574, 0.017304860088365244, 0.01861397479954181, 0.021191294387170677, 0.014604810996563574, 0.011209294714449354, 0.04401898216331206, 0.014195712649320897, 0.050891834396989036, 0.05244640811651121, 0.024750450008181966, 0.03350515463917526, 0.02540500736377025, 0.03538700703649157, 0.014932089674357716, 0.026223204058255605, 0.019432171494027164, 0.021845851742758958, 0.0038046146293568973, 0.004950090001636393
0.004459171984945181, 0.011004745540828016, 0.0036000654557355586, 0.0006136475208640157, 0.002045491736213386, 0.0019636720667648502, 0.022500409098347243, 0.05179185076092293, 0.026182294223531338, 0.023932253313696614, 0.014072983145148094, 0.005154639175257732, 0.0248322696776305, 0.022745868106692848, 0.030518736704303714, 0.019963999345442643, 0.022909507445589918, 0.012518409425625921, 0.017141220749468174, 0.004909180166912126, 0.011168384879725086, 0.0036000654557355586, 0.0013909343806251023, 0.006709212894779905, 0.022173130420553102, 0.008018327605956471, 0.04033709703812797, 0.025814105711012926, 0.010718376697758141, 0.015954835542464407, 0.007691048928162331, 0.003886434298805433, 0.013991163475699559, 0.013622974963181149, 0.013582065128456881, 0.0002454590083456063, 0.017304860088365244, 0.004950090001636393, 0.0015954835542464408, 0.008672884961544756, 0.0016363933889707086, 0.0016773032236949762, 0.007322860415643921, 0.01734576992308951, 0.0011863852070037636, 0.03595974472263132, 0.012641138929798724, 0.017059401080019635, 0.008836524300441826, 0.008509245622647684, 0.007200130911471117, 0.013050237277041401, 0.017673048600883652, 0.026550482736049746, 0.06471935853379153, 0.015709376534118802, 0.014032073310423826, 0.0182457862870234, 0.023973163148420882, 0.01055473735886107, 0.016691212567501227, 0.015259368352151857, 0.004500081819669448, 0.006341024382261496, 0.025527736867943053, 0.005972835869743086, 0.0061773850433644245, 0.01914580265095729, 0.0018000327278677793, 0.0014727540500736377, 0.0015136638847979055, 0.004500081819669448, 0.0033955162821142203, 0.0019636720667648502, 0.019023073146784485, 0.030191458026509573, 0.028514154802814596, 0.016404843724431354, 0.009900180003272786, 0.0035182457862870235, 0.008141057110129276, 0.017591228931435117, 0.03612338406152839, 0.03060055637375225, 0.02000490918016691, 0.009613811160202913, 0.013336606120111274, 0.0026591392570774015, 0.010513827524136803, 0.009491081656030109, 0.0006545573555882834, 0.0028636884306987398, 0.025159548355424645, 0.029864179348715433, 0.023318605792832597, 0.0012682048764522992, 0.02000490918016691, 0.030682376043200784, 0.013459335624284079, 0.0038455244640811653
0.0047455408280150544, 0.0024954999181803304, 0.0036409752904598266, 0.002290950744558992, 0.013704794632629684, 0.0057273768613974796, 0.028391425298641793, 0.02164130256913762, 0.005686467026673212, 0.023564064801178203, 0.017304860088365244, 0.041728031418753066, 0.020823105874652265, 0.008181966944853543, 0.005850106365570283, 0.013827524136802487, 0.003681885125184094, 0.0062592047128129605, 0.005072819505809197, 0.0025364097529045984, 0.004254622811323842, 0.0007363770250368188, 0.004704630993290787, 0.005972835869743086, 0.008468335787923416, 0.0019636720667648502, 0.04013254786450663, 0.0061773850433644245, 0.01718213058419244, 0.028718703976435934, 0.013132056946489936, 0.012968417607592866, 0.031909671084928815, 0.021559482899689085, 0.012191130747831779, 0.005195549009981999, 0.011086565210276551, 0.0018000327278677793, 0.0007363770250368188, 0.008263786614302078, 0.0015136638847979055, 0.0006136475208640157, 0.0009818360333824251, 0.002986417934871543, 0.022418589428898707, 0.03923253150057274, 0.02524136802487318, 0.03653248240877107, 0.022254950090001637, 0.006136475208640157, 0.010350188185239731, 0.003027327769595811, 0.013459335624284079, 0.015259368352151857, 0.045819014891179836, 0.049255441008018326, 0.007977417771232204, 0.009450171821305841, 0.023073146784486992, 0.019104892816233024, 0.031173294059892, 0.0061773850433644245, 0.00020454917362133857, 0.016854851906398297, 0.013172966781214204, 0.009695630829651448, 0.017304860088365244, 0.007404680085092456, 0.004663721158566519, 0.002004581901489118, 0.024586810669284895, 0.002986417934871543, 0.0024136802487317952, 0.007036491572574047, 0.017509409261986582, 0.004418262150220913, 0.01288659793814433, 0.01877761413843888, 0.010718376697758141, 0.0024136802487317952, 0.0030682376043200785, 0.03006872852233677, 0.03460972017673049, 0.039437080674194075, 0.029823269513991165, 0.022623138602520045, 0.013868433971526754, 0.011086565210276551, 0.003231876943217149, 0.008795614465717558, 0.0181230567828506, 0.038741613483881526, 0.05015545737195222, 0.032850597283586976, 0.03125511372934053, 0.0195139911634757, 0.006136475208640157, 0.01828669612174767, 0.02573228604156439, 0.003436426116838488
0.006422844051710031, 0.013009327442317134, 0.0010636557028309605, 0.012109311078383244, 0.017100310914743906, 0.009613811160202913, 0.005072819505809197, 0.003150057273768614, 0.003559155621011291, 0.0299050891834397, 0.015013909343806251, 0.0026591392570774015, 0.020454917362133857, 0.012559319260350189, 0.004622811323842252, 0.009941089837997054, 0.009081983308787433, 0.006995581737849779, 0.010718376697758141, 0.0027409589265259366, 0.005072819505809197, 0.00715922107674685, 0.009572901325478646, 0.009981999672721321, 0.0002454590083456063, 0.0036000654557355586, 0.0037227949599083618, 0.0006954671903125512, 0.0038046146293568973, 0.0022091310751104565, 0.011127475045000819, 0.01341842578955981, 0.005441008018327606, 0.0033546064473899523, 0.004622811323842252, 0.011495663557519228, 0.011086565210276551, 0.006300114547537228, 0.0006545573555882834, 0.017795778105056455, 0.015259368352151857, 0.015463917525773196, 0.003272786777941417, 0.008345606283750613, 0.0013091147111765667, 0.023523154966453935, 0.01628211422025855, 0.023891343478972343, 0.007036491572574047, 0.0039273441335297005, 0.003150057273768614, 0.017591228931435117, 0.008509245622647684, 0.015995745377188675, 0.004663721158566519, 0.013500245459008346, 0.006463753886434298, 0.013582065128456881, 0.010063819342169858, 0.003436426116838488, 0.023032236949762724, 0.029823269513991165, 0.013336606120111274, 0.005072819505809197, 0.015832106038291605, 0.010391098019963999, 0.015791196203567337, 0.01628211422025855, 0.02524136802487318, 0.0020864015709376534, 0.0026182294223531335, 0.0027409589265259366, 0.005113729340533464, 0.008345606283750613, 0.008386516118474881, 0.0074455899198167235, 0.004459171984945181, 0.018532155130093275, 0.005645557191948944, 0.013050237277041401, 0.01894125347733595, 0.0018000327278677793, 0.0037227949599083618, 0.0023727704140075272, 0.0015136638847979055, 0.005113729340533464, 0.012313860252004582, 0.005318278514154803, 0.008427425953199149, 0.011863852070037637, 0.011822942235313369, 0.023932253313696614, 0.010677466863033874, 0.014072983145148094, 0.009245622647684503, 0.018163966617574866, 0.02110947471772214, 0.019554900998199967, 0.0030682376043200785, 0.006463753886434298
