0.002617801047120419, 0.0030268324607329844, 0.007771596858638744, 0.013825261780104712, 0.0010634816753926702, 0.004417539267015707, 0.00343586387434555, 0.0022087696335078536, 0.007444371727748691, 0.006135471204188482, 0.004581151832460733, 0.00343586387434555, 0.003108638743455497, 0.007444371727748691, 0.009407722513089006, 0.0008180628272251309, 0.012352748691099476, 8.18062827225131e-5, 0.01112565445026178, 0.011043848167539267, 0.0013089005235602095, 0.014397905759162303, 0.014806937172774868, 0.0067081151832460734, 0.005235602094240838, 0.006053664921465969, 0.000899869109947644, 0.004253926701570681, 0.005726439790575916, 0.0067081151832460734, 0.0062990837696335076, 0.007526178010471204, 0.002535994764397906, 0.004826570680628272, 0.0022905759162303663, 0.0003272251308900524, 0.0030268324607329844, 0.0012270942408376963, 0.013007198952879582, 0.0087532722513089, 0.0068717277486911, 0.003926701570680628, 0.007362565445026178, 0.0004908376963350785, 0.008098821989528797, 0.008426047120418848, 0.00899869109947644, 0.004581151832460733, 0.007198952879581152, 0.003763089005235602, 0.007035340314136125, 0.005153795811518325, 0.0030268324607329844, 0.002045157068062827, 0.0001636125654450262, 8.18062827225131e-5, 0.001799738219895288, 0.003926701570680628, 0.0024541884816753927, 0.004172120418848168, 0.0023723821989528795, 0.0022905759162303663, 0.006462696335078534, 0.0003272251308900524, 0.001881544502617801, 0.0026996073298429317, 0.0015543193717277486, 0.009898560209424083, 0.007362565445026178, 0.0014725130890052356, 0.004008507853403141, 0.0030268324607329844, 0.011452879581151832, 0.0026996073298429317, 0.0008180628272251309, 0.010716623036649215, 0.0038448952879581153, 0.0053992146596858635, 0.007035340314136125, 0.006135471204188482, 0.002045157068062827, 0.001963350785340314, 0.009325916230366492, 0.004253926701570681, 0.01325261780104712, 0.01137107329842932, 0.012516361256544503, 0.013089005235602094, 0.006217277486910994, 0.004090314136125654, 0.001799738219895288, 0.008262434554973821, 0.0076079842931937175, 0.0021269633507853404, 0.008098821989528797, 0.000899869109947644, 0.008180628272251309, 0.004908376963350785, 0.0023723821989528795, 0.001881544502617801
0.005153795811518325, 0.004008507853403141, 0.0013089005235602095, 0.0023723821989528795, 0.0053992146596858635, 0.000899869109947644, 0.0071171465968586384, 0.003681282722513089, 0.005726439790575916, 0.0049901832460732985, 0.006217277486910994, 0.004908376963350785, 0.006380890052356021, 0.007526178010471204, 0.014806937172774868, 0.008916884816753927, 0.005971858638743456, 0.00793520942408377, 0.0062990837696335076, 0.003599476439790576, 0.0006544502617801048, 0.008262434554973821, 0.010798429319371727, 0.002617801047120419, 0.00981675392670157, 0.012025523560209424, 0.0008180628272251309, 0.001881544502617801, 0.0029450261780104713, 0.0003272251308900524, 0.0011452879581151832, 0.0023723821989528795, 0.007853403141361256, 0.009571335078534032, 0.014725130890052356, 0.024869109947643978, 0.01767015706806283, 0.014479712041884817, 0.004172120418848168, 0.013825261780104712, 0.011207460732984294, 0.006135471204188482, 0.0058900523560209425, 0.005808246073298429, 0.00343586387434555, 0.002781413612565445, 0.0, 0.003599476439790576, 0.0021269633507853404, 0.013988874345549738, 0.014397905759162303, 0.011289267015706806, 0.003926701570680628, 0.0029450261780104713, 0.004090314136125654, 0.012598167539267015, 0.014479712041884817, 0.02036976439790576, 0.02675065445026178, 0.011861910994764397, 0.003926701570680628, 0.0076079842931937175, 0.010634816753926702, 0.0004908376963350785, 0.004826570680628272, 0.0016361256544502618, 0.008671465968586388, 0.002045157068062827, 0.001881544502617801, 8.18062827225131e-5, 0.0023723821989528795, 0.003108638743455497, 0.008017015706806283, 0.00556282722513089, 0.004581151832460733, 0.005071989528795812, 0.007280759162303665, 0.0014725130890052356, 0.0067081151832460734, 0.004581151832460733, 0.006462696335078534, 0.011043848167539267, 0.00343586387434555, 0.0087532722513089, 0.0023723821989528795, 0.0023723821989528795, 0.0058900523560209425, 0.0022905759162303663, 0.0005726439790575916, 0.005071989528795812, 0.0001636125654450262, 0.008262434554973821, 0.004090314136125654, 0.005726439790575916, 0.00556282722513089, 0.0011452879581151832, 0.008344240837696335, 0.0032722513089005235, 0.004172120418848168, 0.004908376963350785
0.005235602094240838, 0.008180628272251309, 0.007526178010471204, 0.014806937172774868, 0.009162303664921465, 0.007689790575916231, 0.006380890052356021, 0.016606675392670158, 0.018079188481675394, 0.009898560209424083, 0.014152486910994765, 0.0187336387434555, 0.016361256544502618, 0.011698298429319371, 0.012925392670157068, 0.013334424083769633, 0.01668848167539267, 0.014725130890052356, 0.01349803664921466, 0.000981675392670157, 0.001963350785340314, 0.0007362565445026178, 0.00662630890052356, 0.003599476439790576, 0.0068717277486911, 0.0022087696335078536, 0.00343586387434555, 0.004581151832460733, 0.0067081151832460734, 0.01112565445026178, 0.00793520942408377, 0.020778795811518324, 0.008671465968586388, 0.00662630890052356, 0.002863219895287958, 0.014234293193717277, 0.011698298429319371, 0.011289267015706806, 0.009653141361256544, 0.002535994764397906, 0.0022087696335078536, 0.0032722513089005235, 0.012925392670157068, 0.01799738219895288, 0.011452879581151832, 0.006380890052356021, 0.014479712041884817, 0.0001636125654450262, 0.009162303664921465, 0.011698298429319371, 0.0010634816753926702, 0.005481020942408377, 0.013579842931937173, 0.006135471204188482, 0.0058900523560209425, 0.020287958115183247, 0.04466623036649214, 0.04360274869109947, 0.04466623036649214, 0.050474476439790576, 0.037058246073298426, 0.02855039267015707, 0.02036976439790576, 0.009080497382198953, 0.002045157068062827, 0.0067081151832460734, 0.0010634816753926702, 0.00024541884816753925, 0.004744764397905759, 0.0003272251308900524, 0.0058900523560209425, 0.0022905759162303663, 0.004090314136125654, 0.001717931937172775, 0.004908376963350785, 0.0030268324607329844, 0.003926701570680628, 0.004581151832460733, 0.0087532722513089, 0.004172120418848168, 0.004172120418848168, 0.012025523560209424, 0.0003272251308900524, 0.0067081151832460734, 0.0008180628272251309, 0.0035176701570680626, 0.0004908376963350785, 0.005726439790575916, 0.007444371727748691, 0.013334424083769633, 0.01349803664921466, 0.0058900523560209425, 0.00040903141361256544, 0.013661649214659686, 0.0010634816753926702, 0.001799738219895288, 0.0021269633507853404, 0.004172120418848168, 0.0007362565445026178, 0.008262434554973821
0.01112565445026178, 0.016606675392670158, 0.026668848167539266, 0.007771596858638744, 0.00981675392670157, 0.0024541884816753927, 0.008507853403141362, 0.015379581151832461, 0.02912303664921466, 0.028714005235602094, 0.02535994764397906, 0.03943062827225131, 0.022005890052356022, 0.005971858638743456, 0.0, 0.0012270942408376963, 0.0013089005235602095, 0.004908376963350785, 0.004662958115183246, 0.001799738219895288, 0.0026996073298429317, 0.0067081151832460734, 0.009407722513089006, 0.002863219895287958, 0.0033540575916230367, 0.006053664921465969, 0.0011452879581151832, 0.00343586387434555, 0.0013089005235602095, 0.019224476439790576, 0.0274869109947644, 0.025278141361256546, 0.022905759162303665, 0.002863219895287958, 0.00899869109947644, 0.005071989528795812, 0.011780104712041885, 0.006953534031413613, 0.0021269633507853404, 0.0024541884816753927, 0.001881544502617801, 0.012925392670157068, 0.024051047120418848, 0.00981675392670157, 0.01456151832460733, 0.025850785340314136, 0.01955170157068063, 0.017015706806282723, 0.004662958115183246, 0.009571335078534032, 0.014316099476439791, 0.021760471204188482, 0.016197643979057593, 0.007035340314136125, 0.007362565445026178, 0.024051047120418848, 0.04761125654450262, 0.05930955497382199, 0.052683246073298426, 0.06479057591623037, 0.05350130890052356, 0.05710078534031414, 0.046875, 0.04523887434554974, 0.02454188481675393, 0.026341623036649213, 0.008017015706806283, 0.013825261780104712, 0.011780104712041885, 0.00899869109947644, 0.0087532722513089, 0.000981675392670157, 0.011289267015706806, 0.012025523560209424, 0.0013089005235602095, 0.007526178010471204, 0.003108638743455497, 0.0026996073298429317, 0.0076079842931937175, 0.0033540575916230367, 0.011452879581151832, 0.004908376963350785, 0.0015543193717277486, 0.001963350785340314, 0.0013907068062827225, 0.006789921465968587, 0.0014725130890052356, 0.008426047120418848, 0.007771596858638744, 0.01693390052356021, 0.010880235602094241, 0.0006544502617801048, 0.009162303664921465, 0.005071989528795812, 0.0030268324607329844, 0.009325916230366492, 0.0015543193717277486, 0.005235602094240838, 0.0024541884816753927, 0.027814136125654452
0.020287958115183247, 0.018242801047120418, 0.012352748691099476, 0.012434554973821989, 0.005726439790575916, 0.0031904450261780104, 0.008426047120418848, 0.012598167539267015, 0.020206151832460734, 0.022905759162303665, 0.04172120418848167, 0.05112892670157068, 0.032231675392670155, 0.028468586387434554, 0.01799738219895288, 0.0007362565445026178, 0.006544502617801047, 0.0006544502617801048, 0.005071989528795812, 0.0003272251308900524, 0.004090314136125654, 0.0012270942408376963, 0.00343586387434555, 0.010143979057591623, 0.00024541884816753925, 0.0024541884816753927, 0.0022905759162303663, 0.0035176701570680626, 0.0008180628272251309, 0.013907068062827226, 0.03550392670157068, 0.03722185863874346, 0.0293684554973822, 0.0005726439790575916, 0.02143324607329843, 0.022987565445026177, 0.009898560209424083, 0.0016361256544502618, 0.003599476439790576, 0.0035176701570680626, 0.032722513089005235, 0.015379581151832461, 0.001799738219895288, 0.024214659685863876, 0.015461387434554974, 0.017424738219895288, 0.022905759162303665, 0.016606675392670158, 0.002045157068062827, 0.01832460732984293, 0.022005890052356022, 0.014316099476439791, 0.01832460732984293, 0.012843586387434556, 0.004826570680628272, 0.016361256544502618, 0.03198625654450262, 0.052928664921465966, 0.05431937172774869, 0.06012761780104712, 0.06413612565445026, 0.06454515706806283, 0.06004581151832461, 0.05489201570680628, 0.05849149214659686, 0.04736583769633508, 0.02306937172774869, 0.0012270942408376963, 0.011861910994764397, 0.013579842931937173, 0.0058900523560209425, 0.000981675392670157, 0.0, 0.0006544502617801048, 0.0023723821989528795, 0.012516361256544503, 0.004826570680628272, 0.007280759162303665, 0.0024541884816753927, 0.004908376963350785, 0.004826570680628272, 0.002617801047120419, 0.002535994764397906, 0.004172120418848168, 0.004417539267015707, 0.009489528795811518, 0.008098821989528797, 0.01267997382198953, 0.016279450261780105, 0.014397905759162303, 0.008916884816753927, 0.001881544502617801, 0.011289267015706806, 0.008180628272251309, 0.013416230366492147, 0.004417539267015707, 0.0031904450261780104, 0.004172120418848168, 0.009080497382198953, 0.024460078534031413
0.0068717277486911, 0.014888743455497382, 0.017588350785340313, 0.021351439790575917, 0.013416230366492147, 0.001717931937172775, 0.0022905759162303663, 0.007035340314136125, 0.017424738219895288, 0.02650523560209424, 0.045075261780104715, 0.04532068062827225, 0.04204842931937173, 0.04114856020942408, 0.018979057591623036, 0.0005726439790575916, 0.006953534031413613, 0.009162303664921465, 0.001881544502617801, 0.013416230366492147, 0.01407068062827225, 0.002535994764397906, 0.004417539267015707, 0.004008507853403141, 0.009898560209424083, 0.033213350785340316, 0.006053664921465969, 8.18062827225131e-5, 0.0022905759162303663, 0.003926701570680628, 0.017424738219895288, 0.01832460732984293, 0.021760471204188482, 0.006789921465968587, 0.017179319371727748, 0.009734947643979058, 0.001963350785340314, 0.006053664921465969, 0.006380890052356021, 0.016197643979057593, 0.017915575916230365, 0.0030268324607329844, 0.012843586387434556, 0.026587041884816753, 0.02462369109947644, 0.024214659685863876, 0.013007198952879582, 0.004908376963350785, 0.01030759162303665, 0.014970549738219895, 0.016197643979057593, 0.010389397905759162, 0.01030759162303665, 0.007853403141361256, 0.006462696335078534, 0.01030759162303665, 0.031659031413612565, 0.03697643979057592, 0.05505562827225131, 0.049410994764397906, 0.05840968586387434, 0.06364528795811518, 0.0525196335078534, 0.05783704188481675, 0.04442081151832461, 0.04016688481675393, 0.02380562827225131, 0.0175065445026178, 0.00449934554973822, 0.0001636125654450262, 0.008671465968586388, 0.007771596858638744, 0.004335732984293194, 0.001799738219895288, 0.007444371727748691, 0.0076079842931937175, 0.0022087696335078536, 0.0011452879581151832, 0.000899869109947644, 0.001963350785340314, 0.0067081151832460734, 0.002781413612565445, 0.0004908376963350785, 0.00662630890052356, 0.000899869109947644, 0.00556282722513089, 0.005481020942408377, 0.014725130890052356, 0.009734947643979058, 0.0067081151832460734, 0.009162303664921465, 0.01587041884816754, 0.02151505235602094, 0.009162303664921465, 0.016524869109947642, 0.028468586387434554, 0.010962041884816753, 0.008916884816753927, 0.006217277486910994, 0.009489528795811518
0.016524869109947642, 0.016279450261780105, 0.011780104712041885, 0.0175065445026178, 0.0038448952879581153, 0.007526178010471204, 0.007035340314136125, 0.0001636125654450262, 0.006135471204188482, 0.01325261780104712, 0.028468586387434554, 0.03910340314136126, 0.03992146596858639, 0.0387761780104712, 0.02233311518324607, 0.000981675392670157, 0.0010634816753926702, 0.013334424083769633, 0.004090314136125654, 0.010143979057591623, 0.008426047120418848, 0.007526178010471204, 0.0029450261780104713, 0.001799738219895288, 0.02167866492146597, 0.03599476439790576, 0.022087696335078535, 0.010389397905759162, 0.006544502617801047, 0.003763089005235602, 0.004908376963350785, 0.007035340314136125, 0.008835078534031414, 0.001717931937172775, 0.016524869109947642, 0.013579842931937173, 0.003763089005235602, 0.0013089005235602095, 0.016115837696335077, 0.03509489528795812, 0.0022087696335078536, 0.023723821989528795, 0.035422120418848166, 0.02805955497382199, 0.022987565445026177, 0.013416230366492147, 0.004662958115183246, 0.002535994764397906, 0.01693390052356021, 0.0137434554973822, 0.007526178010471204, 0.020533376963350787, 0.01349803664921466, 0.008098821989528797, 0.013334424083769633, 0.015952225130890053, 0.01799738219895288, 0.04221204188481675, 0.04253926701570681, 0.04139397905759162, 0.04662958115183246, 0.03926701570680628, 0.052110602094240836, 0.048674738219895285, 0.0431119109947644, 0.03419502617801047, 0.012925392670157068, 0.02151505235602094, 0.02036976439790576, 0.010962041884816753, 0.009898560209424083, 0.009571335078534032, 0.01668848167539267, 0.007526178010471204, 0.00793520942408377, 0.007689790575916231, 0.008916884816753927, 0.0006544502617801048, 0.008344240837696335, 0.010880235602094241, 0.005644633507853403, 0.006217277486910994, 0.005644633507853403, 0.004744764397905759, 0.0014725130890052356, 0.0022087696335078536, 0.016361256544502618, 0.015952225130890053, 0.010716623036649215, 0.0038448952879581153, 0.010143979057591623, 0.02151505235602094, 0.009407722513089006, 0.009325916230366492, 0.012761780104712041, 0.01349803664921466, 0.0175065445026178, 0.01767015706806283, 0.016524869109947642, 0.013416230366492147
0.009980366492146597, 0.015134162303664921, 0.012761780104712041, 0.014479712041884817, 0.005235602094240838, 0.00343586387434555, 0.0013089005235602095, 0.008426047120418848, 0.004581151832460733, 0.0022905759162303663, 0.00343586387434555, 0.030350130890052358, 0.028632198952879582, 0.03722185863874346, 0.023396596858638742, 0.007035340314136125, 0.0016361256544502618, 0.006380890052356021, 0.00793520942408377, 0.01799738219895288, 0.015379581151832461, 0.015052356020942409, 0.006053664921465969, 0.020042539267015706, 0.03673102094240838, 0.03803992146596859, 0.03100458115183246, 0.037467277486911, 0.014234293193717277, 0.012516361256544503, 0.007362565445026178, 0.0033540575916230367, 0.0016361256544502618, 0.002617801047120419, 0.008507853403141362, 0.015788612565445025, 0.023969240837696335, 0.029613874345549736, 0.042702879581151834, 0.00449934554973822, 0.016197643979057593, 0.03820353403141361, 0.041884816753926704, 0.033213350785340316, 0.02568717277486911, 0.02650523560209424, 0.001717931937172775, 0.0008180628272251309, 0.022660340314136124, 0.011780104712041885, 0.009571335078534032, 0.01644306282722513, 0.01267997382198953, 0.010798429319371727, 0.008180628272251309, 0.004335732984293194, 0.013988874345549738, 0.02069698952879581, 0.04008507853403141, 0.03836714659685864, 0.03771269633507853, 0.030595549738219895, 0.03673102094240838, 0.040003272251308904, 0.03198625654450262, 0.03394960732984293, 0.02225130890052356, 0.021106020942408377, 0.016034031413612565, 0.002781413612565445, 0.004335732984293194, 0.004335732984293194, 0.000899869109947644, 0.004826570680628272, 0.0007362565445026178, 0.013416230366492147, 0.0, 0.003926701570680628, 0.008426047120418848, 0.0011452879581151832, 0.0004908376963350785, 0.0058900523560209425, 0.0087532722513089, 0.0022087696335078536, 0.00449934554973822, 0.010471204188481676, 0.009325916230366492, 0.0011452879581151832, 0.010471204188481676, 0.006053664921465969, 0.0076079842931937175, 0.020206151832460734, 0.023396596858638742, 0.015625, 0.005153795811518325, 0.01325261780104712, 0.0015543193717277486, 0.01407068062827225, 0.024705497382198953, 0.01112565445026178
0.01587041884816754, 0.0206151832460733, 0.009571335078534032, 0.007198952879581152, 0.001717931937172775, 0.000899869109947644, 0.0033540575916230367, 0.006380890052356021, 0.0031904450261780104, 0.0013089005235602095, 0.0016361256544502618, 0.005808246073298429, 0.01644306282722513, 0.02413285340314136, 0.01267997382198953, 0.0008180628272251309, 0.0068717277486911, 0.02143324607329843, 0.020860602094240836, 0.004090314136125654, 0.016034031413612565, 0.017179319371727748, 0.005317408376963351, 0.017833769633507853, 0.038121727748691096, 0.03157722513089005, 0.04712041884816754, 0.03476767015706806, 0.025850785340314136, 0.007689790575916231, 0.014397905759162303, 0.01644306282722513, 0.017342931937172776, 0.022660340314136124, 0.026096204188481676, 0.03869437172774869, 0.031659031413612565, 0.01832460732984293, 0.004335732984293194, 0.01832460732984293, 0.02756871727748691, 0.03558573298429319, 0.02454188481675393, 0.04180301047120419, 0.02274214659685864, 0.007526178010471204, 0.003763089005235602, 0.012516361256544503, 0.012843586387434556, 0.013661649214659686, 0.017342931937172776, 0.020206151832460734, 0.015215968586387435, 0.009898560209424083, 0.008916884816753927, 0.004335732984293194, 0.004417539267015707, 0.025932591623036648, 0.02724149214659686, 0.029777486910994765, 0.035667539267015706, 0.0350130890052356, 0.03427683246073299, 0.03018651832460733, 0.022169502617801047, 0.03018651832460733, 0.01767015706806283, 0.019797120418848166, 0.023396596858638742, 0.004908376963350785, 0.0014725130890052356, 0.007362565445026178, 0.006462696335078534, 0.004253926701570681, 0.004172120418848168, 0.007362565445026178, 0.013825261780104712, 0.001799738219895288, 0.0003272251308900524, 0.005808246073298429, 0.0004908376963350785, 0.005726439790575916, 0.00924410994764398, 0.006053664921465969, 0.004172120418848168, 0.008262434554973821, 0.001799738219895288, 0.004581151832460733, 0.0058900523560209425, 0.0030268324607329844, 0.0022087696335078536, 0.0187336387434555, 0.015788612565445025, 0.010798429319371727, 0.005235602094240838, 0.008344240837696335, 0.007526178010471204, 0.0137434554973822, 0.010716623036649215, 0.01456151832460733
0.013416230366492147, 0.016115837696335077, 0.0068717277486911, 0.010143979057591623, 0.002863219895287958, 0.008671465968586388, 0.009325916230366492, 0.0030268324607329844, 0.00040903141361256544, 0.004172120418848168, 0.007689790575916231, 0.0012270942408376963, 0.007280759162303665, 0.00040903141361256544, 0.004008507853403141, 0.008426047120418848, 0.02380562827225131, 0.026341623036649213, 0.026587041884816753, 0.023478403141361258, 0.015543193717277488, 0.010225785340314136, 0.00981675392670157, 0.017015706806282723, 0.034358638743455495, 0.04180301047120419, 0.03476767015706806, 0.04818390052356021, 0.029777486910994765, 0.028795811518324606, 0.03550392670157068, 0.03386780104712042, 0.037303664921465966, 0.04613874345549738, 0.056282722513089, 0.04548429319371728, 0.0262598167539267, 0.00556282722513089, 0.008835078534031414, 0.037303664921465966, 0.02855039267015707, 0.030922774869109947, 0.028468586387434554, 0.02920484293193717, 0.028795811518324606, 0.021269633507853405, 0.005153795811518325, 0.006789921465968587, 0.009571335078534032, 0.013089005235602094, 0.023723821989528795, 0.013089005235602094, 0.021106020942408377, 0.015297774869109947, 0.016524869109947642, 0.0022087696335078536, 0.003926701570680628, 0.011452879581151832, 0.036485602094240836, 0.03157722513089005, 0.04049410994764398, 0.025523560209424083, 0.020533376963350787, 0.020206151832460734, 0.017833769633507853, 0.013334424083769633, 0.012025523560209424, 0.015134162303664921, 0.007035340314136125, 0.006462696335078534, 0.012761780104712041, 0.0030268324607329844, 0.0022087696335078536, 0.005726439790575916, 0.0015543193717277486, 0.00793520942408377, 0.005235602094240838, 0.0, 0.005481020942408377, 0.0029450261780104713, 0.011861910994764397, 0.00040903141361256544, 0.003599476439790576, 0.00449934554973822, 0.001881544502617801, 0.0068717277486911, 0.0001636125654450262, 0.008916884816753927, 0.010880235602094241, 0.0038448952879581153, 0.009571335078534032, 0.01963350785340314, 0.017179319371727748, 0.008262434554973821, 0.001717931937172775, 0.011780104712041885, 0.016361256544502618, 0.013334424083769633, 0.022660340314136124, 0.005235602094240838
0.025278141361256546, 0.012434554973821989, 0.014643324607329844, 0.010962041884816753, 0.0033540575916230367, 0.010880235602094241, 0.007526178010471204, 0.0014725130890052356, 0.005644633507853403, 0.0010634816753926702, 0.010389397905759162, 0.009325916230366492, 0.006789921465968587, 0.00662630890052356, 0.007362565445026178, 0.017342931937172776, 0.033785994764397906, 0.030840968586387435, 0.03427683246073299, 0.02920484293193717, 0.024051047120418848, 0.02118782722513089, 0.023478403141361258, 0.023969240837696335, 0.02356020942408377, 0.021924083769633507, 0.0274869109947644, 0.01693390052356021, 0.016606675392670158, 0.03206806282722513, 0.03787630890052356, 0.045075261780104715, 0.04033049738219895, 0.05546465968586387, 0.051047120418848166, 0.02306937172774869, 0.008344240837696335, 0.01456151832460733, 0.034604057591623036, 0.019469895287958117, 0.02356020942408377, 0.00981675392670157, 0.014397905759162303, 0.030840968586387435, 0.03370418848167539, 0.01693390052356021, 0.009571335078534032, 0.005153795811518325, 0.011943717277486911, 0.00899869109947644, 0.0224967277486911, 0.014152486910994765, 0.012516361256544503, 0.003681282722513089, 0.007853403141361256, 0.006462696335078534, 0.010798429319371727, 0.0012270942408376963, 0.029859293193717277, 0.029859293193717277, 0.03607657068062827, 0.017261125654450264, 0.017179319371727748, 0.011616492146596859, 0.014806937172774868, 0.014888743455497382, 0.01349803664921466, 0.015625, 0.0137434554973822, 0.01137107329842932, 0.004826570680628272, 0.0016361256544502618, 0.00449934554973822, 0.010143979057591623, 0.0006544502617801048, 0.005153795811518325, 8.18062827225131e-5, 0.005235602094240838, 0.0076079842931937175, 0.015379581151832461, 0.0137434554973822, 0.002535994764397906, 0.004908376963350785, 0.003599476439790576, 0.006953534031413613, 0.0087532722513089, 0.00556282722513089, 0.013988874345549738, 0.027405104712041883, 0.009571335078534032, 0.015134162303664921, 0.021269633507853405, 0.02356020942408377, 0.006217277486910994, 0.015461387434554974, 0.01218913612565445, 0.0187336387434555, 0.019142670157068064, 0.029041230366492147, 0.021024214659685864
0.018979057591623036, 0.022905759162303665, 0.02380562827225131, 0.011207460732984294, 0.014152486910994765, 0.009898560209424083, 0.006789921465968587, 0.006789921465968587, 0.007771596858638744, 0.002781413612565445, 0.012352748691099476, 0.011452879581151832, 0.013007198952879582, 0.015052356020942409, 0.024214659685863876, 0.02887761780104712, 0.043520942408376964, 0.045729712041884814, 0.032231675392670155, 0.03534031413612566, 0.041884816753926704, 0.027895942408376964, 0.03558573298429319, 0.02617801047120419, 0.027077879581151834, 0.014234293193717277, 0.015625, 0.010389397905759162, 0.01137107329842932, 0.017588350785340313, 0.0293684554973822, 0.0487565445026178, 0.047284031413612565, 0.03771269633507853, 0.04556609947643979, 0.01799738219895288, 0.0015543193717277486, 0.020860602094240836, 0.01963350785340314, 0.011943717277486911, 0.0035176701570680626, 0.006217277486910994, 0.009325916230366492, 0.016034031413612565, 0.03288612565445026, 0.014970549738219895, 0.004826570680628272, 0.0006544502617801048, 0.010798429319371727, 0.009980366492146597, 0.021024214659685864, 0.028223167539267017, 0.016770287958115183, 0.0001636125654450262, 0.007198952879581152, 0.0015543193717277486, 0.0053992146596858635, 0.007526178010471204, 0.031904450261780105, 0.021760471204188482, 0.03231348167539267, 0.02167866492146597, 0.012025523560209424, 0.01407068062827225, 0.008916884816753927, 0.007771596858638744, 0.015543193717277488, 0.01030759162303665, 0.011207460732984294, 0.005235602094240838, 0.008098821989528797, 0.0049901832460732985, 0.00024541884816753925, 0.005971858638743456, 0.01267997382198953, 0.001881544502617801, 0.003763089005235602, 0.003599476439790576, 0.00024541884816753925, 0.0067081151832460734, 0.012107329842931938, 0.0003272251308900524, 0.0058900523560209425, 0.00556282722513089, 0.009734947643979058, 8.18062827225131e-5, 0.014397905759162303, 0.015215968586387435, 0.0022905759162303663, 0.0024541884816753927, 0.008589659685863874, 0.022905759162303665, 0.02642342931937173, 0.013170811518324606, 0.020042539267015706, 0.015543193717277488, 0.024460078534031413, 0.012025523560209424, 0.011943717277486911, 0.020206151832460734
0.024214659685863876, 0.022169502617801047, 0.02912303664921466, 0.010225785340314136, 0.01857002617801047, 0.016115837696335077, 0.0076079842931937175, 0.01693390052356021, 0.017424738219895288, 0.01407068062827225, 0.0006544502617801048, 0.00899869109947644, 0.021269633507853405, 0.02642342931937173, 0.03754908376963351, 0.037303664921465966, 0.03607657068062827, 0.04131217277486911, 0.04262107329842932, 0.048020287958115186, 0.04949280104712042, 0.03828534031413613, 0.03198625654450262, 0.0274869109947644, 0.033785994764397906, 0.013825261780104712, 0.013334424083769633, 0.008098821989528797, 0.008916884816753927, 0.015706806282722512, 0.024460078534031413, 0.03779450261780105, 0.05161976439790576, 0.04720222513089005, 0.03345876963350786, 0.0350130890052356, 0.011698298429319371, 0.018079188481675394, 0.01137107329842932, 0.001717931937172775, 0.005071989528795812, 0.007035340314136125, 0.015543193717277488, 0.015952225130890053, 0.01799738219895288, 0.024214659685863876, 0.005481020942408377, 0.0067081151832460734, 0.0049901832460732985, 0.004335732984293194, 0.015379581151832461, 0.018160994764397906, 0.007362565445026178, 0.006462696335078534, 0.0035176701570680626, 0.007280759162303665, 0.004826570680628272, 0.004908376963350785, 0.029450261780104712, 0.019715314136125654, 0.02642342931937173, 0.023969240837696335, 0.01848821989528796, 0.011289267015706806, 0.010880235602094241, 0.008507853403141362, 0.003108638743455497, 0.008180628272251309, 0.0010634816753926702, 0.0067081151832460734, 0.011698298429319371, 0.0033540575916230367, 0.002617801047120419, 8.18062827225131e-5, 0.006053664921465969, 0.005071989528795812, 0.001799738219895288, 0.001799738219895288, 0.010798429319371727, 0.00793520942408377, 0.008916884816753927, 0.00040903141361256544, 0.008180628272251309, 0.0015543193717277486, 0.012434554973821989, 0.000981675392670157, 0.016361256544502618, 0.012434554973821989, 0.008835078534031414, 0.0013089005235602095, 0.012761780104712041, 0.018406413612565446, 0.0187336387434555, 0.008344240837696335, 0.0067081151832460734, 0.020778795811518324, 0.008017015706806283, 0.019715314136125654, 0.020860602094240836, 0.02306937172774869
0.030759162303664923, 0.03844895287958115, 0.02732329842931937, 0.013007198952879582, 0.007280759162303665, 0.013825261780104712, 0.001881544502617801, 0.025932591623036648, 0.017833769633507853, 0.003681282722513089, 0.005317408376963351, 0.005235602094240838, 0.010798429319371727, 0.027895942408376964, 0.04278468586387434, 0.05800065445026178, 0.05071989528795812, 0.0668357329842932, 0.055628272251308904, 0.05178337696335079, 0.03714005235602094, 0.04049410994764398, 0.030677356020942407, 0.01955170157068063, 0.02012434554973822, 0.015134162303664921, 0.010225785340314136, 0.017833769633507853, 0.0013907068062827225, 0.015625, 0.013089005235602094, 0.012434554973821989, 0.032722513089005235, 0.046711387434554975, 0.048592931937172776, 0.03231348167539267, 0.0137434554973822, 0.006462696335078534, 0.007444371727748691, 0.007280759162303665, 0.007198952879581152, 0.0016361256544502618, 0.008589659685863874, 0.014397905759162303, 0.020533376963350787, 0.0014725130890052356, 0.0013907068062827225, 0.005808246073298429, 0.0087532722513089, 0.01112565445026178, 0.01644306282722513, 0.014888743455497382, 0.02118782722513089, 0.007853403141361256, 0.009734947643979058, 0.006135471204188482, 0.01349803664921466, 0.00899869109947644, 0.017179319371727748, 0.022005890052356022, 0.025032722513089006, 0.01955170157068063, 0.024051047120418848, 0.0021269633507853404, 0.00793520942408377, 0.009489528795811518, 0.012270942408376964, 0.0076079842931937175, 0.0021269633507853404, 0.006544502617801047, 0.006135471204188482, 0.005153795811518325, 0.01030759162303665, 0.00793520942408377, 0.0022087696335078536, 0.008916884816753927, 0.0076079842931937175, 0.0076079842931937175, 0.013988874345549738, 0.007198952879581152, 0.00556282722513089, 0.001799738219895288, 0.005153795811518325, 0.00793520942408377, 0.006544502617801047, 0.0, 0.012516361256544503, 0.011616492146596859, 0.0013907068062827225, 0.007444371727748691, 0.016770287958115183, 0.011043848167539267, 0.01987892670157068, 0.006217277486910994, 0.014316099476439791, 0.009325916230366492, 0.015379581151832461, 0.0032722513089005235, 0.010471204188481676, 0.01693390052356021
0.02535994764397906, 0.025114528795811518, 0.031904450261780105, 0.018079188481675394, 0.016852094240837695, 0.021596858638743454, 0.003599476439790576, 0.006217277486910994, 0.019224476439790576, 0.014888743455497382, 0.002617801047120419, 0.002045157068062827, 0.016279450261780105, 0.030595549738219895, 0.04172120418848167, 0.052683246073298426, 0.05693717277486911, 0.07264397905759162, 0.05489201570680628, 0.05611910994764398, 0.032722513089005235, 0.03599476439790576, 0.02151505235602094, 0.012270942408376964, 0.010553010471204188, 0.017588350785340313, 0.011534685863874345, 0.0022905759162303663, 0.0013907068062827225, 0.010634816753926702, 0.006544502617801047, 0.003599476439790576, 0.007771596858638744, 0.030840968586387435, 0.037058246073298426, 0.03861256544502618, 0.01963350785340314, 0.008262434554973821, 0.022987565445026177, 0.027650523560209424, 0.007771596858638744, 0.0003272251308900524, 0.016770287958115183, 0.01112565445026178, 0.01767015706806283, 0.0007362565445026178, 0.0035176701570680626, 0.0006544502617801048, 0.007362565445026178, 0.0012270942408376963, 0.013988874345549738, 0.01267997382198953, 0.016115837696335077, 0.007280759162303665, 0.004008507853403141, 0.006544502617801047, 0.010143979057591623, 0.014888743455497382, 0.010553010471204188, 0.016034031413612565, 0.022578534031413612, 0.021596858638743454, 0.008344240837696335, 0.0058900523560209425, 0.010880235602094241, 0.005971858638743456, 0.001799738219895288, 0.0013089005235602095, 0.0012270942408376963, 0.003926701570680628, 0.00662630890052356, 0.0008180628272251309, 0.00899869109947644, 0.002045157068062827, 0.006053664921465969, 0.009980366492146597, 0.009325916230366492, 0.0030268324607329844, 0.002535994764397906, 0.015461387434554974, 0.009571335078534032, 0.0029450261780104713, 0.012843586387434556, 0.004008507853403141, 0.0032722513089005235, 8.18062827225131e-5, 0.0012270942408376963, 0.009898560209424083, 0.000981675392670157, 0.013334424083769633, 0.025523560209424083, 0.014725130890052356, 0.012598167539267015, 0.003599476439790576, 0.024214659685863876, 0.019797120418848166, 0.017015706806282723, 0.00924410994764398, 0.008017015706806283, 0.018406413612565446
0.014970549738219895, 0.023723821989528795, 0.019060863874345548, 0.022823952879581152, 0.004581151832460733, 0.013416230366492147, 0.00924410994764398, 0.01963350785340314, 0.016279450261780105, 0.0011452879581151832, 0.013579842931937173, 0.009571335078534032, 0.0053992146596858635, 0.011452879581151832, 0.01987892670157068, 0.04613874345549738, 0.05333769633507853, 0.05481020942408377, 0.04949280104712042, 0.044093586387434554, 0.03509489528795812, 0.033213350785340316, 0.0193880890052356, 0.014152486910994765, 0.02331479057591623, 0.016279450261780105, 0.008671465968586388, 0.012270942408376964, 0.010798429319371727, 0.0016361256544502618, 0.010962041884816753, 0.0035176701570680626, 0.0022087696335078536, 0.015952225130890053, 0.034031413612565446, 0.03615837696335079, 0.025605366492146595, 0.03853075916230367, 0.03951243455497382, 0.03754908376963351, 0.022414921465968587, 0.002535994764397906, 0.01407068062827225, 0.015215968586387435, 0.0032722513089005235, 0.022905759162303665, 0.00040903141361256544, 0.0001636125654450262, 0.00662630890052356, 0.005808246073298429, 0.009980366492146597, 0.01030759162303665, 0.004908376963350785, 0.004581151832460733, 0.000899869109947644, 0.0001636125654450262, 0.004335732984293194, 0.009571335078534032, 0.0058900523560209425, 0.021351439790575917, 0.02617801047120419, 0.01407068062827225, 0.010634816753926702, 0.0024541884816753927, 0.004581151832460733, 0.0087532722513089, 0.0026996073298429317, 0.003681282722513089, 0.007771596858638744, 0.004581151832460733, 0.00556282722513089, 0.0004908376963350785, 0.002617801047120419, 0.00343586387434555, 0.007198952879581152, 0.016279450261780105, 0.006053664921465969, 0.0011452879581151832, 0.0014725130890052356, 0.008507853403141362, 0.004581151832460733, 0.005317408376963351, 0.01881544502617801, 0.022578534031413612, 0.0058900523560209425, 0.00040903141361256544, 0.006462696335078534, 0.005317408376963351, 0.007853403141361256, 0.01832460732984293, 0.012434554973821989, 0.017179319371727748, 0.008916884816753927, 0.015706806282722512, 0.01881544502617801, 0.021842277486910994, 0.004826570680628272, 0.009407722513089006, 0.005153795811518325, 0.0053992146596858635
0.009980366492146597, 0.025114528795811518, 0.02994109947643979, 0.018242801047120418, 0.01030759162303665, 0.01030759162303665, 0.022087696335078535, 0.016852094240837695, 0.013416230366492147, 0.006789921465968587, 0.001799738219895288, 0.006217277486910994, 0.003681282722513089, 0.00040903141361256544, 0.01644306282722513, 0.027405104712041883, 0.029286649214659687, 0.05071989528795812, 0.050474476439790576, 0.044584424083769635, 0.03697643979057592, 0.02462369109947644, 0.018079188481675394, 0.01799738219895288, 0.01857002617801047, 0.01325261780104712, 0.011452879581151832, 0.005317408376963351, 0.017342931937172776, 0.0035176701570680626, 0.004581151832460733, 0.004253926701570681, 0.004417539267015707, 0.010471204188481676, 0.018897251308900524, 0.024296465968586388, 0.030922774869109947, 0.02830497382198953, 0.03714005235602094, 0.03174083769633508, 0.010471204188481676, 0.0029450261780104713, 0.019142670157068064, 0.014397905759162303, 0.0024541884816753927, 0.006544502617801047, 0.0011452879581151832, 0.0015543193717277486, 0.00024541884816753925, 0.0022087696335078536, 0.007689790575916231, 0.014479712041884817, 0.00899869109947644, 8.18062827225131e-5, 0.000981675392670157, 0.01006217277486911, 0.006217277486910994, 0.003763089005235602, 0.011043848167539267, 0.017261125654450264, 0.015379581151832461, 0.01963350785340314, 0.0187336387434555, 0.0003272251308900524, 0.0005726439790575916, 0.006135471204188482, 0.008426047120418848, 0.006789921465968587, 0.005317408376963351, 0.003926701570680628, 8.18062827225131e-5, 0.004662958115183246, 0.009980366492146597, 0.004662958115183246, 0.01267997382198953, 0.009571335078534032, 0.0071171465968586384, 0.004908376963350785, 8.18062827225131e-5, 0.006135471204188482, 0.003599476439790576, 0.01832460732984293, 0.027895942408376964, 0.01644306282722513, 0.004008507853403141, 0.005153795811518325, 0.020533376963350787, 0.015543193717277488, 0.017424738219895288, 0.016034031413612565, 0.008180628272251309, 0.017342931937172776, 0.014316099476439791, 0.009898560209424083, 0.018160994764397906, 0.014234293193717277, 0.012925392670157068, 0.011698298429319371, 0.001799738219895288, 0.008426047120418848
0.0076079842931937175, 0.014234293193717277, 0.024460078534031413, 0.02036976439790576, 0.022005890052356022, 0.024950916230366493, 0.01930628272251309, 0.0014725130890052356, 0.010389397905759162, 0.010471204188481676, 0.004417539267015707, 0.0022087696335078536, 0.003763089005235602, 0.0058900523560209425, 0.005481020942408377, 0.030840968586387435, 0.03779450261780105, 0.03550392670157068, 0.033540575916230365, 0.045893324607329845, 0.027895942408376964, 0.017015706806282723, 0.0005726439790575916, 0.013007198952879582, 0.021842277486910994, 0.014397905759162303, 0.0062990837696335076, 0.004335732984293194, 0.014643324607329844, 0.01668848167539267, 0.0006544502617801048, 0.0011452879581151832, 0.00040903141361256544, 0.011534685863874345, 0.008916884816753927, 0.020778795811518324, 0.014970549738219895, 0.03394960732984293, 0.032967931937172776, 0.027732329842931936, 0.01987892670157068, 0.01587041884816754, 0.031659031413612565, 0.00793520942408377, 0.008098821989528797, 0.005153795811518325, 0.0022905759162303663, 0.0087532722513089, 0.006135471204188482, 0.0003272251308900524, 0.004826570680628272, 0.015215968586387435, 0.01775196335078534, 0.017342931937172776, 0.012107329842931938, 0.001717931937172775, 0.009571335078534032, 0.005153795811518325, 0.008344240837696335, 0.012925392670157068, 0.010389397905759162, 0.022823952879581152, 0.013089005235602094, 0.0071171465968586384, 0.011207460732984294, 0.004335732984293194, 0.0014725130890052356, 0.005317408376963351, 0.003763089005235602, 0.0001636125654450262, 0.00343586387434555, 0.004172120418848168, 0.01267997382198953, 0.007444371727748691, 0.002045157068062827, 0.004417539267015707, 0.01006217277486911, 0.01006217277486911, 0.0005726439790575916, 0.0007362565445026178, 0.006135471204188482, 0.024950916230366493, 0.023396596858638742, 0.02225130890052356, 0.012516361256544503, 0.02462369109947644, 0.03043193717277487, 0.02805955497382199, 0.019224476439790576, 0.014806937172774868, 0.01407068062827225, 0.020860602094240836, 0.02167866492146597, 0.01963350785340314, 0.027405104712041883, 0.012107329842931938, 0.008180628272251309, 0.007362565445026178, 0.0006544502617801048, 0.0076079842931937175
0.013825261780104712, 0.014643324607329844, 0.006789921465968587, 0.016524869109947642, 0.012434554973821989, 0.010553010471204188, 0.014479712041884817, 0.014970549738219895, 0.001717931937172775, 0.011943717277486911, 0.002781413612565445, 0.004008507853403141, 0.0030268324607329844, 0.0030268324607329844, 0.005971858638743456, 0.020942408376963352, 0.02167866492146597, 0.040657722513089, 0.03918520942408377, 0.030022905759162305, 0.018242801047120418, 0.0032722513089005235, 0.004581151832460733, 0.019142670157068064, 0.008835078534031414, 0.024705497382198953, 0.02699607329842932, 0.012025523560209424, 0.007444371727748691, 0.014888743455497382, 0.0030268324607329844, 0.008098821989528797, 0.009734947643979058, 0.0024541884816753927, 0.003926701570680628, 0.0021269633507853404, 0.01775196335078534, 0.0038448952879581153, 0.019715314136125654, 0.013988874345549738, 0.005317408376963351, 0.021924083769633507, 0.017179319371727748, 0.0076079842931937175, 0.001881544502617801, 0.0024541884816753927, 0.0032722513089005235, 0.010225785340314136, 0.0033540575916230367, 0.013825261780104712, 0.0022087696335078536, 0.0062990837696335076, 0.022169502617801047, 0.01267997382198953, 0.013089005235602094, 0.00449934554973822, 0.005071989528795812, 0.009571335078534032, 0.013579842931937173, 0.016034031413612565, 0.015952225130890053, 0.025523560209424083, 0.014234293193717277, 0.009571335078534032, 0.0026996073298429317, 0.0008180628272251309, 0.009734947643979058, 0.004172120418848168, 0.005071989528795812, 0.00556282722513089, 0.0012270942408376963, 0.007280759162303665, 0.01325261780104712, 0.012107329842931938, 0.010962041884816753, 0.015379581151832461, 0.010225785340314136, 0.004253926701570681, 0.011698298429319371, 0.010143979057591623, 0.016770287958115183, 0.03018651832460733, 0.027650523560209424, 0.021106020942408377, 0.020778795811518324, 0.025768979057591623, 0.03673102094240838, 0.034604057591623036, 0.016279450261780105, 0.017097513089005235, 0.01767015706806283, 0.015379581151832461, 0.005235602094240838, 0.0071171465968586384, 0.021269633507853405, 0.010225785340314136, 0.01112565445026178, 0.007035340314136125, 0.004826570680628272, 0.004090314136125654
0.004008507853403141, 0.0224967277486911, 0.01987892670157068, 0.011043848167539267, 0.017915575916230365, 0.021924083769633507, 0.010471204188481676, 0.006544502617801047, 0.008262434554973821, 0.011534685863874345, 0.008017015706806283, 0.0014725130890052356, 0.000899869109947644, 0.00040903141361256544, 0.005808246073298429, 0.004253926701570681, 0.0067081151832460734, 0.02225130890052356, 0.024705497382198953, 0.02143324607329843, 0.011698298429319371, 0.0013089005235602095, 0.01456151832460733, 0.02167866492146597, 0.015297774869109947, 0.02036976439790576, 0.00343586387434555, 0.011616492146596859, 0.010962041884816753, 0.003599476439790576, 0.007853403141361256, 0.017915575916230365, 0.014888743455497382, 0.00449934554973822, 0.0001636125654450262, 0.0029450261780104713, 0.0062990837696335076, 0.005808246073298429, 0.012107329842931938, 0.014479712041884817, 0.012434554973821989, 0.02036976439790576, 0.016852094240837695, 0.020287958115183247, 0.0004908376963350785, 0.000899869109947644, 0.005644633507853403, 0.0010634816753926702, 0.002781413612565445, 0.008098821989528797, 0.009653141361256544, 0.003926701570680628, 0.007198952879581152, 0.015625, 0.0076079842931937175, 0.003108638743455497, 0.004662958115183246, 0.0007362565445026178, 0.010471204188481676, 0.018160994764397906, 0.01857002617801047, 0.017833769633507853, 0.014234293193717277, 0.010716623036649215, 0.003763089005235602, 0.0001636125654450262, 0.003108638743455497, 0.008262434554973821, 0.0058900523560209425, 0.0026996073298429317, 0.00924410994764398, 0.002781413612565445, 0.0, 0.0053992146596858635, 0.009325916230366492, 0.011616492146596859, 0.011861910994764397, 0.012107329842931938, 0.010389397905759162, 0.0026996073298429317, 0.02233311518324607, 0.032967931937172776, 0.028959424083769635, 0.013988874345549738, 0.026668848167539266, 0.034604057591623036, 0.038121727748691096, 0.03149541884816754, 0.031904450261780105, 0.015625, 0.006953534031413613, 0.005071989528795812, 0.008507853403141362, 0.016852094240837695, 0.0262598167539267, 0.024705497382198953, 0.009080497382198953, 0.002863219895287958, 0.01137107329842932, 0.010716623036649215
0.004662958115183246, 0.010716623036649215, 0.0, 0.018406413612565446, 0.017588350785340313, 0.022823952879581152, 0.01930628272251309, 0.013579842931937173, 0.014316099476439791, 0.015788612565445025, 0.004662958115183246, 0.0012270942408376963, 0.011289267015706806, 0.001881544502617801, 0.0010634816753926702, 0.0010634816753926702, 0.004008507853403141, 0.0274869109947644, 0.03607657068062827, 0.007444371727748691, 0.01006217277486911, 0.0022905759162303663, 0.002863219895287958, 0.004090314136125654, 0.017833769633507853, 0.0087532722513089, 0.006544502617801047, 0.007853403141361256, 0.005644633507853403, 0.0015543193717277486, 0.00662630890052356, 0.0071171465968586384, 0.012598167539267015, 0.02012434554973822, 0.010389397905759162, 0.0021269633507853404, 0.002781413612565445, 0.012843586387434556, 0.0008180628272251309, 0.012598167539267015, 0.011043848167539267, 0.02143324607329843, 0.01848821989528796, 0.009980366492146597, 0.00449934554973822, 0.0010634816753926702, 0.004335732984293194, 8.18062827225131e-5, 0.007444371727748691, 0.005481020942408377, 0.004662958115183246, 0.01349803664921466, 0.017424738219895288, 0.011534685863874345, 0.01456151832460733, 0.00040903141361256544, 0.00449934554973822, 0.0013907068062827225, 0.007526178010471204, 0.01218913612565445, 0.02274214659685864, 0.01930628272251309, 0.017588350785340313, 0.010225785340314136, 0.0031904450261780104, 0.0016361256544502618, 0.004908376963350785, 0.0031904450261780104, 0.000899869109947644, 0.002045157068062827, 0.0007362565445026178, 0.002617801047120419, 0.006462696335078534, 0.001717931937172775, 0.007771596858638744, 0.011207460732984294, 0.001963350785340314, 0.009653141361256544, 0.0021269633507853404, 0.015461387434554974, 0.0274869109947644, 0.02650523560209424, 0.027814136125654452, 0.017424738219895288, 0.03100458115183246, 0.0281413612565445, 0.02805955497382199, 0.029613874345549736, 0.02732329842931937, 0.01407068062827225, 0.013661649214659686, 0.00924410994764398, 0.0010634816753926702, 0.013089005235602094, 0.016770287958115183, 0.0137434554973822, 0.0010634816753926702, 0.017179319371727748, 0.016279450261780105, 0.004908376963350785
0.006217277486910994, 0.008671465968586388, 0.004826570680628272, 0.005317408376963351, 0.016115837696335077, 0.01218913612565445, 0.008671465968586388, 0.008426047120418848, 0.010962041884816753, 0.009980366492146597, 0.000981675392670157, 0.004581151832460733, 0.01030759162303665, 0.0038448952879581153, 0.0038448952879581153, 0.007771596858638744, 0.0071171465968586384, 0.021024214659685864, 0.009489528795811518, 0.010962041884816753, 0.010962041884816753, 0.0013089005235602095, 0.004662958115183246, 0.010880235602094241, 0.007853403141361256, 0.016852094240837695, 0.01848821989528796, 0.01881544502617801, 0.007853403141361256, 0.004581151832460733, 0.010225785340314136, 0.012270942408376964, 0.02069698952879581, 0.019469895287958117, 0.016197643979057593, 0.008589659685863874, 0.011043848167539267, 0.015625, 0.010962041884816753, 0.018406413612565446, 0.023887434554973823, 0.022414921465968587, 0.020778795811518324, 0.0012270942408376963, 0.0006544502617801048, 0.003599476439790576, 0.0058900523560209425, 0.0067081151832460734, 0.0022087696335078536, 0.0032722513089005235, 0.003599476439790576, 0.009162303664921465, 0.011943717277486911, 0.016361256544502618, 0.016197643979057593, 0.008262434554973821, 0.00040903141361256544, 0.015052356020942409, 0.005481020942408377, 0.006462696335078534, 0.01693390052356021, 0.013988874345549738, 0.018979057591623036, 0.01644306282722513, 0.010962041884816753, 0.0006544502617801048, 0.0022087696335078536, 0.002781413612565445, 0.003926701570680628, 0.0001636125654450262, 0.0005726439790575916, 0.0032722513089005235, 0.0015543193717277486, 0.0026996073298429317, 0.007362565445026178, 0.010389397905759162, 0.01407068062827225, 0.008589659685863874, 0.01325261780104712, 0.022169502617801047, 0.023887434554973823, 0.018979057591623036, 0.022005890052356022, 0.029286649214659687, 0.02994109947643979, 0.02650523560209424, 0.04172120418848167, 0.022823952879581152, 0.02855039267015707, 0.0137434554973822, 0.0004908376963350785, 0.009162303664921465, 0.005317408376963351, 0.01030759162303665, 0.01832460732984293, 0.01668848167539267, 0.008180628272251309, 0.011698298429319371, 0.0062990837696335076, 0.015134162303664921
0.0015543193717277486, 0.0013907068062827225, 0.004253926701570681, 0.014725130890052356, 0.0062990837696335076, 0.012352748691099476, 0.013988874345549738, 0.012925392670157068, 0.010880235602094241, 0.004662958115183246, 0.004417539267015707, 0.0030268324607329844, 0.004826570680628272, 0.0026996073298429317, 0.0032722513089005235, 0.007362565445026178, 0.00662630890052356, 0.009734947643979058, 0.013579842931937173, 0.005726439790575916, 0.004908376963350785, 0.003926701570680628, 0.017833769633507853, 0.012107329842931938, 0.0187336387434555, 0.0187336387434555, 0.016034031413612565, 0.0010634816753926702, 0.0006544502617801048, 0.002045157068062827, 0.012352748691099476, 0.012270942408376964, 0.015134162303664921, 0.02920484293193717, 0.010798429319371727, 0.009489528795811518, 0.0068717277486911, 0.011043848167539267, 0.02306937172774869, 0.016852094240837695, 0.023478403141361258, 0.029041230366492147, 0.019960732984293194, 0.006135471204188482, 0.001799738219895288, 0.0, 0.003108638743455497, 0.003599476439790576, 0.004172120418848168, 0.0015543193717277486, 0.00449934554973822, 0.009653141361256544, 0.009734947643979058, 0.000899869109947644, 0.00343586387434555, 0.0058900523560209425, 0.005153795811518325, 0.00899869109947644, 0.0071171465968586384, 0.011289267015706806, 0.02225130890052356, 0.021351439790575917, 0.023232984293193717, 0.013907068062827226, 0.005971858638743456, 0.0014725130890052356, 0.011780104712041885, 0.003926701570680628, 0.011861910994764397, 0.004744764397905759, 0.004090314136125654, 0.003763089005235602, 8.18062827225131e-5, 0.00040903141361256544, 0.00981675392670157, 0.005644633507853403, 0.01349803664921466, 0.006135471204188482, 0.008589659685863874, 0.03444044502617801, 0.030595549738219895, 0.020778795811518324, 0.014234293193717277, 0.02454188481675393, 0.034358638743455495, 0.021842277486910994, 0.02568717277486911, 0.03182264397905759, 0.030595549738219895, 0.006789921465968587, 0.005071989528795812, 0.0023723821989528795, 0.004008507853403141, 0.014970549738219895, 0.017588350785340313, 0.017588350785340313, 0.003763089005235602, 0.003599476439790576, 0.001717931937172775, 0.0010634816753926702
0.013170811518324606, 0.008017015706806283, 0.0023723821989528795, 8.18062827225131e-5, 0.01137107329842932, 0.006380890052356021, 0.015788612565445025, 0.012352748691099476, 0.004090314136125654, 0.007035340314136125, 0.0030268324607329844, 0.00793520942408377, 0.005971858638743456, 0.00449934554973822, 0.007444371727748691, 0.013579842931937173, 0.003763089005235602, 0.007853403141361256, 0.010143979057591623, 0.004172120418848168, 0.0013907068062827225, 0.0001636125654450262, 0.007444371727748691, 0.013089005235602094, 0.01848821989528796, 0.009734947643979058, 0.004008507853403141, 0.005644633507853403, 0.01267997382198953, 0.0011452879581151832, 0.003599476439790576, 0.012925392670157068, 0.023969240837696335, 0.01799738219895288, 0.018979057591623036, 0.011534685863874345, 0.024869109947643978, 0.015952225130890053, 0.020533376963350787, 0.011534685863874345, 0.023151178010471205, 0.024705497382198953, 0.034113219895287955, 0.010389397905759162, 0.008426047120418848, 0.011452879581151832, 0.004662958115183246, 0.013661649214659686, 0.0011452879581151832, 0.004172120418848168, 0.00343586387434555, 0.0137434554973822, 0.011616492146596859, 0.011943717277486911, 0.0026996073298429317, 0.010225785340314136, 0.0014725130890052356, 0.0029450261780104713, 0.0007362565445026178, 0.012025523560209424, 0.023151178010471205, 0.02413285340314136, 0.016524869109947642, 0.02143324607329843, 0.001963350785340314, 0.003926701570680628, 0.011534685863874345, 0.006544502617801047, 0.007853403141361256, 0.004744764397905759, 0.0021269633507853404, 0.0053992146596858635, 0.007444371727748691, 0.006217277486910994, 0.0010634816753926702, 0.001717931937172775, 0.0015543193717277486, 0.013089005235602094, 0.014152486910994765, 0.03836714659685864, 0.03157722513089005, 0.008835078534031414, 0.013170811518324606, 0.028795811518324606, 0.0331315445026178, 0.022578534031413612, 0.031659031413612565, 0.020533376963350787, 0.021760471204188482, 0.002617801047120419, 0.0021269633507853404, 0.00024541884816753925, 0.009489528795811518, 0.01349803664921466, 0.017015706806282723, 0.014970549738219895, 0.018160994764397906, 0.015052356020942409, 0.013089005235602094, 0.00662630890052356
0.016852094240837695, 0.003926701570680628, 0.0013907068062827225, 0.008344240837696335, 0.008426047120418848, 0.008262434554973821, 0.0012270942408376963, 0.003926701570680628, 0.012516361256544503, 0.0087532722513089, 0.01775196335078534, 0.00024541884816753925, 0.0006544502617801048, 0.0031904450261780104, 0.004744764397905759, 0.0029450261780104713, 0.004581151832460733, 0.008098821989528797, 0.003926701570680628, 0.01349803664921466, 0.008835078534031414, 0.001799738219895288, 0.0005726439790575916, 0.014234293193717277, 0.0014725130890052356, 0.0062990837696335076, 0.0049901832460732985, 0.007689790575916231, 0.008180628272251309, 0.004908376963350785, 0.008262434554973821, 0.004253926701570681, 0.022414921465968587, 0.016034031413612565, 0.018651832460732983, 0.0293684554973822, 0.03632198952879581, 0.0187336387434555, 0.010389397905759162, 0.02544175392670157, 0.0331315445026178, 0.01857002617801047, 0.01112565445026178, 0.005235602094240838, 0.016197643979057593, 0.008916884816753927, 0.005153795811518325, 0.010225785340314136, 0.011289267015706806, 0.004090314136125654, 0.00449934554973822, 0.013334424083769633, 0.006380890052356021, 0.010798429319371727, 0.014152486910994765, 0.014479712041884817, 0.004253926701570681, 0.007035340314136125, 0.002781413612565445, 0.01456151832460733, 0.00924410994764398, 0.01775196335078534, 0.022169502617801047, 0.018651832460732983, 0.01587041884816754, 0.0023723821989528795, 0.00662630890052356, 0.001799738219895288, 0.006462696335078534, 0.009080497382198953, 0.003763089005235602, 0.0031904450261780104, 0.003681282722513089, 0.007198952879581152, 0.003599476439790576, 0.008344240837696335, 0.0033540575916230367, 0.0076079842931937175, 0.021924083769633507, 0.0274869109947644, 0.02830497382198953, 0.01407068062827225, 0.012598167539267015, 0.022987565445026177, 0.02225130890052356, 0.021760471204188482, 0.020778795811518324, 0.01775196335078534, 0.01955170157068063, 0.0071171465968586384, 0.002863219895287958, 0.002863219895287958, 0.002863219895287958, 0.010798429319371727, 0.01218913612565445, 0.00899869109947644, 0.02069698952879581, 0.010798429319371727, 0.0004908376963350785, 0.0087532722513089
0.010634816753926702, 0.0012270942408376963, 0.001717931937172775, 0.006135471204188482, 0.0001636125654450262, 0.0024541884816753927, 0.005235602094240838, 0.008262434554973821, 0.008589659685863874, 0.0010634816753926702, 0.007444371727748691, 0.014970549738219895, 0.004090314136125654, 0.005644633507853403, 0.004172120418848168, 0.012352748691099476, 0.003681282722513089, 0.0004908376963350785, 0.013007198952879582, 0.01006217277486911, 0.0004908376963350785, 0.013661649214659686, 0.001717931937172775, 0.015625, 0.004172120418848168, 0.018242801047120418, 0.008835078534031414, 0.0010634816753926702, 0.0068717277486911, 0.011452879581151832, 0.024296465968586388, 0.017915575916230365, 0.020778795811518324, 0.020860602094240836, 0.025850785340314136, 0.029695680628272252, 0.03125, 0.01668848167539267, 0.018406413612565446, 0.02225130890052356, 0.02855039267015707, 0.017833769633507853, 0.0067081151832460734, 0.00793520942408377, 0.011861910994764397, 0.00981675392670157, 0.008017015706806283, 0.0001636125654450262, 0.00040903141361256544, 0.010634816753926702, 0.0016361256544502618, 0.011043848167539267, 0.012352748691099476, 0.014970549738219895, 0.012843586387434556, 0.017424738219895288, 0.009571335078534032, 0.00343586387434555, 0.004090314136125654, 0.0013907068062827225, 0.008835078534031414, 0.0076079842931937175, 0.0187336387434555, 0.0243782722513089, 0.013661649214659686, 0.01767015706806283, 0.005808246073298429, 0.0087532722513089, 0.008671465968586388, 0.001963350785340314, 0.005644633507853403, 0.011289267015706806, 0.00343586387434555, 0.005644633507853403, 0.001963350785340314, 0.002535994764397906, 0.0038448952879581153, 0.002863219895287958, 0.018242801047120418, 0.030022905759162305, 0.018160994764397906, 0.02012434554973822, 0.00981675392670157, 0.01799738219895288, 0.011780104712041885, 0.012025523560209424, 0.008017015706806283, 0.008344240837696335, 0.005726439790575916, 0.00556282722513089, 0.0012270942408376963, 0.0030268324607329844, 0.002535994764397906, 0.0026996073298429317, 0.009571335078534032, 0.009571335078534032, 0.009898560209424083, 0.022005890052356022, 0.0038448952879581153, 0.000899869109947644
0.01587041884816754, 0.00040903141361256544, 0.0022087696335078536, 0.0008180628272251309, 0.004090314136125654, 0.0003272251308900524, 0.007526178010471204, 0.009080497382198953, 0.021269633507853405, 0.022987565445026177, 0.01267997382198953, 0.006135471204188482, 0.0010634816753926702, 0.0004908376963350785, 0.006953534031413613, 0.0003272251308900524, 0.007198952879581152, 8.18062827225131e-5, 0.006953534031413613, 0.0022087696335078536, 0.006462696335078534, 0.0008180628272251309, 0.009325916230366492, 0.0071171465968586384, 0.00449934554973822, 0.008507853403141362, 0.006380890052356021, 0.01799738219895288, 0.001799738219895288, 0.0062990837696335076, 0.00793520942408377, 0.006380890052356021, 0.004662958115183246, 0.014725130890052356, 0.014316099476439791, 0.02535994764397906, 0.01881544502617801, 0.026587041884816753, 0.030922774869109947, 0.02380562827225131, 0.02724149214659686, 0.018406413612565446, 0.015788612565445025, 0.004662958115183246, 0.006380890052356021, 0.001881544502617801, 0.010471204188481676, 0.012516361256544503, 0.009734947643979058, 0.006135471204188482, 0.013579842931937173, 0.011698298429319371, 0.010471204188481676, 0.017179319371727748, 0.00924410994764398, 0.006544502617801047, 0.004662958115183246, 0.005971858638743456, 0.009734947643979058, 0.0008180628272251309, 0.0030268324607329844, 0.0038448952879581153, 0.02225130890052356, 0.02413285340314136, 0.015052356020942409, 0.019960732984293194, 0.006053664921465969, 0.004826570680628272, 0.004908376963350785, 0.0013089005235602095, 0.0016361256544502618, 0.0049901832460732985, 0.002781413612565445, 0.00449934554973822, 0.00556282722513089, 0.0004908376963350785, 0.001881544502617801, 0.007689790575916231, 0.014970549738219895, 0.020860602094240836, 0.020287958115183247, 0.006462696335078534, 0.0005726439790575916, 0.008180628272251309, 0.001963350785340314, 0.001717931937172775, 0.007198952879581152, 0.0014725130890052356, 0.007444371727748691, 0.000981675392670157, 0.005726439790575916, 0.000981675392670157, 0.0030268324607329844, 0.013661649214659686, 0.005808246073298429, 0.002863219895287958, 0.0029450261780104713, 0.021024214659685864, 0.011207460732984294, 0.009407722513089006
0.009571335078534032, 0.010962041884816753, 0.002863219895287958, 0.0011452879581151832, 0.0022087696335078536, 0.004417539267015707, 0.0032722513089005235, 0.01006217277486911, 0.020778795811518324, 0.017833769633507853, 0.0008180628272251309, 0.009489528795811518, 0.007526178010471204, 0.00024541884816753925, 0.0087532722513089, 0.007689790575916231, 0.0024541884816753927, 0.0032722513089005235, 0.009898560209424083, 0.003926701570680628, 0.00024541884816753925, 0.0006544502617801048, 0.0012270942408376963, 0.002617801047120419, 0.007689790575916231, 0.016115837696335077, 0.012843586387434556, 0.005317408376963351, 0.005317408376963351, 0.006953534031413613, 0.009734947643979058, 0.0032722513089005235, 0.005317408376963351, 0.00040903141361256544, 0.020533376963350787, 0.018651832460732983, 0.02675065445026178, 0.021269633507853405, 0.02830497382198953, 0.022005890052356022, 0.024869109947643978, 0.02167866492146597, 0.017097513089005235, 0.004908376963350785, 0.011534685863874345, 0.01006217277486911, 0.00556282722513089, 0.0058900523560209425, 0.0004908376963350785, 0.018160994764397906, 0.0062990837696335076, 0.017833769633507853, 0.014152486910994765, 0.016606675392670158, 0.008344240837696335, 0.01267997382198953, 0.009489528795811518, 0.008589659685863874, 0.008262434554973821, 0.012025523560209424, 0.001881544502617801, 0.009980366492146597, 0.01832460732984293, 0.008180628272251309, 0.015952225130890053, 0.020287958115183247, 0.004744764397905759, 0.0030268324607329844, 0.008017015706806283, 0.004090314136125654, 0.0023723821989528795, 0.0011452879581151832, 0.005153795811518325, 0.0029450261780104713, 0.00024541884816753925, 0.009407722513089006, 0.004826570680628272, 0.00793520942408377, 0.024460078534031413, 0.032722513089005235, 0.018406413612565446, 0.008507853403141362, 0.006789921465968587, 0.0010634816753926702, 0.004335732984293194, 0.0067081151832460734, 0.004826570680628272, 0.002863219895287958, 0.0003272251308900524, 0.004172120418848168, 0.0005726439790575916, 8.18062827225131e-5, 0.006217277486910994, 0.0013907068062827225, 0.004335732984293194, 0.0071171465968586384, 0.013007198952879582, 0.024787303664921465, 0.018242801047120418, 0.003681282722513089
0.011616492146596859, 0.0024541884816753927, 0.008180628272251309, 0.007280759162303665, 0.00981675392670157, 0.000981675392670157, 0.002863219895287958, 0.022823952879581152, 0.018160994764397906, 0.024950916230366493, 0.016852094240837695, 0.001799738219895288, 0.004581151832460733, 0.004008507853403141, 0.008426047120418848, 0.007771596858638744, 0.007280759162303665, 0.006380890052356021, 0.003599476439790576, 0.005235602094240838, 0.0012270942408376963, 0.0038448952879581153, 0.00662630890052356, 0.007035340314136125, 0.0026996073298429317, 0.010553010471204188, 0.005644633507853403, 0.011616492146596859, 0.004581151832460733, 0.001963350785340314, 0.010143979057591623, 0.0031904450261780104, 0.00662630890052356, 0.005726439790575916, 0.01349803664921466, 0.026668848167539266, 0.030595549738219895, 0.034604057591623036, 0.03182264397905759, 0.02306937172774869, 0.022660340314136124, 0.01881544502617801, 0.009734947643979058, 0.011616492146596859, 0.0076079842931937175, 0.01325261780104712, 0.014725130890052356, 0.007853403141361256, 0.0035176701570680626, 0.0030268324607329844, 0.011534685863874345, 0.013579842931937173, 0.007853403141361256, 0.017261125654450264, 0.01775196335078534, 0.01407068062827225, 0.014888743455497382, 0.009898560209424083, 0.01218913612565445, 0.007771596858638744, 0.0, 0.0049901832460732985, 0.011616492146596859, 0.015461387434554974, 0.021351439790575917, 0.009571335078534032, 0.019224476439790576, 0.009162303664921465, 0.005317408376963351, 0.0022905759162303663, 0.004581151832460733, 0.0049901832460732985, 0.00981675392670157, 0.0076079842931937175, 0.002617801047120419, 0.0031904450261780104, 0.003599476439790576, 0.004826570680628272, 0.02331479057591623, 0.021024214659685864, 0.015543193717277488, 0.004253926701570681, 0.009325916230366492, 0.0031904450261780104, 0.0030268324607329844, 0.001717931937172775, 0.001963350785340314, 0.0029450261780104713, 0.005971858638743456, 0.004335732984293194, 0.008507853403141362, 0.004581151832460733, 0.004826570680628272, 0.006135471204188482, 0.0007362565445026178, 0.007035340314136125, 0.01644306282722513, 0.031086387434554975, 0.022823952879581152, 0.0013089005235602095
0.005235602094240838, 0.001881544502617801, 0.009080497382198953, 0.010798429319371727, 0.004826570680628272, 0.0005726439790575916, 0.000981675392670157, 0.011207460732984294, 0.02994109947643979, 0.04196662303664921, 0.02535994764397906, 0.018079188481675394, 0.0022087696335078536, 0.0058900523560209425, 0.011943717277486911, 0.010798429319371727, 0.0076079842931937175, 0.0022905759162303663, 0.001717931937172775, 0.0035176701570680626, 0.0067081151832460734, 0.014479712041884817, 0.004008507853403141, 0.003681282722513089, 0.004417539267015707, 0.003763089005235602, 0.003108638743455497, 0.0024541884816753927, 0.010634816753926702, 0.001717931937172775, 0.008507853403141362, 0.017097513089005235, 0.007853403141361256, 0.0071171465968586384, 0.004253926701570681, 0.004090314136125654, 0.029286649214659687, 0.017097513089005235, 0.02887761780104712, 0.023887434554973823, 0.014316099476439791, 0.0071171465968586384, 0.001799738219895288, 0.002045157068062827, 0.011698298429319371, 0.005808246073298429, 0.011616492146596859, 0.009734947643979058, 0.012107329842931938, 0.0035176701570680626, 0.01799738219895288, 0.016034031413612565, 0.01955170157068063, 0.016279450261780105, 0.018242801047120418, 0.01006217277486911, 0.011043848167539267, 0.01349803664921466, 0.016361256544502618, 0.012843586387434556, 0.006462696335078534, 0.007035340314136125, 0.007362565445026178, 0.014970549738219895, 0.014234293193717277, 0.01407068062827225, 0.012761780104712041, 0.010143979057591623, 0.009898560209424083, 0.001963350785340314, 0.006789921465968587, 0.012761780104712041, 0.003681282722513089, 0.005726439790575916, 0.0005726439790575916, 8.18062827225131e-5, 0.0, 0.014397905759162303, 0.030350130890052358, 0.029041230366492147, 0.02732329842931937, 0.0035176701570680626, 0.0013907068062827225, 0.006135471204188482, 0.0076079842931937175, 0.008426047120418848, 0.007771596858638744, 0.0023723821989528795, 0.005071989528795812, 0.006135471204188482, 0.014643324607329844, 0.001963350785340314, 0.007280759162303665, 0.003926701570680628, 0.00662630890052356, 0.003599476439790576, 0.010716623036649215, 0.019060863874345548, 0.02045157068062827, 0.0008180628272251309
0.010798429319371727, 0.0022905759162303663, 0.012843586387434556, 0.0032722513089005235, 0.0193880890052356, 0.003599476439790576, 0.0053992146596858635, 0.020042539267015706, 0.03722185863874346, 0.031331806282722516, 0.024869109947643978, 0.037058246073298426, 0.001717931937172775, 0.019142670157068064, 0.012025523560209424, 0.0193880890052356, 0.0035176701570680626, 0.012925392670157068, 0.006462696335078534, 0.009489528795811518, 0.006789921465968587, 0.007444371727748691, 0.002781413612565445, 0.00449934554973822, 0.0013907068062827225, 0.00899869109947644, 0.011452879581151832, 0.0033540575916230367, 0.006953534031413613, 0.001717931937172775, 0.0016361256544502618, 0.01349803664921466, 0.0013089005235602095, 0.00924410994764398, 0.009734947643979058, 0.0087532722513089, 0.022005890052356022, 0.02274214659685864, 0.025932591623036648, 0.03607657068062827, 0.023969240837696335, 0.015543193717277488, 0.0026996073298429317, 0.011780104712041885, 0.009898560209424083, 0.009898560209424083, 0.016361256544502618, 0.007526178010471204, 0.011616492146596859, 0.01112565445026178, 0.027650523560209424, 0.033295157068062825, 0.02617801047120419, 0.021024214659685864, 0.014888743455497382, 0.007280759162303665, 0.011780104712041885, 0.010471204188481676, 0.014397905759162303, 0.00449934554973822, 0.0058900523560209425, 0.0029450261780104713, 0.012025523560209424, 0.013170811518324606, 0.016770287958115183, 0.004826570680628272, 0.015379581151832461, 0.002781413612565445, 0.011289267015706806, 0.0068717277486911, 0.004172120418848168, 0.00449934554973822, 0.0035176701570680626, 0.0007362565445026178, 0.004253926701570681, 0.009080497382198953, 0.010634816753926702, 0.015297774869109947, 0.021760471204188482, 0.023642015706806283, 0.021351439790575917, 0.011943717277486911, 0.006462696335078534, 0.001799738219895288, 0.016606675392670158, 0.018242801047120418, 0.003108638743455497, 0.013334424083769633, 8.18062827225131e-5, 0.00040903141361256544, 0.003681282722513089, 0.014725130890052356, 0.0016361256544502618, 0.012107329842931938, 0.004008507853403141, 0.0013089005235602095, 0.011043848167539267, 0.013334424083769633, 0.023969240837696335, 0.001881544502617801
0.013170811518324606, 0.006053664921465969, 0.022660340314136124, 0.005153795811518325, 0.014234293193717277, 0.007198952879581152, 0.005726439790575916, 0.015706806282722512, 0.027977748691099476, 0.027895942408376964, 0.03362238219895288, 0.040003272251308904, 0.02855039267015707, 0.01987892670157068, 0.0175065445026178, 0.010962041884816753, 0.02045157068062827, 0.016034031413612565, 0.014234293193717277, 0.009489528795811518, 0.0010634816753926702, 0.004172120418848168, 0.0024541884816753927, 0.0013089005235602095, 0.0032722513089005235, 0.0015543193717277486, 0.012352748691099476, 0.015952225130890053, 0.008262434554973821, 0.00662630890052356, 0.004581151832460733, 0.01325261780104712, 0.012025523560209424, 0.010225785340314136, 0.016852094240837695, 0.007526178010471204, 0.01848821989528796, 0.025523560209424083, 0.0068717277486911, 0.017015706806282723, 0.023151178010471205, 0.012843586387434556, 0.003599476439790576, 0.0087532722513089, 0.001717931937172775, 0.011289267015706806, 0.012598167539267015, 0.002781413612565445, 0.004908376963350785, 0.017015706806282723, 0.029777486910994765, 0.026096204188481676, 0.02650523560209424, 0.021024214659685864, 0.01930628272251309, 0.0137434554973822, 0.01349803664921466, 0.02225130890052356, 0.015625, 0.010225785340314136, 0.020287958115183247, 0.008017015706806283, 0.0011452879581151832, 0.004417539267015707, 0.0068717277486911, 0.004826570680628272, 0.020778795811518324, 0.012434554973821989, 0.016524869109947642, 0.003599476439790576, 0.0067081151832460734, 0.010225785340314136, 0.0030268324607329844, 0.0032722513089005235, 0.017261125654450264, 0.005481020942408377, 0.0033540575916230367, 0.019797120418848166, 0.023642015706806283, 0.02167866492146597, 0.01987892670157068, 0.008507853403141362, 0.015952225130890053, 0.013907068062827226, 0.010553010471204188, 0.0006544502617801048, 0.006789921465968587, 0.006053664921465969, 0.016034031413612565, 0.0006544502617801048, 0.011452879581151832, 0.0193880890052356, 0.002045157068062827, 0.006217277486910994, 0.005153795811518325, 0.0013907068062827225, 0.01137107329842932, 0.006789921465968587, 0.012761780104712041, 0.03476767015706806
0.012598167539267015, 0.021024214659685864, 0.01775196335078534, 0.014397905759162303, 0.011698298429319371, 0.009734947643979058, 0.012025523560209424, 0.01006217277486911, 0.028959424083769635, 0.04474803664921466, 0.03534031413612566, 0.04278468586387434, 0.016606675392670158, 0.009162303664921465, 0.026587041884816753, 0.008344240837696335, 0.015788612565445025, 0.017915575916230365, 0.00981675392670157, 0.0003272251308900524, 0.0024541884816753927, 0.010880235602094241, 0.0049901832460732985, 0.003108638743455497, 0.004008507853403141, 0.020287958115183247, 0.0013089005235602095, 0.016034031413612565, 0.010471204188481676, 0.008262434554973821, 0.008017015706806283, 0.013089005235602094, 0.01218913612565445, 0.02036976439790576, 0.007035340314136125, 0.005726439790575916, 0.02225130890052356, 0.009325916230366492, 0.02756871727748691, 0.025032722513089006, 0.013907068062827226, 0.004662958115183246, 0.012352748691099476, 0.011043848167539267, 0.017588350785340313, 0.0087532722513089, 0.005726439790575916, 0.002045157068062827, 0.007035340314136125, 0.015952225130890053, 0.027159685863874346, 0.02143324607329843, 0.029859293193717277, 0.026341623036649213, 0.025523560209424083, 0.013579842931937173, 0.012598167539267015, 0.0175065445026178, 0.01668848167539267, 0.02045157068062827, 0.010798429319371727, 0.0053992146596858635, 0.004008507853403141, 0.006544502617801047, 0.010225785340314136, 0.010716623036649215, 0.015625, 0.0076079842931937175, 0.005481020942408377, 0.00024541884816753925, 0.007280759162303665, 0.014643324607329844, 0.01137107329842932, 0.009980366492146597, 0.015052356020942409, 0.015297774869109947, 0.0175065445026178, 0.01349803664921466, 0.02036976439790576, 0.022087696335078535, 0.004826570680628272, 0.008098821989528797, 0.013661649214659686, 0.010880235602094241, 0.004908376963350785, 0.009407722513089006, 0.014643324607329844, 0.002535994764397906, 0.013170811518324606, 0.015134162303664921, 0.009571335078534032, 0.006953534031413613, 0.0012270942408376963, 0.009980366492146597, 0.012761780104712041, 0.007198952879581152, 0.0015543193717277486, 0.01112565445026178, 0.024705497382198953, 0.02274214659685864
0.030104712041884817, 0.02069698952879581, 0.02920484293193717, 0.020287958115183247, 0.004744764397905759, 0.006544502617801047, 0.0030268324607329844, 0.014152486910994765, 0.023887434554973823, 0.029450261780104712, 0.03893979057591623, 0.03754908376963351, 0.02568717277486911, 0.01848821989528796, 0.033049738219895285, 0.018979057591623036, 0.015052356020942409, 0.015625, 0.018079188481675394, 0.01030759162303665, 0.0021269633507853404, 0.004335732984293194, 0.004008507853403141, 0.0016361256544502618, 0.005481020942408377, 0.0031904450261780104, 0.004662958115183246, 0.01456151832460733, 0.005317408376963351, 0.010471204188481676, 0.0, 0.022823952879581152, 0.014643324607329844, 0.024950916230366493, 0.016524869109947642, 0.007280759162303665, 0.010634816753926702, 0.014643324607329844, 0.02036976439790576, 0.023232984293193717, 0.007444371727748691, 0.008344240837696335, 0.011534685863874345, 0.016606675392670158, 0.00924410994764398, 0.0067081151832460734, 0.0001636125654450262, 0.005153795811518325, 0.012516361256544503, 0.012761780104712041, 0.028795811518324606, 0.033295157068062825, 0.0281413612565445, 0.03427683246073299, 0.02151505235602094, 0.00899869109947644, 0.014397905759162303, 0.013988874345549738, 0.010880235602094241, 0.014152486910994765, 0.01137107329842932, 0.008835078534031414, 0.010143979057591623, 0.004662958115183246, 0.0006544502617801048, 0.004908376963350785, 0.004908376963350785, 0.015543193717277488, 0.008589659685863874, 0.010880235602094241, 0.012925392670157068, 0.015052356020942409, 0.005971858638743456, 0.024214659685863876, 0.021024214659685864, 0.01112565445026178, 0.017915575916230365, 0.024705497382198953, 0.02225130890052356, 0.013907068062827226, 0.00924410994764398, 0.004826570680628272, 0.015543193717277488, 0.016279450261780105, 0.007280759162303665, 0.004744764397905759, 0.007853403141361256, 0.011043848167539267, 0.01587041884816754, 0.02036976439790576, 0.01832460732984293, 0.01006217277486911, 0.006380890052356021, 0.017179319371727748, 0.014316099476439791, 0.015543193717277488, 0.011616492146596859, 0.001963350785340314, 0.0022087696335078536, 0.018897251308900524
0.03149541884816754, 0.031659031413612565, 0.017097513089005235, 0.0033540575916230367, 0.007362565445026178, 0.01349803664921466, 0.005481020942408377, 0.015543193717277488, 0.027895942408376964, 0.02756871727748691, 0.0274869109947644, 0.02912303664921466, 0.027895942408376964, 0.016197643979057593, 0.014316099476439791, 0.01881544502617801, 0.04114856020942408, 0.018079188481675394, 0.0016361256544502618, 0.004581151832460733, 0.001799738219895288, 0.0023723821989528795, 0.005153795811518325, 0.00556282722513089, 0.0062990837696335076, 0.006789921465968587, 0.003763089005235602, 0.003108638743455497, 0.0, 0.00899869109947644, 0.012434554973821989, 0.013907068062827226, 0.021760471204188482, 0.018160994764397906, 0.003763089005235602, 0.011943717277486911, 0.0011452879581151832, 0.013579842931937173, 0.03125, 0.02380562827225131, 0.00343586387434555, 0.008180628272251309, 0.014643324607329844, 0.015379581151832461, 0.01963350785340314, 0.009325916230366492, 0.00449934554973822, 0.00449934554973822, 0.00343586387434555, 0.018897251308900524, 0.03419502617801047, 0.029859293193717277, 0.03174083769633508, 0.023969240837696335, 0.018406413612565446, 0.019469895287958117, 0.011207460732984294, 0.010716623036649215, 0.013416230366492147, 0.01963350785340314, 0.013334424083769633, 0.013416230366492147, 0.004908376963350785, 0.0003272251308900524, 0.0022905759162303663, 0.004172120418848168, 0.007362565445026178, 0.001799738219895288, 0.018242801047120418, 0.01137107329842932, 0.00924410994764398, 0.02045157068062827, 0.017915575916230365, 0.009407722513089006, 0.02143324607329843, 0.01799738219895288, 0.015543193717277488, 0.01799738219895288, 0.0175065445026178, 0.014888743455497382, 0.007280759162303665, 0.014888743455497382, 0.004008507853403141, 0.008507853403141362, 0.016115837696335077, 0.017342931937172776, 0.023969240837696335, 0.015543193717277488, 0.02233311518324607, 0.02233311518324607, 0.02274214659685864, 0.016197643979057593, 0.0035176701570680626, 0.019715314136125654, 0.01881544502617801, 0.014643324607329844, 0.012761780104712041, 0.011289267015706806, 0.0001636125654450262, 0.01955170157068063
0.03820353403141361, 0.04360274869109947, 0.016361256544502618, 0.0035176701570680626, 0.00981675392670157, 0.004090314136125654, 0.0053992146596858635, 0.003599476439790576, 0.014234293193717277, 0.02012434554973822, 0.02642342931937173, 0.026914267015706806, 0.01767015706806283, 0.023396596858638742, 0.030513743455497382, 0.029777486910994765, 0.021924083769633507, 0.008180628272251309, 0.004744764397905759, 0.009489528795811518, 0.004253926701570681, 0.0030268324607329844, 0.005153795811518325, 0.0001636125654450262, 0.0013907068062827225, 0.0022087696335078536, 0.00793520942408377, 0.005808246073298429, 0.00449934554973822, 0.004008507853403141, 0.0068717277486911, 0.008589659685863874, 0.011534685863874345, 0.009653141361256544, 0.006135471204188482, 0.006053664921465969, 0.004581151832460733, 0.018406413612565446, 0.02920484293193717, 0.011207460732984294, 0.015297774869109947, 0.0032722513089005235, 0.014643324607329844, 0.014234293193717277, 0.011861910994764397, 0.0038448952879581153, 0.008835078534031414, 0.00024541884816753925, 0.013825261780104712, 0.012025523560209424, 0.030759162303664923, 0.02994109947643979, 0.035667539267015706, 0.031904450261780105, 0.01693390052356021, 0.014970549738219895, 0.014397905759162303, 0.008835078534031414, 0.013579842931937173, 0.014725130890052356, 0.008426047120418848, 0.007362565445026178, 0.012434554973821989, 0.006789921465968587, 0.007771596858638744, 0.00556282722513089, 0.0010634816753926702, 0.0013907068062827225, 0.003599476439790576, 0.0024541884816753927, 0.008262434554973821, 0.0137434554973822, 0.019797120418848166, 0.01881544502617801, 0.02356020942408377, 0.01668848167539267, 0.020287958115183247, 0.020942408376963352, 0.017261125654450264, 0.0005726439790575916, 0.0021269633507853404, 0.0076079842931937175, 0.015706806282722512, 0.005808246073298429, 0.01767015706806283, 0.02699607329842932, 0.01963350785340314, 0.01963350785340314, 0.02143324607329843, 0.028795811518324606, 0.029859293193717277, 0.0024541884816753927, 0.001799738219895288, 0.019469895287958117, 0.029041230366492147, 0.016034031413612565, 0.021269633507853405, 0.01407068062827225, 0.00024541884816753925, 0.007771596858638744
0.04016688481675393, 0.01955170157068063, 0.011698298429319371, 0.002617801047120419, 0.0015543193717277486, 0.020778795811518324, 0.008262434554973821, 0.0021269633507853404, 0.0004908376963350785, 0.0067081151832460734, 0.016034031413612565, 0.027159685863874346, 0.0262598167539267, 0.02830497382198953, 0.035422120418848166, 0.03394960732984293, 0.01587041884816754, 0.014152486910994765, 0.013170811518324606, 0.0021269633507853404, 0.00343586387434555, 0.004662958115183246, 0.0001636125654450262, 0.000981675392670157, 0.011043848167539267, 0.015625, 0.00924410994764398, 0.009489528795811518, 0.01325261780104712, 0.000899869109947644, 0.0022087696335078536, 0.0032722513089005235, 0.009734947643979058, 0.015543193717277488, 0.012843586387434556, 0.0012270942408376963, 0.007280759162303665, 0.01587041884816754, 0.023478403141361258, 0.01848821989528796, 0.0058900523560209425, 0.006135471204188482, 0.011452879581151832, 0.017833769633507853, 0.007035340314136125, 8.18062827225131e-5, 0.0004908376963350785, 0.002045157068062827, 0.0029450261780104713, 0.009325916230366492, 0.019797120418848166, 0.023887434554973823, 0.03157722513089005, 0.02617801047120419, 0.010962041884816753, 0.009080497382198953, 0.005644633507853403, 0.007689790575916231, 0.01267997382198953, 0.017833769633507853, 0.005317408376963351, 0.001717931937172775, 0.013579842931937173, 0.005644633507853403, 0.012598167539267015, 0.012843586387434556, 0.018079188481675394, 0.005235602094240838, 0.002863219895287958, 0.004335732984293194, 0.005153795811518325, 0.011861910994764397, 0.01963350785340314, 0.02699607329842932, 0.015952225130890053, 0.011780104712041885, 0.022823952879581152, 0.024214659685863876, 0.019469895287958117, 0.002617801047120419, 0.0022905759162303663, 0.008835078534031414, 0.007198952879581152, 0.0015543193717277486, 0.02356020942408377, 0.04139397905759162, 0.017424738219895288, 0.019224476439790576, 0.01349803664921466, 0.031168193717277488, 0.024787303664921465, 0.01456151832460733, 0.003108638743455497, 0.010553010471204188, 0.021760471204188482, 0.018979057591623036, 0.02544175392670157, 0.01693390052356021, 0.0005726439790575916, 0.003599476439790576
0.031086387434554975, 0.03853075916230367, 0.02233311518324607, 0.003926701570680628, 0.020778795811518324, 0.01587041884816754, 0.012270942408376964, 0.0001636125654450262, 0.0016361256544502618, 0.003763089005235602, 0.004581151832460733, 0.01267997382198953, 0.017424738219895288, 0.020206151832460734, 0.03574934554973822, 0.02855039267015707, 0.025932591623036648, 0.01006217277486911, 0.0021269633507853404, 0.008589659685863874, 0.0012270942408376963, 0.00793520942408377, 0.01587041884816754, 0.009325916230366492, 0.019469895287958117, 0.006135471204188482, 0.019469895287958117, 0.01267997382198953, 0.017342931937172776, 0.007198952879581152, 0.001799738219895288, 0.002045157068062827, 0.004008507853403141, 0.014643324607329844, 0.0004908376963350785, 0.014643324607329844, 0.02012434554973822, 0.014234293193717277, 0.03100458115183246, 0.01832460732984293, 0.023478403141361258, 0.013170811518324606, 0.02724149214659686, 0.014888743455497382, 0.0058900523560209425, 0.005317408376963351, 0.003926701570680628, 0.007853403141361256, 0.002045157068062827, 0.0013907068062827225, 0.011616492146596859, 0.021351439790575917, 0.022169502617801047, 0.022169502617801047, 0.022005890052356022, 0.019142670157068064, 0.017179319371727748, 0.014234293193717277, 0.007280759162303665, 0.023396596858638742, 0.006789921465968587, 0.0053992146596858635, 0.010143979057591623, 0.013825261780104712, 0.013334424083769633, 0.015543193717277488, 0.011534685863874345, 0.00449934554973822, 0.0029450261780104713, 0.002535994764397906, 0.006789921465968587, 0.0224967277486911, 0.018897251308900524, 0.0187336387434555, 0.022087696335078535, 0.027650523560209424, 0.02225130890052356, 0.01881544502617801, 0.01963350785340314, 0.008671465968586388, 0.004335732984293194, 0.0016361256544502618, 0.00662630890052356, 0.004253926701570681, 0.013334424083769633, 0.03664921465968586, 0.023151178010471205, 0.012843586387434556, 0.02306937172774869, 0.032149869109947646, 0.025278141361256546, 0.007526178010471204, 0.008098821989528797, 0.008589659685863874, 0.016361256544502618, 0.020287958115183247, 0.023887434554973823, 0.013907068062827226, 0.013988874345549738, 0.0016361256544502618
0.021760471204188482, 0.02675065445026178, 0.006462696335078534, 0.0022905759162303663, 0.011698298429319371, 0.0193880890052356, 0.025605366492146595, 0.012107329842931938, 0.012598167539267015, 0.003926701570680628, 8.18062827225131e-5, 0.006380890052356021, 0.013170811518324606, 0.024051047120418848, 0.0331315445026178, 0.026096204188481676, 0.01587041884816754, 0.012598167539267015, 0.003926701570680628, 0.012352748691099476, 0.011452879581151832, 0.003926701570680628, 0.01775196335078534, 0.023478403141361258, 0.031904450261780105, 0.02650523560209424, 0.01963350785340314, 0.01006217277486911, 0.015379581151832461, 0.015706806282722512, 0.0022905759162303663, 0.0005726439790575916, 0.005808246073298429, 0.0016361256544502618, 0.006462696335078534, 0.002045157068062827, 0.016115837696335077, 0.021924083769633507, 0.033213350785340316, 0.02069698952879581, 0.014316099476439791, 0.02143324607329843, 0.020778795811518324, 0.00924410994764398, 0.005726439790575916, 0.0023723821989528795, 0.007771596858638744, 0.012434554973821989, 0.011698298429319371, 0.00040903141361256544, 0.0007362565445026178, 0.027405104712041883, 0.022169502617801047, 0.035667539267015706, 0.0137434554973822, 0.013089005235602094, 0.009980366492146597, 0.01767015706806283, 0.015625, 0.0026996073298429317, 0.008426047120418848, 0.009325916230366492, 0.01848821989528796, 0.017833769633507853, 0.006462696335078534, 8.18062827225131e-5, 0.003681282722513089, 0.006789921465968587, 0.005971858638743456, 0.0033540575916230367, 0.0011452879581151832, 0.015052356020942409, 0.023969240837696335, 0.02454188481675393, 0.023396596858638742, 0.024460078534031413, 0.02045157068062827, 0.023151178010471205, 0.01832460732984293, 0.00793520942408377, 0.003763089005235602, 0.0076079842931937175, 0.007280759162303665, 0.004008507853403141, 0.01587041884816754, 0.019960732984293194, 0.008344240837696335, 0.012925392670157068, 0.04090314136125654, 0.02413285340314136, 0.01644306282722513, 0.02118782722513089, 0.010471204188481676, 0.01325261780104712, 0.006053664921465969, 0.0262598167539267, 0.02274214659685864, 0.01693390052356021, 0.0029450261780104713, 8.18062827225131e-5
0.011616492146596859, 0.01456151832460733, 0.016606675392670158, 0.0175065445026178, 0.02462369109947644, 0.021106020942408377, 0.020942408376963352, 0.016606675392670158, 0.013416230366492147, 0.02045157068062827, 0.004335732984293194, 0.005153795811518325, 0.010962041884816753, 0.0175065445026178, 0.017588350785340313, 0.01857002617801047, 0.022087696335078535, 0.004744764397905759, 0.0015543193717277486, 0.02274214659685864, 0.01668848167539267, 0.021351439790575917, 0.0206151832460733, 0.02568717277486911, 0.03803992146596859, 0.026832460732984294, 0.030759162303664923, 0.0206151832460733, 0.02274214659685864, 0.015952225130890053, 0.0053992146596858635, 0.003108638743455497, 0.003763089005235602, 0.009898560209424083, 0.006544502617801047, 0.015706806282722512, 0.027077879581151834, 0.031413612565445025, 0.03640379581151833, 0.028795811518324606, 0.025768979057591623, 0.03018651832460733, 0.02732329842931937, 0.008671465968586388, 0.004744764397905759, 0.0006544502617801048, 0.0012270942408376963, 0.005644633507853403, 0.012025523560209424, 0.008344240837696335, 0.007280759162303665, 0.018242801047120418, 0.021024214659685864, 0.02650523560209424, 0.012107329842931938, 0.009898560209424083, 0.011861910994764397, 0.010798429319371727, 0.0038448952879581153, 0.010634816753926702, 0.015952225130890053, 0.012598167539267015, 0.010225785340314136, 0.009653141361256544, 0.000899869109947644, 0.01030759162303665, 0.005726439790575916, 0.004008507853403141, 0.005971858638743456, 0.0058900523560209425, 0.0035176701570680626, 0.010634816753926702, 0.019224476439790576, 0.023642015706806283, 0.023232984293193717, 0.013416230366492147, 0.027077879581151834, 0.026587041884816753, 0.02118782722513089, 0.002617801047120419, 0.0071171465968586384, 0.013007198952879582, 0.0049901832460732985, 0.006053664921465969, 0.01693390052356021, 0.013170811518324606, 0.011289267015706806, 0.024869109947643978, 0.029532068062827224, 0.021269633507853405, 0.010962041884816753, 0.008017015706806283, 0.009653141361256544, 0.009734947643979058, 0.003926701570680628, 0.011698298429319371, 0.02331479057591623, 0.016606675392670158, 0.01006217277486911, 0.007362565445026178
0.009325916230366492, 0.013416230366492147, 0.0030268324607329844, 0.013007198952879582, 0.017588350785340313, 0.019797120418848166, 0.017342931937172776, 0.005644633507853403, 0.015215968586387435, 0.014316099476439791, 0.014152486910994765, 0.0001636125654450262, 0.00924410994764398, 0.01030759162303665, 0.014397905759162303, 0.023396596858638742, 0.012761780104712041, 0.016524869109947642, 0.0012270942408376963, 0.011452879581151832, 0.016852094240837695, 0.018160994764397906, 0.024460078534031413, 0.025278141361256546, 0.02855039267015707, 0.023478403141361258, 0.017588350785340313, 0.013170811518324606, 0.022005890052356022, 0.016852094240837695, 0.01848821989528796, 0.0024541884816753927, 0.01325261780104712, 0.016852094240837695, 0.020942408376963352, 0.019715314136125654, 0.025032722513089006, 0.04229384816753927, 0.03951243455497382, 0.040657722513089, 0.02838678010471204, 0.02855039267015707, 0.01587041884816754, 0.0003272251308900524, 0.010389397905759162, 0.005644633507853403, 0.007444371727748691, 0.004008507853403141, 0.008835078534031414, 0.005644633507853403, 0.004826570680628272, 0.007689790575916231, 0.01644306282722513, 0.022905759162303665, 0.012761780104712041, 0.012107329842931938, 0.000899869109947644, 0.005153795811518325, 0.009080497382198953, 0.009407722513089006, 0.0087532722513089, 0.012434554973821989, 0.015379581151832461, 0.0026996073298429317, 0.015543193717277488, 0.012843586387434556, 0.0137434554973822, 0.010553010471204188, 0.009898560209424083, 0.004253926701570681, 0.0032722513089005235, 0.008344240837696335, 0.009734947643979058, 0.01987892670157068, 0.019224476439790576, 0.022578534031413612, 0.021024214659685864, 0.018979057591623036, 0.01006217277486911, 0.003681282722513089, 0.009080497382198953, 0.011043848167539267, 0.0032722513089005235, 0.016034031413612565, 0.005644633507853403, 0.018651832460732983, 0.0003272251308900524, 0.027405104712041883, 0.02912303664921466, 0.016197643979057593, 0.0022905759162303663, 0.010798429319371727, 0.01325261780104712, 0.005481020942408377, 0.005153795811518325, 0.006135471204188482, 0.011861910994764397, 0.008098821989528797, 0.0049901832460732985, 0.0016361256544502618
0.005317408376963351, 0.010225785340314136, 0.009325916230366492, 0.020206151832460734, 0.001881544502617801, 0.016606675392670158, 0.01848821989528796, 0.017097513089005235, 0.004253926701570681, 0.014234293193717277, 0.01407068062827225, 0.005481020942408377, 0.009653141361256544, 0.0011452879581151832, 0.005971858638743456, 0.009653141361256544, 0.004253926701570681, 0.015461387434554974, 8.18062827225131e-5, 0.002863219895287958, 0.0224967277486911, 0.01767015706806283, 0.023478403141361258, 0.022169502617801047, 0.022660340314136124, 0.022987565445026177, 0.01799738219895288, 0.012761780104712041, 0.02675065445026178, 0.02454188481675393, 0.016279450261780105, 0.0187336387434555, 0.015952225130890053, 0.023396596858638742, 0.03288612565445026, 0.033213350785340316, 0.029450261780104712, 0.048674738219895285, 0.03795811518324607, 0.04139397905759162, 0.040657722513089, 0.02912303664921466, 0.016197643979057593, 0.004744764397905759, 0.006135471204188482, 0.003108638743455497, 0.007526178010471204, 0.01832460732984293, 0.016279450261780105, 0.010880235602094241, 0.00556282722513089, 0.01006217277486911, 0.006789921465968587, 0.007526178010471204, 0.004417539267015707, 0.013170811518324606, 0.01112565445026178, 0.013334424083769633, 0.010225785340314136, 0.008916884816753927, 0.011534685863874345, 0.015543193717277488, 0.014316099476439791, 0.014397905759162303, 0.0003272251308900524, 0.0068717277486911, 0.004581151832460733, 0.010389397905759162, 0.010798429319371727, 0.006053664921465969, 0.0058900523560209425, 0.019797120418848166, 0.014888743455497382, 0.014725130890052356, 0.018079188481675394, 0.026587041884816753, 0.02036976439790576, 0.015788612565445025, 0.00793520942408377, 0.012434554973821989, 0.00793520942408377, 0.01030759162303665, 0.000981675392670157, 0.0053992146596858635, 0.009162303664921465, 0.009080497382198953, 0.02838678010471204, 0.03885798429319372, 0.014397905759162303, 0.0004908376963350785, 0.0014725130890052356, 0.007771596858638744, 0.007526178010471204, 0.0137434554973822, 0.0031904450261780104, 0.002535994764397906, 0.002535994764397906, 0.004826570680628272, 0.004008507853403141, 0.0021269633507853404
0.007444371727748691, 0.004090314136125654, 0.0071171465968586384, 0.001881544502617801, 0.0023723821989528795, 0.016852094240837695, 0.02617801047120419, 0.005481020942408377, 0.0015543193717277486, 0.01349803664921466, 0.0224967277486911, 0.01644306282722513, 0.013416230366492147, 0.018406413612565446, 0.001881544502617801, 0.0004908376963350785, 0.0030268324607329844, 0.0004908376963350785, 0.0058900523560209425, 0.001963350785340314, 0.0137434554973822, 0.01848821989528796, 0.010471204188481676, 0.01267997382198953, 0.017179319371727748, 0.01767015706806283, 0.013661649214659686, 0.0087532722513089, 0.023396596858638742, 0.024869109947643978, 0.028795811518324606, 0.02331479057591623, 0.02724149214659686, 0.023478403141361258, 0.017342931937172776, 0.019060863874345548, 0.038121727748691096, 0.032967931937172776, 0.0449934554973822, 0.03771269633507853, 0.020287958115183247, 0.014316099476439791, 0.0014725130890052356, 0.007362565445026178, 0.0033540575916230367, 0.004662958115183246, 0.007198952879581152, 0.019224476439790576, 0.02462369109947644, 0.017915575916230365, 0.010225785340314136, 0.003108638743455497, 0.004744764397905759, 0.006135471204188482, 0.0029450261780104713, 0.0023723821989528795, 0.0032722513089005235, 0.003681282722513089, 0.004581151832460733, 0.009898560209424083, 0.012761780104712041, 0.009898560209424083, 0.009653141361256544, 0.004008507853403141, 0.01112565445026178, 0.01799738219895288, 0.0035176701570680626, 0.008835078534031414, 0.012107329842931938, 0.00793520942408377, 0.009980366492146597, 0.01349803664921466, 0.013416230366492147, 0.009325916230366492, 0.016770287958115183, 0.015134162303664921, 0.015461387434554974, 0.0058900523560209425, 0.004417539267015707, 0.007444371727748691, 0.0137434554973822, 0.017261125654450264, 0.013907068062827226, 0.010716623036649215, 0.01955170157068063, 0.0, 0.033785994764397906, 0.025278141361256546, 0.0024541884816753927, 0.0015543193717277486, 0.010880235602094241, 0.005808246073298429, 0.004090314136125654, 0.004253926701570681, 0.013416230366492147, 0.013170811518324606, 0.0008180628272251309, 0.006789921465968587, 0.0012270942408376963, 0.0013907068062827225
0.011289267015706806, 0.006380890052356021, 0.0003272251308900524, 0.009653141361256544, 0.008180628272251309, 0.004826570680628272, 0.010880235602094241, 0.0005726439790575916, 0.004744764397905759, 0.014234293193717277, 0.024051047120418848, 0.018979057591623036, 0.015215968586387435, 0.014643324607329844, 0.010880235602094241, 0.004335732984293194, 0.0029450261780104713, 0.0004908376963350785, 0.001717931937172775, 0.003926701570680628, 0.004335732984293194, 0.00024541884816753925, 0.01848821989528796, 0.005808246073298429, 0.009980366492146597, 0.009407722513089006, 0.012270942408376964, 0.006462696335078534, 0.01832460732984293, 0.025278141361256546, 0.02143324607329843, 0.02732329842931937, 0.026341623036649213, 0.0187336387434555, 0.008098821989528797, 0.0015543193717277486, 0.020042539267015706, 0.02920484293193717, 0.03714005235602094, 0.010798429319371727, 0.01137107329842932, 0.00343586387434555, 0.009898560209424083, 0.004335732984293194, 0.0035176701570680626, 0.001963350785340314, 0.006217277486910994, 0.012761780104712041, 0.017342931937172776, 0.0187336387434555, 0.0076079842931937175, 0.000899869109947644, 0.00662630890052356, 0.0022087696335078536, 0.002617801047120419, 0.0024541884816753927, 0.0038448952879581153, 0.0053992146596858635, 0.004172120418848168, 0.010471204188481676, 0.010471204188481676, 0.0022087696335078536, 0.020287958115183247, 0.014234293193717277, 0.012352748691099476, 0.010225785340314136, 0.001963350785340314, 0.0087532722513089, 0.013907068062827226, 0.014234293193717277, 0.009162303664921465, 0.008262434554973821, 0.020206151832460734, 0.014234293193717277, 0.012516361256544503, 0.011207460732984294, 0.0058900523560209425, 0.00040903141361256544, 0.0033540575916230367, 0.0022905759162303663, 0.02045157068062827, 0.024950916230366493, 0.018897251308900524, 0.012025523560209424, 0.012025523560209424, 0.0008180628272251309, 0.02012434554973822, 0.007853403141361256, 0.010716623036649215, 0.008507853403141362, 0.010716623036649215, 0.0001636125654450262, 0.016770287958115183, 0.017179319371727748, 0.012434554973821989, 0.007853403141361256, 0.012270942408376964, 0.002617801047120419, 0.009571335078534032, 0.008589659685863874
0.013825261780104712, 0.008916884816753927, 0.0001636125654450262, 0.011943717277486911, 0.0137434554973822, 0.0031904450261780104, 0.0015543193717277486, 0.005808246073298429, 0.004662958115183246, 0.013334424083769633, 0.017179319371727748, 0.021351439790575917, 0.027732329842931936, 0.033049738219895285, 0.01832460732984293, 0.0024541884816753927, 0.0023723821989528795, 0.0038448952879581153, 0.0033540575916230367, 0.00343586387434555, 0.0023723821989528795, 0.015952225130890053, 0.0224967277486911, 0.014316099476439791, 0.001963350785340314, 0.00793520942408377, 0.007689790575916231, 0.02699607329842932, 0.024950916230366493, 0.013825261780104712, 0.00924410994764398, 0.021924083769633507, 0.02920484293193717, 0.004744764397905759, 0.000981675392670157, 0.0013089005235602095, 0.005153795811518325, 0.0016361256544502618, 0.0021269633507853404, 0.012352748691099476, 0.02650523560209424, 0.016034031413612565, 0.015952225130890053, 0.015052356020942409, 0.0032722513089005235, 0.0032722513089005235, 0.00662630890052356, 0.017261125654450264, 0.014479712041884817, 0.0032722513089005235, 0.0032722513089005235, 0.005071989528795812, 0.0022087696335078536, 0.007280759162303665, 0.007362565445026178, 0.0035176701570680626, 0.008835078534031414, 0.01030759162303665, 0.007035340314136125, 0.010880235602094241, 0.0137434554973822, 0.0029450261780104713, 0.009325916230366492, 0.017588350785340313, 0.010798429319371727, 0.008262434554973821, 0.01407068062827225, 0.0001636125654450262, 0.009325916230366492, 0.016115837696335077, 0.009571335078534032, 0.009980366492146597, 0.013907068062827226, 0.015297774869109947, 0.009734947643979058, 0.006380890052356021, 0.0035176701570680626, 0.0013089005235602095, 0.00024541884816753925, 0.0026996073298429317, 0.014152486910994765, 0.016279450261780105, 0.009734947643979058, 0.002617801047120419, 0.008180628272251309, 0.0029450261780104713, 0.0004908376963350785, 0.024051047120418848, 0.02045157068062827, 0.01848821989528796, 0.013089005235602094, 8.18062827225131e-5, 0.005235602094240838, 0.011780104712041885, 0.011780104712041885, 0.01325261780104712, 0.000981675392670157, 0.007198952879581152, 0.008835078534031414, 0.0087532722513089
0.011616492146596859, 0.016279450261780105, 0.009980366492146597, 0.01955170157068063, 0.007689790575916231, 0.013988874345549738, 0.002535994764397906, 0.003926701570680628, 0.009489528795811518, 0.012107329842931938, 0.010225785340314136, 0.019224476439790576, 0.03100458115183246, 0.02732329842931937, 0.00899869109947644, 0.009653141361256544, 0.0007362565445026178, 0.00024541884816753925, 0.001717931937172775, 0.0024541884816753927, 0.005481020942408377, 0.02167866492146597, 0.023396596858638742, 0.009489528795811518, 0.011289267015706806, 0.006217277486910994, 0.012598167539267015, 0.0087532722513089, 0.014643324607329844, 0.013170811518324606, 0.0087532722513089, 0.0087532722513089, 0.016770287958115183, 0.00793520942408377, 0.01112565445026178, 0.012352748691099476, 0.021760471204188482, 0.019715314136125654, 0.018079188481675394, 0.026014397905759164, 0.03182264397905759, 0.02413285340314136, 0.021760471204188482, 0.027732329842931936, 0.00343586387434555, 0.010225785340314136, 0.01030759162303665, 0.010880235602094241, 0.019469895287958117, 0.00899869109947644, 0.00343586387434555, 0.0038448952879581153, 0.004090314136125654, 0.006789921465968587, 0.013334424083769633, 0.00924410994764398, 0.0007362565445026178, 0.014316099476439791, 0.008262434554973821, 0.0021269633507853404, 0.015543193717277488, 0.0016361256544502618, 0.004908376963350785, 0.0016361256544502618, 0.0033540575916230367, 0.005071989528795812, 0.003926701570680628, 0.0062990837696335076, 0.011452879581151832, 0.012516361256544503, 0.015052356020942409, 0.007771596858638744, 0.019715314136125654, 0.00793520942408377, 0.029859293193717277, 0.015461387434554974, 0.009898560209424083, 0.003599476439790576, 0.010389397905759162, 0.005235602094240838, 0.0038448952879581153, 0.003108638743455497, 0.000981675392670157, 0.0022905759162303663, 0.003763089005235602, 0.0026996073298429317, 0.018160994764397906, 0.029532068062827224, 0.021760471204188482, 0.024950916230366493, 0.011780104712041885, 0.007771596858638744, 0.020942408376963352, 0.012843586387434556, 0.0193880890052356, 0.01112565445026178, 0.011534685863874345, 0.007035340314136125, 0.006053664921465969, 0.0067081151832460734
0.007853403141361256, 0.016770287958115183, 0.008098821989528797, 0.015952225130890053, 0.006789921465968587, 0.009162303664921465, 0.0031904450261780104, 0.01693390052356021, 0.014725130890052356, 0.01407068062827225, 0.01349803664921466, 0.005644633507853403, 0.015461387434554974, 0.02069698952879581, 0.009734947643979058, 0.008916884816753927, 0.0007362565445026178, 0.007198952879581152, 0.012761780104712041, 0.004008507853403141, 0.021351439790575917, 0.02805955497382199, 0.016770287958115183, 0.015788612565445025, 0.005153795811518325, 0.0022905759162303663, 0.021024214659685864, 0.016361256544502618, 0.017342931937172776, 0.022660340314136124, 0.01112565445026178, 0.0049901832460732985, 0.02069698952879581, 0.002863219895287958, 0.005971858638743456, 0.019469895287958117, 0.02756871727748691, 0.026832460732984294, 0.02225130890052356, 0.028223167539267017, 0.023232984293193717, 0.013825261780104712, 0.017097513089005235, 0.021924083769633507, 0.00449934554973822, 0.00662630890052356, 0.0193880890052356, 0.009407722513089006, 0.010716623036649215, 0.015215968586387435, 0.013170811518324606, 0.010471204188481676, 0.014888743455497382, 0.000981675392670157, 0.00556282722513089, 0.001799738219895288, 0.0022087696335078536, 0.004335732984293194, 0.006380890052356021, 0.010634816753926702, 0.0, 0.0015543193717277486, 0.006053664921465969, 0.00449934554973822, 0.00662630890052356, 0.0003272251308900524, 0.005726439790575916, 0.001881544502617801, 0.0005726439790575916, 0.0022905759162303663, 0.0087532722513089, 0.004581151832460733, 0.011861910994764397, 0.02274214659685864, 0.025850785340314136, 0.030677356020942407, 0.033213350785340316, 0.015379581151832461, 0.012598167539267015, 0.009325916230366492, 0.004662958115183246, 0.005071989528795812, 0.008344240837696335, 0.004662958115183246, 0.005644633507853403, 0.003681282722513089, 0.031904450261780105, 0.020942408376963352, 0.023151178010471205, 0.016361256544502618, 0.00793520942408377, 0.004581151832460733, 0.010389397905759162, 0.018651832460732983, 0.013988874345549738, 0.012843586387434556, 0.022169502617801047, 0.0022905759162303663, 0.0024541884816753927, 0.012598167539267015
0.0013089005235602095, 0.00981675392670157, 0.00981675392670157, 0.00024541884816753925, 0.006789921465968587, 0.01325261780104712, 0.00556282722513089, 0.02045157068062827, 0.012107329842931938, 0.00924410994764398, 0.005071989528795812, 0.016034031413612565, 0.006462696335078534, 0.013089005235602094, 0.012434554973821989, 0.011043848167539267, 0.011534685863874345, 0.019060863874345548, 0.011043848167539267, 0.0062990837696335076, 0.013825261780104712, 0.004908376963350785, 0.006135471204188482, 0.007853403141361256, 0.005971858638743456, 0.005481020942408377, 0.008098821989528797, 0.020860602094240836, 0.023723821989528795, 0.0008180628272251309, 0.013661649214659686, 0.005971858638743456, 0.0015543193717277486, 0.011043848167539267, 0.0006544502617801048, 0.015297774869109947, 0.013170811518324606, 0.013416230366492147, 0.008426047120418848, 0.009489528795811518, 0.006217277486910994, 0.001717931937172775, 0.005235602094240838, 0.0026996073298429317, 0.0031904450261780104, 0.01456151832460733, 0.025278141361256546, 0.017915575916230365, 0.0026996073298429317, 0.009407722513089006, 0.003108638743455497, 0.012434554973821989, 0.010716623036649215, 0.012925392670157068, 0.004581151832460733, 0.010880235602094241, 0.0058900523560209425, 0.0022905759162303663, 0.0006544502617801048, 0.006544502617801047, 0.007689790575916231, 0.007771596858638744, 0.010716623036649215, 0.007035340314136125, 0.0035176701570680626, 0.006462696335078534, 0.009407722513089006, 0.00556282722513089, 0.006217277486910994, 0.000981675392670157, 0.006544502617801047, 0.0031904450261780104, 0.001799738219895288, 0.017424738219895288, 0.030677356020942407, 0.022905759162303665, 0.027159685863874346, 0.01668848167539267, 0.021924083769633507, 0.019142670157068064, 0.00040903141361256544, 0.009898560209424083, 0.012434554973821989, 0.010716623036649215, 0.009898560209424083, 0.01857002617801047, 0.009898560209424083, 0.007444371727748691, 0.005235602094240838, 0.011043848167539267, 0.0049901832460732985, 0.00981675392670157, 0.013825261780104712, 0.008589659685863874, 0.013089005235602094, 0.008180628272251309, 0.01006217277486911, 0.0011452879581151832, 0.0011452879581151832, 0.0022905759162303663
0.003599476439790576, 0.009407722513089006, 0.009653141361256544, 0.01137107329842932, 0.0001636125654450262, 0.002045157068062827, 0.0071171465968586384, 0.013988874345549738, 0.008180628272251309, 0.013089005235602094, 0.005317408376963351, 0.0011452879581151832, 0.005317408376963351, 0.001881544502617801, 0.005071989528795812, 0.002617801047120419, 0.002781413612565445, 0.0035176701570680626, 0.0001636125654450262, 0.004335732984293194, 0.0024541884816753927, 0.008671465968586388, 0.005808246073298429, 0.00024541884816753925, 0.009898560209424083, 0.01799738219895288, 0.005235602094240838, 0.008589659685863874, 0.016034031413612565, 0.002863219895287958, 0.015379581151832461, 0.013907068062827226, 0.004908376963350785, 0.005971858638743456, 0.007280759162303665, 0.0015543193717277486, 8.18062827225131e-5, 0.0011452879581151832, 0.0006544502617801048, 0.007198952879581152, 0.007771596858638744, 0.005235602094240838, 0.0062990837696335076, 0.00556282722513089, 0.012025523560209424, 0.020042539267015706, 0.018979057591623036, 0.0033540575916230367, 0.012025523560209424, 0.0058900523560209425, 0.006380890052356021, 0.0029450261780104713, 0.014643324607329844, 0.01668848167539267, 0.007689790575916231, 0.008916884816753927, 0.006053664921465969, 0.01325261780104712, 0.0014725130890052356, 0.017915575916230365, 0.0014725130890052356, 0.001717931937172775, 0.0031904450261780104, 0.009898560209424083, 0.0022905759162303663, 0.008098821989528797, 0.005971858638743456, 0.002617801047120419, 0.006053664921465969, 0.0016361256544502618, 0.004908376963350785, 0.00449934554973822, 0.0058900523560209425, 0.003108638743455497, 0.0003272251308900524, 0.011943717277486911, 0.01112565445026178, 0.006380890052356021, 0.00924410994764398, 0.007526178010471204, 0.003681282722513089, 0.008589659685863874, 0.005726439790575916, 0.02274214659685864, 0.0137434554973822, 0.007853403141361256, 0.003926701570680628, 0.008262434554973821, 0.007198952879581152, 0.008262434554973821, 0.0038448952879581153, 0.02650523560209424, 0.0224967277486911, 0.006217277486910994, 0.0015543193717277486, 0.008835078534031414, 0.008262434554973821, 0.012025523560209424, 0.007198952879581152, 0.005644633507853403
0.00449934554973822, 0.017015706806282723, 0.006789921465968587, 0.0021269633507853404, 0.000899869109947644, 0.001799738219895288, 0.007035340314136125, 0.0004908376963350785, 0.012352748691099476, 0.009653141361256544, 0.006953534031413613, 0.0005726439790575916, 0.0013907068062827225, 0.003926701570680628, 0.00793520942408377, 0.0023723821989528795, 0.009653141361256544, 0.0011452879581151832, 0.00556282722513089, 0.005153795811518325, 0.004744764397905759, 0.004253926701570681, 0.005317408376963351, 0.007035340314136125, 0.000981675392670157, 0.000981675392670157, 0.004581151832460733, 0.00662630890052356, 0.012270942408376964, 0.013907068062827226, 8.18062827225131e-5, 0.007362565445026178, 0.00449934554973822, 0.0003272251308900524, 0.004253926701570681, 0.0062990837696335076, 0.006462696335078534, 0.0022087696335078536, 0.0010634816753926702, 0.010389397905759162, 0.02036976439790576, 0.002863219895287958, 0.0049901832460732985, 0.006053664921465969, 0.0001636125654450262, 0.00899869109947644, 0.008017015706806283, 0.0010634816753926702, 0.012270942408376964, 0.006953534031413613, 0.006953534031413613, 0.004662958115183246, 0.003926701570680628, 0.00662630890052356, 0.009489528795811518, 0.0029450261780104713, 0.004253926701570681, 0.008426047120418848, 0.01668848167539267, 0.01848821989528796, 0.007689790575916231, 0.0007362565445026178, 0.008017015706806283, 0.008589659685863874, 0.0035176701570680626, 0.005481020942408377, 0.0033540575916230367, 0.005317408376963351, 0.0021269633507853404, 0.007198952879581152, 0.003926701570680628, 0.0001636125654450262, 0.0021269633507853404, 0.001717931937172775, 0.010225785340314136, 0.004581151832460733, 0.002781413612565445, 0.0013089005235602095, 0.011043848167539267, 0.002781413612565445, 0.004417539267015707, 0.0001636125654450262, 0.002617801047120419, 0.000899869109947644, 0.0003272251308900524, 0.0029450261780104713, 0.0013089005235602095, 0.0076079842931937175, 0.003763089005235602, 0.01799738219895288, 0.014234293193717277, 0.009653141361256544, 0.01407068062827225, 0.004908376963350785, 0.0058900523560209425, 0.015625, 0.008344240837696335, 0.007035340314136125, 0.0003272251308900524, 0.012270942408376964
