0.012703543081580886, 0.037926519924719744, 0.009082726454463627, 0.03610588331560429, 0.0317895425906227, 0.02947794779477948, 0.05725799852712544, 0.0353899026266263, 0.04199738155633745, 0.015035594468537763, 0.04387938793879388, 0.04492267408559038, 0.03338515669748793, 0.001370591604615007, 0.025018410932002293, 0.028455118239096636, 0.014340070370673431, 0.015076507650765077, 0.02663448162998118, 0.023688732509614598, 0.005236887325096146, 0.007446199165371083, 0.004623189591686442, 0.011394321250306849, 0.004398167089436216, 0.026920873905572375, 0.0014319613779559773, 0.013869568775059325, 0.024016037967433106, 0.02759594141232305, 0.038090172653629, 0.03436707307094346, 0.04790933638818427, 0.03162588986171344, 0.06578839702152034, 0.039051632435970866, 0.004520906636118157, 0.03700597332460519, 0.03107356190164471, 0.07515751575157516, 0.04302021111202029, 0.03414205056869323, 0.0030275754848212095, 0.03451026920873906, 0.01286719581049014, 0.010535144423533262, 0.03113493167498568, 0.03700597332460519, 0.013337697406104247, 0.010126012601260125, 0.0072416332542345144, 0.010494231241305949, 0.025366172980934458, 0.032505523279600684, 0.03285328532853286, 0.03113493167498568, 0.040422224040585875, 0.029437034612552163, 0.015137877424106046, 0.017654038131085837, 0.019188282464610098, 0.015281073561901644, 0.009839620325668931, 0.024220603878569676, 0.0423042304230423, 0.010003273054578186, 0.05468046804680468, 0.006709761885279437, 0.026798134358890436, 0.0022297684313885933, 0.0032525979870714344, 0.02270681613615907, 0.029314295065870223, 0.023770558874069224, 0.014196874232877833, 0.038090172653629, 0.008244006218803699, 0.01583340152197038, 0.02006791588249734, 0.042488339743065213, 0.007282546436461828, 0.01929056542017838, 0.009675967596759675, 0.019986089518042715, 0.006607478929711153, 0.016876687668766877, 0.03782423696915146, 0.04357253907208903, 0.01916782587349644, 0.036576384911218396, 0.059180918091809184, 0.00034776204893216593, 0.04355208248097537, 0.0271458964078226, 0.014565092872923655, 0.0031707716226168072, 0.03068488667048523, 0.023586449554046315, 0.006259716880778987, 0.05171426233532444
0.08094673103674004, 0.034469356026511744, 0.01845184518451845, 0.016569838802062024, 0.012846739219376483, 0.020211112020292937, 0.04471810817445381, 0.0009819163734555273, 0.043797561574339255, 0.02168398658047623, 0.030643973488257918, 0.05693069306930693, 0.059160461500695524, 0.04927992799279928, 0.04324523361427052, 0.04144505359626872, 0.0280459864168235, 0.03354880942639719, 0.05140741346861959, 0.05715571557155716, 0.05768758694051223, 0.03395794124867032, 0.010985189428033712, 0.05856722035839947, 0.03995172244497177, 0.013849112183945668, 0.013358153997217903, 0.0016365272890925457, 0.0005318713689550774, 0.04021765812944931, 0.03365109238196547, 0.0790238114720563, 0.04686605024138778, 0.07157761230668522, 0.04330660338761149, 0.03174862940839539, 0.008919073725554373, 0.024097864331887733, 0.041117748138450205, 0.038642500613697735, 0.049566320268390474, 0.020047459291383685, 0.019085999509041815, 0.02239996726945422, 0.0010432861467964977, 0.0005523279600687342, 0.029825709843711645, 0.04731609524588822, 0.020927092709270928, 0.042938384747565665, 0.04811390229932084, 0.04254970951640619, 0.0461909827346371, 0.053064397348825794, 0.05142787005973325, 0.057217085344898125, 0.0757098437116439, 0.04522952295229523, 0.036146796497831604, 0.008469028721053923, 0.02348416659847803, 0.0028639227559119546, 0.03506259716880779, 0.030480320759348662, 0.0691637345552737, 0.013685459455036414, 0.04645691841911464, 0.01935193519351935, 0.021663529989362572, 0.034776204893216596, 0.03207593486621389, 0.050589149824073316, 0.03944030766713035, 0.0253457163898208, 0.007609851894280337, 0.0010841993290238116, 0.012539890352671631, 0.029805253252597988, 0.006382456427460928, 0.04672285410359218, 0.011803453072579986, 0.029498404385893136, 0.01485148514851485, 0.031441780541690535, 0.017163079944358072, 0.03678095082235496, 0.05314622371328042, 0.020927092709270928, 0.05717617216267081, 0.016631208575402994, 0.0028843793470256117, 0.0077325914409622784, 0.008448572129940267, 0.014176417641764177, 0.023750102282955567, 0.0199451763358154, 0.039051632435970866, 0.04970951640618607, 0.08012846739219376, 0.07861467964978316
0.05615334260698797, 0.006668848703052123, 0.02323868750511415, 0.13527943703461257, 0.09671876278536945, 0.0328328287374192, 0.003048032075934866, 0.027370918910072827, 0.0452908927256362, 0.048236641846002785, 0.032669176008509944, 0.040033548809426396, 0.025509369118730054, 0.04469765158334015, 0.04441125930774896, 0.02888470665248343, 0.018840520415677933, 0.01292856558383111, 0.014176417641764177, 0.047520661157024795, 0.008121266672121758, 0.006259716880778987, 0.02753457163898208, 0.03293511169298748, 0.010657883970215203, 0.027350462318959167, 0.014728745601832911, 0.04062678995172245, 0.03215776123066852, 0.029580230750347762, 0.0389902626626299, 0.03232141395957778, 0.05738073807380738, 0.029743883479257018, 0.03886752311594796, 0.022911382047295637, 0.017265362899926355, 0.019413304966860324, 0.04921855821945831, 0.020497504295884133, 0.026798134358890436, 0.06241305948776696, 0.040299484493903935, 0.029927992799279927, 0.017449472219949268, 0.06063333606087881, 0.07847148351198756, 0.09203420342034203, 0.08947712953113493, 0.05981507241633254, 0.026041240487685132, 0.03399885443089763, 0.03342606987971524, 0.014360526961787088, 0.025898044349889536, 0.03354880942639719, 0.07055478275100237, 0.049177645037230995, 0.08587676949513133, 0.08503804925947141, 0.08366745765485639, 0.09088863431797725, 0.0799648146632845, 0.028352835283528353, 0.04913673185500368, 0.04727518206366091, 0.003764012764912855, 0.014565092872923655, 0.015096964241878733, 0.0024547909336388183, 0.020354308158088537, 0.016406186073152768, 0.030132558710416497, 0.0038049259471401686, 0.06914327796416005, 0.02233859749611325, 0.08573357335733574, 0.08835201701988381, 0.05122330414859668, 0.05128467392193765, 0.013194501268308649, 0.009921446690123558, 0.0015342443335242615, 0.014831028557401194, 0.008305375992144669, 0.018901890189018902, 0.06879551591522788, 0.12325096145978234, 0.09800752802552982, 0.03903117584485721, 0.017224449717699042, 0.026225349807708045, 0.04927992799279928, 0.024097864331887733, 0.0054005400540054005, 0.0144014401440144, 0.013419523770558875, 0.00836674576548564, 0.003764012764912855, 0.0655633745192701
0.048072989117093526, 0.04790933638818427, 0.03991080926274446, 0.089354389984453, 0.06677031339497586, 0.04482039113002209, 0.03436707307094346, 0.024118320923001393, 0.06795679567956796, 0.0773668275918501, 0.07928974715653384, 0.06261762539890353, 0.040565420178381474, 0.029621143932575075, 0.024159234105228706, 0.006852958023075035, 0.0054005400540054005, 0.013624089681695442, 0.004807298911709353, 0.005605105965141969, 0.030909909172735454, 0.013501350135013501, 0.06229031994108502, 0.04162916291629163, 0.0002863922755911955, 0.020702070207020702, 0.016692578348743964, 0.02156124703379429, 0.047254725472547256, 0.030766713034939858, 0.051100564601914734, 0.04743883479257017, 0.06327223631454054, 0.06341543245233615, 0.0058914982407331645, 0.019270108829064724, 0.013603633090581786, 0.008162179854349071, 0.0016365272890925457, 0.03620816627117257, 0.05308485393993945, 0.04786842320595696, 0.051816545290892725, 0.01736764585549464, 0.009471401685623108, 0.04837983798379838, 0.057114802389329845, 0.06910236478193274, 0.042242860649701335, 0.0279027902790279, 0.01706079698878979, 0.018226822682268228, 0.023647819327387284, 0.010657883970215203, 0.04117911791179118, 0.028189182554619097, 0.049300384583912935, 0.09137959250470501, 0.10805171426233533, 0.10336715489730791, 0.09545045413632272, 0.10042140577694134, 0.07673267326732673, 0.07004336797316095, 0.04095409540954095, 0.021827182718271828, 0.02330005727845512, 0.009491858276736764, 0.015424269699697242, 0.01955650110465592, 0.008734964405531462, 0.00926683577448654, 0.008162179854349071, 0.029621143932575075, 0.0677931429506587, 0.09236150887816054, 0.09142050568693233, 0.14014810571966288, 0.16563701824727928, 0.11114065952049751, 0.0970256116520743, 0.02870059733246052, 0.026491285492185584, 0.007343916209802798, 0.08113084035676295, 0.007793961214303248, 0.09467310367400376, 0.09692332869650601, 0.020763439980361672, 0.029927992799279927, 0.00926683577448654, 0.048195728663775465, 0.03901071925374355, 0.026491285492185584, 0.01131249488585222, 0.004582276409459128, 0.00488912527616398, 0.0009614597823418706, 0.01241715080598969, 0.055150969642418786
0.01241715080598969, 0.10778577857785779, 0.13499304475902135, 0.07871696260535145, 0.07433925210702888, 0.03483757466655756, 0.011148842156942966, 0.031707716226168074, 0.06668848703052123, 0.07847148351198756, 0.09898944439898535, 0.1132272318140905, 0.08675640291301857, 0.09379347025611652, 0.0788806153342607, 0.02706407004336797, 0.0054005400540054005, 0.02129531134931675, 0.012212584894853122, 0.022174944767203993, 0.06699533589722609, 0.045843220685704934, 0.02733000572784551, 0.04052450699615416, 0.024527452745274528, 0.023893298420751167, 0.014524179690696342, 0.00662793552082481, 0.023750102282955567, 0.031237214630553966, 0.08239914900580968, 0.07202765731118567, 0.13245642746092792, 0.09510269208739056, 0.04103592177399558, 0.00977825055232796, 0.014299157188446118, 0.026941330496686032, 0.05770804353162589, 0.09068406840684068, 0.06861140659520497, 0.08205138695687751, 0.06844775386629572, 0.016181163570902546, 0.04036085426724491, 0.06122657720317486, 0.05963096309630963, 0.03776286719581049, 0.007568938712053023, 0.012212584894853122, 0.0025570738892071025, 0.001943376155797398, 0.001370591604615007, 0.01583340152197038, 0.01086244988135177, 0.03383520170198838, 0.04203829473856477, 0.08888388838883889, 0.09303657638491122, 0.11257262089845348, 0.11109974633827019, 0.11735946321904918, 0.11150887816054332, 0.07337779232468701, 0.07393012028475575, 0.038376564929220196, 0.0026798134358890432, 0.00765076507650765, 0.010146469192373784, 0.030480320759348662, 0.024159234105228706, 0.015710661975288438, 0.01485148514851485, 0.002761639800343671, 0.04109729154733655, 0.007793961214303248, 0.034612552164307336, 0.023504623189591685, 0.15684068406840684, 0.08861795270436135, 0.2897471565338352, 0.12509205466001144, 0.207082071843548, 0.08264462809917356, 0.0463341788724327, 0.005768758694051223, 0.10068734146141887, 0.01955650110465592, 0.006934784387529662, 0.011435234432534162, 0.005543736191800998, 0.011660256934784388, 0.007098437116438917, 0.009880533507896245, 0.00020456591113656822, 0.009471401685623108, 0.006096064151869732, 0.016508469028721055, 0.016610751984289338, 0.009062269863349971
0.09428442844284428, 0.1750470501595614, 0.1302880288028803, 0.11580476229441126, 0.06229031994108502, 0.024281973651910645, 0.025959414123230506, 0.025304803207593488, 0.057360281482693724, 0.054455445544554455, 0.08041485966778496, 0.10516733491530972, 0.14076180345307257, 0.16610751984289338, 0.1307994435807217, 0.07961705261435234, 0.024732018656411097, 0.0028025529825709845, 0.06327223631454054, 0.06061287946976516, 0.07648719417396285, 0.056644300793715734, 0.0707798052532526, 0.0015342443335242615, 0.003927665493822109, 0.00578921528516488, 0.005707388920710253, 0.000572784551182391, 0.010391948285737664, 0.020292938384747567, 0.06762949022174945, 0.10882906472465428, 0.07894198510760167, 0.1493740283119221, 0.11897553391702807, 0.05785123966942149, 0.011537517388102447, 0.02432288683413796, 0.10197610670157925, 0.11249079453399885, 0.08612224858849521, 0.07628262826282628, 0.01337861058833156, 0.05629653874478357, 0.09457082071843548, 0.0425906226986335, 0.04494313067670403, 0.02696178708779969, 0.032137304639554866, 0.027841420505686932, 0.03371246215530644, 0.029621143932575075, 0.03426479011537517, 0.015874314704197694, 0.003436707307094346, 0.035144423533262414, 0.05772850012273955, 0.08644955404631373, 0.09774159234105229, 0.11686850503232142, 0.0956550200474593, 0.1042263317240815, 0.08072170853448982, 0.06836592750184109, 0.05103919482857377, 0.05105965141968742, 0.05328941985107602, 0.0037026429915718844, 0.03260780623516897, 0.0027207266181163573, 0.01382865559283201, 0.015772031748629407, 0.009410031912282138, 0.004582276409459128, 0.0038662957204811392, 0.019679240651337863, 0.11701170117011701, 0.18359790524506997, 0.02837329187464201, 0.12955159152278864, 0.2556869323295966, 0.31132886015874317, 0.33297193355699206, 0.19280337124621552, 0.08569266017510842, 0.009839620325668931, 0.06276082153669912, 0.030009819163734554, 0.0026389002536617297, 0.02330005727845512, 0.015547009246379183, 0.0289460764258244, 0.04179281564520088, 0.04040176744947222, 0.03641273218230914, 0.018042713362245315, 0.019454218149087637, 0.01575157515751575, 0.01280582603714917, 0.03086899599050814
0.10629244742656084, 0.12093936666393912, 0.10674249243106129, 0.11660256934784388, 0.04942312413059488, 0.013521806726127157, 0.02573439162098028, 0.022686359545045415, 0.04504541363227232, 0.06474511087472383, 0.0835651746992881, 0.11527289092545619, 0.13703870387038705, 0.11292038294738564, 0.14180508959986907, 0.11647982980116194, 0.0884952131576794, 0.003682186400458228, 0.06366091154570003, 0.1109974633827019, 0.05643973488257917, 0.07622125848948531, 0.05398494394894035, 0.011946649210375583, 0.006505195974142869, 0.01286719581049014, 0.009062269863349971, 0.009000900090009001, 4.091318222731364e-5, 0.001595614106865232, 0.018308649046722855, 0.0929547500204566, 0.10301939284837575, 0.10989280746256444, 0.11267490385402176, 0.0391334588004255, 0.03581949104001309, 0.0627199083544718, 0.14700106374273791, 0.127383192864741, 0.12605351444235333, 0.10250797807053433, 0.032116848048441206, 0.015096964241878733, 0.020374764749202193, 0.04506587022338598, 0.03686277718680959, 0.0024343343425251617, 0.009307748956713853, 0.06589067997708861, 0.10336715489730791, 0.03005073234596187, 0.030705343261598888, 0.00617789051632436, 0.005482366418460028, 0.02233859749611325, 0.05018001800180018, 0.08554946403731283, 0.08597905245069962, 0.1018533671548973, 0.09463219049177644, 0.09575730300302758, 0.0819081908190819, 0.08534489812617625, 0.08908845429997546, 0.05191882824646101, 0.021745356353817198, 0.03401931102201129, 0.015178790606333361, 0.006382456427460928, 0.033630635790851814, 0.005871041649619507, 0.016999427215448816, 0.019024629735700842, 0.006402913018574585, 0.02393421160297848, 0.09156370182472792, 0.12406922510432862, 0.18592995663202683, 0.132988298829883, 0.006034694378528762, 0.18908027166353, 0.30527370918910074, 0.25589149824073315, 0.08059896898780787, 0.04371573520988462, 0.09806889779887079, 0.010780623516897144, 0.010576057605760575, 0.04252925292529253, 0.027636854594550363, 0.05564192782914655, 0.0244456263808199, 0.092095573193683, 0.06122657720317486, 0.04882988298829883, 0.03819245560919728, 0.03639227559119548, 0.04451354226331724, 0.08223549627690041
0.11832092300139105, 0.13730463955486458, 0.17300139104819573, 0.12001882006382457, 0.02346371000736437, 0.02258407658947713, 0.01969969724245152, 0.021213484984862124, 0.03616725308894526, 0.05551918828246461, 0.056664757384829394, 0.09095000409131822, 0.11680713525898044, 0.1250306848866705, 0.14086408640864087, 0.11770722526798134, 0.06515424269699698, 0.03453072579985271, 0.06967514933311512, 0.11345225431634072, 0.11451599705425088, 0.11997790688159725, 0.06709761885279437, 0.027391375501186484, 0.0006341543245233615, 0.012969478766058425, 0.029027902790279028, 0.022277227722772276, 0.0020047459291383683, 0.001022829555682841, 0.005646019147369282, 0.026982243678913345, 0.07090254479993453, 0.03702642991571885, 0.04707061615252434, 0.010637427379101547, 0.045965960232386874, 0.10187382374601096, 0.14272563619998363, 0.17261271581703624, 0.11590704524997954, 0.0482775550282301, 0.029252925292529253, 0.031298584403894936, 0.013542263317240816, 0.019311022011292037, 0.034346616479829804, 0.013194501268308649, 0.08998854430897635, 0.02213403158497668, 0.07337779232468701, 0.0625357990344489, 0.1027534571638982, 0.002618443662548073, 0.014053678095082235, 0.05161197937975616, 0.05744210784714835, 0.0950822354962769, 0.09358890434497995, 0.08536535471728991, 0.09739383029212012, 0.10614925128876523, 0.06429506587022339, 0.11594795843220686, 0.0562351689714426, 0.04858440389493495, 0.05020047459291384, 0.03661729809344571, 0.02816872596350544, 0.005052778005073234, 0.019065542917928155, 0.007405285983143769, 0.003641273218230914, 0.002495704115866132, 0.01673349153097128, 0.022543163407249815, 0.003948122084935766, 0.17838147451108746, 0.0031298584403894937, 0.070636609115457, 0.20481139022993208, 0.24930447590213567, 0.3008141723263235, 0.1210416496195074, 0.08628590131740446, 0.1148433025120694, 0.05691023647819327, 0.0012069388757057523, 0.03352835283528353, 0.008632681449963178, 0.03880615334260699, 0.05871041649619507, 0.02297275182063661, 0.06388593404795025, 0.006709761885279437, 0.03119630144832665, 0.03158497667948613, 0.05494640373128222, 0.0536780950822355, 0.06981834547091073
0.11668439571229851, 0.13419523770558875, 0.15986825955322806, 0.12022338597496113, 0.02606169707879879, 0.020374764749202193, 0.040565420178381474, 0.029027902790279028, 0.020047459291383685, 0.06304721381229032, 0.056951149660420586, 0.07519842893380248, 0.13102446608297194, 0.11703215776123067, 0.1097700679158825, 0.06740446771949922, 0.01789951722444972, 0.026491285492185584, 0.07683495622289502, 0.09045904590459046, 0.1372432697815236, 0.1298993535717208, 0.0867973160952459, 0.030091645528189184, 0.015731118566402094, 0.008284919401031012, 0.029232468701415597, 0.028864250061369775, 0.015015137877424107, 0.018431388593404794, 0.006873414614188692, 0.006096064151869732, 0.010310121921283038, 0.020640700433679732, 0.004377710498322559, 0.04091318222731364, 0.05330987644218967, 0.10747892971115293, 0.15986825955322806, 0.20354308158088535, 0.1407413468619589, 0.025284346616479828, 0.08872023565992963, 0.06957286637754685, 0.0326896325996236, 0.00803944030766713, 0.08229686605024139, 0.01485148514851485, 0.034326159888716144, 0.06386547745683659, 0.09338433843384339, 0.10267163079944358, 0.03043940757712135, 0.008264462809917356, 0.0070166107519842895, 0.013296784223876933, 0.05425087963341789, 0.06353817199901808, 0.10007364372800917, 0.10745847312003928, 0.06382456427460928, 0.10790851812453972, 0.06709761885279437, 0.05783078307830783, 0.04743883479257017, 0.05386220440225841, 0.05496686032239587, 0.07116848048441207, 0.0500777350462319, 0.04482039113002209, 0.027493658456754767, 0.01550609606415187, 0.001022829555682841, 0.007098437116438917, 0.04234514360526962, 0.013030848539399394, 0.029416578021438506, 0.0716798952622535, 0.05605105965141969, 0.23545536371819, 0.06316995335897226, 0.20503641273218232, 0.30560101464691924, 0.07296866050241388, 0.08276736764585549, 0.07440062188036986, 0.008775877587758775, 0.017040340397676133, 0.06417232632354145, 0.0011046559201374683, 0.044881760903363065, 0.0019842893380247117, 0.10815399721790361, 0.11901644709925538, 0.0334465264708289, 0.03172817281728173, 0.05686932329596596, 0.05134604369527862, 0.07345961868914164, 0.06994108501759266
0.09463219049177644, 0.15062188036985516, 0.1663939121184846, 0.15389493494804027, 0.0715366991244579, 0.04864577366827592, 0.02510023729645692, 0.004377710498322559, 0.02585713116766222, 0.05177563210866541, 0.1064561001554701, 0.04707061615252434, 0.07689632599623598, 0.11179527043613452, 0.06681122657720318, 0.004664102773913755, 0.021336224531544063, 0.046661484330251204, 0.08419932902381147, 0.16285492185582195, 0.1771745356353817, 0.14192782914655103, 0.1249284019311022, 0.024752475247524754, 0.0026798134358890432, 0.0163448162998118, 0.05011864822845921, 0.012089845348171181, 0.041117748138450205, 0.03991080926274446, 0.029191555519188284, 0.00996235987235087, 0.002270681613615907, 0.006648392111938467, 0.008346289174371982, 0.03702642991571885, 0.07597577939612143, 0.16414368709598232, 0.21105065051959743, 0.1651051468783242, 0.1444439898535308, 0.1196710580148924, 0.04504541363227232, 0.0013296784223876933, 0.07525979870714344, 0.11895507732591441, 0.059487766958514036, 0.033221503968578675, 0.11846411913918664, 0.019270108829064724, 0.0992962932656902, 0.08241960559692332, 0.023770558874069224, 0.004009491858276737, 0.005830128467392194, 0.026143523443253415, 0.05703297602487521, 0.0844243515260617, 0.10717208084444808, 0.08867932247770231, 0.10146469192373783, 0.08043531625889862, 0.06257671221667621, 0.08199001718353653, 0.06437689223467802, 0.04510678340561329, 0.02669585140332215, 0.047500204565911135, 0.0542917928156452, 0.03633090581785451, 0.04907536208166271, 0.03230095736846412, 0.0014728745601832911, 0.007446199165371083, 0.007793961214303248, 0.017531298584403894, 0.0031094018492758366, 0.10520824809753702, 0.04768431388593405, 0.15109238196546929, 0.13667048523034123, 0.24347434743474347, 0.16829637509205467, 0.07677358644955405, 0.05950822354962769, 0.03761967105801489, 0.010923819654692742, 0.015792488339743064, 0.011680713525898044, 0.03602405695114966, 0.028782423696915145, 0.03275100237296457, 0.015608379019720155, 0.034326159888716144, 0.013971851730627607, 0.025509369118730054, 0.07918746420096555, 0.05856722035839947, 0.060694705834219785, 0.08548809426397184
0.11645937321004828, 0.19928811062924473, 0.1577203174862941, 0.157904426806317, 0.06740446771949922, 0.06709761885279437, 0.07726454463628181, 0.011251125112511251, 0.06818181818181818, 0.06887734227968251, 0.09289338024711562, 0.0576057605760576, 0.02456836592750184, 0.039215285164880126, 0.03328287374191965, 0.005584649374028312, 0.02510023729645692, 0.04717289910809263, 0.1229850257753048, 0.1876892234678013, 0.171733082399149, 0.15072416332542346, 0.18961214303248505, 0.03796743310694706, 0.009880533507896245, 0.09346616479829802, 0.11120202929383848, 0.03649455854676377, 0.06018329105637837, 0.07417559937811963, 0.03847884788478848, 0.005461909827346371, 0.007630308485393994, 0.02276818590950004, 0.04645691841911464, 0.08822927747320186, 0.13147451108747238, 0.15911136568202275, 0.18151133295147698, 0.11760494231241306, 0.0867973160952459, 0.04396121430324851, 0.01601751084199329, 0.028005073234596188, 0.061553882660993375, 0.04289747156533835, 0.04936175435725391, 0.027759594141232306, 0.006014237787415105, 0.1798338924801571, 0.17643809835529006, 0.044615825218885526, 0.03422387693314786, 0.05163243597086981, 0.02978479666148433, 0.041158661320677525, 0.037660584240242205, 0.08575402994844938, 0.04085181245397267, 0.08135586285901317, 0.08692005564192783, 0.07419605596923329, 0.08511987562392603, 0.054312249406758856, 0.07763276327632763, 0.07468701415596105, 0.039460764258244005, 0.03635136240896817, 0.049893625726208986, 0.053473529171098926, 0.020579330660338763, 0.01622207675312986, 0.01679486130431225, 0.0013910481957286637, 0.020620243842566076, 0.015178790606333361, 0.021704443171589885, 0.005380083462891744, 0.09031584976679487, 0.06940921364863759, 0.15692251043286146, 0.2457859422305867, 0.21866050241387774, 0.08307421651256035, 0.06611570247933884, 0.021745356353817198, 0.045311349316749856, 0.04895262253498077, 0.05809671876278537, 0.016692578348743964, 0.045434088863431796, 0.033507896244169874, 0.06302675722117666, 0.1333156042877015, 0.025427542754275428, 0.05588740692251043, 0.03068488667048523, 0.08792242860649702, 0.09227968251370591, 0.08673594632190491
0.1063129040176745, 0.17862695360445136, 0.18275918500941002, 0.12394648555764667, 0.14346207348007528, 0.05776941330496686, 0.03172817281728173, 0.1257875787578758, 0.08837247361099747, 0.08872023565992963, 0.06333360608788152, 0.07108665411995745, 0.049054905490549056, 0.0063415432452336145, 0.007384829392030112, 0.02831192210130104, 0.03387611488421569, 0.07933066033876116, 0.1311881188118812, 0.17512887652401604, 0.19071679895262253, 0.15475411177481385, 0.15414041404140413, 0.05351444235332624, 0.03993126585385811, 0.041710989280746257, 0.13840929547500205, 0.004234514360526962, 0.008653138041076834, 0.0884952131576794, 0.036453645364536456, 0.027882333687914245, 0.03984943948940348, 0.0763235414450536, 0.08426069879715244, 0.12224858849521315, 0.16968742328778333, 0.20507732591440964, 0.08440389493494804, 0.10166925783487439, 0.033937484657556666, 0.020947549300384585, 0.012744456263808199, 0.046416005236887325, 0.07843057032976025, 0.1363431797725227, 0.0718230914000491, 0.12163489076180345, 0.10801080108010801, 0.11249079453399885, 0.1457736682759185, 0.013460436952786188, 0.14820800261844366, 0.02780050732345962, 0.09021356681122658, 0.00443908027166353, 0.04717289910809263, 0.06990017183536536, 0.05551918828246461, 0.07229359299566321, 0.08466983061942558, 0.10524916127976434, 0.08921119384665739, 0.05288028802880288, 0.06814090499959087, 0.03747647492021929, 0.03759921446690124, 0.06204484084772113, 0.04463628180999918, 0.054578185091236395, 0.022215857949431306, 0.013603633090581786, 0.001268308649046723, 0.02387284182963751, 0.006321086654119957, 0.005871041649619507, 0.019965632926929055, 0.1034694378528762, 0.03248506668848703, 0.19380574421078473, 0.15039685786760496, 0.2370714344161689, 0.15964323705097783, 0.025775304803207593, 0.0351035103510351, 0.00893953031666803, 0.0478479666148433, 0.06046968333196956, 0.03764012764912855, 0.05300302757548482, 0.0244456263808199, 0.03663775468455936, 0.05717617216267081, 0.06812044840847721, 0.026532198674412897, 0.02405695114966042, 0.1216144341706898, 0.017449472219949268, 0.08004664102773913, 0.07323459618689142
0.07691678258734964, 0.12468292283773832, 0.1404140414041404, 0.1196710580148924, 0.12294411259307748, 0.08411750265935684, 0.001145569102364782, 0.13257916700760985, 0.10095327714589641, 0.05232796006873414, 0.0738073807380738, 0.061410686523197776, 0.041158661320677525, 0.026614025038867523, 0.019024629735700842, 0.04240651337861059, 0.061656165616561655, 0.08495622289501678, 0.13155633745192702, 0.15256525652565256, 0.1646755584649374, 0.21416005236887325, 0.03761967105801489, 0.0280459864168235, 0.09095000409131822, 0.16023647819327388, 0.11584567547663857, 0.12140986825955323, 0.000797807053432616, 0.05120284755748302, 0.035860404222240405, 0.031564520088372475, 0.04674331069470583, 0.04551591522788642, 0.11146796497831601, 0.13777514115047867, 0.1634072498158907, 0.16383683822927747, 0.07155715571557156, 0.05136650028639227, 0.02798461664348253, 0.045986416823500534, 0.0056255625562556255, 0.06652483430161198, 0.08274691105474184, 0.06767040340397676, 0.1186277718680959, 0.001493331151296948, 0.0802512069388757, 0.06994108501759266, 0.10925865313804108, 0.14276654938221095, 0.0016978970624335161, 0.10097373373701006, 0.058771786269536046, 0.0313599541772359, 0.016692578348743964, 0.022543163407249815, 0.06949104001309221, 0.06392684723017757, 0.08931347680222568, 0.07718271827182718, 0.07820554782751002, 0.07906472465428362, 0.038519761067015795, 0.06407004336797316, 0.04660011455691024, 0.05081417232632354, 0.05036412732182309, 0.017797234268881433, 0.046661484330251204, 0.03843793470256116, 0.030091645528189184, 0.014012764912854922, 0.0015137877424106047, 0.021540790442680632, 0.004111774813845021, 0.09086817772686359, 0.11766631208575402, 0.11789133458800426, 0.12987889698060714, 0.16608706325177972, 0.06564520088372473, 0.019679240651337863, 0.03101219212830374, 0.007998527125439817, 0.03575812126667212, 0.0551918828246461, 0.051243760739710334, 0.04173144587185992, 0.015137877424106046, 0.08061942557892153, 0.05330987644218967, 0.06840684068406841, 0.01943376155797398, 0.013296784223876933, 0.06349725881679077, 0.017469928811062924, 0.02786187709680059, 0.0874519270108829
0.07638491121839457, 0.1359749611324769, 0.13877751411504788, 0.16228213730463956, 0.17169216921692168, 0.08205138695687751, 0.10942230586695033, 0.12613534080680797, 0.12732182309140005, 0.010698797152442516, 0.08912936748220276, 0.05830128467392194, 0.009348662138941167, 0.03148269372391785, 0.018104083135586285, 0.037803780378037805, 0.0701661075198429, 0.08217412650355944, 0.12098027984616644, 0.168275918500941, 0.1256852958023075, 0.17711316586204076, 0.0067506750675067504, 0.08364700106374273, 0.04817527207266181, 0.03575812126667212, 0.16303903117584487, 0.14630553964487358, 0.0008182636445462729, 0.04831846821045741, 0.03847884788478848, 0.04551591522788642, 0.006484739383029212, 0.046272809099091726, 0.12143032485066689, 0.15958186727763685, 0.1595204975042959, 0.20434088863431799, 0.07912609442762458, 0.034919401031012196, 0.05288028802880288, 0.048072989117093526, 0.0008796334178872433, 0.07640536780950823, 0.08266508469028722, 0.08407658947712954, 0.07362327141805089, 0.01865641109565502, 0.022665902953931758, 0.16535062597168806, 0.11805498731691351, 0.09530725799852713, 0.11748220276573113, 0.10218067261271582, 0.0005114147778414205, 0.05382129122003109, 0.0306030603060306, 0.028189182554619097, 0.0452908927256362, 0.06906145159970542, 0.07820554782751002, 0.09332296866050241, 0.057789869896080516, 0.07908518124539726, 0.05079371573520988, 0.048932165943867116, 0.038622044022584075, 0.0711071107110711, 0.027636854594550363, 0.017469928811062924, 0.02810735619016447, 0.03493985762212585, 0.027350462318959167, 0.0032730545781850915, 0.019740610424678832, 0.021745356353817198, 0.0007364372800916456, 0.002618443662548073, 0.08192864741019557, 0.08505850585058505, 0.1568611406595205, 0.0904385893134768, 0.06505195974142869, 0.008162179854349071, 0.0012887652401603797, 0.055007773504623186, 0.07789869896080517, 0.05312576712216676, 0.04359299566320268, 0.02078389657147533, 0.002618443662548073, 0.10899271745356354, 0.008919073725554373, 0.18142950658702234, 0.08851566974879306, 0.10860404222240407, 0.039747156533835204, 0.02141805089599869, 0.01106701579248834, 0.05247115620652974
0.08628590131740446, 0.0956550200474593, 0.10144423533262417, 0.2117257180263481, 0.04107683495622289, 0.19889943539808527, 0.041690532689632596, 0.18848703052123394, 0.011148842156942966, 0.08559037721954013, 0.01697897062433516, 0.0551918828246461, 0.06421323950576877, 0.04492267408559038, 0.01969969724245152, 0.03459209557319368, 0.06895916864413715, 0.09939857622125849, 0.0871655347352917, 0.13431797725227068, 0.11324768840520416, 0.12840602242042387, 0.0718640045822764, 0.09810981098109811, 0.13566811226577202, 0.07851239669421488, 0.13779559774159233, 0.12654447262908108, 0.05762621716717126, 0.041424597005155064, 0.07198674412895835, 0.03841747811144751, 0.031830455772850014, 0.021949922264953767, 0.08824973406431552, 0.14200965551100564, 0.14734882579167008, 0.09913264053678095, 0.06879551591522788, 0.054209966451190576, 0.037926519924719744, 0.0032730545781850915, 0.046947876605842404, 0.07941248670321578, 0.07589395303166681, 0.1117134440716799, 0.07573030030275754, 0.05437361918009983, 0.009737337370100647, 0.11963014483266508, 0.013153588086081336, 0.005973324605187792, 0.024588822518615498, 0.08260371491694624, 0.023954668194092137, 0.10543327059978726, 0.05322805007773505, 0.019801980198019802, 0.048932165943867116, 0.04637509205466001, 0.07560756075607561, 0.07131167662220768, 0.07875787578757876, 0.08426069879715244, 0.06173799198101628, 0.0497913427706407, 0.032260044186236805, 0.0656656574748384, 0.050834628917437195, 0.0424474265608379, 0.028352835283528353, 0.0009614597823418706, 0.025979870714344162, 0.02546845593650274, 0.041383683822927744, 0.019863349971360772, 0.050732345961868916, 0.07556664757384829, 0.07399149005809671, 0.04952540708616316, 0.06335406267899517, 0.004398167089436216, 0.021602160216021602, 0.03901071925374355, 0.03483757466655756, 0.1040831355862859, 0.09307748956713853, 0.062106210621062106, 0.06226986334997136, 0.015608379019720155, 0.09021356681122658, 0.03375337533753375, 0.18470256116520742, 0.024159234105228706, 0.11234759839620326, 0.041260944276245805, 0.08327878242369692, 0.05179608869977907, 0.009982816463464527, 0.05245069961541609
0.10342852467064888, 0.0541485966778496, 0.043204320432043204, 0.05255298257098437, 0.030582603714916945, 0.010698797152442516, 0.12306685213975943, 0.04923901481057197, 0.013562719908354472, 0.04336797316095246, 0.04850257753048032, 0.012539890352671631, 0.04625235250797807, 0.034633008755420996, 0.008837247361099747, 0.005155060960641519, 0.038253825382538256, 0.07170035185336715, 0.054700924637918334, 0.04608869977906881, 0.07912609442762458, 0.03941985107601669, 0.023136404549545863, 0.053350789624416986, 0.009205466001145569, 0.08454709107274364, 0.07444153506259717, 0.040033548809426396, 0.10113738646591931, 0.05942639718517306, 0.039338024711562065, 0.03688323377792325, 0.07460518779150642, 0.014810571966287538, 0.02336142705179609, 0.0956959332296866, 0.10263071761721626, 0.09954177235905409, 0.05386220440225841, 0.05508959986907782, 0.04105637836510924, 0.04240651337861059, 0.03882660993372065, 0.07998527125439817, 0.07789869896080517, 0.07032976024875215, 0.041526879960723344, 0.13542263317240816, 0.06302675722117666, 0.09066361181572703, 0.07912609442762458, 0.08066033876114884, 0.04850257753048032, 0.1345839129367482, 0.006157433925210703, 0.15565420178381476, 0.04160870632517797, 0.09170689796252353, 0.013521806726127157, 0.01789951722444972, 0.08704279518860977, 0.07397103346698307, 0.06374273791015465, 0.05404631372228132, 0.05729891170935275, 0.05063006300630063, 0.02939612143032485, 0.0369036903690369, 0.026552655265526554, 0.038765240160379674, 0.0406472465428361, 0.04600687341461419, 0.026204893216594388, 0.01865641109565502, 0.02233859749611325, 0.003518533671548973, 0.026204893216594388, 0.07174126503559447, 0.0010637427379101548, 0.08430161197937976, 0.13341788724326978, 0.01749038540217658, 0.0035799034448899436, 0.0029457491203665823, 0.028250552327960067, 0.1126544472629081, 0.1132272318140905, 0.07505523279600687, 0.020477047704770476, 0.10987235087145078, 0.09062269863349971, 0.09714835119875624, 0.10909500040913182, 0.08524261517060797, 0.22571802634808935, 0.010453318059078636, 0.11416823500531871, 0.021193028393748467, 0.04805253252597987, 0.07407331642255134
0.025447999345389084, 0.04074952949840439, 0.0481343588904345, 0.06914327796416005, 0.10794943130676704, 0.16833728827428196, 0.07658947712953114, 0.06994108501759266, 0.12112347598396203, 0.1258694051223304, 0.11097700679158826, 0.07198674412895835, 0.11075198428933802, 0.06474511087472383, 0.05079371573520988, 0.009532771458964077, 0.02630717617216267, 0.05093691187300548, 0.030418950986007692, 0.035737664675558466, 0.028271008919073727, 0.05089599869077817, 0.006259716880778987, 0.08317649946812863, 0.06601341952377056, 0.07147532935111693, 0.017101710171017102, 0.18975533917028067, 0.0815808853612634, 0.003313967760412405, 0.08732918746420097, 0.004827755502823009, 0.013869568775059325, 0.011292038294738564, 0.028680140741346862, 0.05662384420260208, 0.10115784305703297, 0.08694051223304149, 0.025632108665411997, 0.05108010801080108, 0.037271909009082727, 0.02192946567384011, 0.06464282791915556, 0.07303003027575485, 0.05740119466492104, 0.0785942230586695, 0.033078307830783076, 0.025447999345389084, 0.09575730300302758, 0.008080353489894445, 0.07947385647655675, 0.04469765158334015, 0.09305703297602487, 0.08207184354799116, 0.12198265281073561, 0.06891825546190983, 0.1469601505605106, 0.13546354635463545, 0.04637509205466001, 0.016897144259880533, 0.06104246788315195, 0.06053105310531053, 0.07039113002209312, 0.05020047459291384, 0.05590786351362409, 0.0682227313640455, 0.06544063497258817, 0.034633008755420996, 0.07536208166271173, 0.04676376728581949, 0.0016569838802062025, 0.049586776859504134, 0.039317568120448405, 0.04234514360526962, 0.04072907290729073, 0.02450699615416087, 0.028271008919073727, 0.018942803371246215, 0.03872432697815236, 0.030828082808280827, 0.04866623025938958, 0.013542263317240816, 0.009819163734555273, 0.0010841993290238116, 0.0463341788724327, 0.09097046068243188, 0.07002291138204729, 0.035717208084444806, 0.025570738892071024, 0.07274363800016365, 0.02561165207429834, 0.09283201047377465, 0.01787906063333606, 0.1076834956222895, 0.043347516569838804, 0.18854840029457492, 0.005114147778414205, 0.11042467883151952, 0.16172980934457082, 0.08998854430897635
0.06380410768349562, 0.06695442271499877, 0.052634808935438995, 0.017797234268881433, 0.05895589558955896, 0.08900662793552082, 0.023013665002863923, 0.04422714998772605, 0.032260044186236805, 0.14957859422305866, 0.14978316013419524, 0.01886097700679159, 0.03260780623516897, 0.031421323950576875, 0.028843793470256115, 0.02483430161197938, 0.03346698306194256, 0.05662384420260208, 0.06423369609688241, 0.08182636445462728, 0.0026593568447753867, 0.037946976515833404, 0.03700597332460519, 0.05034367073070944, 0.10839947631126749, 0.005748302102937567, 0.16158661320677523, 0.22422469519679242, 0.16150478684232059, 0.06294493085672204, 0.03293511169298748, 0.07194583094673104, 0.02471156206529744, 0.029682513705916045, 0.1027125439816709, 0.010555601014646919, 0.034080680795352265, 0.05036412732182309, 0.06938875705752394, 0.029764340070370675, 0.022481793633908845, 0.008080353489894445, 0.07323459618689142, 0.14149824073316422, 0.06679076998608952, 0.0010023729645691841, 0.10839947631126749, 0.11069061451599706, 0.08358563129040177, 0.10688568856885688, 0.028148269372391784, 0.006832501431961378, 0.0812535799034449, 0.00977825055232796, 0.08869977906881597, 0.16273218230914, 0.036965060142377874, 0.20581376319450126, 0.00977825055232796, 0.07190491776450372, 0.009369118730054823, 0.013521806726127157, 0.05365763849112184, 0.03856067424924311, 0.06722035839947631, 0.07634399803616726, 0.017858604042222403, 0.0643359790524507, 0.018942803371246215, 0.011271581703624908, 0.07241633254234514, 0.020702070207020702, 0.0015751575157515751, 0.04684559365027412, 0.045597741592341055, 0.03518533671548973, 0.01652892561983471, 0.00668930529416578, 0.04610915637018247, 0.08796334178872432, 0.043756648392111935, 0.013460436952786188, 0.01691760085099419, 0.021377137713771376, 0.048482120939366664, 0.0577489567138532, 0.04915718844611734, 0.0075075689387120535, 0.06218803698551673, 0.04780705343261599, 0.02141805089599869, 0.15074461991653712, 0.05022093118402749, 0.13237460109647328, 0.018820063824564276, 0.20434088863431799, 0.11408640864086408, 0.08331969560592423, 0.03567629490221749, 0.0973120039276655
0.056664757384829394, 0.0351035103510351, 0.038356108338106536, 0.07390966369364209, 0.04471810817445381, 0.010923819654692742, 0.18609360936093608, 0.16643482530071188, 0.07425742574257425, 0.1413141314131413, 0.026204893216594388, 0.03473529171098928, 0.08080353489894444, 0.06767040340397676, 0.02642991571884461, 0.056132886015874316, 0.013174044677194992, 0.025120693887570576, 0.018042713362245315, 0.015240160379674331, 0.015772031748629407, 0.12044840847721136, 0.054721381229031994, 0.15049914082317323, 0.1446894689468947, 0.054332705997872516, 0.041956468374110135, 0.18867113984125686, 0.1103837656492922, 0.01581294493085672, 0.10050323214139596, 0.04312249406758858, 0.002986662302593896, 0.03397839783978398, 0.08049668603223958, 0.034203420342034205, 0.007712134849848621, 0.010985189428033712, 0.01832910563783651, 0.020292938384747567, 0.01595614106865232, 0.023320513869568776, 0.113554537271909, 0.08587676949513133, 0.05963096309630963, 0.07863513624089681, 0.12490794533998854, 0.06773177317731773, 0.1427460927910973, 0.09383438343834384, 0.061083381065379264, 0.009982816463464527, 0.04007446199165371, 0.05114147778414205, 0.051243760739710334, 0.06742492431061288, 0.13251779723426887, 0.08037394648555765, 0.1748629408395385, 0.14239833074216512, 0.04187464200965551, 0.05578512396694215, 0.004214057769413305, 0.0576057605760576, 0.06685213975943048, 0.06601341952377056, 0.05701251943376156, 0.04160870632517797, 0.022113574993863024, 0.10702888470665248, 0.007118893707552573, 0.04678422387693315, 0.034878487848784875, 0.053739464855576465, 0.04310203747647492, 0.05351444235332624, 0.02129531134931675, 0.03858113084035676, 0.028557401194664923, 0.01646755584649374, 0.03459209557319368, 0.02289092545618198, 0.02420014728745602, 0.034776204893216596, 0.025284346616479828, 0.05326896325996236, 0.021581703624907946, 0.01415596105065052, 0.02573439162098028, 0.04541363227231814, 0.09146141886915965, 0.07810326487194173, 0.18687095982325505, 0.1291424597005155, 0.10340806807953523, 0.07943294329432943, 0.025079780705343262, 0.06327223631454054, 0.011353408068079536, 0.0677931429506587
0.09561410686523197, 0.09279109729154733, 0.03999263562719908, 0.03483757466655756, 0.028005073234596188, 0.13190409950085918, 0.03242369691514606, 0.2851035103510351, 0.03821291220031094, 0.019126912691269128, 0.15731118566402094, 0.02516160706979789, 0.11660256934784388, 0.02939612143032485, 0.1306153342606988, 0.0749938630226659, 0.039726699942721544, 0.03493985762212585, 0.009941903281237214, 0.05427133622453154, 0.045024957041158664, 0.056501104655920134, 0.019597414286883233, 0.09352753457163898, 0.13192455609197284, 0.020170198838065624, 0.16029784796661484, 0.2429424760657884, 0.1336019965632927, 0.22414286883233778, 0.21591931920464774, 0.16915555191882825, 0.12470337942885197, 0.025182063660911545, 0.07683495622289502, 0.02102937566483921, 0.08313558628590131, 0.01607888061533426, 0.06376319450126831, 0.05809671876278537, 0.054434988953440795, 0.03518533671548973, 0.16389820800261845, 0.07335733573357335, 0.08644955404631373, 0.10846084608460846, 0.030193928483757466, 0.03786515015137877, 0.0871655347352917, 0.019208739055723754, 0.022011292038294737, 0.015526552655265527, 0.011189755339170281, 0.031707716226168074, 0.004827755502823009, 0.1030398494394894, 0.0030275754848212095, 0.11930283937484658, 0.047520661157024795, 0.22639309385484002, 0.06812044840847721, 0.052102937566483924, 0.049566320268390474, 0.0010023729645691841, 0.022563619998363472, 0.07067752229768431, 0.01638572948203911, 0.002147942066933966, 0.07503477620489321, 0.04040176744947222, 0.016876687668766877, 0.029232468701415597, 0.07284592095573193, 0.04731609524588822, 0.005646019147369282, 0.07080026184436626, 0.04191555519188282, 0.027943703461255215, 0.024547909336388184, 0.004520906636118157, 0.047397921610342855, 0.03616725308894526, 0.018308649046722855, 0.017163079944358072, 0.021909009082726454, 0.03678095082235496, 0.015076507650765077, 0.030009819163734554, 0.06378365109238196, 0.04095409540954095, 0.1340724981589068, 0.045434088863431796, 0.02059978725145242, 0.016324359708698142, 0.0946526470828901, 0.10087145078144177, 0.148842156942967, 0.10522870468865068, 0.15637018247279275, 0.13793879387938793
0.03952213403158498, 0.12032566893052941, 0.0226454463628181, 0.17758366745765486, 0.047663857294820394, 0.11609115457000245, 0.15522461337042795, 0.21931511332951478, 0.14896489648964897, 0.02172489976270354, 0.21086654119957451, 0.17066933966123884, 0.1715898862613534, 0.09287292365600196, 0.009921446690123558, 0.040688159725063414, 0.09784387529662057, 0.06525652565256526, 0.13419523770558875, 0.004418623680549873, 0.13020620243842565, 0.0688364290974552, 0.025754848212093936, 0.1482898289828983, 0.2151215121512151, 0.2052409786433189, 0.2619875623926029, 0.24054905490549056, 0.11944603551264217, 0.21686032239587594, 0.010514687832419605, 0.1730218476393094, 0.011905736028148269, 0.028741510514687832, 0.03403976761312495, 0.059978725145241794, 0.026409459127730954, 0.056828410113738646, 0.1093404795024957, 0.04549545863677277, 0.08266508469028722, 0.07961705261435234, 0.10882906472465428, 0.05067097618852794, 0.08106947058342198, 0.09708698142541528, 0.001841093200229114, 0.015076507650765077, 0.09095000409131822, 0.031544063497258815, 0.012335324441535062, 0.041117748138450205, 0.03043940757712135, 0.013296784223876933, 0.023381883642909745, 0.015260616970787988, 0.0998690778168726, 0.00034776204893216593, 0.014933311512969479, 0.17394239423942395, 0.044615825218885526, 0.05967187627853694, 0.12253498077080435, 0.0362899926356272, 0.06906145159970542, 0.08567220358399476, 0.03616725308894526, 0.0013501350135013501, 0.025304803207593488, 0.11357499386302267, 0.07724408804516815, 0.04535226249897717, 0.02630717617216267, 0.010044186236805499, 0.05032321413959578, 0.030848539399394484, 0.03915391539153915, 0.02947794779477948, 0.051386956877505933, 0.03817199901808363, 0.051939284837574665, 0.03293511169298748, 0.023279600687341463, 0.014749202192946568, 0.011926192619261927, 0.010964732836920055, 0.05574421078471484, 0.013194501268308649, 0.009573684641191392, 0.03757875787578758, 0.14734882579167008, 0.08094673103674004, 0.08147860240569511, 0.0806807953522625, 0.048359381392684725, 0.11991653710825628, 0.04660011455691024, 0.09099091727354554, 0.017715407904426807, 0.04324523361427052
0.05245069961541609, 0.01789951722444972, 0.07268226822682268, 0.030214385074871123, 0.09125685295802308, 0.14057769413304966, 0.09174781114475083, 0.16891007282546436, 0.22892971115293348, 0.2251656983880206, 0.24774977497749776, 0.17502659356844774, 0.1456304721381229, 0.006852958023075035, 0.010903363063579086, 0.11001554700924637, 0.14788069716062516, 0.0655224613370428, 0.05551918828246461, 0.07720317486294084, 0.0019024629735700843, 0.009369118730054823, 0.03230095736846412, 0.10359217739955814, 0.1492308321741265, 0.2381147205629654, 0.13773422796825138, 0.07235496276900417, 0.2311390229932084, 0.0406472465428361, 0.18629817527207265, 0.17598805335078962, 0.1792611079289747, 0.10571966287537844, 0.10586285901317405, 0.08123312331233123, 0.09639145732755093, 0.1181572702724818, 0.0890679977088618, 0.07863513624089681, 0.004316340724981589, 0.051264217330823994, 0.06713853203502168, 0.08984534817118076, 0.055560101464691924, 0.05938548400294575, 0.036126339906717944, 0.034898944439898535, 0.08514033221503968, 0.08354471810817446, 0.07035021683986581, 0.031809999181736354, 0.0298461664348253, 0.02090663611815727, 0.003907208902708453, 0.028189182554619097, 0.016835774486539563, 0.06691350953277146, 0.06482693723917847, 0.07114802389329843, 0.14765567465837492, 0.03577857785778578, 0.09049995908681777, 0.06145159970542509, 0.032403240324032405, 0.04105637836510924, 0.04414532362327142, 0.07973979216103429, 0.08008755420996645, 0.10099419032812372, 0.03414205056869323, 0.04805253252597987, 0.0181449963178136, 0.01877915064233696, 0.006607478929711153, 0.06867277636854595, 0.04535226249897717, 0.04868668685050323, 0.014012764912854922, 0.009737337370100647, 0.0271458964078226, 0.042508796334178874, 0.04107683495622289, 0.008571311676622208, 0.024732018656411097, 0.0018615497913427707, 0.03242369691514606, 0.062351689714425985, 0.011005646019147369, 0.024813845020865723, 0.08000572784551183, 0.049443580721708534, 0.017715407904426807, 0.07339824891580067, 0.04610915637018247, 0.01016692578348744, 0.06202438425660748, 0.0629653874478357, 0.07108665411995745, 0.0371900826446281
0.08561083381065379, 0.005911954831846821, 0.03716962605351444, 0.06200392766549382, 0.26513787742410605, 0.1741060469683332, 0.22154488176090337, 0.23369609688241552, 0.10072825464364618, 0.25513460436952784, 0.11308403567629491, 0.18132722363145407, 0.1292447426560838, 0.17467883151951558, 0.15256525652565256, 0.14419851076016693, 0.08698142541526879, 0.09410031912282138, 0.18916209802798462, 0.03925619834710744, 0.16936011782996482, 0.13726372637263726, 0.17492431061287947, 0.04095409540954095, 0.2178831519515588, 0.21591931920464774, 0.13746829228377383, 0.18271827182718273, 0.015424269699697242, 0.13237460109647328, 0.2487112347598396, 0.1651869732427788, 0.04203829473856477, 0.11676622207675313, 0.060142377874151054, 0.16706897962523526, 0.04985271254398167, 0.09340479502495704, 0.05975370264299157, 0.09774159234105229, 0.024179690696342362, 0.132988298829883, 0.03557401194664921, 0.10128058260371492, 0.059017265362899925, 0.128099173553719, 0.018738237460109646, 0.038356108338106536, 0.07300957368464119, 0.05451681531789543, 0.08734964405531462, 0.010596514196874234, 0.050589149824073316, 0.020702070207020702, 0.018042713362245315, 0.008100810081008101, 0.02162261680713526, 0.048911709352753456, 0.03185091236396367, 0.03757875787578758, 0.1542017838147451, 0.09367073070943457, 0.1312699451763358, 0.07288683413795925, 0.14102773913755012, 0.12854921855821946, 0.04696833319695606, 0.08892480157106619, 0.02636854594550364, 0.050834628917437195, 0.056501104655920134, 0.06701579248833975, 0.007793961214303248, 0.0007773504623189592, 0.04046313722281319, 0.059549136731855, 0.03602405695114966, 0.06474511087472383, 0.007630308485393994, 0.0034776204893216594, 0.05488503395794125, 0.05560101464691924, 0.024302430243024302, 0.02115211521152115, 0.043490712707634396, 0.018042713362245315, 0.010126012601260125, 0.03303739464855576, 0.17692905654201785, 0.02258407658947713, 0.025488912527616397, 0.0008591768267735865, 0.012151215121512151, 0.034203420342034205, 0.04496358726781769, 0.03424433352426152, 0.02767776777677768, 0.017224449717699042, 0.04263153588086081, 0.024159234105228706
0.04097455200065461, 0.07613943212503069, 0.11414777841420505, 0.07386875051141478, 0.032382783732918745, 0.11367727681859095, 0.21917191719171916, 0.17476065788397022, 0.23909663693642091, 0.11999836347271091, 0.21602160216021601, 0.14953768104083134, 0.18502986662302595, 0.2165534735291711, 0.13466573930120285, 0.17817690859995092, 0.16222076753129858, 0.002372964569184191, 0.011762539890352672, 0.10265117420832992, 0.07239587595123148, 0.06175844857212994, 0.03410113738646592, 0.10336715489730791, 0.23723508714507816, 0.17058751329678423, 0.18732100482775552, 0.1118566402094755, 0.21164389166189346, 0.17872923656001963, 0.021581703624907946, 0.05797397921610343, 0.16541199574502904, 0.2198674412895835, 0.19589231650437772, 0.1662302593895753, 0.1379183372882743, 0.11995745029048359, 0.039603960396039604, 0.1545904590459046, 0.11570247933884298, 0.08522215857949432, 0.17549709516406187, 0.010923819654692742, 0.08890434497995255, 0.12783323786924147, 0.06499058996808772, 0.002741183209230014, 0.06157433925210703, 0.02309549136731855, 0.06642255134604369, 0.08012846739219376, 0.037803780378037805, 0.014074134686195892, 0.009062269863349971, 0.03999263562719908, 0.022379510678340563, 0.07217085344898126, 0.0715366991244579, 0.06206529743883479, 0.07812372146305539, 0.1514196874232878, 0.07198674412895835, 0.09475493003845839, 0.033364700106374275, 0.0824809753702643, 0.1345839129367482, 0.12425333442435152, 0.07403240324032404, 0.03185091236396367, 0.05785123966942149, 0.012130758530398494, 0.07710089190737256, 0.0038662957204811392, 0.030418950986007692, 0.0006750675067506751, 0.06157433925210703, 0.045556828410113735, 0.000572784551182391, 0.05134604369527862, 0.03966533016938058, 0.05271663529989363, 0.045147696587840604, 0.004029948449390393, 0.023504623189591685, 0.023259144096227806, 0.0009000900090009, 0.005236887325096146, 0.00032730545781850913, 0.009982816463464527, 0.08851566974879306, 0.04664102773913755, 0.011639800343670731, 0.03485803125767122, 0.04688650683250143, 0.041690532689632596, 0.01043286146796498, 0.023136404549545863, 0.017306276082153668, 0.05236887325096146
0.1154570002454791, 0.0409336388184273, 0.1955650110465592, 0.1633049668603224, 0.20861631617707224, 0.1478602405695115, 0.05680795352262499, 0.029252925292529253, 0.1524629735700843, 0.17613124948858522, 0.16729400212748546, 0.1778086899599051, 0.10870632517797234, 0.1940921364863759, 0.22727272727272727, 0.041526879960723344, 0.14248015710661976, 0.12351689714425988, 0.03982898289828983, 0.20401358317649948, 0.07804189509860077, 0.21070288847066526, 0.21974470174290156, 0.10385811308403568, 0.11635709025447999, 0.18474347434743474, 0.15324032403240323, 0.13304966860322395, 0.1416414368709598, 0.14121184845757304, 0.1486171344407168, 0.1808771786269536, 0.18136813681368136, 0.09817118075443908, 0.17662220767531298, 0.03880615334260699, 0.19100319122821374, 0.18811881188118812, 0.12801734718926439, 0.09219785614925129, 0.10189428033712462, 0.18359790524506997, 0.0724367891334588, 0.05811717535389903, 0.15393584813026756, 0.004336797316095246, 0.06517469928811064, 0.07994435807217086, 0.07006382456427461, 0.06421323950576877, 0.09187055069143278, 0.009860076916782588, 0.002823009573684641, 0.022481793633908845, 0.010391948285737664, 0.00521643073398249, 0.061083381065379264, 0.011210211930283938, 0.04218149087636036, 0.052921201211030194, 0.13982080026184437, 0.14241878733327878, 0.052778005073234595, 0.22060387856967514, 0.10518779150642336, 0.07626217167171262, 0.02115211521152115, 0.017224449717699042, 0.01818590950004091, 0.07914655101873824, 0.06730218476393093, 0.012192128303739464, 0.03125767122166762, 0.027350462318959167, 0.036453645364536456, 0.0065665657474838395, 0.05678749693151133, 0.06910236478193274, 0.003518533671548973, 0.01415596105065052, 0.005502823009573684, 0.023852385238523854, 0.06619752884379347, 0.017449472219949268, 0.012601260126012601, 0.014503723099582685, 0.09653465346534654, 0.10700842811553883, 0.038785696751493334, 0.04527043613452254, 0.05963096309630963, 0.020558874069225103, 0.006812044840847721, 0.007834874396530562, 0.03518533671548973, 0.02773913755011865, 0.01646755584649374, 0.028864250061369775, 0.0049504950495049506, 0.03956304721381229
0.0344898126176254, 0.046395548645773665, 0.15510187382374602, 0.17805416905326896, 0.1908395384993045, 0.04747974797479748, 0.16512560346943786, 0.1406595204975043, 0.08090581785451273, 0.10514687832419606, 0.16796906963423616, 0.14020947549300383, 0.21653301693805743, 0.15119466492103756, 0.2094550364127322, 0.1286719581049014, 0.1383274691105474, 0.21548973079126094, 0.06443826200801898, 0.21264626462646263, 0.07272318140905, 0.1633458800425497, 0.15295393175681204, 0.1778086899599051, 0.1415596105065052, 0.10220112920382947, 0.14538499304475902, 0.12253498077080435, 0.12437607397103347, 0.03661729809344571, 0.11443417068979625, 0.03534898944439899, 0.054005400540054004, 0.20335897226086244, 0.029580230750347762, 0.20131331314949677, 0.17185582194583093, 0.18365927501841092, 0.12128712871287128, 0.11883233777923247, 0.012846739219376483, 0.006812044840847721, 0.06834547091072744, 0.06501104655920137, 0.10903363063579086, 0.11498649864986499, 0.025325259798707145, 0.005768758694051223, 0.016447099255380085, 0.022543163407249815, 0.11909827346371, 0.041158661320677525, 0.007180263480893544, 0.0067506750675067504, 0.012785369446035512, 0.008387202356599297, 0.02000654610915637, 0.02348416659847803, 0.0010637427379101548, 0.08507896244169871, 0.0812535799034449, 0.06967514933311512, 0.1251125112511251, 0.11609115457000245, 0.1037967433106947, 0.18165452908927257, 0.08411750265935684, 0.034060224204238605, 0.05020047459291384, 0.09911218394566729, 0.06472465428361018, 0.07462564438262008, 0.015199247197447018, 0.11146796497831601, 0.009491858276736764, 0.016958514033221503, 0.04547500204565911, 0.023893298420751167, 0.0035594468537762866, 0.009123639636690942, 0.04441125930774896, 0.0337329187464201, 0.04158824973406432, 0.0031503150315031502, 0.011394321250306849, 0.01638572948203911, 0.08538581130840357, 0.013480893543899844, 0.0551918828246461, 0.107356190164471, 0.057483021029375664, 0.038253825382538256, 0.05378037803780378, 0.004336797316095246, 0.034653465346534656, 0.038765240160379674, 0.02315686114065952, 0.03633090581785451, 0.024650192291956467, 0.07069797888879797
0.12969478766058423, 0.1594591277309549, 0.03563538171999018, 0.1651869732427788, 0.1650028639227559, 0.09960314213239506, 0.0317895425906227, 0.017838147451108746, 0.12079617052614353, 0.14452581621798544, 0.09491858276736764, 0.03854021765812945, 0.1268308649046723, 0.023545536371819, 0.04023811472056297, 0.19744701742901563, 0.17271499877260454, 0.1395139513951395, 0.18335242615170608, 0.12325096145978234, 0.21587840602242042, 0.08430161197937976, 0.17034203420342034, 0.16275263890025365, 0.11056787496931511, 0.015219703788560674, 0.0967392193764831, 0.043899844529907535, 0.09021356681122658, 0.09978725145241797, 0.07808280828082809, 0.061512969478766055, 0.13456345634563457, 0.017040340397676133, 0.15092872923656003, 0.16852139759430487, 0.13069716062515344, 0.05574421078471484, 0.12940839538499305, 0.07851239669421488, 0.011864822845920955, 0.005973324605187792, 0.08730873087308731, 0.09800752802552982, 0.11834137959250471, 0.017981343588904346, 0.06709761885279437, 0.15432452336142705, 0.1009123639636691, 0.12206447917519024, 0.01022829555682841, 0.053759921446690125, 0.00938957532116848, 0.018042713362245315, 0.0038662957204811392, 0.0029457491203665823, 0.021111202029293837, 0.025775304803207593, 0.06990017183536536, 0.016406186073152768, 0.008305375992144669, 0.05977415923410523, 0.05300302757548482, 0.18502986662302595, 0.12897880697160624, 0.10175108419932902, 0.035737664675558466, 0.02342279682513706, 0.13542263317240816, 0.0829514769658784, 0.040319941085017595, 0.026982243678913345, 0.04561819818345471, 0.0280459864168235, 0.015035594468537763, 0.05758530398494395, 0.08244006218803698, 0.030643973488257918, 0.007855330987644219, 0.014258244006218803, 0.02393421160297848, 0.060428770149742246, 0.02522297684313886, 0.010944276245806399, 0.009225922592259225, 0.017469928811062924, 0.08540626789951722, 0.024650192291956467, 0.08892480157106619, 0.07818509123639637, 0.054741837820145654, 0.04844120775713935, 0.07065706570657065, 0.013787742410604696, 0.002761639800343671, 0.05437361918009983, 0.025325259798707145, 0.05678749693151133, 0.027759594141232306, 0.007875787578757875
0.021909009082726454, 0.017919973815563376, 0.10191473692823828, 0.1954218149087636, 0.139902626626299, 0.00932820554782751, 0.11500695524097865, 0.04432943294329433, 0.029825709843711645, 0.032137304639554866, 0.039603960396039604, 0.08035348989444399, 0.004868668685050323, 0.10790851812453972, 0.02516160706979789, 0.16093200229113822, 0.25758939530316666, 0.2348825791670076, 0.119814254152688, 0.13399067179445218, 0.18167498568038623, 0.21440553146223712, 0.13579085181245398, 0.10162834465264708, 0.13577039522134032, 0.08434252516160708, 0.004152687996072334, 0.08739055723754194, 0.03195319531953195, 0.03493985762212585, 0.030725799852712544, 0.10115784305703297, 0.08250143196137795, 0.15176744947221996, 0.10089190737255543, 0.12609442762458065, 0.07315276982243679, 0.1675190246297357, 0.15972506341543244, 0.14620325668930528, 0.1426028966533017, 0.04940266753948122, 0.046395548645773665, 0.09843711643891662, 0.10130103919482858, 0.14176417641764177, 0.01697897062433516, 0.12048932165943867, 0.001718353653547173, 0.06028557401194665, 0.10003273054578185, 0.018942803371246215, 0.043327059978725144, 0.015342443335242616, 0.01550609606415187, 0.017388102446608298, 0.011557973979216103, 0.011332951476965879, 0.03729236560019639, 0.02172489976270354, 0.04696833319695606, 0.011353408068079536, 0.024016037967433106, 0.048072989117093526, 0.12359872350871451, 0.13763194501268308, 0.04479993453890844, 0.011251125112511251, 0.010801080108010801, 0.04698878978806972, 0.16686441371409869, 0.10254889125276163, 0.10046231895916864, 0.05574421078471484, 0.05868995990508142, 0.03479666148433025, 0.10306030603060307, 0.038356108338106536, 0.008244006218803699, 0.014749202192946568, 0.03395794124867032, 0.013460436952786188, 0.025775304803207593, 0.028005073234596188, 0.007548482120939367, 0.06709761885279437, 0.05938548400294575, 0.011660256934784388, 0.0812944930856722, 0.0461909827346371, 0.06392684723017757, 0.07941248670321578, 0.0077325914409622784, 0.0007773504623189592, 0.05296211439325751, 0.05171426233532444, 0.019147369282382785, 0.05693069306930693, 0.0307462564438262, 0.00791670076098519
0.09002945749120367, 0.07581212666721218, 0.17484248424842483, 0.017858604042222403, 0.037946976515833404, 0.03416250715980689, 0.006136977334097046, 0.06114475083872024, 0.013501350135013501, 0.008448572129940267, 0.04148596677849603, 0.12345552737091892, 0.1789338024711562, 0.18619589231650438, 0.07006382456427461, 0.137100073643728, 0.20618198183454708, 0.19961541608706326, 0.24662466246624662, 0.16549382210948368, 0.27516160706979786, 0.13957532116848048, 0.13120857540299485, 0.01879960723345062, 0.03590131740446772, 0.04882988298829883, 0.02953931756812045, 0.030091645528189184, 0.044493085672203586, 0.0008591768267735865, 0.057339824891580064, 0.11746174617461747, 0.126728581949104, 0.07871696260535145, 0.15113329514769658, 0.11969151460600605, 0.2655470092463792, 0.14290974552000654, 0.04672285410359218, 0.12331233123312331, 0.07413468619589232, 0.06677031339497586, 0.09013174044677195, 0.11897553391702807, 0.07814417805416905, 0.05643973488257917, 0.08156042877014974, 0.15442680631699535, 0.10737664675558464, 0.11279764340070371, 0.06875460273300057, 0.037681040831355865, 0.011946649210375583, 0.008530398494394895, 0.002291138204729564, 0.0006955240978643319, 0.0017797234268881433, 0.010637427379101547, 0.01569020538417478, 0.007262089845348171, 0.0015137877424106047, 0.06331314949676786, 0.004991408231732264, 0.17220358399476313, 0.1995949594959496, 0.09422305866950331, 0.0956550200474593, 0.02117257180263481, 0.07503477620489321, 0.06607478929711152, 0.12537844693560266, 0.037681040831355865, 0.08614270517960887, 0.054864577366827594, 0.08432206857049342, 0.12889698060715163, 0.06347680222567711, 0.027698224367891336, 0.005257343916209803, 0.02616398003436707, 0.02379101546518288, 0.037394648555764666, 0.021949922264953767, 0.00014319613779559774, 0.04688650683250143, 0.13081990017183537, 0.10594468537762868, 0.0398903526716308, 0.11676622207675313, 0.11212257589395302, 0.07658947712953114, 0.07433925210702888, 0.027289092545618197, 0.002066115702479339, 0.0029048359381392687, 0.05198019801980198, 0.032116848048441206, 0.03557401194664921, 0.06053105310531053, 0.06734309794615825
0.07517797234268882, 0.02780050732345962, 0.16516651665166518, 0.14233696096882414, 0.045024957041158664, 0.08471074380165289, 0.04692742001472874, 0.012539890352671631, 0.025652565256525654, 0.03389657147532935, 0.14428033712462154, 0.004561819818345471, 0.06679076998608952, 0.022543163407249815, 0.05942639718517306, 0.23856476556746584, 0.12253498077080435, 0.14119139186645938, 0.13272236314540545, 0.256198347107438, 0.18065215612470337, 0.16256852958023074, 0.05701251943376156, 0.04443171589886261, 0.0406472465428361, 0.0016978970624335161, 0.06435643564356436, 0.04463628180999918, 0.00842811553882661, 0.05212339415759758, 0.09285246706488831, 0.039358481302675725, 0.10764258244006218, 0.008734964405531462, 0.16663939121184845, 0.10874723836019966, 0.07573030030275754, 0.06022420423860568, 0.061103837656492924, 0.16731445871859912, 0.16009328205547826, 0.09254561819818345, 0.05842402422060388, 0.09056132886015875, 0.07476884052041567, 0.09997136077244088, 0.07904426806316996, 0.09479584322068571, 0.04852303412159398, 0.12306685213975943, 0.07976024875214795, 0.030828082808280827, 0.03209639145732755, 0.02399558137631945, 0.0030275754848212095, 0.016201620162016202, 0.017858604042222403, 0.0024547909336388183, 0.028516488012437606, 0.03256689305294166, 0.013746829228377383, 0.03541035921773995, 0.04842075116602569, 0.12050977825055233, 0.05478275100237297, 0.11756402913018575, 0.17322641355044596, 0.07583258325832583, 0.0391334588004255, 0.07581212666721218, 0.086551837001882, 0.003907208902708453, 0.03467392193764831, 0.015444726290810899, 0.033507896244169874, 0.1372023565992963, 0.12224858849521315, 0.05705343261598887, 0.005461909827346371, 0.034060224204238605, 0.036842320595695935, 0.016303903117584485, 0.027575484821209393, 0.0317895425906227, 0.07325505277800508, 0.12572620898453482, 0.030787169626053514, 0.11576384911218394, 0.11402503886752312, 0.09090909090909091, 0.10848130267572212, 0.09140004909581867, 0.04864577366827592, 0.0012273954668194091, 0.022481793633908845, 0.020497504295884133, 0.01982243678913346, 0.0029252925292529252, 0.08201047377465019, 0.12689223467801325
0.12361918009982817, 0.012253498077080436, 0.09137959250470501, 0.009123639636690942, 0.001922919564683741, 0.030705343261598888, 0.01961787087799689, 0.03966533016938058, 0.027227722772277228, 0.028557401194664923, 0.09864168235005319, 0.031114475083872023, 0.027248179363390884, 0.012539890352671631, 0.21888552491612798, 0.16087063251779724, 0.19212830373946485, 0.22534980770804353, 0.17611079289747156, 0.16412323050486866, 0.056091972833647, 0.0024138777514115047, 0.011639800343670731, 0.04314295065870223, 0.05480320759348662, 0.011107928974715653, 0.038090172653629, 0.005830128467392194, 0.006136977334097046, 0.008244006218803699, 0.0580353489894444, 0.0024752475247524753, 0.009491858276736764, 0.07489158006709762, 0.13413386793224777, 0.07933066033876116, 0.011087472383601997, 0.08315604287701497, 0.05672612715817036, 0.04567956795679568, 0.10081008100810081, 0.10171017101710171, 0.08904754111774814, 0.05386220440225841, 0.08843384338433843, 0.11251125112511251, 0.1020988462482612, 0.10017592668357744, 0.08638818427297275, 0.10340806807953523, 0.09225922592259225, 0.050036821864004585, 0.0406472465428361, 0.018820063824564276, 0.018881433597905246, 0.002291138204729564, 0.012908108992717453, 0.008796334178872432, 0.02379101546518288, 0.0035799034448899436, 0.012335324441535062, 0.03287374191964651, 0.07090254479993453, 0.04670239751247852, 0.09178872432697815, 0.11652074298338924, 0.07368464119139187, 0.1237419196465101, 0.14186645937321005, 0.14773750102282956, 0.09810981098109811, 0.11950740528598314, 0.07035021683986581, 0.12934702561165207, 0.09950085917682677, 0.13272236314540545, 0.04124048768513215, 0.112899926356272, 0.024343343425251615, 0.026470828901071924, 0.028271008919073727, 0.04148596677849603, 0.0623926028966533, 0.0939980361672531, 0.08749284019311022, 0.06437689223467802, 0.05852630717617216, 0.06046968333196956, 0.09444808117175355, 0.12190082644628099, 0.07080026184436626, 0.11750265935684477, 0.030009819163734554, 0.04856394730382129, 0.020845266344816298, 0.012969478766058425, 0.0021888552491612797, 0.0067915882497340645, 0.06940921364863759, 0.10426724490630881
0.021315767940430407, 0.03185091236396367, 0.1318427297275182, 0.04144505359626872, 0.09041813272236314, 0.04299975452090664, 0.017981343588904346, 0.010248752147942066, 0.003968578676049423, 0.020538417478111446, 0.03952213403158498, 0.02798461664348253, 0.04304066770313395, 0.013685459455036414, 0.12895835038049258, 0.15682022747729318, 0.07300957368464119, 0.22031748629408396, 0.12153260780623516, 0.07982161852548891, 0.07100482775550282, 0.021663529989362572, 0.05461909827346371, 0.0855085508550855, 0.013890025366172981, 0.011332951476965879, 0.004029948449390393, 0.008244006218803699, 0.02477293183863841, 0.00752802552982571, 0.01992471974470174, 0.03661729809344571, 0.013685459455036414, 0.0559487766958514, 0.021111202029293837, 0.060694705834219785, 0.05850585058505851, 0.0901112838556583, 0.010207838965714753, 0.15598150724163326, 0.0881679076998609, 0.08818836429097456, 0.060960641518697324, 0.042958841338679325, 0.07098437116438916, 0.0788806153342607, 0.10083053759921447, 0.1067834056132886, 0.0774077407740774, 0.04134277064070043, 0.041833728827428196, 0.0424474265608379, 0.09160461500695524, 0.04083135586285901, 0.021970378856067424, 0.014074134686195892, 0.006996154160870633, 0.003048032075934866, 0.01247852057933066, 0.010494231241305949, 0.029743883479257018, 0.02342279682513706, 0.03641273218230914, 0.07613943212503069, 0.07133213321332134, 0.038785696751493334, 0.03387611488421569, 0.03481711807544391, 0.042938384747565665, 0.07793961214303248, 0.0662793552082481, 0.06077653219867441, 0.07339824891580067, 0.14794206693396614, 0.008632681449963178, 0.051959741428688325, 0.14730791260944276, 0.03313967760412405, 0.06914327796416005, 0.06263808199001718, 0.09590049914082317, 0.008653138041076834, 0.009471401685623108, 0.08755420996645119, 0.05498731691350953, 0.00887816054332706, 0.08137631945012683, 0.12523525079780706, 0.0721503968578676, 0.10252843466164799, 0.09547091072743638, 0.047786596841502334, 0.07028884706652483, 0.07879878896980608, 0.016181163570902546, 0.08184682104574094, 0.027616398003436706, 0.024875214794206693, 0.02372964569184191, 0.0821945830946731
0.011005646019147369, 0.002066115702479339, 0.02747320186564111, 0.11001554700924637, 0.10287619671058015, 0.03534898944439899, 0.005380083462891744, 0.010985189428033712, 0.0172449063088127, 0.05298257098437117, 0.028823336879142458, 0.039194828573766466, 0.03854021765812945, 0.029355208248097536, 0.07822600441862368, 0.048604860486048604, 0.057483021029375664, 0.09414123230504869, 0.07489158006709762, 0.0355330987644219, 0.07622125848948531, 0.07024793388429752, 0.02231814090499959, 0.06247442926110793, 0.009573684641191392, 0.009000900090009001, 0.0024752475247524753, 0.012662629899353572, 0.03436707307094346, 0.008550855085508551, 0.011353408068079536, 0.012171671712625808, 0.0590786351362409, 0.1303289419851076, 0.01460600605515097, 0.007262089845348171, 0.01157843057032976, 0.053903117584485724, 0.10790851812453972, 0.078266917600851, 0.09168644137140987, 0.1045127239996727, 0.06511332951476966, 0.06852958023075034, 0.07172080844448081, 0.07922837738319287, 0.07939203011210212, 0.08023075034776204, 0.04866623025938958, 0.08808608133540627, 0.09727109074543817, 0.005114147778414205, 0.09784387529662057, 0.00977825055232796, 0.031564520088372475, 0.0027002700270027003, 0.0015751575157515751, 0.020681613615907046, 0.002311594795843221, 0.02456836592750184, 0.019454218149087637, 0.04645691841911464, 0.035021683986580475, 0.09741428688323378, 0.050998281646346455, 0.019004173144587185, 0.06243351607888062, 0.0558055805580558, 0.017142623353244416, 0.05588740692251043, 0.06893871205302349, 0.12153260780623516, 0.06004009491858277, 0.05318713689550773, 0.09768022256771132, 0.09608460846084609, 0.0369036903690369, 0.1419482857376647, 0.07454381801816545, 0.06654529089272564, 0.10195565011046559, 0.009000900090009001, 0.038887979707061614, 0.044022584076589474, 0.11056787496931511, 0.09097046068243188, 0.09021356681122658, 0.10003273054578185, 0.09350707798052532, 0.10854267244906309, 0.13358153997217903, 0.12339415759757794, 0.06539972179036085, 0.15403813108583586, 0.007793961214303248, 0.07397103346698307, 0.052082480975370264, 0.00836674576548564, 0.004316340724981589, 0.01718353653547173
0.07303003027575485, 0.008100810081008101, 0.01337861058833156, 0.0808239914900581, 0.03512396694214876, 0.028536944603551263, 0.010085099419032812, 0.02045659111365682, 0.03313967760412405, 0.04676376728581949, 0.07509614597823419, 0.07605760576057606, 0.038376564929220196, 0.006157433925210703, 0.07212994026675394, 0.10162834465264708, 0.010248752147942066, 0.04191555519188282, 0.015362899926356272, 0.07071843547991163, 0.04991408231732264, 0.11310449226740855, 0.06370182472792733, 0.04179281564520088, 0.02831192210130104, 0.015465182881924557, 0.00020456591113656822, 0.01022829555682841, 0.03577857785778578, 0.024118320923001393, 0.0049504950495049506, 0.005461909827346371, 0.0044595368627771866, 0.07435970869814254, 0.011292038294738564, 0.006812044840847721, 0.03776286719581049, 0.036433188773422796, 0.09827346371000736, 0.12404876851321496, 0.08503804925947141, 0.08325832583258326, 0.058751329678422386, 0.056951149660420586, 0.09277064070043368, 0.07918746420096555, 0.06480648064806481, 0.08149905899680877, 0.10854267244906309, 0.015669748793061124, 0.07051386956877506, 0.03338515669748793, 0.08612224858849521, 0.0019024629735700843, 0.06288356108338107, 0.03305785123966942, 0.0014524179690696343, 0.019249652237951068, 0.005011864822845921, 0.010780623516897144, 0.025570738892071024, 0.02798461664348253, 0.00932820554782751, 0.01067834056132886, 0.015915227886425007, 0.0002863922755911955, 0.009819163734555273, 0.02413877751411505, 0.07133213321332134, 0.005461909827346371, 0.06771131658620408, 0.050302757548482124, 0.02677767776777678, 0.08469028721053924, 0.15129694787660583, 0.007057523934211603, 0.038356108338106536, 0.010535144423533262, 0.06640209475493004, 0.10653792651992472, 0.05384174781114475, 0.01415596105065052, 0.04537271909009083, 0.0949390393584813, 0.0388470665248343, 0.051243760739710334, 0.09397757957613943, 0.11345225431634072, 0.1045127239996727, 0.12548072989117093, 0.11392275591195483, 0.06971606251534244, 0.0829514769658784, 0.09197283364700107, 0.09984862122575894, 0.0307462564438262, 0.015608379019720155, 0.00521643073398249, 0.01728581949104001, 0.01781769085999509
0.039726699942721544, 0.006014237787415105, 0.09324114229604778, 0.1015260616970788, 0.08023075034776204, 0.03729236560019639, 0.008857703952213403, 0.014544636281809999, 0.018840520415677933, 0.05050732345961869, 0.06926601751084199, 0.061512969478766055, 0.07705997872514524, 0.08847475656656575, 0.06887734227968251, 0.08066033876114884, 0.025550282300957367, 0.010453318059078636, 0.06022420423860568, 0.02405695114966042, 0.08824973406431552, 0.0793511169298748, 0.08929302021111202, 0.045147696587840604, 0.005911954831846821, 0.01787906063333606, 0.0020047459291383683, 0.004050405040504051, 0.008121266672121758, 0.013726372637263727, 2.045659111365682e-5, 0.0005523279600687342, 0.017838147451108746, 0.01511742083299239, 0.042242860649701335, 0.034653465346534656, 0.0008591768267735865, 0.05095736846411914, 0.05564192782914655, 0.1070697978888798, 0.10040094918582768, 0.09252516160706979, 0.06316995335897226, 0.08665411995745029, 0.09549136731855004, 0.07804189509860077, 0.03174862940839539, 0.054578185091236395, 0.06548154815481548, 0.004398167089436216, 0.08211275673021848, 0.037394648555764666, 0.11754357253907209, 0.07652810735619016, 0.05200065461091564, 0.050159561410686525, 0.02045659111365682, 0.011169298748056625, 0.004807298911709353, 0.0021274854758203095, 0.015076507650765077, 0.020170198838065624, 0.011660256934784388, 0.023647819327387284, 0.009471401685623108, 0.00032730545781850913, 0.02651174208329924, 0.01292856558383111, 0.011782996481466329, 0.002823009573684641, 0.03113493167498568, 0.020313394975861224, 0.0005932411422960478, 0.07345961868914164, 0.06292447426560838, 0.12709680058914982, 0.12366009328205547, 0.07059569593322969, 0.14067997708861796, 0.0769372391784633, 0.16134113411341133, 0.07879878896980608, 0.11560019638327469, 0.08630635790851812, 0.010657883970215203, 0.04934129776614025, 0.11498649864986499, 0.08276736764585549, 0.0871246215530644, 0.08121266672121757, 0.067179445217249, 0.0842811553882661, 0.10232386875051142, 0.12089845348171181, 0.07918746420096555, 0.02546845593650274, 0.002393421160297848, 0.009348662138941167, 0.013419523770558875, 0.015281073561901644
0.04130185745847312, 0.00887816054332706, 0.10396039603960396, 0.08583585631290402, 0.0371900826446281, 0.020292938384747567, 0.02086572293592996, 0.018513214957859424, 0.025182063660911545, 0.051243760739710334, 0.0639063906390639, 0.056848866704852306, 0.05087554209966451, 0.07317322641355045, 0.08902708452663448, 0.0008387202356599297, 0.0031298584403894937, 0.10410359217739956, 0.042508796334178874, 0.007425742574257425, 0.11001554700924637, 0.07503477620489321, 0.08405613288601588, 0.03700597332460519, 0.022870468865068324, 0.006034694378528762, 0.018001800180018002, 0.006157433925210703, 0.004336797316095246, 0.026593568447753867, 0.010064642827919155, 0.005543736191800998, 0.012949022174944768, 0.07865559283201047, 0.0803944030766713, 0.018635954504541363, 0.035880860813354065, 0.035042140577694135, 0.07225267981343589, 0.11915964323705097, 0.0992553800834629, 0.0926683577448654, 0.08221503968578676, 0.08814745110874724, 0.07444153506259717, 0.04304066770313395, 0.04173144587185992, 0.06478602405695115, 0.041117748138450205, 0.07622125848948531, 0.061676622207675315, 0.09360936093609361, 0.09385484002945749, 0.03260780623516897, 0.0865109238196547, 0.019863349971360772, 0.018840520415677933, 6.136977334097046e-5, 0.015219703788560674, 0.0035799034448899436, 0.007384829392030112, 0.005318713689550773, 4.091318222731364e-5, 0.0026389002536617297, 0.00893953031666803, 0.06846821045740938, 0.041158661320677525, 0.009860076916782588, 0.04443171589886261, 0.033078307830783076, 0.040422224040585875, 0.0006546109156370183, 0.010187382374601097, 0.009450945094509451, 0.021581703624907946, 0.06028557401194665, 0.033078307830783076, 0.07589395303166681, 0.0063006300630063005, 0.030643973488257918, 0.0795965960232387, 0.08139677604124049, 0.07669176008509943, 0.014360526961787088, 0.048461664348253004, 0.06478602405695115, 0.08984534817118076, 0.07345961868914164, 0.09866213894116685, 0.08763603633090582, 0.09150233205138696, 0.09473447344734473, 0.10743801652892562, 0.11922101301039195, 0.14976270354308158, 0.12110301939284837, 0.02239996726945422, 0.00040913182227313643, 0.013214957859422305, 0.04252925292529253
0.044043040667703134, 0.0023320513869568775, 0.10136240896816955, 0.0793102037476475, 0.03414205056869323, 0.024036494558546763, 0.025059324114229606, 0.011844366254807299, 0.0172449063088127, 0.0478479666148433, 0.0694501268308649, 0.06124703379428852, 0.036453645364536456, 0.01943376155797398, 0.14076180345307257, 0.0334465264708289, 0.054455445544554455, 0.13096309630963096, 0.03831519515587922, 0.09526634481629981, 0.08606087881515424, 0.0835651746992881, 0.06460191473692824, 0.019842893380247115, 0.00032730545781850913, 0.017163079944358072, 0.04729563865477457, 0.013992308321741266, 0.017919973815563376, 0.007855330987644219, 0.011844366254807299, 0.005032321413959578, 0.013562719908354472, 0.0023525079780705345, 0.005032321413959578, 0.022113574993863024, 0.06460191473692824, 0.025713935029866623, 0.10475820309303657, 0.07094345798216185, 0.06527698224367891, 0.07855330987644218, 0.07562801734718927, 0.08794288519761068, 0.06143114311431143, 0.035880860813354065, 0.01982243678913346, 0.07004336797316095, 0.060960641518697324, 0.039194828573766466, 0.08121266672121757, 0.06521561247033794, 0.12263726372637264, 0.09725063415432453, 0.12255543736191801, 0.06396776041240487, 0.03845839129367482, 0.004561819818345471, 0.004643646182800098, 0.02090663611815727, 0.007180263480893544, 0.007568938712053023, 0.003068488667048523, 0.004868668685050323, 0.0163448162998118, 0.005605105965141969, 0.015096964241878733, 0.005605105965141969, 0.02913018574584731, 0.010105556010146469, 0.00977825055232796, 0.018574584731200394, 0.0070166107519842895, 0.0515915227886425, 0.03236232714180509, 0.02561165207429834, 0.07184354799116276, 0.04911627526389003, 0.05648064806480648, 0.025427542754275428, 0.09172735455363719, 0.023075034776204893, 0.01865641109565502, 0.0442476065788397, 0.048359381392684725, 0.07560756075607561, 0.11083381065379265, 0.0740528598314377, 0.10344898126176254, 0.09191146387366009, 0.07853285328532854, 0.07476884052041567, 0.08172408149905899, 0.09698469846984699, 0.14108910891089108, 0.020313394975861224, 0.012130758530398494, 0.0056255625562556255, 0.03209639145732755, 0.011271581703624908
0.08137631945012683, 0.03356926601751084, 0.08726781769085999, 0.07163898208002618, 0.04565911136568202, 0.025182063660911545, 0.011823909663693642, 0.027780050732345962, 0.0025775304803207595, 0.02546845593650274, 0.049586776859504134, 0.04872760003273054, 0.05725799852712544, 0.04866623025938958, 0.02225677113165862, 0.06801816545290892, 0.030418950986007692, 0.03549218558219458, 0.015076507650765077, 0.09903035758121266, 0.0707798052532526, 0.07982161852548891, 0.05468046804680468, 0.03428524670648883, 0.041158661320677525, 0.02012928565583831, 0.03641273218230914, 0.02090663611815727, 0.012048932165943866, 0.000572784551182391, 0.0006955240978643319, 0.011005646019147369, 0.0190450863268145, 0.00353899026266263, 0.07149578594223059, 4.091318222731364e-5, 0.006055150969642419, 0.07397103346698307, 0.09567547663857295, 0.08718599132640537, 0.06392684723017757, 0.056091972833647, 0.09442762458063989, 0.08998854430897635, 0.0627199083544718, 0.04541363227231814, 0.023647819327387284, 0.007487112347598396, 0.06670894362163489, 0.05257343916209803, 0.026941330496686032, 0.03999263562719908, 0.07458473120039277, 0.06787496931511333, 0.08663366336633663, 0.022727272727272728, 0.023893298420751167, 0.022870468865068324, 0.034633008755420996, 0.005298257098437117, 0.018697324277882333, 0.008796334178872432, 0.006136977334097046, 0.02168398658047623, 0.01755175517551755, 0.020108829064724654, 0.025018410932002293, 0.021786269536044515, 0.0199451763358154, 0.0024138777514115047, 0.020088372473610998, 0.006361999836347271, 0.0037230995826855414, 0.013276327632763277, 0.002986662302593896, 0.06053105310531053, 0.02612306685213976, 0.04105637836510924, 0.0271458964078226, 0.03954259062269863, 0.037415105146878326, 0.014933311512969479, 0.05161197937975616, 0.010923819654692742, 0.08035348989444399, 0.07595532280500777, 0.0901521970378856, 0.08685868586858686, 0.10277391375501187, 0.10166925783487439, 0.06638163816381638, 0.07223222322232223, 0.08397430652156125, 0.13041076834956222, 0.15896816954422716, 0.11077244088045168, 0.03747647492021929, 0.001718353653547173, 0.026348089354389984, 0.004336797316095246
0.033364700106374275, 0.03860158743147042, 0.04702970297029703, 0.06625889861713444, 0.022727272727272728, 0.054189509860076916, 0.04158824973406432, 0.01845184518451845, 0.001718353653547173, 0.024343343425251615, 0.03340561328860159, 0.02780050732345962, 0.024281973651910645, 0.04340888634317977, 0.017735864495540463, 0.013726372637263727, 0.024302430243024302, 0.027104983225595288, 0.007712134849848621, 0.07231404958677685, 0.0940389493494804, 0.09894853121675803, 0.05095736846411914, 0.039215285164880126, 0.018881433597905246, 0.037926519924719744, 0.023586449554046315, 0.04105637836510924, 0.03729236560019639, 0.02297275182063661, 0.012253498077080436, 0.0015751575157515751, 0.012764912854921855, 0.012130758530398494, 0.007609851894280337, 0.032812372146305537, 0.02117257180263481, 0.05359626871778087, 0.06777268635954505, 0.06842729727518207, 0.060715162425333445, 0.06936830046641028, 0.10385811308403568, 0.10164880124376074, 0.07838965714753293, 0.02051796088699779, 0.000572784551182391, 0.011721626708125358, 0.02078389657147533, 0.08706325177972343, 0.045127239996726944, 0.12016201620162016, 0.1126544472629081, 0.09723017756321087, 0.12918337288274281, 0.01679486130431225, 0.012008018983716553, 0.010576057605760575, 0.0163448162998118, 0.014319613779559775, 0.027391375501186484, 8.182636445462728e-5, 0.013296784223876933, 0.011148842156942966, 0.007957613943212503, 0.008775877587758775, 0.01325587104164962, 0.014626462646264627, 0.009103183045577286, 0.028086899599050814, 0.030909909172735454, 0.003886752311594796, 0.022850012273954667, 0.0072416332542345144, 0.02585713116766222, 0.05885361263399067, 0.06206529743883479, 0.02733000572784551, 0.011251125112511251, 0.01581294493085672, 0.05191882824646101, 0.02798461664348253, 0.056255625562556255, 0.010126012601260125, 0.036678667866786675, 0.0641927829146551, 0.0903976761312495, 0.08329923901481057, 0.09487766958514034, 0.1186277718680959, 0.06366091154570003, 0.03234187055069143, 0.06063333606087881, 0.05423042304230423, 0.103183045577285, 0.02456836592750184, 0.1435848130267572, 0.022809099091727354, 0.02510023729645692, 0.012396694214876033
0.024220603878569676, 0.02072252679813436, 0.02927338188364291, 0.05531462237132804, 0.038049259471401684, 0.06758857703952213, 0.03367154897307913, 0.03674003764012765, 0.006709761885279437, 0.03287374191964651, 0.009205466001145569, 0.019004173144587185, 0.005195974142868832, 0.025488912527616397, 0.003211684804844121, 0.021254398167089437, 0.03289419851076017, 0.005830128467392194, 0.0060756075607560755, 0.055703297602487524, 0.06063333606087881, 0.0860813354062679, 0.07534162507159807, 0.08289010719253743, 0.04954586367727682, 0.05212339415759758, 0.04340888634317977, 0.027964160052368875, 0.04780705343261599, 0.026266262989935358, 0.017674494722199494, 0.003191228213730464, 0.003313967760412405, 0.0013501350135013501, 0.025754848212093936, 0.004541363227231814, 0.03017347189264381, 0.043224777023156864, 0.08268554128140086, 0.07800098191637346, 0.06609524588822518, 0.05836265444726291, 0.09086817772686359, 0.07090254479993453, 0.04187464200965551, 0.018758694051223303, 0.01485148514851485, 0.014196874232877833, 0.029825709843711645, 0.026716307994435806, 0.04567956795679568, 0.08344243515260617, 0.21111202029293838, 0.024670648883070124, 0.08610179199738156, 0.12676949513133132, 0.06691350953277146, 0.010985189428033712, 0.011557973979216103, 0.01685623107765322, 0.005932411422960478, 0.009307748956713853, 0.014626462646264627, 0.005686932329596596, 0.02303412159397758, 0.007589395303166681, 0.018942803371246215, 0.017735864495540463, 0.025079780705343262, 0.021131658620407494, 0.0035799034448899436, 0.003048032075934866, 0.005318713689550773, 0.012539890352671631, 0.018963259962359872, 0.05175517551755175, 0.03839702152033385, 0.06752720726618117, 0.06327223631454054, 0.06861140659520497, 0.021949922264953767, 0.015935684477538663, 0.04013583176499468, 0.01659029539317568, 0.0715366991244579, 0.078266917600851, 0.0718230914000491, 0.09033630635790851, 0.09835529007446199, 0.08737010064642828, 0.07393012028475575, 0.06245397266999427, 0.06783405613288601, 0.015649292201947468, 0.08313558628590131, 0.17283773831928648, 0.1294288519761067, 0.012580803534898944, 0.03011210211930284, 0.024875214794206693
0.01659029539317568, 0.03152360690614516, 0.043081580885361265, 0.045024957041158664, 0.03991080926274446, 0.04852303412159398, 0.05118239096636936, 0.03745601832910564, 0.009185009410031912, 0.022093118402749367, 0.010882906472465429, 6.136977334097046e-5, 0.006402913018574585, 0.004930038458391294, 0.0018001800180018, 0.00578921528516488, 0.004970951640618607, 0.003743556173799198, 0.011148842156942966, 0.04588413386793225, 0.08604042222404058, 0.08606087881515424, 0.06947058342197857, 0.0697365191064561, 0.050998281646346455, 0.05621471238032894, 0.04643646182800098, 0.027841420505686932, 0.06427460927910973, 0.03976761312494886, 0.019085999509041815, 0.01886097700679159, 0.017654038131085837, 0.019188282464610098, 0.011496604205875133, 0.007712134849848621, 0.025509369118730054, 0.051837001882006385, 0.06918419114638737, 0.055437361918009985, 0.06116520742983389, 0.06100155470092464, 0.07521888552491612, 0.06615661566156615, 0.006996154160870633, 0.024650192291956467, 0.007221176663120858, 0.02346371000736437, 0.03557401194664921, 0.02863922755911955, 0.07411422960477866, 0.017388102446608298, 0.01280582603714917, 0.0572784551182391, 0.07096391457327551, 0.07599623598723508, 0.08644955404631373, 0.024384256607478928, 0.004766385729482039, 0.023320513869568776, 0.009307748956713853, 0.005318713689550773, 0.006096064151869732, 0.024159234105228706, 0.0015137877424106047, 0.002741183209230014, 0.010596514196874234, 0.016753948122084937, 0.023525079780705345, 0.020374764749202193, 0.04218149087636036, 0.019801980198019802, 0.026552655265526554, 0.02927338188364291, 0.03999263562719908, 0.0731936830046641, 0.05811717535389903, 0.03209639145732755, 0.0018615497913427707, 0.022093118402749367, 0.04715244251697897, 0.0857949431306767, 0.0763644546272809, 0.023954668194092137, 0.056501104655920134, 0.0536780950822355, 0.05408722690450863, 0.06838638409295475, 0.09628917437198266, 0.0891089108910891, 0.03426479011537517, 0.031421323950576875, 0.005830128467392194, 0.12198265281073561, 0.09680058914982408, 0.09383438343834384, 0.050834628917437195, 0.07131167662220768, 0.0022093118402749367, 0.040995008591768266
0.019065542917928155, 0.02012928565583831, 0.05797397921610343, 0.04868668685050323, 0.06560428770149743, 0.08577448653956304, 0.04758203093036576, 0.04551591522788642, 0.01646755584649374, 0.04052450699615416, 0.03262826282628263, 0.007057523934211603, 0.011987562392602897, 0.003764012764912855, 0.006382456427460928, 0.020374764749202193, 0.003313967760412405, 0.0007364372800916456, 0.0018615497913427707, 0.025202520252025202, 0.06220849357663039, 0.06738401112838556, 0.05435316258898617, 0.0559487766958514, 0.05480320759348662, 0.04600687341461419, 0.045147696587840604, 0.07505523279600687, 0.05412814008673594, 0.03892889288928893, 0.00971688077898699, 0.02129531134931675, 0.03426479011537517, 0.032014565092872926, 0.0337329187464201, 0.023852385238523854, 0.02379101546518288, 0.043531625889861716, 0.05658293102037477, 0.05821945830946731, 0.04193601178299648, 0.050589149824073316, 0.06940921364863759, 0.06112429424760658, 0.009021356681122658, 0.01589477129531135, 0.0014728745601832911, 0.050998281646346455, 0.016242533344243516, 0.17858604042222403, 0.1112838556582931, 0.047111529334751656, 0.03661729809344571, 0.014483266508469029, 0.07969887897880697, 0.0317895425906227, 0.007998527125439817, 0.014278700597332461, 0.046170526143523447, 0.010535144423533262, 0.021643073398248915, 0.01929056542017838, 0.009062269863349971, 0.009553228050077736, 0.010576057605760575, 0.011660256934784388, 0.014442353326241716, 0.019085999509041815, 0.009225922592259225, 0.04522952295229523, 0.03352835283528353, 0.03536944603551264, 0.059999181736355454, 0.0020047459291383683, 0.06290401767449472, 0.07262089845348171, 0.1058833156042877, 0.08452663448162998, 0.03138041076834956, 0.04036085426724491, 0.03316013419523771, 0.014974224695196792, 0.0014524179690696343, 0.010126012601260125, 0.05161197937975616, 0.05852630717617216, 0.05787169626053514, 0.08970215203338516, 0.09858031257671222, 0.05038458391293675, 0.04175190246297357, 0.018697324277882333, 0.05590786351362409, 0.02086572293592996, 0.12717862695360446, 0.004520906636118157, 0.058649046722854106, 0.04741837820145651, 0.01865641109565502, 0.026082153669912445
0.04610915637018247, 0.02282955568284101, 0.030030275754848214, 0.028291465510187384, 0.05386220440225841, 0.10126012601260126, 0.021581703624907946, 0.05412814008673594, 0.01466737582849194, 0.042120121103019395, 0.07225267981343589, 0.027452745274527453, 0.019372391784633007, 0.03534898944439899, 0.009471401685623108, 0.009655511005646019, 0.008223549627690042, 0.0065256525652565255, 0.004152687996072334, 0.0033753375337533752, 0.024281973651910645, 0.044165780214385074, 0.04590459045904591, 0.0388470665248343, 0.06683168316831684, 0.07374601096473284, 0.05490549054905491, 0.02399558137631945, 0.09649374028311922, 0.0661361590704525, 0.027248179363390884, 0.0013910481957286637, 0.04336797316095246, 0.0697365191064561, 0.06263808199001718, 0.046538744783569265, 0.04027902790279028, 0.03185091236396367, 0.0487480566238442, 0.04535226249897717, 0.02690041731445872, 0.035042140577694135, 0.0649496767858604, 0.023750102282955567, 0.011701170117011701, 0.03244415350625972, 0.016242533344243516, 0.03901071925374355, 0.1667212175763031, 0.11684804844120776, 0.004725472547254726, 0.08329923901481057, 0.0829514769658784, 0.037108256280173474, 0.02526389002536617, 0.05423042304230423, 0.0034980770804353164, 0.04684559365027412, 0.026593568447753867, 0.013521806726127157, 0.010187382374601097, 0.025898044349889536, 0.011107928974715653, 0.013174044677194992, 0.012969478766058425, 0.018901890189018902, 0.0032730545781850915, 0.013399067179445218, 0.014319613779559775, 0.021520333851566976, 0.03661729809344571, 0.03318059078635136, 0.04162916291629163, 0.039072089027084526, 0.05463955486457737, 0.050261844366254804, 0.08135586285901317, 0.07298911709352754, 0.029375664839211193, 0.09884624826118976, 0.1037967433106947, 0.034060224204238605, 0.005543736191800998, 0.034346616479829804, 0.0523484166598478, 0.04072907290729073, 0.04772522706816136, 0.03651501513787742, 0.06472465428361018, 0.06662711725718026, 0.043756648392111935, 0.01337861058833156, 0.03273054578185091, 0.017510841993290237, 0.053493985762212586, 0.06147205629653874, 0.09340479502495704, 0.02767776777677768, 0.04463628180999918, 0.0034776204893216594
0.018042713362245315, 0.013624089681695442, 0.026716307994435806, 0.00040913182227313643, 0.034060224204238605, 0.0535348989444399, 0.027452745274527453, 0.042795188609770066, 0.023893298420751167, 0.0013910481957286637, 0.055682841011373864, 0.012048932165943866, 0.000920546600114557, 0.06589067997708861, 0.052082480975370264, 0.02180672612715817, 0.0032525979870714344, 0.010760166925783488, 0.008264462809917356, 0.007364372800916456, 0.001145569102364782, 0.0011046559201374683, 0.0049504950495049506, 0.03518533671548973, 0.06067424924310613, 0.04981179936175436, 0.011660256934784388, 0.0036003600360036, 0.010453318059078636, 0.04228377383192865, 0.03583994763112675, 0.011087472383601997, 0.03301693805744211, 0.07967842238769332, 0.0929547500204566, 0.058771786269536046, 0.02618443662548073, 0.03193273872841829, 0.048911709352753456, 0.023770558874069224, 0.03659684150233205, 0.0536780950822355, 0.04498404385893135, 0.016938057442107846, 0.027841420505686932, 0.0004705015956141069, 0.02102937566483921, 0.0718640045822764, 0.17294002127485475, 0.138470665248343, 0.11465919319204648, 0.1643891661893462, 0.09262744456263808, 0.06875460273300057, 0.008571311676622208, 0.06762949022174945, 0.03289419851076017, 0.050855085508550855, 0.003641273218230914, 0.01460600605515097, 0.028659684150233206, 0.03939939448490304, 0.02767776777677768, 0.004234514360526962, 0.008059896898780786, 0.010923819654692742, 0.01325587104164962, 0.001841093200229114, 0.0063006300630063005, 0.029191555519188284, 0.0051346043695278615, 0.032669176008509944, 0.024159234105228706, 0.046559201374682925, 0.03459209557319368, 0.03868341379592505, 0.05412814008673594, 0.08379019720153834, 0.06977743228868341, 0.038785696751493334, 0.06484739383029212, 0.03481711807544391, 0.0056255625562556255, 0.02366827591850094, 0.0479911627526389, 0.02552982570984371, 0.02321823091400049, 0.048461664348253004, 0.03743556173799198, 0.02135668112265772, 0.01562883561083381, 0.009839620325668931, 0.0488912527616398, 0.08976352180672613, 0.09297520661157024, 0.009123639636690942, 0.09491858276736764, 0.1455281891825546, 0.013869568775059325, 0.009819163734555273
0.0051755175517551755, 0.004398167089436216, 0.017265362899926355, 0.025959414123230506, 0.010044186236805499, 0.004725472547254726, 0.006648392111938467, 0.026389002536617297, 0.02025202520252025, 0.022931838638409297, 0.006484739383029212, 0.030357581212666723, 0.0038662957204811392, 0.050609606415186977, 0.10592422878651502, 0.04840029457491204, 0.01969969724245152, 0.000797807053432616, 0.008182636445462728, 0.02270681613615907, 0.02045659111365682, 0.025325259798707145, 0.01628344652647083, 0.004111774813845021, 0.009041813272236314, 0.019331478602405694, 0.006321086654119957, 0.005155060960641519, 8.182636445462728e-5, 0.01505605105965142, 0.010760166925783488, 0.03328287374191965, 0.02379101546518288, 0.07489158006709762, 0.08575402994844938, 0.05768758694051223, 0.008448572129940267, 0.007753048032075935, 0.000225022502250225, 0.02426151706079699, 0.006771131658620408, 0.031053105310531053, 0.020927092709270928, 0.013787742410604696, 0.04124048768513215, 0.0028639227559119546, 0.014278700597332461, 0.054741837820145654, 0.1632435970869814, 0.2004541363227232, 0.12300548236641846, 0.1567179445217249, 0.04232468701415596, 0.04162916291629163, 0.09813026757221177, 0.0019024629735700843, 0.0012887652401603797, 0.007834874396530562, 0.029580230750347762, 0.006136977334097046, 0.007180263480893544, 0.012212584894853122, 0.04968905981507241, 0.02690041731445872, 0.004561819818345471, 0.007262089845348171, 0.012744456263808199, 0.0015547009246379183, 0.007180263480893544, 0.010085099419032812, 0.01415596105065052, 0.022747729318386384, 0.024997954340888633, 0.02420014728745602, 0.05185745847312004, 0.042099664511905735, 0.04707061615252434, 0.0541485966778496, 0.050589149824073316, 0.045127239996726944, 0.03772195401358318, 0.035308076262171674, 0.013235414450535962, 0.027575484821209393, 0.023443253416250715, 0.04226331724081499, 0.006587022338597496, 0.006812044840847721, 0.008203093036576384, 0.00042958841338679323, 0.008223549627690042, 0.008469028721053923, 0.010944276245806399, 0.06863186318631863, 0.12210539235741756, 0.06214712380328942, 0.20297029702970298, 0.0500777350462319, 0.0010023729645691841, 0.0144014401440144
0.03275100237296457, 0.02510023729645692, 0.05531462237132804, 0.044615825218885526, 0.0461909827346371, 0.03770149742246952, 0.04025857131167662, 0.0072416332542345144, 0.03232141395957778, 0.013726372637263727, 0.015219703788560674, 0.049443580721708534, 0.03637181900008182, 0.03858113084035676, 0.07120939366663939, 0.04997545209066361, 0.04361345225431634, 0.004214057769413305, 0.03641273218230914, 0.03459209557319368, 0.0532485066688487, 0.07483021029375665, 0.027104983225595288, 0.014687832419605596, 0.00032730545781850913, 0.00034776204893216593, 0.003845839129367482, 0.015608379019720155, 0.018758694051223303, 0.014012764912854922, 0.04422714998772605, 0.04850257753048032, 0.05116193437525571, 0.08698142541526879, 0.07026839047541118, 0.04516815317895426, 0.0028843793470256117, 0.0013501350135013501, 0.005584649374028312, 0.006771131658620408, 0.014687832419605596, 0.004111774813845021, 0.009287292365600197, 0.03101219212830374, 0.030009819163734554, 0.011087472383601997, 0.006832501431961378, 0.08692005564192783, 0.19081908190819083, 0.12676949513133132, 0.17764503723099584, 0.20368627771868095, 0.06634072498158906, 0.006607478929711153, 0.11009737337370101, 0.07967842238769332, 0.048216185254889125, 0.008673594632190492, 0.0016365272890925457, 0.013521806726127157, 0.0025570738892071025, 0.020047459291383685, 0.04287701497422469, 0.006218803698551673, 0.024016037967433106, 0.020620243842566076, 0.0063006300630063005, 0.009696424187873334, 0.001841093200229114, 0.01086244988135177, 0.004193601178299648, 0.0022093118402749367, 0.003068488667048523, 0.002741183209230014, 0.02012928565583831, 0.006136977334097046, 0.014544636281809999, 0.01910645610015547, 0.04426806316995336, 0.028250552327960067, 0.014933311512969479, 0.010719253743556173, 0.01505605105965142, 0.0011046559201374683, 0.022113574993863024, 0.0060756075607560755, 0.025059324114229606, 0.011905736028148269, 0.029109729154733654, 0.06386547745683659, 0.02669585140332215, 0.014012764912854922, 0.044881760903363065, 0.08170362490794535, 0.0744210784714835, 0.10723345061778905, 0.0988257916700761, 0.15508141723263236, 0.0355330987644219, 0.04430897635218067
0.01865641109565502, 0.024241060469683332, 0.03925619834710744, 0.053473529171098926, 0.0481343588904345, 0.060428770149742246, 0.00353899026266263, 0.014033221503968579, 0.020436134522543163, 0.0373332787824237, 0.0190450863268145, 0.030725799852712544, 0.06789542590622699, 0.030541690532689632, 0.06752720726618117, 0.07282546436461829, 0.04287701497422469, 0.012580803534898944, 0.007609851894280337, 0.034182963750920545, 0.04314295065870223, 0.03937893789378938, 0.03631044922674086, 0.011803453072579986, 0.017858604042222403, 0.032976024875214796, 0.03138041076834956, 0.0010637427379101548, 0.003845839129367482, 0.017449472219949268, 0.01961787087799689, 0.05020047459291384, 0.09567547663857295, 0.07006382456427461, 0.049750429588413386, 0.04124048768513215, 0.0037844693560265116, 0.03140086735946322, 0.01763358153997218, 0.029314295065870223, 0.0370468865068325, 0.006055150969642419, 0.014278700597332461, 0.00938957532116848, 0.022420423860567876, 0.006873414614188692, 0.04367482202765731, 0.09111365682022747, 0.11776859504132231, 0.1608910891089109, 0.16123885115784306, 0.07980116193437525, 0.06668848703052123, 0.09528680140741347, 0.0398903526716308, 0.05977415923410523, 0.03577857785778578, 0.056378365109238195, 0.011414777841420505, 0.028025529825709845, 0.018676867686768676, 0.023259144096227806, 0.0015751575157515751, 0.06124703379428852, 0.08814745110874724, 0.03457163898208002, 0.0054005400540054005, 0.017101710171017102, 0.023975124785205793, 0.014483266508469029, 0.03301693805744211, 0.01969969724245152, 0.02773913755011865, 0.015015137877424107, 0.010719253743556173, 0.012314867850421405, 0.007793961214303248, 0.006198347107438017, 0.006587022338597496, 0.01839047541117748, 0.008837247361099747, 0.010657883970215203, 0.009205466001145569, 0.021070288847066524, 0.0007568938712053024, 0.01202847557483021, 0.04465673840111284, 0.023831928647410197, 0.04608869977906881, 0.05439407577121348, 0.01086244988135177, 0.002618443662548073, 0.07090254479993453, 0.04191555519188282, 0.05150969642418787, 0.04314295065870223, 0.07622125848948531, 0.16488012437607397, 0.11050650519597414, 0.017858604042222403
0.025816217985434906, 0.008407658947712953, 0.004316340724981589, 0.030480320759348662, 0.02342279682513706, 0.010657883970215203, 0.029314295065870223, 0.05067097618852794, 0.05232796006873414, 0.03193273872841829, 0.004050405040504051, 0.04216103428524671, 0.05490549054905491, 0.11271581703624908, 0.046825137059160464, 0.045822764094591274, 0.06795679567956796, 0.03119630144832665, 0.04083135586285901, 0.007671221667621308, 0.006812044840847721, 0.0020865722935929955, 0.0016569838802062025, 0.016672121757630307, 0.02297275182063661, 0.030828082808280827, 0.0371900826446281, 0.015669748793061124, 0.045863677276818594, 0.036453645364536456, 0.03925619834710744, 0.040442680631699535, 0.0744210784714835, 0.12196219621962197, 0.0826241715080599, 0.06388593404795025, 0.0021070288847066525, 0.013890025366172981, 0.010494231241305949, 0.005052778005073234, 0.0032730545781850915, 0.007998527125439817, 0.021909009082726454, 0.0298461664348253, 0.05371900826446281, 0.04995499549954995, 0.08004664102773913, 0.09252516160706979, 0.07761230668521397, 0.11071107110711072, 0.11114065952049751, 0.04829801161934375, 0.1056992062842648, 0.07174126503559447, 0.046150069552409786, 0.07532116848048441, 0.003641273218230914, 0.054721381229031994, 0.030030275754848214, 0.06499058996808772, 0.007671221667621308, 0.007466655756484739, 0.028332378692414697, 0.02156124703379429, 0.019126912691269128, 0.03209639145732755, 0.0077325914409622784, 0.03647410195565011, 0.010985189428033712, 0.04880942639718517, 0.012294411259307749, 0.0307462564438262, 0.04445217248997627, 0.026389002536617297, 0.02039522134031585, 0.002168398658047623, 0.006893871205302348, 0.006975697569756975, 0.013562719908354472, 0.01749038540217658, 0.015260616970787988, 0.005420996645119057, 0.0022297684313885933, 0.014115047868423205, 0.0014524179690696343, 0.015731118566402094, 0.026920873905572375, 0.008653138041076834, 0.0153015301530153, 0.008469028721053923, 0.05435316258898617, 0.05826037149169462, 0.03923574175599378, 0.09487766958514034, 0.027289092545618197, 0.09365027411832093, 0.10087145078144177, 0.1585181245397267, 0.1624048768513215, 0.01910645610015547
0.0306030603060306, 0.007446199165371083, 0.02027248179363391, 0.008612224858849521, 0.026982243678913345, 0.020313394975861224, 0.08524261517060797, 0.0795965960232387, 0.04257016610751984, 0.03641273218230914, 0.0056255625562556255, 0.030316668030439406, 0.07008428115538827, 0.13219049177645037, 0.07368464119139187, 0.02669585140332215, 0.0014115047868423205, 0.02262498977170444, 0.00842811553882661, 0.0063006300630063005, 0.01679486130431225, 0.020477047704770476, 0.0070166107519842895, 0.01769495131331315, 0.04590459045904591, 0.036249079453399884, 0.09054087226904509, 0.08526307176172163, 0.02585713116766222, 0.007364372800916456, 0.018574584731200394, 0.02947794779477948, 0.06842729727518207, 0.11046559201374682, 0.10023729645691842, 0.036555928320104736, 0.023402340234023402, 0.027043613452254315, 0.02810735619016447, 0.030991735537190084, 0.028966533016938058, 0.02966205711480239, 0.020047459291383685, 0.027575484821209393, 0.08964078226004418, 0.11586613206775223, 0.09622780459864168, 0.08552900744619917, 6.136977334097046e-5, 0.02051796088699779, 0.05871041649619507, 0.015772031748629407, 0.02522297684313886, 0.05259389575321168, 0.03659684150233205, 0.08305375992144669, 0.023259144096227806, 0.04469765158334015, 0.04498404385893135, 0.020231568611406594, 0.033098764421896736, 0.027227722772277228, 0.04291792815645201, 0.03706734309794616, 0.01935193519351935, 0.01485148514851485, 0.012089845348171181, 0.032812372146305537, 0.03925619834710744, 0.0024138777514115047, 0.03882660993372065, 0.019413304966860324, 0.0034776204893216594, 0.03604451354226332, 0.024916127976434006, 0.018513214957859424, 0.013030848539399394, 0.013992308321741266, 0.01041240487685132, 0.003641273218230914, 0.016119793797561573, 0.016488012437607398, 0.02612306685213976, 0.03191228213730464, 0.016897144259880533, 0.013337697406104247, 0.010391948285737664, 0.009369118730054823, 0.018247279273381885, 0.01112838556582931, 0.10751984289338025, 0.09643237050977825, 0.04482039113002209, 0.0748506668848703, 0.024077407740774076, 0.047622944112593074, 0.02612306685213976, 0.09324114229604778, 0.08820882088208822, 0.06650437771049832
0.00662793552082481, 0.0594059405940594, 0.010801080108010801, 0.044186236805498734, 0.0172449063088127, 0.009164552818918256, 0.0387038703870387, 0.027698224367891336, 0.018554128140086737, 0.029314295065870223, 0.0554782751002373, 0.033937484657556666, 0.00521643073398249, 0.032525979870714344, 0.12513296784223876, 0.03843793470256116, 0.04201783814745111, 0.07536208166271173, 0.031830455772850014, 0.02462973570084281, 0.01157843057032976, 0.04516815317895426, 0.009410031912282138, 0.030541690532689632, 0.04786842320595696, 0.002761639800343671, 0.013685459455036414, 0.0391334588004255, 0.04430897635218067, 0.020845266344816298, 0.00932820554782751, 0.0011251125112511251, 0.0019024629735700843, 0.01910645610015547, 0.02522297684313886, 0.002986662302593896, 0.008284919401031012, 0.019781523606906146, 0.012498977170444316, 0.004479993453890844, 0.03080762621716717, 0.01853367154897308, 0.008203093036576384, 0.014912854921855822, 0.020088372473610998, 0.007753048032075935, 0.0010023729645691841, 0.02276818590950004, 0.006832501431961378, 0.05588740692251043, 0.08843384338433843, 0.014340070370673431, 0.03911300220931184, 0.07626217167171262, 0.03166680304394076, 0.013439980361672531, 0.0019842893380247117, 0.04492267408559038, 0.021643073398248915, 0.067179445217249, 0.026736764585549463, 0.019065542917928155, 0.01820636609115457, 0.042672449063088126, 0.01969969724245152, 0.05441453236232714, 0.011169298748056625, 0.018840520415677933, 0.015772031748629407, 0.008734964405531462, 0.02616398003436707, 0.006832501431961378, 0.022440880451681532, 0.015260616970787988, 0.004745929138368382, 0.008898617134440717, 0.02947794779477948, 0.03328287374191965, 0.02798461664348253, 0.00791670076098519, 0.021602160216021602, 0.033221503968578675, 0.002761639800343671, 0.010698797152442516, 0.01415596105065052, 0.013521806726127157, 0.0054414532362327146, 0.00977825055232796, 0.026920873905572375, 0.004193601178299648, 0.02115211521152115, 0.0015751575157515751, 0.03843793470256116, 0.0536780950822355, 0.05032321413959578, 0.010657883970215203, 0.006832501431961378, 0.04786842320595696, 0.07714180508959986, 0.06040831355862859
