-8.64, -8.625, -8.6, -8.586, -8.64, -8.74, -8.88, -9.055, -9.23, -9.41, -9.586, -9.7, -9.72, -9.73, -9.7, -9.68, -9.56, -9.39, -9.24, -9.04, -8.805, -8.625, -8.51, -8.43, -8.26, -8.086, -7.953, -7.848, -7.84, -7.984, -8.19, -8.42, -8.64, -8.83, -8.97, -9.05, -9.07, -8.98, -8.87, -8.77, -8.74, -8.74, -8.766, -8.7, -8.63, -8.51, -8.34, -8.18, -8.05, -7.95, -7.902, -7.895, -7.895, -7.93, -7.957, -7.984, -7.98, -7.977, -7.93, -7.89, -7.824, -7.773, -7.72, -7.637, -7.492, -7.33, -7.22, -7.125, -7.105, -7.137, -7.242, -7.39, -7.54, -7.664, -7.773, -7.824, -7.9, -7.934, -7.95, -7.902, -7.863, -7.86, -7.836, -7.832, -7.805, -7.83, -7.887, -7.945, -8.05, -8.195, -8.32, -8.48, -8.664, -8.79, -8.88, -8.95, -8.98, -8.92, -8.83, -8.63, -8.49, -8.42, -8.36, -8.336, -8.39, -8.52, -8.7, -8.95, -9.24, -9.55, -9.875, -10.195, -10.484, -10.8, -10.93, -11.06, -11.164, -11.12, -10.984, -10.72, -10.375, -9.98, -9.57, -9.13, -8.84, -8.695, -8.55, -8.555, -8.54, -8.516, -8.5, -8.5, -8.5, -8.516, -8.57, -8.63, -8.734, -8.805, -8.836, -8.9, -8.92, -8.984, -8.98, -8.96, -8.93, -8.9, -8.9, -8.91, -8.91, -8.9, -8.93, -8.97, -9.03, -9.1, -9.17, -9.234, -9.29, -9.36, -9.43, -9.46, -9.5, -9.5, -9.5, -9.57, -9.58, -9.58, -9.555, -9.555, -9.52, -9.484, -9.46, -9.43, -9.375, -9.32, -9.31, -9.29, -9.266, -9.266, -9.3, -9.3, -9.31, -9.33, -9.33, -9.28, -9.234, -9.19, -9.11, -8.984, -8.91, -8.805, -8.78, -8.79, -8.805, -8.78, -8.66, -8.52, -8.41, -8.375, -8.46, -8.586
-7.043, -6.97, -6.844, -6.8, -6.953, -7.293, -7.84, -8.44, -9.05, -9.586, -10.06, -10.34, -10.516, -10.57, -10.55, -10.375, -10.086, -9.695, -9.16, -8.45, -7.723, -7.074, -6.586, -6.156, -5.668, -5.137, -4.676, -4.46, -4.652, -5.254, -6.027, -6.91, -7.746, -8.36, -8.75, -8.89, -8.78, -8.53, -8.23, -7.89, -7.637, -7.473, -7.312, -7.1, -6.76, -6.336, -5.79, -5.293, -4.91, -4.7, -4.66, -4.793, -5.03, -5.293, -5.543, -5.73, -5.84, -5.85, -5.766, -5.61, -5.383, -5.168, -4.914, -4.605, -4.184, -3.727, -3.373, -3.225, -3.328, -3.664, -4.145, -4.727, -5.27, -5.715, -6.07, -6.312, -6.45, -6.496, -6.457, -6.363, -6.26, -6.152, -6.082, -6.066, -6.11, -6.26, -6.49, -6.816, -7.254, -7.777, -8.3, -8.836, -9.36, -9.8, -10.125, -10.35, -10.39, -10.27, -9.94, -9.46, -9.01, -8.64, -8.39, -8.336, -8.516, -8.89, -9.445, -10.1, -10.914, -11.766, -12.61, -13.41, -14.13, -14.766, -15.27, -15.58, -15.734, -15.664, -15.33, -14.69, -13.76, -12.54, -11.13, -9.76, -8.59, -7.76, -7.24, -7.01, -6.926, -6.86, -6.76, -6.668, -6.676, -6.75, -6.957, -7.19, -7.395, -7.617, -7.824, -7.953, -8.086, -8.14, -8.13, -8.086, -7.99, -7.92, -7.812, -7.766, -7.73, -7.723, -7.78, -7.88, -8.03, -8.234, -8.42, -8.63, -8.77, -8.945, -9.055, -9.11, -9.14, -9.16, -9.17, -9.18, -9.125, -9.02, -8.89, -8.734, -8.555, -8.35, -8.18, -7.99, -7.844, -7.723, -7.64, -7.6, -7.613, -7.67, -7.74, -7.844, -7.96, -8.03, -8.07, -8.03, -7.92, -7.754, -7.49, -7.188, -6.973, -6.88, -6.934, -7.14, -7.37, -7.42, -7.234, -6.867, -6.57, -6.51, -6.7, -6.953
-4.46, -4.184, -3.959, -3.994, -4.383, -5.14, -6.176, -7.363, -8.53, -9.555, -10.4, -10.98, -11.3, -11.45, -11.44, -11.234, -10.9, -10.32, -9.41, -8.2, -6.816, -5.426, -4.258, -3.256, -2.248, -1.237, -0.4905, -0.348, -0.924, -2.127, -3.668, -5.336, -6.848, -7.98, -8.7, -8.96, -8.805, -8.3, -7.676, -7.004, -6.37, -5.848, -5.367, -4.832, -4.152, -3.322, -2.496, -1.777, -1.338, -1.258, -1.472, -1.912, -2.498, -3.105, -3.615, -3.986, -4.14, -4.05, -3.775, -3.305, -2.701, -2.092, -1.416, -0.659, 0.2157, 1.048, 1.588, 1.686, 1.31, 0.505, -0.562, -1.716, -2.752, -3.594, -4.188, -4.58, -4.8, -4.85, -4.766, -4.63, -4.46, -4.305, -4.227, -4.28, -4.453, -4.824, -5.344, -6.0, -6.805, -7.723, -8.63, -9.516, -10.4, -11.12, -11.65, -11.99, -12.05, -11.836, -11.336, -10.52, -9.58, -8.734, -8.12, -7.863, -8.055, -8.66, -9.53, -10.69, -12.016, -13.37, -14.74, -16.05, -17.23, -18.23, -19.11, -19.78, -20.17, -20.27, -20.05, -19.47, -18.31, -16.48, -14.2, -11.625, -9.19, -7.207, -5.867, -5.133, -4.746, -4.527, -4.33, -4.18, -4.19, -4.39, -4.777, -5.207, -5.65, -6.062, -6.418, -6.684, -6.93, -7.04, -7.05, -6.95, -6.805, -6.637, -6.477, -6.31, -6.176, -6.12, -6.195, -6.32, -6.586, -6.91, -7.26, -7.656, -7.95, -8.21, -8.35, -8.445, -8.516, -8.52, -8.45, -8.305, -8.14, -7.9, -7.613, -7.273, -6.895, -6.547, -6.25, -5.973, -5.79, -5.656, -5.625, -5.656, -5.78, -5.953, -6.188, -6.44, -6.656, -6.82, -6.895, -6.83, -6.594, -6.207, -5.637, -5.06, -4.664, -4.56, -4.78, -5.27, -5.75, -5.938, -5.68, -5.094, -4.48, -4.242, -4.35, -4.496
-1.047, -0.5386, -0.327, -0.55, -1.295, -2.5, -4.04, -5.8, -7.508, -8.99, -10.19, -11.03, -11.53, -11.73, -11.734, -11.61, -11.33, -10.766, -9.766, -8.266, -6.316, -4.16, -2.174, -0.4177, 1.172, 2.553, 3.46, 3.465, 2.498, 0.7065, -1.515, -3.861, -5.984, -7.66, -8.77, -9.24, -9.14, -8.53, -7.574, -6.49, -5.41, -4.426, -3.49, -2.576, -1.57, -0.5073, 0.4465, 1.099, 1.352, 1.093, 0.4688, -0.3948, -1.389, -2.3, -3.012, -3.52, -3.664, -3.414, -2.854, -1.873, -0.676, 0.6206, 1.945, 3.287, 4.645, 5.793, 6.453, 6.402, 5.59, 4.25, 2.588, 0.8726, -0.6797, -1.881, -2.76, -3.31, -3.602, -3.674, -3.566, -3.377, -3.2, -3.037, -3.03, -3.21, -3.54, -4.094, -4.844, -5.797, -6.9, -8.1, -9.26, -10.375, -11.4, -12.26, -12.836, -13.17, -13.21, -12.89, -12.07, -10.82, -9.3, -7.89, -6.875, -6.484, -6.742, -7.63, -8.95, -10.52, -12.305, -14.11, -15.84, -17.48, -19.02, -20.31, -21.47, -22.34, -23.02, -23.4, -23.47, -23.11, -22.11, -20.33, -17.77, -14.46, -10.836, -7.56, -5.0, -3.41, -2.537, -2.121, -1.8125, -1.649, -1.67, -1.955, -2.447, -3.088, -3.72, -4.324, -4.836, -5.273, -5.613, -5.855, -5.957, -5.906, -5.742, -5.48, -5.227, -4.957, -4.72, -4.562, -4.562, -4.676, -4.965, -5.348, -5.832, -6.363, -6.793, -7.16, -7.348, -7.47, -7.508, -7.46, -7.297, -7.004, -6.676, -6.246, -5.78, -5.33, -4.867, -4.453, -4.125, -3.916, -3.826, -3.81, -3.93, -4.13, -4.426, -4.734, -5.117, -5.496, -5.785, -5.97, -5.977, -5.785, -5.312, -4.586, -3.66, -2.764, -2.176, -2.074, -2.498, -3.264, -4.01, -4.402, -4.176, -3.346, -2.395, -1.8125, -1.597, -1.438
2.82, 3.502, 3.723, 3.33, 2.297, 0.6777, -1.415, -3.705, -5.91, -7.855, -9.375, -10.45, -11.01, -11.25, -11.29, -11.22, -11.016, -10.58, -9.71, -8.26, -6.074, -3.406, -0.621, 1.892, 4.086, 5.785, 6.836, 6.793, 5.594, 3.44, 0.6665, -2.246, -4.93, -7.117, -8.63, -9.46, -9.51, -8.96, -7.906, -6.555, -5.082, -3.64, -2.242, -0.964, 0.279, 1.411, 2.314, 2.758, 2.688, 2.082, 1.075, -0.1367, -1.393, -2.555, -3.498, -4.117, -4.305, -3.941, -3.043, -1.541, 0.3525, 2.54, 4.637, 6.707, 8.55, 10.0, 10.69, 10.414, 9.18, 7.29, 5.062, 2.809, 0.8647, -0.6787, -1.832, -2.566, -2.97, -3.105, -3.043, -2.877, -2.701, -2.596, -2.656, -2.904, -3.354, -4.027, -4.938, -6.09, -7.37, -8.68, -9.98, -11.195, -12.23, -13.04, -13.51, -13.695, -13.52, -12.89, -11.625, -9.805, -7.684, -5.79, -4.582, -4.316, -4.94, -6.3, -8.08, -10.14, -12.28, -14.43, -16.47, -18.33, -20.02, -21.48, -22.75, -23.7, -24.45, -24.98, -25.2, -25.1, -24.5, -23.16, -20.78, -17.33, -13.055, -8.664, -4.883, -2.197, -0.617, 0.1313, 0.6167, 0.869, 0.8726, 0.5073, -0.03726, -0.7983, -1.533, -2.25, -2.879, -3.463, -3.96, -4.37, -4.633, -4.707, -4.668, -4.473, -4.195, -3.88, -3.54, -3.281, -3.129, -3.125, -3.32, -3.72, -4.24, -4.816, -5.297, -5.703, -5.99, -6.113, -6.086, -5.98, -5.688, -5.297, -4.816, -4.297, -3.744, -3.232, -2.803, -2.47, -2.273, -2.215, -2.287, -2.455, -2.77, -3.148, -3.574, -3.99, -4.465, -4.902, -5.21, -5.32, -5.168, -4.75, -3.95, -2.787, -1.503, -0.3706, 0.3103, 0.307, -0.3174, -1.328, -2.297, -2.838, -2.592, -1.583, -0.2954, 0.7217, 1.428, 2.055
6.824, 7.715, 7.99, 7.516, 6.312, 4.348, 1.8, -1.005, -3.785, -6.24, -8.12, -9.36, -10.02, -10.266, -10.266, -10.14, -9.97, -9.734, -9.17, -7.957, -5.902, -3.02, 0.2976, 3.498, 6.254, 8.37, 9.62, 9.71, 8.53, 6.188, 3.045, -0.328, -3.535, -6.23, -8.21, -9.37, -9.72, -9.375, -8.414, -7.01, -5.312, -3.58, -1.874, -0.3145, 1.074, 2.201, 2.947, 3.148, 2.771, 1.893, 0.668, -0.744, -2.145, -3.486, -4.656, -5.434, -5.67, -5.24, -4.023, -2.055, 0.5464, 3.578, 6.535, 9.34, 11.7, 13.48, 14.17, 13.7, 12.08, 9.66, 6.91, 4.23, 1.902, 0.09247, -1.275, -2.209, -2.744, -2.996, -3.021, -2.95, -2.83, -2.8, -2.904, -3.178, -3.701, -4.457, -5.457, -6.66, -8.01, -9.35, -10.67, -11.88, -12.836, -13.484, -13.75, -13.625, -13.11, -11.96, -10.09, -7.613, -4.94, -2.848, -1.813, -1.954, -3.115, -4.98, -7.234, -9.664, -12.125, -14.516, -16.77, -18.83, -20.6, -22.22, -23.45, -24.48, -25.16, -25.61, -25.89, -25.94, -25.58, -24.69, -22.78, -19.58, -15.28, -10.23, -5.402, -1.584, 0.891, 2.193, 2.89, 3.271, 3.354, 3.111, 2.602, 1.93, 1.224, 0.5186, -0.2181, -0.935, -1.637, -2.291, -2.809, -3.137, -3.332, -3.348, -3.246, -3.006, -2.637, -2.297, -2.016, -1.881, -1.89, -2.174, -2.594, -3.09, -3.6, -3.998, -4.297, -4.38, -4.31, -4.12, -3.777, -3.332, -2.795, -2.285, -1.764, -1.315, -1.025, -0.867, -0.8574, -0.986, -1.222, -1.579, -2.035, -2.521, -3.031, -3.545, -4.05, -4.465, -4.73, -4.71, -4.336, -3.604, -2.459, -0.9556, 0.606, 1.858, 2.484, 2.346, 1.546, 0.418, -0.6753, -1.286, -1.028, 0.1492, 1.772, 3.316, 4.58, 5.723
10.8, 11.914, 12.3, 11.85, 10.51, 8.28, 5.36, 2.066, -1.232, -4.21, -6.53, -8.055, -8.86, -9.086, -9.016, -8.836, -8.65, -8.49, -8.17, -7.3, -5.566, -2.793, 0.7075, 4.39, 7.7, 10.3, 11.92, 12.3, 11.266, 8.93, 5.598, 1.876, -1.758, -4.9, -7.32, -8.88, -9.6, -9.555, -8.805, -7.562, -5.914, -4.11, -2.285, -0.621, 0.8145, 1.856, 2.455, 2.504, 1.962, 0.9683, -0.3384, -1.848, -3.412, -4.95, -6.285, -7.22, -7.53, -7.0, -5.516, -3.145, 0.1241, 3.893, 7.77, 11.32, 14.24, 16.2, 16.97, 16.27, 14.305, 11.45, 8.305, 5.29, 2.674, 0.631, -0.9097, -2.012, -2.693, -3.086, -3.248, -3.312, -3.318, -3.371, -3.518, -3.873, -4.45, -5.21, -6.21, -7.41, -8.75, -10.12, -11.39, -12.48, -13.32, -13.73, -13.72, -13.25, -12.195, -10.414, -7.836, -4.766, -1.817, 0.2097, 0.844, 0.1918, -1.434, -3.697, -6.32, -9.055, -11.8, -14.38, -16.78, -18.98, -20.88, -22.52, -23.84, -24.88, -25.5, -25.89, -26.05, -26.05, -25.81, -25.17, -23.69, -21.11, -17.08, -11.83, -6.35, -1.554, 1.8955, 3.947, 5.05, 5.66, 5.97, 6.01, 5.73, 5.297, 4.695, 4.086, 3.326, 2.486, 1.611, 0.7036, -0.1346, -0.868, -1.477, -1.873, -2.066, -2.037, -1.839, -1.55, -1.207, -0.9355, -0.7275, -0.7725, -0.9956, -1.309, -1.747, -2.096, -2.334, -2.37, -2.318, -2.11, -1.76, -1.343, -0.868, -0.439, -0.04324, 0.2407, 0.3625, 0.328, 0.1483, -0.1481, -0.523, -1.016, -1.555, -2.107, -2.652, -3.197, -3.715, -4.11, -4.316, -4.15, -3.557, -2.521, -1.061, 0.677, 2.377, 3.629, 4.15, 3.883, 3.002, 1.845, 0.766, 0.1825, 0.5137, 1.86, 3.82, 5.836, 7.637, 9.3
14.46, 15.85, 16.4, 16.02, 14.63, 12.22, 8.984, 5.246, 1.428, -2.018, -4.746, -6.605, -7.64, -7.945, -7.84, -7.6, -7.344, -7.16, -6.938, -6.35, -5.055, -2.662, 0.7173, 4.64, 8.43, 11.53, 13.66, 14.49, 13.82, 11.62, 8.27, 4.348, 0.3948, -3.12, -5.984, -7.95, -9.08, -9.38, -8.94, -7.945, -6.52, -4.867, -3.156, -1.567, -0.2183, 0.746, 1.235, 1.217, 0.662, -0.3203, -1.647, -3.225, -4.95, -6.69, -8.234, -9.36, -9.72, -9.08, -7.363, -4.5, -0.6934, 3.8, 8.45, 12.73, 16.2, 18.44, 19.19, 18.31, 16.05, 12.875, 9.47, 6.258, 3.44, 1.142, -0.5645, -1.8545, -2.707, -3.264, -3.588, -3.799, -3.934, -4.08, -4.33, -4.754, -5.37, -6.152, -7.137, -8.3, -9.57, -10.88, -12.08, -13.055, -13.734, -13.945, -13.63, -12.74, -11.164, -8.75, -5.54, -2.008, 1.093, 2.92, 3.184, 2.148, 0.1761, -2.38, -5.29, -8.305, -11.29, -14.07, -16.6, -18.9, -20.9, -22.56, -23.88, -24.89, -25.56, -25.89, -25.94, -25.81, -25.55, -24.98, -23.89, -21.77, -18.25, -13.29, -7.543, -1.964, 2.467, 5.348, 7.047, 8.02, 8.71, 9.13, 9.234, 9.2, 8.94, 8.55, 7.9, 7.04, 6.05, 4.844, 3.635, 2.39, 1.276, 0.311, -0.3892, -0.807, -0.9517, -0.867, -0.6055, -0.2607, 0.1142, 0.3728, 0.4167, 0.3123, 0.087, -0.09674, -0.2434, -0.3027, -0.2356, -0.0742, 0.1548, 0.4717, 0.8145, 1.094, 1.303, 1.392, 1.33, 1.135, 0.8, 0.3582, -0.1371, -0.687, -1.246, -1.827, -2.389, -2.967, -3.48, -3.846, -3.97, -3.682, -2.93, -1.678, -0.005573, 1.871, 3.607, 4.812, 5.25, 4.945, 4.12, 3.07, 2.084, 1.576, 1.979, 3.42, 5.613, 8.086, 10.4, 12.59
17.5, 19.2, 20.05, 19.73, 18.39, 15.92, 12.45, 8.36, 4.13, 0.2184, -2.963, -5.184, -6.496, -6.98, -6.88, -6.582, -6.234, -5.996, -5.77, -5.375, -4.426, -2.508, 0.4844, 4.383, 8.44, 12.09, 14.79, 16.19, 16.05, 14.19, 10.98, 6.996, 2.807, -1.0205, -4.27, -6.637, -8.14, -8.81, -8.75, -8.05, -6.95, -5.58, -4.098, -2.672, -1.503, -0.6387, -0.2139, -0.2422, -0.746, -1.668, -2.998, -4.68, -6.6, -8.59, -10.33, -11.555, -11.945, -11.18, -9.18, -5.906, -1.581, 3.545, 8.92, 13.875, 17.83, 20.28, 21.06, 20.03, 17.58, 14.3, 10.78, 7.387, 4.375, 1.783, -0.2015, -1.715, -2.73, -3.434, -3.938, -4.29, -4.582, -4.883, -5.273, -5.785, -6.426, -7.246, -8.22, -9.3, -10.51, -11.73, -12.805, -13.66, -14.21, -14.26, -13.734, -12.484, -10.414, -7.508, -3.814, 0.0812, 3.258, 4.98, 5.11, 3.871, 1.703, -1.087, -4.27, -7.51, -10.68, -13.62, -16.3, -18.66, -20.7, -22.42, -23.73, -24.78, -25.44, -25.69, -25.66, -25.38, -24.98, -24.39, -23.45, -21.73, -18.78, -14.28, -8.625, -2.557, 2.69, 6.47, 8.875, 10.41, 11.52, 12.51, 13.17, 13.65, 13.875, 13.79, 13.42, 12.64, 11.57, 10.15, 8.516, 6.77, 5.023, 3.438, 2.031, 0.9556, 0.2686, -0.01389, -0.0098, 0.2678, 0.687, 1.152, 1.499, 1.723, 1.77, 1.763, 1.752, 1.702, 1.74, 1.818, 1.919, 2.037, 2.191, 2.246, 2.256, 2.176, 1.952, 1.589, 1.133, 0.6, 0.03726, -0.5234, -1.116, -1.703, -2.266, -2.852, -3.365, -3.684, -3.725, -3.338, -2.484, -1.13, 0.6187, 2.531, 4.21, 5.363, 5.816, 5.625, 4.977, 4.11, 3.28, 2.834, 3.225, 4.684, 7.043, 9.86, 12.66, 15.266
19.86, 21.86, 22.95, 22.86, 21.58, 19.08, 15.52, 11.195, 6.637, 2.36, -1.183, -3.787, -5.43, -6.156, -6.18, -5.875, -5.434, -5.07, -4.816, -4.47, -3.773, -2.303, 0.1877, 3.748, 7.88, 11.945, 15.28, 17.34, 17.84, 16.53, 13.62, 9.76, 5.54, 1.46, -2.129, -4.914, -6.84, -7.89, -8.2, -7.86, -7.04, -5.977, -4.78, -3.61, -2.596, -1.845, -1.451, -1.473, -1.93, -2.852, -4.273, -6.117, -8.24, -10.4, -12.25, -13.5, -13.78, -12.88, -10.65, -7.027, -2.25, 3.396, 9.39, 14.914, 19.31, 22.03, 22.77, 21.66, 19.22, 15.98, 12.44, 8.9, 5.555, 2.617, 0.2974, -1.49, -2.736, -3.594, -4.246, -4.78, -5.277, -5.742, -6.266, -6.87, -7.56, -8.38, -9.35, -10.38, -11.49, -12.59, -13.59, -14.35, -14.8, -14.73, -14.016, -12.5, -10.15, -6.91, -2.92, 1.184, 4.49, 6.332, 6.504, 5.227, 2.953, 0.02495, -3.326, -6.742, -10.07, -13.16, -15.93, -18.36, -20.44, -22.2, -23.53, -24.58, -25.19, -25.34, -25.23, -24.8, -24.31, -23.58, -22.66, -21.16, -18.7, -14.79, -9.48, -3.383, 2.453, 7.137, 10.39, 12.58, 14.31, 15.9, 17.27, 18.44, 19.16, 19.61, 19.55, 19.03, 17.94, 16.39, 14.47, 12.24, 9.84, 7.52, 5.387, 3.541, 2.148, 1.189, 0.749, 0.7544, 1.094, 1.645, 2.213, 2.758, 3.113, 3.336, 3.455, 3.465, 3.465, 3.436, 3.365, 3.31, 3.266, 3.123, 2.908, 2.63, 2.258, 1.783, 1.234, 0.656, 0.05032, -0.4934, -1.067, -1.668, -2.248, -2.814, -3.29, -3.564, -3.562, -3.154, -2.28, -0.9126, 0.8037, 2.65, 4.29, 5.43, 5.973, 5.957, 5.55, 4.95, 4.316, 3.94, 4.246, 5.598, 7.996, 11.01, 14.17, 17.2
21.23, 23.64, 25.06, 25.19, 24.03, 21.61, 17.95, 13.52, 8.74, 4.21, 0.3308, -2.559, -4.47, -5.41, -5.59, -5.33, -4.867, -4.43, -4.09, -3.725, -3.174, -2.111, -0.1146, 2.98, 6.93, 11.195, 15.05, 17.86, 19.12, 18.52, 16.16, 12.586, 8.44, 4.273, 0.4534, -2.707, -5.113, -6.637, -7.348, -7.348, -6.844, -6.06, -5.09, -4.16, -3.314, -2.654, -2.312, -2.344, -2.834, -3.867, -5.434, -7.418, -9.64, -11.81, -13.586, -14.72, -14.92, -13.875, -11.445, -7.55, -2.424, 3.648, 10.086, 16.05, 20.77, 23.67, 24.45, 23.42, 21.14, 18.12, 14.61, 10.83, 7.094, 3.695, 0.93, -1.17, -2.703, -3.758, -4.586, -5.27, -5.91, -6.566, -7.227, -7.91, -8.69, -9.54, -10.48, -11.484, -12.54, -13.57, -14.48, -15.18, -15.52, -15.38, -14.62, -13.016, -10.54, -7.152, -3.043, 1.187, 4.715, 6.79, 7.164, 6.08, 3.854, 0.8853, -2.512, -6.04, -9.5, -12.66, -15.5, -17.95, -20.11, -21.89, -23.3, -24.33, -24.88, -25.05, -24.84, -24.33, -23.62, -22.72, -21.7, -20.31, -18.22, -14.89, -10.13, -4.203, 1.958, 7.418, 11.49, 14.42, 16.86, 19.12, 21.27, 23.16, 24.52, 25.58, 25.95, 25.7, 24.77, 23.14, 21.02, 18.4, 15.52, 12.47, 9.55, 6.895, 4.72, 3.0, 1.921, 1.429, 1.45, 1.931, 2.586, 3.334, 3.96, 4.434, 4.723, 4.83, 4.82, 4.727, 4.49, 4.254, 4.027, 3.705, 3.309, 2.871, 2.36, 1.772, 1.162, 0.57, -0.02779, -0.5693, -1.131, -1.697, -2.268, -2.818, -3.27, -3.52, -3.5, -3.098, -2.232, -0.9316, 0.669, 2.412, 4.02, 5.184, 5.855, 6.06, 5.895, 5.55, 5.098, 4.773, 4.99, 6.168, 8.4, 11.445, 14.87, 18.2
21.7, 24.45, 26.17, 26.53, 25.56, 23.2, 19.66, 15.17, 10.35, 5.652, 1.6045, -1.517, -3.648, -4.78, -5.113, -4.945, -4.477, -4.0, -3.582, -3.178, -2.703, -1.882, -0.3572, 2.166, 5.734, 9.97, 14.18, 17.69, 19.8, 20.05, 18.45, 15.375, 11.48, 7.34, 3.336, -0.1659, -3.006, -5.004, -6.176, -6.574, -6.387, -5.863, -5.145, -4.332, -3.639, -3.121, -2.86, -2.965, -3.559, -4.734, -6.418, -8.414, -10.54, -12.51, -14.07, -15.03, -15.06, -13.94, -11.42, -7.344, -1.892, 4.473, 11.234, 17.5, 22.45, 25.39, 26.31, 25.44, 23.52, 20.73, 17.12, 13.12, 8.9, 5.02, 1.751, -0.758, -2.576, -3.861, -4.855, -5.68, -6.46, -7.266, -8.07, -8.89, -9.74, -10.63, -11.58, -12.56, -13.555, -14.56, -15.44, -16.1, -16.45, -16.31, -15.49, -13.914, -11.43, -8.09, -4.02, 0.2358, 3.898, 6.316, 7.105, 6.355, 4.383, 1.499, -1.85, -5.4, -8.94, -12.18, -15.03, -17.55, -19.73, -21.56, -22.98, -24.06, -24.58, -24.72, -24.48, -23.92, -23.0, -21.97, -20.84, -19.42, -17.53, -14.67, -10.53, -5.047, 1.138, 7.176, 12.15, 15.94, 19.06, 22.03, 24.84, 27.45, 29.62, 31.17, 32.03, 32.16, 31.39, 29.92, 27.7, 24.84, 21.55, 17.94, 14.32, 10.85, 7.855, 5.34, 3.594, 2.443, 1.978, 2.117, 2.705, 3.523, 4.35, 5.035, 5.504, 5.72, 5.758, 5.594, 5.258, 4.855, 4.477, 4.01, 3.5, 2.924, 2.322, 1.658, 1.014, 0.4165, -0.1553, -0.677, -1.214, -1.762, -2.336, -2.885, -3.324, -3.574, -3.535, -3.14, -2.314, -1.11, 0.384, 2.004, 3.559, 4.76, 5.574, 5.98, 6.05, 5.918, 5.645, 5.37, 5.473, 6.395, 8.38, 11.25, 14.74, 18.36
21.17, 24.25, 26.23, 26.94, 26.12, 23.92, 20.48, 16.11, 11.29, 6.64, 2.54, -0.677, -2.945, -4.246, -4.727, -4.637, -4.215, -3.729, -3.264, -2.855, -2.42, -1.732, -0.5254, 1.501, 4.53, 8.484, 12.84, 16.88, 19.84, 21.1, 20.42, 17.98, 14.586, 10.6, 6.586, 2.816, -0.4065, -2.918, -4.62, -5.535, -5.773, -5.547, -5.066, -4.418, -3.814, -3.41, -3.252, -3.482, -4.19, -5.43, -7.08, -8.9, -10.75, -12.34, -13.62, -14.34, -14.24, -13.01, -10.43, -6.195, -0.682, 5.91, 12.85, 19.2, 24.2, 27.25, 28.25, 27.8, 26.19, 23.64, 19.98, 15.66, 11.055, 6.637, 2.836, -0.1749, -2.367, -3.867, -4.996, -5.97, -6.89, -7.84, -8.79, -9.75, -10.695, -11.664, -12.66, -13.664, -14.65, -15.61, -16.52, -17.17, -17.53, -17.4, -16.64, -15.16, -12.77, -9.56, -5.668, -1.484, 2.326, 5.074, 6.36, 6.113, 4.527, 1.899, -1.361, -4.945, -8.47, -11.7, -14.6, -17.16, -19.36, -21.22, -22.72, -23.78, -24.38, -24.52, -24.2, -23.56, -22.6, -21.4, -20.05, -18.58, -16.77, -14.33, -10.73, -5.797, 0.2202, 6.543, 12.26, 16.83, 20.7, 24.28, 27.8, 31.06, 33.78, 35.88, 37.25, 37.72, 37.25, 35.97, 33.9, 31.0, 27.5, 23.44, 19.3, 15.13, 11.42, 8.195, 5.656, 3.816, 2.785, 2.48, 2.795, 3.516, 4.367, 5.156, 5.81, 6.14, 6.215, 6.016, 5.668, 5.18, 4.695, 4.12, 3.512, 2.838, 2.18, 1.484, 0.8237, 0.2576, -0.267, -0.7554, -1.275, -1.812, -2.373, -2.943, -3.42, -3.676, -3.65, -3.26, -2.49, -1.393, -0.007507, 1.526, 3.031, 4.31, 5.25, 5.824, 6.09, 6.125, 5.977, 5.77, 5.793, 6.426, 7.965, 10.47, 13.82, 17.55
19.73, 23.06, 25.36, 26.25, 25.72, 23.73, 20.47, 16.27, 11.6, 7.1, 3.125, -0.09393, -2.408, -3.807, -4.375, -4.375, -4.027, -3.586, -3.102, -2.674, -2.25, -1.699, -0.752, 0.858, 3.412, 6.945, 11.23, 15.63, 19.3, 21.6, 21.92, 20.44, 17.58, 14.01, 10.07, 6.145, 2.562, -0.404, -2.666, -4.133, -4.9, -5.098, -4.9, -4.492, -4.055, -3.74, -3.678, -3.965, -4.67, -5.83, -7.3, -8.83, -10.24, -11.41, -12.336, -12.81, -12.56, -11.24, -8.516, -4.29, 1.297, 7.96, 14.91, 21.27, 26.19, 29.2, 30.42, 30.3, 29.02, 26.58, 22.88, 18.31, 13.31, 8.46, 4.12, 0.5913, -1.989, -3.771, -5.074, -6.137, -7.176, -8.266, -9.35, -10.43, -11.516, -12.59, -13.68, -14.74, -15.79, -16.78, -17.7, -18.36, -18.73, -18.66, -17.95, -16.53, -14.3, -11.26, -7.586, -3.523, 0.3794, 3.443, 5.207, 5.516, 4.375, 2.076, -1.049, -4.55, -8.055, -11.33, -14.21, -16.78, -19.0, -20.88, -22.4, -23.5, -24.17, -24.36, -24.1, -23.38, -22.33, -21.05, -19.53, -17.97, -16.2, -14.0, -10.89, -6.56, -0.9775, 5.37, 11.586, 17.06, 21.58, 25.67, 29.67, 33.47, 36.8, 39.4, 41.16, 41.97, 41.84, 40.8, 38.97, 36.28, 32.75, 28.61, 24.0, 19.39, 15.055, 11.195, 8.02, 5.582, 3.91, 3.06, 2.959, 3.477, 4.242, 5.027, 5.734, 6.17, 6.285, 6.125, 5.785, 5.3, 4.773, 4.15, 3.418, 2.682, 1.968, 1.29, 0.6777, 0.1615, -0.342, -0.7993, -1.276, -1.814, -2.385, -2.979, -3.488, -3.775, -3.775, -3.465, -2.756, -1.727, -0.4255, 1.028, 2.523, 3.857, 4.914, 5.63, 6.023, 6.18, 6.15, 5.984, 5.934, 6.277, 7.355, 9.41, 12.38, 16.0
17.6, 21.02, 23.48, 24.66, 24.34, 22.62, 19.58, 15.63, 11.29, 7.082, 3.305, 0.1973, -2.066, -3.46, -4.08, -4.152, -3.885, -3.463, -2.99, -2.605, -2.229, -1.766, -1.007, 0.3093, 2.414, 5.48, 9.48, 14.02, 18.31, 21.52, 22.98, 22.48, 20.48, 17.36, 13.68, 9.78, 5.9, 2.502, -0.3354, -2.38, -3.72, -4.41, -4.59, -4.484, -4.258, -4.062, -4.062, -4.363, -5.0, -5.945, -7.082, -8.164, -9.09, -9.85, -10.43, -10.67, -10.234, -8.74, -5.957, -1.667, 3.941, 10.48, 17.3, 23.48, 28.2, 31.14, 32.53, 32.7, 31.66, 29.27, 25.56, 20.81, 15.555, 10.27, 5.426, 1.46, -1.5, -3.57, -5.0, -6.184, -7.344, -8.52, -9.76, -11.01, -12.24, -13.46, -14.664, -15.805, -16.94, -17.97, -18.9, -19.61, -19.98, -19.94, -19.27, -17.92, -15.836, -12.98, -9.445, -5.535, -1.606, 1.741, 3.955, 4.79, 4.15, 2.145, -0.83, -4.273, -7.754, -11.0, -13.87, -16.4, -18.67, -20.53, -22.08, -23.28, -24.02, -24.25, -24.02, -23.34, -22.28, -20.94, -19.34, -17.62, -15.78, -13.72, -11.016, -7.258, -2.271, 3.795, 10.305, 16.4, 21.72, 26.34, 30.61, 34.75, 38.5, 41.5, 43.6, 44.72, 44.9, 44.28, 42.72, 40.3, 37.06, 32.94, 28.27, 23.27, 18.52, 14.18, 10.51, 7.53, 5.35, 4.004, 3.422, 3.574, 4.168, 4.86, 5.543, 6.008, 6.164, 6.098, 5.793, 5.336, 4.77, 4.082, 3.307, 2.535, 1.82, 1.185, 0.614, 0.1461, -0.313, -0.762, -1.248, -1.788, -2.383, -2.982, -3.527, -3.854, -3.898, -3.639, -3.002, -2.07, -0.8086, 0.6333, 2.13, 3.516, 4.645, 5.457, 5.957, 6.188, 6.164, 6.027, 5.914, 6.03, 6.668, 8.16, 10.61, 13.93
15.09, 18.42, 20.95, 22.23, 22.19, 20.69, 17.97, 14.41, 10.5, 6.66, 3.203, 0.3115, -1.859, -3.215, -3.834, -3.95, -3.72, -3.32, -2.92, -2.58, -2.26, -1.905, -1.325, -0.275, 1.435, 4.086, 7.8, 12.305, 16.97, 21.03, 23.53, 24.22, 23.05, 20.7, 17.36, 13.53, 9.516, 5.785, 2.44, -0.1959, -2.123, -3.379, -4.06, -4.305, -4.312, -4.26, -4.297, -4.54, -5.0, -5.676, -6.402, -7.0, -7.453, -7.84, -8.06, -8.06, -7.418, -5.777, -2.84, 1.474, 7.008, 13.41, 19.88, 25.7, 30.16, 32.97, 34.4, 34.75, 33.88, 31.5, 27.73, 22.92, 17.45, 11.9, 6.69, 2.303, -0.9985, -3.326, -4.902, -6.15, -7.39, -8.7, -10.11, -11.516, -12.89, -14.25, -15.56, -16.81, -18.0, -19.16, -20.12, -20.83, -21.23, -21.14, -20.52, -19.19, -17.16, -14.43, -11.055, -7.227, -3.266, 0.2837, 2.863, 4.145, 3.873, 2.139, -0.702, -4.082, -7.523, -10.71, -13.56, -16.1, -18.31, -20.2, -21.83, -23.08, -23.84, -24.2, -24.05, -23.42, -22.36, -20.98, -19.33, -17.52, -15.57, -13.55, -11.13, -7.957, -3.719, 1.865, 8.234, 14.77, 20.78, 26.06, 30.69, 34.97, 38.84, 42.12, 44.53, 45.9, 46.56, 46.16, 45.0, 42.97, 40.1, 36.25, 31.53, 26.5, 21.47, 16.89, 12.95, 9.66, 7.043, 5.258, 4.297, 4.062, 4.363, 4.887, 5.47, 5.89, 6.08, 6.09, 5.832, 5.37, 4.785, 4.08, 3.297, 2.523, 1.838, 1.24, 0.7085, 0.2715, -0.1759, -0.6255, -1.1455, -1.72, -2.365, -3.012, -3.566, -3.908, -4.023, -3.812, -3.217, -2.328, -1.104, 0.3264, 1.837, 3.268, 4.465, 5.336, 5.89, 6.13, 6.09, 5.914, 5.734, 5.68, 6.01, 6.984, 8.87, 11.7
12.516, 15.54, 18.0, 19.36, 19.44, 18.2, 15.875, 12.79, 9.336, 5.95, 2.844, 0.2108, -1.78, -3.047, -3.668, -3.783, -3.584, -3.219, -2.855, -2.562, -2.33, -2.105, -1.719, -0.93, 0.5127, 2.863, 6.23, 10.56, 15.43, 20.11, 23.66, 25.45, 25.42, 23.72, 20.94, 17.3, 13.31, 9.305, 5.566, 2.38, -0.147, -1.949, -3.15, -3.793, -4.082, -4.2, -4.273, -4.438, -4.71, -5.074, -5.395, -5.523, -5.52, -5.52, -5.48, -5.18, -4.266, -2.416, 0.6, 4.89, 10.31, 16.34, 22.42, 27.78, 31.77, 34.44, 35.9, 36.3, 35.4, 33.0, 29.27, 24.39, 18.88, 13.125, 7.625, 2.951, -0.5967, -3.092, -4.805, -6.14, -7.418, -8.81, -10.37, -11.94, -13.47, -14.98, -16.44, -17.81, -19.14, -20.33, -21.31, -22.02, -22.4, -22.3, -21.55, -20.23, -18.22, -15.5, -12.18, -8.4, -4.438, -0.7393, 2.135, 3.697, 3.686, 2.115, -0.6255, -3.97, -7.348, -10.484, -13.3, -15.77, -17.95, -19.89, -21.55, -22.88, -23.73, -24.2, -24.12, -23.61, -22.56, -21.23, -19.53, -17.64, -15.625, -13.6, -11.35, -8.66, -5.043, -0.2472, 5.758, 12.33, 18.84, 24.66, 29.75, 34.2, 38.16, 41.56, 44.22, 45.9, 46.88, 46.88, 45.97, 44.28, 41.66, 38.16, 33.7, 28.78, 23.77, 19.2, 15.17, 11.76, 8.945, 6.785, 5.508, 4.977, 4.977, 5.285, 5.734, 6.105, 6.28, 6.27, 6.008, 5.543, 4.938, 4.242, 3.5, 2.773, 2.104, 1.511, 0.979, 0.5444, 0.08887, -0.3943, -0.9785, -1.62, -2.309, -2.98, -3.594, -4.004, -4.156, -3.967, -3.396, -2.504, -1.274, 0.1627, 1.695, 3.166, 4.4, 5.297, 5.848, 6.035, 5.938, 5.727, 5.477, 5.336, 5.434, 5.984, 7.316, 9.59
10.195, 12.79, 14.96, 16.22, 16.39, 15.41, 13.46, 10.9, 8.0, 5.09, 2.352, -0.02472, -1.811, -2.973, -3.535, -3.627, -3.46, -3.123, -2.793, -2.566, -2.41, -2.314, -2.121, -1.57, -0.4175, 1.619, 4.684, 8.83, 13.79, 18.94, 23.34, 26.22, 27.25, 26.47, 24.28, 21.02, 17.12, 12.98, 8.85, 5.207, 2.143, -0.2252, -1.909, -2.984, -3.564, -3.834, -3.97, -4.055, -4.145, -4.22, -4.18, -3.918, -3.516, -3.09, -2.697, -2.13, -0.9463, 1.074, 4.152, 8.375, 13.55, 19.16, 24.66, 29.44, 33.1, 35.44, 36.84, 37.12, 36.22, 33.78, 30.03, 25.17, 19.6, 13.78, 8.195, 3.338, -0.4001, -2.965, -4.703, -6.086, -7.42, -8.88, -10.55, -12.29, -14.016, -15.7, -17.27, -18.75, -20.16, -21.44, -22.42, -23.14, -23.42, -23.22, -22.38, -20.95, -18.83, -16.1, -12.805, -9.04, -5.02, -1.215, 1.877, 3.582, 3.643, 2.084, -0.656, -3.908, -7.227, -10.31, -13.016, -15.46, -17.64, -19.56, -21.27, -22.64, -23.61, -24.14, -24.25, -23.81, -22.92, -21.61, -19.94, -18.0, -15.875, -13.79, -11.63, -9.26, -6.297, -2.291, 2.97, 9.22, 15.766, 22.08, 27.67, 32.62, 36.72, 40.16, 42.97, 44.94, 46.06, 46.38, 45.75, 44.2, 41.94, 38.66, 34.62, 30.02, 25.28, 20.84, 17.02, 13.71, 10.86, 8.625, 7.1, 6.316, 6.066, 6.188, 6.438, 6.684, 6.793, 6.727, 6.438, 5.984, 5.367, 4.676, 3.965, 3.277, 2.605, 2.033, 1.48, 0.9897, 0.4553, -0.1056, -0.766, -1.48, -2.227, -2.95, -3.611, -4.07, -4.24, -4.07, -3.521, -2.625, -1.387, 0.08997, 1.695, 3.209, 4.465, 5.355, 5.84, 5.95, 5.77, 5.457, 5.137, 4.902, 4.887, 5.19, 6.07, 7.81
8.27, 10.34, 12.1, 13.19, 13.375, 12.664, 11.13, 9.06, 6.67, 4.21, 1.796, -0.3103, -1.927, -2.955, -3.436, -3.506, -3.338, -3.023, -2.725, -2.506, -2.434, -2.516, -2.555, -2.268, -1.371, 0.391, 3.246, 7.17, 12.12, 17.53, 22.64, 26.52, 28.56, 28.73, 27.27, 24.47, 20.73, 16.56, 12.234, 8.23, 4.66, 1.781, -0.38, -1.857, -2.746, -3.213, -3.436, -3.502, -3.443, -3.27, -2.91, -2.291, -1.531, -0.7627, 0.01173, 0.9185, 2.348, 4.504, 7.61, 11.64, 16.4, 21.5, 26.42, 30.56, 33.72, 35.84, 37.0, 37.12, 36.0, 33.53, 29.78, 25.05, 19.52, 13.76, 8.195, 3.38, -0.3467, -2.938, -4.676, -6.05, -7.438, -9.0, -10.77, -12.65, -14.516, -16.33, -18.06, -19.67, -21.16, -22.44, -23.44, -24.11, -24.27, -23.9, -22.94, -21.33, -19.1, -16.23, -12.875, -9.05, -4.984, -1.145, 1.957, 3.684, 3.666, 2.057, -0.6865, -3.908, -7.168, -10.15, -12.77, -15.164, -17.34, -19.25, -20.94, -22.39, -23.48, -24.12, -24.38, -24.08, -23.3, -22.08, -20.45, -18.45, -16.33, -14.17, -12.02, -9.78, -7.285, -4.0, 0.3394, 5.73, 11.984, 18.47, 24.44, 29.77, 34.22, 38.0, 40.84, 43.0, 44.28, 44.72, 44.22, 42.84, 40.72, 37.8, 34.22, 30.1, 25.88, 21.9, 18.44, 15.43, 12.78, 10.57, 8.96, 8.02, 7.582, 7.492, 7.574, 7.67, 7.72, 7.562, 7.227, 6.734, 6.094, 5.406, 4.703, 4.008, 3.348, 2.729, 2.13, 1.536, 0.901, 0.2233, -0.519, -1.334, -2.139, -2.91, -3.62, -4.125, -4.332, -4.188, -3.64, -2.709, -1.427, 0.12195, 1.772, 3.332, 4.617, 5.49, 5.883, 5.867, 5.58, 5.164, 4.766, 4.477, 4.38, 4.555, 5.168, 6.414
6.758, 8.31, 9.67, 10.5, 10.664, 10.164, 9.055, 7.43, 5.43, 3.32, 1.202, -0.6567, -2.074, -2.945, -3.373, -3.432, -3.242, -2.953, -2.656, -2.447, -2.473, -2.719, -2.967, -2.95, -2.344, -0.803, 1.826, 5.586, 10.47, 16.0, 21.58, 26.25, 29.28, 30.39, 29.7, 27.44, 24.02, 19.89, 15.53, 11.2, 7.29, 3.943, 1.317, -0.5464, -1.753, -2.428, -2.758, -2.832, -2.69, -2.338, -1.7295, -0.827, 0.2524, 1.384, 2.473, 3.701, 5.387, 7.637, 10.66, 14.47, 18.77, 23.22, 27.42, 31.03, 33.7, 35.4, 36.3, 36.2, 34.9, 32.4, 28.67, 24.0, 18.66, 13.07, 7.656, 3.004, -0.581, -3.041, -4.715, -6.07, -7.484, -9.13, -11.02, -13.02, -15.03, -16.98, -18.86, -20.53, -22.12, -23.38, -24.38, -24.92, -24.95, -24.38, -23.11, -21.31, -18.9, -15.92, -12.42, -8.55, -4.445, -0.645, 2.328, 3.867, 3.678, 1.971, -0.809, -3.99, -7.12, -10.02, -12.586, -14.88, -17.0, -18.92, -20.67, -22.16, -23.36, -24.11, -24.47, -24.34, -23.7, -22.61, -21.03, -19.11, -16.97, -14.74, -12.484, -10.31, -8.08, -5.41, -1.94, 2.5, 7.914, 13.914, 19.97, 25.62, 30.4, 34.44, 37.47, 39.72, 41.03, 41.5, 41.16, 39.94, 38.0, 35.53, 32.56, 29.11, 25.64, 22.3, 19.4, 16.89, 14.58, 12.555, 11.0, 10.016, 9.47, 9.234, 9.164, 9.11, 9.04, 8.79, 8.34, 7.836, 7.168, 6.453, 5.73, 5.0, 4.29, 3.596, 2.875, 2.135, 1.342, 0.5244, -0.3174, -1.233, -2.11, -2.92, -3.65, -4.164, -4.383, -4.246, -3.707, -2.729, -1.377, 0.2296, 1.944, 3.549, 4.832, 5.65, 5.945, 5.812, 5.395, 4.844, 4.363, 4.062, 3.945, 4.04, 4.49, 5.4
5.605, 6.74, 7.723, 8.375, 8.516, 8.2, 7.36, 6.016, 4.32, 2.447, 0.5806, -1.041, -2.236, -2.977, -3.336, -3.355, -3.174, -2.902, -2.59, -2.4, -2.465, -2.818, -3.295, -3.582, -3.27, -1.986, 0.4631, 4.055, 8.86, 14.484, 20.33, 25.55, 29.45, 31.4, 31.5, 29.83, 26.84, 22.89, 18.5, 14.016, 9.83, 6.156, 3.146, 0.9043, -0.64, -1.569, -2.064, -2.16, -1.978, -1.556, -0.787, 0.3289, 1.686, 3.117, 4.547, 6.066, 7.91, 10.23, 13.09, 16.53, 20.3, 24.16, 27.7, 30.67, 32.84, 34.2, 34.75, 34.3, 32.88, 30.3, 26.66, 22.11, 16.97, 11.664, 6.586, 2.26, -1.028, -3.299, -4.816, -6.11, -7.56, -9.3, -11.28, -13.42, -15.555, -17.64, -19.62, -21.39, -22.97, -24.25, -25.2, -25.6, -25.39, -24.58, -23.08, -20.98, -18.34, -15.195, -11.586, -7.62, -3.594, 0.09436, 2.852, 4.1, 3.65, 1.776, -1.016, -4.12, -7.168, -9.92, -12.37, -14.62, -16.69, -18.58, -20.36, -21.94, -23.2, -24.1, -24.58, -24.6, -24.11, -23.12, -21.69, -19.84, -17.7, -15.44, -13.12, -10.83, -8.64, -6.332, -3.629, -0.175, 4.195, 9.34, 14.79, 20.14, 24.95, 29.08, 32.25, 34.56, 36.03, 36.6, 36.3, 35.44, 33.97, 32.06, 29.78, 27.25, 24.6, 22.11, 20.02, 18.16, 16.28, 14.59, 13.18, 12.23, 11.61, 11.28, 11.086, 10.9, 10.7, 10.336, 9.84, 9.25, 8.55, 7.773, 6.97, 6.2, 5.395, 4.547, 3.63, 2.73, 1.776, 0.774, -0.2085, -1.221, -2.17, -3.025, -3.744, -4.26, -4.46, -4.293, -3.715, -2.688, -1.267, 0.4253, 2.201, 3.84, 5.094, 5.85, 6.062, 5.8, 5.254, 4.58, 4.01, 3.639, 3.547, 3.621, 3.953, 4.625
4.75, 5.55, 6.312, 6.816, 6.992, 6.77, 6.06, 4.9, 3.377, 1.659, 0.001417, -1.413, -2.434, -3.055, -3.32, -3.305, -3.121, -2.814, -2.504, -2.326, -2.408, -2.85, -3.533, -4.098, -4.09, -3.092, -0.8574, 2.652, 7.324, 12.875, 18.88, 24.5, 28.97, 31.69, 32.56, 31.53, 28.98, 25.33, 21.06, 16.56, 12.22, 8.28, 4.94, 2.371, 0.5356, -0.652, -1.325, -1.558, -1.398, -0.9365, -0.10754, 1.081, 2.572, 4.242, 5.957, 7.723, 9.72, 12.016, 14.67, 17.69, 20.92, 24.12, 27.03, 29.44, 31.14, 32.1, 32.34, 31.67, 30.0, 27.4, 23.8, 19.42, 14.61, 9.695, 5.086, 1.225, -1.63, -3.588, -4.973, -6.24, -7.727, -9.55, -11.664, -13.91, -16.14, -18.3, -20.33, -22.2, -23.77, -25.05, -25.84, -26.1, -25.62, -24.55, -22.75, -20.39, -17.52, -14.16, -10.46, -6.504, -2.549, 0.893, 3.297, 4.188, 3.477, 1.477, -1.31, -4.32, -7.203, -9.8, -12.18, -14.32, -16.36, -18.23, -20.05, -21.67, -23.02, -24.05, -24.67, -24.88, -24.52, -23.67, -22.34, -20.6, -18.53, -16.22, -13.85, -11.44, -9.14, -6.957, -4.652, -1.951, 1.373, 5.38, 9.836, 14.53, 18.86, 22.66, 25.72, 28.08, 29.58, 30.23, 30.28, 29.78, 28.95, 27.81, 26.38, 24.78, 23.11, 21.64, 20.4, 19.23, 17.9, 16.52, 15.36, 14.52, 13.88, 13.53, 13.25, 12.92, 12.586, 12.15, 11.53, 10.91, 10.12, 9.29, 8.4, 7.477, 6.508, 5.48, 4.38, 3.254, 2.096, 0.9277, -0.2188, -1.304, -2.316, -3.197, -3.922, -4.402, -4.566, -4.348, -3.709, -2.613, -1.108, 0.652, 2.535, 4.2, 5.45, 6.117, 6.22, 5.832, 5.145, 4.355, 3.72, 3.287, 3.178, 3.283, 3.57, 4.07
4.215, 4.82, 5.42, 5.85, 6.0, 5.773, 5.066, 3.955, 2.53, 0.96, -0.5044, -1.731, -2.605, -3.12, -3.33, -3.299, -3.076, -2.732, -2.387, -2.178, -2.266, -2.803, -3.658, -4.434, -4.695, -3.979, -1.974, 1.373, 5.848, 11.28, 17.22, 23.03, 27.97, 31.36, 32.88, 32.44, 30.42, 27.16, 23.11, 18.7, 14.27, 10.21, 6.66, 3.79, 1.692, 0.2754, -0.611, -0.989, -0.9546, -0.5527, 0.2415, 1.403, 2.906, 4.656, 6.55, 8.484, 10.57, 12.84, 15.266, 17.9, 20.6, 23.19, 25.52, 27.38, 28.64, 29.2, 29.12, 28.16, 26.33, 23.64, 20.2, 16.06, 11.67, 7.277, 3.273, 0.02345, -2.291, -3.906, -5.15, -6.418, -7.973, -9.9, -12.09, -14.44, -16.7, -18.98, -21.05, -22.97, -24.6, -25.73, -26.42, -26.39, -25.72, -24.27, -22.2, -19.55, -16.44, -12.94, -9.14, -5.258, -1.503, 1.611, 3.582, 4.082, 3.125, 1.012, -1.689, -4.56, -7.277, -9.72, -12.0, -14.06, -16.0, -17.9, -19.7, -21.39, -22.83, -24.0, -24.8, -25.11, -24.92, -24.25, -23.03, -21.44, -19.42, -17.12, -14.734, -12.18, -9.76, -7.49, -5.312, -3.04, -0.4438, 2.623, 6.008, 9.64, 13.19, 16.4, 19.12, 21.28, 22.67, 23.6, 24.02, 24.03, 23.8, 23.4, 22.86, 22.22, 21.52, 21.0, 20.62, 20.17, 19.39, 18.45, 17.6, 16.8, 16.25, 15.836, 15.47, 15.12, 14.69, 14.125, 13.445, 12.64, 11.82, 10.85, 9.85, 8.75, 7.56, 6.336, 5.023, 3.693, 2.336, 1.001, -0.2883, -1.487, -2.55, -3.445, -4.156, -4.594, -4.7, -4.406, -3.684, -2.504, -0.9067, 0.9346, 2.86, 4.566, 5.797, 6.406, 6.4, 5.87, 5.05, 4.15, 3.422, 2.957, 2.826, 2.969, 3.258, 3.695
3.924, 4.45, 4.96, 5.312, 5.363, 5.04, 4.28, 3.172, 1.818, 0.3757, -0.9453, -2.018, -2.785, -3.21, -3.379, -3.305, -3.023, -2.65, -2.281, -2.01, -2.07, -2.63, -3.553, -4.504, -5.004, -4.547, -2.795, 0.2932, 4.63, 9.81, 15.61, 21.45, 26.62, 30.4, 32.47, 32.6, 31.06, 28.27, 24.53, 20.34, 15.97, 11.87, 8.15, 5.086, 2.777, 1.129, 0.0596, -0.5205, -0.6626, -0.3928, 0.2756, 1.296, 2.684, 4.363, 6.234, 8.28, 10.375, 12.53, 14.74, 16.98, 19.22, 21.33, 23.1, 24.45, 25.3, 25.52, 25.06, 23.88, 21.92, 19.27, 15.97, 12.26, 8.38, 4.637, 1.406, -1.145, -2.975, -4.29, -5.4, -6.66, -8.305, -10.34, -12.625, -15.03, -17.36, -19.67, -21.78, -23.67, -25.23, -26.31, -26.77, -26.53, -25.56, -23.77, -21.42, -18.48, -15.195, -11.58, -7.8, -4.02, -0.5605, 2.139, 3.676, 3.803, 2.607, 0.473, -2.121, -4.82, -7.34, -9.61, -11.75, -13.734, -15.65, -17.53, -19.38, -21.1, -22.62, -23.9, -24.83, -25.31, -25.31, -24.8, -23.77, -22.28, -20.38, -18.16, -15.67, -13.08, -10.53, -8.11, -5.836, -3.639, -1.416, 0.9614, 3.484, 6.2, 8.945, 11.46, 13.68, 15.42, 16.75, 17.72, 18.39, 18.89, 19.23, 19.52, 19.73, 19.89, 20.19, 20.53, 20.92, 21.08, 20.81, 20.31, 19.61, 19.02, 18.56, 18.14, 17.73, 17.31, 16.77, 16.11, 15.35, 14.46, 13.46, 12.37, 11.19, 9.91, 8.52, 7.066, 5.56, 4.008, 2.445, 0.974, -0.433, -1.733, -2.855, -3.771, -4.438, -4.8, -4.844, -4.477, -3.672, -2.37, -0.672, 1.278, 3.238, 4.95, 6.145, 6.688, 6.543, 5.918, 4.953, 3.936, 3.123, 2.658, 2.51, 2.662, 2.986, 3.438
3.834, 4.355, 4.8, 5.016, 4.93, 4.484, 3.672, 2.52, 1.218, -0.1168, -1.32, -2.291, -2.973, -3.318, -3.414, -3.281, -2.984, -2.6, -2.176, -1.832, -1.813, -2.303, -3.223, -4.28, -4.953, -4.703, -3.225, -0.4114, 3.668, 8.63, 14.164, 19.81, 24.94, 28.97, 31.45, 32.06, 31.08, 28.67, 25.36, 21.4, 17.25, 13.16, 9.44, 6.273, 3.756, 1.901, 0.631, -0.1525, -0.515, -0.4558, 0.01199, 0.819, 1.992, 3.492, 5.215, 7.1, 9.12, 11.125, 13.11, 15.0, 16.8, 18.42, 19.73, 20.66, 21.06, 20.95, 20.22, 18.9, 16.94, 14.4, 11.46, 8.27, 5.074, 2.129, -0.3647, -2.225, -3.57, -4.61, -5.664, -7.027, -8.81, -10.94, -13.266, -15.67, -18.08, -20.36, -22.5, -24.36, -25.83, -26.8, -27.08, -26.58, -25.25, -23.19, -20.48, -17.25, -13.79, -10.17, -6.45, -2.85, 0.2317, 2.477, 3.574, 3.357, 2.014, -0.10565, -2.537, -5.008, -7.336, -9.5, -11.5, -13.4, -15.29, -17.19, -19.02, -20.8, -22.38, -23.78, -24.83, -25.44, -25.61, -25.27, -24.42, -23.11, -21.31, -19.14, -16.72, -14.1, -11.445, -8.81, -6.355, -4.062, -1.938, 0.1327, 2.188, 4.254, 6.305, 8.2, 9.86, 11.27, 12.45, 13.43, 14.26, 15.04, 15.78, 16.52, 17.34, 18.23, 19.14, 20.22, 21.28, 22.0, 22.23, 22.02, 21.55, 21.11, 20.72, 20.33, 19.89, 19.38, 18.8, 18.06, 17.16, 16.16, 14.99, 13.71, 12.37, 10.88, 9.32, 7.656, 5.934, 4.195, 2.482, 0.8823, -0.6396, -2.004, -3.174, -4.086, -4.715, -5.047, -5.02, -4.527, -3.615, -2.22, -0.4048, 1.658, 3.676, 5.37, 6.53, 6.97, 6.703, 5.93, 4.855, 3.746, 2.857, 2.334, 2.215, 2.43, 2.818, 3.31
3.842, 4.355, 4.715, 4.81, 4.58, 4.01, 3.158, 2.03, 0.7686, -0.49, -1.602, -2.52, -3.154, -3.453, -3.467, -3.275, -2.941, -2.52, -2.053, -1.652, -1.524, -1.865, -2.67, -3.719, -4.484, -4.42, -3.17, -0.661, 3.078, 7.71, 12.92, 18.28, 23.23, 27.31, 29.97, 30.97, 30.44, 28.5, 25.58, 21.95, 18.05, 14.086, 10.38, 7.168, 4.562, 2.543, 1.103, 0.131, -0.48, -0.6646, -0.4575, 0.0967, 1.012, 2.209, 3.66, 5.29, 7.023, 8.76, 10.445, 12.03, 13.44, 14.63, 15.54, 16.05, 16.08, 15.73, 14.86, 13.49, 11.65, 9.42, 6.965, 4.473, 2.006, -0.133, -1.807, -3.045, -3.967, -4.86, -5.977, -7.477, -9.375, -11.59, -13.96, -16.39, -18.77, -21.08, -23.16, -24.98, -26.39, -27.14, -27.16, -26.38, -24.75, -22.39, -19.36, -15.97, -12.375, -8.75, -5.13, -1.811, 0.8555, 2.648, 3.326, 2.824, 1.392, -0.637, -2.912, -5.195, -7.33, -9.3, -11.19, -13.03, -14.875, -16.73, -18.62, -20.45, -22.16, -23.64, -24.8, -25.56, -25.88, -25.7, -25.02, -23.88, -22.23, -20.19, -17.78, -15.13, -12.4, -9.63, -6.98, -4.54, -2.336, -0.289, 1.592, 3.387, 5.043, 6.516, 7.855, 8.98, 9.98, 10.82, 11.68, 12.56, 13.54, 14.6, 15.81, 17.19, 18.69, 20.38, 21.89, 22.98, 23.44, 23.5, 23.27, 22.94, 22.61, 22.22, 21.8, 21.22, 20.56, 19.73, 18.7, 17.55, 16.27, 14.85, 13.33, 11.68, 9.96, 8.086, 6.207, 4.344, 2.508, 0.7827, -0.839, -2.281, -3.494, -4.42, -5.03, -5.312, -5.16, -4.57, -3.523, -2.012, -0.08093, 2.074, 4.168, 5.87, 6.973, 7.31, 6.89, 5.938, 4.73, 3.562, 2.635, 2.064, 1.953, 2.217, 2.691, 3.262
3.812, 4.312, 4.613, 4.61, 4.293, 3.654, 2.764, 1.659, 0.4363, -0.778, -1.852, -2.732, -3.342, -3.596, -3.56, -3.307, -2.93, -2.455, -1.954, -1.461, -1.192, -1.347, -1.953, -2.861, -3.623, -3.697, -2.688, -0.4895, 2.852, 7.094, 11.91, 16.86, 21.53, 25.5, 28.22, 29.52, 29.34, 27.86, 25.28, 22.06, 18.42, 14.64, 11.04, 7.855, 5.16, 3.037, 1.446, 0.2708, -0.5464, -0.962, -1.001, -0.739, -0.1444, 0.739, 1.848, 3.125, 4.484, 5.895, 7.22, 8.43, 9.45, 10.24, 10.734, 10.93, 10.76, 10.27, 9.375, 8.11, 6.574, 4.812, 2.986, 1.198, -0.4575, -1.764, -2.793, -3.547, -4.234, -5.133, -6.38, -8.03, -10.07, -12.33, -14.734, -17.16, -19.53, -21.81, -23.88, -25.6, -26.86, -27.39, -27.16, -26.08, -24.06, -21.39, -18.16, -14.625, -10.945, -7.31, -3.885, -0.9355, 1.344, 2.71, 2.988, 2.283, 0.835, -1.076, -3.17, -5.227, -7.195, -9.07, -10.836, -12.61, -14.414, -16.3, -18.23, -20.12, -21.88, -23.47, -24.73, -25.62, -26.08, -26.11, -25.62, -24.64, -23.16, -21.25, -18.92, -16.27, -13.45, -10.6, -7.77, -5.11, -2.732, -0.5195, 1.368, 3.041, 4.527, 5.88, 6.98, 7.97, 8.8, 9.58, 10.414, 11.375, 12.48, 13.72, 15.23, 16.97, 18.84, 20.83, 22.61, 23.89, 24.58, 24.81, 24.72, 24.47, 24.14, 23.8, 23.28, 22.69, 21.94, 21.03, 19.92, 18.66, 17.25, 15.695, 14.016, 12.22, 10.375, 8.4, 6.41, 4.44, 2.504, 0.6704, -1.057, -2.562, -3.814, -4.78, -5.36, -5.562, -5.305, -4.59, -3.426, -1.759, 0.297, 2.535, 4.676, 6.383, 7.41, 7.617, 7.074, 5.965, 4.61, 3.342, 2.377, 1.812, 1.715, 2.027, 2.568, 3.193
3.773, 4.27, 4.527, 4.484, 4.1, 3.41, 2.486, 1.363, 0.1432, -1.055, -2.11, -2.945, -3.502, -3.734, -3.654, -3.361, -2.936, -2.42, -1.877, -1.314, -0.8857, -0.803, -1.149, -1.818, -2.496, -2.633, -1.822, 0.09827, 3.06, 6.86, 11.15, 15.695, 20.02, 23.75, 26.39, 27.84, 27.89, 26.77, 24.61, 21.73, 18.36, 14.82, 11.39, 8.26, 5.58, 3.395, 1.666, 0.3408, -0.6533, -1.315, -1.634, -1.635, -1.326, -0.76, 0.0325, 0.964, 1.942, 2.943, 3.902, 4.74, 5.395, 5.81, 6.01, 5.984, 5.676, 5.152, 4.375, 3.387, 2.248, 1.047, -0.1227, -1.188, -2.066, -2.74, -3.283, -3.762, -4.43, -5.438, -6.88, -8.68, -10.82, -13.14, -15.55, -17.97, -20.39, -22.6, -24.56, -26.12, -27.2, -27.52, -26.98, -25.58, -23.25, -20.3, -16.86, -13.2, -9.5, -5.96, -2.768, -0.155, 1.723, 2.674, 2.66, 1.812, 0.3604, -1.441, -3.354, -5.254, -7.07, -8.78, -10.47, -12.18, -13.96, -15.8, -17.77, -19.7, -21.55, -23.27, -24.64, -25.67, -26.33, -26.48, -26.17, -25.38, -24.03, -22.28, -20.02, -17.39, -14.58, -11.66, -8.74, -5.84, -3.21, -0.846, 1.265, 3.111, 4.63, 5.91, 6.902, 7.793, 8.55, 9.35, 10.14, 11.125, 12.27, 13.664, 15.4, 17.31, 19.48, 21.61, 23.48, 24.81, 25.52, 25.81, 25.8, 25.56, 25.23, 24.86, 24.33, 23.66, 22.89, 21.89, 20.72, 19.38, 17.84, 16.22, 14.44, 12.56, 10.59, 8.55, 6.508, 4.473, 2.438, 0.512, -1.284, -2.852, -4.168, -5.15, -5.715, -5.832, -5.46, -4.613, -3.285, -1.449, 0.7295, 3.064, 5.215, 6.92, 7.85, 7.902, 7.203, 5.95, 4.49, 3.104, 2.102, 1.561, 1.494, 1.848, 2.428, 3.127
3.71, 4.2, 4.426, 4.36, 3.95, 3.213, 2.264, 1.106, -0.1345, -1.316, -2.344, -3.16, -3.662, -3.852, -3.746, -3.4, -2.947, -2.395, -1.819, -1.208, -0.658, -0.3374, -0.362, -0.7246, -1.202, -1.312, -0.6353, 1.004, 3.594, 6.953, 10.77, 14.81, 18.69, 22.08, 24.6, 26.03, 26.28, 25.44, 23.6, 21.08, 17.98, 14.71, 11.45, 8.45, 5.824, 3.623, 1.795, 0.307, -0.8604, -1.729, -2.27, -2.469, -2.42, -2.088, -1.57, -0.9277, -0.2708, 0.3953, 0.9707, 1.485, 1.827, 1.962, 1.935, 1.785, 1.449, 0.9814, 0.3945, -0.2615, -0.9424, -1.593, -2.15, -2.584, -2.861, -3.096, -3.363, -3.803, -4.594, -5.79, -7.418, -9.38, -11.58, -13.945, -16.38, -18.83, -21.17, -23.33, -25.22, -26.64, -27.45, -27.52, -26.64, -24.9, -22.31, -19.1, -15.45, -11.695, -8.055, -4.67, -1.712, 0.576, 2.072, 2.65, 2.395, 1.48, 0.06726, -1.6455, -3.41, -5.168, -6.855, -8.445, -10.06, -11.695, -13.414, -15.3, -17.27, -19.3, -21.22, -23.02, -24.48, -25.69, -26.52, -26.84, -26.67, -26.05, -24.88, -23.19, -21.08, -18.58, -15.766, -12.83, -9.75, -6.71, -3.844, -1.219, 1.139, 3.162, 4.875, 6.254, 7.355, 8.22, 8.98, 9.695, 10.57, 11.62, 12.875, 14.414, 16.28, 18.36, 20.53, 22.61, 24.34, 25.53, 26.23, 26.53, 26.5, 26.27, 25.9, 25.47, 24.88, 24.17, 23.27, 22.2, 21.02, 19.61, 18.05, 16.39, 14.586, 12.67, 10.68, 8.625, 6.5, 4.39, 2.314, 0.3464, -1.531, -3.205, -4.57, -5.562, -6.1, -6.13, -5.645, -4.605, -3.105, -1.13, 1.185, 3.62, 5.816, 7.45, 8.27, 8.18, 7.312, 5.906, 4.316, 2.887, 1.854, 1.317, 1.288, 1.684, 2.32, 3.055
3.658, 4.12, 4.332, 4.23, 3.8, 3.064, 2.094, 0.9194, -0.3455, -1.534, -2.562, -3.352, -3.812, -3.94, -3.775, -3.398, -2.922, -2.37, -1.797, -1.16, -0.503, 0.00914, 0.3108, 0.3096, 0.11786, 0.1326, 0.701, 2.084, 4.336, 7.273, 10.64, 14.19, 17.61, 20.62, 22.9, 24.27, 24.6, 23.95, 22.39, 20.17, 17.36, 14.305, 11.266, 8.42, 5.89, 3.691, 1.785, 0.1692, -1.1455, -2.156, -2.863, -3.203, -3.307, -3.158, -2.824, -2.412, -2.0, -1.566, -1.219, -0.979, -0.878, -0.936, -1.094, -1.332, -1.65, -1.975, -2.326, -2.646, -2.889, -3.045, -3.09, -3.049, -2.973, -2.996, -3.223, -3.809, -4.785, -6.195, -8.016, -10.12, -12.414, -14.805, -17.27, -19.69, -21.98, -24.06, -25.81, -27.06, -27.62, -27.38, -26.2, -24.06, -21.19, -17.72, -13.945, -10.16, -6.574, -3.36, -0.6606, 1.274, 2.42, 2.727, 2.3, 1.287, -0.1296, -1.756, -3.402, -5.0, -6.57, -8.05, -9.57, -11.15, -12.875, -14.79, -16.75, -18.83, -20.83, -22.69, -24.34, -25.67, -26.6, -27.14, -27.14, -26.67, -25.67, -24.17, -22.17, -19.75, -17.02, -14.016, -10.87, -7.707, -4.645, -1.751, 0.872, 3.158, 5.11, 6.668, 7.918, 8.94, 9.805, 10.61, 11.586, 12.74, 14.164, 15.77, 17.64, 19.7, 21.72, 23.58, 25.08, 26.1, 26.67, 26.86, 26.78, 26.55, 26.06, 25.52, 24.81, 24.05, 23.1, 22.08, 20.81, 19.39, 17.88, 16.22, 14.45, 12.52, 10.57, 8.54, 6.414, 4.273, 2.148, 0.1232, -1.818, -3.559, -4.984, -6.0, -6.49, -6.434, -5.793, -4.582, -2.898, -0.76, 1.695, 4.22, 6.45, 8.03, 8.7, 8.44, 7.35, 5.8, 4.133, 2.67, 1.63, 1.13, 1.151, 1.579, 2.248, 3.002
3.62, 4.06, 4.24, 4.133, 3.682, 2.94, 1.939, 0.7495, -0.5024, -1.713, -2.748, -3.508, -3.95, -4.016, -3.8, -3.375, -2.877, -2.324, -1.777, -1.187, -0.5034, 0.1901, 0.797, 1.182, 1.334, 1.539, 2.105, 3.3, 5.23, 7.734, 10.68, 13.77, 16.7, 19.33, 21.34, 22.61, 22.94, 22.4, 21.06, 19.05, 16.52, 13.73, 10.914, 8.234, 5.805, 3.615, 1.683, -0.01692, -1.441, -2.55, -3.37, -3.795, -3.965, -3.924, -3.701, -3.404, -3.1, -2.838, -2.656, -2.605, -2.668, -2.846, -3.094, -3.365, -3.615, -3.768, -3.844, -3.83, -3.725, -3.49, -3.152, -2.805, -2.588, -2.602, -2.943, -3.74, -4.96, -6.594, -8.57, -10.805, -13.19, -15.64, -18.12, -20.52, -22.75, -24.73, -26.3, -27.36, -27.64, -27.11, -25.56, -23.17, -19.98, -16.28, -12.414, -8.6, -5.086, -2.043, 0.384, 1.993, 2.791, 2.871, 2.3, 1.189, -0.2126, -1.737, -3.295, -4.754, -6.19, -7.58, -9.0, -10.55, -12.28, -14.18, -16.2, -18.28, -20.4, -22.31, -24.1, -25.61, -26.69, -27.36, -27.56, -27.25, -26.4, -25.08, -23.23, -20.89, -18.2, -15.28, -12.06, -8.82, -5.566, -2.42, 0.475, 3.041, 5.273, 7.164, 8.664, 9.86, 10.91, 11.914, 13.01, 14.305, 15.78, 17.44, 19.25, 21.14, 22.94, 24.47, 25.66, 26.44, 26.83, 26.86, 26.69, 26.27, 25.7, 25.06, 24.3, 23.44, 22.45, 21.34, 20.11, 18.75, 17.36, 15.78, 14.07, 12.27, 10.37, 8.38, 6.258, 4.094, 1.938, -0.161, -2.172, -3.992, -5.43, -6.44, -6.887, -6.707, -5.895, -4.5, -2.615, -0.3154, 2.295, 4.91, 7.156, 8.63, 9.16, 8.695, 7.434, 5.727, 3.977, 2.488, 1.454, 0.9946, 1.067, 1.54, 2.213, 2.96
3.605, 4.02, 4.176, 4.055, 3.594, 2.828, 1.81, 0.5903, -0.6787, -1.89, -2.906, -3.65, -4.043, -4.05, -3.783, -3.338, -2.838, -2.312, -1.786, -1.245, -0.6025, 0.1849, 1.03, 1.768, 2.3, 2.793, 3.44, 4.52, 6.2, 8.32, 10.805, 13.46, 16.02, 18.19, 19.92, 20.98, 21.31, 20.83, 19.6, 17.8, 15.54, 13.01, 10.44, 7.938, 5.594, 3.459, 1.505, -0.2438, -1.74, -2.9, -3.746, -4.25, -4.46, -4.414, -4.184, -3.924, -3.664, -3.484, -3.42, -3.521, -3.729, -3.982, -4.25, -4.51, -4.652, -4.625, -4.44, -4.133, -3.705, -3.182, -2.604, -2.143, -1.926, -2.059, -2.62, -3.676, -5.152, -6.98, -9.11, -11.445, -13.89, -16.42, -18.9, -21.31, -23.45, -25.34, -26.8, -27.62, -27.62, -26.73, -24.84, -22.11, -18.64, -14.8, -10.805, -6.97, -3.59, -0.7734, 1.369, 2.703, 3.242, 3.11, 2.38, 1.209, -0.1726, -1.621, -3.07, -4.43, -5.72, -7.01, -8.36, -9.914, -11.63, -13.516, -15.61, -17.73, -19.86, -21.95, -23.83, -25.44, -26.7, -27.55, -27.95, -27.8, -27.16, -25.98, -24.27, -22.05, -19.52, -16.58, -13.35, -9.984, -6.59, -3.277, -0.0904, 2.79, 5.355, 7.57, 9.35, 10.81, 12.086, 13.28, 14.59, 15.98, 17.55, 19.16, 20.86, 22.5, 23.97, 25.17, 26.0, 26.52, 26.66, 26.52, 26.16, 25.58, 24.89, 24.12, 23.22, 22.3, 21.27, 20.2, 19.05, 17.81, 16.5, 15.055, 13.52, 11.875, 10.06, 8.13, 6.047, 3.88, 1.653, -0.536, -2.623, -4.47, -5.934, -6.89, -7.246, -6.938, -5.973, -4.4, -2.291, 0.2194, 2.973, 5.664, 7.867, 9.24, 9.586, 8.93, 7.49, 5.66, 3.832, 2.326, 1.31, 0.887, 0.9897, 1.497, 2.195, 2.957
3.592, 3.984, 4.137, 4.004, 3.521, 2.715, 1.646, 0.412, -0.883, -2.094, -3.082, -3.764, -4.113, -4.062, -3.715, -3.229, -2.746, -2.266, -1.808, -1.317, -0.7227, 0.03992, 0.9795, 1.98, 2.902, 3.729, 4.582, 5.64, 7.094, 8.91, 10.97, 13.21, 15.39, 17.2, 18.64, 19.48, 19.7, 19.23, 18.14, 16.52, 14.46, 12.18, 9.82, 7.5, 5.29, 3.213, 1.263, -0.5044, -2.016, -3.217, -4.074, -4.543, -4.72, -4.613, -4.324, -4.047, -3.797, -3.688, -3.72, -3.951, -4.293, -4.652, -4.938, -5.13, -5.12, -4.88, -4.445, -3.867, -3.182, -2.459, -1.787, -1.326, -1.175, -1.502, -2.31, -3.613, -5.316, -7.34, -9.625, -12.02, -14.586, -17.14, -19.67, -22.03, -24.14, -25.9, -27.17, -27.75, -27.44, -26.2, -24.03, -20.92, -17.19, -13.16, -9.11, -5.363, -2.105, 0.4944, 2.35, 3.41, 3.723, 3.38, 2.521, 1.302, -0.06805, -1.457, -2.791, -4.074, -5.242, -6.445, -7.75, -9.27, -10.98, -12.85, -14.92, -17.11, -19.31, -21.45, -23.48, -25.27, -26.67, -27.66, -28.22, -28.28, -27.83, -26.81, -25.31, -23.2, -20.75, -17.88, -14.74, -11.3, -7.758, -4.29, -0.879, 2.324, 5.18, 7.758, 9.93, 11.72, 13.26, 14.76, 16.2, 17.7, 19.28, 20.81, 22.33, 23.66, 24.75, 25.61, 26.16, 26.31, 26.22, 25.84, 25.3, 24.56, 23.72, 22.78, 21.8, 20.78, 19.77, 18.72, 17.7, 16.64, 15.47, 14.234, 12.88, 11.34, 9.68, 7.797, 5.746, 3.562, 1.294, -0.9546, -3.094, -4.992, -6.48, -7.38, -7.633, -7.18, -6.016, -4.234, -1.881, 0.8438, 3.727, 6.492, 8.66, 9.89, 10.06, 9.18, 7.543, 5.598, 3.71, 2.188, 1.206, 0.824, 0.965, 1.509, 2.225, 2.963
3.59, 3.967, 4.113, 3.963, 3.434, 2.566, 1.454, 0.2113, -1.084, -2.3, -3.254, -3.854, -4.113, -3.996, -3.576, -3.055, -2.574, -2.14, -1.785, -1.415, -0.94, -0.2703, 0.6963, 1.8955, 3.135, 4.316, 5.426, 6.582, 7.92, 9.48, 11.195, 13.04, 14.82, 16.31, 17.44, 18.1, 18.19, 17.73, 16.72, 15.24, 13.37, 11.29, 9.14, 7.023, 4.93, 2.908, 0.99, -0.7734, -2.293, -3.514, -4.31, -4.71, -4.797, -4.59, -4.254, -3.898, -3.654, -3.617, -3.797, -4.152, -4.637, -5.082, -5.387, -5.492, -5.32, -4.87, -4.19, -3.365, -2.475, -1.624, -0.9194, -0.5127, -0.5103, -1.026, -2.04, -3.549, -5.457, -7.64, -10.03, -12.555, -15.2, -17.8, -20.33, -22.72, -24.75, -26.39, -27.48, -27.8, -27.22, -25.64, -23.03, -19.66, -15.71, -11.52, -7.47, -3.781, -0.6587, 1.706, 3.34, 4.15, 4.227, 3.697, 2.703, 1.452, 0.11957, -1.212, -2.455, -3.613, -4.715, -5.867, -7.137, -8.586, -10.24, -12.15, -14.22, -16.42, -18.7, -20.94, -23.1, -24.98, -26.56, -27.72, -28.47, -28.7, -28.39, -27.62, -26.25, -24.42, -22.06, -19.25, -16.14, -12.7, -9.125, -5.477, -1.894, 1.576, 4.797, 7.707, 10.234, 12.39, 14.33, 16.03, 17.67, 19.23, 20.73, 22.17, 23.44, 24.52, 25.38, 25.88, 26.11, 26.02, 25.62, 25.03, 24.2, 23.22, 22.2, 21.17, 20.06, 19.02, 18.0, 17.1, 16.17, 15.305, 14.38, 13.32, 12.164, 10.805, 9.23, 7.39, 5.344, 3.145, 0.8525, -1.443, -3.615, -5.523, -7.016, -7.855, -8.0, -7.406, -6.027, -3.994, -1.426, 1.513, 4.555, 7.35, 9.484, 10.58, 10.52, 9.44, 7.645, 5.598, 3.678, 2.158, 1.2, 0.833, 0.9946, 1.543, 2.268, 2.986
3.617, 3.982, 4.082, 3.895, 3.34, 2.418, 1.254, -0.02513, -1.324, -2.504, -3.408, -3.93, -4.07, -3.844, -3.352, -2.81, -2.361, -1.998, -1.748, -1.534, -1.211, -0.6646, 0.221, 1.466, 2.943, 4.44, 5.85, 7.207, 8.555, 9.98, 11.48, 12.97, 14.37, 15.555, 16.42, 16.84, 16.81, 16.31, 15.336, 13.96, 12.27, 10.41, 8.48, 6.523, 4.547, 2.592, 0.6914, -1.062, -2.56, -3.727, -4.406, -4.72, -4.71, -4.395, -4.0, -3.604, -3.387, -3.441, -3.762, -4.266, -4.86, -5.395, -5.746, -5.78, -5.465, -4.824, -3.918, -2.871, -1.805, -0.8594, -0.1411, 0.2046, 0.04053, -0.6245, -1.797, -3.463, -5.527, -7.844, -10.375, -13.055, -15.734, -18.38, -20.92, -23.28, -25.3, -26.84, -27.7, -27.77, -26.83, -24.94, -22.03, -18.3, -14.15, -9.89, -5.824, -2.264, 0.718, 2.902, 4.26, 4.793, 4.65, 3.975, 2.92, 1.669, 0.3718, -0.8657, -2.021, -3.11, -4.15, -5.223, -6.434, -7.832, -9.5, -11.36, -13.445, -15.69, -18.03, -20.39, -22.56, -24.61, -26.36, -27.72, -28.6, -29.05, -28.95, -28.38, -27.2, -25.45, -23.3, -20.62, -17.58, -14.16, -10.586, -6.85, -3.09, 0.6206, 4.113, 7.355, 10.266, 12.78, 15.01, 17.02, 18.8, 20.47, 21.97, 23.27, 24.36, 25.17, 25.75, 25.98, 25.92, 25.55, 24.88, 23.98, 22.94, 21.73, 20.53, 19.34, 18.17, 17.12, 16.19, 15.375, 14.64, 13.945, 13.24, 12.4, 11.43, 10.2, 8.71, 6.906, 4.855, 2.645, 0.343, -1.973, -4.145, -6.04, -7.492, -8.28, -8.336, -7.555, -5.965, -3.732, -0.93, 2.219, 5.402, 8.29, 10.36, 11.29, 11.016, 9.73, 7.812, 5.703, 3.748, 2.244, 1.285, 0.9224, 1.088, 1.616, 2.32, 3.023
3.65, 4.02, 4.08, 3.816, 3.209, 2.242, 1.028, -0.2817, -1.581, -2.709, -3.516, -3.922, -3.938, -3.604, -3.057, -2.51, -2.113, -1.855, -1.727, -1.666, -1.508, -1.11, -0.358, 0.835, 2.389, 4.13, 5.84, 7.45, 8.93, 10.34, 11.68, 12.92, 14.03, 14.92, 15.53, 15.73, 15.555, 14.95, 13.99, 12.734, 11.26, 9.6, 7.812, 5.984, 4.117, 2.234, 0.37, -1.333, -2.76, -3.822, -4.44, -4.633, -4.47, -4.035, -3.55, -3.162, -3.018, -3.195, -3.66, -4.355, -5.09, -5.723, -6.11, -6.13, -5.7, -4.918, -3.834, -2.596, -1.373, -0.335, 0.3909, 0.6973, 0.4492, -0.3374, -1.634, -3.418, -5.58, -8.02, -10.7, -13.47, -16.2, -18.89, -21.5, -23.8, -25.73, -27.11, -27.84, -27.64, -26.4, -24.17, -20.92, -16.95, -12.586, -8.24, -4.234, -0.7485, 2.031, 4.004, 5.105, 5.395, 5.055, 4.25, 3.154, 1.91, 0.6816, -0.489, -1.554, -2.562, -3.535, -4.58, -5.727, -7.098, -8.71, -10.56, -12.62, -14.92, -17.3, -19.72, -22.05, -24.17, -26.03, -27.58, -28.66, -29.33, -29.45, -29.06, -28.06, -26.56, -24.6, -22.02, -19.11, -15.805, -12.15, -8.37, -4.492, -0.643, 3.129, 6.69, 9.92, 12.81, 15.37, 17.62, 19.56, 21.33, 22.83, 24.02, 24.98, 25.62, 25.94, 25.9, 25.61, 24.95, 24.03, 22.84, 21.55, 20.2, 18.78, 17.44, 16.25, 15.21, 14.39, 13.71, 13.164, 12.68, 12.17, 11.53, 10.69, 9.555, 8.125, 6.35, 4.324, 2.08, -0.2229, -2.531, -4.69, -6.56, -7.95, -8.68, -8.6, -7.645, -5.848, -3.367, -0.3306, 3.021, 6.367, 9.266, 11.26, 12.02, 11.53, 10.07, 8.086, 5.92, 3.955, 2.414, 1.445, 1.048, 1.168, 1.677, 2.373, 3.076
3.664, 4.004, 4.035, 3.72, 3.059, 2.05, 0.8, -0.532, -1.804, -2.875, -3.578, -3.861, -3.723, -3.268, -2.676, -2.156, -1.819, -1.68, -1.708, -1.809, -1.837, -1.601, -0.9717, 0.11053, 1.637, 3.477, 5.406, 7.277, 8.914, 10.37, 11.68, 12.8, 13.66, 14.31, 14.67, 14.69, 14.37, 13.71, 12.77, 11.586, 10.29, 8.82, 7.19, 5.465, 3.66, 1.839, 0.07117, -1.554, -2.91, -3.889, -4.39, -4.453, -4.125, -3.56, -3.008, -2.658, -2.586, -2.887, -3.541, -4.43, -5.31, -6.04, -6.504, -6.527, -6.094, -5.227, -4.04, -2.66, -1.307, -0.1863, 0.601, 0.896, 0.615, -0.2026, -1.556, -3.422, -5.668, -8.19, -10.92, -13.76, -16.61, -19.3, -21.94, -24.25, -26.11, -27.36, -27.88, -27.48, -25.95, -23.3, -19.8, -15.59, -11.08, -6.703, -2.707, 0.648, 3.236, 4.98, 5.836, 5.926, 5.453, 4.562, 3.422, 2.2, 1.024, -0.0865, -1.079, -1.994, -2.928, -3.93, -5.062, -6.363, -7.902, -9.7, -11.77, -14.06, -16.52, -19.02, -21.42, -23.62, -25.67, -27.36, -28.66, -29.48, -29.86, -29.62, -28.88, -27.56, -25.73, -23.42, -20.58, -17.39, -13.85, -10.04, -6.074, -2.104, 1.819, 5.6, 9.164, 12.39, 15.26, 17.8, 19.92, 21.78, 23.27, 24.48, 25.33, 25.8, 25.9, 25.72, 25.12, 24.3, 23.11, 21.77, 20.2, 18.64, 17.06, 15.64, 14.43, 13.47, 12.7, 12.19, 11.83, 11.5, 11.18, 10.695, 9.945, 8.84, 7.438, 5.707, 3.68, 1.46, -0.8306, -3.076, -5.188, -7.05, -8.41, -9.04, -8.81, -7.703, -5.7, -2.957, 0.316, 3.865, 7.332, 10.266, 12.17, 12.766, 12.125, 10.55, 8.445, 6.242, 4.227, 2.668, 1.652, 1.181, 1.239, 1.693, 2.377, 3.094
3.67, 4.008, 4.008, 3.646, 2.918, 1.87, 0.576, -0.802, -2.047, -3.037, -3.605, -3.734, -3.44, -2.865, -2.227, -1.745, -1.487, -1.486, -1.701, -1.986, -2.186, -2.102, -1.605, -0.631, 0.812, 2.645, 4.664, 6.69, 8.54, 10.11, 11.445, 12.45, 13.195, 13.66, 13.82, 13.69, 13.26, 12.59, 11.71, 10.66, 9.445, 8.09, 6.586, 4.95, 3.203, 1.452, -0.2588, -1.794, -3.045, -3.924, -4.297, -4.19, -3.705, -3.049, -2.42, -2.084, -2.117, -2.578, -3.424, -4.47, -5.484, -6.348, -6.902, -6.99, -6.586, -5.73, -4.504, -3.072, -1.649, -0.4338, 0.4148, 0.744, 0.5005, -0.3123, -1.671, -3.533, -5.8, -8.35, -11.125, -14.016, -16.89, -19.72, -22.31, -24.56, -26.4, -27.55, -27.88, -27.25, -25.4, -22.53, -18.69, -14.29, -9.69, -5.234, -1.277, 1.95, 4.336, 5.816, 6.48, 6.402, 5.805, 4.855, 3.703, 2.52, 1.402, 0.3867, -0.5454, -1.433, -2.293, -3.246, -4.297, -5.535, -7.055, -8.83, -10.88, -13.21, -15.7, -18.22, -20.7, -23.1, -25.2, -27.06, -28.56, -29.6, -30.11, -30.14, -29.6, -28.52, -26.86, -24.72, -22.06, -19.0, -15.52, -11.805, -7.824, -3.81, 0.2715, 4.25, 8.05, 11.52, 14.66, 17.39, 19.8, 21.78, 23.36, 24.58, 25.36, 25.77, 25.75, 25.39, 24.66, 23.56, 22.2, 20.6, 18.89, 17.1, 15.42, 13.95, 12.73, 11.82, 11.18, 10.79, 10.57, 10.414, 10.22, 9.836, 9.15, 8.086, 6.664, 4.93, 2.945, 0.794, -1.441, -3.611, -5.707, -7.508, -8.78, -9.32, -8.98, -7.695, -5.516, -2.535, 0.967, 4.71, 8.31, 11.25, 13.06, 13.51, 12.72, 11.055, 8.93, 6.707, 4.652, 3.01, 1.888, 1.311, 1.27, 1.679, 2.348, 3.078
3.652, 3.996, 3.979, 3.562, 2.764, 1.658, 0.325, -1.072, -2.283, -3.168, -3.584, -3.533, -3.08, -2.4, -1.718, -1.261, -1.119, -1.27, -1.686, -2.162, -2.502, -2.55, -2.184, -1.343, -0.01534, 1.74, 3.79, 5.887, 7.87, 9.57, 10.95, 11.94, 12.58, 12.92, 12.97, 12.73, 12.28, 11.625, 10.77, 9.8, 8.664, 7.41, 6.016, 4.457, 2.773, 1.087, -0.567, -2.02, -3.172, -3.914, -4.14, -3.889, -3.248, -2.479, -1.801, -1.493, -1.633, -2.252, -3.262, -4.457, -5.61, -6.605, -7.26, -7.473, -7.164, -6.41, -5.242, -3.805, -2.355, -1.088, -0.1626, 0.2328, 0.0662, -0.6826, -1.962, -3.777, -5.99, -8.516, -11.32, -14.234, -17.14, -20.0, -22.6, -24.84, -26.6, -27.69, -27.86, -26.94, -24.9, -21.69, -17.61, -13.01, -8.28, -3.836, 0.02269, 3.139, 5.32, 6.586, 7.04, 6.81, 6.094, 5.11, 3.992, 2.88, 1.814, 0.8296, -0.05215, -0.879, -1.673, -2.549, -3.537, -4.746, -6.184, -7.918, -9.97, -12.26, -14.77, -17.34, -19.94, -22.39, -24.66, -26.69, -28.33, -29.58, -30.31, -30.55, -30.23, -29.4, -28.02, -26.05, -23.56, -20.6, -17.28, -13.65, -9.695, -5.633, -1.485, 2.61, 6.55, 10.23, 13.64, 16.66, 19.23, 21.33, 23.05, 24.33, 25.12, 25.47, 25.39, 24.94, 24.06, 22.81, 21.3, 19.52, 17.62, 15.71, 13.93, 12.414, 11.2, 10.31, 9.76, 9.51, 9.4, 9.35, 9.19, 8.85, 8.195, 7.164, 5.754, 4.07, 2.166, 0.122, -2.014, -4.176, -6.207, -7.895, -9.09, -9.56, -9.1, -7.63, -5.254, -2.05, 1.671, 5.6, 9.3, 12.23, 13.945, 14.28, 13.39, 11.67, 9.55, 7.285, 5.176, 3.414, 2.139, 1.422, 1.266, 1.609, 2.273, 3.023
3.592, 3.973, 3.95, 3.5, 2.635, 1.442, 0.0755, -1.301, -2.477, -3.246, -3.482, -3.246, -2.63, -1.857, -1.143, -0.7207, -0.734, -1.077, -1.665, -2.303, -2.783, -2.967, -2.71, -1.99, -0.7773, 0.885, 2.889, 5.02, 7.04, 8.81, 10.23, 11.26, 11.914, 12.195, 12.17, 11.875, 11.414, 10.77, 9.98, 9.05, 8.0, 6.81, 5.453, 3.965, 2.379, 0.7656, -0.8335, -2.213, -3.275, -3.87, -3.951, -3.523, -2.74, -1.864, -1.161, -0.88, -1.152, -1.906, -3.045, -4.4, -5.664, -6.754, -7.527, -7.867, -7.742, -7.137, -6.09, -4.77, -3.365, -2.082, -1.109, -0.5967, -0.6294, -1.245, -2.424, -4.125, -6.26, -8.75, -11.51, -14.41, -17.3, -20.17, -22.78, -25.1, -26.8, -27.77, -27.72, -26.66, -24.4, -20.95, -16.66, -11.875, -7.062, -2.607, 1.213, 4.14, 6.168, 7.258, 7.51, 7.16, 6.4, 5.402, 4.305, 3.24, 2.219, 1.301, 0.4785, -0.2893, -1.059, -1.875, -2.791, -3.906, -5.27, -6.965, -8.984, -11.3, -13.83, -16.44, -19.1, -21.62, -24.03, -26.22, -28.0, -29.42, -30.36, -30.86, -30.78, -30.19, -29.03, -27.3, -25.0, -22.25, -19.08, -15.56, -11.695, -7.66, -3.457, 0.7417, 4.79, 8.64, 12.26, 15.46, 18.22, 20.52, 22.44, 23.75, 24.62, 25.08, 24.97, 24.36, 23.45, 22.12, 20.48, 18.53, 16.47, 14.47, 12.59, 10.98, 9.74, 8.89, 8.38, 8.16, 8.125, 8.16, 8.05, 7.723, 7.11, 6.117, 4.75, 3.146, 1.389, -0.534, -2.568, -4.652, -6.605, -8.266, -9.41, -9.79, -9.2, -7.6, -5.03, -1.63, 2.31, 6.43, 10.22, 13.14, 14.805, 15.086, 14.15, 12.38, 10.234, 7.95, 5.766, 3.855, 2.389, 1.504, 1.222, 1.5, 2.139, 2.92
3.486, 3.92, 3.926, 3.457, 2.523, 1.261, -0.1488, -1.518, -2.613, -3.23, -3.314, -2.898, -2.11, -1.219, -0.502, -0.151, -0.2966, -0.8276, -1.59, -2.39, -3.008, -3.307, -3.16, -2.533, -1.408, 0.166, 2.08, 4.16, 6.207, 8.02, 9.49, 10.58, 11.195, 11.51, 11.44, 11.14, 10.65, 10.03, 9.27, 8.375, 7.36, 6.23, 4.918, 3.49, 1.973, 0.4038, -1.125, -2.428, -3.377, -3.81, -3.719, -3.13, -2.197, -1.222, -0.5024, -0.2554, -0.626, -1.496, -2.738, -4.164, -5.56, -6.758, -7.656, -8.18, -8.26, -7.824, -7.0, -5.82, -4.527, -3.277, -2.271, -1.648, -1.556, -2.01, -3.053, -4.598, -6.594, -9.0, -11.695, -14.55, -17.44, -20.36, -23.03, -25.3, -26.95, -27.8, -27.61, -26.34, -23.83, -20.25, -15.734, -10.8, -5.91, -1.496, 2.24, 5.035, 6.88, 7.805, 7.934, 7.504, 6.72, 5.7, 4.617, 3.572, 2.61, 1.754, 0.997, 0.2861, -0.4111, -1.148, -1.975, -3.041, -4.363, -6.043, -8.016, -10.29, -12.84, -15.47, -18.17, -20.8, -23.3, -25.55, -27.56, -29.19, -30.38, -31.06, -31.25, -30.88, -29.94, -28.42, -26.39, -23.84, -20.81, -17.44, -13.67, -9.66, -5.508, -1.325, 2.797, 6.8, 10.52, 13.9, 16.92, 19.42, 21.47, 22.94, 23.94, 24.4, 24.36, 23.8, 22.86, 21.44, 19.7, 17.66, 15.5, 13.336, 11.36, 9.64, 8.33, 7.457, 6.938, 6.72, 6.727, 6.758, 6.695, 6.406, 5.836, 4.914, 3.693, 2.227, 0.614, -1.161, -3.086, -5.082, -6.98, -8.58, -9.68, -9.98, -9.29, -7.562, -4.805, -1.221, 2.887, 7.14, 11.05, 14.01, 15.66, 15.88, 14.93, 13.17, 10.99, 8.664, 6.375, 4.28, 2.6, 1.533, 1.104, 1.302, 1.929, 2.742
3.307, 3.828, 3.898, 3.422, 2.432, 1.124, -0.31, -1.666, -2.684, -3.166, -3.068, -2.465, -1.504, -0.518, 0.2013, 0.466, 0.2012, -0.504, -1.432, -2.36, -3.088, -3.492, -3.453, -2.904, -1.86, -0.3923, 1.407, 3.406, 5.426, 7.28, 8.805, 9.9, 10.56, 10.85, 10.81, 10.53, 10.016, 9.38, 8.63, 7.766, 6.81, 5.7, 4.438, 3.06, 1.56, 0.03195, -1.417, -2.627, -3.438, -3.727, -3.463, -2.703, -1.639, -0.5615, 0.1772, 0.3904, -0.01878, -0.9746, -2.295, -3.795, -5.29, -6.6, -7.656, -8.336, -8.586, -8.414, -7.777, -6.824, -5.7, -4.535, -3.531, -2.846, -2.605, -2.902, -3.764, -5.14, -6.973, -9.26, -11.875, -14.7, -17.58, -20.47, -23.12, -25.42, -27.08, -27.8, -27.5, -26.05, -23.34, -19.52, -14.85, -9.83, -4.93, -0.5024, 3.115, 5.773, 7.47, 8.25, 8.27, 7.793, 6.977, 5.98, 4.934, 3.926, 3.021, 2.207, 1.471, 0.8154, 0.2206, -0.4133, -1.176, -2.17, -3.451, -5.08, -7.04, -9.305, -11.77, -14.43, -17.16, -19.84, -22.48, -24.89, -27.03, -28.86, -30.25, -31.14, -31.58, -31.42, -30.75, -29.52, -27.7, -25.36, -22.5, -19.27, -15.664, -11.78, -7.66, -3.463, 0.689, 4.746, 8.58, 12.13, 15.27, 18.02, 20.19, 21.89, 23.03, 23.6, 23.64, 23.19, 22.28, 20.86, 19.02, 16.89, 14.65, 12.34, 10.22, 8.41, 6.984, 6.008, 5.457, 5.2, 5.176, 5.207, 5.168, 4.938, 4.445, 3.621, 2.594, 1.332, -0.1203, -1.764, -3.582, -5.477, -7.305, -8.875, -9.914, -10.16, -9.38, -7.52, -4.594, -0.8857, 3.393, 7.8, 11.79, 14.79, 16.44, 16.66, 15.72, 13.97, 11.75, 9.375, 6.934, 4.68, 2.805, 1.522, 0.936, 1.012, 1.616, 2.484
3.076, 3.723, 3.855, 3.39, 2.379, 1.025, -0.4314, -1.755, -2.684, -3.043, -2.771, -1.955, -0.825, 0.2444, 0.9473, 1.125, 0.7466, -0.08685, -1.149, -2.197, -3.018, -3.486, -3.549, -3.105, -2.178, -0.8154, 0.89, 2.803, 4.773, 6.61, 8.16, 9.27, 9.96, 10.28, 10.266, 9.92, 9.414, 8.79, 8.07, 7.254, 6.305, 5.2, 3.97, 2.605, 1.139, -0.3274, -1.688, -2.795, -3.463, -3.617, -3.21, -2.295, -1.101, 0.06323, 0.85, 1.07, 0.653, -0.36, -1.763, -3.322, -4.88, -6.312, -7.5, -8.336, -8.78, -8.8, -8.414, -7.71, -6.746, -5.72, -4.746, -4.035, -3.684, -3.85, -4.516, -5.707, -7.418, -9.57, -12.086, -14.805, -17.7, -20.56, -23.22, -25.47, -27.12, -27.83, -27.36, -25.72, -22.88, -18.86, -14.09, -8.984, -4.04, 0.3538, 3.885, 6.4, 7.93, 8.625, 8.59, 8.08, 7.22, 6.242, 5.23, 4.254, 3.396, 2.64, 1.986, 1.426, 0.9014, 0.3235, -0.3618, -1.303, -2.51, -4.113, -6.047, -8.3, -10.76, -13.41, -16.14, -18.89, -21.58, -24.12, -26.42, -28.38, -29.98, -31.16, -31.8, -31.94, -31.5, -30.5, -28.92, -26.75, -24.14, -21.08, -17.6, -13.83, -9.82, -5.645, -1.476, 2.613, 6.555, 10.22, 13.5, 16.42, 18.81, 20.69, 22.0, 22.75, 22.98, 22.6, 21.73, 20.36, 18.47, 16.28, 13.89, 11.43, 9.14, 7.188, 5.656, 4.566, 3.904, 3.598, 3.553, 3.559, 3.53, 3.375, 3.014, 2.395, 1.545, 0.4783, -0.7993, -2.303, -4.035, -5.88, -7.676, -9.19, -10.17, -10.38, -9.555, -7.566, -4.523, -0.6147, 3.844, 8.35, 12.41, 15.445, 17.11, 17.36, 16.47, 14.7, 12.47, 9.984, 7.453, 5.043, 2.986, 1.49, 0.705, 0.636, 1.188, 2.117
2.77, 3.559, 3.775, 3.357, 2.354, 0.968, -0.5176, -1.8125, -2.648, -2.848, -2.406, -1.399, -0.1078, 1.038, 1.75, 1.858, 1.379, 0.4226, -0.7383, -1.866, -2.771, -3.338, -3.479, -3.166, -2.354, -1.108, 0.515, 2.357, 4.25, 6.047, 7.55, 8.69, 9.39, 9.734, 9.73, 9.41, 8.92, 8.25, 7.547, 6.742, 5.805, 4.703, 3.49, 2.139, 0.717, -0.6685, -1.954, -2.975, -3.506, -3.516, -2.951, -1.8955, -0.567, 0.68, 1.523, 1.756, 1.308, 0.2664, -1.17, -2.748, -4.363, -5.87, -7.17, -8.195, -8.84, -9.055, -8.91, -8.43, -7.684, -6.797, -5.902, -5.19, -4.777, -4.793, -5.31, -6.37, -7.94, -9.94, -12.31, -14.95, -17.81, -20.69, -23.3, -25.56, -27.16, -27.77, -27.2, -25.39, -22.4, -18.27, -13.38, -8.18, -3.229, 1.096, 4.55, 6.95, 8.375, 8.97, 8.86, 8.305, 7.46, 6.508, 5.516, 4.574, 3.768, 3.096, 2.52, 2.049, 1.596, 1.068, 0.4355, -0.4326, -1.594, -3.137, -5.043, -7.24, -9.69, -12.35, -15.1, -17.86, -20.64, -23.28, -25.72, -27.86, -29.64, -31.0, -31.89, -32.3, -32.1, -31.3, -29.94, -28.06, -25.62, -22.75, -19.45, -15.78, -11.9, -7.805, -3.66, 0.4568, 4.473, 8.21, 11.64, 14.7, 17.3, 19.4, 20.88, 21.84, 22.25, 22.03, 21.3, 19.94, 18.05, 15.83, 13.27, 10.69, 8.23, 6.117, 4.426, 3.197, 2.436, 2.062, 1.951, 1.962, 1.97, 1.902, 1.675, 1.267, 0.595, -0.274, -1.433, -2.861, -4.535, -6.32, -8.08, -9.55, -10.49, -10.625, -9.72, -7.7, -4.523, -0.4663, 4.105, 8.77, 12.89, 15.97, 17.67, 17.95, 17.08, 15.31, 13.05, 10.49, 7.844, 5.31, 3.096, 1.413, 0.442, 0.2188, 0.703, 1.682
2.41, 3.34, 3.664, 3.299, 2.328, 0.9443, -0.5557, -1.815, -2.58, -2.623, -1.983, -0.805, 0.632, 1.874, 2.605, 2.65, 2.09, 1.071, -0.1575, -1.353, -2.342, -3.016, -3.266, -3.062, -2.389, -1.258, 0.2369, 1.973, 3.787, 5.51, 6.98, 8.11, 8.87, 9.22, 9.23, 8.94, 8.45, 7.816, 7.08, 6.258, 5.305, 4.215, 3.03, 1.704, 0.332, -1.003, -2.219, -3.125, -3.578, -3.473, -2.742, -1.519, -0.04095, 1.288, 2.166, 2.43, 1.961, 0.94, -0.4836, -2.076, -3.75, -5.34, -6.742, -7.914, -8.75, -9.2, -9.29, -9.016, -8.445, -7.7, -6.926, -6.26, -5.816, -5.74, -6.137, -7.062, -8.5, -10.37, -12.61, -15.164, -17.95, -20.77, -23.4, -25.61, -27.14, -27.64, -26.97, -25.03, -21.86, -17.61, -12.61, -7.406, -2.467, 1.785, 5.17, 7.453, 8.79, 9.28, 9.09, 8.5, 7.688, 6.742, 5.777, 4.906, 4.18, 3.568, 3.082, 2.672, 2.297, 1.85, 1.238, 0.3975, -0.7163, -2.193, -4.023, -6.188, -8.58, -11.234, -13.984, -16.8, -19.6, -22.31, -24.88, -27.2, -29.19, -30.75, -31.89, -32.47, -32.53, -32.03, -30.89, -29.25, -27.03, -24.34, -21.2, -17.69, -13.94, -9.945, -5.812, -1.701, 2.348, 6.22, 9.78, 13.0, 15.77, 18.05, 19.78, 20.95, 21.55, 21.52, 20.86, 19.64, 17.81, 15.53, 12.9, 10.18, 7.6, 5.312, 3.436, 2.072, 1.179, 0.731, 0.551, 0.581, 0.6343, 0.645, 0.549, 0.2876, -0.2129, -0.9595, -2.041, -3.438, -5.066, -6.84, -8.58, -9.984, -10.84, -10.92, -9.98, -7.86, -4.645, -0.4802, 4.184, 8.945, 13.18, 16.34, 18.11, 18.44, 17.56, 15.8, 13.49, 10.85, 8.12, 5.484, 3.135, 1.273, 0.11066, -0.2477, 0.1826, 1.205
1.976, 3.062, 3.512, 3.22, 2.28, 0.9233, -0.561, -1.77, -2.422, -2.35, -1.539, -0.1791, 1.386, 2.703, 3.428, 3.473, 2.877, 1.818, 0.5513, -0.686, -1.768, -2.559, -2.957, -2.893, -2.346, -1.345, 0.03864, 1.647, 3.365, 5.004, 6.43, 7.56, 8.32, 8.72, 8.734, 8.45, 8.0, 7.375, 6.64, 5.79, 4.836, 3.74, 2.547, 1.244, -0.1061, -1.394, -2.512, -3.322, -3.672, -3.404, -2.518, -1.173, 0.3955, 1.814, 2.77, 3.086, 2.643, 1.632, 0.2299, -1.379, -3.08, -4.72, -6.227, -7.55, -8.586, -9.24, -9.57, -9.49, -9.11, -8.52, -7.86, -7.25, -6.836, -6.695, -7.027, -7.812, -9.086, -10.836, -12.97, -15.4, -18.1, -20.84, -23.47, -25.64, -27.12, -27.55, -26.77, -24.69, -21.34, -16.98, -11.89, -6.625, -1.7295, 2.504, 5.777, 7.895, 9.14, 9.53, 9.33, 8.734, 7.887, 6.945, 6.055, 5.29, 4.64, 4.14, 3.752, 3.398, 3.043, 2.607, 2.008, 1.199, 0.1443, -1.267, -3.05, -5.117, -7.49, -10.06, -12.83, -15.66, -18.52, -21.3, -23.97, -26.42, -28.58, -30.38, -31.75, -32.6, -32.88, -32.6, -31.7, -30.28, -28.3, -25.83, -22.86, -19.52, -15.86, -11.94, -7.887, -3.781, 0.2842, 4.23, 7.93, 11.3, 14.234, 16.77, 18.72, 20.11, 20.92, 21.1, 20.6, 19.47, 17.72, 15.445, 12.75, 9.98, 7.28, 4.848, 2.87, 1.381, 0.3618, -0.224, -0.4604, -0.4607, -0.363, -0.28, -0.2825, -0.46, -0.875, -1.585, -2.658, -4.06, -5.695, -7.48, -9.22, -10.58, -11.37, -11.36, -10.32, -8.14, -4.844, -0.6206, 4.145, 8.94, 13.23, 16.48, 18.34, 18.73, 17.88, 16.12, 13.734, 11.055, 8.22, 5.496, 3.049, 1.061, -0.2498, -0.7593, -0.4072, 0.6562
1.46, 2.71, 3.29, 3.105, 2.223, 0.9126, -0.5244, -1.688, -2.229, -2.03, -1.063, 0.4626, 2.148, 3.53, 4.3, 4.348, 3.738, 2.662, 1.369, 0.07587, -1.11, -2.02, -2.531, -2.611, -2.227, -1.39, -0.1362, 1.348, 2.951, 4.52, 5.89, 7.01, 7.793, 8.195, 8.21, 7.973, 7.523, 6.934, 6.203, 5.344, 4.35, 3.23, 2.006, 0.7207, -0.594, -1.834, -2.861, -3.553, -3.762, -3.363, -2.344, -0.8916, 0.783, 2.287, 3.314, 3.666, 3.271, 2.287, 0.901, -0.689, -2.377, -4.05, -5.68, -7.145, -8.336, -9.21, -9.74, -9.91, -9.71, -9.305, -8.76, -8.22, -7.836, -7.715, -7.957, -8.63, -9.78, -11.38, -13.375, -15.72, -18.3, -21.0, -23.61, -25.69, -27.11, -27.42, -26.55, -24.28, -20.8, -16.33, -11.2, -5.918, -1.0205, 3.12, 6.277, 8.35, 9.484, 9.81, 9.57, 8.93, 8.08, 7.188, 6.395, 5.707, 5.17, 4.75, 4.426, 4.113, 3.783, 3.38, 2.807, 2.031, 0.9966, -0.3684, -2.105, -4.14, -6.395, -8.91, -11.63, -14.51, -17.38, -20.23, -22.95, -25.55, -27.9, -29.88, -31.48, -32.5, -33.0, -32.97, -32.38, -31.14, -29.42, -27.14, -24.39, -21.2, -17.67, -13.83, -9.875, -5.785, -1.697, 2.271, 6.055, 9.6, 12.73, 15.46, 17.64, 19.3, 20.33, 20.72, 20.42, 19.45, 17.8, 15.55, 12.87, 10.09, 7.344, 4.848, 2.812, 1.223, 0.0979, -0.6074, -0.908, -0.958, -0.881, -0.7773, -0.791, -0.9624, -1.39, -2.186, -3.34, -4.78, -6.51, -8.32, -10.03, -11.336, -12.07, -11.945, -10.81, -8.555, -5.176, -0.891, 3.88, 8.74, 13.12, 16.4, 18.33, 18.81, 17.97, 16.22, 13.77, 10.99, 8.08, 5.297, 2.793, 0.7407, -0.6724, -1.301, -1.02, 0.0372
0.8784, 2.271, 3.002, 2.947, 2.172, 0.897, -0.4692, -1.581, -2.045, -1.72, -0.6104, 1.067, 2.855, 4.324, 5.15, 5.242, 4.62, 3.543, 2.26, 0.9165, -0.3296, -1.377, -2.05, -2.281, -2.053, -1.386, -0.3171, 1.024, 2.494, 3.986, 5.312, 6.434, 7.22, 7.63, 7.695, 7.484, 7.04, 6.457, 5.723, 4.836, 3.832, 2.684, 1.455, 0.1508, -1.126, -2.303, -3.24, -3.814, -3.893, -3.379, -2.252, -0.6694, 1.117, 2.719, 3.805, 4.19, 3.832, 2.885, 1.553, -0.01186, -1.713, -3.428, -5.11, -6.67, -8.02, -9.11, -9.875, -10.26, -10.25, -10.06, -9.664, -9.23, -8.88, -8.75, -8.93, -9.54, -10.586, -12.01, -13.86, -16.11, -18.64, -21.23, -23.73, -25.84, -27.1, -27.28, -26.17, -23.75, -20.19, -15.57, -10.42, -5.152, -0.2788, 3.785, 6.82, 8.805, 9.83, 10.07, 9.77, 9.13, 8.28, 7.445, 6.74, 6.152, 5.746, 5.42, 5.152, 4.87, 4.54, 4.125, 3.576, 2.816, 1.773, 0.4546, -1.183, -3.146, -5.38, -7.83, -10.47, -13.31, -16.2, -19.1, -21.92, -24.64, -27.12, -29.3, -31.05, -32.3, -33.06, -33.28, -32.84, -31.84, -30.3, -28.28, -25.69, -22.7, -19.28, -15.625, -11.76, -7.668, -3.613, 0.4294, 4.31, 7.957, 11.21, 14.14, 16.61, 18.5, 19.77, 20.42, 20.34, 19.56, 18.03, 15.914, 13.375, 10.62, 7.9, 5.418, 3.328, 1.651, 0.4424, -0.3499, -0.7812, -0.9326, -0.9053, -0.8784, -0.9717, -1.265, -1.837, -2.777, -4.082, -5.684, -7.527, -9.39, -11.11, -12.35, -12.94, -12.67, -11.41, -9.08, -5.66, -1.364, 3.467, 8.39, 12.77, 16.1, 18.08, 18.6, 17.83, 16.03, 13.54, 10.65, 7.664, 4.8, 2.285, 0.2223, -1.227, -1.918, -1.692, -0.626
0.208, 1.749, 2.654, 2.73, 2.076, 0.8823, -0.422, -1.465, -1.877, -1.463, -0.2402, 1.5625, 3.46, 5.04, 5.945, 6.094, 5.535, 4.496, 3.188, 1.813, 0.5034, -0.641, -1.496, -1.931, -1.88, -1.389, -0.5083, 0.6724, 2.021, 3.447, 4.75, 5.81, 6.582, 7.027, 7.14, 6.965, 6.547, 5.95, 5.215, 4.305, 3.262, 2.096, 0.862, -0.4417, -1.691, -2.803, -3.646, -4.098, -4.062, -3.422, -2.203, -0.51, 1.35, 3.02, 4.18, 4.605, 4.324, 3.418, 2.123, 0.5894, -1.092, -2.805, -4.52, -6.16, -7.664, -8.93, -9.91, -10.516, -10.766, -10.766, -10.57, -10.22, -9.97, -9.84, -10.0, -10.53, -11.445, -12.75, -14.49, -16.6, -19.0, -21.5, -23.92, -25.9, -27.08, -27.1, -25.8, -23.22, -19.45, -14.75, -9.53, -4.293, 0.5303, 4.47, 7.383, 9.24, 10.195, 10.375, 9.96, 9.31, 8.516, 7.758, 7.152, 6.684, 6.383, 6.125, 5.914, 5.67, 5.33, 4.902, 4.316, 3.537, 2.533, 1.239, -0.3562, -2.205, -4.355, -6.746, -9.33, -12.14, -15.02, -17.92, -20.83, -23.61, -26.22, -28.56, -30.52, -32.0, -32.9, -33.3, -33.16, -32.4, -31.11, -29.22, -26.86, -24.1, -20.8, -17.28, -13.46, -9.516, -5.465, -1.403, 2.605, 6.332, 9.77, 12.88, 15.57, 17.69, 19.23, 20.11, 20.31, 19.77, 18.5, 16.55, 14.15, 11.55, 8.914, 6.49, 4.44, 2.746, 1.451, 0.5415, -0.01715, -0.3208, -0.4768, -0.6333, -0.929, -1.421, -2.223, -3.408, -4.96, -6.797, -8.8, -10.73, -12.39, -13.56, -13.99, -13.58, -12.195, -9.734, -6.24, -1.936, 2.916, 7.82, 12.195, 15.53, 17.55, 18.12, 17.39, 15.56, 12.99, 10.016, 6.957, 4.062, 1.545, -0.499, -1.933, -2.645, -2.445, -1.377
-0.513, 1.142, 2.227, 2.45, 1.91, 0.8203, -0.4297, -1.398, -1.715, -1.213, 0.09143, 1.977, 3.99, 5.66, 6.67, 6.906, 6.4, 5.414, 4.15, 2.754, 1.36, 0.10846, -0.8887, -1.501, -1.653, -1.359, -0.6763, 0.315, 1.54, 2.863, 4.1, 5.156, 5.926, 6.38, 6.516, 6.395, 6.016, 5.426, 4.684, 3.762, 2.674, 1.485, 0.2277, -1.053, -2.273, -3.33, -4.09, -4.434, -4.258, -3.496, -2.158, -0.4082, 1.503, 3.22, 4.43, 4.914, 4.684, 3.83, 2.6, 1.105, -0.527, -2.219, -3.934, -5.645, -7.26, -8.69, -9.875, -10.734, -11.21, -11.45, -11.43, -11.25, -11.055, -10.98, -11.14, -11.61, -12.42, -13.63, -15.22, -17.2, -19.47, -21.92, -24.19, -26.02, -27.05, -26.89, -25.42, -22.58, -18.62, -13.805, -8.52, -3.31, 1.378, 5.17, 7.95, 9.7, 10.54, 10.65, 10.234, 9.586, 8.86, 8.164, 7.66, 7.33, 7.086, 6.895, 6.703, 6.46, 6.105, 5.645, 5.035, 4.2, 3.201, 1.974, 0.4263, -1.373, -3.424, -5.71, -8.22, -10.945, -13.83, -16.72, -19.69, -22.56, -25.31, -27.8, -29.84, -31.53, -32.7, -33.25, -33.28, -32.78, -31.66, -30.03, -27.89, -25.25, -22.22, -18.81, -15.11, -11.234, -7.23, -3.13, 0.8496, 4.695, 8.34, 11.61, 14.484, 16.86, 18.69, 19.88, 20.34, 20.11, 19.1, 17.38, 15.25, 12.82, 10.39, 8.125, 6.14, 4.477, 3.127, 2.113, 1.337, 0.802, 0.382, -0.0547, -0.6357, -1.443, -2.605, -4.176, -6.03, -8.13, -10.28, -12.28, -13.92, -14.97, -15.19, -14.59, -13.02, -10.46, -6.918, -2.607, 2.225, 7.06, 11.4, 14.76, 16.8, 17.36, 16.62, 14.77, 12.16, 9.1, 5.984, 3.074, 0.548, -1.434, -2.791, -3.47, -3.266, -2.182
-1.301, 0.5015, 1.754, 2.129, 1.688, 0.7173, -0.4426, -1.343, -1.601, -1.015, 0.3643, 2.328, 4.44, 6.19, 7.3, 7.62, 7.215, 6.29, 5.07, 3.684, 2.258, 0.9023, -0.2228, -1.022, -1.391, -1.319, -0.8564, -0.03705, 1.061, 2.254, 3.424, 4.445, 5.234, 5.72, 5.9, 5.8, 5.44, 4.87, 4.113, 3.17, 2.066, 0.8486, -0.4233, -1.703, -2.867, -3.875, -4.55, -4.758, -4.46, -3.605, -2.184, -0.364, 1.576, 3.338, 4.586, 5.11, 4.906, 4.125, 2.957, 1.506, -0.059, -1.709, -3.408, -5.145, -6.86, -8.42, -9.79, -10.87, -11.62, -12.07, -12.26, -12.25, -12.195, -12.18, -12.336, -12.734, -13.49, -14.586, -16.08, -17.92, -20.06, -22.33, -24.52, -26.19, -26.97, -26.61, -24.86, -21.86, -17.67, -12.766, -7.45, -2.26, 2.32, 5.98, 8.6, 10.19, 10.914, 10.94, 10.49, 9.875, 9.23, 8.664, 8.29, 8.07, 7.94, 7.785, 7.582, 7.273, 6.85, 6.336, 5.656, 4.81, 3.775, 2.574, 1.12, -0.578, -2.537, -4.71, -7.125, -9.79, -12.6, -15.516, -18.5, -21.42, -24.25, -26.84, -29.11, -30.94, -32.25, -33.06, -33.25, -32.94, -32.03, -30.61, -28.69, -26.27, -23.4, -20.17, -16.66, -12.86, -8.84, -4.824, -0.799, 3.146, 6.914, 10.35, 13.42, 16.08, 18.17, 19.61, 20.39, 20.45, 19.8, 18.42, 16.56, 14.4, 12.21, 10.17, 8.336, 6.734, 5.355, 4.184, 3.178, 2.36, 1.602, 0.7876, -0.1725, -1.408, -3.01, -4.98, -7.227, -9.6, -11.94, -13.97, -15.555, -16.44, -16.48, -15.66, -13.91, -11.22, -7.652, -3.346, 1.449, 6.223, 10.49, 13.78, 15.75, 16.3, 15.53, 13.65, 10.98, 7.867, 4.715, 1.788, -0.688, -2.584, -3.854, -4.426, -4.176, -3.059
-2.127, -0.1798, 1.222, 1.786, 1.47, 0.5815, -0.4902, -1.319, -1.521, -0.9053, 0.5425, 2.568, 4.754, 6.617, 7.83, 8.234, 7.938, 7.105, 5.926, 4.57, 3.133, 1.718, 0.4763, -0.4875, -1.079, -1.235, -0.976, -0.3245, 0.616, 1.693, 2.762, 3.744, 4.54, 5.05, 5.25, 5.188, 4.848, 4.285, 3.53, 2.572, 1.447, 0.2241, -1.082, -2.354, -3.47, -4.414, -5.004, -5.09, -4.656, -3.695, -2.201, -0.3523, 1.617, 3.385, 4.63, 5.184, 5.043, 4.32, 3.191, 1.819, 0.331, -1.266, -2.934, -4.676, -6.45, -8.125, -9.664, -10.95, -11.93, -12.61, -13.01, -13.2, -13.3, -13.375, -13.57, -13.945, -14.62, -15.63, -17.0, -18.73, -20.7, -22.86, -24.88, -26.36, -26.92, -26.25, -24.27, -20.98, -16.58, -11.49, -6.152, -1.041, 3.4, 6.902, 9.33, 10.77, 11.36, 11.28, 10.836, 10.24, 9.734, 9.336, 9.08, 8.94, 8.82, 8.69, 8.48, 8.11, 7.594, 6.984, 6.234, 5.344, 4.312, 3.139, 1.746, 0.1644, -1.659, -3.734, -6.082, -8.664, -11.39, -14.266, -17.25, -20.22, -23.14, -25.83, -28.2, -30.2, -31.7, -32.7, -33.12, -32.97, -32.28, -31.06, -29.33, -27.11, -24.42, -21.38, -17.97, -14.28, -10.42, -6.445, -2.389, 1.622, 5.45, 9.055, 12.305, 15.18, 17.5, 19.25, 20.4, 20.83, 20.52, 19.55, 18.08, 16.28, 14.41, 12.61, 10.97, 9.44, 8.03, 6.72, 5.492, 4.324, 3.152, 1.873, 0.3867, -1.36, -3.441, -5.855, -8.484, -11.164, -13.66, -15.734, -17.22, -17.95, -17.81, -16.78, -14.81, -12.01, -8.38, -4.074, 0.637, 5.32, 9.46, 12.59, 14.45, 14.945, 14.1, 12.164, 9.44, 6.285, 3.127, 0.219, -2.158, -3.936, -5.055, -5.496, -5.18, -3.984
-3.006, -0.9253, 0.631, 1.354, 1.224, 0.4465, -0.528, -1.284, -1.466, -0.8315, 0.6494, 2.705, 4.96, 6.92, 8.234, 8.75, 8.56, 7.805, 6.695, 5.39, 3.977, 2.541, 1.204, 0.0947, -0.6953, -1.093, -1.038, -0.579, 0.1987, 1.132, 2.137, 3.064, 3.824, 4.324, 4.562, 4.53, 4.223, 3.686, 2.943, 1.976, 0.8467, -0.4067, -1.71, -2.963, -4.08, -4.95, -5.43, -5.406, -4.867, -3.791, -2.246, -0.3433, 1.614, 3.35, 4.574, 5.15, 5.06, 4.387, 3.309, 2.033, 0.6514, -0.8647, -2.488, -4.24, -6.055, -7.86, -9.55, -11.01, -12.21, -13.125, -13.74, -14.125, -14.39, -14.59, -14.82, -15.22, -15.875, -16.8, -18.05, -19.66, -21.52, -23.44, -25.25, -26.53, -26.8, -25.84, -23.53, -19.92, -15.31, -10.1, -4.73, 0.3003, 4.566, 7.887, 10.13, 11.41, 11.836, 11.72, 11.3, 10.78, 10.39, 10.13, 9.984, 9.93, 9.84, 9.664, 9.375, 8.92, 8.33, 7.598, 6.746, 5.81, 4.78, 3.625, 2.273, 0.7964, -0.906, -2.861, -5.062, -7.52, -10.195, -13.02, -15.984, -18.97, -21.9, -24.73, -27.2, -29.36, -31.0, -32.16, -32.75, -32.78, -32.25, -31.28, -29.75, -27.73, -25.28, -22.47, -19.17, -15.63, -11.91, -7.94, -3.906, 0.0992, 3.998, 7.71, 11.13, 14.18, 16.8, 18.83, 20.28, 21.12, 21.25, 20.7, 19.62, 18.25, 16.73, 15.266, 13.85, 12.445, 11.02, 9.58, 8.086, 6.516, 4.875, 3.102, 1.073, -1.197, -3.797, -6.703, -9.76, -12.72, -15.375, -17.45, -18.83, -19.39, -19.03, -17.73, -15.59, -12.64, -8.96, -4.676, -0.07684, 4.395, 8.336, 11.31, 13.0, 13.34, 12.39, 10.36, 7.56, 4.418, 1.286, -1.5625, -3.852, -5.492, -6.414, -6.69, -6.258, -4.94
-3.895, -1.702, 0.015274, 0.909, 0.955, 0.3284, -0.554, -1.261, -1.42, -0.77, 0.7188, 2.78, 5.023, 7.086, 8.484, 9.125, 9.055, 8.4, 7.37, 6.133, 4.75, 3.326, 1.953, 0.717, -0.2439, -0.848, -1.007, -0.744, -0.1625, 0.622, 1.527, 2.412, 3.133, 3.645, 3.898, 3.883, 3.607, 3.098, 2.355, 1.384, 0.2365, -1.031, -2.342, -3.605, -4.67, -5.45, -5.805, -5.67, -5.043, -3.865, -2.24, -0.3433, 1.602, 3.281, 4.465, 5.01, 4.93, 4.32, 3.342, 2.146, 0.8364, -0.5796, -2.137, -3.863, -5.715, -7.6, -9.4, -11.06, -12.47, -13.586, -14.44, -15.07, -15.49, -15.81, -16.16, -16.58, -17.19, -18.05, -19.19, -20.62, -22.31, -24.05, -25.62, -26.61, -26.58, -25.28, -22.64, -18.72, -13.88, -8.54, -3.172, 1.735, 5.875, 8.95, 10.98, 12.06, 12.375, 12.26, 11.86, 11.484, 11.24, 11.125, 11.08, 11.06, 10.945, 10.66, 10.27, 9.695, 8.99, 8.125, 7.21, 6.223, 5.16, 4.035, 2.744, 1.352, -0.2202, -2.04, -4.11, -6.457, -9.01, -11.78, -14.69, -17.67, -20.62, -23.5, -26.1, -28.36, -30.16, -31.45, -32.22, -32.4, -32.16, -31.3, -29.98, -28.12, -25.89, -23.22, -20.19, -16.83, -13.24, -9.38, -5.434, -1.465, 2.465, 6.3, 9.86, 13.06, 15.9, 18.23, 20.06, 21.28, 21.83, 21.69, 21.12, 20.17, 19.05, 17.89, 16.75, 15.49, 14.11, 12.57, 10.79, 8.81, 6.695, 4.395, 1.846, -0.9814, -4.12, -7.52, -10.96, -14.19, -16.92, -19.02, -20.25, -20.62, -20.06, -18.6, -16.23, -13.16, -9.41, -5.184, -0.7827, 3.502, 7.227, 9.914, 11.375, 11.52, 10.4, 8.234, 5.367, 2.26, -0.8545, -3.578, -5.758, -7.23, -7.957, -8.04, -7.38, -5.953
-4.816, -2.451, -0.5713, 0.485, 0.692, 0.2161, -0.562, -1.219, -1.352, -0.7334, 0.7036, 2.754, 4.996, 7.062, 8.57, 9.33, 9.36, 8.83, 7.92, 6.76, 5.473, 4.098, 2.701, 1.37, 0.2754, -0.5166, -0.9155, -0.866, -0.4683, 0.1646, 0.9644, 1.776, 2.463, 2.979, 3.271, 3.273, 3.031, 2.537, 1.793, 0.837, -0.3154, -1.595, -2.93, -4.184, -5.19, -5.88, -6.133, -5.9, -5.156, -3.902, -2.236, -0.3303, 1.561, 3.166, 4.293, 4.832, 4.746, 4.188, 3.28, 2.172, 0.9517, -0.3667, -1.859, -3.55, -5.414, -7.38, -9.28, -11.09, -12.71, -14.05, -15.12, -15.93, -16.55, -17.02, -17.47, -17.95, -18.56, -19.38, -20.44, -21.72, -23.2, -24.73, -26.02, -26.7, -26.3, -24.58, -21.6, -17.33, -12.25, -6.824, -1.507, 3.309, 7.223, 10.06, 11.836, 12.734, 13.0, 12.89, 12.61, 12.38, 12.27, 12.28, 12.3, 12.24, 12.05, 11.68, 11.13, 10.42, 9.57, 8.63, 7.598, 6.566, 5.477, 4.34, 3.148, 1.843, 0.388, -1.28, -3.229, -5.434, -7.88, -10.55, -13.39, -16.31, -19.3, -22.2, -24.89, -27.25, -29.19, -30.6, -31.52, -31.84, -31.72, -31.11, -29.97, -28.33, -26.34, -23.89, -21.1, -17.88, -14.43, -10.77, -6.9, -2.98, 0.9688, 4.83, 8.48, 11.83, 14.86, 17.48, 19.62, 21.19, 22.19, 22.56, 22.44, 21.92, 21.19, 20.38, 19.47, 18.39, 17.11, 15.414, 13.414, 11.08, 8.5, 5.684, 2.627, -0.7207, -4.4, -8.26, -12.05, -15.47, -18.25, -20.28, -21.39, -21.55, -20.8, -19.12, -16.67, -13.445, -9.65, -5.516, -1.269, 2.732, 6.12, 8.55, 9.72, 9.555, 8.2, 5.91, 3.016, -0.11615, -3.162, -5.805, -7.8, -9.08, -9.62, -9.49, -8.625, -7.0
-5.758, -3.21, -1.145, 0.0824, 0.4343, 0.0982, -0.5645, -1.173, -1.289, -0.6914, 0.6514, 2.617, 4.82, 6.902, 8.48, 9.336, 9.48, 9.086, 8.3, 7.28, 6.1, 4.812, 3.432, 2.059, 0.8228, -0.1453, -0.766, -0.943, -0.7476, -0.2732, 0.414, 1.15, 1.814, 2.32, 2.635, 2.672, 2.459, 1.986, 1.257, 0.3223, -0.817, -2.12, -3.459, -4.703, -5.668, -6.254, -6.418, -6.082, -5.242, -3.928, -2.238, -0.382, 1.422, 2.959, 4.043, 4.547, 4.477, 3.943, 3.115, 2.117, 1.0205, -0.1868, -1.63, -3.307, -5.176, -7.152, -9.19, -11.15, -12.94, -14.48, -15.73, -16.77, -17.6, -18.23, -18.83, -19.4, -20.03, -20.8, -21.73, -22.88, -24.12, -25.38, -26.36, -26.67, -25.9, -23.81, -20.31, -15.74, -10.48, -4.934, 0.339, 4.953, 8.62, 11.21, 12.805, 13.54, 13.766, 13.72, 13.62, 13.516, 13.516, 13.58, 13.586, 13.44, 13.125, 12.625, 11.94, 11.08, 10.055, 9.01, 7.902, 6.8, 5.72, 4.613, 3.498, 2.275, 0.9243, -0.6074, -2.395, -4.47, -6.76, -9.3, -12.02, -14.914, -17.92, -20.83, -23.55, -25.98, -28.03, -29.6, -30.6, -31.06, -31.11, -30.64, -29.72, -28.34, -26.53, -24.33, -21.75, -18.75, -15.516, -12.02, -8.31, -4.47, -0.611, 3.244, 6.94, 10.42, 13.64, 16.48, 18.88, 20.81, 22.22, 23.05, 23.36, 23.31, 22.98, 22.48, 21.86, 20.92, 19.73, 17.98, 15.79, 13.11, 10.15, 6.88, 3.373, -0.48, -4.61, -8.85, -12.93, -16.5, -19.31, -21.25, -22.17, -22.17, -21.23, -19.4, -16.78, -13.48, -9.69, -5.656, -1.592, 2.146, 5.16, 7.184, 7.99, 7.555, 5.965, 3.494, 0.5044, -2.605, -5.562, -8.09, -9.92, -11.05, -11.414, -11.02, -9.94, -8.125
-6.715, -3.96, -1.708, -0.2856, 0.2405, 0.012634, -0.5444, -1.102, -1.235, -0.708, 0.5366, 2.402, 4.55, 6.582, 8.21, 9.164, 9.445, 9.164, 8.5, 7.62, 6.58, 5.402, 4.086, 2.729, 1.411, 0.2856, -0.5283, -0.937, -0.963, -0.661, -0.0934, 0.5596, 1.182, 1.676, 1.994, 2.082, 1.905, 1.453, 0.747, -0.1863, -1.31, -2.629, -3.967, -5.17, -6.08, -6.58, -6.645, -6.188, -5.234, -3.87, -2.213, -0.4314, 1.272, 2.725, 3.715, 4.184, 4.117, 3.629, 2.895, 2.03, 1.035, -0.08875, -1.464, -3.082, -4.96, -7.008, -9.1, -11.195, -13.15, -14.875, -16.38, -17.6, -18.6, -19.45, -20.16, -20.8, -21.47, -22.2, -23.06, -23.98, -25.03, -26.03, -26.67, -26.6, -25.38, -22.83, -18.89, -13.97, -8.484, -2.96, 2.26, 6.67, 10.1, 12.445, 13.81, 14.46, 14.72, 14.76, 14.83, 14.87, 14.94, 14.945, 14.87, 14.6, 14.125, 13.47, 12.6, 11.6, 10.48, 9.32, 8.16, 6.977, 5.863, 4.824, 3.764, 2.629, 1.403, -0.00411, -1.649, -3.533, -5.703, -8.086, -10.695, -13.55, -16.47, -19.36, -22.14, -24.66, -26.75, -28.4, -29.52, -30.16, -30.25, -29.97, -29.27, -28.08, -26.52, -24.58, -22.22, -19.45, -16.45, -13.164, -9.63, -5.945, -2.168, 1.609, 5.305, 8.88, 12.22, 15.22, 17.81, 20.06, 21.84, 23.06, 23.89, 24.27, 24.31, 24.17, 23.67, 23.02, 21.83, 20.05, 17.7, 14.81, 11.5, 7.887, 4.01, -0.2312, -4.76, -9.31, -13.6, -17.23, -20.0, -21.84, -22.66, -22.47, -21.31, -19.33, -16.61, -13.24, -9.44, -5.508, -1.67, 1.703, 4.305, 5.91, 6.312, 5.523, 3.656, 1.02, -2.018, -5.08, -7.992, -10.42, -12.19, -13.17, -13.32, -12.695, -11.32, -9.29
-7.676, -4.684, -2.217, -0.636, 0.04416, -0.06036, -0.528, -1.047, -1.193, -0.7217, 0.4229, 2.156, 4.223, 6.203, 7.81, 8.85, 9.24, 9.07, 8.55, 7.81, 6.93, 5.9, 4.688, 3.373, 2.027, 0.792, -0.1978, -0.8438, -1.087, -0.9663, -0.558, -0.006157, 0.5547, 1.029, 1.353, 1.479, 1.348, 0.946, 0.269, -0.6675, -1.813, -3.1, -4.414, -5.56, -6.41, -6.84, -6.79, -6.227, -5.184, -3.793, -2.176, -0.4788, 1.121, 2.467, 3.371, 3.783, 3.701, 3.27, 2.623, 1.8545, 0.985, -0.0378, -1.335, -2.898, -4.766, -6.85, -9.05, -11.22, -13.31, -15.266, -16.97, -18.36, -19.6, -20.62, -21.45, -22.2, -22.86, -23.55, -24.31, -25.1, -25.89, -26.6, -26.86, -26.36, -24.67, -21.61, -17.25, -12.02, -6.348, -0.766, 4.297, 8.445, 11.625, 13.695, 14.94, 15.54, 15.875, 16.08, 16.27, 16.4, 16.45, 16.4, 16.12, 15.68, 15.016, 14.16, 13.12, 11.99, 10.76, 9.52, 8.33, 7.145, 6.016, 4.97, 3.953, 2.947, 1.8125, 0.5464, -0.9316, -2.672, -4.656, -6.926, -9.43, -12.15, -15.0, -17.88, -20.7, -23.2, -25.34, -27.08, -28.3, -29.0, -29.22, -29.03, -28.47, -27.56, -26.22, -24.56, -22.45, -19.98, -17.23, -14.17, -10.84, -7.348, -3.754, -0.08673, 3.598, 7.16, 10.555, 13.67, 16.45, 18.95, 21.02, 22.66, 23.84, 24.64, 25.06, 25.17, 24.95, 24.4, 23.28, 21.55, 19.1, 16.02, 12.48, 8.63, 4.465, -0.04977, -4.824, -9.59, -14.01, -17.62, -20.34, -22.1, -22.77, -22.39, -21.1, -18.89, -16.06, -12.64, -8.91, -5.117, -1.572, 1.443, 3.63, 4.727, 4.676, 3.496, 1.401, -1.365, -4.438, -7.56, -10.44, -12.805, -14.5, -15.38, -15.34, -14.445, -12.83, -10.51
-8.664, -5.426, -2.723, -0.9614, -0.1548, -0.1433, -0.5264, -0.984, -1.137, -0.7236, 0.3254, 1.92, 3.842, 5.746, 7.336, 8.39, 8.85, 8.836, 8.44, 7.844, 7.125, 6.254, 5.184, 3.96, 2.623, 1.326, 0.1942, -0.653, -1.114, -1.194, -0.962, -0.554, -0.063, 0.4016, 0.736, 0.8623, 0.768, 0.3835, -0.2566, -1.154, -2.287, -3.543, -4.805, -5.88, -6.68, -7.01, -6.86, -6.203, -5.133, -3.746, -2.146, -0.5327, 0.955, 2.158, 2.95, 3.299, 3.23, 2.861, 2.307, 1.627, 0.877, -0.03644, -1.236, -2.754, -4.613, -6.715, -8.95, -11.266, -13.47, -15.586, -17.48, -19.1, -20.5, -21.7, -22.66, -23.47, -24.19, -24.81, -25.44, -26.06, -26.64, -27.08, -26.95, -26.0, -23.75, -20.17, -15.38, -9.83, -4.066, 1.479, 6.344, 10.266, 13.17, 15.04, 16.16, 16.81, 17.28, 17.64, 17.89, 18.05, 17.98, 17.75, 17.3, 16.62, 15.72, 14.664, 13.48, 12.26, 10.945, 9.66, 8.43, 7.242, 6.137, 5.105, 4.152, 3.21, 2.2, 1.044, -0.2937, -1.844, -3.654, -5.77, -8.16, -10.8, -13.55, -16.38, -19.11, -21.7, -23.88, -25.66, -26.9, -27.64, -27.97, -27.94, -27.56, -26.84, -25.69, -24.3, -22.45, -20.28, -17.81, -15.04, -11.99, -8.664, -5.254, -1.729, 1.797, 5.28, 8.62, 11.8, 14.76, 17.4, 19.75, 21.62, 23.23, 24.33, 25.11, 25.53, 25.58, 25.14, 24.12, 22.36, 19.88, 16.72, 13.03, 9.06, 4.766, 0.0683, -4.875, -9.74, -14.14, -17.72, -20.38, -22.0, -22.5, -22.0, -20.52, -18.2, -15.24, -11.83, -8.125, -4.54, -1.266, 1.392, 3.084, 3.707, 3.207, 1.668, -0.698, -3.682, -6.883, -10.07, -12.99, -15.36, -16.98, -17.72, -17.45, -16.27, -14.35, -11.75
-9.62, -6.152, -3.23, -1.29, -0.3425, -0.2273, -0.544, -0.935, -1.087, -0.7603, 0.1865, 1.636, 3.406, 5.21, 6.754, 7.832, 8.36, 8.44, 8.2, 7.758, 7.19, 6.484, 5.586, 4.465, 3.164, 1.824, 0.583, -0.4126, -1.081, -1.366, -1.33, -1.06, -0.6523, -0.2428, 0.07587, 0.2297, 0.1598, -0.2057, -0.818, -1.675, -2.764, -3.979, -5.17, -6.164, -6.855, -7.086, -6.855, -6.13, -5.027, -3.662, -2.12, -0.597, 0.761, 1.814, 2.477, 2.78, 2.734, 2.43, 1.967, 1.395, 0.759, -0.06143, -1.182, -2.646, -4.48, -6.6, -8.91, -11.28, -13.62, -15.86, -17.92, -19.73, -21.34, -22.67, -23.77, -24.66, -25.38, -25.98, -26.47, -26.94, -27.31, -27.38, -26.84, -25.36, -22.56, -18.48, -13.32, -7.51, -1.655, 3.838, 8.51, 12.16, 14.75, 16.5, 17.62, 18.39, 18.97, 19.38, 19.62, 19.67, 19.47, 18.98, 18.27, 17.33, 16.23, 14.98, 13.695, 12.375, 11.05, 9.74, 8.49, 7.297, 6.234, 5.24, 4.33, 3.459, 2.533, 1.493, 0.3164, -1.08, -2.744, -4.67, -6.918, -9.445, -12.08, -14.805, -17.5, -20.08, -22.31, -24.1, -25.42, -26.23, -26.61, -26.61, -26.36, -25.83, -24.94, -23.75, -22.23, -20.34, -18.16, -15.664, -12.84, -9.84, -6.67, -3.357, -0.03613, 3.312, 6.586, 9.73, 12.734, 15.51, 17.98, 20.12, 21.98, 23.39, 24.5, 25.11, 25.36, 25.08, 24.11, 22.42, 19.92, 16.77, 13.15, 9.19, 4.855, 0.1058, -4.88, -9.734, -14.08, -17.55, -20.08, -21.55, -21.92, -21.27, -19.62, -17.2, -14.17, -10.695, -7.1, -3.693, -0.7417, 1.474, 2.703, 2.88, 1.958, 0.01478, -2.697, -5.95, -9.43, -12.77, -15.78, -18.17, -19.69, -20.2, -19.66, -18.17, -15.9, -12.99
-10.484, -6.797, -3.682, -1.597, -0.543, -0.327, -0.589, -0.966, -1.11, -0.8184, 0.05038, 1.367, 2.977, 4.668, 6.15, 7.227, 7.81, 7.97, 7.848, 7.56, 7.152, 6.61, 5.895, 4.91, 3.682, 2.328, 0.9917, -0.1432, -1.017, -1.488, -1.646, -1.534, -1.253, -0.918, -0.6436, -0.4744, -0.5337, -0.8647, -1.453, -2.264, -3.291, -4.418, -5.52, -6.406, -6.953, -7.105, -6.793, -6.043, -4.906, -3.559, -2.102, -0.6875, 0.528, 1.448, 2.0, 2.254, 2.227, 1.988, 1.629, 1.163, 0.6323, -0.09125, -1.126, -2.54, -4.348, -6.477, -8.83, -11.26, -13.71, -16.03, -18.23, -20.25, -22.0, -23.52, -24.75, -25.72, -26.45, -27.02, -27.4, -27.69, -27.8, -27.52, -26.58, -24.52, -21.19, -16.55, -11.02, -5.027, 0.916, 6.23, 10.63, 14.05, 16.4, 18.11, 19.28, 20.17, 20.86, 21.28, 21.44, 21.3, 20.77, 19.98, 19.0, 17.81, 16.48, 15.15, 13.76, 12.375, 11.01, 9.734, 8.5, 7.324, 6.293, 5.348, 4.465, 3.639, 2.812, 1.902, 0.9004, -0.3328, -1.854, -3.658, -5.742, -8.07, -10.57, -13.234, -15.88, -18.44, -20.66, -22.48, -23.83, -24.7, -25.06, -25.17, -24.98, -24.6, -23.97, -22.98, -21.77, -20.16, -18.27, -16.0, -13.53, -10.8, -7.883, -4.875, -1.796, 1.344, 4.465, 7.527, 10.47, 13.26, 15.805, 18.14, 20.16, 21.81, 23.14, 23.97, 24.39, 24.17, 23.28, 21.64, 19.27, 16.25, 12.81, 9.01, 4.78, 0.09094, -4.816, -9.6, -13.74, -17.08, -19.42, -20.78, -21.08, -20.22, -18.4, -15.89, -12.78, -9.34, -5.844, -2.646, -0.02979, 1.743, 2.537, 2.232, 0.8213, -1.524, -4.703, -8.37, -12.27, -15.93, -19.05, -21.34, -22.66, -22.83, -21.92, -20.06, -17.42, -14.164
-11.26, -7.34, -4.07, -1.889, -0.7734, -0.523, -0.729, -1.052, -1.168, -0.88, -0.0737, 1.139, 2.61, 4.156, 5.53, 6.555, 7.164, 7.395, 7.383, 7.24, 6.984, 6.656, 6.1, 5.27, 4.15, 2.807, 1.43, 0.1842, -0.849, -1.527, -1.866, -1.935, -1.806, -1.589, -1.372, -1.233, -1.29, -1.607, -2.143, -2.906, -3.844, -4.87, -5.832, -6.61, -7.04, -7.086, -6.73, -5.926, -4.797, -3.494, -2.158, -0.864, 0.2306, 1.037, 1.514, 1.715, 1.696, 1.519, 1.255, 0.8945, 0.4675, -0.1628, -1.111, -2.463, -4.25, -6.383, -8.71, -11.18, -13.69, -16.17, -18.45, -20.61, -22.53, -24.17, -25.55, -26.62, -27.39, -27.86, -28.14, -28.25, -28.12, -27.45, -26.0, -23.42, -19.52, -14.41, -8.555, -2.396, 3.492, 8.63, 12.82, 15.99, 18.23, 19.92, 21.17, 22.17, 22.81, 23.12, 23.1, 22.69, 21.86, 20.77, 19.52, 18.14, 16.72, 15.21, 13.76, 12.36, 11.016, 9.7, 8.516, 7.395, 6.36, 5.44, 4.594, 3.791, 3.059, 2.293, 1.416, 0.3367, -1.017, -2.633, -4.56, -6.742, -9.11, -11.64, -14.234, -16.73, -18.98, -20.81, -22.17, -23.1, -23.47, -23.56, -23.48, -23.22, -22.73, -22.02, -21.03, -19.73, -18.06, -16.11, -13.88, -11.5, -8.93, -6.215, -3.418, -0.5503, 2.34, 5.207, 8.016, 10.72, 13.3, 15.625, 17.77, 19.56, 21.0, 22.03, 22.58, 22.48, 21.73, 20.2, 18.02, 15.31, 12.14, 8.6, 4.598, 0.0714, -4.703, -9.26, -13.2, -16.33, -18.56, -19.78, -19.92, -18.92, -17.0, -14.34, -11.16, -7.754, -4.375, -1.407, 0.879, 2.242, 2.588, 1.775, -0.1317, -3.086, -6.93, -11.25, -15.664, -19.67, -22.84, -24.95, -25.88, -25.58, -24.2, -21.84, -18.77, -15.2
-11.81, -7.742, -4.383, -2.137, -0.994, -0.7188, -0.904, -1.173, -1.25, -0.9727, -0.2172, 0.931, 2.273, 3.674, 4.938, 5.902, 6.496, 6.754, 6.844, 6.81, 6.746, 6.598, 6.23, 5.55, 4.543, 3.254, 1.876, 0.5464, -0.6064, -1.493, -2.04, -2.291, -2.326, -2.223, -2.092, -2.004, -2.07, -2.338, -2.832, -3.531, -4.395, -5.3, -6.15, -6.777, -7.11, -7.066, -6.613, -5.785, -4.68, -3.445, -2.21, -1.053, -0.0901, 0.5903, 1.001, 1.174, 1.165, 1.033, 0.825, 0.587, 0.2651, -0.2698, -1.134, -2.414, -4.13, -6.203, -8.57, -11.05, -13.62, -16.16, -18.55, -20.81, -22.88, -24.69, -26.16, -27.31, -28.12, -28.56, -28.78, -28.7, -28.27, -27.2, -25.22, -22.03, -17.58, -12.0, -5.84, 0.3706, 6.13, 11.06, 15.016, 17.97, 20.23, 21.94, 23.27, 24.25, 24.83, 24.94, 24.62, 23.86, 22.72, 21.39, 19.92, 18.36, 16.8, 15.234, 13.76, 12.36, 11.04, 9.76, 8.586, 7.496, 6.492, 5.586, 4.777, 4.01, 3.312, 2.654, 1.893, 0.92, -0.2312, -1.691, -3.436, -5.44, -7.64, -10.04, -12.56, -14.99, -17.23, -19.1, -20.52, -21.44, -21.88, -22.0, -21.89, -21.67, -21.33, -20.8, -20.03, -18.92, -17.56, -15.914, -13.984, -11.914, -9.67, -7.32, -4.848, -2.348, 0.2137, 2.832, 5.387, 7.934, 10.41, 12.695, 14.836, 16.73, 18.27, 19.38, 19.95, 20.0, 19.42, 18.14, 16.3, 13.98, 11.23, 8.016, 4.242, -0.08124, -4.594, -8.85, -12.5, -15.38, -17.47, -18.55, -18.53, -17.39, -15.37, -12.61, -9.36, -5.98, -2.738, 0.010666, 2.018, 3.012, 2.893, 1.546, -1.06, -4.906, -9.586, -14.67, -19.58, -23.78, -26.86, -28.55, -28.97, -28.12, -26.23, -23.4, -19.94, -15.98
-12.08, -7.953, -4.598, -2.36, -1.232, -0.959, -1.138, -1.374, -1.372, -1.049, -0.3486, 0.7236, 1.967, 3.225, 4.38, 5.273, 5.816, 6.11, 6.246, 6.332, 6.426, 6.465, 6.27, 5.75, 4.867, 3.664, 2.285, 0.8926, -0.354, -1.374, -2.107, -2.555, -2.752, -2.797, -2.762, -2.748, -2.842, -3.078, -3.506, -4.137, -4.918, -5.715, -6.426, -6.94, -7.15, -7.016, -6.516, -5.676, -4.63, -3.463, -2.336, -1.319, -0.4897, 0.0605, 0.3884, 0.551, 0.5776, 0.4802, 0.3694, 0.2389, 0.01454, -0.433, -1.208, -2.396, -4.035, -6.06, -8.38, -10.87, -13.45, -16.03, -18.56, -20.88, -23.08, -25.05, -26.62, -27.86, -28.69, -29.17, -29.23, -28.94, -28.17, -26.67, -24.16, -20.36, -15.33, -9.38, -3.018, 3.207, 8.81, 13.52, 17.22, 20.12, 22.33, 24.11, 25.44, 26.34, 26.77, 26.61, 25.95, 24.9, 23.53, 21.95, 20.28, 18.61, 16.94, 15.36, 13.85, 12.44, 11.086, 9.87, 8.73, 7.668, 6.676, 5.75, 4.957, 4.258, 3.605, 2.998, 2.312, 1.484, 0.4773, -0.81, -2.387, -4.19, -6.25, -8.52, -10.91, -13.25, -15.45, -17.36, -18.83, -19.8, -20.28, -20.39, -20.25, -20.05, -19.67, -19.25, -18.58, -17.69, -16.55, -15.15, -13.57, -11.78, -9.88, -7.934, -5.887, -3.809, -1.638, 0.608, 2.85, 5.12, 7.395, 9.53, 11.58, 13.414, 14.97, 16.11, 16.88, 17.06, 16.72, 15.805, 14.37, 12.484, 10.12, 7.266, 3.768, -0.2705, -4.484, -8.36, -11.62, -14.24, -16.16, -17.14, -17.02, -15.805, -13.61, -10.74, -7.473, -4.098, -0.979, 1.583, 3.326, 4.004, 3.39, 1.32, -2.209, -7.02, -12.586, -18.28, -23.5, -27.67, -30.44, -31.7, -31.5, -30.11, -27.7, -24.42, -20.61, -16.39
-12.06, -8.0, -4.727, -2.531, -1.481, -1.254, -1.447, -1.661, -1.573, -1.148, -0.4197, 0.583, 1.708, 2.84, 3.855, 4.63, 5.14, 5.42, 5.61, 5.797, 6.027, 6.215, 6.195, 5.848, 5.125, 4.016, 2.676, 1.268, -0.0547, -1.184, -2.082, -2.678, -3.05, -3.248, -3.352, -3.434, -3.566, -3.797, -4.17, -4.75, -5.42, -6.08, -6.67, -7.074, -7.207, -6.99, -6.426, -5.61, -4.613, -3.553, -2.555, -1.676, -0.9756, -0.513, -0.2416, -0.10254, -0.05026, -0.09607, -0.1242, -0.1921, -0.337, -0.6685, -1.33, -2.422, -3.951, -5.875, -8.16, -10.59, -13.21, -15.85, -18.4, -20.84, -23.12, -25.19, -26.97, -28.31, -29.19, -29.62, -29.56, -28.98, -27.88, -25.9, -22.78, -18.36, -12.86, -6.594, -0.0977, 6.086, 11.52, 15.95, 19.53, 22.34, 24.58, 26.33, 27.66, 28.39, 28.48, 28.06, 27.12, 25.84, 24.25, 22.53, 20.77, 19.0, 17.28, 15.61, 14.08, 12.64, 11.29, 10.04, 8.914, 7.887, 6.887, 5.984, 5.188, 4.508, 3.898, 3.332, 2.717, 2.006, 1.125, -0.012146, -1.403, -3.035, -4.945, -7.043, -9.305, -11.555, -13.71, -15.64, -17.17, -18.23, -18.75, -18.83, -18.61, -18.27, -17.84, -17.34, -16.72, -15.87, -14.84, -13.58, -12.21, -10.74, -9.234, -7.72, -6.11, -4.523, -2.857, -1.118, 0.7026, 2.592, 4.527, 6.42, 8.25, 9.99, 11.51, 12.734, 13.54, 13.96, 13.945, 13.375, 12.36, 10.91, 8.93, 6.402, 3.186, -0.5522, -4.395, -7.84, -10.73, -13.04, -14.76, -15.625, -15.414, -14.08, -11.81, -8.85, -5.508, -2.133, 0.925, 3.336, 4.863, 5.188, 3.99, 1.059, -3.516, -9.27, -15.5, -21.48, -26.75, -30.69, -33.0, -33.78, -33.06, -31.14, -28.3, -24.75, -20.7, -16.36
-11.7, -7.8, -4.71, -2.725, -1.805, -1.63, -1.815, -1.949, -1.774, -1.295, -0.512, 0.456, 1.483, 2.482, 3.348, 3.988, 4.426, 4.69, 4.926, 5.203, 5.535, 5.9, 6.055, 5.91, 5.316, 4.33, 3.06, 1.661, 0.2715, -0.9507, -1.973, -2.713, -3.244, -3.596, -3.834, -3.996, -4.184, -4.426, -4.793, -5.297, -5.86, -6.418, -6.883, -7.17, -7.22, -6.94, -6.37, -5.574, -4.668, -3.729, -2.838, -2.084, -1.51, -1.128, -0.9014, -0.7803, -0.731, -0.7124, -0.683, -0.687, -0.7676, -0.999, -1.533, -2.475, -3.885, -5.707, -7.906, -10.34, -12.945, -15.58, -18.2, -20.69, -23.08, -25.3, -27.17, -28.61, -29.52, -29.89, -29.67, -28.88, -27.33, -24.8, -21.11, -16.14, -10.164, -3.63, 2.883, 8.945, 14.16, 18.39, 21.81, 24.62, 26.86, 28.61, 29.77, 30.22, 30.08, 29.4, 28.25, 26.83, 25.16, 23.38, 21.48, 19.61, 17.8, 16.11, 14.484, 13.03, 11.64, 10.4, 9.23, 8.17, 7.195, 6.297, 5.48, 4.81, 4.207, 3.662, 3.104, 2.488, 1.742, 0.751, -0.4705, -1.951, -3.668, -5.58, -7.703, -9.87, -11.984, -13.92, -15.49, -16.62, -17.23, -17.34, -17.1, -16.61, -15.99, -15.3, -14.51, -13.52, -12.445, -11.234, -10.016, -8.766, -7.586, -6.47, -5.38, -4.324, -3.188, -1.966, -0.6533, 0.764, 2.275, 3.86, 5.41, 6.99, 8.4, 9.58, 10.49, 11.11, 11.3, 11.08, 10.43, 9.34, 7.7, 5.4, 2.479, -0.9194, -4.312, -7.28, -9.75, -11.766, -13.3, -14.04, -13.75, -12.38, -10.016, -6.965, -3.543, -0.10614, 2.95, 5.3, 6.62, 6.492, 4.547, 0.6733, -4.81, -11.17, -17.7, -23.69, -28.67, -32.2, -34.03, -34.34, -33.22, -31.02, -27.92, -24.23, -20.14, -15.86
-10.99, -7.457, -4.676, -2.914, -2.176, -2.104, -2.254, -2.273, -1.999, -1.427, -0.5713, 0.382, 1.304, 2.152, 2.82, 3.309, 3.65, 3.906, 4.176, 4.516, 4.97, 5.48, 5.82, 5.844, 5.42, 4.566, 3.363, 1.989, 0.5825, -0.7183, -1.823, -2.7, -3.354, -3.824, -4.164, -4.42, -4.656, -4.94, -5.312, -5.742, -6.234, -6.695, -7.04, -7.215, -7.176, -6.87, -6.324, -5.574, -4.742, -3.928, -3.178, -2.543, -2.086, -1.787, -1.626, -1.53, -1.489, -1.438, -1.368, -1.295, -1.304, -1.425, -1.84, -2.646, -3.896, -5.586, -7.656, -10.02, -12.61, -15.26, -17.92, -20.53, -22.95, -25.28, -27.31, -28.84, -29.8, -30.08, -29.64, -28.5, -26.53, -23.48, -19.2, -13.68, -7.332, -0.622, 5.88, 11.76, 16.73, 20.81, 24.14, 26.95, 29.22, 30.81, 31.72, 31.95, 31.53, 30.69, 29.48, 27.94, 26.2, 24.34, 22.4, 20.5, 18.58, 16.78, 15.11, 13.56, 12.12, 10.805, 9.61, 8.52, 7.523, 6.61, 5.785, 5.105, 4.48, 3.932, 3.432, 2.898, 2.262, 1.444, 0.3794, -0.946, -2.494, -4.242, -6.176, -8.24, -10.28, -12.23, -13.82, -15.04, -15.77, -16.02, -15.73, -15.12, -14.31, -13.305, -12.195, -10.98, -9.72, -8.46, -7.285, -6.2, -5.3, -4.566, -3.91, -3.324, -2.725, -2.033, -1.243, -0.291, 0.7993, 2.027, 3.3, 4.61, 5.88, 6.996, 7.926, 8.62, 8.984, 9.016, 8.63, 7.777, 6.316, 4.23, 1.587, -1.424, -4.332, -6.81, -8.84, -10.55, -11.87, -12.55, -12.195, -10.73, -8.26, -5.07, -1.529, 1.989, 5.11, 7.47, 8.54, 7.844, 5.117, 0.4138, -5.69, -12.305, -18.72, -24.4, -28.86, -31.95, -33.38, -33.28, -31.86, -29.52, -26.4, -22.78, -18.89, -14.85
-10.016, -6.94, -4.605, -3.158, -2.592, -2.605, -2.752, -2.648, -2.209, -1.517, -0.6304, 0.283, 1.111, 1.794, 2.26, 2.598, 2.82, 3.035, 3.338, 3.762, 4.324, 4.957, 5.46, 5.652, 5.4, 4.695, 3.592, 2.26, 0.8486, -0.5044, -1.678, -2.65, -3.395, -3.969, -4.395, -4.73, -5.01, -5.332, -5.688, -6.09, -6.504, -6.887, -7.156, -7.254, -7.137, -6.805, -6.28, -5.6, -4.863, -4.145, -3.531, -3.027, -2.682, -2.48, -2.365, -2.316, -2.291, -2.23, -2.146, -2.06, -2.012, -2.043, -2.334, -2.99, -4.035, -5.52, -7.402, -9.69, -12.22, -14.91, -17.6, -20.25, -22.81, -25.2, -27.33, -28.95, -29.9, -30.08, -29.44, -27.94, -25.5, -21.86, -17.02, -11.016, -4.363, 2.44, 8.84, 14.484, 19.3, 23.2, 26.53, 29.25, 31.39, 32.8, 33.5, 33.5, 32.97, 32.0, 30.72, 29.19, 27.42, 25.53, 23.53, 21.53, 19.52, 17.62, 15.85, 14.23, 12.69, 11.32, 10.08, 8.96, 7.918, 6.96, 6.113, 5.414, 4.773, 4.22, 3.75, 3.268, 2.748, 2.06, 1.149, 0.03165, -1.375, -2.988, -4.78, -6.69, -8.664, -10.52, -12.195, -13.53, -14.4, -14.75, -14.55, -13.93, -12.93, -11.67, -10.26, -8.79, -7.297, -5.906, -4.695, -3.7, -3.008, -2.582, -2.328, -2.16, -2.016, -1.755, -1.378, -0.813, -0.0558, 0.8145, 1.8, 2.86, 3.953, 4.918, 5.77, 6.477, 6.914, 7.047, 6.8, 6.062, 4.79, 2.928, 0.543, -2.03, -4.41, -6.42, -8.08, -9.43, -10.54, -11.12, -10.71, -9.17, -6.594, -3.252, 0.4631, 4.117, 7.38, 9.73, 10.54, 9.266, 5.844, 0.553, -5.812, -12.305, -18.38, -23.56, -27.53, -30.06, -31.06, -30.72, -29.19, -26.84, -23.9, -20.58, -17.0, -13.414
-8.83, -6.387, -4.547, -3.47, -3.125, -3.16, -3.215, -3.021, -2.46, -1.635, -0.7217, 0.153, 0.8657, 1.356, 1.639, 1.82, 1.916, 2.068, 2.402, 2.893, 3.566, 4.32, 4.97, 5.355, 5.293, 4.734, 3.766, 2.498, 1.1, -0.304, -1.532, -2.574, -3.404, -4.066, -4.543, -4.934, -5.277, -5.605, -5.953, -6.316, -6.684, -6.996, -7.215, -7.258, -7.098, -6.766, -6.27, -5.652, -5.01, -4.395, -3.871, -3.512, -3.268, -3.16, -3.117, -3.135, -3.168, -3.164, -3.105, -3.035, -2.95, -2.908, -3.068, -3.508, -4.312, -5.523, -7.23, -9.37, -11.81, -14.47, -17.19, -19.94, -22.53, -25.06, -27.28, -28.97, -29.9, -29.9, -29.03, -27.17, -24.19, -19.98, -14.58, -8.2, -1.353, 5.453, 11.71, 17.16, 21.73, 25.6, 28.8, 31.45, 33.44, 34.62, 35.1, 34.97, 34.3, 33.28, 32.0, 30.48, 28.69, 26.8, 24.77, 22.7, 20.64, 18.64, 16.73, 14.99, 13.37, 11.92, 10.59, 9.41, 8.336, 7.332, 6.45, 5.695, 5.055, 4.527, 4.082, 3.652, 3.191, 2.621, 1.853, 0.907, -0.325, -1.802, -3.469, -5.273, -7.125, -8.945, -10.61, -12.016, -13.05, -13.59, -13.56, -13.03, -12.0, -10.66, -9.055, -7.37, -5.72, -4.195, -2.941, -2.002, -1.468, -1.242, -1.269, -1.387, -1.549, -1.599, -1.496, -1.227, -0.7393, -0.11206, 0.607, 1.433, 2.299, 3.096, 3.844, 4.457, 4.836, 5.004, 4.8, 4.12, 3.012, 1.407, -0.6274, -2.74, -4.617, -6.156, -7.42, -8.555, -9.47, -9.86, -9.36, -7.777, -5.06, -1.533, 2.441, 6.383, 9.836, 12.11, 12.57, 10.734, 6.78, 1.302, -5.027, -11.25, -16.77, -21.39, -24.73, -26.77, -27.42, -26.9, -25.4, -23.22, -20.58, -17.64, -14.58, -11.586
-7.61, -5.85, -4.566, -3.887, -3.715, -3.768, -3.695, -3.354, -2.652, -1.729, -0.797, -0.00477, 0.543, 0.833, 0.937, 0.958, 0.9473, 1.031, 1.387, 1.929, 2.686, 3.55, 4.37, 4.94, 5.074, 4.703, 3.873, 2.688, 1.306, -0.1047, -1.399, -2.516, -3.46, -4.184, -4.72, -5.14, -5.492, -5.824, -6.13, -6.426, -6.77, -7.035, -7.207, -7.22, -7.066, -6.734, -6.258, -5.703, -5.14, -4.625, -4.23, -3.963, -3.826, -3.824, -3.873, -4.0, -4.13, -4.207, -4.227, -4.23, -4.137, -4.035, -4.055, -4.285, -4.812, -5.71, -7.145, -9.07, -11.39, -14.02, -16.81, -19.6, -22.27, -24.88, -27.14, -28.84, -29.72, -29.55, -28.34, -26.12, -22.64, -17.9, -12.04, -5.29, 1.675, 8.375, 14.43, 19.69, 24.14, 27.89, 31.08, 33.56, 35.3, 36.25, 36.5, 36.2, 35.44, 34.4, 33.16, 31.61, 29.92, 28.0, 25.98, 23.9, 21.77, 19.72, 17.73, 15.88, 14.14, 12.59, 11.195, 9.91, 8.76, 7.715, 6.81, 6.027, 5.36, 4.836, 4.38, 3.986, 3.586, 3.113, 2.48, 1.674, 0.605, -0.699, -2.193, -3.88, -5.645, -7.406, -9.086, -10.555, -11.72, -12.45, -12.68, -12.36, -11.51, -10.26, -8.66, -6.96, -5.23, -3.67, -2.398, -1.51, -1.017, -0.8696, -1.005, -1.246, -1.584, -1.806, -1.877, -1.8, -1.489, -1.111, -0.6055, -0.03427, 0.563, 1.181, 1.734, 2.209, 2.516, 2.627, 2.451, 1.951, 1.034, -0.2725, -1.843, -3.447, -4.85, -5.996, -7.01, -7.98, -8.72, -8.875, -8.2, -6.49, -3.588, 0.1797, 4.465, 8.695, 12.336, 14.54, 14.695, 12.45, 8.195, 2.674, -3.393, -9.24, -14.25, -18.2, -20.97, -22.56, -22.95, -22.36, -20.94, -19.05, -16.75, -14.32, -11.88, -9.625
-6.438, -5.426, -4.71, -4.33, -4.277, -4.348, -4.164, -3.629, -2.785, -1.808, -0.904, -0.223, 0.1523, 0.2385, 0.1571, 0.006824, -0.1129, -0.05557, 0.2786, 0.858, 1.68, 2.656, 3.635, 4.39, 4.742, 4.562, 3.883, 2.795, 1.472, 0.0718, -1.292, -2.506, -3.535, -4.332, -4.95, -5.383, -5.723, -6.016, -6.27, -6.54, -6.816, -7.035, -7.176, -7.16, -7.008, -6.688, -6.25, -5.75, -5.258, -4.85, -4.535, -4.363, -4.332, -4.43, -4.605, -4.89, -5.152, -5.402, -5.55, -5.65, -5.62, -5.504, -5.367, -5.37, -5.582, -6.133, -7.203, -8.86, -11.02, -13.59, -16.36, -19.17, -21.94, -24.62, -26.92, -28.62, -29.38, -29.02, -27.47, -24.77, -20.75, -15.57, -9.3, -2.402, 4.613, 11.24, 17.08, 22.11, 26.42, 30.11, 33.06, 35.4, 36.9, 37.62, 37.66, 37.22, 36.38, 35.34, 34.03, 32.5, 30.83, 29.02, 27.05, 24.98, 22.84, 20.77, 18.73, 16.78, 15.0, 13.35, 11.84, 10.45, 9.24, 8.125, 7.188, 6.383, 5.684, 5.14, 4.68, 4.28, 3.926, 3.512, 3.01, 2.334, 1.4, 0.2693, -1.09, -2.633, -4.27, -5.957, -7.605, -9.1, -10.38, -11.33, -11.81, -11.78, -11.24, -10.27, -8.93, -7.367, -5.703, -4.188, -2.94, -2.053, -1.54, -1.36, -1.499, -1.755, -2.094, -2.361, -2.531, -2.568, -2.469, -2.326, -2.078, -1.796, -1.469, -1.112, -0.7295, -0.4077, -0.138, -0.00918, -0.06174, -0.3643, -1.006, -1.934, -3.041, -4.1, -5.055, -5.94, -6.81, -7.688, -8.25, -8.24, -7.363, -5.383, -2.23, 1.87, 6.516, 11.12, 14.84, 16.95, 16.83, 14.36, 10.04, 4.645, -1.104, -6.508, -11.05, -14.49, -16.77, -17.94, -18.1, -17.48, -16.22, -14.6, -12.77, -10.914, -9.18, -7.664
-5.453, -5.094, -4.85, -4.77, -4.832, -4.855, -4.562, -3.889, -2.92, -1.91, -1.058, -0.507, -0.307, -0.4077, -0.673, -0.974, -1.206, -1.204, -0.9165, -0.3274, 0.5454, 1.604, 2.725, 3.656, 4.227, 4.273, 3.791, 2.842, 1.598, 0.2036, -1.206, -2.521, -3.662, -4.574, -5.26, -5.74, -6.055, -6.297, -6.504, -6.684, -6.883, -7.04, -7.105, -7.113, -6.953, -6.63, -6.242, -5.76, -5.312, -4.957, -4.727, -4.65, -4.707, -4.92, -5.293, -5.766, -6.246, -6.734, -7.137, -7.363, -7.434, -7.332, -7.055, -6.805, -6.63, -6.816, -7.473, -8.766, -10.68, -13.13, -15.88, -18.72, -21.6, -24.31, -26.64, -28.25, -28.88, -28.23, -26.36, -23.19, -18.73, -13.1, -6.48, 0.5435, 7.51, 13.914, 19.58, 24.45, 28.64, 32.1, 34.97, 37.0, 38.25, 38.72, 38.56, 37.9, 37.0, 35.84, 34.5, 33.0, 31.39, 29.69, 27.89, 25.92, 23.88, 21.81, 19.75, 17.78, 15.89, 14.11, 12.53, 11.06, 9.76, 8.59, 7.582, 6.746, 6.023, 5.414, 4.96, 4.58, 4.234, 3.883, 3.475, 2.914, 2.115, 1.134, -0.05692, -1.467, -2.979, -4.582, -6.19, -7.727, -9.1, -10.19, -10.93, -11.2, -11.03, -10.43, -9.42, -8.13, -6.727, -5.367, -4.19, -3.305, -2.738, -2.457, -2.473, -2.643, -2.9, -3.164, -3.395, -3.55, -3.67, -3.783, -3.889, -3.92, -3.908, -3.824, -3.656, -3.385, -3.086, -2.822, -2.695, -2.748, -3.057, -3.523, -4.043, -4.555, -5.117, -5.83, -6.69, -7.535, -8.03, -7.85, -6.72, -4.445, -0.9897, 3.465, 8.55, 13.51, 17.36, 19.34, 19.0, 16.44, 12.29, 7.09, 1.615, -3.412, -7.484, -10.48, -12.375, -13.29, -13.29, -12.68, -11.625, -10.32, -8.95, -7.67, -6.64, -5.92
-4.605, -4.773, -4.95, -5.145, -5.28, -5.227, -4.855, -4.082, -3.047, -2.02, -1.237, -0.833, -0.8096, -1.1, -1.532, -1.974, -2.31, -2.39, -2.166, -1.595, -0.7134, 0.392, 1.618, 2.715, 3.516, 3.824, 3.562, 2.814, 1.666, 0.2874, -1.16, -2.598, -3.895, -4.945, -5.715, -6.24, -6.56, -6.766, -6.887, -6.98, -7.055, -7.12, -7.12, -7.082, -6.895, -6.58, -6.176, -5.695, -5.27, -4.934, -4.72, -4.7, -4.86, -5.258, -5.867, -6.63, -7.465, -8.27, -9.016, -9.49, -9.695, -9.586, -9.164, -8.586, -8.04, -7.734, -7.94, -8.82, -10.43, -12.69, -15.375, -18.27, -21.16, -23.9, -26.23, -27.77, -28.19, -27.3, -25.08, -21.47, -16.56, -10.52, -3.742, 3.373, 10.234, 16.5, 21.92, 26.61, 30.6, 34.0, 36.56, 38.3, 39.28, 39.53, 39.1, 38.22, 37.16, 35.8, 34.4, 32.94, 31.52, 30.0, 28.39, 26.67, 24.75, 22.77, 20.77, 18.75, 16.78, 14.95, 13.234, 11.7, 10.31, 9.09, 8.016, 7.12, 6.336, 5.69, 5.21, 4.855, 4.53, 4.207, 3.861, 3.396, 2.725, 1.904, 0.863, -0.3875, -1.784, -3.295, -4.87, -6.42, -7.863, -9.08, -9.99, -10.57, -10.75, -10.49, -9.85, -8.95, -7.832, -6.69, -5.62, -4.742, -4.125, -3.742, -3.6, -3.643, -3.785, -3.994, -4.273, -4.61, -4.992, -5.46, -5.965, -6.42, -6.72, -6.867, -6.863, -6.566, -6.176, -5.723, -5.324, -5.008, -4.832, -4.71, -4.625, -4.633, -4.914, -5.59, -6.598, -7.547, -8.06, -7.734, -6.312, -3.66, 0.2128, 5.1, 10.586, 15.87, 19.86, 21.69, 21.17, 18.72, 14.836, 9.91, 4.723, -0.06067, -3.86, -6.547, -8.164, -8.914, -8.89, -8.336, -7.492, -6.508, -5.582, -4.844, -4.477, -4.45
-3.832, -4.395, -4.867, -5.285, -5.547, -5.473, -5.01, -4.168, -3.125, -2.146, -1.457, -1.188, -1.351, -1.817, -2.396, -2.977, -3.42, -3.61, -3.479, -2.97, -2.129, -1.006, 0.2783, 1.548, 2.59, 3.17, 3.2, 2.678, 1.675, 0.3564, -1.148, -2.732, -4.195, -5.383, -6.293, -6.887, -7.258, -7.44, -7.48, -7.426, -7.35, -7.293, -7.19, -7.062, -6.81, -6.457, -6.008, -5.504, -5.04, -4.64, -4.418, -4.453, -4.766, -5.406, -6.383, -7.566, -8.86, -10.16, -11.29, -12.086, -12.48, -12.36, -11.76, -10.86, -9.86, -9.016, -8.695, -9.06, -10.266, -12.24, -14.86, -17.75, -20.64, -23.39, -25.66, -27.05, -27.25, -26.11, -23.48, -19.45, -14.23, -7.895, -0.9346, 6.133, 12.81, 18.81, 24.1, 28.58, 32.47, 35.62, 37.94, 39.4, 40.1, 39.94, 39.2, 38.12, 36.78, 35.28, 33.8, 32.4, 31.08, 29.8, 28.53, 27.1, 25.44, 23.62, 21.67, 19.69, 17.72, 15.83, 14.03, 12.4, 10.93, 9.66, 8.52, 7.547, 6.695, 6.01, 5.49, 5.1, 4.793, 4.496, 4.21, 3.836, 3.287, 2.586, 1.672, 0.558, -0.702, -2.105, -3.61, -5.168, -6.617, -7.934, -9.02, -9.82, -10.266, -10.35, -10.05, -9.47, -8.66, -7.746, -6.824, -5.977, -5.33, -4.85, -4.566, -4.47, -4.523, -4.734, -5.14, -5.734, -6.47, -7.37, -8.31, -9.15, -9.72, -10.07, -10.08, -9.766, -9.195, -8.51, -7.684, -6.887, -6.07, -5.254, -4.555, -4.156, -4.293, -5.055, -6.293, -7.504, -8.16, -7.777, -6.06, -2.975, 1.385, 6.797, 12.734, 18.23, 22.23, 23.94, 23.36, 20.98, 17.39, 12.83, 7.926, 3.266, -0.4207, -2.99, -4.527, -5.22, -5.195, -4.707, -4.035, -3.365, -2.822, -2.584, -2.7, -3.18
-3.076, -3.904, -4.6, -5.2, -5.58, -5.535, -5.07, -4.203, -3.156, -2.229, -1.64, -1.534, -1.86, -2.455, -3.174, -3.904, -4.477, -4.805, -4.824, -4.457, -3.703, -2.604, -1.282, 0.12256, 1.389, 2.277, 2.643, 2.406, 1.629, 0.3796, -1.191, -2.889, -4.51, -5.902, -6.97, -7.68, -8.09, -8.24, -8.195, -8.01, -7.78, -7.555, -7.316, -7.05, -6.69, -6.227, -5.66, -5.062, -4.496, -4.023, -3.8, -3.92, -4.453, -5.46, -6.89, -8.57, -10.47, -12.31, -13.93, -15.12, -15.77, -15.664, -14.91, -13.63, -12.086, -10.664, -9.67, -9.44, -10.18, -11.86, -14.27, -17.06, -19.97, -22.7, -24.9, -26.17, -26.12, -24.66, -21.7, -17.38, -11.766, -5.21, 1.773, 8.74, 15.26, 20.98, 26.1, 30.45, 34.06, 37.0, 39.06, 40.2, 40.47, 40.06, 39.03, 37.62, 36.0, 34.3, 32.75, 31.31, 30.2, 29.19, 28.28, 27.23, 25.94, 24.36, 22.56, 20.64, 18.69, 16.75, 14.914, 13.21, 11.664, 10.25, 9.04, 7.992, 7.1, 6.367, 5.785, 5.36, 5.02, 4.758, 4.523, 4.207, 3.756, 3.168, 2.402, 1.4375, 0.2932, -0.9746, -2.398, -3.928, -5.4, -6.766, -7.996, -8.96, -9.664, -9.99, -9.98, -9.64, -9.055, -8.36, -7.562, -6.77, -6.08, -5.562, -5.207, -5.03, -5.074, -5.375, -5.984, -6.88, -8.03, -9.37, -10.7, -11.82, -12.67, -13.14, -13.125, -12.68, -11.86, -10.79, -9.5, -8.07, -6.527, -4.996, -3.705, -3.002, -3.076, -4.01, -5.55, -7.133, -8.08, -7.742, -5.777, -2.262, 2.61, 8.55, 14.84, 20.52, 24.53, 26.1, 25.47, 23.27, 19.92, 15.8, 11.08, 6.516, 2.826, 0.1764, -1.451, -2.174, -2.262, -1.934, -1.482, -1.054, -0.8276, -0.912, -1.365, -2.156
-2.42, -3.406, -4.305, -5.047, -5.527, -5.547, -5.074, -4.17, -3.102, -2.234, -1.765, -1.785, -2.209, -2.91, -3.775, -4.68, -5.46, -6.04, -6.316, -6.18, -5.562, -4.51, -3.129, -1.591, -0.0858, 1.134, 1.886, 2.006, 1.493, 0.3738, -1.214, -3.04, -4.848, -6.43, -7.67, -8.52, -8.99, -9.11, -8.99, -8.695, -8.336, -7.906, -7.46, -7.027, -6.492, -5.85, -5.09, -4.31, -3.572, -3.018, -2.824, -3.133, -3.994, -5.418, -7.332, -9.57, -12.03, -14.45, -16.67, -18.4, -19.4, -19.47, -18.53, -16.86, -14.72, -12.6, -10.89, -9.99, -10.15, -11.42, -13.59, -16.3, -19.16, -21.88, -23.98, -25.1, -24.81, -23.06, -19.77, -15.11, -9.28, -2.64, 4.34, 11.17, 17.48, 23.0, 27.9, 32.03, 35.44, 38.12, 39.84, 40.7, 40.66, 39.8, 38.47, 36.78, 34.84, 32.97, 31.2, 29.84, 28.78, 28.14, 27.61, 27.05, 26.19, 24.98, 23.42, 21.62, 19.72, 17.75, 15.84, 14.07, 12.44, 10.93, 9.625, 8.49, 7.508, 6.69, 6.06, 5.594, 5.27, 5.008, 4.773, 4.523, 4.176, 3.7, 3.06, 2.238, 1.245, 0.05927, -1.279, -2.693, -4.15, -5.562, -6.902, -8.04, -8.92, -9.42, -9.66, -9.55, -9.13, -8.56, -7.86, -7.137, -6.445, -5.902, -5.48, -5.29, -5.395, -5.816, -6.67, -7.914, -9.45, -11.15, -12.805, -14.17, -15.22, -15.68, -15.63, -14.97, -13.83, -12.3, -10.42, -8.29, -5.973, -3.785, -2.002, -1.096, -1.243, -2.41, -4.31, -6.348, -7.69, -7.508, -5.414, -1.5, 3.912, 10.336, 16.98, 22.81, 26.62, 28.08, 27.38, 25.36, 22.36, 18.56, 14.164, 9.71, 5.836, 2.934, 1.092, 0.1647, -0.1439, -0.0722, 0.1823, 0.4011, 0.4087, 0.1191, -0.5156, -1.406
-2.082, -3.105, -4.094, -4.94, -5.484, -5.527, -4.99, -4.023, -2.96, -2.115, -1.728, -1.8, -2.27, -3.102, -4.17, -5.363, -6.52, -7.477, -8.1, -8.22, -7.766, -6.773, -5.35, -3.656, -1.881, -0.2869, 0.874, 1.415, 1.226, 0.307, -1.247, -3.17, -5.133, -6.914, -8.305, -9.27, -9.81, -9.96, -9.8, -9.38, -8.84, -8.23, -7.56, -6.89, -6.113, -5.203, -4.195, -3.168, -2.223, -1.631, -1.531, -2.09, -3.324, -5.164, -7.48, -10.164, -13.12, -16.12, -18.98, -21.4, -22.95, -23.33, -22.45, -20.39, -17.64, -14.78, -12.3, -10.63, -10.19, -10.99, -12.83, -15.38, -18.17, -20.77, -22.81, -23.77, -23.28, -21.3, -17.72, -12.805, -6.83, -0.11035, 6.8, 13.42, 19.52, 24.81, 29.44, 33.4, 36.6, 38.94, 40.38, 40.9, 40.53, 39.38, 37.62, 35.66, 33.44, 31.3, 29.44, 27.97, 27.12, 26.77, 26.62, 26.5, 26.16, 25.36, 24.1, 22.47, 20.67, 18.73, 16.81, 14.97, 13.234, 11.66, 10.266, 9.016, 7.93, 7.07, 6.4, 5.883, 5.496, 5.2, 4.977, 4.76, 4.5, 4.145, 3.617, 2.922, 2.05, 1.02, -0.2141, -1.536, -2.959, -4.37, -5.754, -7.035, -8.07, -8.75, -9.14, -9.18, -8.94, -8.43, -7.8, -7.133, -6.465, -5.867, -5.44, -5.258, -5.44, -6.055, -7.164, -8.71, -10.56, -12.53, -14.375, -15.93, -16.98, -17.47, -17.3, -16.4, -14.875, -12.81, -10.3, -7.418, -4.383, -1.641, 0.407, 1.339, 1.039, -0.3667, -2.596, -5.05, -6.816, -6.926, -4.824, -0.58, 5.34, 12.17, 19.12, 25.0, 28.69, 29.88, 29.16, 27.25, 24.45, 21.02, 17.03, 12.73, 8.664, 5.395, 3.135, 1.854, 1.273, 1.08, 1.111, 1.089, 0.882, 0.444, -0.2069, -1.093
-2.3, -3.244, -4.195, -5.02, -5.508, -5.465, -4.824, -3.754, -2.623, -1.749, -1.38, -1.462, -1.994, -2.988, -4.367, -5.996, -7.645, -9.125, -10.19, -10.63, -10.445, -9.54, -8.055, -6.11, -3.977, -1.958, -0.3486, 0.651, 0.8203, 0.1731, -1.274, -3.236, -5.33, -7.25, -8.81, -9.88, -10.5, -10.66, -10.43, -9.94, -9.23, -8.43, -7.54, -6.586, -5.508, -4.266, -2.941, -1.637, -0.526, 0.0834, 0.02118, -0.822, -2.35, -4.48, -7.125, -10.14, -13.49, -17.08, -20.61, -23.75, -25.95, -26.81, -26.08, -23.9, -20.69, -17.1, -13.805, -11.36, -10.23, -10.5, -11.945, -14.21, -16.92, -19.45, -21.42, -22.22, -21.61, -19.34, -15.55, -10.45, -4.39, 2.318, 9.04, 15.46, 21.27, 26.4, 30.83, 34.53, 37.47, 39.53, 40.62, 40.78, 40.12, 38.66, 36.62, 34.22, 31.73, 29.4, 27.45, 26.02, 25.28, 25.11, 25.38, 25.72, 25.89, 25.58, 24.66, 23.33, 21.67, 19.75, 17.83, 15.914, 14.08, 12.414, 10.92, 9.586, 8.46, 7.52, 6.76, 6.17, 5.72, 5.395, 5.176, 4.973, 4.754, 4.473, 4.074, 3.51, 2.771, 1.87, 0.7866, -0.4448, -1.789, -3.188, -4.586, -5.92, -7.055, -7.91, -8.44, -8.64, -8.53, -8.13, -7.555, -6.887, -6.215, -5.617, -5.184, -5.047, -5.35, -6.113, -7.387, -9.14, -11.16, -13.22, -15.14, -16.78, -17.81, -18.19, -17.83, -16.7, -14.74, -12.08, -8.89, -5.37, -1.817, 1.224, 3.275, 4.094, 3.568, 1.894, -0.6245, -3.385, -5.527, -5.945, -3.926, 0.5347, 6.867, 14.086, 21.28, 27.11, 30.64, 31.62, 30.77, 28.81, 26.22, 23.1, 19.5, 15.47, 11.33, 7.664, 4.914, 3.184, 2.22, 1.731, 1.487, 1.269, 0.8354, 0.2374, -0.5107, -1.406
-3.05, -3.871, -4.68, -5.367, -5.68, -5.414, -4.574, -3.348, -2.06, -1.096, -0.641, -0.6875, -1.31, -2.535, -4.266, -6.43, -8.72, -10.83, -12.5, -13.48, -13.586, -12.81, -11.22, -9.0, -6.457, -3.969, -1.814, -0.3154, 0.3132, -0.01689, -1.297, -3.24, -5.39, -7.395, -9.055, -10.195, -10.86, -11.06, -10.836, -10.28, -9.44, -8.43, -7.277, -6.023, -4.598, -2.975, -1.301, 0.3025, 1.542, 2.105, 1.86, 0.7954, -0.954, -3.281, -6.11, -9.37, -13.12, -17.17, -21.31, -25.2, -28.12, -29.61, -29.23, -27.03, -23.45, -19.33, -15.31, -12.13, -10.28, -9.95, -10.984, -12.94, -15.375, -17.84, -19.75, -20.5, -19.7, -17.25, -13.32, -8.15, -2.068, 4.516, 11.125, 17.34, 22.9, 27.83, 32.0, 35.47, 38.06, 39.84, 40.6, 40.47, 39.4, 37.62, 35.25, 32.6, 29.89, 27.42, 25.39, 23.88, 23.25, 23.28, 23.89, 24.67, 25.33, 25.52, 25.1, 24.05, 22.56, 20.81, 18.9, 16.9, 15.016, 13.23, 11.65, 10.22, 9.0, 7.99, 7.14, 6.45, 5.93, 5.58, 5.312, 5.125, 4.957, 4.766, 4.47, 4.016, 3.432, 2.668, 1.724, 0.5835, -0.657, -1.975, -3.355, -4.707, -5.902, -6.906, -7.61, -7.965, -7.977, -7.7, -7.176, -6.527, -5.85, -5.23, -4.812, -4.71, -5.043, -5.895, -7.227, -8.99, -11.01, -13.05, -14.94, -16.5, -17.47, -17.72, -17.14, -15.68, -13.27, -10.03, -6.316, -2.324, 1.471, 4.47, 6.35, 6.836, 5.984, 4.05, 1.37, -1.571, -3.977, -4.7, -2.828, 1.834, 8.516, 16.08, 23.39, 29.17, 32.44, 33.25, 32.2, 30.14, 27.53, 24.7, 21.52, 17.89, 13.875, 9.89, 6.582, 4.246, 2.812, 2.027, 1.535, 1.1, 0.468, -0.3298, -1.27, -2.219
-4.125, -4.9, -5.535, -5.953, -5.94, -5.32, -4.152, -2.672, -1.206, -0.08136, 0.5703, 0.5947, -0.1163, -1.554, -3.674, -6.402, -9.375, -12.24, -14.65, -16.28, -16.81, -16.33, -14.72, -12.266, -9.3, -6.273, -3.535, -1.444, -0.3003, -0.2395, -1.281, -3.148, -5.28, -7.29, -8.945, -10.14, -10.84, -11.06, -10.875, -10.266, -9.32, -8.11, -6.723, -5.137, -3.328, -1.336, 0.729, 2.586, 3.9, 4.41, 4.0, 2.807, 0.937, -1.537, -4.547, -8.02, -12.04, -16.44, -21.11, -25.6, -29.25, -31.34, -31.47, -29.42, -25.77, -21.23, -16.67, -12.836, -10.33, -9.38, -9.87, -11.42, -13.586, -15.914, -17.83, -18.52, -17.69, -15.164, -11.17, -5.98, 0.05536, 6.504, 12.94, 18.89, 24.27, 28.95, 32.9, 36.12, 38.44, 39.94, 40.38, 39.88, 38.47, 36.34, 33.7, 30.77, 27.86, 25.28, 23.22, 21.8, 21.25, 21.44, 22.25, 23.47, 24.62, 25.28, 25.28, 24.64, 23.4, 21.78, 19.94, 18.0, 16.03, 14.14, 12.44, 10.91, 9.58, 8.484, 7.56, 6.793, 6.188, 5.77, 5.457, 5.27, 5.12, 5.0, 4.777, 4.426, 3.947, 3.338, 2.54, 1.546, 0.4312, -0.79, -2.092, -3.414, -4.63, -5.7, -6.56, -7.086, -7.246, -7.094, -6.684, -6.098, -5.434, -4.81, -4.37, -4.27, -4.582, -5.375, -6.66, -8.32, -10.18, -12.06, -13.77, -15.17, -15.97, -15.99, -15.13, -13.31, -10.5, -6.938, -2.848, 1.282, 5.008, 7.777, 9.26, 9.3, 8.13, 5.953, 3.127, 0.151, -2.303, -3.219, -1.526, 3.19, 10.11, 18.0, 25.47, 31.14, 34.22, 34.8, 33.56, 31.27, 28.56, 25.83, 23.0, 19.89, 16.17, 12.13, 8.336, 5.34, 3.328, 2.14, 1.441, 0.8345, 0.05154, -0.998, -2.17, -3.264
-5.234, -6.027, -6.508, -6.59, -6.145, -5.094, -3.523, -1.716, 0.001081, 1.405, 2.295, 2.443, 1.714, 0.09424, -2.443, -5.652, -9.29, -12.9, -16.08, -18.47, -19.7, -19.62, -18.17, -15.6, -12.33, -8.75, -5.38, -2.664, -0.9585, -0.4426, -1.19, -2.885, -4.926, -6.875, -8.48, -9.66, -10.38, -10.65, -10.48, -9.84, -8.836, -7.496, -5.863, -3.973, -1.768, 0.628, 3.043, 5.117, 6.496, 6.977, 6.53, 5.277, 3.316, 0.6704, -2.51, -6.168, -10.3, -14.91, -19.89, -24.81, -29.05, -31.81, -32.44, -30.83, -27.31, -22.64, -17.75, -13.47, -10.35, -8.77, -8.68, -9.74, -11.57, -13.71, -15.56, -16.34, -15.53, -13.03, -9.05, -3.893, 2.023, 8.27, 14.51, 20.25, 25.39, 29.88, 33.56, 36.53, 38.6, 39.78, 39.9, 39.1, 37.4, 34.97, 31.97, 28.84, 25.77, 23.16, 21.17, 19.84, 19.39, 19.73, 20.77, 22.14, 23.66, 24.78, 25.22, 25.03, 24.1, 22.73, 21.02, 19.11, 17.11, 15.17, 13.336, 11.7, 10.24, 9.02, 7.996, 7.15, 6.496, 6.004, 5.64, 5.414, 5.273, 5.137, 4.98, 4.727, 4.348, 3.855, 3.23, 2.402, 1.452, 0.338, -0.8604, -2.074, -3.252, -4.344, -5.293, -5.977, -6.332, -6.39, -6.145, -5.652, -5.03, -4.395, -3.908, -3.744, -3.945, -4.605, -5.74, -7.168, -8.71, -10.305, -11.734, -12.85, -13.37, -13.12, -11.98, -9.82, -6.79, -3.016, 1.111, 5.11, 8.516, 10.83, 11.836, 11.44, 9.945, 7.535, 4.57, 1.627, -0.75, -1.741, -0.1409, 4.523, 11.68, 19.77, 27.34, 32.94, 35.9, 36.34, 34.84, 32.28, 29.34, 26.52, 23.95, 21.3, 18.03, 14.21, 10.195, 6.613, 3.975, 2.324, 1.358, 0.6074, -0.2896, -1.475, -2.844, -4.188
-5.99, -6.89, -7.273, -7.02, -6.14, -4.652, -2.629, -0.4119, 1.667, 3.404, 4.55, 4.848, 4.133, 2.375, -0.4438, -4.09, -8.27, -12.58, -16.56, -19.75, -21.73, -22.27, -21.23, -18.8, -15.3, -11.26, -7.31, -3.975, -1.648, -0.6396, -0.997, -2.414, -4.285, -6.082, -7.582, -8.695, -9.41, -9.76, -9.63, -9.07, -8.016, -6.547, -4.684, -2.477, 0.0952, 2.9, 5.65, 7.906, 9.336, 9.836, 9.4, 8.12, 6.062, 3.287, 0.000611, -3.758, -7.96, -12.586, -17.67, -22.83, -27.5, -30.77, -32.0, -30.98, -27.94, -23.48, -18.52, -13.95, -10.414, -8.29, -7.566, -8.05, -9.43, -11.29, -13.02, -13.914, -13.29, -10.93, -7.055, -2.047, 3.729, 9.8, 15.77, 21.36, 26.28, 30.53, 34.03, 36.72, 38.56, 39.4, 39.28, 38.16, 36.16, 33.44, 30.27, 26.94, 23.86, 21.3, 19.36, 18.22, 17.8, 18.16, 19.25, 20.81, 22.53, 23.98, 24.9, 25.12, 24.66, 23.55, 22.0, 20.19, 18.25, 16.23, 14.305, 12.54, 11.0, 9.64, 8.484, 7.57, 6.812, 6.23, 5.84, 5.55, 5.395, 5.26, 5.16, 4.977, 4.69, 4.305, 3.807, 3.14, 2.348, 1.376, 0.3196, -0.766, -1.837, -2.893, -3.863, -4.67, -5.22, -5.527, -5.473, -5.176, -4.637, -4.01, -3.502, -3.21, -3.248, -3.66, -4.48, -5.53, -6.734, -7.957, -9.06, -9.82, -10.03, -9.48, -8.07, -5.695, -2.559, 1.207, 5.082, 8.72, 11.68, 13.54, 14.09, 13.375, 11.5, 8.75, 5.617, 2.65, 0.416, -0.4387, 1.172, 5.844, 13.11, 21.42, 29.11, 34.66, 37.5, 37.72, 35.97, 33.06, 29.83, 26.83, 24.39, 22.11, 19.47, 16.05, 12.11, 8.195, 4.94, 2.73, 1.409, 0.5195, -0.3835, -1.566, -3.064, -4.65
-6.18, -7.273, -7.65, -7.125, -5.863, -3.908, -1.453, 1.176, 3.705, 5.848, 7.277, 7.72, 7.086, 5.258, 2.262, -1.692, -6.363, -11.33, -16.05, -19.97, -22.73, -23.94, -23.48, -21.31, -17.83, -13.555, -9.164, -5.23, -2.293, -0.7656, -0.6914, -1.746, -3.371, -4.98, -6.29, -7.305, -8.02, -8.445, -8.43, -7.91, -6.867, -5.297, -3.22, -0.6875, 2.242, 5.383, 8.4, 10.82, 12.35, 12.91, 12.52, 11.25, 9.14, 6.316, 2.947, -0.8438, -5.043, -9.625, -14.625, -19.84, -24.64, -28.36, -30.23, -29.98, -27.61, -23.72, -19.05, -14.44, -10.64, -8.016, -6.67, -6.52, -7.336, -8.805, -10.38, -11.31, -10.94, -8.88, -5.223, -0.4114, 5.15, 10.98, 16.8, 22.12, 26.86, 30.94, 34.28, 36.75, 38.3, 38.9, 38.5, 37.12, 34.8, 31.89, 28.55, 25.14, 22.25, 19.81, 18.05, 16.95, 16.56, 16.88, 17.88, 19.4, 21.25, 22.97, 24.22, 24.89, 24.84, 24.11, 22.88, 21.23, 19.4, 17.38, 15.41, 13.55, 11.84, 10.31, 9.02, 8.01, 7.168, 6.496, 6.023, 5.69, 5.49, 5.35, 5.25, 5.145, 4.977, 4.703, 4.29, 3.771, 3.11, 2.338, 1.471, 0.58, -0.3538, -1.323, -2.287, -3.162, -3.89, -4.42, -4.625, -4.547, -4.188, -3.654, -3.123, -2.691, -2.52, -2.684, -3.12, -3.748, -4.582, -5.418, -6.113, -6.48, -6.36, -5.527, -3.896, -1.473, 1.636, 5.152, 8.664, 11.91, 14.414, 15.84, 16.02, 14.914, 12.56, 9.46, 6.12, 3.133, 1.069, 0.4553, 2.172, 6.887, 14.29, 22.78, 30.55, 36.16, 38.88, 38.97, 36.88, 33.62, 30.1, 26.9, 24.4, 22.4, 20.27, 17.5, 13.92, 9.945, 6.227, 3.467, 1.757, 0.713, -0.1393, -1.215, -2.742, -4.53
-5.848, -7.203, -7.62, -6.91, -5.305, -2.912, -0.01895, 3.086, 6.08, 8.59, 10.31, 10.914, 10.336, 8.516, 5.496, 1.375, -3.578, -9.0, -14.375, -19.06, -22.58, -24.55, -24.72, -23.03, -19.8, -15.445, -10.74, -6.367, -2.904, -0.849, -0.295, -0.9365, -2.193, -3.52, -4.652, -5.543, -6.23, -6.72, -6.81, -6.418, -5.418, -3.777, -1.52, 1.3125, 4.562, 8.016, 11.28, 13.85, 15.45, 16.1, 15.75, 14.53, 12.48, 9.69, 6.35, 2.537, -1.641, -6.113, -10.94, -15.984, -20.83, -24.8, -27.3, -27.88, -26.4, -23.33, -19.3, -15.04, -11.164, -8.18, -6.266, -5.445, -5.56, -6.445, -7.68, -8.63, -8.55, -6.926, -3.643, 0.9023, 6.26, 11.89, 17.42, 22.62, 27.25, 31.14, 34.28, 36.56, 37.9, 38.28, 37.7, 36.06, 33.56, 30.36, 26.97, 23.66, 20.9, 18.7, 17.12, 16.11, 15.664, 15.836, 16.69, 18.1, 19.86, 21.69, 23.17, 24.25, 24.6, 24.34, 23.48, 22.14, 20.5, 18.61, 16.6, 14.67, 12.84, 11.18, 9.72, 8.56, 7.562, 6.797, 6.223, 5.83, 5.59, 5.418, 5.33, 5.28, 5.2, 5.01, 4.707, 4.32, 3.807, 3.193, 2.516, 1.807, 1.038, 0.2131, -0.7095, -1.592, -2.42, -3.107, -3.582, -3.777, -3.63, -3.258, -2.732, -2.246, -1.913, -1.775, -1.842, -2.105, -2.49, -2.902, -3.186, -3.217, -2.822, -1.791, -0.0655, 2.332, 5.297, 8.57, 11.73, 14.586, 16.7, 17.78, 17.48, 15.89, 12.99, 9.42, 5.777, 2.768, 0.97, 0.7603, 2.723, 7.574, 15.08, 23.83, 31.75, 37.4, 40.06, 39.97, 37.53, 33.97, 30.08, 26.67, 24.1, 22.23, 20.52, 18.42, 15.41, 11.67, 7.793, 4.527, 2.336, 1.093, 0.2761, -0.634, -2.057, -3.945
-5.215, -6.812, -7.29, -6.47, -4.54, -1.718, 1.631, 5.215, 8.65, 11.54, 13.46, 14.22, 13.71, 12.0, 9.05, 4.98, -0.0766, -5.816, -11.65, -16.98, -21.22, -23.92, -24.77, -23.7, -20.86, -16.73, -11.97, -7.31, -3.457, -0.8965, 0.1594, 0.01162, -0.8345, -1.836, -2.701, -3.45, -4.098, -4.625, -4.85, -4.61, -3.71, -2.057, 0.32, 3.393, 6.96, 10.695, 14.164, 16.88, 18.58, 19.28, 19.02, 17.86, 15.92, 13.266, 10.01, 6.3, 2.246, -2.104, -6.754, -11.625, -16.36, -20.58, -23.58, -24.97, -24.6, -22.58, -19.45, -15.76, -12.12, -8.97, -6.617, -5.113, -4.508, -4.63, -5.312, -6.047, -6.18, -4.98, -2.248, 1.887, 6.95, 12.39, 17.81, 22.84, 27.34, 31.11, 34.12, 36.25, 37.47, 37.62, 36.88, 35.0, 32.25, 28.98, 25.55, 22.47, 19.97, 18.08, 16.66, 15.71, 15.17, 15.16, 15.7, 16.8, 18.38, 20.11, 21.86, 23.2, 23.97, 24.16, 23.73, 22.8, 21.42, 19.75, 17.86, 15.89, 13.99, 12.195, 10.6, 9.26, 8.11, 7.188, 6.484, 5.973, 5.66, 5.48, 5.375, 5.367, 5.348, 5.246, 5.055, 4.773, 4.406, 3.947, 3.451, 2.887, 2.209, 1.447, 0.592, -0.2544, -1.073, -1.831, -2.445, -2.822, -2.95, -2.787, -2.398, -1.899, -1.43, -1.03, -0.7856, -0.704, -0.7036, -0.71, -0.6113, -0.3845, 0.2512, 1.388, 3.16, 5.457, 8.25, 11.24, 14.16, 16.7, 18.42, 19.03, 18.19, 15.91, 12.375, 8.31, 4.406, 1.478, 0.0479, 0.3713, 2.773, 7.805, 15.51, 24.52, 32.62, 38.38, 40.97, 40.6, 37.9, 33.94, 29.78, 26.23, 23.61, 21.83, 20.4, 18.77, 16.4, 13.22, 9.47, 5.887, 3.18, 1.587, 0.7524, -0.010605, -1.238, -3.113
-4.49, -6.277, -6.863, -5.965, -3.709, -0.4631, 3.377, 7.414, 11.29, 14.46, 16.61, 17.45, 17.05, 15.42, 12.71, 8.79, 3.875, -1.888, -8.0, -13.83, -18.69, -22.1, -23.69, -23.23, -21.05, -17.34, -12.76, -8.08, -3.984, -0.9917, 0.5864, 0.9688, 0.6206, 0.0008545, -0.616, -1.178, -1.721, -2.213, -2.53, -2.482, -1.736, -0.1836, 2.262, 5.496, 9.31, 13.266, 16.9, 19.8, 21.58, 22.36, 22.23, 21.19, 19.36, 16.83, 13.81, 10.266, 6.355, 2.143, -2.318, -7.0, -11.66, -15.95, -19.39, -21.58, -22.23, -21.55, -19.56, -16.77, -13.63, -10.57, -7.926, -5.82, -4.4, -3.682, -3.607, -3.846, -3.898, -3.098, -0.9614, 2.611, 7.254, 12.47, 17.77, 22.73, 27.19, 30.84, 33.78, 35.78, 36.94, 37.0, 36.03, 33.94, 31.06, 27.7, 24.42, 21.62, 19.4, 17.78, 16.5, 15.57, 14.9, 14.625, 14.82, 15.56, 16.83, 18.47, 20.12, 21.67, 22.83, 23.4, 23.5, 23.0, 22.05, 20.72, 19.02, 17.17, 15.27, 13.414, 11.7, 10.19, 8.87, 7.766, 6.867, 6.188, 5.74, 5.496, 5.4, 5.395, 5.438, 5.42, 5.344, 5.19, 4.945, 4.61, 4.227, 3.688, 2.951, 2.06, 1.12, 0.2693, -0.434, -1.016, -1.492, -1.872, -2.139, -2.184, -1.998, -1.576, -1.068, -0.533, -0.057, 0.3005, 0.6255, 0.952, 1.313, 1.74, 2.53, 3.744, 5.51, 7.71, 10.336, 13.15, 15.81, 18.05, 19.3, 19.28, 17.69, 14.625, 10.41, 5.88, 1.841, -0.9443, -1.836, -0.795, 2.217, 7.68, 15.6, 24.8, 33.22, 39.1, 41.56, 40.94, 37.9, 33.53, 29.2, 25.58, 22.94, 21.17, 19.88, 18.64, 16.89, 14.35, 10.97, 7.316, 4.19, 2.135, 1.092, 0.4114, -0.59, -2.316
-3.748, -5.69, -6.42, -5.426, -2.87, 0.8154, 5.11, 9.62, 13.9, 17.38, 19.6, 20.53, 20.23, 18.8, 16.28, 12.64, 8.0, 2.457, -3.645, -9.74, -15.12, -19.16, -21.42, -21.77, -20.31, -17.23, -13.09, -8.65, -4.535, -1.268, 0.7856, 1.749, 1.945, 1.751, 1.4375, 1.175, 0.8525, 0.4868, 0.1627, 0.05124, 0.556, 1.913, 4.277, 7.57, 11.52, 15.64, 19.44, 22.42, 24.39, 25.33, 25.27, 24.42, 22.8, 20.45, 17.61, 14.24, 10.55, 6.547, 2.309, -2.238, -6.82, -11.164, -15.03, -17.97, -19.72, -20.25, -19.6, -17.97, -15.64, -12.94, -10.25, -7.727, -5.58, -4.008, -2.95, -2.445, -2.104, -1.37, 0.2471, 3.137, 7.277, 12.195, 17.33, 22.28, 26.73, 30.39, 33.28, 35.28, 36.34, 36.3, 35.16, 32.94, 29.92, 26.55, 23.45, 20.92, 19.02, 17.6, 16.44, 15.51, 14.69, 14.2, 14.06, 14.43, 15.3, 16.66, 18.22, 19.83, 21.23, 22.22, 22.7, 22.7, 22.22, 21.3, 20.0, 18.39, 16.61, 14.79, 13.06, 11.41, 9.9, 8.586, 7.453, 6.543, 5.92, 5.547, 5.367, 5.395, 5.492, 5.56, 5.605, 5.582, 5.445, 5.2, 4.777, 4.02, 2.955, 1.589, 0.2957, -0.6772, -1.183, -1.291, -1.262, -1.2705, -1.381, -1.485, -1.441, -1.141, -0.6934, -0.1528, 0.4238, 0.9517, 1.49, 1.978, 2.492, 3.068, 3.945, 5.234, 6.953, 9.07, 11.6, 14.195, 16.55, 18.36, 19.02, 18.16, 15.66, 11.625, 6.76, 1.971, -1.956, -4.28, -4.496, -2.582, 1.231, 7.203, 15.46, 24.95, 33.56, 39.44, 41.88, 40.9, 37.47, 32.84, 28.42, 24.84, 22.19, 20.42, 19.11, 18.03, 16.78, 14.93, 12.14, 8.71, 5.3, 2.77, 1.308, 0.547, -0.2242, -1.674
-3.09, -5.055, -5.94, -4.93, -2.059, 2.074, 6.832, 11.805, 16.4, 20.06, 22.44, 23.48, 23.31, 22.1, 19.77, 16.44, 12.125, 6.938, 1.071, -5.027, -10.68, -15.19, -18.12, -19.27, -18.6, -16.34, -12.984, -9.04, -5.188, -1.898, 0.4868, 1.98, 2.746, 3.07, 3.244, 3.375, 3.402, 3.303, 3.098, 2.945, 3.191, 4.26, 6.363, 9.53, 13.48, 17.67, 21.62, 24.78, 26.97, 28.06, 28.23, 27.55, 26.14, 24.0, 21.25, 18.06, 14.56, 10.836, 6.832, 2.582, -1.857, -6.254, -10.46, -14.086, -16.94, -18.7, -19.45, -19.16, -17.92, -15.984, -13.5, -10.805, -8.11, -5.676, -3.643, -2.127, -1.065, -0.0975, 1.313, 3.662, 7.164, 11.58, 16.55, 21.42, 25.92, 29.77, 32.66, 34.7, 35.72, 35.6, 34.34, 31.94, 28.86, 25.56, 22.62, 20.34, 18.66, 17.42, 16.33, 15.37, 14.44, 13.75, 13.3, 13.37, 13.86, 14.85, 16.17, 17.72, 19.23, 20.44, 21.33, 21.83, 21.84, 21.38, 20.53, 19.33, 17.84, 16.25, 14.59, 12.9, 11.3, 9.78, 8.38, 7.19, 6.28, 5.65, 5.312, 5.305, 5.453, 5.652, 5.824, 5.93, 5.914, 5.652, 4.98, 3.68, 1.77, -0.4666, -2.473, -3.705, -3.934, -3.33, -2.338, -1.457, -0.9575, -0.789, -0.695, -0.491, -0.138, 0.3076, 0.8125, 1.353, 1.918, 2.498, 3.098, 3.725, 4.62, 5.9, 7.598, 9.67, 12.07, 14.37, 16.28, 17.44, 17.06, 15.07, 11.39, 6.508, 1.181, -3.56, -6.97, -8.414, -7.67, -4.76, -0.04404, 6.51, 15.125, 24.89, 33.66, 39.6, 41.88, 40.5, 36.78, 31.95, 27.5, 23.98, 21.44, 19.6, 18.25, 17.17, 16.19, 14.9, 12.85, 9.914, 6.496, 3.5, 1.551, 0.5757, -0.0912, -1.234
-2.465, -4.348, -5.367, -4.406, -1.322, 3.184, 8.414, 13.78, 18.7, 22.52, 25.08, 26.33, 26.45, 25.44, 23.31, 20.12, 15.96, 11.14, 5.79, 0.02908, -5.633, -10.47, -14.04, -15.92, -16.1, -14.78, -12.375, -9.24, -5.984, -2.986, -0.5356, 1.312, 2.629, 3.582, 4.37, 5.062, 5.613, 5.965, 6.105, 6.105, 6.203, 6.918, 8.61, 11.38, 15.02, 19.17, 23.17, 26.6, 29.05, 30.45, 30.92, 30.56, 29.38, 27.44, 24.8, 21.61, 18.11, 14.6, 10.93, 7.055, 2.943, -1.35, -5.66, -9.79, -13.54, -16.64, -18.84, -20.05, -20.2, -19.3, -17.39, -14.81, -11.83, -8.68, -5.734, -3.176, -1.143, 0.4644, 2.006, 4.03, 6.977, 10.86, 15.484, 20.31, 24.84, 28.83, 31.89, 33.97, 34.97, 34.84, 33.53, 31.03, 27.9, 24.66, 21.88, 19.77, 18.27, 17.08, 16.06, 15.02, 14.04, 13.2, 12.57, 12.31, 12.5, 13.16, 14.164, 15.555, 17.02, 18.33, 19.48, 20.31, 20.77, 20.84, 20.55, 19.83, 18.81, 17.55, 16.12, 14.6, 12.984, 11.38, 9.77, 8.24, 6.945, 5.97, 5.37, 5.21, 5.38, 5.68, 5.996, 6.258, 6.31, 5.895, 4.723, 2.451, -0.7324, -4.316, -7.383, -9.08, -9.01, -7.387, -4.992, -2.752, -1.147, -0.3027, 0.05936, 0.3054, 0.5107, 0.7446, 1.098, 1.553, 2.104, 2.773, 3.365, 4.016, 4.88, 6.09, 7.734, 9.69, 11.86, 13.664, 14.766, 14.695, 12.984, 9.586, 4.727, -0.7285, -6.02, -10.24, -12.84, -13.21, -11.27, -7.22, -1.537, 5.76, 14.836, 24.8, 33.7, 39.56, 41.5, 39.8, 35.78, 30.97, 26.52, 23.02, 20.56, 18.77, 17.28, 16.05, 15.15, 14.28, 12.99, 10.76, 7.633, 4.39, 1.931, 0.567, -0.10815, -0.9395
-1.8545, -3.555, -4.656, -3.818, -0.6606, 4.17, 9.82, 15.484, 20.7, 24.75, 27.52, 29.14, 29.58, 28.86, 26.88, 23.72, 19.6, 14.94, 10.03, 4.867, -0.424, -5.32, -9.24, -11.83, -12.9, -12.65, -11.35, -9.33, -6.99, -4.66, -2.545, -0.6367, 1.066, 2.69, 4.266, 5.73, 7.008, 8.07, 8.766, 9.18, 9.4, 9.88, 11.04, 13.16, 16.28, 20.1, 24.02, 27.58, 30.33, 32.16, 33.06, 33.1, 32.28, 30.56, 28.0, 24.8, 21.23, 17.69, 14.195, 10.77, 7.203, 3.36, -0.8584, -5.18, -9.57, -13.664, -17.3, -20.05, -21.8, -22.25, -21.38, -19.34, -16.34, -12.83, -9.12, -5.598, -2.527, -0.013824, 2.045, 4.074, 6.633, 10.03, 14.26, 18.9, 23.53, 27.61, 30.84, 33.06, 34.12, 34.03, 32.62, 30.14, 27.03, 23.8, 21.11, 19.08, 17.61, 16.47, 15.42, 14.4, 13.35, 12.445, 11.79, 11.37, 11.31, 11.625, 12.36, 13.445, 14.73, 16.03, 17.23, 18.31, 19.11, 19.66, 19.88, 19.69, 19.19, 18.38, 17.34, 16.11, 14.73, 13.15, 11.46, 9.7, 8.03, 6.633, 5.7, 5.293, 5.344, 5.68, 6.113, 6.508, 6.555, 5.89, 3.967, 0.4421, -4.348, -9.586, -13.97, -16.25, -15.83, -13.07, -9.055, -5.09, -2.133, -0.3704, 0.4402, 0.727, 0.692, 0.567, 0.625, 0.9985, 1.695, 2.586, 3.414, 4.176, 5.082, 6.27, 7.754, 9.45, 10.98, 11.76, 11.336, 9.48, 5.99, 1.205, -4.402, -9.88, -14.6, -17.7, -18.94, -17.92, -14.66, -9.445, -2.848, 5.152, 14.664, 24.81, 33.72, 39.34, 40.94, 39.06, 34.84, 29.98, 25.58, 22.11, 19.62, 17.77, 16.2, 14.85, 13.875, 13.24, 12.53, 11.07, 8.56, 5.402, 2.566, 0.747, -0.0795, -0.676
-1.228, -2.611, -3.709, -3.045, 0.0079, 5.01, 10.945, 16.92, 22.28, 26.64, 29.73, 31.69, 32.53, 32.2, 30.33, 27.11, 22.84, 18.11, 13.46, 8.92, 4.375, -0.04932, -4.004, -7.03, -8.91, -9.72, -9.65, -8.96, -7.938, -6.742, -5.48, -4.027, -2.283, -0.1433, 2.309, 4.79, 7.105, 9.125, 10.66, 11.73, 12.34, 12.84, 13.59, 15.0, 17.3, 20.4, 23.95, 27.47, 30.5, 32.78, 34.2, 34.7, 34.38, 33.0, 30.7, 27.48, 23.77, 19.98, 16.5, 13.39, 10.39, 7.176, 3.53, -0.596, -5.16, -9.9, -14.57, -18.78, -22.1, -24.17, -24.66, -23.6, -21.03, -17.48, -13.34, -9.08, -5.12, -1.663, 1.174, 3.63, 6.11, 9.15, 12.96, 17.39, 21.92, 26.17, 29.58, 31.94, 33.2, 33.12, 31.78, 29.28, 26.17, 22.98, 20.28, 18.17, 16.66, 15.54, 14.484, 13.414, 12.4, 11.54, 10.914, 10.46, 10.29, 10.38, 10.805, 11.54, 12.51, 13.62, 14.83, 15.945, 16.98, 17.84, 18.5, 18.81, 18.88, 18.58, 18.02, 17.19, 16.11, 14.79, 13.18, 11.36, 9.45, 7.688, 6.312, 5.52, 5.375, 5.66, 6.17, 6.66, 6.676, 5.652, 2.898, -1.89, -8.32, -15.24, -20.92, -23.75, -23.03, -19.22, -13.6, -8.02, -3.74, -1.112, -0.007572, 0.01389, -0.6416, -1.476, -1.925, -1.607, -0.4817, 1.036, 2.64, 3.973, 5.145, 6.348, 7.58, 8.58, 8.8, 7.68, 5.047, 1.044, -4.14, -9.78, -15.32, -20.0, -23.36, -24.97, -24.58, -22.05, -17.52, -11.29, -3.812, 4.816, 14.69, 25.03, 33.75, 39.12, 40.44, 38.25, 34.0, 29.17, 24.61, 21.08, 18.5, 16.55, 14.93, 13.46, 12.39, 11.836, 11.56, 10.83, 9.07, 6.324, 3.406, 1.159, 0.0288, -0.443
-0.6514, -1.527, -2.459, -2.018, 0.7466, 5.668, 11.72, 17.81, 23.39, 27.97, 31.3, 33.7, 34.9, 34.8, 33.2, 30.02, 25.56, 20.53, 15.79, 11.734, 8.16, 4.684, 1.272, -1.737, -4.066, -5.766, -6.848, -7.58, -8.086, -8.43, -8.62, -8.35, -7.285, -5.11, -1.986, 1.626, 5.273, 8.53, 11.19, 13.18, 14.48, 15.24, 15.89, 16.75, 18.2, 20.4, 23.25, 26.31, 29.38, 31.97, 33.78, 34.84, 35.0, 34.1, 32.16, 29.22, 25.52, 21.48, 17.8, 14.71, 12.19, 9.75, 6.85, 3.361, -0.8657, -5.707, -10.945, -16.17, -20.86, -24.47, -26.5, -26.69, -25.06, -22.02, -17.83, -13.17, -8.5, -4.242, -0.59, 2.438, 5.195, 8.125, 11.63, 15.76, 20.22, 24.47, 28.05, 30.64, 32.03, 32.12, 30.84, 28.5, 25.34, 22.11, 19.22, 17.02, 15.414, 14.18, 13.086, 12.05, 11.11, 10.39, 9.84, 9.5, 9.34, 9.305, 9.484, 9.94, 10.555, 11.38, 12.36, 13.42, 14.484, 15.516, 16.42, 17.17, 17.72, 17.95, 17.84, 17.47, 16.8, 15.84, 14.53, 12.86, 10.96, 8.984, 7.24, 6.082, 5.586, 5.72, 6.22, 6.723, 6.656, 5.297, 1.891, -3.89, -11.57, -19.73, -26.39, -29.64, -28.73, -24.11, -17.42, -10.66, -5.426, -2.383, -1.445, -2.238, -4.156, -6.31, -7.71, -7.543, -5.71, -2.912, 0.07294, 2.613, 4.48, 5.766, 6.453, 6.074, 4.137, 0.539, -4.49, -10.34, -16.42, -21.8, -26.42, -29.61, -31.25, -31.14, -29.08, -25.16, -19.44, -12.34, -4.363, 4.8, 15.07, 25.4, 33.84, 38.75, 39.75, 37.6, 33.34, 28.39, 23.64, 19.8, 17.08, 15.06, 13.445, 11.92, 10.766, 10.2, 10.18, 10.055, 9.08, 6.98, 4.19, 1.679, 0.2346, -0.2583
-0.2223, -0.5347, -1.113, -0.788, 1.562, 6.094, 12.016, 18.17, 23.81, 28.52, 32.1, 34.66, 36.1, 36.16, 34.7, 31.66, 27.17, 21.88, 16.92, 13.05, 10.34, 8.12, 5.812, 3.451, 1.213, -0.854, -2.693, -4.51, -6.47, -8.54, -10.62, -12.266, -12.734, -11.41, -8.32, -3.887, 1.119, 5.88, 9.88, 12.98, 15.15, 16.45, 17.28, 17.88, 18.75, 20.1, 22.06, 24.45, 27.14, 29.67, 31.75, 33.2, 33.8, 33.34, 31.89, 29.36, 25.95, 21.92, 18.02, 14.84, 12.6, 10.83, 8.84, 6.25, 2.72, -1.739, -6.953, -12.6, -18.19, -23.08, -26.53, -28.14, -27.69, -25.42, -21.75, -17.11, -12.125, -7.332, -2.998, 0.6646, 3.797, 6.863, 10.25, 14.164, 18.47, 22.67, 26.33, 29.02, 30.58, 30.83, 29.77, 27.45, 24.36, 20.97, 17.84, 15.45, 13.71, 12.414, 11.336, 10.33, 9.51, 8.94, 8.58, 8.42, 8.305, 8.27, 8.31, 8.5, 8.805, 9.336, 10.05, 10.9, 11.88, 12.914, 13.93, 14.96, 15.82, 16.42, 16.75, 16.81, 16.55, 15.99, 15.07, 13.734, 12.09, 10.19, 8.305, 6.84, 6.0, 5.863, 6.227, 6.68, 6.543, 4.973, 1.244, -4.92, -13.086, -21.8, -28.83, -32.28, -31.22, -26.3, -19.16, -11.98, -6.555, -3.63, -3.414, -5.566, -9.305, -13.41, -16.27, -16.53, -14.13, -9.82, -4.996, -0.8247, 2.08, 3.49, 3.266, 1.028, -3.418, -9.555, -16.48, -23.1, -28.67, -33.03, -35.8, -37.12, -37.06, -35.28, -31.86, -26.7, -20.25, -12.68, -4.22, 5.22, 15.664, 25.81, 33.88, 38.44, 39.22, 37.06, 32.66, 27.34, 22.19, 18.1, 15.18, 13.15, 11.625, 10.19, 9.055, 8.47, 8.55, 8.8, 8.52, 7.168, 4.8, 2.264, 0.4966, -0.1512
-0.147, 0.0755, 0.06976, 0.459, 2.344, 6.258, 11.75, 17.7, 23.27, 28.03, 31.69, 34.28, 35.72, 35.8, 34.47, 31.53, 27.11, 21.73, 16.6, 12.75, 10.62, 9.586, 8.69, 7.453, 5.824, 3.994, 1.956, -0.4456, -3.32, -6.703, -10.58, -14.39, -17.11, -17.62, -15.445, -10.88, -4.973, 1.138, 6.484, 10.76, 13.875, 15.85, 17.06, 17.77, 18.38, 19.17, 20.39, 22.1, 24.11, 26.3, 28.33, 29.83, 30.66, 30.66, 29.58, 27.56, 24.62, 20.98, 17.08, 13.83, 11.734, 10.49, 9.41, 7.727, 5.098, 1.408, -3.205, -8.64, -14.47, -20.06, -24.69, -27.55, -28.38, -27.2, -24.27, -20.12, -15.25, -10.25, -5.594, -1.495, 2.03, 5.344, 8.76, 12.52, 16.67, 20.77, 24.36, 27.08, 28.8, 29.17, 28.28, 26.06, 22.88, 19.3, 15.98, 13.375, 11.57, 10.29, 9.25, 8.33, 7.633, 7.23, 7.066, 7.09, 7.12, 7.105, 7.113, 7.152, 7.27, 7.55, 7.965, 8.57, 9.33, 10.266, 11.266, 12.32, 13.336, 14.2, 14.82, 15.2, 15.28, 15.086, 14.555, 13.67, 12.38, 10.81, 9.12, 7.574, 6.492, 6.062, 6.215, 6.516, 6.28, 4.73, 1.168, -4.63, -12.42, -20.75, -27.45, -30.75, -29.67, -24.98, -18.19, -11.46, -6.49, -4.25, -5.055, -8.75, -14.52, -20.77, -25.4, -26.56, -23.94, -18.55, -12.0, -6.21, -2.299, -0.7935, -2.102, -6.312, -12.91, -20.62, -28.17, -34.3, -38.53, -41.2, -42.22, -41.84, -40.1, -37.03, -32.53, -26.73, -19.92, -12.19, -3.574, 5.992, 16.31, 26.06, 33.62, 37.78, 38.5, 36.2, 31.53, 25.73, 20.08, 15.69, 12.71, 10.805, 9.43, 8.195, 7.184, 6.66, 6.777, 7.28, 7.492, 6.81, 5.03, 2.686, 0.718, -0.1866
-0.542, 0.05307, 0.6743, 1.371, 2.98, 6.207, 10.9, 16.34, 21.64, 26.25, 29.9, 32.38, 33.7, 33.62, 32.16, 29.25, 24.92, 19.7, 14.62, 10.95, 9.195, 9.04, 9.38, 9.35, 8.64, 7.35, 5.535, 3.127, 0.03683, -3.92, -8.86, -14.35, -19.28, -22.05, -21.58, -17.8, -11.805, -4.984, 1.454, 6.727, 10.64, 13.28, 14.875, 15.805, 16.45, 17.1, 17.97, 19.19, 20.66, 22.3, 23.92, 25.25, 26.12, 26.33, 25.61, 24.05, 21.62, 18.42, 14.85, 11.75, 9.836, 9.0, 8.65, 7.832, 6.13, 3.412, -0.2625, -4.875, -10.29, -15.945, -21.12, -24.97, -26.92, -26.86, -24.97, -21.58, -17.22, -12.47, -7.805, -3.537, 0.1937, 3.672, 7.145, 10.86, 14.76, 18.61, 22.08, 24.8, 26.48, 27.02, 26.17, 23.89, 20.53, 16.78, 13.336, 10.72, 8.96, 7.797, 6.87, 6.137, 5.566, 5.32, 5.34, 5.484, 5.64, 5.746, 5.793, 5.766, 5.805, 5.91, 6.11, 6.477, 7.004, 7.684, 8.51, 9.49, 10.5, 11.45, 12.23, 12.8, 13.11, 13.15, 12.96, 12.45, 11.62, 10.57, 9.25, 7.875, 6.793, 6.17, 6.043, 6.16, 5.887, 4.52, 1.514, -3.385, -9.93, -17.0, -22.73, -25.52, -24.55, -20.44, -14.67, -9.05, -5.117, -3.809, -5.62, -10.51, -17.9, -26.0, -32.2, -34.47, -32.22, -26.34, -18.95, -12.13, -7.582, -6.26, -8.44, -13.836, -21.39, -29.58, -36.62, -41.5, -44.3, -45.16, -44.78, -43.1, -40.38, -36.44, -31.42, -25.47, -18.69, -11.08, -2.578, 6.992, 16.88, 26.03, 32.9, 36.66, 37.22, 34.5, 29.3, 22.86, 16.92, 12.48, 9.72, 8.09, 7.008, 6.09, 5.305, 4.883, 5.01, 5.582, 6.074, 5.938, 4.8, 2.854, 0.8286, -0.4514
-1.163, -0.55, 0.508, 1.611, 3.135, 5.715, 9.45, 14.06, 18.78, 23.05, 26.45, 28.72, 29.75, 29.55, 27.98, 24.95, 20.66, 15.73, 11.15, 7.895, 6.527, 6.938, 8.086, 8.94, 9.05, 8.336, 6.906, 4.875, 2.176, -1.4795, -6.383, -12.48, -18.78, -23.48, -25.02, -22.78, -17.62, -10.92, -4.24, 1.515, 5.906, 8.9, 10.88, 12.07, 12.91, 13.67, 14.54, 15.55, 16.67, 17.92, 19.17, 20.19, 20.89, 21.0, 20.48, 19.27, 17.22, 14.52, 11.47, 8.8, 7.203, 6.734, 6.88, 6.777, 5.86, 4.047, 1.441, -2.043, -6.41, -11.41, -16.42, -20.62, -23.42, -24.34, -23.45, -21.06, -17.55, -13.414, -9.13, -5.035, -1.326, 2.14, 5.582, 9.07, 12.69, 16.22, 19.42, 21.97, 23.56, 24.0, 22.94, 20.5, 16.98, 13.22, 9.9, 7.523, 6.04, 5.066, 4.35, 3.84, 3.465, 3.346, 3.447, 3.691, 3.938, 4.137, 4.215, 4.215, 4.203, 4.21, 4.305, 4.484, 4.84, 5.324, 5.973, 6.766, 7.6, 8.445, 9.2, 9.82, 10.24, 10.445, 10.45, 10.21, 9.77, 9.15, 8.3, 7.363, 6.496, 5.85, 5.562, 5.496, 5.2, 4.098, 1.846, -1.744, -6.53, -11.79, -16.12, -18.2, -17.34, -14.14, -9.68, -5.49, -2.809, -2.473, -4.918, -10.25, -18.23, -27.2, -34.4, -37.6, -35.97, -30.64, -23.4, -16.61, -12.15, -11.04, -13.42, -18.81, -26.2, -33.84, -40.12, -43.88, -45.4, -45.28, -43.75, -41.38, -38.03, -33.84, -28.8, -23.08, -16.6, -9.27, -1.164, 7.87, 17.0, 25.17, 31.16, 34.44, 34.47, 31.25, 25.34, 18.56, 12.73, 8.7, 6.434, 5.23, 4.547, 3.957, 3.48, 3.236, 3.375, 3.86, 4.43, 4.62, 4.027, 2.611, 0.783, -0.732
-1.718, -1.384, -0.302, 1.019, 2.54, 4.625, 7.5, 11.04, 14.875, 18.42, 21.33, 23.25, 24.03, 23.55, 21.78, 18.69, 14.695, 10.42, 6.715, 4.3, 3.438, 4.094, 5.5, 6.785, 7.35, 7.05, 6.06, 4.562, 2.61, -0.139, -4.035, -9.42, -15.69, -21.38, -24.56, -24.22, -20.6, -15.07, -9.05, -3.666, 0.6567, 3.69, 5.74, 7.156, 8.2, 9.22, 10.24, 11.3, 12.33, 13.336, 14.25, 14.95, 15.336, 15.32, 14.76, 13.64, 11.92, 9.734, 7.34, 5.336, 4.23, 4.062, 4.49, 4.793, 4.465, 3.418, 1.764, -0.503, -3.46, -7.21, -11.336, -15.21, -18.27, -19.9, -19.94, -18.58, -16.05, -12.79, -9.23, -5.633, -2.232, 0.9883, 4.156, 7.332, 10.56, 13.61, 16.31, 18.44, 19.64, 19.66, 18.23, 15.586, 12.15, 8.7, 5.914, 4.08, 2.963, 2.342, 1.927, 1.631, 1.423, 1.41, 1.563, 1.838, 2.086, 2.273, 2.354, 2.389, 2.383, 2.402, 2.457, 2.602, 2.793, 3.115, 3.549, 4.125, 4.73, 5.383, 5.99, 6.504, 6.93, 7.17, 7.26, 7.188, 6.99, 6.703, 6.242, 5.73, 5.246, 4.824, 4.527, 4.35, 4.01, 3.178, 1.653, -0.6084, -3.58, -6.832, -9.56, -10.8, -10.08, -7.754, -4.69, -2.02, -0.5786, -0.9673, -3.422, -8.25, -15.445, -23.9, -31.14, -34.84, -34.22, -30.03, -24.02, -18.19, -14.36, -13.22, -14.93, -19.2, -25.5, -32.25, -37.75, -41.1, -42.06, -41.4, -39.66, -37.03, -33.66, -29.64, -24.98, -19.7, -13.734, -7.086, 0.3323, 8.32, 16.25, 23.05, 28.08, 30.45, 29.66, 25.52, 19.33, 12.93, 7.87, 4.76, 3.234, 2.576, 2.246, 1.981, 1.783, 1.731, 1.873, 2.24, 2.686, 2.986, 2.809, 1.949, 0.514, -0.9854
-1.98, -1.956, -1.204, -0.0553, 1.286, 2.875, 4.938, 7.402, 10.1, 12.7, 14.83, 16.11, 16.44, 15.664, 13.83, 11.055, 7.863, 4.777, 2.324, 0.9155, 0.6187, 1.308, 2.537, 3.68, 4.273, 4.215, 3.607, 2.654, 1.472, -0.1346, -2.512, -6.125, -10.97, -16.12, -19.9, -21.1, -19.55, -15.984, -11.54, -7.258, -3.678, -0.9688, 0.928, 2.367, 3.57, 4.71, 5.797, 6.812, 7.72, 8.516, 9.09, 9.46, 9.555, 9.336, 8.68, 7.707, 6.305, 4.695, 3.12, 1.895, 1.343, 1.425, 1.907, 2.291, 2.258, 1.751, 0.864, -0.3616, -2.002, -4.258, -6.94, -9.79, -12.36, -14.1, -14.73, -14.25, -12.76, -10.54, -7.938, -5.18, -2.428, 0.2444, 2.85, 5.45, 8.0, 10.34, 12.3, 13.66, 14.15, 13.52, 11.78, 9.23, 6.37, 3.814, 1.933, 0.7925, 0.2013, -0.1273, -0.2793, -0.4182, -0.4702, -0.4114, -0.2465, -0.03522, 0.1554, 0.2917, 0.3633, 0.419, 0.4133, 0.424, 0.5044, 0.6016, 0.721, 0.9175, 1.175, 1.541, 1.95, 2.357, 2.736, 3.1, 3.396, 3.588, 3.674, 3.668, 3.61, 3.479, 3.324, 3.156, 2.977, 2.77, 2.596, 2.432, 2.1, 1.546, 0.672, -0.501, -1.956, -3.514, -4.8, -5.29, -4.68, -3.18, -1.387, -0.04803, 0.3909, -0.335, -2.309, -5.74, -10.88, -17.36, -23.42, -27.12, -27.45, -24.92, -20.69, -16.39, -13.26, -11.914, -12.57, -15.21, -19.81, -25.2, -29.97, -32.97, -34.22, -33.88, -32.44, -30.12, -27.17, -23.7, -19.75, -15.26, -10.164, -4.5, 1.727, 8.16, 14.39, 19.42, 22.84, 23.69, 21.7, 17.2, 11.7, 6.734, 3.281, 1.369, 0.585, 0.3508, 0.2764, 0.2585, 0.2522, 0.268, 0.405, 0.663, 0.9443, 1.219, 1.261, 0.8574, -0.0662, -1.217
-2.07, -2.152, -1.79, -1.084, -0.2327, 0.6953, 1.86, 3.23, 4.7, 6.08, 7.176, 7.71, 7.547, 6.75, 5.363, 3.588, 1.746, 0.1469, -0.958, -1.493, -1.495, -1.01, -0.2551, 0.3958, 0.784, 0.7964, 0.4705, -0.0168, -0.532, -1.17, -2.197, -3.879, -6.414, -9.58, -12.484, -14.125, -14.01, -12.45, -10.02, -7.418, -5.094, -3.271, -1.903, -0.826, 0.1008, 0.931, 1.689, 2.428, 2.994, 3.383, 3.62, 3.68, 3.607, 3.324, 2.826, 2.086, 1.248, 0.405, -0.34, -0.857, -1.049, -0.9033, -0.574, -0.2996, -0.2233, -0.4119, -0.7896, -1.256, -1.911, -2.875, -4.125, -5.6, -7.105, -8.28, -8.97, -8.984, -8.36, -7.21, -5.688, -4.016, -2.312, -0.5874, 1.032, 2.586, 4.137, 5.426, 6.344, 6.758, 6.633, 5.812, 4.344, 2.637, 0.984, -0.3574, -1.265, -1.769, -1.982, -2.055, -2.062, -2.068, -2.062, -2.025, -1.924, -1.8125, -1.696, -1.624, -1.581, -1.523, -1.517, -1.483, -1.41, -1.387, -1.306, -1.214, -1.068, -0.8945, -0.685, -0.4978, -0.2964, -0.10236, 0.0402, 0.127, 0.1582, 0.1932, 0.1934, 0.1521, 0.1273, 0.1093, 0.0866, 0.044, -0.0233, -0.1243, -0.3328, -0.6597, -1.05, -1.496, -1.991, -2.479, -2.81, -2.852, -2.443, -1.672, -0.8945, -0.44, -0.562, -1.22, -2.33, -4.0, -6.613, -10.125, -13.91, -16.7, -17.6, -16.52, -14.26, -11.664, -9.48, -8.09, -7.965, -9.2, -11.766, -15.09, -18.34, -20.77, -22.08, -22.3, -21.53, -20.12, -18.1, -15.65, -12.86, -9.65, -5.992, -2.027, 2.197, 6.305, 10.01, 12.7, 13.91, 13.29, 11.01, 7.625, 4.15, 1.449, -0.1675, -0.9844, -1.219, -1.236, -1.177, -1.104, -1.057, -1.015, -0.9277, -0.7847, -0.65, -0.521, -0.4507, -0.536, -0.933, -1.549
-2.242, -2.268, -2.164, -1.979, -1.749, -1.511, -1.209, -0.8765, -0.535, -0.227, -0.06287, -0.0655, -0.2352, -0.578, -1.013, -1.598, -2.04, -2.436, -2.695, -2.805, -2.734, -2.55, -2.334, -2.16, -2.055, -2.03, -2.107, -2.254, -2.38, -2.498, -2.705, -3.105, -3.758, -4.742, -5.703, -6.43, -6.57, -6.246, -5.434, -4.535, -3.717, -3.123, -2.666, -2.266, -1.966, -1.734, -1.553, -1.383, -1.246, -1.189, -1.201, -1.234, -1.311, -1.418, -1.63, -1.87, -2.076, -2.309, -2.484, -2.564, -2.58, -2.504, -2.398, -2.307, -2.275, -2.3, -2.36, -2.46, -2.58, -2.814, -3.146, -3.57, -3.965, -4.348, -4.586, -4.65, -4.47, -4.125, -3.666, -3.123, -2.584, -2.078, -1.605, -1.207, -0.855, -0.58, -0.46, -0.4744, -0.7188, -1.055, -1.621, -2.17, -2.64, -2.969, -3.182, -3.271, -3.303, -3.33, -3.283, -3.26, -3.242, -3.213, -3.156, -3.098, -3.076, -3.05, -3.041, -3.008, -2.992, -2.973, -2.947, -2.918, -2.873, -2.87, -2.826, -2.766, -2.725, -2.658, -2.6, -2.545, -2.498, -2.465, -2.451, -2.424, -2.4, -2.443, -2.426, -2.432, -2.44, -2.443, -2.443, -2.46, -2.525, -2.652, -2.74, -2.816, -2.904, -2.99, -3.037, -3.035, -2.908, -2.719, -2.537, -2.531, -2.688, -2.93, -3.242, -3.64, -4.273, -5.25, -6.47, -7.527, -7.93, -7.7, -6.926, -6.02, -5.08, -4.48, -4.4, -4.73, -5.492, -6.496, -7.63, -8.6, -9.2, -9.43, -9.14, -8.56, -7.67, -6.58, -5.31, -3.941, -2.492, -1.001, 0.4382, 1.568, 2.428, 2.863, 2.766, 2.268, 1.293, 0.11017, -0.9473, -1.688, -2.064, -2.188, -2.19, -2.182, -2.127, -2.072, -2.057, -2.037, -1.974, -1.907, -1.874, -1.837, -1.811, -1.772, -1.871, -2.068
