4.836, 4.88, 4.914, 4.934, 4.914, 4.9, 4.88, 4.86, 4.816, 4.78, 4.78, 4.773, 4.773, 4.715, 4.7, 4.684, 4.652, 4.703, 4.664, 4.67, 4.625, 4.6, 4.582, 4.59, 4.566, 4.57, 4.523, 4.484, 4.49, 4.46, 4.45, 4.418, 4.4, 4.39, 4.395, 4.387, 4.406, 4.426, 4.414, 4.42, 4.414, 4.39, 4.363, 4.363, 4.35, 4.31, 4.273, 4.293, 4.266, 4.234, 4.25, 4.207, 4.17, 4.11, 4.125, 4.14, 4.156, 4.15, 4.13, 4.195, 4.273, 4.4, 4.37, 4.414, 4.43, 4.44, 4.46, 4.465, 4.492, 4.484, 4.48, 4.54, 4.566, 4.688, 4.81, 4.83, 4.934, 5.047, 5.168, 5.195, 5.316, 5.44, 5.57, 5.645, 5.73, 5.734, 5.723, 5.76, 5.754, 5.742, 5.727, 5.703, 5.684, 5.676, 5.645, 5.645, 5.62, 5.6, 5.58, 5.555, 5.51, 5.445, 5.367, 5.266, 5.15, 5.066, 4.984, 4.918, 4.887, 4.87, 4.836, 4.805, 4.754, 4.73, 4.69, 4.695, 4.68, 4.664, 4.68, 4.67, 4.625, 4.633, 4.67, 4.62, 4.594, 4.613, 4.61, 4.62, 4.613, 4.64, 4.605, 4.562, 4.566, 4.527, 4.516, 4.508, 4.484, 4.492, 4.49, 4.508, 4.47, 4.496, 4.516, 4.523, 4.53, 4.496, 4.492, 4.49, 4.457, 4.453, 4.46, 4.438, 4.46, 4.457, 4.465, 4.47, 4.47, 4.492, 4.516, 4.54, 4.58, 4.598, 4.586, 4.605, 4.586, 4.617, 4.656, 4.695, 4.707, 4.742, 4.72, 4.75, 4.727, 4.742, 4.766, 4.793, 4.81, 4.82, 4.84, 4.805, 4.793, 4.742, 4.773, 4.703, 4.676, 4.664, 4.71, 4.773, 4.72, 4.777, 4.773, 4.664, 4.625, 4.6, 4.58, 4.586, 4.6, 4.637, 4.695, 4.76
4.242, 4.39, 4.484, 4.535, 4.523, 4.49, 4.438, 4.4, 4.332, 4.273, 4.21, 4.168, 4.13, 4.043, 4.01, 3.941, 3.914, 3.943, 3.912, 3.914, 3.875, 3.873, 3.86, 3.895, 3.898, 3.908, 3.875, 3.86, 3.88, 3.871, 3.871, 3.863, 3.863, 3.844, 3.885, 3.885, 3.9, 3.928, 3.94, 3.918, 3.906, 3.893, 3.879, 3.85, 3.842, 3.816, 3.781, 3.777, 3.727, 3.703, 3.676, 3.662, 3.58, 3.553, 3.443, 3.395, 3.408, 3.418, 3.447, 3.46, 3.553, 3.672, 3.748, 3.764, 3.773, 3.805, 3.773, 3.805, 3.824, 3.875, 3.799, 3.83, 3.846, 3.988, 4.03, 4.164, 4.188, 4.242, 4.31, 4.434, 4.453, 4.547, 4.58, 4.72, 4.746, 4.74, 4.734, 4.773, 4.76, 4.75, 4.742, 4.72, 4.688, 4.676, 4.656, 4.664, 4.64, 4.62, 4.605, 4.582, 4.54, 4.465, 4.383, 4.258, 4.13, 4.0, 3.926, 3.908, 3.89, 3.89, 3.863, 3.848, 3.8, 3.777, 3.75, 3.766, 3.77, 3.775, 3.793, 3.775, 3.725, 3.74, 3.783, 3.738, 3.707, 3.742, 3.754, 3.773, 3.787, 3.822, 3.82, 3.766, 3.762, 3.723, 3.73, 3.742, 3.734, 3.744, 3.744, 3.768, 3.732, 3.762, 3.781, 3.809, 3.832, 3.832, 3.836, 3.855, 3.846, 3.861, 3.896, 3.893, 3.953, 3.965, 3.969, 3.959, 3.969, 4.0, 4.086, 4.18, 4.273, 4.367, 4.395, 4.42, 4.465, 4.508, 4.535, 4.586, 4.637, 4.65, 4.645, 4.688, 4.695, 4.652, 4.617, 4.605, 4.58, 4.57, 4.527, 4.45, 4.375, 4.285, 4.17, 4.055, 3.99, 3.895, 3.816, 3.842, 3.875, 3.818, 3.727, 3.611, 3.61, 3.629, 3.588, 3.602, 3.709, 3.762, 3.902, 4.062
3.375, 3.604, 3.723, 3.805, 3.812, 3.781, 3.734, 3.693, 3.645, 3.545, 3.46, 3.383, 3.324, 3.238, 3.182, 3.11, 3.074, 3.082, 3.055, 3.053, 3.014, 2.996, 2.977, 3.0, 3.025, 3.043, 3.031, 3.053, 3.098, 3.121, 3.16, 3.15, 3.162, 3.166, 3.223, 3.24, 3.242, 3.28, 3.27, 3.258, 3.248, 3.258, 3.248, 3.22, 3.201, 3.2, 3.17, 3.158, 3.102, 3.076, 2.984, 2.957, 2.889, 2.832, 2.766, 2.662, 2.605, 2.623, 2.662, 2.654, 2.77, 2.83, 2.879, 2.885, 2.93, 3.0, 2.97, 3.035, 3.055, 3.037, 3.121, 3.15, 3.156, 3.242, 3.305, 3.32, 3.438, 3.455, 3.543, 3.545, 3.623, 3.648, 3.7, 3.79, 3.814, 3.809, 3.785, 3.812, 3.797, 3.793, 3.785, 3.758, 3.729, 3.703, 3.682, 3.68, 3.664, 3.633, 3.598, 3.553, 3.504, 3.438, 3.367, 3.254, 3.14, 3.027, 2.96, 2.95, 2.957, 2.955, 2.945, 2.926, 2.879, 2.855, 2.848, 2.87, 2.879, 2.88, 2.91, 2.904, 2.865, 2.879, 2.918, 2.875, 2.842, 2.885, 2.906, 2.928, 2.953, 2.992, 3.004, 2.965, 2.967, 2.941, 2.969, 2.994, 2.988, 2.992, 2.975, 2.988, 2.965, 2.996, 3.012, 3.035, 3.066, 3.082, 3.09, 3.123, 3.137, 3.164, 3.213, 3.215, 3.27, 3.293, 3.293, 3.268, 3.295, 3.326, 3.436, 3.55, 3.662, 3.756, 3.832, 3.865, 3.941, 3.992, 4.016, 4.047, 4.08, 4.1, 4.1, 4.137, 4.133, 4.117, 4.047, 4.0, 3.922, 3.879, 3.836, 3.676, 3.55, 3.42, 3.316, 3.166, 3.06, 2.93, 2.867, 2.838, 2.797, 2.75, 2.674, 2.566, 2.535, 2.559, 2.543, 2.59, 2.676, 2.777, 2.924, 3.145
2.652, 2.922, 3.06, 3.168, 3.18, 3.18, 3.145, 3.105, 3.057, 2.967, 2.88, 2.781, 2.688, 2.602, 2.535, 2.46, 2.426, 2.414, 2.371, 2.357, 2.324, 2.305, 2.27, 2.29, 2.316, 2.338, 2.367, 2.41, 2.488, 2.545, 2.602, 2.617, 2.652, 2.68, 2.717, 2.752, 2.762, 2.79, 2.785, 2.775, 2.783, 2.79, 2.781, 2.75, 2.729, 2.727, 2.723, 2.691, 2.59, 2.516, 2.469, 2.395, 2.33, 2.303, 2.227, 2.148, 2.06, 2.047, 2.102, 2.098, 2.18, 2.258, 2.248, 2.227, 2.246, 2.307, 2.34, 2.398, 2.486, 2.557, 2.576, 2.617, 2.607, 2.678, 2.736, 2.78, 2.812, 2.87, 2.893, 2.896, 2.965, 3.027, 3.023, 3.09, 3.117, 3.113, 3.074, 3.082, 3.07, 3.07, 3.059, 3.031, 3.004, 2.988, 2.955, 2.945, 2.938, 2.902, 2.85, 2.795, 2.74, 2.674, 2.617, 2.508, 2.396, 2.297, 2.256, 2.244, 2.285, 2.3, 2.281, 2.264, 2.213, 2.191, 2.201, 2.229, 2.23, 2.229, 2.244, 2.246, 2.248, 2.24, 2.273, 2.229, 2.195, 2.234, 2.268, 2.29, 2.312, 2.334, 2.344, 2.316, 2.348, 2.36, 2.383, 2.4, 2.4, 2.39, 2.383, 2.395, 2.375, 2.398, 2.422, 2.443, 2.473, 2.477, 2.488, 2.516, 2.547, 2.602, 2.645, 2.635, 2.666, 2.672, 2.68, 2.668, 2.705, 2.754, 2.871, 2.984, 3.104, 3.19, 3.273, 3.316, 3.352, 3.398, 3.43, 3.447, 3.488, 3.523, 3.512, 3.52, 3.52, 3.52, 3.459, 3.375, 3.312, 3.273, 3.146, 3.014, 2.85, 2.717, 2.576, 2.451, 2.367, 2.225, 2.135, 2.055, 1.984, 1.877, 1.826, 1.744, 1.707, 1.726, 1.71, 1.769, 1.854, 1.958, 2.127, 2.39
2.146, 2.383, 2.537, 2.633, 2.666, 2.666, 2.65, 2.617, 2.562, 2.479, 2.39, 2.293, 2.203, 2.1, 2.023, 1.972, 1.925, 1.891, 1.84, 1.814, 1.803, 1.801, 1.781, 1.801, 1.832, 1.85, 1.8955, 1.952, 2.035, 2.102, 2.164, 2.195, 2.238, 2.262, 2.307, 2.33, 2.363, 2.379, 2.402, 2.383, 2.383, 2.395, 2.367, 2.352, 2.352, 2.33, 2.336, 2.27, 2.209, 2.102, 2.06, 2.012, 1.94, 1.874, 1.784, 1.694, 1.649, 1.657, 1.648, 1.677, 1.713, 1.782, 1.775, 1.75, 1.774, 1.823, 1.899, 1.945, 2.008, 2.094, 2.137, 2.2, 2.191, 2.223, 2.223, 2.236, 2.32, 2.342, 2.395, 2.418, 2.445, 2.46, 2.465, 2.504, 2.53, 2.53, 2.496, 2.494, 2.488, 2.488, 2.473, 2.438, 2.42, 2.408, 2.387, 2.37, 2.363, 2.332, 2.277, 2.234, 2.188, 2.121, 2.057, 1.952, 1.829, 1.723, 1.686, 1.686, 1.741, 1.759, 1.74, 1.722, 1.682, 1.667, 1.681, 1.705, 1.711, 1.701, 1.699, 1.7, 1.715, 1.716, 1.733, 1.701, 1.676, 1.706, 1.744, 1.764, 1.78, 1.799, 1.806, 1.786, 1.826, 1.849, 1.871, 1.891, 1.896, 1.896, 1.898, 1.907, 1.892, 1.904, 1.927, 1.949, 1.967, 1.963, 1.967, 1.998, 2.025, 2.078, 2.133, 2.113, 2.12, 2.121, 2.129, 2.111, 2.152, 2.23, 2.33, 2.443, 2.557, 2.662, 2.736, 2.793, 2.836, 2.873, 2.889, 2.926, 2.982, 3.027, 3.014, 3.02, 3.027, 3.002, 2.926, 2.86, 2.816, 2.715, 2.576, 2.477, 2.324, 2.193, 2.043, 1.93, 1.847, 1.736, 1.615, 1.511, 1.419, 1.31, 1.228, 1.156, 1.125, 1.137, 1.127, 1.155, 1.26, 1.399, 1.596, 1.861
1.663, 1.878, 2.031, 2.135, 2.188, 2.207, 2.2, 2.168, 2.125, 2.047, 1.976, 1.887, 1.796, 1.688, 1.582, 1.516, 1.459, 1.428, 1.374, 1.368, 1.355, 1.353, 1.338, 1.364, 1.381, 1.412, 1.438, 1.504, 1.584, 1.66, 1.722, 1.757, 1.789, 1.835, 1.867, 1.923, 1.95, 1.979, 2.012, 1.993, 2.0, 1.992, 1.971, 1.956, 1.944, 1.9375, 1.928, 1.885, 1.826, 1.754, 1.712, 1.638, 1.586, 1.52, 1.398, 1.321, 1.331, 1.324, 1.294, 1.279, 1.318, 1.331, 1.341, 1.317, 1.296, 1.374, 1.449, 1.486, 1.558, 1.65, 1.715, 1.746, 1.747, 1.761, 1.78, 1.831, 1.863, 1.883, 1.924, 1.963, 1.966, 1.953, 2.008, 2.055, 2.053, 2.047, 2.016, 2.01, 1.996, 1.982, 1.967, 1.936, 1.921, 1.912, 1.8955, 1.865, 1.848, 1.811, 1.755, 1.705, 1.648, 1.578, 1.502, 1.399, 1.289, 1.2, 1.172, 1.1875, 1.244, 1.27, 1.266, 1.255, 1.219, 1.203, 1.214, 1.231, 1.223, 1.222, 1.229, 1.251, 1.277, 1.306, 1.317, 1.289, 1.273, 1.298, 1.324, 1.342, 1.352, 1.371, 1.378, 1.354, 1.394, 1.419, 1.439, 1.462, 1.494, 1.499, 1.502, 1.502, 1.475, 1.473, 1.494, 1.512, 1.537, 1.533, 1.525, 1.548, 1.576, 1.623, 1.672, 1.661, 1.654, 1.656, 1.671, 1.6875, 1.726, 1.804, 1.895, 1.989, 2.086, 2.182, 2.295, 2.371, 2.441, 2.465, 2.49, 2.514, 2.564, 2.564, 2.557, 2.55, 2.541, 2.53, 2.457, 2.389, 2.352, 2.25, 2.148, 2.043, 1.869, 1.747, 1.645, 1.505, 1.409, 1.287, 1.149, 1.062, 0.8975, 0.8027, 0.6997, 0.6343, 0.6133, 0.619, 0.626, 0.658, 0.7515, 0.9106, 1.106, 1.37
1.207, 1.432, 1.611, 1.713, 1.782, 1.825, 1.829, 1.808, 1.758, 1.693, 1.636, 1.549, 1.473, 1.3545, 1.238, 1.14, 1.076, 1.054, 1.014, 1.018, 1.014, 1.0, 0.9814, 0.993, 1.013, 1.05, 1.07, 1.13, 1.201, 1.252, 1.294, 1.333, 1.391, 1.439, 1.496, 1.552, 1.605, 1.631, 1.6875, 1.677, 1.656, 1.671, 1.624, 1.592, 1.592, 1.591, 1.57, 1.543, 1.512, 1.447, 1.386, 1.34, 1.278, 1.195, 1.096, 1.056, 1.035, 1.035, 0.9976, 1.009, 1.022, 0.9814, 0.9917, 0.987, 0.9688, 1.043, 1.127, 1.136, 1.187, 1.262, 1.353, 1.36, 1.372, 1.401, 1.408, 1.451, 1.502, 1.545, 1.591, 1.607, 1.59, 1.59, 1.669, 1.697, 1.692, 1.678, 1.642, 1.635, 1.615, 1.6, 1.584, 1.564, 1.551, 1.537, 1.525, 1.493, 1.457, 1.411, 1.356, 1.297, 1.227, 1.135, 1.041, 0.9385, 0.843, 0.7847, 0.78, 0.8037, 0.853, 0.8804, 0.896, 0.9014, 0.8643, 0.84, 0.8516, 0.8594, 0.8486, 0.8413, 0.852, 0.8843, 0.9214, 0.976, 0.9873, 0.9688, 0.962, 0.974, 0.9854, 0.998, 1.006, 1.024, 1.033, 1.004, 1.028, 1.063, 1.092, 1.118, 1.153, 1.168, 1.166, 1.154, 1.125, 1.116, 1.134, 1.152, 1.176, 1.179, 1.17, 1.19, 1.206, 1.24, 1.276, 1.265, 1.258, 1.252, 1.274, 1.309, 1.358, 1.46, 1.5625, 1.646, 1.745, 1.859, 1.972, 2.064, 2.125, 2.158, 2.209, 2.207, 2.207, 2.201, 2.174, 2.152, 2.139, 2.117, 2.086, 2.027, 1.984, 1.893, 1.791, 1.659, 1.551, 1.4375, 1.282, 1.162, 1.038, 0.903, 0.7754, 0.6436, 0.48, 0.387, 0.2778, 0.2146, 0.2084, 0.2207, 0.2351, 0.2651, 0.3435, 0.483, 0.6724, 0.9263
0.852, 1.066, 1.254, 1.369, 1.461, 1.506, 1.529, 1.521, 1.48, 1.418, 1.355, 1.282, 1.201, 1.098, 0.986, 0.9033, 0.8213, 0.7886, 0.778, 0.7793, 0.7627, 0.74, 0.73, 0.737, 0.756, 0.784, 0.819, 0.868, 0.922, 0.963, 0.9824, 1.0205, 1.078, 1.143, 1.204, 1.261, 1.309, 1.348, 1.391, 1.404, 1.374, 1.374, 1.337, 1.318, 1.313, 1.296, 1.266, 1.256, 1.232, 1.181, 1.143, 1.115, 1.029, 0.932, 0.8804, 0.831, 0.831, 0.8096, 0.794, 0.7705, 0.794, 0.758, 0.7495, 0.7275, 0.739, 0.77, 0.8687, 0.8735, 0.937, 0.974, 1.055, 1.041, 1.065, 1.089, 1.132, 1.192, 1.211, 1.264, 1.277, 1.276, 1.293, 1.317, 1.383, 1.395, 1.389, 1.367, 1.336, 1.326, 1.311, 1.297, 1.287, 1.273, 1.264, 1.244, 1.227, 1.199, 1.163, 1.113, 1.055, 0.992, 0.908, 0.81, 0.704, 0.6045, 0.5254, 0.484, 0.487, 0.5044, 0.5537, 0.582, 0.6064, 0.6147, 0.5854, 0.5605, 0.567, 0.5703, 0.5674, 0.5674, 0.5845, 0.607, 0.6514, 0.6997, 0.718, 0.7056, 0.7036, 0.7104, 0.7227, 0.7305, 0.739, 0.7534, 0.7456, 0.724, 0.7344, 0.7617, 0.7974, 0.8276, 0.858, 0.8765, 0.877, 0.8574, 0.843, 0.828, 0.8354, 0.85, 0.867, 0.8687, 0.861, 0.8774, 0.889, 0.91, 0.943, 0.9263, 0.916, 0.896, 0.9077, 0.945, 1.012, 1.124, 1.243, 1.35, 1.448, 1.559, 1.671, 1.767, 1.798, 1.857, 1.902, 1.916, 1.907, 1.9, 1.862, 1.814, 1.797, 1.769, 1.762, 1.718, 1.651, 1.584, 1.492, 1.408, 1.289, 1.164, 1.027, 0.914, 0.7744, 0.6436, 0.4946, 0.3179, 0.1941, 0.0825, -0.01564, -0.06836, -0.06854, -0.05804, -0.0467, -0.001269, 0.0642, 0.1808, 0.361, 0.5884
0.5586, 0.78, 0.9443, 1.075, 1.175, 1.23, 1.258, 1.26, 1.229, 1.172, 1.115, 1.05, 0.969, 0.8735, 0.782, 0.686, 0.6016, 0.563, 0.5483, 0.552, 0.5366, 0.51, 0.496, 0.5, 0.528, 0.5474, 0.585, 0.629, 0.682, 0.7183, 0.7397, 0.7656, 0.819, 0.892, 0.9434, 0.9976, 1.043, 1.092, 1.123, 1.131, 1.135, 1.107, 1.102, 1.078, 1.071, 1.062, 1.042, 1.038, 1.014, 0.9443, 0.926, 0.886, 0.8203, 0.734, 0.685, 0.649, 0.622, 0.581, 0.5845, 0.558, 0.5713, 0.5396, 0.5405, 0.5083, 0.504, 0.5493, 0.6055, 0.6533, 0.7036, 0.734, 0.804, 0.79, 0.806, 0.8433, 0.862, 0.91, 0.9224, 0.9585, 0.9834, 0.9883, 1.009, 1.061, 1.111, 1.115, 1.11, 1.092, 1.068, 1.061, 1.056, 1.053, 1.045, 1.029, 1.008, 0.9746, 0.946, 0.917, 0.881, 0.8315, 0.77, 0.6943, 0.602, 0.5005, 0.4087, 0.323, 0.2461, 0.2045, 0.2056, 0.2302, 0.2734, 0.3171, 0.3396, 0.3467, 0.3215, 0.3008, 0.3071, 0.3137, 0.3213, 0.3318, 0.3513, 0.3762, 0.4087, 0.4575, 0.4795, 0.475, 0.4783, 0.4795, 0.4883, 0.5, 0.5107, 0.5225, 0.5083, 0.492, 0.4946, 0.5, 0.5376, 0.569, 0.5923, 0.6123, 0.6104, 0.5933, 0.588, 0.577, 0.5757, 0.5835, 0.587, 0.583, 0.5713, 0.5757, 0.5957, 0.6167, 0.643, 0.6436, 0.617, 0.591, 0.593, 0.6226, 0.7046, 0.81, 0.9307, 1.037, 1.135, 1.262, 1.371, 1.465, 1.496, 1.561, 1.593, 1.617, 1.6, 1.602, 1.573, 1.517, 1.486, 1.478, 1.462, 1.428, 1.355, 1.315, 1.239, 1.158, 1.045, 0.9243, 0.8164, 0.6836, 0.543, 0.387, 0.2296, 0.07996, -0.03946, -0.1603, -0.25, -0.2905, -0.2786, -0.268, -0.2449, -0.2064, -0.1576, -0.05215, 0.09686, 0.3154
0.2944, 0.5, 0.673, 0.8096, 0.922, 1.0, 1.034, 1.044, 1.021, 0.969, 0.908, 0.8477, 0.77, 0.6777, 0.5854, 0.4915, 0.4058, 0.376, 0.3577, 0.3481, 0.335, 0.2993, 0.289, 0.2896, 0.309, 0.3296, 0.3562, 0.3965, 0.439, 0.4756, 0.4978, 0.5396, 0.5903, 0.643, 0.7075, 0.7534, 0.8135, 0.8613, 0.888, 0.8887, 0.884, 0.881, 0.8833, 0.849, 0.826, 0.8286, 0.839, 0.846, 0.8184, 0.776, 0.756, 0.7065, 0.652, 0.5913, 0.523, 0.4624, 0.4146, 0.3801, 0.377, 0.3875, 0.3862, 0.3762, 0.3516, 0.3289, 0.3347, 0.3499, 0.3916, 0.4404, 0.4685, 0.5107, 0.5347, 0.5474, 0.546, 0.5737, 0.641, 0.6816, 0.6924, 0.721, 0.746, 0.753, 0.7793, 0.8174, 0.8584, 0.8765, 0.8774, 0.871, 0.8555, 0.8584, 0.859, 0.8633, 0.8633, 0.841, 0.801, 0.747, 0.6953, 0.646, 0.6035, 0.551, 0.4846, 0.4058, 0.309, 0.2103, 0.1237, 0.04803, -0.01665, -0.0562, -0.05667, -0.03473, 0.007126, 0.05917, 0.0886, 0.10254, 0.0913, 0.08734, 0.0972, 0.10693, 0.1285, 0.1405, 0.1575, 0.1779, 0.2076, 0.2487, 0.2756, 0.28, 0.2773, 0.2825, 0.292, 0.294, 0.302, 0.3123, 0.3022, 0.2888, 0.2852, 0.2935, 0.3176, 0.3428, 0.3623, 0.3755, 0.3762, 0.3555, 0.3474, 0.342, 0.3472, 0.341, 0.3403, 0.3293, 0.3105, 0.3147, 0.334, 0.3525, 0.3828, 0.375, 0.3484, 0.32, 0.321, 0.346, 0.419, 0.5166, 0.6323, 0.731, 0.849, 0.964, 1.06, 1.148, 1.194, 1.237, 1.282, 1.312, 1.307, 1.317, 1.299, 1.281, 1.229, 1.21, 1.206, 1.182, 1.137, 1.1, 1.036, 0.946, 0.8516, 0.751, 0.6187, 0.4746, 0.3022, 0.1478, -0.003277, -0.12317, -0.243, -0.3657, -0.4436, -0.4631, -0.4424, -0.4253, -0.4014, -0.379, -0.341, -0.257, -0.1174, 0.06805
0.05493, 0.2391, 0.4138, 0.5786, 0.701, 0.7935, 0.857, 0.8794, 0.8657, 0.824, 0.7524, 0.6885, 0.615, 0.5234, 0.4263, 0.3433, 0.2693, 0.2286, 0.2072, 0.1942, 0.1746, 0.1488, 0.1251, 0.1296, 0.1354, 0.1427, 0.1537, 0.1797, 0.22, 0.25, 0.2815, 0.3274, 0.3704, 0.4321, 0.49, 0.537, 0.595, 0.6543, 0.682, 0.679, 0.677, 0.679, 0.6904, 0.6826, 0.651, 0.6484, 0.651, 0.668, 0.6626, 0.6445, 0.626, 0.583, 0.5234, 0.442, 0.382, 0.3235, 0.2837, 0.263, 0.2418, 0.2488, 0.2495, 0.2467, 0.2083, 0.1766, 0.1787, 0.1852, 0.2017, 0.2451, 0.2766, 0.3135, 0.317, 0.2922, 0.3171, 0.3816, 0.4556, 0.4883, 0.504, 0.515, 0.5166, 0.5396, 0.5864, 0.626, 0.663, 0.6904, 0.7104, 0.71, 0.7, 0.705, 0.708, 0.71, 0.705, 0.672, 0.622, 0.5522, 0.4795, 0.4097, 0.348, 0.2812, 0.2039, 0.1213, 0.03217, -0.05884, -0.1278, -0.1913, -0.2351, -0.2646, -0.2698, -0.25, -0.2083, -0.1575, -0.1108, -0.08984, -0.0806, -0.07104, -0.05533, -0.0363, -0.01512, 0.005966, 0.02026, 0.0439, 0.07477, 0.1054, 0.1307, 0.1351, 0.1233, 0.12164, 0.125, 0.12396, 0.1299, 0.1334, 0.1277, 0.11615, 0.1135, 0.11957, 0.1332, 0.149, 0.1625, 0.1736, 0.1786, 0.1542, 0.1366, 0.1355, 0.1385, 0.1271, 0.1184, 0.0962, 0.0841, 0.10114, 0.10895, 0.1304, 0.1412, 0.1313, 0.0956, 0.08075, 0.0732, 0.1087, 0.1761, 0.2642, 0.3826, 0.4897, 0.607, 0.713, 0.8027, 0.8643, 0.9062, 0.9565, 1.003, 1.06, 1.069, 1.09, 1.107, 1.078, 1.047, 1.029, 1.0, 0.9766, 0.9497, 0.927, 0.8765, 0.7886, 0.6987, 0.5815, 0.4575, 0.2913, 0.1169, -0.0471, -0.1869, -0.2905, -0.411, -0.5146, -0.5703, -0.571, -0.545, -0.514, -0.5024, -0.4905, -0.4695, -0.4128, -0.3076, -0.1467
-0.1385, 0.02763, 0.2003, 0.372, 0.5264, 0.6343, 0.7134, 0.7446, 0.733, 0.694, 0.63, 0.5654, 0.4883, 0.3918, 0.2952, 0.2094, 0.1458, 0.1146, 0.08795, 0.06573, 0.0483, 0.02063, -0.00806, -0.00527, 0.000984, 0.005234, 0.00982, 0.02707, 0.05594, 0.0854, 0.11774, 0.1581, 0.2023, 0.2583, 0.318, 0.365, 0.428, 0.4656, 0.505, 0.5156, 0.5166, 0.5327, 0.5415, 0.546, 0.5293, 0.5127, 0.5166, 0.5425, 0.539, 0.523, 0.499, 0.4316, 0.3804, 0.2944, 0.2642, 0.2062, 0.1809, 0.1558, 0.1476, 0.1295, 0.1439, 0.11365, 0.06183, 0.0288, 0.03656, 0.05777, 0.08386, 0.0992, 0.12024, 0.1292, 0.1171, 0.10864, 0.139, 0.2178, 0.2725, 0.3113, 0.3132, 0.3003, 0.3193, 0.3625, 0.4143, 0.467, 0.5156, 0.542, 0.5654, 0.575, 0.5747, 0.577, 0.578, 0.572, 0.557, 0.507, 0.4502, 0.3677, 0.2852, 0.1945, 0.1199, 0.0396, -0.03824, -0.125, -0.2023, -0.285, -0.335, -0.3794, -0.4072, -0.424, -0.4192, -0.3904, -0.348, -0.3035, -0.261, -0.2328, -0.2172, -0.1986, -0.1731, -0.1514, -0.1279, -0.1071, -0.09174, -0.06323, -0.0334, -0.00264, 0.01381, 0.0119, -0.00667, -0.01379, -0.01529, -0.01778, -0.01683, -0.0102, -0.011894, -0.02168, -0.02693, -0.02785, -0.02022, -0.0159, -0.002974, 0.005787, 0.013664, -0.011284, -0.02861, -0.04208, -0.0495, -0.05948, -0.07635, -0.1014, -0.1104, -0.099, -0.0995, -0.08594, -0.0921, -0.1043, -0.1306, -0.1439, -0.1501, -0.09784, -0.04007, 0.03836, 0.1545, 0.2769, 0.3997, 0.4963, 0.5674, 0.615, 0.682, 0.728, 0.7944, 0.876, 0.903, 0.9175, 0.93, 0.914, 0.8975, 0.862, 0.8267, 0.8076, 0.7866, 0.764, 0.7393, 0.671, 0.571, 0.4766, 0.3313, 0.1399, -0.03687, -0.1903, -0.302, -0.4128, -0.519, -0.6, -0.6245, -0.613, -0.582, -0.553, -0.5425, -0.543, -0.536, -0.503, -0.426, -0.2944
-0.292, -0.1395, 0.03925, 0.2119, 0.355, 0.4824, 0.5796, 0.617, 0.6074, 0.577, 0.5283, 0.4573, 0.3691, 0.269, 0.1627, 0.08246, 0.03348, 0.000494, -0.02313, -0.0543, -0.06683, -0.09454, -0.12354, -0.1317, -0.129, -0.1206, -0.1196, -0.10126, -0.0845, -0.05862, -0.02214, 0.006348, 0.0453, 0.0984, 0.1653, 0.2137, 0.2659, 0.3071, 0.3474, 0.3691, 0.3816, 0.4001, 0.4111, 0.4019, 0.4087, 0.4014, 0.404, 0.4104, 0.4048, 0.3848, 0.3523, 0.2817, 0.2415, 0.1816, 0.131, 0.0865, 0.0641, 0.0348, 0.03543, 0.02374, 0.01852, -0.03265, -0.0856, -0.0939, -0.08, -0.0694, -0.03894, -0.0389, -0.0424, -0.04565, -0.03973, -0.04462, -0.006386, 0.0549, 0.1007, 0.1316, 0.1359, 0.145, 0.1741, 0.222, 0.2822, 0.3315, 0.3752, 0.4094, 0.44, 0.4587, 0.472, 0.475, 0.4683, 0.4478, 0.4165, 0.3508, 0.2864, 0.2028, 0.1042, -0.0009394, -0.0878, -0.1664, -0.2377, -0.3096, -0.3872, -0.4568, -0.504, -0.535, -0.553, -0.557, -0.543, -0.5, -0.4546, -0.4097, -0.3682, -0.3396, -0.3225, -0.2957, -0.2678, -0.2467, -0.2269, -0.2083, -0.1902, -0.1656, -0.141, -0.1189, -0.1, -0.10284, -0.1185, -0.127, -0.1298, -0.1301, -0.1318, -0.1298, -0.1315, -0.1416, -0.1478, -0.1493, -0.1486, -0.1486, -0.144, -0.143, -0.1464, -0.1726, -0.1897, -0.2036, -0.2069, -0.2297, -0.2462, -0.2622, -0.279, -0.2798, -0.2876, -0.2756, -0.2842, -0.3022, -0.311, -0.327, -0.3257, -0.276, -0.2151, -0.132, -0.02942, 0.075, 0.1722, 0.2764, 0.3452, 0.4106, 0.4817, 0.5444, 0.6123, 0.69, 0.7324, 0.7593, 0.763, 0.7627, 0.742, 0.716, 0.7, 0.6855, 0.663, 0.6553, 0.6255, 0.5703, 0.4895, 0.3662, 0.1908, -0.00808, -0.1661, -0.289, -0.398, -0.5, -0.5806, -0.6255, -0.6304, -0.601, -0.5684, -0.5376, -0.539, -0.55, -0.5586, -0.5464, -0.508, -0.4192
-0.4214, -0.2756, -0.1091, 0.05173, 0.2013, 0.3337, 0.4397, 0.4888, 0.5, 0.4768, 0.4355, 0.3557, 0.258, 0.1494, 0.0527, -0.03787, -0.07825, -0.11615, -0.135, -0.1586, -0.168, -0.1913, -0.2129, -0.2341, -0.2334, -0.2245, -0.2361, -0.2328, -0.2207, -0.1971, -0.1564, -0.1365, -0.1008, -0.05667, 0.00669, 0.0656, 0.1155, 0.1705, 0.2155, 0.2401, 0.2522, 0.281, 0.296, 0.2852, 0.295, 0.3079, 0.3052, 0.3022, 0.2935, 0.2769, 0.2515, 0.2007, 0.14, 0.0789, -0.007732, -0.05096, -0.07227, -0.08606, -0.084, -0.0927, -0.11584, -0.1538, -0.1833, -0.1844, -0.1809, -0.1783, -0.1659, -0.1735, -0.1821, -0.1786, -0.1663, -0.1823, -0.1489, -0.1132, -0.06366, -0.03165, -0.01332, 0.0166, 0.0546, 0.10175, 0.1583, 0.2126, 0.2583, 0.3003, 0.3396, 0.3647, 0.3833, 0.3877, 0.3735, 0.337, 0.2827, 0.2085, 0.1315, 0.0436, -0.06866, -0.1794, -0.273, -0.334, -0.3928, -0.4531, -0.5234, -0.5796, -0.613, -0.631, -0.634, -0.6313, -0.6104, -0.572, -0.5317, -0.5, -0.4612, -0.4321, -0.4097, -0.3857, -0.363, -0.3374, -0.3125, -0.2993, -0.2815, -0.2583, -0.234, -0.2118, -0.2029, -0.2042, -0.2155, -0.2242, -0.2263, -0.2275, -0.2277, -0.2253, -0.2288, -0.2369, -0.2439, -0.2463, -0.2489, -0.2612, -0.2693, -0.2793, -0.29, -0.3152, -0.33, -0.3335, -0.3413, -0.3594, -0.3784, -0.4011, -0.4175, -0.427, -0.436, -0.4343, -0.4456, -0.451, -0.4631, -0.478, -0.4653, -0.4248, -0.3494, -0.2847, -0.1882, -0.1024, -0.01485, 0.07434, 0.149, 0.2023, 0.288, 0.3682, 0.4255, 0.5083, 0.555, 0.58, 0.602, 0.609, 0.616, 0.599, 0.6064, 0.5713, 0.5625, 0.5586, 0.523, 0.463, 0.3738, 0.2186, 0.02641, -0.1377, -0.2683, -0.3828, -0.4858, -0.5615, -0.6055, -0.616, -0.5947, -0.55, -0.508, -0.4873, -0.4922, -0.5093, -0.53, -0.5435, -0.55, -0.517
-0.5337, -0.4133, -0.2554, -0.09076, 0.05316, 0.1886, 0.3057, 0.3777, 0.4033, 0.4019, 0.354, 0.2698, 0.1525, 0.0461, -0.06213, -0.1495, -0.1881, -0.2158, -0.2311, -0.2415, -0.2472, -0.261, -0.2827, -0.297, -0.316, -0.3103, -0.326, -0.3408, -0.3333, -0.325, -0.2769, -0.258, -0.2366, -0.1837, -0.1351, -0.07996, -0.0245, 0.01443, 0.07513, 0.1145, 0.1356, 0.176, 0.181, 0.1805, 0.2086, 0.2267, 0.2096, 0.2124, 0.2103, 0.2137, 0.182, 0.1399, 0.07043, -0.01319, -0.11005, -0.1703, -0.1882, -0.1921, -0.1847, -0.1875, -0.2112, -0.2341, -0.2441, -0.234, -0.2576, -0.2732, -0.2595, -0.268, -0.2878, -0.2961, -0.3186, -0.3271, -0.291, -0.2479, -0.2107, -0.1748, -0.1416, -0.09973, -0.05502, 0.002378, 0.06, 0.11566, 0.1659, 0.2089, 0.2546, 0.281, 0.3022, 0.305, 0.2822, 0.2228, 0.15, 0.0625, -0.01526, -0.1045, -0.2264, -0.3389, -0.4207, -0.4683, -0.5, -0.5327, -0.5747, -0.61, -0.627, -0.6304, -0.6284, -0.6235, -0.6104, -0.583, -0.5654, -0.546, -0.523, -0.5, -0.4766, -0.4548, -0.4358, -0.4062, -0.3801, -0.3552, -0.3386, -0.3193, -0.3027, -0.29, -0.276, -0.2769, -0.2883, -0.2993, -0.3025, -0.303, -0.3022, -0.3013, -0.3015, -0.303, -0.3083, -0.3152, -0.3352, -0.3574, -0.3774, -0.4006, -0.413, -0.4297, -0.4355, -0.431, -0.4397, -0.4558, -0.4895, -0.5273, -0.551, -0.5557, -0.563, -0.5786, -0.592, -0.586, -0.593, -0.6016, -0.592, -0.5513, -0.4802, -0.4048, -0.3374, -0.2477, -0.1598, -0.08685, -0.01712, 0.0586, 0.1373, 0.2024, 0.2766, 0.3328, 0.3977, 0.419, 0.4463, 0.4724, 0.4941, 0.5205, 0.513, 0.4995, 0.4844, 0.476, 0.439, 0.3772, 0.2488, 0.0672, -0.1006, -0.2439, -0.3494, -0.461, -0.5405, -0.586, -0.5894, -0.561, -0.5156, -0.4636, -0.426, -0.4211, -0.4395, -0.4568, -0.476, -0.5156, -0.572, -0.594
-0.622, -0.514, -0.377, -0.2244, -0.07135, 0.07526, 0.1852, 0.2732, 0.315, 0.3203, 0.2744, 0.1752, 0.05463, -0.05768, -0.164, -0.244, -0.2798, -0.3018, -0.3008, -0.3022, -0.313, -0.3206, -0.3284, -0.3455, -0.357, -0.3577, -0.3853, -0.419, -0.4192, -0.4146, -0.3745, -0.353, -0.3372, -0.3042, -0.2554, -0.2096, -0.1628, -0.12067, -0.05612, -0.002394, 0.0374, 0.05737, 0.07446, 0.1051, 0.1399, 0.1497, 0.1455, 0.1476, 0.1472, 0.1348, 0.10913, 0.0701, -0.005264, -0.1149, -0.2092, -0.2617, -0.2798, -0.2756, -0.268, -0.2817, -0.2925, -0.2913, -0.2773, -0.2742, -0.3135, -0.316, -0.3105, -0.3425, -0.3794, -0.4148, -0.4456, -0.4438, -0.4143, -0.3618, -0.33, -0.2947, -0.2607, -0.2107, -0.1511, -0.08954, -0.0254, 0.0359, 0.0899, 0.1405, 0.182, 0.211, 0.2314, 0.2295, 0.1917, 0.10913, 0.01071, -0.0837, -0.1606, -0.245, -0.3608, -0.459, -0.5166, -0.535, -0.538, -0.539, -0.551, -0.5635, -0.571, -0.5703, -0.572, -0.57, -0.556, -0.547, -0.5444, -0.5405, -0.5347, -0.527, -0.5107, -0.493, -0.4705, -0.4436, -0.419, -0.3958, -0.378, -0.3643, -0.3562, -0.3462, -0.332, -0.3325, -0.3345, -0.343, -0.346, -0.346, -0.35, -0.3596, -0.3577, -0.3591, -0.3625, -0.3687, -0.3955, -0.4246, -0.4539, -0.482, -0.5, -0.505, -0.506, -0.507, -0.505, -0.5254, -0.5723, -0.623, -0.646, -0.663, -0.6743, -0.692, -0.7134, -0.7104, -0.708, -0.707, -0.681, -0.652, -0.5874, -0.538, -0.4634, -0.371, -0.2917, -0.2319, -0.1809, -0.1102, -0.02303, 0.04297, 0.12476, 0.1884, 0.2288, 0.271, 0.3105, 0.3608, 0.415, 0.4421, 0.4348, 0.4373, 0.43, 0.4116, 0.3594, 0.268, 0.121, -0.04837, -0.2037, -0.326, -0.428, -0.5107, -0.5566, -0.5586, -0.528, -0.4849, -0.4255, -0.3792, -0.3586, -0.3694, -0.385, -0.4016, -0.4211, -0.4734, -0.5693, -0.6445
-0.6914, -0.6055, -0.464, -0.3096, -0.171, -0.03044, 0.0889, 0.179, 0.2306, 0.2452, 0.1971, 0.0972, -0.02562, -0.1476, -0.2537, -0.3223, -0.3447, -0.3616, -0.3528, -0.3542, -0.3562, -0.3538, -0.3643, -0.3572, -0.3672, -0.369, -0.4045, -0.4587, -0.4873, -0.478, -0.4585, -0.4346, -0.429, -0.3972, -0.3657, -0.3308, -0.2942, -0.2174, -0.169, -0.1105, -0.0668, -0.04312, -0.005383, 0.04123, 0.0736, 0.07794, 0.08563, 0.0859, 0.0806, 0.05276, 0.03357, -0.03262, -0.12335, -0.2206, -0.3052, -0.3462, -0.355, -0.361, -0.3545, -0.3484, -0.349, -0.3267, -0.3215, -0.3357, -0.3381, -0.3276, -0.3464, -0.3926, -0.4407, -0.505, -0.535, -0.5215, -0.5044, -0.459, -0.4229, -0.3906, -0.3535, -0.305, -0.2433, -0.1726, -0.102, -0.039, 0.01918, 0.0725, 0.1147, 0.1443, 0.1621, 0.1531, 0.0969, 0.002056, -0.11743, -0.22, -0.2925, -0.3596, -0.4434, -0.5156, -0.539, -0.534, -0.5234, -0.5073, -0.503, -0.505, -0.507, -0.516, -0.5215, -0.523, -0.5176, -0.509, -0.509, -0.5137, -0.519, -0.521, -0.5156, -0.5024, -0.487, -0.4685, -0.4402, -0.4263, -0.4153, -0.4084, -0.4019, -0.384, -0.3738, -0.3696, -0.3728, -0.379, -0.377, -0.3818, -0.3877, -0.395, -0.4006, -0.4014, -0.4033, -0.4084, -0.43, -0.469, -0.504, -0.532, -0.547, -0.556, -0.5557, -0.547, -0.539, -0.565, -0.6294, -0.698, -0.723, -0.7334, -0.745, -0.775, -0.8105, -0.811, -0.803, -0.7817, -0.7524, -0.723, -0.6797, -0.621, -0.5776, -0.4946, -0.433, -0.376, -0.3184, -0.2542, -0.18, -0.0937, -0.02232, 0.03937, 0.08344, 0.1299, 0.1869, 0.2585, 0.3257, 0.361, 0.3687, 0.3774, 0.3677, 0.3245, 0.2583, 0.1603, 0.01796, -0.1411, -0.286, -0.3977, -0.4827, -0.5273, -0.5317, -0.5, -0.457, -0.4136, -0.3613, -0.3333, -0.3284, -0.3394, -0.3618, -0.372, -0.3787, -0.4397, -0.5645, -0.6836
-0.7344, -0.6567, -0.526, -0.3884, -0.2399, -0.1102, 0.006245, 0.0941, 0.1454, 0.1545, 0.11395, 0.01888, -0.10754, -0.217, -0.32, -0.3792, -0.3994, -0.393, -0.3938, -0.3928, -0.3892, -0.3726, -0.3633, -0.3535, -0.3489, -0.36, -0.399, -0.459, -0.52, -0.5283, -0.518, -0.507, -0.498, -0.4863, -0.4597, -0.4382, -0.3965, -0.3271, -0.2673, -0.203, -0.1449, -0.10254, -0.05774, -0.0013, 0.02356, 0.02177, 0.02362, 0.01736, 0.01144, -0.0022, -0.03845, -0.1212, -0.234, -0.3208, -0.393, -0.4229, -0.413, -0.407, -0.4043, -0.3948, -0.386, -0.365, -0.3674, -0.363, -0.3474, -0.3538, -0.384, -0.4163, -0.4631, -0.5464, -0.5933, -0.58, -0.541, -0.521, -0.4893, -0.4639, -0.4216, -0.3723, -0.3047, -0.2439, -0.1764, -0.11084, -0.0519, 0.002708, 0.04236, 0.0678, 0.0782, 0.06195, -0.002514, -0.1082, -0.2332, -0.327, -0.384, -0.429, -0.4795, -0.5156, -0.5205, -0.5093, -0.4963, -0.4817, -0.4717, -0.4673, -0.4702, -0.4846, -0.4985, -0.506, -0.5015, -0.4944, -0.494, -0.4985, -0.508, -0.5166, -0.516, -0.51, -0.4941, -0.478, -0.4648, -0.4543, -0.4497, -0.4456, -0.4382, -0.4207, -0.4075, -0.404, -0.4016, -0.402, -0.4045, -0.414, -0.4197, -0.4277, -0.4272, -0.4248, -0.4233, -0.4248, -0.4487, -0.489, -0.5215, -0.5527, -0.5645, -0.5713, -0.5723, -0.569, -0.573, -0.5967, -0.658, -0.733, -0.7725, -0.7812, -0.8037, -0.834, -0.877, -0.8784, -0.8657, -0.8486, -0.8213, -0.7866, -0.7397, -0.7065, -0.664, -0.62, -0.552, -0.5005, -0.435, -0.3699, -0.315, -0.238, -0.1674, -0.0977, -0.03032, 0.02882, 0.0791, 0.1561, 0.2311, 0.2795, 0.3032, 0.3237, 0.3032, 0.2573, 0.1737, 0.07776, -0.0616, -0.2109, -0.3503, -0.4521, -0.5044, -0.5107, -0.4812, -0.4338, -0.3958, -0.365, -0.3386, -0.3257, -0.323, -0.3398, -0.3596, -0.3618, -0.3684, -0.4326, -0.5684, -0.7095
-0.755, -0.691, -0.569, -0.4307, -0.305, -0.175, -0.0625, 0.02226, 0.0635, 0.0812, 0.03406, -0.0647, -0.1808, -0.2996, -0.3794, -0.4216, -0.427, -0.4304, -0.4265, -0.425, -0.4202, -0.4, -0.3762, -0.3584, -0.3425, -0.3477, -0.3796, -0.4526, -0.5195, -0.546, -0.544, -0.528, -0.521, -0.54, -0.534, -0.5176, -0.4653, -0.4055, -0.348, -0.271, -0.2089, -0.1539, -0.10706, -0.05408, -0.03384, -0.0381, -0.0348, -0.0407, -0.04596, -0.06158, -0.11365, -0.2031, -0.316, -0.3962, -0.451, -0.4749, -0.4548, -0.444, -0.4402, -0.4294, -0.4211, -0.4048, -0.3955, -0.382, -0.3867, -0.4001, -0.4011, -0.4033, -0.4697, -0.5537, -0.5977, -0.582, -0.5645, -0.559, -0.5425, -0.521, -0.4663, -0.4106, -0.3557, -0.2952, -0.2327, -0.1698, -0.1134, -0.0664, -0.02766, -0.01099, -0.0097, -0.03198, -0.1009, -0.2056, -0.324, -0.4006, -0.4316, -0.453, -0.477, -0.4956, -0.4968, -0.4902, -0.4802, -0.4707, -0.4631, -0.4604, -0.4644, -0.481, -0.5005, -0.512, -0.5117, -0.504, -0.5, -0.5, -0.508, -0.5166, -0.5195, -0.5176, -0.5093, -0.4924, -0.4827, -0.4802, -0.4846, -0.4846, -0.4758, -0.4543, -0.4448, -0.4421, -0.4421, -0.4468, -0.445, -0.455, -0.4539, -0.458, -0.4502, -0.449, -0.433, -0.4326, -0.4502, -0.4927, -0.5254, -0.5513, -0.5596, -0.5674, -0.579, -0.583, -0.5957, -0.623, -0.688, -0.7637, -0.8003, -0.8125, -0.8364, -0.867, -0.899, -0.912, -0.902, -0.8833, -0.8545, -0.8325, -0.8027, -0.766, -0.733, -0.6943, -0.651, -0.595, -0.5386, -0.4805, -0.4314, -0.3647, -0.3052, -0.2383, -0.1637, -0.09033, -0.0226, 0.06494, 0.1439, 0.2062, 0.2515, 0.266, 0.2456, 0.1957, 0.1172, 0.00839, -0.1353, -0.277, -0.3992, -0.476, -0.5, -0.4785, -0.439, -0.393, -0.3647, -0.3525, -0.3452, -0.3452, -0.349, -0.3657, -0.378, -0.3787, -0.3867, -0.447, -0.58, -0.7144
-0.751, -0.6943, -0.5903, -0.4675, -0.3367, -0.2173, -0.10626, -0.03714, 9.954e-5, 0.0096, -0.04514, -0.1357, -0.245, -0.3552, -0.4229, -0.4478, -0.4424, -0.445, -0.4478, -0.4456, -0.4426, -0.4287, -0.4058, -0.3923, -0.357, -0.3494, -0.3696, -0.435, -0.502, -0.539, -0.5347, -0.53, -0.539, -0.5547, -0.5576, -0.5522, -0.5107, -0.4648, -0.407, -0.3438, -0.2817, -0.2184, -0.1642, -0.1198, -0.0907, -0.0862, -0.08777, -0.097, -0.107, -0.1415, -0.1958, -0.2812, -0.378, -0.4558, -0.4946, -0.4998, -0.4832, -0.4746, -0.467, -0.4536, -0.4429, -0.4248, -0.4138, -0.4146, -0.423, -0.4182, -0.3994, -0.3997, -0.4673, -0.5396, -0.5625, -0.5576, -0.5605, -0.5747, -0.574, -0.541, -0.4963, -0.4429, -0.3894, -0.332, -0.273, -0.2156, -0.1642, -0.1224, -0.09485, -0.087, -0.095, -0.12305, -0.1924, -0.285, -0.3787, -0.4353, -0.4453, -0.4478, -0.4624, -0.4778, -0.4846, -0.4844, -0.4814, -0.479, -0.478, -0.4783, -0.4834, -0.4998, -0.5234, -0.537, -0.5415, -0.533, -0.523, -0.5186, -0.5195, -0.5254, -0.529, -0.5312, -0.5234, -0.504, -0.501, -0.506, -0.5146, -0.517, -0.515, -0.501, -0.492, -0.493, -0.4866, -0.4856, -0.4785, -0.4773, -0.4744, -0.47, -0.4668, -0.4585, -0.4512, -0.4463, -0.457, -0.4893, -0.5166, -0.539, -0.556, -0.563, -0.579, -0.594, -0.6143, -0.6445, -0.7153, -0.775, -0.8125, -0.821, -0.843, -0.881, -0.9136, -0.9194, -0.9023, -0.89, -0.875, -0.8525, -0.823, -0.8076, -0.7876, -0.7515, -0.7246, -0.689, -0.6396, -0.579, -0.523, -0.4834, -0.4114, -0.3406, -0.2654, -0.1927, -0.1158, -0.0353, 0.06635, 0.1517, 0.1906, 0.2083, 0.1996, 0.1475, 0.05432, -0.05963, -0.1952, -0.3267, -0.4307, -0.483, -0.481, -0.4475, -0.4087, -0.3691, -0.3628, -0.3652, -0.3704, -0.3782, -0.3926, -0.4048, -0.4001, -0.4, -0.4116, -0.4705, -0.594, -0.7144
-0.7393, -0.6875, -0.6045, -0.4893, -0.3608, -0.2416, -0.144, -0.0798, -0.03973, -0.05148, -0.10925, -0.2062, -0.3052, -0.3918, -0.4407, -0.454, -0.4495, -0.447, -0.4568, -0.4663, -0.467, -0.457, -0.4434, -0.4136, -0.3843, -0.365, -0.3774, -0.423, -0.4805, -0.5015, -0.5117, -0.502, -0.5225, -0.5444, -0.5635, -0.561, -0.533, -0.4758, -0.4382, -0.3772, -0.3154, -0.264, -0.2135, -0.1686, -0.1283, -0.1251, -0.1359, -0.1704, -0.1857, -0.2153, -0.2683, -0.3433, -0.42, -0.4844, -0.5, -0.4934, -0.485, -0.4773, -0.4739, -0.4675, -0.4565, -0.4373, -0.4285, -0.4421, -0.4446, -0.436, -0.4219, -0.4294, -0.4583, -0.5024, -0.512, -0.523, -0.5454, -0.574, -0.5684, -0.546, -0.507, -0.4563, -0.4048, -0.3533, -0.3, -0.25, -0.2059, -0.1731, -0.1569, -0.1592, -0.1724, -0.2057, -0.2646, -0.3396, -0.4082, -0.4385, -0.436, -0.433, -0.4468, -0.4683, -0.484, -0.4897, -0.493, -0.4956, -0.5024, -0.51, -0.518, -0.537, -0.5625, -0.5757, -0.579, -0.5674, -0.5547, -0.546, -0.544, -0.546, -0.549, -0.548, -0.5405, -0.5234, -0.521, -0.526, -0.5376, -0.549, -0.546, -0.5415, -0.537, -0.535, -0.5303, -0.525, -0.5117, -0.504, -0.5, -0.4946, -0.484, -0.4775, -0.4678, -0.4604, -0.4734, -0.4993, -0.516, -0.533, -0.551, -0.5713, -0.5903, -0.6094, -0.6265, -0.6646, -0.7227, -0.786, -0.819, -0.827, -0.8384, -0.8735, -0.8975, -0.9033, -0.8955, -0.8867, -0.8823, -0.871, -0.8516, -0.8413, -0.82, -0.811, -0.7915, -0.7593, -0.717, -0.678, -0.6294, -0.5815, -0.5244, -0.4543, -0.3682, -0.2878, -0.1943, -0.1002, 0.003847, 0.0813, 0.1208, 0.1459, 0.149, 0.09174, -0.009254, -0.1309, -0.2462, -0.3604, -0.4453, -0.478, -0.4653, -0.4277, -0.3977, -0.3801, -0.3862, -0.4014, -0.4114, -0.4219, -0.4285, -0.4338, -0.4316, -0.424, -0.439, -0.5015, -0.6113, -0.713
-0.718, -0.6704, -0.5967, -0.484, -0.3647, -0.2515, -0.1664, -0.10345, -0.0698, -0.0961, -0.1644, -0.267, -0.3528, -0.4172, -0.4373, -0.4404, -0.4453, -0.4502, -0.455, -0.4678, -0.4697, -0.4688, -0.4578, -0.439, -0.4192, -0.4053, -0.4014, -0.4272, -0.4663, -0.4858, -0.491, -0.4875, -0.4907, -0.5093, -0.535, -0.541, -0.5205, -0.4885, -0.4531, -0.3828, -0.3376, -0.2886, -0.2367, -0.1929, -0.1736, -0.1746, -0.1989, -0.234, -0.2673, -0.293, -0.3298, -0.3877, -0.4426, -0.4849, -0.4888, -0.4753, -0.4692, -0.4775, -0.482, -0.4778, -0.4626, -0.4548, -0.4531, -0.457, -0.4568, -0.466, -0.4595, -0.4558, -0.4663, -0.4788, -0.4895, -0.524, -0.539, -0.553, -0.5537, -0.536, -0.504, -0.4595, -0.4106, -0.3628, -0.315, -0.2737, -0.2404, -0.2186, -0.212, -0.2212, -0.2402, -0.2769, -0.3303, -0.384, -0.4255, -0.4346, -0.4258, -0.4258, -0.4429, -0.4697, -0.49, -0.5, -0.508, -0.5156, -0.5283, -0.544, -0.5605, -0.582, -0.6074, -0.62, -0.6196, -0.6094, -0.595, -0.586, -0.5796, -0.578, -0.5776, -0.5747, -0.5664, -0.5537, -0.5493, -0.5596, -0.5703, -0.58, -0.5835, -0.5728, -0.5684, -0.564, -0.564, -0.5615, -0.5474, -0.54, -0.5303, -0.52, -0.513, -0.5005, -0.487, -0.4802, -0.4868, -0.5073, -0.523, -0.545, -0.561, -0.5874, -0.6016, -0.624, -0.65, -0.6777, -0.731, -0.7837, -0.813, -0.816, -0.829, -0.8594, -0.8804, -0.8916, -0.899, -0.8926, -0.8853, -0.88, -0.872, -0.863, -0.8545, -0.8438, -0.836, -0.8037, -0.7817, -0.7505, -0.7104, -0.6567, -0.611, -0.5366, -0.4507, -0.3572, -0.2688, -0.1533, -0.0621, 0.001556, 0.0483, 0.08154, 0.0827, 0.02757, -0.0775, -0.2042, -0.3054, -0.3882, -0.4482, -0.4663, -0.4539, -0.4265, -0.4111, -0.4133, -0.423, -0.4365, -0.4524, -0.4568, -0.4617, -0.456, -0.4568, -0.4502, -0.4622, -0.5254, -0.619, -0.701
-0.705, -0.652, -0.5806, -0.4863, -0.3708, -0.2664, -0.1956, -0.1327, -0.1123, -0.1403, -0.2194, -0.3208, -0.3928, -0.4263, -0.4336, -0.4287, -0.434, -0.4468, -0.4592, -0.4688, -0.4763, -0.4727, -0.4722, -0.4583, -0.4456, -0.437, -0.4282, -0.442, -0.4656, -0.4724, -0.4885, -0.4817, -0.4875, -0.506, -0.5146, -0.529, -0.515, -0.4868, -0.4536, -0.3936, -0.3462, -0.3018, -0.2625, -0.2275, -0.2133, -0.2234, -0.2632, -0.2979, -0.3413, -0.3647, -0.3818, -0.4092, -0.4478, -0.478, -0.4822, -0.477, -0.48, -0.4854, -0.4917, -0.489, -0.4778, -0.4705, -0.468, -0.4766, -0.487, -0.491, -0.4841, -0.4763, -0.468, -0.4722, -0.4963, -0.51, -0.52, -0.532, -0.5347, -0.5225, -0.4958, -0.4573, -0.4155, -0.3696, -0.328, -0.2954, -0.2732, -0.259, -0.2563, -0.2695, -0.2954, -0.3335, -0.3826, -0.4248, -0.4473, -0.445, -0.434, -0.4355, -0.4539, -0.4805, -0.5, -0.512, -0.525, -0.5396, -0.5576, -0.578, -0.5986, -0.622, -0.6494, -0.666, -0.6685, -0.663, -0.653, -0.64, -0.634, -0.6284, -0.6226, -0.6157, -0.608, -0.599, -0.5913, -0.5986, -0.6094, -0.6143, -0.618, -0.6167, -0.609, -0.602, -0.6, -0.598, -0.592, -0.583, -0.5674, -0.5513, -0.543, -0.5327, -0.5195, -0.507, -0.5176, -0.5303, -0.5415, -0.5586, -0.5723, -0.599, -0.6143, -0.6294, -0.654, -0.6816, -0.7207, -0.7666, -0.795, -0.806, -0.8135, -0.838, -0.8613, -0.8857, -0.8965, -0.892, -0.8926, -0.8955, -0.892, -0.882, -0.883, -0.8643, -0.8594, -0.8447, -0.826, -0.795, -0.7686, -0.7207, -0.667, -0.5957, -0.504, -0.4102, -0.309, -0.2106, -0.128, -0.05838, -0.01227, 0.0237, 0.0207, -0.03687, -0.1443, -0.2563, -0.345, -0.4053, -0.4495, -0.459, -0.445, -0.4412, -0.439, -0.4539, -0.4678, -0.4775, -0.4858, -0.4875, -0.4849, -0.4888, -0.4905, -0.4888, -0.4932, -0.541, -0.629, -0.6978
-0.6963, -0.6445, -0.5693, -0.4758, -0.3716, -0.2905, -0.2336, -0.1779, -0.1669, -0.2031, -0.281, -0.376, -0.4292, -0.4487, -0.4446, -0.4417, -0.4377, -0.4504, -0.4678, -0.4736, -0.4746, -0.473, -0.4775, -0.4744, -0.4685, -0.4622, -0.4597, -0.4587, -0.473, -0.4836, -0.4878, -0.495, -0.485, -0.4941, -0.5054, -0.5156, -0.5, -0.4753, -0.4395, -0.4014, -0.355, -0.323, -0.29, -0.2664, -0.2563, -0.2778, -0.3242, -0.3582, -0.3926, -0.4087, -0.415, -0.4316, -0.4526, -0.4739, -0.4792, -0.4775, -0.4802, -0.4902, -0.5044, -0.4998, -0.4888, -0.4888, -0.4924, -0.5005, -0.505, -0.504, -0.509, -0.5044, -0.4937, -0.5005, -0.506, -0.51, -0.5146, -0.52, -0.519, -0.504, -0.4834, -0.4536, -0.4185, -0.3794, -0.3472, -0.323, -0.3093, -0.301, -0.3064, -0.3218, -0.3467, -0.3823, -0.426, -0.459, -0.474, -0.47, -0.4597, -0.461, -0.476, -0.4973, -0.5127, -0.526, -0.547, -0.5703, -0.5938, -0.6143, -0.635, -0.658, -0.687, -0.71, -0.7183, -0.7183, -0.712, -0.705, -0.696, -0.689, -0.678, -0.667, -0.658, -0.6475, -0.6367, -0.6416, -0.6484, -0.651, -0.656, -0.6533, -0.6484, -0.644, -0.634, -0.6353, -0.634, -0.631, -0.6177, -0.6006, -0.5947, -0.572, -0.5474, -0.542, -0.554, -0.5625, -0.5645, -0.5815, -0.592, -0.617, -0.632, -0.646, -0.664, -0.6855, -0.718, -0.751, -0.7793, -0.7935, -0.815, -0.836, -0.8623, -0.8857, -0.904, -0.91, -0.914, -0.921, -0.9077, -0.8984, -0.8955, -0.8823, -0.8853, -0.879, -0.8506, -0.835, -0.7983, -0.7715, -0.722, -0.6367, -0.542, -0.445, -0.3523, -0.2546, -0.1812, -0.1183, -0.0685, -0.03403, -0.04816, -0.1081, -0.2054, -0.2998, -0.3635, -0.4153, -0.4402, -0.4507, -0.452, -0.4531, -0.4702, -0.4932, -0.5117, -0.5244, -0.5264, -0.5186, -0.514, -0.5244, -0.5303, -0.5312, -0.536, -0.578, -0.649, -0.7017
-0.683, -0.629, -0.562, -0.4758, -0.3862, -0.321, -0.2632, -0.2257, -0.2213, -0.2588, -0.3223, -0.3967, -0.4521, -0.4634, -0.4607, -0.449, -0.4568, -0.4614, -0.4658, -0.4727, -0.4795, -0.4902, -0.5, -0.4924, -0.4978, -0.4863, -0.4849, -0.483, -0.4727, -0.4946, -0.495, -0.5044, -0.4973, -0.501, -0.504, -0.507, -0.4941, -0.46, -0.4326, -0.4077, -0.372, -0.3438, -0.3193, -0.303, -0.3032, -0.33, -0.3638, -0.4072, -0.4355, -0.441, -0.438, -0.4475, -0.4626, -0.4658, -0.4736, -0.4888, -0.4985, -0.507, -0.504, -0.5005, -0.4998, -0.5107, -0.5273, -0.526, -0.524, -0.533, -0.544, -0.537, -0.528, -0.527, -0.525, -0.5254, -0.524, -0.52, -0.511, -0.4968, -0.4775, -0.4553, -0.4292, -0.3984, -0.3738, -0.3552, -0.3472, -0.348, -0.3586, -0.3757, -0.398, -0.4307, -0.4634, -0.489, -0.4976, -0.4924, -0.4844, -0.485, -0.4985, -0.517, -0.5312, -0.549, -0.5796, -0.6133, -0.641, -0.66, -0.677, -0.698, -0.7266, -0.752, -0.765, -0.77, -0.771, -0.767, -0.7607, -0.756, -0.7417, -0.7314, -0.7173, -0.71, -0.7, -0.693, -0.6904, -0.6914, -0.6875, -0.688, -0.68, -0.6777, -0.6675, -0.6675, -0.678, -0.679, -0.668, -0.643, -0.6343, -0.6157, -0.5996, -0.5923, -0.592, -0.5967, -0.598, -0.6094, -0.62, -0.6294, -0.645, -0.664, -0.6836, -0.697, -0.7217, -0.7485, -0.7734, -0.799, -0.8193, -0.842, -0.87, -0.8945, -0.909, -0.9214, -0.9385, -0.939, -0.922, -0.9116, -0.899, -0.9053, -0.9097, -0.8984, -0.8857, -0.873, -0.84, -0.7983, -0.7285, -0.665, -0.5796, -0.4763, -0.3896, -0.301, -0.2236, -0.1676, -0.12115, -0.09564, -0.1135, -0.1753, -0.2583, -0.3293, -0.3794, -0.412, -0.4348, -0.4492, -0.4575, -0.476, -0.503, -0.5327, -0.5586, -0.572, -0.5757, -0.5645, -0.5596, -0.5645, -0.576, -0.587, -0.595, -0.6235, -0.6763, -0.7075
-0.668, -0.6143, -0.549, -0.4702, -0.401, -0.3433, -0.298, -0.2742, -0.277, -0.3176, -0.3647, -0.4172, -0.451, -0.4595, -0.4583, -0.4568, -0.4668, -0.4695, -0.4746, -0.482, -0.497, -0.515, -0.5244, -0.5215, -0.5205, -0.5176, -0.509, -0.5156, -0.5117, -0.5005, -0.5103, -0.515, -0.514, -0.5176, -0.5146, -0.505, -0.4883, -0.4702, -0.4475, -0.4207, -0.397, -0.379, -0.3623, -0.3467, -0.3496, -0.3772, -0.4087, -0.4397, -0.4597, -0.4644, -0.459, -0.4612, -0.4683, -0.4778, -0.4856, -0.503, -0.514, -0.5303, -0.5293, -0.535, -0.544, -0.552, -0.5557, -0.551, -0.5493, -0.5566, -0.5684, -0.568, -0.561, -0.5576, -0.5566, -0.554, -0.5464, -0.534, -0.5215, -0.5063, -0.4888, -0.469, -0.4468, -0.4243, -0.4055, -0.3958, -0.3904, -0.3962, -0.408, -0.4243, -0.4426, -0.4668, -0.4902, -0.5073, -0.5127, -0.5083, -0.502, -0.504, -0.5205, -0.545, -0.5635, -0.5854, -0.6216, -0.668, -0.703, -0.718, -0.729, -0.7466, -0.773, -0.7974, -0.8125, -0.8213, -0.831, -0.8345, -0.834, -0.829, -0.812, -0.8, -0.786, -0.776, -0.7603, -0.742, -0.736, -0.7314, -0.728, -0.724, -0.721, -0.7144, -0.7017, -0.703, -0.717, -0.7266, -0.714, -0.699, -0.679, -0.673, -0.663, -0.6484, -0.645, -0.6475, -0.637, -0.6465, -0.646, -0.6543, -0.6724, -0.6885, -0.6973, -0.7046, -0.717, -0.7393, -0.7705, -0.799, -0.824, -0.8496, -0.8745, -0.899, -0.92, -0.942, -0.952, -0.95, -0.94, -0.923, -0.925, -0.931, -0.9194, -0.908, -0.9004, -0.881, -0.8525, -0.801, -0.7437, -0.673, -0.589, -0.494, -0.4097, -0.3267, -0.2607, -0.2102, -0.1749, -0.1635, -0.1892, -0.2344, -0.3027, -0.3572, -0.398, -0.4258, -0.4429, -0.458, -0.471, -0.4973, -0.533, -0.5684, -0.602, -0.62, -0.6187, -0.6104, -0.612, -0.6187, -0.624, -0.6396, -0.6514, -0.672, -0.708, -0.708
-0.659, -0.6, -0.5376, -0.4736, -0.413, -0.3684, -0.3313, -0.315, -0.321, -0.349, -0.394, -0.4316, -0.4521, -0.4614, -0.459, -0.4614, -0.4668, -0.4656, -0.479, -0.489, -0.5083, -0.5303, -0.5435, -0.552, -0.546, -0.544, -0.549, -0.5605, -0.5586, -0.5396, -0.5464, -0.545, -0.539, -0.5386, -0.5254, -0.5127, -0.506, -0.4875, -0.4734, -0.4521, -0.4346, -0.416, -0.4045, -0.4, -0.4065, -0.4207, -0.436, -0.4717, -0.4802, -0.476, -0.4727, -0.4814, -0.4917, -0.483, -0.505, -0.5356, -0.557, -0.5596, -0.5693, -0.5723, -0.5815, -0.5967, -0.5938, -0.588, -0.5835, -0.5967, -0.6025, -0.6025, -0.6006, -0.5967, -0.595, -0.592, -0.5796, -0.561, -0.542, -0.5273, -0.512, -0.496, -0.4785, -0.4631, -0.4475, -0.4395, -0.4373, -0.4424, -0.4534, -0.467, -0.478, -0.4907, -0.5044, -0.517, -0.5244, -0.5234, -0.5215, -0.5283, -0.5513, -0.5815, -0.6055, -0.629, -0.669, -0.7266, -0.7734, -0.788, -0.792, -0.8027, -0.823, -0.8438, -0.8604, -0.875, -0.8877, -0.898, -0.9023, -0.8955, -0.878, -0.8657, -0.8535, -0.838, -0.8164, -0.8, -0.787, -0.7764, -0.7715, -0.768, -0.7637, -0.7563, -0.741, -0.738, -0.7534, -0.766, -0.765, -0.758, -0.7344, -0.722, -0.718, -0.7124, -0.71, -0.7026, -0.686, -0.6807, -0.6846, -0.6934, -0.703, -0.7134, -0.7217, -0.723, -0.7373, -0.7524, -0.7812, -0.8047, -0.8345, -0.8594, -0.885, -0.9033, -0.9224, -0.9395, -0.955, -0.951, -0.9463, -0.9316, -0.9326, -0.9272, -0.922, -0.915, -0.9043, -0.886, -0.8584, -0.82, -0.7515, -0.681, -0.591, -0.503, -0.4243, -0.3516, -0.2947, -0.252, -0.232, -0.2294, -0.2593, -0.303, -0.3499, -0.3953, -0.4229, -0.4417, -0.4604, -0.4766, -0.495, -0.5234, -0.5645, -0.6064, -0.6426, -0.6694, -0.675, -0.6675, -0.66, -0.664, -0.6777, -0.6875, -0.7026, -0.7153, -0.7266, -0.709
-0.672, -0.6035, -0.5376, -0.4768, -0.4329, -0.3945, -0.3708, -0.3574, -0.372, -0.3867, -0.4182, -0.4404, -0.4517, -0.459, -0.4624, -0.4678, -0.4753, -0.4795, -0.4902, -0.513, -0.5386, -0.5547, -0.568, -0.5674, -0.573, -0.5674, -0.58, -0.5996, -0.5996, -0.6006, -0.5977, -0.5933, -0.581, -0.5713, -0.5635, -0.552, -0.545, -0.537, -0.5137, -0.4993, -0.481, -0.4666, -0.4556, -0.4556, -0.4614, -0.466, -0.4753, -0.4976, -0.501, -0.501, -0.507, -0.509, -0.5156, -0.5283, -0.547, -0.5703, -0.588, -0.5957, -0.598, -0.6064, -0.6274, -0.6426, -0.637, -0.628, -0.6255, -0.6387, -0.6445, -0.651, -0.642, -0.635, -0.634, -0.6294, -0.615, -0.597, -0.5776, -0.5635, -0.5493, -0.5366, -0.5195, -0.5044, -0.4905, -0.4814, -0.479, -0.4832, -0.4893, -0.4973, -0.505, -0.51, -0.5186, -0.533, -0.545, -0.55, -0.5537, -0.566, -0.5957, -0.6294, -0.6543, -0.6714, -0.714, -0.784, -0.841, -0.8594, -0.861, -0.8633, -0.876, -0.8926, -0.909, -0.9263, -0.9414, -0.954, -0.9585, -0.953, -0.9395, -0.9297, -0.9204, -0.902, -0.884, -0.8633, -0.848, -0.8345, -0.8286, -0.82, -0.8154, -0.802, -0.783, -0.7773, -0.79, -0.81, -0.8057, -0.794, -0.7827, -0.781, -0.776, -0.7734, -0.764, -0.762, -0.7476, -0.7383, -0.7344, -0.737, -0.749, -0.749, -0.7583, -0.756, -0.758, -0.772, -0.8013, -0.8257, -0.846, -0.873, -0.8984, -0.9146, -0.9307, -0.936, -0.9517, -0.965, -0.9556, -0.9473, -0.9365, -0.9355, -0.9346, -0.9263, -0.916, -0.8994, -0.875, -0.827, -0.758, -0.6772, -0.59, -0.514, -0.4478, -0.3862, -0.3325, -0.3015, -0.287, -0.2917, -0.3193, -0.3623, -0.397, -0.4292, -0.448, -0.4688, -0.4858, -0.5, -0.5225, -0.5527, -0.599, -0.6484, -0.69, -0.72, -0.7266, -0.7217, -0.7104, -0.7075, -0.709, -0.7246, -0.7437, -0.7617, -0.7637, -0.7285
-0.6865, -0.62, -0.5566, -0.4983, -0.45, -0.422, -0.4048, -0.4023, -0.4102, -0.4233, -0.4316, -0.441, -0.4438, -0.4524, -0.4607, -0.475, -0.4922, -0.505, -0.5215, -0.537, -0.5684, -0.5923, -0.6064, -0.604, -0.599, -0.5894, -0.6016, -0.6235, -0.628, -0.6416, -0.6396, -0.6416, -0.6274, -0.61, -0.597, -0.5864, -0.5757, -0.578, -0.559, -0.54, -0.526, -0.513, -0.4958, -0.504, -0.505, -0.509, -0.505, -0.5044, -0.5156, -0.533, -0.544, -0.5625, -0.5645, -0.581, -0.6006, -0.612, -0.628, -0.6353, -0.64, -0.656, -0.6777, -0.6875, -0.6934, -0.6836, -0.676, -0.6797, -0.689, -0.691, -0.6836, -0.6714, -0.669, -0.6665, -0.6567, -0.64, -0.623, -0.6074, -0.5923, -0.5835, -0.568, -0.5527, -0.538, -0.5273, -0.5225, -0.522, -0.5195, -0.5234, -0.5283, -0.5337, -0.544, -0.561, -0.576, -0.585, -0.595, -0.6167, -0.651, -0.6885, -0.7163, -0.7285, -0.765, -0.834, -0.9, -0.9263, -0.9287, -0.9316, -0.9395, -0.9507, -0.963, -0.976, -0.9883, -1.001, -1.008, -1.006, -1.0, -0.993, -0.9854, -0.9697, -0.9536, -0.9336, -0.915, -0.8955, -0.885, -0.873, -0.8657, -0.8506, -0.829, -0.8237, -0.8364, -0.845, -0.849, -0.836, -0.8237, -0.8276, -0.834, -0.836, -0.834, -0.824, -0.806, -0.7974, -0.799, -0.7983, -0.7983, -0.8, -0.8, -0.7964, -0.7935, -0.8037, -0.824, -0.8477, -0.8677, -0.8877, -0.913, -0.934, -0.9414, -0.9443, -0.9614, -0.969, -0.964, -0.963, -0.958, -0.949, -0.945, -0.9414, -0.9243, -0.912, -0.8804, -0.8306, -0.7646, -0.6787, -0.5913, -0.5273, -0.4658, -0.408, -0.3652, -0.3433, -0.3428, -0.355, -0.3772, -0.4111, -0.4385, -0.4644, -0.4849, -0.5, -0.5166, -0.53, -0.5547, -0.5967, -0.647, -0.7, -0.7456, -0.7803, -0.7886, -0.778, -0.769, -0.7534, -0.75, -0.7646, -0.7886, -0.808, -0.7993, -0.753
-0.7163, -0.6494, -0.5874, -0.52, -0.4812, -0.4526, -0.437, -0.4363, -0.4448, -0.4607, -0.455, -0.4512, -0.4583, -0.4587, -0.4714, -0.494, -0.508, -0.5264, -0.5527, -0.582, -0.608, -0.634, -0.6445, -0.644, -0.638, -0.624, -0.6357, -0.6626, -0.6704, -0.669, -0.6836, -0.6753, -0.671, -0.6694, -0.6553, -0.647, -0.628, -0.621, -0.6064, -0.5845, -0.5723, -0.553, -0.5356, -0.5444, -0.538, -0.55, -0.5312, -0.5312, -0.549, -0.571, -0.581, -0.6055, -0.61, -0.624, -0.6416, -0.658, -0.6675, -0.6772, -0.6846, -0.7085, -0.7256, -0.7407, -0.7446, -0.738, -0.733, -0.7285, -0.7344, -0.7383, -0.729, -0.7153, -0.7104, -0.7095, -0.702, -0.6895, -0.6724, -0.6567, -0.6416, -0.6313, -0.617, -0.604, -0.59, -0.576, -0.5674, -0.5615, -0.5547, -0.5557, -0.5596, -0.567, -0.5796, -0.596, -0.6104, -0.6206, -0.639, -0.67, -0.71, -0.758, -0.795, -0.809, -0.8315, -0.887, -0.959, -0.9956, -1.002, -1.01, -1.022, -1.027, -1.027, -1.03, -1.038, -1.048, -1.058, -1.062, -1.061, -1.054, -1.041, -1.029, -1.015, -1.0, -0.9756, -0.9526, -0.936, -0.925, -0.916, -0.9043, -0.8965, -0.8867, -0.9004, -0.8994, -0.895, -0.8945, -0.8823, -0.8784, -0.8906, -0.895, -0.9, -0.8896, -0.8774, -0.8643, -0.866, -0.8643, -0.862, -0.8604, -0.863, -0.86, -0.848, -0.8423, -0.8545, -0.8774, -0.8936, -0.908, -0.932, -0.9497, -0.958, -0.957, -0.9683, -0.9707, -0.968, -0.9697, -0.967, -0.9517, -0.95, -0.938, -0.924, -0.91, -0.876, -0.8257, -0.7646, -0.6855, -0.603, -0.537, -0.4792, -0.4307, -0.4006, -0.3958, -0.4006, -0.4175, -0.439, -0.461, -0.4849, -0.4963, -0.522, -0.5386, -0.5596, -0.569, -0.5938, -0.643, -0.6973, -0.7544, -0.8086, -0.8467, -0.8564, -0.8506, -0.8335, -0.82, -0.8076, -0.8037, -0.8223, -0.844, -0.836, -0.788
-0.7603, -0.688, -0.6284, -0.567, -0.519, -0.481, -0.466, -0.4597, -0.4731, -0.48, -0.4773, -0.4817, -0.4792, -0.4773, -0.4849, -0.503, -0.525, -0.5547, -0.5884, -0.625, -0.65, -0.677, -0.6943, -0.6973, -0.684, -0.6753, -0.6836, -0.6885, -0.703, -0.698, -0.701, -0.717, -0.713, -0.715, -0.701, -0.6953, -0.6763, -0.667, -0.663, -0.642, -0.6196, -0.6006, -0.5913, -0.58, -0.585, -0.58, -0.581, -0.581, -0.591, -0.5986, -0.6113, -0.639, -0.649, -0.662, -0.6846, -0.7036, -0.7183, -0.7227, -0.743, -0.7656, -0.797, -0.808, -0.8027, -0.792, -0.787, -0.784, -0.7896, -0.7866, -0.7783, -0.7637, -0.758, -0.758, -0.7534, -0.741, -0.723, -0.708, -0.6924, -0.6797, -0.6626, -0.6484, -0.6343, -0.6187, -0.6064, -0.5977, -0.593, -0.593, -0.599, -0.6084, -0.622, -0.635, -0.6455, -0.659, -0.686, -0.724, -0.775, -0.8345, -0.88, -0.8984, -0.914, -0.9546, -1.02, -1.064, -1.079, -1.088, -1.103, -1.111, -1.109, -1.105, -1.107, -1.113, -1.12, -1.125, -1.124, -1.116, -1.104, -1.088, -1.07, -1.049, -1.023, -0.9995, -0.9834, -0.9746, -0.9683, -0.962, -0.9575, -0.952, -0.959, -0.957, -0.95, -0.9443, -0.931, -0.934, -0.9424, -0.9395, -0.9463, -0.9316, -0.929, -0.924, -0.9233, -0.923, -0.9297, -0.931, -0.9253, -0.9204, -0.907, -0.8955, -0.899, -0.911, -0.9224, -0.94, -0.951, -0.9673, -0.971, -0.967, -0.9775, -0.9844, -0.9756, -0.969, -0.9707, -0.958, -0.95, -0.942, -0.927, -0.906, -0.869, -0.822, -0.7607, -0.6865, -0.616, -0.554, -0.503, -0.4644, -0.4397, -0.4382, -0.4546, -0.4697, -0.4897, -0.5044, -0.5137, -0.5264, -0.5493, -0.577, -0.594, -0.6133, -0.6445, -0.6855, -0.742, -0.8057, -0.861, -0.906, -0.9185, -0.9155, -0.9033, -0.8857, -0.8667, -0.8545, -0.864, -0.8794, -0.8735, -0.8247
-0.801, -0.739, -0.6753, -0.6104, -0.556, -0.5205, -0.508, -0.5, -0.501, -0.508, -0.51, -0.5137, -0.5205, -0.518, -0.533, -0.5503, -0.5684, -0.5996, -0.6455, -0.6724, -0.6953, -0.7246, -0.7354, -0.741, -0.739, -0.742, -0.7397, -0.7373, -0.743, -0.742, -0.7495, -0.761, -0.7686, -0.7607, -0.749, -0.7334, -0.7285, -0.721, -0.7153, -0.7026, -0.69, -0.6655, -0.6504, -0.637, -0.6367, -0.625, -0.6235, -0.619, -0.63, -0.6304, -0.6377, -0.677, -0.6904, -0.704, -0.7246, -0.746, -0.759, -0.7734, -0.801, -0.836, -0.8657, -0.872, -0.861, -0.8467, -0.8413, -0.8335, -0.8354, -0.839, -0.831, -0.8164, -0.8057, -0.8047, -0.8027, -0.7944, -0.7773, -0.761, -0.7446, -0.7324, -0.714, -0.698, -0.6787, -0.6606, -0.644, -0.634, -0.6274, -0.628, -0.637, -0.6543, -0.6724, -0.6836, -0.6924, -0.7075, -0.738, -0.783, -0.841, -0.907, -0.9585, -0.9805, -0.9937, -1.024, -1.08, -1.13, -1.154, -1.168, -1.184, -1.193, -1.194, -1.193, -1.193, -1.197, -1.202, -1.207, -1.204, -1.192, -1.176, -1.156, -1.132, -1.107, -1.077, -1.051, -1.031, -1.02, -1.016, -1.014, -1.009, -1.01, -1.012, -1.007, -0.999, -0.9854, -0.975, -0.98, -0.979, -0.984, -0.9746, -0.9727, -0.9673, -0.966, -0.975, -0.988, -0.9893, -0.9927, -0.993, -0.9897, -0.967, -0.95, -0.9556, -0.9663, -0.9746, -0.977, -0.9824, -0.994, -1.0, -0.9883, -0.991, -0.988, -0.9854, -0.9834, -0.982, -0.9756, -0.961, -0.945, -0.9277, -0.9033, -0.8677, -0.8164, -0.758, -0.693, -0.631, -0.574, -0.525, -0.5, -0.4827, -0.4858, -0.5, -0.5137, -0.5283, -0.536, -0.546, -0.557, -0.58, -0.6104, -0.639, -0.66, -0.6904, -0.73, -0.7905, -0.8613, -0.924, -0.964, -0.973, -0.9756, -0.9653, -0.948, -0.933, -0.9087, -0.9043, -0.923, -0.9146, -0.868
-0.845, -0.7837, -0.7227, -0.659, -0.6035, -0.572, -0.5503, -0.543, -0.539, -0.538, -0.548, -0.5566, -0.567, -0.5825, -0.596, -0.6084, -0.633, -0.66, -0.698, -0.7354, -0.7603, -0.7764, -0.789, -0.796, -0.786, -0.79, -0.795, -0.79, -0.785, -0.786, -0.793, -0.811, -0.8125, -0.807, -0.8037, -0.7896, -0.7827, -0.767, -0.7666, -0.7573, -0.745, -0.718, -0.706, -0.6836, -0.6714, -0.6577, -0.661, -0.6636, -0.669, -0.6763, -0.686, -0.712, -0.728, -0.752, -0.77, -0.7944, -0.8125, -0.8223, -0.8604, -0.8994, -0.9224, -0.9224, -0.91, -0.8877, -0.884, -0.883, -0.8853, -0.8926, -0.8896, -0.8755, -0.8584, -0.851, -0.8486, -0.8438, -0.834, -0.819, -0.805, -0.792, -0.771, -0.752, -0.7295, -0.7075, -0.6885, -0.673, -0.664, -0.6665, -0.6807, -0.7056, -0.7285, -0.743, -0.754, -0.77, -0.7993, -0.8467, -0.901, -0.9673, -1.026, -1.057, -1.078, -1.107, -1.158, -1.207, -1.239, -1.26, -1.272, -1.282, -1.283, -1.285, -1.287, -1.289, -1.292, -1.302, -1.299, -1.279, -1.258, -1.232, -1.205, -1.177, -1.146, -1.116, -1.094, -1.078, -1.068, -1.069, -1.073, -1.074, -1.071, -1.062, -1.035, -1.031, -1.027, -1.023, -1.021, -1.023, -1.016, -1.011, -1.009, -1.011, -1.025, -1.036, -1.045, -1.045, -1.051, -1.041, -1.021, -1.009, -1.009, -1.023, -1.026, -1.027, -1.021, -1.025, -1.026, -1.021, -1.02, -1.01, -1.0, -1.001, -1.004, -1.0, -0.986, -0.9624, -0.9434, -0.914, -0.8755, -0.8315, -0.778, -0.719, -0.662, -0.607, -0.559, -0.5347, -0.5244, -0.5264, -0.538, -0.5586, -0.5664, -0.57, -0.5723, -0.588, -0.6143, -0.6514, -0.689, -0.7227, -0.7476, -0.7837, -0.8447, -0.9077, -0.971, -1.013, -1.021, -1.02, -1.016, -1.001, -0.9824, -0.965, -0.9526, -0.962, -0.9517, -0.9097
-0.894, -0.8276, -0.773, -0.72, -0.6675, -0.628, -0.604, -0.5884, -0.5845, -0.586, -0.5977, -0.6094, -0.624, -0.6484, -0.665, -0.6807, -0.6978, -0.7227, -0.7593, -0.7876, -0.8086, -0.8325, -0.845, -0.8403, -0.8364, -0.8433, -0.8438, -0.835, -0.8257, -0.827, -0.841, -0.8477, -0.8545, -0.8564, -0.853, -0.8394, -0.8315, -0.8267, -0.8125, -0.802, -0.785, -0.756, -0.739, -0.722, -0.729, -0.709, -0.699, -0.7, -0.706, -0.7114, -0.7314, -0.7534, -0.7725, -0.7974, -0.818, -0.84, -0.854, -0.8696, -0.908, -0.9443, -0.9556, -0.954, -0.937, -0.9326, -0.9326, -0.9307, -0.9385, -0.94, -0.9385, -0.9297, -0.912, -0.903, -0.9004, -0.8965, -0.8906, -0.88, -0.865, -0.8506, -0.828, -0.807, -0.7827, -0.7607, -0.7407, -0.7246, -0.7153, -0.7163, -0.7324, -0.763, -0.793, -0.8125, -0.831, -0.8486, -0.88, -0.924, -0.973, -1.037, -1.098, -1.139, -1.169, -1.205, -1.249, -1.297, -1.333, -1.361, -1.375, -1.377, -1.375, -1.377, -1.385, -1.392, -1.393, -1.4, -1.398, -1.374, -1.345, -1.318, -1.288, -1.255, -1.228, -1.199, -1.176, -1.153, -1.137, -1.135, -1.143, -1.148, -1.1455, -1.128, -1.106, -1.086, -1.08, -1.072, -1.066, -1.064, -1.062, -1.057, -1.057, -1.061, -1.073, -1.084, -1.094, -1.097, -1.1, -1.086, -1.07, -1.059, -1.051, -1.058, -1.062, -1.058, -1.055, -1.068, -1.064, -1.061, -1.043, -1.032, -1.022, -1.024, -1.03, -1.023, -1.011, -0.9917, -0.973, -0.9434, -0.9067, -0.863, -0.8115, -0.7573, -0.6978, -0.6445, -0.6006, -0.577, -0.567, -0.573, -0.5854, -0.6025, -0.6094, -0.6074, -0.6104, -0.6274, -0.663, -0.7026, -0.748, -0.786, -0.8154, -0.853, -0.906, -0.9634, -1.01, -1.037, -1.044, -1.044, -1.039, -1.033, -1.02, -1.003, -0.99, -0.9873, -0.9844, -0.9517
-0.938, -0.882, -0.8315, -0.776, -0.7188, -0.6714, -0.648, -0.6357, -0.6313, -0.6406, -0.6523, -0.671, -0.696, -0.718, -0.7383, -0.757, -0.7705, -0.7866, -0.818, -0.8447, -0.8633, -0.8877, -0.899, -0.8906, -0.8906, -0.8936, -0.898, -0.8813, -0.8687, -0.872, -0.879, -0.8975, -0.9014, -0.9014, -0.8945, -0.8896, -0.884, -0.8794, -0.869, -0.8457, -0.8296, -0.8047, -0.797, -0.7754, -0.7676, -0.7534, -0.745, -0.7466, -0.75, -0.7603, -0.779, -0.7954, -0.8184, -0.84, -0.867, -0.89, -0.909, -0.9297, -0.9507, -0.966, -0.9795, -0.966, -0.9673, -0.9697, -0.9746, -0.9805, -0.9785, -0.9795, -0.9775, -0.9683, -0.9556, -0.948, -0.948, -0.9453, -0.941, -0.9297, -0.9194, -0.9067, -0.884, -0.8613, -0.84, -0.82, -0.8, -0.785, -0.775, -0.7734, -0.787, -0.821, -0.8604, -0.8877, -0.912, -0.9326, -0.9634, -1.007, -1.053, -1.115, -1.178, -1.223, -1.26, -1.299, -1.345, -1.386, -1.426, -1.459, -1.475, -1.475, -1.473, -1.478, -1.492, -1.506, -1.512, -1.518, -1.508, -1.4795, -1.449, -1.416, -1.381, -1.346, -1.313, -1.289, -1.264, -1.24, -1.223, -1.218, -1.229, -1.232, -1.215, -1.195, -1.175, -1.16, -1.146, -1.139, -1.131, -1.121, -1.114, -1.111, -1.1045, -1.109, -1.12, -1.134, -1.142, -1.146, -1.149, -1.145, -1.131, -1.111, -1.102, -1.106, -1.11, -1.105, -1.103, -1.106, -1.111, -1.093, -1.082, -1.063, -1.066, -1.066, -1.06, -1.047, -1.033, -1.018, -1.002, -0.9824, -0.946, -0.8975, -0.8467, -0.802, -0.7476, -0.6987, -0.655, -0.6323, -0.62, -0.6216, -0.634, -0.6465, -0.652, -0.6504, -0.6562, -0.678, -0.716, -0.77, -0.82, -0.865, -0.892, -0.9277, -0.964, -1.002, -1.033, -1.049, -1.057, -1.061, -1.059, -1.054, -1.044, -1.029, -1.013, -1.008, -1.009, -0.9814
-0.9805, -0.9395, -0.8867, -0.8335, -0.7773, -0.7246, -0.6875, -0.674, -0.674, -0.6855, -0.7104, -0.7295, -0.763, -0.7783, -0.8057, -0.829, -0.8486, -0.861, -0.884, -0.91, -0.9307, -0.95, -0.958, -0.9487, -0.9463, -0.939, -0.9434, -0.9385, -0.924, -0.92, -0.927, -0.938, -0.9414, -0.941, -0.938, -0.929, -0.9287, -0.925, -0.9165, -0.8916, -0.875, -0.853, -0.8467, -0.8296, -0.811, -0.801, -0.7925, -0.796, -0.8027, -0.8096, -0.833, -0.8506, -0.875, -0.8994, -0.92, -0.9414, -0.957, -0.9697, -0.9814, -1.0, -1.0, -1.005, -1.003, -1.009, -1.006, -1.007, -1.003, -1.004, -0.999, -0.9893, -0.9805, -0.9775, -0.98, -0.978, -0.9727, -0.968, -0.963, -0.9507, -0.932, -0.914, -0.8926, -0.871, -0.8516, -0.839, -0.8296, -0.827, -0.839, -0.8696, -0.914, -0.9507, -0.981, -1.005, -1.035, -1.083, -1.135, -1.195, -1.253, -1.303, -1.35, -1.395, -1.4375, -1.475, -1.516, -1.552, -1.574, -1.574, -1.574, -1.584, -1.605, -1.625, -1.634, -1.635, -1.623, -1.594, -1.561, -1.521, -1.479, -1.443, -1.406, -1.379, -1.35, -1.328, -1.311, -1.307, -1.317, -1.318, -1.301, -1.278, -1.255, -1.238, -1.224, -1.214, -1.207, -1.195, -1.184, -1.175, -1.168, -1.164, -1.17, -1.183, -1.193, -1.2, -1.202, -1.199, -1.186, -1.174, -1.165, -1.161, -1.158, -1.151, -1.147, -1.152, -1.154, -1.135, -1.116, -1.108, -1.1, -1.099, -1.09, -1.072, -1.058, -1.049, -1.035, -1.014, -0.9775, -0.9336, -0.8896, -0.845, -0.8022, -0.757, -0.718, -0.6953, -0.6836, -0.6797, -0.682, -0.687, -0.6885, -0.6904, -0.7036, -0.7295, -0.7715, -0.8315, -0.888, -0.937, -0.9644, -0.991, -1.01, -1.032, -1.049, -1.061, -1.07, -1.078, -1.08, -1.076, -1.066, -1.054, -1.039, -1.027, -1.023, -1.009
-1.008, -0.9766, -0.9336, -0.8867, -0.832, -0.7847, -0.741, -0.7275, -0.725, -0.7437, -0.7676, -0.7886, -0.813, -0.8438, -0.878, -0.9023, -0.9272, -0.936, -0.952, -0.9653, -0.982, -0.998, -1.003, -1.0, -0.991, -0.99, -0.9863, -0.9824, -0.9683, -0.96, -0.958, -0.9673, -0.975, -0.9746, -0.966, -0.961, -0.958, -0.9487, -0.938, -0.923, -0.917, -0.905, -0.89, -0.875, -0.863, -0.8545, -0.8574, -0.8623, -0.86, -0.8726, -0.9053, -0.9307, -0.943, -0.9585, -0.9795, -0.9883, -0.9883, -1.004, -1.03, -1.041, -1.029, -1.029, -1.04, -1.041, -1.037, -1.029, -1.023, -1.02, -1.012, -0.9995, -0.992, -0.992, -0.9966, -0.999, -0.997, -0.992, -0.9883, -0.981, -0.97, -0.955, -0.9385, -0.917, -0.8975, -0.8896, -0.883, -0.88, -0.8857, -0.9116, -0.9536, -0.997, -1.039, -1.071, -1.106, -1.154, -1.209, -1.264, -1.317, -1.372, -1.429, -1.4795, -1.526, -1.564, -1.603, -1.643, -1.664, -1.672, -1.677, -1.6875, -1.71, -1.73, -1.74, -1.738, -1.727, -1.697, -1.66, -1.614, -1.572, -1.541, -1.507, -1.479, -1.443, -1.419, -1.396, -1.393, -1.4, -1.406, -1.396, -1.381, -1.357, -1.336, -1.318, -1.309, -1.303, -1.288, -1.273, -1.264, -1.254, -1.241, -1.237, -1.241, -1.248, -1.254, -1.258, -1.255, -1.249, -1.241, -1.234, -1.227, -1.216, -1.203, -1.195, -1.195, -1.191, -1.177, -1.158, -1.142, -1.134, -1.129, -1.121, -1.106, -1.092, -1.08, -1.066, -1.041, -1.005, -0.9746, -0.936, -0.897, -0.8574, -0.8203, -0.7866, -0.7593, -0.746, -0.738, -0.73, -0.7275, -0.73, -0.7334, -0.7554, -0.783, -0.8286, -0.8887, -0.9453, -0.9897, -1.02, -1.032, -1.037, -1.047, -1.06, -1.073, -1.087, -1.096, -1.099, -1.096, -1.088, -1.075, -1.0625, -1.053, -1.047, -1.033
-1.027, -1.002, -0.9688, -0.923, -0.877, -0.843, -0.7964, -0.7812, -0.783, -0.804, -0.83, -0.859, -0.8843, -0.921, -0.948, -0.9688, -0.9863, -1.004, -1.006, -1.005, -1.015, -1.027, -1.034, -1.043, -1.038, -1.029, -1.021, -1.015, -1.0, -0.9927, -0.982, -0.9795, -0.981, -0.9824, -0.9785, -0.9688, -0.9707, -0.9756, -0.969, -0.952, -0.952, -0.9463, -0.928, -0.925, -0.927, -0.919, -0.913, -0.92, -0.922, -0.9326, -0.957, -0.976, -0.9834, -1.01, -1.027, -1.045, -1.049, -1.057, -1.07, -1.08, -1.082, -1.082, -1.083, -1.08, -1.068, -1.057, -1.047, -1.041, -1.03, -1.016, -1.005, -1.004, -1.008, -1.011, -1.009, -1.004, -1.002, -1.0, -0.9946, -0.985, -0.9736, -0.958, -0.945, -0.944, -0.9443, -0.941, -0.942, -0.96, -0.9976, -1.046, -1.093, -1.135, -1.177, -1.222, -1.27, -1.314, -1.361, -1.416, -1.479, -1.541, -1.596, -1.641, -1.684, -1.727, -1.749, -1.762, -1.775, -1.791, -1.811, -1.828, -1.834, -1.833, -1.824, -1.794, -1.753, -1.706, -1.666, -1.643, -1.615, -1.588, -1.55, -1.52, -1.494, -1.486, -1.489, -1.498, -1.502, -1.498, -1.4795, -1.449, -1.426, -1.414, -1.405, -1.391, -1.375, -1.362, -1.351, -1.332, -1.318, -1.317, -1.318, -1.322, -1.323, -1.321, -1.316, -1.3125, -1.305, -1.294, -1.283, -1.268, -1.255, -1.246, -1.237, -1.22, -1.198, -1.181, -1.171, -1.164, -1.159, -1.152, -1.14, -1.125, -1.106, -1.075, -1.044, -1.016, -0.9907, -0.96, -0.921, -0.8813, -0.846, -0.82, -0.8003, -0.788, -0.7803, -0.7773, -0.778, -0.7886, -0.8105, -0.845, -0.8916, -0.944, -0.9873, -1.018, -1.042, -1.052, -1.052, -1.061, -1.077, -1.092, -1.102, -1.107, -1.109, -1.109, -1.107, -1.1, -1.088, -1.075, -1.066, -1.048
-1.045, -1.019, -0.992, -0.961, -0.923, -0.879, -0.8496, -0.833, -0.837, -0.866, -0.9033, -0.9326, -0.96, -0.9897, -1.008, -1.024, -1.028, -1.04, -1.043, -1.047, -1.05, -1.057, -1.059, -1.0625, -1.063, -1.0625, -1.056, -1.049, -1.031, -1.018, -1.006, -0.995, -0.9985, -0.995, -0.99, -0.9844, -0.996, -0.992, -0.9917, -0.9824, -0.9824, -0.9795, -0.964, -0.964, -0.964, -0.959, -0.959, -0.959, -0.9624, -0.9785, -1.002, -1.02, -1.033, -1.047, -1.061, -1.071, -1.082, -1.09, -1.104, -1.114, -1.114, -1.117, -1.122, -1.118, -1.103, -1.086, -1.073, -1.066, -1.059, -1.047, -1.031, -1.023, -1.021, -1.02, -1.013, -1.008, -1.008, -1.008, -1.006, -1.003, -0.9956, -0.9854, -0.9805, -0.9883, -1.0, -1.003, -1.007, -1.023, -1.059, -1.103, -1.149, -1.197, -1.24, -1.281, -1.316, -1.348, -1.39, -1.44, -1.505, -1.57, -1.635, -1.695, -1.75, -1.798, -1.824, -1.844, -1.864, -1.879, -1.894, -1.906, -1.913, -1.916, -1.912, -1.888, -1.845, -1.799, -1.761, -1.74, -1.716, -1.69, -1.654, -1.626, -1.6, -1.586, -1.585, -1.594, -1.602, -1.608, -1.595, -1.565, -1.54, -1.5205, -1.509, -1.494, -1.475, -1.459, -1.443, -1.424, -1.406, -1.401, -1.403, -1.404, -1.404, -1.402, -1.396, -1.387, -1.382, -1.371, -1.357, -1.341, -1.322, -1.308, -1.298, -1.279, -1.254, -1.23, -1.216, -1.209, -1.207, -1.203, -1.193, -1.18, -1.157, -1.125, -1.092, -1.063, -1.041, -1.015, -0.9756, -0.9385, -0.9033, -0.8745, -0.849, -0.833, -0.8237, -0.8247, -0.833, -0.849, -0.875, -0.914, -0.953, -0.9956, -1.022, -1.041, -1.061, -1.068, -1.07, -1.08, -1.098, -1.112, -1.119, -1.121, -1.121, -1.126, -1.13, -1.128, -1.116, -1.101, -1.088, -1.063
-1.064, -1.031, -1.01, -0.9873, -0.958, -0.9175, -0.8984, -0.899, -0.9077, -0.9307, -0.96, -0.984, -1.005, -1.025, -1.045, -1.053, -1.06, -1.07, -1.077, -1.08, -1.086, -1.086, -1.084, -1.087, -1.09, -1.088, -1.082, -1.072, -1.058, -1.036, -1.023, -1.009, -1.008, -1.012, -1.012, -1.012, -1.01, -1.015, -1.02, -1.008, -1.003, -0.996, -0.985, -0.9756, -0.9707, -0.9683, -0.9756, -0.999, -1.01, -1.016, -1.032, -1.051, -1.066, -1.08, -1.091, -1.102, -1.111, -1.116, -1.124, -1.133, -1.133, -1.137, -1.144, -1.143, -1.131, -1.115, -1.104, -1.096, -1.089, -1.079, -1.063, -1.05, -1.042, -1.032, -1.022, -1.02, -1.021, -1.02, -1.015, -1.014, -1.008, -1.0, -1.0, -1.016, -1.037, -1.051, -1.062, -1.082, -1.115, -1.156, -1.201, -1.25, -1.295, -1.328, -1.353, -1.376, -1.415, -1.465, -1.525, -1.591, -1.662, -1.731, -1.799, -1.851, -1.883, -1.908, -1.932, -1.944, -1.954, -1.962, -1.97, -1.977, -1.978, -1.962, -1.928, -1.889, -1.853, -1.825, -1.799, -1.775, -1.747, -1.728, -1.707, -1.691, -1.687, -1.693, -1.703, -1.705, -1.692, -1.672, -1.65, -1.633, -1.619, -1.604, -1.582, -1.56, -1.541, -1.521, -1.504, -1.496, -1.498, -1.498, -1.498, -1.497, -1.492, -1.482, -1.475, -1.463, -1.44, -1.415, -1.389, -1.37, -1.357, -1.342, -1.316, -1.289, -1.272, -1.264, -1.26, -1.254, -1.244, -1.23, -1.209, -1.176, -1.14, -1.111, -1.088, -1.061, -1.023, -0.988, -0.95, -0.919, -0.8955, -0.8755, -0.871, -0.879, -0.8916, -0.915, -0.9434, -0.9824, -1.015, -1.039, -1.054, -1.066, -1.081, -1.088, -1.09, -1.098, -1.112, -1.128, -1.134, -1.137, -1.142, -1.149, -1.154, -1.151, -1.142, -1.127, -1.108, -1.085
-1.08, -1.054, -1.032, -1.004, -0.9854, -0.9575, -0.952, -0.9478, -0.964, -0.9834, -1.008, -1.025, -1.039, -1.05, -1.063, -1.074, -1.084, -1.094, -1.103, -1.105, -1.107, -1.103, -1.099, -1.102, -1.105, -1.107, -1.104, -1.096, -1.083, -1.062, -1.049, -1.048, -1.043, -1.038, -1.036, -1.041, -1.04, -1.035, -1.035, -1.041, -1.029, -1.014, -1.001, -0.9844, -0.993, -0.9927, -1.01, -1.029, -1.042, -1.047, -1.059, -1.078, -1.094, -1.1045, -1.115, -1.129, -1.139, -1.14, -1.143, -1.147, -1.147, -1.149, -1.156, -1.159, -1.154, -1.145, -1.135, -1.124, -1.116, -1.105, -1.093, -1.084, -1.072, -1.057, -1.045, -1.045, -1.047, -1.039, -1.033, -1.029, -1.024, -1.02, -1.023, -1.043, -1.068, -1.087, -1.104, -1.127, -1.162, -1.201, -1.242, -1.289, -1.331, -1.359, -1.377, -1.399, -1.439, -1.489, -1.551, -1.619, -1.696, -1.769, -1.83, -1.887, -1.924, -1.955, -1.977, -1.985, -1.99, -1.994, -1.996, -1.999, -2.0, -1.995, -1.98, -1.961, -1.934, -1.906, -1.88, -1.861, -1.841, -1.826, -1.809, -1.791, -1.779, -1.785, -1.793, -1.79, -1.776, -1.756, -1.747, -1.74, -1.731, -1.715, -1.692, -1.664, -1.643, -1.62, -1.604, -1.597, -1.599, -1.605, -1.606, -1.605, -1.603, -1.595, -1.584, -1.561, -1.525, -1.489, -1.459, -1.4375, -1.42, -1.4, -1.377, -1.352, -1.336, -1.328, -1.321, -1.309, -1.297, -1.282, -1.258, -1.221, -1.181, -1.152, -1.127, -1.098, -1.062, -1.024, -0.99, -0.96, -0.9365, -0.922, -0.922, -0.9336, -0.952, -0.98, -1.006, -1.037, -1.0625, -1.08, -1.088, -1.094, -1.102, -1.106, -1.108, -1.112, -1.121, -1.134, -1.143, -1.151, -1.167, -1.178, -1.179, -1.173, -1.164, -1.15, -1.132, -1.107
-1.099, -1.065, -1.044, -1.021, -1.006, -0.99, -0.99, -0.992, -1.004, -1.021, -1.045, -1.059, -1.065, -1.072, -1.082, -1.093, -1.104, -1.113, -1.119, -1.121, -1.117, -1.108, -1.104, -1.107, -1.115, -1.121, -1.121, -1.114, -1.105, -1.094, -1.085, -1.074, -1.07, -1.0625, -1.049, -1.054, -1.065, -1.062, -1.055, -1.053, -1.047, -1.044, -1.035, -1.029, -1.027, -1.029, -1.039, -1.055, -1.068, -1.075, -1.088, -1.102, -1.111, -1.119, -1.131, -1.147, -1.157, -1.16, -1.164, -1.168, -1.164, -1.16, -1.164, -1.17, -1.17, -1.166, -1.156, -1.144, -1.132, -1.123, -1.117, -1.112, -1.102, -1.084, -1.076, -1.078, -1.078, -1.068, -1.062, -1.057, -1.053, -1.05, -1.057, -1.078, -1.102, -1.119, -1.137, -1.162, -1.195, -1.229, -1.264, -1.304, -1.341, -1.367, -1.388, -1.416, -1.464, -1.518, -1.58, -1.649, -1.73, -1.802, -1.857, -1.908, -1.951, -1.98, -1.995, -2.0, -2.0, -2.0, -2.0, -2.0, -2.0, -2.004, -2.0, -1.994, -1.985, -1.967, -1.952, -1.936, -1.922, -1.908, -1.894, -1.878, -1.865, -1.867, -1.871, -1.867, -1.855, -1.839, -1.838, -1.836, -1.833, -1.818, -1.795, -1.77, -1.75, -1.728, -1.707, -1.696, -1.698, -1.713, -1.721, -1.717, -1.711, -1.701, -1.683, -1.649, -1.609, -1.57, -1.543, -1.518, -1.492, -1.465, -1.439, -1.415, -1.401, -1.3955, -1.385, -1.371, -1.357, -1.338, -1.3125, -1.268, -1.225, -1.191, -1.164, -1.131, -1.091, -1.052, -1.024, -1.002, -0.983, -0.969, -0.968, -0.979, -1.0, -1.025, -1.051, -1.072, -1.092, -1.107, -1.114, -1.12, -1.125, -1.129, -1.128, -1.127, -1.13, -1.14, -1.15, -1.166, -1.189, -1.203, -1.202, -1.195, -1.189, -1.18, -1.162, -1.135
-1.117, -1.078, -1.056, -1.037, -1.022, -1.0205, -1.012, -1.019, -1.033, -1.057, -1.074, -1.088, -1.094, -1.099, -1.1045, -1.112, -1.117, -1.123, -1.127, -1.127, -1.119, -1.107, -1.104, -1.111, -1.122, -1.129, -1.13, -1.127, -1.125, -1.121, -1.115, -1.112, -1.107, -1.096, -1.085, -1.08, -1.092, -1.093, -1.088, -1.08, -1.069, -1.061, -1.055, -1.056, -1.056, -1.059, -1.063, -1.076, -1.091, -1.1, -1.107, -1.114, -1.12, -1.127, -1.137, -1.149, -1.161, -1.171, -1.182, -1.187, -1.178, -1.168, -1.17, -1.176, -1.176, -1.172, -1.165, -1.154, -1.145, -1.141, -1.137, -1.134, -1.122, -1.105, -1.1, -1.104, -1.103, -1.096, -1.09, -1.087, -1.084, -1.084, -1.098, -1.123, -1.142, -1.151, -1.162, -1.182, -1.209, -1.236, -1.27, -1.307, -1.338, -1.364, -1.391, -1.431, -1.488, -1.545, -1.6045, -1.673, -1.755, -1.826, -1.873, -1.922, -1.967, -1.994, -2.0, -2.0, -2.0, -2.0, -2.0, -2.0, -2.004, -2.01, -2.008, -2.006, -2.004, -1.997, -1.99, -1.98, -1.971, -1.965, -1.956, -1.948, -1.938, -1.9375, -1.94, -1.94, -1.932, -1.922, -1.92, -1.918, -1.917, -1.907, -1.888, -1.869, -1.854, -1.834, -1.814, -1.799, -1.801, -1.814, -1.826, -1.82, -1.811, -1.794, -1.771, -1.736, -1.695, -1.66, -1.634, -1.605, -1.573, -1.54, -1.507, -1.484, -1.473, -1.466, -1.455, -1.442, -1.425, -1.396, -1.361, -1.313, -1.27, -1.233, -1.2, -1.158, -1.113, -1.073, -1.051, -1.039, -1.025, -1.015, -1.01, -1.015, -1.027, -1.048, -1.068, -1.089, -1.108, -1.122, -1.131, -1.138, -1.145, -1.146, -1.1455, -1.142, -1.144, -1.151, -1.163, -1.182, -1.208, -1.223, -1.224, -1.221, -1.218, -1.211, -1.193, -1.161
-1.134, -1.094, -1.068, -1.053, -1.045, -1.04, -1.04, -1.045, -1.061, -1.078, -1.095, -1.107, -1.113, -1.117, -1.122, -1.125, -1.128, -1.131, -1.133, -1.131, -1.121, -1.11, -1.108, -1.12, -1.132, -1.137, -1.138, -1.137, -1.141, -1.143, -1.141, -1.137, -1.132, -1.12, -1.107, -1.1045, -1.106, -1.105, -1.104, -1.098, -1.086, -1.072, -1.068, -1.073, -1.078, -1.079, -1.082, -1.092, -1.105, -1.117, -1.123, -1.127, -1.131, -1.136, -1.14, -1.1455, -1.157, -1.175, -1.1875, -1.19, -1.184, -1.174, -1.176, -1.179, -1.176, -1.172, -1.169, -1.164, -1.16, -1.16, -1.161, -1.157, -1.143, -1.124, -1.117, -1.118, -1.118, -1.117, -1.115, -1.113, -1.109, -1.113, -1.133, -1.162, -1.179, -1.182, -1.183, -1.195, -1.213, -1.233, -1.267, -1.302, -1.328, -1.355, -1.39, -1.439, -1.506, -1.564, -1.618, -1.68, -1.76, -1.834, -1.882, -1.93, -1.973, -1.998, -2.002, -2.002, -2.004, -2.008, -2.004, -2.0, -2.004, -2.006, -2.008, -2.01, -2.006, -2.0, -1.996, -1.994, -1.99, -1.99, -1.989, -1.986, -1.982, -1.98, -1.984, -1.986, -1.986, -1.981, -1.9795, -1.977, -1.976, -1.973, -1.963, -1.952, -1.945, -1.927, -1.91, -1.895, -1.896, -1.907, -1.917, -1.916, -1.904, -1.883, -1.857, -1.824, -1.785, -1.751, -1.727, -1.694, -1.658, -1.624, -1.587, -1.564, -1.551, -1.545, -1.535, -1.518, -1.494, -1.454, -1.404, -1.3545, -1.309, -1.269, -1.2295, -1.183, -1.137, -1.101, -1.08, -1.07, -1.061, -1.051, -1.047, -1.042, -1.045, -1.059, -1.076, -1.098, -1.117, -1.129, -1.139, -1.147, -1.154, -1.161, -1.163, -1.164, -1.166, -1.172, -1.181, -1.197, -1.22, -1.234, -1.24, -1.241, -1.24, -1.232, -1.215, -1.18
-1.146, -1.109, -1.083, -1.067, -1.0625, -1.063, -1.067, -1.074, -1.086, -1.099, -1.111, -1.118, -1.12, -1.125, -1.131, -1.134, -1.137, -1.141, -1.141, -1.137, -1.129, -1.12, -1.122, -1.134, -1.146, -1.153, -1.151, -1.146, -1.15, -1.156, -1.156, -1.154, -1.149, -1.139, -1.128, -1.123, -1.119, -1.115, -1.117, -1.117, -1.104, -1.088, -1.083, -1.088, -1.089, -1.089, -1.093, -1.102, -1.113, -1.127, -1.138, -1.147, -1.152, -1.151, -1.146, -1.146, -1.159, -1.176, -1.187, -1.1875, -1.182, -1.178, -1.181, -1.182, -1.177, -1.174, -1.174, -1.175, -1.18, -1.186, -1.191, -1.19, -1.171, -1.146, -1.136, -1.132, -1.131, -1.132, -1.136, -1.134, -1.128, -1.131, -1.15, -1.179, -1.197, -1.201, -1.2, -1.206, -1.215, -1.2295, -1.256, -1.287, -1.311, -1.34, -1.385, -1.447, -1.5205, -1.575, -1.619, -1.671, -1.749, -1.824, -1.879, -1.932, -1.975, -2.0, -2.006, -2.006, -2.008, -2.016, -2.016, -2.006, -2.0, -2.002, -2.006, -2.008, -2.006, -2.0, -2.0, -2.0, -2.0, -2.0, -2.002, -2.0, -1.999, -1.996, -1.996, -1.999, -2.0, -2.0, -2.0, -2.0, -2.0, -2.0, -2.0, -1.996, -1.994, -1.985, -1.975, -1.966, -1.966, -1.972, -1.9795, -1.9795, -1.971, -1.951, -1.928, -1.902, -1.871, -1.838, -1.813, -1.781, -1.742, -1.705, -1.673, -1.649, -1.634, -1.625, -1.612, -1.594, -1.564, -1.516, -1.453, -1.395, -1.346, -1.301, -1.258, -1.211, -1.168, -1.133, -1.109, -1.098, -1.087, -1.076, -1.07, -1.064, -1.064, -1.072, -1.086, -1.105, -1.122, -1.132, -1.142, -1.15, -1.158, -1.168, -1.179, -1.189, -1.195, -1.198, -1.2, -1.209, -1.223, -1.234, -1.24, -1.243, -1.241, -1.234, -1.22, -1.1875
-1.158, -1.127, -1.1045, -1.091, -1.087, -1.088, -1.09, -1.095, -1.107, -1.119, -1.125, -1.123, -1.122, -1.127, -1.133, -1.137, -1.143, -1.146, -1.148, -1.146, -1.14, -1.131, -1.133, -1.143, -1.156, -1.167, -1.166, -1.156, -1.154, -1.158, -1.162, -1.162, -1.161, -1.154, -1.145, -1.138, -1.132, -1.127, -1.13, -1.13, -1.117, -1.102, -1.093, -1.093, -1.092, -1.093, -1.098, -1.105, -1.115, -1.132, -1.148, -1.162, -1.168, -1.164, -1.156, -1.158, -1.17, -1.184, -1.188, -1.186, -1.182, -1.18, -1.184, -1.186, -1.186, -1.184, -1.186, -1.19, -1.201, -1.213, -1.221, -1.22, -1.2, -1.176, -1.16, -1.152, -1.146, -1.147, -1.152, -1.15, -1.142, -1.139, -1.154, -1.181, -1.204, -1.215, -1.215, -1.216, -1.217, -1.225, -1.243, -1.264, -1.285, -1.322, -1.377, -1.45, -1.526, -1.576, -1.613, -1.658, -1.732, -1.807, -1.866, -1.924, -1.972, -1.999, -2.006, -2.006, -2.01, -2.02, -2.02, -2.01, -2.0, -2.0, -2.004, -2.006, -2.008, -2.008, -2.008, -2.01, -2.012, -2.012, -2.012, -2.008, -2.004, -2.002, -2.0, -2.0, -2.0, -2.0, -2.0, -2.002, -2.0, -2.0, -2.0, -2.0, -2.0, -1.999, -1.996, -1.996, -1.996, -1.998, -2.0, -2.004, -2.0, -1.991, -1.976, -1.96, -1.94, -1.913, -1.888, -1.859, -1.825, -1.79, -1.76, -1.735, -1.721, -1.707, -1.691, -1.663, -1.629, -1.572, -1.505, -1.439, -1.385, -1.336, -1.291, -1.246, -1.205, -1.168, -1.138, -1.119, -1.107, -1.093, -1.084, -1.081, -1.079, -1.083, -1.097, -1.113, -1.125, -1.132, -1.137, -1.1455, -1.154, -1.17, -1.187, -1.202, -1.211, -1.213, -1.21, -1.21, -1.217, -1.225, -1.228, -1.227, -1.223, -1.219, -1.213, -1.19
-1.166, -1.142, -1.125, -1.113, -1.108, -1.105, -1.103, -1.106, -1.117, -1.129, -1.131, -1.125, -1.123, -1.13, -1.134, -1.137, -1.14, -1.145, -1.15, -1.154, -1.148, -1.137, -1.135, -1.143, -1.156, -1.17, -1.172, -1.162, -1.154, -1.156, -1.16, -1.166, -1.17, -1.167, -1.16, -1.154, -1.149, -1.143, -1.14, -1.135, -1.122, -1.107, -1.098, -1.091, -1.087, -1.087, -1.094, -1.102, -1.112, -1.13, -1.149, -1.162, -1.166, -1.164, -1.162, -1.17, -1.184, -1.193, -1.195, -1.19, -1.186, -1.185, -1.188, -1.193, -1.197, -1.2, -1.203, -1.207, -1.22, -1.234, -1.244, -1.244, -1.229, -1.207, -1.19, -1.179, -1.169, -1.168, -1.17, -1.162, -1.149, -1.142, -1.155, -1.181, -1.205, -1.221, -1.227, -1.227, -1.221, -1.221, -1.2295, -1.243, -1.265, -1.307, -1.367, -1.439, -1.512, -1.564, -1.602, -1.645, -1.713, -1.785, -1.844, -1.903, -1.957, -1.991, -2.0, -2.0, -2.006, -2.016, -2.016, -2.008, -2.0, -2.0, -2.004, -2.006, -2.01, -2.012, -2.01, -2.012, -2.016, -2.016, -2.016, -2.016, -2.016, -2.016, -2.012, -2.014, -2.014, -2.004, -2.0, -2.0, -1.999, -1.999, -2.0, -2.0, -2.0, -2.0, -2.0, -2.0, -2.0, -1.999, -2.002, -2.01, -2.012, -2.01, -2.002, -1.992, -1.979, -1.96, -1.943, -1.924, -1.9, -1.876, -1.848, -1.824, -1.805, -1.791, -1.77, -1.735, -1.688, -1.63, -1.562, -1.493, -1.43, -1.377, -1.331, -1.285, -1.247, -1.207, -1.168, -1.141, -1.122, -1.105, -1.098, -1.095, -1.093, -1.093, -1.105, -1.12, -1.129, -1.131, -1.129, -1.133, -1.1455, -1.164, -1.182, -1.195, -1.205, -1.205, -1.203, -1.205, -1.211, -1.213, -1.21, -1.206, -1.202, -1.202, -1.203, -1.191
-1.177, -1.154, -1.139, -1.128, -1.122, -1.117, -1.114, -1.117, -1.127, -1.136, -1.133, -1.126, -1.125, -1.13, -1.134, -1.134, -1.133, -1.136, -1.145, -1.153, -1.151, -1.139, -1.134, -1.138, -1.149, -1.162, -1.169, -1.166, -1.16, -1.16, -1.161, -1.167, -1.176, -1.178, -1.174, -1.172, -1.168, -1.159, -1.15, -1.14, -1.125, -1.112, -1.102, -1.093, -1.085, -1.082, -1.087, -1.098, -1.113, -1.129, -1.144, -1.149, -1.15, -1.153, -1.161, -1.174, -1.189, -1.198, -1.198, -1.194, -1.19, -1.189, -1.194, -1.201, -1.209, -1.214, -1.216, -1.219, -1.23, -1.249, -1.264, -1.266, -1.254, -1.234, -1.219, -1.206, -1.195, -1.19, -1.186, -1.175, -1.158, -1.15, -1.163, -1.186, -1.207, -1.223, -1.2295, -1.2295, -1.223, -1.215, -1.218, -1.23, -1.255, -1.299, -1.359, -1.422, -1.488, -1.545, -1.586, -1.632, -1.695, -1.76, -1.813, -1.873, -1.932, -1.973, -1.986, -1.989, -1.994, -2.0, -2.0, -2.0, -1.999, -2.0, -2.0, -2.004, -2.008, -2.01, -2.012, -2.016, -2.016, -2.016, -2.014, -2.02, -2.021, -2.025, -2.027, -2.027, -2.023, -2.012, -2.004, -2.0, -2.0, -2.0, -2.004, -2.008, -2.01, -2.012, -2.01, -2.006, -2.0, -2.0, -2.006, -2.016, -2.02, -2.021, -2.02, -2.012, -2.0, -1.986, -1.976, -1.968, -1.958, -1.947, -1.928, -1.906, -1.888, -1.868, -1.84, -1.8, -1.747, -1.693, -1.624, -1.552, -1.484, -1.431, -1.381, -1.336, -1.293, -1.25, -1.205, -1.168, -1.139, -1.121, -1.112, -1.113, -1.113, -1.11, -1.116, -1.127, -1.132, -1.127, -1.12, -1.122, -1.133, -1.149, -1.163, -1.176, -1.184, -1.187, -1.19, -1.198, -1.205, -1.205, -1.201, -1.197, -1.195, -1.197, -1.201, -1.196
-1.194, -1.172, -1.156, -1.145, -1.139, -1.137, -1.139, -1.145, -1.15, -1.152, -1.145, -1.135, -1.129, -1.13, -1.131, -1.131, -1.127, -1.129, -1.137, -1.146, -1.146, -1.141, -1.135, -1.136, -1.144, -1.156, -1.166, -1.173, -1.172, -1.17, -1.168, -1.17, -1.176, -1.181, -1.184, -1.185, -1.181, -1.172, -1.162, -1.149, -1.133, -1.119, -1.107, -1.097, -1.089, -1.083, -1.086, -1.099, -1.115, -1.128, -1.135, -1.137, -1.14, -1.146, -1.157, -1.171, -1.185, -1.19, -1.19, -1.192, -1.191, -1.189, -1.193, -1.204, -1.213, -1.219, -1.22, -1.223, -1.236, -1.26, -1.278, -1.28, -1.268, -1.25, -1.234, -1.223, -1.213, -1.208, -1.203, -1.191, -1.177, -1.17, -1.178, -1.194, -1.209, -1.218, -1.223, -1.225, -1.218, -1.209, -1.208, -1.22, -1.247, -1.295, -1.351, -1.405, -1.465, -1.521, -1.565, -1.609, -1.668, -1.727, -1.781, -1.842, -1.897, -1.935, -1.947, -1.951, -1.96, -1.971, -1.982, -1.994, -1.999, -2.0, -2.0, -2.0, -2.0, -2.004, -2.01, -2.01, -2.012, -2.01, -2.008, -2.01, -2.016, -2.025, -2.031, -2.033, -2.027, -2.018, -2.008, -2.006, -2.004, -2.004, -2.006, -2.01, -2.012, -2.014, -2.012, -2.008, -2.006, -2.01, -2.012, -2.02, -2.023, -2.03, -2.031, -2.025, -2.016, -2.004, -1.994, -1.989, -1.99, -1.991, -1.981, -1.967, -1.952, -1.932, -1.897, -1.855, -1.806, -1.754, -1.688, -1.611, -1.546, -1.488, -1.434, -1.387, -1.338, -1.288, -1.238, -1.197, -1.16, -1.136, -1.129, -1.131, -1.132, -1.127, -1.127, -1.132, -1.131, -1.122, -1.112, -1.111, -1.12, -1.131, -1.141, -1.15, -1.158, -1.166, -1.177, -1.1875, -1.195, -1.199, -1.2, -1.201, -1.203, -1.207, -1.211, -1.21
-1.215, -1.196, -1.182, -1.171, -1.165, -1.167, -1.174, -1.178, -1.18, -1.174, -1.161, -1.148, -1.137, -1.128, -1.125, -1.123, -1.122, -1.124, -1.128, -1.133, -1.137, -1.14, -1.142, -1.144, -1.148, -1.157, -1.169, -1.183, -1.189, -1.187, -1.181, -1.176, -1.178, -1.183, -1.188, -1.191, -1.1875, -1.181, -1.171, -1.156, -1.142, -1.128, -1.113, -1.104, -1.096, -1.09, -1.092, -1.102, -1.117, -1.129, -1.135, -1.137, -1.141, -1.146, -1.152, -1.16, -1.17, -1.174, -1.176, -1.181, -1.186, -1.184, -1.187, -1.198, -1.21, -1.219, -1.221, -1.226, -1.243, -1.268, -1.287, -1.287, -1.273, -1.254, -1.237, -1.225, -1.215, -1.213, -1.212, -1.203, -1.191, -1.186, -1.1875, -1.197, -1.205, -1.209, -1.214, -1.216, -1.213, -1.205, -1.201, -1.21, -1.238, -1.283, -1.33, -1.377, -1.433, -1.488, -1.532, -1.575, -1.623, -1.679, -1.734, -1.795, -1.845, -1.874, -1.883, -1.889, -1.902, -1.926, -1.947, -1.969, -1.98, -1.984, -1.989, -1.991, -1.994, -1.999, -2.0, -2.0, -2.0, -2.0, -2.0, -2.0, -2.008, -2.018, -2.025, -2.03, -2.021, -2.016, -2.012, -2.008, -2.006, -2.004, -2.01, -2.012, -2.01, -2.008, -2.006, -2.006, -2.008, -2.012, -2.016, -2.02, -2.027, -2.03, -2.031, -2.027, -2.02, -2.012, -2.006, -2.0, -2.002, -2.006, -2.004, -1.996, -1.988, -1.972, -1.9375, -1.896, -1.852, -1.801, -1.732, -1.658, -1.591, -1.532, -1.474, -1.419, -1.363, -1.309, -1.259, -1.216, -1.176, -1.146, -1.138, -1.143, -1.145, -1.137, -1.133, -1.131, -1.127, -1.118, -1.105, -1.101, -1.107, -1.115, -1.121, -1.129, -1.137, -1.146, -1.158, -1.167, -1.177, -1.1875, -1.197, -1.209, -1.217, -1.222, -1.227, -1.227
-1.231, -1.217, -1.203, -1.195, -1.191, -1.193, -1.198, -1.199, -1.193, -1.186, -1.172, -1.158, -1.144, -1.128, -1.117, -1.113, -1.113, -1.115, -1.117, -1.12, -1.125, -1.135, -1.144, -1.149, -1.154, -1.159, -1.172, -1.191, -1.205, -1.204, -1.195, -1.188, -1.186, -1.188, -1.192, -1.196, -1.191, -1.182, -1.17, -1.158, -1.146, -1.133, -1.119, -1.11, -1.104, -1.097, -1.1, -1.107, -1.12, -1.133, -1.142, -1.145, -1.146, -1.147, -1.1455, -1.1455, -1.148, -1.151, -1.156, -1.165, -1.173, -1.174, -1.176, -1.186, -1.2, -1.213, -1.22, -1.2295, -1.248, -1.272, -1.288, -1.289, -1.276, -1.255, -1.231, -1.215, -1.205, -1.206, -1.208, -1.202, -1.192, -1.186, -1.186, -1.194, -1.202, -1.205, -1.207, -1.209, -1.208, -1.203, -1.198, -1.202, -1.224, -1.26, -1.301, -1.342, -1.389, -1.441, -1.487, -1.529, -1.571, -1.621, -1.679, -1.732, -1.7705, -1.789, -1.799, -1.811, -1.831, -1.857, -1.885, -1.908, -1.923, -1.931, -1.941, -1.952, -1.963, -1.972, -1.977, -1.982, -1.99, -1.996, -1.999, -1.999, -2.0, -2.01, -2.016, -2.014, -2.012, -2.012, -2.012, -2.012, -2.01, -2.008, -2.008, -2.01, -2.008, -2.004, -2.0, -2.004, -2.01, -2.012, -2.016, -2.021, -2.023, -2.027, -2.027, -2.021, -2.02, -2.02, -2.016, -2.014, -2.012, -2.012, -2.012, -2.006, -2.0, -1.99, -1.963, -1.926, -1.887, -1.834, -1.765, -1.6875, -1.619, -1.555, -1.492, -1.426, -1.365, -1.308, -1.258, -1.221, -1.187, -1.156, -1.146, -1.151, -1.154, -1.1455, -1.137, -1.131, -1.123, -1.113, -1.103, -1.096, -1.1, -1.104, -1.105, -1.107, -1.112, -1.122, -1.132, -1.139, -1.153, -1.172, -1.191, -1.21, -1.224, -1.232, -1.238, -1.239
-1.234, -1.225, -1.215, -1.21, -1.209, -1.21, -1.211, -1.205, -1.196, -1.188, -1.176, -1.163, -1.146, -1.124, -1.107, -1.104, -1.104, -1.105, -1.105, -1.104, -1.107, -1.119, -1.133, -1.142, -1.147, -1.155, -1.17, -1.192, -1.21, -1.211, -1.204, -1.198, -1.193, -1.191, -1.193, -1.193, -1.188, -1.177, -1.163, -1.156, -1.15, -1.14, -1.127, -1.117, -1.107, -1.1, -1.103, -1.109, -1.123, -1.141, -1.148, -1.151, -1.152, -1.149, -1.141, -1.136, -1.134, -1.137, -1.141, -1.148, -1.158, -1.166, -1.167, -1.173, -1.1875, -1.2, -1.214, -1.227, -1.244, -1.265, -1.283, -1.288, -1.278, -1.253, -1.225, -1.203, -1.193, -1.195, -1.201, -1.196, -1.188, -1.182, -1.184, -1.19, -1.2, -1.203, -1.2, -1.197, -1.197, -1.195, -1.191, -1.193, -1.205, -1.2295, -1.264, -1.303, -1.346, -1.387, -1.429, -1.475, -1.522, -1.566, -1.617, -1.657, -1.682, -1.69, -1.703, -1.723, -1.75, -1.776, -1.801, -1.818, -1.833, -1.845, -1.863, -1.883, -1.899, -1.908, -1.917, -1.933, -1.951, -1.967, -1.978, -1.984, -1.991, -1.999, -2.0, -2.0, -2.0, -2.006, -2.01, -2.014, -2.012, -2.01, -2.01, -2.01, -2.006, -2.0, -2.0, -2.006, -2.01, -2.016, -2.016, -2.018, -2.016, -2.016, -2.016, -2.016, -2.02, -2.02, -2.02, -2.016, -2.016, -2.016, -2.016, -2.01, -2.0, -1.996, -1.9795, -1.947, -1.903, -1.848, -1.774, -1.698, -1.625, -1.556, -1.488, -1.421, -1.358, -1.305, -1.261, -1.2295, -1.202, -1.174, -1.16, -1.161, -1.162, -1.152, -1.141, -1.132, -1.125, -1.115, -1.103, -1.09, -1.086, -1.086, -1.084, -1.083, -1.088, -1.094, -1.102, -1.112, -1.135, -1.16, -1.183, -1.2, -1.217, -1.229, -1.236, -1.239
-1.228, -1.229, -1.227, -1.224, -1.223, -1.224, -1.219, -1.207, -1.195, -1.1875, -1.175, -1.159, -1.139, -1.113, -1.096, -1.09, -1.092, -1.093, -1.088, -1.083, -1.086, -1.1, -1.115, -1.126, -1.133, -1.145, -1.162, -1.184, -1.201, -1.209, -1.21, -1.206, -1.2, -1.194, -1.189, -1.184, -1.178, -1.167, -1.157, -1.155, -1.157, -1.152, -1.14, -1.126, -1.111, -1.103, -1.102, -1.107, -1.123, -1.143, -1.151, -1.155, -1.156, -1.15, -1.143, -1.137, -1.135, -1.133, -1.132, -1.136, -1.145, -1.156, -1.158, -1.16, -1.17, -1.184, -1.198, -1.215, -1.228, -1.244, -1.262, -1.272, -1.269, -1.247, -1.217, -1.194, -1.187, -1.189, -1.195, -1.191, -1.183, -1.179, -1.181, -1.185, -1.192, -1.196, -1.191, -1.184, -1.181, -1.181, -1.178, -1.179, -1.184, -1.195, -1.22, -1.257, -1.292, -1.327, -1.363, -1.409, -1.459, -1.502, -1.541, -1.57, -1.581, -1.588, -1.604, -1.625, -1.652, -1.678, -1.701, -1.712, -1.729, -1.747, -1.77, -1.791, -1.81, -1.818, -1.828, -1.845, -1.871, -1.896, -1.916, -1.928, -1.947, -1.965, -1.975, -1.9795, -1.984, -1.994, -2.0, -2.0, -2.0, -2.0, -2.0, -2.0, -2.0, -2.0, -2.0, -2.006, -2.01, -2.016, -2.016, -2.014, -2.008, -2.0, -2.0, -2.006, -2.008, -2.008, -2.01, -2.01, -2.012, -2.016, -2.016, -2.01, -2.0, -1.998, -1.99, -1.961, -1.912, -1.848, -1.7705, -1.697, -1.625, -1.555, -1.484, -1.419, -1.361, -1.313, -1.277, -1.249, -1.223, -1.198, -1.18, -1.175, -1.174, -1.162, -1.146, -1.137, -1.129, -1.117, -1.101, -1.08, -1.065, -1.061, -1.059, -1.061, -1.066, -1.071, -1.078, -1.094, -1.122, -1.148, -1.168, -1.182, -1.194, -1.206, -1.215, -1.225
-1.22, -1.232, -1.238, -1.237, -1.233, -1.226, -1.22, -1.203, -1.1875, -1.176, -1.163, -1.146, -1.123, -1.102, -1.087, -1.078, -1.078, -1.076, -1.065, -1.059, -1.064, -1.078, -1.094, -1.108, -1.115, -1.127, -1.145, -1.169, -1.188, -1.203, -1.213, -1.215, -1.21, -1.196, -1.182, -1.171, -1.165, -1.159, -1.153, -1.156, -1.164, -1.163, -1.152, -1.137, -1.122, -1.112, -1.107, -1.108, -1.12, -1.136, -1.145, -1.148, -1.151, -1.146, -1.143, -1.143, -1.143, -1.137, -1.129, -1.125, -1.131, -1.141, -1.146, -1.146, -1.153, -1.166, -1.177, -1.188, -1.198, -1.211, -1.229, -1.239, -1.242, -1.23, -1.207, -1.1875, -1.181, -1.183, -1.1875, -1.186, -1.18, -1.174, -1.174, -1.176, -1.184, -1.1875, -1.182, -1.172, -1.165, -1.161, -1.158, -1.156, -1.156, -1.16, -1.168, -1.195, -1.228, -1.26, -1.295, -1.338, -1.387, -1.43, -1.463, -1.482, -1.49, -1.494, -1.509, -1.527, -1.549, -1.574, -1.6, -1.61, -1.626, -1.647, -1.668, -1.689, -1.706, -1.718, -1.729, -1.744, -1.767, -1.795, -1.82, -1.84, -1.863, -1.887, -1.904, -1.916, -1.93, -1.946, -1.956, -1.96, -1.961, -1.963, -1.963, -1.967, -1.977, -1.986, -1.993, -1.996, -2.0, -2.01, -2.012, -2.008, -2.0, -1.998, -2.0, -2.0, -2.0, -2.0, -2.0, -2.004, -2.01, -2.014, -2.012, -2.006, -2.0, -2.0, -1.995, -1.967, -1.912, -1.844, -1.7705, -1.698, -1.627, -1.561, -1.494, -1.435, -1.385, -1.339, -1.302, -1.2705, -1.244, -1.221, -1.201, -1.19, -1.187, -1.176, -1.154, -1.139, -1.127, -1.11, -1.092, -1.069, -1.049, -1.041, -1.039, -1.044, -1.052, -1.058, -1.064, -1.082, -1.109, -1.133, -1.145, -1.151, -1.158, -1.166, -1.181, -1.2
-1.21, -1.232, -1.234, -1.232, -1.227, -1.22, -1.214, -1.186, -1.169, -1.15, -1.14, -1.119, -1.102, -1.088, -1.078, -1.073, -1.068, -1.06, -1.047, -1.041, -1.046, -1.061, -1.08, -1.09, -1.094, -1.106, -1.125, -1.149, -1.173, -1.193, -1.209, -1.217, -1.214, -1.195, -1.172, -1.158, -1.153, -1.151, -1.147, -1.15, -1.155, -1.156, -1.15, -1.139, -1.129, -1.123, -1.117, -1.114, -1.118, -1.125, -1.127, -1.131, -1.134, -1.133, -1.133, -1.139, -1.14, -1.132, -1.119, -1.111, -1.115, -1.125, -1.132, -1.135, -1.141, -1.146, -1.148, -1.151, -1.159, -1.175, -1.192, -1.204, -1.208, -1.203, -1.189, -1.178, -1.173, -1.175, -1.18, -1.182, -1.176, -1.168, -1.164, -1.166, -1.172, -1.176, -1.17, -1.158, -1.146, -1.141, -1.135, -1.131, -1.13, -1.127, -1.125, -1.137, -1.158, -1.188, -1.225, -1.268, -1.316, -1.363, -1.3955, -1.41, -1.411, -1.414, -1.424, -1.44, -1.459, -1.483, -1.508, -1.5205, -1.532, -1.552, -1.573, -1.594, -1.612, -1.621, -1.629, -1.64, -1.654, -1.68, -1.707, -1.7295, -1.754, -1.773, -1.794, -1.81, -1.83, -1.853, -1.871, -1.881, -1.882, -1.888, -1.889, -1.898, -1.916, -1.9375, -1.952, -1.962, -1.975, -1.99, -2.0, -1.996, -1.991, -1.991, -1.995, -1.996, -1.996, -2.0, -2.0, -2.002, -2.008, -2.004, -2.0, -2.0, -2.0, -2.0, -1.991, -1.96, -1.906, -1.841, -1.774, -1.703, -1.635, -1.576, -1.518, -1.463, -1.414, -1.367, -1.326, -1.293, -1.264, -1.239, -1.218, -1.201, -1.194, -1.182, -1.157, -1.133, -1.115, -1.098, -1.08, -1.059, -1.039, -1.028, -1.025, -1.03, -1.038, -1.045, -1.052, -1.068, -1.094, -1.112, -1.118, -1.117, -1.117, -1.122, -1.141, -1.176
-1.189, -1.212, -1.229, -1.226, -1.218, -1.206, -1.191, -1.166, -1.129, -1.108, -1.084, -1.08, -1.072, -1.064, -1.057, -1.054, -1.045, -1.044, -1.033, -1.032, -1.041, -1.057, -1.076, -1.087, -1.085, -1.086, -1.099, -1.121, -1.152, -1.178, -1.198, -1.21, -1.205, -1.186, -1.162, -1.148, -1.144, -1.139, -1.137, -1.135, -1.135, -1.137, -1.137, -1.132, -1.129, -1.129, -1.123, -1.119, -1.118, -1.114, -1.107, -1.107, -1.106, -1.102, -1.102, -1.11, -1.113, -1.109, -1.098, -1.092, -1.098, -1.107, -1.114, -1.117, -1.121, -1.121, -1.116, -1.112, -1.121, -1.135, -1.151, -1.165, -1.171, -1.173, -1.168, -1.166, -1.168, -1.172, -1.176, -1.175, -1.166, -1.155, -1.148, -1.147, -1.152, -1.154, -1.147, -1.133, -1.118, -1.108, -1.103, -1.102, -1.102, -1.1, -1.094, -1.094, -1.104, -1.128, -1.16, -1.198, -1.247, -1.299, -1.338, -1.349, -1.338, -1.33, -1.341, -1.36, -1.381, -1.404, -1.426, -1.436, -1.446, -1.465, -1.484, -1.502, -1.517, -1.525, -1.533, -1.537, -1.546, -1.5625, -1.584, -1.602, -1.625, -1.648, -1.669, -1.691, -1.713, -1.736, -1.756, -1.7705, -1.772, -1.777, -1.781, -1.798, -1.82, -1.848, -1.868, -1.889, -1.912, -1.9375, -1.955, -1.956, -1.95, -1.945, -1.942, -1.942, -1.951, -1.966, -1.98, -1.99, -1.996, -1.996, -1.996, -1.999, -2.0, -1.995, -1.977, -1.939, -1.889, -1.83, -1.767, -1.703, -1.644, -1.59, -1.536, -1.484, -1.438, -1.391, -1.352, -1.316, -1.283, -1.253, -1.228, -1.205, -1.189, -1.174, -1.148, -1.121, -1.098, -1.081, -1.0625, -1.041, -1.026, -1.016, -1.01, -1.014, -1.021, -1.029, -1.038, -1.053, -1.074, -1.091, -1.096, -1.088, -1.078, -1.078, -1.102, -1.148
-1.165, -1.195, -1.212, -1.224, -1.203, -1.181, -1.154, -1.12, -1.08, -1.047, -1.03, -1.033, -1.035, -1.035, -1.04, -1.031, -1.025, -1.031, -1.014, -1.019, -1.029, -1.041, -1.053, -1.069, -1.064, -1.068, -1.078, -1.094, -1.125, -1.156, -1.181, -1.193, -1.19, -1.174, -1.156, -1.144, -1.136, -1.129, -1.123, -1.12, -1.115, -1.116, -1.121, -1.122, -1.126, -1.129, -1.122, -1.115, -1.11, -1.1, -1.086, -1.079, -1.071, -1.065, -1.064, -1.072, -1.068, -1.062, -1.0625, -1.0625, -1.07, -1.078, -1.086, -1.089, -1.088, -1.086, -1.086, -1.086, -1.087, -1.098, -1.108, -1.123, -1.14, -1.151, -1.156, -1.163, -1.169, -1.174, -1.172, -1.162, -1.146, -1.132, -1.122, -1.122, -1.127, -1.127, -1.119, -1.102, -1.082, -1.069, -1.064, -1.067, -1.07, -1.072, -1.069, -1.064, -1.067, -1.083, -1.107, -1.138, -1.183, -1.232, -1.269, -1.279, -1.264, -1.25, -1.26, -1.282, -1.308, -1.331, -1.354, -1.365, -1.375, -1.389, -1.401, -1.406, -1.411, -1.421, -1.434, -1.438, -1.442, -1.453, -1.469, -1.484, -1.502, -1.525, -1.547, -1.566, -1.589, -1.613, -1.633, -1.6455, -1.652, -1.66, -1.667, -1.684, -1.705, -1.731, -1.76, -1.789, -1.813, -1.834, -1.853, -1.857, -1.855, -1.848, -1.845, -1.844, -1.857, -1.879, -1.907, -1.933, -1.955, -1.965, -1.971, -1.975, -1.975, -1.967, -1.942, -1.906, -1.864, -1.812, -1.756, -1.701, -1.647, -1.595, -1.542, -1.494, -1.453, -1.408, -1.367, -1.328, -1.289, -1.256, -1.227, -1.197, -1.174, -1.154, -1.13, -1.101, -1.074, -1.053, -1.033, -1.015, -1.006, -1.002, -1.0, -1.002, -1.01, -1.019, -1.028, -1.037, -1.052, -1.066, -1.068, -1.056, -1.041, -1.04, -1.064, -1.105
-1.135, -1.178, -1.197, -1.194, -1.169, -1.141, -1.104, -1.0625, -1.028, -1.004, -0.9834, -0.9834, -0.99, -0.9995, -1.01, -1.003, -1.01, -1.005, -1.008, -1.002, -1.013, -1.016, -1.02, -1.037, -1.031, -1.025, -1.038, -1.064, -1.092, -1.127, -1.154, -1.172, -1.174, -1.163, -1.15, -1.143, -1.136, -1.129, -1.121, -1.111, -1.101, -1.1, -1.105, -1.111, -1.117, -1.117, -1.108, -1.098, -1.09, -1.078, -1.063, -1.051, -1.039, -1.034, -1.034, -1.032, -1.023, -1.018, -1.017, -1.026, -1.031, -1.042, -1.049, -1.053, -1.053, -1.056, -1.055, -1.056, -1.056, -1.062, -1.074, -1.091, -1.115, -1.136, -1.147, -1.157, -1.164, -1.168, -1.161, -1.146, -1.127, -1.107, -1.096, -1.096, -1.102, -1.1, -1.088, -1.068, -1.048, -1.035, -1.031, -1.037, -1.043, -1.047, -1.049, -1.048, -1.048, -1.054, -1.068, -1.093, -1.131, -1.171, -1.197, -1.206, -1.195, -1.186, -1.189, -1.206, -1.233, -1.259, -1.279, -1.293, -1.303, -1.314, -1.321, -1.318, -1.312, -1.316, -1.328, -1.336, -1.34, -1.351, -1.367, -1.385, -1.401, -1.416, -1.436, -1.459, -1.475, -1.497, -1.512, -1.524, -1.531, -1.543, -1.549, -1.564, -1.586, -1.613, -1.645, -1.673, -1.693, -1.71, -1.722, -1.7295, -1.732, -1.732, -1.737, -1.738, -1.751, -1.773, -1.809, -1.84, -1.874, -1.894, -1.906, -1.912, -1.913, -1.904, -1.885, -1.859, -1.83, -1.789, -1.746, -1.703, -1.654, -1.599, -1.544, -1.498, -1.457, -1.411, -1.37, -1.326, -1.28, -1.243, -1.207, -1.172, -1.145, -1.121, -1.096, -1.068, -1.039, -1.018, -1.002, -0.99, -0.9907, -0.9946, -0.9966, -0.997, -1.001, -1.01, -1.018, -1.023, -1.029, -1.037, -1.035, -1.018, -1.002, -1.005, -1.014, -1.07
-1.111, -1.172, -1.176, -1.174, -1.137, -1.11, -1.061, -1.033, -1.005, -0.9883, -0.9805, -0.9756, -0.9883, -0.9736, -0.967, -0.995, -1.0, -0.994, -0.992, -0.985, -0.991, -0.985, -0.9746, -0.9897, -0.9937, -0.986, -1.006, -1.039, -1.057, -1.081, -1.107, -1.138, -1.147, -1.144, -1.135, -1.132, -1.131, -1.129, -1.117, -1.1, -1.09, -1.085, -1.088, -1.09, -1.092, -1.085, -1.071, -1.059, -1.05, -1.047, -1.028, -1.0205, -1.008, -0.993, -0.993, -1.0, -0.995, -0.978, -0.9736, -0.9844, -0.99, -1.0, -1.006, -1.009, -1.009, -1.013, -1.016, -1.016, -1.018, -1.028, -1.047, -1.069, -1.094, -1.115, -1.128, -1.136, -1.141, -1.145, -1.141, -1.128, -1.107, -1.084, -1.068, -1.0625, -1.063, -1.062, -1.054, -1.037, -1.016, -1.004, -1.004, -1.012, -1.022, -1.03, -1.034, -1.037, -1.035, -1.037, -1.047, -1.064, -1.089, -1.117, -1.137, -1.144, -1.139, -1.133, -1.135, -1.147, -1.168, -1.189, -1.206, -1.22, -1.232, -1.242, -1.244, -1.236, -1.225, -1.221, -1.231, -1.24, -1.247, -1.258, -1.273, -1.292, -1.303, -1.316, -1.333, -1.358, -1.377, -1.394, -1.404, -1.412, -1.421, -1.43, -1.435, -1.448, -1.465, -1.487, -1.516, -1.542, -1.564, -1.581, -1.593, -1.601, -1.607, -1.618, -1.629, -1.628, -1.635, -1.659, -1.696, -1.737, -1.774, -1.804, -1.82, -1.829, -1.828, -1.819, -1.805, -1.794, -1.777, -1.752, -1.727, -1.696, -1.652, -1.598, -1.541, -1.494, -1.448, -1.4, -1.356, -1.309, -1.26, -1.215, -1.171, -1.131, -1.1, -1.073, -1.049, -1.025, -1.001, -0.985, -0.9756, -0.9707, -0.9746, -0.9805, -0.9834, -0.9854, -0.9893, -0.996, -1.001, -1.002, -1.002, -1.0, -0.9854, -0.965, -0.945, -0.9507, -0.977, -1.034
-1.07, -1.127, -1.142, -1.137, -1.095, -1.062, -1.029, -1.012, -0.981, -0.9746, -0.965, -0.957, -0.9653, -0.9614, -0.964, -0.9736, -0.985, -0.979, -0.9727, -0.9556, -0.95, -0.9546, -0.9473, -0.9526, -0.95, -0.965, -0.9746, -0.989, -1.002, -1.023, -1.051, -1.084, -1.094, -1.102, -1.098, -1.098, -1.102, -1.105, -1.099, -1.08, -1.068, -1.06, -1.056, -1.05, -1.043, -1.038, -1.023, -1.01, -0.995, -0.988, -0.9785, -0.9775, -0.978, -0.967, -0.958, -0.956, -0.953, -0.9385, -0.9346, -0.9336, -0.9355, -0.9424, -0.953, -0.954, -0.9575, -0.955, -0.955, -0.96, -0.968, -0.99, -1.012, -1.039, -1.068, -1.09, -1.102, -1.104, -1.1045, -1.107, -1.105, -1.096, -1.078, -1.054, -1.031, -1.02, -1.015, -1.012, -1.008, -0.992, -0.9727, -0.9634, -0.9663, -0.9795, -0.997, -1.01, -1.02, -1.023, -1.023, -1.029, -1.039, -1.05, -1.0625, -1.078, -1.091, -1.096, -1.095, -1.093, -1.096, -1.106, -1.124, -1.142, -1.151, -1.161, -1.172, -1.18, -1.174, -1.161, -1.147, -1.147, -1.157, -1.17, -1.179, -1.185, -1.1875, -1.195, -1.203, -1.21, -1.229, -1.254, -1.274, -1.289, -1.297, -1.303, -1.312, -1.322, -1.327, -1.336, -1.343, -1.355, -1.38, -1.408, -1.43, -1.449, -1.464, -1.477, -1.488, -1.504, -1.517, -1.515, -1.518, -1.54, -1.58, -1.624, -1.667, -1.701, -1.723, -1.732, -1.726, -1.721, -1.713, -1.714, -1.711, -1.701, -1.686, -1.657, -1.623, -1.575, -1.522, -1.473, -1.421, -1.371, -1.322, -1.268, -1.22, -1.17, -1.121, -1.079, -1.045, -1.02, -0.998, -0.978, -0.961, -0.949, -0.9443, -0.9434, -0.948, -0.9517, -0.953, -0.9556, -0.961, -0.966, -0.9688, -0.9653, -0.9585, -0.944, -0.917, -0.887, -0.872, -0.886, -0.9287, -1.0
-1.014, -1.064, -1.075, -1.074, -1.031, -0.9893, -0.966, -0.971, -0.9546, -0.9385, -0.9287, -0.9385, -0.9414, -0.93, -0.947, -0.955, -0.961, -0.965, -0.956, -0.934, -0.9263, -0.924, -0.92, -0.928, -0.921, -0.9233, -0.925, -0.943, -0.9526, -0.9673, -0.9893, -1.016, -1.033, -1.037, -1.044, -1.045, -1.044, -1.047, -1.048, -1.043, -1.033, -1.025, -1.013, -1.001, -0.9897, -0.982, -0.964, -0.953, -0.934, -0.924, -0.9287, -0.9385, -0.9375, -0.9307, -0.922, -0.914, -0.9033, -0.8926, -0.8833, -0.8755, -0.8735, -0.881, -0.8896, -0.894, -0.8936, -0.893, -0.889, -0.8945, -0.9116, -0.937, -0.9595, -0.9897, -1.021, -1.047, -1.058, -1.062, -1.062, -1.062, -1.06, -1.052, -1.036, -1.01, -0.9785, -0.9556, -0.9414, -0.9365, -0.9336, -0.922, -0.911, -0.912, -0.9233, -0.9404, -0.9653, -0.9824, -0.995, -1.004, -1.014, -1.021, -1.031, -1.038, -1.043, -1.055, -1.063, -1.065, -1.065, -1.064, -1.064, -1.071, -1.087, -1.1, -1.1045, -1.109, -1.117, -1.123, -1.112, -1.094, -1.082, -1.083, -1.093, -1.107, -1.117, -1.117, -1.109, -1.103, -1.104, -1.113, -1.133, -1.16, -1.181, -1.193, -1.195, -1.201, -1.207, -1.218, -1.225, -1.23, -1.23, -1.238, -1.26, -1.284, -1.302, -1.319, -1.338, -1.358, -1.377, -1.396, -1.412, -1.413, -1.414, -1.432, -1.469, -1.51, -1.551, -1.586, -1.61, -1.619, -1.613, -1.613, -1.618, -1.629, -1.637, -1.633, -1.618, -1.586, -1.555, -1.518, -1.474, -1.426, -1.377, -1.327, -1.269, -1.203, -1.15, -1.1, -1.055, -1.015, -0.9873, -0.9663, -0.948, -0.929, -0.9126, -0.9043, -0.9043, -0.909, -0.914, -0.916, -0.915, -0.9165, -0.9194, -0.92, -0.919, -0.9116, -0.895, -0.869, -0.832, -0.798, -0.79, -0.814, -0.8574, -0.9346
-0.9297, -0.9834, -1.008, -0.9844, -0.9614, -0.9316, -0.92, -0.917, -0.904, -0.89, -0.8774, -0.88, -0.8916, -0.8877, -0.9097, -0.917, -0.9185, -0.9214, -0.904, -0.8833, -0.876, -0.886, -0.8794, -0.883, -0.885, -0.882, -0.8726, -0.872, -0.8906, -0.9033, -0.9185, -0.9336, -0.9565, -0.9717, -0.9785, -0.9775, -0.9795, -0.9883, -0.9883, -0.998, -0.994, -0.9834, -0.9746, -0.95, -0.9487, -0.9326, -0.9146, -0.9, -0.8804, -0.878, -0.8833, -0.896, -0.8975, -0.8916, -0.8755, -0.865, -0.851, -0.832, -0.8164, -0.8086, -0.8105, -0.8203, -0.826, -0.829, -0.832, -0.825, -0.817, -0.8174, -0.838, -0.8647, -0.8896, -0.919, -0.957, -0.98, -0.989, -0.993, -0.993, -0.9976, -1.003, -1.004, -0.992, -0.9575, -0.912, -0.8745, -0.8516, -0.842, -0.842, -0.8438, -0.8457, -0.858, -0.877, -0.901, -0.924, -0.9434, -0.958, -0.9795, -0.998, -1.012, -1.021, -1.024, -1.027, -1.035, -1.039, -1.039, -1.039, -1.037, -1.033, -1.035, -1.045, -1.051, -1.053, -1.055, -1.06, -1.0625, -1.055, -1.039, -1.029, -1.029, -1.037, -1.049, -1.059, -1.06, -1.051, -1.039, -1.034, -1.043, -1.061, -1.083, -1.102, -1.108, -1.109, -1.115, -1.121, -1.127, -1.134, -1.136, -1.135, -1.144, -1.157, -1.174, -1.187, -1.199, -1.219, -1.241, -1.264, -1.285, -1.304, -1.3125, -1.323, -1.338, -1.366, -1.4, -1.438, -1.472, -1.496, -1.508, -1.508, -1.516, -1.527, -1.543, -1.556, -1.555, -1.535, -1.502, -1.464, -1.434, -1.4, -1.361, -1.317, -1.27, -1.202, -1.132, -1.072, -1.02, -0.9775, -0.9443, -0.9243, -0.912, -0.8965, -0.8784, -0.865, -0.8613, -0.864, -0.8706, -0.875, -0.876, -0.875, -0.873, -0.8755, -0.871, -0.863, -0.8457, -0.824, -0.7964, -0.758, -0.725, -0.7124, -0.7305, -0.79, -0.8604
-0.8467, -0.8965, -0.918, -0.926, -0.8906, -0.873, -0.858, -0.863, -0.8457, -0.828, -0.827, -0.836, -0.838, -0.8447, -0.8457, -0.851, -0.849, -0.843, -0.84, -0.83, -0.824, -0.8247, -0.823, -0.833, -0.8223, -0.816, -0.8066, -0.8057, -0.8184, -0.8267, -0.843, -0.8613, -0.8823, -0.8936, -0.9053, -0.906, -0.909, -0.9194, -0.924, -0.9385, -0.9355, -0.9316, -0.913, -0.9062, -0.8896, -0.8887, -0.865, -0.849, -0.8257, -0.825, -0.8325, -0.8374, -0.843, -0.842, -0.8276, -0.8125, -0.8, -0.776, -0.754, -0.745, -0.748, -0.759, -0.7607, -0.758, -0.753, -0.746, -0.739, -0.74, -0.761, -0.7847, -0.8174, -0.8506, -0.8765, -0.891, -0.8975, -0.9004, -0.905, -0.9126, -0.9307, -0.9434, -0.941, -0.903, -0.8457, -0.798, -0.7705, -0.759, -0.759, -0.7676, -0.782, -0.805, -0.832, -0.8535, -0.876, -0.894, -0.9155, -0.9453, -0.9766, -0.9995, -1.012, -1.013, -1.014, -1.016, -1.019, -1.016, -1.012, -1.008, -1.004, -1.002, -1.003, -1.001, -0.998, -0.998, -1.0, -0.998, -0.9927, -0.9854, -0.9824, -0.985, -0.991, -1.001, -1.01, -1.011, -1.006, -0.9995, -0.997, -0.9976, -1.002, -1.01, -1.02, -1.027, -1.033, -1.042, -1.049, -1.051, -1.054, -1.057, -1.056, -1.063, -1.074, -1.084, -1.091, -1.101, -1.117, -1.139, -1.158, -1.179, -1.195, -1.214, -1.232, -1.25, -1.271, -1.298, -1.328, -1.355, -1.377, -1.395, -1.406, -1.424, -1.44, -1.459, -1.473, -1.471, -1.445, -1.41, -1.375, -1.351, -1.326, -1.293, -1.243, -1.191, -1.127, -1.054, -0.995, -0.944, -0.9043, -0.876, -0.8613, -0.8555, -0.845, -0.832, -0.8223, -0.8223, -0.827, -0.8315, -0.833, -0.834, -0.832, -0.832, -0.832, -0.8247, -0.804, -0.78, -0.751, -0.7188, -0.6875, -0.6553, -0.6436, -0.6636, -0.7163, -0.777
-0.7607, -0.811, -0.853, -0.8467, -0.833, -0.817, -0.802, -0.8003, -0.8, -0.7837, -0.7974, -0.8013, -0.795, -0.7944, -0.7974, -0.7866, -0.7827, -0.7734, -0.775, -0.7603, -0.757, -0.7603, -0.7646, -0.763, -0.755, -0.7466, -0.7363, -0.7295, -0.739, -0.7485, -0.7656, -0.7915, -0.812, -0.8296, -0.835, -0.8413, -0.855, -0.871, -0.867, -0.877, -0.881, -0.8813, -0.874, -0.855, -0.847, -0.84, -0.824, -0.795, -0.7754, -0.768, -0.7715, -0.7803, -0.783, -0.788, -0.7754, -0.7637, -0.7456, -0.7236, -0.704, -0.6846, -0.6855, -0.6855, -0.6865, -0.6807, -0.6714, -0.669, -0.6675, -0.6704, -0.683, -0.709, -0.747, -0.7715, -0.7915, -0.7954, -0.796, -0.8013, -0.81, -0.819, -0.841, -0.8604, -0.864, -0.8315, -0.777, -0.729, -0.703, -0.6934, -0.6904, -0.699, -0.722, -0.7534, -0.7812, -0.8022, -0.8213, -0.8433, -0.8706, -0.9053, -0.9463, -0.979, -0.9956, -1.002, -0.9995, -0.997, -0.998, -0.996, -0.987, -0.976, -0.9688, -0.961, -0.954, -0.9453, -0.9365, -0.934, -0.934, -0.931, -0.9272, -0.9224, -0.9224, -0.9287, -0.939, -0.95, -0.9585, -0.959, -0.9565, -0.953, -0.9497, -0.9424, -0.937, -0.936, -0.941, -0.951, -0.96, -0.968, -0.973, -0.973, -0.975, -0.981, -0.9834, -0.99, -0.995, -0.998, -1.0, -1.008, -1.027, -1.053, -1.077, -1.093, -1.104, -1.121, -1.145, -1.163, -1.18, -1.201, -1.225, -1.246, -1.264, -1.283, -1.3, -1.322, -1.347, -1.37, -1.385, -1.381, -1.359, -1.322, -1.292, -1.27, -1.248, -1.208, -1.152, -1.104, -1.053, -0.988, -0.924, -0.87, -0.834, -0.811, -0.7974, -0.793, -0.789, -0.783, -0.7773, -0.7803, -0.785, -0.7905, -0.7935, -0.794, -0.7925, -0.793, -0.792, -0.781, -0.755, -0.722, -0.685, -0.651, -0.6196, -0.5884, -0.575, -0.589, -0.6475, -0.697
-0.704, -0.7515, -0.784, -0.788, -0.7725, -0.7524, -0.749, -0.7607, -0.7715, -0.7603, -0.757, -0.751, -0.741, -0.7275, -0.727, -0.714, -0.714, -0.705, -0.694, -0.686, -0.678, -0.6875, -0.69, -0.6914, -0.6846, -0.68, -0.6606, -0.6523, -0.6606, -0.675, -0.695, -0.721, -0.737, -0.758, -0.776, -0.791, -0.806, -0.8154, -0.8247, -0.821, -0.8193, -0.8184, -0.815, -0.8, -0.793, -0.796, -0.773, -0.751, -0.7236, -0.7124, -0.7124, -0.7188, -0.7217, -0.7217, -0.7163, -0.7017, -0.6865, -0.6655, -0.6514, -0.6343, -0.6255, -0.6143, -0.6074, -0.606, -0.5986, -0.594, -0.5947, -0.5986, -0.6167, -0.6343, -0.6655, -0.6924, -0.712, -0.713, -0.714, -0.717, -0.723, -0.739, -0.756, -0.773, -0.7764, -0.7505, -0.7046, -0.668, -0.644, -0.635, -0.6333, -0.644, -0.6704, -0.704, -0.732, -0.7534, -0.775, -0.8, -0.831, -0.8677, -0.9116, -0.948, -0.97, -0.9824, -0.9785, -0.97, -0.9688, -0.97, -0.961, -0.9414, -0.9263, -0.9126, -0.9004, -0.883, -0.866, -0.858, -0.8584, -0.859, -0.859, -0.8555, -0.8555, -0.8633, -0.876, -0.8877, -0.8975, -0.9004, -0.895, -0.8867, -0.8804, -0.87, -0.862, -0.863, -0.8735, -0.8823, -0.8877, -0.8916, -0.8936, -0.895, -0.898, -0.905, -0.91, -0.914, -0.914, -0.9106, -0.908, -0.9146, -0.9375, -0.9673, -0.996, -1.01, -1.018, -1.031, -1.055, -1.073, -1.087, -1.103, -1.121, -1.139, -1.159, -1.183, -1.201, -1.225, -1.253, -1.273, -1.284, -1.282, -1.268, -1.24, -1.21, -1.185, -1.158, -1.117, -1.056, -1.013, -0.974, -0.9194, -0.8564, -0.8057, -0.771, -0.749, -0.7334, -0.7275, -0.7295, -0.7295, -0.7266, -0.729, -0.7363, -0.749, -0.758, -0.7627, -0.76, -0.757, -0.753, -0.7417, -0.7153, -0.6797, -0.6387, -0.6035, -0.5703, -0.543, -0.518, -0.5264, -0.5757, -0.633
-0.631, -0.678, -0.714, -0.7344, -0.7227, -0.7134, -0.71, -0.713, -0.721, -0.7144, -0.7, -0.705, -0.7007, -0.68, -0.673, -0.655, -0.658, -0.6436, -0.625, -0.6226, -0.6113, -0.62, -0.624, -0.618, -0.6055, -0.591, -0.592, -0.582, -0.584, -0.6094, -0.63, -0.651, -0.666, -0.6953, -0.7144, -0.7324, -0.7476, -0.756, -0.7607, -0.7627, -0.7593, -0.76, -0.749, -0.7324, -0.735, -0.7305, -0.72, -0.6973, -0.676, -0.666, -0.6685, -0.672, -0.671, -0.665, -0.6587, -0.6436, -0.6284, -0.609, -0.5947, -0.5786, -0.561, -0.5464, -0.532, -0.5303, -0.5293, -0.5254, -0.5215, -0.527, -0.5444, -0.562, -0.5835, -0.605, -0.633, -0.6406, -0.6406, -0.6455, -0.658, -0.671, -0.6826, -0.6924, -0.692, -0.671, -0.6377, -0.6113, -0.595, -0.586, -0.5854, -0.599, -0.6265, -0.6553, -0.6855, -0.7075, -0.7324, -0.7617, -0.7974, -0.835, -0.8745, -0.914, -0.941, -0.952, -0.9478, -0.9346, -0.9307, -0.9346, -0.9297, -0.908, -0.8823, -0.8633, -0.8467, -0.8237, -0.8, -0.785, -0.7837, -0.787, -0.791, -0.7896, -0.788, -0.797, -0.8096, -0.8193, -0.827, -0.829, -0.8223, -0.8115, -0.805, -0.795, -0.7876, -0.791, -0.8066, -0.815, -0.8164, -0.822, -0.826, -0.831, -0.835, -0.8394, -0.8438, -0.8467, -0.8457, -0.841, -0.834, -0.8374, -0.853, -0.88, -0.9087, -0.927, -0.9385, -0.9507, -0.968, -0.9834, -0.9946, -1.005, -1.02, -1.04, -1.063, -1.088, -1.111, -1.134, -1.159, -1.176, -1.184, -1.182, -1.175, -1.159, -1.131, -1.1, -1.068, -1.03, -0.97, -0.923, -0.892, -0.848, -0.797, -0.753, -0.719, -0.6953, -0.6777, -0.6704, -0.673, -0.6753, -0.673, -0.675, -0.6875, -0.707, -0.7246, -0.7344, -0.7344, -0.7295, -0.7227, -0.712, -0.685, -0.6445, -0.6016, -0.572, -0.537, -0.492, -0.447, -0.451, -0.4995, -0.5537
-0.5615, -0.6147, -0.654, -0.6743, -0.6807, -0.685, -0.6733, -0.676, -0.6777, -0.666, -0.667, -0.668, -0.658, -0.641, -0.6255, -0.615, -0.6084, -0.6035, -0.5933, -0.578, -0.5625, -0.5596, -0.554, -0.5386, -0.5234, -0.512, -0.5215, -0.5137, -0.5205, -0.531, -0.558, -0.5815, -0.599, -0.624, -0.639, -0.6597, -0.684, -0.6924, -0.694, -0.695, -0.6895, -0.6787, -0.665, -0.6616, -0.662, -0.663, -0.6587, -0.6514, -0.63, -0.623, -0.628, -0.633, -0.6245, -0.6167, -0.6045, -0.5903, -0.576, -0.548, -0.534, -0.5156, -0.501, -0.4868, -0.4722, -0.4717, -0.4673, -0.4602, -0.4578, -0.463, -0.4753, -0.491, -0.516, -0.5327, -0.556, -0.5713, -0.5757, -0.588, -0.6045, -0.6133, -0.6157, -0.614, -0.6123, -0.601, -0.5796, -0.5635, -0.555, -0.552, -0.553, -0.567, -0.588, -0.6123, -0.6377, -0.661, -0.6846, -0.7183, -0.761, -0.802, -0.842, -0.885, -0.9146, -0.925, -0.917, -0.9004, -0.893, -0.896, -0.8945, -0.875, -0.8438, -0.8145, -0.793, -0.7695, -0.7446, -0.7275, -0.722, -0.7246, -0.7275, -0.7256, -0.7207, -0.725, -0.7373, -0.747, -0.754, -0.7515, -0.7437, -0.7354, -0.7344, -0.729, -0.7246, -0.725, -0.7373, -0.7437, -0.745, -0.7534, -0.763, -0.771, -0.7744, -0.778, -0.783, -0.7896, -0.7925, -0.785, -0.7754, -0.7744, -0.782, -0.7944, -0.8164, -0.837, -0.8555, -0.87, -0.885, -0.8945, -0.903, -0.91, -0.924, -0.946, -0.971, -0.994, -1.016, -1.038, -1.063, -1.076, -1.081, -1.088, -1.09, -1.084, -1.062, -1.029, -0.995, -0.9507, -0.8916, -0.8467, -0.819, -0.785, -0.7437, -0.7056, -0.674, -0.6484, -0.632, -0.623, -0.621, -0.6216, -0.6235, -0.629, -0.6436, -0.666, -0.688, -0.7065, -0.7134, -0.71, -0.703, -0.69, -0.66, -0.6147, -0.572, -0.546, -0.505, -0.4473, -0.3826, -0.3855, -0.4414, -0.49
-0.4973, -0.5557, -0.6, -0.6216, -0.634, -0.6377, -0.6357, -0.627, -0.622, -0.624, -0.621, -0.623, -0.6133, -0.5957, -0.582, -0.5684, -0.5566, -0.5557, -0.5425, -0.5254, -0.513, -0.505, -0.4878, -0.4697, -0.4514, -0.4402, -0.4495, -0.442, -0.459, -0.4646, -0.4897, -0.4978, -0.5215, -0.544, -0.557, -0.576, -0.5967, -0.6143, -0.624, -0.6284, -0.622, -0.607, -0.5938, -0.595, -0.5967, -0.603, -0.603, -0.5938, -0.579, -0.583, -0.589, -0.592, -0.59, -0.577, -0.56, -0.547, -0.5283, -0.5015, -0.4856, -0.467, -0.4521, -0.4321, -0.4155, -0.4045, -0.4028, -0.398, -0.3962, -0.392, -0.4065, -0.4187, -0.4414, -0.4624, -0.483, -0.5054, -0.5273, -0.537, -0.5527, -0.5566, -0.5566, -0.555, -0.551, -0.5474, -0.538, -0.5273, -0.5264, -0.526, -0.5303, -0.5415, -0.5586, -0.577, -0.5986, -0.622, -0.6514, -0.689, -0.7314, -0.773, -0.818, -0.86, -0.888, -0.896, -0.887, -0.8706, -0.8604, -0.8584, -0.8555, -0.8394, -0.8076, -0.7725, -0.747, -0.7266, -0.7046, -0.6855, -0.6763, -0.6777, -0.681, -0.674, -0.659, -0.6567, -0.665, -0.673, -0.6777, -0.6753, -0.668, -0.6636, -0.667, -0.666, -0.667, -0.668, -0.674, -0.6777, -0.681, -0.691, -0.7007, -0.707, -0.708, -0.713, -0.7227, -0.7354, -0.74, -0.7314, -0.7217, -0.718, -0.717, -0.713, -0.7217, -0.739, -0.759, -0.7783, -0.7964, -0.809, -0.8096, -0.8125, -0.8257, -0.8467, -0.871, -0.8955, -0.924, -0.952, -0.976, -0.9873, -0.992, -1.0, -1.01, -1.013, -1.0, -0.975, -0.9365, -0.8833, -0.8223, -0.782, -0.756, -0.729, -0.6934, -0.659, -0.632, -0.61, -0.5938, -0.583, -0.578, -0.577, -0.58, -0.588, -0.6055, -0.6284, -0.656, -0.6826, -0.6973, -0.697, -0.6885, -0.6733, -0.635, -0.592, -0.5576, -0.527, -0.4792, -0.4001, -0.3318, -0.3186, -0.3667, -0.4316
-0.4187, -0.4841, -0.539, -0.56, -0.577, -0.5913, -0.5874, -0.5947, -0.5874, -0.578, -0.575, -0.5635, -0.566, -0.546, -0.532, -0.5244, -0.495, -0.491, -0.49, -0.4736, -0.4546, -0.441, -0.4321, -0.4094, -0.3958, -0.38, -0.3894, -0.3872, -0.3958, -0.404, -0.429, -0.4512, -0.4583, -0.4824, -0.5, -0.5093, -0.5293, -0.546, -0.5527, -0.5527, -0.5576, -0.5493, -0.537, -0.534, -0.543, -0.541, -0.545, -0.538, -0.5366, -0.5464, -0.552, -0.557, -0.553, -0.5366, -0.5215, -0.5073, -0.4883, -0.4697, -0.4502, -0.4312, -0.4097, -0.3855, -0.3608, -0.3494, -0.3445, -0.3394, -0.335, -0.3345, -0.342, -0.3538, -0.3733, -0.4019, -0.4233, -0.4592, -0.479, -0.4917, -0.4988, -0.5044, -0.507, -0.5044, -0.507, -0.508, -0.507, -0.504, -0.504, -0.507, -0.508, -0.5186, -0.5327, -0.55, -0.5684, -0.595, -0.627, -0.667, -0.71, -0.7534, -0.798, -0.834, -0.8535, -0.861, -0.8516, -0.835, -0.824, -0.8193, -0.8145, -0.8022, -0.775, -0.7417, -0.717, -0.698, -0.6777, -0.6577, -0.646, -0.6455, -0.6465, -0.6343, -0.6133, -0.6016, -0.6025, -0.6055, -0.6074, -0.6055, -0.6016, -0.6006, -0.6045, -0.6064, -0.6113, -0.615, -0.62, -0.6216, -0.626, -0.634, -0.639, -0.641, -0.6406, -0.6465, -0.661, -0.6763, -0.6836, -0.677, -0.6665, -0.661, -0.6514, -0.637, -0.632, -0.6426, -0.662, -0.6826, -0.702, -0.715, -0.715, -0.715, -0.73, -0.758, -0.7847, -0.812, -0.839, -0.866, -0.8857, -0.897, -0.9023, -0.914, -0.9233, -0.932, -0.924, -0.9043, -0.8677, -0.8145, -0.7607, -0.7246, -0.698, -0.673, -0.644, -0.6147, -0.5938, -0.5776, -0.561, -0.549, -0.542, -0.541, -0.5454, -0.5566, -0.576, -0.602, -0.634, -0.666, -0.6855, -0.6885, -0.6797, -0.6587, -0.6133, -0.571, -0.5425, -0.515, -0.4556, -0.3645, -0.2832, -0.257, -0.3047, -0.3633
-0.358, -0.4263, -0.4746, -0.51, -0.5376, -0.547, -0.5547, -0.5684, -0.5483, -0.538, -0.5195, -0.506, -0.5107, -0.49, -0.4807, -0.4714, -0.4722, -0.4595, -0.4404, -0.4207, -0.3923, -0.3867, -0.3755, -0.3557, -0.3433, -0.3232, -0.338, -0.3403, -0.3462, -0.3555, -0.3818, -0.4014, -0.419, -0.4338, -0.4492, -0.4622, -0.4788, -0.4858, -0.497, -0.486, -0.496, -0.4893, -0.4895, -0.487, -0.4958, -0.4956, -0.4912, -0.4895, -0.4976, -0.5044, -0.5117, -0.534, -0.5283, -0.517, -0.4995, -0.4814, -0.4707, -0.4512, -0.4285, -0.4087, -0.3767, -0.3433, -0.3071, -0.2876, -0.2795, -0.2651, -0.266, -0.2693, -0.2803, -0.302, -0.3215, -0.3445, -0.3735, -0.3997, -0.4255, -0.4404, -0.4521, -0.4539, -0.4536, -0.4565, -0.4604, -0.473, -0.4714, -0.4758, -0.4773, -0.4832, -0.488, -0.496, -0.5083, -0.526, -0.547, -0.5747, -0.611, -0.652, -0.696, -0.7397, -0.7803, -0.8057, -0.8174, -0.819, -0.805, -0.7886, -0.7773, -0.7754, -0.7725, -0.7637, -0.741, -0.714, -0.691, -0.676, -0.6553, -0.635, -0.6235, -0.62, -0.616, -0.5996, -0.574, -0.5576, -0.5503, -0.547, -0.5454, -0.544, -0.5425, -0.5435, -0.546, -0.549, -0.551, -0.5566, -0.5615, -0.564, -0.5674, -0.5737, -0.579, -0.578, -0.577, -0.584, -0.5967, -0.6147, -0.6265, -0.6216, -0.6104, -0.6006, -0.589, -0.571, -0.5557, -0.5566, -0.5703, -0.588, -0.6045, -0.615, -0.6226, -0.632, -0.6475, -0.6763, -0.7036, -0.7275, -0.7524, -0.774, -0.792, -0.8027, -0.8105, -0.82, -0.8286, -0.836, -0.827, -0.8145, -0.787, -0.7485, -0.7056, -0.671, -0.644, -0.6216, -0.5986, -0.577, -0.561, -0.548, -0.5347, -0.5215, -0.5137, -0.5146, -0.522, -0.536, -0.5586, -0.588, -0.623, -0.6567, -0.6787, -0.6846, -0.67, -0.635, -0.5947, -0.5596, -0.533, -0.504, -0.437, -0.3445, -0.2437, -0.2028, -0.2262, -0.2866
-0.2915, -0.368, -0.4224, -0.4604, -0.4883, -0.5063, -0.5176, -0.5137, -0.5, -0.488, -0.4736, -0.4617, -0.4604, -0.4565, -0.453, -0.4434, -0.4478, -0.4392, -0.4233, -0.3877, -0.353, -0.3394, -0.3206, -0.3054, -0.2852, -0.2708, -0.2673, -0.2727, -0.2769, -0.298, -0.3281, -0.3533, -0.379, -0.394, -0.4014, -0.4128, -0.436, -0.4485, -0.451, -0.4524, -0.4382, -0.4412, -0.4424, -0.4392, -0.4426, -0.4426, -0.4377, -0.446, -0.4514, -0.4724, -0.4846, -0.495, -0.501, -0.4934, -0.4773, -0.455, -0.4521, -0.4316, -0.412, -0.3943, -0.3567, -0.3108, -0.2598, -0.2306, -0.2118, -0.1979, -0.1984, -0.2014, -0.2192, -0.2424, -0.2747, -0.294, -0.3198, -0.3376, -0.3647, -0.3833, -0.398, -0.3967, -0.3984, -0.4014, -0.4119, -0.4253, -0.4336, -0.4429, -0.4438, -0.4539, -0.4624, -0.473, -0.4873, -0.507, -0.5293, -0.5625, -0.6025, -0.646, -0.6855, -0.722, -0.753, -0.77, -0.7773, -0.7695, -0.7524, -0.733, -0.725, -0.7275, -0.7295, -0.7236, -0.7056, -0.6826, -0.664, -0.6523, -0.6343, -0.6143, -0.6006, -0.5923, -0.583, -0.5635, -0.539, -0.5205, -0.51, -0.501, -0.4937, -0.4902, -0.4883, -0.4897, -0.49, -0.4917, -0.492, -0.4963, -0.5005, -0.5054, -0.5083, -0.5146, -0.52, -0.5186, -0.5146, -0.5176, -0.532, -0.5513, -0.563, -0.5615, -0.551, -0.54, -0.5273, -0.5107, -0.4917, -0.4858, -0.4927, -0.5063, -0.5234, -0.5386, -0.5522, -0.5674, -0.581, -0.6025, -0.618, -0.634, -0.6553, -0.6797, -0.703, -0.717, -0.723, -0.727, -0.7324, -0.7373, -0.7295, -0.723, -0.7104, -0.6875, -0.657, -0.6245, -0.5977, -0.577, -0.561, -0.545, -0.5283, -0.5166, -0.5063, -0.4968, -0.4917, -0.4934, -0.5044, -0.5225, -0.5483, -0.581, -0.617, -0.652, -0.676, -0.6807, -0.6533, -0.617, -0.582, -0.5615, -0.5244, -0.4907, -0.4172, -0.3203, -0.2085, -0.1327, -0.1434, -0.2108
-0.223, -0.3013, -0.3528, -0.4043, -0.4377, -0.4568, -0.4683, -0.4673, -0.4473, -0.4338, -0.433, -0.4287, -0.436, -0.4429, -0.4336, -0.4294, -0.4363, -0.4263, -0.4106, -0.3677, -0.3303, -0.3057, -0.2896, -0.2605, -0.2352, -0.2047, -0.1942, -0.1995, -0.2135, -0.2494, -0.2764, -0.3042, -0.3274, -0.3489, -0.3625, -0.363, -0.3872, -0.395, -0.4028, -0.401, -0.3955, -0.3975, -0.3904, -0.3955, -0.3936, -0.3884, -0.3926, -0.399, -0.4155, -0.4355, -0.4558, -0.4639, -0.4714, -0.4744, -0.4675, -0.4512, -0.4365, -0.415, -0.395, -0.3748, -0.3342, -0.2751, -0.2107, -0.1725, -0.1501, -0.1359, -0.1368, -0.1471, -0.166, -0.1906, -0.2239, -0.2491, -0.2673, -0.2861, -0.3074, -0.331, -0.3474, -0.3477, -0.3489, -0.3533, -0.364, -0.3787, -0.3906, -0.3997, -0.407, -0.4172, -0.4346, -0.4495, -0.4688, -0.4905, -0.517, -0.556, -0.6016, -0.6406, -0.673, -0.6997, -0.7173, -0.7256, -0.7256, -0.7144, -0.6973, -0.6826, -0.679, -0.685, -0.688, -0.684, -0.673, -0.6553, -0.6426, -0.635, -0.6187, -0.597, -0.5786, -0.5654, -0.552, -0.5293, -0.507, -0.4915, -0.4783, -0.4646, -0.451, -0.4436, -0.4385, -0.438, -0.4375, -0.4385, -0.4358, -0.4377, -0.4424, -0.4487, -0.4524, -0.458, -0.4612, -0.46, -0.4526, -0.4512, -0.4624, -0.4785, -0.488, -0.49, -0.4814, -0.473, -0.4624, -0.4512, -0.436, -0.4292, -0.4307, -0.4414, -0.4624, -0.483, -0.502, -0.5127, -0.524, -0.539, -0.551, -0.564, -0.5815, -0.6064, -0.631, -0.6455, -0.651, -0.6533, -0.6543, -0.6543, -0.6484, -0.647, -0.6426, -0.631, -0.6094, -0.585, -0.5596, -0.5415, -0.5283, -0.5107, -0.49, -0.4766, -0.469, -0.4644, -0.4658, -0.4724, -0.4902, -0.5117, -0.5396, -0.5757, -0.6133, -0.649, -0.668, -0.66, -0.629, -0.6113, -0.5894, -0.5503, -0.5225, -0.481, -0.4082, -0.2866, -0.1572, -0.0739, -0.08954, -0.148
-0.1619, -0.2272, -0.287, -0.3381, -0.3672, -0.3918, -0.4155, -0.41, -0.3975, -0.391, -0.3982, -0.4055, -0.4204, -0.4253, -0.4268, -0.4265, -0.4272, -0.421, -0.4, -0.3528, -0.3132, -0.281, -0.2499, -0.2086, -0.1758, -0.1432, -0.1273, -0.1425, -0.1605, -0.1932, -0.21, -0.2534, -0.2837, -0.3066, -0.3108, -0.317, -0.3208, -0.3376, -0.3545, -0.3613, -0.3513, -0.348, -0.3416, -0.3525, -0.347, -0.3494, -0.3616, -0.366, -0.3772, -0.401, -0.4214, -0.4392, -0.4556, -0.4692, -0.462, -0.4463, -0.4236, -0.3965, -0.373, -0.35, -0.3108, -0.247, -0.1755, -0.1121, -0.0848, -0.0755, -0.08234, -0.0961, -0.1154, -0.1482, -0.1782, -0.2107, -0.2256, -0.2406, -0.2676, -0.2886, -0.3015, -0.3071, -0.3076, -0.3123, -0.3267, -0.3428, -0.3564, -0.362, -0.3687, -0.379, -0.403, -0.428, -0.456, -0.4824, -0.511, -0.5527, -0.594, -0.627, -0.651, -0.668, -0.6743, -0.674, -0.672, -0.6616, -0.6484, -0.6377, -0.6377, -0.646, -0.649, -0.6465, -0.6416, -0.632, -0.6245, -0.6196, -0.6074, -0.5845, -0.561, -0.544, -0.526, -0.5005, -0.479, -0.465, -0.4497, -0.4297, -0.4087, -0.3967, -0.3892, -0.3865, -0.3872, -0.3857, -0.381, -0.3794, -0.3818, -0.3877, -0.393, -0.3975, -0.3965, -0.396, -0.389, -0.3857, -0.39, -0.4011, -0.4053, -0.4075, -0.4033, -0.3967, -0.3904, -0.3877, -0.382, -0.3796, -0.3796, -0.389, -0.4106, -0.4307, -0.4521, -0.4634, -0.4727, -0.4856, -0.499, -0.516, -0.539, -0.566, -0.588, -0.6, -0.6025, -0.6064, -0.6094, -0.6025, -0.5933, -0.5913, -0.587, -0.578, -0.5645, -0.548, -0.528, -0.5107, -0.4949, -0.4705, -0.4436, -0.4268, -0.4229, -0.4258, -0.4368, -0.4531, -0.4775, -0.504, -0.533, -0.57, -0.6084, -0.6416, -0.653, -0.6377, -0.6235, -0.6123, -0.579, -0.544, -0.5137, -0.4712, -0.3843, -0.2568, -0.1344, -0.0472, -0.0327, -0.08856
-0.0938, -0.1611, -0.2175, -0.2778, -0.321, -0.3445, -0.3706, -0.377, -0.3713, -0.37, -0.3691, -0.3853, -0.4036, -0.4143, -0.4238, -0.4294, -0.4238, -0.4116, -0.382, -0.3345, -0.2903, -0.2458, -0.1919, -0.1549, -0.11096, -0.0813, -0.06854, -0.0804, -0.1037, -0.1357, -0.1671, -0.1987, -0.2336, -0.2583, -0.268, -0.2734, -0.2769, -0.2903, -0.303, -0.305, -0.2996, -0.2986, -0.3022, -0.3052, -0.3083, -0.3123, -0.319, -0.3318, -0.3499, -0.3765, -0.4023, -0.4248, -0.448, -0.4607, -0.455, -0.4434, -0.4106, -0.376, -0.3462, -0.3245, -0.2893, -0.2238, -0.137, -0.0629, -0.02403, -0.01268, -0.02274, -0.04608, -0.0757, -0.10645, -0.136, -0.163, -0.1793, -0.1984, -0.2229, -0.25, -0.2595, -0.273, -0.2754, -0.2805, -0.2925, -0.3054, -0.3208, -0.3325, -0.3394, -0.3542, -0.3809, -0.4102, -0.4443, -0.4758, -0.507, -0.547, -0.582, -0.6084, -0.623, -0.6294, -0.6294, -0.627, -0.624, -0.617, -0.6084, -0.6045, -0.608, -0.6147, -0.615, -0.6133, -0.613, -0.609, -0.605, -0.6035, -0.5957, -0.574, -0.549, -0.528, -0.504, -0.4756, -0.4526, -0.438, -0.42, -0.3962, -0.3708, -0.3535, -0.3423, -0.3364, -0.3367, -0.335, -0.328, -0.3223, -0.322, -0.327, -0.3328, -0.3342, -0.3313, -0.3315, -0.3271, -0.3215, -0.323, -0.3281, -0.329, -0.3303, -0.3284, -0.3245, -0.32, -0.321, -0.3218, -0.3247, -0.3271, -0.334, -0.3533, -0.372, -0.3953, -0.4097, -0.4207, -0.432, -0.4485, -0.4707, -0.494, -0.5166, -0.536, -0.548, -0.5547, -0.5645, -0.57, -0.565, -0.5513, -0.545, -0.539, -0.5303, -0.522, -0.513, -0.5, -0.4844, -0.4595, -0.4258, -0.395, -0.3792, -0.3804, -0.3926, -0.412, -0.4385, -0.4707, -0.502, -0.5317, -0.5654, -0.6016, -0.622, -0.6284, -0.618, -0.625, -0.6006, -0.573, -0.551, -0.5205, -0.4688, -0.3674, -0.242, -0.1091, -0.007866, 0.02228, -0.01956
-0.03806, -0.10297, -0.168, -0.2272, -0.2703, -0.3096, -0.3306, -0.3406, -0.3398, -0.3472, -0.3533, -0.3726, -0.3896, -0.403, -0.418, -0.4272, -0.4202, -0.3997, -0.3616, -0.3145, -0.2607, -0.208, -0.1431, -0.0888, -0.04004, -0.01747, -0.003824, -0.0212, -0.04977, -0.0885, -0.1175, -0.1469, -0.1725, -0.21, -0.2195, -0.2323, -0.2378, -0.2445, -0.2556, -0.2585, -0.2554, -0.2583, -0.2578, -0.2583, -0.2598, -0.276, -0.286, -0.304, -0.3289, -0.35, -0.3801, -0.4214, -0.4482, -0.4617, -0.4592, -0.446, -0.4065, -0.354, -0.3262, -0.3042, -0.2725, -0.205, -0.1107, -0.02301, 0.02563, 0.04355, 0.0382, 0.007156, -0.02583, -0.05588, -0.08795, -0.1145, -0.139, -0.1588, -0.1892, -0.2107, -0.2244, -0.2444, -0.2515, -0.2568, -0.2632, -0.2788, -0.289, -0.3022, -0.3167, -0.3398, -0.3652, -0.398, -0.4363, -0.4707, -0.505, -0.5405, -0.5684, -0.586, -0.5938, -0.5947, -0.593, -0.591, -0.588, -0.582, -0.5786, -0.581, -0.587, -0.5923, -0.5903, -0.586, -0.589, -0.5894, -0.588, -0.59, -0.586, -0.5674, -0.5415, -0.5186, -0.4912, -0.457, -0.4307, -0.4124, -0.3918, -0.3684, -0.3425, -0.3193, -0.3005, -0.2878, -0.2852, -0.2842, -0.2754, -0.2668, -0.2644, -0.269, -0.2751, -0.2756, -0.2717, -0.271, -0.2693, -0.2676, -0.267, -0.266, -0.2595, -0.2568, -0.254, -0.2522, -0.25, -0.252, -0.258, -0.2683, -0.273, -0.279, -0.2927, -0.309, -0.3306, -0.3496, -0.3657, -0.3816, -0.3977, -0.4146, -0.4287, -0.442, -0.4558, -0.4678, -0.48, -0.4995, -0.5146, -0.5176, -0.5073, -0.501, -0.4956, -0.4866, -0.4802, -0.4722, -0.463, -0.4478, -0.4185, -0.379, -0.3474, -0.3394, -0.3472, -0.367, -0.394, -0.4307, -0.4695, -0.506, -0.5356, -0.5635, -0.5835, -0.603, -0.6045, -0.616, -0.6133, -0.5825, -0.564, -0.5366, -0.5186, -0.4673, -0.3604, -0.2388, -0.1067, 0.01152, 0.06854, 0.03464
0.01285, -0.05966, -0.12134, -0.1823, -0.2305, -0.261, -0.2742, -0.2969, -0.305, -0.3237, -0.343, -0.3667, -0.3936, -0.4114, -0.4326, -0.4336, -0.4194, -0.397, -0.3591, -0.3186, -0.2705, -0.1873, -0.1041, -0.02432, 0.0234, 0.05035, 0.0519, 0.03735, 0.00831, -0.0222, -0.05438, -0.0877, -0.1175, -0.1447, -0.1663, -0.1879, -0.2019, -0.2142, -0.2202, -0.2301, -0.2155, -0.2168, -0.2086, -0.2084, -0.2246, -0.2494, -0.2595, -0.2834, -0.3103, -0.335, -0.3667, -0.4062, -0.4407, -0.4595, -0.4614, -0.437, -0.401, -0.3452, -0.3096, -0.2937, -0.2605, -0.1893, -0.0904, 0.008644, 0.0745, 0.099, 0.08856, 0.0561, 0.01967, -0.013985, -0.04794, -0.0758, -0.0996, -0.1272, -0.1581, -0.1799, -0.1976, -0.2141, -0.2274, -0.2324, -0.2386, -0.2502, -0.2668, -0.2856, -0.3035, -0.3267, -0.3547, -0.3892, -0.4294, -0.4678, -0.505, -0.534, -0.553, -0.5645, -0.5674, -0.5635, -0.5605, -0.5605, -0.559, -0.558, -0.56, -0.5693, -0.5796, -0.5835, -0.5776, -0.5713, -0.576, -0.582, -0.583, -0.5854, -0.581, -0.5635, -0.539, -0.516, -0.4863, -0.4485, -0.4155, -0.391, -0.3674, -0.3447, -0.3208, -0.2932, -0.2612, -0.2394, -0.2345, -0.2328, -0.2236, -0.2126, -0.2084, -0.2128, -0.2183, -0.2185, -0.2156, -0.2156, -0.2146, -0.2141, -0.2128, -0.2078, -0.1959, -0.1876, -0.1818, -0.1813, -0.1815, -0.1855, -0.1947, -0.2076, -0.2151, -0.2245, -0.2374, -0.25, -0.2683, -0.2869, -0.3076, -0.3296, -0.3455, -0.3562, -0.3674, -0.3735, -0.3845, -0.3953, -0.409, -0.4253, -0.445, -0.4539, -0.4497, -0.446, -0.4438, -0.4385, -0.432, -0.423, -0.4136, -0.3997, -0.3672, -0.3281, -0.3037, -0.3047, -0.3228, -0.3489, -0.384, -0.4268, -0.471, -0.511, -0.54, -0.5547, -0.5757, -0.5923, -0.593, -0.615, -0.5913, -0.576, -0.5547, -0.538, -0.5254, -0.4749, -0.3796, -0.2524, -0.11804, 0.02405, 0.10516, 0.0861
0.0708, -0.00332, -0.0723, -0.1283, -0.177, -0.2075, -0.233, -0.2598, -0.281, -0.3032, -0.3308, -0.3628, -0.3984, -0.4238, -0.447, -0.4497, -0.427, -0.3843, -0.3462, -0.3164, -0.2832, -0.1967, -0.0849, 0.010895, 0.07477, 0.11694, 0.1199, 0.097, 0.07513, 0.037, 0.00599, -0.02579, -0.05746, -0.0849, -0.11395, -0.1357, -0.1571, -0.184, -0.1798, -0.1893, -0.1799, -0.1799, -0.1714, -0.1732, -0.1886, -0.2205, -0.2352, -0.2637, -0.2974, -0.33, -0.3606, -0.4, -0.4307, -0.4539, -0.4534, -0.4336, -0.393, -0.3325, -0.3, -0.292, -0.2583, -0.1775, -0.06775, 0.03644, 0.115, 0.149, 0.1368, 0.1058, 0.06824, 0.0322, -0.00613, -0.03403, -0.063, -0.09106, -0.1183, -0.1444, -0.1686, -0.1898, -0.205, -0.2085, -0.217, -0.2289, -0.2485, -0.2717, -0.2935, -0.319, -0.3496, -0.388, -0.4304, -0.4712, -0.506, -0.5303, -0.543, -0.545, -0.541, -0.535, -0.534, -0.5386, -0.543, -0.5483, -0.5596, -0.5728, -0.587, -0.5938, -0.586, -0.578, -0.584, -0.592, -0.593, -0.592, -0.5835, -0.5635, -0.538, -0.5146, -0.4856, -0.4463, -0.406, -0.3726, -0.343, -0.3203, -0.3005, -0.2693, -0.2262, -0.1947, -0.1858, -0.1848, -0.1749, -0.1619, -0.1552, -0.1571, -0.1615, -0.1626, -0.1633, -0.1656, -0.1661, -0.1649, -0.1584, -0.1475, -0.132, -0.12164, -0.11365, -0.1123, -0.11316, -0.1188, -0.1315, -0.1425, -0.1545, -0.1652, -0.1819, -0.1976, -0.2172, -0.2378, -0.26, -0.2812, -0.3013, -0.3147, -0.329, -0.3386, -0.3494, -0.358, -0.3662, -0.3745, -0.3855, -0.3926, -0.3914, -0.386, -0.39, -0.387, -0.3804, -0.3687, -0.3586, -0.3464, -0.3179, -0.2852, -0.272, -0.2825, -0.3071, -0.339, -0.3806, -0.4287, -0.4746, -0.514, -0.542, -0.553, -0.5664, -0.5723, -0.596, -0.5957, -0.5835, -0.5693, -0.5586, -0.549, -0.5356, -0.491, -0.3982, -0.2693, -0.12244, 0.03168, 0.1343, 0.1364
0.1401, 0.0631, 0.00297, -0.05765, -0.1127, -0.1625, -0.1978, -0.224, -0.2607, -0.2778, -0.3127, -0.3577, -0.3896, -0.426, -0.4492, -0.4536, -0.4233, -0.3716, -0.3293, -0.319, -0.285, -0.1989, -0.0745, 0.02278, 0.11, 0.1719, 0.1805, 0.1584, 0.128, 0.0912, 0.06506, 0.03177, 0.001008, -0.0308, -0.05786, -0.0783, -0.1129, -0.1284, -0.1361, -0.1428, -0.1431, -0.1506, -0.1448, -0.1506, -0.166, -0.1996, -0.2245, -0.2515, -0.2776, -0.3174, -0.3577, -0.3955, -0.4287, -0.4495, -0.4514, -0.4336, -0.3867, -0.336, -0.307, -0.2876, -0.252, -0.1687, -0.05368, 0.06006, 0.1538, 0.1992, 0.1917, 0.1566, 0.11786, 0.0792, 0.03656, 0.00505, -0.03078, -0.05826, -0.0866, -0.11383, -0.1383, -0.1626, -0.1831, -0.1906, -0.2, -0.2158, -0.2347, -0.2593, -0.2837, -0.3125, -0.348, -0.3896, -0.4326, -0.4731, -0.506, -0.5254, -0.5317, -0.5283, -0.5205, -0.5156, -0.5195, -0.5303, -0.543, -0.5596, -0.5796, -0.5986, -0.6147, -0.6226, -0.616, -0.609, -0.6104, -0.6133, -0.61, -0.6035, -0.59, -0.5674, -0.5396, -0.513, -0.4854, -0.446, -0.4, -0.3547, -0.3162, -0.2935, -0.2788, -0.2507, -0.2021, -0.1573, -0.141, -0.1378, -0.1274, -0.11206, -0.1022, -0.1015, -0.10474, -0.1072, -0.11, -0.11597, -0.11615, -0.1133, -0.1029, -0.0869, -0.06866, -0.05728, -0.04645, -0.0405, -0.04086, -0.04962, -0.064, -0.0736, -0.08563, -0.10034, -0.1182, -0.1427, -0.1655, -0.1884, -0.2139, -0.2404, -0.2683, -0.2896, -0.3071, -0.3208, -0.3308, -0.3376, -0.3416, -0.345, -0.3455, -0.3503, -0.3467, -0.344, -0.3442, -0.3457, -0.3354, -0.3245, -0.311, -0.2974, -0.278, -0.2568, -0.256, -0.272, -0.3003, -0.3384, -0.3857, -0.4375, -0.481, -0.51, -0.5283, -0.5405, -0.5503, -0.5576, -0.5903, -0.588, -0.583, -0.575, -0.5684, -0.558, -0.54, -0.507, -0.4133, -0.2766, -0.1292, 0.01671, 0.1469, 0.1914
0.1908, 0.1216, 0.06256, -0.007797, -0.0664, -0.1218, -0.163, -0.2007, -0.2377, -0.2708, -0.3167, -0.3574, -0.404, -0.434, -0.459, -0.4614, -0.4314, -0.387, -0.3396, -0.3252, -0.28, -0.2023, -0.07385, 0.03568, 0.1465, 0.2234, 0.2302, 0.2018, 0.1705, 0.1399, 0.1085, 0.0839, 0.05728, 0.01973, -0.00923, -0.0355, -0.05527, -0.08246, -0.09186, -0.10675, -0.11346, -0.1246, -0.12476, -0.1453, -0.1602, -0.1831, -0.2118, -0.2352, -0.2722, -0.3135, -0.3596, -0.4043, -0.4343, -0.451, -0.4539, -0.4285, -0.3843, -0.336, -0.3057, -0.2847, -0.2413, -0.158, -0.04507, 0.07886, 0.1863, 0.2413, 0.2314, 0.1943, 0.1561, 0.12036, 0.078, 0.03928, 0.004852, -0.0315, -0.06244, -0.0879, -0.1168, -0.1405, -0.1617, -0.173, -0.1852, -0.206, -0.2284, -0.2524, -0.2803, -0.314, -0.354, -0.398, -0.437, -0.4736, -0.502, -0.5137, -0.5156, -0.5107, -0.505, -0.5054, -0.517, -0.537, -0.559, -0.585, -0.612, -0.637, -0.6562, -0.667, -0.664, -0.654, -0.6484, -0.6406, -0.63, -0.6167, -0.598, -0.575, -0.5454, -0.5146, -0.4854, -0.4453, -0.3936, -0.3354, -0.2866, -0.2646, -0.258, -0.2365, -0.1855, -0.127, -0.0982, -0.09064, -0.07825, -0.06125, -0.05, -0.04968, -0.05365, -0.05682, -0.06082, -0.06384, -0.06168, -0.05643, -0.04486, -0.03012, -0.01182, 0.000695, 0.01524, 0.02377, 0.02312, 0.0153, 0.001372, -0.005913, -0.01727, -0.03336, -0.05225, -0.0794, -0.10815, -0.1335, -0.1635, -0.1947, -0.2302, -0.2588, -0.2861, -0.3042, -0.3162, -0.3188, -0.3245, -0.3252, -0.3328, -0.3364, -0.3281, -0.32, -0.3203, -0.324, -0.316, -0.3013, -0.2793, -0.262, -0.251, -0.2426, -0.25, -0.2688, -0.299, -0.3425, -0.3953, -0.448, -0.4834, -0.5063, -0.5264, -0.539, -0.5454, -0.5605, -0.584, -0.5967, -0.5996, -0.5986, -0.591, -0.568, -0.537, -0.51, -0.4211, -0.2964, -0.1605, -0.007244, 0.1473, 0.2217
0.223, 0.1484, 0.07385, 0.02443, -0.04013, -0.09644, -0.1351, -0.1808, -0.2305, -0.2668, -0.3152, -0.358, -0.4114, -0.4478, -0.4666, -0.4644, -0.441, -0.3901, -0.3452, -0.324, -0.2893, -0.2024, -0.0842, 0.03235, 0.1554, 0.2441, 0.2761, 0.2478, 0.2162, 0.1802, 0.1533, 0.1279, 0.1076, 0.06915, 0.03094, 0.002249, -0.0243, -0.04105, -0.05655, -0.0784, -0.094, -0.10724, -0.1209, -0.1338, -0.1509, -0.1741, -0.2104, -0.2334, -0.2632, -0.3062, -0.3613, -0.4033, -0.433, -0.4487, -0.453, -0.4272, -0.3867, -0.3408, -0.307, -0.2844, -0.241, -0.1542, -0.03214, 0.0948, 0.2118, 0.2788, 0.276, 0.232, 0.1936, 0.1571, 0.1194, 0.0803, 0.03635, -0.00249, -0.03528, -0.06396, -0.09, -0.1195, -0.1418, -0.1571, -0.1772, -0.1975, -0.2201, -0.2485, -0.2766, -0.316, -0.362, -0.4055, -0.4429, -0.4722, -0.4937, -0.5, -0.4976, -0.495, -0.4937, -0.5015, -0.522, -0.5547, -0.588, -0.622, -0.652, -0.683, -0.703, -0.716, -0.715, -0.703, -0.6904, -0.676, -0.657, -0.635, -0.6094, -0.584, -0.5537, -0.5195, -0.4863, -0.4402, -0.3801, -0.3108, -0.2573, -0.2354, -0.2334, -0.222, -0.1727, -0.10175, -0.058, -0.0447, -0.03017, -0.01172, -0.000541, -0.000883, -0.007008, -0.009735, -0.01197, -0.01104, -0.005955, 0.0014515, 0.01443, 0.02693, 0.04156, 0.05374, 0.0705, 0.0816, 0.08344, 0.0757, 0.06506, 0.05988, 0.04877, 0.0316, 0.0106, -0.01787, -0.0462, -0.0741, -0.1047, -0.1406, -0.1882, -0.2241, -0.2479, -0.266, -0.2837, -0.2996, -0.3113, -0.3228, -0.3354, -0.3394, -0.328, -0.3135, -0.309, -0.3108, -0.3071, -0.2874, -0.2576, -0.239, -0.2318, -0.2325, -0.2473, -0.267, -0.3037, -0.3516, -0.4058, -0.4536, -0.4834, -0.512, -0.532, -0.531, -0.5303, -0.549, -0.5776, -0.6016, -0.621, -0.6255, -0.5894, -0.5723, -0.5625, -0.5283, -0.445, -0.3333, -0.1927, -0.031, 0.1396, 0.2412
0.2478, 0.1816, 0.10614, 0.06076, -0.00656, -0.06836, -0.11414, -0.1704, -0.2231, -0.2678, -0.3135, -0.3677, -0.415, -0.4543, -0.4688, -0.4734, -0.436, -0.3772, -0.338, -0.3196, -0.3098, -0.2239, -0.10443, 0.0268, 0.1555, 0.251, 0.3076, 0.296, 0.2598, 0.2341, 0.1965, 0.1721, 0.1384, 0.1065, 0.0648, 0.03516, 0.008064, -0.02309, -0.0467, -0.0632, -0.076, -0.09937, -0.12006, -0.1317, -0.1595, -0.1805, -0.2068, -0.2291, -0.259, -0.3052, -0.359, -0.4053, -0.4355, -0.4553, -0.452, -0.4277, -0.3853, -0.3457, -0.3113, -0.284, -0.2393, -0.1538, -0.03427, 0.0967, 0.2233, 0.3064, 0.3115, 0.2654, 0.2247, 0.1886, 0.147, 0.1119, 0.06445, 0.02444, -0.01111, -0.0441, -0.0752, -0.1016, -0.1265, -0.1453, -0.1694, -0.1926, -0.2166, -0.2466, -0.2776, -0.3223, -0.3735, -0.4167, -0.4521, -0.4758, -0.4905, -0.4927, -0.4888, -0.4885, -0.494, -0.5093, -0.539, -0.583, -0.626, -0.6655, -0.7046, -0.733, -0.755, -0.7637, -0.76, -0.749, -0.7363, -0.717, -0.693, -0.6606, -0.627, -0.5977, -0.5645, -0.5273, -0.4888, -0.4307, -0.3562, -0.282, -0.2233, -0.2017, -0.2024, -0.2007, -0.1587, -0.08295, -0.02698, -0.003113, 0.01481, 0.03494, 0.04553, 0.0432, 0.03763, 0.0359, 0.0356, 0.03708, 0.04404, 0.05496, 0.0704, 0.08167, 0.0924, 0.10187, 0.1188, 0.134, 0.141, 0.1353, 0.1254, 0.1218, 0.10974, 0.09283, 0.0728, 0.04712, 0.02014, -0.010376, -0.04208, -0.0891, -0.1339, -0.1648, -0.1874, -0.2191, -0.2417, -0.2686, -0.2957, -0.3206, -0.337, -0.3428, -0.333, -0.3123, -0.2988, -0.2898, -0.2793, -0.2603, -0.2283, -0.2133, -0.2139, -0.2256, -0.2451, -0.2705, -0.3105, -0.3618, -0.42, -0.4614, -0.4927, -0.5186, -0.533, -0.5293, -0.528, -0.542, -0.575, -0.611, -0.6436, -0.6475, -0.6187, -0.625, -0.5977, -0.5464, -0.4587, -0.3577, -0.2108, -0.04715, 0.1214, 0.2427
0.267, 0.2249, 0.16, 0.09247, 0.02016, -0.04352, -0.10364, -0.1616, -0.226, -0.268, -0.3154, -0.3645, -0.4133, -0.4478, -0.475, -0.477, -0.4495, -0.373, -0.3303, -0.3162, -0.311, -0.2374, -0.1249, 0.003956, 0.1292, 0.2482, 0.3235, 0.337, 0.3047, 0.276, 0.241, 0.212, 0.1786, 0.1487, 0.10596, 0.0723, 0.03137, -0.003008, -0.02844, -0.05823, -0.0713, -0.0981, -0.1205, -0.1368, -0.1561, -0.1791, -0.2083, -0.2352, -0.2688, -0.3105, -0.3606, -0.399, -0.4304, -0.449, -0.4468, -0.4238, -0.3838, -0.3413, -0.3127, -0.288, -0.2429, -0.1592, -0.04025, 0.09467, 0.2283, 0.3213, 0.3389, 0.3013, 0.2576, 0.2141, 0.1763, 0.1324, 0.0924, 0.05005, 0.01262, -0.02527, -0.06287, -0.09106, -0.1161, -0.1399, -0.1647, -0.1918, -0.2181, -0.25, -0.2852, -0.3335, -0.3865, -0.4321, -0.4639, -0.4832, -0.494, -0.495, -0.4956, -0.5005, -0.5137, -0.5356, -0.572, -0.617, -0.6675, -0.713, -0.7544, -0.7827, -0.8013, -0.8066, -0.802, -0.791, -0.776, -0.756, -0.7275, -0.6924, -0.654, -0.617, -0.5776, -0.536, -0.4917, -0.4192, -0.3284, -0.241, -0.176, -0.1558, -0.1621, -0.1713, -0.1443, -0.07733, -0.01213, 0.02504, 0.05188, 0.07544, 0.0858, 0.08124, 0.0746, 0.07654, 0.08124, 0.0849, 0.0908, 0.1016, 0.1185, 0.1304, 0.139, 0.147, 0.1624, 0.1802, 0.1919, 0.1887, 0.18, 0.1761, 0.1649, 0.1488, 0.13, 0.106, 0.08276, 0.05014, 0.01017, -0.03195, -0.069, -0.1016, -0.1328, -0.1664, -0.1993, -0.2263, -0.2617, -0.2878, -0.311, -0.3223, -0.3174, -0.2969, -0.2769, -0.2644, -0.2427, -0.2214, -0.1981, -0.1908, -0.2026, -0.2253, -0.2478, -0.279, -0.3245, -0.3792, -0.423, -0.466, -0.506, -0.536, -0.534, -0.53, -0.529, -0.5425, -0.593, -0.6484, -0.682, -0.659, -0.664, -0.6675, -0.628, -0.569, -0.4768, -0.3582, -0.2213, -0.0689, 0.0909, 0.229
0.2932, 0.2507, 0.185, 0.1173, 0.04144, -0.034, -0.0907, -0.1466, -0.2092, -0.2683, -0.3257, -0.3828, -0.4216, -0.4553, -0.4797, -0.481, -0.452, -0.3823, -0.334, -0.3186, -0.3164, -0.261, -0.1533, -0.01203, 0.1123, 0.2308, 0.3254, 0.3672, 0.3523, 0.3179, 0.2712, 0.235, 0.2118, 0.1775, 0.1326, 0.10004, 0.05463, 0.01791, -0.01642, -0.04965, -0.0725, -0.09814, -0.1255, -0.144, -0.164, -0.1866, -0.2126, -0.24, -0.2722, -0.316, -0.3623, -0.3987, -0.4263, -0.4478, -0.4434, -0.4172, -0.374, -0.3386, -0.315, -0.2944, -0.2505, -0.1685, -0.0541, 0.08234, 0.2242, 0.3281, 0.3582, 0.3281, 0.2847, 0.2368, 0.1986, 0.1608, 0.11676, 0.07196, 0.02959, -0.00728, -0.04834, -0.08075, -0.1093, -0.135, -0.1678, -0.196, -0.2241, -0.2505, -0.2876, -0.3406, -0.3955, -0.4414, -0.4717, -0.4907, -0.5, -0.5054, -0.5127, -0.5283, -0.549, -0.573, -0.609, -0.658, -0.7056, -0.754, -0.794, -0.8174, -0.829, -0.8335, -0.8296, -0.8174, -0.7993, -0.7764, -0.7495, -0.716, -0.6777, -0.636, -0.587, -0.538, -0.4878, -0.4038, -0.2937, -0.1926, -0.1238, -0.1039, -0.116, -0.1351, -0.1263, -0.0767, -0.01405, 0.03427, 0.0729, 0.1031, 0.1157, 0.10956, 0.1039, 0.11017, 0.12115, 0.1279, 0.1332, 0.1431, 0.1602, 0.175, 0.1842, 0.1931, 0.2062, 0.2235, 0.236, 0.2367, 0.2306, 0.2273, 0.218, 0.2036, 0.1843, 0.1624, 0.1388, 0.10126, 0.06586, 0.03403, -0.001618, -0.03915, -0.0769, -0.1124, -0.148, -0.1794, -0.2052, -0.2391, -0.2612, -0.28, -0.276, -0.2654, -0.2499, -0.2267, -0.2079, -0.1912, -0.18, -0.1814, -0.2021, -0.2261, -0.2573, -0.2905, -0.3345, -0.3853, -0.4287, -0.48, -0.531, -0.547, -0.541, -0.533, -0.532, -0.5693, -0.628, -0.684, -0.707, -0.7236, -0.7227, -0.7095, -0.666, -0.6025, -0.5054, -0.371, -0.2327, -0.0758, 0.0864, 0.2388
0.3037, 0.2634, 0.201, 0.1233, 0.03928, -0.01909, -0.07654, -0.1487, -0.198, -0.276, -0.3293, -0.3833, -0.4321, -0.4514, -0.4678, -0.468, -0.4321, -0.3755, -0.3367, -0.316, -0.3105, -0.2676, -0.1779, -0.05075, 0.07776, 0.213, 0.3213, 0.3926, 0.3982, 0.359, 0.3132, 0.2725, 0.2382, 0.2106, 0.1646, 0.1172, 0.07367, 0.02899, -0.00864, -0.0455, -0.0765, -0.09766, -0.1274, -0.152, -0.1692, -0.1902, -0.2169, -0.2439, -0.2742, -0.3184, -0.3625, -0.3955, -0.4177, -0.4343, -0.4214, -0.3975, -0.3608, -0.3293, -0.3066, -0.287, -0.248, -0.1693, -0.05566, 0.07794, 0.2205, 0.3306, 0.3772, 0.3518, 0.3047, 0.2642, 0.2286, 0.1888, 0.1473, 0.0991, 0.05627, 0.01324, -0.03072, -0.07086, -0.1013, -0.1315, -0.1641, -0.1953, -0.2258, -0.252, -0.2925, -0.343, -0.3962, -0.442, -0.4702, -0.4854, -0.4954, -0.505, -0.522, -0.547, -0.573, -0.605, -0.6406, -0.6826, -0.722, -0.7603, -0.7905, -0.809, -0.818, -0.8203, -0.8145, -0.802, -0.782, -0.759, -0.7344, -0.708, -0.677, -0.6367, -0.579, -0.5215, -0.4648, -0.3718, -0.2532, -0.1442, -0.0736, -0.05637, -0.072, -0.09406, -0.09717, -0.0688, -0.01918, 0.0286, 0.0734, 0.1119, 0.1287, 0.1257, 0.12463, 0.137, 0.1545, 0.1633, 0.1675, 0.1749, 0.1934, 0.2141, 0.2279, 0.2401, 0.2515, 0.266, 0.277, 0.2803, 0.2795, 0.2766, 0.2705, 0.2573, 0.2394, 0.2156, 0.185, 0.1559, 0.12463, 0.09814, 0.06155, 0.01901, -0.02625, -0.05966, -0.0906, -0.11743, -0.149, -0.1813, -0.2078, -0.2206, -0.22, -0.2174, -0.2059, -0.1921, -0.1825, -0.1736, -0.1819, -0.1904, -0.2095, -0.2314, -0.261, -0.2966, -0.3333, -0.3838, -0.4417, -0.507, -0.548, -0.552, -0.5376, -0.537, -0.5503, -0.5986, -0.664, -0.719, -0.7495, -0.76, -0.7627, -0.741, -0.701, -0.639, -0.535, -0.3953, -0.2422, -0.08105, 0.08527, 0.2395
0.3232, 0.282, 0.22, 0.142, 0.05447, -0.007233, -0.07404, -0.1388, -0.1952, -0.2634, -0.3218, -0.3682, -0.4126, -0.4258, -0.4478, -0.4543, -0.417, -0.365, -0.3213, -0.2993, -0.296, -0.269, -0.1996, -0.0877, 0.04614, 0.1924, 0.3083, 0.401, 0.4287, 0.3975, 0.3416, 0.2974, 0.2651, 0.2291, 0.1963, 0.1581, 0.1089, 0.0576, 0.00925, -0.0366, -0.07056, -0.0948, -0.126, -0.1509, -0.1738, -0.1979, -0.2267, -0.2524, -0.276, -0.3037, -0.3403, -0.3735, -0.393, -0.3975, -0.3867, -0.361, -0.327, -0.302, -0.2795, -0.2605, -0.2253, -0.1539, -0.04895, 0.07336, 0.2059, 0.3235, 0.389, 0.3782, 0.3354, 0.2937, 0.2605, 0.2266, 0.1848, 0.1383, 0.08826, 0.03705, -0.00846, -0.05054, -0.0856, -0.11707, -0.1471, -0.1779, -0.2104, -0.2415, -0.2812, -0.327, -0.3787, -0.4185, -0.4414, -0.4512, -0.4583, -0.4736, -0.5, -0.531, -0.5654, -0.6035, -0.6343, -0.6655, -0.6904, -0.715, -0.7437, -0.754, -0.7573, -0.757, -0.749, -0.734, -0.715, -0.6963, -0.676, -0.658, -0.6396, -0.6064, -0.55, -0.4854, -0.4197, -0.328, -0.2119, -0.0981, -0.02684, -0.01051, -0.02612, -0.04834, -0.0581, -0.0434, -0.01293, 0.02296, 0.0656, 0.10626, 0.1274, 0.1304, 0.1375, 0.1576, 0.1814, 0.1929, 0.1946, 0.1995, 0.2177, 0.2439, 0.2656, 0.281, 0.294, 0.3052, 0.3135, 0.3186, 0.322, 0.3245, 0.3203, 0.3098, 0.2927, 0.266, 0.2373, 0.2069, 0.1853, 0.1606, 0.1207, 0.06537, 0.02423, -0.001093, -0.03717, -0.06525, -0.0899, -0.1234, -0.1412, -0.1539, -0.168, -0.1688, -0.1692, -0.1672, -0.1672, -0.1746, -0.1902, -0.2072, -0.2249, -0.2454, -0.2666, -0.2969, -0.335, -0.3926, -0.4539, -0.5205, -0.548, -0.5527, -0.539, -0.5454, -0.564, -0.6113, -0.6846, -0.7314, -0.764, -0.758, -0.757, -0.7363, -0.711, -0.634, -0.5312, -0.3975, -0.2317, -0.06903, 0.1019, 0.2493
0.3413, 0.2903, 0.215, 0.1407, 0.06165, -0.004974, -0.0787, -0.1416, -0.2042, -0.2625, -0.3162, -0.3606, -0.3867, -0.3987, -0.4138, -0.4155, -0.3938, -0.3386, -0.2969, -0.2703, -0.2598, -0.2495, -0.1992, -0.1034, 0.02159, 0.1573, 0.2827, 0.3877, 0.4453, 0.4307, 0.371, 0.3242, 0.292, 0.26, 0.2281, 0.198, 0.1454, 0.08856, 0.03476, -0.005814, -0.05286, -0.0864, -0.1167, -0.1478, -0.1793, -0.201, -0.223, -0.2426, -0.2544, -0.2732, -0.302, -0.3203, -0.3328, -0.3372, -0.3296, -0.3062, -0.2764, -0.2505, -0.2312, -0.2141, -0.1766, -0.1109, -0.01703, 0.08386, 0.1959, 0.3174, 0.394, 0.4004, 0.3694, 0.3362, 0.303, 0.273, 0.2338, 0.1876, 0.1366, 0.08044, 0.0305, -0.01836, -0.06168, -0.09534, -0.125, -0.1527, -0.187, -0.219, -0.2542, -0.3, -0.3396, -0.3691, -0.3845, -0.3853, -0.3855, -0.3992, -0.427, -0.4644, -0.503, -0.5415, -0.5664, -0.588, -0.605, -0.6235, -0.6436, -0.6553, -0.657, -0.658, -0.6494, -0.6333, -0.615, -0.6006, -0.585, -0.575, -0.564, -0.544, -0.497, -0.4312, -0.366, -0.2825, -0.1731, -0.05313, 0.01941, 0.03598, 0.02129, 0.002878, -0.00929, -0.00581, 0.01162, 0.03445, 0.06647, 0.104, 0.1285, 0.1389, 0.1531, 0.1798, 0.2079, 0.2206, 0.2212, 0.2236, 0.2395, 0.267, 0.2944, 0.3174, 0.3337, 0.3416, 0.3455, 0.3523, 0.3613, 0.3699, 0.3674, 0.3574, 0.3376, 0.3103, 0.2766, 0.2593, 0.2458, 0.2152, 0.1643, 0.114, 0.08295, 0.0448, 0.00891, -0.0259, -0.04517, -0.0651, -0.08405, -0.10065, -0.1181, -0.1272, -0.1376, -0.1414, -0.1543, -0.1732, -0.1895, -0.2096, -0.2283, -0.2551, -0.2717, -0.286, -0.3264, -0.3887, -0.46, -0.5107, -0.514, -0.508, -0.4998, -0.5054, -0.533, -0.589, -0.6533, -0.692, -0.698, -0.6904, -0.6724, -0.6562, -0.645, -0.573, -0.4954, -0.3613, -0.2075, -0.05707, 0.1162, 0.2842
0.3687, 0.3, 0.214, 0.1224, 0.04733, -0.01822, -0.086, -0.1465, -0.2087, -0.2605, -0.2966, -0.3286, -0.3438, -0.3542, -0.3562, -0.3638, -0.3389, -0.2976, -0.2588, -0.2224, -0.2095, -0.1921, -0.1697, -0.11096, 0.00506, 0.1375, 0.258, 0.3682, 0.447, 0.4543, 0.4087, 0.3596, 0.3206, 0.2917, 0.2617, 0.2317, 0.1818, 0.1368, 0.0794, 0.02728, -0.0167, -0.0611, -0.1085, -0.1407, -0.1715, -0.1893, -0.2048, -0.2167, -0.2189, -0.2308, -0.2396, -0.2428, -0.2502, -0.2534, -0.2465, -0.2256, -0.1986, -0.173, -0.1515, -0.1353, -0.09705, -0.03806, 0.0386, 0.11, 0.1979, 0.3113, 0.4038, 0.4263, 0.4058, 0.3767, 0.3513, 0.3223, 0.2832, 0.2367, 0.1843, 0.1276, 0.074, 0.02179, -0.02362, -0.05777, -0.08795, -0.1163, -0.1466, -0.1797, -0.2131, -0.25, -0.277, -0.295, -0.3042, -0.2983, -0.291, -0.2942, -0.32, -0.3599, -0.3965, -0.4302, -0.4448, -0.4602, -0.4736, -0.485, -0.5, -0.515, -0.5215, -0.5283, -0.522, -0.506, -0.4854, -0.4722, -0.464, -0.4617, -0.4578, -0.444, -0.4124, -0.3582, -0.2998, -0.2285, -0.1299, -0.02126, 0.05426, 0.07684, 0.06836, 0.05164, 0.0411, 0.03928, 0.05106, 0.07025, 0.09064, 0.1191, 0.1428, 0.1598, 0.177, 0.2054, 0.2358, 0.251, 0.2505, 0.2522, 0.2654, 0.2905, 0.3213, 0.354, 0.3765, 0.3813, 0.3804, 0.388, 0.4043, 0.4194, 0.4165, 0.4033, 0.3723, 0.3489, 0.327, 0.3174, 0.2932, 0.2632, 0.2183, 0.168, 0.1285, 0.08496, 0.05383, 0.02386, 0.003534, -0.01404, -0.02852, -0.04675, -0.06445, -0.0836, -0.10565, -0.1171, -0.135, -0.1611, -0.1855, -0.2107, -0.2273, -0.2505, -0.268, -0.2769, -0.3196, -0.383, -0.4424, -0.4556, -0.4314, -0.443, -0.4458, -0.4607, -0.4863, -0.535, -0.587, -0.602, -0.593, -0.582, -0.552, -0.537, -0.5225, -0.479, -0.4216, -0.3164, -0.1707, -0.04657, 0.1329, 0.3105
0.3828, 0.323, 0.2207, 0.1232, 0.0466, -0.01974, -0.0757, -0.1405, -0.1943, -0.2347, -0.2778, -0.294, -0.3018, -0.3083, -0.297, -0.2966, -0.278, -0.232, -0.203, -0.1615, -0.1334, -0.1199, -0.11005, -0.0747, 0.01004, 0.1251, 0.2385, 0.34, 0.4368, 0.4707, 0.4443, 0.3987, 0.3608, 0.3284, 0.3022, 0.262, 0.2288, 0.183, 0.1313, 0.0831, 0.0346, -0.02147, -0.06537, -0.1136, -0.1422, -0.1649, -0.1809, -0.1827, -0.1798, -0.1718, -0.1613, -0.1549, -0.1566, -0.1527, -0.1431, -0.1283, -0.10004, -0.0799, -0.06168, -0.04095, -0.00715, 0.04608, 0.1074, 0.1581, 0.2267, 0.3235, 0.418, 0.4546, 0.4458, 0.424, 0.4011, 0.372, 0.3342, 0.2915, 0.2428, 0.1857, 0.1317, 0.0761, 0.03053, -0.00701, -0.04288, -0.0672, -0.09045, -0.1176, -0.1451, -0.1744, -0.1968, -0.2, -0.1973, -0.1792, -0.164, -0.1599, -0.1768, -0.2166, -0.2461, -0.2722, -0.281, -0.2954, -0.303, -0.316, -0.3289, -0.342, -0.3508, -0.361, -0.3608, -0.3467, -0.3184, -0.307, -0.3066, -0.3145, -0.319, -0.3113, -0.2942, -0.2542, -0.2096, -0.1562, -0.08344, 0.0087, 0.0799, 0.10486, 0.10425, 0.0957, 0.0906, 0.0944, 0.10443, 0.1214, 0.1324, 0.1473, 0.167, 0.1884, 0.2057, 0.2318, 0.2637, 0.2842, 0.2893, 0.2922, 0.302, 0.3218, 0.3528, 0.3936, 0.4197, 0.424, 0.4194, 0.4307, 0.456, 0.479, 0.477, 0.4565, 0.4197, 0.4045, 0.3953, 0.3765, 0.3494, 0.3174, 0.2732, 0.2285, 0.1772, 0.1293, 0.1096, 0.0924, 0.0756, 0.05692, 0.03326, 0.0162, -0.00711, -0.02873, -0.06122, -0.0874, -0.11304, -0.1422, -0.1772, -0.1984, -0.2167, -0.2334, -0.255, -0.268, -0.296, -0.339, -0.375, -0.3638, -0.3533, -0.3696, -0.3735, -0.3801, -0.3843, -0.4243, -0.4604, -0.4727, -0.4526, -0.42, -0.3916, -0.3684, -0.368, -0.3452, -0.3042, -0.2322, -0.1184, -0.01533, 0.158, 0.3386
0.4, 0.3284, 0.2324, 0.1488, 0.08765, 0.013306, -0.05588, -0.126, -0.1655, -0.1979, -0.224, -0.23, -0.2205, -0.2284, -0.2313, -0.2244, -0.2119, -0.1772, -0.1329, -0.0861, -0.0527, -0.03647, -0.02826, -0.010025, 0.04825, 0.1345, 0.2279, 0.3193, 0.4182, 0.4788, 0.4841, 0.4487, 0.4116, 0.376, 0.347, 0.3174, 0.2893, 0.242, 0.2007, 0.1431, 0.0929, 0.0325, -0.011185, -0.0648, -0.0983, -0.11993, -0.1322, -0.1252, -0.10913, -0.0855, -0.0657, -0.05, -0.04645, -0.0356, -0.02867, -0.01883, 0.007004, 0.02127, 0.0372, 0.06058, 0.09094, 0.1442, 0.1931, 0.2305, 0.282, 0.3645, 0.4487, 0.4888, 0.4902, 0.4805, 0.4636, 0.4377, 0.4045, 0.3645, 0.3188, 0.2659, 0.2119, 0.152, 0.1033, 0.067, 0.03192, 0.01036, -0.011444, -0.03754, -0.06445, -0.0869, -0.0981, -0.08936, -0.0671, -0.0358, -0.008446, 0.001938, -0.006927, -0.03543, -0.0666, -0.0877, -0.0972, -0.1031, -0.10986, -0.12256, -0.1366, -0.1532, -0.1572, -0.1725, -0.1741, -0.1678, -0.1375, -0.1284, -0.1322, -0.147, -0.1515, -0.1477, -0.1439, -0.1232, -0.097, -0.05832, 0.001213, 0.0822, 0.1372, 0.1514, 0.1444, 0.1434, 0.1466, 0.1598, 0.1733, 0.1862, 0.1884, 0.1923, 0.206, 0.2288, 0.2489, 0.2712, 0.302, 0.329, 0.3403, 0.3455, 0.3528, 0.3672, 0.3962, 0.4407, 0.4707, 0.4746, 0.4705, 0.484, 0.5166, 0.546, 0.5464, 0.519, 0.4917, 0.483, 0.473, 0.4473, 0.4172, 0.377, 0.3337, 0.2957, 0.2415, 0.2039, 0.1844, 0.1719, 0.1487, 0.1284, 0.10095, 0.0788, 0.0514, 0.02458, -0.002804, -0.03766, -0.0771, -0.109, -0.1521, -0.1783, -0.1974, -0.2124, -0.22, -0.2218, -0.2412, -0.276, -0.2905, -0.26, -0.2593, -0.254, -0.2632, -0.2705, -0.2668, -0.277, -0.298, -0.2996, -0.2725, -0.2268, -0.198, -0.1897, -0.176, -0.1636, -0.1534, -0.102, -0.0324, 0.0677, 0.2144, 0.3738
0.4478, 0.3772, 0.2886, 0.2003, 0.1294, 0.0614, -0.0007634, -0.0725, -0.1037, -0.1285, -0.1361, -0.1321, -0.11584, -0.12177, -0.1351, -0.12463, -0.12244, -0.0909, -0.04633, 0.00611, 0.0381, 0.05884, 0.06384, 0.0758, 0.11255, 0.1691, 0.2448, 0.3171, 0.4138, 0.4912, 0.517, 0.4946, 0.4678, 0.4343, 0.4077, 0.3843, 0.3606, 0.3286, 0.2756, 0.2174, 0.1642, 0.10876, 0.05066, 0.001734, -0.03543, -0.0485, -0.05066, -0.03464, -0.01425, 0.01342, 0.04105, 0.067, 0.0807, 0.0881, 0.0919, 0.0984, 0.116, 0.127, 0.1423, 0.1686, 0.2009, 0.2488, 0.289, 0.3257, 0.3733, 0.4316, 0.498, 0.5396, 0.55, 0.545, 0.532, 0.513, 0.489, 0.4524, 0.4094, 0.3652, 0.3076, 0.25, 0.1941, 0.1534, 0.1225, 0.1045, 0.08014, 0.05728, 0.03668, 0.02611, 0.02322, 0.04633, 0.08795, 0.1323, 0.1708, 0.1832, 0.1722, 0.1492, 0.1284, 0.10504, 0.0985, 0.0979, 0.0902, 0.0834, 0.0755, 0.0632, 0.05997, 0.0446, 0.04147, 0.04468, 0.0659, 0.06647, 0.05902, 0.0368, 0.03217, 0.03653, 0.0358, 0.036, 0.03687, 0.06122, 0.1174, 0.1931, 0.2354, 0.2377, 0.2207, 0.2198, 0.2316, 0.2468, 0.262, 0.27, 0.2693, 0.2688, 0.2766, 0.2944, 0.3145, 0.3357, 0.3633, 0.3894, 0.406, 0.4124, 0.42, 0.432, 0.457, 0.5, 0.5317, 0.5396, 0.541, 0.5586, 0.5933, 0.621, 0.6216, 0.594, 0.5796, 0.574, 0.5503, 0.528, 0.4946, 0.4573, 0.4106, 0.373, 0.3284, 0.2886, 0.2654, 0.251, 0.218, 0.1987, 0.1631, 0.1328, 0.10754, 0.0834, 0.05634, 0.01775, -0.01936, -0.05258, -0.1023, -0.1403, -0.162, -0.158, -0.1459, -0.1505, -0.1735, -0.1831, -0.171, -0.1288, -0.1177, -0.1033, -0.11035, -0.10895, -0.1128, -0.11285, -0.1024, -0.10095, -0.0769, -0.03198, -0.003113, 0.0159, 0.02121, 0.02203, 0.014496, 0.0608, 0.09705, 0.1946, 0.2998, 0.424
0.5186, 0.4539, 0.3772, 0.2817, 0.206, 0.1257, 0.07086, 0.01531, -0.006763, -0.02402, -0.02185, -0.01367, 0.001512, 0.002537, -0.008705, 0.0008526, 0.004234, 0.02611, 0.07007, 0.11633, 0.1515, 0.1667, 0.168, 0.1772, 0.1924, 0.2445, 0.303, 0.3699, 0.4548, 0.532, 0.5664, 0.564, 0.539, 0.5146, 0.49, 0.4739, 0.459, 0.428, 0.3801, 0.3176, 0.255, 0.2073, 0.1447, 0.0958, 0.05917, 0.04266, 0.0463, 0.0637, 0.0933, 0.1306, 0.1666, 0.2021, 0.2236, 0.2345, 0.2306, 0.2345, 0.2444, 0.2556, 0.2712, 0.2969, 0.3254, 0.361, 0.3953, 0.4355, 0.4783, 0.5317, 0.586, 0.625, 0.638, 0.632, 0.613, 0.594, 0.5786, 0.554, 0.5166, 0.4814, 0.4358, 0.373, 0.3206, 0.2764, 0.24, 0.2201, 0.1965, 0.1855, 0.1765, 0.1782, 0.1885, 0.217, 0.2717, 0.3286, 0.3662, 0.3833, 0.376, 0.356, 0.3333, 0.3208, 0.3223, 0.3206, 0.3188, 0.3147, 0.3132, 0.3015, 0.2964, 0.2847, 0.2803, 0.2832, 0.2988, 0.2903, 0.276, 0.2534, 0.2421, 0.2438, 0.2396, 0.2308, 0.2114, 0.2231, 0.26, 0.3127, 0.3452, 0.3494, 0.338, 0.3406, 0.356, 0.3655, 0.3745, 0.3828, 0.3835, 0.382, 0.3853, 0.396, 0.4097, 0.4297, 0.455, 0.4766, 0.4927, 0.5, 0.51, 0.5225, 0.544, 0.5796, 0.6113, 0.623, 0.6353, 0.657, 0.6904, 0.715, 0.708, 0.686, 0.679, 0.6533, 0.632, 0.612, 0.5874, 0.543, 0.511, 0.4673, 0.4353, 0.4065, 0.3726, 0.3618, 0.3374, 0.3147, 0.2646, 0.2163, 0.1743, 0.1465, 0.1184, 0.0862, 0.05914, 0.02005, -0.03442, -0.0929, -0.11176, -0.0828, -0.0478, -0.05838, -0.0787, -0.07526, -0.03635, 0.02374, 0.04935, 0.05746, 0.08014, 0.0778, 0.0857, 0.0832, 0.10486, 0.11224, 0.1494, 0.1888, 0.2261, 0.2375, 0.2264, 0.2219, 0.21, 0.2323, 0.258, 0.3284, 0.416, 0.51
0.6265, 0.561, 0.4885, 0.4038, 0.3333, 0.2495, 0.1864, 0.1494, 0.1283, 0.11316, 0.1189, 0.1399, 0.1504, 0.1516, 0.1437, 0.1477, 0.168, 0.1932, 0.2264, 0.268, 0.294, 0.3123, 0.3086, 0.3071, 0.3267, 0.358, 0.4065, 0.4702, 0.5444, 0.6123, 0.6445, 0.6597, 0.65, 0.6343, 0.613, 0.595, 0.582, 0.558, 0.5186, 0.4639, 0.3933, 0.3423, 0.2866, 0.2299, 0.191, 0.1725, 0.176, 0.1976, 0.2329, 0.282, 0.3223, 0.3596, 0.3818, 0.3987, 0.3928, 0.388, 0.3997, 0.429, 0.4497, 0.4739, 0.4802, 0.4966, 0.5312, 0.5747, 0.613, 0.662, 0.7134, 0.757, 0.7725, 0.7607, 0.7393, 0.718, 0.7046, 0.691, 0.658, 0.6333, 0.594, 0.5386, 0.4868, 0.443, 0.4033, 0.3838, 0.3582, 0.353, 0.3584, 0.3667, 0.3833, 0.412, 0.4705, 0.534, 0.575, 0.5986, 0.5977, 0.585, 0.5684, 0.5713, 0.586, 0.586, 0.586, 0.5864, 0.5835, 0.5664, 0.55, 0.5347, 0.5303, 0.5205, 0.531, 0.526, 0.5186, 0.4958, 0.4814, 0.4797, 0.4736, 0.4524, 0.429, 0.4292, 0.4507, 0.4775, 0.4907, 0.4924, 0.486, 0.4958, 0.5146, 0.5234, 0.5264, 0.533, 0.5386, 0.542, 0.541, 0.549, 0.554, 0.5635, 0.579, 0.593, 0.6147, 0.629, 0.6416, 0.6567, 0.673, 0.6978, 0.7256, 0.742, 0.7656, 0.793, 0.82, 0.829, 0.8174, 0.8105, 0.798, 0.786, 0.767, 0.732, 0.7075, 0.6797, 0.6533, 0.622, 0.5913, 0.564, 0.543, 0.5254, 0.4978, 0.471, 0.4114, 0.354, 0.3027, 0.2761, 0.2465, 0.2081, 0.1732, 0.1351, 0.06573, -0.001521, -0.01011, 0.03882, 0.06445, 0.02751, 0.03476, 0.0743, 0.1383, 0.2058, 0.2517, 0.266, 0.2837, 0.2888, 0.2947, 0.3096, 0.3389, 0.3625, 0.402, 0.4417, 0.478, 0.4844, 0.4634, 0.4604, 0.4353, 0.444, 0.4475, 0.501, 0.558, 0.624
0.749, 0.6895, 0.6226, 0.5405, 0.4668, 0.3994, 0.347, 0.3186, 0.2993, 0.276, 0.2812, 0.321, 0.3352, 0.3367, 0.3423, 0.3499, 0.384, 0.418, 0.4514, 0.4846, 0.503, 0.502, 0.502, 0.494, 0.5, 0.5127, 0.548, 0.6006, 0.6743, 0.7354, 0.7754, 0.797, 0.802, 0.792, 0.7646, 0.7495, 0.743, 0.7236, 0.693, 0.6396, 0.572, 0.5215, 0.465, 0.409, 0.368, 0.3489, 0.3513, 0.3752, 0.4138, 0.464, 0.506, 0.549, 0.5776, 0.5957, 0.5894, 0.59, 0.6006, 0.638, 0.666, 0.684, 0.6816, 0.6885, 0.722, 0.7764, 0.8213, 0.858, 0.8955, 0.9355, 0.955, 0.9395, 0.912, 0.8857, 0.8745, 0.8623, 0.8364, 0.815, 0.767, 0.7344, 0.678, 0.6367, 0.5947, 0.573, 0.56, 0.5596, 0.5684, 0.5874, 0.6123, 0.647, 0.71, 0.7676, 0.815, 0.8516, 0.8633, 0.8643, 0.857, 0.865, 0.8857, 0.88, 0.87, 0.866, 0.856, 0.828, 0.8037, 0.7886, 0.775, 0.7485, 0.752, 0.7603, 0.771, 0.7617, 0.749, 0.747, 0.7417, 0.719, 0.689, 0.6753, 0.6797, 0.686, 0.687, 0.6855, 0.686, 0.6963, 0.7207, 0.739, 0.7373, 0.7324, 0.7393, 0.748, 0.751, 0.761, 0.7627, 0.756, 0.7485, 0.754, 0.78, 0.809, 0.828, 0.8486, 0.8604, 0.8735, 0.8926, 0.91, 0.9346, 0.9707, 0.991, 0.972, 0.949, 0.958, 0.954, 0.9644, 0.949, 0.9043, 0.873, 0.863, 0.8384, 0.782, 0.7495, 0.73, 0.712, 0.701, 0.685, 0.6475, 0.587, 0.5273, 0.4841, 0.455, 0.4248, 0.3794, 0.35, 0.2935, 0.2063, 0.147, 0.1497, 0.1836, 0.1656, 0.1499, 0.2109, 0.257, 0.3535, 0.4412, 0.505, 0.5547, 0.5596, 0.5527, 0.5576, 0.586, 0.617, 0.646, 0.6816, 0.7075, 0.7334, 0.714, 0.7085, 0.6978, 0.687, 0.67, 0.675, 0.711, 0.7563, 0.792
0.9497, 0.8765, 0.8096, 0.729, 0.6655, 0.588, 0.537, 0.512, 0.5137, 0.5103, 0.5234, 0.5713, 0.5938, 0.6035, 0.6206, 0.634, 0.6724, 0.715, 0.7393, 0.7554, 0.7627, 0.756, 0.7563, 0.7393, 0.7305, 0.7334, 0.7363, 0.788, 0.861, 0.9214, 0.956, 0.9717, 0.977, 0.978, 0.969, 0.9556, 0.9585, 0.938, 0.9146, 0.875, 0.814, 0.7715, 0.724, 0.6655, 0.623, 0.6055, 0.603, 0.626, 0.6655, 0.714, 0.7676, 0.8154, 0.8564, 0.878, 0.868, 0.868, 0.877, 0.909, 0.9434, 0.955, 0.9473, 0.9585, 1.009, 1.068, 1.115, 1.151, 1.178, 1.21, 1.225, 1.195, 1.16, 1.131, 1.125, 1.113, 1.096, 1.073, 1.03, 0.999, 0.9497, 0.903, 0.859, 0.8345, 0.8325, 0.839, 0.8564, 0.881, 0.916, 0.952, 1.018, 1.078, 1.123, 1.167, 1.194, 1.211, 1.208, 1.214, 1.234, 1.218, 1.199, 1.196, 1.182, 1.151, 1.113, 1.104, 1.083, 1.05, 1.05, 1.062, 1.086, 1.088, 1.088, 1.082, 1.0625, 1.029, 0.9927, 0.968, 0.961, 0.96, 0.9556, 0.9546, 0.964, 0.974, 1.0, 1.02, 1.02, 1.012, 1.018, 1.029, 1.029, 1.043, 1.039, 1.018, 0.9995, 1.0, 1.027, 1.0625, 1.086, 1.111, 1.12, 1.128, 1.145, 1.156, 1.178, 1.219, 1.215, 1.191, 1.183, 1.183, 1.19, 1.196, 1.173, 1.149, 1.111, 1.101, 1.047, 1.016, 0.983, 0.9473, 0.926, 0.917, 0.9033, 0.868, 0.805, 0.7544, 0.72, 0.702, 0.675, 0.621, 0.5786, 0.509, 0.421, 0.3682, 0.3767, 0.3743, 0.353, 0.3933, 0.4478, 0.5005, 0.6104, 0.737, 0.814, 0.889, 0.877, 0.876, 0.886, 0.9062, 0.947, 0.9673, 1.0, 1.012, 1.045, 1.018, 1.018, 1.016, 0.9946, 0.9634, 0.971, 0.993, 1.004, 1.0
1.212, 1.139, 1.072, 0.997, 0.9146, 0.843, 0.788, 0.7827, 0.7886, 0.789, 0.835, 0.8984, 0.923, 0.932, 0.955, 0.9756, 1.018, 1.061, 1.083, 1.101, 1.086, 1.081, 1.082, 1.0625, 1.047, 1.035, 1.018, 1.054, 1.129, 1.182, 1.213, 1.225, 1.232, 1.235, 1.239, 1.242, 1.25, 1.236, 1.224, 1.197, 1.154, 1.123, 1.086, 1.027, 0.979, 0.9507, 0.9316, 0.95, 0.996, 1.042, 1.098, 1.148, 1.195, 1.217, 1.201, 1.192, 1.213, 1.246, 1.291, 1.305, 1.293, 1.301, 1.363, 1.436, 1.488, 1.517, 1.533, 1.5625, 1.565, 1.531, 1.4795, 1.45, 1.449, 1.447, 1.435, 1.411, 1.377, 1.335, 1.282, 1.237, 1.199, 1.18, 1.184, 1.192, 1.213, 1.244, 1.284, 1.32, 1.382, 1.444, 1.488, 1.53, 1.568, 1.604, 1.609, 1.615, 1.644, 1.631, 1.614, 1.614, 1.601, 1.568, 1.52, 1.508, 1.484, 1.451, 1.455, 1.473, 1.501, 1.498, 1.488, 1.475, 1.438, 1.396, 1.36, 1.342, 1.326, 1.326, 1.321, 1.32, 1.33, 1.346, 1.363, 1.395, 1.395, 1.391, 1.395, 1.402, 1.396, 1.404, 1.396, 1.37, 1.352, 1.362, 1.388, 1.418, 1.434, 1.459, 1.461, 1.469, 1.482, 1.492, 1.508, 1.543, 1.533, 1.527, 1.508, 1.508, 1.493, 1.495, 1.473, 1.455, 1.407, 1.406, 1.389, 1.361, 1.284, 1.253, 1.219, 1.213, 1.206, 1.165, 1.097, 1.05, 1.049, 1.021, 0.995, 0.9316, 0.8877, 0.8105, 0.708, 0.663, 0.6597, 0.659, 0.6807, 0.7036, 0.7637, 0.888, 0.9565, 1.077, 1.165, 1.248, 1.25, 1.235, 1.2705, 1.311, 1.356, 1.38, 1.417, 1.443, 1.466, 1.447, 1.444, 1.439, 1.41, 1.354, 1.326, 1.332, 1.316, 1.299
1.55, 1.478, 1.39, 1.297, 1.22, 1.144, 1.116, 1.123, 1.12, 1.146, 1.216, 1.299, 1.331, 1.357, 1.381, 1.393, 1.4375, 1.495, 1.52, 1.537, 1.528, 1.517, 1.508, 1.482, 1.455, 1.426, 1.399, 1.414, 1.489, 1.533, 1.563, 1.572, 1.575, 1.584, 1.58, 1.596, 1.611, 1.605, 1.595, 1.582, 1.553, 1.535, 1.503, 1.446, 1.396, 1.365, 1.344, 1.361, 1.416, 1.453, 1.497, 1.554, 1.614, 1.6455, 1.625, 1.611, 1.646, 1.684, 1.728, 1.738, 1.727, 1.727, 1.791, 1.892, 1.971, 2.0, 1.994, 2.0, 1.99, 1.957, 1.911, 1.873, 1.872, 1.868, 1.862, 1.864, 1.827, 1.779, 1.73, 1.668, 1.645, 1.627, 1.635, 1.654, 1.686, 1.73, 1.789, 1.832, 1.895, 1.963, 2.0, 2.031, 2.076, 2.13, 2.14, 2.137, 2.152, 2.129, 2.11, 2.105, 2.086, 2.05, 2.004, 1.984, 1.961, 1.934, 1.936, 1.963, 1.996, 1.995, 1.973, 1.934, 1.893, 1.854, 1.829, 1.824, 1.8125, 1.805, 1.793, 1.793, 1.8, 1.822, 1.838, 1.862, 1.868, 1.871, 1.869, 1.867, 1.857, 1.863, 1.859, 1.834, 1.811, 1.825, 1.844, 1.863, 1.867, 1.877, 1.873, 1.889, 1.918, 1.9375, 1.945, 1.955, 1.969, 1.968, 1.915, 1.864, 1.839, 1.847, 1.806, 1.81, 1.779, 1.799, 1.762, 1.733, 1.646, 1.624, 1.58, 1.59, 1.582, 1.521, 1.449, 1.398, 1.42, 1.406, 1.384, 1.33, 1.241, 1.1455, 1.1045, 1.03, 1.035, 1.04, 1.098, 1.101, 1.25, 1.39, 1.454, 1.516, 1.653, 1.732, 1.755, 1.74, 1.784, 1.834, 1.878, 1.889, 1.93, 1.945, 1.928, 1.928, 1.912, 1.907, 1.867, 1.792, 1.744, 1.722, 1.6875, 1.654
2.021, 1.947, 1.836, 1.737, 1.677, 1.626, 1.6, 1.588, 1.613, 1.65, 1.744, 1.838, 1.892, 1.927, 1.954, 1.979, 2.016, 2.062, 2.086, 2.1, 2.098, 2.078, 2.072, 2.047, 1.998, 1.957, 1.92, 1.928, 2.0, 2.037, 2.059, 2.057, 2.055, 2.074, 2.068, 2.092, 2.121, 2.121, 2.113, 2.102, 2.074, 2.066, 2.043, 1.987, 1.951, 1.932, 1.903, 1.926, 1.985, 2.02, 2.06, 2.107, 2.18, 2.213, 2.193, 2.18, 2.219, 2.254, 2.3, 2.31, 2.3, 2.297, 2.354, 2.459, 2.572, 2.611, 2.604, 2.59, 2.564, 2.543, 2.5, 2.469, 2.463, 2.459, 2.463, 2.467, 2.432, 2.39, 2.332, 2.254, 2.244, 2.232, 2.25, 2.29, 2.328, 2.393, 2.459, 2.508, 2.572, 2.637, 2.672, 2.688, 2.727, 2.79, 2.793, 2.773, 2.773, 2.736, 2.703, 2.678, 2.645, 2.604, 2.543, 2.52, 2.51, 2.518, 2.559, 2.605, 2.645, 2.625, 2.594, 2.54, 2.496, 2.457, 2.434, 2.44, 2.438, 2.432, 2.422, 2.426, 2.443, 2.463, 2.469, 2.488, 2.498, 2.506, 2.504, 2.498, 2.484, 2.488, 2.488, 2.457, 2.43, 2.445, 2.455, 2.465, 2.45, 2.45, 2.447, 2.477, 2.527, 2.559, 2.564, 2.57, 2.582, 2.557, 2.498, 2.422, 2.39, 2.352, 2.344, 2.328, 2.342, 2.344, 2.283, 2.232, 2.16, 2.137, 2.111, 2.111, 2.086, 1.994, 1.953, 1.93, 1.953, 1.941, 1.93, 1.862, 1.7705, 1.653, 1.62, 1.59, 1.565, 1.582, 1.6045, 1.671, 1.813, 1.972, 2.068, 2.129, 2.291, 2.379, 2.396, 2.387, 2.436, 2.47, 2.484, 2.502, 2.535, 2.54, 2.488, 2.47, 2.49, 2.455, 2.402, 2.352, 2.297, 2.25, 2.205, 2.139
2.678, 2.568, 2.469, 2.38, 2.316, 2.281, 2.264, 2.246, 2.285, 2.344, 2.451, 2.547, 2.633, 2.688, 2.727, 2.746, 2.781, 2.81, 2.822, 2.84, 2.826, 2.81, 2.809, 2.781, 2.738, 2.7, 2.656, 2.654, 2.7, 2.725, 2.734, 2.723, 2.713, 2.744, 2.732, 2.773, 2.807, 2.809, 2.809, 2.8, 2.781, 2.795, 2.785, 2.734, 2.684, 2.674, 2.664, 2.668, 2.73, 2.771, 2.8, 2.832, 2.887, 2.941, 2.938, 2.926, 2.975, 3.002, 3.05, 3.05, 3.05, 3.045, 3.098, 3.18, 3.293, 3.348, 3.336, 3.328, 3.3, 3.285, 3.258, 3.215, 3.22, 3.223, 3.23, 3.24, 3.2, 3.158, 3.102, 3.02, 3.004, 3.012, 3.033, 3.096, 3.16, 3.23, 3.305, 3.332, 3.398, 3.453, 3.484, 3.496, 3.52, 3.564, 3.559, 3.533, 3.55, 3.512, 3.477, 3.445, 3.41, 3.375, 3.297, 3.285, 3.297, 3.375, 3.46, 3.514, 3.54, 3.496, 3.434, 3.371, 3.324, 3.293, 3.248, 3.238, 3.234, 3.23, 3.23, 3.238, 3.25, 3.275, 3.277, 3.3, 3.305, 3.295, 3.29, 3.285, 3.273, 3.285, 3.29, 3.258, 3.227, 3.246, 3.248, 3.246, 3.227, 3.219, 3.229, 3.256, 3.3, 3.344, 3.34, 3.344, 3.352, 3.314, 3.23, 3.176, 3.102, 3.057, 3.047, 3.055, 3.027, 3.014, 2.94, 2.906, 2.836, 2.828, 2.818, 2.826, 2.805, 2.738, 2.656, 2.646, 2.68, 2.664, 2.639, 2.57, 2.479, 2.375, 2.318, 2.287, 2.299, 2.34, 2.37, 2.424, 2.63, 2.744, 2.877, 2.96, 3.074, 3.129, 3.191, 3.203, 3.236, 3.29, 3.293, 3.295, 3.309, 3.316, 3.264, 3.223, 3.238, 3.186, 3.152, 3.094, 3.04, 2.969, 2.908, 2.818
3.594, 3.475, 3.414, 3.365, 3.293, 3.256, 3.258, 3.254, 3.29, 3.344, 3.469, 3.56, 3.668, 3.717, 3.764, 3.777, 3.805, 3.832, 3.844, 3.87, 3.855, 3.834, 3.82, 3.793, 3.75, 3.748, 3.715, 3.688, 3.72, 3.727, 3.719, 3.71, 3.7, 3.742, 3.738, 3.777, 3.807, 3.814, 3.836, 3.83, 3.824, 3.842, 3.85, 3.812, 3.756, 3.746, 3.758, 3.77, 3.824, 3.863, 3.879, 3.906, 3.941, 4.0, 4.016, 4.004, 4.035, 4.055, 4.113, 4.094, 4.12, 4.117, 4.18, 4.25, 4.35, 4.395, 4.4, 4.38, 4.37, 4.367, 4.36, 4.32, 4.312, 4.33, 4.33, 4.32, 4.305, 4.26, 4.22, 4.14, 4.117, 4.137, 4.17, 4.242, 4.305, 4.38, 4.45, 4.477, 4.51, 4.562, 4.594, 4.625, 4.625, 4.637, 4.633, 4.617, 4.664, 4.65, 4.633, 4.613, 4.594, 4.598, 4.53, 4.54, 4.57, 4.664, 4.766, 4.797, 4.78, 4.727, 4.668, 4.61, 4.555, 4.52, 4.46, 4.43, 4.406, 4.41, 4.4, 4.406, 4.39, 4.406, 4.406, 4.426, 4.43, 4.406, 4.39, 4.39, 4.383, 4.39, 4.4, 4.39, 4.35, 4.36, 4.355, 4.355, 4.336, 4.336, 4.34, 4.35, 4.37, 4.406, 4.41, 4.363, 4.33, 4.312, 4.184, 4.18, 4.094, 4.055, 4.027, 4.06, 4.035, 4.023, 3.969, 3.93, 3.902, 3.918, 3.906, 3.938, 3.898, 3.834, 3.754, 3.72, 3.758, 3.75, 3.73, 3.676, 3.527, 3.451, 3.393, 3.328, 3.367, 3.398, 3.457, 3.547, 3.719, 3.902, 4.0, 4.13, 4.19, 4.207, 4.28, 4.293, 4.293, 4.312, 4.258, 4.258, 4.26, 4.234, 4.2, 4.137, 4.15, 4.09, 4.055, 4.016, 3.957, 3.89, 3.809, 3.707
4.445, 4.42, 4.418, 4.406, 4.383, 4.375, 4.406, 4.42, 4.438, 4.46, 4.53, 4.562, 4.664, 4.688, 4.72, 4.73, 4.746, 4.758, 4.78, 4.797, 4.797, 4.79, 4.78, 4.78, 4.75, 4.76, 4.76, 4.727, 4.773, 4.78, 4.8, 4.785, 4.797, 4.848, 4.832, 4.875, 4.906, 4.92, 4.96, 4.965, 4.977, 4.992, 4.984, 4.977, 4.97, 4.977, 5.016, 5.023, 5.09, 5.11, 5.12, 5.14, 5.176, 5.23, 5.234, 5.21, 5.234, 5.25, 5.31, 5.297, 5.35, 5.36, 5.41, 5.453, 5.5, 5.523, 5.53, 5.527, 5.516, 5.508, 5.523, 5.5, 5.5, 5.523, 5.52, 5.5, 5.49, 5.473, 5.445, 5.406, 5.4, 5.43, 5.47, 5.543, 5.58, 5.63, 5.695, 5.7, 5.72, 5.758, 5.797, 5.85, 5.85, 5.836, 5.836, 5.85, 5.914, 5.918, 5.92, 5.914, 5.9, 5.92, 5.89, 5.914, 5.938, 6.0, 6.043, 6.047, 6.027, 5.99, 5.953, 5.918, 5.88, 5.85, 5.816, 5.797, 5.773, 5.773, 5.742, 5.723, 5.695, 5.7, 5.695, 5.703, 5.707, 5.684, 5.668, 5.67, 5.664, 5.664, 5.676, 5.676, 5.64, 5.637, 5.637, 5.64, 5.617, 5.617, 5.613, 5.62, 5.633, 5.637, 5.594, 5.516, 5.48, 5.42, 5.355, 5.234, 5.246, 5.18, 5.164, 5.19, 5.11, 5.125, 5.133, 5.145, 5.17, 5.203, 5.21, 5.25, 5.234, 5.188, 5.15, 5.15, 5.21, 5.234, 5.26, 5.094, 4.94, 4.707, 4.742, 4.723, 4.72, 4.656, 4.766, 4.83, 4.844, 4.97, 5.03, 5.07, 5.047, 5.098, 5.082, 5.02, 4.992, 4.973, 4.914, 4.883, 4.85, 4.76, 4.71, 4.695, 4.68, 4.656, 4.625, 4.605, 4.562, 4.555, 4.523, 4.492
