-8.695, -8.67, -8.586, -8.555, -8.62, -8.73, -8.875, -9.04, -9.22, -9.44, -9.59, -9.69, -9.766, -9.77, -9.734, -9.62, -9.54, -9.41, -9.19, -8.99, -8.81, -8.63, -8.52, -8.38, -8.22, -8.05, -7.85, -7.746, -7.707, -7.902, -8.086, -8.36, -8.625, -8.836, -8.97, -9.0, -8.95, -8.89, -8.84, -8.734, -8.7, -8.734, -8.74, -8.69, -8.65, -8.53, -8.39, -8.24, -8.164, -8.03, -7.938, -7.9, -7.918, -7.965, -7.93, -7.887, -7.918, -7.93, -7.93, -7.87, -7.836, -7.758, -7.72, -7.68, -7.54, -7.414, -7.176, -7.137, -7.008, -7.164, -7.12, -7.363, -7.484, -7.676, -7.734, -7.82, -7.87, -7.973, -7.953, -7.92, -7.84, -7.793, -7.79, -7.8, -7.84, -7.797, -7.84, -7.906, -8.016, -8.16, -8.34, -8.516, -8.65, -8.805, -8.914, -8.945, -8.99, -8.945, -8.83, -8.695, -8.53, -8.43, -8.39, -8.33, -8.34, -8.47, -8.6, -8.79, -9.14, -9.5, -9.914, -10.3, -10.555, -10.8, -10.98, -11.055, -11.14, -11.03, -10.9, -10.62, -10.34, -9.93, -9.5, -9.17, -8.93, -8.64, -8.555, -8.54, -8.52, -8.52, -8.53, -8.56, -8.445, -8.52, -8.555, -8.6, -8.63, -8.69, -8.85, -8.81, -8.945, -8.87, -8.91, -8.86, -8.945, -8.9, -8.89, -8.84, -8.79, -8.766, -8.836, -8.914, -9.055, -9.125, -9.21, -9.23, -9.27, -9.305, -9.37, -9.45, -9.5, -9.555, -9.53, -9.555, -9.56, -9.58, -9.56, -9.53, -9.48, -9.414, -9.35, -9.32, -9.3, -9.33, -9.37, -9.35, -9.31, -9.29, -9.3, -9.36, -9.375, -9.35, -9.3, -9.26, -9.24, -9.19, -9.086, -9.01, -8.914, -8.86, -8.875, -8.91, -8.84, -8.766, -8.66, -8.46, -8.305, -8.27, -8.375, -8.54
-7.113, -6.99, -6.816, -6.727, -6.93, -7.246, -7.766, -8.36, -8.99, -9.56, -9.984, -10.3, -10.51, -10.625, -10.54, -10.37, -10.09, -9.695, -9.13, -8.44, -7.758, -7.125, -6.59, -6.125, -5.613, -5.094, -4.613, -4.426, -4.566, -5.18, -5.945, -6.875, -7.71, -8.37, -8.72, -8.85, -8.734, -8.51, -8.195, -7.86, -7.61, -7.45, -7.312, -7.086, -6.742, -6.3, -5.81, -5.285, -4.93, -4.715, -4.69, -4.79, -4.99, -5.26, -5.523, -5.68, -5.758, -5.785, -5.75, -5.574, -5.375, -5.156, -4.953, -4.664, -4.254, -3.785, -3.383, -3.223, -3.234, -3.613, -4.094, -4.746, -5.297, -5.74, -6.05, -6.31, -6.418, -6.438, -6.387, -6.324, -6.234, -6.156, -6.1, -6.08, -6.098, -6.215, -6.457, -6.797, -7.2, -7.727, -8.28, -8.84, -9.36, -9.81, -10.17, -10.375, -10.375, -10.27, -10.0, -9.59, -9.13, -8.69, -8.41, -8.4, -8.52, -8.836, -9.445, -10.04, -10.88, -11.71, -12.555, -13.42, -14.17, -14.766, -15.26, -15.53, -15.766, -15.69, -15.24, -14.66, -13.75, -12.49, -11.14, -9.766, -8.59, -7.695, -7.152, -6.926, -6.836, -6.8, -6.71, -6.67, -6.605, -6.68, -6.812, -7.086, -7.344, -7.53, -7.75, -7.84, -7.973, -8.016, -8.08, -8.04, -8.06, -7.95, -7.88, -7.73, -7.67, -7.62, -7.688, -7.793, -8.0, -8.2, -8.44, -8.58, -8.75, -8.9, -9.0, -9.09, -9.164, -9.2, -9.19, -9.16, -9.09, -9.01, -8.89, -8.71, -8.484, -8.305, -8.11, -7.91, -7.79, -7.71, -7.668, -7.637, -7.613, -7.6, -7.684, -7.805, -7.945, -8.02, -8.055, -8.02, -7.93, -7.742, -7.46, -7.19, -6.977, -6.926, -7.035, -7.21, -7.402, -7.465, -7.31, -6.902, -6.535, -6.46, -6.645, -6.96
-4.523, -4.184, -3.889, -3.873, -4.316, -5.074, -6.137, -7.3, -8.484, -9.51, -10.33, -10.88, -11.29, -11.47, -11.45, -11.29, -10.89, -10.305, -9.47, -8.29, -6.93, -5.547, -4.312, -3.248, -2.232, -1.235, -0.4836, -0.3564, -0.9053, -2.068, -3.602, -5.29, -6.777, -7.945, -8.63, -8.85, -8.695, -8.234, -7.613, -6.984, -6.39, -5.82, -5.32, -4.76, -4.09, -3.287, -2.47, -1.744, -1.248, -1.128, -1.392, -1.8125, -2.385, -3.006, -3.535, -3.898, -4.047, -4.008, -3.775, -3.273, -2.67, -2.053, -1.433, -0.698, 0.1544, 0.974, 1.5625, 1.732, 1.361, 0.611, -0.5283, -1.647, -2.707, -3.535, -4.156, -4.566, -4.777, -4.8, -4.734, -4.56, -4.387, -4.285, -4.25, -4.348, -4.52, -4.86, -5.37, -6.055, -6.87, -7.797, -8.74, -9.68, -10.5, -11.22, -11.734, -12.04, -12.11, -11.97, -11.46, -10.625, -9.67, -8.8, -8.14, -7.91, -8.086, -8.67, -9.59, -10.72, -12.01, -13.336, -14.69, -15.984, -17.23, -18.19, -19.1, -19.7, -20.23, -20.3, -20.1, -19.5, -18.25, -16.48, -14.195, -11.66, -9.25, -7.25, -5.824, -5.062, -4.613, -4.453, -4.285, -4.234, -4.195, -4.344, -4.67, -5.152, -5.598, -6.01, -6.305, -6.645, -6.8, -6.97, -6.977, -6.953, -6.867, -6.703, -6.54, -6.273, -6.176, -6.086, -6.117, -6.26, -6.535, -6.9, -7.25, -7.6, -7.85, -8.125, -8.3, -8.414, -8.51, -8.516, -8.445, -8.305, -8.11, -7.875, -7.54, -7.207, -6.867, -6.523, -6.188, -5.91, -5.73, -5.65, -5.625, -5.668, -5.75, -5.89, -6.105, -6.35, -6.594, -6.79, -6.86, -6.824, -6.582, -6.145, -5.574, -5.035, -4.63, -4.547, -4.797, -5.3, -5.785, -6.01, -5.793, -5.168, -4.58, -4.293, -4.406, -4.566
-1.108, -0.541, -0.2522, -0.4258, -1.172, -2.38, -3.984, -5.766, -7.49, -8.95, -10.08, -10.95, -11.52, -11.8, -11.83, -11.7, -11.34, -10.734, -9.77, -8.34, -6.41, -4.27, -2.205, -0.4277, 1.134, 2.566, 3.408, 3.451, 2.455, 0.7573, -1.496, -3.807, -5.938, -7.582, -8.67, -9.125, -9.016, -8.44, -7.504, -6.46, -5.42, -4.37, -3.414, -2.51, -1.536, -0.4465, 0.5215, 1.188, 1.483, 1.274, 0.6577, -0.2035, -1.189, -2.137, -2.916, -3.432, -3.592, -3.398, -2.795, -1.846, -0.669, 0.634, 1.946, 3.26, 4.582, 5.74, 6.383, 6.414, 5.617, 4.36, 2.625, 0.99, -0.579, -1.789, -2.736, -3.305, -3.602, -3.611, -3.504, -3.273, -3.117, -3.027, -3.027, -3.22, -3.564, -4.13, -4.918, -5.883, -6.93, -8.1, -9.27, -10.445, -11.51, -12.336, -12.88, -13.19, -13.305, -13.0, -12.26, -11.016, -9.47, -8.016, -6.895, -6.508, -6.797, -7.633, -8.97, -10.516, -12.27, -14.016, -15.8, -17.45, -19.0, -20.33, -21.4, -22.23, -23.02, -23.34, -23.42, -23.06, -22.11, -20.39, -17.89, -14.5, -10.83, -7.523, -4.97, -3.338, -2.488, -2.115, -1.83, -1.644, -1.611, -1.87, -2.443, -3.043, -3.646, -4.24, -4.707, -5.26, -5.49, -5.812, -5.83, -5.9, -5.754, -5.605, -5.316, -4.992, -4.71, -4.523, -4.47, -4.598, -4.867, -5.32, -5.785, -6.316, -6.688, -7.043, -7.29, -7.434, -7.473, -7.418, -7.242, -6.96, -6.586, -6.203, -5.71, -5.258, -4.797, -4.414, -4.09, -3.867, -3.799, -3.844, -3.982, -4.152, -4.39, -4.703, -5.066, -5.414, -5.723, -5.965, -6.01, -5.8, -5.316, -4.535, -3.582, -2.69, -2.104, -2.043, -2.473, -3.252, -4.082, -4.473, -4.234, -3.469, -2.56, -1.925, -1.693, -1.507
2.818, 3.533, 3.826, 3.43, 2.373, 0.746, -1.359, -3.7, -5.895, -7.85, -9.305, -10.336, -10.99, -11.336, -11.375, -11.266, -10.99, -10.586, -9.8, -8.35, -6.15, -3.463, -0.6655, 1.865, 4.0, 5.77, 6.75, 6.78, 5.492, 3.482, 0.676, -2.162, -4.895, -7.04, -8.555, -9.37, -9.4, -8.836, -7.793, -6.47, -5.0, -3.533, -2.148, -0.89, 0.338, 1.498, 2.408, 2.877, 2.787, 2.22, 1.266, 0.0901, -1.192, -2.398, -3.352, -3.982, -4.156, -3.838, -2.936, -1.506, 0.3413, 2.445, 4.59, 6.598, 8.42, 9.91, 10.586, 10.445, 9.2, 7.383, 5.113, 2.982, 0.9116, -0.6367, -1.809, -2.514, -2.96, -3.037, -2.912, -2.705, -2.584, -2.555, -2.658, -2.906, -3.344, -4.04, -5.008, -6.16, -7.414, -8.734, -10.05, -11.3, -12.35, -13.15, -13.61, -13.78, -13.68, -13.08, -11.85, -10.02, -7.832, -5.914, -4.664, -4.41, -5.09, -6.383, -8.12, -10.08, -12.23, -14.28, -16.31, -18.25, -19.97, -21.52, -22.7, -23.66, -24.38, -24.88, -25.23, -25.08, -24.61, -23.23, -20.92, -17.38, -13.125, -8.67, -4.836, -2.143, -0.5776, 0.2272, 0.6455, 0.925, 0.87, 0.6035, 0.001968, -0.686, -1.427, -2.145, -2.752, -3.406, -3.783, -4.33, -4.473, -4.742, -4.617, -4.56, -4.234, -3.955, -3.549, -3.262, -3.045, -3.094, -3.275, -3.66, -4.17, -4.74, -5.254, -5.684, -5.95, -6.066, -6.06, -5.91, -5.63, -5.223, -4.727, -4.21, -3.684, -3.213, -2.799, -2.46, -2.264, -2.2, -2.312, -2.52, -2.822, -3.15, -3.541, -3.97, -4.426, -4.848, -5.203, -5.38, -5.28, -4.793, -3.943, -2.746, -1.438, -0.2961, 0.3564, 0.3398, -0.2177, -1.205, -2.271, -2.824, -2.615, -1.709, -0.4531, 0.606, 1.315, 1.978
6.85, 7.766, 8.06, 7.652, 6.363, 4.41, 1.828, -0.966, -3.74, -6.184, -8.09, -9.32, -10.04, -10.37, -10.36, -10.19, -9.99, -9.74, -9.17, -7.99, -5.918, -3.055, 0.2493, 3.475, 6.203, 8.336, 9.54, 9.695, 8.46, 6.227, 3.08, -0.2194, -3.455, -6.11, -8.09, -9.28, -9.63, -9.266, -8.28, -6.9, -5.19, -3.443, -1.772, -0.2334, 1.171, 2.285, 3.041, 3.305, 2.924, 2.064, 0.835, -0.5337, -1.971, -3.291, -4.38, -5.133, -5.38, -5.066, -3.918, -1.992, 0.5005, 3.443, 6.457, 9.2, 11.58, 13.32, 14.1, 13.72, 12.09, 9.77, 6.977, 4.37, 1.992, 0.1359, -1.26, -2.096, -2.686, -2.896, -2.889, -2.809, -2.715, -2.709, -2.87, -3.172, -3.686, -4.44, -5.477, -6.715, -8.05, -9.4, -10.71, -11.945, -12.93, -13.6, -13.83, -13.66, -13.12, -12.04, -10.26, -7.73, -5.066, -2.97, -1.948, -2.04, -3.195, -5.043, -7.242, -9.68, -12.11, -14.45, -16.69, -18.72, -20.47, -22.1, -23.38, -24.47, -25.2, -25.66, -25.95, -25.88, -25.55, -24.61, -22.86, -19.72, -15.414, -10.36, -5.438, -1.58, 0.898, 2.357, 3.033, 3.361, 3.398, 3.178, 2.715, 2.057, 1.356, 0.605, -0.0972, -0.913, -1.507, -2.184, -2.637, -3.164, -3.34, -3.469, -3.252, -3.035, -2.662, -2.336, -1.989, -1.833, -1.875, -2.094, -2.514, -3.031, -3.568, -3.982, -4.24, -4.348, -4.29, -4.09, -3.752, -3.281, -2.752, -2.225, -1.728, -1.331, -1.085, -0.9053, -0.893, -0.991, -1.264, -1.624, -2.05, -2.518, -3.01, -3.525, -4.023, -4.44, -4.734, -4.777, -4.465, -3.701, -2.473, -0.918, 0.6606, 1.887, 2.502, 2.385, 1.639, 0.4976, -0.6196, -1.243, -1.017, 0.084, 1.637, 3.168, 4.434, 5.66
10.79, 11.93, 12.375, 11.914, 10.555, 8.28, 5.375, 2.066, -1.2705, -4.207, -6.535, -8.02, -8.836, -9.195, -9.11, -8.88, -8.68, -8.484, -8.15, -7.312, -5.586, -2.875, 0.626, 4.355, 7.63, 10.234, 11.875, 12.23, 11.23, 8.93, 5.633, 1.942, -1.658, -4.76, -7.21, -8.79, -9.54, -9.48, -8.76, -7.453, -5.793, -3.996, -2.188, -0.4863, 0.9517, 1.976, 2.568, 2.639, 2.115, 1.124, -0.1859, -1.641, -3.186, -4.676, -5.965, -6.88, -7.17, -6.734, -5.344, -3.088, 0.0282, 3.732, 7.56, 11.14, 14.06, 16.1, 16.89, 16.28, 14.27, 11.516, 8.375, 5.39, 2.734, 0.6855, -0.879, -1.925, -2.621, -2.998, -3.166, -3.234, -3.227, -3.291, -3.484, -3.781, -4.332, -5.15, -6.207, -7.434, -8.76, -10.09, -11.36, -12.5, -13.32, -13.78, -13.805, -13.29, -12.24, -10.516, -7.98, -4.81, -1.848, 0.1818, 0.768, 0.1675, -1.48, -3.785, -6.367, -9.04, -11.68, -14.234, -16.72, -18.95, -20.86, -22.55, -23.84, -24.88, -25.52, -25.89, -26.11, -26.03, -25.83, -25.2, -23.81, -21.25, -17.16, -12.03, -6.438, -1.625, 1.847, 4.008, 5.066, 5.688, 6.027, 6.09, 5.816, 5.395, 4.85, 4.22, 3.428, 2.592, 1.78, 0.8755, -0.007576, -0.823, -1.455, -1.958, -2.15, -2.156, -1.943, -1.624, -1.239, -0.8423, -0.6914, -0.7124, -0.9263, -1.303, -1.72, -2.021, -2.23, -2.36, -2.295, -2.086, -1.784, -1.352, -0.8643, -0.4292, -0.07434, 0.1791, 0.2627, 0.2778, 0.1195, -0.1376, -0.5547, -1.067, -1.596, -2.14, -2.664, -3.193, -3.682, -4.094, -4.316, -4.15, -3.594, -2.57, -1.094, 0.6743, 2.37, 3.602, 4.098, 3.824, 2.984, 1.869, 0.8164, 0.2517, 0.525, 1.739, 3.645, 5.684, 7.523, 9.24
14.38, 15.8, 16.42, 16.02, 14.67, 12.27, 9.04, 5.28, 1.43, -2.012, -4.793, -6.684, -7.67, -8.055, -7.95, -7.66, -7.4, -7.184, -6.984, -6.42, -5.074, -2.713, 0.657, 4.562, 8.34, 11.52, 13.56, 14.39, 13.77, 11.625, 8.32, 4.406, 0.444, -3.082, -5.902, -7.92, -9.07, -9.33, -8.945, -7.918, -6.45, -4.77, -3.043, -1.411, -0.07825, 0.862, 1.349, 1.309, 0.7695, -0.2063, -1.517, -3.06, -4.723, -6.355, -7.85, -8.96, -9.34, -8.81, -7.2, -4.523, -0.883, 3.498, 8.125, 12.44, 15.93, 18.23, 19.03, 18.22, 15.98, 12.84, 9.49, 6.266, 3.459, 1.159, -0.542, -1.812, -2.635, -3.193, -3.492, -3.67, -3.807, -3.986, -4.273, -4.63, -5.234, -6.098, -7.14, -8.34, -9.67, -10.96, -12.09, -13.086, -13.8, -14.09, -13.82, -12.81, -11.195, -8.8, -5.59, -1.944, 1.161, 2.969, 3.191, 2.146, 0.176, -2.338, -5.223, -8.2, -11.14, -14.03, -16.62, -18.9, -20.89, -22.58, -23.94, -24.95, -25.58, -25.89, -25.98, -25.73, -25.42, -24.92, -23.86, -21.83, -18.34, -13.42, -7.664, -2.053, 2.412, 5.34, 7.043, 8.086, 8.766, 9.234, 9.38, 9.38, 9.055, 8.72, 7.99, 7.312, 6.254, 5.094, 3.75, 2.475, 1.371, 0.345, -0.4312, -0.929, -1.061, -0.943, -0.6465, -0.2246, 0.1722, 0.394, 0.454, 0.3313, 0.1605, 0.02591, -0.115, -0.2017, -0.1877, -0.04318, 0.1489, 0.4482, 0.7646, 1.068, 1.233, 1.304, 1.226, 1.0625, 0.7812, 0.3884, -0.1076, -0.707, -1.317, -1.91, -2.463, -2.996, -3.453, -3.82, -3.94, -3.645, -2.9, -1.679, -0.02338, 1.847, 3.553, 4.76, 5.156, 4.82, 4.035, 3.0, 2.057, 1.585, 1.904, 3.283, 5.453, 7.883, 10.27, 12.46
17.42, 19.14, 20.02, 19.83, 18.39, 15.93, 12.44, 8.36, 4.086, 0.1748, -3.006, -5.227, -6.49, -7.008, -6.973, -6.703, -6.37, -6.08, -5.82, -5.41, -4.414, -2.535, 0.442, 4.28, 8.35, 12.01, 14.67, 16.14, 15.96, 14.16, 10.945, 6.973, 2.824, -1.025, -4.277, -6.66, -8.22, -8.84, -8.79, -8.08, -6.92, -5.535, -4.004, -2.559, -1.393, -0.565, -0.131, -0.1661, -0.6733, -1.593, -2.88, -4.51, -6.33, -8.195, -9.914, -11.17, -11.69, -11.01, -9.055, -5.945, -1.781, 3.191, 8.49, 13.5, 17.47, 20.02, 20.86, 19.86, 17.5, 14.195, 10.77, 7.348, 4.39, 1.808, -0.1345, -1.637, -2.645, -3.408, -3.895, -4.242, -4.52, -4.785, -5.16, -5.594, -6.254, -7.145, -8.14, -9.28, -10.555, -11.734, -12.81, -13.69, -14.2, -14.31, -13.81, -12.51, -10.34, -7.36, -3.582, 0.3254, 3.486, 5.19, 5.223, 3.932, 1.706, -1.076, -4.254, -7.55, -10.62, -13.56, -16.23, -18.62, -20.8, -22.47, -23.89, -24.8, -25.45, -25.69, -25.67, -25.39, -24.98, -24.39, -23.5, -21.77, -18.8, -14.42, -8.734, -2.723, 2.516, 6.355, 8.805, 10.34, 11.5, 12.555, 13.31, 13.84, 13.94, 14.05, 13.58, 12.97, 11.73, 10.445, 8.71, 6.97, 5.15, 3.496, 2.05, 0.927, 0.184, -0.07336, -0.02757, 0.2347, 0.7153, 1.155, 1.514, 1.73, 1.856, 1.887, 1.857, 1.837, 1.798, 1.851, 1.882, 2.014, 2.127, 2.225, 2.207, 2.09, 1.843, 1.505, 1.122, 0.6206, 0.05063, -0.5615, -1.188, -1.777, -2.344, -2.885, -3.336, -3.63, -3.684, -3.322, -2.445, -1.14, 0.603, 2.506, 4.184, 5.324, 5.746, 5.496, 4.855, 4.02, 3.227, 2.824, 3.178, 4.586, 6.906, 9.67, 12.445, 15.1
19.64, 21.7, 22.8, 22.83, 21.53, 19.06, 15.48, 11.22, 6.65, 2.371, -1.228, -3.867, -5.457, -6.188, -6.258, -5.953, -5.496, -5.105, -4.8, -4.492, -3.812, -2.34, 0.1538, 3.652, 7.77, 11.82, 15.13, 17.19, 17.69, 16.39, 13.54, 9.64, 5.457, 1.375, -2.195, -4.953, -6.926, -7.953, -8.266, -7.902, -7.06, -5.977, -4.758, -3.553, -2.555, -1.817, -1.405, -1.406, -1.859, -2.77, -4.137, -5.906, -7.992, -10.1, -11.94, -13.19, -13.57, -12.73, -10.6, -7.145, -2.496, 2.994, 8.89, 14.44, 18.89, 21.64, 22.55, 21.47, 19.08, 15.83, 12.38, 8.74, 5.53, 2.607, 0.3232, -1.488, -2.682, -3.586, -4.227, -4.758, -5.203, -5.64, -6.145, -6.71, -7.43, -8.33, -9.3, -10.41, -11.53, -12.67, -13.65, -14.516, -14.9, -14.87, -14.15, -12.62, -10.1, -6.758, -2.717, 1.419, 4.723, 6.496, 6.586, 5.27, 2.936, 0.02338, -3.25, -6.715, -10.05, -13.1, -15.82, -18.31, -20.48, -22.23, -23.67, -24.6, -25.23, -25.45, -25.2, -24.81, -24.2, -23.5, -22.61, -21.2, -18.8, -14.98, -9.75, -3.61, 2.229, 6.96, 10.336, 12.555, 14.31, 15.95, 17.31, 18.45, 19.25, 19.86, 19.73, 19.3, 18.03, 16.64, 14.555, 12.45, 9.93, 7.645, 5.305, 3.533, 2.043, 1.164, 0.745, 0.76, 1.128, 1.616, 2.207, 2.703, 3.127, 3.389, 3.553, 3.61, 3.518, 3.406, 3.326, 3.24, 3.146, 3.03, 2.863, 2.57, 2.182, 1.729, 1.233, 0.662, 0.05658, -0.541, -1.13, -1.726, -2.271, -2.809, -3.271, -3.521, -3.53, -3.129, -2.238, -0.9263, 0.7754, 2.643, 4.27, 5.4, 5.906, 5.84, 5.45, 4.863, 4.242, 3.91, 4.195, 5.49, 7.79, 10.74, 13.94, 17.0
21.11, 23.52, 24.97, 25.16, 23.98, 21.53, 17.84, 13.42, 8.68, 4.168, 0.316, -2.576, -4.434, -5.414, -5.64, -5.35, -4.88, -4.438, -4.098, -3.75, -3.174, -2.082, -0.1504, 2.867, 6.797, 10.99, 14.85, 17.66, 18.92, 18.25, 15.984, 12.38, 8.3, 4.145, 0.332, -2.838, -5.227, -6.727, -7.418, -7.438, -6.875, -6.055, -5.117, -4.16, -3.299, -2.625, -2.256, -2.29, -2.783, -3.803, -5.32, -7.27, -9.38, -11.516, -13.336, -14.53, -14.805, -13.8, -11.47, -7.688, -2.68, 3.31, 9.58, 15.5, 20.31, 23.3, 24.22, 23.17, 21.05, 17.88, 14.49, 10.62, 7.03, 3.646, 0.9453, -1.225, -2.688, -3.781, -4.574, -5.215, -5.836, -6.45, -7.1, -7.81, -8.58, -9.46, -10.47, -11.55, -12.555, -13.57, -14.47, -15.24, -15.59, -15.48, -14.7, -13.04, -10.414, -6.91, -2.71, 1.475, 4.89, 6.895, 7.26, 6.168, 3.9, 0.9536, -2.455, -6.035, -9.41, -12.54, -15.414, -17.9, -20.08, -21.89, -23.27, -24.28, -24.8, -25.02, -24.83, -24.34, -23.6, -22.72, -21.75, -20.42, -18.33, -15.09, -10.35, -4.43, 1.815, 7.246, 11.47, 14.44, 16.89, 19.12, 21.27, 23.25, 24.73, 25.84, 26.06, 25.9, 24.83, 23.42, 21.1, 18.55, 15.555, 12.555, 9.516, 6.867, 4.625, 2.994, 1.9, 1.419, 1.469, 1.868, 2.566, 3.34, 4.01, 4.516, 4.832, 4.965, 4.863, 4.656, 4.45, 4.176, 3.904, 3.604, 3.262, 2.81, 2.312, 1.8, 1.218, 0.606, -0.01063, -0.584, -1.1045, -1.66, -2.227, -2.781, -3.27, -3.521, -3.479, -3.09, -2.238, -0.9546, 0.659, 2.38, 3.955, 5.12, 5.76, 5.94, 5.81, 5.457, 5.023, 4.75, 4.965, 6.055, 8.26, 11.28, 14.664, 18.05
21.56, 24.27, 25.98, 26.4, 25.47, 23.16, 19.56, 15.164, 10.305, 5.64, 1.6045, -1.516, -3.607, -4.79, -5.145, -4.887, -4.39, -3.89, -3.52, -3.16, -2.717, -1.921, -0.4177, 2.057, 5.63, 9.79, 13.99, 17.45, 19.53, 19.77, 18.14, 15.086, 11.3, 7.15, 3.262, -0.2808, -3.05, -5.094, -6.21, -6.63, -6.465, -5.93, -5.203, -4.395, -3.656, -3.084, -2.818, -2.922, -3.521, -4.633, -6.277, -8.32, -10.445, -12.4, -13.97, -14.9, -14.97, -13.85, -11.414, -7.46, -2.21, 3.996, 10.68, 16.95, 21.97, 25.0, 26.06, 25.22, 23.27, 20.44, 17.03, 12.875, 8.83, 4.92, 1.676, -0.8804, -2.625, -3.854, -4.81, -5.664, -6.395, -7.152, -7.98, -8.83, -9.68, -10.57, -11.55, -12.56, -13.625, -14.59, -15.45, -16.17, -16.55, -16.33, -15.63, -13.945, -11.375, -7.97, -3.762, 0.503, 4.12, 6.43, 7.164, 6.41, 4.47, 1.609, -1.805, -5.402, -8.9, -12.09, -15.0, -17.48, -19.66, -21.58, -23.02, -24.1, -24.62, -24.8, -24.52, -23.89, -22.89, -21.9, -20.84, -19.48, -17.67, -14.82, -10.69, -5.168, 1.073, 7.094, 12.195, 15.98, 19.08, 21.97, 24.81, 27.53, 29.52, 31.25, 32.03, 32.28, 31.4, 30.1, 27.7, 25.03, 21.55, 17.97, 14.266, 10.86, 7.844, 5.418, 3.553, 2.396, 2.01, 2.152, 2.69, 3.557, 4.395, 5.094, 5.55, 5.78, 5.71, 5.508, 5.21, 4.84, 4.418, 3.95, 3.477, 2.916, 2.307, 1.702, 1.087, 0.4895, -0.0971, -0.657, -1.168, -1.683, -2.238, -2.809, -3.305, -3.59, -3.54, -3.158, -2.36, -1.136, 0.3928, 1.997, 3.484, 4.695, 5.516, 5.94, 6.04, 5.895, 5.617, 5.367, 5.46, 6.3, 8.21, 11.04, 14.52, 18.19
21.11, 24.2, 26.16, 26.86, 26.05, 23.92, 20.44, 16.03, 11.19, 6.566, 2.51, -0.6743, -2.865, -4.17, -4.652, -4.543, -4.137, -3.664, -3.252, -2.822, -2.344, -1.687, -0.5234, 1.43, 4.434, 8.28, 12.62, 16.58, 19.55, 20.75, 20.02, 17.67, 14.266, 10.36, 6.414, 2.697, -0.4949, -2.992, -4.676, -5.57, -5.812, -5.637, -5.164, -4.523, -3.932, -3.467, -3.258, -3.457, -4.17, -5.37, -7.023, -8.914, -10.79, -12.414, -13.61, -14.31, -14.2, -13.06, -10.5, -6.406, -1.016, 5.45, 12.305, 18.7, 23.8, 26.81, 28.03, 27.44, 26.0, 23.27, 19.78, 15.41, 10.89, 6.508, 2.69, -0.2983, -2.44, -3.877, -4.97, -5.938, -6.785, -7.73, -8.72, -9.7, -10.6, -11.61, -12.664, -13.695, -14.74, -15.71, -16.62, -17.3, -17.69, -17.48, -16.72, -15.2, -12.72, -9.42, -5.42, -1.191, 2.521, 5.176, 6.375, 6.11, 4.6, 1.975, -1.291, -4.906, -8.42, -11.62, -14.49, -17.11, -19.3, -21.2, -22.72, -23.72, -24.28, -24.5, -24.2, -23.48, -22.58, -21.39, -20.14, -18.67, -16.86, -14.39, -10.86, -5.95, 0.0705, 6.367, 12.195, 16.84, 20.61, 24.17, 27.6, 30.95, 33.7, 35.97, 37.28, 37.8, 37.28, 36.16, 34.0, 31.19, 27.53, 23.58, 19.25, 15.17, 11.42, 8.2, 5.656, 3.768, 2.732, 2.479, 2.79, 3.525, 4.383, 5.168, 5.74, 6.105, 6.113, 5.918, 5.613, 5.188, 4.676, 4.07, 3.445, 2.824, 2.18, 1.529, 0.907, 0.3186, -0.2328, -0.742, -1.219, -1.705, -2.277, -2.87, -3.37, -3.693, -3.682, -3.32, -2.553, -1.399, 0.01354, 1.503, 2.965, 4.24, 5.184, 5.785, 6.08, 6.098, 5.99, 5.812, 5.79, 6.34, 7.85, 10.35, 13.664, 17.44
19.69, 23.0, 25.25, 26.16, 25.64, 23.7, 20.52, 16.28, 11.64, 7.105, 3.076, -0.149, -2.43, -3.812, -4.348, -4.273, -3.883, -3.408, -2.984, -2.586, -2.182, -1.647, -0.7363, 0.819, 3.314, 6.824, 11.06, 15.414, 19.06, 21.25, 21.56, 20.1, 17.3, 13.73, 9.85, 6.008, 2.393, -0.471, -2.717, -4.164, -4.957, -5.168, -5.047, -4.652, -4.18, -3.838, -3.73, -3.998, -4.73, -5.895, -7.367, -8.97, -10.445, -11.66, -12.48, -12.88, -12.6, -11.33, -8.65, -4.527, 0.9976, 7.543, 14.484, 20.81, 25.86, 28.83, 30.2, 29.92, 28.81, 26.25, 22.66, 18.1, 13.164, 8.305, 3.955, 0.5527, -2.02, -3.754, -5.016, -6.043, -7.047, -8.15, -9.28, -10.336, -11.38, -12.51, -13.59, -14.72, -15.836, -16.83, -17.73, -18.4, -18.83, -18.69, -17.88, -16.52, -14.23, -11.16, -7.434, -3.332, 0.5083, 3.568, 5.242, 5.453, 4.395, 2.184, -0.899, -4.46, -7.973, -11.27, -14.15, -16.75, -19.0, -20.88, -22.38, -23.55, -24.19, -24.31, -24.05, -23.34, -22.33, -21.1, -19.58, -18.02, -16.25, -14.06, -10.95, -6.723, -1.105, 5.266, 11.516, 16.92, 21.53, 25.7, 29.56, 33.44, 36.7, 39.38, 41.0, 41.94, 41.75, 40.88, 38.97, 36.34, 32.8, 28.62, 24.06, 19.38, 15.07, 11.21, 8.06, 5.613, 3.906, 3.0, 2.93, 3.443, 4.223, 5.016, 5.68, 6.133, 6.23, 6.05, 5.742, 5.25, 4.72, 4.062, 3.344, 2.68, 1.985, 1.335, 0.7515, 0.2264, -0.291, -0.7695, -1.226, -1.695, -2.277, -2.896, -3.422, -3.781, -3.832, -3.498, -2.771, -1.719, -0.387, 1.07, 2.53, 3.846, 4.867, 5.594, 6.016, 6.184, 6.13, 5.95, 5.883, 6.188, 7.21, 9.23, 12.266, 15.875
17.61, 21.05, 23.47, 24.66, 24.28, 22.6, 19.55, 15.65, 11.28, 7.062, 3.273, 0.2227, -2.043, -3.434, -4.016, -4.055, -3.76, -3.33, -2.908, -2.504, -2.139, -1.705, -0.9653, 0.2937, 2.328, 5.355, 9.36, 13.805, 18.06, 21.2, 22.62, 22.12, 20.1, 17.05, 13.48, 9.59, 5.8, 2.393, -0.3315, -2.398, -3.764, -4.527, -4.746, -4.676, -4.39, -4.156, -4.145, -4.453, -5.11, -6.094, -7.28, -8.46, -9.42, -10.15, -10.64, -10.805, -10.29, -8.83, -6.074, -1.887, 3.652, 10.09, 16.97, 23.12, 27.95, 30.86, 32.38, 32.4, 31.52, 29.08, 25.3, 20.62, 15.32, 10.14, 5.242, 1.371, -1.574, -3.58, -4.92, -6.1, -7.22, -8.37, -9.7, -10.95, -12.164, -13.336, -14.54, -15.766, -16.97, -18.02, -18.98, -19.64, -20.02, -19.9, -19.2, -17.84, -15.7, -12.87, -9.32, -5.348, -1.52, 1.752, 3.967, 4.742, 4.11, 2.166, -0.74, -4.152, -7.6, -10.9, -13.79, -16.31, -18.61, -20.45, -22.1, -23.2, -23.97, -24.19, -24.02, -23.36, -22.3, -21.0, -19.39, -17.67, -15.8, -13.71, -10.98, -7.35, -2.355, 3.58, 10.055, 16.2, 21.61, 26.23, 30.48, 34.66, 38.3, 41.44, 43.47, 44.7, 44.8, 44.34, 42.7, 40.47, 37.12, 33.03, 28.27, 23.3, 18.52, 14.18, 10.54, 7.543, 5.32, 3.953, 3.443, 3.586, 4.207, 4.895, 5.504, 5.957, 6.14, 6.06, 5.83, 5.332, 4.72, 4.016, 3.26, 2.576, 1.886, 1.236, 0.679, 0.208, -0.2434, -0.685, -1.142, -1.654, -2.27, -2.914, -3.46, -3.857, -3.953, -3.629, -2.959, -1.973, -0.7017, 0.712, 2.182, 3.559, 4.64, 5.418, 5.91, 6.13, 6.117, 5.95, 5.78, 5.883, 6.53, 8.01, 10.5, 13.88
15.05, 18.34, 20.89, 22.14, 22.14, 20.64, 18.02, 14.44, 10.55, 6.723, 3.244, 0.363, -1.854, -3.264, -3.88, -3.922, -3.607, -3.17, -2.762, -2.406, -2.164, -1.865, -1.309, -0.3171, 1.376, 4.01, 7.715, 12.15, 16.77, 20.75, 23.28, 23.89, 22.81, 20.39, 17.16, 13.32, 9.46, 5.7, 2.498, -0.2028, -2.18, -3.47, -4.152, -4.445, -4.453, -4.367, -4.406, -4.66, -5.152, -5.88, -6.707, -7.375, -7.832, -8.16, -8.37, -8.26, -7.49, -5.844, -2.98, 1.224, 6.707, 13.05, 19.62, 25.4, 29.92, 32.75, 34.34, 34.7, 33.75, 31.34, 27.5, 22.72, 17.23, 11.766, 6.535, 2.227, -1.043, -3.316, -4.918, -6.21, -7.383, -8.66, -10.055, -11.46, -12.82, -14.16, -15.54, -16.8, -18.14, -19.23, -20.17, -20.84, -21.16, -21.05, -20.39, -19.12, -17.08, -14.35, -10.96, -7.06, -3.2, 0.2712, 2.87, 4.105, 3.879, 2.168, -0.6323, -4.055, -7.43, -10.66, -13.555, -16.05, -18.22, -20.12, -21.8, -23.1, -23.94, -24.31, -24.14, -23.47, -22.44, -20.94, -19.33, -17.55, -15.62, -13.62, -11.195, -8.05, -3.738, 1.751, 8.13, 14.66, 20.64, 25.81, 30.39, 34.75, 38.56, 42.0, 44.28, 45.88, 46.34, 46.16, 44.97, 43.0, 40.03, 36.25, 31.56, 26.5, 21.6, 16.89, 13.05, 9.71, 7.05, 5.203, 4.26, 4.08, 4.406, 4.92, 5.48, 5.914, 6.14, 6.082, 5.863, 5.434, 4.812, 4.07, 3.303, 2.566, 1.889, 1.265, 0.7383, 0.289, -0.1207, -0.5527, -1.028, -1.597, -2.24, -2.918, -3.496, -3.91, -4.05, -3.79, -3.168, -2.227, -1.001, 0.3887, 1.879, 3.326, 4.496, 5.324, 5.816, 6.02, 5.996, 5.816, 5.61, 5.59, 5.902, 6.887, 8.8, 11.67
12.445, 15.5, 17.94, 19.34, 19.33, 18.2, 15.83, 12.805, 9.35, 5.953, 2.857, 0.288, -1.726, -3.037, -3.65, -3.754, -3.52, -3.158, -2.771, -2.42, -2.207, -1.998, -1.602, -0.85, 0.5386, 2.854, 6.16, 10.44, 15.266, 19.88, 23.39, 25.23, 25.11, 23.56, 20.78, 17.22, 13.31, 9.35, 5.668, 2.457, -0.10974, -2.006, -3.22, -3.89, -4.195, -4.293, -4.36, -4.555, -4.93, -5.35, -5.707, -5.88, -5.938, -5.902, -5.727, -5.383, -4.42, -2.5, 0.468, 4.645, 10.01, 16.08, 22.14, 27.6, 31.69, 34.38, 35.97, 36.4, 35.44, 33.0, 29.05, 24.33, 18.64, 12.94, 7.46, 2.828, -0.7627, -3.203, -4.867, -6.207, -7.414, -8.83, -10.42, -12.0, -13.53, -14.99, -16.48, -17.84, -19.2, -20.42, -21.36, -22.02, -22.34, -22.19, -21.52, -20.22, -18.19, -15.45, -12.13, -8.39, -4.51, -0.827, 2.014, 3.578, 3.643, 2.123, -0.567, -3.863, -7.26, -10.4, -13.24, -15.7, -17.88, -19.83, -21.5, -22.81, -23.7, -24.25, -24.11, -23.56, -22.61, -21.27, -19.58, -17.66, -15.63, -13.62, -11.36, -8.695, -5.17, -0.3975, 5.55, 12.07, 18.61, 24.39, 29.58, 34.12, 38.0, 41.5, 44.03, 45.9, 46.78, 46.94, 46.0, 44.47, 41.72, 38.25, 33.75, 28.83, 23.78, 19.14, 15.15, 11.734, 8.9, 6.83, 5.535, 5.023, 5.04, 5.336, 5.727, 6.07, 6.312, 6.297, 6.062, 5.65, 5.023, 4.297, 3.53, 2.793, 2.125, 1.524, 1.026, 0.561, 0.08453, -0.4053, -0.909, -1.507, -2.195, -2.928, -3.553, -3.99, -4.152, -3.967, -3.406, -2.465, -1.218, 0.203, 1.724, 3.219, 4.44, 5.336, 5.832, 5.977, 5.914, 5.703, 5.418, 5.25, 5.383, 5.977, 7.312, 9.56
10.19, 12.73, 14.91, 16.14, 16.31, 15.336, 13.43, 10.94, 8.02, 5.15, 2.438, 0.0844, -1.772, -2.99, -3.582, -3.682, -3.426, -3.025, -2.611, -2.31, -2.174, -2.12, -1.98, -1.497, -0.3901, 1.64, 4.727, 8.88, 13.77, 18.88, 23.3, 26.12, 27.16, 26.4, 24.22, 21.02, 17.16, 13.055, 9.09, 5.367, 2.295, -0.1285, -1.897, -3.006, -3.65, -3.951, -4.09, -4.207, -4.348, -4.484, -4.508, -4.312, -3.93, -3.516, -3.053, -2.385, -1.158, 0.957, 4.066, 8.21, 13.336, 18.95, 24.52, 29.36, 33.06, 35.5, 36.94, 37.28, 36.22, 33.84, 29.86, 25.12, 19.4, 13.68, 8.07, 3.287, -0.4834, -3.059, -4.8, -6.195, -7.527, -9.02, -10.63, -12.28, -13.945, -15.58, -17.27, -18.78, -20.2, -21.39, -22.36, -23.03, -23.31, -23.06, -22.33, -20.83, -18.69, -16.02, -12.77, -9.02, -5.074, -1.328, 1.702, 3.424, 3.553, 2.125, -0.5405, -3.797, -7.14, -10.266, -12.97, -15.484, -17.62, -19.52, -21.19, -22.61, -23.55, -24.22, -24.27, -23.86, -22.9, -21.62, -19.89, -18.0, -15.97, -13.84, -11.695, -9.33, -6.36, -2.37, 2.814, 8.93, 15.63, 22.0, 27.62, 32.44, 36.5, 40.12, 42.84, 44.8, 45.94, 46.3, 45.66, 44.38, 41.88, 38.7, 34.7, 30.08, 25.36, 20.89, 17.12, 13.75, 10.836, 8.59, 7.1, 6.336, 6.086, 6.22, 6.49, 6.73, 6.863, 6.793, 6.52, 6.05, 5.46, 4.797, 4.074, 3.348, 2.67, 2.041, 1.495, 1.002, 0.472, -0.11163, -0.712, -1.374, -2.102, -2.88, -3.562, -4.023, -4.21, -4.066, -3.535, -2.61, -1.325, 0.1661, 1.711, 3.207, 4.457, 5.36, 5.84, 5.918, 5.75, 5.44, 5.137, 4.895, 4.875, 5.19, 6.117, 7.81
8.27, 10.34, 12.086, 13.22, 13.35, 12.66, 11.12, 9.055, 6.66, 4.14, 1.744, -0.2852, -1.856, -2.875, -3.402, -3.512, -3.31, -2.982, -2.62, -2.338, -2.246, -2.246, -2.26, -2.021, -1.154, 0.5854, 3.357, 7.26, 12.13, 17.5, 22.56, 26.47, 28.53, 28.66, 27.23, 24.53, 20.9, 16.72, 12.484, 8.43, 4.883, 1.914, -0.3274, -1.832, -2.787, -3.31, -3.56, -3.682, -3.7, -3.559, -3.225, -2.664, -1.9795, -1.186, -0.3271, 0.6533, 2.115, 4.336, 7.477, 11.53, 16.25, 21.39, 26.28, 30.53, 33.8, 36.03, 37.22, 37.34, 36.16, 33.66, 29.78, 25.05, 19.44, 13.65, 8.03, 3.225, -0.533, -3.078, -4.75, -6.062, -7.434, -9.04, -10.805, -12.68, -14.55, -16.42, -18.16, -19.73, -21.2, -22.48, -23.47, -24.06, -24.28, -23.81, -22.89, -21.23, -19.05, -16.19, -12.9, -9.164, -5.184, -1.384, 1.718, 3.45, 3.467, 2.0, -0.676, -3.906, -7.105, -10.125, -12.74, -15.125, -17.23, -19.17, -20.83, -22.36, -23.42, -24.12, -24.34, -24.16, -23.34, -22.16, -20.48, -18.44, -16.4, -14.21, -12.09, -9.84, -7.293, -4.13, 0.1744, 5.56, 11.78, 18.2, 24.23, 29.64, 34.06, 37.9, 40.66, 42.94, 44.12, 44.66, 44.16, 43.0, 40.72, 37.88, 34.16, 30.12, 25.81, 21.86, 18.44, 15.44, 12.77, 10.62, 9.086, 8.14, 7.633, 7.586, 7.707, 7.793, 7.816, 7.68, 7.316, 6.797, 6.21, 5.574, 4.867, 4.14, 3.45, 2.805, 2.184, 1.564, 0.9404, 0.257, -0.441, -1.185, -1.99, -2.844, -3.566, -4.03, -4.242, -4.117, -3.572, -2.656, -1.356, 0.1816, 1.767, 3.275, 4.55, 5.453, 5.875, 5.855, 5.55, 5.15, 4.734, 4.45, 4.418, 4.58, 5.184, 6.434
6.797, 8.35, 9.74, 10.555, 10.734, 10.16, 9.016, 7.383, 5.41, 3.256, 1.161, -0.6255, -2.008, -2.916, -3.379, -3.467, -3.264, -2.895, -2.502, -2.227, -2.22, -2.387, -2.625, -2.668, -2.098, -0.6064, 1.958, 5.754, 10.62, 16.2, 21.78, 26.36, 29.34, 30.52, 29.89, 27.73, 24.28, 20.23, 15.85, 11.49, 7.535, 4.188, 1.466, -0.481, -1.769, -2.56, -2.95, -3.049, -2.906, -2.596, -2.041, -1.211, -0.1677, 1.004, 2.158, 3.443, 5.2, 7.55, 10.664, 14.36, 18.72, 23.22, 27.39, 31.03, 33.75, 35.6, 36.53, 36.5, 35.2, 32.62, 28.81, 24.12, 18.62, 12.98, 7.56, 2.938, -0.6333, -3.113, -4.777, -6.105, -7.562, -9.18, -11.016, -12.98, -14.99, -17.03, -18.86, -20.58, -22.08, -23.4, -24.28, -24.8, -24.86, -24.27, -23.06, -21.22, -18.83, -15.93, -12.48, -8.66, -4.7, -0.9385, 2.035, 3.645, 3.572, 1.971, -0.7617, -3.928, -7.05, -9.96, -12.586, -14.92, -17.02, -18.92, -20.61, -22.19, -23.34, -24.22, -24.53, -24.42, -23.77, -22.62, -21.0, -19.12, -17.06, -14.76, -12.5, -10.266, -7.973, -5.41, -2.059, 2.375, 7.77, 13.82, 19.86, 25.39, 30.17, 34.2, 37.22, 39.6, 40.78, 41.44, 40.94, 39.9, 37.9, 35.53, 32.4, 29.11, 25.61, 22.3, 19.52, 17.0, 14.71, 12.66, 11.13, 10.125, 9.54, 9.33, 9.28, 9.28, 9.15, 8.94, 8.46, 7.895, 7.293, 6.62, 5.93, 5.215, 4.438, 3.686, 2.941, 2.174, 1.415, 0.6, -0.2186, -1.084, -1.958, -2.828, -3.588, -4.086, -4.32, -4.176, -3.61, -2.67, -1.345, 0.2683, 1.931, 3.502, 4.793, 5.637, 5.977, 5.82, 5.387, 4.867, 4.39, 4.043, 3.963, 4.09, 4.51, 5.434
5.633, 6.77, 7.81, 8.44, 8.62, 8.26, 7.367, 6.016, 4.3, 2.395, 0.5444, -1.04, -2.248, -2.99, -3.312, -3.32, -3.105, -2.762, -2.44, -2.258, -2.314, -2.566, -2.963, -3.193, -2.855, -1.648, 0.68, 4.188, 8.87, 14.52, 20.36, 25.72, 29.55, 31.56, 31.72, 30.12, 27.22, 23.27, 18.84, 14.37, 10.16, 6.348, 3.312, 0.9976, -0.6064, -1.608, -2.209, -2.41, -2.229, -1.798, -1.057, -0.011444, 1.259, 2.777, 4.293, 5.836, 7.723, 10.11, 13.05, 16.48, 20.33, 24.22, 27.81, 30.81, 33.12, 34.56, 35.12, 34.72, 33.22, 30.55, 26.89, 22.3, 17.0, 11.58, 6.45, 2.133, -1.12, -3.34, -4.855, -6.082, -7.48, -9.21, -11.27, -13.44, -15.516, -17.7, -19.56, -21.48, -23.06, -24.33, -25.25, -25.58, -25.38, -24.48, -23.05, -20.98, -18.4, -15.266, -11.67, -7.8, -3.855, -0.215, 2.479, 3.77, 3.502, 1.744, -1.048, -4.125, -7.11, -9.88, -12.35, -14.55, -16.6, -18.55, -20.33, -21.92, -23.16, -24.1, -24.58, -24.61, -24.11, -23.11, -21.64, -19.92, -17.73, -15.375, -13.11, -10.84, -8.66, -6.344, -3.623, -0.2181, 3.996, 9.125, 14.5, 19.88, 24.62, 28.88, 31.95, 34.44, 35.7, 36.44, 36.12, 35.47, 33.9, 32.12, 29.73, 27.27, 24.56, 22.1, 19.98, 18.14, 16.36, 14.67, 13.35, 12.36, 11.7, 11.38, 11.12, 10.95, 10.76, 10.43, 9.96, 9.35, 8.664, 7.934, 7.176, 6.406, 5.574, 4.67, 3.758, 2.799, 1.845, 0.897, -0.0664, -1.066, -2.041, -2.975, -3.738, -4.242, -4.434, -4.25, -3.621, -2.629, -1.258, 0.4219, 2.188, 3.834, 5.133, 5.89, 6.117, 5.812, 5.24, 4.6, 4.047, 3.67, 3.555, 3.645, 3.996, 4.645
4.758, 5.58, 6.38, 6.94, 7.15, 6.863, 6.086, 4.848, 3.324, 1.631, 0.01793, -1.39, -2.438, -3.049, -3.322, -3.312, -3.082, -2.705, -2.363, -2.164, -2.219, -2.582, -3.195, -3.754, -3.754, -2.773, -0.593, 2.797, 7.406, 12.97, 18.98, 24.66, 29.17, 32.06, 32.94, 31.98, 29.4, 25.81, 21.53, 17.02, 12.53, 8.516, 5.113, 2.49, 0.586, -0.696, -1.433, -1.706, -1.562, -1.135, -0.389, 0.7603, 2.205, 3.934, 5.69, 7.5, 9.49, 11.836, 14.6, 17.69, 21.05, 24.22, 27.19, 29.61, 31.4, 32.44, 32.72, 32.0, 30.36, 27.64, 24.03, 19.61, 14.67, 9.73, 5.074, 1.253, -1.604, -3.582, -4.965, -6.2, -7.73, -9.54, -11.664, -13.86, -16.11, -18.27, -20.31, -22.16, -23.73, -24.98, -25.83, -26.0, -25.62, -24.47, -22.73, -20.34, -17.56, -14.24, -10.58, -6.727, -2.848, 0.615, 2.988, 3.902, 3.31, 1.405, -1.338, -4.324, -7.21, -9.87, -12.23, -14.38, -16.39, -18.28, -20.08, -21.72, -23.06, -24.11, -24.73, -24.81, -24.48, -23.75, -22.39, -20.75, -18.53, -16.25, -13.836, -11.47, -9.17, -6.992, -4.727, -1.984, 1.203, 5.29, 9.66, 14.31, 18.56, 22.55, 25.45, 27.89, 29.25, 30.14, 30.16, 29.84, 28.77, 27.72, 26.3, 24.78, 23.16, 21.7, 20.45, 19.33, 18.06, 16.72, 15.51, 14.55, 13.93, 13.59, 13.29, 13.02, 12.74, 12.305, 11.7, 11.0, 10.26, 9.53, 8.664, 7.707, 6.668, 5.574, 4.5, 3.37, 2.217, 1.075, -0.04636, -1.174, -2.203, -3.158, -3.932, -4.426, -4.54, -4.258, -3.57, -2.512, -1.046, 0.696, 2.537, 4.21, 5.48, 6.13, 6.242, 5.812, 5.086, 4.348, 3.725, 3.314, 3.195, 3.252, 3.555, 4.074
4.242, 4.855, 5.496, 5.984, 6.168, 5.875, 5.145, 3.973, 2.553, 1.024, -0.4382, -1.72, -2.602, -3.133, -3.354, -3.285, -3.012, -2.63, -2.303, -2.121, -2.16, -2.531, -3.244, -3.99, -4.277, -3.61, -1.752, 1.467, 5.918, 11.31, 17.27, 23.16, 28.23, 31.61, 33.16, 32.8, 30.86, 27.56, 23.56, 19.11, 14.71, 10.54, 6.87, 3.96, 1.846, 0.3467, -0.65, -1.1045, -1.095, -0.724, -0.008224, 1.117, 2.574, 4.355, 6.273, 8.234, 10.36, 12.625, 15.13, 17.88, 20.72, 23.39, 25.77, 27.66, 28.98, 29.58, 29.55, 28.52, 26.8, 23.98, 20.53, 16.31, 11.85, 7.336, 3.3, 0.05826, -2.297, -3.895, -5.086, -6.34, -7.92, -9.81, -12.12, -14.45, -16.8, -18.98, -21.06, -22.9, -24.5, -25.75, -26.38, -26.44, -25.72, -24.22, -22.1, -19.44, -16.44, -13.03, -9.305, -5.496, -1.78, 1.316, 3.326, 3.898, 3.012, 0.9517, -1.729, -4.57, -7.33, -9.8, -11.99, -14.016, -15.93, -17.88, -19.64, -21.34, -22.77, -23.95, -24.75, -25.11, -24.89, -24.27, -23.08, -21.48, -19.39, -17.17, -14.71, -12.234, -9.8, -7.48, -5.355, -3.076, -0.5625, 2.494, 5.844, 9.51, 12.87, 16.27, 18.77, 21.03, 22.36, 23.47, 23.88, 23.92, 23.66, 23.36, 22.86, 22.25, 21.6, 21.06, 20.62, 20.23, 19.47, 18.6, 17.7, 16.88, 16.38, 15.93, 15.586, 15.22, 14.78, 14.28, 13.6, 12.87, 11.984, 11.07, 10.05, 8.945, 7.707, 6.387, 5.09, 3.77, 2.451, 1.13, -0.102, -1.334, -2.45, -3.39, -4.117, -4.562, -4.61, -4.273, -3.53, -2.37, -0.7905, 1.043, 2.943, 4.625, 5.85, 6.418, 6.4, 5.84, 4.945, 4.074, 3.365, 2.947, 2.855, 2.97, 3.23, 3.691
3.986, 4.51, 5.016, 5.395, 5.508, 5.156, 4.4, 3.25, 1.918, 0.519, -0.818, -1.961, -2.766, -3.262, -3.441, -3.312, -3.0, -2.598, -2.21, -1.941, -1.918, -2.295, -3.113, -4.07, -4.645, -4.254, -2.625, 0.3948, 4.66, 9.91, 15.766, 21.61, 26.8, 30.72, 32.78, 33.06, 31.52, 28.8, 25.06, 20.86, 16.4, 12.22, 8.45, 5.32, 2.918, 1.222, 0.07965, -0.5327, -0.723, -0.5396, 0.02638, 1.034, 2.41, 4.082, 5.99, 8.016, 10.164, 12.39, 14.695, 17.0, 19.34, 21.45, 23.33, 24.73, 25.72, 25.86, 25.53, 24.25, 22.42, 19.6, 16.36, 12.52, 8.58, 4.766, 1.506, -1.064, -2.852, -4.156, -5.312, -6.613, -8.31, -10.35, -12.63, -15.04, -17.47, -19.7, -21.8, -23.69, -25.19, -26.28, -26.75, -26.56, -25.55, -23.77, -21.38, -18.38, -15.13, -11.54, -7.844, -4.17, -0.7695, 1.937, 3.498, 3.652, 2.55, 0.4875, -2.111, -4.82, -7.395, -9.67, -11.74, -13.74, -15.66, -17.55, -19.39, -21.16, -22.66, -23.98, -24.81, -25.2, -25.2, -24.77, -23.8, -22.27, -20.36, -18.11, -15.61, -13.1, -10.555, -8.08, -5.863, -3.66, -1.468, 0.96, 3.412, 6.152, 8.695, 11.37, 13.43, 15.32, 16.61, 17.66, 18.31, 18.8, 19.11, 19.52, 19.72, 19.97, 20.2, 20.56, 21.03, 21.23, 20.95, 20.4, 19.75, 19.06, 18.66, 18.23, 17.84, 17.39, 16.92, 16.33, 15.5, 14.63, 13.61, 12.54, 11.33, 10.0, 8.62, 7.08, 5.52, 4.01, 2.537, 1.099, -0.2634, -1.59, -2.74, -3.666, -4.363, -4.766, -4.773, -4.363, -3.527, -2.246, -0.5293, 1.397, 3.332, 5.02, 6.23, 6.746, 6.58, 5.875, 4.867, 3.855, 3.059, 2.596, 2.51, 2.693, 3.018, 3.469
3.889, 4.375, 4.79, 5.043, 5.016, 4.59, 3.78, 2.668, 1.395, 0.0624, -1.169, -2.203, -2.938, -3.344, -3.465, -3.324, -2.986, -2.541, -2.11, -1.792, -1.724, -2.057, -2.824, -3.828, -4.57, -4.48, -3.12, -0.4177, 3.564, 8.49, 14.055, 19.75, 25.02, 29.03, 31.58, 32.28, 31.38, 29.11, 25.78, 21.89, 17.66, 13.57, 9.75, 6.484, 3.943, 2.049, 0.701, -0.1556, -0.583, -0.5757, -0.1833, 0.5977, 1.779, 3.293, 5.03, 6.938, 8.92, 10.99, 13.11, 15.09, 17.05, 18.61, 20.11, 20.97, 21.53, 21.3, 20.72, 19.25, 17.44, 14.75, 11.87, 8.555, 5.31, 2.246, -0.2458, -2.143, -3.432, -4.484, -5.594, -6.945, -8.76, -10.914, -13.29, -15.68, -18.12, -20.39, -22.47, -24.27, -25.78, -26.72, -27.08, -26.56, -25.23, -23.16, -20.45, -17.25, -13.82, -10.2, -6.566, -3.049, 0.05908, 2.312, 3.426, 3.24, 1.939, -0.1111, -2.572, -5.01, -7.383, -9.54, -11.484, -13.35, -15.234, -17.12, -18.94, -20.73, -22.39, -23.7, -24.78, -25.44, -25.53, -25.23, -24.34, -23.03, -21.25, -19.12, -16.72, -14.06, -11.33, -8.74, -6.36, -4.08, -1.992, 0.142, 2.143, 4.26, 6.215, 8.164, 9.74, 11.234, 12.43, 13.39, 14.27, 15.01, 15.82, 16.61, 17.39, 18.4, 19.27, 20.45, 21.45, 22.05, 22.27, 22.0, 21.62, 21.11, 20.78, 20.45, 19.98, 19.47, 18.89, 18.14, 17.22, 16.31, 15.13, 13.84, 12.46, 10.97, 9.375, 7.69, 5.977, 4.26, 2.592, 0.9766, -0.4897, -1.878, -3.064, -3.988, -4.652, -4.99, -4.92, -4.42, -3.486, -2.088, -0.2642, 1.783, 3.793, 5.46, 6.637, 7.066, 6.777, 5.92, 4.8, 3.691, 2.832, 2.34, 2.223, 2.438, 2.842, 3.35
3.887, 4.355, 4.684, 4.82, 4.64, 4.105, 3.238, 2.139, 0.906, -0.343, -1.465, -2.395, -3.062, -3.428, -3.516, -3.375, -3.021, -2.52, -2.0, -1.604, -1.41, -1.627, -2.324, -3.346, -4.223, -4.34, -3.266, -0.832, 2.836, 7.496, 12.71, 18.12, 23.23, 27.42, 30.14, 31.3, 30.81, 28.98, 26.11, 22.44, 18.47, 14.414, 10.64, 7.336, 4.684, 2.637, 1.18, 0.1575, -0.5005, -0.7583, -0.6167, -0.08307, 0.8228, 2.068, 3.541, 5.215, 6.99, 8.72, 10.55, 12.13, 13.695, 14.81, 15.89, 16.31, 16.56, 16.08, 15.37, 13.86, 12.15, 9.805, 7.414, 4.73, 2.18, 0.03262, -1.638, -2.957, -3.834, -4.77, -5.93, -7.457, -9.34, -11.586, -14.07, -16.48, -18.9, -21.11, -23.2, -24.92, -26.4, -27.19, -27.2, -26.39, -24.73, -22.31, -19.36, -15.98, -12.445, -8.8, -5.26, -1.992, 0.7583, 2.562, 3.232, 2.744, 1.383, -0.599, -2.87, -5.117, -7.266, -9.31, -11.22, -13.03, -14.87, -16.78, -18.67, -20.5, -22.19, -23.66, -24.86, -25.61, -25.88, -25.67, -25.0, -23.83, -22.23, -20.17, -17.88, -15.21, -12.4, -9.64, -7.035, -4.547, -2.312, -0.243, 1.597, 3.312, 4.938, 6.414, 7.785, 8.945, 10.05, 10.85, 11.83, 12.6, 13.59, 14.7, 15.945, 17.3, 18.83, 20.52, 21.98, 23.1, 23.6, 23.58, 23.33, 22.95, 22.67, 22.27, 21.8, 21.28, 20.61, 19.81, 18.67, 17.58, 16.33, 14.875, 13.34, 11.75, 10.03, 8.16, 6.305, 4.45, 2.64, 0.8853, -0.739, -2.21, -3.432, -4.36, -4.965, -5.242, -5.1, -4.496, -3.422, -1.912, -0.0004287, 2.17, 4.242, 5.938, 7.043, 7.375, 6.957, 5.97, 4.74, 3.545, 2.62, 2.104, 1.979, 2.232, 2.73, 3.316
3.865, 4.336, 4.613, 4.645, 4.36, 3.738, 2.809, 1.685, 0.484, -0.6987, -1.7295, -2.58, -3.203, -3.533, -3.582, -3.39, -3.014, -2.506, -1.94, -1.449, -1.112, -1.16, -1.707, -2.588, -3.42, -3.72, -2.959, -0.84, 2.453, 6.66, 11.43, 16.45, 21.34, 25.4, 28.23, 29.61, 29.55, 28.1, 25.64, 22.39, 18.73, 14.95, 11.336, 8.086, 5.355, 3.129, 1.456, 0.2375, -0.6157, -1.078, -1.137, -0.834, -0.2247, 0.6973, 1.813, 3.08, 4.555, 5.914, 7.348, 8.62, 9.77, 10.49, 11.14, 11.22, 11.164, 10.64, 9.87, 8.56, 7.066, 5.184, 3.383, 1.443, -0.276, -1.629, -2.658, -3.459, -4.15, -5.137, -6.39, -8.086, -10.055, -12.31, -14.74, -17.17, -19.56, -21.88, -23.9, -25.55, -26.8, -27.31, -27.2, -26.08, -24.06, -21.36, -18.16, -14.586, -11.03, -7.44, -4.08, -1.13, 1.188, 2.611, 2.924, 2.217, 0.793, -1.082, -3.172, -5.242, -7.2, -9.06, -10.82, -12.555, -14.37, -16.2, -18.1, -19.97, -21.75, -23.4, -24.7, -25.67, -26.14, -26.11, -25.61, -24.6, -23.16, -21.23, -18.95, -16.31, -13.49, -10.59, -7.785, -5.117, -2.664, -0.5312, 1.356, 2.969, 4.56, 5.77, 7.03, 7.97, 8.88, 9.625, 10.55, 11.4, 12.54, 13.805, 15.266, 17.08, 18.94, 20.98, 22.78, 24.06, 24.62, 24.86, 24.66, 24.45, 24.2, 23.86, 23.36, 22.77, 21.94, 20.92, 19.81, 18.61, 17.3, 15.766, 14.08, 12.28, 10.44, 8.51, 6.53, 4.52, 2.576, 0.707, -0.9883, -2.494, -3.754, -4.707, -5.297, -5.5, -5.27, -4.547, -3.324, -1.679, 0.3223, 2.594, 4.73, 6.426, 7.453, 7.67, 7.1, 5.99, 4.637, 3.377, 2.406, 1.878, 1.775, 2.07, 2.637, 3.268
3.814, 4.28, 4.535, 4.477, 4.12, 3.453, 2.51, 1.386, 0.1942, -0.956, -1.963, -2.791, -3.375, -3.662, -3.678, -3.45, -3.02, -2.488, -1.865, -1.27, -0.807, -0.6743, -1.013, -1.719, -2.445, -2.72, -2.16, -0.4087, 2.531, 6.305, 10.65, 15.25, 19.75, 23.53, 26.45, 27.94, 28.17, 27.1, 25.0, 22.16, 18.73, 15.125, 11.625, 8.45, 5.72, 3.443, 1.667, 0.2922, -0.722, -1.399, -1.708, -1.661, -1.352, -0.726, 0.0997, 0.9893, 2.041, 3.033, 4.05, 4.926, 5.723, 6.09, 6.38, 6.28, 6.066, 5.516, 4.785, 3.809, 2.68, 1.409, 0.2041, -0.9463, -1.913, -2.635, -3.152, -3.648, -4.32, -5.38, -6.777, -8.625, -10.77, -13.09, -15.52, -18.02, -20.3, -22.6, -24.56, -26.17, -27.2, -27.52, -27.05, -25.58, -23.36, -20.25, -16.83, -13.22, -9.61, -6.12, -2.918, -0.292, 1.614, 2.578, 2.596, 1.767, 0.3303, -1.429, -3.367, -5.285, -7.066, -8.805, -10.49, -12.125, -13.92, -15.81, -17.75, -19.73, -21.58, -23.3, -24.7, -25.75, -26.4, -26.5, -26.11, -25.25, -23.98, -22.2, -19.94, -17.48, -14.61, -11.65, -8.695, -5.855, -3.232, -0.8525, 1.26, 2.898, 4.59, 5.824, 6.98, 7.793, 8.66, 9.38, 10.2, 11.09, 12.3, 13.67, 15.46, 17.4, 19.56, 21.73, 23.56, 24.83, 25.56, 25.9, 25.8, 25.66, 25.28, 24.86, 24.34, 23.62, 22.83, 21.81, 20.62, 19.34, 17.83, 16.23, 14.5, 12.71, 10.72, 8.65, 6.6, 4.51, 2.523, 0.58, -1.2, -2.78, -4.117, -5.105, -5.66, -5.777, -5.45, -4.62, -3.266, -1.443, 0.722, 3.076, 5.28, 6.97, 7.902, 7.965, 7.234, 5.953, 4.516, 3.186, 2.176, 1.63, 1.569, 1.913, 2.52, 3.19
3.762, 4.234, 4.453, 4.367, 3.953, 3.266, 2.295, 1.173, -0.04657, -1.213, -2.227, -3.035, -3.578, -3.795, -3.742, -3.47, -3.025, -2.48, -1.8545, -1.227, -0.6484, -0.2712, -0.2798, -0.6733, -1.222, -1.475, -1.004, 0.4407, 2.904, 6.223, 10.09, 14.234, 18.27, 21.8, 24.44, 26.06, 26.38, 25.58, 23.8, 21.33, 18.23, 14.99, 11.72, 8.71, 6.04, 3.686, 1.741, 0.1838, -0.9585, -1.795, -2.287, -2.424, -2.307, -1.984, -1.457, -0.895, -0.1969, 0.485, 1.155, 1.679, 2.107, 2.262, 2.242, 2.096, 1.767, 1.32, 0.706, 0.10034, -0.618, -1.266, -1.888, -2.355, -2.736, -2.955, -3.182, -3.66, -4.44, -5.664, -7.336, -9.32, -11.55, -13.92, -16.28, -18.73, -21.08, -23.25, -25.19, -26.56, -27.38, -27.44, -26.69, -24.88, -22.36, -19.02, -15.44, -11.71, -8.07, -4.777, -1.883, 0.453, 2.004, 2.656, 2.41, 1.452, 0.01459, -1.68, -3.465, -5.22, -6.87, -8.45, -10.016, -11.62, -13.36, -15.27, -17.23, -19.17, -21.11, -22.9, -24.45, -25.67, -26.53, -26.83, -26.72, -26.0, -24.88, -23.28, -21.12, -18.61, -15.84, -12.82, -9.75, -6.742, -3.887, -1.324, 1.097, 3.053, 4.816, 6.152, 7.35, 8.18, 9.055, 9.76, 10.65, 11.64, 12.97, 14.44, 16.36, 18.39, 20.62, 22.67, 24.33, 25.61, 26.28, 26.6, 26.5, 26.33, 26.02, 25.55, 24.97, 24.19, 23.27, 22.1, 20.86, 19.5, 17.95, 16.4, 14.625, 12.72, 10.71, 8.62, 6.56, 4.477, 2.436, 0.4182, -1.448, -3.105, -4.504, -5.51, -6.06, -6.098, -5.62, -4.62, -3.104, -1.092, 1.238, 3.705, 5.953, 7.59, 8.375, 8.23, 7.32, 5.887, 4.34, 2.96, 1.943, 1.415, 1.382, 1.757, 2.387, 3.094
3.69, 4.168, 4.367, 4.25, 3.818, 3.092, 2.098, 0.944, -0.2917, -1.47, -2.47, -3.256, -3.777, -3.951, -3.822, -3.477, -2.992, -2.436, -1.84, -1.213, -0.564, -0.00759, 0.314, 0.3022, 0.06244, -0.03848, 0.403, 1.596, 3.666, 6.523, 9.96, 13.59, 17.12, 20.3, 22.78, 24.23, 24.66, 24.02, 22.52, 20.38, 17.58, 14.56, 11.484, 8.6, 6.01, 3.734, 1.793, 0.1434, -1.146, -2.14, -2.836, -3.193, -3.22, -3.084, -2.738, -2.312, -1.886, -1.417, -1.055, -0.7944, -0.6855, -0.6763, -0.9014, -1.042, -1.418, -1.694, -2.088, -2.342, -2.617, -2.771, -2.898, -2.857, -2.85, -2.836, -3.045, -3.615, -4.582, -6.055, -7.92, -9.984, -12.31, -14.734, -17.12, -19.62, -21.98, -24.0, -25.83, -27.02, -27.66, -27.42, -26.23, -24.11, -21.25, -17.72, -13.99, -10.23, -6.625, -3.465, -0.87, 1.153, 2.379, 2.715, 2.293, 1.298, -0.1089, -1.696, -3.334, -4.984, -6.543, -8.016, -9.53, -11.12, -12.89, -14.84, -16.81, -18.86, -20.88, -22.67, -24.28, -25.69, -26.66, -27.1, -27.16, -26.66, -25.62, -24.12, -22.12, -19.72, -17.02, -13.96, -10.91, -7.74, -4.64, -1.845, 0.856, 3.15, 5.117, 6.617, 7.918, 8.94, 9.836, 10.61, 11.68, 12.79, 14.195, 15.8, 17.67, 19.69, 21.8, 23.55, 25.17, 26.1, 26.67, 26.88, 26.88, 26.56, 26.19, 25.53, 24.88, 24.0, 23.08, 22.0, 20.7, 19.3, 17.77, 16.19, 14.414, 12.57, 10.555, 8.5, 6.406, 4.324, 2.264, 0.2047, -1.723, -3.479, -4.945, -5.945, -6.426, -6.402, -5.75, -4.55, -2.875, -0.7217, 1.774, 4.324, 6.57, 8.13, 8.766, 8.445, 7.37, 5.79, 4.13, 2.707, 1.681, 1.197, 1.221, 1.641, 2.28, 3.014
3.64, 4.13, 4.324, 4.18, 3.738, 2.967, 1.936, 0.7373, -0.5103, -1.706, -2.709, -3.475, -3.928, -4.047, -3.861, -3.443, -2.926, -2.385, -1.831, -1.221, -0.5435, 0.1466, 0.771, 1.159, 1.294, 1.38, 1.812, 2.838, 4.574, 6.973, 9.9, 13.08, 16.16, 18.94, 21.1, 22.42, 22.83, 22.36, 21.1, 19.11, 16.66, 13.89, 11.11, 8.41, 5.957, 3.684, 1.693, -0.02567, -1.411, -2.5, -3.262, -3.756, -3.955, -3.922, -3.709, -3.324, -3.018, -2.725, -2.545, -2.44, -2.568, -2.672, -2.992, -3.12, -3.41, -3.512, -3.7, -3.635, -3.549, -3.293, -3.018, -2.64, -2.451, -2.432, -2.777, -3.553, -4.79, -6.49, -8.516, -10.67, -13.086, -15.6, -18.11, -20.56, -22.83, -24.78, -26.34, -27.3, -27.67, -27.08, -25.61, -23.12, -19.97, -16.25, -12.39, -8.57, -5.113, -2.129, 0.2393, 1.892, 2.783, 2.863, 2.262, 1.186, -0.2037, -1.73, -3.252, -4.754, -6.195, -7.57, -8.97, -10.55, -12.26, -14.164, -16.19, -18.28, -20.31, -22.23, -24.03, -25.55, -26.62, -27.33, -27.58, -27.27, -26.48, -25.08, -23.28, -20.97, -18.34, -15.32, -12.12, -8.82, -5.56, -2.432, 0.4653, 3.037, 5.312, 7.137, 8.65, 9.89, 10.93, 11.914, 13.055, 14.25, 15.78, 17.39, 19.3, 21.19, 22.97, 24.45, 25.72, 26.5, 26.86, 26.9, 26.73, 26.38, 25.69, 24.98, 24.34, 23.44, 22.44, 21.33, 20.0, 18.58, 17.12, 15.695, 14.06, 12.3, 10.33, 8.29, 6.21, 4.11, 2.02, -0.1259, -2.156, -3.979, -5.438, -6.43, -6.88, -6.727, -5.902, -4.508, -2.6, -0.2646, 2.393, 5.008, 7.23, 8.695, 9.164, 8.65, 7.38, 5.707, 3.977, 2.512, 1.493, 1.006, 1.063, 1.535, 2.219, 2.965
3.588, 4.086, 4.266, 4.11, 3.625, 2.846, 1.793, 0.567, -0.7085, -1.904, -2.885, -3.61, -3.994, -4.086, -3.865, -3.385, -2.83, -2.287, -1.784, -1.252, -0.632, 0.1074, 0.9478, 1.707, 2.264, 2.674, 3.19, 4.094, 5.55, 7.574, 10.06, 12.75, 15.35, 17.77, 19.62, 20.78, 21.16, 20.83, 19.62, 17.94, 15.67, 13.195, 10.6, 8.055, 5.684, 3.48, 1.5205, -0.2135, -1.643, -2.82, -3.69, -4.2, -4.434, -4.402, -4.21, -3.898, -3.643, -3.45, -3.422, -3.45, -3.72, -3.904, -4.23, -4.348, -4.508, -4.402, -4.316, -3.977, -3.611, -3.059, -2.531, -1.984, -1.799, -1.898, -2.457, -3.473, -4.96, -6.87, -9.07, -11.336, -13.83, -16.34, -18.84, -21.28, -23.52, -25.38, -26.81, -27.66, -27.64, -26.8, -24.83, -22.12, -18.58, -14.75, -10.695, -6.934, -3.582, -0.7944, 1.312, 2.65, 3.225, 3.07, 2.355, 1.243, -0.1285, -1.615, -3.047, -4.426, -5.746, -6.99, -8.32, -9.88, -11.61, -13.64, -15.69, -17.84, -19.97, -22.0, -23.83, -25.44, -26.73, -27.56, -27.9, -27.77, -27.06, -25.92, -24.25, -22.03, -19.53, -16.6, -13.4, -9.945, -6.61, -3.28, -0.09174, 2.783, 5.348, 7.57, 9.375, 10.93, 12.17, 13.41, 14.71, 16.02, 17.64, 19.19, 20.94, 22.5, 23.98, 25.1, 26.08, 26.48, 26.67, 26.47, 26.19, 25.64, 24.9, 24.05, 23.17, 22.25, 21.2, 20.11, 18.9, 17.67, 16.39, 15.04, 13.49, 11.82, 9.98, 8.03, 5.977, 3.873, 1.725, -0.4834, -2.545, -4.44, -5.965, -6.906, -7.266, -6.953, -5.938, -4.39, -2.31, 0.2261, 3.031, 5.75, 7.984, 9.32, 9.625, 8.91, 7.473, 5.664, 3.861, 2.379, 1.351, 0.885, 0.971, 1.463, 2.186, 2.93
3.576, 4.062, 4.215, 4.008, 3.498, 2.695, 1.619, 0.3713, -0.943, -2.11, -3.043, -3.674, -3.98, -4.0, -3.725, -3.25, -2.734, -2.258, -1.814, -1.35, -0.786, -0.04123, 0.9165, 1.942, 2.844, 3.605, 4.355, 5.223, 6.52, 8.2, 10.266, 12.51, 14.71, 16.73, 18.19, 19.27, 19.52, 19.22, 18.17, 16.62, 14.586, 12.34, 9.98, 7.625, 5.387, 3.28, 1.298, -0.471, -1.967, -3.176, -4.008, -4.473, -4.63, -4.574, -4.367, -4.08, -3.865, -3.69, -3.756, -3.94, -4.33, -4.617, -4.91, -5.02, -4.996, -4.727, -4.332, -3.744, -3.094, -2.365, -1.698, -1.17, -1.103, -1.425, -2.215, -3.453, -5.13, -7.195, -9.555, -11.96, -14.59, -17.08, -19.64, -22.02, -24.17, -25.94, -27.2, -27.8, -27.52, -26.28, -24.06, -20.92, -17.23, -13.21, -9.15, -5.402, -2.162, 0.443, 2.324, 3.41, 3.738, 3.395, 2.55, 1.3545, -0.01535, -1.4375, -2.8, -4.082, -5.285, -6.465, -7.758, -9.234, -10.914, -12.875, -14.91, -17.1, -19.25, -21.4, -23.4, -25.17, -26.62, -27.62, -28.22, -28.27, -27.83, -26.8, -25.31, -23.3, -20.81, -17.97, -14.766, -11.31, -7.86, -4.277, -0.901, 2.28, 5.188, 7.79, 9.914, 11.836, 13.33, 14.8, 16.28, 17.72, 19.3, 20.83, 22.34, 23.67, 24.83, 25.53, 26.14, 26.38, 26.25, 25.86, 25.28, 24.55, 23.62, 22.62, 21.67, 20.75, 19.73, 18.69, 17.66, 16.47, 15.32, 14.12, 12.82, 11.336, 9.62, 7.69, 5.656, 3.555, 1.376, -0.8867, -3.027, -4.984, -6.477, -7.316, -7.582, -7.16, -6.02, -4.258, -1.964, 0.7915, 3.71, 6.496, 8.73, 9.98, 10.09, 9.17, 7.547, 5.617, 3.77, 2.281, 1.305, 0.8604, 0.9736, 1.471, 2.18, 2.938
3.59, 4.027, 4.156, 3.918, 3.361, 2.523, 1.406, 0.1378, -1.161, -2.305, -3.18, -3.748, -3.984, -3.902, -3.568, -3.059, -2.559, -2.154, -1.812, -1.477, -1.04, -0.3762, 0.593, 1.803, 3.05, 4.16, 5.21, 6.242, 7.42, 8.95, 10.62, 12.46, 14.234, 15.91, 17.08, 17.89, 18.03, 17.77, 16.75, 15.36, 13.48, 11.46, 9.29, 7.137, 5.027, 2.97, 1.0205, -0.738, -2.258, -3.412, -4.184, -4.61, -4.734, -4.566, -4.273, -3.93, -3.707, -3.617, -3.793, -4.137, -4.645, -5.08, -5.312, -5.39, -5.156, -4.746, -4.074, -3.258, -2.363, -1.525, -0.827, -0.4214, -0.4663, -1.004, -1.993, -3.424, -5.26, -7.453, -9.914, -12.47, -15.14, -17.7, -20.33, -22.66, -24.78, -26.44, -27.5, -27.86, -27.23, -25.66, -23.03, -19.62, -15.695, -11.516, -7.492, -3.748, -0.6914, 1.717, 3.361, 4.168, 4.25, 3.71, 2.75, 1.504, 0.1631, -1.1455, -2.393, -3.574, -4.69, -5.83, -7.113, -8.57, -10.24, -12.19, -14.266, -16.48, -18.7, -20.98, -23.08, -24.97, -26.58, -27.78, -28.48, -28.73, -28.38, -27.58, -26.27, -24.38, -22.17, -19.27, -16.2, -12.69, -9.195, -5.5, -1.915, 1.596, 4.83, 7.703, 10.18, 12.5, 14.35, 16.14, 17.69, 19.31, 20.81, 22.25, 23.5, 24.55, 25.47, 25.84, 26.12, 25.95, 25.61, 24.94, 24.14, 23.16, 22.19, 21.02, 19.97, 18.95, 17.94, 16.95, 16.1, 15.21, 14.266, 13.28, 12.125, 10.74, 9.125, 7.297, 5.324, 3.164, 0.8926, -1.397, -3.559, -5.492, -6.973, -7.8, -7.926, -7.297, -5.96, -3.97, -1.46, 1.468, 4.56, 7.395, 9.55, 10.67, 10.58, 9.5, 7.695, 5.633, 3.701, 2.197, 1.26, 0.8906, 1.05, 1.567, 2.256, 2.99
3.594, 3.98, 4.07, 3.816, 3.227, 2.338, 1.196, -0.10974, -1.398, -2.49, -3.293, -3.787, -3.928, -3.738, -3.357, -2.86, -2.4, -2.043, -1.78, -1.562, -1.249, -0.695, 0.1864, 1.383, 2.838, 4.28, 5.605, 6.906, 8.17, 9.56, 11.016, 12.484, 13.875, 15.19, 16.08, 16.66, 16.67, 16.33, 15.36, 14.07, 12.34, 10.54, 8.58, 6.633, 4.63, 2.646, 0.733, -1.016, -2.521, -3.648, -4.367, -4.65, -4.605, -4.305, -3.928, -3.588, -3.406, -3.479, -3.766, -4.246, -4.824, -5.375, -5.62, -5.67, -5.3, -4.723, -3.785, -2.816, -1.736, -0.822, -0.11865, 0.1923, 0.03854, -0.654, -1.772, -3.389, -5.355, -7.67, -10.24, -12.93, -15.68, -18.36, -20.98, -23.27, -25.3, -26.83, -27.73, -27.75, -26.84, -24.95, -22.0, -18.33, -14.16, -9.92, -5.906, -2.225, 0.72, 2.89, 4.297, 4.87, 4.734, 4.023, 2.955, 1.6875, 0.4038, -0.8447, -2.006, -3.07, -4.098, -5.188, -6.414, -7.83, -9.445, -11.336, -13.44, -15.67, -17.9, -20.33, -22.48, -24.55, -26.33, -27.66, -28.66, -29.06, -28.94, -28.38, -27.23, -25.44, -23.42, -20.64, -17.7, -14.29, -10.65, -6.887, -3.162, 0.566, 4.11, 7.36, 10.19, 12.875, 15.05, 17.08, 18.81, 20.5, 22.08, 23.33, 24.45, 25.23, 25.81, 25.98, 25.88, 25.47, 24.84, 23.89, 22.89, 21.67, 20.5, 19.22, 18.11, 17.1, 16.12, 15.32, 14.62, 13.92, 13.18, 12.31, 11.35, 10.18, 8.695, 6.938, 4.895, 2.656, 0.3994, -1.865, -4.11, -6.08, -7.504, -8.25, -8.25, -7.457, -5.926, -3.732, -0.959, 2.236, 5.41, 8.32, 10.37, 11.36, 11.09, 9.81, 7.906, 5.773, 3.818, 2.283, 1.323, 0.9478, 1.11, 1.641, 2.326, 3.03
3.58, 3.947, 4.01, 3.717, 3.066, 2.12, 0.975, -0.309, -1.572, -2.645, -3.377, -3.773, -3.795, -3.512, -3.05, -2.562, -2.162, -1.894, -1.765, -1.696, -1.546, -1.166, -0.3755, 0.817, 2.334, 4.0, 5.63, 7.16, 8.61, 9.99, 11.305, 12.555, 13.625, 14.63, 15.24, 15.59, 15.45, 14.97, 14.08, 12.88, 11.31, 9.66, 7.863, 6.082, 4.18, 2.268, 0.422, -1.262, -2.748, -3.771, -4.37, -4.55, -4.383, -3.96, -3.469, -3.117, -2.955, -3.191, -3.63, -4.305, -5.0, -5.676, -6.008, -6.03, -5.53, -4.785, -3.691, -2.615, -1.408, -0.3909, 0.3801, 0.692, 0.4912, -0.336, -1.609, -3.39, -5.457, -7.863, -10.516, -13.305, -16.17, -18.92, -21.5, -23.77, -25.72, -27.1, -27.86, -27.73, -26.47, -24.16, -20.89, -16.97, -12.625, -8.37, -4.312, -0.772, 2.02, 3.988, 5.15, 5.473, 5.12, 4.305, 3.213, 1.958, 0.735, -0.4456, -1.558, -2.533, -3.494, -4.508, -5.664, -7.027, -8.625, -10.53, -12.66, -14.94, -17.3, -19.72, -22.08, -24.25, -26.08, -27.58, -28.72, -29.28, -29.44, -29.03, -28.08, -26.48, -24.53, -21.98, -19.08, -15.78, -12.195, -8.38, -4.516, -0.6035, 3.11, 6.69, 9.875, 12.81, 15.35, 17.61, 19.58, 21.33, 22.83, 24.14, 25.03, 25.66, 26.02, 25.94, 25.69, 24.94, 24.0, 22.77, 21.55, 20.12, 18.77, 17.39, 16.17, 15.09, 14.34, 13.66, 13.13, 12.68, 12.125, 11.49, 10.7, 9.56, 8.125, 6.387, 4.383, 2.17, -0.1313, -2.473, -4.676, -6.55, -7.938, -8.664, -8.59, -7.633, -5.87, -3.393, -0.359, 2.994, 6.344, 9.266, 11.28, 12.03, 11.59, 10.17, 8.164, 6.03, 4.09, 2.523, 1.531, 1.106, 1.206, 1.689, 2.348, 3.025
3.61, 3.988, 4.027, 3.686, 2.959, 1.928, 0.715, -0.548, -1.775, -2.785, -3.447, -3.707, -3.59, -3.197, -2.697, -2.23, -1.911, -1.749, -1.747, -1.82, -1.812, -1.607, -0.986, 0.0988, 1.619, 3.379, 5.227, 7.05, 8.71, 10.16, 11.38, 12.45, 13.31, 14.04, 14.445, 14.58, 14.33, 13.78, 12.84, 11.695, 10.33, 8.78, 7.176, 5.523, 3.742, 1.929, 0.1494, -1.528, -2.9, -3.81, -4.332, -4.418, -4.09, -3.52, -2.9, -2.557, -2.486, -2.914, -3.537, -4.375, -5.207, -5.97, -6.402, -6.438, -5.94, -5.133, -3.963, -2.738, -1.418, -0.299, 0.543, 0.858, 0.6084, -0.2808, -1.597, -3.42, -5.555, -8.06, -10.74, -13.63, -16.6, -19.31, -21.92, -24.14, -26.0, -27.33, -27.95, -27.56, -26.03, -23.4, -19.84, -15.6, -11.12, -6.75, -2.799, 0.5767, 3.213, 5.008, 5.91, 5.99, 5.484, 4.61, 3.457, 2.213, 1.068, -0.01524, -1.068, -2.018, -2.947, -3.922, -5.004, -6.285, -7.863, -9.69, -11.78, -14.03, -16.44, -18.92, -21.31, -23.62, -25.66, -27.39, -28.61, -29.4, -29.8, -29.53, -28.8, -27.48, -25.73, -23.38, -20.66, -17.36, -13.87, -10.12, -6.184, -2.174, 1.779, 5.613, 9.16, 12.36, 15.17, 17.69, 19.88, 21.77, 23.3, 24.55, 25.39, 25.84, 26.0, 25.7, 25.11, 24.14, 23.0, 21.6, 20.23, 18.58, 17.05, 15.61, 14.39, 13.37, 12.65, 12.164, 11.78, 11.516, 11.16, 10.69, 9.875, 8.81, 7.473, 5.742, 3.748, 1.521, -0.7754, -3.025, -5.156, -7.02, -8.37, -8.99, -8.805, -7.72, -5.758, -3.055, 0.256, 3.828, 7.3, 10.23, 12.125, 12.76, 12.19, 10.59, 8.51, 6.285, 4.33, 2.766, 1.724, 1.242, 1.284, 1.72, 2.35, 3.025
3.635, 4.023, 4.04, 3.652, 2.883, 1.777, 0.4985, -0.8066, -2.021, -2.99, -3.537, -3.643, -3.365, -2.822, -2.22, -1.753, -1.538, -1.55, -1.736, -1.9795, -2.12, -2.037, -1.562, -0.6167, 0.819, 2.615, 4.56, 6.566, 8.34, 9.914, 11.17, 12.19, 12.93, 13.44, 13.67, 13.63, 13.3, 12.65, 11.75, 10.65, 9.414, 8.04, 6.562, 4.957, 3.277, 1.536, -0.1979, -1.764, -2.98, -3.834, -4.258, -4.176, -3.688, -3.018, -2.342, -2.043, -2.078, -2.613, -3.434, -4.42, -5.42, -6.293, -6.832, -6.883, -6.47, -5.67, -4.52, -3.197, -1.771, -0.566, 0.3242, 0.6934, 0.4617, -0.3616, -1.693, -3.537, -5.684, -8.234, -10.99, -13.875, -16.86, -19.62, -22.31, -24.5, -26.31, -27.52, -27.9, -27.25, -25.52, -22.66, -18.78, -14.36, -9.73, -5.273, -1.34, 1.92, 4.367, 5.89, 6.52, 6.39, 5.78, 4.848, 3.715, 2.527, 1.434, 0.4263, -0.541, -1.411, -2.281, -3.215, -4.305, -5.555, -7.082, -8.87, -10.93, -13.17, -15.61, -18.17, -20.7, -23.14, -25.31, -27.16, -28.6, -29.66, -30.12, -30.19, -29.6, -28.4, -26.8, -24.61, -22.03, -18.94, -15.57, -11.81, -7.87, -3.777, 0.2732, 4.2, 7.977, 11.46, 14.52, 17.39, 19.7, 21.75, 23.33, 24.56, 25.4, 25.81, 25.81, 25.38, 24.58, 23.5, 22.16, 20.55, 18.84, 17.1, 15.39, 13.875, 12.71, 11.8, 11.195, 10.78, 10.54, 10.42, 10.23, 9.805, 9.08, 8.055, 6.65, 4.91, 2.95, 0.7896, -1.414, -3.625, -5.727, -7.496, -8.75, -9.29, -8.99, -7.746, -5.56, -2.562, 0.9487, 4.656, 8.25, 11.125, 13.02, 13.49, 12.766, 11.12, 9.0, 6.754, 4.72, 3.092, 1.924, 1.321, 1.286, 1.687, 2.307, 3.012
3.617, 4.01, 4.027, 3.586, 2.766, 1.624, 0.3022, -1.047, -2.24, -3.14, -3.566, -3.504, -3.057, -2.37, -1.695, -1.246, -1.122, -1.299, -1.687, -2.139, -2.445, -2.49, -2.13, -1.288, 0.03818, 1.8125, 3.777, 5.83, 7.715, 9.33, 10.664, 11.72, 12.41, 12.78, 12.93, 12.8, 12.414, 11.664, 10.84, 9.77, 8.66, 7.37, 5.965, 4.44, 2.834, 1.153, -0.4746, -1.968, -3.129, -3.902, -4.152, -3.879, -3.244, -2.473, -1.787, -1.491, -1.635, -2.275, -3.277, -4.434, -5.6, -6.543, -7.176, -7.33, -7.062, -6.344, -5.273, -3.93, -2.523, -1.258, -0.3254, 0.11584, -0.02061, -0.756, -2.041, -3.818, -5.92, -8.41, -11.17, -14.13, -17.16, -20.0, -22.69, -24.88, -26.62, -27.67, -27.9, -27.08, -25.03, -21.89, -17.75, -13.164, -8.45, -4.0, -0.0982, 3.035, 5.29, 6.6, 7.055, 6.777, 6.094, 5.117, 4.03, 2.934, 1.844, 0.8657, -0.0565, -0.871, -1.649, -2.523, -3.564, -4.78, -6.223, -7.97, -9.99, -12.25, -14.72, -17.34, -19.83, -22.33, -24.6, -26.58, -28.25, -29.48, -30.31, -30.5, -30.12, -29.25, -27.92, -25.97, -23.62, -20.66, -17.3, -13.71, -9.77, -5.7, -1.539, 2.521, 6.46, 10.164, 13.49, 16.55, 19.14, 21.33, 23.03, 24.44, 25.22, 25.53, 25.44, 24.94, 23.97, 22.8, 21.27, 19.5, 17.61, 15.67, 13.92, 12.34, 11.17, 10.26, 9.75, 9.414, 9.35, 9.32, 9.21, 8.805, 8.09, 7.08, 5.676, 4.06, 2.186, 0.11115, -2.049, -4.207, -6.195, -7.91, -9.11, -9.586, -9.13, -7.688, -5.3, -2.12, 1.615, 5.58, 9.23, 12.125, 13.86, 14.23, 13.46, 11.74, 9.6, 7.324, 5.227, 3.48, 2.17, 1.439, 1.282, 1.603, 2.227, 2.967
3.547, 3.953, 3.975, 3.514, 2.65, 1.487, 0.12225, -1.248, -2.398, -3.205, -3.506, -3.266, -2.64, -1.819, -1.08, -0.6826, -0.704, -1.057, -1.644, -2.283, -2.723, -2.838, -2.592, -1.86, -0.657, 0.977, 2.875, 4.95, 6.926, 8.63, 10.0, 11.08, 11.78, 12.08, 12.14, 11.945, 11.55, 10.836, 10.05, 9.055, 8.03, 6.777, 5.438, 3.963, 2.375, 0.7417, -0.8027, -2.207, -3.27, -3.9, -3.957, -3.514, -2.764, -1.872, -1.179, -0.914, -1.177, -1.924, -3.031, -4.31, -5.613, -6.652, -7.434, -7.742, -7.695, -7.125, -6.156, -4.867, -3.53, -2.238, -1.276, -0.741, -0.756, -1.36, -2.506, -4.13, -6.168, -8.64, -11.375, -14.31, -17.36, -20.17, -22.89, -25.16, -26.81, -27.73, -27.8, -26.77, -24.52, -21.16, -16.78, -12.0, -7.14, -2.752, 1.077, 4.06, 6.133, 7.293, 7.56, 7.18, 6.434, 5.4, 4.324, 3.295, 2.238, 1.303, 0.4875, -0.2883, -1.012, -1.808, -2.775, -3.928, -5.312, -7.0, -9.016, -11.3, -13.85, -16.52, -19.11, -21.66, -24.06, -26.2, -28.02, -29.42, -30.34, -30.9, -30.78, -30.19, -29.02, -27.28, -25.11, -22.28, -19.12, -15.586, -11.7, -7.73, -3.477, 0.6494, 4.69, 8.55, 12.04, 15.3, 18.11, 20.45, 22.34, 23.77, 24.6, 25.05, 24.94, 24.39, 23.4, 22.1, 20.4, 18.53, 16.47, 14.47, 12.55, 10.914, 9.7, 8.84, 8.31, 8.1, 8.1, 8.086, 7.973, 7.6, 6.99, 6.02, 4.688, 3.172, 1.358, -0.6074, -2.652, -4.707, -6.668, -8.34, -9.45, -9.805, -9.26, -7.68, -5.06, -1.682, 2.254, 6.348, 10.125, 13.02, 14.76, 15.086, 14.195, 12.484, 10.26, 7.984, 5.805, 3.922, 2.42, 1.514, 1.225, 1.482, 2.113, 2.871
3.445, 3.914, 3.95, 3.451, 2.553, 1.33, -0.068, -1.425, -2.508, -3.191, -3.332, -2.91, -2.107, -1.179, -0.4272, -0.0866, -0.24, -0.7856, -1.565, -2.355, -2.926, -3.13, -2.95, -2.33, -1.256, 0.2588, 2.068, 4.113, 6.113, 7.9, 9.35, 10.44, 11.14, 11.43, 11.45, 11.22, 10.77, 10.11, 9.35, 8.44, 7.445, 6.246, 4.94, 3.47, 1.897, 0.2942, -1.141, -2.408, -3.348, -3.838, -3.719, -3.11, -2.207, -1.205, -0.516, -0.273, -0.616, -1.434, -2.652, -4.066, -5.5, -6.67, -7.57, -8.03, -8.17, -7.793, -7.043, -5.92, -4.664, -3.387, -2.393, -1.759, -1.663, -2.129, -3.1, -4.594, -6.58, -8.99, -11.63, -14.55, -17.47, -20.31, -23.02, -25.33, -26.98, -27.84, -27.67, -26.44, -23.97, -20.4, -15.914, -10.98, -6.055, -1.629, 2.092, 4.953, 6.867, 7.85, 7.945, 7.516, 6.74, 5.72, 4.68, 3.637, 2.639, 1.752, 0.9746, 0.263, -0.4011, -1.131, -2.012, -3.064, -4.395, -6.027, -7.992, -10.3, -12.805, -15.43, -18.14, -20.75, -23.22, -25.5, -27.42, -29.03, -30.27, -31.0, -31.16, -30.81, -29.95, -28.42, -26.47, -23.83, -20.9, -17.44, -13.72, -9.8, -5.617, -1.427, 2.664, 6.723, 10.375, 13.74, 16.77, 19.33, 21.4, 22.92, 23.89, 24.42, 24.31, 23.86, 22.8, 21.5, 19.61, 17.69, 15.45, 13.37, 11.24, 9.58, 8.266, 7.38, 6.9, 6.742, 6.69, 6.68, 6.57, 6.293, 5.727, 4.793, 3.559, 2.156, 0.535, -1.207, -3.158, -5.17, -7.086, -8.69, -9.72, -10.03, -9.39, -7.56, -4.758, -1.208, 2.898, 7.145, 11.03, 14.016, 15.65, 15.99, 15.016, 13.32, 11.055, 8.67, 6.38, 4.312, 2.652, 1.56, 1.106, 1.275, 1.898, 2.703
3.275, 3.832, 3.893, 3.406, 2.486, 1.232, -0.2045, -1.564, -2.588, -3.123, -3.068, -2.46, -1.486, -0.4512, 0.307, 0.5723, 0.276, -0.4492, -1.373, -2.275, -2.979, -3.314, -3.229, -2.7, -1.7295, -0.2988, 1.425, 3.361, 5.336, 7.137, 8.67, 9.78, 10.52, 10.84, 10.85, 10.59, 10.09, 9.44, 8.664, 7.816, 6.84, 5.72, 4.453, 3.021, 1.483, -0.1024, -1.486, -2.625, -3.422, -3.74, -3.426, -2.61, -1.587, -0.543, 0.1626, 0.414, 0.02362, -0.875, -2.207, -3.713, -5.215, -6.52, -7.562, -8.18, -8.49, -8.35, -7.844, -6.902, -5.754, -4.59, -3.623, -2.896, -2.686, -2.994, -3.836, -5.17, -7.01, -9.266, -11.86, -14.63, -17.53, -20.44, -23.11, -25.47, -27.05, -27.94, -27.61, -26.16, -23.4, -19.62, -15.07, -10.07, -5.062, -0.667, 3.037, 5.766, 7.44, 8.26, 8.32, 7.836, 7.023, 5.99, 4.93, 3.916, 3.008, 2.219, 1.518, 0.8706, 0.2499, -0.4048, -1.174, -2.164, -3.465, -5.094, -7.008, -9.29, -11.84, -14.49, -17.23, -19.89, -22.47, -24.9, -27.05, -28.84, -30.27, -31.2, -31.62, -31.48, -30.8, -29.5, -27.75, -25.36, -22.64, -19.3, -15.695, -11.83, -7.72, -3.527, 0.616, 4.703, 8.45, 11.95, 15.164, 17.92, 20.16, 21.84, 23.05, 23.55, 23.64, 23.12, 22.19, 20.78, 18.9, 16.94, 14.61, 12.32, 10.055, 8.27, 6.83, 5.93, 5.387, 5.188, 5.086, 5.1, 5.016, 4.797, 4.266, 3.502, 2.48, 1.205, -0.2385, -1.861, -3.674, -5.566, -7.402, -9.01, -10.04, -10.234, -9.47, -7.582, -4.65, -0.9497, 3.33, 7.73, 11.71, 14.71, 16.42, 16.7, 15.84, 14.09, 11.82, 9.35, 6.96, 4.74, 2.852, 1.555, 0.933, 0.98, 1.559, 2.428
3.021, 3.691, 3.828, 3.361, 2.422, 1.132, -0.3228, -1.676, -2.611, -2.984, -2.736, -1.959, -0.8477, 0.2744, 1.038, 1.246, 0.856, 0.007233, -1.051, -2.07, -2.879, -3.338, -3.365, -2.95, -2.068, -0.737, 0.942, 2.771, 4.65, 6.44, 7.99, 9.14, 9.875, 10.21, 10.28, 10.0, 9.53, 8.85, 8.09, 7.23, 6.277, 5.203, 3.982, 2.578, 1.068, -0.4556, -1.7705, -2.791, -3.469, -3.584, -3.105, -2.162, -1.022, 0.0969, 0.864, 1.091, 0.64, -0.3352, -1.723, -3.271, -4.816, -6.258, -7.4, -8.2, -8.69, -8.805, -8.5, -7.766, -6.82, -5.785, -4.848, -4.094, -3.795, -3.908, -4.605, -5.79, -7.527, -9.65, -12.21, -14.9, -17.62, -20.47, -23.16, -25.55, -27.11, -27.86, -27.4, -25.75, -22.94, -18.92, -14.25, -9.18, -4.21, 0.16, 3.777, 6.363, 7.902, 8.6, 8.59, 8.07, 7.242, 6.254, 5.24, 4.266, 3.385, 2.633, 2.016, 1.474, 0.9155, 0.2969, -0.4202, -1.325, -2.549, -4.125, -6.023, -8.27, -10.766, -13.41, -16.1, -18.81, -21.48, -24.02, -26.28, -28.3, -29.9, -31.06, -31.75, -31.86, -31.42, -30.36, -28.81, -26.69, -24.1, -21.02, -17.56, -13.77, -9.8, -5.688, -1.542, 2.53, 6.434, 10.086, 13.47, 16.36, 18.83, 20.67, 22.02, 22.66, 22.9, 22.53, 21.6, 20.27, 18.4, 16.27, 13.836, 11.38, 9.04, 7.11, 5.566, 4.5, 3.83, 3.537, 3.434, 3.492, 3.443, 3.242, 2.85, 2.256, 1.418, 0.3486, -0.9463, -2.469, -4.18, -6.0, -7.797, -9.336, -10.22, -10.375, -9.55, -7.586, -4.543, -0.706, 3.72, 8.3, 12.375, 15.41, 17.16, 17.44, 16.58, 14.78, 12.54, 10.05, 7.5, 5.125, 3.033, 1.524, 0.7373, 0.6494, 1.169, 2.068
2.693, 3.518, 3.762, 3.32, 2.36, 1.024, -0.433, -1.762, -2.598, -2.791, -2.355, -1.4, -0.1633, 1.022, 1.772, 1.926, 1.462, 0.5312, -0.6084, -1.72, -2.621, -3.201, -3.346, -3.06, -2.281, -1.03, 0.5625, 2.32, 4.105, 5.85, 7.38, 8.516, 9.29, 9.64, 9.75, 9.5, 9.04, 8.35, 7.598, 6.723, 5.75, 4.668, 3.447, 2.084, 0.641, -0.7764, -2.002, -2.943, -3.504, -3.457, -2.87, -1.81, -0.509, 0.7056, 1.508, 1.7, 1.244, 0.2532, -1.114, -2.697, -4.316, -5.844, -7.086, -8.086, -8.79, -9.09, -8.99, -8.484, -7.72, -6.83, -5.977, -5.277, -4.887, -4.867, -5.39, -6.43, -8.02, -10.055, -12.42, -15.08, -17.77, -20.61, -23.25, -25.56, -27.16, -27.88, -27.28, -25.47, -22.4, -18.28, -13.38, -8.29, -3.387, 0.973, 4.453, 6.902, 8.33, 8.93, 8.84, 8.266, 7.43, 6.484, 5.49, 4.574, 3.793, 3.125, 2.572, 2.121, 1.63, 1.081, 0.4238, -0.445, -1.634, -3.19, -5.08, -7.277, -9.75, -12.33, -15.04, -17.86, -20.6, -23.3, -25.7, -27.89, -29.72, -31.06, -31.9, -32.22, -32.03, -31.25, -29.97, -28.08, -25.64, -22.78, -19.48, -15.78, -11.94, -7.855, -3.703, 0.3467, 4.35, 8.13, 11.58, 14.59, 17.23, 19.34, 20.89, 21.73, 22.2, 21.97, 21.23, 19.89, 18.05, 15.76, 13.234, 10.68, 8.28, 6.17, 4.45, 3.2, 2.383, 1.978, 1.838, 1.892, 1.889, 1.812, 1.588, 1.07, 0.407, -0.4614, -1.625, -3.06, -4.703, -6.492, -8.266, -9.695, -10.54, -10.62, -9.71, -7.664, -4.562, -0.563, 3.996, 8.67, 12.84, 15.945, 17.66, 18.03, 17.17, 15.4, 13.1, 10.555, 7.953, 5.418, 3.18, 1.472, 0.4587, 0.2145, 0.6787, 1.611
2.373, 3.328, 3.652, 3.256, 2.29, 0.9487, -0.5176, -1.764, -2.492, -2.533, -1.916, -0.8037, 0.531, 1.772, 2.533, 2.666, 2.17, 1.177, -0.03546, -1.224, -2.225, -2.91, -3.186, -3.002, -2.352, -1.206, 0.2656, 1.914, 3.639, 5.305, 6.84, 7.953, 8.75, 9.14, 9.26, 9.03, 8.55, 7.88, 7.13, 6.293, 5.297, 4.18, 2.947, 1.629, 0.2542, -1.079, -2.252, -3.13, -3.562, -3.414, -2.688, -1.496, -0.07935, 1.22, 2.096, 2.32, 1.918, 0.9204, -0.4407, -2.03, -3.703, -5.316, -6.695, -7.9, -8.71, -9.21, -9.33, -9.01, -8.46, -7.742, -6.977, -6.344, -5.91, -5.85, -6.266, -7.094, -8.53, -10.445, -12.664, -15.21, -17.92, -20.78, -23.36, -25.64, -27.11, -27.67, -27.06, -25.1, -21.89, -17.66, -12.67, -7.504, -2.596, 1.668, 5.047, 7.41, 8.79, 9.305, 9.08, 8.445, 7.61, 6.73, 5.78, 4.91, 4.207, 3.633, 3.17, 2.758, 2.334, 1.851, 1.217, 0.3665, -0.7896, -2.287, -4.094, -6.207, -8.586, -11.17, -13.86, -16.69, -19.47, -22.19, -24.75, -27.05, -29.03, -30.61, -31.73, -32.4, -32.4, -31.88, -30.78, -29.14, -26.95, -24.27, -21.19, -17.72, -13.95, -9.96, -5.88, -1.769, 2.268, 6.133, 9.67, 12.93, 15.766, 18.0, 19.81, 20.92, 21.55, 21.47, 20.88, 19.56, 17.8, 15.484, 12.9, 10.25, 7.72, 5.39, 3.555, 2.09, 1.182, 0.6777, 0.519, 0.532, 0.5747, 0.583, 0.4426, 0.0844, -0.443, -1.171, -2.225, -3.617, -5.223, -7.0, -8.76, -10.09, -10.95, -10.98, -9.984, -7.867, -4.656, -0.544, 4.082, 8.87, 13.1, 16.31, 18.14, 18.53, 17.64, 15.86, 13.56, 10.99, 8.266, 5.6, 3.21, 1.346, 0.1826, -0.2048, 0.1738, 1.149
1.985, 3.1, 3.527, 3.209, 2.238, 0.9014, -0.5435, -1.722, -2.346, -2.262, -1.464, -0.156, 1.302, 2.574, 3.326, 3.443, 2.93, 1.905, 0.639, -0.6235, -1.7295, -2.518, -2.906, -2.81, -2.271, -1.289, 0.06256, 1.588, 3.236, 4.805, 6.3, 7.414, 8.21, 8.65, 8.75, 8.56, 8.11, 7.477, 6.73, 5.875, 4.863, 3.713, 2.457, 1.1455, -0.1807, -1.438, -2.555, -3.34, -3.66, -3.395, -2.525, -1.22, 0.322, 1.7295, 2.701, 2.973, 2.588, 1.589, 0.2585, -1.317, -3.018, -4.71, -6.2, -7.54, -8.56, -9.29, -9.54, -9.445, -9.086, -8.53, -7.887, -7.34, -6.914, -6.824, -7.17, -7.914, -9.16, -10.85, -13.016, -15.36, -18.03, -20.81, -23.47, -25.7, -27.1, -27.52, -26.75, -24.7, -21.36, -17.05, -12.04, -6.805, -1.894, 2.354, 5.65, 7.86, 9.13, 9.555, 9.305, 8.69, 7.87, 6.94, 6.043, 5.266, 4.66, 4.15, 3.74, 3.404, 3.078, 2.635, 2.03, 1.207, 0.0888, -1.348, -3.1, -5.168, -7.51, -10.086, -12.79, -15.57, -18.44, -21.25, -23.95, -26.44, -28.6, -30.38, -31.7, -32.53, -32.8, -32.53, -31.69, -30.31, -28.36, -25.88, -22.94, -19.55, -15.914, -12.055, -8.016, -3.934, 0.1964, 4.098, 7.844, 11.21, 14.234, 16.64, 18.69, 20.05, 20.94, 21.03, 20.64, 19.44, 17.72, 15.445, 12.84, 10.05, 7.402, 4.902, 2.959, 1.414, 0.3972, -0.2505, -0.4275, -0.4663, -0.3928, -0.348, -0.4546, -0.6514, -1.053, -1.757, -2.785, -4.164, -5.844, -7.637, -9.34, -10.67, -11.44, -11.37, -10.39, -8.22, -4.93, -0.6353, 4.12, 8.92, 13.17, 16.45, 18.27, 18.7, 17.84, 16.11, 13.75, 11.125, 8.234, 5.516, 3.092, 1.111, -0.2131, -0.7246, -0.3982, 0.6387
1.448, 2.719, 3.291, 3.096, 2.195, 0.8843, -0.5127, -1.636, -2.182, -1.976, -1.019, 0.4797, 2.105, 3.443, 4.207, 4.27, 3.719, 2.682, 1.404, 0.11115, -1.07, -1.9795, -2.506, -2.535, -2.12, -1.315, -0.11646, 1.265, 2.807, 4.332, 5.758, 6.88, 7.652, 8.09, 8.2, 8.03, 7.645, 7.035, 6.29, 5.406, 4.375, 3.203, 1.935, 0.63, -0.646, -1.867, -2.9, -3.588, -3.777, -3.398, -2.42, -0.9805, 0.6895, 2.219, 3.277, 3.611, 3.242, 2.254, 0.9395, -0.6123, -2.357, -4.105, -5.684, -7.156, -8.38, -9.305, -9.734, -9.82, -9.664, -9.29, -8.8, -8.33, -7.957, -7.824, -8.04, -8.68, -9.805, -11.38, -13.43, -15.72, -18.34, -21.1, -23.64, -25.73, -27.12, -27.44, -26.53, -24.31, -20.92, -16.45, -11.336, -6.062, -1.13, 3.06, 6.22, 8.3, 9.43, 9.766, 9.5, 8.91, 8.11, 7.207, 6.383, 5.73, 5.2, 4.754, 4.426, 4.133, 3.834, 3.412, 2.809, 2.004, 0.929, -0.4045, -2.1, -4.17, -6.465, -8.95, -11.58, -14.34, -17.22, -20.14, -22.9, -25.45, -27.77, -29.73, -31.28, -32.38, -32.97, -32.84, -32.3, -31.11, -29.27, -27.06, -24.31, -21.22, -17.67, -13.88, -9.93, -5.855, -1.741, 2.201, 6.035, 9.54, 12.69, 15.36, 17.62, 19.27, 20.28, 20.69, 20.4, 19.42, 17.8, 15.59, 12.93, 10.11, 7.414, 4.918, 2.885, 1.234, 0.05505, -0.6562, -0.921, -0.9985, -0.9473, -0.899, -0.9673, -1.125, -1.541, -2.303, -3.428, -4.89, -6.64, -8.445, -10.07, -11.43, -12.13, -11.95, -10.87, -8.66, -5.305, -0.996, 3.795, 8.64, 12.99, 16.36, 18.22, 18.7, 17.94, 16.22, 13.76, 11.016, 8.13, 5.35, 2.854, 0.806, -0.6323, -1.258, -1.026, 0.006893
0.8105, 2.209, 2.955, 2.896, 2.1, 0.849, -0.4746, -1.537, -2.0, -1.659, -0.586, 1.038, 2.809, 4.266, 5.082, 5.145, 4.57, 3.562, 2.266, 0.946, -0.2903, -1.308, -1.984, -2.205, -1.975, -1.355, -0.3286, 0.9507, 2.355, 3.83, 5.184, 6.297, 7.074, 7.55, 7.67, 7.54, 7.16, 6.58, 5.805, 4.902, 3.844, 2.645, 1.389, 0.11664, -1.148, -2.318, -3.273, -3.871, -3.922, -3.414, -2.326, -0.7686, 1.044, 2.67, 3.771, 4.164, 3.824, 2.861, 1.558, 0.05264, -1.694, -3.467, -5.13, -6.69, -8.086, -9.16, -9.8, -10.18, -10.22, -10.055, -9.72, -9.31, -8.96, -8.83, -9.01, -9.6, -10.62, -12.07, -13.94, -16.11, -18.56, -21.25, -23.77, -25.84, -27.16, -27.3, -26.2, -23.78, -20.23, -15.664, -10.53, -5.29, -0.3972, 3.693, 6.76, 8.74, 9.8, 10.04, 9.73, 9.1, 8.32, 7.504, 6.773, 6.223, 5.766, 5.42, 5.156, 4.895, 4.574, 4.14, 3.56, 2.787, 1.766, 0.4487, -1.186, -3.18, -5.418, -7.85, -10.484, -13.29, -16.17, -19.11, -21.97, -24.69, -27.16, -29.28, -31.03, -32.3, -33.12, -33.3, -32.9, -31.92, -30.33, -28.33, -25.73, -22.72, -19.38, -15.67, -11.78, -7.727, -3.695, 0.292, 4.176, 7.85, 11.164, 14.055, 16.56, 18.47, 19.77, 20.44, 20.31, 19.61, 18.08, 15.96, 13.39, 10.6, 7.934, 5.5, 3.365, 1.658, 0.4136, -0.335, -0.7583, -0.9277, -0.9736, -1.004, -1.144, -1.411, -1.98, -2.883, -4.168, -5.77, -7.617, -9.47, -11.15, -12.414, -12.99, -12.695, -11.43, -9.09, -5.707, -1.416, 3.379, 8.26, 12.7, 15.97, 17.97, 18.45, 17.73, 15.99, 13.56, 10.72, 7.707, 4.89, 2.395, 0.3347, -1.172, -1.862, -1.693, -0.669
0.1282, 1.6455, 2.564, 2.65, 1.981, 0.8125, -0.462, -1.465, -1.859, -1.417, -0.1857, 1.558, 3.443, 5.008, 5.9, 6.01, 5.465, 4.49, 3.219, 1.845, 0.5093, -0.6157, -1.425, -1.845, -1.833, -1.413, -0.5947, 0.5786, 1.922, 3.318, 4.613, 5.715, 6.527, 7.02, 7.15, 7.03, 6.664, 6.074, 5.3, 4.395, 3.275, 2.076, 0.8223, -0.473, -1.724, -2.826, -3.672, -4.13, -4.047, -3.395, -2.193, -0.5347, 1.339, 3.006, 4.137, 4.547, 4.234, 3.37, 2.11, 0.6304, -1.07, -2.826, -4.574, -6.227, -7.715, -8.94, -9.89, -10.52, -10.81, -10.805, -10.62, -10.32, -10.02, -9.945, -10.15, -10.62, -11.5, -12.82, -14.58, -16.66, -19.0, -21.55, -23.98, -25.95, -27.11, -27.11, -25.89, -23.34, -19.61, -14.875, -9.67, -4.39, 0.3762, 4.31, 7.277, 9.18, 10.13, 10.305, 9.91, 9.27, 8.51, 7.78, 7.195, 6.734, 6.395, 6.133, 5.902, 5.66, 5.355, 4.92, 4.36, 3.602, 2.57, 1.257, -0.35, -2.219, -4.36, -6.76, -9.35, -12.15, -14.95, -17.94, -20.83, -23.53, -26.11, -28.36, -30.23, -31.78, -32.72, -33.22, -33.0, -32.34, -30.95, -29.2, -26.8, -24.02, -20.84, -17.31, -13.52, -9.52, -5.543, -1.478, 2.455, 6.246, 9.766, 12.87, 15.555, 17.7, 19.22, 20.08, 20.33, 19.81, 18.44, 16.56, 14.195, 11.54, 8.984, 6.613, 4.508, 2.799, 1.465, 0.5957, -0.02538, -0.3032, -0.517, -0.7236, -1.009, -1.508, -2.28, -3.504, -5.06, -6.863, -8.84, -10.805, -12.5, -13.6, -14.06, -13.64, -12.164, -9.695, -6.297, -1.979, 2.848, 7.746, 12.1, 15.49, 17.47, 18.03, 17.31, 15.555, 13.1, 10.15, 7.133, 4.227, 1.686, -0.3618, -1.8545, -2.604, -2.469, -1.431
-0.583, 1.045, 2.117, 2.371, 1.845, 0.7676, -0.442, -1.384, -1.729, -1.243, 0.08154, 1.96, 3.984, 5.65, 6.64, 6.836, 6.35, 5.39, 4.16, 2.781, 1.371, 0.1537, -0.806, -1.45, -1.677, -1.455, -0.8335, 0.1786, 1.446, 2.77, 4.01, 5.12, 5.95, 6.45, 6.59, 6.492, 6.094, 5.51, 4.75, 3.816, 2.684, 1.471, 0.1858, -1.104, -2.336, -3.363, -4.09, -4.418, -4.227, -3.453, -2.13, -0.3677, 1.544, 3.217, 4.363, 4.83, 4.574, 3.793, 2.568, 1.096, -0.5347, -2.242, -4.027, -5.72, -7.28, -8.66, -9.82, -10.67, -11.24, -11.45, -11.5, -11.4, -11.17, -11.05, -11.23, -11.586, -12.43, -13.625, -15.305, -17.19, -19.48, -21.86, -24.11, -25.94, -27.0, -26.84, -25.34, -22.55, -18.61, -13.84, -8.65, -3.426, 1.251, 5.094, 7.914, 9.65, 10.51, 10.586, 10.18, 9.516, 8.78, 8.164, 7.676, 7.32, 7.086, 6.906, 6.684, 6.414, 6.08, 5.62, 5.06, 4.285, 3.27, 1.995, 0.4456, -1.383, -3.422, -5.742, -8.25, -10.984, -13.85, -16.8, -19.72, -22.58, -25.23, -27.67, -29.77, -31.48, -32.6, -33.25, -33.3, -32.84, -31.73, -30.16, -28.0, -25.38, -22.23, -18.89, -15.23, -11.28, -7.375, -3.232, 0.6953, 4.59, 8.24, 11.54, 14.39, 16.89, 18.67, 19.9, 20.33, 20.14, 19.08, 17.5, 15.305, 12.91, 10.51, 8.18, 6.21, 4.58, 3.172, 2.156, 1.39, 0.886, 0.412, -0.10455, -0.655, -1.544, -2.686, -4.258, -6.13, -8.17, -10.305, -12.32, -13.99, -14.984, -15.31, -14.64, -13.016, -10.41, -6.918, -2.62, 2.205, 7.08, 11.39, 14.76, 16.72, 17.33, 16.56, 14.81, 12.195, 9.23, 6.137, 3.172, 0.671, -1.299, -2.697, -3.402, -3.254, -2.234
-1.32, 0.4236, 1.627, 2.03, 1.66, 0.6885, -0.4382, -1.313, -1.6, -1.069, 0.2925, 2.26, 4.4, 6.188, 7.285, 7.605, 7.19, 6.28, 5.043, 3.682, 2.256, 0.9717, -0.11755, -0.9575, -1.413, -1.399, -0.9863, -0.179, 0.9336, 2.172, 3.35, 4.426, 5.254, 5.797, 5.99, 5.91, 5.53, 4.95, 4.168, 3.232, 2.096, 0.821, -0.47, -1.757, -2.955, -3.93, -4.56, -4.754, -4.45, -3.566, -2.148, -0.3167, 1.606, 3.316, 4.523, 5.01, 4.805, 4.062, 2.9, 1.504, -0.0472, -1.698, -3.473, -5.17, -6.848, -8.35, -9.68, -10.766, -11.61, -12.086, -12.305, -12.36, -12.25, -12.24, -12.43, -12.78, -13.516, -14.62, -16.14, -17.95, -20.14, -22.36, -24.48, -26.16, -26.95, -26.66, -24.89, -21.84, -17.69, -12.77, -7.504, -2.328, 2.229, 5.96, 8.58, 10.125, 10.85, 10.87, 10.414, 9.82, 9.15, 8.64, 8.305, 8.06, 7.883, 7.71, 7.523, 7.246, 6.87, 6.344, 5.703, 4.9, 3.832, 2.605, 1.121, -0.631, -2.574, -4.75, -7.12, -9.766, -12.58, -15.5, -18.42, -21.3, -24.08, -26.61, -28.81, -30.7, -32.0, -32.84, -33.12, -32.9, -32.0, -30.67, -28.64, -26.28, -23.4, -20.2, -16.73, -12.87, -8.95, -4.934, -0.9297, 3.057, 6.805, 10.35, 13.39, 16.05, 18.11, 19.64, 20.38, 20.52, 19.8, 18.48, 16.58, 14.484, 12.375, 10.36, 8.52, 6.895, 5.504, 4.35, 3.338, 2.51, 1.693, 0.8413, -0.1576, -1.447, -2.994, -4.984, -7.203, -9.61, -12.0, -14.016, -15.625, -16.44, -16.6, -15.72, -13.97, -11.336, -7.742, -3.361, 1.452, 6.215, 10.516, 13.78, 15.77, 16.28, 15.56, 13.71, 11.05, 7.973, 4.844, 1.8955, -0.573, -2.46, -3.744, -4.363, -4.164, -3.096
-2.13, -0.2434, 1.114, 1.682, 1.45, 0.594, -0.4707, -1.282, -1.504, -0.918, 0.4993, 2.516, 4.723, 6.645, 7.848, 8.24, 7.902, 7.05, 5.88, 4.555, 3.174, 1.825, 0.618, -0.3733, -1.049, -1.268, -1.053, -0.433, 0.488, 1.609, 2.705, 3.738, 4.56, 5.113, 5.363, 5.305, 4.977, 4.387, 3.607, 2.656, 1.506, 0.1859, -1.128, -2.406, -3.58, -4.504, -5.03, -5.098, -4.67, -3.701, -2.207, -0.3125, 1.628, 3.352, 4.582, 5.113, 4.957, 4.246, 3.145, 1.809, 0.3171, -1.277, -2.977, -4.707, -6.44, -8.04, -9.54, -10.84, -11.85, -12.58, -13.086, -13.3, -13.4, -13.47, -13.64, -14.016, -14.67, -15.68, -17.05, -18.7, -20.73, -22.83, -24.75, -26.28, -26.83, -26.23, -24.23, -20.92, -16.47, -11.41, -6.137, -1.133, 3.264, 6.793, 9.26, 10.67, 11.28, 11.2, 10.8, 10.25, 9.734, 9.31, 9.07, 8.94, 8.84, 8.68, 8.45, 8.1, 7.617, 7.016, 6.324, 5.47, 4.375, 3.14, 1.714, 0.0656, -1.755, -3.793, -6.1, -8.664, -11.44, -14.28, -17.22, -20.17, -23.06, -25.72, -28.1, -30.11, -31.6, -32.66, -33.06, -33.0, -32.3, -31.14, -29.42, -27.23, -24.55, -21.5, -18.08, -14.4, -10.56, -6.547, -2.568, 1.466, 5.336, 9.05, 12.26, 15.13, 17.45, 19.3, 20.42, 20.84, 20.48, 19.56, 18.12, 16.42, 14.56, 12.82, 11.17, 9.63, 8.18, 6.867, 5.637, 4.473, 3.262, 1.984, 0.5225, -1.22, -3.209, -5.703, -8.41, -11.086, -13.56, -15.695, -17.17, -17.89, -17.75, -16.73, -14.75, -11.984, -8.38, -4.06, 0.6294, 5.293, 9.46, 12.625, 14.516, 15.0, 14.13, 12.22, 9.52, 6.43, 3.277, 0.3604, -2.11, -3.912, -5.04, -5.492, -5.164, -3.965
-3.0, -0.9707, 0.566, 1.274, 1.181, 0.4744, -0.4731, -1.205, -1.38, -0.7876, 0.6475, 2.713, 4.945, 6.94, 8.266, 8.75, 8.51, 7.75, 6.65, 5.363, 4.004, 2.64, 1.36, 0.2568, -0.5967, -1.051, -1.048, -0.629, 0.0946, 1.0625, 2.076, 3.037, 3.836, 4.402, 4.67, 4.645, 4.36, 3.8, 3.027, 2.055, 0.8887, -0.43, -1.756, -3.021, -4.14, -5.01, -5.45, -5.418, -4.887, -3.8, -2.219, -0.2947, 1.644, 3.352, 4.562, 5.098, 4.992, 4.324, 3.283, 2.018, 0.6104, -0.9214, -2.557, -4.25, -6.03, -7.746, -9.41, -10.9, -12.09, -13.11, -13.805, -14.15, -14.43, -14.64, -14.87, -15.16, -15.875, -16.73, -18.02, -19.58, -21.44, -23.42, -25.16, -26.42, -26.69, -25.84, -23.47, -19.9, -15.266, -10.09, -4.773, 0.1646, 4.438, 7.805, 10.07, 11.33, 11.81, 11.67, 11.25, 10.76, 10.38, 10.1, 9.96, 9.89, 9.82, 9.664, 9.34, 8.92, 8.31, 7.574, 6.805, 5.887, 4.777, 3.578, 2.266, 0.7715, -0.913, -2.863, -5.05, -7.465, -10.13, -12.96, -15.9, -18.86, -21.78, -24.55, -26.97, -29.12, -30.81, -31.95, -32.53, -32.7, -32.25, -31.2, -29.73, -27.73, -25.28, -22.36, -19.19, -15.66, -11.94, -7.992, -4.06, -0.004593, 3.861, 7.6, 11.0, 14.14, 16.7, 18.84, 20.31, 21.17, 21.31, 20.73, 19.73, 18.34, 16.9, 15.42, 14.01, 12.59, 11.22, 9.78, 8.31, 6.703, 5.016, 3.258, 1.335, -0.933, -3.574, -6.5, -9.57, -12.54, -15.19, -17.33, -18.73, -19.31, -19.03, -17.72, -15.59, -12.68, -9.016, -4.766, -0.1805, 4.324, 8.34, 11.33, 13.08, 13.42, 12.445, 10.44, 7.67, 4.52, 1.379, -1.461, -3.773, -5.375, -6.348, -6.645, -6.19, -4.887
-3.84, -1.703, 0.000675, 0.872, 0.9277, 0.3672, -0.4817, -1.153, -1.283, -0.6826, 0.7183, 2.766, 5.035, 7.074, 8.48, 9.1, 8.99, 8.36, 7.363, 6.113, 4.773, 3.4, 2.06, 0.8804, -0.103, -0.742, -0.9507, -0.7544, -0.2297, 0.5654, 1.443, 2.33, 3.1, 3.654, 3.95, 3.969, 3.74, 3.22, 2.48, 1.482, 0.288, -1.0205, -2.354, -3.604, -4.645, -5.434, -5.82, -5.68, -5.016, -3.816, -2.158, -0.2471, 1.654, 3.283, 4.434, 4.973, 4.91, 4.316, 3.37, 2.17, 0.837, -0.659, -2.268, -3.938, -5.73, -7.527, -9.336, -10.99, -12.37, -13.55, -14.41, -15.02, -15.51, -15.88, -16.2, -16.58, -17.2, -17.98, -19.19, -20.64, -22.22, -23.98, -25.52, -26.52, -26.44, -25.34, -22.56, -18.64, -13.8, -8.43, -3.11, 1.739, 5.78, 8.86, 10.88, 12.01, 12.36, 12.195, 11.84, 11.484, 11.26, 11.13, 11.04, 10.98, 10.914, 10.69, 10.266, 9.75, 9.055, 8.164, 7.258, 6.28, 5.145, 3.992, 2.76, 1.38, -0.2133, -2.045, -4.07, -6.367, -8.94, -11.76, -14.7, -17.66, -20.62, -23.45, -26.02, -28.3, -30.1, -31.42, -32.2, -32.4, -32.12, -31.33, -30.02, -28.23, -26.02, -23.3, -20.28, -16.92, -13.33, -9.48, -5.562, -1.517, 2.398, 6.21, 9.76, 13.01, 15.91, 18.22, 20.08, 21.23, 21.83, 21.7, 21.17, 20.23, 19.2, 18.06, 16.89, 15.6, 14.27, 12.72, 11.016, 9.086, 6.938, 4.684, 2.225, -0.593, -3.736, -7.156, -10.58, -13.89, -16.64, -18.75, -20.08, -20.5, -19.92, -18.44, -16.17, -13.15, -9.5, -5.312, -0.8457, 3.422, 7.17, 9.945, 11.44, 11.59, 10.516, 8.41, 5.53, 2.361, -0.754, -3.482, -5.625, -7.082, -7.832, -7.92, -7.266, -5.84
-4.816, -2.469, -0.5444, 0.4956, 0.6665, 0.2451, -0.4836, -1.124, -1.249, -0.639, 0.7314, 2.744, 4.99, 7.066, 8.57, 9.33, 9.33, 8.805, 7.902, 6.73, 5.43, 4.113, 2.766, 1.484, 0.3923, -0.3806, -0.764, -0.7866, -0.4702, 0.12476, 0.8643, 1.661, 2.404, 2.963, 3.283, 3.354, 3.158, 2.676, 1.929, 0.9077, -0.2932, -1.59, -2.914, -4.133, -5.13, -5.844, -6.145, -5.902, -5.074, -3.764, -2.086, -0.2494, 1.565, 3.123, 4.25, 4.81, 4.777, 4.223, 3.346, 2.213, 0.9473, -0.4312, -1.976, -3.62, -5.414, -7.332, -9.24, -11.055, -12.62, -14.016, -15.1, -15.93, -16.6, -17.0, -17.42, -17.86, -18.55, -19.31, -20.34, -21.7, -23.22, -24.66, -25.9, -26.61, -26.28, -24.64, -21.55, -17.34, -12.29, -6.777, -1.505, 3.273, 7.16, 10.03, 11.89, 12.81, 13.0, 12.86, 12.586, 12.34, 12.22, 12.17, 12.16, 12.11, 11.97, 11.68, 11.16, 10.445, 9.63, 8.63, 7.598, 6.57, 5.44, 4.344, 3.174, 1.849, 0.3772, -1.2705, -3.17, -5.35, -7.766, -10.47, -13.35, -16.27, -19.17, -22.05, -24.72, -27.06, -29.02, -30.52, -31.52, -31.81, -31.62, -31.02, -29.89, -28.31, -26.38, -23.9, -21.06, -17.94, -14.51, -10.82, -6.977, -3.043, 0.8535, 4.703, 8.41, 11.73, 14.85, 17.44, 19.64, 21.14, 22.2, 22.64, 22.55, 22.06, 21.36, 20.47, 19.61, 18.47, 17.19, 15.58, 13.625, 11.29, 8.766, 5.996, 2.996, -0.2764, -3.941, -7.79, -11.625, -15.14, -18.02, -20.11, -21.27, -21.47, -20.72, -19.11, -16.66, -13.52, -9.76, -5.58, -1.319, 2.732, 6.16, 8.555, 9.77, 9.7, 8.44, 6.137, 3.252, 0.0501, -3.01, -5.637, -7.652, -8.98, -9.51, -9.39, -8.53, -6.96
-5.805, -3.273, -1.183, 0.03958, 0.381, 0.105, -0.4744, -1.059, -1.194, -0.619, 0.695, 2.637, 4.832, 6.86, 8.42, 9.3, 9.45, 9.06, 8.29, 7.24, 6.004, 4.74, 3.426, 2.12, 0.9263, 0.00939, -0.5537, -0.787, -0.658, -0.2651, 0.334, 1.027, 1.747, 2.307, 2.666, 2.736, 2.568, 2.121, 1.381, 0.3442, -0.8457, -2.135, -3.441, -4.617, -5.58, -6.23, -6.42, -6.09, -5.164, -3.766, -2.062, -0.2773, 1.458, 2.94, 4.023, 4.56, 4.527, 4.027, 3.238, 2.207, 1.045, -0.2069, -1.654, -3.316, -5.164, -7.168, -9.21, -11.16, -12.914, -14.48, -15.72, -16.77, -17.6, -18.2, -18.78, -19.31, -20.02, -20.77, -21.64, -22.86, -24.1, -25.33, -26.27, -26.62, -25.86, -23.78, -20.34, -15.8, -10.45, -4.92, 0.2725, 4.957, 8.66, 11.234, 12.875, 13.54, 13.76, 13.64, 13.46, 13.38, 13.4, 13.45, 13.46, 13.37, 13.08, 12.66, 11.984, 11.1, 10.13, 9.04, 7.906, 6.844, 5.727, 4.594, 3.457, 2.248, 0.8975, -0.608, -2.365, -4.418, -6.734, -9.305, -12.086, -14.96, -17.86, -20.78, -23.5, -25.89, -27.98, -29.52, -30.58, -31.06, -31.08, -30.67, -29.69, -28.4, -26.64, -24.42, -21.83, -18.83, -15.61, -12.09, -8.36, -4.51, -0.6294, 3.225, 6.95, 10.33, 13.625, 16.38, 18.89, 20.75, 22.23, 23.1, 23.44, 23.39, 23.12, 22.6, 21.95, 21.05, 19.86, 18.16, 15.92, 13.38, 10.445, 7.246, 3.744, -0.01651, -4.09, -8.38, -12.49, -16.11, -19.03, -21.03, -22.05, -22.05, -21.11, -19.3, -16.7, -13.43, -9.71, -5.664, -1.611, 2.11, 5.21, 7.227, 8.08, 7.652, 6.11, 3.643, 0.747, -2.438, -5.32, -7.86, -9.77, -10.945, -11.3, -10.945, -9.9, -8.125
-6.715, -4.03, -1.76, -0.308, 0.1909, -0.00618, -0.5244, -1.043, -1.171, -0.6484, 0.5806, 2.424, 4.55, 6.56, 8.16, 9.125, 9.41, 9.17, 8.49, 7.574, 6.49, 5.305, 4.06, 2.764, 1.517, 0.4573, -0.3098, -0.773, -0.8438, -0.6294, -0.1631, 0.4414, 1.126, 1.671, 2.02, 2.105, 1.965, 1.581, 0.848, -0.1743, -1.365, -2.664, -3.951, -5.08, -5.965, -6.516, -6.613, -6.18, -5.207, -3.773, -2.09, -0.3408, 1.317, 2.727, 3.727, 4.21, 4.168, 3.709, 3.016, 2.121, 1.083, -0.0824, -1.468, -3.074, -4.918, -6.96, -9.05, -11.15, -13.1, -14.914, -16.45, -17.66, -18.66, -19.36, -20.05, -20.64, -21.3, -22.11, -22.92, -24.0, -25.05, -26.05, -26.64, -26.6, -25.4, -22.86, -18.94, -14.016, -8.52, -2.963, 2.209, 6.64, 10.05, 12.43, 13.81, 14.45, 14.734, 14.72, 14.69, 14.73, 14.75, 14.84, 14.78, 14.57, 14.1, 13.42, 12.625, 11.58, 10.53, 9.36, 8.164, 7.06, 5.977, 4.87, 3.736, 2.59, 1.382, 0.0002823, -1.611, -3.467, -5.617, -8.05, -10.72, -13.516, -16.4, -19.28, -22.02, -24.52, -26.69, -28.36, -29.48, -30.19, -30.38, -30.05, -29.3, -28.19, -26.61, -24.61, -22.23, -19.53, -16.52, -13.18, -9.67, -6.016, -2.223, 1.56, 5.3, 8.734, 12.13, 15.12, 17.83, 20.02, 21.8, 23.03, 23.95, 24.33, 24.45, 24.27, 23.83, 23.11, 21.94, 20.2, 17.86, 15.01, 11.74, 8.23, 4.375, 0.277, -4.156, -8.805, -13.13, -16.92, -19.8, -21.7, -22.58, -22.4, -21.31, -19.33, -16.6, -13.26, -9.45, -5.535, -1.656, 1.769, 4.445, 6.027, 6.44, 5.66, 3.803, 1.1875, -1.833, -4.957, -7.766, -10.195, -12.0, -13.03, -13.23, -12.63, -11.305, -9.31
-7.723, -4.777, -2.324, -0.6587, 0.0388, -0.04266, -0.531, -1.012, -1.159, -0.708, 0.4424, 2.148, 4.176, 6.18, 7.797, 8.836, 9.234, 9.08, 8.54, 7.793, 6.87, 5.812, 4.65, 3.383, 2.113, 0.934, -0.002167, -0.6914, -0.994, -0.9614, -0.6196, -0.0902, 0.5337, 1.037, 1.351, 1.463, 1.35, 1.009, 0.307, -0.666, -1.847, -3.127, -4.387, -5.48, -6.3, -6.773, -6.76, -6.223, -5.164, -3.725, -2.084, -0.4243, 1.131, 2.455, 3.344, 3.752, 3.723, 3.328, 2.719, 1.946, 1.028, -0.01183, -1.321, -2.902, -4.754, -6.832, -9.016, -11.27, -13.37, -15.29, -16.98, -18.38, -19.61, -20.56, -21.3, -22.11, -22.72, -23.52, -24.23, -25.03, -25.8, -26.47, -26.75, -26.25, -24.64, -21.62, -17.28, -12.02, -6.363, -0.746, 4.24, 8.445, 11.55, 13.67, 14.875, 15.55, 15.85, 16.02, 16.08, 16.22, 16.23, 16.3, 16.08, 15.63, 15.08, 14.19, 13.11, 11.98, 10.78, 9.555, 8.336, 7.188, 6.055, 4.992, 3.947, 2.885, 1.795, 0.537, -0.918, -2.602, -4.61, -6.92, -9.43, -12.13, -14.96, -17.81, -20.6, -23.11, -25.31, -27.02, -28.33, -29.0, -29.33, -29.19, -28.58, -27.69, -26.33, -24.64, -22.58, -20.14, -17.36, -14.24, -10.875, -7.37, -3.707, -0.1581, 3.518, 6.95, 10.42, 13.555, 16.44, 18.9, 20.98, 22.62, 23.83, 24.64, 25.12, 25.27, 25.12, 24.56, 23.4, 21.62, 19.22, 16.23, 12.81, 9.016, 4.82, 0.4468, -4.254, -9.14, -13.54, -17.34, -20.16, -21.9, -22.7, -22.27, -21.02, -18.88, -16.0, -12.67, -8.93, -5.086, -1.476, 1.603, 3.867, 4.96, 4.89, 3.715, 1.585, -1.194, -4.28, -7.387, -10.22, -12.6, -14.37, -15.26, -15.23, -14.38, -12.805, -10.52
-8.67, -5.457, -2.822, -1.018, -0.1855, -0.1637, -0.569, -0.983, -1.13, -0.74, 0.3074, 1.894, 3.795, 5.72, 7.316, 8.38, 8.84, 8.82, 8.43, 7.848, 7.105, 6.215, 5.168, 3.957, 2.7, 1.465, 0.3777, -0.5093, -1.058, -1.217, -1.023, -0.5913, -0.05426, 0.4087, 0.6826, 0.805, 0.7124, 0.385, -0.2798, -1.197, -2.334, -3.578, -4.773, -5.83, -6.594, -6.95, -6.84, -6.19, -5.074, -3.652, -2.092, -0.5283, 0.9194, 2.13, 2.906, 3.26, 3.252, 2.932, 2.371, 1.694, 0.923, -0.005455, -1.255, -2.793, -4.633, -6.71, -8.93, -11.22, -13.45, -15.555, -17.4, -19.12, -20.5, -21.58, -22.55, -23.38, -24.08, -24.77, -25.39, -26.02, -26.6, -27.05, -27.0, -26.0, -23.7, -20.11, -15.35, -9.88, -4.09, 1.474, 6.277, 10.16, 13.02, 15.01, 16.19, 16.86, 17.3, 17.62, 17.83, 17.98, 17.89, 17.67, 17.22, 16.52, 15.7, 14.68, 13.516, 12.28, 11.01, 9.72, 8.49, 7.33, 6.195, 5.14, 4.164, 3.156, 2.16, 1.068, -0.2827, -1.786, -3.613, -5.766, -8.125, -10.72, -13.484, -16.31, -19.08, -21.62, -23.83, -25.61, -26.98, -27.78, -28.14, -28.08, -27.62, -26.94, -25.83, -24.47, -22.58, -20.39, -17.9, -15.055, -11.95, -8.75, -5.34, -1.894, 1.664, 5.1, 8.52, 11.75, 14.695, 17.31, 19.64, 21.62, 23.12, 24.3, 25.14, 25.61, 25.69, 25.25, 24.19, 22.45, 20.03, 16.89, 13.3, 9.43, 5.176, 0.6274, -4.277, -9.234, -13.72, -17.52, -20.17, -21.8, -22.38, -21.95, -20.48, -18.28, -15.28, -11.84, -8.16, -4.473, -1.168, 1.525, 3.334, 3.965, 3.432, 1.884, -0.4985, -3.406, -6.63, -9.83, -12.78, -15.19, -16.78, -17.5, -17.31, -16.22, -14.36, -11.695
-9.6, -6.15, -3.275, -1.31, -0.3591, -0.259, -0.611, -0.9746, -1.103, -0.766, 0.1727, 1.63, 3.408, 5.25, 6.78, 7.85, 8.4, 8.47, 8.23, 7.773, 7.207, 6.477, 5.574, 4.48, 3.26, 1.977, 0.7734, -0.2944, -1.07, -1.412, -1.386, -1.094, -0.675, -0.2627, 0.00844, 0.1339, 0.0653, -0.2466, -0.8594, -1.7295, -2.816, -4.008, -5.145, -6.125, -6.793, -7.047, -6.84, -6.105, -4.98, -3.627, -2.135, -0.65, 0.695, 1.758, 2.426, 2.736, 2.752, 2.506, 2.057, 1.482, 0.818, -0.00922, -1.161, -2.658, -4.492, -6.656, -8.92, -11.31, -13.62, -15.87, -17.9, -19.7, -21.33, -22.55, -23.62, -24.6, -25.31, -25.92, -26.39, -26.81, -27.1, -27.17, -26.72, -25.31, -22.61, -18.5, -13.36, -7.61, -1.711, 3.715, 8.41, 12.05, 14.64, 16.48, 17.6, 18.31, 18.86, 19.28, 19.53, 19.58, 19.33, 18.81, 18.14, 17.17, 16.14, 14.92, 13.65, 12.35, 11.03, 9.73, 8.52, 7.438, 6.34, 5.29, 4.375, 3.44, 2.47, 1.497, 0.2942, -1.099, -2.7, -4.68, -6.89, -9.31, -11.98, -14.75, -17.44, -19.95, -22.23, -24.08, -25.44, -26.31, -26.73, -26.73, -26.47, -25.94, -25.05, -23.88, -22.3, -20.42, -18.23, -15.695, -12.88, -9.92, -6.777, -3.506, -0.1289, 3.219, 6.52, 9.63, 12.625, 15.445, 17.83, 20.05, 21.88, 23.33, 24.52, 25.16, 25.53, 25.11, 24.19, 22.44, 19.98, 16.88, 13.41, 9.52, 5.25, 0.5825, -4.4, -9.3, -13.66, -17.28, -19.9, -21.38, -21.88, -21.22, -19.66, -17.23, -14.15, -10.72, -7.145, -3.639, -0.6367, 1.641, 2.986, 3.137, 2.146, 0.2408, -2.412, -5.645, -9.14, -12.56, -15.64, -18.03, -19.55, -20.12, -19.62, -18.14, -15.95, -13.0
-10.45, -6.76, -3.715, -1.601, -0.5576, -0.377, -0.6826, -1.006, -1.1, -0.769, 0.1018, 1.425, 3.03, 4.727, 6.195, 7.23, 7.84, 8.016, 7.93, 7.64, 7.223, 6.645, 5.895, 4.914, 3.727, 2.436, 1.146, -0.04935, -0.98, -1.492, -1.67, -1.565, -1.287, -0.952, -0.6997, -0.5933, -0.661, -0.9624, -1.487, -2.287, -3.293, -4.406, -5.484, -6.36, -6.918, -7.094, -6.793, -6.008, -4.9, -3.572, -2.176, -0.7905, 0.4397, 1.367, 1.964, 2.22, 2.256, 2.092, 1.728, 1.24, 0.674, -0.05133, -1.124, -2.564, -4.38, -6.516, -8.78, -11.195, -13.625, -15.98, -18.19, -20.2, -22.02, -23.42, -24.73, -25.69, -26.33, -26.92, -27.25, -27.5, -27.64, -27.42, -26.52, -24.53, -21.19, -16.48, -10.94, -5.047, 0.777, 6.07, 10.51, 13.91, 16.33, 18.05, 19.22, 20.16, 20.81, 21.27, 21.4, 21.25, 20.73, 19.89, 18.94, 17.75, 16.48, 15.14, 13.734, 12.35, 11.02, 9.73, 8.53, 7.445, 6.434, 5.434, 4.543, 3.701, 2.758, 1.863, 0.8765, -0.3604, -1.823, -3.615, -5.68, -7.996, -10.516, -13.22, -15.875, -18.42, -20.72, -22.61, -23.98, -24.83, -25.27, -25.34, -25.19, -24.77, -24.11, -23.14, -21.83, -20.31, -18.38, -16.14, -13.63, -10.914, -7.95, -4.957, -1.816, 1.315, 4.41, 7.54, 10.37, 13.16, 15.695, 17.97, 19.98, 21.72, 23.02, 23.94, 24.38, 24.17, 23.27, 21.7, 19.34, 16.42, 13.03, 9.28, 5.09, 0.516, -4.39, -9.14, -13.4, -16.86, -19.27, -20.67, -21.03, -20.34, -18.48, -15.98, -12.84, -9.38, -5.83, -2.578, 0.0945, 1.969, 2.803, 2.477, 1.071, -1.306, -4.42, -8.12, -11.945, -15.67, -18.84, -21.11, -22.52, -22.73, -21.94, -20.06, -17.44, -14.125
-11.14, -7.24, -4.062, -1.904, -0.811, -0.5654, -0.807, -1.058, -1.111, -0.798, -0.01962, 1.183, 2.652, 4.2, 5.562, 6.58, 7.215, 7.477, 7.504, 7.387, 7.137, 6.734, 6.145, 5.28, 4.15, 2.861, 1.526, 0.2556, -0.802, -1.47, -1.841, -1.943, -1.827, -1.608, -1.415, -1.348, -1.419, -1.697, -2.18, -2.9, -3.826, -4.84, -5.832, -6.586, -7.03, -7.113, -6.71, -5.914, -4.777, -3.482, -2.19, -0.9297, 0.1705, 0.9893, 1.493, 1.686, 1.714, 1.609, 1.383, 1.03, 0.554, -0.08936, -1.08, -2.479, -4.23, -6.37, -8.695, -11.16, -13.68, -16.11, -18.44, -20.52, -22.45, -24.16, -25.48, -26.61, -27.36, -27.81, -28.1, -28.08, -27.89, -27.27, -25.86, -23.36, -19.45, -14.41, -8.52, -2.406, 3.47, 8.586, 12.78, 15.95, 18.27, 19.89, 21.19, 22.08, 22.77, 23.1, 22.97, 22.55, 21.7, 20.6, 19.38, 18.02, 16.6, 15.09, 13.69, 12.27, 10.92, 9.7, 8.54, 7.453, 6.453, 5.51, 4.668, 3.89, 3.08, 2.275, 1.422, 0.32, -1.007, -2.615, -4.492, -6.66, -9.04, -11.57, -14.19, -16.67, -18.95, -20.86, -22.23, -23.06, -23.56, -23.69, -23.58, -23.28, -22.77, -21.97, -20.97, -19.75, -18.11, -16.12, -13.98, -11.6, -8.984, -6.26, -3.469, -0.5327, 2.31, 5.18, 7.95, 10.63, 13.13, 15.52, 17.69, 19.48, 21.02, 21.98, 22.5, 22.4, 21.69, 20.2, 18.05, 15.37, 12.34, 8.88, 4.914, 0.3804, -4.4, -9.0, -12.98, -16.08, -18.4, -19.66, -19.89, -18.97, -17.1, -14.42, -11.234, -7.715, -4.312, -1.336, 1.008, 2.488, 2.861, 2.111, 0.203, -2.732, -6.508, -10.85, -15.32, -19.4, -22.62, -24.67, -25.73, -25.5, -24.22, -21.94, -18.89, -15.125
-11.77, -7.688, -4.37, -2.146, -1.08, -0.8267, -0.9946, -1.163, -1.178, -0.888, -0.1747, 0.9546, 2.303, 3.691, 4.93, 5.918, 6.562, 6.867, 6.973, 7.004, 6.92, 6.723, 6.29, 5.582, 4.535, 3.293, 1.931, 0.5923, -0.575, -1.419, -1.987, -2.297, -2.354, -2.238, -2.088, -2.027, -2.115, -2.402, -2.887, -3.562, -4.383, -5.258, -6.105, -6.76, -7.09, -7.043, -6.582, -5.805, -4.69, -3.451, -2.25, -1.115, -0.1533, 0.566, 0.9893, 1.154, 1.186, 1.122, 0.9966, 0.75, 0.348, -0.2196, -1.118, -2.453, -4.15, -6.207, -8.53, -10.99, -13.55, -16.05, -18.47, -20.83, -22.89, -24.72, -26.23, -27.31, -28.14, -28.52, -28.72, -28.6, -28.17, -27.19, -25.22, -22.06, -17.53, -11.97, -5.773, 0.4207, 6.1, 11.01, 14.9, 17.88, 20.12, 21.86, 23.28, 24.2, 24.83, 24.92, 24.55, 23.78, 22.7, 21.38, 19.92, 18.34, 16.78, 15.234, 13.73, 12.32, 10.97, 9.75, 8.6, 7.535, 6.566, 5.637, 4.81, 4.086, 3.377, 2.643, 1.8545, 0.9087, -0.2776, -1.721, -3.434, -5.43, -7.67, -10.11, -12.625, -15.06, -17.34, -19.25, -20.67, -21.58, -22.08, -22.14, -22.06, -21.78, -21.42, -20.89, -20.08, -19.02, -17.62, -15.95, -14.05, -11.945, -9.69, -7.273, -4.83, -2.281, 0.2854, 2.854, 5.387, 7.895, 10.3, 12.57, 14.72, 16.58, 18.11, 19.22, 19.83, 19.84, 19.28, 18.1, 16.36, 14.15, 11.44, 8.2, 4.45, 0.2295, -4.277, -8.58, -12.234, -15.22, -17.36, -18.47, -18.5, -17.5, -15.4, -12.65, -9.39, -5.926, -2.67, 0.1122, 2.178, 3.26, 3.182, 1.89, -0.7007, -4.42, -9.12, -14.18, -19.16, -23.42, -26.64, -28.36, -28.86, -28.08, -26.23, -23.5, -20.03, -15.984
-12.11, -7.926, -4.605, -2.355, -1.315, -1.087, -1.248, -1.3955, -1.367, -1.032, -0.3083, 0.761, 2.004, 3.252, 4.36, 5.277, 5.88, 6.2, 6.37, 6.504, 6.562, 6.5, 6.25, 5.742, 4.855, 3.664, 2.307, 0.9385, -0.2869, -1.287, -2.041, -2.555, -2.781, -2.8, -2.742, -2.713, -2.818, -3.115, -3.59, -4.24, -4.953, -5.684, -6.367, -6.883, -7.105, -6.95, -6.473, -5.715, -4.68, -3.514, -2.37, -1.371, -0.553, 0.05072, 0.4092, 0.56, 0.5786, 0.5513, 0.504, 0.3657, 0.0832, -0.3635, -1.161, -2.447, -4.086, -6.13, -8.43, -10.91, -13.46, -16.05, -18.52, -20.92, -23.05, -24.98, -26.6, -27.86, -28.72, -29.14, -29.22, -28.83, -28.02, -26.53, -24.03, -20.3, -15.32, -9.445, -3.049, 3.201, 8.78, 13.484, 17.25, 20.11, 22.36, 24.11, 25.42, 26.25, 26.66, 26.53, 25.81, 24.73, 23.42, 21.9, 20.25, 18.58, 16.92, 15.33, 13.836, 12.414, 11.055, 9.9, 8.78, 7.684, 6.72, 5.85, 5.066, 4.36, 3.666, 2.979, 2.264, 1.448, 0.439, -0.824, -2.346, -4.188, -6.254, -8.54, -10.92, -13.27, -15.47, -17.36, -18.81, -19.84, -20.38, -20.52, -20.33, -20.08, -19.73, -19.23, -18.62, -17.7, -16.53, -15.17, -13.51, -11.75, -9.88, -7.85, -5.81, -3.752, -1.568, 0.621, 2.846, 5.06, 7.312, 9.4, 11.445, 13.28, 14.81, 15.96, 16.72, 16.89, 16.58, 15.72, 14.375, 12.55, 10.21, 7.39, 3.965, -0.035, -4.266, -8.18, -11.51, -14.11, -16.05, -17.1, -17.03, -15.836, -13.67, -10.77, -7.496, -4.113, -0.9507, 1.672, 3.479, 4.25, 3.664, 1.682, -1.782, -6.508, -12.13, -17.77, -23.0, -27.36, -30.28, -31.62, -31.48, -30.08, -27.69, -24.53, -20.72, -16.4
-12.15, -8.02, -4.78, -2.633, -1.626, -1.403, -1.575, -1.698, -1.572, -1.164, -0.4336, 0.5957, 1.737, 2.846, 3.832, 4.633, 5.168, 5.48, 5.707, 5.906, 6.086, 6.22, 6.176, 5.844, 5.11, 3.977, 2.637, 1.256, -0.0189, -1.133, -2.027, -2.68, -3.07, -3.262, -3.322, -3.34, -3.479, -3.775, -4.242, -4.84, -5.496, -6.09, -6.605, -6.957, -7.07, -6.836, -6.348, -5.613, -4.67, -3.639, -2.621, -1.725, -1.02, -0.5234, -0.2134, -0.0775, -0.04187, -0.02141, -0.0272, -0.0817, -0.2678, -0.637, -1.325, -2.502, -4.043, -5.94, -8.21, -10.64, -13.22, -15.81, -18.44, -20.9, -23.27, -25.33, -27.03, -28.36, -29.2, -29.55, -29.47, -28.97, -27.86, -25.89, -22.81, -18.42, -12.84, -6.54, -0.0805, 6.043, 11.43, 15.81, 19.38, 22.19, 24.45, 26.2, 27.56, 28.31, 28.44, 28.02, 27.03, 25.77, 24.23, 22.52, 20.77, 18.92, 17.22, 15.61, 14.07, 12.72, 11.32, 10.05, 8.92, 7.84, 6.883, 6.035, 5.297, 4.63, 3.94, 3.322, 2.72, 2.008, 1.141, 0.00782, -1.338, -3.041, -4.934, -7.03, -9.31, -11.59, -13.805, -15.74, -17.3, -18.33, -18.89, -19.03, -18.88, -18.5, -18.05, -17.5, -16.88, -16.05, -14.945, -13.69, -12.24, -10.77, -9.28, -7.676, -6.062, -4.484, -2.775, -1.052, 0.705, 2.559, 4.457, 6.324, 8.23, 9.91, 11.375, 12.53, 13.32, 13.766, 13.76, 13.27, 12.375, 11.0, 9.04, 6.54, 3.348, -0.4304, -4.227, -7.684, -10.63, -12.99, -14.664, -15.56, -15.4, -14.07, -11.78, -8.81, -5.52, -2.158, 0.9624, 3.504, 5.15, 5.484, 4.305, 1.443, -3.066, -8.766, -15.04, -21.03, -26.39, -30.5, -32.97, -33.84, -33.03, -31.17, -28.42, -24.94, -20.92, -16.47
-11.82, -7.88, -4.82, -2.814, -1.9, -1.758, -1.975, -2.059, -1.842, -1.316, -0.5146, 0.4722, 1.497, 2.477, 3.33, 4.0, 4.45, 4.74, 5.008, 5.28, 5.617, 5.926, 6.074, 5.914, 5.33, 4.28, 2.994, 1.607, 0.26, -0.9707, -1.994, -2.754, -3.27, -3.602, -3.783, -3.885, -4.07, -4.38, -4.797, -5.344, -5.92, -6.43, -6.79, -6.996, -7.043, -6.77, -6.297, -5.586, -4.723, -3.805, -2.912, -2.139, -1.533, -1.151, -0.908, -0.779, -0.712, -0.64, -0.5903, -0.5767, -0.6616, -0.923, -1.476, -2.504, -3.953, -5.758, -7.957, -10.35, -12.96, -15.625, -18.25, -20.78, -23.14, -25.3, -27.22, -28.64, -29.53, -29.92, -29.72, -28.81, -27.28, -24.69, -21.02, -16.11, -10.22, -3.775, 2.758, 8.83, 14.086, 18.34, 21.83, 24.67, 26.86, 28.62, 29.77, 30.23, 30.11, 29.36, 28.25, 26.81, 25.11, 23.33, 21.47, 19.58, 17.77, 16.1, 14.47, 13.08, 11.73, 10.39, 9.234, 8.164, 7.176, 6.336, 5.54, 4.863, 4.203, 3.611, 3.104, 2.494, 1.776, 0.7837, -0.4207, -1.918, -3.668, -5.562, -7.695, -9.88, -12.06, -13.98, -15.555, -16.66, -17.28, -17.45, -17.27, -16.73, -16.12, -15.45, -14.67, -13.7, -12.52, -11.27, -9.99, -8.78, -7.566, -6.402, -5.285, -4.25, -3.098, -1.937, -0.663, 0.7627, 2.252, 3.762, 5.344, 6.824, 8.2, 9.35, 10.25, 10.89, 11.17, 11.05, 10.414, 9.37, 7.74, 5.55, 2.545, -0.831, -4.203, -7.26, -9.74, -11.78, -13.266, -14.05, -13.8, -12.35, -9.95, -6.887, -3.475, -0.0552, 3.031, 5.55, 6.926, 6.797, 4.914, 1.085, -4.344, -10.72, -17.22, -23.28, -28.39, -32.0, -34.12, -34.38, -33.34, -31.1, -28.11, -24.47, -20.34, -15.96
-11.12, -7.54, -4.793, -3.043, -2.283, -2.174, -2.365, -2.377, -2.03, -1.404, -0.5835, 0.3445, 1.264, 2.121, 2.81, 3.328, 3.674, 3.94, 4.23, 4.598, 5.082, 5.543, 5.85, 5.88, 5.457, 4.562, 3.33, 1.94, 0.5425, -0.7427, -1.856, -2.744, -3.361, -3.82, -4.14, -4.35, -4.582, -4.883, -5.29, -5.78, -6.297, -6.72, -6.99, -7.113, -7.055, -6.74, -6.242, -5.586, -4.797, -3.986, -3.242, -2.607, -2.09, -1.78, -1.57, -1.47, -1.41, -1.344, -1.296, -1.236, -1.243, -1.399, -1.811, -2.64, -3.945, -5.535, -7.61, -9.945, -12.516, -15.27, -17.95, -20.61, -23.1, -25.36, -27.31, -28.81, -29.67, -29.95, -29.61, -28.42, -26.56, -23.45, -19.16, -13.66, -7.336, -0.6343, 5.844, 11.67, 16.67, 20.7, 24.08, 26.9, 28.98, 30.62, 31.53, 31.83, 31.52, 30.6, 29.36, 27.9, 26.16, 24.27, 22.31, 20.25, 18.39, 16.75, 15.05, 13.58, 12.266, 10.86, 9.6, 8.54, 7.53, 6.668, 5.844, 5.13, 4.484, 3.936, 3.467, 2.887, 2.254, 1.435, 0.3723, -0.9087, -2.443, -4.21, -6.223, -8.336, -10.375, -12.27, -13.93, -15.18, -15.945, -16.19, -15.93, -15.3, -14.49, -13.55, -12.48, -11.26, -9.92, -8.57, -7.31, -6.25, -5.293, -4.47, -3.809, -3.242, -2.65, -1.993, -1.182, -0.2502, 0.79, 1.959, 3.248, 4.5, 5.72, 6.79, 7.69, 8.414, 8.84, 8.9, 8.52, 7.746, 6.297, 4.32, 1.64, -1.376, -4.324, -6.844, -8.82, -10.53, -11.87, -12.56, -12.17, -10.7, -8.21, -5.05, -1.48, 2.012, 5.18, 7.637, 8.78, 8.16, 5.52, 0.87, -5.2, -11.88, -18.36, -24.16, -28.77, -32.03, -33.53, -33.56, -32.1, -29.72, -26.67, -23.06, -19.11, -14.984
-10.125, -7.04, -4.703, -3.266, -2.715, -2.678, -2.793, -2.676, -2.209, -1.5, -0.6265, 0.2434, 1.054, 1.77, 2.285, 2.65, 2.879, 3.1, 3.383, 3.824, 4.406, 5.01, 5.492, 5.71, 5.434, 4.71, 3.578, 2.234, 0.8447, -0.4768, -1.67, -2.68, -3.416, -3.969, -4.387, -4.668, -4.953, -5.27, -5.664, -6.137, -6.574, -6.887, -7.094, -7.156, -7.04, -6.715, -6.227, -5.6, -4.875, -4.168, -3.545, -3.045, -2.664, -2.441, -2.285, -2.23, -2.205, -2.154, -2.111, -2.045, -1.964, -1.983, -2.26, -2.889, -4.008, -5.48, -7.44, -9.72, -12.17, -14.94, -17.66, -20.34, -22.89, -25.2, -27.27, -28.86, -29.84, -30.1, -29.42, -27.95, -25.5, -21.78, -16.92, -11.01, -4.402, 2.322, 8.72, 14.38, 19.22, 23.19, 26.53, 29.31, 31.4, 32.84, 33.56, 33.56, 33.0, 32.06, 30.77, 29.23, 27.44, 25.5, 23.45, 21.36, 19.38, 17.58, 15.83, 14.26, 12.84, 11.44, 10.14, 8.984, 7.918, 6.96, 6.13, 5.41, 4.78, 4.24, 3.79, 3.264, 2.691, 2.01, 1.121, 0.0526, -1.323, -2.977, -4.8, -6.73, -8.68, -10.555, -12.22, -13.56, -14.45, -14.83, -14.664, -14.05, -13.125, -11.92, -10.49, -9.01, -7.418, -5.984, -4.734, -3.703, -2.963, -2.475, -2.168, -2.025, -1.877, -1.65, -1.267, -0.7417, -0.04825, 0.8477, 1.811, 2.852, 3.844, 4.793, 5.55, 6.227, 6.695, 6.87, 6.645, 6.01, 4.67, 2.889, 0.5703, -2.037, -4.523, -6.523, -8.14, -9.57, -10.664, -11.17, -10.78, -9.23, -6.62, -3.262, 0.49, 4.203, 7.51, 9.9, 10.766, 9.555, 6.21, 0.963, -5.285, -11.93, -18.03, -23.36, -27.53, -30.19, -31.34, -31.0, -29.48, -27.14, -24.22, -20.81, -17.16, -13.45
-8.92, -6.477, -4.66, -3.58, -3.227, -3.238, -3.262, -2.992, -2.387, -1.58, -0.6675, 0.1516, 0.8213, 1.345, 1.685, 1.897, 2.025, 2.18, 2.44, 2.938, 3.6, 4.363, 5.04, 5.43, 5.33, 4.766, 3.77, 2.492, 1.132, -0.2302, -1.488, -2.611, -3.459, -4.098, -4.566, -4.9, -5.223, -5.562, -5.902, -6.316, -6.695, -6.95, -7.164, -7.2, -7.023, -6.7, -6.23, -5.656, -5.023, -4.42, -3.91, -3.521, -3.277, -3.117, -3.025, -3.021, -3.08, -3.088, -3.04, -2.98, -2.875, -2.873, -3.033, -3.459, -4.32, -5.48, -7.14, -9.33, -11.77, -14.48, -17.25, -19.95, -22.67, -25.12, -27.28, -28.9, -29.78, -29.78, -28.92, -27.12, -24.2, -19.98, -14.62, -8.25, -1.387, 5.484, 11.77, 17.2, 21.72, 25.58, 28.81, 31.4, 33.28, 34.5, 34.97, 34.78, 34.22, 33.16, 31.92, 30.39, 28.62, 26.67, 24.62, 22.58, 20.45, 18.61, 16.8, 15.03, 13.48, 11.945, 10.586, 9.41, 8.32, 7.363, 6.5, 5.734, 5.094, 4.523, 4.03, 3.555, 3.094, 2.562, 1.814, 0.895, -0.3047, -1.799, -3.47, -5.258, -7.16, -8.96, -10.62, -12.04, -13.05, -13.6, -13.65, -13.12, -12.16, -10.78, -9.18, -7.492, -5.73, -4.188, -2.914, -1.947, -1.377, -1.12, -1.071, -1.197, -1.406, -1.488, -1.426, -1.154, -0.714, -0.0971, 0.5674, 1.408, 2.18, 2.979, 3.615, 4.2, 4.62, 4.79, 4.598, 4.047, 2.895, 1.295, -0.7236, -2.861, -4.77, -6.293, -7.582, -8.7, -9.625, -9.984, -9.51, -7.836, -5.105, -1.488, 2.543, 6.555, 9.984, 12.32, 12.91, 11.17, 7.246, 1.626, -4.594, -10.89, -16.6, -21.33, -24.89, -27.11, -27.9, -27.36, -25.88, -23.6, -20.95, -17.92, -14.79, -11.664
-7.688, -5.92, -4.66, -3.955, -3.77, -3.793, -3.705, -3.31, -2.59, -1.703, -0.747, 0.002977, 0.5103, 0.8345, 1.009, 1.045, 1.068, 1.178, 1.429, 1.958, 2.678, 3.557, 4.39, 4.96, 5.062, 4.676, 3.854, 2.676, 1.33, -0.05075, -1.35, -2.525, -3.467, -4.188, -4.727, -5.125, -5.492, -5.844, -6.15, -6.45, -6.74, -6.95, -7.133, -7.17, -7.02, -6.727, -6.27, -5.703, -5.19, -4.68, -4.26, -3.986, -3.838, -3.785, -3.826, -3.902, -4.035, -4.15, -4.184, -4.117, -4.004, -3.95, -3.992, -4.21, -4.797, -5.734, -7.12, -9.09, -11.49, -14.12, -16.83, -19.55, -22.23, -24.81, -27.05, -28.78, -29.69, -29.55, -28.4, -26.16, -22.6, -17.81, -11.984, -5.344, 1.568, 8.305, 14.38, 19.62, 24.11, 27.86, 31.03, 33.56, 35.3, 36.3, 36.56, 36.28, 35.6, 34.56, 33.25, 31.72, 29.89, 27.94, 25.83, 23.84, 21.66, 19.64, 17.77, 15.875, 14.21, 12.63, 11.19, 9.91, 8.77, 7.78, 6.855, 6.05, 5.38, 4.836, 4.336, 3.902, 3.523, 3.11, 2.473, 1.637, 0.604, -0.682, -2.248, -3.918, -5.7, -7.42, -9.086, -10.58, -11.734, -12.49, -12.734, -12.41, -11.59, -10.3, -8.71, -6.992, -5.17, -3.607, -2.312, -1.34, -0.839, -0.688, -0.7915, -1.065, -1.459, -1.657, -1.772, -1.678, -1.411, -1.081, -0.675, -0.0997, 0.427, 1.027, 1.531, 2.012, 2.328, 2.463, 2.275, 1.817, 0.8833, -0.462, -2.07, -3.666, -5.027, -6.15, -7.152, -8.07, -8.83, -9.01, -8.39, -6.562, -3.65, 0.1505, 4.49, 8.77, 12.43, 14.7, 14.98, 12.836, 8.67, 3.082, -2.998, -8.94, -14.125, -18.33, -21.25, -22.98, -23.45, -22.86, -21.55, -19.5, -17.19, -14.65, -12.13, -9.73
-6.55, -5.473, -4.73, -4.367, -4.344, -4.35, -4.168, -3.637, -2.818, -1.849, -0.905, -0.2173, 0.1506, 0.296, 0.2815, 0.1621, 0.07086, 0.11365, 0.3655, 0.9443, 1.716, 2.66, 3.61, 4.36, 4.688, 4.5, 3.852, 2.8, 1.4795, 0.0845, -1.266, -2.512, -3.527, -4.33, -4.934, -5.406, -5.766, -6.05, -6.324, -6.527, -6.754, -6.93, -7.08, -7.145, -7.02, -6.72, -6.28, -5.79, -5.34, -4.9, -4.57, -4.406, -4.336, -4.38, -4.516, -4.73, -4.992, -5.273, -5.473, -5.54, -5.496, -5.375, -5.32, -5.285, -5.51, -6.1, -7.152, -8.78, -11.016, -13.664, -16.5, -19.33, -22.06, -24.66, -26.95, -28.55, -29.33, -28.97, -27.47, -24.86, -20.95, -15.76, -9.41, -2.44, 4.61, 11.24, 17.11, 22.17, 26.53, 30.12, 33.03, 35.28, 36.78, 37.5, 37.53, 37.1, 36.28, 35.25, 34.0, 32.4, 30.78, 28.95, 26.94, 24.95, 22.88, 20.73, 18.81, 16.86, 14.99, 13.33, 11.78, 10.47, 9.29, 8.23, 7.25, 6.402, 5.72, 5.105, 4.637, 4.266, 3.936, 3.562, 3.04, 2.346, 1.412, 0.2898, -1.075, -2.621, -4.297, -5.945, -7.566, -9.086, -10.375, -11.29, -11.79, -11.8, -11.28, -10.266, -8.84, -7.266, -5.562, -4.05, -2.766, -1.812, -1.325, -1.2, -1.301, -1.582, -1.933, -2.15, -2.371, -2.44, -2.365, -2.252, -2.084, -1.817, -1.579, -1.248, -0.929, -0.63, -0.3652, -0.2095, -0.2893, -0.592, -1.264, -2.254, -3.35, -4.375, -5.258, -6.086, -6.926, -7.72, -8.31, -8.336, -7.445, -5.426, -2.281, 1.816, 6.47, 11.086, 14.88, 17.08, 17.03, 14.695, 10.53, 5.105, -0.726, -6.348, -10.99, -14.61, -17.12, -18.39, -18.72, -18.05, -16.81, -15.09, -13.125, -11.24, -9.38, -7.83
-5.516, -5.11, -4.832, -4.777, -4.85, -4.87, -4.582, -3.912, -3.0, -1.993, -1.111, -0.5264, -0.294, -0.2942, -0.4902, -0.769, -1.017, -1.051, -0.8037, -0.2063, 0.608, 1.611, 2.688, 3.604, 4.2, 4.234, 3.785, 2.84, 1.598, 0.2015, -1.232, -2.56, -3.682, -4.594, -5.27, -5.797, -6.133, -6.332, -6.527, -6.668, -6.83, -6.953, -7.05, -7.1, -7.0, -6.68, -6.258, -5.81, -5.414, -5.06, -4.758, -4.61, -4.64, -4.82, -5.164, -5.598, -6.105, -6.617, -7.0, -7.234, -7.316, -7.188, -6.98, -6.727, -6.61, -6.816, -7.51, -8.84, -10.75, -13.21, -15.96, -18.81, -21.62, -24.3, -26.62, -28.25, -28.89, -28.31, -26.42, -23.27, -18.83, -13.195, -6.566, 0.4988, 7.438, 13.84, 19.47, 24.4, 28.61, 32.12, 34.94, 37.0, 38.3, 38.75, 38.66, 38.1, 37.1, 36.0, 34.7, 33.12, 31.44, 29.73, 27.83, 25.92, 23.97, 21.8, 19.75, 17.81, 15.89, 14.14, 12.53, 11.086, 9.82, 8.695, 7.676, 6.79, 6.066, 5.41, 4.906, 4.562, 4.28, 3.975, 3.518, 2.904, 2.088, 1.079, -0.0953, -1.462, -3.049, -4.67, -6.242, -7.766, -9.09, -10.2, -10.95, -11.29, -11.086, -10.42, -9.37, -8.04, -6.594, -5.203, -4.004, -3.064, -2.527, -2.297, -2.299, -2.434, -2.666, -2.922, -3.197, -3.393, -3.578, -3.752, -3.873, -4.008, -4.04, -3.988, -3.828, -3.639, -3.348, -3.123, -2.986, -2.977, -3.271, -3.791, -4.324, -4.797, -5.3, -5.94, -6.75, -7.566, -8.11, -7.934, -6.754, -4.45, -0.957, 3.479, 8.52, 13.44, 17.42, 19.52, 19.25, 16.81, 12.71, 7.508, 1.953, -3.186, -7.465, -10.64, -12.74, -13.734, -13.88, -13.33, -12.21, -10.82, -9.33, -7.98, -6.824, -6.07
-4.664, -4.816, -4.93, -5.1, -5.29, -5.277, -4.895, -4.133, -3.13, -2.11, -1.334, -0.8843, -0.7896, -0.9653, -1.357, -1.81, -2.148, -2.264, -2.04, -1.497, -0.6577, 0.3855, 1.579, 2.646, 3.48, 3.785, 3.549, 2.803, 1.676, 0.2883, -1.232, -2.652, -3.914, -4.973, -5.76, -6.324, -6.676, -6.86, -6.914, -6.957, -7.016, -7.06, -7.082, -7.07, -6.93, -6.598, -6.156, -5.7, -5.316, -4.996, -4.7, -4.605, -4.805, -5.152, -5.684, -6.383, -7.246, -8.13, -8.88, -9.38, -9.62, -9.53, -9.15, -8.57, -8.055, -7.77, -7.938, -8.85, -10.48, -12.8, -15.5, -18.36, -21.25, -23.94, -26.17, -27.67, -28.14, -27.28, -25.08, -21.55, -16.77, -10.71, -3.883, 3.307, 10.2, 16.53, 21.95, 26.7, 30.64, 33.97, 36.56, 38.3, 39.25, 39.44, 39.0, 38.22, 37.0, 35.75, 34.38, 32.9, 31.44, 29.97, 28.31, 26.58, 24.75, 22.7, 20.78, 18.78, 16.75, 14.93, 13.24, 11.72, 10.41, 9.16, 8.1, 7.203, 6.45, 5.746, 5.227, 4.86, 4.555, 4.254, 3.883, 3.38, 2.715, 1.85, 0.7974, -0.4377, -1.84, -3.352, -4.832, -6.355, -7.8, -9.01, -9.96, -10.555, -10.68, -10.414, -9.75, -8.8, -7.652, -6.477, -5.383, -4.516, -3.936, -3.547, -3.436, -3.43, -3.56, -3.81, -4.11, -4.484, -4.96, -5.477, -6.02, -6.543, -6.87, -7.06, -7.016, -6.836, -6.484, -6.074, -5.652, -5.33, -5.113, -4.996, -4.902, -4.85, -5.117, -5.723, -6.67, -7.61, -8.14, -7.793, -6.36, -3.695, 0.1857, 5.035, 10.49, 15.81, 19.89, 21.8, 21.42, 19.05, 15.18, 10.23, 4.973, 0.11237, -3.92, -6.82, -8.62, -9.39, -9.46, -8.93, -8.01, -6.902, -5.844, -5.086, -4.66, -4.574
-3.848, -4.418, -4.81, -5.227, -5.555, -5.508, -5.094, -4.26, -3.2, -2.21, -1.52, -1.218, -1.299, -1.674, -2.229, -2.807, -3.234, -3.473, -3.318, -2.88, -2.043, -0.979, 0.2883, 1.499, 2.533, 3.121, 3.14, 2.654, 1.704, 0.3376, -1.261, -2.805, -4.215, -5.445, -6.38, -7.01, -7.395, -7.54, -7.48, -7.402, -7.344, -7.297, -7.188, -7.066, -6.824, -6.44, -6.0, -5.52, -5.062, -4.656, -4.344, -4.34, -4.664, -5.24, -6.1, -7.316, -8.66, -9.98, -11.125, -11.91, -12.29, -12.27, -11.72, -10.82, -9.89, -9.11, -8.734, -9.125, -10.33, -12.38, -14.88, -17.66, -20.61, -23.36, -25.64, -27.08, -27.36, -26.2, -23.58, -19.56, -14.3, -8.01, -1.102, 5.99, 12.67, 18.72, 23.95, 28.52, 32.38, 35.6, 37.97, 39.38, 40.06, 40.03, 39.3, 38.28, 36.84, 35.4, 33.78, 32.47, 31.11, 29.89, 28.62, 27.17, 25.5, 23.69, 21.73, 19.75, 17.69, 15.89, 14.04, 12.38, 10.984, 9.7, 8.6, 7.605, 6.793, 6.055, 5.516, 5.14, 4.79, 4.51, 4.2, 3.822, 3.299, 2.541, 1.602, 0.513, -0.7544, -2.152, -3.613, -5.13, -6.62, -7.926, -9.02, -9.836, -10.27, -10.35, -10.01, -9.38, -8.5, -7.54, -6.582, -5.77, -5.164, -4.71, -4.492, -4.367, -4.375, -4.63, -4.996, -5.645, -6.45, -7.38, -8.35, -9.21, -9.9, -10.24, -10.29, -10.06, -9.62, -8.82, -8.05, -7.25, -6.402, -5.527, -4.8, -4.348, -4.484, -5.17, -6.35, -7.543, -8.22, -7.844, -6.168, -3.049, 1.325, 6.652, 12.59, 18.1, 22.23, 24.06, 23.62, 21.3, 17.78, 13.1, 8.07, 3.416, -0.4624, -3.188, -4.938, -5.68, -5.723, -5.29, -4.566, -3.738, -3.062, -2.832, -2.918, -3.338
-3.102, -3.92, -4.53, -5.176, -5.605, -5.625, -5.19, -4.285, -3.21, -2.268, -1.6875, -1.538, -1.741, -2.266, -2.95, -3.684, -4.285, -4.703, -4.727, -4.4, -3.652, -2.59, -1.286, 0.10187, 1.352, 2.209, 2.543, 2.33, 1.603, 0.3672, -1.253, -2.924, -4.543, -5.96, -7.066, -7.8, -8.23, -8.35, -8.24, -8.05, -7.824, -7.61, -7.375, -7.1, -6.7, -6.234, -5.684, -5.105, -4.492, -4.016, -3.727, -3.799, -4.28, -5.25, -6.656, -8.38, -10.195, -12.07, -13.74, -14.945, -15.625, -15.625, -14.91, -13.63, -12.125, -10.664, -9.63, -9.5, -10.21, -11.92, -14.36, -17.11, -20.02, -22.67, -24.86, -26.11, -26.17, -24.69, -21.81, -17.5, -11.914, -5.418, 1.595, 8.66, 15.25, 21.08, 26.17, 30.48, 34.06, 36.94, 39.03, 40.22, 40.56, 40.1, 39.03, 37.72, 36.0, 34.44, 32.66, 31.36, 30.17, 29.19, 28.3, 27.22, 25.94, 24.31, 22.55, 20.62, 18.62, 16.83, 14.9, 13.17, 11.61, 10.266, 9.12, 8.03, 7.164, 6.43, 5.824, 5.39, 5.008, 4.754, 4.508, 4.19, 3.809, 3.182, 2.387, 1.428, 0.2988, -1.004, -2.434, -3.906, -5.395, -6.797, -8.05, -9.03, -9.695, -10.02, -9.92, -9.52, -8.91, -8.16, -7.39, -6.645, -6.02, -5.49, -5.125, -4.9, -4.918, -5.25, -5.812, -6.785, -7.98, -9.32, -10.75, -11.91, -12.82, -13.32, -13.39, -13.016, -12.23, -11.08, -9.79, -8.35, -6.812, -5.254, -3.941, -3.182, -3.229, -4.117, -5.566, -7.1, -8.02, -7.688, -5.848, -2.34, 2.512, 8.35, 14.64, 20.42, 24.53, 26.16, 25.69, 23.5, 20.27, 16.08, 11.23, 6.668, 2.684, -0.0157, -1.777, -2.59, -2.744, -2.422, -1.908, -1.3955, -1.09, -1.116, -1.526, -2.277
-2.398, -3.36, -4.227, -5.035, -5.54, -5.645, -5.176, -4.254, -3.172, -2.25, -1.718, -1.659, -1.9795, -2.625, -3.46, -4.418, -5.27, -5.953, -6.203, -6.082, -5.48, -4.477, -3.172, -1.619, -0.1235, 1.067, 1.813, 1.941, 1.432, 0.3381, -1.254, -3.049, -4.86, -6.465, -7.734, -8.586, -9.12, -9.25, -9.086, -8.79, -8.4, -7.977, -7.535, -7.08, -6.49, -5.83, -5.1, -4.332, -3.596, -3.031, -2.742, -2.936, -3.793, -5.22, -7.105, -9.33, -11.78, -14.29, -16.53, -18.25, -19.25, -19.34, -18.44, -16.88, -14.76, -12.72, -10.93, -10.07, -10.24, -11.445, -13.6, -16.22, -19.14, -21.83, -23.98, -25.17, -24.9, -23.12, -19.75, -15.09, -9.28, -2.717, 4.27, 11.09, 17.4, 22.95, 27.8, 31.92, 35.34, 37.97, 39.75, 40.56, 40.66, 39.84, 38.53, 36.9, 34.9, 33.1, 31.19, 29.92, 28.88, 28.19, 27.7, 27.05, 26.17, 24.9, 23.34, 21.6, 19.72, 17.8, 15.805, 14.04, 12.38, 10.89, 9.664, 8.49, 7.53, 6.766, 6.133, 5.63, 5.223, 4.984, 4.75, 4.49, 4.2, 3.734, 3.066, 2.236, 1.216, 0.03815, -1.3, -2.71, -4.2, -5.668, -6.984, -8.12, -8.97, -9.48, -9.58, -9.44, -9.02, -8.43, -7.77, -7.08, -6.434, -5.855, -5.375, -5.152, -5.26, -5.7, -6.508, -7.77, -9.4, -11.13, -12.85, -14.266, -15.27, -15.875, -15.81, -15.266, -14.08, -12.586, -10.7, -8.56, -6.273, -4.027, -2.178, -1.21, -1.298, -2.434, -4.234, -6.21, -7.527, -7.38, -5.457, -1.653, 3.705, 9.99, 16.67, 22.6, 26.62, 28.14, 27.6, 25.53, 22.6, 18.88, 14.31, 9.9, 5.812, 2.752, 0.781, -0.236, -0.5615, -0.4536, -0.1323, 0.1548, 0.1932, -0.0461, -0.5938, -1.462
-2.055, -3.074, -4.035, -4.88, -5.426, -5.566, -5.07, -4.09, -2.963, -2.09, -1.597, -1.617, -2.012, -2.777, -3.822, -5.082, -6.305, -7.344, -7.914, -8.12, -7.688, -6.78, -5.406, -3.715, -1.939, -0.3667, 0.865, 1.435, 1.225, 0.289, -1.211, -3.11, -5.17, -7.008, -8.4, -9.37, -9.93, -10.09, -9.88, -9.49, -8.88, -8.25, -7.594, -6.895, -6.105, -5.2, -4.203, -3.158, -2.242, -1.601, -1.447, -1.928, -3.178, -5.008, -7.3, -9.96, -12.89, -15.945, -18.81, -21.22, -22.73, -23.17, -22.28, -20.31, -17.66, -14.86, -12.37, -10.695, -10.26, -11.06, -12.914, -15.38, -18.16, -20.73, -22.73, -23.7, -23.3, -21.34, -17.81, -12.96, -6.95, -0.2644, 6.715, 13.42, 19.55, 24.92, 29.5, 33.47, 36.62, 38.97, 40.38, 40.94, 40.6, 39.47, 37.84, 35.72, 33.47, 31.4, 29.42, 28.11, 27.2, 26.81, 26.72, 26.48, 26.11, 25.2, 24.03, 22.44, 20.62, 18.73, 16.78, 15.0, 13.24, 11.65, 10.31, 9.01, 7.96, 7.082, 6.367, 5.844, 5.434, 5.18, 4.977, 4.773, 4.516, 4.14, 3.596, 2.887, 2.002, 0.9517, -0.269, -1.572, -3.01, -4.44, -5.805, -7.062, -8.055, -8.74, -9.08, -9.11, -8.836, -8.375, -7.77, -7.1, -6.45, -5.87, -5.41, -5.22, -5.34, -5.89, -7.004, -8.555, -10.45, -12.51, -14.375, -15.98, -17.12, -17.61, -17.45, -16.66, -15.16, -13.15, -10.57, -7.67, -4.668, -1.872, 0.2023, 1.19, 0.956, -0.4128, -2.506, -4.883, -6.582, -6.715, -4.75, -0.668, 5.062, 11.83, 18.84, 24.83, 28.62, 30.0, 29.3, 27.42, 24.61, 21.33, 17.14, 12.84, 8.625, 5.234, 2.857, 1.561, 0.972, 0.803, 0.8745, 0.973, 0.8105, 0.3716, -0.2834, -1.175
-2.18, -3.158, -4.11, -4.914, -5.43, -5.47, -4.824, -3.736, -2.58, -1.733, -1.264, -1.282, -1.706, -2.643, -3.977, -5.645, -7.367, -8.92, -9.98, -10.57, -10.36, -9.61, -8.125, -6.2, -4.1, -2.125, -0.433, 0.635, 0.8706, 0.2076, -1.204, -3.16, -5.367, -7.37, -8.9, -9.92, -10.52, -10.73, -10.52, -10.04, -9.234, -8.414, -7.54, -6.562, -5.508, -4.29, -2.977, -1.648, -0.5166, 0.1602, 0.1642, -0.631, -2.182, -4.363, -7.02, -10.086, -13.414, -16.97, -20.44, -23.55, -25.72, -26.56, -25.92, -23.89, -20.8, -17.23, -13.95, -11.49, -10.32, -10.555, -12.0, -14.21, -16.83, -19.44, -21.45, -22.28, -21.62, -19.38, -15.586, -10.5, -4.47, 2.14, 8.87, 15.34, 21.17, 26.31, 30.75, 34.53, 37.38, 39.38, 40.47, 40.72, 40.03, 38.62, 36.66, 34.25, 31.69, 29.4, 27.4, 26.0, 25.31, 25.17, 25.39, 25.72, 25.84, 25.42, 24.66, 23.31, 21.69, 19.84, 17.83, 15.93, 14.09, 12.43, 10.96, 9.586, 8.45, 7.52, 6.73, 6.133, 5.7, 5.38, 5.152, 4.977, 4.766, 4.473, 4.03, 3.457, 2.742, 1.841, 0.758, -0.4258, -1.758, -3.156, -4.547, -5.875, -6.973, -7.84, -8.37, -8.58, -8.46, -8.14, -7.59, -6.934, -6.24, -5.676, -5.234, -5.01, -5.184, -5.902, -7.23, -8.99, -11.055, -13.19, -15.09, -16.72, -17.86, -18.28, -17.97, -16.83, -14.97, -12.31, -9.13, -5.57, -2.047, 1.066, 3.113, 3.984, 3.5, 1.876, -0.5576, -3.26, -5.402, -5.883, -3.934, 0.334, 6.477, 13.77, 20.78, 26.89, 30.52, 31.73, 30.84, 28.95, 26.27, 23.34, 19.62, 15.57, 11.31, 7.58, 4.715, 2.941, 1.969, 1.52, 1.319, 1.168, 0.7905, 0.1605, -0.59, -1.405
-2.896, -3.754, -4.594, -5.242, -5.555, -5.348, -4.527, -3.275, -2.006, -1.026, -0.5405, -0.535, -1.033, -2.188, -3.908, -6.07, -8.41, -10.54, -12.26, -13.29, -13.5, -12.83, -11.305, -9.1, -6.586, -4.07, -1.914, -0.3547, 0.352, 0.0375, -1.235, -3.184, -5.418, -7.477, -9.086, -10.195, -10.84, -11.05, -10.805, -10.26, -9.414, -8.44, -7.34, -6.082, -4.633, -3.006, -1.3545, 0.301, 1.601, 2.256, 2.016, 0.956, -0.8223, -3.174, -6.09, -9.38, -12.97, -17.02, -21.19, -25.05, -28.02, -29.5, -29.16, -27.02, -23.58, -19.45, -15.44, -12.27, -10.414, -10.12, -11.125, -13.016, -15.44, -17.83, -19.7, -20.48, -19.72, -17.44, -13.555, -8.39, -2.328, 4.266, 10.914, 17.22, 22.92, 27.83, 32.03, 35.53, 38.12, 39.88, 40.62, 40.53, 39.44, 37.78, 35.3, 32.78, 29.89, 27.45, 25.36, 24.05, 23.36, 23.4, 24.0, 24.7, 25.31, 25.42, 25.0, 23.97, 22.47, 20.8, 18.9, 16.97, 15.01, 13.27, 11.63, 10.18, 8.984, 7.93, 7.105, 6.438, 5.938, 5.62, 5.355, 5.16, 4.957, 4.715, 4.36, 3.914, 3.334, 2.562, 1.644, 0.5806, -0.69, -2.023, -3.363, -4.676, -5.875, -6.863, -7.527, -7.92, -7.984, -7.78, -7.26, -6.625, -5.945, -5.38, -4.934, -4.707, -4.938, -5.773, -7.125, -8.91, -10.97, -13.05, -14.9, -16.45, -17.44, -17.7, -17.17, -15.68, -13.36, -10.22, -6.555, -2.568, 1.197, 4.29, 6.074, 6.664, 5.855, 3.99, 1.366, -1.506, -3.838, -4.547, -2.793, 1.641, 8.14, 15.79, 23.05, 28.97, 32.3, 33.4, 32.28, 30.33, 27.56, 24.84, 21.6, 18.02, 13.85, 9.88, 6.45, 4.04, 2.658, 1.93, 1.4795, 1.076, 0.4502, -0.3726, -1.272, -2.146
-4.008, -4.793, -5.457, -5.82, -5.785, -5.234, -4.082, -2.56, -1.067, 0.07306, 0.6865, 0.7837, 0.1764, -1.216, -3.35, -6.04, -9.03, -11.93, -14.39, -16.08, -16.78, -16.27, -14.81, -12.39, -9.45, -6.36, -3.611, -1.526, -0.3225, -0.2314, -1.254, -3.076, -5.25, -7.29, -8.9, -10.06, -10.82, -11.02, -10.81, -10.22, -9.266, -8.12, -6.78, -5.215, -3.383, -1.386, 0.6494, 2.613, 3.98, 4.56, 4.207, 3.045, 1.089, -1.443, -4.516, -8.02, -11.95, -16.38, -21.03, -25.44, -29.05, -31.17, -31.42, -29.52, -25.94, -21.52, -16.89, -13.03, -10.445, -9.48, -9.99, -11.45, -13.66, -16.06, -17.88, -18.62, -17.72, -15.29, -11.266, -6.125, -0.1537, 6.31, 12.73, 18.77, 24.14, 28.8, 32.72, 36.0, 38.34, 39.75, 40.2, 39.78, 38.4, 36.4, 33.72, 30.89, 27.83, 25.2, 23.17, 21.89, 21.28, 21.5, 22.3, 23.45, 24.53, 25.27, 25.31, 24.64, 23.45, 21.8, 19.94, 17.97, 15.98, 14.13, 12.39, 10.85, 9.516, 8.42, 7.55, 6.816, 6.207, 5.824, 5.496, 5.277, 5.1, 4.93, 4.676, 4.344, 3.877, 3.225, 2.482, 1.551, 0.4111, -0.8013, -2.066, -3.352, -4.598, -5.66, -6.504, -7.047, -7.266, -7.152, -6.715, -6.17, -5.55, -4.93, -4.453, -4.26, -4.55, -5.332, -6.613, -8.28, -10.125, -11.984, -13.664, -15.08, -15.91, -16.0, -15.055, -13.27, -10.58, -7.06, -3.006, 1.115, 4.758, 7.55, 9.01, 9.16, 7.938, 5.84, 3.139, 0.2249, -2.234, -3.166, -1.593, 2.95, 9.84, 17.7, 25.16, 31.05, 34.22, 35.06, 33.66, 31.52, 28.66, 25.9, 23.06, 19.9, 16.1, 12.055, 8.21, 5.18, 3.232, 2.12, 1.409, 0.785, -0.05624, -1.09, -2.191, -3.209
-5.156, -5.9, -6.414, -6.46, -6.03, -5.016, -3.477, -1.582, 0.1866, 1.607, 2.479, 2.686, 2.012, 0.4197, -2.102, -5.28, -8.92, -12.57, -15.85, -18.31, -19.6, -19.55, -18.31, -15.76, -12.5, -8.92, -5.484, -2.777, -1.073, -0.5176, -1.229, -2.857, -4.887, -6.82, -8.38, -9.53, -10.26, -10.49, -10.336, -9.77, -8.78, -7.484, -5.926, -4.098, -1.894, 0.5493, 2.963, 5.19, 6.637, 7.168, 6.71, 5.473, 3.436, 0.787, -2.45, -6.094, -10.234, -14.805, -19.77, -24.67, -29.03, -31.81, -32.5, -30.92, -27.48, -22.95, -17.95, -13.69, -10.555, -8.96, -8.92, -9.93, -11.69, -13.86, -15.695, -16.4, -15.65, -13.234, -9.31, -4.203, 1.797, 8.16, 14.43, 20.27, 25.36, 29.84, 33.6, 36.56, 38.62, 39.8, 39.94, 39.2, 37.38, 35.1, 32.03, 28.98, 25.84, 23.31, 21.27, 20.02, 19.5, 19.81, 20.77, 22.17, 23.62, 24.77, 25.25, 24.98, 24.12, 22.77, 21.03, 19.12, 17.11, 15.08, 13.28, 11.7, 10.164, 8.96, 8.016, 7.152, 6.496, 6.008, 5.652, 5.426, 5.215, 5.062, 4.902, 4.668, 4.305, 3.809, 3.21, 2.41, 1.413, 0.3027, -0.871, -2.086, -3.309, -4.4, -5.355, -6.04, -6.37, -6.375, -6.13, -5.68, -5.113, -4.45, -3.943, -3.695, -3.93, -4.61, -5.69, -7.125, -8.66, -10.21, -11.59, -12.7, -13.3, -13.04, -11.914, -9.84, -6.77, -3.016, 1.045, 4.98, 8.31, 10.55, 11.664, 11.305, 9.81, 7.395, 4.547, 1.647, -0.755, -1.704, -0.2532, 4.27, 11.33, 19.36, 26.92, 32.8, 35.72, 36.47, 34.84, 32.34, 29.33, 26.58, 23.94, 21.25, 18.06, 14.17, 10.08, 6.516, 3.922, 2.324, 1.354, 0.592, -0.3237, -1.533, -2.902, -4.19
-5.973, -6.84, -7.258, -7.016, -6.137, -4.633, -2.666, -0.4016, 1.742, 3.553, 4.723, 5.14, 4.44, 2.71, -0.1239, -3.646, -7.87, -12.24, -16.36, -19.53, -21.66, -22.27, -21.34, -18.88, -15.42, -11.445, -7.473, -4.12, -1.77, -0.7065, -1.039, -2.404, -4.246, -5.996, -7.43, -8.516, -9.26, -9.62, -9.516, -8.98, -7.965, -6.504, -4.72, -2.562, 0.0351, 2.807, 5.566, 7.992, 9.48, 10.016, 9.58, 8.305, 6.203, 3.457, 0.1377, -3.62, -7.96, -12.62, -17.67, -22.81, -27.45, -30.84, -32.12, -31.23, -28.2, -23.84, -18.77, -14.13, -10.55, -8.33, -7.67, -8.18, -9.555, -11.48, -13.23, -14.02, -13.42, -11.09, -7.242, -2.174, 3.623, 9.69, 15.69, 21.25, 26.17, 30.47, 33.88, 36.62, 38.38, 39.3, 39.1, 38.2, 36.06, 33.47, 30.2, 26.98, 23.86, 21.34, 19.4, 18.27, 17.8, 18.11, 19.2, 20.75, 22.55, 24.0, 24.95, 25.16, 24.77, 23.62, 22.03, 20.25, 18.22, 16.22, 14.28, 12.52, 10.89, 9.586, 8.555, 7.594, 6.855, 6.258, 5.816, 5.547, 5.285, 5.17, 5.074, 4.918, 4.668, 4.32, 3.83, 3.121, 2.295, 1.35, 0.3013, -0.7964, -1.885, -2.906, -3.88, -4.64, -5.145, -5.418, -5.46, -5.137, -4.66, -4.035, -3.537, -3.186, -3.203, -3.64, -4.42, -5.523, -6.742, -7.93, -8.984, -9.73, -9.97, -9.45, -8.055, -5.72, -2.541, 1.206, 5.027, 8.664, 11.58, 13.34, 13.94, 13.16, 11.3, 8.53, 5.465, 2.592, 0.3064, -0.531, 0.9688, 5.4, 12.71, 21.02, 28.67, 34.56, 37.34, 37.84, 36.06, 33.25, 29.88, 26.9, 24.38, 22.03, 19.47, 15.99, 12.04, 8.09, 4.85, 2.717, 1.403, 0.4768, -0.4092, -1.628, -3.146, -4.71
-6.207, -7.305, -7.66, -7.18, -5.95, -4.023, -1.567, 1.195, 3.809, 5.98, 7.457, 8.03, 7.348, 5.6, 2.633, -1.237, -5.93, -10.88, -15.76, -19.78, -22.72, -23.98, -23.55, -21.5, -18.03, -13.72, -9.305, -5.38, -2.482, -0.893, -0.7563, -1.749, -3.316, -4.855, -6.164, -7.16, -7.844, -8.25, -8.266, -7.83, -6.8, -5.242, -3.26, -0.8066, 2.125, 5.3, 8.4, 10.914, 12.52, 13.1, 12.68, 11.37, 9.266, 6.445, 3.049, -0.7305, -4.977, -9.65, -14.65, -19.89, -24.8, -28.58, -30.47, -30.2, -27.89, -24.03, -19.3, -14.664, -10.8, -8.09, -6.758, -6.65, -7.406, -8.85, -10.46, -11.4, -11.086, -9.11, -5.547, -0.6685, 4.984, 10.91, 16.75, 22.17, 26.89, 30.97, 34.2, 36.7, 38.25, 39.0, 38.44, 37.25, 34.78, 31.94, 28.58, 25.33, 22.31, 19.92, 18.14, 17.1, 16.56, 16.9, 17.86, 19.42, 21.3, 22.98, 24.34, 24.92, 24.92, 24.12, 22.89, 21.28, 19.38, 17.45, 15.37, 13.5, 11.79, 10.37, 9.164, 8.03, 7.2, 6.508, 5.992, 5.684, 5.414, 5.3, 5.258, 5.17, 5.0, 4.746, 4.363, 3.762, 3.092, 2.28, 1.395, 0.477, -0.4302, -1.324, -2.256, -3.07, -3.768, -4.27, -4.574, -4.477, -4.17, -3.65, -3.102, -2.658, -2.436, -2.59, -3.066, -3.816, -4.617, -5.367, -6.027, -6.38, -6.285, -5.492, -3.91, -1.467, 1.632, 5.16, 8.68, 11.84, 14.3, 15.73, 15.88, 14.625, 12.28, 9.15, 5.73, 2.857, 0.8296, 0.2964, 1.94, 6.336, 13.63, 22.25, 30.03, 35.8, 38.66, 38.97, 36.88, 33.8, 30.1, 27.03, 24.48, 22.42, 20.31, 17.47, 13.83, 9.83, 6.23, 3.53, 1.795, 0.7363, -0.1359, -1.306, -2.836, -4.605
-5.977, -7.293, -7.69, -7.023, -5.426, -3.06, -0.0957, 3.098, 6.1, 8.664, 10.47, 11.14, 10.56, 8.836, 5.816, 1.793, -3.186, -8.62, -14.02, -18.84, -22.52, -24.53, -24.73, -23.2, -20.03, -15.68, -10.97, -6.527, -3.014, -0.917, -0.2957, -0.882, -2.133, -3.377, -4.5, -5.402, -6.07, -6.54, -6.65, -6.3, -5.348, -3.736, -1.608, 1.14, 4.414, 7.914, 11.25, 13.94, 15.67, 16.2, 15.91, 14.68, 12.66, 9.86, 6.418, 2.572, -1.631, -6.234, -11.04, -16.14, -20.92, -25.12, -27.61, -28.22, -26.77, -23.69, -19.55, -15.12, -11.16, -8.15, -6.28, -5.547, -5.742, -6.574, -7.83, -8.74, -8.734, -7.074, -3.812, 0.773, 6.125, 11.78, 17.38, 22.55, 27.11, 31.03, 34.1, 36.47, 37.72, 38.25, 37.53, 36.06, 33.47, 30.4, 26.92, 23.67, 20.94, 18.75, 17.12, 16.25, 15.71, 15.914, 16.75, 18.14, 19.88, 21.64, 23.2, 24.27, 24.69, 24.34, 23.5, 22.17, 20.56, 18.61, 16.56, 14.63, 12.77, 11.164, 9.77, 8.53, 7.574, 6.79, 6.164, 5.81, 5.51, 5.375, 5.34, 5.27, 5.19, 5.055, 4.754, 4.297, 3.773, 3.092, 2.404, 1.684, 0.9644, 0.1577, -0.6978, -1.531, -2.303, -2.975, -3.484, -3.746, -3.656, -3.281, -2.723, -2.256, -1.864, -1.698, -1.816, -2.135, -2.523, -2.877, -3.166, -3.225, -2.793, -1.812, -0.05548, 2.383, 5.34, 8.59, 11.82, 14.56, 16.55, 17.64, 17.38, 15.625, 12.72, 9.07, 5.37, 2.404, 0.5835, 0.332, 2.352, 7.004, 14.37, 23.22, 31.3, 37.2, 39.97, 40.03, 37.7, 34.22, 30.16, 26.81, 24.16, 22.28, 20.55, 18.34, 15.31, 11.555, 7.734, 4.54, 2.393, 1.154, 0.307, -0.7236, -2.184, -4.074
-5.36, -6.9, -7.383, -6.586, -4.625, -1.821, 1.579, 5.19, 8.68, 11.66, 13.67, 14.46, 13.93, 12.25, 9.34, 5.312, 0.334, -5.473, -11.33, -16.81, -21.12, -23.9, -24.83, -23.88, -21.11, -16.98, -12.25, -7.555, -3.637, -1.001, 0.1838, 0.09863, -0.749, -1.687, -2.559, -3.32, -3.932, -4.406, -4.652, -4.47, -3.62, -2.059, 0.191, 3.219, 6.703, 10.47, 14.125, 16.95, 18.8, 19.42, 19.22, 18.03, 16.17, 13.445, 10.164, 6.38, 2.168, -2.38, -7.047, -11.94, -16.7, -20.84, -23.84, -25.31, -24.98, -22.83, -19.7, -15.82, -12.09, -8.87, -6.477, -5.047, -4.523, -4.67, -5.4, -6.168, -6.344, -5.176, -2.436, 1.6875, 6.766, 12.24, 17.75, 22.8, 27.25, 31.12, 34.03, 36.25, 37.34, 37.72, 36.8, 35.06, 32.3, 29.03, 25.69, 22.62, 20.14, 18.22, 16.75, 15.87, 15.22, 15.21, 15.68, 16.84, 18.45, 20.22, 21.88, 23.22, 23.98, 24.19, 23.69, 22.8, 21.44, 19.67, 17.78, 15.86, 13.96, 12.21, 10.64, 9.22, 8.11, 7.15, 6.418, 5.95, 5.594, 5.414, 5.367, 5.344, 5.375, 5.31, 5.09, 4.777, 4.367, 3.875, 3.383, 2.832, 2.17, 1.424, 0.63, -0.1901, -0.9546, -1.703, -2.357, -2.84, -2.986, -2.842, -2.453, -1.949, -1.442, -1.047, -0.8003, -0.7314, -0.7324, -0.745, -0.668, -0.4656, 0.2551, 1.35, 3.139, 5.47, 8.25, 11.305, 14.195, 16.67, 18.3, 18.88, 18.05, 15.68, 12.02, 7.875, 3.94, 0.9795, -0.4048, -0.1088, 2.303, 7.254, 14.78, 23.83, 32.03, 38.06, 40.72, 40.7, 37.88, 34.16, 29.9, 26.45, 23.69, 21.89, 20.45, 18.81, 16.47, 13.15, 9.42, 5.86, 3.25, 1.692, 0.806, -0.07574, -1.383, -3.285
-4.65, -6.4, -6.99, -6.055, -3.729, -0.4976, 3.385, 7.42, 11.32, 14.57, 16.75, 17.56, 17.22, 15.555, 12.97, 9.11, 4.258, -1.578, -7.703, -13.61, -18.5, -21.94, -23.66, -23.47, -21.39, -17.69, -13.016, -8.266, -4.13, -1.071, 0.6035, 1.028, 0.693, 0.1455, -0.4375, -1.015, -1.497, -1.988, -2.324, -2.27, -1.602, -0.1599, 2.156, 5.316, 9.055, 13.07, 16.89, 19.81, 21.72, 22.53, 22.34, 21.33, 19.6, 17.08, 13.89, 10.29, 6.29, 1.961, -2.54, -7.22, -11.92, -16.23, -19.75, -21.92, -22.58, -21.77, -19.67, -16.69, -13.47, -10.33, -7.668, -5.645, -4.332, -3.664, -3.635, -3.916, -4.035, -3.252, -1.07, 2.434, 7.125, 12.36, 17.62, 22.56, 26.98, 30.73, 33.66, 35.78, 36.72, 36.94, 35.9, 33.94, 31.06, 27.7, 24.42, 21.6, 19.4, 17.78, 16.52, 15.586, 14.87, 14.664, 14.86, 15.63, 16.94, 18.45, 20.12, 21.66, 22.8, 23.4, 23.47, 23.0, 22.02, 20.64, 19.0, 17.14, 15.26, 13.43, 11.71, 10.13, 8.86, 7.7, 6.79, 6.156, 5.7, 5.49, 5.426, 5.426, 5.484, 5.445, 5.34, 5.18, 4.9, 4.562, 4.17, 3.643, 2.928, 2.068, 1.163, 0.3167, -0.3691, -0.9883, -1.486, -1.885, -2.168, -2.225, -1.989, -1.562, -1.022, -0.534, -0.1017, 0.2473, 0.5576, 0.8716, 1.229, 1.699, 2.543, 3.75, 5.5, 7.734, 10.42, 13.195, 15.78, 17.95, 19.2, 19.2, 17.58, 14.37, 10.06, 5.395, 1.387, -1.43, -2.293, -1.245, 1.698, 7.06, 14.88, 24.19, 32.72, 38.84, 41.28, 41.06, 37.84, 33.8, 29.3, 25.78, 23.0, 21.27, 19.92, 18.6, 16.88, 14.29, 10.94, 7.273, 4.234, 2.205, 1.137, 0.3738, -0.698, -2.467
-3.898, -5.742, -6.47, -5.477, -2.861, 0.842, 5.176, 9.65, 13.945, 17.36, 19.75, 20.6, 20.39, 18.88, 16.53, 12.94, 8.37, 2.703, -3.389, -9.56, -14.92, -19.0, -21.44, -21.95, -20.48, -17.48, -13.336, -8.86, -4.734, -1.392, 0.7505, 1.74, 1.959, 1.857, 1.616, 1.361, 1.114, 0.7593, 0.4182, 0.3398, 0.768, 2.018, 4.258, 7.402, 11.25, 15.4, 19.27, 22.38, 24.44, 25.38, 25.36, 24.5, 23.0, 20.69, 17.7, 14.234, 10.42, 6.293, 1.967, -2.559, -7.15, -11.53, -15.34, -18.22, -20.06, -20.45, -19.73, -17.89, -15.43, -12.625, -9.83, -7.34, -5.277, -3.76, -2.861, -2.377, -2.125, -1.5625, 0.09595, 2.97, 7.082, 12.02, 17.27, 22.23, 26.69, 30.39, 33.34, 35.34, 36.34, 36.28, 35.22, 32.97, 30.0, 26.66, 23.5, 21.0, 19.08, 17.72, 16.58, 15.59, 14.72, 14.18, 14.05, 14.445, 15.43, 16.73, 18.28, 19.86, 21.27, 22.25, 22.7, 22.75, 22.25, 21.31, 19.94, 18.36, 16.56, 14.83, 13.016, 11.36, 9.91, 8.53, 7.41, 6.566, 5.855, 5.52, 5.42, 5.414, 5.516, 5.613, 5.613, 5.6, 5.49, 5.227, 4.82, 4.074, 2.969, 1.664, 0.3945, -0.5513, -1.066, -1.181, -1.176, -1.246, -1.384, -1.52, -1.478, -1.229, -0.6943, -0.1509, 0.3945, 0.954, 1.423, 1.99, 2.477, 3.062, 3.947, 5.21, 6.88, 9.04, 11.54, 14.125, 16.52, 18.23, 18.88, 18.03, 15.48, 11.336, 6.35, 1.383, -2.527, -4.812, -5.027, -3.076, 0.696, 6.613, 14.8, 24.28, 32.9, 39.16, 41.53, 41.0, 37.44, 33.12, 28.53, 25.0, 22.31, 20.53, 19.19, 18.06, 16.84, 14.88, 12.1, 8.61, 5.3, 2.764, 1.308, 0.5083, -0.3018, -1.787
-3.135, -5.082, -5.992, -4.99, -2.072, 2.07, 6.863, 11.805, 16.47, 20.02, 22.52, 23.56, 23.45, 22.11, 19.97, 16.62, 12.41, 7.2, 1.372, -4.723, -10.414, -15.055, -18.16, -19.38, -18.77, -16.58, -13.18, -9.25, -5.363, -1.98, 0.4414, 1.985, 2.814, 3.209, 3.389, 3.555, 3.604, 3.54, 3.387, 3.271, 3.482, 4.44, 6.395, 9.336, 13.125, 17.33, 21.42, 24.72, 26.94, 28.05, 28.3, 27.64, 26.22, 24.12, 21.34, 18.08, 14.49, 10.67, 6.617, 2.33, -2.14, -6.54, -10.8, -14.42, -17.17, -18.84, -19.45, -18.97, -17.62, -15.56, -13.055, -10.36, -7.746, -5.348, -3.414, -1.987, -1.014, -0.1398, 1.242, 3.59, 7.01, 11.47, 16.38, 21.3, 25.75, 29.62, 32.56, 34.56, 35.62, 35.5, 34.3, 31.84, 28.88, 25.53, 22.58, 20.27, 18.6, 17.44, 16.38, 15.42, 14.48, 13.695, 13.33, 13.38, 13.96, 14.89, 16.25, 17.77, 19.23, 20.52, 21.28, 21.88, 21.86, 21.38, 20.52, 19.33, 17.83, 16.23, 14.51, 12.85, 11.31, 9.77, 8.37, 7.195, 6.223, 5.637, 5.383, 5.34, 5.47, 5.656, 5.824, 5.977, 5.953, 5.703, 5.105, 3.799, 1.879, -0.3147, -2.303, -3.502, -3.818, -3.17, -2.254, -1.419, -0.9116, -0.736, -0.677, -0.5312, -0.11926, 0.3093, 0.816, 1.343, 1.8955, 2.576, 3.127, 3.797, 4.71, 5.895, 7.55, 9.586, 11.81, 14.22, 16.12, 17.27, 16.88, 14.945, 11.27, 6.324, 0.8457, -3.994, -7.54, -9.06, -8.37, -5.445, -0.7617, 5.82, 14.41, 24.3, 33.06, 39.34, 41.47, 40.53, 36.7, 32.22, 27.61, 24.2, 21.53, 19.67, 18.3, 17.17, 16.2, 14.914, 12.836, 9.85, 6.453, 3.44, 1.501, 0.531, -0.1182, -1.256
-2.4, -4.277, -5.285, -4.367, -1.39, 3.156, 8.41, 13.695, 18.62, 22.48, 25.16, 26.33, 26.56, 25.5, 23.4, 20.17, 16.16, 11.31, 5.95, 0.1931, -5.45, -10.414, -14.04, -16.05, -16.28, -15.02, -12.625, -9.51, -6.176, -3.076, -0.5576, 1.354, 2.668, 3.666, 4.41, 5.133, 5.71, 6.168, 6.414, 6.43, 6.54, 7.176, 8.65, 11.16, 14.73, 18.75, 22.89, 26.33, 28.9, 30.34, 30.84, 30.5, 29.42, 27.45, 24.84, 21.56, 18.02, 14.43, 10.664, 6.812, 2.611, -1.611, -5.94, -10.08, -13.7, -16.7, -18.83, -19.9, -19.94, -18.8, -16.88, -14.32, -11.375, -8.29, -5.4, -2.928, -1.006, 0.4583, 1.928, 3.92, 6.785, 10.68, 15.42, 20.25, 24.83, 28.77, 31.9, 33.9, 35.06, 34.8, 33.56, 31.06, 27.95, 24.7, 21.9, 19.83, 18.28, 17.14, 16.1, 15.08, 14.086, 13.13, 12.55, 12.305, 12.53, 13.234, 14.266, 15.61, 17.12, 18.45, 19.48, 20.33, 20.75, 20.86, 20.45, 19.75, 18.77, 17.56, 16.02, 14.51, 12.945, 11.31, 9.734, 8.28, 6.94, 5.99, 5.43, 5.258, 5.383, 5.64, 5.96, 6.297, 6.348, 5.98, 4.914, 2.693, -0.4995, -4.023, -7.133, -8.83, -8.79, -7.188, -4.926, -2.654, -1.059, -0.3062, 0.0855, 0.3298, 0.524, 0.7524, 1.056, 1.476, 2.096, 2.781, 3.396, 4.152, 4.96, 6.023, 7.688, 9.625, 11.68, 13.67, 14.7, 14.7, 12.85, 9.516, 4.57, -1.008, -6.355, -10.72, -13.34, -13.79, -11.9, -7.83, -2.1, 5.188, 14.18, 24.38, 33.12, 39.3, 41.16, 39.88, 35.78, 31.25, 26.66, 23.25, 20.64, 18.84, 17.33, 16.12, 15.24, 14.39, 13.03, 10.71, 7.62, 4.355, 1.932, 0.5586, -0.09607, -0.8574
-1.675, -3.42, -4.555, -3.832, -0.8047, 4.04, 9.69, 15.336, 20.56, 24.7, 27.6, 29.16, 29.7, 28.89, 26.98, 23.77, 19.72, 15.02, 10.08, 4.902, -0.3552, -5.348, -9.36, -11.98, -13.14, -12.875, -11.52, -9.516, -7.082, -4.69, -2.5, -0.595, 1.139, 2.812, 4.28, 5.742, 7.06, 8.164, 8.98, 9.414, 9.62, 10.016, 11.016, 12.97, 16.0, 19.77, 23.77, 27.34, 30.16, 32.0, 33.0, 33.0, 32.34, 30.56, 28.16, 24.92, 21.23, 17.62, 14.086, 10.586, 6.945, 3.04, -1.199, -5.562, -9.81, -13.875, -17.42, -19.94, -21.55, -21.86, -20.92, -18.77, -15.82, -12.36, -8.74, -5.293, -2.334, 0.08496, 2.096, 4.05, 6.562, 9.875, 14.11, 18.81, 23.36, 27.45, 30.75, 32.84, 34.16, 33.94, 32.72, 30.17, 27.03, 23.75, 21.03, 19.05, 17.58, 16.47, 15.45, 14.4, 13.39, 12.51, 11.85, 11.44, 11.35, 11.68, 12.44, 13.47, 14.76, 16.03, 17.27, 18.36, 19.14, 19.66, 19.81, 19.73, 19.25, 18.39, 17.27, 16.03, 14.68, 13.09, 11.47, 9.7, 8.04, 6.664, 5.734, 5.316, 5.344, 5.664, 6.125, 6.562, 6.594, 5.92, 4.188, 0.708, -4.098, -9.36, -13.68, -15.945, -15.56, -12.79, -8.78, -4.84, -1.934, -0.3525, 0.4807, 0.7246, 0.605, 0.545, 0.548, 0.8965, 1.603, 2.549, 3.457, 4.31, 5.188, 6.285, 7.824, 9.43, 10.99, 11.82, 11.35, 9.59, 5.984, 1.229, -4.51, -10.21, -14.91, -18.17, -19.44, -18.52, -15.26, -10.13, -3.47, 4.656, 14.12, 24.47, 33.25, 39.22, 40.72, 39.1, 34.75, 30.19, 25.64, 22.33, 19.72, 17.84, 16.22, 14.87, 13.945, 13.35, 12.625, 11.14, 8.57, 5.363, 2.557, 0.7563, -0.0155, -0.4983
-0.9917, -2.355, -3.465, -2.896, -0.03029, 4.824, 10.75, 16.67, 22.1, 26.45, 29.66, 31.66, 32.5, 32.1, 30.33, 27.11, 22.92, 18.14, 13.48, 8.94, 4.355, -0.1687, -4.234, -7.332, -9.27, -10.03, -9.87, -9.09, -8.01, -6.777, -5.4, -3.959, -2.246, -0.149, 2.166, 4.62, 6.98, 9.086, 10.74, 11.84, 12.53, 13.02, 13.65, 14.87, 17.05, 20.06, 23.61, 27.19, 30.28, 32.7, 34.0, 34.56, 34.25, 33.0, 30.67, 27.52, 23.77, 19.92, 16.45, 13.25, 10.15, 6.91, 3.266, -0.9224, -5.44, -10.13, -14.65, -18.78, -22.03, -23.88, -24.23, -23.1, -20.61, -16.98, -12.94, -8.69, -4.797, -1.552, 1.211, 3.572, 5.973, 9.01, 12.93, 17.38, 21.94, 26.06, 29.52, 31.86, 33.2, 33.06, 31.77, 29.34, 26.33, 23.11, 20.39, 18.3, 16.77, 15.586, 14.52, 13.43, 12.44, 11.56, 10.92, 10.49, 10.32, 10.45, 10.88, 11.6, 12.63, 13.68, 14.875, 16.0, 16.97, 17.8, 18.45, 18.81, 18.81, 18.53, 17.92, 17.14, 16.1, 14.76, 13.19, 11.34, 9.42, 7.72, 6.383, 5.605, 5.39, 5.66, 6.17, 6.664, 6.69, 5.69, 3.084, -1.659, -8.07, -14.96, -20.61, -23.4, -22.77, -18.92, -13.42, -7.875, -3.543, -0.944, 0.1619, 0.08997, -0.663, -1.553, -2.1, -1.868, -0.752, 0.8633, 2.549, 3.957, 5.22, 6.434, 7.758, 8.62, 8.92, 7.895, 5.316, 1.38, -3.98, -9.72, -15.266, -20.14, -23.61, -25.36, -24.94, -22.42, -17.89, -11.67, -4.31, 4.445, 14.33, 24.8, 33.34, 39.0, 40.16, 38.28, 33.88, 29.28, 24.62, 21.25, 18.56, 16.66, 14.97, 13.49, 12.45, 11.97, 11.67, 10.91, 9.11, 6.273, 3.355, 1.169, 0.129, -0.2471
-0.401, -1.245, -2.205, -1.881, 0.677, 5.41, 11.35, 17.45, 23.11, 27.81, 31.36, 33.7, 34.94, 34.75, 33.2, 30.05, 25.64, 20.56, 15.85, 11.71, 8.03, 4.42, 0.9683, -2.1, -4.508, -6.156, -7.13, -7.76, -8.2, -8.45, -8.52, -8.22, -7.223, -5.184, -2.213, 1.317, 4.934, 8.22, 10.93, 12.94, 14.31, 15.22, 15.83, 16.62, 18.02, 20.16, 22.97, 26.17, 29.2, 31.88, 33.72, 34.8, 35.06, 34.12, 32.34, 29.28, 25.48, 21.48, 17.78, 14.67, 12.125, 9.61, 6.65, 3.135, -1.066, -5.93, -11.07, -16.3, -20.83, -24.27, -26.27, -26.25, -24.61, -21.58, -17.5, -12.82, -8.28, -4.12, -0.5034, 2.508, 5.184, 8.0, 11.52, 15.6, 20.14, 24.36, 27.94, 30.5, 31.95, 32.1, 30.81, 28.45, 25.39, 22.14, 19.23, 17.05, 15.47, 14.2, 13.086, 12.09, 11.19, 10.45, 9.93, 9.586, 9.38, 9.336, 9.516, 9.95, 10.61, 11.41, 12.4, 13.49, 14.59, 15.56, 16.44, 17.2, 17.77, 17.97, 17.9, 17.47, 16.75, 15.766, 14.51, 12.84, 10.93, 9.03, 7.324, 6.168, 5.652, 5.715, 6.23, 6.758, 6.664, 5.316, 2.043, -3.705, -11.37, -19.47, -26.22, -29.42, -28.5, -23.81, -17.16, -10.414, -5.18, -2.092, -1.157, -2.125, -4.133, -6.527, -7.93, -7.992, -6.188, -3.37, -0.2625, 2.438, 4.43, 5.727, 6.543, 6.18, 4.445, 0.9507, -4.09, -9.95, -16.12, -21.72, -26.45, -29.7, -31.53, -31.38, -29.39, -25.53, -19.77, -12.74, -4.684, 4.523, 14.66, 25.25, 33.56, 38.78, 39.53, 37.62, 33.16, 28.47, 23.62, 19.98, 17.12, 15.17, 13.42, 11.94, 10.805, 10.33, 10.336, 10.15, 9.14, 6.953, 4.195, 1.725, 0.3257, -0.0653
-0.04333, -0.2466, -0.7896, -0.5513, 1.556, 5.87, 11.664, 17.78, 23.42, 28.31, 32.03, 34.6, 36.0, 36.03, 34.66, 31.62, 27.2, 21.9, 16.94, 13.086, 10.24, 7.895, 5.5, 2.994, 0.646, -1.317, -3.08, -4.84, -6.64, -8.61, -10.52, -12.07, -12.65, -11.55, -8.73, -4.42, 0.533, 5.26, 9.305, 12.51, 14.77, 16.2, 17.06, 17.66, 18.52, 19.8, 21.72, 24.22, 26.95, 29.5, 31.67, 33.06, 33.75, 33.4, 31.9, 29.4, 25.92, 21.84, 18.03, 14.82, 12.56, 10.836, 8.84, 6.152, 2.578, -1.844, -7.043, -12.72, -18.23, -23.03, -26.38, -27.86, -27.44, -25.12, -21.39, -16.77, -11.91, -7.242, -3.01, 0.5796, 3.723, 6.742, 10.19, 14.07, 18.39, 22.58, 26.28, 28.89, 30.5, 30.81, 29.78, 27.56, 24.47, 21.08, 18.05, 15.6, 13.914, 12.555, 11.375, 10.414, 9.61, 8.99, 8.62, 8.44, 8.33, 8.28, 8.33, 8.53, 8.91, 9.41, 10.13, 11.0, 11.97, 12.93, 13.875, 14.97, 15.82, 16.42, 16.78, 16.77, 16.53, 16.03, 15.08, 13.766, 12.09, 10.195, 8.37, 6.95, 6.09, 5.88, 6.234, 6.688, 6.52, 5.02, 1.431, -4.76, -12.914, -21.61, -28.77, -32.2, -31.19, -26.25, -19.06, -11.77, -6.258, -3.332, -3.127, -5.336, -9.125, -13.51, -16.42, -17.06, -14.836, -10.55, -5.594, -1.157, 1.924, 3.412, 3.457, 1.31, -2.85, -8.91, -15.88, -22.58, -28.25, -32.78, -35.78, -37.2, -37.16, -35.38, -32.03, -26.9, -20.48, -12.984, -4.63, 5.066, 15.32, 25.77, 33.6, 38.4, 39.0, 37.03, 32.5, 27.44, 22.17, 18.19, 15.19, 13.18, 11.52, 10.19, 9.06, 8.555, 8.62, 8.87, 8.59, 7.15, 4.81, 2.266, 0.525, -0.03934
-0.0714, 0.2068, 0.2297, 0.6353, 2.355, 6.062, 11.336, 17.2, 22.89, 27.81, 31.67, 34.25, 35.78, 35.9, 34.5, 31.52, 27.11, 21.73, 16.53, 12.71, 10.47, 9.375, 8.445, 7.062, 5.367, 3.568, 1.605, -0.722, -3.52, -6.742, -10.41, -14.125, -16.95, -17.62, -15.836, -11.586, -5.89, 0.189, 5.516, 9.85, 13.055, 15.22, 16.56, 17.36, 18.08, 18.9, 20.14, 21.9, 24.05, 26.14, 28.23, 29.8, 30.77, 30.73, 29.81, 27.78, 24.78, 21.02, 17.06, 13.83, 11.74, 10.59, 9.484, 7.723, 5.03, 1.35, -3.262, -8.734, -14.52, -20.06, -24.56, -27.36, -28.2, -26.97, -24.08, -19.94, -15.18, -10.18, -5.543, -1.535, 2.002, 5.19, 8.62, 12.38, 16.56, 20.64, 24.31, 27.0, 28.7, 29.16, 28.31, 26.05, 22.88, 19.23, 16.02, 13.445, 11.67, 10.37, 9.28, 8.38, 7.727, 7.3, 7.125, 7.09, 7.12, 7.152, 7.133, 7.188, 7.367, 7.625, 8.055, 8.695, 9.414, 10.266, 11.23, 12.375, 13.41, 14.27, 14.88, 15.266, 15.38, 15.14, 14.57, 13.71, 12.51, 10.92, 9.25, 7.71, 6.59, 6.11, 6.207, 6.51, 6.305, 4.76, 1.249, -4.69, -12.52, -20.78, -27.53, -30.77, -29.73, -24.94, -18.1, -11.22, -6.176, -3.926, -4.72, -8.37, -14.164, -20.72, -25.56, -27.17, -24.83, -19.39, -12.76, -6.785, -2.568, -0.9297, -1.836, -5.87, -12.16, -19.78, -27.48, -33.7, -38.28, -40.8, -42.06, -41.84, -40.3, -37.25, -32.8, -26.97, -20.2, -12.484, -3.889, 5.934, 16.14, 26.11, 33.4, 37.78, 38.3, 36.12, 31.36, 25.77, 20.05, 15.82, 12.78, 10.91, 9.43, 8.266, 7.234, 6.75, 6.863, 7.344, 7.54, 6.816, 5.094, 2.762, 0.762, -0.1434
-0.504, 0.07263, 0.7285, 1.528, 3.043, 6.035, 10.54, 15.85, 21.19, 25.89, 29.7, 32.2, 33.53, 33.53, 32.22, 29.25, 24.92, 19.73, 14.66, 10.96, 9.18, 8.93, 9.234, 9.12, 8.33, 6.996, 5.29, 2.986, -0.01749, -3.83, -8.59, -13.96, -18.94, -21.81, -21.77, -18.5, -12.91, -6.21, 0.1621, 5.49, 9.57, 12.375, 14.16, 15.22, 16.02, 16.73, 17.61, 18.92, 20.53, 22.19, 23.9, 25.23, 26.17, 26.39, 25.75, 24.2, 21.73, 18.42, 14.88, 11.836, 9.96, 9.17, 8.78, 7.9, 6.117, 3.365, -0.3257, -4.97, -10.4, -16.06, -21.12, -24.94, -26.88, -26.73, -24.83, -21.48, -17.16, -12.55, -7.848, -3.63, 0.1842, 3.617, 7.082, 10.7, 14.66, 18.56, 22.0, 24.83, 26.47, 27.06, 26.25, 23.97, 20.61, 16.8, 13.41, 10.836, 9.12, 7.926, 7.008, 6.22, 5.68, 5.363, 5.355, 5.492, 5.66, 5.79, 5.797, 5.812, 5.91, 5.99, 6.188, 6.562, 7.062, 7.72, 8.54, 9.53, 10.58, 11.52, 12.266, 12.83, 13.19, 13.23, 13.016, 12.56, 11.8, 10.664, 9.31, 8.02, 6.855, 6.22, 6.098, 6.184, 5.887, 4.516, 1.487, -3.488, -10.06, -17.17, -23.03, -25.78, -24.84, -20.56, -14.695, -8.87, -4.8, -3.547, -5.2, -9.94, -17.36, -25.8, -32.22, -34.94, -32.94, -27.16, -19.7, -12.695, -7.74, -6.3, -8.055, -13.26, -20.77, -28.8, -36.0, -41.06, -44.12, -45.06, -44.72, -43.03, -40.38, -36.56, -31.53, -25.56, -18.83, -11.14, -2.621, 7.04, 16.88, 26.06, 32.7, 36.5, 36.97, 34.44, 29.17, 22.9, 16.92, 12.61, 9.83, 8.164, 7.035, 6.164, 5.402, 4.992, 5.035, 5.605, 6.098, 5.926, 4.832, 2.857, 0.833, -0.4133
-1.224, -0.693, 0.381, 1.564, 3.04, 5.48, 9.05, 13.61, 18.36, 22.61, 26.2, 28.56, 29.72, 29.62, 28.05, 25.06, 20.7, 15.77, 11.164, 7.867, 6.508, 6.78, 7.926, 8.766, 8.84, 8.16, 6.824, 4.91, 2.252, -1.297, -6.07, -11.984, -18.17, -23.02, -25.0, -23.34, -18.64, -12.27, -5.754, 0.0641, 4.62, 7.844, 9.96, 11.33, 12.266, 13.25, 14.234, 15.28, 16.64, 17.9, 19.22, 20.28, 20.94, 21.2, 20.73, 19.47, 17.4, 14.625, 11.53, 8.87, 7.277, 6.855, 6.984, 6.855, 5.86, 4.027, 1.362, -2.13, -6.453, -11.46, -16.44, -20.69, -23.38, -24.38, -23.47, -21.1, -17.56, -13.5, -9.19, -5.164, -1.435, 2.045, 5.418, 8.91, 12.58, 16.25, 19.36, 21.97, 23.58, 23.98, 22.97, 20.56, 16.97, 13.18, 9.875, 7.58, 6.062, 5.1, 4.453, 3.883, 3.578, 3.416, 3.477, 3.723, 3.977, 4.152, 4.227, 4.266, 4.293, 4.32, 4.426, 4.598, 4.902, 5.367, 5.97, 6.793, 7.652, 8.55, 9.266, 9.92, 10.31, 10.52, 10.516, 10.33, 9.93, 9.22, 8.414, 7.51, 6.56, 5.93, 5.66, 5.535, 5.16, 4.062, 1.733, -1.966, -6.816, -12.15, -16.47, -18.56, -17.7, -14.375, -9.78, -5.4, -2.604, -2.133, -4.44, -9.72, -17.7, -26.88, -34.3, -37.8, -36.6, -31.27, -24.03, -17.16, -12.41, -11.01, -13.07, -18.3, -25.44, -33.12, -39.56, -43.44, -45.1, -44.94, -43.78, -41.34, -38.03, -33.94, -29.03, -23.3, -16.69, -9.32, -1.142, 7.98, 17.14, 25.2, 31.02, 34.34, 34.3, 31.16, 25.25, 18.64, 12.766, 8.82, 6.54, 5.312, 4.58, 4.016, 3.545, 3.297, 3.385, 3.906, 4.445, 4.63, 4.082, 2.656, 0.8003, -0.7393
-1.782, -1.524, -0.462, 0.8584, 2.361, 4.363, 7.13, 10.62, 14.42, 17.94, 20.97, 22.97, 23.84, 23.47, 21.8, 18.69, 14.76, 10.49, 6.812, 4.395, 3.59, 4.133, 5.496, 6.746, 7.254, 7.0, 6.09, 4.66, 2.727, 0.1195, -3.639, -8.79, -14.98, -20.72, -24.22, -24.52, -21.4, -16.19, -10.4, -4.977, -0.59, 2.572, 4.848, 6.406, 7.605, 8.78, 10.0, 11.11, 12.32, 13.336, 14.28, 14.92, 15.44, 15.46, 14.984, 13.78, 12.04, 9.79, 7.305, 5.33, 4.305, 4.188, 4.613, 4.89, 4.453, 3.424, 1.803, -0.501, -3.463, -7.18, -11.33, -15.3, -18.3, -19.95, -20.06, -18.73, -16.14, -12.9, -9.31, -5.76, -2.326, 0.9624, 4.094, 7.21, 10.44, 13.62, 16.3, 18.45, 19.7, 19.78, 18.3, 15.69, 12.164, 8.734, 5.92, 4.17, 3.088, 2.39, 2.014, 1.66, 1.52, 1.472, 1.595, 1.844, 2.113, 2.297, 2.4, 2.44, 2.447, 2.46, 2.564, 2.646, 2.793, 3.113, 3.537, 4.15, 4.78, 5.484, 6.066, 6.613, 6.984, 7.207, 7.266, 7.285, 7.09, 6.742, 6.348, 5.87, 5.324, 4.863, 4.59, 4.375, 3.969, 3.16, 1.608, -0.7397, -3.77, -7.188, -9.984, -11.17, -10.44, -8.02, -4.824, -1.976, -0.4521, -0.717, -3.098, -7.695, -14.77, -23.33, -30.73, -34.78, -34.47, -30.45, -24.45, -18.61, -14.43, -13.19, -14.74, -18.92, -24.98, -31.77, -37.3, -40.72, -41.8, -41.3, -39.44, -36.88, -33.47, -29.53, -24.88, -19.61, -13.67, -6.945, 0.4556, 8.516, 16.34, 23.22, 28.1, 30.4, 29.55, 25.5, 19.27, 12.98, 7.977, 4.914, 3.363, 2.637, 2.268, 2.004, 1.809, 1.772, 1.911, 2.27, 2.658, 2.953, 2.82, 1.958, 0.4817, -1.029
-2.01, -2.057, -1.357, -0.2793, 1.035, 2.568, 4.53, 6.992, 9.734, 12.36, 14.6, 15.89, 16.36, 15.68, 13.84, 11.17, 8.02, 4.887, 2.432, 0.9937, 0.724, 1.302, 2.492, 3.672, 4.273, 4.258, 3.719, 2.79, 1.581, 0.0706, -2.193, -5.66, -10.36, -15.445, -19.52, -21.16, -19.9, -16.66, -12.5, -8.3, -4.69, -1.901, 0.2201, 1.837, 3.156, 4.36, 5.574, 6.67, 7.72, 8.54, 9.14, 9.48, 9.664, 9.5, 8.98, 7.875, 6.562, 4.89, 3.18, 1.964, 1.383, 1.507, 1.984, 2.344, 2.268, 1.765, 0.9175, -0.3025, -1.919, -4.184, -6.91, -9.83, -12.41, -14.125, -14.81, -14.31, -12.836, -10.58, -7.93, -5.242, -2.482, 0.1769, 2.773, 5.406, 7.95, 10.38, 12.305, 13.69, 14.14, 13.58, 11.86, 9.36, 6.496, 3.875, 1.992, 0.836, 0.2241, -0.089, -0.2405, -0.3843, -0.384, -0.3215, -0.1864, -0.00837, 0.184, 0.3516, 0.4116, 0.4512, 0.4421, 0.497, 0.5684, 0.6533, 0.753, 0.9707, 1.271, 1.644, 2.03, 2.47, 2.863, 3.215, 3.46, 3.686, 3.701, 3.77, 3.697, 3.559, 3.477, 3.283, 3.025, 2.81, 2.645, 2.53, 2.137, 1.546, 0.618, -0.675, -2.18, -3.807, -5.133, -5.57, -4.902, -3.309, -1.418, 0.0356, 0.512, -0.11694, -2.021, -5.34, -10.42, -16.89, -23.03, -26.92, -27.56, -25.02, -20.95, -16.75, -13.41, -11.95, -12.45, -15.15, -19.48, -24.88, -29.52, -32.72, -34.0, -33.78, -32.28, -30.03, -27.17, -23.73, -19.61, -15.19, -10.086, -4.395, 1.849, 8.31, 14.45, 19.53, 22.78, 23.66, 21.61, 17.16, 11.66, 6.766, 3.297, 1.443, 0.66, 0.3657, 0.2766, 0.2537, 0.2927, 0.3855, 0.4924, 0.702, 0.944, 1.204, 1.274, 0.868, -0.08215, -1.25
-2.023, -2.172, -1.882, -1.255, -0.4097, 0.4521, 1.598, 2.975, 4.438, 5.85, 6.945, 7.504, 7.508, 6.836, 5.473, 3.666, 1.843, 0.3035, -0.821, -1.383, -1.345, -0.8794, -0.1863, 0.4714, 0.8545, 0.869, 0.6084, 0.1859, -0.4524, -1.07, -2.016, -3.613, -6.05, -9.195, -12.1, -14.01, -14.125, -12.836, -10.49, -8.01, -5.695, -3.785, -2.36, -1.118, -0.1006, 0.7856, 1.613, 2.332, 2.93, 3.4, 3.621, 3.725, 3.656, 3.479, 3.008, 2.314, 1.424, 0.4753, -0.356, -0.932, -1.081, -0.8154, -0.4631, -0.1631, -0.07117, -0.349, -0.7627, -1.207, -1.806, -2.73, -4.01, -5.516, -7.086, -8.28, -9.03, -9.01, -8.43, -7.2, -5.684, -4.047, -2.318, -0.62, 1.035, 2.639, 4.098, 5.445, 6.336, 6.78, 6.64, 5.848, 4.426, 2.736, 1.084, -0.2927, -1.216, -1.699, -1.908, -2.006, -2.072, -2.06, -1.99, -1.943, -1.828, -1.707, -1.632, -1.526, -1.498, -1.474, -1.472, -1.42, -1.41, -1.329, -1.268, -1.116, -0.966, -0.783, -0.5728, -0.42, -0.1974, -0.05258, 0.0619, 0.2212, 0.1957, 0.266, 0.2578, 0.2085, 0.2244, 0.1423, 0.129, 0.1268, 0.04254, -0.01296, -0.2583, -0.5728, -0.9917, -1.53, -2.03, -2.553, -2.934, -2.932, -2.469, -1.666, -0.842, -0.331, -0.411, -1.019, -2.158, -3.791, -6.29, -9.85, -13.61, -16.45, -17.47, -16.64, -14.46, -11.875, -9.67, -8.3, -7.9, -9.21, -11.58, -14.77, -18.08, -20.47, -21.8, -22.16, -21.33, -19.84, -17.97, -15.55, -12.7, -9.5, -5.88, -1.902, 2.393, 6.49, 10.19, 12.71, 13.9, 13.23, 11.086, 7.652, 4.223, 1.486, -0.162, -0.979, -1.234, -1.273, -1.17, -1.111, -1.0, -0.922, -0.8706, -0.733, -0.5947, -0.4578, -0.3687, -0.5, -0.912, -1.554
-2.162, -2.217, -2.186, -2.076, -1.848, -1.665, -1.32, -0.967, -0.5728, -0.2793, -0.1359, -0.07263, -0.136, -0.3945, -0.891, -1.529, -1.966, -2.342, -2.596, -2.7, -2.676, -2.523, -2.27, -2.043, -1.943, -1.952, -2.006, -2.145, -2.348, -2.46, -2.645, -2.945, -3.629, -4.645, -5.645, -6.41, -6.58, -6.363, -5.543, -4.707, -3.947, -3.191, -2.775, -2.355, -2.02, -1.725, -1.519, -1.352, -1.1875, -1.09, -1.08, -1.136, -1.197, -1.335, -1.489, -1.75, -1.967, -2.27, -2.459, -2.568, -2.562, -2.447, -2.33, -2.205, -2.098, -2.162, -2.309, -2.357, -2.557, -2.754, -3.045, -3.44, -3.955, -4.31, -4.617, -4.55, -4.363, -3.975, -3.555, -3.098, -2.537, -2.05, -1.571, -1.07, -0.806, -0.531, -0.4045, -0.4565, -0.6953, -1.083, -1.605, -2.078, -2.53, -2.85, -3.096, -3.229, -3.26, -3.28, -3.312, -3.262, -3.156, -3.133, -3.068, -3.0, -2.977, -2.947, -2.955, -2.951, -2.902, -2.889, -2.914, -2.88, -2.807, -2.76, -2.701, -2.613, -2.568, -2.574, -2.45, -2.46, -2.455, -2.385, -2.385, -2.4, -2.424, -2.438, -2.436, -2.463, -2.379, -2.361, -2.428, -2.408, -2.479, -2.555, -2.629, -2.76, -2.879, -2.938, -3.014, -2.889, -2.78, -2.54, -2.428, -2.412, -2.578, -2.809, -3.113, -3.521, -4.215, -5.17, -6.445, -7.387, -7.953, -7.695, -7.11, -6.023, -5.12, -4.62, -4.395, -4.72, -5.34, -6.336, -7.51, -8.55, -9.12, -9.34, -9.04, -8.43, -7.55, -6.453, -5.2, -3.86, -2.424, -1.009, 0.4578, 1.582, 2.605, 2.775, 2.85, 2.201, 1.351, 0.1539, -0.8237, -1.63, -2.012, -2.13, -2.164, -2.168, -2.086, -2.057, -1.93, -1.907, -1.894, -1.795, -1.735, -1.703, -1.697, -1.738, -1.838, -2.049
