1.212, 1.394, 1.513, 1.694, 1.885, 2.084, 2.215, 2.215, 2.23, 2.246, 2.254, 2.258, 2.234, 2.234, 2.242, 2.219, 2.219, 2.203, 2.164, 2.158, 2.125, 2.098, 2.078, 2.05, 2.02, 2.0, 1.957, 1.92, 1.885, 1.859, 1.863, 1.857, 1.846, 1.895, 1.89, 1.901, 1.861, 1.883, 1.861, 1.911, 1.893, 1.898, 1.895, 1.887, 1.834, 1.863, 1.855, 1.818, 1.803, 1.803, 1.762, 1.77, 1.727, 1.719, 1.699, 1.662, 1.646, 1.615, 1.584, 1.572, 1.581, 1.576, 1.539, 1.508, 1.5, 1.469, 1.455, 1.408, 1.381, 1.338, 1.347, 1.357, 1.326, 1.299, 1.33, 1.354, 1.379, 1.384, 1.379, 1.383, 1.42, 1.422, 1.424, 1.408, 1.41, 1.396, 1.352, 1.329, 1.32, 1.332, 1.283, 1.271, 1.234, 1.204, 1.143, 1.145, 1.105, 1.096, 1.067, 1.021, 0.975, 0.9517, 0.919, 0.915, 0.8896, 0.8564, 0.84, 0.83, 0.7686, 0.7495, 0.7314, 0.6978, 0.6807, 0.663, 0.6294, 0.63, 0.62, 0.592, 0.5654, 0.541, 0.532, 0.5303, 0.51, 0.4963, 0.4634, 0.4336, 0.4165, 0.3882, 0.3755, 0.3428, 0.333, 0.3062, 0.288, 0.2776, 0.2517, 0.2357, 0.2246, 0.2086, 0.1936, 0.1798, 0.1643, 0.1472, 0.119, 0.10345, 0.0755, 0.04272, 0.02092, 0.009674, 0.00727, -0.02354, -0.05222, -0.0642, -0.0899, -0.1054, -0.1399, -0.1609, -0.1814, -0.1978, -0.2214, -0.2357, -0.2556, -0.268, -0.2637, -0.2744, -0.2837, -0.296, -0.2988, -0.306, -0.3142, -0.3213, -0.3323, -0.3223, -0.306, -0.297, -0.281, -0.2576, -0.2358, -0.2261, -0.1761, -0.178, -0.1533, -0.12146, -0.137, -0.07635, -0.0515, -0.01224, 0.0119, 0.1167, 0.1687, 0.2957, 0.3691, 0.414, 0.5415, 0.6294, 0.696, 0.75, 0.8735, 0.966, 1.093, 1.1875
0.903, 0.956, 1.082, 1.209, 1.34, 1.46, 1.588, 1.586, 1.605, 1.635, 1.662, 1.666, 1.652, 1.646, 1.662, 1.648, 1.654, 1.642, 1.607, 1.593, 1.568, 1.525, 1.502, 1.473, 1.426, 1.402, 1.371, 1.334, 1.311, 1.27, 1.273, 1.271, 1.268, 1.317, 1.324, 1.347, 1.305, 1.338, 1.328, 1.396, 1.408, 1.402, 1.398, 1.389, 1.348, 1.385, 1.395, 1.371, 1.347, 1.342, 1.307, 1.307, 1.281, 1.275, 1.26, 1.234, 1.232, 1.21, 1.191, 1.176, 1.193, 1.201, 1.161, 1.129, 1.125, 1.098, 1.08, 1.027, 0.993, 0.9307, 0.9365, 0.9473, 0.943, 0.929, 0.9604, 1.002, 1.016, 1.027, 1.016, 1.045, 1.076, 1.098, 1.1, 1.088, 1.08, 1.064, 1.029, 1.018, 1.016, 1.033, 1.0, 0.9863, 0.9473, 0.912, 0.839, 0.8237, 0.7773, 0.7646, 0.7397, 0.6973, 0.6533, 0.631, 0.6074, 0.616, 0.585, 0.55, 0.5283, 0.5215, 0.4673, 0.462, 0.4536, 0.434, 0.4138, 0.4011, 0.3735, 0.3918, 0.395, 0.3813, 0.3774, 0.3616, 0.3755, 0.3762, 0.3813, 0.3635, 0.351, 0.31, 0.2876, 0.2605, 0.2451, 0.2196, 0.2178, 0.2003, 0.1858, 0.1738, 0.1567, 0.1277, 0.1262, 0.113, 0.12054, 0.1321, 0.11707, 0.1099, 0.096, 0.0776, 0.0531, 0.0344, 0.02446, 0.03436, 0.04523, 0.02113, -0.01743, -0.03943, -0.05353, -0.0678, -0.0814, -0.1042, -0.1181, -0.1326, -0.152, -0.1713, -0.2007, -0.2186, -0.2096, -0.2036, -0.2079, -0.2203, -0.2314, -0.2377, -0.2351, -0.2328, -0.245, -0.2317, -0.1946, -0.1886, -0.175, -0.1565, -0.1483, -0.143, -0.1022, -0.09735, -0.0751, -0.04166, -0.07056, -0.02762, -0.01709, 0.01381, 0.02855, 0.1001, 0.128, 0.2507, 0.3003, 0.3562, 0.4448, 0.5044, 0.58, 0.6216, 0.663, 0.782, 0.8335, 0.855
0.611, 0.6587, 0.7266, 0.847, 0.934, 1.015, 1.119, 1.123, 1.137, 1.162, 1.186, 1.195, 1.186, 1.186, 1.197, 1.191, 1.201, 1.196, 1.176, 1.162, 1.133, 1.09, 1.057, 1.025, 0.9785, 0.951, 0.9297, 0.8916, 0.8677, 0.832, 0.826, 0.827, 0.826, 0.881, 0.8916, 0.918, 0.8877, 0.915, 0.918, 0.9717, 1.008, 1.018, 1.012, 1.0, 0.966, 0.9937, 1.016, 0.9873, 0.963, 0.958, 0.9297, 0.9346, 0.92, 0.921, 0.924, 0.8955, 0.883, 0.872, 0.8555, 0.8525, 0.868, 0.88, 0.8467, 0.823, 0.8223, 0.8022, 0.764, 0.7207, 0.679, 0.633, 0.625, 0.6396, 0.6523, 0.6533, 0.682, 0.7173, 0.74, 0.751, 0.747, 0.771, 0.8105, 0.836, 0.841, 0.833, 0.825, 0.8164, 0.795, 0.7734, 0.7803, 0.7954, 0.7754, 0.7656, 0.7236, 0.672, 0.6104, 0.584, 0.54, 0.5215, 0.5, 0.4658, 0.4282, 0.396, 0.364, 0.3867, 0.3477, 0.3237, 0.298, 0.2854, 0.2474, 0.2485, 0.2512, 0.2461, 0.233, 0.2174, 0.2002, 0.2228, 0.2388, 0.2352, 0.2485, 0.2327, 0.2534, 0.2637, 0.2556, 0.2406, 0.225, 0.1985, 0.164, 0.1425, 0.1227, 0.1168, 0.1027, 0.1029, 0.0923, 0.081, 0.06128, 0.03806, 0.02382, 0.02023, 0.04376, 0.0637, 0.082, 0.0671, 0.056, 0.03976, 0.02974, 0.01732, 0.02737, 0.04984, 0.06058, 0.04138, 0.001849, -0.02419, -0.05188, -0.05844, -0.065, -0.0866, -0.10333, -0.1097, -0.12305, -0.1428, -0.178, -0.1891, -0.182, -0.1744, -0.1761, -0.1786, -0.1818, -0.1904, -0.189, -0.187, -0.1886, -0.1693, -0.1359, -0.1148, -0.1138, -0.10254, -0.10455, -0.0911, -0.0811, -0.071, -0.05774, -0.03888, -0.0577, -0.02237, -0.01034, -0.002447, 0.01698, 0.07837, 0.108, 0.2191, 0.2734, 0.316, 0.345, 0.421, 0.4524, 0.4822, 0.539, 0.6025, 0.626, 0.6235
0.4438, 0.4548, 0.518, 0.5923, 0.69, 0.7573, 0.791, 0.797, 0.808, 0.833, 0.8447, 0.8525, 0.8486, 0.8496, 0.8623, 0.8633, 0.871, 0.8687, 0.858, 0.8496, 0.834, 0.794, 0.7627, 0.7334, 0.6885, 0.666, 0.644, 0.599, 0.5757, 0.536, 0.5234, 0.5205, 0.5225, 0.5645, 0.593, 0.617, 0.5967, 0.6147, 0.63, 0.672, 0.7227, 0.7363, 0.7314, 0.7334, 0.708, 0.718, 0.7393, 0.712, 0.6855, 0.684, 0.67, 0.673, 0.676, 0.676, 0.6846, 0.666, 0.6367, 0.632, 0.622, 0.621, 0.6367, 0.6445, 0.619, 0.5996, 0.6055, 0.5874, 0.541, 0.4846, 0.4517, 0.4336, 0.4167, 0.445, 0.4507, 0.4644, 0.4778, 0.5195, 0.5366, 0.548, 0.5537, 0.572, 0.605, 0.6416, 0.6523, 0.648, 0.6445, 0.6436, 0.63, 0.6016, 0.6064, 0.6094, 0.5986, 0.584, 0.548, 0.504, 0.444, 0.4167, 0.379, 0.3657, 0.3472, 0.315, 0.29, 0.259, 0.235, 0.2302, 0.211, 0.1813, 0.1464, 0.1412, 0.13, 0.1316, 0.1262, 0.136, 0.1318, 0.12067, 0.109, 0.12305, 0.1433, 0.1473, 0.1646, 0.1571, 0.1621, 0.1735, 0.1665, 0.1533, 0.1398, 0.1167, 0.09143, 0.07446, 0.08136, 0.0714, 0.05698, 0.05338, 0.04785, 0.0412, 0.02963, 0.013725, -0.009224, -0.0151, 0.001724, 0.03026, 0.0503, 0.0497, 0.04025, 0.03226, 0.02567, 0.02199, 0.0304, 0.05344, 0.0636, 0.0461, 0.02194, -0.006397, -0.0367, -0.04144, -0.04193, -0.06335, -0.08044, -0.0819, -0.0869, -0.0955, -0.1282, -0.1503, -0.1459, -0.1321, -0.1342, -0.1472, -0.1448, -0.1412, -0.1427, -0.1296, -0.1302, -0.1294, -0.0992, -0.07605, -0.06775, -0.05667, -0.05673, -0.05402, -0.0268, -0.0277, -0.00915, 0.01714, -0.02979, 0.00616, 0.003891, 0.033, 0.0198, 0.06216, 0.1146, 0.1927, 0.2546, 0.2698, 0.31, 0.364, 0.3826, 0.376, 0.4397, 0.4734, 0.4631, 0.4622
0.3052, 0.3135, 0.355, 0.417, 0.4915, 0.5625, 0.5674, 0.574, 0.575, 0.5967, 0.6074, 0.623, 0.626, 0.624, 0.6416, 0.6445, 0.6475, 0.6445, 0.6426, 0.632, 0.625, 0.6074, 0.578, 0.552, 0.51, 0.4797, 0.4565, 0.4084, 0.3794, 0.3442, 0.3223, 0.313, 0.311, 0.3398, 0.3713, 0.399, 0.3887, 0.414, 0.4263, 0.4592, 0.512, 0.519, 0.5186, 0.5195, 0.507, 0.5176, 0.5312, 0.505, 0.4736, 0.4739, 0.4697, 0.4792, 0.4893, 0.492, 0.5, 0.4834, 0.4565, 0.439, 0.4324, 0.4316, 0.438, 0.4436, 0.4312, 0.413, 0.4204, 0.4048, 0.3584, 0.3066, 0.271, 0.262, 0.2534, 0.2754, 0.2715, 0.3054, 0.308, 0.3599, 0.3755, 0.3945, 0.3843, 0.401, 0.456, 0.4907, 0.4883, 0.4897, 0.4873, 0.5, 0.4878, 0.4604, 0.4585, 0.4563, 0.4507, 0.4324, 0.4102, 0.3682, 0.3225, 0.293, 0.2627, 0.25, 0.2362, 0.2051, 0.1776, 0.1594, 0.148, 0.1309, 0.1196, 0.0897, 0.05823, 0.05084, 0.0426, 0.04718, 0.0494, 0.0534, 0.05734, 0.04495, 0.03723, 0.04788, 0.07117, 0.0737, 0.081, 0.0905, 0.0889, 0.09265, 0.09283, 0.08844, 0.0703, 0.05023, 0.0324, 0.02058, 0.02756, 0.03354, 0.04184, 0.03873, 0.02744, 0.027, 0.011665, -0.004097, -0.02945, -0.03174, -0.007637, 0.02196, 0.03108, 0.03622, 0.03638, 0.03047, 0.02184, 0.01146, 0.02371, 0.0419, 0.05832, 0.0365, 0.02097, 0.011314, -0.01153, -0.02324, -0.02287, -0.03568, -0.04907, -0.04324, -0.04373, -0.0622, -0.0839, -0.10046, -0.09784, -0.0923, -0.08527, -0.1032, -0.09503, -0.0987, -0.11, -0.1015, -0.0925, -0.0942, -0.05807, -0.04184, -0.05215, -0.0349, -0.01756, -0.01558, -0.00973, -0.0002171, 0.008575, 0.02092, 0.01132, 0.01425, 0.0445, 0.03876, 0.03223, 0.07434, 0.10754, 0.1704, 0.2067, 0.211, 0.2834, 0.2896, 0.273, 0.3062, 0.3354, 0.324, 0.3474, 0.3171
0.2136, 0.1885, 0.2083, 0.2764, 0.3564, 0.3984, 0.4111, 0.4194, 0.4185, 0.4248, 0.434, 0.4578, 0.4712, 0.472, 0.4824, 0.4956, 0.4907, 0.4895, 0.494, 0.4834, 0.4717, 0.4604, 0.4365, 0.4038, 0.3652, 0.3276, 0.3008, 0.2603, 0.2241, 0.1965, 0.1682, 0.1603, 0.1523, 0.1755, 0.2031, 0.2281, 0.2355, 0.25, 0.2683, 0.2925, 0.342, 0.35, 0.3442, 0.3452, 0.332, 0.3381, 0.3567, 0.335, 0.3096, 0.3044, 0.3162, 0.3245, 0.3467, 0.3484, 0.3525, 0.3428, 0.318, 0.2988, 0.2817, 0.2793, 0.2778, 0.2874, 0.289, 0.2832, 0.2783, 0.2664, 0.2244, 0.1855, 0.1422, 0.144, 0.1499, 0.154, 0.1609, 0.1837, 0.2006, 0.2362, 0.2664, 0.2866, 0.2947, 0.3052, 0.3477, 0.3733, 0.374, 0.3774, 0.3862, 0.3896, 0.3857, 0.3623, 0.3608, 0.3516, 0.3462, 0.334, 0.3147, 0.2783, 0.2332, 0.2078, 0.1925, 0.1857, 0.1571, 0.1469, 0.11743, 0.10406, 0.09235, 0.0816, 0.0682, 0.03525, 0.02715, 0.01906, 0.011536, 0.007027, 0.00323, 0.00981, 0.01078, 0.0039, 0.006287, 0.01814, 0.02705, 0.03024, 0.03111, 0.04163, 0.04156, 0.0422, 0.04132, 0.04468, 0.02702, 0.01775, -0.007866, -0.014946, -0.00982, -0.0015, 0.01404, 0.0239, 0.01749, 0.003975, -0.01097, -0.02203, -0.03522, -0.03162, -0.01825, 0.004295, 0.003372, 0.01499, 0.02711, 0.03168, 0.01703, 0.01622, 0.009186, 0.0358, 0.04974, 0.0317, 0.0161, 0.004967, -0.004436, -0.02148, -0.01233, -0.01034, -0.02164, -0.03075, -0.03134, -0.04376, -0.0606, -0.06476, -0.0661, -0.05884, -0.05396, -0.0687, -0.07336, -0.0792, -0.08044, -0.091, -0.08105, -0.0708, -0.072, -0.03204, -0.02661, -0.02318, -0.01048, 0.01862, 0.02594, 0.01926, 0.0336, 0.03882, 0.02475, 0.04007, 0.04843, 0.03857, 0.059, 0.0687, 0.09094, 0.1517, 0.1696, 0.1926, 0.2256, 0.2026, 0.2115, 0.2183, 0.2319, 0.2708, 0.2487, 0.2445
0.11304, 0.08276, 0.0963, 0.1686, 0.2301, 0.2524, 0.2705, 0.2888, 0.2925, 0.294, 0.2954, 0.3162, 0.3318, 0.332, 0.3394, 0.3564, 0.357, 0.3586, 0.3633, 0.3613, 0.3457, 0.3179, 0.2944, 0.2632, 0.2316, 0.197, 0.1702, 0.1306, 0.0992, 0.07434, 0.0511, 0.0424, 0.0464, 0.0625, 0.08765, 0.11255, 0.1257, 0.1342, 0.1521, 0.1743, 0.2117, 0.2329, 0.2272, 0.2274, 0.2151, 0.2166, 0.2255, 0.2153, 0.1963, 0.196, 0.2054, 0.22, 0.237, 0.2318, 0.2406, 0.2325, 0.218, 0.2004, 0.176, 0.1671, 0.1654, 0.1714, 0.1805, 0.1804, 0.1726, 0.1538, 0.12195, 0.09937, 0.06335, 0.05408, 0.06024, 0.06775, 0.07605, 0.0987, 0.12054, 0.151, 0.1829, 0.2081, 0.2291, 0.2424, 0.2844, 0.2942, 0.2886, 0.2866, 0.2969, 0.3013, 0.296, 0.281, 0.2727, 0.2734, 0.2666, 0.2522, 0.229, 0.2085, 0.1659, 0.1371, 0.125, 0.1175, 0.09534, 0.0837, 0.068, 0.0507, 0.04782, 0.04263, 0.01533, -0.00398, -0.00933, -0.00838, -0.00883, -0.0079, -0.013565, -0.00746, -0.005383, -0.01299, -0.004765, -0.006622, 0.00856, 0.00571, 0.000408, 0.004864, 0.01102, 0.01566, 0.0122, 0.00824, 0.000453, 0.001937, -0.0218, -0.0264, -0.02325, -0.01791, -0.002403, 0.003094, -0.011314, -0.02829, -0.0364, -0.03122, -0.03873, -0.0393, -0.02502, -0.012794, -0.010056, -0.00843, 0.005802, 0.011284, -0.001966, 0.006744, -0.002834, 0.01663, 0.0391, 0.03192, -0.001673, -0.009636, -0.007645, -0.021, -0.00238, 0.006256, -0.005947, -0.01596, -0.02083, -0.0352, -0.04453, -0.04538, -0.03745, -0.04025, -0.04175, -0.06354, -0.06165, -0.0633, -0.0718, -0.08636, -0.0753, -0.03574, -0.03397, -0.0223, -0.006783, -0.0177, 0.00931, 0.01749, 0.0361, 0.04373, 0.0393, 0.04114, 0.0466, 0.05463, 0.05286, 0.03192, 0.0569, 0.0422, 0.09314, 0.1313, 0.1721, 0.1809, 0.1744, 0.1597, 0.1523, 0.1562, 0.1718, 0.1687, 0.1691, 0.1752
0.02933, -0.02225, 0.01909, 0.085, 0.1215, 0.1361, 0.1525, 0.1766, 0.1919, 0.1932, 0.197, 0.2107, 0.2206, 0.2256, 0.2299, 0.2462, 0.2573, 0.2651, 0.2676, 0.2666, 0.254, 0.2134, 0.1858, 0.1577, 0.1362, 0.1073, 0.0745, 0.03442, 0.00449, -0.01037, -0.02861, -0.03244, -0.0266, -0.011086, 0.0132, 0.03076, 0.04373, 0.0426, 0.06445, 0.0957, 0.1338, 0.1552, 0.1555, 0.1559, 0.151, 0.1522, 0.1514, 0.1396, 0.1283, 0.1306, 0.1421, 0.1599, 0.1628, 0.163, 0.1646, 0.1602, 0.1516, 0.1283, 0.1028, 0.08606, 0.0861, 0.0913, 0.0943, 0.09033, 0.0833, 0.06052, 0.03644, 0.01595, -0.004906, -0.00663, -0.005783, -0.00246, 0.00604, 0.02057, 0.04492, 0.07166, 0.1036, 0.12396, 0.1505, 0.1744, 0.1953, 0.2117, 0.2183, 0.2137, 0.219, 0.2212, 0.2234, 0.2053, 0.1965, 0.198, 0.1981, 0.1807, 0.1677, 0.1406, 0.1053, 0.08075, 0.07135, 0.05246, 0.04666, 0.03873, 0.01683, 0.01993, 0.01703, 0.00832, -0.01449, -0.03348, -0.04517, -0.0377, -0.03183, -0.03143, -0.0327, -0.02823, -0.01361, -0.02393, -0.03029, -0.02803, -0.01151, -0.00977, -0.015274, -0.02647, -0.02094, -0.010925, -0.00794, -0.00999, -0.01683, -0.02295, -0.03622, -0.03973, -0.04153, -0.0381, -0.02625, -0.01796, -0.02779, -0.04047, -0.05072, -0.04077, -0.05554, -0.05423, -0.04446, -0.02538, -0.02441, -0.0294, -0.01, -0.0169, -0.021, -0.01642, -0.008965, 0.0001038, 0.0202, 0.01852, -0.01382, -0.02415, -0.02121, -0.01628, -0.0003617, -0.00718, -0.01272, -0.02988, -0.02538, -0.03186, -0.02194, -0.01555, -0.01842, -0.02167, -0.02538, -0.05444, -0.06116, -0.06055, -0.05682, -0.07056, -0.0642, -0.0419, -0.02861, -0.02155, -0.018, 0.002752, 0.00848, 0.02298, 0.02536, 0.02332, 0.0332, 0.0382, 0.02655, 0.0521, 0.04984, 0.0342, 0.0736, 0.0513, 0.0773, 0.12384, 0.1344, 0.1295, 0.12384, 0.11694, 0.0988, 0.0883, 0.07404, 0.0929, 0.1143, 0.09705
-0.07117, -0.0889, -0.0442, 0.013016, 0.04135, 0.0631, 0.06757, 0.0909, 0.1083, 0.1208, 0.1259, 0.1354, 0.1453, 0.1503, 0.1532, 0.1666, 0.1779, 0.1904, 0.1925, 0.19, 0.178, 0.1414, 0.1102, 0.0869, 0.06903, 0.04193, 0.00584, -0.03702, -0.06012, -0.0664, -0.07196, -0.0711, -0.0695, -0.05463, -0.0321, -0.0204, -0.01296, -0.012314, 0.005753, 0.04257, 0.0844, 0.1104, 0.1115, 0.1052, 0.1042, 0.1115, 0.1118, 0.102, 0.09296, 0.0915, 0.1004, 0.111, 0.11487, 0.11597, 0.1186, 0.1124, 0.09973, 0.0791, 0.05386, 0.03326, 0.0315, 0.03256, 0.03247, 0.03223, 0.02455, 0.0004888, -0.02374, -0.04483, -0.05554, -0.05447, -0.05228, -0.04358, -0.02977, -0.01888, -0.001567, 0.01532, 0.037, 0.06323, 0.09357, 0.1084, 0.1324, 0.1472, 0.163, 0.1635, 0.1608, 0.1611, 0.1669, 0.1554, 0.1515, 0.1434, 0.1427, 0.1321, 0.1148, 0.09515, 0.07056, 0.05194, 0.04282, 0.03183, 0.01726, 0.01062, -0.009224, -0.004562, -0.0002592, -0.004612, -0.02432, -0.0409, -0.06055, -0.0471, -0.0349, -0.0327, -0.03564, -0.02344, -0.0274, -0.03592, -0.04233, -0.04187, -0.02739, -0.03108, -0.03143, -0.03485, -0.03732, -0.03256, -0.01956, -0.01671, -0.02058, -0.03244, -0.0433, -0.05594, -0.04526, -0.0462, -0.05118, -0.04254, -0.04684, -0.05685, -0.0541, -0.05545, -0.0686, -0.0752, -0.06174, -0.05154, -0.05234, -0.05383, -0.03217, -0.03714, -0.03687, -0.0328, -0.02444, -0.0106, 0.0001702, -0.008286, -0.03372, -0.04288, -0.02495, -0.01572, -0.01426, -0.02307, -0.042, -0.04373, -0.02966, -0.03775, -0.0354, -0.025, -0.01563, -0.02548, -0.02943, -0.0428, -0.0592, -0.0812, -0.0617, -0.0737, -0.05734, -0.04178, -0.0303, -0.01256, -0.0159, -0.006985, -0.009415, 0.007324, 0.03918, 0.02072, 0.03555, 0.02626, 0.04245, 0.07074, 0.0453, 0.04562, 0.03687, 0.03296, 0.0791, 0.0749, 0.0802, 0.0867, 0.10474, 0.0865, 0.0709, 0.04376, 0.03029, 0.06885, 0.0792, 0.02325
-0.1254, -0.1466, -0.0991, -0.05533, -0.03357, -0.00786, 0.00872, 0.0238, 0.04037, 0.05328, 0.06335, 0.06805, 0.0725, 0.078, 0.0803, 0.09155, 0.10187, 0.1162, 0.125, 0.1231, 0.1126, 0.08264, 0.0442, 0.01898, 0.002455, -0.01984, -0.05597, -0.0937, -0.11053, -0.11005, -0.11005, -0.1037, -0.1042, -0.0956, -0.0787, -0.06696, -0.0559, -0.04623, -0.02423, 0.01214, 0.03873, 0.05862, 0.0626, 0.05945, 0.05893, 0.0675, 0.0718, 0.06494, 0.05545, 0.05698, 0.0685, 0.0754, 0.0794, 0.075, 0.0704, 0.06168, 0.0476, 0.0252, 0.001867, -0.01554, -0.0185, -0.01791, -0.01947, -0.01761, -0.0223, -0.04364, -0.0707, -0.09, -0.1038, -0.0992, -0.09735, -0.0792, -0.0652, -0.04816, -0.04077, -0.02693, -0.00537, 0.01875, 0.0452, 0.0606, 0.08325, 0.1022, 0.1185, 0.1134, 0.11017, 0.11194, 0.12177, 0.1179, 0.1032, 0.0894, 0.0894, 0.0862, 0.07104, 0.05246, 0.02269, 0.01657, 0.003418, 0.001857, -0.01307, -0.0246, -0.02661, -0.0317, -0.03958, -0.0288, -0.04736, -0.05493, -0.0692, -0.07214, -0.0582, -0.04547, -0.04404, -0.04623, -0.04355, -0.0526, -0.05972, -0.0466, -0.0382, -0.0391, -0.04788, -0.0483, -0.0569, -0.05655, -0.0435, -0.037, -0.04138, -0.0456, -0.06525, -0.07025, -0.06177, -0.0496, -0.05402, -0.05966, -0.0632, -0.068, -0.07556, -0.07355, -0.08093, -0.0823, -0.0702, -0.0664, -0.08057, -0.06885, -0.0563, -0.05264, -0.05753, -0.0575, -0.04858, -0.0432, -0.02913, -0.0313, -0.05655, -0.04752, -0.03075, -0.0266, -0.018, -0.0405, -0.06207, -0.06134, -0.05518, -0.05447, -0.04593, -0.043, -0.03568, -0.0419, -0.03842, -0.04965, -0.06223, -0.08374, -0.0732, -0.0769, -0.066, -0.05685, -0.03403, -0.02676, -0.02252, -0.01512, -0.001639, -0.007412, 0.02156, 0.008415, 0.03186, 0.03333, 0.0462, 0.03632, 0.02397, 0.03038, -0.001345, 0.04266, 0.07513, 0.04398, 0.04953, 0.066, 0.0702, 0.05124, 0.03275, 0.01475, 0.01211, 0.0414, 0.01383, -0.05472
-0.1755, -0.1991, -0.1589, -0.1224, -0.09717, -0.0663, -0.04474, -0.0258, -0.01313, 0.002653, 0.013565, 0.01223, 0.01325, 0.01563, 0.02122, 0.02916, 0.03952, 0.05435, 0.0626, 0.06683, 0.0632, 0.03363, -0.006092, -0.0334, -0.0519, -0.07355, -0.108, -0.1428, -0.1549, -0.152, -0.1477, -0.142, -0.1399, -0.1287, -0.12335, -0.11005, -0.09564, -0.07446, -0.05136, -0.01936, 0.0006523, 0.01382, 0.01581, 0.02101, 0.0216, 0.03247, 0.03397, 0.02647, 0.02287, 0.0225, 0.03256, 0.03918, 0.04544, 0.04166, 0.0332, 0.01804, -0.002226, -0.0249, -0.04553, -0.06018, -0.06445, -0.06616, -0.0635, -0.06305, -0.0682, -0.0818, -0.10345, -0.1181, -0.1326, -0.1316, -0.125, -0.1099, -0.095, -0.0825, -0.0725, -0.06287, -0.04807, -0.03093, -0.004993, 0.0195, 0.04047, 0.05682, 0.0664, 0.06757, 0.0674, 0.0686, 0.0761, 0.07355, 0.06223, 0.05084, 0.05112, 0.04517, 0.0326, 0.01035, -0.01254, -0.027, -0.02805, -0.03403, -0.04724, -0.05255, -0.05728, -0.06586, -0.05725, -0.0563, -0.0636, -0.07886, -0.0913, -0.0866, -0.0682, -0.05652, -0.0492, -0.05756, -0.0603, -0.0709, -0.0752, -0.0658, -0.0488, -0.04422, -0.04953, -0.0611, -0.074, -0.06555, -0.06665, -0.0562, -0.0625, -0.07275, -0.0761, -0.08527, -0.0828, -0.0739, -0.0811, -0.07806, -0.072, -0.07764, -0.08826, -0.09564, -0.1065, -0.0978, -0.1042, -0.083, -0.0886, -0.0899, -0.0734, -0.08826, -0.0768, -0.05762, -0.05945, -0.05585, -0.05, -0.05582, -0.07184, -0.0655, -0.0552, -0.02975, -0.0359, -0.04248, -0.06885, -0.0808, -0.0735, -0.05978, -0.0571, -0.07227, -0.06165, -0.05743, -0.05704, -0.05405, -0.0664, -0.078, -0.0686, -0.0668, -0.05588, -0.0679, -0.0368, -0.0428, -0.01918, -0.006298, -0.02094, -0.00818, 0.005947, 0.0194, 0.03537, 0.03104, 0.02417, 0.002745, 0.02138, 0.01373, 0.006447, 0.02977, 0.03506, 0.01826, 0.02896, 0.01756, 0.00883, -0.00231, -0.002594, -0.012314, -0.02248, -0.01816, -0.05048, -0.1118
-0.2249, -0.2578, -0.2164, -0.1688, -0.1437, -0.1093, -0.0827, -0.0714, -0.05325, -0.0443, -0.03192, -0.03647, -0.03583, -0.032, -0.02771, -0.01657, -0.005226, 0.005882, 0.01563, 0.02057, 0.01831, -0.005707, -0.04172, -0.0654, -0.0846, -0.1067, -0.1454, -0.1785, -0.1866, -0.183, -0.1807, -0.1747, -0.1637, -0.155, -0.147, -0.1384, -0.1227, -0.10034, -0.07587, -0.04926, -0.03537, -0.02385, -0.02174, -0.0152, -0.008965, 0.0008774, 0.0009604, -0.001066, -0.005806, -0.001003, 0.00591, 0.01596, 0.0243, 0.02177, 0.010254, -0.01417, -0.04306, -0.0652, -0.08203, -0.0943, -0.097, -0.0949, -0.09045, -0.08636, -0.0958, -0.1106, -0.1287, -0.1355, -0.1418, -0.1534, -0.1493, -0.1412, -0.1244, -0.1138, -0.108, -0.0957, -0.0811, -0.06793, -0.04572, -0.02438, 0.002914, 0.01657, 0.0241, 0.03363, 0.03152, 0.0401, 0.0413, 0.03668, 0.02928, 0.02805, 0.03226, 0.02512, 0.002085, -0.02553, -0.05222, -0.06915, -0.05978, -0.0661, -0.0799, -0.08435, -0.0855, -0.09, -0.0815, -0.07806, -0.0847, -0.09143, -0.09735, -0.0985, -0.0861, -0.07697, -0.0684, -0.0686, -0.07874, -0.0861, -0.0903, -0.0794, -0.0694, -0.05603, -0.04965, -0.06537, -0.0835, -0.08295, -0.07587, -0.07495, -0.07776, -0.0948, -0.106, -0.10675, -0.1118, -0.0783, -0.08673, -0.07446, -0.0817, -0.08636, -0.11255, -0.1296, -0.1313, -0.1114, -0.10944, -0.1018, -0.103, -0.1017, -0.0905, -0.1, -0.0976, -0.0799, -0.0789, -0.0685, -0.0846, -0.1004, -0.1065, -0.0826, -0.07965, -0.0508, -0.07306, -0.073, -0.077, -0.09106, -0.08936, -0.08026, -0.07367, -0.0893, -0.0911, -0.07404, -0.0861, -0.07837, -0.0789, -0.0822, -0.06836, -0.06036, -0.05606, -0.06232, -0.0423, -0.04517, -0.0346, -0.0341, -0.0503, -0.0297, -0.02863, 0.002022, 0.01814, 0.0124, -0.00232, -0.007294, -0.01333, -0.03107, -0.02647, -0.006657, -0.01249, -0.01108, -0.02142, -0.0313, -0.04797, -0.03262, -0.02649, -0.0317, -0.0493, -0.05026, -0.08685, -0.148
-0.269, -0.3027, -0.263, -0.2192, -0.1868, -0.1486, -0.12445, -0.10803, -0.09344, -0.08093, -0.073, -0.0751, -0.076, -0.07184, -0.06616, -0.05652, -0.0498, -0.03635, -0.02368, -0.01831, -0.02408, -0.04312, -0.0639, -0.07983, -0.0927, -0.1139, -0.1564, -0.1931, -0.2026, -0.1982, -0.1956, -0.1908, -0.1836, -0.1776, -0.1687, -0.1578, -0.142, -0.121, -0.0971, -0.07324, -0.0626, -0.05252, -0.04938, -0.03998, -0.02908, -0.02235, -0.02287, -0.02727, -0.0252, -0.02147, -0.010475, -0.004, 0.003998, 0.00459, -0.01003, -0.04306, -0.07715, -0.09314, -0.1077, -0.1166, -0.11774, -0.11426, -0.10443, -0.10724, -0.1191, -0.1292, -0.1311, -0.1309, -0.143, -0.1671, -0.1755, -0.1609, -0.144, -0.1412, -0.1305, -0.1282, -0.11743, -0.0982, -0.0735, -0.04712, -0.02808, -0.01724, -0.0001981, 0.00653, 0.014694, 0.01389, 0.01122, 0.007866, 0.000894, 0.005993, 0.01374, 0.002213, -0.0243, -0.0554, -0.07153, -0.0832, -0.0827, -0.1003, -0.1155, -0.1232, -0.1101, -0.1093, -0.10785, -0.10864, -0.11847, -0.1148, -0.11847, -0.1188, -0.11053, -0.0948, -0.09283, -0.0824, -0.091, -0.09094, -0.1082, -0.10284, -0.09106, -0.06323, -0.0583, -0.07404, -0.09753, -0.09875, -0.1078, -0.0915, -0.09674, -0.0964, -0.11053, -0.11847, -0.1225, -0.0969, -0.0877, -0.0853, -0.0924, -0.1003, -0.1238, -0.1416, -0.1445, -0.1415, -0.1381, -0.1226, -0.1215, -0.112, -0.11163, -0.10455, -0.118, -0.1115, -0.09155, -0.0896, -0.1009, -0.1271, -0.1329, -0.1113, -0.0992, -0.09454, -0.11487, -0.11194, -0.11316, -0.09827, -0.11633, -0.10516, -0.10547, -0.11633, -0.11694, -0.0968, -0.091, -0.089, -0.09546, -0.0833, -0.087, -0.07996, -0.074, -0.0666, -0.0701, -0.0687, -0.0681, -0.0733, -0.059, -0.05252, -0.05045, -0.02293, -0.01628, -0.0139, -0.01935, -0.02913, -0.03784, -0.06067, -0.0383, -0.0382, -0.04105, -0.02547, -0.05826, -0.07214, -0.0764, -0.0604, -0.055, -0.05127, -0.05814, -0.05136, -0.0845, -0.177
-0.301, -0.3328, -0.2908, -0.25, -0.216, -0.183, -0.1555, -0.1383, -0.125, -0.1119, -0.1016, -0.10114, -0.10187, -0.0981, -0.09424, -0.0909, -0.08167, -0.0733, -0.0625, -0.05887, -0.05847, -0.0678, -0.0741, -0.078, -0.0819, -0.099, -0.144, -0.1897, -0.2053, -0.2048, -0.2, -0.1946, -0.1913, -0.1895, -0.1837, -0.1716, -0.1536, -0.1355, -0.11414, -0.09906, -0.08356, -0.0718, -0.0653, -0.05344, -0.0477, -0.04242, -0.043, -0.04053, -0.036, -0.02255, -0.01075, -0.005547, 0.0003314, 0.0001426, -0.02078, -0.06287, -0.1025, -0.12164, -0.1284, -0.1299, -0.1287, -0.1212, -0.1101, -0.1104, -0.1254, -0.1294, -0.1194, -0.1126, -0.1351, -0.1747, -0.1931, -0.1842, -0.1732, -0.1578, -0.153, -0.1432, -0.1296, -0.1119, -0.09, -0.0695, -0.05597, -0.0393, -0.03265, -0.0243, -0.012085, -0.01572, -0.01616, -0.0182, -0.02509, -0.01627, -0.00809, -0.01454, -0.04758, -0.0791, -0.10046, -0.1048, -0.1099, -0.1287, -0.1517, -0.1461, -0.1407, -0.1372, -0.1306, -0.136, -0.1421, -0.1388, -0.1407, -0.1328, -0.1287, -0.12164, -0.11786, -0.10345, -0.109, -0.1238, -0.1274, -0.1236, -0.1034, -0.0731, -0.06775, -0.07935, -0.102, -0.1115, -0.11176, -0.11273, -0.1069, -0.12225, -0.126, -0.1305, -0.1307, -0.1101, -0.09894, -0.0949, -0.1012, -0.1187, -0.1373, -0.1571, -0.1581, -0.1604, -0.1559, -0.1399, -0.1266, -0.11926, -0.1167, -0.1222, -0.1304, -0.125, -0.11206, -0.11395, -0.1378, -0.1544, -0.1628, -0.1433, -0.1256, -0.1348, -0.1525, -0.1465, -0.152, -0.132, -0.1334, -0.1257, -0.1327, -0.1333, -0.1288, -0.1147, -0.11426, -0.11426, -0.12445, -0.11975, -0.1092, -0.0982, -0.09625, -0.0941, -0.10754, -0.08984, -0.0833, -0.08167, -0.07117, -0.06934, -0.04126, -0.03046, -0.02565, -0.005596, -0.001653, -0.0306, -0.06793, -0.08124, -0.06494, -0.0648, -0.05276, -0.06158, -0.0967, -0.1224, -0.11993, -0.10596, -0.09296, -0.09753, -0.07153, -0.04785, -0.0991, -0.2098
-0.3074, -0.3228, -0.2969, -0.2627, -0.2305, -0.1976, -0.1694, -0.1514, -0.1394, -0.1292, -0.11975, -0.1185, -0.1217, -0.11914, -0.1134, -0.10846, -0.1027, -0.10236, -0.0947, -0.0906, -0.08966, -0.0918, -0.0866, -0.0793, -0.07544, -0.0833, -0.125, -0.1746, -0.1984, -0.2012, -0.1948, -0.1892, -0.1884, -0.1931, -0.1919, -0.1803, -0.166, -0.1461, -0.1274, -0.1179, -0.1082, -0.0944, -0.0806, -0.06696, -0.0577, -0.05035, -0.04565, -0.04138, -0.03207, -0.01522, -0.00428, 0.003387, 0.009766, 0.007362, -0.02403, -0.0757, -0.12494, -0.1434, -0.1464, -0.1394, -0.1326, -0.12256, -0.10986, -0.10864, -0.119, -0.1179, -0.10144, -0.09326, -0.1224, -0.1732, -0.2036, -0.1993, -0.1859, -0.1781, -0.1725, -0.1584, -0.1453, -0.12317, -0.1102, -0.09235, -0.0776, -0.0653, -0.05737, -0.0457, -0.0347, -0.03867, -0.04105, -0.03857, -0.0424, -0.0272, -0.02162, -0.03024, -0.0713, -0.1006, -0.11383, -0.12036, -0.1271, -0.1621, -0.1824, -0.1804, -0.169, -0.1655, -0.1492, -0.1519, -0.1584, -0.167, -0.1708, -0.1652, -0.1497, -0.1371, -0.1276, -0.1153, -0.1174, -0.1385, -0.1433, -0.12366, -0.1133, -0.09753, -0.08234, -0.0869, -0.11, -0.1284, -0.12146, -0.135, -0.1236, -0.1278, -0.1316, -0.1306, -0.1393, -0.1241, -0.11383, -0.10675, -0.10864, -0.1354, -0.1431, -0.1571, -0.169, -0.1621, -0.1611, -0.1553, -0.1475, -0.144, -0.1333, -0.1353, -0.148, -0.1475, -0.1224, -0.1396, -0.1562, -0.1774, -0.175, -0.1744, -0.1772, -0.1659, -0.174, -0.1833, -0.1731, -0.1803, -0.1729, -0.1508, -0.1595, -0.1462, -0.155, -0.1434, -0.1481, -0.1448, -0.1577, -0.1552, -0.1155, -0.139, -0.1274, -0.127, -0.1224, -0.10205, -0.10205, -0.10046, -0.0815, -0.06323, -0.03873, -0.0203, -0.01031, -0.009636, -0.002686, -0.0476, -0.1048, -0.1169, -0.1159, -0.1036, -0.10657, -0.1265, -0.1539, -0.1754, -0.1615, -0.1453, -0.1442, -0.11725, -0.082, -0.06696, -0.1226, -0.2252
-0.3047, -0.3125, -0.29, -0.2573, -0.2274, -0.1957, -0.169, -0.1477, -0.1329, -0.1244, -0.1192, -0.12445, -0.1377, -0.142, -0.1334, -0.125, -0.1194, -0.1215, -0.1177, -0.1121, -0.1144, -0.11847, -0.10986, -0.099, -0.0829, -0.08, -0.10834, -0.1569, -0.1877, -0.1909, -0.1824, -0.1766, -0.1765, -0.1853, -0.1873, -0.1808, -0.1692, -0.1504, -0.1335, -0.1287, -0.12286, -0.10895, -0.09534, -0.08093, -0.0642, -0.05396, -0.04965, -0.04044, -0.02924, -0.01057, 0.001276, 0.0138, 0.0216, 0.01886, -0.01952, -0.08246, -0.1382, -0.1616, -0.1589, -0.1426, -0.1315, -0.11414, -0.1011, -0.10254, -0.10645, -0.0993, -0.07697, -0.0715, -0.09937, -0.1587, -0.1946, -0.197, -0.1931, -0.1902, -0.1803, -0.1643, -0.1433, -0.1353, -0.121, -0.1044, -0.08417, -0.07446, -0.0677, -0.05084, -0.04556, -0.04486, -0.0517, -0.05896, -0.05646, -0.04352, -0.0329, -0.05005, -0.0879, -0.118, -0.1267, -0.1333, -0.1489, -0.1843, -0.2072, -0.2173, -0.2081, -0.203, -0.1843, -0.1824, -0.191, -0.1957, -0.2122, -0.1956, -0.1725, -0.153, -0.1483, -0.1414, -0.1403, -0.1458, -0.1487, -0.1417, -0.135, -0.10974, -0.09, -0.088, -0.11285, -0.1353, -0.1389, -0.1396, -0.1364, -0.1375, -0.128, -0.1323, -0.1323, -0.1183, -0.10333, -0.1036, -0.11804, -0.1528, -0.1642, -0.1627, -0.165, -0.1677, -0.1649, -0.1647, -0.1504, -0.1353, -0.1473, -0.1592, -0.1613, -0.1675, -0.1494, -0.1594, -0.1826, -0.1981, -0.1964, -0.206, -0.199, -0.1957, -0.1843, -0.2024, -0.1873, -0.1991, -0.1975, -0.1802, -0.1597, -0.1638, -0.169, -0.1694, -0.1735, -0.1812, -0.1803, -0.1829, -0.1531, -0.1691, -0.1604, -0.1549, -0.145, -0.12225, -0.1164, -0.1055, -0.0797, -0.0587, -0.0432, -0.03363, -0.02919, -0.0114, -0.01536, -0.07227, -0.1411, -0.1549, -0.1736, -0.1595, -0.1573, -0.1702, -0.1956, -0.2124, -0.2119, -0.2, -0.1681, -0.131, -0.10504, -0.0951, -0.1423, -0.2401
-0.2979, -0.2947, -0.2744, -0.2463, -0.2161, -0.1854, -0.1594, -0.1367, -0.1183, -0.10815, -0.102, -0.1173, -0.1499, -0.1644, -0.1578, -0.1447, -0.139, -0.1366, -0.1348, -0.1357, -0.1403, -0.1445, -0.138, -0.1213, -0.1044, -0.09247, -0.1064, -0.1425, -0.1693, -0.1727, -0.168, -0.1649, -0.1682, -0.1758, -0.1754, -0.1669, -0.1545, -0.1377, -0.1265, -0.1311, -0.1323, -0.12067, -0.10785, -0.0899, -0.07477, -0.0623, -0.05533, -0.0501, -0.03506, -0.02107, -0.006077, 0.01121, 0.02333, 0.01973, -0.02359, -0.086, -0.1501, -0.1749, -0.1698, -0.153, -0.1355, -0.1173, -0.10547, -0.09375, -0.08856, -0.0759, -0.05615, -0.04932, -0.0821, -0.1394, -0.1793, -0.1877, -0.1884, -0.1858, -0.1753, -0.1619, -0.1434, -0.1328, -0.1234, -0.1022, -0.0803, -0.0726, -0.05862, -0.04614, -0.03946, -0.0383, -0.0508, -0.06964, -0.07275, -0.0583, -0.05884, -0.0703, -0.10425, -0.1294, -0.126, -0.1404, -0.1604, -0.1941, -0.2246, -0.2449, -0.2358, -0.2286, -0.2183, -0.2064, -0.2142, -0.2145, -0.2208, -0.2158, -0.1831, -0.1692, -0.1659, -0.1665, -0.1613, -0.1642, -0.1554, -0.1515, -0.1367, -0.1255, -0.1132, -0.09607, -0.10724, -0.1272, -0.1318, -0.1368, -0.1271, -0.1282, -0.1126, -0.111, -0.1278, -0.12177, -0.1088, -0.10455, -0.1229, -0.1505, -0.1624, -0.1567, -0.1469, -0.1572, -0.1547, -0.1501, -0.1255, -0.1204, -0.1442, -0.1727, -0.1753, -0.175, -0.1758, -0.1708, -0.1937, -0.2152, -0.2101, -0.2279, -0.2231, -0.2333, -0.2186, -0.2107, -0.2144, -0.2236, -0.2002, -0.1936, -0.1674, -0.1757, -0.1652, -0.1741, -0.1865, -0.1947, -0.2024, -0.1866, -0.1934, -0.1837, -0.1864, -0.1821, -0.1603, -0.1375, -0.1274, -0.09576, -0.08374, -0.0814, -0.06088, -0.04416, -0.02469, -0.007782, -0.03973, -0.09796, -0.1727, -0.2054, -0.2224, -0.2064, -0.1888, -0.1982, -0.2356, -0.2534, -0.2515, -0.225, -0.1932, -0.1661, -0.137, -0.1289, -0.1691, -0.2499
-0.2793, -0.2722, -0.2554, -0.2285, -0.2004, -0.1738, -0.1497, -0.125, -0.10333, -0.0877, -0.0787, -0.1044, -0.1573, -0.1848, -0.1837, -0.1733, -0.1637, -0.1554, -0.156, -0.1598, -0.1664, -0.1671, -0.1605, -0.1442, -0.1298, -0.1155, -0.11475, -0.1302, -0.1458, -0.1514, -0.1572, -0.1606, -0.1643, -0.167, -0.1624, -0.1464, -0.1316, -0.1155, -0.11505, -0.125, -0.134, -0.1299, -0.11774, -0.103, -0.08673, -0.07477, -0.06683, -0.05676, -0.04413, -0.03683, -0.02, -0.00876, 0.0004554, -0.003782, -0.04828, -0.11176, -0.1688, -0.1963, -0.1956, -0.1727, -0.1497, -0.1344, -0.11646, -0.10046, -0.0807, -0.06186, -0.04303, -0.0391, -0.06396, -0.12036, -0.1572, -0.1667, -0.1677, -0.172, -0.1661, -0.1555, -0.1428, -0.1299, -0.11646, -0.0967, -0.07404, -0.05786, -0.04062, -0.02864, -0.02531, -0.02414, -0.04602, -0.0813, -0.0929, -0.08673, -0.0835, -0.093, -0.1195, -0.1294, -0.1267, -0.1317, -0.1672, -0.2036, -0.2366, -0.2466, -0.2432, -0.2349, -0.2261, -0.2163, -0.22, -0.2217, -0.2296, -0.2147, -0.2024, -0.1871, -0.1859, -0.1859, -0.1974, -0.1898, -0.1741, -0.1638, -0.1528, -0.1438, -0.123, -0.11707, -0.1184, -0.1368, -0.1295, -0.1288, -0.1142, -0.10016, -0.09033, -0.103, -0.1172, -0.1211, -0.11896, -0.11017, -0.1268, -0.1436, -0.1493, -0.142, -0.1368, -0.1318, -0.1324, -0.1228, -0.1073, -0.1033, -0.1428, -0.1812, -0.1919, -0.1791, -0.1741, -0.1814, -0.1997, -0.2314, -0.2205, -0.2249, -0.2385, -0.2554, -0.2563, -0.2374, -0.2208, -0.2429, -0.2335, -0.2247, -0.2177, -0.2051, -0.1827, -0.1873, -0.1963, -0.2122, -0.2239, -0.2156, -0.219, -0.203, -0.2067, -0.1888, -0.153, -0.1321, -0.1278, -0.09717, -0.103, -0.099, -0.07806, -0.04596, -0.04233, -0.04065, -0.0761, -0.1403, -0.2175, -0.2505, -0.2465, -0.2251, -0.2217, -0.2402, -0.268, -0.2732, -0.2651, -0.255, -0.2297, -0.2052, -0.188, -0.1727, -0.1908, -0.25
-0.2588, -0.251, -0.2339, -0.2139, -0.1895, -0.1655, -0.1395, -0.11487, -0.0929, -0.0786, -0.06934, -0.09863, -0.1616, -0.1963, -0.2009, -0.1958, -0.1824, -0.1749, -0.1794, -0.1876, -0.19, -0.1882, -0.1832, -0.1686, -0.1547, -0.1393, -0.1311, -0.1265, -0.126, -0.1357, -0.1497, -0.1572, -0.1588, -0.155, -0.146, -0.1318, -0.11383, -0.0993, -0.1054, -0.1187, -0.1274, -0.1294, -0.1279, -0.11865, -0.10345, -0.09, -0.0829, -0.0793, -0.06647, -0.05872, -0.05054, -0.03592, -0.03017, -0.04056, -0.0767, -0.1381, -0.199, -0.2191, -0.2177, -0.1979, -0.1787, -0.1648, -0.1401, -0.1157, -0.0903, -0.0669, -0.05215, -0.04395, -0.06104, -0.1095, -0.1416, -0.145, -0.1367, -0.1416, -0.1484, -0.1481, -0.1437, -0.1276, -0.1069, -0.08844, -0.0701, -0.05276, -0.0358, -0.02304, -0.01666, -0.01132, -0.0543, -0.10675, -0.1337, -0.1288, -0.1306, -0.126, -0.1295, -0.128, -0.12213, -0.1268, -0.1583, -0.1975, -0.2274, -0.2468, -0.2378, -0.2336, -0.2312, -0.221, -0.2203, -0.2139, -0.2202, -0.2247, -0.2192, -0.213, -0.2188, -0.2167, -0.2162, -0.2124, -0.1954, -0.193, -0.172, -0.1666, -0.145, -0.1465, -0.154, -0.1392, -0.1338, -0.12354, -0.1087, -0.09766, -0.0903, -0.09784, -0.09937, -0.1127, -0.11194, -0.1099, -0.12244, -0.1317, -0.1415, -0.1173, -0.127, -0.1117, -0.10583, -0.0982, -0.0826, -0.08826, -0.1262, -0.1844, -0.2075, -0.1882, -0.1752, -0.196, -0.2119, -0.2278, -0.2294, -0.2274, -0.2405, -0.2605, -0.2642, -0.2494, -0.2373, -0.2598, -0.2566, -0.248, -0.2344, -0.2122, -0.2057, -0.2053, -0.2041, -0.2238, -0.2261, -0.2317, -0.2229, -0.2158, -0.2153, -0.178, -0.163, -0.167, -0.1392, -0.11176, -0.1081, -0.1001, -0.0778, -0.08276, -0.07794, -0.08075, -0.1153, -0.1887, -0.2573, -0.2715, -0.2426, -0.2322, -0.238, -0.251, -0.2651, -0.2832, -0.2827, -0.2798, -0.26, -0.2402, -0.2236, -0.2078, -0.2177, -0.2454
-0.2461, -0.2375, -0.2241, -0.207, -0.1874, -0.1667, -0.1433, -0.1229, -0.10175, -0.0867, -0.07947, -0.11035, -0.1757, -0.21, -0.2167, -0.2137, -0.2017, -0.1935, -0.2012, -0.2151, -0.2162, -0.2096, -0.1985, -0.1862, -0.1743, -0.1616, -0.1484, -0.1329, -0.1229, -0.1299, -0.1482, -0.1584, -0.1538, -0.1418, -0.1273, -0.1145, -0.0937, -0.0817, -0.0919, -0.1084, -0.11456, -0.1175, -0.1287, -0.128, -0.1234, -0.11383, -0.10736, -0.1005, -0.09265, -0.0854, -0.07904, -0.074, -0.0649, -0.0685, -0.10065, -0.1555, -0.2124, -0.2393, -0.2415, -0.2239, -0.2041, -0.1877, -0.164, -0.141, -0.1163, -0.09125, -0.0737, -0.05756, -0.07275, -0.1055, -0.1267, -0.12067, -0.11523, -0.117, -0.1333, -0.1475, -0.1469, -0.134, -0.10956, -0.08685, -0.0707, -0.05685, -0.03915, -0.02142, -0.00848, -0.01942, -0.0674, -0.1282, -0.161, -0.1661, -0.161, -0.1567, -0.146, -0.1349, -0.125, -0.1186, -0.1394, -0.1777, -0.2051, -0.2214, -0.2264, -0.2146, -0.2173, -0.212, -0.2065, -0.2004, -0.1982, -0.2161, -0.2395, -0.2357, -0.2297, -0.2145, -0.2189, -0.2213, -0.2205, -0.2141, -0.2015, -0.1941, -0.173, -0.1744, -0.1698, -0.1726, -0.1576, -0.1273, -0.12067, -0.08844, -0.08075, -0.09595, -0.12427, -0.1283, -0.1247, -0.11975, -0.1329, -0.12115, -0.1289, -0.1154, -0.1164, -0.09735, -0.08997, -0.07324, -0.06415, -0.0759, -0.1118, -0.1763, -0.2095, -0.1936, -0.1792, -0.1897, -0.2001, -0.2118, -0.2151, -0.2289, -0.2405, -0.254, -0.2651, -0.2737, -0.2769, -0.2637, -0.2622, -0.2466, -0.2366, -0.2349, -0.2233, -0.2081, -0.2218, -0.2188, -0.221, -0.225, -0.2288, -0.2325, -0.2095, -0.1858, -0.1799, -0.1602, -0.1301, -0.1156, -0.1093, -0.0985, -0.10986, -0.11615, -0.1006, -0.098, -0.1497, -0.235, -0.2708, -0.266, -0.2568, -0.2424, -0.2316, -0.2319, -0.2438, -0.273, -0.291, -0.29, -0.2773, -0.2686, -0.2588, -0.2466, -0.2405, -0.2452
-0.2427, -0.2329, -0.2202, -0.2078, -0.1929, -0.1764, -0.162, -0.1447, -0.125, -0.11145, -0.1056, -0.141, -0.1998, -0.2312, -0.2391, -0.2341, -0.2238, -0.2173, -0.2229, -0.2356, -0.238, -0.2263, -0.2139, -0.2019, -0.1901, -0.1775, -0.1609, -0.1414, -0.1278, -0.1299, -0.1497, -0.1584, -0.1487, -0.1326, -0.1177, -0.10175, -0.0825, -0.07404, -0.0831, -0.095, -0.0986, -0.10284, -0.1277, -0.1458, -0.1467, -0.1356, -0.1284, -0.1265, -0.12225, -0.1202, -0.11633, -0.1063, -0.10223, -0.0967, -0.1236, -0.1716, -0.2166, -0.2455, -0.2434, -0.2283, -0.2122, -0.1942, -0.1772, -0.1567, -0.1373, -0.11206, -0.0926, -0.0752, -0.0885, -0.1141, -0.1238, -0.11414, -0.1039, -0.1, -0.11896, -0.1467, -0.1605, -0.147, -0.1302, -0.107, -0.08813, -0.07056, -0.0527, -0.0345, -0.03015, -0.04965, -0.0897, -0.1416, -0.1744, -0.1764, -0.1721, -0.1628, -0.1577, -0.1493, -0.1276, -0.125, -0.1346, -0.1613, -0.1882, -0.1943, -0.2104, -0.2147, -0.2263, -0.2196, -0.198, -0.1826, -0.1882, -0.2076, -0.2261, -0.232, -0.2313, -0.2228, -0.2234, -0.2234, -0.2316, -0.2195, -0.2136, -0.1968, -0.1819, -0.1826, -0.1901, -0.1908, -0.1627, -0.1414, -0.1389, -0.11456, -0.1123, -0.12335, -0.1343, -0.1371, -0.1324, -0.136, -0.1577, -0.1481, -0.1313, -0.127, -0.1234, -0.10626, -0.08527, -0.0752, -0.06247, -0.0678, -0.1115, -0.1672, -0.2097, -0.216, -0.1991, -0.1907, -0.1903, -0.2173, -0.2161, -0.22, -0.2377, -0.254, -0.2524, -0.2527, -0.2666, -0.257, -0.2517, -0.2578, -0.2568, -0.2424, -0.2363, -0.2137, -0.2179, -0.2151, -0.2178, -0.2279, -0.2375, -0.2229, -0.2039, -0.1914, -0.1775, -0.1534, -0.1299, -0.12445, -0.1226, -0.1305, -0.1565, -0.1504, -0.12, -0.1299, -0.1857, -0.2477, -0.2822, -0.2822, -0.2769, -0.2544, -0.2319, -0.2224, -0.2343, -0.2666, -0.289, -0.2866, -0.2786, -0.2764, -0.273, -0.2668, -0.2576, -0.25
-0.2451, -0.2339, -0.2244, -0.2161, -0.2039, -0.1924, -0.1787, -0.1659, -0.151, -0.143, -0.1383, -0.1733, -0.2246, -0.2488, -0.2563, -0.2534, -0.244, -0.2344, -0.2373, -0.2449, -0.2441, -0.231, -0.221, -0.2151, -0.2081, -0.1925, -0.1749, -0.1566, -0.1381, -0.1399, -0.1566, -0.1599, -0.1501, -0.1355, -0.1179, -0.0983, -0.07733, -0.0705, -0.077, -0.08386, -0.0852, -0.0915, -0.1259, -0.1589, -0.1638, -0.1542, -0.1514, -0.1512, -0.1592, -0.1543, -0.1453, -0.1368, -0.128, -0.1249, -0.1318, -0.1704, -0.2117, -0.24, -0.2378, -0.2246, -0.2137, -0.1996, -0.1882, -0.1768, -0.16, -0.1357, -0.10944, -0.10187, -0.1135, -0.1284, -0.1323, -0.1202, -0.10583, -0.09686, -0.1194, -0.1511, -0.1721, -0.1582, -0.145, -0.1298, -0.115, -0.0989, -0.0762, -0.0592, -0.06433, -0.0775, -0.11426, -0.1501, -0.1721, -0.1816, -0.187, -0.1802, -0.1703, -0.1678, -0.1498, -0.136, -0.1387, -0.1562, -0.1697, -0.1753, -0.188, -0.2124, -0.2195, -0.212, -0.1964, -0.1913, -0.1832, -0.1971, -0.2166, -0.217, -0.2076, -0.2081, -0.2069, -0.203, -0.2157, -0.2087, -0.1967, -0.1781, -0.1761, -0.1763, -0.1934, -0.1964, -0.1915, -0.1633, -0.1493, -0.1309, -0.1392, -0.1404, -0.155, -0.1566, -0.1438, -0.1577, -0.173, -0.1721, -0.1461, -0.1316, -0.1135, -0.1124, -0.09076, -0.0802, -0.08057, -0.07776, -0.1178, -0.1746, -0.2218, -0.2258, -0.206, -0.197, -0.2004, -0.2163, -0.2155, -0.2267, -0.2397, -0.2455, -0.2463, -0.254, -0.2627, -0.257, -0.2612, -0.2742, -0.2783, -0.2676, -0.245, -0.2324, -0.2365, -0.227, -0.2462, -0.2432, -0.2383, -0.2229, -0.2009, -0.1793, -0.16, -0.1405, -0.1302, -0.1155, -0.1407, -0.1711, -0.1909, -0.1681, -0.1469, -0.1577, -0.1887, -0.2499, -0.291, -0.2798, -0.2737, -0.2537, -0.2344, -0.2195, -0.2256, -0.2568, -0.2812, -0.281, -0.2734, -0.273, -0.274, -0.2727, -0.2668, -0.2559
-0.249, -0.2373, -0.2285, -0.225, -0.2163, -0.2053, -0.1941, -0.1819, -0.1747, -0.1744, -0.1772, -0.2056, -0.2401, -0.2583, -0.2642, -0.2593, -0.249, -0.2422, -0.2434, -0.2485, -0.2446, -0.2345, -0.2302, -0.2319, -0.2281, -0.2136, -0.1921, -0.1731, -0.1617, -0.1628, -0.1737, -0.1769, -0.1653, -0.148, -0.1272, -0.10645, -0.0845, -0.0753, -0.07794, -0.08325, -0.07623, -0.0837, -0.1199, -0.1682, -0.1807, -0.1758, -0.1736, -0.179, -0.1843, -0.1785, -0.1648, -0.1532, -0.1436, -0.1389, -0.1467, -0.1755, -0.2117, -0.2319, -0.2273, -0.212, -0.2012, -0.1946, -0.1863, -0.1846, -0.1743, -0.1462, -0.1224, -0.1167, -0.1304, -0.146, -0.1436, -0.1332, -0.11896, -0.1115, -0.1284, -0.1638, -0.1838, -0.1721, -0.1624, -0.1561, -0.1361, -0.1119, -0.10565, -0.086, -0.08203, -0.1033, -0.1361, -0.1553, -0.164, -0.1716, -0.1882, -0.1996, -0.2053, -0.1926, -0.1729, -0.1593, -0.153, -0.1573, -0.1555, -0.1573, -0.1816, -0.2197, -0.2244, -0.2224, -0.195, -0.1898, -0.1832, -0.1914, -0.216, -0.2095, -0.2012, -0.1865, -0.193, -0.2003, -0.2091, -0.1985, -0.1694, -0.1545, -0.162, -0.1674, -0.198, -0.2084, -0.1938, -0.1835, -0.1572, -0.1552, -0.1656, -0.1659, -0.1656, -0.1614, -0.1633, -0.1785, -0.1718, -0.1735, -0.1539, -0.1438, -0.1351, -0.1255, -0.1063, -0.103, -0.0904, -0.0944, -0.1259, -0.1814, -0.2244, -0.219, -0.201, -0.1868, -0.1958, -0.2008, -0.2081, -0.2286, -0.2345, -0.2433, -0.2374, -0.241, -0.2428, -0.2322, -0.2461, -0.2666, -0.2632, -0.2676, -0.2559, -0.2456, -0.2479, -0.2413, -0.2476, -0.251, -0.2515, -0.2338, -0.2015, -0.188, -0.16, -0.1302, -0.1249, -0.1143, -0.1436, -0.1912, -0.1991, -0.178, -0.1721, -0.1703, -0.2015, -0.2515, -0.2856, -0.2769, -0.268, -0.252, -0.2334, -0.2163, -0.2205, -0.251, -0.2773, -0.2769, -0.2688, -0.268, -0.2715, -0.2744, -0.2708, -0.2605
-0.2554, -0.2427, -0.2341, -0.2327, -0.2317, -0.2264, -0.2158, -0.2018, -0.1948, -0.1993, -0.2134, -0.2334, -0.253, -0.2625, -0.2637, -0.257, -0.2478, -0.2422, -0.2437, -0.2476, -0.2468, -0.2427, -0.2441, -0.25, -0.2544, -0.2438, -0.222, -0.2034, -0.1929, -0.1932, -0.1998, -0.1968, -0.1852, -0.1683, -0.145, -0.11926, -0.0966, -0.08923, -0.091, -0.09375, -0.08435, -0.0845, -0.1267, -0.1736, -0.1904, -0.1862, -0.1818, -0.188, -0.1978, -0.1948, -0.1812, -0.1685, -0.1589, -0.1523, -0.1611, -0.1901, -0.2119, -0.2231, -0.2158, -0.2018, -0.1965, -0.1937, -0.1925, -0.1909, -0.1772, -0.1533, -0.1321, -0.127, -0.1423, -0.1559, -0.1643, -0.1622, -0.1494, -0.1384, -0.15, -0.1771, -0.1887, -0.1807, -0.1694, -0.1619, -0.1481, -0.135, -0.11725, -0.10474, -0.1047, -0.11444, -0.1371, -0.16, -0.1611, -0.1721, -0.1896, -0.2086, -0.2139, -0.2021, -0.188, -0.1726, -0.169, -0.1616, -0.148, -0.1619, -0.1812, -0.2173, -0.2258, -0.2167, -0.1974, -0.1882, -0.1881, -0.1897, -0.1932, -0.2126, -0.2018, -0.1881, -0.1865, -0.1967, -0.1962, -0.1862, -0.1687, -0.1538, -0.1469, -0.1693, -0.2048, -0.2166, -0.2018, -0.1918, -0.176, -0.1812, -0.193, -0.183, -0.1826, -0.1586, -0.1654, -0.1761, -0.172, -0.1654, -0.1583, -0.1581, -0.1456, -0.134, -0.1262, -0.11847, -0.1178, -0.1294, -0.1526, -0.1877, -0.2205, -0.2128, -0.196, -0.1824, -0.1965, -0.1927, -0.2037, -0.2205, -0.2311, -0.2432, -0.2438, -0.2467, -0.2316, -0.2355, -0.2349, -0.2435, -0.2659, -0.2625, -0.2443, -0.2339, -0.2341, -0.2339, -0.2427, -0.255, -0.239, -0.2183, -0.2083, -0.1914, -0.1669, -0.1364, -0.1149, -0.1155, -0.1492, -0.2018, -0.21, -0.2144, -0.2047, -0.197, -0.2146, -0.2505, -0.2769, -0.2769, -0.2764, -0.2598, -0.2388, -0.2183, -0.2219, -0.253, -0.2783, -0.2764, -0.268, -0.2695, -0.2769, -0.2798, -0.2764, -0.266
-0.2656, -0.2515, -0.2427, -0.2402, -0.2449, -0.2487, -0.2402, -0.2286, -0.2211, -0.2246, -0.2358, -0.2471, -0.255, -0.2598, -0.2607, -0.254, -0.2456, -0.242, -0.2454, -0.2524, -0.2593, -0.2627, -0.2646, -0.2715, -0.2793, -0.2747, -0.2505, -0.2292, -0.2191, -0.2212, -0.2296, -0.2273, -0.2118, -0.1951, -0.1724, -0.1437, -0.1265, -0.11774, -0.11566, -0.1204, -0.11115, -0.1045, -0.134, -0.1772, -0.1909, -0.1832, -0.1825, -0.1902, -0.2007, -0.2037, -0.1931, -0.1798, -0.169, -0.1669, -0.1797, -0.2012, -0.2175, -0.2208, -0.2131, -0.2059, -0.1993, -0.2002, -0.2046, -0.2007, -0.1882, -0.1641, -0.1472, -0.1416, -0.149, -0.1655, -0.1741, -0.1841, -0.1765, -0.1656, -0.1721, -0.1881, -0.1903, -0.186, -0.179, -0.1682, -0.1609, -0.1489, -0.1362, -0.12006, -0.11566, -0.12427, -0.1458, -0.1592, -0.1619, -0.1741, -0.1895, -0.2081, -0.2106, -0.2112, -0.2036, -0.1937, -0.1763, -0.1709, -0.158, -0.1566, -0.1921, -0.221, -0.2322, -0.2251, -0.2126, -0.1976, -0.2144, -0.2161, -0.2002, -0.2139, -0.199, -0.186, -0.1904, -0.1987, -0.2039, -0.1895, -0.1783, -0.1608, -0.1488, -0.1729, -0.2054, -0.218, -0.2073, -0.2003, -0.181, -0.1926, -0.2079, -0.2078, -0.1912, -0.1748, -0.1658, -0.1753, -0.1644, -0.1531, -0.1522, -0.1602, -0.1638, -0.166, -0.1666, -0.1493, -0.1587, -0.1582, -0.163, -0.1892, -0.2089, -0.2122, -0.1927, -0.1775, -0.1814, -0.1805, -0.1931, -0.2085, -0.2227, -0.2323, -0.245, -0.2466, -0.2415, -0.2305, -0.253, -0.2534, -0.2632, -0.2507, -0.2383, -0.2335, -0.2157, -0.2191, -0.2329, -0.2435, -0.2349, -0.22, -0.207, -0.1926, -0.1702, -0.1552, -0.129, -0.1265, -0.1501, -0.2078, -0.2484, -0.2489, -0.2494, -0.2272, -0.2295, -0.25, -0.2651, -0.282, -0.2722, -0.2595, -0.2434, -0.2278, -0.2351, -0.2642, -0.2861, -0.2832, -0.275, -0.2778, -0.2908, -0.2944, -0.288, -0.2756
-0.2822, -0.2646, -0.2515, -0.2456, -0.2524, -0.2622, -0.2607, -0.255, -0.253, -0.2524, -0.2544, -0.2563, -0.2588, -0.2615, -0.2651, -0.2617, -0.2542, -0.2483, -0.251, -0.2642, -0.275, -0.2808, -0.2861, -0.2944, -0.298, -0.2944, -0.2761, -0.258, -0.2468, -0.2554, -0.2612, -0.2524, -0.2336, -0.2129, -0.1918, -0.1735, -0.1597, -0.1489, -0.1471, -0.1483, -0.1393, -0.1295, -0.147, -0.1819, -0.1934, -0.1831, -0.1809, -0.1904, -0.2067, -0.2108, -0.2059, -0.2024, -0.19, -0.1948, -0.2009, -0.2153, -0.2246, -0.2192, -0.2183, -0.2095, -0.2062, -0.2109, -0.2085, -0.2064, -0.1912, -0.176, -0.1604, -0.1508, -0.1536, -0.1697, -0.186, -0.2017, -0.2057, -0.1969, -0.1964, -0.1993, -0.1919, -0.1841, -0.1816, -0.1752, -0.1716, -0.1609, -0.1539, -0.1364, -0.12366, -0.1348, -0.155, -0.1681, -0.1716, -0.1738, -0.1809, -0.1921, -0.1995, -0.2042, -0.206, -0.21, -0.207, -0.1903, -0.1774, -0.1648, -0.19, -0.2104, -0.2305, -0.2225, -0.2045, -0.2126, -0.2261, -0.228, -0.2228, -0.2151, -0.205, -0.1956, -0.2025, -0.2043, -0.2158, -0.2114, -0.2018, -0.1831, -0.1757, -0.1892, -0.212, -0.2246, -0.2175, -0.204, -0.1923, -0.1858, -0.2047, -0.2253, -0.2056, -0.1918, -0.1819, -0.1836, -0.1597, -0.1497, -0.149, -0.1628, -0.1733, -0.1768, -0.1718, -0.1677, -0.1685, -0.1646, -0.1606, -0.198, -0.2036, -0.2126, -0.2017, -0.204, -0.2007, -0.1875, -0.1892, -0.1875, -0.2285, -0.2505, -0.2456, -0.2568, -0.2448, -0.2515, -0.2482, -0.251, -0.2458, -0.2465, -0.2278, -0.2162, -0.2126, -0.2218, -0.234, -0.25, -0.25, -0.246, -0.2255, -0.202, -0.1849, -0.172, -0.1592, -0.1389, -0.1465, -0.209, -0.2666, -0.2788, -0.263, -0.2437, -0.2479, -0.255, -0.2705, -0.2883, -0.2769, -0.27, -0.2603, -0.253, -0.259, -0.2842, -0.2988, -0.2925, -0.2854, -0.294, -0.3135, -0.3218, -0.312, -0.296
-0.3047, -0.2832, -0.2651, -0.2566, -0.2607, -0.2683, -0.274, -0.2756, -0.2832, -0.2827, -0.2773, -0.2732, -0.275, -0.279, -0.2842, -0.2817, -0.2715, -0.2642, -0.266, -0.2827, -0.3032, -0.3096, -0.3125, -0.317, -0.3193, -0.316, -0.3047, -0.2883, -0.2817, -0.2876, -0.287, -0.281, -0.2642, -0.242, -0.2262, -0.2078, -0.1963, -0.1826, -0.181, -0.1787, -0.1692, -0.1581, -0.1692, -0.1919, -0.2002, -0.1923, -0.1848, -0.1976, -0.2181, -0.2305, -0.2318, -0.2258, -0.2169, -0.22, -0.2285, -0.2341, -0.2373, -0.2305, -0.2194, -0.2161, -0.2169, -0.22, -0.2197, -0.22, -0.2042, -0.1868, -0.1748, -0.1685, -0.1675, -0.1814, -0.1953, -0.2173, -0.2239, -0.2253, -0.2141, -0.2114, -0.1987, -0.1862, -0.187, -0.1926, -0.1857, -0.1765, -0.174, -0.1606, -0.1473, -0.1486, -0.1604, -0.1816, -0.179, -0.1787, -0.1829, -0.1914, -0.1938, -0.2017, -0.2126, -0.2274, -0.2184, -0.2086, -0.1887, -0.1798, -0.1954, -0.2191, -0.2202, -0.2112, -0.2129, -0.2194, -0.25, -0.24, -0.2366, -0.2451, -0.2369, -0.2216, -0.2178, -0.2136, -0.2268, -0.2236, -0.2189, -0.2025, -0.1875, -0.2076, -0.2258, -0.243, -0.2344, -0.2125, -0.1973, -0.1987, -0.2028, -0.2178, -0.2208, -0.199, -0.2008, -0.188, -0.1804, -0.1655, -0.1548, -0.1704, -0.1771, -0.1819, -0.184, -0.186, -0.1909, -0.1804, -0.184, -0.1904, -0.2073, -0.2269, -0.2155, -0.2112, -0.2068, -0.2087, -0.2085, -0.2073, -0.2258, -0.25, -0.25, -0.2463, -0.2427, -0.2505, -0.2512, -0.254, -0.2466, -0.2358, -0.2349, -0.2229, -0.2236, -0.2242, -0.2366, -0.2573, -0.2573, -0.2502, -0.2251, -0.2126, -0.2059, -0.1997, -0.1786, -0.1514, -0.1584, -0.22, -0.2803, -0.2922, -0.2666, -0.2588, -0.254, -0.2666, -0.289, -0.301, -0.287, -0.2798, -0.2798, -0.2798, -0.2886, -0.3066, -0.315, -0.309, -0.3027, -0.3147, -0.3394, -0.35, -0.3384, -0.3198
-0.3252, -0.3044, -0.2866, -0.2754, -0.274, -0.2778, -0.2822, -0.293, -0.3062, -0.309, -0.3037, -0.2964, -0.3018, -0.308, -0.3132, -0.3076, -0.2957, -0.289, -0.2886, -0.3047, -0.3267, -0.337, -0.3389, -0.338, -0.3374, -0.3342, -0.323, -0.316, -0.311, -0.3152, -0.3125, -0.3022, -0.2856, -0.268, -0.2554, -0.2444, -0.2317, -0.2179, -0.2125, -0.206, -0.1962, -0.1863, -0.1929, -0.21, -0.2203, -0.2164, -0.2025, -0.2131, -0.2365, -0.2532, -0.2588, -0.253, -0.251, -0.2559, -0.2598, -0.2646, -0.2634, -0.254, -0.2402, -0.2397, -0.2473, -0.2407, -0.2457, -0.2346, -0.2203, -0.2146, -0.2075, -0.1984, -0.2007, -0.2041, -0.2148, -0.231, -0.2445, -0.2444, -0.2328, -0.219, -0.2051, -0.193, -0.2, -0.21, -0.2131, -0.2046, -0.1957, -0.1842, -0.1758, -0.1702, -0.1857, -0.1962, -0.1979, -0.1803, -0.1838, -0.1924, -0.1973, -0.2017, -0.223, -0.2424, -0.2463, -0.2366, -0.2114, -0.2039, -0.2098, -0.2274, -0.2178, -0.1996, -0.2169, -0.2352, -0.2559, -0.252, -0.2437, -0.2415, -0.2438, -0.2415, -0.2291, -0.2173, -0.2312, -0.2262, -0.2112, -0.2063, -0.2007, -0.212, -0.2341, -0.2434, -0.2362, -0.2266, -0.2083, -0.2134, -0.2302, -0.2374, -0.231, -0.2216, -0.2136, -0.209, -0.195, -0.1841, -0.1976, -0.1882, -0.1938, -0.1807, -0.1882, -0.1943, -0.1989, -0.1976, -0.2037, -0.199, -0.2069, -0.2327, -0.2341, -0.2251, -0.2308, -0.2217, -0.2196, -0.2235, -0.23, -0.2379, -0.2461, -0.259, -0.249, -0.2451, -0.2583, -0.266, -0.262, -0.2556, -0.2467, -0.2439, -0.2388, -0.2314, -0.2396, -0.2593, -0.2605, -0.2673, -0.2379, -0.2299, -0.2123, -0.1995, -0.1943, -0.1736, -0.1874, -0.2339, -0.2798, -0.2844, -0.2593, -0.2515, -0.2627, -0.296, -0.3096, -0.3096, -0.3057, -0.2988, -0.3042, -0.3135, -0.3235, -0.3335, -0.337, -0.3318, -0.3274, -0.3357, -0.3599, -0.3718, -0.3638, -0.3457
-0.3489, -0.3281, -0.313, -0.3018, -0.2993, -0.2937, -0.2937, -0.3074, -0.3262, -0.3325, -0.3271, -0.3252, -0.334, -0.3438, -0.3486, -0.3416, -0.3284, -0.3164, -0.3125, -0.3242, -0.345, -0.3545, -0.3582, -0.3594, -0.3567, -0.3564, -0.3481, -0.3445, -0.3413, -0.3413, -0.3354, -0.321, -0.3057, -0.2908, -0.2776, -0.2666, -0.2554, -0.2417, -0.2365, -0.2297, -0.2188, -0.2097, -0.2151, -0.2299, -0.2432, -0.2424, -0.2327, -0.239, -0.2588, -0.276, -0.2837, -0.2788, -0.2832, -0.288, -0.291, -0.2935, -0.2905, -0.2834, -0.2705, -0.27, -0.2793, -0.2817, -0.274, -0.262, -0.253, -0.2478, -0.2356, -0.2332, -0.2316, -0.2346, -0.2356, -0.2534, -0.266, -0.267, -0.2598, -0.2429, -0.2319, -0.22, -0.2346, -0.2415, -0.2374, -0.2299, -0.2136, -0.2092, -0.2068, -0.2064, -0.2146, -0.2285, -0.2198, -0.2075, -0.2098, -0.2025, -0.2052, -0.2031, -0.2385, -0.2588, -0.2598, -0.2507, -0.2363, -0.2307, -0.2281, -0.2368, -0.2346, -0.22, -0.237, -0.259, -0.2715, -0.2776, -0.2515, -0.2505, -0.2473, -0.2603, -0.2478, -0.2329, -0.2297, -0.2316, -0.2258, -0.2177, -0.2228, -0.2278, -0.25, -0.253, -0.2467, -0.2279, -0.2258, -0.2388, -0.2542, -0.256, -0.2429, -0.2339, -0.2363, -0.2262, -0.2207, -0.2087, -0.219, -0.2186, -0.2085, -0.1909, -0.1931, -0.2067, -0.213, -0.223, -0.224, -0.2201, -0.2389, -0.253, -0.252, -0.252, -0.25, -0.251, -0.2404, -0.245, -0.2434, -0.2563, -0.2515, -0.2496, -0.2472, -0.2412, -0.2598, -0.2666, -0.274, -0.2666, -0.2617, -0.2563, -0.2627, -0.2418, -0.2393, -0.2678, -0.2773, -0.2822, -0.2617, -0.254, -0.2397, -0.2318, -0.216, -0.199, -0.2184, -0.2451, -0.2651, -0.2842, -0.2747, -0.2646, -0.2922, -0.317, -0.3281, -0.3228, -0.3237, -0.3237, -0.333, -0.3516, -0.3628, -0.3657, -0.3604, -0.3535, -0.349, -0.356, -0.3755, -0.3916, -0.3892, -0.3713
-0.3755, -0.3562, -0.3418, -0.3325, -0.33, -0.3213, -0.3132, -0.3271, -0.3472, -0.359, -0.355, -0.355, -0.367, -0.378, -0.3813, -0.3718, -0.3574, -0.3408, -0.334, -0.3442, -0.3628, -0.3726, -0.3794, -0.3823, -0.3833, -0.3828, -0.38, -0.3777, -0.373, -0.3672, -0.3604, -0.3506, -0.3335, -0.3176, -0.2993, -0.2915, -0.2808, -0.2678, -0.2593, -0.2559, -0.25, -0.2418, -0.2439, -0.2544, -0.2651, -0.27, -0.2622, -0.2617, -0.2832, -0.2979, -0.3071, -0.3062, -0.314, -0.3154, -0.317, -0.3154, -0.315, -0.3074, -0.3057, -0.3086, -0.316, -0.31, -0.3044, -0.2952, -0.2886, -0.2795, -0.2688, -0.268, -0.2637, -0.26, -0.2593, -0.278, -0.2876, -0.2908, -0.2815, -0.274, -0.261, -0.2605, -0.276, -0.2827, -0.278, -0.2566, -0.25, -0.2402, -0.2404, -0.2456, -0.257, -0.2607, -0.263, -0.2405, -0.2296, -0.2208, -0.2249, -0.2252, -0.2456, -0.269, -0.2812, -0.2769, -0.2563, -0.2563, -0.255, -0.2563, -0.239, -0.2483, -0.2573, -0.2837, -0.2947, -0.2866, -0.2646, -0.2603, -0.2676, -0.2642, -0.2494, -0.2356, -0.2338, -0.2418, -0.23, -0.2349, -0.241, -0.258, -0.271, -0.2686, -0.2544, -0.245, -0.2455, -0.2617, -0.2944, -0.2944, -0.275, -0.2644, -0.2479, -0.2524, -0.2361, -0.2456, -0.2478, -0.2417, -0.2285, -0.2234, -0.2177, -0.2262, -0.2361, -0.2457, -0.2358, -0.2354, -0.25, -0.2622, -0.2793, -0.2815, -0.272, -0.265, -0.2556, -0.268, -0.271, -0.2637, -0.267, -0.254, -0.249, -0.2524, -0.2642, -0.2837, -0.2988, -0.2983, -0.2976, -0.2847, -0.2798, -0.2637, -0.257, -0.2705, -0.2969, -0.291, -0.2769, -0.2676, -0.2588, -0.2478, -0.2391, -0.2346, -0.2422, -0.2563, -0.2715, -0.2954, -0.2935, -0.3086, -0.319, -0.3372, -0.3413, -0.3477, -0.3506, -0.358, -0.3682, -0.3877, -0.3965, -0.3926, -0.3833, -0.3726, -0.3687, -0.3745, -0.394, -0.4102, -0.411, -0.3948
-0.401, -0.3823, -0.3684, -0.3613, -0.3599, -0.352, -0.3438, -0.352, -0.3716, -0.3823, -0.3813, -0.3843, -0.3972, -0.4082, -0.4082, -0.398, -0.3838, -0.3691, -0.3604, -0.371, -0.3923, -0.4016, -0.4033, -0.4097, -0.4177, -0.4214, -0.418, -0.4124, -0.407, -0.401, -0.3926, -0.3828, -0.366, -0.3474, -0.3306, -0.3193, -0.3127, -0.3008, -0.2896, -0.2876, -0.2773, -0.2708, -0.2717, -0.2798, -0.2908, -0.2944, -0.2883, -0.291, -0.31, -0.3257, -0.333, -0.3384, -0.3486, -0.346, -0.3433, -0.3428, -0.3457, -0.3394, -0.336, -0.3398, -0.3413, -0.3374, -0.3315, -0.3232, -0.3232, -0.3218, -0.3093, -0.3005, -0.292, -0.2842, -0.2842, -0.2944, -0.3071, -0.312, -0.3062, -0.2979, -0.2922, -0.293, -0.311, -0.3179, -0.3093, -0.291, -0.2844, -0.2708, -0.2778, -0.2769, -0.2825, -0.2832, -0.2798, -0.272, -0.2617, -0.2563, -0.2673, -0.2612, -0.2666, -0.2842, -0.2944, -0.2832, -0.2793, -0.2817, -0.285, -0.2788, -0.2708, -0.2705, -0.28, -0.3013, -0.3164, -0.315, -0.288, -0.274, -0.2725, -0.2705, -0.256, -0.2524, -0.25, -0.2422, -0.253, -0.266, -0.2651, -0.2808, -0.2874, -0.2888, -0.2712, -0.2659, -0.2712, -0.3008, -0.331, -0.3281, -0.3047, -0.2957, -0.274, -0.2644, -0.2622, -0.2617, -0.27, -0.267, -0.2603, -0.2413, -0.2463, -0.2384, -0.2644, -0.271, -0.2625, -0.2656, -0.2776, -0.3032, -0.2988, -0.2983, -0.296, -0.286, -0.2935, -0.2964, -0.2925, -0.2908, -0.2854, -0.2734, -0.2705, -0.2642, -0.2747, -0.3027, -0.312, -0.3184, -0.3257, -0.321, -0.3035, -0.2913, -0.2905, -0.292, -0.291, -0.2979, -0.2974, -0.283, -0.2769, -0.2732, -0.2527, -0.2708, -0.2744, -0.2686, -0.2856, -0.3242, -0.3306, -0.3447, -0.3403, -0.356, -0.359, -0.3677, -0.3733, -0.3848, -0.4, -0.4153, -0.419, -0.412, -0.4058, -0.3965, -0.394, -0.3994, -0.4136, -0.4314, -0.4338, -0.4194
-0.4263, -0.4058, -0.3984, -0.3894, -0.3867, -0.3806, -0.3784, -0.3855, -0.3987, -0.4062, -0.4033, -0.4065, -0.4194, -0.4307, -0.4307, -0.4224, -0.4114, -0.4033, -0.3997, -0.412, -0.4346, -0.4438, -0.438, -0.439, -0.4468, -0.4531, -0.4507, -0.4424, -0.4404, -0.4358, -0.4292, -0.4185, -0.4033, -0.3833, -0.3638, -0.3574, -0.3533, -0.339, -0.3286, -0.3215, -0.313, -0.308, -0.3135, -0.316, -0.3203, -0.3228, -0.3232, -0.3262, -0.3452, -0.3584, -0.3655, -0.3726, -0.379, -0.374, -0.375, -0.3745, -0.3772, -0.3752, -0.374, -0.3716, -0.3706, -0.359, -0.35, -0.3477, -0.3533, -0.3499, -0.3386, -0.3315, -0.3176, -0.3071, -0.313, -0.3203, -0.3325, -0.338, -0.3342, -0.3267, -0.3228, -0.3271, -0.3406, -0.3447, -0.3345, -0.3174, -0.3171, -0.3108, -0.3071, -0.3071, -0.3052, -0.3115, -0.3052, -0.293, -0.292, -0.29, -0.3018, -0.2974, -0.2993, -0.3062, -0.3147, -0.3003, -0.2993, -0.308, -0.312, -0.3022, -0.3013, -0.2979, -0.3079, -0.3203, -0.3218, -0.3218, -0.3066, -0.2783, -0.2788, -0.2734, -0.266, -0.2617, -0.2576, -0.2646, -0.2705, -0.275, -0.2876, -0.309, -0.3076, -0.3022, -0.2898, -0.2847, -0.289, -0.3245, -0.3447, -0.352, -0.3325, -0.3171, -0.3037, -0.2893, -0.2983, -0.3013, -0.3022, -0.2954, -0.2903, -0.279, -0.2683, -0.2656, -0.276, -0.2925, -0.2878, -0.3047, -0.3013, -0.325, -0.3306, -0.3337, -0.3281, -0.3271, -0.3247, -0.3281, -0.33, -0.3237, -0.3127, -0.3079, -0.302, -0.3062, -0.313, -0.313, -0.3306, -0.3403, -0.3477, -0.3474, -0.3335, -0.3303, -0.3105, -0.2983, -0.304, -0.314, -0.3142, -0.306, -0.2917, -0.2786, -0.2783, -0.3171, -0.3066, -0.2976, -0.3267, -0.354, -0.371, -0.3743, -0.3672, -0.3687, -0.3833, -0.393, -0.4053, -0.4102, -0.4255, -0.4404, -0.4414, -0.4336, -0.4326, -0.4272, -0.4253, -0.4255, -0.435, -0.4492, -0.4546, -0.4412
-0.4539, -0.434, -0.423, -0.424, -0.42, -0.4143, -0.4143, -0.421, -0.4282, -0.4307, -0.429, -0.4316, -0.4404, -0.4475, -0.4468, -0.438, -0.4321, -0.4355, -0.4397, -0.4534, -0.4712, -0.478, -0.4705, -0.4644, -0.4673, -0.4717, -0.475, -0.4724, -0.4712, -0.4668, -0.4604, -0.4521, -0.4365, -0.4187, -0.4026, -0.3923, -0.3877, -0.3752, -0.3625, -0.35, -0.3489, -0.3525, -0.3545, -0.359, -0.3623, -0.3535, -0.3508, -0.3574, -0.376, -0.3904, -0.3945, -0.4038, -0.4062, -0.4016, -0.402, -0.4048, -0.4072, -0.4072, -0.4082, -0.4023, -0.395, -0.3809, -0.3672, -0.3628, -0.3735, -0.3782, -0.374, -0.3657, -0.3535, -0.341, -0.3472, -0.3481, -0.3545, -0.3657, -0.3628, -0.3594, -0.3594, -0.3672, -0.3755, -0.372, -0.3652, -0.3584, -0.3545, -0.3455, -0.3413, -0.3335, -0.327, -0.3306, -0.3271, -0.3252, -0.3242, -0.3237, -0.3218, -0.3271, -0.3213, -0.3252, -0.3188, -0.3145, -0.31, -0.3218, -0.336, -0.3315, -0.3242, -0.3296, -0.3333, -0.3433, -0.3472, -0.334, -0.3262, -0.309, -0.295, -0.2876, -0.2812, -0.2788, -0.2788, -0.2803, -0.2795, -0.2876, -0.3037, -0.3303, -0.3389, -0.332, -0.3203, -0.3047, -0.3076, -0.334, -0.3567, -0.3623, -0.3604, -0.3472, -0.33, -0.332, -0.3235, -0.3325, -0.319, -0.32, -0.315, -0.299, -0.3013, -0.2993, -0.3013, -0.3232, -0.3335, -0.3281, -0.33, -0.3232, -0.3477, -0.356, -0.3608, -0.3745, -0.3657, -0.3608, -0.3513, -0.3425, -0.3452, -0.3484, -0.353, -0.3528, -0.3496, -0.348, -0.3616, -0.3684, -0.3657, -0.3582, -0.3486, -0.35, -0.3372, -0.3342, -0.3252, -0.3228, -0.3313, -0.3281, -0.3228, -0.3308, -0.3206, -0.3525, -0.345, -0.336, -0.3643, -0.3848, -0.396, -0.4001, -0.3953, -0.3975, -0.4084, -0.4248, -0.4277, -0.4312, -0.4463, -0.4604, -0.463, -0.457, -0.463, -0.4668, -0.4646, -0.4558, -0.4558, -0.4697, -0.4749, -0.4712
-0.4805, -0.4639, -0.458, -0.462, -0.4585, -0.451, -0.4458, -0.4492, -0.4536, -0.4546, -0.4517, -0.458, -0.4653, -0.4673, -0.462, -0.456, -0.4556, -0.4648, -0.4683, -0.477, -0.4897, -0.4963, -0.4888, -0.483, -0.482, -0.4858, -0.4912, -0.4941, -0.4937, -0.4897, -0.482, -0.474, -0.4663, -0.4485, -0.436, -0.424, -0.42, -0.406, -0.3901, -0.379, -0.3843, -0.395, -0.3955, -0.3945, -0.3926, -0.39, -0.3853, -0.3945, -0.4102, -0.4238, -0.4268, -0.4316, -0.4292, -0.4253, -0.4229, -0.4214, -0.4297, -0.435, -0.4412, -0.439, -0.4233, -0.4036, -0.3887, -0.3914, -0.4004, -0.4038, -0.4077, -0.402, -0.3892, -0.3855, -0.3833, -0.3855, -0.3906, -0.396, -0.3896, -0.3828, -0.3916, -0.4019, -0.4087, -0.403, -0.3928, -0.3877, -0.385, -0.3755, -0.3718, -0.3582, -0.3545, -0.3496, -0.3547, -0.3594, -0.357, -0.353, -0.351, -0.3506, -0.3435, -0.3384, -0.3315, -0.337, -0.334, -0.335, -0.3447, -0.353, -0.3433, -0.3477, -0.3582, -0.3687, -0.3643, -0.3545, -0.345, -0.3335, -0.308, -0.3105, -0.3022, -0.294, -0.2998, -0.3022, -0.2964, -0.3154, -0.3438, -0.3638, -0.3682, -0.3574, -0.3503, -0.3313, -0.3242, -0.342, -0.3618, -0.3828, -0.3726, -0.3555, -0.3489, -0.3481, -0.3547, -0.345, -0.352, -0.3525, -0.3406, -0.329, -0.3193, -0.3384, -0.3367, -0.3623, -0.3674, -0.366, -0.3584, -0.3564, -0.363, -0.3735, -0.3872, -0.3848, -0.3872, -0.3994, -0.3733, -0.3677, -0.3628, -0.3728, -0.3818, -0.3877, -0.3767, -0.3867, -0.3916, -0.396, -0.3784, -0.3774, -0.372, -0.3667, -0.3716, -0.3684, -0.3706, -0.3848, -0.3638, -0.37, -0.3745, -0.3748, -0.3696, -0.3928, -0.3838, -0.396, -0.4019, -0.4175, -0.4248, -0.425, -0.4258, -0.434, -0.4414, -0.4482, -0.4507, -0.4521, -0.4631, -0.474, -0.4766, -0.4758, -0.4834, -0.495, -0.4917, -0.479, -0.4731, -0.4849, -0.4946, -0.496
-0.495, -0.4888, -0.4878, -0.4902, -0.4849, -0.4785, -0.4717, -0.4756, -0.4749, -0.474, -0.4756, -0.4814, -0.4873, -0.4873, -0.483, -0.48, -0.483, -0.4897, -0.4888, -0.4897, -0.4963, -0.5024, -0.5, -0.496, -0.493, -0.4927, -0.4958, -0.502, -0.505, -0.502, -0.4937, -0.4912, -0.484, -0.4736, -0.46, -0.4492, -0.4458, -0.4329, -0.4192, -0.4111, -0.417, -0.4292, -0.4312, -0.4282, -0.4282, -0.4253, -0.4238, -0.4333, -0.4434, -0.4526, -0.458, -0.457, -0.4487, -0.4438, -0.44, -0.437, -0.4468, -0.46, -0.4683, -0.4597, -0.442, -0.4287, -0.4185, -0.418, -0.418, -0.419, -0.4243, -0.425, -0.4219, -0.4146, -0.412, -0.4155, -0.4185, -0.42, -0.4155, -0.4146, -0.4238, -0.433, -0.439, -0.4316, -0.4204, -0.4165, -0.415, -0.4133, -0.407, -0.3962, -0.3826, -0.3774, -0.3804, -0.3843, -0.3853, -0.3765, -0.3696, -0.3647, -0.3574, -0.3481, -0.3398, -0.335, -0.33, -0.3403, -0.3508, -0.3628, -0.37, -0.3738, -0.3774, -0.386, -0.392, -0.3755, -0.3525, -0.3447, -0.3242, -0.3213, -0.3208, -0.3113, -0.3203, -0.313, -0.3135, -0.3352, -0.377, -0.398, -0.3948, -0.3872, -0.37, -0.3506, -0.3428, -0.3564, -0.3848, -0.3955, -0.394, -0.3828, -0.3623, -0.3687, -0.357, -0.3652, -0.3828, -0.38, -0.375, -0.3606, -0.3552, -0.3584, -0.3691, -0.3794, -0.3901, -0.3906, -0.4014, -0.3926, -0.39, -0.394, -0.406, -0.4067, -0.4114, -0.4146, -0.4163, -0.396, -0.3896, -0.393, -0.3965, -0.4053, -0.3872, -0.3984, -0.4172, -0.419, -0.42, -0.4143, -0.415, -0.4048, -0.3975, -0.4207, -0.4158, -0.4097, -0.4155, -0.4146, -0.412, -0.418, -0.4265, -0.4253, -0.4194, -0.4248, -0.4275, -0.438, -0.4492, -0.4614, -0.457, -0.4673, -0.4683, -0.473, -0.479, -0.4785, -0.4824, -0.4863, -0.488, -0.4893, -0.4995, -0.5107, -0.508, -0.4932, -0.4854, -0.4917, -0.503, -0.504
-0.505, -0.503, -0.5024, -0.505, -0.502, -0.494, -0.4878, -0.4902, -0.4922, -0.4912, -0.4927, -0.497, -0.502, -0.5015, -0.4985, -0.498, -0.499, -0.501, -0.4985, -0.497, -0.5, -0.505, -0.506, -0.505, -0.5, -0.495, -0.4956, -0.501, -0.507, -0.505, -0.5, -0.5, -0.499, -0.493, -0.4812, -0.4775, -0.4734, -0.4646, -0.4526, -0.4487, -0.4526, -0.4612, -0.4634, -0.4614, -0.4644, -0.462, -0.4597, -0.4675, -0.4731, -0.4746, -0.4785, -0.479, -0.4722, -0.4666, -0.461, -0.4595, -0.4666, -0.4795, -0.484, -0.4756, -0.4585, -0.452, -0.4463, -0.439, -0.436, -0.4368, -0.437, -0.437, -0.4382, -0.4348, -0.4316, -0.4329, -0.4346, -0.435, -0.4382, -0.4404, -0.4414, -0.4514, -0.4546, -0.4502, -0.4453, -0.4448, -0.4443, -0.4453, -0.4438, -0.437, -0.4214, -0.407, -0.4072, -0.406, -0.4087, -0.4019, -0.3896, -0.377, -0.3682, -0.3613, -0.3594, -0.3545, -0.3408, -0.3564, -0.3699, -0.3853, -0.3784, -0.3796, -0.3892, -0.408, -0.4058, -0.3955, -0.3838, -0.3604, -0.3472, -0.3428, -0.3467, -0.3328, -0.338, -0.334, -0.3313, -0.3452, -0.373, -0.4006, -0.4043, -0.3982, -0.3726, -0.3657, -0.372, -0.375, -0.4019, -0.4155, -0.4182, -0.401, -0.3906, -0.379, -0.3745, -0.373, -0.3955, -0.4016, -0.4072, -0.3806, -0.383, -0.3804, -0.3882, -0.4111, -0.416, -0.4067, -0.418, -0.4211, -0.4321, -0.4155, -0.4219, -0.4214, -0.4336, -0.4321, -0.4282, -0.4255, -0.4167, -0.418, -0.4233, -0.419, -0.4258, -0.4229, -0.429, -0.4373, -0.4453, -0.4556, -0.4702, -0.4644, -0.458, -0.442, -0.4424, -0.4453, -0.4417, -0.4397, -0.4312, -0.4453, -0.4536, -0.4434, -0.4429, -0.4414, -0.4434, -0.4482, -0.4648, -0.4854, -0.491, -0.4883, -0.4917, -0.4946, -0.4985, -0.499, -0.4978, -0.4963, -0.4932, -0.4976, -0.5107, -0.5225, -0.5205, -0.509, -0.499, -0.4993, -0.506, -0.5083
-0.509, -0.5063, -0.504, -0.506, -0.507, -0.5015, -0.4976, -0.4968, -0.4968, -0.4976, -0.496, -0.4988, -0.504, -0.503, -0.502, -0.505, -0.503, -0.501, -0.502, -0.5024, -0.5073, -0.509, -0.5073, -0.507, -0.503, -0.4976, -0.496, -0.5, -0.506, -0.504, -0.5, -0.502, -0.505, -0.504, -0.501, -0.501, -0.501, -0.4941, -0.485, -0.4805, -0.4844, -0.489, -0.4912, -0.4888, -0.4897, -0.4907, -0.4878, -0.4902, -0.4893, -0.491, -0.495, -0.496, -0.4912, -0.4873, -0.4834, -0.4849, -0.483, -0.4932, -0.5, -0.4902, -0.475, -0.4692, -0.4639, -0.449, -0.4448, -0.4421, -0.4507, -0.4517, -0.4526, -0.4487, -0.4397, -0.438, -0.4402, -0.4502, -0.4504, -0.455, -0.4531, -0.4644, -0.467, -0.4688, -0.4683, -0.463, -0.4639, -0.4658, -0.4683, -0.4568, -0.4492, -0.439, -0.4302, -0.4277, -0.421, -0.419, -0.4072, -0.3892, -0.3848, -0.3804, -0.3818, -0.3735, -0.37, -0.3716, -0.393, -0.4019, -0.385, -0.3835, -0.395, -0.4067, -0.41, -0.4126, -0.398, -0.376, -0.3628, -0.3628, -0.3691, -0.3574, -0.3496, -0.3462, -0.353, -0.3586, -0.3745, -0.3984, -0.399, -0.4053, -0.381, -0.3809, -0.3867, -0.3933, -0.4116, -0.426, -0.4272, -0.4175, -0.4114, -0.404, -0.3977, -0.3833, -0.4004, -0.4072, -0.4016, -0.3997, -0.3926, -0.394, -0.3975, -0.414, -0.4272, -0.4243, -0.437, -0.4434, -0.4424, -0.439, -0.4336, -0.4282, -0.4346, -0.4512, -0.454, -0.442, -0.4365, -0.4448, -0.4448, -0.451, -0.4524, -0.457, -0.463, -0.4712, -0.4766, -0.489, -0.499, -0.49, -0.4878, -0.476, -0.479, -0.4644, -0.4604, -0.4617, -0.463, -0.475, -0.4727, -0.472, -0.4678, -0.4656, -0.462, -0.4602, -0.48, -0.4949, -0.503, -0.505, -0.5015, -0.5044, -0.508, -0.507, -0.507, -0.504, -0.499, -0.504, -0.517, -0.5264, -0.5273, -0.5225, -0.5137, -0.51, -0.5137, -0.512
-0.509, -0.506, -0.502, -0.503, -0.506, -0.5034, -0.501, -0.5, -0.499, -0.4988, -0.497, -0.499, -0.504, -0.505, -0.5054, -0.5073, -0.5034, -0.501, -0.502, -0.504, -0.508, -0.509, -0.507, -0.506, -0.5034, -0.5, -0.4988, -0.502, -0.505, -0.502, -0.499, -0.502, -0.5054, -0.505, -0.5054, -0.509, -0.512, -0.5103, -0.5044, -0.501, -0.501, -0.502, -0.504, -0.503, -0.503, -0.504, -0.503, -0.501, -0.499, -0.4995, -0.502, -0.5015, -0.5, -0.496, -0.5, -0.4995, -0.4963, -0.503, -0.508, -0.504, -0.4888, -0.4807, -0.4736, -0.4575, -0.4531, -0.4556, -0.4585, -0.4727, -0.4692, -0.456, -0.4512, -0.4487, -0.4473, -0.4556, -0.46, -0.461, -0.4658, -0.475, -0.4814, -0.4932, -0.4902, -0.4863, -0.4795, -0.484, -0.4807, -0.4749, -0.4612, -0.4497, -0.4478, -0.4429, -0.436, -0.4302, -0.4194, -0.4102, -0.4067, -0.409, -0.4087, -0.4097, -0.4045, -0.4, -0.4075, -0.4185, -0.4106, -0.399, -0.3987, -0.41, -0.4214, -0.4233, -0.4097, -0.4028, -0.4053, -0.3945, -0.397, -0.3872, -0.3728, -0.3748, -0.372, -0.3867, -0.3916, -0.4058, -0.4106, -0.4075, -0.399, -0.4033, -0.4082, -0.4187, -0.4272, -0.4343, -0.428, -0.4224, -0.4302, -0.4229, -0.421, -0.4048, -0.4043, -0.4224, -0.415, -0.412, -0.4087, -0.3997, -0.4106, -0.4097, -0.419, -0.438, -0.445, -0.46, -0.4617, -0.4426, -0.4414, -0.4436, -0.4404, -0.472, -0.483, -0.4858, -0.4775, -0.4834, -0.4712, -0.4946, -0.483, -0.482, -0.483, -0.494, -0.5034, -0.523, -0.5234, -0.5137, -0.5146, -0.48, -0.4775, -0.4863, -0.4785, -0.4702, -0.497, -0.498, -0.4941, -0.481, -0.4844, -0.484, -0.4756, -0.4702, -0.4902, -0.505, -0.5093, -0.502, -0.4985, -0.503, -0.51, -0.5137, -0.5176, -0.5146, -0.51, -0.5146, -0.5244, -0.5264, -0.5293, -0.5317, -0.5283, -0.5244, -0.522, -0.5156
-0.5146, -0.5073, -0.5015, -0.5, -0.502, -0.5005, -0.5, -0.502, -0.5015, -0.501, -0.501, -0.503, -0.506, -0.506, -0.5073, -0.51, -0.507, -0.5044, -0.5015, -0.502, -0.504, -0.505, -0.506, -0.505, -0.505, -0.505, -0.505, -0.5073, -0.506, -0.501, -0.4988, -0.5024, -0.5073, -0.507, -0.505, -0.509, -0.512, -0.5117, -0.5083, -0.506, -0.5024, -0.5024, -0.507, -0.507, -0.504, -0.5044, -0.505, -0.503, -0.502, -0.503, -0.503, -0.5005, -0.5, -0.501, -0.504, -0.504, -0.5, -0.5024, -0.509, -0.51, -0.5034, -0.4946, -0.4824, -0.474, -0.4727, -0.4746, -0.483, -0.4966, -0.4814, -0.4692, -0.456, -0.4595, -0.4604, -0.4727, -0.4805, -0.4834, -0.481, -0.495, -0.502, -0.5, -0.5, -0.4946, -0.4915, -0.4924, -0.4895, -0.4814, -0.4683, -0.4536, -0.4487, -0.4434, -0.4426, -0.435, -0.4248, -0.4277, -0.4248, -0.4307, -0.4397, -0.4414, -0.439, -0.4395, -0.445, -0.4487, -0.4326, -0.4255, -0.417, -0.4233, -0.4307, -0.4324, -0.4336, -0.436, -0.423, -0.4263, -0.4175, -0.4106, -0.4028, -0.4072, -0.4058, -0.4163, -0.416, -0.4243, -0.424, -0.4263, -0.42, -0.427, -0.4312, -0.4329, -0.446, -0.446, -0.4414, -0.4475, -0.4526, -0.4553, -0.4355, -0.4238, -0.418, -0.4224, -0.418, -0.4138, -0.4155, -0.406, -0.418, -0.4287, -0.4297, -0.4475, -0.4524, -0.4617, -0.466, -0.455, -0.444, -0.447, -0.461, -0.4902, -0.508, -0.5156, -0.5117, -0.5205, -0.506, -0.506, -0.504, -0.5244, -0.5264, -0.5244, -0.5264, -0.5293, -0.53, -0.5234, -0.5244, -0.5166, -0.5244, -0.5073, -0.4902, -0.498, -0.5, -0.4966, -0.4927, -0.4849, -0.499, -0.5, -0.4995, -0.4836, -0.501, -0.507, -0.505, -0.4976, -0.4946, -0.5, -0.5093, -0.517, -0.5244, -0.526, -0.5254, -0.532, -0.535, -0.5312, -0.5303, -0.537, -0.541, -0.54, -0.536, -0.5254
-0.5186, -0.51, -0.5024, -0.4998, -0.5, -0.5, -0.502, -0.5044, -0.503, -0.502, -0.504, -0.506, -0.505, -0.505, -0.509, -0.5137, -0.513, -0.5107, -0.505, -0.503, -0.505, -0.5063, -0.509, -0.508, -0.5117, -0.514, -0.5137, -0.5127, -0.509, -0.5024, -0.502, -0.506, -0.513, -0.5137, -0.5103, -0.51, -0.509, -0.507, -0.5063, -0.505, -0.502, -0.504, -0.51, -0.51, -0.505, -0.5054, -0.507, -0.507, -0.507, -0.505, -0.505, -0.503, -0.5024, -0.505, -0.506, -0.506, -0.502, -0.502, -0.508, -0.515, -0.5166, -0.51, -0.501, -0.5, -0.4966, -0.5054, -0.503, -0.507, -0.4893, -0.4844, -0.4717, -0.4692, -0.4756, -0.4868, -0.5, -0.502, -0.503, -0.509, -0.509, -0.505, -0.504, -0.502, -0.504, -0.51, -0.5, -0.4846, -0.467, -0.4568, -0.454, -0.4458, -0.439, -0.434, -0.4287, -0.4297, -0.4326, -0.4395, -0.4517, -0.4558, -0.458, -0.46, -0.4639, -0.4702, -0.4648, -0.46, -0.4517, -0.4302, -0.4365, -0.4463, -0.4463, -0.4521, -0.458, -0.438, -0.4248, -0.417, -0.4197, -0.4182, -0.4285, -0.4343, -0.4504, -0.4568, -0.463, -0.4624, -0.4492, -0.4478, -0.4502, -0.4622, -0.4688, -0.4604, -0.4717, -0.4688, -0.4722, -0.454, -0.4443, -0.4346, -0.4321, -0.4316, -0.425, -0.4346, -0.4214, -0.4258, -0.437, -0.4583, -0.4692, -0.4778, -0.4663, -0.4854, -0.4824, -0.4849, -0.4707, -0.4648, -0.469, -0.4988, -0.5283, -0.547, -0.558, -0.546, -0.542, -0.537, -0.5264, -0.538, -0.551, -0.539, -0.545, -0.533, -0.552, -0.552, -0.521, -0.515, -0.504, -0.502, -0.5044, -0.504, -0.504, -0.4849, -0.4932, -0.4849, -0.504, -0.504, -0.503, -0.508, -0.5127, -0.5107, -0.5073, -0.502, -0.499, -0.504, -0.5107, -0.5166, -0.5254, -0.532, -0.538, -0.548, -0.549, -0.539, -0.535, -0.543, -0.552, -0.551, -0.544, -0.5303
-0.5205, -0.5107, -0.504, -0.503, -0.505, -0.5063, -0.509, -0.5107, -0.509, -0.5044, -0.505, -0.508, -0.508, -0.5093, -0.5156, -0.519, -0.52, -0.5186, -0.5137, -0.5127, -0.5176, -0.5195, -0.5195, -0.5186, -0.5234, -0.5264, -0.5244, -0.5176, -0.5117, -0.507, -0.509, -0.5146, -0.5215, -0.522, -0.5176, -0.5117, -0.5063, -0.503, -0.505, -0.507, -0.5073, -0.51, -0.5146, -0.512, -0.506, -0.506, -0.508, -0.509, -0.509, -0.5063, -0.507, -0.507, -0.509, -0.5107, -0.5117, -0.5117, -0.51, -0.508, -0.51, -0.5186, -0.5254, -0.5254, -0.5244, -0.5254, -0.528, -0.531, -0.5244, -0.5195, -0.5063, -0.4893, -0.4932, -0.4878, -0.4897, -0.503, -0.513, -0.517, -0.5117, -0.509, -0.5117, -0.5146, -0.5137, -0.5117, -0.5146, -0.5117, -0.4966, -0.48, -0.4644, -0.4521, -0.441, -0.4387, -0.4326, -0.44, -0.4458, -0.4443, -0.434, -0.4412, -0.4497, -0.4634, -0.4717, -0.4778, -0.4785, -0.476, -0.4854, -0.4868, -0.4688, -0.4583, -0.4531, -0.4614, -0.4766, -0.4731, -0.4668, -0.444, -0.4282, -0.4224, -0.435, -0.4404, -0.45, -0.4556, -0.4697, -0.4856, -0.4805, -0.4888, -0.4883, -0.4746, -0.4922, -0.481, -0.505, -0.4922, -0.5, -0.4922, -0.5, -0.4878, -0.4722, -0.456, -0.4668, -0.478, -0.4731, -0.4722, -0.4595, -0.4653, -0.471, -0.4766, -0.5, -0.507, -0.4976, -0.505, -0.5146, -0.5107, -0.4895, -0.4846, -0.502, -0.5283, -0.55, -0.5747, -0.599, -0.5938, -0.587, -0.576, -0.5654, -0.575, -0.572, -0.5615, -0.55, -0.551, -0.5586, -0.5337, -0.5293, -0.521, -0.5195, -0.51, -0.504, -0.5024, -0.503, -0.5, -0.4878, -0.4854, -0.4937, -0.502, -0.518, -0.5195, -0.5195, -0.5176, -0.5205, -0.5205, -0.519, -0.5205, -0.5234, -0.527, -0.536, -0.543, -0.549, -0.5576, -0.5576, -0.55, -0.546, -0.5527, -0.561, -0.558, -0.548, -0.534
-0.5254, -0.5146, -0.509, -0.5103, -0.5127, -0.5146, -0.5176, -0.5176, -0.516, -0.5127, -0.5107, -0.5137, -0.5156, -0.5205, -0.5293, -0.5303, -0.5273, -0.5273, -0.5254, -0.527, -0.535, -0.5376, -0.534, -0.53, -0.532, -0.533, -0.5283, -0.5215, -0.5156, -0.5146, -0.5186, -0.523, -0.5283, -0.5283, -0.52, -0.5117, -0.505, -0.503, -0.5083, -0.5137, -0.5146, -0.5156, -0.5186, -0.515, -0.508, -0.506, -0.5073, -0.507, -0.508, -0.509, -0.5107, -0.5107, -0.5127, -0.5166, -0.5195, -0.5215, -0.521, -0.5186, -0.5166, -0.5234, -0.5303, -0.5347, -0.5444, -0.55, -0.552, -0.55, -0.546, -0.542, -0.538, -0.5273, -0.5244, -0.5195, -0.5156, -0.518, -0.5264, -0.5264, -0.5176, -0.51, -0.5107, -0.5127, -0.5127, -0.5137, -0.5166, -0.5146, -0.4978, -0.4893, -0.474, -0.4639, -0.453, -0.4482, -0.4456, -0.4502, -0.4604, -0.4683, -0.4634, -0.4683, -0.4692, -0.4824, -0.4824, -0.5034, -0.51, -0.4893, -0.499, -0.4956, -0.4922, -0.482, -0.4802, -0.4907, -0.5, -0.5, -0.4824, -0.4614, -0.4487, -0.439, -0.4478, -0.4546, -0.47, -0.4775, -0.4976, -0.5117, -0.505, -0.5024, -0.5117, -0.5015, -0.505, -0.5195, -0.532, -0.542, -0.5273, -0.5195, -0.522, -0.4907, -0.501, -0.502, -0.506, -0.514, -0.513, -0.502, -0.4932, -0.4924, -0.4883, -0.4946, -0.5273, -0.532, -0.5254, -0.541, -0.541, -0.541, -0.5293, -0.53, -0.537, -0.546, -0.564, -0.5996, -0.629, -0.63, -0.621, -0.6133, -0.5996, -0.6055, -0.6016, -0.593, -0.5903, -0.5693, -0.5576, -0.551, -0.541, -0.534, -0.528, -0.515, -0.5107, -0.508, -0.4976, -0.4873, -0.4834, -0.491, -0.5044, -0.517, -0.5215, -0.5234, -0.5244, -0.528, -0.5366, -0.543, -0.542, -0.542, -0.544, -0.549, -0.5576, -0.5625, -0.562, -0.5664, -0.5654, -0.5625, -0.5625, -0.5674, -0.573, -0.569, -0.5547, -0.539
-0.535, -0.524, -0.5166, -0.5166, -0.517, -0.5186, -0.521, -0.5205, -0.5225, -0.5244, -0.522, -0.5225, -0.5254, -0.532, -0.5425, -0.5444, -0.5386, -0.535, -0.533, -0.536, -0.546, -0.5493, -0.545, -0.537, -0.534, -0.533, -0.5312, -0.5254, -0.5205, -0.5195, -0.5234, -0.527, -0.5317, -0.5312, -0.5215, -0.5107, -0.507, -0.508, -0.5146, -0.522, -0.5205, -0.5195, -0.521, -0.5166, -0.51, -0.509, -0.5107, -0.51, -0.5107, -0.5146, -0.5186, -0.519, -0.5195, -0.5234, -0.5264, -0.5283, -0.5293, -0.5283, -0.5283, -0.5312, -0.533, -0.54, -0.5527, -0.5596, -0.5586, -0.561, -0.5645, -0.5645, -0.561, -0.5576, -0.5513, -0.544, -0.538, -0.539, -0.54, -0.539, -0.5273, -0.5176, -0.5146, -0.5127, -0.509, -0.5107, -0.5146, -0.5137, -0.5044, -0.496, -0.4888, -0.4868, -0.4883, -0.4863, -0.4836, -0.4934, -0.5005, -0.505, -0.509, -0.507, -0.5, -0.508, -0.511, -0.5244, -0.521, -0.515, -0.508, -0.504, -0.504, -0.504, -0.501, -0.5137, -0.5215, -0.506, -0.4878, -0.4888, -0.478, -0.46, -0.4697, -0.4731, -0.4868, -0.5, -0.5166, -0.5254, -0.5244, -0.5205, -0.528, -0.524, -0.5244, -0.538, -0.5596, -0.5684, -0.5576, -0.5527, -0.545, -0.5376, -0.5327, -0.525, -0.5176, -0.538, -0.5596, -0.5527, -0.533, -0.5225, -0.5215, -0.5234, -0.552, -0.5703, -0.5767, -0.586, -0.5786, -0.58, -0.578, -0.5635, -0.562, -0.574, -0.6, -0.623, -0.646, -0.6514, -0.6533, -0.648, -0.6396, -0.634, -0.627, -0.617, -0.6123, -0.5947, -0.5747, -0.5605, -0.552, -0.5483, -0.54, -0.5254, -0.5225, -0.5146, -0.502, -0.5063, -0.509, -0.5156, -0.5225, -0.5234, -0.5264, -0.5293, -0.532, -0.538, -0.547, -0.552, -0.552, -0.5527, -0.558, -0.5664, -0.579, -0.5854, -0.5806, -0.5776, -0.577, -0.578, -0.581, -0.5854, -0.5884, -0.5815, -0.5654, -0.549
-0.549, -0.536, -0.5273, -0.5215, -0.518, -0.5186, -0.5195, -0.5195, -0.5254, -0.532, -0.531, -0.5293, -0.532, -0.538, -0.547, -0.5513, -0.546, -0.538, -0.535, -0.539, -0.55, -0.5566, -0.552, -0.543, -0.5366, -0.534, -0.532, -0.5283, -0.5234, -0.5215, -0.5234, -0.5283, -0.535, -0.533, -0.5225, -0.5137, -0.5146, -0.5195, -0.5254, -0.5312, -0.5283, -0.5254, -0.5264, -0.5205, -0.5146, -0.515, -0.52, -0.5195, -0.5195, -0.5254, -0.5293, -0.531, -0.532, -0.533, -0.533, -0.534, -0.535, -0.5366, -0.539, -0.538, -0.538, -0.543, -0.5537, -0.5576, -0.5576, -0.564, -0.573, -0.578, -0.5796, -0.578, -0.57, -0.5605, -0.5527, -0.549, -0.552, -0.55, -0.538, -0.5273, -0.522, -0.5156, -0.5093, -0.51, -0.514, -0.5137, -0.51, -0.5127, -0.508, -0.516, -0.517, -0.5264, -0.527, -0.5273, -0.536, -0.532, -0.535, -0.5312, -0.528, -0.537, -0.548, -0.543, -0.543, -0.533, -0.5225, -0.5156, -0.5195, -0.518, -0.5186, -0.529, -0.5293, -0.5195, -0.5186, -0.5127, -0.507, -0.5, -0.4878, -0.5, -0.507, -0.5107, -0.5234, -0.537, -0.5327, -0.5337, -0.5356, -0.547, -0.5557, -0.5776, -0.585, -0.577, -0.573, -0.574, -0.553, -0.555, -0.552, -0.54, -0.542, -0.5693, -0.5845, -0.586, -0.569, -0.5547, -0.557, -0.5605, -0.5933, -0.615, -0.622, -0.628, -0.628, -0.623, -0.62, -0.6055, -0.6074, -0.618, -0.629, -0.6484, -0.659, -0.6787, -0.6875, -0.6826, -0.673, -0.66, -0.6523, -0.6436, -0.632, -0.6104, -0.582, -0.5674, -0.5645, -0.5576, -0.549, -0.538, -0.5293, -0.5234, -0.5195, -0.5186, -0.518, -0.522, -0.5264, -0.5264, -0.5273, -0.53, -0.537, -0.545, -0.55, -0.552, -0.551, -0.5537, -0.5605, -0.5723, -0.5923, -0.603, -0.6, -0.5977, -0.5957, -0.5977, -0.6016, -0.6035, -0.601, -0.591, -0.5757, -0.561
-0.5625, -0.5503, -0.5386, -0.5293, -0.5215, -0.5186, -0.5186, -0.5205, -0.5273, -0.534, -0.532, -0.5312, -0.534, -0.539, -0.546, -0.551, -0.546, -0.538, -0.536, -0.541, -0.5537, -0.5615, -0.5576, -0.549, -0.543, -0.539, -0.536, -0.5312, -0.525, -0.5205, -0.5215, -0.5283, -0.5347, -0.5337, -0.526, -0.521, -0.5244, -0.532, -0.537, -0.539, -0.536, -0.536, -0.536, -0.5303, -0.5225, -0.5225, -0.529, -0.5293, -0.5293, -0.532, -0.536, -0.537, -0.54, -0.5425, -0.541, -0.5415, -0.542, -0.546, -0.549, -0.5464, -0.547, -0.552, -0.5576, -0.556, -0.5537, -0.5596, -0.5703, -0.579, -0.584, -0.583, -0.577, -0.5684, -0.5605, -0.5557, -0.5576, -0.5537, -0.542, -0.5303, -0.5254, -0.5195, -0.5146, -0.5146, -0.5156, -0.5156, -0.5146, -0.517, -0.5244, -0.5312, -0.534, -0.546, -0.55, -0.5576, -0.5566, -0.5557, -0.5522, -0.551, -0.548, -0.5586, -0.5566, -0.553, -0.544, -0.5366, -0.537, -0.5317, -0.523, -0.528, -0.5264, -0.532, -0.5303, -0.5376, -0.536, -0.5356, -0.527, -0.5146, -0.5176, -0.517, -0.5254, -0.529, -0.545, -0.55, -0.5537, -0.548, -0.551, -0.5654, -0.5693, -0.586, -0.5947, -0.592, -0.592, -0.584, -0.591, -0.5864, -0.5806, -0.5674, -0.563, -0.583, -0.591, -0.6025, -0.5957, -0.586, -0.5996, -0.6055, -0.63, -0.6577, -0.672, -0.6763, -0.67, -0.667, -0.657, -0.6514, -0.6484, -0.66, -0.664, -0.6855, -0.6875, -0.7, -0.713, -0.714, -0.703, -0.6914, -0.675, -0.6597, -0.6426, -0.619, -0.5977, -0.588, -0.578, -0.571, -0.56, -0.548, -0.539, -0.534, -0.531, -0.5293, -0.5283, -0.5273, -0.5273, -0.5264, -0.526, -0.529, -0.539, -0.549, -0.55, -0.546, -0.546, -0.552, -0.5605, -0.573, -0.5967, -0.6123, -0.6143, -0.616, -0.6177, -0.617, -0.617, -0.6143, -0.6074, -0.597, -0.585, -0.573
-0.573, -0.5635, -0.551, -0.537, -0.527, -0.5205, -0.5195, -0.524, -0.5303, -0.535, -0.533, -0.533, -0.536, -0.5396, -0.544, -0.546, -0.542, -0.538, -0.539, -0.547, -0.5586, -0.5654, -0.5635, -0.5576, -0.5537, -0.549, -0.543, -0.536, -0.5283, -0.5225, -0.5205, -0.5244, -0.5312, -0.533, -0.5293, -0.5273, -0.5312, -0.5366, -0.538, -0.537, -0.537, -0.541, -0.543, -0.538, -0.5337, -0.534, -0.538, -0.538, -0.5366, -0.537, -0.537, -0.538, -0.542, -0.544, -0.544, -0.543, -0.545, -0.5527, -0.5557, -0.552, -0.5537, -0.5605, -0.565, -0.5635, -0.5596, -0.5615, -0.5684, -0.575, -0.578, -0.577, -0.5728, -0.5684, -0.5635, -0.5576, -0.5557, -0.551, -0.538, -0.5264, -0.5215, -0.5195, -0.5186, -0.5186, -0.5176, -0.517, -0.5176, -0.523, -0.5273, -0.5376, -0.549, -0.558, -0.5625, -0.5625, -0.556, -0.55, -0.55, -0.5527, -0.5566, -0.5596, -0.5586, -0.5527, -0.548, -0.5557, -0.5557, -0.5527, -0.551, -0.549, -0.549, -0.55, -0.543, -0.552, -0.551, -0.5557, -0.5527, -0.543, -0.54, -0.5356, -0.546, -0.546, -0.5674, -0.5747, -0.572, -0.577, -0.577, -0.587, -0.584, -0.6006, -0.6025, -0.5986, -0.593, -0.5967, -0.593, -0.595, -0.604, -0.588, -0.596, -0.6055, -0.6157, -0.6206, -0.629, -0.628, -0.634, -0.642, -0.669, -0.684, -0.698, -0.716, -0.7144, -0.702, -0.694, -0.69, -0.701, -0.7075, -0.706, -0.708, -0.706, -0.714, -0.7227, -0.724, -0.717, -0.7065, -0.6865, -0.665, -0.6504, -0.63, -0.614, -0.6045, -0.593, -0.584, -0.5747, -0.5645, -0.555, -0.548, -0.541, -0.536, -0.534, -0.533, -0.5312, -0.5283, -0.5273, -0.5303, -0.541, -0.55, -0.548, -0.541, -0.5386, -0.547, -0.5576, -0.571, -0.5933, -0.6094, -0.6167, -0.623, -0.628, -0.625, -0.6206, -0.616, -0.609, -0.6006, -0.592, -0.5825
-0.5776, -0.5713, -0.5586, -0.542, -0.5283, -0.5195, -0.517, -0.5225, -0.5312, -0.536, -0.534, -0.534, -0.535, -0.536, -0.538, -0.539, -0.539, -0.539, -0.541, -0.549, -0.5596, -0.5674, -0.5674, -0.5645, -0.5645, -0.561, -0.5527, -0.546, -0.538, -0.5312, -0.5244, -0.5225, -0.5273, -0.5317, -0.5312, -0.5317, -0.535, -0.5356, -0.533, -0.5303, -0.5337, -0.541, -0.5444, -0.543, -0.543, -0.548, -0.5513, -0.55, -0.547, -0.5415, -0.537, -0.536, -0.539, -0.541, -0.537, -0.535, -0.54, -0.552, -0.5557, -0.5537, -0.5586, -0.5664, -0.571, -0.5713, -0.5684, -0.5654, -0.5664, -0.5684, -0.571, -0.5713, -0.5703, -0.5674, -0.5625, -0.555, -0.551, -0.546, -0.534, -0.5234, -0.5176, -0.5176, -0.5205, -0.5195, -0.5176, -0.516, -0.5146, -0.5166, -0.518, -0.5254, -0.539, -0.551, -0.556, -0.555, -0.545, -0.534, -0.5356, -0.545, -0.55, -0.5557, -0.556, -0.5557, -0.5576, -0.5664, -0.5723, -0.577, -0.574, -0.5713, -0.5723, -0.5693, -0.5674, -0.5664, -0.5664, -0.568, -0.5684, -0.561, -0.5547, -0.5605, -0.5645, -0.5723, -0.585, -0.5884, -0.5967, -0.5977, -0.5986, -0.6084, -0.6094, -0.617, -0.616, -0.607, -0.6035, -0.595, -0.5977, -0.6016, -0.6104, -0.6133, -0.618, -0.6255, -0.633, -0.649, -0.657, -0.6646, -0.671, -0.6836, -0.702, -0.715, -0.7344, -0.744, -0.755, -0.751, -0.7466, -0.741, -0.7407, -0.7383, -0.7373, -0.7305, -0.7217, -0.7197, -0.723, -0.7217, -0.7188, -0.712, -0.6846, -0.663, -0.6436, -0.63, -0.623, -0.6133, -0.6035, -0.598, -0.594, -0.5854, -0.576, -0.5635, -0.55, -0.539, -0.534, -0.535, -0.534, -0.5312, -0.5293, -0.53, -0.537, -0.546, -0.544, -0.536, -0.5312, -0.537, -0.5483, -0.5625, -0.582, -0.5977, -0.6094, -0.621, -0.627, -0.623, -0.618, -0.615, -0.6094, -0.6025, -0.594, -0.585
-0.5703, -0.5664, -0.5566, -0.543, -0.5312, -0.5205, -0.5137, -0.5176, -0.5273, -0.533, -0.532, -0.5317, -0.532, -0.5283, -0.5273, -0.5303, -0.5337, -0.535, -0.5356, -0.542, -0.551, -0.5596, -0.5645, -0.5654, -0.5674, -0.5654, -0.5576, -0.5513, -0.545, -0.538, -0.5283, -0.5205, -0.5225, -0.529, -0.533, -0.5366, -0.538, -0.535, -0.5293, -0.5264, -0.5303, -0.54, -0.545, -0.546, -0.548, -0.553, -0.5576, -0.5576, -0.552, -0.543, -0.535, -0.531, -0.5312, -0.532, -0.5283, -0.5273, -0.5356, -0.548, -0.554, -0.5566, -0.5635, -0.5684, -0.5703, -0.569, -0.5664, -0.5625, -0.56, -0.5596, -0.5615, -0.5693, -0.5713, -0.5664, -0.5586, -0.549, -0.544, -0.54, -0.5293, -0.5205, -0.5166, -0.5195, -0.5244, -0.523, -0.5205, -0.5176, -0.513, -0.509, -0.506, -0.508, -0.5215, -0.535, -0.542, -0.541, -0.533, -0.5244, -0.5273, -0.541, -0.551, -0.5547, -0.5557, -0.5576, -0.5586, -0.5674, -0.5757, -0.588, -0.587, -0.586, -0.589, -0.5845, -0.583, -0.586, -0.5884, -0.591, -0.593, -0.583, -0.5693, -0.5723, -0.577, -0.593, -0.602, -0.6074, -0.6084, -0.617, -0.628, -0.6323, -0.6367, -0.6313, -0.628, -0.622, -0.61, -0.6025, -0.6006, -0.6025, -0.61, -0.621, -0.628, -0.6357, -0.656, -0.673, -0.684, -0.6934, -0.707, -0.7217, -0.7363, -0.749, -0.7627, -0.7783, -0.785, -0.783, -0.79, -0.781, -0.777, -0.7705, -0.7617, -0.749, -0.7354, -0.727, -0.7246, -0.7197, -0.717, -0.712, -0.6924, -0.667, -0.6436, -0.631, -0.621, -0.6157, -0.6123, -0.6133, -0.6143, -0.6074, -0.5938, -0.578, -0.5605, -0.543, -0.535, -0.535, -0.534, -0.5312, -0.5293, -0.5283, -0.532, -0.538, -0.536, -0.53, -0.5254, -0.5283, -0.5376, -0.5537, -0.572, -0.5835, -0.596, -0.6113, -0.618, -0.6143, -0.611, -0.6113, -0.6094, -0.602, -0.591, -0.5786
-0.5615, -0.5566, -0.55, -0.544, -0.536, -0.5244, -0.5146, -0.5146, -0.5205, -0.523, -0.5205, -0.5215, -0.5244, -0.5205, -0.5186, -0.5205, -0.5244, -0.5254, -0.5264, -0.5312, -0.54, -0.548, -0.552, -0.5537, -0.557, -0.557, -0.5527, -0.549, -0.544, -0.537, -0.5264, -0.5166, -0.5146, -0.5215, -0.5293, -0.536, -0.538, -0.5337, -0.5273, -0.526, -0.5293, -0.537, -0.542, -0.544, -0.5464, -0.549, -0.552, -0.5527, -0.547, -0.54, -0.532, -0.5273, -0.526, -0.5254, -0.5244, -0.5264, -0.5356, -0.545, -0.551, -0.5557, -0.5625, -0.5645, -0.5625, -0.5596, -0.5576, -0.5527, -0.548, -0.545, -0.551, -0.564, -0.5684, -0.56, -0.548, -0.539, -0.5356, -0.5303, -0.521, -0.5156, -0.5166, -0.523, -0.528, -0.5273, -0.5244, -0.5215, -0.5156, -0.508, -0.502, -0.5, -0.5073, -0.5186, -0.5264, -0.5273, -0.5234, -0.5195, -0.5244, -0.539, -0.5537, -0.5586, -0.5576, -0.559, -0.5576, -0.568, -0.573, -0.585, -0.589, -0.5913, -0.593, -0.589, -0.592, -0.5977, -0.6016, -0.6045, -0.6045, -0.5967, -0.577, -0.5703, -0.577, -0.592, -0.6104, -0.62, -0.624, -0.632, -0.6455, -0.6533, -0.6533, -0.6553, -0.652, -0.6396, -0.627, -0.616, -0.6035, -0.6074, -0.6084, -0.618, -0.629, -0.6396, -0.66, -0.683, -0.6978, -0.7144, -0.7256, -0.742, -0.7607, -0.7764, -0.79, -0.7964, -0.801, -0.808, -0.8135, -0.8154, -0.8096, -0.8, -0.782, -0.7646, -0.746, -0.7334, -0.7246, -0.715, -0.708, -0.703, -0.69, -0.668, -0.6465, -0.63, -0.622, -0.618, -0.619, -0.623, -0.624, -0.616, -0.6035, -0.587, -0.57, -0.551, -0.54, -0.537, -0.534, -0.5312, -0.5273, -0.5254, -0.5283, -0.5303, -0.5283, -0.527, -0.5273, -0.5273, -0.533, -0.55, -0.5645, -0.5728, -0.585, -0.5986, -0.6074, -0.6074, -0.6084, -0.6094, -0.6055, -0.5977, -0.585, -0.5713
-0.5615, -0.554, -0.55, -0.55, -0.543, -0.5312, -0.5195, -0.5166, -0.5176, -0.5146, -0.51, -0.5107, -0.5127, -0.511, -0.5107, -0.514, -0.5156, -0.5176, -0.5195, -0.5244, -0.532, -0.536, -0.536, -0.5366, -0.54, -0.543, -0.542, -0.541, -0.539, -0.535, -0.5283, -0.5186, -0.5127, -0.5156, -0.5244, -0.533, -0.537, -0.5312, -0.5264, -0.5254, -0.5264, -0.5312, -0.538, -0.542, -0.543, -0.544, -0.545, -0.5444, -0.54, -0.534, -0.5303, -0.5273, -0.526, -0.5254, -0.5254, -0.5293, -0.5356, -0.5386, -0.542, -0.548, -0.5527, -0.5537, -0.551, -0.5493, -0.547, -0.541, -0.533, -0.531, -0.539, -0.5537, -0.56, -0.5513, -0.5386, -0.532, -0.5273, -0.5215, -0.5166, -0.5156, -0.5176, -0.5234, -0.5293, -0.5293, -0.5264, -0.5225, -0.5166, -0.509, -0.502, -0.501, -0.505, -0.5107, -0.5146, -0.5166, -0.5176, -0.5186, -0.5234, -0.536, -0.549, -0.5557, -0.5586, -0.5605, -0.5605, -0.566, -0.573, -0.577, -0.581, -0.587, -0.589, -0.591, -0.593, -0.5986, -0.6016, -0.6025, -0.6025, -0.5986, -0.584, -0.574, -0.577, -0.5903, -0.6074, -0.624, -0.63, -0.6416, -0.654, -0.664, -0.671, -0.6714, -0.672, -0.658, -0.6436, -0.629, -0.619, -0.614, -0.6147, -0.6216, -0.63, -0.645, -0.6655, -0.6846, -0.704, -0.7188, -0.7324, -0.747, -0.7637, -0.7764, -0.785, -0.789, -0.792, -0.8027, -0.8154, -0.8237, -0.823, -0.816, -0.797, -0.7744, -0.754, -0.7373, -0.727, -0.715, -0.705, -0.7, -0.6885, -0.669, -0.6484, -0.632, -0.623, -0.62, -0.621, -0.624, -0.623, -0.615, -0.6035, -0.592, -0.5767, -0.5615, -0.549, -0.541, -0.535, -0.5273, -0.5215, -0.5195, -0.5225, -0.5225, -0.5234, -0.5283, -0.5312, -0.5293, -0.5303, -0.541, -0.5537, -0.5635, -0.578, -0.591, -0.599, -0.6055, -0.6084, -0.6074, -0.6035, -0.5967, -0.586, -0.5713
-0.5713, -0.5654, -0.5615, -0.5635, -0.5576, -0.5444, -0.5327, -0.5264, -0.5234, -0.5186, -0.5127, -0.5117, -0.508, -0.504, -0.507, -0.5107, -0.5137, -0.5156, -0.5166, -0.5215, -0.5283, -0.5312, -0.5273, -0.5225, -0.523, -0.5254, -0.5273, -0.5293, -0.533, -0.534, -0.532, -0.5244, -0.5146, -0.5137, -0.5205, -0.5293, -0.532, -0.5273, -0.5225, -0.5195, -0.5225, -0.5303, -0.538, -0.544, -0.544, -0.542, -0.542, -0.542, -0.537, -0.5303, -0.5273, -0.5264, -0.5254, -0.5254, -0.5254, -0.5273, -0.5293, -0.528, -0.5303, -0.535, -0.538, -0.536, -0.5327, -0.535, -0.536, -0.533, -0.526, -0.524, -0.5312, -0.5444, -0.55, -0.544, -0.533, -0.5264, -0.5205, -0.5166, -0.5156, -0.5186, -0.5225, -0.5264, -0.5303, -0.5303, -0.5273, -0.5225, -0.5176, -0.511, -0.506, -0.506, -0.511, -0.514, -0.5127, -0.5127, -0.5137, -0.5146, -0.5176, -0.5273, -0.539, -0.546, -0.5493, -0.5557, -0.5605, -0.5645, -0.5674, -0.5674, -0.5713, -0.577, -0.581, -0.584, -0.593, -0.6006, -0.601, -0.6, -0.6016, -0.5986, -0.5874, -0.582, -0.5806, -0.593, -0.609, -0.621, -0.6357, -0.648, -0.6533, -0.6606, -0.666, -0.6646, -0.663, -0.6597, -0.6514, -0.6396, -0.631, -0.6235, -0.62, -0.627, -0.6357, -0.6494, -0.663, -0.678, -0.6953, -0.712, -0.7246, -0.737, -0.75, -0.7583, -0.7627, -0.7627, -0.766, -0.7783, -0.791, -0.8086, -0.816, -0.812, -0.801, -0.7783, -0.755, -0.7397, -0.7305, -0.718, -0.706, -0.696, -0.6816, -0.659, -0.6396, -0.624, -0.616, -0.616, -0.618, -0.619, -0.619, -0.613, -0.6035, -0.593, -0.581, -0.5693, -0.557, -0.546, -0.536, -0.527, -0.5166, -0.5127, -0.5156, -0.5176, -0.5215, -0.5264, -0.5283, -0.5264, -0.5264, -0.534, -0.544, -0.5586, -0.575, -0.586, -0.592, -0.5977, -0.6025, -0.6035, -0.6035, -0.6045, -0.5986, -0.586
-0.59, -0.583, -0.581, -0.581, -0.5728, -0.557, -0.5483, -0.543, -0.538, -0.532, -0.525, -0.5195, -0.5117, -0.506, -0.508, -0.5117, -0.5127, -0.5146, -0.5156, -0.5205, -0.5273, -0.5293, -0.5254, -0.5195, -0.5156, -0.5146, -0.5156, -0.52, -0.5273, -0.5312, -0.5312, -0.5254, -0.5176, -0.5146, -0.5176, -0.5215, -0.5234, -0.5215, -0.5166, -0.5137, -0.5186, -0.53, -0.5405, -0.545, -0.543, -0.538, -0.539, -0.5415, -0.538, -0.5312, -0.5273, -0.5254, -0.5234, -0.5225, -0.522, -0.5195, -0.5195, -0.5205, -0.5225, -0.5244, -0.5215, -0.5176, -0.5166, -0.5215, -0.5283, -0.5303, -0.5273, -0.5264, -0.532, -0.5405, -0.544, -0.539, -0.5303, -0.5215, -0.5146, -0.512, -0.5146, -0.5205, -0.5264, -0.5303, -0.532, -0.532, -0.5293, -0.5244, -0.5195, -0.5137, -0.5103, -0.5117, -0.5166, -0.5186, -0.5146, -0.511, -0.51, -0.508, -0.509, -0.517, -0.5283, -0.535, -0.539, -0.546, -0.552, -0.556, -0.5566, -0.554, -0.556, -0.5615, -0.5664, -0.574, -0.587, -0.5957, -0.597, -0.5938, -0.5938, -0.5967, -0.593, -0.586, -0.587, -0.6025, -0.609, -0.6226, -0.6387, -0.6436, -0.6514, -0.6504, -0.652, -0.6484, -0.6465, -0.6504, -0.6436, -0.6377, -0.635, -0.6416, -0.6416, -0.641, -0.6455, -0.6514, -0.6562, -0.6655, -0.6787, -0.69, -0.7, -0.7075, -0.7188, -0.7275, -0.7314, -0.7305, -0.7314, -0.7417, -0.758, -0.7734, -0.787, -0.79, -0.783, -0.764, -0.744, -0.735, -0.73, -0.721, -0.707, -0.686, -0.661, -0.6343, -0.615, -0.605, -0.6025, -0.6064, -0.613, -0.616, -0.615, -0.6094, -0.6016, -0.593, -0.584, -0.575, -0.5625, -0.55, -0.541, -0.533, -0.523, -0.5156, -0.5156, -0.5166, -0.5195, -0.522, -0.5225, -0.5225, -0.5273, -0.536, -0.547, -0.558, -0.5713, -0.581, -0.583, -0.5854, -0.591, -0.5957, -0.6045, -0.615, -0.6177, -0.6055
-0.6094, -0.601, -0.5977, -0.596, -0.584, -0.5693, -0.5635, -0.5586, -0.5522, -0.546, -0.5386, -0.5317, -0.5234, -0.5146, -0.5117, -0.5117, -0.5107, -0.515, -0.5195, -0.5254, -0.5303, -0.532, -0.533, -0.5312, -0.525, -0.5176, -0.5127, -0.5137, -0.5195, -0.5244, -0.5273, -0.5264, -0.5215, -0.5176, -0.5166, -0.5166, -0.5166, -0.5166, -0.5146, -0.5127, -0.5176, -0.5312, -0.542, -0.544, -0.537, -0.5312, -0.532, -0.539, -0.5396, -0.5337, -0.5273, -0.5244, -0.5215, -0.5195, -0.516, -0.513, -0.5146, -0.5176, -0.5186, -0.5156, -0.509, -0.506, -0.51, -0.5186, -0.527, -0.5312, -0.5312, -0.532, -0.536, -0.5415, -0.542, -0.536, -0.528, -0.5195, -0.5146, -0.5127, -0.5146, -0.5186, -0.5225, -0.5254, -0.5273, -0.5273, -0.5264, -0.5234, -0.5176, -0.5137, -0.5107, -0.5117, -0.5146, -0.516, -0.513, -0.509, -0.506, -0.503, -0.504, -0.5107, -0.5195, -0.5254, -0.5303, -0.533, -0.534, -0.536, -0.538, -0.536, -0.536, -0.541, -0.5483, -0.5596, -0.574, -0.583, -0.586, -0.583, -0.583, -0.588, -0.5938, -0.589, -0.589, -0.5933, -0.6045, -0.6143, -0.633, -0.6396, -0.6514, -0.6514, -0.6475, -0.6416, -0.6387, -0.6387, -0.639, -0.6387, -0.6416, -0.6455, -0.6455, -0.6445, -0.6484, -0.6484, -0.6455, -0.6465, -0.6523, -0.659, -0.666, -0.673, -0.6836, -0.695, -0.701, -0.702, -0.7, -0.708, -0.7217, -0.7373, -0.7515, -0.759, -0.753, -0.7393, -0.7266, -0.7236, -0.7246, -0.7197, -0.706, -0.678, -0.6416, -0.6123, -0.5938, -0.588, -0.59, -0.6, -0.6113, -0.616, -0.6094, -0.6, -0.594, -0.59, -0.586, -0.578, -0.5664, -0.552, -0.542, -0.539, -0.533, -0.5273, -0.5215, -0.5156, -0.5146, -0.5156, -0.5166, -0.5205, -0.5312, -0.545, -0.5537, -0.56, -0.5664, -0.5723, -0.574, -0.575, -0.579, -0.589, -0.6045, -0.622, -0.631, -0.623
-0.627, -0.617, -0.6104, -0.6055, -0.592, -0.579, -0.575, -0.5703, -0.5625, -0.5557, -0.552, -0.547, -0.54, -0.5273, -0.5186, -0.512, -0.511, -0.5176, -0.5244, -0.5283, -0.5312, -0.535, -0.542, -0.545, -0.537, -0.5264, -0.519, -0.5166, -0.5156, -0.5176, -0.5215, -0.5234, -0.5205, -0.5176, -0.517, -0.5166, -0.5146, -0.5146, -0.516, -0.5156, -0.5186, -0.5293, -0.538, -0.5396, -0.535, -0.5303, -0.5312, -0.537, -0.538, -0.5312, -0.5234, -0.5205, -0.519, -0.5176, -0.512, -0.508, -0.51, -0.5117, -0.5127, -0.509, -0.503, -0.502, -0.509, -0.5195, -0.5254, -0.527, -0.5303, -0.533, -0.534, -0.5356, -0.535, -0.5293, -0.5254, -0.524, -0.5234, -0.524, -0.5205, -0.5186, -0.5186, -0.5176, -0.5186, -0.5195, -0.5225, -0.5215, -0.5176, -0.5137, -0.5083, -0.506, -0.508, -0.5107, -0.509, -0.504, -0.502, -0.5015, -0.504, -0.5107, -0.5166, -0.5186, -0.52, -0.5186, -0.5146, -0.514, -0.5176, -0.5186, -0.5186, -0.5244, -0.534, -0.547, -0.5596, -0.5664, -0.5693, -0.57, -0.5723, -0.579, -0.588, -0.5894, -0.587, -0.5884, -0.5957, -0.6074, -0.623, -0.631, -0.6387, -0.6357, -0.632, -0.626, -0.625, -0.627, -0.631, -0.633, -0.6357, -0.6377, -0.6367, -0.6396, -0.6426, -0.6396, -0.6323, -0.63, -0.632, -0.636, -0.6396, -0.6465, -0.6543, -0.666, -0.6777, -0.683, -0.6797, -0.6787, -0.6895, -0.704, -0.718, -0.7236, -0.718, -0.712, -0.705, -0.7046, -0.708, -0.705, -0.6953, -0.665, -0.63, -0.6025, -0.583, -0.578, -0.586, -0.5996, -0.6133, -0.6143, -0.5986, -0.587, -0.583, -0.58, -0.58, -0.573, -0.5615, -0.548, -0.539, -0.54, -0.541, -0.537, -0.5303, -0.5205, -0.5146, -0.5146, -0.5176, -0.5234, -0.536, -0.551, -0.5566, -0.5576, -0.5596, -0.5635, -0.5654, -0.5664, -0.5728, -0.584, -0.6016, -0.621, -0.6343, -0.635
-0.6387, -0.631, -0.62, -0.6104, -0.5957, -0.584, -0.578, -0.575, -0.5684, -0.5615, -0.559, -0.5576, -0.5537, -0.54, -0.5205, -0.5117, -0.5107, -0.517, -0.524, -0.5254, -0.5264, -0.533, -0.542, -0.546, -0.538, -0.5303, -0.5273, -0.5254, -0.5205, -0.5176, -0.5195, -0.5176, -0.5156, -0.5146, -0.5146, -0.5137, -0.5107, -0.5117, -0.5156, -0.5166, -0.5166, -0.5234, -0.53, -0.533, -0.535, -0.537, -0.538, -0.539, -0.536, -0.5283, -0.5215, -0.5195, -0.5205, -0.5195, -0.5127, -0.505, -0.502, -0.503, -0.507, -0.506, -0.503, -0.5015, -0.506, -0.5117, -0.5137, -0.5176, -0.523, -0.526, -0.5234, -0.523, -0.5234, -0.5215, -0.5225, -0.5283, -0.535, -0.538, -0.5303, -0.5234, -0.5215, -0.519, -0.5186, -0.5215, -0.525, -0.5244, -0.5234, -0.5176, -0.51, -0.505, -0.504, -0.506, -0.504, -0.5, -0.4983, -0.5, -0.505, -0.512, -0.5166, -0.517, -0.5176, -0.513, -0.5054, -0.505, -0.51, -0.5127, -0.513, -0.5176, -0.5273, -0.539, -0.549, -0.5527, -0.5547, -0.556, -0.5596, -0.5684, -0.5767, -0.578, -0.5747, -0.574, -0.577, -0.585, -0.5986, -0.61, -0.616, -0.6143, -0.6074, -0.6025, -0.6045, -0.608, -0.613, -0.6167, -0.619, -0.623, -0.622, -0.6245, -0.627, -0.624, -0.618, -0.615, -0.618, -0.622, -0.623, -0.627, -0.635, -0.6465, -0.6597, -0.6685, -0.665, -0.659, -0.664, -0.6763, -0.6865, -0.6885, -0.6865, -0.6826, -0.6797, -0.677, -0.68, -0.678, -0.67, -0.6494, -0.622, -0.5996, -0.583, -0.578, -0.588, -0.6025, -0.6123, -0.6084, -0.59, -0.579, -0.573, -0.568, -0.5664, -0.561, -0.5537, -0.545, -0.54, -0.5444, -0.549, -0.546, -0.5415, -0.5327, -0.523, -0.5186, -0.5205, -0.5244, -0.535, -0.5474, -0.552, -0.551, -0.552, -0.5547, -0.5566, -0.5596, -0.5684, -0.581, -0.5957, -0.6123, -0.627, -0.6367
-0.635, -0.634, -0.624, -0.6113, -0.5957, -0.583, -0.575, -0.571, -0.5635, -0.5547, -0.555, -0.5576, -0.5566, -0.543, -0.5195, -0.51, -0.5107, -0.5156, -0.5186, -0.5186, -0.5195, -0.5264, -0.533, -0.534, -0.5303, -0.5293, -0.532, -0.534, -0.5293, -0.5244, -0.5234, -0.5176, -0.5127, -0.5127, -0.512, -0.51, -0.507, -0.5083, -0.5127, -0.5137, -0.5146, -0.5166, -0.519, -0.52, -0.5264, -0.5347, -0.538, -0.536, -0.5283, -0.5215, -0.5186, -0.5176, -0.519, -0.5186, -0.5117, -0.503, -0.4995, -0.5, -0.504, -0.505, -0.503, -0.5, -0.5, -0.502, -0.505, -0.511, -0.5176, -0.5205, -0.5205, -0.5195, -0.518, -0.5195, -0.5234, -0.5283, -0.538, -0.543, -0.536, -0.53, -0.5283, -0.5254, -0.5254, -0.5283, -0.5303, -0.5293, -0.5293, -0.5244, -0.5166, -0.5107, -0.507, -0.505, -0.503, -0.5, -0.499, -0.502, -0.507, -0.5146, -0.5195, -0.5254, -0.5303, -0.5254, -0.5156, -0.5107, -0.5166, -0.5215, -0.5195, -0.5195, -0.524, -0.531, -0.5356, -0.536, -0.536, -0.5396, -0.544, -0.5547, -0.5635, -0.5645, -0.5615, -0.5586, -0.5547, -0.5557, -0.5645, -0.577, -0.589, -0.591, -0.583, -0.573, -0.5728, -0.578, -0.586, -0.5913, -0.595, -0.602, -0.606, -0.6074, -0.608, -0.6045, -0.6, -0.5977, -0.6025, -0.6094, -0.6104, -0.613, -0.6187, -0.628, -0.6396, -0.651, -0.6504, -0.6445, -0.6465, -0.6562, -0.664, -0.6655, -0.6655, -0.661, -0.6514, -0.6445, -0.6455, -0.6475, -0.6445, -0.632, -0.6143, -0.598, -0.587, -0.585, -0.593, -0.6025, -0.6074, -0.5986, -0.585, -0.58, -0.573, -0.5615, -0.5547, -0.551, -0.549, -0.546, -0.544, -0.55, -0.5547, -0.5537, -0.551, -0.546, -0.536, -0.5273, -0.5225, -0.523, -0.5283, -0.537, -0.544, -0.548, -0.55, -0.551, -0.552, -0.5557, -0.5654, -0.578, -0.589, -0.6006, -0.6133, -0.626
-0.62, -0.6235, -0.6167, -0.6025, -0.586, -0.573, -0.566, -0.5586, -0.549, -0.543, -0.547, -0.5522, -0.5527, -0.5415, -0.5225, -0.515, -0.517, -0.516, -0.5127, -0.51, -0.5107, -0.5156, -0.518, -0.5166, -0.5186, -0.5234, -0.531, -0.5347, -0.531, -0.5244, -0.5244, -0.5186, -0.5127, -0.5127, -0.512, -0.509, -0.507, -0.508, -0.5117, -0.5137, -0.5107, -0.507, -0.505, -0.506, -0.512, -0.5225, -0.5244, -0.5205, -0.5166, -0.5137, -0.5127, -0.51, -0.51, -0.511, -0.507, -0.501, -0.502, -0.504, -0.505, -0.505, -0.5024, -0.5, -0.5, -0.502, -0.5044, -0.5107, -0.517, -0.5234, -0.527, -0.5244, -0.5205, -0.5225, -0.5244, -0.5254, -0.5327, -0.538, -0.534, -0.533, -0.5312, -0.5273, -0.5283, -0.529, -0.5303, -0.5293, -0.5303, -0.5293, -0.5234, -0.518, -0.515, -0.5117, -0.508, -0.504, -0.5024, -0.505, -0.51, -0.5166, -0.5244, -0.535, -0.545, -0.543, -0.533, -0.5283, -0.535, -0.539, -0.534, -0.5264, -0.5215, -0.5215, -0.523, -0.5215, -0.5215, -0.5244, -0.5303, -0.537, -0.543, -0.547, -0.547, -0.544, -0.536, -0.5312, -0.535, -0.5444, -0.5586, -0.568, -0.5635, -0.5547, -0.551, -0.552, -0.5586, -0.5635, -0.5684, -0.574, -0.5835, -0.5884, -0.5884, -0.586, -0.58, -0.575, -0.5806, -0.591, -0.5957, -0.5967, -0.6, -0.607, -0.616, -0.6255, -0.628, -0.627, -0.63, -0.635, -0.639, -0.6445, -0.6484, -0.641, -0.625, -0.6157, -0.6143, -0.617, -0.617, -0.614, -0.6006, -0.591, -0.5854, -0.588, -0.596, -0.601, -0.6006, -0.59, -0.582, -0.5835, -0.578, -0.5645, -0.5537, -0.55, -0.5493, -0.55, -0.548, -0.5503, -0.5547, -0.5557, -0.5557, -0.5547, -0.55, -0.543, -0.534, -0.527, -0.5264, -0.5312, -0.5396, -0.55, -0.5537, -0.552, -0.552, -0.5566, -0.5654, -0.577, -0.585, -0.591, -0.5996, -0.61
-0.6084, -0.6084, -0.5996, -0.5845, -0.5654, -0.5537, -0.547, -0.54, -0.534, -0.5347, -0.541, -0.545, -0.5464, -0.537, -0.5264, -0.524, -0.525, -0.5195, -0.5117, -0.505, -0.504, -0.509, -0.508, -0.505, -0.5073, -0.5146, -0.5195, -0.5225, -0.517, -0.511, -0.5137, -0.5127, -0.509, -0.51, -0.51, -0.51, -0.5107, -0.5137, -0.5176, -0.5156, -0.507, -0.5, -0.498, -0.4985, -0.504, -0.5117, -0.5103, -0.507, -0.509, -0.51, -0.506, -0.502, -0.502, -0.503, -0.501, -0.5, -0.503, -0.506, -0.505, -0.505, -0.503, -0.502, -0.505, -0.507, -0.508, -0.509, -0.512, -0.5205, -0.5273, -0.5244, -0.5205, -0.5234, -0.5225, -0.5195, -0.5234, -0.526, -0.5264, -0.529, -0.5254, -0.5215, -0.5205, -0.519, -0.521, -0.5244, -0.5273, -0.53, -0.5273, -0.5234, -0.5205, -0.5186, -0.516, -0.5127, -0.5117, -0.5127, -0.5146, -0.52, -0.5303, -0.5435, -0.5537, -0.553, -0.546, -0.546, -0.5527, -0.5557, -0.549, -0.538, -0.5273, -0.5205, -0.5195, -0.5205, -0.5234, -0.5244, -0.5273, -0.5293, -0.5303, -0.534, -0.537, -0.5366, -0.5293, -0.525, -0.5273, -0.534, -0.5464, -0.5557, -0.5586, -0.555, -0.5483, -0.541, -0.54, -0.542, -0.545, -0.552, -0.5576, -0.5635, -0.5625, -0.5596, -0.5557, -0.5527, -0.5566, -0.5664, -0.5723, -0.574, -0.5767, -0.583, -0.5903, -0.5947, -0.6006, -0.6064, -0.6113, -0.6143, -0.615, -0.623, -0.629, -0.623, -0.608, -0.598, -0.591, -0.588, -0.588, -0.59, -0.582, -0.5713, -0.5723, -0.581, -0.593, -0.598, -0.5938, -0.583, -0.577, -0.58, -0.58, -0.5713, -0.5615, -0.5557, -0.5537, -0.5522, -0.548, -0.549, -0.553, -0.5557, -0.5557, -0.5566, -0.5586, -0.557, -0.5483, -0.538, -0.5347, -0.533, -0.539, -0.5493, -0.5537, -0.552, -0.5527, -0.5586, -0.5684, -0.576, -0.582, -0.586, -0.593, -0.6016
-0.6, -0.5938, -0.5806, -0.5654, -0.5444, -0.5283, -0.5244, -0.5215, -0.521, -0.5264, -0.533, -0.535, -0.535, -0.5312, -0.5254, -0.5254, -0.5244, -0.5205, -0.5137, -0.506, -0.503, -0.506, -0.505, -0.501, -0.501, -0.505, -0.508, -0.5083, -0.501, -0.495, -0.4985, -0.5024, -0.502, -0.505, -0.506, -0.51, -0.5166, -0.5215, -0.5225, -0.5166, -0.505, -0.5, -0.4998, -0.4985, -0.5015, -0.506, -0.504, -0.502, -0.504, -0.503, -0.496, -0.4937, -0.4966, -0.5, -0.4973, -0.4985, -0.503, -0.5044, -0.501, -0.502, -0.5024, -0.5015, -0.505, -0.51, -0.51, -0.506, -0.506, -0.51, -0.5166, -0.518, -0.5176, -0.5215, -0.5195, -0.5146, -0.5146, -0.5146, -0.5186, -0.5244, -0.5225, -0.5146, -0.5117, -0.51, -0.5107, -0.5186, -0.5244, -0.5293, -0.5303, -0.5244, -0.5195, -0.5195, -0.5225, -0.524, -0.522, -0.5215, -0.5225, -0.5273, -0.5386, -0.551, -0.559, -0.5576, -0.55, -0.5537, -0.5625, -0.5625, -0.5557, -0.547, -0.5366, -0.531, -0.5293, -0.5312, -0.534, -0.5337, -0.534, -0.533, -0.532, -0.533, -0.534, -0.535, -0.533, -0.534, -0.539, -0.547, -0.5537, -0.5586, -0.5586, -0.5566, -0.547, -0.534, -0.53, -0.5293, -0.5347, -0.5435, -0.548, -0.547, -0.541, -0.539, -0.54, -0.54, -0.544, -0.55, -0.551, -0.551, -0.552, -0.555, -0.5605, -0.566, -0.576, -0.588, -0.595, -0.5986, -0.5996, -0.606, -0.6113, -0.6016, -0.591, -0.5825, -0.572, -0.5654, -0.5664, -0.5723, -0.568, -0.555, -0.5557, -0.5684, -0.581, -0.585, -0.581, -0.5728, -0.5684, -0.572, -0.576, -0.574, -0.5684, -0.559, -0.5503, -0.546, -0.5396, -0.541, -0.549, -0.5547, -0.5537, -0.552, -0.5547, -0.5586, -0.5527, -0.545, -0.542, -0.539, -0.539, -0.546, -0.5513, -0.5527, -0.557, -0.564, -0.5684, -0.5713, -0.5737, -0.577, -0.586, -0.5957
-0.584, -0.578, -0.5645, -0.549, -0.5283, -0.51, -0.505, -0.5063, -0.51, -0.517, -0.5234, -0.5234, -0.522, -0.5205, -0.519, -0.5186, -0.517, -0.515, -0.5146, -0.51, -0.5044, -0.504, -0.503, -0.5, -0.4985, -0.499, -0.501, -0.502, -0.496, -0.491, -0.4927, -0.495, -0.5, -0.504, -0.506, -0.5117, -0.5195, -0.5234, -0.5205, -0.5117, -0.503, -0.501, -0.502, -0.5, -0.502, -0.504, -0.5, -0.4983, -0.4966, -0.4915, -0.482, -0.4814, -0.4893, -0.4944, -0.4924, -0.4941, -0.499, -0.4985, -0.4932, -0.4917, -0.4966, -0.498, -0.5, -0.506, -0.507, -0.505, -0.502, -0.502, -0.5063, -0.5117, -0.5137, -0.517, -0.5166, -0.5127, -0.51, -0.51, -0.5166, -0.5254, -0.5234, -0.5127, -0.507, -0.503, -0.5044, -0.5127, -0.52, -0.5254, -0.5273, -0.5225, -0.517, -0.5166, -0.5215, -0.524, -0.5234, -0.5244, -0.5293, -0.5366, -0.545, -0.555, -0.5625, -0.557, -0.5474, -0.5513, -0.5625, -0.5625, -0.5537, -0.5454, -0.5396, -0.539, -0.539, -0.5415, -0.5435, -0.541, -0.54, -0.538, -0.536, -0.534, -0.533, -0.533, -0.536, -0.5435, -0.5537, -0.5605, -0.5615, -0.5596, -0.5537, -0.546, -0.534, -0.5205, -0.517, -0.5205, -0.5293, -0.5415, -0.549, -0.5464, -0.54, -0.5396, -0.5405, -0.54, -0.542, -0.542, -0.539, -0.538, -0.538, -0.537, -0.541, -0.551, -0.5645, -0.5767, -0.586, -0.59, -0.5903, -0.592, -0.5933, -0.583, -0.571, -0.5654, -0.5557, -0.5513, -0.5566, -0.565, -0.562, -0.55, -0.549, -0.559, -0.5645, -0.5645, -0.5605, -0.5596, -0.559, -0.5645, -0.5703, -0.5713, -0.5693, -0.5576, -0.542, -0.535, -0.5283, -0.5293, -0.54, -0.552, -0.5527, -0.5444, -0.542, -0.548, -0.545, -0.541, -0.542, -0.541, -0.5366, -0.539, -0.5444, -0.5537, -0.5635, -0.5693, -0.5674, -0.5615, -0.5576, -0.559, -0.5674, -0.578
-0.5557, -0.5537, -0.544, -0.5317, -0.515, -0.499, -0.496, -0.5, -0.505, -0.5103, -0.5146, -0.512, -0.5083, -0.5093, -0.5117, -0.5127, -0.5093, -0.51, -0.5127, -0.51, -0.503, -0.5, -0.5, -0.5, -0.4988, -0.4985, -0.5, -0.501, -0.4983, -0.495, -0.4966, -0.5, -0.502, -0.505, -0.5073, -0.5127, -0.5176, -0.517, -0.517, -0.5103, -0.499, -0.4954, -0.4954, -0.495, -0.496, -0.4954, -0.4917, -0.4893, -0.4854, -0.475, -0.467, -0.4692, -0.4785, -0.4805, -0.4805, -0.4817, -0.4863, -0.4856, -0.4814, -0.479, -0.4858, -0.4897, -0.4917, -0.4973, -0.502, -0.5024, -0.5, -0.499, -0.504, -0.5103, -0.5117, -0.5117, -0.5117, -0.51, -0.506, -0.505, -0.5146, -0.5254, -0.5234, -0.5117, -0.505, -0.5, -0.5, -0.508, -0.5137, -0.5176, -0.5186, -0.5156, -0.5127, -0.513, -0.5146, -0.5156, -0.517, -0.5244, -0.535, -0.542, -0.547, -0.5537, -0.556, -0.549, -0.539, -0.5435, -0.5537, -0.5557, -0.548, -0.537, -0.532, -0.537, -0.54, -0.5415, -0.542, -0.54, -0.538, -0.534, -0.533, -0.5337, -0.532, -0.5312, -0.5317, -0.54, -0.5537, -0.559, -0.5586, -0.5547, -0.542, -0.5283, -0.5166, -0.508, -0.51, -0.5156, -0.527, -0.5405, -0.549, -0.551, -0.5483, -0.546, -0.5425, -0.539, -0.537, -0.536, -0.535, -0.537, -0.539, -0.54, -0.5435, -0.5547, -0.5684, -0.578, -0.584, -0.585, -0.5825, -0.578, -0.574, -0.5615, -0.549, -0.5454, -0.539, -0.541, -0.549, -0.554, -0.5527, -0.544, -0.544, -0.549, -0.545, -0.539, -0.535, -0.5366, -0.545, -0.553, -0.5596, -0.5625, -0.5615, -0.549, -0.532, -0.5264, -0.522, -0.522, -0.5293, -0.54, -0.544, -0.536, -0.532, -0.537, -0.534, -0.5303, -0.5347, -0.536, -0.5337, -0.532, -0.537, -0.551, -0.565, -0.5703, -0.565, -0.554, -0.544, -0.541, -0.5435, -0.549
-0.526, -0.525, -0.5195, -0.514, -0.506, -0.497, -0.496, -0.5, -0.5024, -0.505, -0.5073, -0.503, -0.4985, -0.502, -0.509, -0.511, -0.508, -0.507, -0.509, -0.5054, -0.4993, -0.4978, -0.499, -0.501, -0.501, -0.4995, -0.5, -0.5, -0.4985, -0.4956, -0.4966, -0.5, -0.502, -0.504, -0.506, -0.506, -0.507, -0.509, -0.5127, -0.505, -0.4863, -0.476, -0.4746, -0.4736, -0.4756, -0.473, -0.4722, -0.4727, -0.4695, -0.458, -0.4463, -0.4512, -0.4573, -0.459, -0.4587, -0.4614, -0.4658, -0.4658, -0.4634, -0.4636, -0.4697, -0.4739, -0.477, -0.4805, -0.4863, -0.4941, -0.4985, -0.5, -0.505, -0.51, -0.5103, -0.509, -0.506, -0.504, -0.5005, -0.5, -0.5093, -0.5195, -0.5195, -0.5103, -0.506, -0.502, -0.5, -0.5063, -0.51, -0.51, -0.51, -0.507, -0.5093, -0.5103, -0.51, -0.51, -0.514, -0.5264, -0.536, -0.539, -0.5415, -0.544, -0.542, -0.532, -0.522, -0.5244, -0.534, -0.539, -0.537, -0.5293, -0.5234, -0.5264, -0.5283, -0.5293, -0.5317, -0.5312, -0.5283, -0.5244, -0.5254, -0.5293, -0.5283, -0.5234, -0.524, -0.532, -0.543, -0.549, -0.5483, -0.5444, -0.5303, -0.5156, -0.5093, -0.507, -0.51, -0.518, -0.5273, -0.538, -0.548, -0.555, -0.5586, -0.5513, -0.539, -0.5312, -0.5273, -0.5293, -0.533, -0.541, -0.548, -0.551, -0.555, -0.5635, -0.573, -0.58, -0.582, -0.578, -0.5723, -0.5635, -0.5527, -0.54, -0.5244, -0.522, -0.5225, -0.5273, -0.536, -0.538, -0.533, -0.5264, -0.5283, -0.532, -0.527, -0.522, -0.5156, -0.5156, -0.5254, -0.534, -0.5396, -0.544, -0.5454, -0.534, -0.52, -0.5186, -0.519, -0.517, -0.516, -0.5215, -0.5283, -0.5273, -0.5273, -0.5312, -0.5273, -0.5225, -0.525, -0.5293, -0.5303, -0.5273, -0.5293, -0.542, -0.5547, -0.5605, -0.5586, -0.548, -0.534, -0.5273, -0.5264, -0.5254
-0.508, -0.507, -0.504, -0.502, -0.501, -0.4985, -0.4985, -0.5, -0.499, -0.5015, -0.503, -0.5, -0.495, -0.499, -0.506, -0.5093, -0.508, -0.505, -0.505, -0.499, -0.4941, -0.4949, -0.496, -0.4973, -0.4966, -0.4946, -0.4932, -0.4922, -0.4912, -0.4902, -0.493, -0.497, -0.5, -0.4995, -0.4966, -0.4905, -0.4883, -0.4937, -0.5015, -0.4905, -0.4668, -0.4539, -0.4517, -0.4463, -0.4448, -0.4436, -0.4473, -0.4539, -0.4521, -0.4402, -0.4233, -0.4258, -0.4302, -0.436, -0.437, -0.44, -0.4414, -0.4395, -0.4385, -0.4424, -0.4502, -0.455, -0.4585, -0.4626, -0.4712, -0.4854, -0.496, -0.5, -0.505, -0.509, -0.508, -0.506, -0.501, -0.499, -0.499, -0.499, -0.503, -0.509, -0.51, -0.508, -0.509, -0.507, -0.504, -0.5073, -0.5083, -0.507, -0.505, -0.501, -0.503, -0.5044, -0.505, -0.506, -0.51, -0.5176, -0.5234, -0.5244, -0.5264, -0.5293, -0.5264, -0.516, -0.507, -0.5034, -0.505, -0.51, -0.5195, -0.5215, -0.517, -0.5176, -0.517, -0.518, -0.522, -0.5215, -0.517, -0.5137, -0.5156, -0.5195, -0.516, -0.5146, -0.5166, -0.522, -0.5293, -0.5327, -0.5347, -0.533, -0.5225, -0.5117, -0.51, -0.51, -0.5166, -0.5225, -0.5264, -0.534, -0.5435, -0.555, -0.5615, -0.5527, -0.534, -0.5244, -0.522, -0.5244, -0.53, -0.54, -0.549, -0.5527, -0.554, -0.5586, -0.5625, -0.5635, -0.5645, -0.56, -0.5527, -0.541, -0.531, -0.52, -0.508, -0.506, -0.5073, -0.514, -0.521, -0.523, -0.5156, -0.5107, -0.5127, -0.5166, -0.5137, -0.5117, -0.508, -0.507, -0.5117, -0.5156, -0.5195, -0.5254, -0.528, -0.5186, -0.509, -0.5103, -0.5127, -0.5107, -0.506, -0.507, -0.5137, -0.5166, -0.5186, -0.5215, -0.5195, -0.5156, -0.5146, -0.5176, -0.5205, -0.5176, -0.5176, -0.5264, -0.534, -0.538, -0.537, -0.532, -0.522, -0.5176, -0.5166, -0.5127
-0.503, -0.503, -0.5, -0.496, -0.4956, -0.4973, -0.4995, -0.4976, -0.4927, -0.4941, -0.498, -0.4949, -0.491, -0.4932, -0.499, -0.504, -0.5054, -0.504, -0.4998, -0.4897, -0.481, -0.482, -0.483, -0.4863, -0.4854, -0.4827, -0.4783, -0.4734, -0.4712, -0.472, -0.4805, -0.4888, -0.4934, -0.4915, -0.4795, -0.4678, -0.4634, -0.4683, -0.4744, -0.4688, -0.4502, -0.4417, -0.4387, -0.4277, -0.419, -0.42, -0.4277, -0.4365, -0.434, -0.42, -0.4004, -0.3994, -0.405, -0.413, -0.418, -0.421, -0.4187, -0.416, -0.4146, -0.4204, -0.4321, -0.438, -0.4429, -0.4478, -0.4585, -0.474, -0.4878, -0.493, -0.4985, -0.503, -0.502, -0.502, -0.5, -0.4985, -0.5, -0.501, -0.5, -0.501, -0.502, -0.504, -0.508, -0.5073, -0.5044, -0.506, -0.5034, -0.503, -0.5, -0.4934, -0.49, -0.4944, -0.497, -0.498, -0.4988, -0.5, -0.503, -0.505, -0.51, -0.5146, -0.5117, -0.503, -0.4973, -0.4934, -0.4888, -0.4885, -0.4966, -0.505, -0.506, -0.508, -0.51, -0.5127, -0.5156, -0.5117, -0.506, -0.504, -0.506, -0.506, -0.502, -0.502, -0.5073, -0.5107, -0.5137, -0.5176, -0.5205, -0.5195, -0.5127, -0.509, -0.51, -0.512, -0.5176, -0.5225, -0.5225, -0.5234, -0.532, -0.546, -0.5557, -0.549, -0.5312, -0.522, -0.5176, -0.515, -0.5195, -0.5293, -0.536, -0.538, -0.539, -0.54, -0.5386, -0.539, -0.538, -0.5366, -0.5317, -0.5215, -0.514, -0.51, -0.502, -0.501, -0.503, -0.507, -0.5137, -0.5146, -0.509, -0.5073, -0.509, -0.51, -0.507, -0.506, -0.505, -0.505, -0.506, -0.504, -0.5073, -0.511, -0.511, -0.506, -0.502, -0.505, -0.507, -0.504, -0.501, -0.5024, -0.505, -0.504, -0.505, -0.507, -0.5063, -0.5054, -0.503, -0.505, -0.504, -0.5, -0.5, -0.505, -0.51, -0.508, -0.506, -0.503, -0.5, -0.5024, -0.506, -0.505
-0.501, -0.503, -0.4976, -0.4917, -0.4912, -0.4941, -0.4966, -0.4902, -0.4802, -0.4802, -0.4849, -0.4824, -0.477, -0.4753, -0.479, -0.4858, -0.4922, -0.4917, -0.4863, -0.4736, -0.4639, -0.4634, -0.4663, -0.4702, -0.4717, -0.4673, -0.4604, -0.4502, -0.4438, -0.4448, -0.458, -0.4707, -0.4766, -0.4756, -0.4595, -0.441, -0.4355, -0.4385, -0.4438, -0.4458, -0.4387, -0.434, -0.4258, -0.4111, -0.402, -0.405, -0.414, -0.4204, -0.4185, -0.4033, -0.3848, -0.3804, -0.3877, -0.3972, -0.4014, -0.4028, -0.399, -0.3953, -0.3965, -0.4038, -0.416, -0.4224, -0.4243, -0.4277, -0.439, -0.4573, -0.474, -0.4814, -0.4873, -0.4917, -0.4937, -0.4966, -0.4985, -0.4985, -0.501, -0.502, -0.499, -0.498, -0.4988, -0.5, -0.501, -0.5, -0.5, -0.502, -0.4998, -0.498, -0.4937, -0.481, -0.4731, -0.479, -0.4868, -0.4927, -0.4917, -0.4888, -0.489, -0.4902, -0.4927, -0.496, -0.4924, -0.488, -0.4858, -0.4868, -0.482, -0.4766, -0.4758, -0.4805, -0.483, -0.4875, -0.4907, -0.495, -0.4956, -0.493, -0.4912, -0.4912, -0.4932, -0.4912, -0.4875, -0.4912, -0.4956, -0.4968, -0.5015, -0.51, -0.5137, -0.51, -0.503, -0.504, -0.507, -0.509, -0.5166, -0.5225, -0.5186, -0.5146, -0.517, -0.527, -0.537, -0.536, -0.5254, -0.5186, -0.5103, -0.5034, -0.506, -0.5156, -0.5176, -0.5166, -0.5166, -0.5195, -0.5195, -0.519, -0.5195, -0.519, -0.5166, -0.51, -0.507, -0.5054, -0.5024, -0.5034, -0.504, -0.505, -0.5107, -0.51, -0.506, -0.508, -0.5093, -0.507, -0.5024, -0.4993, -0.4998, -0.504, -0.504, -0.5, -0.5005, -0.502, -0.5, -0.496, -0.4973, -0.505, -0.5063, -0.499, -0.4937, -0.4927, -0.4907, -0.4893, -0.49, -0.4897, -0.4907, -0.4905, -0.4915, -0.4941, -0.4922, -0.482, -0.4775, -0.4805, -0.482, -0.478, -0.4756, -0.475, -0.4756, -0.4802, -0.4866, -0.4937
-0.485, -0.493, -0.4863, -0.4795, -0.4814, -0.488, -0.4883, -0.477, -0.4585, -0.4553, -0.46, -0.4595, -0.4521, -0.4497, -0.4487, -0.4536, -0.4583, -0.462, -0.4607, -0.4502, -0.4424, -0.4429, -0.4497, -0.4536, -0.4539, -0.4487, -0.442, -0.4255, -0.415, -0.4143, -0.4272, -0.438, -0.4463, -0.4512, -0.4387, -0.42, -0.4126, -0.417, -0.4233, -0.4292, -0.4268, -0.4204, -0.4084, -0.3948, -0.3887, -0.3945, -0.401, -0.4023, -0.3975, -0.3848, -0.3718, -0.368, -0.3743, -0.3828, -0.386, -0.3838, -0.379, -0.3784, -0.3838, -0.3916, -0.3977, -0.4028, -0.4038, -0.4075, -0.4214, -0.44, -0.455, -0.4639, -0.4717, -0.4795, -0.484, -0.489, -0.4932, -0.4937, -0.4966, -0.4976, -0.4949, -0.495, -0.4966, -0.4976, -0.4954, -0.4937, -0.494, -0.497, -0.4966, -0.4922, -0.482, -0.4653, -0.4575, -0.4639, -0.476, -0.4834, -0.4817, -0.479, -0.4775, -0.4731, -0.4712, -0.4717, -0.4695, -0.4692, -0.4712, -0.476, -0.4744, -0.4648, -0.4578, -0.457, -0.4575, -0.458, -0.4634, -0.4644, -0.463, -0.4634, -0.4683, -0.4712, -0.4717, -0.4695, -0.4668, -0.474, -0.4795, -0.4827, -0.4917, -0.503, -0.5073, -0.5024, -0.4966, -0.4985, -0.5034, -0.506, -0.5146, -0.5215, -0.5146, -0.5034, -0.5, -0.506, -0.5127, -0.5166, -0.5156, -0.5117, -0.505, -0.4963, -0.497, -0.506, -0.505, -0.4956, -0.4934, -0.5, -0.508, -0.511, -0.5117, -0.509, -0.505, -0.503, -0.503, -0.503, -0.5044, -0.509, -0.508, -0.505, -0.506, -0.505, -0.503, -0.508, -0.51, -0.5044, -0.4941, -0.4888, -0.49, -0.4976, -0.501, -0.498, -0.496, -0.497, -0.494, -0.4897, -0.4912, -0.4966, -0.4973, -0.4854, -0.4736, -0.471, -0.4658, -0.4639, -0.4644, -0.4683, -0.4702, -0.4707, -0.4722, -0.4778, -0.4766, -0.4624, -0.4487, -0.4473, -0.4492, -0.4463, -0.4468, -0.4497, -0.4546, -0.4536, -0.457, -0.4685
-0.4473, -0.4624, -0.4597, -0.4575, -0.46, -0.4702, -0.4731, -0.455, -0.4302, -0.421, -0.4253, -0.4268, -0.4258, -0.4248, -0.4224, -0.4204, -0.4226, -0.4263, -0.4282, -0.4224, -0.417, -0.4158, -0.4216, -0.4243, -0.4219, -0.4194, -0.4143, -0.398, -0.3855, -0.3857, -0.399, -0.4087, -0.4146, -0.4207, -0.415, -0.4, -0.394, -0.399, -0.406, -0.412, -0.408, -0.3984, -0.3848, -0.3765, -0.3765, -0.3838, -0.3855, -0.3804, -0.371, -0.3584, -0.3496, -0.349, -0.354, -0.3608, -0.3613, -0.359, -0.3545, -0.3594, -0.37, -0.3774, -0.3809, -0.3828, -0.3867, -0.394, -0.4102, -0.4248, -0.4321, -0.4414, -0.4492, -0.4622, -0.4695, -0.4736, -0.4753, -0.476, -0.4807, -0.4827, -0.4795, -0.4807, -0.4844, -0.4868, -0.4854, -0.4849, -0.4873, -0.4883, -0.4878, -0.4814, -0.4653, -0.449, -0.4438, -0.4512, -0.4587, -0.4612, -0.46, -0.4585, -0.4563, -0.4487, -0.4453, -0.4458, -0.4463, -0.4478, -0.4487, -0.4543, -0.4546, -0.4429, -0.4316, -0.4277, -0.4253, -0.4238, -0.4238, -0.4253, -0.4258, -0.4307, -0.439, -0.4448, -0.4436, -0.4429, -0.441, -0.448, -0.455, -0.4602, -0.47, -0.4834, -0.4917, -0.4863, -0.483, -0.4849, -0.4912, -0.497, -0.503, -0.506, -0.5034, -0.4927, -0.4849, -0.4868, -0.493, -0.4966, -0.503, -0.505, -0.499, -0.4927, -0.4941, -0.5, -0.4912, -0.474, -0.4702, -0.4814, -0.4956, -0.5034, -0.505, -0.5, -0.4968, -0.4976, -0.4988, -0.499, -0.502, -0.5083, -0.51, -0.504, -0.503, -0.5, -0.5, -0.505, -0.506, -0.4985, -0.4841, -0.4746, -0.4722, -0.4785, -0.4824, -0.484, -0.485, -0.4878, -0.483, -0.4712, -0.4663, -0.4717, -0.4712, -0.459, -0.4404, -0.4355, -0.434, -0.4336, -0.433, -0.437, -0.44, -0.4429, -0.4468, -0.4517, -0.4539, -0.437, -0.4165, -0.4082, -0.407, -0.4075, -0.412, -0.421, -0.4272, -0.4258, -0.4214, -0.4302
-0.412, -0.4243, -0.4263, -0.428, -0.434, -0.4421, -0.4448, -0.4243, -0.3984, -0.3865, -0.3887, -0.392, -0.3948, -0.398, -0.3984, -0.3945, -0.395, -0.4004, -0.4014, -0.3926, -0.3848, -0.3833, -0.384, -0.3818, -0.3813, -0.3828, -0.3809, -0.3706, -0.3618, -0.3604, -0.3713, -0.38, -0.3862, -0.3906, -0.3892, -0.379, -0.371, -0.3716, -0.3765, -0.3818, -0.379, -0.3706, -0.3574, -0.354, -0.358, -0.3638, -0.3628, -0.3547, -0.3403, -0.327, -0.3203, -0.3208, -0.3267, -0.329, -0.3267, -0.3257, -0.3267, -0.3374, -0.3474, -0.356, -0.3633, -0.3682, -0.3738, -0.3813, -0.394, -0.4048, -0.4048, -0.4111, -0.4258, -0.442, -0.4521, -0.4521, -0.4521, -0.4546, -0.458, -0.4585, -0.4526, -0.4526, -0.4565, -0.4595, -0.462, -0.4663, -0.4692, -0.4707, -0.4673, -0.4595, -0.4434, -0.4326, -0.433, -0.438, -0.4353, -0.429, -0.4282, -0.4297, -0.4277, -0.4194, -0.415, -0.417, -0.4204, -0.4238, -0.4229, -0.4233, -0.4224, -0.4102, -0.398, -0.3926, -0.3877, -0.3848, -0.3828, -0.3857, -0.3867, -0.3965, -0.405, -0.4111, -0.414, -0.4124, -0.4106, -0.416, -0.4211, -0.427, -0.4365, -0.4521, -0.4595, -0.4585, -0.456, -0.461, -0.468, -0.4766, -0.4785, -0.4785, -0.4834, -0.48, -0.4727, -0.4697, -0.4722, -0.473, -0.4822, -0.4893, -0.4893, -0.4863, -0.4873, -0.4863, -0.4722, -0.4507, -0.446, -0.459, -0.476, -0.4863, -0.4893, -0.4868, -0.487, -0.4888, -0.4912, -0.4917, -0.495, -0.503, -0.505, -0.502, -0.502, -0.497, -0.4912, -0.4927, -0.4941, -0.489, -0.4756, -0.461, -0.4536, -0.4565, -0.456, -0.4573, -0.462, -0.4692, -0.4634, -0.4446, -0.4316, -0.4326, -0.433, -0.4229, -0.4048, -0.4, -0.4, -0.4023, -0.4062, -0.4048, -0.406, -0.4114, -0.42, -0.4229, -0.4194, -0.4048, -0.3843, -0.3716, -0.3691, -0.3726, -0.3813, -0.39, -0.396, -0.3936, -0.392, -0.3977
-0.3833, -0.391, -0.3901, -0.3901, -0.3987, -0.41, -0.4092, -0.3901, -0.3667, -0.357, -0.3574, -0.359, -0.361, -0.367, -0.371, -0.3706, -0.371, -0.378, -0.3765, -0.3643, -0.353, -0.3481, -0.3452, -0.3413, -0.3438, -0.3481, -0.3462, -0.3406, -0.3345, -0.3345, -0.3438, -0.3555, -0.3633, -0.3657, -0.3623, -0.354, -0.3477, -0.345, -0.3477, -0.3516, -0.3525, -0.3428, -0.329, -0.3271, -0.3335, -0.3364, -0.332, -0.323, -0.3086, -0.2954, -0.293, -0.295, -0.3018, -0.3027, -0.3008, -0.2996, -0.3054, -0.3147, -0.324, -0.3308, -0.3394, -0.3467, -0.3535, -0.359, -0.3645, -0.3733, -0.376, -0.383, -0.3945, -0.419, -0.4292, -0.4297, -0.4277, -0.4307, -0.4326, -0.4312, -0.4258, -0.4248, -0.4253, -0.4263, -0.4316, -0.4385, -0.439, -0.438, -0.4346, -0.4321, -0.4243, -0.4185, -0.4204, -0.4204, -0.4106, -0.3982, -0.3945, -0.3972, -0.3972, -0.3887, -0.3857, -0.3882, -0.391, -0.394, -0.394, -0.392, -0.3887, -0.375, -0.365, -0.359, -0.351, -0.3438, -0.3398, -0.3457, -0.3513, -0.3652, -0.3726, -0.376, -0.378, -0.3745, -0.3757, -0.3823, -0.3862, -0.3901, -0.399, -0.4119, -0.4185, -0.4185, -0.4236, -0.4316, -0.438, -0.4453, -0.4458, -0.447, -0.4563, -0.4614, -0.456, -0.4512, -0.4482, -0.4521, -0.46, -0.4702, -0.475, -0.4746, -0.4722, -0.4673, -0.4517, -0.4277, -0.4216, -0.433, -0.4482, -0.463, -0.4658, -0.4636, -0.4636, -0.4707, -0.4746, -0.4753, -0.479, -0.4863, -0.4917, -0.4927, -0.4941, -0.4878, -0.4731, -0.4712, -0.476, -0.4785, -0.4658, -0.4463, -0.4343, -0.4326, -0.4277, -0.4263, -0.4316, -0.4404, -0.4375, -0.4143, -0.3967, -0.395, -0.3953, -0.3887, -0.3726, -0.3687, -0.37, -0.378, -0.3794, -0.3733, -0.3682, -0.374, -0.388, -0.3882, -0.3809, -0.3691, -0.356, -0.3447, -0.3398, -0.3433, -0.3506, -0.3572, -0.3604, -0.3618, -0.3643, -0.372
-0.3555, -0.36, -0.3564, -0.353, -0.361, -0.3752, -0.374, -0.3574, -0.3394, -0.3335, -0.335, -0.332, -0.3286, -0.3308, -0.3345, -0.3403, -0.3438, -0.3481, -0.3477, -0.3364, -0.3218, -0.3145, -0.31, -0.3062, -0.3105, -0.3162, -0.316, -0.3125, -0.3076, -0.311, -0.3186, -0.3335, -0.3389, -0.3408, -0.3384, -0.335, -0.3281, -0.3237, -0.3262, -0.331, -0.3315, -0.3232, -0.3086, -0.3042, -0.31, -0.312, -0.3013, -0.2915, -0.2837, -0.2783, -0.2786, -0.2832, -0.285, -0.2852, -0.2856, -0.2876, -0.2925, -0.3008, -0.3066, -0.3115, -0.317, -0.3218, -0.3247, -0.3252, -0.3276, -0.3413, -0.3499, -0.358, -0.3677, -0.3901, -0.4014, -0.4033, -0.4028, -0.4014, -0.4028, -0.4016, -0.3994, -0.4004, -0.399, -0.3994, -0.4043, -0.4102, -0.4092, -0.4014, -0.4019, -0.4072, -0.4094, -0.4043, -0.4023, -0.3984, -0.3828, -0.3694, -0.3672, -0.3708, -0.3699, -0.3613, -0.359, -0.3599, -0.3613, -0.3625, -0.3613, -0.3608, -0.3545, -0.3438, -0.337, -0.33, -0.3179, -0.3032, -0.3003, -0.31, -0.3206, -0.3313, -0.3374, -0.338, -0.3394, -0.3394, -0.3408, -0.348, -0.3528, -0.3535, -0.359, -0.3699, -0.376, -0.3757, -0.383, -0.391, -0.397, -0.4043, -0.4104, -0.411, -0.4207, -0.4321, -0.435, -0.4336, -0.4321, -0.4333, -0.4375, -0.442, -0.4468, -0.4507, -0.4502, -0.4463, -0.433, -0.4082, -0.394, -0.3997, -0.4148, -0.4292, -0.4336, -0.4292, -0.428, -0.4373, -0.4458, -0.4487, -0.453, -0.4592, -0.4683, -0.4722, -0.4717, -0.4648, -0.4502, -0.4485, -0.4575, -0.463, -0.451, -0.4282, -0.4111, -0.4075, -0.4043, -0.4019, -0.405, -0.4106, -0.405, -0.3853, -0.3662, -0.3652, -0.3672, -0.3623, -0.3484, -0.3403, -0.3442, -0.3564, -0.3604, -0.3486, -0.338, -0.3428, -0.3516, -0.351, -0.3433, -0.3345, -0.329, -0.3218, -0.315, -0.3145, -0.3171, -0.3235, -0.33, -0.3345, -0.338, -0.348
-0.3325, -0.3394, -0.3354, -0.3281, -0.3308, -0.3408, -0.3428, -0.3286, -0.3164, -0.316, -0.3188, -0.312, -0.3005, -0.2976, -0.3032, -0.3098, -0.3145, -0.3184, -0.317, -0.3071, -0.2925, -0.2866, -0.2856, -0.2808, -0.2825, -0.2878, -0.289, -0.29, -0.2886, -0.2917, -0.2998, -0.3096, -0.316, -0.3193, -0.3208, -0.3213, -0.3171, -0.31, -0.3096, -0.3137, -0.3206, -0.3135, -0.2952, -0.288, -0.2915, -0.291, -0.2778, -0.2651, -0.2632, -0.2668, -0.273, -0.2712, -0.2668, -0.2676, -0.2722, -0.2783, -0.2832, -0.2866, -0.2925, -0.295, -0.296, -0.296, -0.295, -0.2935, -0.3013, -0.3164, -0.3271, -0.3335, -0.3423, -0.3584, -0.3677, -0.3718, -0.372, -0.3696, -0.3674, -0.3672, -0.3696, -0.375, -0.3735, -0.3745, -0.378, -0.3809, -0.379, -0.3713, -0.371, -0.383, -0.3906, -0.3857, -0.377, -0.3682, -0.354, -0.3389, -0.338, -0.3428, -0.3462, -0.338, -0.3306, -0.3296, -0.3325, -0.332, -0.334, -0.3313, -0.3262, -0.3213, -0.3196, -0.3086, -0.2861, -0.268, -0.2715, -0.2856, -0.2925, -0.3013, -0.3057, -0.3052, -0.3076, -0.309, -0.314, -0.3184, -0.3203, -0.3193, -0.3237, -0.331, -0.337, -0.3406, -0.3447, -0.3484, -0.3545, -0.3672, -0.3716, -0.3726, -0.3835, -0.3962, -0.4033, -0.4067, -0.4072, -0.4067, -0.4062, -0.407, -0.4124, -0.4175, -0.4143, -0.4175, -0.414, -0.3948, -0.3743, -0.37, -0.377, -0.3894, -0.3965, -0.394, -0.3948, -0.4028, -0.4148, -0.4185, -0.4211, -0.4285, -0.4377, -0.4412, -0.4404, -0.4353, -0.4243, -0.4268, -0.4375, -0.439, -0.4233, -0.4019, -0.3877, -0.3857, -0.3823, -0.38, -0.3796, -0.382, -0.3755, -0.359, -0.3467, -0.3477, -0.353, -0.3464, -0.33, -0.3223, -0.3281, -0.3394, -0.3428, -0.332, -0.3184, -0.3179, -0.3223, -0.3203, -0.312, -0.3047, -0.3037, -0.2988, -0.2886, -0.28, -0.2788, -0.2864, -0.3, -0.3066, -0.3108, -0.3213
-0.3147, -0.3252, -0.322, -0.313, -0.3088, -0.3154, -0.3164, -0.3047, -0.296, -0.2988, -0.3013, -0.2913, -0.2769, -0.2725, -0.2769, -0.2832, -0.284, -0.2876, -0.2876, -0.2798, -0.27, -0.2637, -0.2651, -0.2651, -0.267, -0.2717, -0.2742, -0.2754, -0.2764, -0.2808, -0.288, -0.2937, -0.2969, -0.3018, -0.3074, -0.3108, -0.3086, -0.3008, -0.2998, -0.3066, -0.3154, -0.307, -0.2842, -0.2764, -0.2788, -0.2769, -0.2646, -0.253, -0.252, -0.2632, -0.2686, -0.2603, -0.2482, -0.2472, -0.2573, -0.269, -0.274, -0.2734, -0.2754, -0.2761, -0.2769, -0.2754, -0.276, -0.2773, -0.2876, -0.2964, -0.3042, -0.31, -0.317, -0.3296, -0.338, -0.3413, -0.3403, -0.3364, -0.3352, -0.337, -0.3394, -0.3455, -0.3457, -0.346, -0.351, -0.354, -0.347, -0.3384, -0.3374, -0.3489, -0.358, -0.3516, -0.3416, -0.3318, -0.3223, -0.3135, -0.3123, -0.3184, -0.3232, -0.3174, -0.31, -0.3076, -0.3098, -0.312, -0.312, -0.3071, -0.3062, -0.3076, -0.309, -0.293, -0.2598, -0.2395, -0.2451, -0.2637, -0.2717, -0.2769, -0.2793, -0.2803, -0.2817, -0.2856, -0.2915, -0.294, -0.293, -0.293, -0.2969, -0.3047, -0.3096, -0.3123, -0.314, -0.3171, -0.326, -0.3337, -0.3389, -0.3418, -0.3481, -0.3572, -0.3645, -0.3687, -0.373, -0.3755, -0.3757, -0.3774, -0.3767, -0.377, -0.3757, -0.382, -0.3833, -0.3735, -0.3555, -0.3467, -0.349, -0.3564, -0.3638, -0.3613, -0.366, -0.373, -0.384, -0.391, -0.3936, -0.399, -0.4048, -0.4082, -0.4048, -0.4, -0.394, -0.4001, -0.4124, -0.4094, -0.3896, -0.3716, -0.3662, -0.3682, -0.362, -0.353, -0.3472, -0.3477, -0.3438, -0.335, -0.329, -0.3325, -0.3364, -0.3306, -0.3118, -0.3027, -0.3071, -0.3203, -0.3271, -0.3188, -0.3057, -0.3008, -0.3052, -0.3066, -0.3, -0.292, -0.2883, -0.2856, -0.2695, -0.2455, -0.2377, -0.2489, -0.2668, -0.2766, -0.2842, -0.2969
-0.2878, -0.3022, -0.3042, -0.2974, -0.2954, -0.3008, -0.3003, -0.289, -0.2788, -0.2788, -0.2778, -0.2642, -0.2546, -0.251, -0.2524, -0.2544, -0.2554, -0.2588, -0.2612, -0.257, -0.2483, -0.245, -0.2468, -0.2512, -0.2568, -0.2607, -0.261, -0.2617, -0.2646, -0.2715, -0.2776, -0.2783, -0.2788, -0.2793, -0.2866, -0.292, -0.292, -0.2896, -0.293, -0.3057, -0.3125, -0.2983, -0.2686, -0.2568, -0.2603, -0.2642, -0.2563, -0.2485, -0.25, -0.2627, -0.267, -0.253, -0.234, -0.23, -0.2426, -0.2568, -0.2603, -0.2554, -0.254, -0.2544, -0.2554, -0.2563, -0.2593, -0.2651, -0.269, -0.2734, -0.275, -0.28, -0.2905, -0.3047, -0.312, -0.3145, -0.3157, -0.3132, -0.3132, -0.3154, -0.3188, -0.3232, -0.3242, -0.3247, -0.3284, -0.3296, -0.3198, -0.3037, -0.2983, -0.308, -0.3164, -0.3127, -0.3047, -0.297, -0.294, -0.2925, -0.297, -0.2998, -0.3022, -0.3, -0.2969, -0.2954, -0.2944, -0.2954, -0.2935, -0.292, -0.2925, -0.2969, -0.2983, -0.2725, -0.2316, -0.2133, -0.2257, -0.2438, -0.254, -0.2563, -0.2563, -0.2563, -0.2588, -0.2642, -0.269, -0.2715, -0.2705, -0.2703, -0.2764, -0.2812, -0.2844, -0.2856, -0.288, -0.2898, -0.2954, -0.3003, -0.3037, -0.3066, -0.3127, -0.3206, -0.3257, -0.33, -0.3386, -0.345, -0.3486, -0.3513, -0.3472, -0.341, -0.3364, -0.343, -0.3438, -0.3428, -0.332, -0.3252, -0.328, -0.3342, -0.338, -0.3364, -0.3389, -0.3447, -0.3557, -0.3672, -0.3696, -0.371, -0.371, -0.371, -0.3672, -0.3633, -0.3594, -0.368, -0.3813, -0.3765, -0.3567, -0.3428, -0.3442, -0.3455, -0.337, -0.323, -0.3145, -0.311, -0.3066, -0.3057, -0.3076, -0.3115, -0.315, -0.3079, -0.286, -0.273, -0.2761, -0.2888, -0.3018, -0.3027, -0.294, -0.29, -0.295, -0.301, -0.2969, -0.2869, -0.2812, -0.2793, -0.2588, -0.2195, -0.2009, -0.2103, -0.2313, -0.2476, -0.2583, -0.2695
-0.2656, -0.2793, -0.2832, -0.282, -0.2832, -0.2886, -0.2869, -0.2715, -0.2603, -0.2583, -0.2537, -0.241, -0.2292, -0.2249, -0.2255, -0.2279, -0.2292, -0.2346, -0.2402, -0.2357, -0.2222, -0.2172, -0.224, -0.2332, -0.242, -0.2454, -0.2417, -0.2396, -0.2434, -0.2563, -0.2666, -0.2686, -0.2646, -0.261, -0.2642, -0.269, -0.2717, -0.275, -0.286, -0.2983, -0.301, -0.2808, -0.2452, -0.23, -0.2391, -0.2476, -0.2438, -0.2383, -0.243, -0.254, -0.2598, -0.2451, -0.2251, -0.218, -0.2275, -0.2397, -0.2385, -0.2273, -0.2219, -0.2257, -0.2312, -0.2318, -0.2365, -0.2385, -0.2416, -0.2406, -0.2388, -0.2465, -0.2598, -0.2776, -0.2886, -0.2915, -0.2944, -0.2954, -0.2937, -0.295, -0.296, -0.2988, -0.3, -0.3022, -0.3032, -0.3052, -0.2917, -0.2715, -0.2617, -0.2708, -0.2783, -0.2783, -0.2744, -0.269, -0.2686, -0.2734, -0.2808, -0.2817, -0.2793, -0.2793, -0.2812, -0.283, -0.2817, -0.2805, -0.2783, -0.278, -0.2798, -0.2852, -0.2861, -0.2534, -0.2029, -0.1881, -0.2028, -0.2208, -0.2325, -0.2323, -0.2317, -0.2317, -0.2335, -0.2421, -0.2457, -0.2457, -0.2456, -0.2455, -0.2483, -0.255, -0.2598, -0.261, -0.2603, -0.2605, -0.261, -0.2676, -0.268, -0.2737, -0.2805, -0.2886, -0.288, -0.2927, -0.3018, -0.3105, -0.318, -0.3198, -0.3096, -0.3032, -0.2988, -0.3047, -0.3079, -0.3105, -0.3062, -0.3015, -0.3018, -0.3071, -0.312, -0.312, -0.313, -0.3196, -0.3303, -0.3418, -0.3481, -0.3452, -0.3398, -0.338, -0.336, -0.336, -0.3325, -0.3394, -0.35, -0.3433, -0.3208, -0.31, -0.3145, -0.3145, -0.3071, -0.2974, -0.291, -0.2825, -0.273, -0.2754, -0.2832, -0.2915, -0.2954, -0.2886, -0.2603, -0.2349, -0.2323, -0.2517, -0.2725, -0.2822, -0.2793, -0.2756, -0.2825, -0.2896, -0.288, -0.2793, -0.2742, -0.274, -0.254, -0.2034, -0.1699, -0.1779, -0.1953, -0.2162, -0.2312, -0.2463
-0.2424, -0.2588, -0.2637, -0.2646, -0.2664, -0.2693, -0.2637, -0.2489, -0.2395, -0.2366, -0.2349, -0.2246, -0.21, -0.2019, -0.2024, -0.2042, -0.2058, -0.2109, -0.2183, -0.2134, -0.1938, -0.1858, -0.1929, -0.2079, -0.2173, -0.2214, -0.2168, -0.215, -0.2216, -0.2351, -0.2505, -0.2544, -0.2505, -0.2474, -0.2471, -0.2515, -0.2563, -0.2615, -0.2747, -0.2878, -0.2856, -0.2593, -0.2251, -0.2115, -0.2244, -0.2346, -0.2317, -0.2189, -0.215, -0.226, -0.2365, -0.2272, -0.2144, -0.2085, -0.2122, -0.2163, -0.2112, -0.2012, -0.1948, -0.1989, -0.2042, -0.2058, -0.2048, -0.2056, -0.2102, -0.2114, -0.2134, -0.2201, -0.2333, -0.2505, -0.2622, -0.268, -0.2725, -0.2744, -0.2705, -0.27, -0.2695, -0.272, -0.273, -0.273, -0.2747, -0.278, -0.2695, -0.25, -0.238, -0.2446, -0.2512, -0.253, -0.25, -0.2465, -0.2474, -0.2563, -0.2642, -0.2656, -0.2605, -0.2573, -0.2593, -0.266, -0.27, -0.2708, -0.2695, -0.2695, -0.2715, -0.2773, -0.2805, -0.2427, -0.1843, -0.1691, -0.1847, -0.1998, -0.2078, -0.2081, -0.2058, -0.2036, -0.2072, -0.2146, -0.2225, -0.223, -0.2188, -0.2133, -0.2126, -0.219, -0.2256, -0.2296, -0.2269, -0.2252, -0.2242, -0.2303, -0.2389, -0.2418, -0.25, -0.2527, -0.251, -0.2578, -0.2693, -0.2805, -0.2844, -0.2815, -0.2664, -0.2595, -0.2615, -0.27, -0.281, -0.2856, -0.2805, -0.2756, -0.2773, -0.2842, -0.2896, -0.2898, -0.293, -0.2969, -0.3057, -0.317, -0.3223, -0.3203, -0.316, -0.31, -0.3086, -0.308, -0.3052, -0.3115, -0.3208, -0.31, -0.2847, -0.2756, -0.2817, -0.284, -0.2817, -0.2793, -0.2798, -0.2683, -0.2493, -0.247, -0.2598, -0.2727, -0.2805, -0.276, -0.2429, -0.2041, -0.2012, -0.2212, -0.2429, -0.2563, -0.2612, -0.2607, -0.2659, -0.2744, -0.2742, -0.2683, -0.2646, -0.2664, -0.2524, -0.1968, -0.1467, -0.1487, -0.1667, -0.1868, -0.2051, -0.222
-0.2119, -0.2314, -0.2396, -0.2416, -0.2405, -0.237, -0.2296, -0.217, -0.21, -0.2169, -0.2166, -0.206, -0.1924, -0.1836, -0.1833, -0.1857, -0.1892, -0.1953, -0.2013, -0.1897, -0.1625, -0.1483, -0.1565, -0.1766, -0.187, -0.1887, -0.1882, -0.1892, -0.2021, -0.2144, -0.2267, -0.2297, -0.2312, -0.2329, -0.2344, -0.2383, -0.2429, -0.249, -0.2622, -0.2744, -0.27, -0.2454, -0.2158, -0.2069, -0.221, -0.2336, -0.2279, -0.1976, -0.1791, -0.1847, -0.1993, -0.203, -0.2002, -0.1968, -0.1934, -0.19, -0.1854, -0.1814, -0.1813, -0.1829, -0.1796, -0.1707, -0.168, -0.1731, -0.1855, -0.1915, -0.1976, -0.2042, -0.2147, -0.2263, -0.2329, -0.2388, -0.245, -0.2515, -0.251, -0.25, -0.2517, -0.252, -0.2527, -0.2515, -0.2559, -0.2622, -0.2563, -0.2378, -0.2205, -0.224, -0.2335, -0.2354, -0.2358, -0.2349, -0.2356, -0.243, -0.2517, -0.2559, -0.2473, -0.238, -0.2408, -0.254, -0.2637, -0.2646, -0.2607, -0.26, -0.2612, -0.2695, -0.2778, -0.2429, -0.1772, -0.1536, -0.1704, -0.1812, -0.1857, -0.1858, -0.187, -0.1887, -0.1885, -0.1865, -0.193, -0.198, -0.1904, -0.1774, -0.1741, -0.1763, -0.1893, -0.1926, -0.186, -0.1846, -0.1854, -0.1908, -0.1975, -0.2053, -0.208, -0.2136, -0.2162, -0.2236, -0.2347, -0.2429, -0.2471, -0.2426, -0.2291, -0.2222, -0.2291, -0.2369, -0.25, -0.2559, -0.2544, -0.2515, -0.253, -0.2605, -0.2666, -0.2676, -0.27, -0.273, -0.2783, -0.2864, -0.289, -0.2922, -0.2905, -0.2856, -0.283, -0.282, -0.2783, -0.2842, -0.292, -0.2783, -0.2507, -0.2446, -0.258, -0.2646, -0.2644, -0.2676, -0.273, -0.2603, -0.2329, -0.2242, -0.2375, -0.2559, -0.268, -0.266, -0.2314, -0.1897, -0.1841, -0.2, -0.218, -0.2338, -0.2423, -0.2424, -0.2489, -0.2568, -0.2573, -0.253, -0.251, -0.2559, -0.251, -0.1992, -0.1343, -0.11896, -0.1377, -0.1598, -0.1776, -0.1938
-0.1821, -0.2031, -0.2153, -0.2169, -0.21, -0.2009, -0.1919, -0.186, -0.1858, -0.1953, -0.1982, -0.1855, -0.1692, -0.1628, -0.1658, -0.1725, -0.1782, -0.1809, -0.1823, -0.1641, -0.1257, -0.1043, -0.1141, -0.1335, -0.1525, -0.1584, -0.1624, -0.1688, -0.1814, -0.1946, -0.2009, -0.2039, -0.2107, -0.2196, -0.2256, -0.2279, -0.2303, -0.2341, -0.2454, -0.2593, -0.2563, -0.2379, -0.2183, -0.2151, -0.2295, -0.2432, -0.2294, -0.1783, -0.1442, -0.1527, -0.1681, -0.1818, -0.1884, -0.186, -0.177, -0.1653, -0.1616, -0.1636, -0.1727, -0.1768, -0.1609, -0.1321, -0.125, -0.14, -0.1583, -0.1713, -0.1831, -0.189, -0.1968, -0.2032, -0.2048, -0.211, -0.2229, -0.2322, -0.2339, -0.237, -0.239, -0.2393, -0.2402, -0.2393, -0.2451, -0.254, -0.252, -0.2312, -0.2048, -0.2017, -0.2129, -0.2224, -0.2285, -0.2311, -0.2329, -0.2361, -0.2458, -0.2524, -0.2432, -0.2302, -0.2302, -0.2456, -0.2585, -0.2568, -0.2458, -0.2402, -0.2438, -0.2583, -0.272, -0.246, -0.1799, -0.1472, -0.1584, -0.1707, -0.174, -0.1757, -0.1824, -0.1892, -0.1787, -0.1593, -0.1543, -0.1619, -0.1584, -0.1433, -0.1344, -0.1383, -0.154, -0.1532, -0.1411, -0.1381, -0.1434, -0.1531, -0.1588, -0.1681, -0.1746, -0.1816, -0.1879, -0.1962, -0.2036, -0.2058, -0.2065, -0.1985, -0.1909, -0.191, -0.1996, -0.2078, -0.2207, -0.2273, -0.2256, -0.22, -0.2224, -0.2312, -0.2391, -0.2423, -0.2487, -0.252, -0.2578, -0.2646, -0.27, -0.274, -0.2744, -0.271, -0.266, -0.2632, -0.2603, -0.265, -0.2725, -0.2563, -0.2263, -0.2224, -0.2406, -0.252, -0.255, -0.2598, -0.266, -0.2524, -0.219, -0.2014, -0.215, -0.2317, -0.2485, -0.2534, -0.2268, -0.1875, -0.1792, -0.1938, -0.2078, -0.2166, -0.2201, -0.2224, -0.23, -0.2378, -0.2366, -0.2314, -0.2286, -0.2358, -0.2418, -0.2014, -0.1309, -0.09674, -0.10864, -0.1313, -0.149, -0.1643
-0.1528, -0.1747, -0.19, -0.1932, -0.1814, -0.167, -0.1619, -0.1636, -0.1743, -0.1868, -0.1907, -0.1731, -0.1434, -0.1333, -0.1448, -0.154, -0.166, -0.1729, -0.1661, -0.1335, -0.08453, -0.06085, -0.0704, -0.0883, -0.1105, -0.1263, -0.1362, -0.1455, -0.1602, -0.1707, -0.1757, -0.1813, -0.1901, -0.2062, -0.2157, -0.22, -0.2183, -0.2181, -0.2263, -0.2363, -0.2395, -0.23, -0.221, -0.2239, -0.2389, -0.2534, -0.2356, -0.1731, -0.13, -0.1362, -0.1555, -0.1753, -0.1868, -0.1826, -0.1658, -0.1472, -0.1417, -0.1505, -0.1665, -0.1743, -0.146, -0.0966, -0.0837, -0.10583, -0.126, -0.1434, -0.1624, -0.1703, -0.174, -0.1764, -0.1761, -0.1859, -0.2031, -0.2153, -0.2207, -0.2231, -0.2228, -0.2249, -0.231, -0.2322, -0.2383, -0.248, -0.25, -0.2263, -0.197, -0.187, -0.2014, -0.2161, -0.2273, -0.2317, -0.2332, -0.234, -0.2432, -0.2515, -0.2415, -0.2236, -0.22, -0.2322, -0.2455, -0.239, -0.2236, -0.2156, -0.2224, -0.2402, -0.2588, -0.2443, -0.1868, -0.1488, -0.1587, -0.169, -0.1721, -0.1758, -0.1895, -0.1968, -0.1711, -0.1284, -0.1146, -0.1256, -0.1267, -0.1128, -0.10516, -0.11285, -0.1261, -0.1212, -0.10187, -0.09155, -0.0995, -0.1127, -0.125, -0.136, -0.146, -0.1581, -0.1605, -0.1658, -0.171, -0.1759, -0.1733, -0.1641, -0.1544, -0.1554, -0.1641, -0.1759, -0.1917, -0.1958, -0.1951, -0.1914, -0.193, -0.2028, -0.2141, -0.2241, -0.2356, -0.2424, -0.2496, -0.2563, -0.2642, -0.2686, -0.2651, -0.2605, -0.255, -0.2524, -0.2515, -0.2593, -0.2676, -0.2473, -0.2124, -0.2064, -0.2256, -0.2408, -0.2478, -0.2554, -0.2617, -0.2473, -0.2097, -0.1832, -0.189, -0.2015, -0.2189, -0.23, -0.2222, -0.1981, -0.1941, -0.1992, -0.2007, -0.1985, -0.1981, -0.2046, -0.217, -0.2264, -0.225, -0.2092, -0.1948, -0.2012, -0.2166, -0.1931, -0.1309, -0.07983, -0.06995, -0.08777, -0.1104, -0.1316
-0.1277, -0.1531, -0.1709, -0.1738, -0.1636, -0.1516, -0.1499, -0.1584, -0.174, -0.1909, -0.1982, -0.1736, -0.127, -0.1033, -0.1165, -0.1337, -0.1522, -0.1641, -0.1476, -0.09265, -0.04312, -0.02818, -0.03198, -0.04523, -0.0646, -0.08167, -0.09644, -0.11163, -0.1289, -0.1399, -0.1478, -0.1572, -0.1702, -0.1864, -0.1997, -0.2035, -0.2013, -0.1971, -0.1995, -0.2078, -0.2152, -0.2141, -0.2119, -0.2183, -0.2327, -0.248, -0.2316, -0.1721, -0.1338, -0.1384, -0.157, -0.1768, -0.1907, -0.1858, -0.161, -0.1375, -0.1327, -0.144, -0.1619, -0.1715, -0.1342, -0.06824, -0.0438, -0.0652, -0.08527, -0.10596, -0.1274, -0.1365, -0.1375, -0.1382, -0.1401, -0.1558, -0.174, -0.1909, -0.2014, -0.2047, -0.2048, -0.209, -0.2158, -0.2224, -0.2285, -0.2388, -0.2385, -0.2217, -0.1934, -0.1831, -0.1958, -0.2146, -0.228, -0.2336, -0.2339, -0.2336, -0.242, -0.251, -0.2388, -0.2124, -0.2007, -0.2089, -0.2185, -0.2168, -0.2036, -0.1956, -0.2048, -0.2246, -0.2443, -0.2383, -0.188, -0.1497, -0.1572, -0.1687, -0.1716, -0.1772, -0.1914, -0.1992, -0.1643, -0.09906, -0.0768, -0.0906, -0.0984, -0.09186, -0.0848, -0.09436, -0.10596, -0.09814, -0.0678, -0.0497, -0.05798, -0.07135, -0.0871, -0.10333, -0.11914, -0.1311, -0.1329, -0.1329, -0.1349, -0.1409, -0.1454, -0.1372, -0.125, -0.1214, -0.1263, -0.1388, -0.155, -0.1628, -0.1646, -0.1632, -0.1637, -0.1769, -0.1913, -0.2073, -0.2231, -0.2336, -0.2385, -0.2427, -0.25, -0.2524, -0.2515, -0.2477, -0.2458, -0.2443, -0.2461, -0.2568, -0.267, -0.2468, -0.2067, -0.1931, -0.21, -0.2285, -0.2417, -0.2515, -0.2554, -0.2439, -0.2056, -0.1641, -0.1564, -0.1667, -0.1869, -0.2054, -0.2117, -0.2103, -0.2092, -0.2064, -0.1936, -0.1833, -0.1816, -0.1931, -0.2095, -0.2206, -0.2144, -0.1854, -0.1565, -0.1589, -0.1797, -0.1758, -0.1289, -0.0659, -0.03897, -0.0518, -0.07574, -0.10345
-0.1061, -0.1288, -0.1469, -0.1533, -0.1509, -0.147, -0.1497, -0.1597, -0.1748, -0.1938, -0.2046, -0.1807, -0.1279, -0.0966, -0.1028, -0.12195, -0.1427, -0.1565, -0.1283, -0.05667, -0.01013, -0.003635, -0.003357, -0.007996, -0.01921, -0.03516, -0.05386, -0.07324, -0.09406, -0.1084, -0.1216, -0.1362, -0.1511, -0.1664, -0.1788, -0.185, -0.1804, -0.1755, -0.1764, -0.1824, -0.1873, -0.189, -0.1898, -0.1967, -0.208, -0.224, -0.2178, -0.18, -0.1512, -0.1523, -0.1667, -0.1846, -0.198, -0.1917, -0.1611, -0.1317, -0.1292, -0.1421, -0.158, -0.1649, -0.1219, -0.04428, -0.01113, -0.02585, -0.04944, -0.06885, -0.0865, -0.0937, -0.09064, -0.09454, -0.1045, -0.12164, -0.1416, -0.1597, -0.1738, -0.1802, -0.184, -0.1884, -0.1927, -0.2006, -0.2084, -0.2142, -0.2183, -0.2107, -0.1877, -0.1772, -0.1849, -0.2043, -0.2212, -0.2285, -0.2312, -0.2324, -0.2424, -0.251, -0.2325, -0.192, -0.1713, -0.1791, -0.1913, -0.1942, -0.1895, -0.1882, -0.1995, -0.2192, -0.2375, -0.2334, -0.1837, -0.1448, -0.1519, -0.1641, -0.1682, -0.1714, -0.1808, -0.1874, -0.1481, -0.07007, -0.045, -0.0636, -0.0733, -0.07574, -0.0731, -0.0814, -0.0934, -0.0779, -0.0369, -0.00885, -0.02074, -0.0358, -0.0549, -0.0728, -0.08844, -0.1028, -0.10187, -0.0971, -0.0954, -0.10376, -0.1091, -0.10364, -0.0945, -0.0868, -0.0866, -0.09534, -0.1132, -0.125, -0.1344, -0.1362, -0.14, -0.1547, -0.1669, -0.1797, -0.2007, -0.2103, -0.2123, -0.2152, -0.2214, -0.2236, -0.2239, -0.2257, -0.2278, -0.2329, -0.2405, -0.2563, -0.2676, -0.251, -0.2083, -0.1833, -0.1885, -0.2064, -0.2247, -0.2355, -0.2397, -0.2365, -0.2046, -0.1528, -0.1231, -0.1285, -0.151, -0.172, -0.1907, -0.2048, -0.2115, -0.2032, -0.1815, -0.165, -0.168, -0.1852, -0.2019, -0.2119, -0.1997, -0.1587, -0.125, -0.12494, -0.1368, -0.1421, -0.10785, -0.04654, -0.01042, -0.02345, -0.04913, -0.07874
-0.0758, -0.0984, -0.12054, -0.128, -0.1312, -0.1306, -0.1338, -0.1445, -0.1588, -0.1758, -0.1935, -0.1818, -0.1396, -0.10846, -0.1055, -0.1195, -0.1372, -0.1484, -0.1108, -0.034, 0.010056, 0.01505, 0.01987, 0.02774, 0.02669, 0.01106, -0.00962, -0.0305, -0.05365, -0.0761, -0.0939, -0.113, -0.1292, -0.1443, -0.1577, -0.1614, -0.161, -0.1602, -0.1624, -0.1627, -0.1595, -0.1575, -0.1589, -0.1667, -0.1724, -0.1846, -0.187, -0.1748, -0.1631, -0.1636, -0.1719, -0.187, -0.199, -0.1936, -0.1599, -0.1265, -0.1228, -0.1387, -0.1531, -0.1543, -0.10846, -0.02754, 0.01153, -0.0003676, -0.02097, -0.03836, -0.05493, -0.05563, -0.04346, -0.04764, -0.06616, -0.08777, -0.10675, -0.1181, -0.1377, -0.1475, -0.1552, -0.1588, -0.1622, -0.1694, -0.177, -0.1813, -0.1887, -0.1875, -0.1746, -0.1646, -0.1686, -0.1797, -0.1959, -0.2094, -0.217, -0.2274, -0.242, -0.2505, -0.2203, -0.1624, -0.1394, -0.1533, -0.1665, -0.1746, -0.1792, -0.1868, -0.199, -0.2183, -0.2366, -0.2305, -0.1782, -0.1392, -0.1462, -0.1604, -0.1652, -0.1638, -0.1665, -0.1644, -0.1233, -0.04285, -0.01473, -0.03793, -0.05505, -0.063, -0.06537, -0.07715, -0.08514, -0.06113, -0.00522, 0.02972, 0.01689, -0.003849, -0.02113, -0.0419, -0.06238, -0.0728, -0.071, -0.06097, -0.05643, -0.0625, -0.07074, -0.0706, -0.06586, -0.05832, -0.05322, -0.05707, -0.0728, -0.08514, -0.1, -0.1072, -0.1133, -0.1272, -0.1361, -0.1472, -0.1633, -0.1769, -0.1826, -0.1875, -0.1914, -0.1937, -0.1945, -0.198, -0.2031, -0.2157, -0.231, -0.2479, -0.2583, -0.2482, -0.2114, -0.177, -0.167, -0.1746, -0.191, -0.2075, -0.217, -0.2239, -0.2047, -0.1514, -0.1, -0.0894, -0.1095, -0.133, -0.158, -0.1809, -0.1936, -0.1885, -0.1658, -0.1436, -0.1501, -0.1672, -0.1829, -0.1951, -0.1774, -0.1387, -0.1086, -0.1044, -0.1109, -0.11584, -0.08923, -0.02423, 0.01595, 0.007626, -0.01868, -0.04767
-0.04297, -0.0676, -0.0924, -0.1017, -0.10376, -0.1035, -0.10767, -0.11865, -0.1306, -0.1473, -0.1649, -0.1711, -0.1528, -0.1289, -0.1193, -0.1255, -0.1409, -0.1482, -0.10596, -0.02689, 0.01248, 0.01804, 0.03262, 0.0576, 0.068, 0.05316, 0.02866, 0.00812, -0.01778, -0.0435, -0.06525, -0.0849, -0.10144, -0.1153, -0.1301, -0.1383, -0.1431, -0.1462, -0.1477, -0.1455, -0.1345, -0.12244, -0.1181, -0.1295, -0.1362, -0.1439, -0.148, -0.15, -0.1554, -0.16, -0.1665, -0.1794, -0.1932, -0.1938, -0.1611, -0.12286, -0.11633, -0.1316, -0.1455, -0.1414, -0.09143, -0.01163, 0.03204, 0.02623, 0.004475, -0.014725, -0.03052, -0.02402, -0.002863, -0.004566, -0.02628, -0.04742, -0.063, -0.07446, -0.0925, -0.10706, -0.1188, -0.125, -0.1309, -0.1376, -0.1458, -0.1558, -0.16, -0.1608, -0.1523, -0.1443, -0.1418, -0.1493, -0.1627, -0.1783, -0.1953, -0.2131, -0.2297, -0.2382, -0.2002, -0.1337, -0.11053, -0.125, -0.1421, -0.158, -0.1711, -0.1855, -0.2009, -0.2188, -0.2363, -0.227, -0.1741, -0.1407, -0.1489, -0.1658, -0.1719, -0.1646, -0.1532, -0.1415, -0.0942, -0.01718, 0.01111, -0.013626, -0.03687, -0.04962, -0.059, -0.0707, -0.074, -0.04025, 0.03125, 0.0665, 0.0519, 0.03198, 0.01007, -0.00811, -0.0276, -0.0399, -0.03708, -0.02357, -0.01322, -0.01674, -0.02917, -0.03775, -0.03915, -0.03577, -0.02734, -0.02571, -0.03253, -0.04443, -0.06076, -0.07623, -0.08405, -0.0907, -0.0954, -0.1055, -0.1228, -0.1385, -0.1558, -0.1624, -0.1625, -0.1627, -0.1646, -0.1694, -0.1787, -0.1952, -0.2112, -0.227, -0.2383, -0.237, -0.2158, -0.1742, -0.1438, -0.1399, -0.1566, -0.177, -0.1953, -0.2086, -0.2043, -0.1545, -0.0839, -0.05286, -0.0625, -0.0879, -0.11523, -0.1393, -0.1539, -0.161, -0.1443, -0.12085, -0.11725, -0.1366, -0.1522, -0.1653, -0.1558, -0.128, -0.11035, -0.1103, -0.1158, -0.121, -0.0906, -0.01767, 0.034, 0.03424, 0.01081, -0.01569
-0.013176, -0.03766, -0.06396, -0.0742, -0.07697, -0.0742, -0.0778, -0.08746, -0.10144, -0.1178, -0.1366, -0.1512, -0.1545, -0.1418, -0.134, -0.1362, -0.1467, -0.1508, -0.10834, -0.03314, 0.00056, 0.006973, 0.03497, 0.0806, 0.09875, 0.07935, 0.0585, 0.03577, 0.0135, -0.00798, -0.02989, -0.04926, -0.07007, -0.08575, -0.1037, -0.11206, -0.1196, -0.1223, -0.1196, -0.1177, -0.107, -0.09143, -0.08527, -0.09106, -0.0986, -0.10516, -0.11017, -0.11707, -0.131, -0.1447, -0.153, -0.1641, -0.1816, -0.1887, -0.1638, -0.1262, -0.1139, -0.125, -0.1389, -0.1294, -0.07947, -0.0008364, 0.0472, 0.04208, 0.0241, 0.006077, -0.00818, 0.004013, 0.03125, 0.03607, 0.015236, -0.007607, -0.02109, -0.03027, -0.04172, -0.0625, -0.0797, -0.0884, -0.09717, -0.106, -0.1182, -0.1307, -0.1349, -0.1274, -0.11346, -0.10516, -0.10095, -0.1098, -0.1216, -0.1405, -0.1606, -0.1829, -0.2031, -0.2113, -0.1725, -0.1137, -0.0957, -0.10944, -0.1284, -0.148, -0.167, -0.185, -0.2043, -0.2227, -0.2352, -0.2194, -0.1747, -0.1533, -0.1664, -0.181, -0.1902, -0.1783, -0.149, -0.12335, -0.0733, 0.005833, 0.03546, 0.01051, -0.01163, -0.03122, -0.0475, -0.05865, -0.06076, -0.01918, 0.058, 0.09515, 0.08307, 0.0625, 0.04144, 0.02135, 0.000535, -0.009415, -0.003447, 0.01368, 0.02672, 0.0243, 0.00991, -0.004158, -0.01406, -0.014175, -0.001658, 0.012955, 0.01266, 0.001771, -0.01563, -0.03394, -0.04648, -0.05185, -0.05252, -0.06323, -0.07855, -0.09515, -0.11694, -0.1318, -0.1361, -0.1414, -0.1445, -0.1484, -0.1584, -0.172, -0.1847, -0.2008, -0.2126, -0.2229, -0.2156, -0.1742, -0.1292, -0.1219, -0.138, -0.1587, -0.179, -0.1963, -0.2, -0.1543, -0.0702, -0.02055, -0.01892, -0.03903, -0.0628, -0.08765, -0.11395, -0.1285, -0.1233, -0.1035, -0.09735, -0.1057, -0.1251, -0.1368, -0.1371, -0.1282, -0.1235, -0.1304, -0.1394, -0.1449, -0.1047, -0.02667, 0.03726, 0.05838, 0.0425, 0.01701
0.02013, -0.004093, -0.03049, -0.04633, -0.04855, -0.04333, -0.04352, -0.0519, -0.06885, -0.08856, -0.10706, -0.1296, -0.1403, -0.1431, -0.1431, -0.1458, -0.1514, -0.1514, -0.1185, -0.0625, -0.03012, -0.01364, 0.03317, 0.10095, 0.127, 0.10913, 0.08765, 0.0665, 0.04608, 0.02834, 0.00825, -0.01268, -0.03412, -0.0538, -0.07263, -0.0759, -0.0846, -0.0892, -0.08057, -0.0738, -0.0713, -0.0625, -0.0598, -0.05936, -0.05865, -0.06094, -0.06995, -0.0842, -0.1029, -0.11865, -0.1307, -0.1448, -0.1652, -0.1755, -0.1626, -0.1348, -0.12384, -0.1322, -0.1436, -0.1265, -0.07214, 0.004604, 0.05328, 0.05176, 0.0342, 0.015366, 0.005116, 0.02705, 0.0653, 0.07587, 0.0566, 0.0324, 0.0173, 0.01065, 0.000301, -0.01563, -0.0359, -0.04916, -0.06256, -0.0762, -0.0886, -0.1003, -0.1066, -0.08844, -0.0649, -0.0515, -0.05252, -0.0625, -0.07965, -0.10034, -0.1263, -0.1528, -0.1747, -0.1846, -0.1544, -0.11066, -0.10034, -0.1133, -0.131, -0.1501, -0.1702, -0.189, -0.209, -0.2256, -0.2305, -0.2102, -0.1759, -0.166, -0.181, -0.2007, -0.2114, -0.1987, -0.1562, -0.1139, -0.0552, 0.02858, 0.05948, 0.03754, 0.01389, -0.00855, -0.02753, -0.0452, -0.05057, -0.00821, 0.0691, 0.1097, 0.1015, 0.08234, 0.0625, 0.04434, 0.02464, 0.014885, 0.02127, 0.03976, 0.05237, 0.05, 0.0369, 0.01785, 0.001438, -0.001659, 0.02365, 0.0544, 0.05786, 0.0422, 0.02734, 0.00809, -0.00597, -0.01299, -0.012436, -0.02234, -0.0343, -0.0469, -0.06726, -0.0855, -0.10126, -0.1187, -0.1266, -0.128, -0.1365, -0.1473, -0.1588, -0.1748, -0.1909, -0.2073, -0.21, -0.1758, -0.1272, -0.11523, -0.1313, -0.1504, -0.1694, -0.1881, -0.1946, -0.1505, -0.0648, 0.002443, 0.0216, 0.00789, -0.01563, -0.0406, -0.0671, -0.0941, -0.0984, -0.0888, -0.07947, -0.0836, -0.099, -0.1145, -0.1227, -0.13, -0.1383, -0.1487, -0.1613, -0.166, -0.125, -0.04874, 0.02478, 0.0694, 0.069, 0.0467
0.04742, 0.01894, -0.002241, -0.01826, -0.02155, -0.01604, -0.0124, -0.01724, -0.03125, -0.05124, -0.0703, -0.0918, -0.1131, -0.1251, -0.138, -0.1475, -0.1523, -0.1525, -0.1323, -0.0958, -0.06976, -0.03494, 0.03577, 0.1153, 0.1482, 0.135, 0.1164, 0.0949, 0.0739, 0.0585, 0.04544, 0.02507, 0.00561, -0.01214, -0.03296, -0.04, -0.04907, -0.05362, -0.0451, -0.0349, -0.03186, -0.03204, -0.03378, -0.02957, -0.01675, -0.014366, -0.02304, -0.04062, -0.0626, -0.085, -0.0987, -0.1147, -0.1311, -0.1469, -0.1488, -0.1365, -0.1313, -0.1406, -0.1512, -0.1348, -0.0792, -0.002148, 0.04782, 0.05087, 0.0331, 0.01382, 0.005177, 0.0376, 0.09595, 0.11725, 0.0999, 0.078, 0.05737, 0.04657, 0.03308, 0.01971, 0.004646, -0.01212, -0.0274, -0.03958, -0.0507, -0.0673, -0.071, -0.04904, -0.02386, -0.01318, -0.01782, -0.03564, -0.0544, -0.07837, -0.1036, -0.1282, -0.1492, -0.1595, -0.1439, -0.1192, -0.1146, -0.1262, -0.1421, -0.1587, -0.1774, -0.1969, -0.2161, -0.2292, -0.227, -0.2041, -0.1782, -0.174, -0.1897, -0.2075, -0.2225, -0.2196, -0.1737, -0.11285, -0.04483, 0.04016, 0.0737, 0.0538, 0.03085, 0.00679, -0.01475, -0.0324, -0.04318, -0.00966, 0.06122, 0.11017, 0.1137, 0.096, 0.0772, 0.05637, 0.03705, 0.0286, 0.034, 0.047, 0.0547, 0.0519, 0.0389, 0.02107, 0.003494, 0.005497, 0.04678, 0.09174, 0.0998, 0.08234, 0.0664, 0.04785, 0.0346, 0.02939, 0.02608, 0.01811, 0.0092, -0.00358, -0.01563, -0.03418, -0.05206, -0.07587, -0.0874, -0.09265, -0.10315, -0.1183, -0.1342, -0.1526, -0.1691, -0.1835, -0.1918, -0.1667, -0.1202, -0.1065, -0.1212, -0.1389, -0.1577, -0.1725, -0.1766, -0.138, -0.05957, 0.0166, 0.05377, 0.04663, 0.02327, -0.00162, -0.02512, -0.05106, -0.06915, -0.07245, -0.073, -0.0766, -0.0888, -0.10156, -0.1128, -0.1265, -0.1423, -0.1565, -0.1697, -0.1733, -0.1362, -0.0671, 0.006176, 0.0646, 0.0858, 0.0723
0.07983, 0.05554, 0.02939, 0.00837, 0.004612, 0.00813, 0.01367, 0.00877, -0.003567, -0.01994, -0.0387, -0.0581, -0.08234, -0.1037, -0.12146, -0.1362, -0.1443, -0.1462, -0.1405, -0.1236, -0.1003, -0.0528, 0.02878, 0.1104, 0.1506, 0.1436, 0.127, 0.1085, 0.0913, 0.0796, 0.0738, 0.0641, 0.05032, 0.0349, 0.01491, 0.001014, -0.0169, -0.02264, -0.01188, 0.001755, 0.00753, 0.001834, -0.00842, 0.0002027, 0.0246, 0.0327, 0.02126, 0.0002027, -0.02112, -0.04077, -0.05896, -0.0786, -0.095, -0.11163, -0.11896, -0.12195, -0.127, -0.1427, -0.1565, -0.1494, -0.0986, -0.02325, 0.03522, 0.04803, 0.03076, 0.01157, 0.002052, 0.04147, 0.1164, 0.1527, 0.1425, 0.12006, 0.098, 0.08374, 0.06665, 0.0499, 0.0318, 0.01743, 0.004288, -0.00493, -0.01242, -0.02716, -0.03192, -0.01631, -0.00058, 0.004868, -0.004295, -0.02228, -0.0421, -0.0639, -0.08765, -0.11017, -0.1292, -0.1399, -0.1384, -0.1299, -0.1295, -0.1394, -0.1519, -0.1649, -0.181, -0.1979, -0.2161, -0.227, -0.2224, -0.2007, -0.1777, -0.1755, -0.1904, -0.209, -0.2273, -0.2319, -0.1927, -0.1212, -0.04752, 0.03436, 0.0715, 0.05972, 0.04166, 0.02081, 0.00106, -0.01855, -0.03558, -0.02065, 0.03574, 0.0988, 0.11926, 0.10516, 0.0865, 0.0647, 0.04572, 0.03772, 0.03653, 0.038, 0.04047, 0.03876, 0.02567, 0.00741, -0.00774, 0.007126, 0.0675, 0.11633, 0.1218, 0.1061, 0.0878, 0.0725, 0.0664, 0.0678, 0.0698, 0.05942, 0.04608, 0.03778, 0.02911, 0.015366, -0.002497, -0.01799, -0.03525, -0.04486, -0.06125, -0.0758, -0.09296, -0.1136, -0.1333, -0.1477, -0.1552, -0.1326, -0.0947, -0.08105, -0.0952, -0.1052, -0.1178, -0.1293, -0.1342, -0.10944, -0.05103, 0.02087, 0.06976, 0.07166, 0.0512, 0.02864, 0.001721, -0.02132, -0.04514, -0.05823, -0.0697, -0.07666, -0.08484, -0.0945, -0.1046, -0.11664, -0.1306, -0.1472, -0.1619, -0.1641, -0.137, -0.08765, -0.02376, 0.04926, 0.0963, 0.1007
0.11804, 0.09216, 0.06696, 0.04712, 0.03482, 0.03125, 0.03125, 0.02652, 0.01504, -0.002714, -0.02089, -0.04, -0.0608, -0.08124, -0.0992, -0.1157, -0.1256, -0.1315, -0.1365, -0.1316, -0.11633, -0.0676, 0.01438, 0.09625, 0.1384, 0.1313, 0.11316, 0.0934, 0.0812, 0.08167, 0.0901, 0.0944, 0.08795, 0.0746, 0.05917, 0.03925, 0.022, 0.01212, 0.01962, 0.03488, 0.04123, 0.02888, 0.01518, 0.02435, 0.05728, 0.071, 0.05713, 0.038, 0.01843, -0.001904, -0.02025, -0.0402, -0.0585, -0.07446, -0.086, -0.0966, -0.1111, -0.1288, -0.1492, -0.1534, -0.117, -0.04813, 0.02267, 0.04654, 0.02853, 0.009254, -0.002522, 0.04083, 0.126, 0.1719, 0.1711, 0.1554, 0.134, 0.11414, 0.09454, 0.07605, 0.05963, 0.04306, 0.03079, 0.02678, 0.02446, 0.01723, 0.01004, 0.01113, 0.01476, 0.013145, 0.003906, -0.0132, -0.03165, -0.05084, -0.07196, -0.09064, -0.1098, -0.125, -0.1292, -0.1328, -0.1381, -0.1475, -0.158, -0.168, -0.1812, -0.1926, -0.2051, -0.2129, -0.2085, -0.1923, -0.1742, -0.1711, -0.1826, -0.2023, -0.2214, -0.2322, -0.2018, -0.1364, -0.0641, 0.01447, 0.05545, 0.0552, 0.0474, 0.03595, 0.01487, -0.00726, -0.02573, -0.02304, 0.01997, 0.0849, 0.1227, 0.11664, 0.0973, 0.0757, 0.0559, 0.04364, 0.03207, 0.02463, 0.01978, 0.01646, 0.00768, -0.00994, -0.0216, 0.009865, 0.08057, 0.126, 0.12256, 0.10547, 0.0881, 0.0745, 0.0781, 0.0971, 0.10486, 0.0925, 0.0796, 0.07214, 0.06775, 0.05853, 0.04404, 0.02861, 0.01236, 0.003044, -0.007435, -0.02464, -0.0388, -0.0609, -0.08093, -0.09674, -0.1026, -0.0833, -0.0508, -0.03876, -0.04578, -0.05478, -0.05884, -0.0691, -0.07764, -0.0733, -0.0399, 0.0171, 0.06726, 0.0796, 0.06396, 0.04218, 0.0199, -0.004242, -0.02606, -0.04773, -0.0664, -0.0781, -0.08496, -0.0902, -0.09436, -0.1002, -0.1123, -0.1304, -0.146, -0.1482, -0.1299, -0.10156, -0.0481, 0.03125, 0.0984, 0.1305
0.1487, 0.1256, 0.10144, 0.0803, 0.05954, 0.04776, 0.03873, 0.0292, 0.01913, 0.006184, -0.00854, -0.02577, -0.0457, -0.065, -0.07947, -0.0905, -0.098, -0.10297, -0.11273, -0.11676, -0.1082, -0.06683, 0.00875, 0.0883, 0.1252, 0.11334, 0.0925, 0.07166, 0.0625, 0.07025, 0.08716, 0.10205, 0.1093, 0.107, 0.0949, 0.0766, 0.0551, 0.04575, 0.05106, 0.06116, 0.0653, 0.0527, 0.0356, 0.04398, 0.0784, 0.0949, 0.08307, 0.0656, 0.04605, 0.02914, 0.0098, -0.00791, -0.02176, -0.0331, -0.04642, -0.0625, -0.08167, -0.1054, -0.1266, -0.1417, -0.1277, -0.0701, 0.013306, 0.04395, 0.02405, 0.00522, -0.007767, 0.0314, 0.1173, 0.1682, 0.1743, 0.166, 0.1499, 0.1311, 0.1111, 0.0924, 0.07434, 0.06076, 0.05716, 0.06274, 0.0645, 0.05652, 0.04782, 0.03857, 0.02892, 0.02428, 0.01648, 0.002163, -0.014946, -0.0334, -0.0515, -0.0704, -0.0867, -0.10425, -0.11285, -0.12445, -0.1326, -0.1426, -0.1506, -0.158, -0.1678, -0.174, -0.1782, -0.1838, -0.1844, -0.1781, -0.1694, -0.166, -0.1726, -0.1868, -0.2037, -0.2156, -0.2008, -0.1473, -0.0861, -0.01437, 0.03137, 0.04453, 0.04898, 0.0444, 0.02576, 0.004257, -0.01119, -0.01555, 0.009674, 0.0693, 0.11395, 0.1155, 0.101, 0.07935, 0.0609, 0.04706, 0.02917, 0.01292, 0.001697, -0.002544, -0.01043, -0.0231, -0.02434, 0.01938, 0.09064, 0.11993, 0.1084, 0.08813, 0.06805, 0.05566, 0.07245, 0.11206, 0.1289, 0.11584, 0.1036, 0.1001, 0.1013, 0.09937, 0.08374, 0.0714, 0.05618, 0.04858, 0.0409, 0.02678, 0.011, -0.00792, -0.02634, -0.03946, -0.0464, -0.02953, -0.002613, 0.011955, 0.009476, 0.00312, 0.0005264, -0.00982, -0.02283, -0.02943, -0.01761, 0.01764, 0.06073, 0.0771, 0.06836, 0.05035, 0.02951, 0.007904, -0.011406, -0.03326, -0.05417, -0.07025, -0.076, -0.0751, -0.07574, -0.077, -0.08563, -0.1033, -0.11743, -0.12164, -0.1094, -0.09644, -0.05676, 0.012245, 0.09155, 0.1481
0.162, 0.1458, 0.12286, 0.1006, 0.0794, 0.06107, 0.04483, 0.03052, 0.02231, 0.01593, 0.006954, -0.007072, -0.02693, -0.04395, -0.05362, -0.06158, -0.0673, -0.06946, -0.07245, -0.07837, -0.0784, -0.05618, 0.00525, 0.0805, 0.1086, 0.0953, 0.075, 0.05637, 0.05026, 0.05698, 0.0694, 0.0867, 0.1079, 0.12317, 0.11865, 0.09955, 0.0815, 0.07605, 0.0822, 0.0881, 0.08716, 0.0716, 0.05667, 0.0653, 0.09796, 0.11414, 0.10205, 0.08215, 0.06586, 0.05484, 0.04007, 0.02411, 0.01005, 0.006737, -0.001055, -0.01563, -0.0399, -0.066, -0.09174, -0.11127, -0.1151, -0.07056, 0.00892, 0.03815, 0.01979, 0.0004838, -0.01191, 0.02374, 0.1036, 0.1477, 0.1543, 0.1526, 0.145, 0.1332, 0.115, 0.09546, 0.0758, 0.0652, 0.0739, 0.0914, 0.0981, 0.08685, 0.0728, 0.05936, 0.0475, 0.04047, 0.0331, 0.0209, 0.004635, -0.00915, -0.02625, -0.04492, -0.06104, -0.0756, -0.0882, -0.10144, -0.1128, -0.125, -0.1338, -0.1366, -0.1414, -0.146, -0.1472, -0.1494, -0.1611, -0.1654, -0.1631, -0.1608, -0.1653, -0.1746, -0.1809, -0.189, -0.1853, -0.1576, -0.11237, -0.04977, 0.005062, 0.02707, 0.03995, 0.041, 0.02539, 0.00746, -0.00313, -0.007175, 0.005127, 0.04733, 0.091, 0.10004, 0.0918, 0.0723, 0.05853, 0.0511, 0.04208, 0.02405, 0.00758, -0.006508, -0.01663, -0.02277, -0.01413, 0.03406, 0.0935, 0.1092, 0.0954, 0.07587, 0.0561, 0.04355, 0.0664, 0.1184, 0.1418, 0.1295, 0.11475, 0.1127, 0.125, 0.1316, 0.1244, 0.10956, 0.09564, 0.0898, 0.086, 0.0732, 0.06128, 0.04123, 0.02805, 0.01563, 0.008804, 0.01962, 0.04166, 0.05975, 0.06396, 0.0548, 0.04947, 0.03833, 0.02682, 0.01868, 0.02258, 0.04123, 0.06757, 0.0813, 0.0796, 0.0665, 0.04767, 0.02814, 0.01064, -0.008835, -0.02753, -0.043, -0.05035, -0.04846, -0.04382, -0.0425, -0.05338, -0.0694, -0.0799, -0.0848, -0.0805, -0.075, -0.05362, -0.003105, 0.0772, 0.1459
0.158, 0.1504, 0.1348, 0.11426, 0.09265, 0.073, 0.05414, 0.0375, 0.03012, 0.02803, 0.02214, 0.012085, -0.002321, -0.01584, -0.02274, -0.02943, -0.0335, -0.03485, -0.03021, -0.0323, -0.0385, -0.03445, 0.00964, 0.0675, 0.08887, 0.07837, 0.06036, 0.04623, 0.04352, 0.0493, 0.0544, 0.0658, 0.0935, 0.126, 0.1309, 0.1154, 0.10187, 0.1024, 0.113, 0.11957, 0.11273, 0.0955, 0.08496, 0.0951, 0.12146, 0.1348, 0.12384, 0.10736, 0.09125, 0.08154, 0.07336, 0.0625, 0.0518, 0.04858, 0.04642, 0.03125, 0.00975, -0.0176, -0.04675, -0.0679, -0.0797, -0.0493, 0.01047, 0.03223, 0.01627, 0.000921, -0.00786, 0.023, 0.0858, 0.1236, 0.1293, 0.1338, 0.1372, 0.1296, 0.1113, 0.0913, 0.0717, 0.0636, 0.081, 0.10974, 0.1185, 0.10266, 0.0871, 0.07587, 0.0674, 0.0612, 0.05197, 0.03894, 0.02303, 0.00947, -0.005653, -0.02457, -0.03925, -0.05054, -0.06134, -0.07007, -0.0822, -0.09546, -0.1028, -0.0995, -0.0995, -0.1061, -0.1095, -0.1218, -0.1375, -0.1497, -0.1521, -0.1487, -0.1487, -0.1533, -0.1553, -0.1595, -0.1615, -0.1514, -0.125, -0.07056, -0.01933, 0.005184, 0.01956, 0.0216, 0.011284, -0.000523, -0.00437, -0.0043, 0.001008, 0.02448, 0.0541, 0.07166, 0.0712, 0.0583, 0.05026, 0.05597, 0.0643, 0.05408, 0.03192, 0.01049, -0.005726, -0.010895, 0.00836, 0.0627, 0.1038, 0.1086, 0.0952, 0.0798, 0.0625, 0.0502, 0.0726, 0.12256, 0.1443, 0.134, 0.1201, 0.121, 0.1401, 0.1578, 0.1511, 0.1412, 0.136, 0.1348, 0.1335, 0.1242, 0.10767, 0.0929, 0.08014, 0.07306, 0.0664, 0.0696, 0.08655, 0.1033, 0.1081, 0.1046, 0.09814, 0.08105, 0.07275, 0.06805, 0.07043, 0.07776, 0.09204, 0.1013, 0.10114, 0.09045, 0.07367, 0.05988, 0.04562, 0.0286, 0.01184, -0.002064, -0.004692, -0.001312, -0.001584, -0.001274, -0.01862, -0.03516, -0.03754, -0.0397, -0.03976, -0.03778, -0.03406, -0.003317, 0.06604, 0.1348
0.1418, 0.1406, 0.1294, 0.11304, 0.09863, 0.0845, 0.0659, 0.05106, 0.04602, 0.04672, 0.0439, 0.0369, 0.02713, 0.01964, 0.01421, 0.007812, 0.003798, 0.006702, 0.01283, 0.01698, 0.00927, 0.0008683, 0.01996, 0.05325, 0.0691, 0.06665, 0.05832, 0.0543, 0.05798, 0.0636, 0.0625, 0.06323, 0.0886, 0.1255, 0.136, 0.1276, 0.1262, 0.1328, 0.1448, 0.1503, 0.1459, 0.1332, 0.125, 0.1338, 0.1533, 0.1616, 0.1501, 0.1333, 0.1233, 0.125, 0.125, 0.11896, 0.1103, 0.10516, 0.09973, 0.08154, 0.05957, 0.03125, 0.007343, -0.01324, -0.03125, -0.01563, 0.01938, 0.03256, 0.02142, 0.01605, 0.01578, 0.0376, 0.0798, 0.1096, 0.11707, 0.126, 0.1381, 0.1362, 0.1223, 0.1046, 0.0848, 0.0778, 0.09467, 0.1255, 0.1334, 0.1166, 0.1011, 0.0949, 0.0935, 0.0891, 0.0768, 0.06042, 0.043, 0.02762, 0.0127, -0.0041, -0.01921, -0.0292, -0.0296, -0.03162, -0.04248, -0.05444, -0.0588, -0.04974, -0.0435, -0.04587, -0.0548, -0.07336, -0.0969, -0.11646, -0.1174, -0.10944, -0.11096, -0.1198, -0.1221, -0.125, -0.1255, -0.123, -0.1078, -0.0705, -0.03033, -0.01006, 0.001097, 0.00475, -0.001812, -0.004025, -0.0002737, 0.002462, 0.0008535, 0.006023, 0.02121, 0.04132, 0.05093, 0.04556, 0.0411, 0.05743, 0.0813, 0.0833, 0.0633, 0.04117, 0.01953, 0.01397, 0.04297, 0.09973, 0.128, 0.1213, 0.11346, 0.0997, 0.0857, 0.0813, 0.10065, 0.1371, 0.1534, 0.149, 0.1414, 0.1404, 0.1602, 0.1831, 0.1857, 0.1844, 0.1843, 0.1832, 0.1831, 0.1753, 0.1598, 0.1476, 0.1357, 0.1301, 0.125, 0.125, 0.133, 0.1462, 0.1503, 0.1539, 0.1505, 0.1301, 0.1213, 0.117, 0.123, 0.1259, 0.1283, 0.131, 0.127, 0.1176, 0.1004, 0.08905, 0.08203, 0.0749, 0.06696, 0.05478, 0.04724, 0.0524, 0.0518, 0.04758, 0.03125, 0.01563, 0.009155, 0.00805, 0.00603, 0.00872, 0.003555, 0.02269, 0.07025, 0.12146
0.1333, 0.1345, 0.125, 0.1124, 0.1102, 0.1048, 0.09015, 0.0752, 0.07043, 0.071, 0.07294, 0.0706, 0.06805, 0.0656, 0.0614, 0.05228, 0.04846, 0.0518, 0.05878, 0.0653, 0.0619, 0.04877, 0.04697, 0.0558, 0.0653, 0.0754, 0.07806, 0.08185, 0.094, 0.1042, 0.0994, 0.09576, 0.11096, 0.138, 0.1476, 0.1506, 0.1621, 0.1753, 0.1835, 0.1855, 0.1855, 0.1796, 0.175, 0.1802, 0.1948, 0.2028, 0.1941, 0.1763, 0.1754, 0.1824, 0.1849, 0.1876, 0.1826, 0.1755, 0.1646, 0.1506, 0.1257, 0.10095, 0.0807, 0.0589, 0.0399, 0.0432, 0.05832, 0.064, 0.05566, 0.05612, 0.05917, 0.07776, 0.1014, 0.1282, 0.1385, 0.1438, 0.1573, 0.1615, 0.1536, 0.1439, 0.1265, 0.1191, 0.1304, 0.1555, 0.164, 0.1549, 0.1387, 0.1337, 0.1318, 0.1254, 0.1156, 0.09753, 0.0776, 0.05762, 0.04117, 0.02963, 0.01959, 0.00997, 0.01017, 0.01756, 0.0107, -0.001229, -0.001159, 0.01804, 0.0324, 0.02702, 0.01304, -0.0091, -0.03226, -0.05368, -0.05273, -0.04688, -0.04922, -0.0642, -0.0752, -0.0831, -0.08514, -0.08344, -0.0674, -0.0372, -0.006363, 0.00284, 0.009544, 0.01288, 0.00826, 0.007343, 0.01895, 0.02448, 0.01938, 0.01414, 0.0191, 0.0364, 0.05246, 0.0521, 0.0487, 0.0689, 0.1009, 0.11005, 0.0945, 0.0737, 0.05573, 0.05164, 0.08716, 0.1401, 0.159, 0.1487, 0.1356, 0.1282, 0.1274, 0.1313, 0.1487, 0.1787, 0.1898, 0.182, 0.1761, 0.18, 0.198, 0.2224, 0.2319, 0.2386, 0.2405, 0.2375, 0.2346, 0.2249, 0.2157, 0.21, 0.1995, 0.1943, 0.1901, 0.1897, 0.1942, 0.2023, 0.2042, 0.2072, 0.206, 0.1868, 0.173, 0.1709, 0.1774, 0.1841, 0.1777, 0.1709, 0.1615, 0.1553, 0.1401, 0.135, 0.136, 0.139, 0.1338, 0.1202, 0.11206, 0.11597, 0.11816, 0.1146, 0.0984, 0.0867, 0.076, 0.06287, 0.06033, 0.05975, 0.0552, 0.0659, 0.094, 0.12244
0.1627, 0.1603, 0.1509, 0.1405, 0.1431, 0.1459, 0.1362, 0.1185, 0.1104, 0.1102, 0.1173, 0.1189, 0.1188, 0.1252, 0.1227, 0.11163, 0.1052, 0.10815, 0.1159, 0.1255, 0.1235, 0.1163, 0.1037, 0.0939, 0.0934, 0.10944, 0.1193, 0.1267, 0.1472, 0.1586, 0.1598, 0.157, 0.168, 0.1804, 0.1865, 0.1958, 0.2224, 0.2397, 0.2462, 0.2427, 0.2437, 0.2457, 0.2465, 0.2488, 0.2593, 0.2668, 0.2612, 0.2478, 0.252, 0.2627, 0.2642, 0.2683, 0.2705, 0.2632, 0.25, 0.2374, 0.2153, 0.1936, 0.1719, 0.1537, 0.1333, 0.1267, 0.1261, 0.1287, 0.125, 0.1274, 0.1313, 0.1422, 0.1561, 0.1814, 0.1926, 0.1921, 0.199, 0.2067, 0.2152, 0.2133, 0.1976, 0.19, 0.1914, 0.2051, 0.2178, 0.2179, 0.2015, 0.1921, 0.1887, 0.1874, 0.1797, 0.1637, 0.1418, 0.1173, 0.0963, 0.0929, 0.08417, 0.07214, 0.07574, 0.0901, 0.0867, 0.0763, 0.07446, 0.0992, 0.1144, 0.10394, 0.08826, 0.071, 0.05447, 0.03345, 0.0324, 0.03772, 0.03247, 0.01736, -0.001283, -0.01703, -0.02937, -0.03003, -0.008995, 0.01468, 0.04108, 0.05182, 0.0542, 0.0577, 0.05536, 0.05118, 0.05865, 0.0631, 0.0625, 0.06012, 0.0639, 0.07086, 0.08636, 0.089, 0.0878, 0.10297, 0.1309, 0.1445, 0.1398, 0.1256, 0.1153, 0.1146, 0.1409, 0.1853, 0.1962, 0.1895, 0.1797, 0.1802, 0.1875, 0.202, 0.2148, 0.239, 0.25, 0.2372, 0.2278, 0.2378, 0.2612, 0.2842, 0.296, 0.3076, 0.3164, 0.31, 0.3032, 0.2944, 0.2896, 0.29, 0.2834, 0.2773, 0.2725, 0.2769, 0.2778, 0.28, 0.2773, 0.2734, 0.274, 0.2595, 0.243, 0.2446, 0.252, 0.257, 0.2439, 0.2391, 0.2313, 0.2213, 0.212, 0.2097, 0.2158, 0.2224, 0.2216, 0.2075, 0.2, 0.1958, 0.1992, 0.1954, 0.1799, 0.1721, 0.1646, 0.1436, 0.1288, 0.1237, 0.1192, 0.125, 0.1404, 0.157
0.2384, 0.2349, 0.223, 0.2106, 0.2104, 0.2177, 0.2126, 0.1951, 0.1785, 0.1772, 0.19, 0.1937, 0.1897, 0.1978, 0.1992, 0.1906, 0.1829, 0.185, 0.1965, 0.2114, 0.2148, 0.2075, 0.1953, 0.1766, 0.164, 0.1775, 0.1881, 0.1978, 0.2217, 0.2405, 0.2456, 0.2458, 0.2515, 0.2607, 0.2603, 0.271, 0.3037, 0.3252, 0.3325, 0.33, 0.3284, 0.3384, 0.3403, 0.3438, 0.352, 0.3623, 0.3555, 0.3389, 0.35, 0.3652, 0.37, 0.37, 0.3745, 0.3706, 0.3538, 0.3462, 0.3337, 0.3147, 0.2917, 0.274, 0.254, 0.2411, 0.2332, 0.2264, 0.2244, 0.23, 0.2343, 0.2306, 0.2358, 0.2612, 0.274, 0.2686, 0.2764, 0.2832, 0.2976, 0.3057, 0.2905, 0.2808, 0.2773, 0.2861, 0.3042, 0.3057, 0.2913, 0.275, 0.273, 0.275, 0.272, 0.2637, 0.2427, 0.2184, 0.197, 0.1815, 0.163, 0.1571, 0.1675, 0.196, 0.2002, 0.1812, 0.1812, 0.2039, 0.2139, 0.1976, 0.1803, 0.1729, 0.169, 0.1514, 0.145, 0.1487, 0.1428, 0.1288, 0.11005, 0.08606, 0.0668, 0.05896, 0.0712, 0.08923, 0.1127, 0.125, 0.1302, 0.1327, 0.1333, 0.1272, 0.1302, 0.1351, 0.1354, 0.135, 0.1434, 0.1411, 0.1472, 0.1512, 0.1533, 0.1633, 0.1777, 0.1923, 0.2029, 0.2029, 0.1973, 0.1991, 0.2114, 0.2424, 0.254, 0.2446, 0.2482, 0.2563, 0.268, 0.2888, 0.3013, 0.3193, 0.3306, 0.3284, 0.3108, 0.3208, 0.3472, 0.3716, 0.3823, 0.3936, 0.4106, 0.4058, 0.3953, 0.3887, 0.3887, 0.3901, 0.3926, 0.3872, 0.3765, 0.379, 0.3794, 0.3813, 0.3735, 0.3667, 0.374, 0.3584, 0.338, 0.3433, 0.352, 0.359, 0.3413, 0.3354, 0.3364, 0.3296, 0.3186, 0.3105, 0.3247, 0.3267, 0.331, 0.3223, 0.3208, 0.3154, 0.3115, 0.302, 0.287, 0.2786, 0.2773, 0.2573, 0.2244, 0.2201, 0.2166, 0.2157, 0.2241, 0.2375
0.3562, 0.3499, 0.3367, 0.3213, 0.314, 0.3228, 0.317, 0.3066, 0.2915, 0.2944, 0.3032, 0.3047, 0.2954, 0.3022, 0.3032, 0.2983, 0.292, 0.2896, 0.3022, 0.3213, 0.3354, 0.329, 0.3171, 0.2957, 0.2778, 0.2876, 0.3027, 0.3071, 0.329, 0.3516, 0.3594, 0.3574, 0.3599, 0.3691, 0.378, 0.3877, 0.4238, 0.44, 0.4443, 0.4463, 0.4468, 0.4604, 0.4673, 0.4688, 0.4795, 0.4985, 0.497, 0.4834, 0.4927, 0.5117, 0.5215, 0.519, 0.5195, 0.5195, 0.5063, 0.4941, 0.4893, 0.4756, 0.4558, 0.4312, 0.4067, 0.3955, 0.387, 0.3733, 0.3628, 0.3647, 0.3655, 0.354, 0.355, 0.3823, 0.4062, 0.4038, 0.4014, 0.4038, 0.419, 0.437, 0.4287, 0.4128, 0.3975, 0.4067, 0.4312, 0.4324, 0.4111, 0.4004, 0.3994, 0.4053, 0.4082, 0.4014, 0.3843, 0.3613, 0.3433, 0.3193, 0.2896, 0.291, 0.3066, 0.338, 0.352, 0.3376, 0.329, 0.3481, 0.3586, 0.3413, 0.329, 0.3257, 0.3325, 0.3164, 0.2979, 0.2969, 0.2925, 0.2747, 0.2534, 0.228, 0.2056, 0.1893, 0.1941, 0.2, 0.216, 0.2295, 0.2322, 0.2373, 0.2336, 0.227, 0.23, 0.2437, 0.2446, 0.237, 0.2438, 0.2351, 0.2373, 0.2366, 0.2474, 0.2598, 0.2686, 0.275, 0.2893, 0.2986, 0.294, 0.2974, 0.3008, 0.3198, 0.336, 0.3364, 0.3438, 0.3628, 0.3726, 0.395, 0.414, 0.4282, 0.4473, 0.457, 0.4353, 0.437, 0.4585, 0.4817, 0.4985, 0.5127, 0.5264, 0.5283, 0.5127, 0.509, 0.5205, 0.5254, 0.5273, 0.533, 0.5195, 0.519, 0.5166, 0.5176, 0.502, 0.4897, 0.494, 0.4834, 0.4707, 0.4727, 0.4768, 0.4807, 0.4597, 0.4587, 0.478, 0.4802, 0.4705, 0.4585, 0.4707, 0.4766, 0.483, 0.4834, 0.4824, 0.477, 0.4736, 0.4573, 0.434, 0.419, 0.4136, 0.4062, 0.3733, 0.3574, 0.351, 0.3486, 0.3535, 0.3604
0.508, 0.5024, 0.492, 0.48, 0.465, 0.4727, 0.4683, 0.4575, 0.4536, 0.4575, 0.4697, 0.4663, 0.4536, 0.458, 0.455, 0.4546, 0.4507, 0.4502, 0.4634, 0.4756, 0.4907, 0.4863, 0.4736, 0.4507, 0.4316, 0.4429, 0.463, 0.4673, 0.4856, 0.5127, 0.5195, 0.5156, 0.5156, 0.5205, 0.539, 0.5596, 0.5938, 0.6064, 0.6025, 0.6074, 0.6104, 0.627, 0.635, 0.6396, 0.65, 0.6787, 0.6875, 0.6826, 0.696, 0.71, 0.7217, 0.718, 0.713, 0.7173, 0.712, 0.6934, 0.6875, 0.6836, 0.664, 0.6367, 0.6074, 0.593, 0.587, 0.573, 0.5586, 0.549, 0.545, 0.5312, 0.5303, 0.5596, 0.588, 0.591, 0.583, 0.579, 0.593, 0.617, 0.6143, 0.6025, 0.578, 0.586, 0.6104, 0.6064, 0.584, 0.577, 0.577, 0.5835, 0.594, 0.589, 0.575, 0.55, 0.537, 0.5166, 0.4893, 0.482, 0.509, 0.545, 0.5703, 0.5527, 0.541, 0.55, 0.5664, 0.5537, 0.543, 0.544, 0.549, 0.536, 0.5063, 0.4941, 0.499, 0.4849, 0.4546, 0.4214, 0.401, 0.3804, 0.374, 0.376, 0.374, 0.3845, 0.3853, 0.3882, 0.375, 0.3765, 0.3784, 0.3994, 0.4058, 0.3901, 0.3914, 0.3752, 0.3774, 0.379, 0.3916, 0.4082, 0.4136, 0.42, 0.4346, 0.4421, 0.4346, 0.438, 0.445, 0.4521, 0.4746, 0.4844, 0.4927, 0.5127, 0.5244, 0.548, 0.5674, 0.587, 0.6084, 0.624, 0.6055, 0.5977, 0.618, 0.6357, 0.659, 0.677, 0.698, 0.6914, 0.6777, 0.6724, 0.6885, 0.698, 0.702, 0.705, 0.7, 0.6914, 0.6934, 0.6963, 0.6724, 0.6514, 0.658, 0.6504, 0.6465, 0.6455, 0.6465, 0.645, 0.618, 0.626, 0.6533, 0.672, 0.661, 0.645, 0.6587, 0.666, 0.6787, 0.6826, 0.6846, 0.6777, 0.667, 0.6475, 0.622, 0.6016, 0.592, 0.591, 0.5654, 0.539, 0.536, 0.534, 0.5303, 0.5225
0.717, 0.71, 0.712, 0.701, 0.6875, 0.6855, 0.6865, 0.673, 0.676, 0.6924, 0.7, 0.6924, 0.681, 0.68, 0.676, 0.67, 0.675, 0.674, 0.6973, 0.704, 0.716, 0.713, 0.702, 0.6826, 0.6514, 0.6533, 0.6797, 0.6865, 0.698, 0.7246, 0.7295, 0.7256, 0.724, 0.7354, 0.76, 0.785, 0.8237, 0.833, 0.827, 0.829, 0.836, 0.8496, 0.8564, 0.868, 0.8877, 0.9214, 0.9424, 0.9443, 0.964, 0.9746, 0.9785, 0.972, 0.9736, 0.9805, 0.99, 0.9746, 0.956, 0.958, 0.9414, 0.91, 0.881, 0.868, 0.8623, 0.8506, 0.827, 0.8105, 0.8027, 0.7812, 0.7754, 0.8076, 0.8438, 0.8555, 0.842, 0.8394, 0.8525, 0.876, 0.869, 0.8525, 0.833, 0.8467, 0.875, 0.87, 0.8457, 0.832, 0.8213, 0.827, 0.8438, 0.8477, 0.8516, 0.832, 0.8213, 0.8115, 0.785, 0.7656, 0.789, 0.833, 0.8706, 0.8564, 0.84, 0.8457, 0.865, 0.8633, 0.8545, 0.8604, 0.8564, 0.84, 0.8037, 0.786, 0.795, 0.793, 0.7617, 0.717, 0.6924, 0.665, 0.6514, 0.6426, 0.634, 0.6396, 0.6367, 0.6274, 0.6084, 0.6113, 0.618, 0.634, 0.6377, 0.621, 0.616, 0.5947, 0.59, 0.597, 0.6094, 0.625, 0.628, 0.6294, 0.6484, 0.6533, 0.6455, 0.649, 0.663, 0.663, 0.6685, 0.6855, 0.6943, 0.7197, 0.7314, 0.7534, 0.7744, 0.799, 0.8247, 0.8457, 0.831, 0.8223, 0.839, 0.8623, 0.8823, 0.9062, 0.924, 0.918, 0.9023, 0.8975, 0.912, 0.925, 0.9287, 0.922, 0.912, 0.8994, 0.9023, 0.913, 0.8877, 0.8525, 0.8643, 0.8633, 0.865, 0.865, 0.866, 0.865, 0.8413, 0.8496, 0.878, 0.9053, 0.9023, 0.8906, 0.9023, 0.908, 0.9253, 0.9307, 0.9355, 0.9316, 0.919, 0.8906, 0.868, 0.8545, 0.8457, 0.837, 0.812, 0.783, 0.7773, 0.7666, 0.749, 0.7324
1.029, 1.016, 1.025, 1.016, 1.008, 1.0, 0.996, 0.9844, 0.9873, 1.012, 1.021, 1.01, 0.996, 1.0, 0.99, 0.9805, 0.9883, 0.99, 1.019, 1.025, 1.033, 1.033, 1.027, 1.012, 0.9707, 0.956, 0.9834, 0.998, 1.008, 1.025, 1.031, 1.025, 1.027, 1.041, 1.068, 1.1, 1.135, 1.15, 1.146, 1.142, 1.152, 1.164, 1.176, 1.197, 1.217, 1.259, 1.283, 1.291, 1.309, 1.322, 1.318, 1.309, 1.3125, 1.33, 1.343, 1.336, 1.301, 1.305, 1.295, 1.264, 1.235, 1.222, 1.223, 1.211, 1.182, 1.162, 1.16, 1.127, 1.11, 1.146, 1.184, 1.207, 1.197, 1.195, 1.215, 1.234, 1.223, 1.203, 1.18, 1.195, 1.23, 1.229, 1.211, 1.184, 1.162, 1.172, 1.193, 1.199, 1.223, 1.213, 1.205, 1.205, 1.191, 1.164, 1.1875, 1.229, 1.26, 1.26, 1.242, 1.25, 1.271, 1.279, 1.275, 1.291, 1.279, 1.238, 1.201, 1.18, 1.195, 1.195, 1.166, 1.119, 1.088, 1.059, 1.031, 1.02, 0.9976, 1.004, 0.9907, 0.9863, 0.9463, 0.949, 0.954, 0.9707, 0.966, 0.9424, 0.9395, 0.918, 0.9053, 0.909, 0.921, 0.9375, 0.9385, 0.9385, 0.955, 0.961, 0.951, 0.95, 0.9575, 0.958, 0.952, 0.968, 0.975, 1.002, 1.016, 1.042, 1.068, 1.1, 1.127, 1.146, 1.139, 1.133, 1.152, 1.175, 1.201, 1.22, 1.244, 1.232, 1.221, 1.215, 1.227, 1.238, 1.244, 1.234, 1.219, 1.197, 1.201, 1.221, 1.182, 1.145, 1.164, 1.164, 1.17, 1.174, 1.178, 1.172, 1.154, 1.164, 1.193, 1.225, 1.227, 1.221, 1.234, 1.238, 1.256, 1.264, 1.27, 1.264, 1.258, 1.228, 1.205, 1.193, 1.182, 1.164, 1.137, 1.107, 1.104, 1.081, 1.046, 1.033
1.451, 1.4375, 1.445, 1.445, 1.446, 1.439, 1.449, 1.443, 1.4375, 1.453, 1.469, 1.449, 1.443, 1.449, 1.445, 1.434, 1.443, 1.447, 1.471, 1.479, 1.48, 1.475, 1.475, 1.46, 1.434, 1.418, 1.436, 1.447, 1.461, 1.473, 1.48, 1.482, 1.484, 1.496, 1.518, 1.541, 1.566, 1.591, 1.594, 1.596, 1.61, 1.625, 1.643, 1.665, 1.678, 1.717, 1.742, 1.746, 1.764, 1.771, 1.7705, 1.766, 1.775, 1.795, 1.811, 1.814, 1.779, 1.789, 1.791, 1.771, 1.74, 1.723, 1.733, 1.731, 1.705, 1.686, 1.682, 1.652, 1.619, 1.6455, 1.68, 1.707, 1.703, 1.709, 1.73, 1.754, 1.735, 1.73, 1.705, 1.715, 1.746, 1.75, 1.732, 1.715, 1.691, 1.711, 1.738, 1.752, 1.786, 1.772, 1.754, 1.762, 1.775, 1.754, 1.777, 1.801, 1.828, 1.838, 1.83, 1.848, 1.859, 1.861, 1.848, 1.854, 1.84, 1.797, 1.758, 1.738, 1.751, 1.75, 1.709, 1.67, 1.632, 1.606, 1.57, 1.545, 1.521, 1.516, 1.502, 1.496, 1.453, 1.441, 1.439, 1.455, 1.449, 1.424, 1.416, 1.402, 1.381, 1.379, 1.383, 1.398, 1.392, 1.387, 1.4, 1.408, 1.396, 1.391, 1.391, 1.389, 1.381, 1.397, 1.395, 1.42, 1.428, 1.453, 1.479, 1.512, 1.529, 1.539, 1.526, 1.529, 1.55, 1.57, 1.592, 1.604, 1.627, 1.627, 1.617, 1.613, 1.617, 1.625, 1.633, 1.632, 1.625, 1.611, 1.611, 1.631, 1.605, 1.568, 1.59, 1.584, 1.59, 1.588, 1.594, 1.59, 1.586, 1.596, 1.611, 1.645, 1.645, 1.642, 1.662, 1.668, 1.684, 1.6875, 1.693, 1.6875, 1.686, 1.662, 1.646, 1.633, 1.619, 1.594, 1.569, 1.538, 1.536, 1.512, 1.473, 1.45
2.02, 2.006, 2.021, 2.027, 2.04, 2.047, 2.062, 2.066, 2.055, 2.06, 2.074, 2.059, 2.053, 2.059, 2.062, 2.059, 2.066, 2.07, 2.09, 2.098, 2.094, 2.078, 2.078, 2.074, 2.062, 2.05, 2.06, 2.064, 2.074, 2.09, 2.094, 2.104, 2.113, 2.121, 2.133, 2.145, 2.156, 2.184, 2.203, 2.219, 2.238, 2.254, 2.281, 2.305, 2.297, 2.328, 2.352, 2.355, 2.367, 2.375, 2.379, 2.383, 2.398, 2.426, 2.441, 2.457, 2.438, 2.453, 2.465, 2.453, 2.43, 2.414, 2.426, 2.434, 2.414, 2.398, 2.398, 2.375, 2.344, 2.363, 2.39, 2.41, 2.41, 2.41, 2.43, 2.457, 2.441, 2.457, 2.424, 2.43, 2.453, 2.473, 2.46, 2.451, 2.434, 2.453, 2.492, 2.512, 2.557, 2.555, 2.531, 2.54, 2.562, 2.543, 2.566, 2.578, 2.586, 2.598, 2.596, 2.617, 2.617, 2.604, 2.566, 2.562, 2.55, 2.52, 2.492, 2.465, 2.473, 2.46, 2.43, 2.379, 2.34, 2.305, 2.266, 2.234, 2.207, 2.203, 2.176, 2.176, 2.133, 2.113, 2.098, 2.11, 2.098, 2.078, 2.07, 2.059, 2.035, 2.023, 2.02, 2.031, 2.016, 2.0, 2.012, 2.016, 2.0, 1.998, 2.0, 2.0, 1.988, 2.004, 1.99, 2.008, 2.008, 2.023, 2.043, 2.062, 2.07, 2.074, 2.059, 2.062, 2.078, 2.092, 2.107, 2.113, 2.13, 2.14, 2.137, 2.135, 2.137, 2.137, 2.148, 2.152, 2.158, 2.16, 2.164, 2.18, 2.172, 2.146, 2.16, 2.148, 2.152, 2.148, 2.152, 2.156, 2.164, 2.176, 2.184, 2.203, 2.207, 2.215, 2.234, 2.242, 2.258, 2.258, 2.258, 2.254, 2.258, 2.238, 2.234, 2.223, 2.203, 2.172, 2.145, 2.113, 2.11, 2.09, 2.059, 2.027
