9.76, 10.11, 10.36, 10.484, 10.57, 10.6, 10.69, 10.66, 10.59, 10.484, 10.41, 10.25, 10.11, 10.04, 9.95, 9.83, 9.74, 9.625, 9.56, 9.48, 9.34, 9.25, 9.14, 9.164, 9.24, 9.33, 9.48, 9.67, 9.805, 10.0, 10.13, 10.24, 10.305, 10.35, 10.44, 10.41, 10.51, 10.57, 10.59, 10.65, 10.65, 10.625, 10.67, 10.625, 10.695, 10.69, 10.695, 10.625, 10.65, 10.555, 10.53, 10.39, 10.305, 10.17, 10.08, 9.97, 9.99, 9.84, 9.766, 9.734, 9.67, 9.61, 9.62, 9.7, 9.81, 9.89, 10.05, 10.17, 10.35, 10.51, 10.64, 10.79, 10.98, 11.04, 11.1, 11.125, 11.14, 11.14, 11.17, 11.23, 11.28, 11.28, 11.28, 11.27, 11.22, 11.16, 11.11, 11.055, 11.01, 10.89, 10.805, 10.73, 10.63, 10.516, 10.44, 10.31, 10.16, 10.0, 9.73, 9.484, 9.19, 8.95, 8.766, 8.61, 8.46, 8.28, 8.12, 8.05, 7.97, 7.94, 7.914, 7.945, 8.08, 8.2, 8.33, 8.484, 8.53, 8.63, 8.7, 8.73, 8.85, 8.95, 8.99, 9.125, 9.16, 9.336, 9.375, 9.49, 9.58, 9.63, 9.75, 9.91, 10.04, 10.125, 10.19, 10.25, 10.31, 10.336, 10.375, 10.4, 10.414, 10.46, 10.484, 10.56, 10.62, 10.66, 10.73, 10.734, 10.805, 10.84, 10.86, 10.84, 10.84, 10.875, 10.83, 10.875, 10.875, 10.85, 10.805, 10.805, 10.78, 10.695, 10.72, 10.75, 10.69, 10.72, 10.7, 10.74, 10.74, 10.82, 10.87, 10.84, 10.945, 10.96, 11.06, 11.1, 11.09, 11.11, 11.086, 11.016, 10.95, 10.89, 10.8, 10.625, 10.51, 10.39, 10.23, 9.984, 9.7, 9.44, 9.14, 8.88, 8.71, 8.62, 8.48, 8.5, 8.484, 8.67, 8.89, 9.305
8.445, 9.72, 10.69, 11.31, 11.59, 11.72, 11.66, 11.55, 11.25, 10.9, 10.45, 9.984, 9.516, 9.13, 8.75, 8.36, 8.08, 7.8, 7.63, 7.395, 7.12, 6.92, 6.79, 6.82, 6.992, 7.266, 7.7, 8.21, 8.74, 9.29, 9.7, 10.06, 10.36, 10.625, 10.78, 10.85, 10.914, 11.04, 11.16, 11.24, 11.3, 11.29, 11.34, 11.29, 11.25, 11.17, 11.0, 10.81, 10.61, 10.33, 10.06, 9.734, 9.36, 9.01, 8.68, 8.375, 8.12, 7.863, 7.67, 7.465, 7.234, 7.15, 7.12, 7.17, 7.293, 7.535, 7.926, 8.36, 8.74, 9.234, 9.74, 10.22, 10.58, 10.84, 11.086, 11.2, 11.29, 11.34, 11.36, 11.34, 11.39, 11.36, 11.31, 11.234, 11.11, 11.0, 10.86, 10.7, 10.51, 10.25, 10.0, 9.766, 9.53, 9.31, 9.06, 8.82, 8.48, 8.09, 7.516, 6.844, 6.23, 5.72, 5.316, 5.004, 4.793, 4.566, 4.44, 4.36, 4.39, 4.52, 4.695, 4.78, 5.094, 5.46, 5.906, 6.273, 6.527, 6.75, 6.91, 6.97, 7.12, 7.273, 7.375, 7.48, 7.65, 7.85, 8.016, 8.18, 8.336, 8.5, 8.68, 8.914, 9.14, 9.305, 9.41, 9.52, 9.63, 9.72, 9.91, 9.984, 10.1, 10.195, 10.375, 10.57, 10.75, 10.92, 11.12, 11.26, 11.41, 11.52, 11.625, 11.76, 11.86, 11.9, 11.94, 11.96, 12.02, 12.08, 12.055, 12.055, 12.03, 12.0, 11.97, 12.06, 12.08, 12.06, 12.16, 12.16, 12.15, 12.13, 12.17, 12.12, 12.07, 12.01, 11.945, 11.89, 11.79, 11.56, 11.3, 11.02, 10.76, 10.35, 9.96, 9.555, 9.14, 8.75, 8.3, 7.758, 7.094, 6.445, 5.812, 5.305, 5.008, 4.82, 4.688, 4.74, 4.812, 5.24, 5.973, 7.117
6.125, 8.22, 9.98, 11.24, 11.914, 12.14, 12.02, 11.56, 10.97, 10.26, 9.51, 8.73, 7.938, 7.316, 6.79, 6.305, 5.926, 5.598, 5.266, 4.93, 4.523, 4.277, 4.12, 4.15, 4.336, 4.645, 5.23, 5.875, 6.61, 7.402, 8.12, 8.76, 9.305, 9.75, 10.016, 10.2, 10.32, 10.47, 10.61, 10.74, 10.85, 10.89, 10.89, 10.83, 10.66, 10.47, 10.22, 9.875, 9.44, 9.03, 8.57, 8.06, 7.613, 7.22, 6.82, 6.39, 5.89, 5.484, 5.11, 4.81, 4.516, 4.34, 4.336, 4.367, 4.492, 4.793, 5.324, 5.883, 6.438, 7.094, 7.75, 8.39, 9.02, 9.484, 9.875, 10.16, 10.37, 10.47, 10.5, 10.51, 10.49, 10.42, 10.31, 10.18, 10.016, 9.805, 9.58, 9.3, 8.99, 8.68, 8.33, 8.06, 7.8, 7.55, 7.29, 6.906, 6.504, 5.863, 5.027, 4.094, 3.182, 2.4, 1.796, 1.358, 1.041, 0.8213, 0.738, 0.7246, 0.8545, 1.126, 1.37, 1.631, 2.1, 2.598, 3.217, 3.8, 4.156, 4.383, 4.523, 4.617, 4.793, 4.94, 5.098, 5.242, 5.406, 5.65, 5.863, 6.027, 6.273, 6.457, 6.71, 6.906, 7.195, 7.37, 7.5, 7.68, 7.805, 7.953, 8.195, 8.43, 8.64, 8.89, 9.2, 9.516, 9.85, 10.195, 10.55, 10.9, 11.21, 11.51, 11.78, 12.08, 12.31, 12.484, 12.61, 12.78, 12.95, 13.125, 13.22, 13.27, 13.25, 13.24, 13.336, 13.36, 13.43, 13.45, 13.45, 13.42, 13.336, 13.164, 13.03, 12.77, 12.53, 12.19, 11.86, 11.56, 11.29, 10.89, 10.45, 9.95, 9.46, 8.89, 8.29, 7.805, 7.332, 6.82, 6.152, 5.293, 4.32, 3.324, 2.383, 1.666, 1.208, 0.986, 0.8325, 0.8325, 0.9204, 1.443, 2.49, 4.086
3.717, 6.117, 8.305, 9.91, 10.875, 11.21, 11.03, 10.39, 9.58, 8.76, 7.87, 7.027, 6.2, 5.504, 4.99, 4.543, 4.17, 3.818, 3.404, 2.906, 2.416, 2.072, 1.903, 1.92, 2.123, 2.47, 3.05, 3.752, 4.473, 5.32, 6.125, 6.926, 7.56, 8.086, 8.43, 8.67, 8.82, 8.92, 9.06, 9.164, 9.29, 9.34, 9.27, 9.17, 8.98, 8.69, 8.445, 8.125, 7.71, 7.305, 6.863, 6.36, 5.906, 5.555, 5.176, 4.727, 4.207, 3.648, 3.1, 2.656, 2.318, 2.123, 2.059, 2.133, 2.3, 2.58, 3.084, 3.678, 4.312, 4.992, 5.676, 6.26, 6.902, 7.496, 7.992, 8.36, 8.63, 8.805, 8.9, 8.9, 8.89, 8.8, 8.67, 8.53, 8.33, 8.08, 7.844, 7.562, 7.234, 6.96, 6.67, 6.492, 6.297, 6.082, 5.78, 5.28, 4.617, 3.74, 2.68, 1.59, 0.529, -0.355, -0.9634, -1.397, -1.734, -1.952, -2.04, -1.983, -1.797, -1.447, -1.13, -0.746, -0.2448, 0.354, 0.984, 1.574, 2.078, 2.352, 2.596, 2.738, 2.926, 3.09, 3.246, 3.395, 3.596, 3.77, 3.94, 4.113, 4.33, 4.574, 4.8, 5.055, 5.297, 5.43, 5.555, 5.75, 5.89, 6.06, 6.227, 6.492, 6.74, 7.098, 7.43, 7.836, 8.25, 8.66, 9.09, 9.55, 10.04, 10.516, 10.96, 11.375, 11.734, 12.055, 12.375, 12.69, 13.03, 13.35, 13.55, 13.66, 13.69, 13.72, 13.84, 13.875, 13.945, 13.97, 13.92, 13.766, 13.58, 13.195, 12.84, 12.336, 11.76, 11.16, 10.52, 9.95, 9.445, 9.0, 8.55, 8.11, 7.613, 7.098, 6.64, 6.227, 5.844, 5.285, 4.37, 3.197, 1.925, 0.742, -0.2942, -1.086, -1.607, -1.827, -1.951, -2.008, -1.858, -1.309, -0.2401, 1.483
1.891, 4.223, 6.42, 8.055, 9.086, 9.51, 9.38, 8.8, 8.0, 7.137, 6.336, 5.555, 4.863, 4.273, 3.834, 3.395, 2.938, 2.47, 1.932, 1.269, 0.7373, 0.3022, 0.0919, 0.14, 0.389, 0.778, 1.353, 2.047, 2.807, 3.629, 4.44, 5.242, 5.887, 6.438, 6.805, 7.07, 7.242, 7.32, 7.42, 7.465, 7.58, 7.637, 7.562, 7.42, 7.21, 6.94, 6.727, 6.516, 6.25, 5.92, 5.582, 5.156, 4.79, 4.42, 4.008, 3.477, 2.838, 2.207, 1.511, 0.977, 0.559, 0.3315, 0.2766, 0.3267, 0.5327, 0.8574, 1.353, 1.973, 2.648, 3.309, 3.998, 4.566, 5.15, 5.715, 6.242, 6.625, 6.938, 7.133, 7.26, 7.3, 7.28, 7.184, 7.1, 6.98, 6.82, 6.598, 6.39, 6.15, 5.906, 5.734, 5.547, 5.438, 5.28, 5.016, 4.547, 3.795, 2.766, 1.604, 0.317, -0.762, -1.676, -2.41, -2.889, -3.217, -3.484, -3.71, -3.848, -3.857, -3.727, -3.428, -3.062, -2.607, -2.045, -1.401, -0.695, -0.07513, 0.506, 0.878, 1.159, 1.352, 1.567, 1.734, 1.892, 2.04, 2.217, 2.355, 2.525, 2.646, 2.887, 3.148, 3.332, 3.559, 3.81, 3.97, 4.117, 4.266, 4.414, 4.58, 4.688, 4.914, 5.152, 5.47, 5.81, 6.2, 6.645, 7.105, 7.566, 8.08, 8.64, 9.195, 9.695, 10.19, 10.6, 11.0, 11.43, 11.85, 12.23, 12.625, 12.94, 13.08, 13.16, 13.27, 13.375, 13.44, 13.45, 13.42, 13.305, 13.12, 12.82, 12.35, 11.81, 11.13, 10.414, 9.625, 8.836, 8.11, 7.523, 7.07, 6.676, 6.344, 6.01, 5.7, 5.445, 5.207, 4.766, 4.043, 2.896, 1.469, -0.01398, -1.144, -2.041, -2.709, -3.13, -3.355, -3.5, -3.543, -3.41, -2.9, -1.897, -0.2522
0.8887, 2.94, 4.938, 6.47, 7.504, 7.92, 7.883, 7.387, 6.633, 5.832, 5.164, 4.51, 3.984, 3.52, 3.055, 2.537, 1.928, 1.308, 0.616, -0.0745, -0.6606, -1.068, -1.262, -1.208, -0.9536, -0.557, 0.00647, 0.7036, 1.465, 2.262, 3.035, 3.834, 4.484, 5.04, 5.402, 5.664, 5.86, 5.938, 6.023, 6.07, 6.15, 6.22, 6.164, 6.008, 5.816, 5.617, 5.42, 5.29, 5.15, 4.95, 4.71, 4.42, 4.086, 3.623, 3.06, 2.332, 1.63, 0.885, 0.1442, -0.4119, -0.8115, -1.073, -1.102, -1.032, -0.8267, -0.4468, 0.0658, 0.6216, 1.302, 2.008, 2.662, 3.24, 3.832, 4.35, 4.824, 5.203, 5.477, 5.695, 5.816, 5.9, 5.906, 5.824, 5.758, 5.668, 5.586, 5.453, 5.32, 5.17, 5.066, 4.984, 4.88, 4.742, 4.49, 3.973, 3.19, 2.168, 0.877, -0.3533, -1.483, -2.34, -2.889, -3.23, -3.436, -3.633, -3.896, -4.195, -4.484, -4.67, -4.69, -4.52, -4.24, -3.799, -3.254, -2.596, -1.916, -1.241, -0.6553, -0.2268, 0.05252, 0.2136, 0.3904, 0.5986, 0.7417, 0.8555, 1.0, 1.146, 1.234, 1.401, 1.6, 1.853, 2.078, 2.27, 2.535, 2.686, 2.846, 3.002, 3.14, 3.291, 3.398, 3.604, 3.822, 4.11, 4.453, 4.81, 5.254, 5.734, 6.246, 6.812, 7.39, 7.95, 8.5, 8.984, 9.43, 9.875, 10.36, 10.78, 11.22, 11.64, 11.945, 12.16, 12.266, 12.37, 12.46, 12.516, 12.516, 12.48, 12.3, 12.06, 11.67, 11.164, 10.51, 9.74, 8.96, 8.18, 7.344, 6.59, 5.992, 5.562, 5.293, 5.08, 4.914, 4.832, 4.67, 4.42, 3.863, 2.898, 1.593, 0.1227, -1.134, -2.0, -2.59, -3.01, -3.28, -3.523, -3.71, -3.836, -3.742, -3.303, -2.42, -0.969
0.5483, 2.23, 3.871, 5.227, 6.207, 6.65, 6.637, 6.24, 5.566, 4.89, 4.293, 3.762, 3.316, 2.879, 2.363, 1.745, 0.993, 0.2289, -0.4915, -1.201, -1.744, -2.086, -2.2, -2.105, -1.858, -1.468, -0.9214, -0.2678, 0.4443, 1.176, 1.9, 2.629, 3.256, 3.8, 4.16, 4.39, 4.58, 4.664, 4.77, 4.836, 4.91, 4.977, 4.945, 4.82, 4.67, 4.535, 4.438, 4.387, 4.332, 4.266, 4.1, 3.875, 3.502, 2.938, 2.188, 1.427, 0.6177, -0.167, -0.851, -1.423, -1.812, -2.027, -2.053, -1.98, -1.759, -1.386, -0.9023, -0.366, 0.2556, 0.9097, 1.552, 2.174, 2.734, 3.213, 3.639, 3.959, 4.234, 4.43, 4.58, 4.645, 4.67, 4.61, 4.61, 4.598, 4.605, 4.594, 4.59, 4.582, 4.586, 4.547, 4.42, 4.117, 3.602, 2.81, 1.775, 0.5864, -0.647, -1.642, -2.334, -2.695, -2.742, -2.717, -2.727, -2.871, -3.135, -3.523, -3.93, -4.273, -4.5, -4.53, -4.4, -4.086, -3.658, -3.14, -2.578, -2.027, -1.493, -1.112, -0.838, -0.6865, -0.5728, -0.368, -0.2078, -0.0967, 0.034, 0.1476, 0.233, 0.3562, 0.548, 0.7524, 0.9224, 1.135, 1.36, 1.506, 1.658, 1.813, 1.943, 2.082, 2.207, 2.383, 2.582, 2.875, 3.21, 3.555, 3.992, 4.49, 5.03, 5.625, 6.215, 6.824, 7.4, 7.934, 8.484, 9.01, 9.5, 9.945, 10.41, 10.85, 11.14, 11.38, 11.51, 11.6, 11.67, 11.695, 11.67, 11.59, 11.375, 11.05, 10.586, 10.0, 9.266, 8.445, 7.61, 6.86, 6.04, 5.29, 4.78, 4.438, 4.293, 4.28, 4.336, 4.293, 4.098, 3.666, 2.914, 1.785, 0.5205, -0.664, -1.47, -1.934, -2.188, -2.406, -2.602, -2.87, -3.115, -3.285, -3.248, -2.89, -2.094, -0.922
0.5894, 1.908, 3.197, 4.344, 5.184, 5.625, 5.64, 5.305, 4.74, 4.188, 3.67, 3.2, 2.766, 2.295, 1.7, 1.009, 0.2112, -0.573, -1.309, -1.966, -2.455, -2.715, -2.773, -2.662, -2.424, -2.047, -1.543, -0.9575, -0.3396, 0.2942, 0.9478, 1.636, 2.268, 2.77, 3.133, 3.36, 3.527, 3.633, 3.752, 3.854, 3.934, 3.992, 3.992, 3.93, 3.822, 3.732, 3.695, 3.727, 3.777, 3.787, 3.662, 3.39, 2.914, 2.258, 1.474, 0.705, -0.0837, -0.85, -1.465, -2.0, -2.361, -2.549, -2.559, -2.473, -2.285, -1.954, -1.562, -1.093, -0.5645, 0.02585, 0.6333, 1.207, 1.786, 2.252, 2.64, 2.953, 3.232, 3.432, 3.568, 3.637, 3.662, 3.635, 3.686, 3.75, 3.879, 3.992, 4.117, 4.21, 4.29, 4.215, 3.932, 3.379, 2.588, 1.589, 0.4712, -0.6157, -1.539, -2.125, -2.275, -2.125, -1.852, -1.637, -1.588, -1.719, -2.0, -2.41, -2.86, -3.26, -3.56, -3.748, -3.791, -3.701, -3.508, -3.209, -2.865, -2.453, -2.023, -1.744, -1.507, -1.357, -1.214, -1.031, -0.9263, -0.7944, -0.6826, -0.5835, -0.4949, -0.3853, -0.255, -0.1038, 0.05045, 0.2416, 0.4204, 0.542, 0.667, 0.8154, 0.9604, 1.091, 1.22, 1.358, 1.559, 1.797, 2.086, 2.377, 2.791, 3.31, 3.87, 4.48, 5.11, 5.723, 6.4, 7.094, 7.73, 8.36, 8.875, 9.34, 9.805, 10.2, 10.516, 10.734, 10.89, 10.97, 11.0, 11.0, 10.94, 10.77, 10.47, 10.06, 9.53, 8.87, 8.055, 7.223, 6.418, 5.684, 4.934, 4.285, 3.857, 3.674, 3.688, 3.857, 3.984, 3.902, 3.514, 2.84, 1.926, 0.8687, -0.1594, -0.931, -1.312, -1.444, -1.512, -1.647, -1.841, -2.117, -2.396, -2.555, -2.533, -2.166, -1.512, -0.5757
0.6724, 1.688, 2.72, 3.668, 4.406, 4.82, 4.832, 4.54, 4.09, 3.668, 3.242, 2.834, 2.355, 1.809, 1.123, 0.3708, -0.3916, -1.104, -1.759, -2.32, -2.713, -2.91, -2.959, -2.863, -2.664, -2.371, -1.977, -1.489, -0.947, -0.3914, 0.1998, 0.838, 1.459, 1.926, 2.299, 2.531, 2.71, 2.846, 2.986, 3.105, 3.2, 3.25, 3.273, 3.254, 3.195, 3.168, 3.193, 3.297, 3.406, 3.422, 3.287, 2.922, 2.367, 1.646, 0.876, 0.1094, -0.593, -1.227, -1.765, -2.203, -2.498, -2.637, -2.67, -2.61, -2.45, -2.227, -1.943, -1.555, -1.123, -0.6187, -0.0864, 0.4685, 1.01, 1.461, 1.828, 2.137, 2.404, 2.611, 2.762, 2.867, 2.9, 2.934, 3.035, 3.188, 3.404, 3.61, 3.82, 3.97, 3.984, 3.766, 3.281, 2.545, 1.612, 0.558, -0.4612, -1.269, -1.796, -1.937, -1.74, -1.324, -0.9614, -0.767, -0.766, -0.9194, -1.183, -1.519, -1.888, -2.264, -2.578, -2.826, -2.967, -3.04, -3.06, -2.98, -2.826, -2.59, -2.33, -2.102, -1.928, -1.794, -1.681, -1.551, -1.454, -1.36, -1.281, -1.201, -1.106, -1.008, -0.899, -0.7773, -0.6045, -0.45, -0.313, -0.2051, -0.0867, 0.04935, 0.1807, 0.3003, 0.4246, 0.551, 0.734, 0.9326, 1.185, 1.437, 1.822, 2.322, 2.898, 3.535, 4.16, 4.832, 5.586, 6.324, 7.027, 7.75, 8.32, 8.82, 9.26, 9.64, 9.94, 10.14, 10.27, 10.336, 10.33, 10.27, 10.16, 9.91, 9.52, 9.03, 8.41, 7.707, 6.938, 6.13, 5.39, 4.695, 4.055, 3.531, 3.258, 3.238, 3.432, 3.68, 3.744, 3.496, 2.918, 2.07, 1.098, 0.2268, -0.4902, -0.8843, -0.981, -0.9463, -0.9697, -1.104, -1.35, -1.614, -1.869, -1.987, -1.907, -1.568, -1.015, -0.2477
0.683, 1.484, 2.312, 3.113, 3.766, 4.156, 4.195, 3.982, 3.674, 3.324, 2.967, 2.547, 2.008, 1.366, 0.631, -0.1192, -0.785, -1.359, -1.847, -2.246, -2.547, -2.707, -2.77, -2.738, -2.646, -2.465, -2.195, -1.829, -1.3955, -0.9023, -0.3801, 0.1809, 0.753, 1.209, 1.56, 1.83, 2.014, 2.162, 2.3, 2.418, 2.527, 2.613, 2.658, 2.686, 2.695, 2.773, 2.896, 3.057, 3.154, 3.127, 2.91, 2.453, 1.847, 1.147, 0.4165, -0.274, -0.8916, -1.376, -1.754, -2.08, -2.293, -2.428, -2.5, -2.486, -2.422, -2.29, -2.092, -1.815, -1.461, -1.059, -0.61, -0.12225, 0.3408, 0.756, 1.084, 1.399, 1.689, 1.914, 2.092, 2.24, 2.355, 2.459, 2.623, 2.86, 3.14, 3.426, 3.637, 3.727, 3.59, 3.205, 2.541, 1.716, 0.8267, -0.09906, -0.8955, -1.425, -1.661, -1.575, -1.301, -0.916, -0.64, -0.56, -0.661, -0.8486, -1.038, -1.217, -1.408, -1.661, -1.898, -2.102, -2.27, -2.422, -2.562, -2.633, -2.596, -2.504, -2.365, -2.23, -2.123, -2.059, -1.987, -1.923, -1.855, -1.795, -1.7295, -1.644, -1.584, -1.497, -1.4375, -1.333, -1.208, -1.087, -0.9624, -0.8687, -0.7505, -0.6245, -0.502, -0.4116, -0.3079, -0.1885, -0.01542, 0.2113, 0.4724, 0.755, 1.176, 1.693, 2.262, 2.916, 3.549, 4.22, 4.957, 5.703, 6.41, 7.145, 7.773, 8.31, 8.76, 9.125, 9.375, 9.586, 9.72, 9.766, 9.72, 9.625, 9.44, 9.09, 8.64, 8.09, 7.457, 6.715, 6.0, 5.26, 4.58, 3.938, 3.406, 3.055, 2.965, 3.113, 3.406, 3.586, 3.484, 3.012, 2.291, 1.429, 0.5566, -0.1349, -0.577, -0.7275, -0.701, -0.645, -0.7026, -0.8936, -1.141, -1.38, -1.557, -1.611, -1.481, -1.164, -0.701, -0.0624
0.6123, 1.27, 1.956, 2.645, 3.238, 3.639, 3.744, 3.611, 3.365, 3.072, 2.71, 2.26, 1.666, 1.006, 0.3147, -0.351, -0.9253, -1.349, -1.67, -1.941, -2.16, -2.316, -2.418, -2.465, -2.457, -2.379, -2.219, -1.969, -1.644, -1.238, -0.801, -0.3137, 0.1918, 0.617, 0.967, 1.225, 1.423, 1.585, 1.723, 1.844, 1.983, 2.102, 2.195, 2.277, 2.352, 2.502, 2.695, 2.875, 2.938, 2.816, 2.506, 2.012, 1.414, 0.766, 0.1051, -0.4673, -0.9365, -1.274, -1.517, -1.7295, -1.922, -2.062, -2.195, -2.25, -2.268, -2.227, -2.127, -1.939, -1.65, -1.329, -0.981, -0.5938, -0.2225, 0.1342, 0.479, 0.809, 1.119, 1.369, 1.586, 1.817, 2.004, 2.2, 2.406, 2.7, 3.03, 3.32, 3.473, 3.436, 3.148, 2.63, 1.921, 1.13, 0.3396, -0.4033, -0.988, -1.367, -1.496, -1.418, -1.23, -1.037, -0.9355, -1.007, -1.188, -1.373, -1.486, -1.494, -1.466, -1.4795, -1.53, -1.642, -1.772, -1.921, -2.1, -2.254, -2.297, -2.33, -2.293, -2.242, -2.203, -2.188, -2.172, -2.137, -2.13, -2.086, -2.025, -1.965, -1.906, -1.859, -1.824, -1.76, -1.686, -1.617, -1.519, -1.434, -1.338, -1.234, -1.14, -1.059, -0.9717, -0.8633, -0.703, -0.453, -0.1466, 0.2109, 0.665, 1.211, 1.798, 2.451, 3.123, 3.8, 4.5, 5.19, 5.902, 6.617, 7.242, 7.805, 8.266, 8.61, 8.87, 9.08, 9.195, 9.24, 9.19, 9.055, 8.8, 8.41, 7.918, 7.332, 6.64, 5.902, 5.203, 4.508, 3.893, 3.373, 3.006, 2.834, 2.908, 3.172, 3.441, 3.463, 3.143, 2.521, 1.765, 0.963, 0.2473, -0.2732, -0.556, -0.618, -0.5864, -0.595, -0.7124, -0.933, -1.154, -1.324, -1.418, -1.396, -1.24, -0.964, -0.542, -0.004623
0.4436, 1.0, 1.628, 2.273, 2.871, 3.28, 3.412, 3.33, 3.117, 2.832, 2.475, 1.992, 1.3955, 0.766, 0.1527, -0.396, -0.8247, -1.123, -1.342, -1.541, -1.7295, -1.893, -2.059, -2.176, -2.256, -2.254, -2.166, -1.998, -1.742, -1.414, -1.042, -0.6406, -0.2108, 0.1685, 0.493, 0.75, 0.957, 1.136, 1.301, 1.4375, 1.603, 1.765, 1.905, 2.031, 2.164, 2.363, 2.578, 2.734, 2.723, 2.514, 2.15, 1.649, 1.072, 0.4963, -0.02937, -0.4429, -0.747, -0.957, -1.135, -1.312, -1.498, -1.6875, -1.864, -2.0, -2.084, -2.113, -2.09, -1.973, -1.777, -1.51, -1.241, -0.9355, -0.616, -0.301, 0.01487, 0.346, 0.6807, 0.9727, 1.242, 1.524, 1.79, 2.041, 2.312, 2.635, 2.96, 3.203, 3.27, 3.104, 2.707, 2.12, 1.43, 0.688, 0.0088, -0.575, -1.039, -1.34, -1.497, -1.532, -1.509, -1.494, -1.561, -1.742, -1.914, -2.072, -2.082, -1.991, -1.809, -1.63, -1.501, -1.457, -1.49, -1.605, -1.762, -1.924, -2.031, -2.113, -2.137, -2.16, -2.19, -2.219, -2.258, -2.28, -2.268, -2.25, -2.201, -2.178, -2.129, -2.102, -2.098, -2.066, -2.033, -1.993, -1.928, -1.867, -1.795, -1.736, -1.661, -1.58, -1.49, -1.381, -1.221, -0.965, -0.639, -0.2186, 0.2761, 0.8594, 1.486, 2.148, 2.814, 3.475, 4.164, 4.83, 5.51, 6.16, 6.734, 7.297, 7.76, 8.11, 8.37, 8.56, 8.7, 8.74, 8.69, 8.5, 8.17, 7.742, 7.22, 6.582, 5.902, 5.195, 4.516, 3.889, 3.37, 2.998, 2.797, 2.785, 2.969, 3.238, 3.383, 3.219, 2.76, 2.1, 1.3545, 0.6523, 0.06976, -0.326, -0.54, -0.6177, -0.6616, -0.7495, -0.9097, -1.112, -1.277, -1.373, -1.385, -1.322, -1.177, -0.934, -0.568, -0.0926
0.2188, 0.7573, 1.337, 1.944, 2.53, 2.955, 3.111, 3.055, 2.871, 2.605, 2.252, 1.784, 1.234, 0.663, 0.145, -0.2727, -0.5767, -0.792, -0.956, -1.13, -1.325, -1.517, -1.7295, -1.915, -2.053, -2.111, -2.084, -1.983, -1.786, -1.527, -1.221, -0.861, -0.4998, -0.1608, 0.1404, 0.384, 0.5933, 0.785, 0.965, 1.141, 1.341, 1.551, 1.75, 1.93, 2.111, 2.314, 2.52, 2.61, 2.54, 2.248, 1.845, 1.384, 0.87, 0.3962, 0.02484, -0.2395, -0.4263, -0.586, -0.7354, -0.9204, -1.125, -1.357, -1.586, -1.783, -1.928, -2.008, -2.031, -1.986, -1.836, -1.645, -1.413, -1.171, -0.8916, -0.6016, -0.2893, 0.0449, 0.367, 0.6855, 0.998, 1.343, 1.666, 1.959, 2.256, 2.58, 2.871, 3.035, 3.0, 2.752, 2.316, 1.7295, 1.075, 0.3848, -0.2179, -0.7163, -1.114, -1.432, -1.667, -1.834, -1.984, -2.117, -2.273, -2.46, -2.596, -2.668, -2.594, -2.414, -2.166, -1.897, -1.643, -1.461, -1.3955, -1.432, -1.53, -1.662, -1.792, -1.897, -1.984, -2.055, -2.14, -2.193, -2.248, -2.281, -2.297, -2.293, -2.293, -2.28, -2.268, -2.271, -2.303, -2.312, -2.305, -2.275, -2.225, -2.186, -2.13, -2.088, -2.027, -1.951, -1.853, -1.723, -1.518, -1.258, -0.897, -0.4402, 0.08624, 0.6733, 1.303, 1.944, 2.588, 3.258, 3.943, 4.574, 5.19, 5.8, 6.344, 6.85, 7.31, 7.656, 7.92, 8.1, 8.2, 8.234, 8.16, 7.957, 7.59, 7.094, 6.543, 5.91, 5.23, 4.582, 3.95, 3.396, 3.002, 2.764, 2.707, 2.832, 3.037, 3.209, 3.186, 2.887, 2.363, 1.726, 1.055, 0.4436, -0.02913, -0.3643, -0.5767, -0.7124, -0.85, -1.0, -1.174, -1.324, -1.412, -1.435, -1.394, -1.308, -1.18, -0.9795, -0.671, -0.2651
0.01956, 0.5283, 1.066, 1.659, 2.232, 2.646, 2.828, 2.82, 2.664, 2.416, 2.07, 1.637, 1.156, 0.6753, 0.2542, -0.0546, -0.2598, -0.4253, -0.578, -0.7573, -0.976, -1.21, -1.458, -1.7, -1.883, -1.982, -2.014, -1.961, -1.822, -1.618, -1.359, -1.055, -0.744, -0.4346, -0.1672, 0.0825, 0.3042, 0.5176, 0.735, 0.9375, 1.163, 1.43, 1.675, 1.897, 2.088, 2.285, 2.43, 2.45, 2.32, 2.021, 1.615, 1.19, 0.7827, 0.4312, 0.2037, 0.0531, -0.087, -0.2202, -0.3782, -0.5923, -0.812, -1.061, -1.345, -1.598, -1.794, -1.94, -2.008, -1.982, -1.877, -1.715, -1.5205, -1.291, -1.036, -0.764, -0.4685, -0.1472, 0.175, 0.506, 0.8457, 1.223, 1.588, 1.898, 2.207, 2.496, 2.71, 2.793, 2.678, 2.387, 1.928, 1.367, 0.7554, 0.1426, -0.428, -0.901, -1.301, -1.665, -1.964, -2.254, -2.498, -2.723, -2.938, -3.074, -3.135, -3.076, -2.916, -2.686, -2.387, -2.078, -1.783, -1.542, -1.379, -1.327, -1.36, -1.436, -1.569, -1.703, -1.833, -1.949, -2.062, -2.135, -2.193, -2.244, -2.273, -2.295, -2.3, -2.312, -2.328, -2.37, -2.414, -2.453, -2.473, -2.467, -2.453, -2.424, -2.396, -2.36, -2.3, -2.238, -2.111, -1.938, -1.701, -1.404, -1.0205, -0.5444, 0.00744, 0.589, 1.195, 1.8125, 2.45, 3.102, 3.77, 4.395, 4.977, 5.53, 6.04, 6.516, 6.926, 7.277, 7.547, 7.69, 7.75, 7.723, 7.605, 7.36, 6.95, 6.434, 5.875, 5.266, 4.637, 4.0, 3.457, 2.994, 2.715, 2.617, 2.684, 2.863, 3.033, 3.08, 2.906, 2.53, 1.985, 1.371, 0.7944, 0.2778, -0.1323, -0.446, -0.694, -0.898, -1.096, -1.282, -1.432, -1.529, -1.54, -1.502, -1.421, -1.322, -1.21, -1.042, -0.7896, -0.4285
-0.1317, 0.3413, 0.8647, 1.417, 1.938, 2.346, 2.564, 2.605, 2.484, 2.25, 1.923, 1.539, 1.136, 0.7554, 0.432, 0.2151, 0.06213, -0.0872, -0.2466, -0.4353, -0.6704, -0.9404, -1.237, -1.506, -1.723, -1.863, -1.945, -1.941, -1.856, -1.708, -1.498, -1.241, -0.962, -0.6675, -0.397, -0.1355, 0.1057, 0.3396, 0.578, 0.8228, 1.079, 1.362, 1.656, 1.898, 2.086, 2.25, 2.324, 2.281, 2.107, 1.807, 1.4375, 1.09, 0.7876, 0.5723, 0.4375, 0.3445, 0.2211, 0.09845, -0.08386, -0.2974, -0.5474, -0.844, -1.16, -1.464, -1.707, -1.886, -1.989, -1.995, -1.902, -1.748, -1.566, -1.359, -1.114, -0.8467, -0.563, -0.2418, 0.0847, 0.4172, 0.78, 1.164, 1.532, 1.844, 2.133, 2.375, 2.533, 2.54, 2.373, 2.062, 1.588, 1.043, 0.4407, -0.131, -0.665, -1.134, -1.549, -1.937, -2.295, -2.668, -3.01, -3.262, -3.438, -3.5, -3.447, -3.27, -3.02, -2.7, -2.387, -2.08, -1.783, -1.546, -1.353, -1.24, -1.209, -1.238, -1.364, -1.519, -1.702, -1.84, -1.965, -2.053, -2.125, -2.19, -2.227, -2.256, -2.275, -2.293, -2.33, -2.377, -2.44, -2.5, -2.553, -2.584, -2.6, -2.604, -2.58, -2.56, -2.523, -2.45, -2.312, -2.11, -1.84, -1.496, -1.065, -0.5527, 0.01336, 0.592, 1.183, 1.783, 2.39, 3.014, 3.66, 4.273, 4.816, 5.32, 5.773, 6.207, 6.598, 6.94, 7.2, 7.316, 7.3, 7.195, 7.016, 6.734, 6.3, 5.777, 5.22, 4.652, 4.047, 3.49, 3.02, 2.668, 2.5, 2.512, 2.664, 2.84, 2.93, 2.855, 2.596, 2.18, 1.66, 1.1, 0.589, 0.1399, -0.246, -0.574, -0.863, -1.121, -1.353, -1.55, -1.677, -1.709, -1.658, -1.569, -1.454, -1.348, -1.231, -1.084, -0.863, -0.532
-0.2429, 0.1824, 0.6763, 1.192, 1.674, 2.068, 2.318, 2.406, 2.332, 2.121, 1.827, 1.492, 1.164, 0.8735, 0.6484, 0.5, 0.375, 0.2217, 0.04346, -0.1655, -0.4067, -0.7095, -1.025, -1.321, -1.575, -1.751, -1.875, -1.928, -1.895, -1.786, -1.611, -1.376, -1.11, -0.844, -0.583, -0.3132, -0.03616, 0.2355, 0.495, 0.772, 1.059, 1.355, 1.649, 1.899, 2.07, 2.18, 2.203, 2.11, 1.933, 1.667, 1.357, 1.066, 0.8687, 0.7505, 0.676, 0.6104, 0.499, 0.3413, 0.1406, -0.09326, -0.369, -0.6895, -1.027, -1.344, -1.609, -1.828, -1.965, -1.984, -1.906, -1.758, -1.58, -1.362, -1.112, -0.845, -0.563, -0.2467, 0.0673, 0.3945, 0.7617, 1.135, 1.492, 1.8, 2.06, 2.27, 2.352, 2.293, 2.08, 1.727, 1.272, 0.7314, 0.1533, -0.3867, -0.8994, -1.363, -1.796, -2.209, -2.627, -3.025, -3.373, -3.605, -3.695, -3.662, -3.482, -3.207, -2.896, -2.553, -2.225, -1.935, -1.679, -1.441, -1.244, -1.108, -1.058, -1.098, -1.22, -1.39, -1.561, -1.727, -1.866, -1.969, -2.049, -2.113, -2.172, -2.205, -2.223, -2.25, -2.29, -2.342, -2.422, -2.5, -2.568, -2.633, -2.674, -2.705, -2.71, -2.719, -2.691, -2.613, -2.46, -2.227, -1.913, -1.543, -1.082, -0.546, 0.01471, 0.5903, 1.178, 1.765, 2.361, 2.975, 3.602, 4.188, 4.703, 5.137, 5.547, 5.92, 6.29, 6.617, 6.824, 6.883, 6.805, 6.65, 6.42, 6.12, 5.703, 5.21, 4.652, 4.098, 3.547, 3.05, 2.658, 2.4, 2.336, 2.43, 2.61, 2.75, 2.766, 2.604, 2.303, 1.9, 1.413, 0.8936, 0.4163, -0.00488, -0.3901, -0.743, -1.062, -1.355, -1.618, -1.804, -1.8955, -1.881, -1.792, -1.648, -1.498, -1.366, -1.248, -1.108, -0.8984, -0.602
-0.3225, 0.05527, 0.507, 1.0, 1.451, 1.83, 2.098, 2.236, 2.2, 2.023, 1.764, 1.479, 1.221, 1.017, 0.8755, 0.764, 0.653, 0.4924, 0.294, 0.0646, -0.1982, -0.501, -0.8213, -1.132, -1.42, -1.645, -1.817, -1.918, -1.922, -1.838, -1.683, -1.474, -1.225, -0.958, -0.6943, -0.411, -0.10846, 0.1898, 0.472, 0.766, 1.061, 1.363, 1.658, 1.886, 2.03, 2.098, 2.078, 1.967, 1.785, 1.561, 1.326, 1.128, 1.005, 0.939, 0.8994, 0.827, 0.6997, 0.521, 0.2957, 0.0395, -0.2415, -0.558, -0.8984, -1.228, -1.507, -1.743, -1.905, -1.941, -1.874, -1.731, -1.551, -1.326, -1.082, -0.8027, -0.5073, -0.2042, 0.10345, 0.4275, 0.784, 1.136, 1.465, 1.756, 1.996, 2.158, 2.184, 2.055, 1.794, 1.403, 0.9653, 0.4456, -0.1035, -0.619, -1.122, -1.589, -2.027, -2.459, -2.877, -3.256, -3.543, -3.73, -3.758, -3.604, -3.34, -3.008, -2.67, -2.314, -2.012, -1.751, -1.501, -1.295, -1.12, -0.9785, -0.933, -0.9614, -1.095, -1.26, -1.438, -1.617, -1.759, -1.871, -1.972, -2.053, -2.117, -2.143, -2.158, -2.186, -2.23, -2.297, -2.377, -2.475, -2.56, -2.646, -2.723, -2.785, -2.83, -2.844, -2.816, -2.736, -2.564, -2.312, -1.984, -1.594, -1.108, -0.5684, -0.00938, 0.5703, 1.146, 1.734, 2.34, 2.953, 3.553, 4.117, 4.586, 4.977, 5.336, 5.68, 5.992, 6.258, 6.41, 6.41, 6.29, 6.086, 5.855, 5.566, 5.168, 4.664, 4.133, 3.617, 3.111, 2.695, 2.383, 2.219, 2.225, 2.367, 2.54, 2.625, 2.574, 2.365, 2.04, 1.6455, 1.183, 0.7075, 0.2615, -0.1559, -0.551, -0.932, -1.281, -1.59, -1.853, -2.03, -2.092, -2.037, -1.917, -1.734, -1.55, -1.386, -1.258, -1.116, -0.912, -0.6426
-0.3655, -0.01698, 0.3987, 0.853, 1.269, 1.61, 1.897, 2.074, 2.076, 1.934, 1.723, 1.496, 1.297, 1.16, 1.065, 0.987, 0.8716, 0.706, 0.4993, 0.2632, -0.00812, -0.3137, -0.639, -0.9536, -1.263, -1.537, -1.755, -1.891, -1.928, -1.869, -1.731, -1.539, -1.287, -1.018, -0.741, -0.439, -0.1304, 0.171, 0.4634, 0.761, 1.067, 1.364, 1.643, 1.855, 1.979, 2.01, 1.962, 1.839, 1.678, 1.496, 1.337, 1.221, 1.155, 1.126, 1.085, 0.9917, 0.848, 0.6587, 0.4165, 0.1577, -0.1215, -0.434, -0.7793, -1.11, -1.394, -1.639, -1.81, -1.87, -1.817, -1.6875, -1.494, -1.271, -1.005, -0.7256, -0.4138, -0.1135, 0.1906, 0.501, 0.83, 1.155, 1.455, 1.718, 1.933, 2.047, 2.016, 1.83, 1.5205, 1.1455, 0.6978, 0.2013, -0.3203, -0.8164, -1.291, -1.739, -2.188, -2.625, -3.016, -3.348, -3.605, -3.736, -3.688, -3.475, -3.156, -2.805, -2.44, -2.13, -1.848, -1.592, -1.366, -1.172, -1.01, -0.883, -0.8506, -0.888, -0.997, -1.153, -1.344, -1.524, -1.667, -1.783, -1.885, -1.981, -2.049, -2.078, -2.096, -2.129, -2.186, -2.264, -2.352, -2.45, -2.56, -2.664, -2.758, -2.852, -2.916, -2.95, -2.941, -2.857, -2.664, -2.396, -2.074, -1.674, -1.168, -0.6216, -0.05988, 0.5127, 1.092, 1.691, 2.3, 2.914, 3.492, 4.023, 4.477, 4.855, 5.188, 5.49, 5.746, 5.934, 6.023, 5.99, 5.85, 5.656, 5.414, 5.1, 4.7, 4.2, 3.69, 3.209, 2.758, 2.41, 2.178, 2.09, 2.156, 2.307, 2.453, 2.484, 2.389, 2.156, 1.814, 1.426, 0.985, 0.5366, 0.0909, -0.326, -0.724, -1.126, -1.49, -1.803, -2.055, -2.21, -2.242, -2.168, -2.02, -1.809, -1.6, -1.414, -1.255, -1.112, -0.9185, -0.664
-0.3936, -0.0606, 0.3208, 0.744, 1.13, 1.457, 1.742, 1.93, 1.96, 1.859, 1.699, 1.527, 1.393, 1.303, 1.236, 1.167, 1.054, 0.887, 0.678, 0.4346, 0.1666, -0.1312, -0.4573, -0.7856, -1.12, -1.439, -1.701, -1.862, -1.927, -1.88, -1.755, -1.557, -1.298, -1.027, -0.7417, -0.4348, -0.1288, 0.1691, 0.4604, 0.759, 1.059, 1.349, 1.607, 1.808, 1.908, 1.922, 1.853, 1.74, 1.602, 1.471, 1.373, 1.316, 1.289, 1.27, 1.215, 1.117, 0.954, 0.744, 0.5024, 0.2422, -0.03433, -0.343, -0.6733, -1.0, -1.289, -1.536, -1.718, -1.8, -1.765, -1.621, -1.426, -1.193, -0.9233, -0.6265, -0.3152, -0.01958, 0.2751, 0.571, 0.873, 1.171, 1.441, 1.684, 1.865, 1.933, 1.85, 1.632, 1.286, 0.8857, 0.4487, -0.023, -0.513, -0.9844, -1.428, -1.862, -2.297, -2.715, -3.092, -3.387, -3.623, -3.707, -3.62, -3.37, -3.055, -2.695, -2.354, -2.04, -1.779, -1.525, -1.321, -1.145, -0.9907, -0.88, -0.8384, -0.8647, -0.958, -1.097, -1.272, -1.454, -1.592, -1.715, -1.807, -1.906, -1.972, -2.01, -2.045, -2.092, -2.162, -2.254, -2.352, -2.453, -2.559, -2.676, -2.783, -2.9, -2.99, -3.047, -3.043, -2.945, -2.76, -2.484, -2.168, -1.76, -1.251, -0.712, -0.148, 0.4214, 1.0, 1.588, 2.21, 2.805, 3.379, 3.912, 4.37, 4.75, 5.08, 5.355, 5.56, 5.703, 5.734, 5.68, 5.543, 5.344, 5.08, 4.742, 4.316, 3.828, 3.33, 2.86, 2.46, 2.176, 2.027, 2.01, 2.107, 2.25, 2.36, 2.352, 2.209, 1.952, 1.612, 1.225, 0.798, 0.3562, -0.07184, -0.494, -0.907, -1.31, -1.689, -2.006, -2.238, -2.363, -2.371, -2.293, -2.12, -1.896, -1.654, -1.439, -1.257, -1.101, -0.9126, -0.679
-0.3972, -0.08014, 0.275, 0.6646, 1.025, 1.338, 1.613, 1.806, 1.859, 1.801, 1.689, 1.576, 1.492, 1.436, 1.392, 1.327, 1.216, 1.048, 0.8394, 0.598, 0.3286, 0.03433, -0.298, -0.646, -0.992, -1.337, -1.633, -1.821, -1.924, -1.894, -1.757, -1.559, -1.301, -1.027, -0.738, -0.4285, -0.1151, 0.1847, 0.4749, 0.763, 1.048, 1.3125, 1.543, 1.73, 1.828, 1.828, 1.764, 1.66, 1.553, 1.473, 1.427, 1.408, 1.406, 1.385, 1.326, 1.211, 1.031, 0.812, 0.572, 0.3093, 0.03418, -0.2673, -0.595, -0.9185, -1.201, -1.457, -1.643, -1.736, -1.698, -1.564, -1.346, -1.104, -0.8325, -0.532, -0.2202, 0.07477, 0.3503, 0.6333, 0.9194, 1.189, 1.438, 1.648, 1.791, 1.821, 1.706, 1.443, 1.078, 0.6772, 0.2413, -0.209, -0.6655, -1.123, -1.549, -1.955, -2.38, -2.785, -3.148, -3.447, -3.662, -3.72, -3.604, -3.367, -3.035, -2.7, -2.387, -2.102, -1.828, -1.592, -1.376, -1.196, -1.045, -0.946, -0.896, -0.894, -0.9717, -1.083, -1.245, -1.408, -1.541, -1.641, -1.74, -1.84, -1.925, -1.973, -2.012, -2.072, -2.156, -2.264, -2.371, -2.477, -2.576, -2.684, -2.791, -2.918, -3.035, -3.11, -3.12, -3.023, -2.85, -2.582, -2.27, -1.873, -1.372, -0.8335, -0.2693, 0.2988, 0.8843, 1.47, 2.072, 2.676, 3.262, 3.785, 4.254, 4.66, 4.984, 5.25, 5.42, 5.54, 5.56, 5.49, 5.336, 5.11, 4.8, 4.43, 3.973, 3.49, 3.033, 2.613, 2.262, 2.033, 1.941, 1.977, 2.076, 2.193, 2.26, 2.215, 2.047, 1.775, 1.427, 1.05, 0.6294, 0.1957, -0.232, -0.6587, -1.075, -1.483, -1.872, -2.186, -2.395, -2.5, -2.492, -2.387, -2.2, -1.961, -1.703, -1.467, -1.27, -1.093, -0.9097, -0.678
-0.3953, -0.0928, 0.2393, 0.5947, 0.94, 1.246, 1.504, 1.691, 1.7705, 1.752, 1.696, 1.633, 1.592, 1.565, 1.53, 1.469, 1.355, 1.188, 0.9805, 0.733, 0.4592, 0.1531, -0.1764, -0.526, -0.88, -1.243, -1.559, -1.791, -1.918, -1.904, -1.772, -1.5625, -1.295, -1.021, -0.723, -0.4124, -0.1011, 0.2018, 0.4902, 0.768, 1.03, 1.268, 1.482, 1.649, 1.73, 1.7295, 1.673, 1.599, 1.531, 1.494, 1.484, 1.497, 1.505, 1.484, 1.413, 1.285, 1.092, 0.868, 0.629, 0.3586, 0.0734, -0.2264, -0.541, -0.851, -1.132, -1.387, -1.591, -1.692, -1.653, -1.513, -1.283, -1.028, -0.7383, -0.4404, -0.1418, 0.1459, 0.4216, 0.6875, 0.953, 1.194, 1.424, 1.597, 1.711, 1.713, 1.556, 1.278, 0.9097, 0.513, 0.0902, -0.3472, -0.782, -1.217, -1.635, -2.049, -2.455, -2.861, -3.238, -3.543, -3.742, -3.793, -3.688, -3.441, -3.16, -2.863, -2.547, -2.26, -2.0, -1.743, -1.5, -1.308, -1.164, -1.059, -0.995, -0.978, -1.012, -1.105, -1.243, -1.386, -1.504, -1.599, -1.693, -1.788, -1.879, -1.941, -1.991, -2.064, -2.164, -2.281, -2.395, -2.496, -2.586, -2.676, -2.781, -2.914, -3.053, -3.148, -3.166, -3.086, -2.934, -2.688, -2.377, -2.004, -1.535, -0.9976, -0.4373, 0.128, 0.7085, 1.297, 1.881, 2.494, 3.082, 3.61, 4.08, 4.508, 4.867, 5.145, 5.316, 5.418, 5.434, 5.344, 5.168, 4.906, 4.57, 4.156, 3.691, 3.215, 2.785, 2.408, 2.12, 1.945, 1.897, 1.963, 2.066, 2.156, 2.172, 2.088, 1.89, 1.604, 1.26, 0.884, 0.4705, 0.04935, -0.3855, -0.8276, -1.249, -1.656, -2.035, -2.332, -2.527, -2.615, -2.582, -2.465, -2.273, -2.031, -1.756, -1.502, -1.277, -1.086, -0.899, -0.668
-0.3813, -0.0861, 0.2295, 0.5566, 0.8735, 1.17, 1.414, 1.596, 1.699, 1.723, 1.711, 1.697, 1.692, 1.684, 1.657, 1.596, 1.479, 1.315, 1.1045, 0.8506, 0.5693, 0.265, -0.06143, -0.4111, -0.779, -1.147, -1.486, -1.755, -1.916, -1.923, -1.793, -1.5625, -1.294, -1.02, -0.717, -0.4043, -0.09265, 0.2052, 0.4854, 0.754, 1.006, 1.227, 1.411, 1.557, 1.631, 1.636, 1.598, 1.557, 1.531, 1.534, 1.557, 1.578, 1.595, 1.577, 1.486, 1.34, 1.136, 0.912, 0.659, 0.378, 0.0862, -0.2095, -0.509, -0.806, -1.088, -1.355, -1.575, -1.677, -1.63, -1.464, -1.236, -0.9604, -0.6724, -0.3647, -0.06903, 0.2124, 0.4744, 0.7295, 0.9766, 1.208, 1.391, 1.535, 1.613, 1.584, 1.423, 1.119, 0.7607, 0.3738, -0.02727, -0.448, -0.8594, -1.279, -1.703, -2.135, -2.543, -2.965, -3.361, -3.668, -3.857, -3.898, -3.799, -3.59, -3.336, -3.053, -2.754, -2.46, -2.184, -1.921, -1.671, -1.444, -1.281, -1.175, -1.107, -1.074, -1.095, -1.147, -1.255, -1.371, -1.477, -1.564, -1.652, -1.752, -1.843, -1.917, -1.981, -2.064, -2.17, -2.291, -2.41, -2.506, -2.586, -2.664, -2.764, -2.898, -3.049, -3.156, -3.188, -3.143, -3.008, -2.805, -2.514, -2.152, -1.713, -1.195, -0.631, -0.07556, 0.4937, 1.083, 1.678, 2.273, 2.854, 3.385, 3.875, 4.312, 4.703, 5.004, 5.2, 5.29, 5.28, 5.184, 4.984, 4.71, 4.363, 3.943, 3.46, 2.99, 2.59, 2.262, 2.016, 1.893, 1.884, 1.959, 2.053, 2.117, 2.102, 1.974, 1.759, 1.464, 1.117, 0.7324, 0.3315, -0.0813, -0.505, -0.947, -1.378, -1.781, -2.148, -2.45, -2.643, -2.727, -2.688, -2.555, -2.346, -2.086, -1.818, -1.548, -1.305, -1.097, -0.89, -0.6533
-0.3655, -0.0775, 0.2195, 0.5273, 0.824, 1.107, 1.348, 1.535, 1.662, 1.714, 1.742, 1.764, 1.783, 1.791, 1.772, 1.707, 1.585, 1.419, 1.205, 0.9473, 0.6543, 0.3408, 0.01265, -0.3333, -0.7026, -1.078, -1.436, -1.733, -1.926, -1.955, -1.816, -1.569, -1.302, -1.02, -0.7183, -0.4065, -0.0972, 0.1951, 0.47, 0.7373, 0.982, 1.18, 1.348, 1.474, 1.545, 1.5625, 1.553, 1.545, 1.551, 1.58, 1.629, 1.664, 1.678, 1.648, 1.549, 1.385, 1.166, 0.9243, 0.6484, 0.3572, 0.06726, -0.2201, -0.4976, -0.778, -1.049, -1.327, -1.564, -1.674, -1.613, -1.433, -1.183, -0.909, -0.624, -0.3215, -0.03494, 0.2483, 0.5137, 0.761, 0.995, 1.201, 1.361, 1.4795, 1.529, 1.474, 1.288, 0.9893, 0.6377, 0.2522, -0.142, -0.539, -0.9263, -1.349, -1.782, -2.205, -2.64, -3.074, -3.482, -3.79, -3.96, -3.996, -3.926, -3.746, -3.508, -3.23, -2.945, -2.648, -2.371, -2.092, -1.836, -1.6, -1.41, -1.297, -1.216, -1.182, -1.18, -1.207, -1.279, -1.377, -1.467, -1.543, -1.621, -1.718, -1.817, -1.912, -1.989, -2.07, -2.174, -2.295, -2.41, -2.504, -2.576, -2.652, -2.754, -2.893, -3.043, -3.162, -3.201, -3.18, -3.086, -2.906, -2.64, -2.29, -1.881, -1.395, -0.8643, -0.3132, 0.2615, 0.847, 1.434, 2.004, 2.568, 3.115, 3.62, 4.08, 4.5, 4.83, 5.023, 5.12, 5.117, 4.996, 4.79, 4.504, 4.156, 3.73, 3.277, 2.828, 2.447, 2.143, 1.94, 1.859, 1.886, 1.965, 2.047, 2.078, 2.025, 1.873, 1.635, 1.346, 1.006, 0.626, 0.2251, -0.1868, -0.606, -1.047, -1.486, -1.894, -2.266, -2.572, -2.762, -2.84, -2.791, -2.648, -2.43, -2.156, -1.881, -1.614, -1.348, -1.1045, -0.879, -0.6353
-0.364, -0.0819, 0.2064, 0.502, 0.7954, 1.071, 1.313, 1.51, 1.649, 1.731, 1.788, 1.836, 1.873, 1.898, 1.884, 1.816, 1.68, 1.508, 1.283, 1.01, 0.7007, 0.3794, 0.0527, -0.2986, -0.6714, -1.053, -1.412, -1.734, -1.953, -1.979, -1.842, -1.589, -1.314, -1.024, -0.726, -0.4165, -0.11176, 0.1814, 0.458, 0.72, 0.951, 1.138, 1.291, 1.404, 1.469, 1.507, 1.529, 1.551, 1.583, 1.639, 1.699, 1.742, 1.749, 1.703, 1.588, 1.412, 1.176, 0.9023, 0.601, 0.2954, 0.006603, -0.263, -0.513, -0.7695, -1.029, -1.319, -1.569, -1.668, -1.602, -1.413, -1.153, -0.869, -0.577, -0.276, 0.00815, 0.281, 0.5405, 0.7886, 1.01, 1.196, 1.339, 1.423, 1.446, 1.368, 1.184, 0.889, 0.5317, 0.1663, -0.223, -0.5986, -1.002, -1.416, -1.8545, -2.285, -2.73, -3.178, -3.58, -3.89, -4.05, -4.082, -4.027, -3.89, -3.672, -3.404, -3.11, -2.812, -2.516, -2.234, -1.967, -1.723, -1.527, -1.398, -1.311, -1.273, -1.253, -1.273, -1.331, -1.404, -1.469, -1.543, -1.612, -1.707, -1.812, -1.913, -1.988, -2.078, -2.174, -2.29, -2.4, -2.488, -2.562, -2.643, -2.752, -2.895, -3.04, -3.16, -3.227, -3.225, -3.148, -3.0, -2.748, -2.434, -2.064, -1.619, -1.106, -0.5415, 0.0246, 0.5913, 1.158, 1.7295, 2.27, 2.814, 3.336, 3.81, 4.25, 4.586, 4.79, 4.91, 4.91, 4.81, 4.594, 4.3, 3.945, 3.54, 3.105, 2.684, 2.328, 2.053, 1.893, 1.849, 1.898, 1.9795, 2.04, 2.031, 1.944, 1.766, 1.524, 1.232, 0.8965, 0.5205, 0.1172, -0.3035, -0.722, -1.154, -1.597, -2.012, -2.398, -2.705, -2.89, -2.95, -2.89, -2.74, -2.51, -2.23, -1.949, -1.676, -1.396, -1.129, -0.884, -0.6313
-0.368, -0.086, 0.199, 0.4856, 0.769, 1.054, 1.293, 1.499, 1.658, 1.766, 1.844, 1.912, 1.963, 1.999, 1.991, 1.912, 1.762, 1.561, 1.305, 1.015, 0.6973, 0.378, 0.0527, -0.3032, -0.6797, -1.054, -1.412, -1.748, -1.972, -1.989, -1.845, -1.596, -1.315, -1.025, -0.7334, -0.429, -0.127, 0.1667, 0.4453, 0.7056, 0.922, 1.09, 1.234, 1.348, 1.42, 1.475, 1.523, 1.581, 1.639, 1.701, 1.77, 1.811, 1.806, 1.75, 1.619, 1.415, 1.146, 0.8423, 0.5254, 0.2103, -0.0773, -0.3298, -0.5605, -0.783, -1.029, -1.302, -1.551, -1.646, -1.578, -1.384, -1.128, -0.8403, -0.551, -0.251, 0.02954, 0.306, 0.5625, 0.8125, 1.02, 1.181, 1.309, 1.373, 1.375, 1.281, 1.078, 0.8013, 0.472, 0.1142, -0.2588, -0.625, -1.04, -1.463, -1.91, -2.344, -2.797, -3.236, -3.648, -3.96, -4.117, -4.156, -4.125, -4.01, -3.816, -3.547, -3.252, -2.955, -2.656, -2.375, -2.098, -1.836, -1.635, -1.494, -1.408, -1.359, -1.341, -1.354, -1.395, -1.447, -1.502, -1.561, -1.628, -1.713, -1.817, -1.923, -2.01, -2.092, -2.18, -2.28, -2.38, -2.465, -2.545, -2.635, -2.75, -2.89, -3.037, -3.16, -3.236, -3.252, -3.201, -3.084, -2.879, -2.582, -2.234, -1.83, -1.342, -0.797, -0.2406, 0.3323, 0.9, 1.447, 1.99, 2.541, 3.049, 3.525, 3.951, 4.305, 4.54, 4.688, 4.72, 4.64, 4.434, 4.133, 3.76, 3.36, 2.957, 2.566, 2.232, 1.987, 1.86, 1.85, 1.918, 1.996, 2.03, 1.988, 1.863, 1.668, 1.415, 1.119, 0.781, 0.412, 0.00963, -0.4143, -0.8354, -1.265, -1.713, -2.14, -2.53, -2.84, -3.02, -3.055, -2.979, -2.812, -2.578, -2.299, -2.018, -1.734, -1.441, -1.164, -0.8975, -0.634
-0.3826, -0.10126, 0.1847, 0.4717, 0.757, 1.031, 1.294, 1.507, 1.68, 1.803, 1.897, 1.977, 2.04, 2.078, 2.078, 1.989, 1.81, 1.566, 1.283, 0.9746, 0.653, 0.3352, 0.007023, -0.3474, -0.724, -1.088, -1.447, -1.778, -1.978, -1.98, -1.838, -1.592, -1.311, -1.031, -0.738, -0.4348, -0.1368, 0.1554, 0.4353, 0.6904, 0.896, 1.052, 1.19, 1.301, 1.383, 1.465, 1.54, 1.619, 1.7, 1.781, 1.8545, 1.882, 1.86, 1.777, 1.611, 1.376, 1.082, 0.754, 0.4307, 0.11426, -0.1776, -0.4233, -0.631, -0.824, -1.035, -1.285, -1.516, -1.606, -1.543, -1.355, -1.112, -0.832, -0.548, -0.2554, 0.03345, 0.313, 0.5737, 0.8184, 1.027, 1.18, 1.281, 1.34, 1.316, 1.209, 1.002, 0.726, 0.412, 0.06305, -0.3022, -0.683, -1.09, -1.527, -1.965, -2.396, -2.852, -3.29, -3.686, -4.0, -4.168, -4.23, -4.215, -4.125, -3.953, -3.7, -3.414, -3.113, -2.812, -2.525, -2.246, -1.98, -1.7705, -1.616, -1.516, -1.463, -1.442, -1.445, -1.47, -1.507, -1.55, -1.595, -1.646, -1.73, -1.834, -1.939, -2.031, -2.113, -2.195, -2.281, -2.365, -2.447, -2.531, -2.633, -2.754, -2.896, -3.035, -3.16, -3.242, -3.281, -3.256, -3.16, -2.988, -2.725, -2.396, -2.012, -1.553, -1.049, -0.52, 0.0455, 0.624, 1.167, 1.704, 2.256, 2.762, 3.217, 3.64, 4.0, 4.285, 4.484, 4.543, 4.492, 4.297, 3.99, 3.617, 3.223, 2.836, 2.48, 2.174, 1.954, 1.8545, 1.862, 1.934, 2.0, 2.01, 1.936, 1.779, 1.568, 1.313, 1.008, 0.665, 0.2935, -0.10675, -0.527, -0.9556, -1.401, -1.86, -2.297, -2.684, -2.994, -3.156, -3.168, -3.06, -2.879, -2.637, -2.36, -2.07, -1.781, -1.488, -1.205, -0.927, -0.6523
-0.3975, -0.11444, 0.1715, 0.4595, 0.747, 1.023, 1.293, 1.523, 1.702, 1.839, 1.945, 2.03, 2.098, 2.145, 2.137, 2.027, 1.811, 1.534, 1.219, 0.9014, 0.575, 0.2474, -0.0869, -0.4426, -0.8047, -1.157, -1.512, -1.823, -1.985, -1.969, -1.817, -1.576, -1.308, -1.025, -0.7397, -0.439, -0.1418, 0.1449, 0.4229, 0.6743, 0.873, 1.023, 1.158, 1.274, 1.375, 1.478, 1.577, 1.67, 1.766, 1.855, 1.93, 1.941, 1.893, 1.7705, 1.5625, 1.296, 0.9727, 0.641, 0.3076, -0.00981, -0.293, -0.5312, -0.722, -0.881, -1.057, -1.267, -1.472, -1.5625, -1.502, -1.333, -1.099, -0.831, -0.55, -0.258, 0.02963, 0.311, 0.5815, 0.823, 1.019, 1.166, 1.27, 1.308, 1.263, 1.131, 0.9297, 0.6567, 0.3423, -0.003147, -0.3704, -0.744, -1.153, -1.585, -2.031, -2.455, -2.906, -3.334, -3.723, -4.04, -4.215, -4.297, -4.3, -4.234, -4.098, -3.871, -3.582, -3.277, -2.969, -2.688, -2.412, -2.148, -1.926, -1.765, -1.648, -1.586, -1.556, -1.548, -1.562, -1.586, -1.612, -1.651, -1.707, -1.779, -1.866, -1.959, -2.059, -2.143, -2.223, -2.303, -2.377, -2.45, -2.537, -2.643, -2.771, -2.918, -3.05, -3.168, -3.27, -3.322, -3.324, -3.258, -3.113, -2.871, -2.555, -2.188, -1.765, -1.296, -0.783, -0.238, 0.3132, 0.844, 1.391, 1.924, 2.44, 2.908, 3.336, 3.713, 4.047, 4.273, 4.383, 4.344, 4.168, 3.87, 3.5, 3.115, 2.754, 2.418, 2.139, 1.947, 1.865, 1.884, 1.948, 1.996, 1.9795, 1.882, 1.705, 1.479, 1.206, 0.895, 0.5444, 0.1603, -0.2455, -0.669, -1.109, -1.566, -2.027, -2.46, -2.855, -3.156, -3.309, -3.299, -3.164, -2.955, -2.703, -2.422, -2.129, -1.832, -1.541, -1.249, -0.957, -0.6733
-0.4165, -0.129, 0.1584, 0.4458, 0.737, 1.0205, 1.299, 1.537, 1.726, 1.877, 1.992, 2.082, 2.158, 2.203, 2.17, 2.02, 1.76, 1.451, 1.123, 0.794, 0.4604, 0.1251, -0.2085, -0.558, -0.9106, -1.255, -1.596, -1.874, -1.996, -1.952, -1.792, -1.566, -1.303, -1.026, -0.7373, -0.444, -0.1543, 0.1338, 0.41, 0.661, 0.8584, 1.016, 1.154, 1.271, 1.383, 1.504, 1.621, 1.736, 1.838, 1.93, 1.984, 1.983, 1.898, 1.724, 1.478, 1.171, 0.833, 0.4863, 0.1536, -0.1582, -0.434, -0.6606, -0.819, -0.9424, -1.07, -1.256, -1.438, -1.524, -1.479, -1.321, -1.102, -0.8394, -0.558, -0.2668, 0.01666, 0.2908, 0.563, 0.8086, 1.01, 1.153, 1.236, 1.26, 1.207, 1.063, 0.854, 0.578, 0.2605, -0.0766, -0.4421, -0.8164, -1.24, -1.67, -2.117, -2.545, -2.984, -3.402, -3.793, -4.098, -4.28, -4.383, -4.4, -4.344, -4.227, -4.016, -3.738, -3.438, -3.143, -2.861, -2.578, -2.312, -2.094, -1.924, -1.796, -1.719, -1.676, -1.664, -1.663, -1.675, -1.697, -1.729, -1.777, -1.843, -1.922, -2.008, -2.096, -2.18, -2.264, -2.348, -2.42, -2.486, -2.566, -2.672, -2.809, -2.955, -3.082, -3.193, -3.297, -3.363, -3.39, -3.352, -3.23, -3.01, -2.715, -2.371, -1.982, -1.536, -1.048, -0.518, 0.01258, 0.5356, 1.061, 1.575, 2.086, 2.574, 3.008, 3.414, 3.756, 4.016, 4.156, 4.168, 4.008, 3.738, 3.398, 3.045, 2.705, 2.395, 2.143, 1.969, 1.894, 1.906, 1.953, 1.977, 1.936, 1.816, 1.628, 1.391, 1.11, 0.7896, 0.4258, 0.03119, -0.3875, -0.8223, -1.28, -1.746, -2.201, -2.637, -3.027, -3.332, -3.479, -3.453, -3.285, -3.045, -2.78, -2.496, -2.195, -1.896, -1.594, -1.288, -0.9863, -0.6953
-0.4282, -0.1382, 0.1472, 0.433, 0.722, 1.012, 1.297, 1.553, 1.756, 1.918, 2.041, 2.145, 2.225, 2.248, 2.166, 1.965, 1.674, 1.338, 0.9907, 0.6396, 0.2915, -0.0435, -0.3657, -0.6885, -1.019, -1.352, -1.676, -1.915, -2.0, -1.936, -1.779, -1.562, -1.311, -1.036, -0.747, -0.4548, -0.1658, 0.1165, 0.3926, 0.6484, 0.8496, 1.011, 1.151, 1.28, 1.407, 1.547, 1.687, 1.805, 1.901, 1.979, 2.016, 1.978, 1.85, 1.632, 1.341, 1.0, 0.6436, 0.2947, -0.03513, -0.3333, -0.5894, -0.7876, -0.9165, -1.002, -1.102, -1.25, -1.408, -1.506, -1.472, -1.333, -1.124, -0.8657, -0.576, -0.2876, -0.00783, 0.2683, 0.543, 0.788, 0.989, 1.118, 1.203, 1.217, 1.137, 0.9834, 0.773, 0.4917, 0.1775, -0.1655, -0.5327, -0.923, -1.347, -1.784, -2.234, -2.676, -3.113, -3.523, -3.902, -4.2, -4.39, -4.496, -4.523, -4.477, -4.35, -4.156, -3.887, -3.6, -3.316, -3.023, -2.74, -2.469, -2.236, -2.059, -1.9375, -1.854, -1.805, -1.773, -1.765, -1.766, -1.781, -1.811, -1.854, -1.911, -1.984, -2.064, -2.148, -2.232, -2.322, -2.414, -2.492, -2.555, -2.623, -2.72, -2.857, -3.004, -3.139, -3.254, -3.354, -3.414, -3.453, -3.436, -3.344, -3.15, -2.885, -2.549, -2.191, -1.785, -1.312, -0.801, -0.274, 0.2522, 0.755, 1.255, 1.768, 2.234, 2.654, 3.062, 3.422, 3.7, 3.867, 3.91, 3.803, 3.594, 3.303, 2.996, 2.684, 2.402, 2.176, 2.02, 1.94, 1.933, 1.951, 1.945, 1.88, 1.742, 1.552, 1.309, 1.024, 0.699, 0.3337, -0.0712, -0.4937, -0.9443, -1.432, -1.918, -2.371, -2.8, -3.2, -3.512, -3.65, -3.605, -3.412, -3.15, -2.87, -2.578, -2.266, -1.958, -1.643, -1.319, -1.009, -0.707
-0.4202, -0.1333, 0.1548, 0.444, 0.736, 1.029, 1.315, 1.578, 1.788, 1.959, 2.098, 2.203, 2.268, 2.25, 2.11, 1.851, 1.528, 1.181, 0.8154, 0.447, 0.09296, -0.2361, -0.5425, -0.835, -1.141, -1.454, -1.74, -1.936, -1.99, -1.924, -1.773, -1.573, -1.32, -1.049, -0.759, -0.4683, -0.1814, 0.1011, 0.3804, 0.6377, 0.8394, 1.015, 1.163, 1.299, 1.443, 1.592, 1.744, 1.865, 1.953, 2.008, 2.006, 1.924, 1.749, 1.486, 1.155, 0.7803, 0.4116, 0.0688, -0.247, -0.5186, -0.7397, -0.905, -1.006, -1.0625, -1.135, -1.259, -1.405, -1.513, -1.495, -1.363, -1.162, -0.897, -0.6147, -0.3296, -0.04614, 0.236, 0.506, 0.7485, 0.9463, 1.078, 1.152, 1.151, 1.061, 0.8975, 0.674, 0.3894, 0.0765, -0.2664, -0.6367, -1.039, -1.472, -1.921, -2.389, -2.844, -3.273, -3.668, -4.047, -4.344, -4.53, -4.633, -4.656, -4.605, -4.477, -4.285, -4.04, -3.766, -3.477, -3.186, -2.904, -2.623, -2.377, -2.195, -2.07, -1.986, -1.928, -1.887, -1.868, -1.867, -1.874, -1.893, -1.929, -1.989, -2.062, -2.145, -2.227, -2.312, -2.402, -2.498, -2.578, -2.637, -2.701, -2.797, -2.926, -3.066, -3.2, -3.312, -3.41, -3.473, -3.518, -3.518, -3.434, -3.285, -3.055, -2.756, -2.41, -2.02, -1.569, -1.086, -0.557, -0.02089, 0.4937, 0.965, 1.433, 1.877, 2.291, 2.701, 3.074, 3.371, 3.555, 3.621, 3.586, 3.443, 3.223, 2.955, 2.684, 2.434, 2.238, 2.094, 2.0, 1.964, 1.947, 1.908, 1.816, 1.668, 1.477, 1.246, 0.9624, 0.6343, 0.2664, -0.1396, -0.571, -1.039, -1.547, -2.05, -2.516, -2.947, -3.367, -3.68, -3.803, -3.736, -3.527, -3.256, -2.96, -2.652, -2.324, -2.01, -1.682, -1.342, -1.019, -0.708
-0.392, -0.0983, 0.1855, 0.4739, 0.7637, 1.062, 1.35, 1.615, 1.831, 2.008, 2.146, 2.24, 2.266, 2.19, 1.985, 1.687, 1.342, 0.9805, 0.6035, 0.2218, -0.1257, -0.4585, -0.749, -0.99, -1.26, -1.541, -1.781, -1.936, -1.973, -1.912, -1.777, -1.581, -1.336, -1.067, -0.7783, -0.4834, -0.1925, 0.0885, 0.3638, 0.6206, 0.831, 1.014, 1.176, 1.326, 1.48, 1.639, 1.781, 1.899, 1.973, 1.99, 1.946, 1.818, 1.595, 1.29, 0.9297, 0.5503, 0.1763, -0.1659, -0.4705, -0.7163, -0.9067, -1.032, -1.094, -1.125, -1.176, -1.292, -1.439, -1.543, -1.533, -1.417, -1.207, -0.9443, -0.6665, -0.3835, -0.09796, 0.1827, 0.4504, 0.692, 0.875, 1.018, 1.088, 1.086, 0.9746, 0.803, 0.5713, 0.286, -0.0392, -0.3892, -0.7686, -1.178, -1.614, -2.078, -2.562, -3.031, -3.451, -3.844, -4.21, -4.484, -4.652, -4.734, -4.742, -4.684, -4.562, -4.375, -4.156, -3.91, -3.639, -3.355, -3.072, -2.793, -2.547, -2.36, -2.227, -2.129, -2.06, -2.008, -1.982, -1.973, -1.977, -1.99, -2.02, -2.08, -2.164, -2.25, -2.334, -2.422, -2.516, -2.607, -2.69, -2.746, -2.809, -2.898, -3.012, -3.14, -3.268, -3.383, -3.479, -3.533, -3.574, -3.57, -3.51, -3.395, -3.197, -2.94, -2.623, -2.273, -1.834, -1.367, -0.868, -0.3298, 0.1835, 0.663, 1.112, 1.561, 1.955, 2.342, 2.703, 2.994, 3.2, 3.324, 3.348, 3.27, 3.113, 2.91, 2.691, 2.484, 2.31, 2.17, 2.07, 2.0, 1.945, 1.871, 1.756, 1.601, 1.411, 1.184, 0.897, 0.559, 0.1932, -0.2047, -0.6353, -1.117, -1.635, -2.156, -2.646, -3.1, -3.512, -3.816, -3.914, -3.84, -3.625, -3.336, -3.031, -2.715, -2.371, -2.045, -1.697, -1.342, -1.01, -0.6895
-0.3486, -0.05127, 0.2383, 0.5234, 0.823, 1.12, 1.41, 1.668, 1.877, 2.057, 2.188, 2.248, 2.215, 2.059, 1.797, 1.473, 1.106, 0.7285, 0.3416, -0.02441, -0.3699, -0.6978, -0.9507, -1.159, -1.392, -1.63, -1.82, -1.93, -1.951, -1.9, -1.78, -1.599, -1.3545, -1.083, -0.7896, -0.4978, -0.21, 0.0682, 0.349, 0.6113, 0.833, 1.027, 1.202, 1.361, 1.517, 1.672, 1.812, 1.908, 1.947, 1.923, 1.825, 1.646, 1.376, 1.04, 0.6636, 0.2866, -0.0768, -0.4016, -0.6836, -0.91, -1.067, -1.16, -1.189, -1.198, -1.234, -1.341, -1.488, -1.6, -1.595, -1.477, -1.268, -1.01, -0.7354, -0.4463, -0.1633, 0.11346, 0.3806, 0.61, 0.79, 0.9326, 1.014, 1.012, 0.8916, 0.7075, 0.4592, 0.1562, -0.1735, -0.5225, -0.91, -1.333, -1.785, -2.27, -2.752, -3.209, -3.633, -4.023, -4.36, -4.598, -4.734, -4.79, -4.78, -4.71, -4.586, -4.418, -4.22, -3.998, -3.758, -3.506, -3.242, -2.975, -2.732, -2.54, -2.406, -2.297, -2.215, -2.15, -2.115, -2.092, -2.088, -2.102, -2.133, -2.195, -2.29, -2.383, -2.469, -2.559, -2.656, -2.754, -2.832, -2.889, -2.945, -3.023, -3.121, -3.236, -3.355, -3.469, -3.559, -3.615, -3.64, -3.635, -3.59, -3.49, -3.324, -3.113, -2.824, -2.496, -2.092, -1.659, -1.168, -0.649, -0.1449, 0.344, 0.82, 1.252, 1.637, 2.0, 2.33, 2.623, 2.844, 3.0, 3.064, 3.047, 2.967, 2.836, 2.684, 2.53, 2.38, 2.246, 2.137, 2.04, 1.943, 1.836, 1.699, 1.529, 1.332, 1.099, 0.8003, 0.4565, 0.093, -0.2974, -0.7314, -1.226, -1.752, -2.28, -2.781, -3.238, -3.64, -3.914, -3.992, -3.904, -3.678, -3.383, -3.07, -2.75, -2.398, -2.059, -1.691, -1.318, -0.9717, -0.647
-0.276, 0.012405, 0.2922, 0.5806, 0.878, 1.18, 1.478, 1.733, 1.944, 2.105, 2.209, 2.217, 2.113, 1.887, 1.571, 1.222, 0.8345, 0.441, 0.05847, -0.2947, -0.6333, -0.9316, -1.146, -1.318, -1.515, -1.707, -1.85, -1.92, -1.93, -1.884, -1.779, -1.605, -1.375, -1.1, -0.8135, -0.5205, -0.2312, 0.05347, 0.3372, 0.5977, 0.8345, 1.046, 1.236, 1.406, 1.559, 1.707, 1.823, 1.882, 1.875, 1.797, 1.648, 1.421, 1.111, 0.751, 0.3755, -0.01244, -0.364, -0.6655, -0.905, -1.088, -1.217, -1.279, -1.293, -1.287, -1.318, -1.418, -1.553, -1.656, -1.652, -1.531, -1.326, -1.078, -0.8125, -0.527, -0.2362, 0.0375, 0.2952, 0.5195, 0.699, 0.838, 0.932, 0.924, 0.7974, 0.5996, 0.333, 0.01426, -0.3315, -0.6904, -1.086, -1.5205, -1.975, -2.445, -2.92, -3.371, -3.797, -4.184, -4.492, -4.703, -4.81, -4.836, -4.8, -4.707, -4.57, -4.41, -4.227, -4.03, -3.832, -3.617, -3.387, -3.148, -2.918, -2.73, -2.586, -2.47, -2.387, -2.322, -2.273, -2.242, -2.23, -2.244, -2.28, -2.346, -2.441, -2.541, -2.627, -2.715, -2.82, -2.918, -2.996, -3.05, -3.1, -3.168, -3.256, -3.357, -3.46, -3.56, -3.635, -3.688, -3.707, -3.707, -3.67, -3.59, -3.443, -3.266, -3.033, -2.727, -2.348, -1.946, -1.494, -0.988, -0.4854, 0.01023, 0.5015, 0.9355, 1.324, 1.69, 2.006, 2.293, 2.53, 2.686, 2.773, 2.795, 2.773, 2.727, 2.645, 2.547, 2.416, 2.297, 2.188, 2.068, 1.941, 1.799, 1.635, 1.451, 1.239, 0.9834, 0.672, 0.3286, -0.0373, -0.441, -0.89, -1.395, -1.921, -2.445, -2.941, -3.387, -3.754, -3.98, -4.04, -3.936, -3.707, -3.408, -3.09, -2.746, -2.395, -2.027, -1.642, -1.258, -0.897, -0.5713
-0.2052, 0.0796, 0.3577, 0.6494, 0.9497, 1.262, 1.568, 1.824, 2.016, 2.148, 2.2, 2.137, 1.949, 1.661, 1.3125, 0.923, 0.535, 0.1354, -0.2517, -0.584, -0.9, -1.154, -1.323, -1.468, -1.623, -1.775, -1.877, -1.917, -1.917, -1.876, -1.775, -1.608, -1.387, -1.118, -0.829, -0.54, -0.2424, 0.0432, 0.3235, 0.599, 0.849, 1.079, 1.283, 1.447, 1.601, 1.732, 1.811, 1.826, 1.767, 1.636, 1.43, 1.155, 0.82, 0.4495, 0.0657, -0.3037, -0.6484, -0.9263, -1.129, -1.274, -1.362, -1.403, -1.406, -1.399, -1.418, -1.506, -1.63, -1.711, -1.699, -1.574, -1.385, -1.148, -0.886, -0.6143, -0.3218, -0.0397, 0.2126, 0.4287, 0.6094, 0.7583, 0.8496, 0.824, 0.686, 0.4746, 0.1865, -0.1353, -0.4841, -0.858, -1.279, -1.717, -2.164, -2.629, -3.084, -3.53, -3.941, -4.32, -4.617, -4.81, -4.895, -4.89, -4.832, -4.71, -4.56, -4.39, -4.21, -4.04, -3.875, -3.703, -3.51, -3.299, -3.094, -2.908, -2.77, -2.662, -2.582, -2.516, -2.459, -2.42, -2.402, -2.41, -2.451, -2.521, -2.615, -2.713, -2.797, -2.887, -2.992, -3.094, -3.166, -3.215, -3.258, -3.32, -3.402, -3.484, -3.57, -3.648, -3.71, -3.76, -3.783, -3.791, -3.752, -3.688, -3.58, -3.416, -3.207, -2.932, -2.602, -2.242, -1.807, -1.338, -0.8555, -0.3525, 0.1394, 0.592, 1.014, 1.384, 1.713, 1.982, 2.191, 2.36, 2.469, 2.54, 2.57, 2.594, 2.57, 2.516, 2.428, 2.348, 2.232, 2.092, 1.935, 1.762, 1.574, 1.362, 1.129, 0.8516, 0.5312, 0.184, -0.1997, -0.618, -1.093, -1.608, -2.13, -2.643, -3.121, -3.54, -3.842, -4.02, -4.06, -3.941, -3.705, -3.396, -3.059, -2.705, -2.336, -1.96, -1.566, -1.174, -0.8213, -0.4993
-0.1218, 0.1517, 0.4304, 0.7295, 1.043, 1.362, 1.669, 1.922, 2.088, 2.162, 2.137, 1.997, 1.74, 1.406, 1.027, 0.614, 0.202, -0.1863, -0.545, -0.8657, -1.145, -1.354, -1.492, -1.609, -1.721, -1.827, -1.8955, -1.92, -1.91, -1.861, -1.758, -1.595, -1.384, -1.123, -0.8394, -0.546, -0.251, 0.0396, 0.3252, 0.6016, 0.865, 1.107, 1.311, 1.476, 1.619, 1.733, 1.774, 1.738, 1.629, 1.448, 1.2, 0.892, 0.533, 0.1581, -0.218, -0.589, -0.917, -1.171, -1.351, -1.463, -1.522, -1.535, -1.529, -1.524, -1.542, -1.607, -1.695, -1.754, -1.73, -1.613, -1.436, -1.213, -0.96, -0.685, -0.4028, -0.11615, 0.1338, 0.3481, 0.5293, 0.675, 0.745, 0.696, 0.548, 0.3188, 0.02803, -0.2979, -0.6533, -1.044, -1.473, -1.921, -2.379, -2.84, -3.275, -3.7, -4.086, -4.445, -4.723, -4.9, -4.97, -4.945, -4.86, -4.73, -4.562, -4.39, -4.215, -4.06, -3.914, -3.775, -3.613, -3.44, -3.256, -3.084, -2.95, -2.852, -2.785, -2.72, -2.662, -2.617, -2.598, -2.604, -2.637, -2.71, -2.803, -2.896, -2.977, -3.062, -3.164, -3.262, -3.332, -3.38, -3.426, -3.48, -3.543, -3.611, -3.678, -3.738, -3.781, -3.832, -3.85, -3.857, -3.826, -3.762, -3.68, -3.559, -3.373, -3.13, -2.842, -2.502, -2.115, -1.685, -1.225, -0.7217, -0.2284, 0.2583, 0.698, 1.085, 1.413, 1.696, 1.904, 2.066, 2.191, 2.309, 2.404, 2.48, 2.506, 2.48, 2.434, 2.36, 2.246, 2.105, 1.927, 1.731, 1.516, 1.277, 1.013, 0.7124, 0.3877, 0.0294, -0.3765, -0.8257, -1.312, -1.825, -2.355, -2.867, -3.32, -3.703, -3.941, -4.06, -4.062, -3.916, -3.658, -3.344, -3.0, -2.62, -2.238, -1.861, -1.474, -1.088, -0.7373, -0.4128
-0.03558, 0.2313, 0.505, 0.806, 1.124, 1.451, 1.762, 2.0, 2.125, 2.127, 2.016, 1.801, 1.487, 1.118, 0.7163, 0.287, -0.1235, -0.497, -0.8394, -1.129, -1.358, -1.539, -1.651, -1.735, -1.804, -1.871, -1.91, -1.919, -1.906, -1.853, -1.739, -1.574, -1.365, -1.114, -0.833, -0.5347, -0.238, 0.0586, 0.346, 0.623, 0.884, 1.131, 1.344, 1.497, 1.624, 1.699, 1.69, 1.604, 1.448, 1.2295, 0.945, 0.6074, 0.2384, -0.1305, -0.4985, -0.849, -1.152, -1.387, -1.546, -1.639, -1.672, -1.67, -1.656, -1.648, -1.667, -1.711, -1.764, -1.794, -1.756, -1.649, -1.486, -1.265, -1.029, -0.757, -0.4714, -0.1902, 0.0605, 0.2642, 0.4438, 0.5728, 0.614, 0.539, 0.3745, 0.1436, -0.1538, -0.482, -0.8438, -1.241, -1.674, -2.125, -2.584, -3.055, -3.49, -3.883, -4.234, -4.547, -4.797, -4.957, -5.016, -4.977, -4.88, -4.742, -4.57, -4.39, -4.227, -4.074, -3.95, -3.832, -3.7, -3.553, -3.398, -3.254, -3.137, -3.053, -2.996, -2.938, -2.879, -2.832, -2.81, -2.812, -2.848, -2.91, -2.996, -3.09, -3.17, -3.25, -3.338, -3.424, -3.492, -3.55, -3.598, -3.639, -3.682, -3.727, -3.777, -3.82, -3.86, -3.898, -3.914, -3.92, -3.889, -3.842, -3.781, -3.695, -3.56, -3.37, -3.09, -2.78, -2.42, -1.998, -1.556, -1.076, -0.593, -0.0949, 0.3582, 0.7812, 1.13, 1.433, 1.675, 1.852, 1.989, 2.133, 2.256, 2.365, 2.432, 2.43, 2.402, 2.344, 2.244, 2.096, 1.906, 1.699, 1.462, 1.199, 0.9043, 0.591, 0.2578, -0.1105, -0.5435, -1.028, -1.525, -2.049, -2.588, -3.104, -3.543, -3.857, -4.04, -4.11, -4.05, -3.86, -3.572, -3.242, -2.895, -2.504, -2.117, -1.735, -1.359, -0.9883, -0.6445, -0.3293
0.04532, 0.309, 0.593, 0.898, 1.222, 1.545, 1.844, 2.053, 2.121, 2.03, 1.843, 1.566, 1.218, 0.822, 0.4062, -0.02557, -0.4216, -0.777, -1.086, -1.346, -1.547, -1.6875, -1.772, -1.828, -1.868, -1.901, -1.917, -1.92, -1.898, -1.842, -1.729, -1.558, -1.343, -1.086, -0.8105, -0.5137, -0.2177, 0.0818, 0.3777, 0.658, 0.919, 1.158, 1.361, 1.503, 1.593, 1.615, 1.56, 1.418, 1.227, 0.9746, 0.661, 0.314, -0.04953, -0.4124, -0.7627, -1.089, -1.368, -1.58, -1.717, -1.789, -1.808, -1.799, -1.78, -1.771, -1.781, -1.801, -1.825, -1.83, -1.79, -1.682, -1.533, -1.342, -1.095, -0.8237, -0.544, -0.2695, -0.02893, 0.177, 0.3416, 0.4583, 0.4778, 0.3765, 0.195, -0.0467, -0.3425, -0.6626, -1.02, -1.424, -1.878, -2.332, -2.795, -3.273, -3.725, -4.09, -4.39, -4.65, -4.855, -4.992, -5.03, -4.99, -4.887, -4.75, -4.582, -4.4, -4.234, -4.09, -3.973, -3.871, -3.758, -3.639, -3.521, -3.414, -3.324, -3.26, -3.21, -3.158, -3.102, -3.055, -3.031, -3.031, -3.062, -3.123, -3.2, -3.285, -3.363, -3.432, -3.504, -3.578, -3.646, -3.709, -3.754, -3.781, -3.807, -3.836, -3.875, -3.906, -3.934, -3.959, -3.969, -3.965, -3.95, -3.912, -3.89, -3.842, -3.744, -3.605, -3.357, -3.068, -2.73, -2.324, -1.892, -1.4375, -0.9487, -0.466, 0.01852, 0.4634, 0.854, 1.186, 1.46, 1.672, 1.848, 2.0, 2.148, 2.264, 2.334, 2.37, 2.352, 2.295, 2.203, 2.062, 1.879, 1.663, 1.411, 1.122, 0.804, 0.4707, 0.1222, -0.266, -0.7153, -1.21, -1.7295, -2.281, -2.82, -3.32, -3.727, -3.99, -4.12, -4.125, -4.01, -3.777, -3.438, -3.088, -2.727, -2.332, -1.949, -1.568, -1.199, -0.85, -0.535, -0.2365
0.1174, 0.381, 0.672, 0.9844, 1.311, 1.628, 1.919, 2.074, 2.066, 1.899, 1.629, 1.301, 0.9224, 0.501, 0.07477, -0.3464, -0.7173, -1.039, -1.308, -1.535, -1.694, -1.797, -1.8545, -1.891, -1.906, -1.916, -1.917, -1.915, -1.8955, -1.836, -1.721, -1.551, -1.328, -1.068, -0.7827, -0.481, -0.1821, 0.11115, 0.4075, 0.7, 0.958, 1.192, 1.381, 1.488, 1.539, 1.506, 1.392, 1.211, 0.9834, 0.697, 0.3745, 0.02953, -0.3215, -0.675, -1.01, -1.318, -1.571, -1.75, -1.862, -1.915, -1.928, -1.916, -1.895, -1.877, -1.874, -1.878, -1.876, -1.871, -1.828, -1.744, -1.599, -1.416, -1.1875, -0.9224, -0.654, -0.3826, -0.1334, 0.0673, 0.2235, 0.3198, 0.3176, 0.2006, 0.003933, -0.2423, -0.5366, -0.8555, -1.206, -1.619, -2.082, -2.545, -3.016, -3.502, -3.95, -4.29, -4.54, -4.754, -4.918, -5.016, -5.04, -4.992, -4.9, -4.77, -4.605, -4.418, -4.246, -4.1, -3.988, -3.89, -3.795, -3.7, -3.621, -3.553, -3.49, -3.441, -3.402, -3.354, -3.3, -3.256, -3.232, -3.238, -3.27, -3.326, -3.396, -3.473, -3.543, -3.602, -3.656, -3.715, -3.781, -3.842, -3.877, -3.895, -3.91, -3.932, -3.96, -3.98, -4.0, -4.02, -4.023, -4.02, -3.979, -3.979, -3.984, -3.979, -3.928, -3.809, -3.617, -3.342, -3.02, -2.646, -2.246, -1.798, -1.318, -0.827, -0.3394, 0.1322, 0.556, 0.948, 1.261, 1.512, 1.729, 1.899, 2.05, 2.166, 2.246, 2.28, 2.275, 2.238, 2.145, 2.016, 1.84, 1.617, 1.343, 1.035, 0.701, 0.3562, -0.004196, -0.4294, -0.9043, -1.419, -1.965, -2.518, -3.043, -3.512, -3.867, -4.08, -4.164, -4.117, -3.95, -3.646, -3.285, -2.914, -2.533, -2.139, -1.746, -1.375, -1.035, -0.6978, -0.4067, -0.1396
0.1816, 0.4443, 0.7407, 1.073, 1.408, 1.729, 1.9795, 2.055, 1.963, 1.712, 1.4, 1.044, 0.6416, 0.209, -0.2202, -0.6245, -0.983, -1.268, -1.516, -1.703, -1.828, -1.885, -1.914, -1.925, -1.928, -1.926, -1.919, -1.914, -1.895, -1.844, -1.719, -1.546, -1.329, -1.072, -0.781, -0.4792, -0.1758, 0.1244, 0.4275, 0.7183, 0.979, 1.196, 1.359, 1.438, 1.444, 1.361, 1.185, 0.9746, 0.7153, 0.4094, 0.0776, -0.2617, -0.6025, -0.938, -1.265, -1.552, -1.774, -1.921, -1.995, -2.023, -2.03, -2.016, -1.986, -1.96, -1.948, -1.941, -1.936, -1.924, -1.897, -1.832, -1.702, -1.524, -1.298, -1.051, -0.7915, -0.5327, -0.302, -0.1021, 0.0563, 0.1498, 0.1348, 0.01066, -0.1866, -0.4438, -0.744, -1.071, -1.424, -1.846, -2.307, -2.77, -3.256, -3.717, -4.133, -4.438, -4.664, -4.84, -4.97, -5.035, -5.055, -5.01, -4.918, -4.797, -4.64, -4.445, -4.26, -4.117, -4.0, -3.902, -3.816, -3.748, -3.7, -3.66, -3.625, -3.592, -3.562, -3.521, -3.473, -3.426, -3.402, -3.41, -3.445, -3.506, -3.572, -3.64, -3.703, -3.754, -3.793, -3.834, -3.885, -3.932, -3.96, -3.973, -3.982, -4.004, -4.03, -4.047, -4.06, -4.062, -4.062, -4.06, -4.05, -4.06, -4.066, -4.08, -4.062, -4.016, -3.86, -3.613, -3.322, -2.969, -2.584, -2.18, -1.705, -1.215, -0.72, -0.2158, 0.2446, 0.6763, 1.047, 1.357, 1.623, 1.806, 1.948, 2.055, 2.129, 2.168, 2.168, 2.137, 2.068, 1.953, 1.782, 1.556, 1.268, 0.938, 0.5986, 0.2512, -0.1354, -0.5986, -1.11, -1.646, -2.207, -2.752, -3.248, -3.674, -3.96, -4.117, -4.156, -4.062, -3.844, -3.492, -3.088, -2.7, -2.303, -1.8955, -1.492, -1.137, -0.8223, -0.528, -0.284, -0.05164
0.2418, 0.4963, 0.811, 1.152, 1.507, 1.822, 2.023, 2.008, 1.815, 1.506, 1.155, 0.7666, 0.3486, -0.07825, -0.5024, -0.8867, -1.21, -1.478, -1.693, -1.844, -1.918, -1.943, -1.949, -1.955, -1.949, -1.933, -1.93, -1.923, -1.902, -1.857, -1.742, -1.57, -1.354, -1.096, -0.795, -0.494, -0.1918, 0.1123, 0.4216, 0.715, 0.967, 1.168, 1.314, 1.363, 1.3125, 1.176, 0.964, 0.7197, 0.428, 0.1109, -0.2197, -0.5586, -0.909, -1.235, -1.552, -1.802, -1.978, -2.074, -2.113, -2.123, -2.113, -2.088, -2.055, -2.027, -2.014, -2.012, -2.012, -2.002, -1.985, -1.934, -1.828, -1.667, -1.45, -1.202, -0.9478, -0.7153, -0.4937, -0.297, -0.139, -0.05005, -0.0766, -0.2074, -0.4102, -0.6724, -0.978, -1.317, -1.677, -2.084, -2.547, -3.03, -3.492, -3.904, -4.258, -4.527, -4.734, -4.895, -5.01, -5.07, -5.086, -5.043, -4.953, -4.836, -4.68, -4.477, -4.277, -4.125, -4.004, -3.895, -3.814, -3.764, -3.738, -3.727, -3.715, -3.7, -3.678, -3.645, -3.607, -3.566, -3.543, -3.553, -3.592, -3.65, -3.719, -3.787, -3.846, -3.885, -3.91, -3.924, -3.95, -3.982, -4.01, -4.03, -4.047, -4.07, -4.098, -4.117, -4.12, -4.117, -4.11, -4.098, -4.094, -4.11, -4.12, -4.137, -4.168, -4.152, -4.055, -3.883, -3.63, -3.322, -2.963, -2.555, -2.107, -1.655, -1.139, -0.598, -0.09607, 0.3667, 0.772, 1.155, 1.469, 1.6875, 1.841, 1.949, 2.0, 2.041, 2.045, 2.027, 1.977, 1.887, 1.731, 1.502, 1.191, 0.8438, 0.4976, 0.1316, -0.2961, -0.803, -1.343, -1.903, -2.459, -2.988, -3.45, -3.81, -4.027, -4.133, -4.125, -3.97, -3.676, -3.285, -2.855, -2.42, -2.02, -1.602, -1.202, -0.8647, -0.5776, -0.3425, -0.1648, 0.03314
0.3003, 0.5513, 0.88, 1.235, 1.602, 1.894, 2.02, 1.912, 1.646, 1.291, 0.9106, 0.5034, 0.06903, -0.3545, -0.741, -1.093, -1.412, -1.673, -1.853, -1.95, -1.988, -1.989, -1.989, -1.984, -1.979, -1.959, -1.954, -1.954, -1.937, -1.891, -1.782, -1.621, -1.408, -1.145, -0.8486, -0.547, -0.2417, 0.0676, 0.3745, 0.6675, 0.92, 1.109, 1.23, 1.245, 1.151, 0.973, 0.7275, 0.4536, 0.1434, -0.1925, -0.5337, -0.8765, -1.218, -1.54, -1.828, -2.033, -2.143, -2.19, -2.201, -2.193, -2.172, -2.143, -2.113, -2.086, -2.07, -2.07, -2.08, -2.09, -2.082, -2.057, -1.965, -1.818, -1.619, -1.385, -1.144, -0.91, -0.69, -0.4934, -0.3503, -0.273, -0.3152, -0.4512, -0.661, -0.9214, -1.2295, -1.571, -1.941, -2.352, -2.8, -3.275, -3.713, -4.055, -4.332, -4.566, -4.766, -4.934, -5.05, -5.117, -5.13, -5.08, -4.996, -4.867, -4.7, -4.484, -4.27, -4.11, -3.975, -3.865, -3.775, -3.736, -3.717, -3.732, -3.744, -3.742, -3.727, -3.705, -3.676, -3.65, -3.648, -3.67, -3.717, -3.775, -3.84, -3.902, -3.95, -3.973, -3.979, -3.973, -3.982, -4.008, -4.05, -4.09, -4.117, -4.137, -4.16, -4.176, -4.18, -4.168, -4.152, -4.137, -4.14, -4.168, -4.188, -4.207, -4.234, -4.25, -4.22, -4.094, -3.91, -3.652, -3.32, -2.936, -2.502, -2.05, -1.546, -1.011, -0.4707, 0.01997, 0.468, 0.901, 1.26, 1.541, 1.712, 1.809, 1.869, 1.898, 1.929, 1.922, 1.898, 1.83, 1.684, 1.434, 1.109, 0.751, 0.3826, -0.02164, -0.4983, -1.034, -1.588, -2.15, -2.691, -3.201, -3.64, -3.928, -4.08, -4.125, -4.047, -3.836, -3.488, -3.059, -2.598, -2.129, -1.693, -1.288, -0.9014, -0.5835, -0.33, -0.1627, -0.03552, 0.1191
0.3533, 0.6006, 0.9355, 1.306, 1.68, 1.946, 1.979, 1.786, 1.468, 1.088, 0.685, 0.2534, -0.1803, -0.5796, -0.946, -1.287, -1.588, -1.803, -1.936, -1.989, -2.008, -2.008, -2.008, -2.008, -2.008, -2.0, -1.997, -1.991, -1.9795, -1.9375, -1.83, -1.682, -1.479, -1.226, -0.939, -0.631, -0.3232, -0.0163, 0.2893, 0.5767, 0.8184, 1.01, 1.109, 1.094, 0.9653, 0.7544, 0.4783, 0.1686, -0.1566, -0.4863, -0.8296, -1.174, -1.502, -1.798, -2.041, -2.19, -2.25, -2.262, -2.254, -2.232, -2.203, -2.18, -2.156, -2.133, -2.12, -2.125, -2.143, -2.162, -2.174, -2.156, -2.092, -1.969, -1.788, -1.574, -1.346, -1.117, -0.901, -0.715, -0.5728, -0.505, -0.5596, -0.7104, -0.9243, -1.179, -1.494, -1.835, -2.217, -2.625, -3.066, -3.512, -3.9, -4.176, -4.4, -4.605, -4.797, -4.97, -5.094, -5.168, -5.17, -5.117, -5.02, -4.88, -4.688, -4.46, -4.24, -4.062, -3.926, -3.812, -3.727, -3.69, -3.684, -3.707, -3.725, -3.732, -3.727, -3.717, -3.703, -3.693, -3.703, -3.746, -3.8, -3.861, -3.92, -3.97, -4.004, -4.01, -4.0, -3.992, -4.0, -4.035, -4.086, -4.137, -4.176, -4.2, -4.223, -4.23, -4.227, -4.215, -4.203, -4.195, -4.2, -4.234, -4.266, -4.285, -4.312, -4.348, -4.355, -4.31, -4.17, -3.97, -3.666, -3.299, -2.885, -2.443, -1.955, -1.412, -0.8657, -0.333, 0.1528, 0.607, 1.009, 1.314, 1.5205, 1.639, 1.703, 1.754, 1.799, 1.822, 1.825, 1.787, 1.637, 1.37, 1.029, 0.6562, 0.253, -0.2023, -0.706, -1.253, -1.825, -2.39, -2.914, -3.404, -3.793, -4.01, -4.105, -4.098, -3.963, -3.684, -3.297, -2.838, -2.328, -1.843, -1.357, -0.9507, -0.576, -0.2783, -0.0804, 0.01918, 0.0909, 0.1937
0.3977, 0.637, 0.981, 1.348, 1.722, 1.941, 1.889, 1.633, 1.283, 0.8906, 0.47, 0.0388, -0.3745, -0.7534, -1.111, -1.432, -1.681, -1.848, -1.934, -1.965, -1.967, -1.973, -1.982, -2.0, -2.018, -2.021, -2.023, -2.035, -2.033, -1.99, -1.897, -1.754, -1.5625, -1.328, -1.043, -0.7427, -0.434, -0.1282, 0.1747, 0.4543, 0.69, 0.878, 0.965, 0.9277, 0.7666, 0.531, 0.2301, -0.1047, -0.4365, -0.779, -1.12, -1.449, -1.754, -2.006, -2.184, -2.277, -2.305, -2.297, -2.273, -2.24, -2.21, -2.193, -2.18, -2.168, -2.168, -2.18, -2.203, -2.23, -2.248, -2.238, -2.195, -2.105, -1.954, -1.764, -1.56, -1.342, -1.132, -0.947, -0.806, -0.7534, -0.82, -0.983, -1.205, -1.468, -1.769, -2.105, -2.482, -2.885, -3.309, -3.715, -4.05, -4.285, -4.473, -4.656, -4.84, -5.008, -5.133, -5.195, -5.19, -5.133, -5.03, -4.87, -4.664, -4.426, -4.2, -4.02, -3.867, -3.754, -3.674, -3.621, -3.621, -3.646, -3.668, -3.686, -3.688, -3.688, -3.688, -3.69, -3.715, -3.77, -3.83, -3.902, -3.957, -4.0, -4.027, -4.023, -4.008, -4.0, -4.016, -4.06, -4.113, -4.164, -4.203, -4.242, -4.27, -4.277, -4.28, -4.273, -4.266, -4.258, -4.273, -4.312, -4.35, -4.37, -4.406, -4.453, -4.496, -4.492, -4.434, -4.28, -4.016, -3.658, -3.26, -2.805, -2.32, -1.811, -1.271, -0.724, -0.2029, 0.2761, 0.7056, 1.056, 1.289, 1.449, 1.529, 1.609, 1.67, 1.731, 1.766, 1.734, 1.57, 1.278, 0.9175, 0.5225, 0.08405, -0.4163, -0.9375, -1.473, -2.033, -2.586, -3.088, -3.545, -3.883, -4.06, -4.117, -4.047, -3.832, -3.484, -3.059, -2.564, -2.027, -1.505, -1.009, -0.5923, -0.2269, 0.03992, 0.1763, 0.2107, 0.2186, 0.2695
0.4219, 0.65, 0.984, 1.364, 1.73, 1.897, 1.77, 1.469, 1.097, 0.6963, 0.2773, -0.1415, -0.5244, -0.881, -1.219, -1.5, -1.705, -1.814, -1.8545, -1.864, -1.867, -1.883, -1.918, -1.948, -1.99, -2.018, -2.055, -2.072, -2.08, -2.035, -1.963, -1.83, -1.655, -1.432, -1.159, -0.8633, -0.571, -0.2783, 0.02087, 0.2961, 0.5283, 0.694, 0.7656, 0.7056, 0.531, 0.2808, -0.02867, -0.3604, -0.6934, -1.034, -1.369, -1.682, -1.946, -2.137, -2.262, -2.318, -2.324, -2.299, -2.264, -2.227, -2.203, -2.195, -2.191, -2.191, -2.205, -2.229, -2.258, -2.291, -2.318, -2.322, -2.297, -2.234, -2.117, -1.967, -1.777, -1.571, -1.371, -1.198, -1.068, -1.032, -1.105, -1.271, -1.497, -1.758, -2.049, -2.357, -2.71, -3.105, -3.508, -3.871, -4.156, -4.37, -4.547, -4.71, -4.875, -5.035, -5.15, -5.195, -5.184, -5.117, -5.01, -4.85, -4.637, -4.387, -4.156, -3.965, -3.809, -3.695, -3.605, -3.55, -3.545, -3.56, -3.58, -3.605, -3.625, -3.633, -3.648, -3.666, -3.7, -3.764, -3.836, -3.91, -3.963, -4.008, -4.03, -4.03, -4.02, -4.016, -4.04, -4.082, -4.133, -4.18, -4.215, -4.26, -4.3, -4.32, -4.332, -4.336, -4.332, -4.33, -4.35, -4.395, -4.434, -4.46, -4.5, -4.555, -4.617, -4.65, -4.63, -4.53, -4.285, -3.975, -3.57, -3.13, -2.68, -2.186, -1.662, -1.108, -0.5635, -0.06137, 0.4016, 0.7734, 1.033, 1.227, 1.356, 1.469, 1.559, 1.648, 1.713, 1.675, 1.482, 1.164, 0.786, 0.3655, -0.1065, -0.6367, -1.16, -1.687, -2.219, -2.73, -3.201, -3.625, -3.922, -4.062, -4.082, -3.951, -3.691, -3.281, -2.82, -2.27, -1.7, -1.16, -0.669, -0.2446, 0.12177, 0.3762, 0.4526, 0.4124, 0.3403, 0.3333
0.4275, 0.63, 0.9575, 1.354, 1.6875, 1.796, 1.618, 1.286, 0.8965, 0.506, 0.0955, -0.2937, -0.6465, -0.9766, -1.275, -1.51, -1.658, -1.725, -1.734, -1.727, -1.738, -1.754, -1.81, -1.869, -1.941, -1.989, -2.055, -2.092, -2.113, -2.09, -2.035, -1.929, -1.768, -1.547, -1.292, -1.013, -0.7197, -0.44, -0.1562, 0.1111, 0.341, 0.4885, 0.537, 0.4622, 0.283, 0.02663, -0.2852, -0.6147, -0.9453, -1.2705, -1.581, -1.858, -2.068, -2.213, -2.293, -2.322, -2.309, -2.273, -2.234, -2.201, -2.182, -2.182, -2.186, -2.195, -2.223, -2.262, -2.305, -2.344, -2.38, -2.398, -2.393, -2.35, -2.27, -2.145, -1.984, -1.789, -1.605, -1.453, -1.355, -1.329, -1.408, -1.573, -1.789, -2.04, -2.32, -2.623, -2.943, -3.312, -3.676, -3.979, -4.227, -4.43, -4.6, -4.746, -4.9, -5.04, -5.133, -5.17, -5.152, -5.098, -4.992, -4.805, -4.586, -4.33, -4.105, -3.895, -3.754, -3.629, -3.527, -3.457, -3.441, -3.459, -3.484, -3.508, -3.53, -3.559, -3.584, -3.613, -3.668, -3.736, -3.809, -3.887, -3.95, -4.004, -4.03, -4.04, -4.04, -4.04, -4.06, -4.098, -4.14, -4.188, -4.223, -4.273, -4.324, -4.363, -4.39, -4.4, -4.4, -4.402, -4.43, -4.47, -4.508, -4.547, -4.586, -4.645, -4.71, -4.76, -4.78, -4.695, -4.516, -4.227, -3.87, -3.465, -3.04, -2.57, -2.04, -1.472, -0.935, -0.416, 0.05054, 0.444, 0.758, 0.998, 1.166, 1.31, 1.448, 1.589, 1.658, 1.621, 1.401, 1.055, 0.647, 0.2048, -0.298, -0.827, -1.349, -1.862, -2.367, -2.832, -3.258, -3.648, -3.922, -4.043, -4.01, -3.836, -3.51, -3.074, -2.555, -1.977, -1.381, -0.828, -0.338, 0.1071, 0.4795, 0.697, 0.724, 0.6113, 0.4607, 0.3857
0.419, 0.5796, 0.8975, 1.286, 1.588, 1.652, 1.441, 1.096, 0.716, 0.33, -0.05942, -0.4182, -0.743, -1.043, -1.301, -1.4795, -1.576, -1.604, -1.596, -1.574, -1.586, -1.618, -1.673, -1.748, -1.844, -1.932, -2.012, -2.074, -2.121, -2.129, -2.094, -2.02, -1.884, -1.688, -1.44, -1.177, -0.895, -0.619, -0.3496, -0.0943, 0.1173, 0.2625, 0.299, 0.2188, 0.02692, -0.2247, -0.5356, -0.861, -1.181, -1.492, -1.763, -1.99, -2.148, -2.244, -2.293, -2.303, -2.28, -2.24, -2.201, -2.168, -2.15, -2.148, -2.162, -2.184, -2.22, -2.275, -2.336, -2.389, -2.436, -2.475, -2.49, -2.473, -2.414, -2.322, -2.184, -2.008, -1.853, -1.72, -1.64, -1.631, -1.707, -1.86, -2.068, -2.312, -2.584, -2.873, -3.17, -3.5, -3.803, -4.047, -4.254, -4.453, -4.625, -4.766, -4.906, -5.035, -5.11, -5.133, -5.125, -5.08, -4.97, -4.76, -4.508, -4.246, -4.004, -3.814, -3.664, -3.537, -3.426, -3.357, -3.328, -3.344, -3.363, -3.395, -3.42, -3.46, -3.504, -3.555, -3.621, -3.684, -3.756, -3.842, -3.906, -3.967, -4.02, -4.047, -4.05, -4.055, -4.07, -4.1, -4.14, -4.188, -4.234, -4.293, -4.355, -4.406, -4.438, -4.453, -4.457, -4.47, -4.496, -4.53, -4.574, -4.62, -4.664, -4.72, -4.79, -4.84, -4.867, -4.816, -4.69, -4.46, -4.16, -3.797, -3.379, -2.922, -2.43, -1.867, -1.308, -0.76, -0.303, 0.1206, 0.4756, 0.7476, 0.955, 1.137, 1.325, 1.506, 1.611, 1.566, 1.316, 0.954, 0.534, 0.0666, -0.4612, -1.004, -1.519, -2.012, -2.479, -2.895, -3.285, -3.656, -3.914, -4.008, -3.932, -3.719, -3.36, -2.863, -2.299, -1.695, -1.095, -0.516, 0.009224, 0.4521, 0.825, 1.001, 0.9575, 0.7695, 0.562, 0.4253
0.383, 0.51, 0.808, 1.172, 1.455, 1.486, 1.268, 0.922, 0.5464, 0.1693, -0.1948, -0.528, -0.8296, -1.089, -1.291, -1.408, -1.463, -1.464, -1.441, -1.413, -1.417, -1.441, -1.492, -1.586, -1.694, -1.811, -1.922, -2.016, -2.098, -2.137, -2.133, -2.086, -1.985, -1.815, -1.587, -1.335, -1.072, -0.81, -0.561, -0.3135, -0.1099, 0.02275, 0.04114, -0.0435, -0.2378, -0.4912, -0.79, -1.097, -1.392, -1.672, -1.902, -2.08, -2.191, -2.25, -2.28, -2.28, -2.254, -2.213, -2.164, -2.13, -2.107, -2.102, -2.113, -2.143, -2.195, -2.268, -2.342, -2.412, -2.473, -2.527, -2.562, -2.572, -2.545, -2.469, -2.355, -2.22, -2.092, -1.978, -1.917, -1.924, -2.008, -2.156, -2.352, -2.578, -2.83, -3.102, -3.379, -3.654, -3.895, -4.082, -4.258, -4.445, -4.62, -4.773, -4.91, -5.023, -5.09, -5.11, -5.105, -5.05, -4.918, -4.684, -4.4, -4.133, -3.895, -3.7, -3.562, -3.434, -3.312, -3.238, -3.209, -3.217, -3.22, -3.256, -3.293, -3.348, -3.41, -3.463, -3.531, -3.598, -3.67, -3.754, -3.844, -3.928, -3.984, -4.03, -4.043, -4.05, -4.07, -4.1, -4.14, -4.19, -4.254, -4.33, -4.395, -4.45, -4.473, -4.49, -4.5, -4.516, -4.55, -4.586, -4.625, -4.676, -4.723, -4.78, -4.855, -4.92, -4.945, -4.926, -4.81, -4.637, -4.39, -4.074, -3.71, -3.287, -2.809, -2.24, -1.671, -1.117, -0.6367, -0.206, 0.1913, 0.4905, 0.747, 0.976, 1.203, 1.413, 1.543, 1.486, 1.232, 0.8555, 0.421, -0.06964, -0.6167, -1.173, -1.678, -2.14, -2.564, -2.953, -3.328, -3.678, -3.918, -3.963, -3.848, -3.572, -3.164, -2.639, -2.053, -1.434, -0.812, -0.2312, 0.2944, 0.753, 1.112, 1.245, 1.144, 0.8984, 0.628, 0.4321
0.32, 0.4114, 0.6733, 1.0205, 1.277, 1.306, 1.094, 0.749, 0.3838, 0.0192, -0.3245, -0.633, -0.9014, -1.109, -1.256, -1.325, -1.346, -1.326, -1.283, -1.242, -1.23, -1.247, -1.303, -1.399, -1.516, -1.649, -1.78, -1.913, -2.033, -2.111, -2.146, -2.13, -2.059, -1.922, -1.731, -1.507, -1.269, -1.011, -0.7754, -0.544, -0.354, -0.2349, -0.2285, -0.3242, -0.517, -0.7705, -1.036, -1.304, -1.565, -1.807, -1.994, -2.129, -2.205, -2.246, -2.266, -2.264, -2.23, -2.174, -2.117, -2.066, -2.031, -2.02, -2.03, -2.066, -2.145, -2.232, -2.324, -2.41, -2.486, -2.559, -2.623, -2.652, -2.646, -2.598, -2.518, -2.414, -2.305, -2.223, -2.178, -2.2, -2.29, -2.428, -2.613, -2.828, -3.05, -3.295, -3.543, -3.77, -3.943, -4.082, -4.23, -4.41, -4.59, -4.754, -4.902, -5.016, -5.074, -5.09, -5.07, -4.984, -4.812, -4.547, -4.242, -3.953, -3.72, -3.537, -3.422, -3.293, -3.19, -3.107, -3.088, -3.082, -3.09, -3.111, -3.172, -3.234, -3.285, -3.346, -3.398, -3.475, -3.559, -3.66, -3.764, -3.848, -3.928, -3.986, -4.02, -4.043, -4.066, -4.098, -4.133, -4.19, -4.266, -4.348, -4.418, -4.47, -4.496, -4.508, -4.52, -4.543, -4.586, -4.625, -4.66, -4.707, -4.76, -4.836, -4.91, -4.977, -5.01, -5.0, -4.926, -4.797, -4.594, -4.35, -4.008, -3.621, -3.158, -2.633, -2.078, -1.506, -0.985, -0.51, -0.0833, 0.2568, 0.5483, 0.823, 1.066, 1.301, 1.453, 1.401, 1.142, 0.745, 0.3, -0.2081, -0.7656, -1.306, -1.806, -2.246, -2.635, -3.0, -3.363, -3.684, -3.885, -3.91, -3.746, -3.418, -2.975, -2.43, -1.821, -1.186, -0.573, 0.0133, 0.5396, 0.997, 1.339, 1.42, 1.255, 0.966, 0.659, 0.4219
0.2476, 0.2874, 0.5093, 0.8257, 1.074, 1.113, 0.9155, 0.5825, 0.2307, -0.1147, -0.4385, -0.713, -0.9375, -1.106, -1.216, -1.261, -1.246, -1.209, -1.143, -1.084, -1.058, -1.046, -1.095, -1.189, -1.32, -1.47, -1.619, -1.785, -1.943, -2.059, -2.133, -2.152, -2.12, -2.031, -1.879, -1.686, -1.463, -1.227, -0.9937, -0.79, -0.6123, -0.508, -0.503, -0.5977, -0.7793, -1.008, -1.237, -1.479, -1.705, -1.901, -2.05, -2.15, -2.21, -2.244, -2.26, -2.248, -2.209, -2.133, -2.059, -1.982, -1.925, -1.887, -1.8955, -1.948, -2.045, -2.156, -2.273, -2.371, -2.469, -2.566, -2.65, -2.703, -2.72, -2.709, -2.66, -2.594, -2.518, -2.457, -2.428, -2.459, -2.54, -2.68, -2.855, -3.05, -3.246, -3.463, -3.674, -3.846, -3.967, -4.074, -4.207, -4.37, -4.555, -4.727, -4.875, -4.99, -5.04, -5.04, -4.984, -4.86, -4.645, -4.344, -4.023, -3.736, -3.527, -3.375, -3.266, -3.145, -3.059, -2.973, -2.953, -2.953, -2.967, -2.977, -3.027, -3.078, -3.127, -3.172, -3.227, -3.3, -3.402, -3.508, -3.633, -3.734, -3.848, -3.924, -3.984, -4.04, -4.07, -4.1, -4.137, -4.184, -4.258, -4.34, -4.41, -4.46, -4.49, -4.504, -4.52, -4.543, -4.586, -4.633, -4.68, -4.734, -4.8, -4.88, -4.953, -5.02, -5.055, -5.055, -5.008, -4.91, -4.766, -4.543, -4.28, -3.94, -3.518, -3.012, -2.434, -1.884, -1.344, -0.845, -0.3853, 0.007454, 0.3542, 0.658, 0.9287, 1.1875, 1.334, 1.278, 1.012, 0.613, 0.15, -0.368, -0.9106, -1.446, -1.94, -2.36, -2.715, -3.055, -3.406, -3.691, -3.846, -3.816, -3.62, -3.266, -2.803, -2.258, -1.631, -0.997, -0.3782, 0.2059, 0.7344, 1.194, 1.503, 1.533, 1.318, 1.002, 0.678, 0.3923
0.1558, 0.1322, 0.3052, 0.601, 0.844, 0.9053, 0.724, 0.4204, 0.0849, -0.2369, -0.5303, -0.7695, -0.956, -1.096, -1.176, -1.196, -1.164, -1.099, -1.013, -0.9253, -0.875, -0.8486, -0.8813, -0.965, -1.099, -1.266, -1.443, -1.643, -1.817, -1.966, -2.078, -2.145, -2.148, -2.088, -1.982, -1.83, -1.644, -1.438, -1.2295, -1.039, -0.869, -0.7656, -0.764, -0.8535, -1.02, -1.216, -1.415, -1.615, -1.807, -1.969, -2.088, -2.164, -2.217, -2.248, -2.256, -2.234, -2.176, -2.088, -1.982, -1.875, -1.783, -1.728, -1.7295, -1.79, -1.903, -2.043, -2.18, -2.3, -2.42, -2.54, -2.646, -2.723, -2.771, -2.791, -2.785, -2.756, -2.713, -2.668, -2.666, -2.701, -2.785, -2.91, -3.066, -3.24, -3.414, -3.602, -3.773, -3.896, -3.988, -4.082, -4.207, -4.355, -4.535, -4.695, -4.83, -4.918, -4.96, -4.938, -4.84, -4.66, -4.414, -4.11, -3.77, -3.496, -3.312, -3.19, -3.09, -2.994, -2.92, -2.857, -2.818, -2.812, -2.805, -2.826, -2.855, -2.883, -2.94, -2.996, -3.043, -3.129, -3.219, -3.344, -3.47, -3.586, -3.72, -3.828, -3.932, -4.016, -4.074, -4.105, -4.137, -4.168, -4.227, -4.305, -4.38, -4.42, -4.445, -4.47, -4.492, -4.516, -4.566, -4.625, -4.688, -4.758, -4.836, -4.91, -4.984, -5.047, -5.09, -5.098, -5.074, -5.008, -4.9, -4.75, -4.516, -4.23, -3.83, -3.357, -2.822, -2.275, -1.703, -1.187, -0.7, -0.2603, 0.1298, 0.4788, 0.789, 1.055, 1.191, 1.143, 0.8613, 0.4507, -0.02306, -0.5415, -1.072, -1.584, -2.055, -2.459, -2.81, -3.137, -3.447, -3.7, -3.809, -3.732, -3.488, -3.113, -2.676, -2.121, -1.479, -0.833, -0.2253, 0.3489, 0.879, 1.335, 1.617, 1.606, 1.361, 1.026, 0.6753, 0.3584
0.0366, -0.04303, 0.0928, 0.3604, 0.601, 0.6675, 0.525, 0.2615, -0.0501, -0.35, -0.5977, -0.798, -0.96, -1.081, -1.143, -1.145, -1.09, -1.007, -0.898, -0.788, -0.706, -0.656, -0.664, -0.7417, -0.887, -1.063, -1.257, -1.466, -1.673, -1.843, -1.997, -2.094, -2.145, -2.129, -2.059, -1.964, -1.809, -1.625, -1.4375, -1.263, -1.105, -1.007, -0.9937, -1.08, -1.224, -1.394, -1.559, -1.721, -1.881, -2.02, -2.113, -2.176, -2.225, -2.252, -2.25, -2.207, -2.129, -2.023, -1.885, -1.745, -1.618, -1.545, -1.547, -1.607, -1.743, -1.893, -2.05, -2.2, -2.34, -2.486, -2.617, -2.723, -2.799, -2.86, -2.896, -2.904, -2.889, -2.865, -2.883, -2.932, -3.02, -3.13, -3.262, -3.406, -3.559, -3.71, -3.844, -3.934, -4.008, -4.11, -4.23, -4.367, -4.52, -4.656, -4.758, -4.824, -4.832, -4.77, -4.64, -4.453, -4.176, -3.863, -3.53, -3.266, -3.096, -2.994, -2.896, -2.824, -2.75, -2.7, -2.674, -2.652, -2.63, -2.625, -2.648, -2.678, -2.723, -2.8, -2.86, -2.934, -3.031, -3.148, -3.273, -3.416, -3.559, -3.695, -3.836, -3.953, -4.04, -4.086, -4.11, -4.133, -4.176, -4.242, -4.312, -4.35, -4.383, -4.414, -4.445, -4.484, -4.54, -4.61, -4.684, -4.77, -4.85, -4.93, -5.0, -5.07, -5.113, -5.133, -5.13, -5.08, -5.01, -4.906, -4.742, -4.477, -4.11, -3.686, -3.184, -2.645, -2.072, -1.52, -1.006, -0.5234, -0.09735, 0.282, 0.6274, 0.9014, 1.041, 0.984, 0.702, 0.2922, -0.1871, -0.696, -1.221, -1.715, -2.17, -2.555, -2.898, -3.21, -3.5, -3.719, -3.785, -3.67, -3.393, -3.016, -2.559, -1.988, -1.366, -0.733, -0.1183, 0.4573, 0.996, 1.458, 1.715, 1.67, 1.401, 1.049, 0.6743, 0.3098
-0.10864, -0.2441, -0.1499, 0.0865, 0.3228, 0.427, 0.33, 0.10693, -0.1709, -0.429, -0.635, -0.8076, -0.951, -1.055, -1.11, -1.11, -1.037, -0.927, -0.8057, -0.669, -0.5386, -0.4587, -0.4316, -0.499, -0.64, -0.8315, -1.032, -1.257, -1.482, -1.687, -1.872, -2.018, -2.102, -2.137, -2.115, -2.057, -1.949, -1.799, -1.625, -1.463, -1.316, -1.225, -1.205, -1.275, -1.386, -1.534, -1.674, -1.805, -1.932, -2.049, -2.127, -2.182, -2.225, -2.25, -2.234, -2.17, -2.066, -1.928, -1.766, -1.595, -1.44, -1.354, -1.348, -1.424, -1.553, -1.714, -1.891, -2.062, -2.23, -2.4, -2.564, -2.697, -2.809, -2.908, -2.994, -3.043, -3.06, -3.059, -3.098, -3.148, -3.23, -3.324, -3.436, -3.549, -3.672, -3.795, -3.895, -3.963, -4.03, -4.137, -4.254, -4.375, -4.49, -4.594, -4.676, -4.707, -4.67, -4.562, -4.406, -4.195, -3.912, -3.596, -3.277, -3.03, -2.879, -2.8, -2.715, -2.662, -2.586, -2.53, -2.498, -2.473, -2.43, -2.414, -2.428, -2.459, -2.498, -2.582, -2.64, -2.734, -2.816, -2.936, -3.064, -3.219, -3.352, -3.51, -3.668, -3.82, -3.93, -4.0, -4.04, -4.07, -4.105, -4.156, -4.22, -4.266, -4.305, -4.35, -4.4, -4.45, -4.52, -4.598, -4.68, -4.766, -4.85, -4.926, -5.0, -5.07, -5.117, -5.15, -5.156, -5.137, -5.1, -5.043, -4.92, -4.703, -4.375, -4.0, -3.53, -3.016, -2.436, -1.849, -1.3125, -0.808, -0.3542, 0.06415, 0.4258, 0.7314, 0.879, 0.8193, 0.5347, 0.129, -0.3516, -0.8564, -1.36, -1.832, -2.252, -2.615, -2.941, -3.246, -3.521, -3.723, -3.771, -3.639, -3.336, -2.936, -2.473, -1.908, -1.294, -0.6753, -0.07526, 0.4978, 1.043, 1.518, 1.784, 1.727, 1.445, 1.069, 0.6484, 0.2234
-0.2947, -0.497, -0.4456, -0.2339, 0.01872, 0.1522, 0.1224, -0.04715, -0.2751, -0.4922, -0.666, -0.8145, -0.947, -1.044, -1.101, -1.087, -0.9937, -0.864, -0.7075, -0.546, -0.3918, -0.2695, -0.2024, -0.2285, -0.3623, -0.5557, -0.78, -1.014, -1.255, -1.485, -1.706, -1.892, -2.023, -2.113, -2.143, -2.129, -2.066, -1.954, -1.799, -1.654, -1.519, -1.436, -1.402, -1.446, -1.535, -1.656, -1.771, -1.873, -1.97, -2.057, -2.121, -2.174, -2.219, -2.238, -2.207, -2.123, -1.99, -1.806, -1.615, -1.432, -1.261, -1.164, -1.152, -1.215, -1.344, -1.504, -1.694, -1.894, -2.094, -2.293, -2.484, -2.648, -2.799, -2.945, -3.072, -3.156, -3.207, -3.227, -3.258, -3.312, -3.395, -3.473, -3.55, -3.648, -3.756, -3.854, -3.924, -3.97, -4.035, -4.137, -4.254, -4.355, -4.438, -4.508, -4.57, -4.574, -4.5, -4.363, -4.17, -3.912, -3.607, -3.287, -2.982, -2.762, -2.65, -2.588, -2.53, -2.477, -2.414, -2.352, -2.297, -2.266, -2.23, -2.215, -2.215, -2.252, -2.29, -2.355, -2.432, -2.514, -2.594, -2.684, -2.82, -2.969, -3.127, -3.285, -3.445, -3.61, -3.742, -3.836, -3.904, -3.96, -4.008, -4.06, -4.117, -4.168, -4.22, -4.285, -4.35, -4.426, -4.508, -4.59, -4.676, -4.766, -4.85, -4.918, -4.996, -5.07, -5.117, -5.15, -5.17, -5.168, -5.16, -5.133, -5.055, -4.87, -4.594, -4.25, -3.812, -3.31, -2.744, -2.17, -1.608, -1.106, -0.63, -0.1875, 0.2079, 0.5254, 0.6997, 0.6494, 0.3628, -0.05197, -0.529, -1.023, -1.508, -1.946, -2.33, -2.656, -2.96, -3.256, -3.523, -3.723, -3.766, -3.62, -3.316, -2.906, -2.43, -1.878, -1.289, -0.6772, -0.08606, 0.4883, 1.045, 1.537, 1.822, 1.763, 1.469, 1.06, 0.592, 0.10834
-0.521, -0.791, -0.777, -0.574, -0.3137, -0.1316, -0.09717, -0.199, -0.367, -0.537, -0.689, -0.823, -0.948, -1.04, -1.092, -1.0625, -0.9556, -0.797, -0.6084, -0.4229, -0.2496, -0.09174, 0.01726, 0.03827, -0.05862, -0.2448, -0.4817, -0.731, -0.979, -1.234, -1.486, -1.721, -1.909, -2.06, -2.152, -2.184, -2.15, -2.072, -1.956, -1.825, -1.697, -1.607, -1.573, -1.596, -1.662, -1.746, -1.838, -1.916, -1.99, -2.047, -2.107, -2.158, -2.197, -2.209, -2.156, -2.04, -1.872, -1.666, -1.46, -1.259, -1.085, -0.961, -0.9326, -0.9873, -1.117, -1.284, -1.479, -1.701, -1.926, -2.154, -2.371, -2.566, -2.754, -2.947, -3.117, -3.234, -3.32, -3.352, -3.385, -3.428, -3.49, -3.55, -3.617, -3.703, -3.797, -3.88, -3.932, -3.963, -4.016, -4.117, -4.23, -4.316, -4.37, -4.414, -4.434, -4.406, -4.3, -4.125, -3.896, -3.6, -3.285, -2.951, -2.682, -2.525, -2.426, -2.379, -2.342, -2.28, -2.219, -2.164, -2.082, -2.035, -2.012, -1.989, -1.985, -2.023, -2.06, -2.117, -2.205, -2.29, -2.363, -2.457, -2.564, -2.701, -2.85, -3.018, -3.191, -3.357, -3.498, -3.605, -3.695, -3.775, -3.85, -3.926, -4.0, -4.062, -4.12, -4.203, -4.297, -4.39, -4.484, -4.566, -4.656, -4.754, -4.84, -4.918, -5.0, -5.07, -5.117, -5.152, -5.176, -5.19, -5.18, -5.17, -5.105, -4.957, -4.72, -4.41, -3.988, -3.492, -2.96, -2.416, -1.879, -1.378, -0.904, -0.4526, -0.03964, 0.2937, 0.4937, 0.4521, 0.1715, -0.2393, -0.7065, -1.173, -1.625, -2.035, -2.39, -2.695, -2.973, -3.256, -3.52, -3.713, -3.746, -3.598, -3.295, -2.896, -2.426, -1.891, -1.31, -0.7207, -0.1261, 0.453, 1.002, 1.51, 1.814, 1.776, 1.477, 1.037, 0.513, -0.03983
-0.7446, -1.082, -1.118, -0.92, -0.6406, -0.417, -0.3171, -0.3455, -0.4565, -0.5796, -0.7095, -0.8335, -0.947, -1.056, -1.091, -1.044, -0.904, -0.722, -0.516, -0.3042, -0.10944, 0.0654, 0.2145, 0.2903, 0.2374, 0.0713, -0.1569, -0.413, -0.668, -0.936, -1.216, -1.488, -1.743, -1.963, -2.115, -2.19, -2.195, -2.156, -2.074, -1.967, -1.859, -1.769, -1.719, -1.728, -1.758, -1.818, -1.877, -1.935, -2.0, -2.045, -2.096, -2.143, -2.174, -2.168, -2.088, -1.93, -1.737, -1.513, -1.287, -1.074, -0.896, -0.751, -0.697, -0.7466, -0.8877, -1.06, -1.266, -1.489, -1.7295, -1.977, -2.215, -2.445, -2.674, -2.91, -3.113, -3.27, -3.375, -3.426, -3.46, -3.484, -3.527, -3.578, -3.635, -3.715, -3.797, -3.873, -3.926, -3.953, -3.998, -4.08, -4.18, -4.254, -4.293, -4.312, -4.28, -4.22, -4.05, -3.826, -3.57, -3.27, -2.943, -2.63, -2.398, -2.275, -2.197, -2.184, -2.17, -2.111, -2.062, -1.973, -1.888, -1.828, -1.777, -1.752, -1.742, -1.776, -1.816, -1.878, -1.961, -2.057, -2.129, -2.22, -2.305, -2.434, -2.572, -2.73, -2.906, -3.078, -3.22, -3.336, -3.426, -3.516, -3.617, -3.727, -3.836, -3.934, -4.016, -4.11, -4.223, -4.332, -4.43, -4.52, -4.62, -4.723, -4.82, -4.9, -4.984, -5.06, -5.11, -5.137, -5.164, -5.188, -5.19, -5.168, -5.105, -4.97, -4.746, -4.465, -4.098, -3.643, -3.145, -2.627, -2.107, -1.629, -1.151, -0.692, -0.2725, 0.0723, 0.2876, 0.2396, -0.03943, -0.443, -0.8813, -1.321, -1.741, -2.121, -2.453, -2.727, -2.986, -3.25, -3.518, -3.705, -3.732, -3.588, -3.281, -2.893, -2.436, -1.916, -1.355, -0.765, -0.1779, 0.3948, 0.94, 1.459, 1.785, 1.761, 1.468, 1.0, 0.419, -0.1936
-0.9087, -1.333, -1.435, -1.261, -0.9644, -0.6943, -0.532, -0.4844, -0.5254, -0.613, -0.7236, -0.8413, -0.96, -1.062, -1.089, -1.022, -0.8564, -0.649, -0.4219, -0.1929, 0.01439, 0.209, 0.3909, 0.5195, 0.5127, 0.3845, 0.1704, -0.0848, -0.3433, -0.6177, -0.9014, -1.199, -1.502, -1.78, -2.002, -2.129, -2.188, -2.188, -2.143, -2.062, -1.97, -1.89, -1.837, -1.824, -1.832, -1.858, -1.9, -1.939, -2.0, -2.033, -2.08, -2.123, -2.145, -2.1, -1.98, -1.798, -1.582, -1.354, -1.111, -0.888, -0.6826, -0.523, -0.4492, -0.4976, -0.644, -0.8286, -1.041, -1.272, -1.515, -1.766, -2.02, -2.27, -2.54, -2.812, -3.05, -3.223, -3.348, -3.424, -3.46, -3.48, -3.504, -3.545, -3.6, -3.676, -3.756, -3.834, -3.898, -3.938, -3.975, -4.035, -4.117, -4.176, -4.195, -4.16, -4.098, -3.988, -3.781, -3.525, -3.254, -2.928, -2.602, -2.334, -2.14, -2.037, -1.994, -1.999, -1.988, -1.952, -1.889, -1.793, -1.6875, -1.602, -1.543, -1.504, -1.4795, -1.511, -1.553, -1.613, -1.69, -1.78, -1.878, -1.963, -2.043, -2.16, -2.293, -2.434, -2.605, -2.768, -2.918, -3.043, -3.14, -3.238, -3.344, -3.473, -3.617, -3.754, -3.875, -3.992, -4.12, -4.242, -4.348, -4.45, -4.566, -4.684, -4.785, -4.867, -4.945, -5.027, -5.08, -5.11, -5.13, -5.152, -5.16, -5.145, -5.074, -4.938, -4.742, -4.508, -4.176, -3.742, -3.3, -2.816, -2.309, -1.846, -1.382, -0.926, -0.512, -0.1567, 0.0553, -0.0004075, -0.267, -0.661, -1.072, -1.463, -1.846, -2.188, -2.488, -2.736, -2.977, -3.232, -3.498, -3.69, -3.719, -3.56, -3.25, -2.861, -2.416, -1.926, -1.389, -0.815, -0.2365, 0.3342, 0.8813, 1.408, 1.749, 1.747, 1.451, 0.947, 0.3289, -0.308
-1.009, -1.49, -1.661, -1.526, -1.231, -0.9434, -0.728, -0.614, -0.5977, -0.643, -0.7344, -0.858, -0.9795, -1.075, -1.085, -0.989, -0.8013, -0.57, -0.3323, -0.1055, 0.12024, 0.3406, 0.555, 0.716, 0.7637, 0.676, 0.4834, 0.2389, -0.02328, -0.2864, -0.5645, -0.873, -1.196, -1.509, -1.771, -1.97, -2.086, -2.137, -2.135, -2.084, -2.02, -1.943, -1.888, -1.861, -1.852, -1.866, -1.893, -1.923, -1.975, -2.033, -2.074, -2.105, -2.098, -2.018, -1.866, -1.654, -1.426, -1.182, -0.939, -0.7, -0.474, -0.296, -0.2009, -0.2477, -0.3938, -0.592, -0.824, -1.06, -1.292, -1.54, -1.792, -2.055, -2.348, -2.64, -2.89, -3.092, -3.236, -3.336, -3.387, -3.406, -3.422, -3.453, -3.508, -3.58, -3.664, -3.754, -3.836, -3.898, -3.95, -4.0, -4.055, -4.08, -4.05, -3.977, -3.855, -3.717, -3.475, -3.207, -2.9, -2.602, -2.281, -2.035, -1.869, -1.8, -1.784, -1.804, -1.814, -1.787, -1.725, -1.613, -1.499, -1.41, -1.322, -1.266, -1.224, -1.233, -1.276, -1.332, -1.409, -1.501, -1.604, -1.694, -1.783, -1.897, -2.016, -2.156, -2.309, -2.46, -2.607, -2.742, -2.852, -2.957, -3.062, -3.195, -3.344, -3.51, -3.668, -3.816, -3.969, -4.105, -4.234, -4.35, -4.48, -4.61, -4.72, -4.8, -4.875, -4.95, -5.004, -5.035, -5.055, -5.08, -5.09, -5.074, -5.016, -4.9, -4.734, -4.53, -4.227, -3.824, -3.406, -2.969, -2.488, -2.035, -1.574, -1.153, -0.7495, -0.3948, -0.1829, -0.231, -0.504, -0.8716, -1.238, -1.606, -1.934, -2.234, -2.49, -2.713, -2.932, -3.184, -3.432, -3.629, -3.652, -3.492, -3.188, -2.812, -2.393, -1.927, -1.414, -0.8643, -0.295, 0.2776, 0.834, 1.367, 1.732, 1.758, 1.462, 0.933, 0.2844, -0.375
-0.9863, -1.523, -1.752, -1.676, -1.424, -1.127, -0.871, -0.7144, -0.6494, -0.673, -0.7656, -0.8906, -1.004, -1.09, -1.068, -0.9434, -0.735, -0.4907, -0.2534, -0.012505, 0.223, 0.4536, 0.6865, 0.882, 0.9746, 0.934, 0.771, 0.55, 0.3088, 0.05307, -0.2186, -0.5146, -0.8364, -1.156, -1.445, -1.681, -1.853, -1.965, -2.01, -2.002, -1.961, -1.906, -1.854, -1.818, -1.805, -1.817, -1.847, -1.887, -1.945, -2.006, -2.059, -2.078, -2.035, -1.916, -1.744, -1.5205, -1.284, -1.029, -0.7754, -0.5137, -0.2712, -0.07043, 0.04477, 0.00888, -0.1414, -0.356, -0.5977, -0.8354, -1.066, -1.307, -1.56, -1.821, -2.107, -2.402, -2.672, -2.893, -3.059, -3.17, -3.229, -3.252, -3.268, -3.303, -3.357, -3.434, -3.52, -3.621, -3.734, -3.832, -3.902, -3.945, -3.96, -3.93, -3.86, -3.746, -3.598, -3.402, -3.168, -2.908, -2.62, -2.3, -2.012, -1.762, -1.605, -1.578, -1.586, -1.617, -1.641, -1.6, -1.535, -1.432, -1.323, -1.205, -1.1, -1.016, -0.958, -0.953, -0.983, -1.047, -1.121, -1.232, -1.333, -1.431, -1.529, -1.635, -1.753, -1.889, -2.04, -2.184, -2.312, -2.436, -2.559, -2.664, -2.762, -2.879, -3.023, -3.195, -3.375, -3.553, -3.736, -3.91, -4.066, -4.21, -4.344, -4.477, -4.594, -4.684, -4.754, -4.824, -4.883, -4.92, -4.957, -4.977, -4.99, -4.98, -4.938, -4.85, -4.72, -4.54, -4.277, -3.922, -3.533, -3.105, -2.656, -2.219, -1.784, -1.386, -0.9756, -0.625, -0.4126, -0.4563, -0.709, -1.054, -1.403, -1.731, -2.006, -2.246, -2.445, -2.646, -2.867, -3.113, -3.354, -3.535, -3.547, -3.39, -3.107, -2.75, -2.34, -1.908, -1.418, -0.89, -0.3413, 0.2168, 0.7705, 1.318, 1.732, 1.795, 1.519, 0.985, 0.3293, -0.3386
-0.8604, -1.409, -1.684, -1.678, -1.466, -1.184, -0.9346, -0.7573, -0.6826, -0.708, -0.8076, -0.9414, -1.058, -1.115, -1.059, -0.9053, -0.68, -0.4324, -0.1785, 0.07007, 0.318, 0.5645, 0.8066, 1.016, 1.14, 1.143, 1.022, 0.847, 0.6396, 0.4016, 0.1428, -0.142, -0.4563, -0.7744, -1.063, -1.298, -1.497, -1.652, -1.756, -1.791, -1.784, -1.752, -1.716, -1.693, -1.691, -1.719, -1.764, -1.826, -1.891, -1.96, -2.018, -2.031, -1.964, -1.824, -1.63, -1.394, -1.146, -0.8945, -0.6274, -0.3533, -0.09106, 0.1372, 0.2808, 0.267, 0.1151, -0.1065, -0.356, -0.5977, -0.8247, -1.063, -1.308, -1.583, -1.862, -2.146, -2.426, -2.668, -2.84, -2.947, -3.004, -3.033, -3.057, -3.102, -3.168, -3.25, -3.346, -3.465, -3.6, -3.727, -3.814, -3.852, -3.832, -3.758, -3.656, -3.5, -3.322, -3.096, -2.855, -2.592, -2.309, -2.023, -1.736, -1.521, -1.392, -1.364, -1.396, -1.424, -1.439, -1.406, -1.326, -1.231, -1.136, -1.011, -0.888, -0.7837, -0.7183, -0.696, -0.7104, -0.771, -0.856, -0.959, -1.067, -1.185, -1.294, -1.404, -1.518, -1.6455, -1.789, -1.921, -2.037, -2.148, -2.254, -2.348, -2.436, -2.54, -2.672, -2.83, -3.014, -3.21, -3.422, -3.637, -3.83, -4.0, -4.156, -4.29, -4.41, -4.508, -4.586, -4.66, -4.73, -4.79, -4.83, -4.86, -4.883, -4.887, -4.86, -4.79, -4.688, -4.535, -4.31, -4.008, -3.648, -3.242, -2.828, -2.404, -1.986, -1.601, -1.204, -0.848, -0.634, -0.6597, -0.8945, -1.213, -1.521, -1.797, -2.021, -2.205, -2.379, -2.574, -2.8, -3.043, -3.275, -3.434, -3.438, -3.29, -3.004, -2.666, -2.277, -1.869, -1.404, -0.9067, -0.3833, 0.1573, 0.714, 1.275, 1.723, 1.863, 1.633, 1.123, 0.475, -0.1969
-0.5894, -1.139, -1.448, -1.49, -1.336, -1.106, -0.8906, -0.7466, -0.6934, -0.7476, -0.871, -1.018, -1.121, -1.143, -1.053, -0.869, -0.633, -0.3772, -0.1137, 0.1385, 0.4014, 0.6553, 0.9043, 1.115, 1.267, 1.315, 1.258, 1.13, 0.951, 0.7466, 0.5176, 0.2554, -0.0365, -0.347, -0.6313, -0.869, -1.082, -1.269, -1.419, -1.512, -1.549, -1.55, -1.541, -1.545, -1.564, -1.612, -1.671, -1.751, -1.828, -1.91, -1.968, -1.979, -1.912, -1.754, -1.551, -1.307, -1.055, -0.7793, -0.495, -0.2103, 0.06064, 0.3118, 0.484, 0.492, 0.3586, 0.1332, -0.1164, -0.3596, -0.587, -0.815, -1.062, -1.335, -1.624, -1.906, -2.191, -2.432, -2.605, -2.707, -2.762, -2.791, -2.82, -2.875, -2.955, -3.055, -3.168, -3.3, -3.445, -3.582, -3.68, -3.701, -3.666, -3.56, -3.432, -3.248, -3.035, -2.795, -2.547, -2.283, -2.012, -1.74, -1.5, -1.297, -1.201, -1.184, -1.212, -1.243, -1.234, -1.191, -1.121, -1.026, -0.9116, -0.799, -0.677, -0.5757, -0.485, -0.444, -0.4504, -0.501, -0.603, -0.7114, -0.834, -0.9443, -1.061, -1.181, -1.296, -1.428, -1.56, -1.683, -1.791, -1.888, -1.974, -2.055, -2.129, -2.225, -2.352, -2.5, -2.676, -2.877, -3.094, -3.31, -3.516, -3.707, -3.885, -4.043, -4.195, -4.31, -4.4, -4.49, -4.57, -4.645, -4.703, -4.75, -4.79, -4.805, -4.793, -4.742, -4.652, -4.527, -4.344, -4.07, -3.762, -3.395, -3.006, -2.602, -2.2, -1.796, -1.408, -1.056, -0.8433, -0.8403, -1.037, -1.324, -1.603, -1.822, -1.984, -2.135, -2.303, -2.51, -2.752, -2.998, -3.219, -3.348, -3.328, -3.178, -2.91, -2.578, -2.195, -1.794, -1.36, -0.8994, -0.4167, 0.10474, 0.657, 1.211, 1.691, 1.916, 1.776, 1.347, 0.737, 0.07043
-0.2302, -0.7725, -1.083, -1.166, -1.081, -0.92, -0.771, -0.687, -0.696, -0.8022, -0.949, -1.098, -1.186, -1.176, -1.047, -0.8457, -0.593, -0.331, -0.0706, 0.1908, 0.4597, 0.728, 0.9844, 1.199, 1.367, 1.459, 1.451, 1.376, 1.25, 1.081, 0.873, 0.6436, 0.3718, 0.0841, -0.1866, -0.428, -0.652, -0.862, -1.056, -1.209, -1.302, -1.349, -1.381, -1.409, -1.441, -1.498, -1.574, -1.667, -1.761, -1.854, -1.923, -1.943, -1.88, -1.719, -1.502, -1.258, -0.985, -0.6987, -0.4016, -0.0994, 0.1846, 0.451, 0.644, 0.685, 0.566, 0.3584, 0.12366, -0.11426, -0.34, -0.579, -0.8296, -1.103, -1.387, -1.678, -1.957, -2.195, -2.363, -2.473, -2.53, -2.559, -2.586, -2.64, -2.729, -2.842, -2.967, -3.11, -3.262, -3.404, -3.508, -3.525, -3.473, -3.346, -3.172, -2.96, -2.74, -2.473, -2.22, -1.968, -1.705, -1.471, -1.263, -1.098, -1.021, -1.009, -1.031, -1.041, -1.029, -0.9824, -0.8965, -0.7886, -0.6763, -0.556, -0.45, -0.3423, -0.259, -0.212, -0.2067, -0.2595, -0.3586, -0.4905, -0.614, -0.738, -0.857, -0.976, -1.102, -1.227, -1.352, -1.463, -1.561, -1.651, -1.73, -1.806, -1.882, -1.973, -2.088, -2.219, -2.367, -2.549, -2.752, -2.959, -3.16, -3.357, -3.56, -3.758, -3.943, -4.094, -4.21, -4.32, -4.418, -4.508, -4.586, -4.656, -4.71, -4.74, -4.73, -4.69, -4.613, -4.508, -4.35, -4.133, -3.854, -3.527, -3.158, -2.777, -2.385, -1.996, -1.604, -1.267, -1.037, -0.9985, -1.149, -1.387, -1.619, -1.794, -1.93, -2.055, -2.232, -2.459, -2.713, -2.959, -3.17, -3.281, -3.24, -3.078, -2.812, -2.484, -2.113, -1.722, -1.311, -0.881, -0.4248, 0.0802, 0.6133, 1.137, 1.625, 1.933, 1.911, 1.599, 1.067, 0.4158
0.1896, -0.3232, -0.637, -0.7563, -0.737, -0.6646, -0.606, -0.6084, -0.7, -0.8604, -1.04, -1.187, -1.26, -1.218, -1.066, -0.842, -0.5835, -0.316, -0.0451, 0.2261, 0.5, 0.783, 1.049, 1.267, 1.44, 1.564, 1.61, 1.596, 1.515, 1.385, 1.214, 1.003, 0.7656, 0.513, 0.2515, 0.0154, -0.2147, -0.4421, -0.6646, -0.8613, -1.015, -1.126, -1.199, -1.254, -1.307, -1.369, -1.458, -1.568, -1.6875, -1.801, -1.891, -1.93, -1.877, -1.717, -1.492, -1.235, -0.9463, -0.6455, -0.3284, -0.01501, 0.283, 0.557, 0.7725, 0.842, 0.7524, 0.571, 0.3582, 0.1328, -0.0842, -0.3274, -0.574, -0.846, -1.13, -1.409, -1.677, -1.909, -2.096, -2.227, -2.297, -2.332, -2.352, -2.402, -2.488, -2.607, -2.748, -2.896, -3.062, -3.219, -3.33, -3.35, -3.277, -3.137, -2.95, -2.7, -2.455, -2.197, -1.946, -1.696, -1.444, -1.233, -1.057, -0.922, -0.8457, -0.827, -0.831, -0.839, -0.8, -0.749, -0.654, -0.5435, -0.4365, -0.3284, -0.2178, -0.1188, -0.02809, 0.02647, 0.01927, -0.0469, -0.151, -0.2798, -0.4067, -0.539, -0.6655, -0.7812, -0.91, -1.038, -1.149, -1.248, -1.336, -1.418, -1.497, -1.572, -1.65, -1.734, -1.84, -1.954, -2.086, -2.244, -2.422, -2.613, -2.809, -3.012, -3.22, -3.424, -3.637, -3.824, -3.992, -4.137, -4.258, -4.367, -4.47, -4.555, -4.625, -4.664, -4.676, -4.645, -4.58, -4.484, -4.36, -4.184, -3.936, -3.633, -3.305, -2.938, -2.562, -2.18, -1.805, -1.454, -1.2, -1.106, -1.207, -1.408, -1.598, -1.736, -1.85, -1.977, -2.166, -2.41, -2.67, -2.914, -3.111, -3.209, -3.16, -2.998, -2.73, -2.4, -2.035, -1.654, -1.268, -0.8643, -0.4326, 0.0479, 0.548, 1.038, 1.519, 1.888, 2.0, 1.819, 1.387, 0.807
0.6567, 0.1969, -0.125, -0.2937, -0.3474, -0.3691, -0.4023, -0.5, -0.6797, -0.908, -1.127, -1.282, -1.347, -1.277, -1.102, -0.8657, -0.6016, -0.332, -0.05215, 0.2286, 0.511, 0.8027, 1.073, 1.305, 1.486, 1.625, 1.729, 1.777, 1.753, 1.67, 1.536, 1.357, 1.144, 0.926, 0.6816, 0.4631, 0.2316, -0.010475, -0.2566, -0.4907, -0.6924, -0.8584, -0.9785, -1.068, -1.152, -1.242, -1.348, -1.48, -1.623, -1.761, -1.873, -1.936, -1.896, -1.735, -1.504, -1.244, -0.9424, -0.6084, -0.27, 0.05768, 0.3638, 0.6494, 0.881, 0.976, 0.914, 0.7656, 0.575, 0.3784, 0.1731, -0.0555, -0.284, -0.5415, -0.8174, -1.085, -1.339, -1.564, -1.754, -1.904, -1.996, -2.05, -2.094, -2.15, -2.246, -2.375, -2.527, -2.691, -2.871, -3.037, -3.152, -3.172, -3.08, -2.934, -2.727, -2.467, -2.213, -1.955, -1.711, -1.457, -1.254, -1.064, -0.909, -0.783, -0.6987, -0.6665, -0.6514, -0.63, -0.5728, -0.5, -0.4014, -0.2903, -0.1857, -0.07635, 0.02586, 0.11285, 0.1986, 0.249, 0.2279, 0.159, 0.0545, -0.0819, -0.2142, -0.3425, -0.4775, -0.602, -0.7207, -0.838, -0.9443, -1.03, -1.111, -1.192, -1.27, -1.341, -1.416, -1.5, -1.599, -1.706, -1.825, -1.975, -2.133, -2.297, -2.473, -2.662, -2.867, -3.076, -3.287, -3.521, -3.744, -3.93, -4.08, -4.215, -4.332, -4.43, -4.508, -4.562, -4.594, -4.586, -4.543, -4.473, -4.38, -4.234, -4.008, -3.73, -3.43, -3.086, -2.72, -2.336, -1.965, -1.616, -1.332, -1.185, -1.236, -1.391, -1.55, -1.669, -1.77, -1.895, -2.1, -2.36, -2.625, -2.863, -3.043, -3.111, -3.059, -2.898, -2.648, -2.316, -1.951, -1.594, -1.231, -0.864, -0.4639, -0.01944, 0.4426, 0.9004, 1.3545, 1.757, 1.995, 1.954, 1.657, 1.186
1.132, 0.724, 0.4023, 0.1781, 0.04645, -0.0678, -0.1896, -0.3765, -0.6367, -0.9346, -1.188, -1.367, -1.436, -1.354, -1.168, -0.9233, -0.6577, -0.3857, -0.1021, 0.1908, 0.4883, 0.7944, 1.074, 1.307, 1.491, 1.646, 1.791, 1.896, 1.934, 1.908, 1.828, 1.692, 1.509, 1.319, 1.106, 0.8965, 0.6665, 0.4119, 0.1403, -0.11273, -0.3467, -0.556, -0.7295, -0.866, -0.9897, -1.116, -1.253, -1.406, -1.576, -1.741, -1.884, -1.965, -1.927, -1.775, -1.54, -1.277, -0.95, -0.6025, -0.2457, 0.09174, 0.4175, 0.716, 0.9497, 1.063, 1.045, 0.9336, 0.7837, 0.6143, 0.4294, 0.2319, 0.01791, -0.2144, -0.4663, -0.726, -0.974, -1.199, -1.375, -1.535, -1.658, -1.745, -1.826, -1.917, -2.043, -2.191, -2.355, -2.53, -2.707, -2.871, -2.977, -2.986, -2.895, -2.742, -2.527, -2.266, -2.012, -1.754, -1.515, -1.293, -1.103, -0.9316, -0.781, -0.6646, -0.5825, -0.528, -0.4814, -0.419, -0.34, -0.2566, -0.1488, -0.0439, 0.07135, 0.187, 0.2917, 0.3586, 0.419, 0.4536, 0.4207, 0.3506, 0.2429, 0.1114, -0.02895, -0.1686, -0.296, -0.4155, -0.5303, -0.6406, -0.739, -0.8247, -0.8984, -0.975, -1.05, -1.121, -1.1875, -1.269, -1.355, -1.454, -1.568, -1.706, -1.853, -2.004, -2.16, -2.324, -2.518, -2.72, -2.945, -3.209, -3.48, -3.695, -3.88, -4.047, -4.18, -4.285, -4.37, -4.438, -4.49, -4.508, -4.496, -4.46, -4.39, -4.27, -4.062, -3.82, -3.533, -3.213, -2.855, -2.49, -2.111, -1.758, -1.435, -1.234, -1.225, -1.337, -1.475, -1.581, -1.684, -1.83, -2.045, -2.316, -2.578, -2.8, -2.947, -2.988, -2.928, -2.773, -2.531, -2.215, -1.86, -1.532, -1.211, -0.8794, -0.5093, -0.0963, 0.3296, 0.7554, 1.186, 1.591, 1.918, 2.02, 1.876, 1.545
1.577, 1.25, 0.9395, 0.658, 0.4414, 0.234, 0.01424, -0.2485, -0.5737, -0.917, -1.211, -1.421, -1.501, -1.422, -1.236, -1.006, -0.75, -0.476, -0.1796, 0.1267, 0.4421, 0.75, 1.037, 1.27, 1.455, 1.623, 1.797, 1.94, 2.031, 2.066, 2.057, 1.984, 1.85, 1.693, 1.505, 1.3, 1.075, 0.8174, 0.5396, 0.2651, 0.00858, -0.2396, -0.4614, -0.656, -0.8247, -0.9863, -1.164, -1.35, -1.552, -1.747, -1.902, -1.987, -1.952, -1.8, -1.565, -1.301, -0.9697, -0.605, -0.2484, 0.097, 0.4336, 0.744, 0.984, 1.115, 1.143, 1.084, 0.978, 0.8486, 0.694, 0.5254, 0.331, 0.10864, -0.1182, -0.3643, -0.6147, -0.8345, -1.013, -1.173, -1.332, -1.466, -1.595, -1.735, -1.903, -2.078, -2.254, -2.422, -2.578, -2.715, -2.8, -2.8, -2.72, -2.557, -2.34, -2.09, -1.833, -1.582, -1.357, -1.152, -0.97, -0.812, -0.693, -0.577, -0.4656, -0.379, -0.287, -0.1985, -0.10846, -0.0014305, 0.10266, 0.2102, 0.324, 0.443, 0.5312, 0.585, 0.621, 0.624, 0.5923, 0.526, 0.426, 0.2979, 0.1431, 0.002699, -0.12445, -0.243, -0.355, -0.4568, -0.544, -0.623, -0.6895, -0.7627, -0.833, -0.9, -0.9585, -1.031, -1.109, -1.202, -1.311, -1.435, -1.572, -1.72, -1.869, -2.02, -2.195, -2.387, -2.605, -2.873, -3.164, -3.412, -3.637, -3.842, -4.016, -4.15, -4.246, -4.33, -4.395, -4.43, -4.445, -4.43, -4.38, -4.273, -4.094, -3.863, -3.607, -3.305, -2.973, -2.61, -2.246, -1.9, -1.543, -1.282, -1.212, -1.277, -1.387, -1.488, -1.604, -1.772, -2.002, -2.277, -2.531, -2.734, -2.852, -2.861, -2.78, -2.621, -2.39, -2.086, -1.75, -1.447, -1.166, -0.88, -0.5503, -0.1796, 0.2137, 0.6157, 1.023, 1.419, 1.786, 2.02, 2.035, 1.859
1.971, 1.735, 1.429, 1.113, 0.8174, 0.523, 0.2141, -0.1278, -0.4927, -0.8564, -1.183, -1.429, -1.527, -1.467, -1.302, -1.08, -0.835, -0.567, -0.2666, 0.05264, 0.3674, 0.686, 0.968, 1.197, 1.387, 1.563, 1.749, 1.921, 2.05, 2.133, 2.176, 2.176, 2.117, 2.008, 1.856, 1.661, 1.446, 1.205, 0.9316, 0.639, 0.3599, 0.0803, -0.1815, -0.4292, -0.645, -0.843, -1.0625, -1.295, -1.539, -1.762, -1.926, -2.008, -1.969, -1.811, -1.574, -1.306, -0.984, -0.626, -0.2642, 0.08984, 0.4333, 0.742, 0.9897, 1.143, 1.207, 1.196, 1.142, 1.055, 0.9463, 0.8164, 0.6523, 0.4512, 0.231, -0.00989, -0.2532, -0.4744, -0.67, -0.858, -1.046, -1.216, -1.382, -1.572, -1.79, -1.994, -2.178, -2.332, -2.465, -2.578, -2.646, -2.625, -2.54, -2.379, -2.164, -1.932, -1.69, -1.457, -1.238, -1.047, -0.8794, -0.7344, -0.5903, -0.4688, -0.332, -0.2167, -0.0722, 0.0381, 0.1423, 0.2625, 0.3757, 0.4758, 0.5728, 0.6675, 0.745, 0.7837, 0.7974, 0.7876, 0.747, 0.682, 0.592, 0.4553, 0.315, 0.1729, 0.0412, -0.0801, -0.1852, -0.2793, -0.368, -0.438, -0.5044, -0.5713, -0.631, -0.6885, -0.739, -0.802, -0.8726, -0.954, -1.056, -1.17, -1.297, -1.439, -1.59, -1.745, -1.913, -2.098, -2.291, -2.533, -2.809, -3.084, -3.354, -3.61, -3.832, -4.008, -4.137, -4.234, -4.31, -4.363, -4.39, -4.387, -4.336, -4.234, -4.08, -3.87, -3.637, -3.365, -3.057, -2.705, -2.363, -2.008, -1.631, -1.337, -1.217, -1.241, -1.316, -1.406, -1.526, -1.716, -1.955, -2.227, -2.47, -2.656, -2.75, -2.738, -2.63, -2.46, -2.238, -1.949, -1.6455, -1.362, -1.105, -0.8535, -0.57, -0.2496, 0.1062, 0.4783, 0.858, 1.251, 1.63, 1.952, 2.121, 2.111
2.285, 2.137, 1.845, 1.508, 1.145, 0.772, 0.3882, -0.00459, -0.3933, -0.7637, -1.109, -1.377, -1.501, -1.479, -1.338, -1.142, -0.9067, -0.6445, -0.3398, -0.01881, 0.297, 0.6094, 0.8867, 1.115, 1.301, 1.477, 1.663, 1.849, 2.0, 2.107, 2.182, 2.238, 2.258, 2.223, 2.129, 1.979, 1.791, 1.561, 1.287, 0.976, 0.672, 0.3735, 0.08154, -0.203, -0.4597, -0.6963, -0.9526, -1.229, -1.514, -1.767, -1.937, -2.01, -1.957, -1.795, -1.564, -1.301, -0.993, -0.6343, -0.276, 0.0789, 0.4214, 0.729, 0.9766, 1.141, 1.237, 1.265, 1.255, 1.218, 1.152, 1.068, 0.937, 0.767, 0.561, 0.3335, 0.0974, -0.1305, -0.3623, -0.5874, -0.793, -0.974, -1.161, -1.391, -1.655, -1.893, -2.094, -2.246, -2.354, -2.441, -2.484, -2.46, -2.379, -2.223, -2.008, -1.776, -1.554, -1.331, -1.142, -0.9565, -0.8003, -0.6416, -0.4978, -0.3335, -0.1581, -0.00603, 0.155, 0.2937, 0.4214, 0.5366, 0.632, 0.7393, 0.8184, 0.88, 0.941, 0.9565, 0.944, 0.919, 0.8813, 0.8145, 0.712, 0.5874, 0.4556, 0.326, 0.1941, 0.07916, -0.0254, -0.1142, -0.1958, -0.265, -0.3306, -0.3862, -0.4387, -0.4907, -0.534, -0.5884, -0.6533, -0.725, -0.8145, -0.9126, -1.034, -1.169, -1.322, -1.482, -1.654, -1.832, -2.018, -2.244, -2.508, -2.799, -3.09, -3.38, -3.65, -3.861, -4.02, -4.137, -4.227, -4.293, -4.332, -4.324, -4.266, -4.164, -4.023, -3.842, -3.629, -3.39, -3.082, -2.73, -2.404, -2.064, -1.703, -1.392, -1.237, -1.22, -1.266, -1.34, -1.463, -1.658, -1.902, -2.16, -2.396, -2.566, -2.637, -2.605, -2.492, -2.316, -2.098, -1.82, -1.53, -1.258, -1.019, -0.797, -0.551, -0.2715, 0.0434, 0.37, 0.7236, 1.094, 1.466, 1.828, 2.125, 2.281
2.492, 2.43, 2.17, 1.809, 1.408, 0.985, 0.5522, 0.1307, -0.2688, -0.6475, -1.0, -1.279, -1.432, -1.459, -1.359, -1.178, -0.9556, -0.6934, -0.3965, -0.08795, 0.227, 0.527, 0.8047, 1.035, 1.227, 1.393, 1.57, 1.743, 1.903, 2.02, 2.11, 2.191, 2.26, 2.29, 2.27, 2.19, 2.05, 1.852, 1.579, 1.258, 0.939, 0.623, 0.3123, 0.007393, -0.276, -0.5483, -0.846, -1.156, -1.477, -1.754, -1.928, -1.994, -1.932, -1.763, -1.544, -1.294, -0.9863, -0.638, -0.2737, 0.07623, 0.4014, 0.705, 0.9434, 1.113, 1.23, 1.293, 1.32, 1.326, 1.312, 1.269, 1.174, 1.035, 0.856, 0.65, 0.428, 0.1864, -0.0647, -0.3237, -0.539, -0.731, -0.936, -1.196, -1.492, -1.766, -2.0, -2.162, -2.246, -2.305, -2.324, -2.299, -2.215, -2.078, -1.868, -1.646, -1.432, -1.211, -1.041, -0.8643, -0.695, -0.5234, -0.338, -0.1378, 0.07, 0.2467, 0.42, 0.5625, 0.683, 0.8003, 0.8853, 0.971, 1.024, 1.067, 1.095, 1.095, 1.066, 1.023, 0.9688, 0.901, 0.807, 0.6895, 0.569, 0.4512, 0.3396, 0.2313, 0.1372, 0.0505, -0.02708, -0.09595, -0.1581, -0.2102, -0.255, -0.3022, -0.3381, -0.3833, -0.4421, -0.5083, -0.589, -0.6777, -0.791, -0.925, -1.077, -1.239, -1.411, -1.592, -1.785, -2.02, -2.291, -2.57, -2.852, -3.148, -3.443, -3.68, -3.873, -4.023, -4.13, -4.2, -4.242, -4.234, -4.176, -4.08, -3.95, -3.783, -3.588, -3.361, -3.055, -2.7, -2.37, -2.047, -1.709, -1.416, -1.246, -1.198, -1.219, -1.283, -1.402, -1.602, -1.848, -2.098, -2.32, -2.469, -2.514, -2.479, -2.355, -2.18, -1.955, -1.6875, -1.408, -1.158, -0.923, -0.706, -0.4727, -0.2188, 0.0566, 0.3418, 0.658, 0.9775, 1.308, 1.682, 2.062, 2.352
2.584, 2.588, 2.371, 2.023, 1.598, 1.131, 0.6797, 0.2444, -0.1608, -0.537, -0.886, -1.169, -1.352, -1.424, -1.361, -1.206, -0.9873, -0.7295, -0.4392, -0.142, 0.169, 0.464, 0.735, 0.965, 1.154, 1.321, 1.478, 1.642, 1.796, 1.916, 2.014, 2.102, 2.18, 2.236, 2.27, 2.264, 2.188, 2.037, 1.793, 1.478, 1.158, 0.8315, 0.5117, 0.1948, -0.11005, -0.4143, -0.7344, -1.061, -1.396, -1.691, -1.879, -1.955, -1.8955, -1.734, -1.523, -1.281, -0.982, -0.6367, -0.2737, 0.0712, 0.3818, 0.672, 0.909, 1.075, 1.198, 1.279, 1.338, 1.386, 1.425, 1.425, 1.369, 1.26, 1.11, 0.9233, 0.7173, 0.4805, 0.2234, -0.05493, -0.2932, -0.5103, -0.7393, -1.018, -1.335, -1.64, -1.912, -2.09, -2.16, -2.182, -2.164, -2.137, -2.05, -1.919, -1.749, -1.533, -1.3125, -1.115, -0.9316, -0.735, -0.5366, -0.325, -0.08826, 0.1324, 0.3516, 0.5444, 0.7197, 0.8477, 0.9614, 1.061, 1.127, 1.18, 1.217, 1.232, 1.234, 1.199, 1.158, 1.096, 1.037, 0.9673, 0.8804, 0.768, 0.656, 0.552, 0.4517, 0.3552, 0.2756, 0.1914, 0.1283, 0.0641, 0.007633, -0.0405, -0.0841, -0.1227, -0.1526, -0.1876, -0.2375, -0.2954, -0.3682, -0.4543, -0.5645, -0.6978, -0.851, -1.019, -1.195, -1.382, -1.587, -1.825, -2.082, -2.34, -2.611, -2.904, -3.201, -3.473, -3.701, -3.883, -4.0, -4.086, -4.137, -4.137, -4.098, -4.016, -3.887, -3.719, -3.514, -3.29, -2.984, -2.61, -2.264, -1.949, -1.638, -1.371, -1.197, -1.135, -1.144, -1.201, -1.328, -1.545, -1.801, -2.047, -2.246, -2.371, -2.4, -2.338, -2.225, -2.049, -1.824, -1.564, -1.303, -1.057, -0.819, -0.5854, -0.3435, -0.0883, 0.1732, 0.4277, 0.6807, 0.937, 1.2, 1.544, 1.948, 2.332
2.578, 2.633, 2.445, 2.111, 1.682, 1.202, 0.742, 0.3086, -0.0962, -0.463, -0.7983, -1.085, -1.295, -1.395, -1.356, -1.218, -1.013, -0.7617, -0.4756, -0.1724, 0.1271, 0.4211, 0.6807, 0.911, 1.109, 1.264, 1.404, 1.55, 1.695, 1.822, 1.926, 2.01, 2.08, 2.135, 2.182, 2.22, 2.209, 2.113, 1.906, 1.621, 1.303, 0.979, 0.654, 0.3276, 0.005478, -0.3152, -0.646, -0.9736, -1.307, -1.602, -1.805, -1.895, -1.847, -1.696, -1.498, -1.258, -0.9697, -0.632, -0.2742, 0.06152, 0.3635, 0.6426, 0.877, 1.044, 1.158, 1.242, 1.317, 1.402, 1.487, 1.533, 1.516, 1.437, 1.307, 1.141, 0.9497, 0.724, 0.4568, 0.1747, -0.0928, -0.3438, -0.597, -0.8794, -1.198, -1.531, -1.838, -2.035, -2.098, -2.09, -2.043, -1.98, -1.91, -1.781, -1.613, -1.413, -1.203, -1.004, -0.791, -0.5537, -0.31, -0.05157, 0.2242, 0.4788, 0.7173, 0.8975, 1.041, 1.15, 1.244, 1.321, 1.371, 1.393, 1.398, 1.392, 1.353, 1.289, 1.225, 1.161, 1.086, 1.008, 0.926, 0.8223, 0.7275, 0.6333, 0.5405, 0.457, 0.378, 0.3062, 0.2454, 0.1975, 0.1519, 0.1167, 0.0811, 0.05115, 0.02477, -0.002155, -0.04086, -0.08923, -0.1522, -0.2324, -0.346, -0.4824, -0.642, -0.8125, -0.996, -1.187, -1.397, -1.632, -1.874, -2.127, -2.39, -2.662, -2.95, -3.23, -3.496, -3.7, -3.852, -3.95, -4.008, -4.03, -4.016, -3.95, -3.814, -3.627, -3.414, -3.178, -2.87, -2.488, -2.121, -1.79, -1.492, -1.241, -1.061, -0.9873, -0.9976, -1.075, -1.234, -1.487, -1.77, -2.006, -2.186, -2.283, -2.287, -2.215, -2.098, -1.926, -1.708, -1.455, -1.196, -0.9473, -0.69, -0.4353, -0.157, 0.11786, 0.375, 0.61, 0.8154, 1.0, 1.191, 1.469, 1.84, 2.258
2.51, 2.59, 2.414, 2.092, 1.672, 1.202, 0.7505, 0.3247, -0.0708, -0.4326, -0.76, -1.054, -1.277, -1.381, -1.361, -1.225, -1.022, -0.7803, -0.4912, -0.1924, 0.1083, 0.395, 0.6533, 0.878, 1.07, 1.217, 1.344, 1.472, 1.607, 1.74, 1.85, 1.931, 1.989, 2.027, 2.07, 2.123, 2.152, 2.094, 1.922, 1.662, 1.355, 1.034, 0.711, 0.3892, 0.0688, -0.2544, -0.582, -0.9062, -1.236, -1.523, -1.727, -1.824, -1.787, -1.65, -1.461, -1.232, -0.9463, -0.621, -0.2754, 0.05023, 0.3442, 0.6133, 0.8447, 1.011, 1.117, 1.19, 1.268, 1.381, 1.502, 1.59, 1.609, 1.564, 1.452, 1.302, 1.121, 0.9126, 0.654, 0.3643, 0.0693, -0.216, -0.493, -0.778, -1.096, -1.441, -1.767, -1.986, -2.053, -2.033, -1.97, -1.893, -1.795, -1.667, -1.506, -1.3125, -1.091, -0.8555, -0.599, -0.3188, -0.004684, 0.315, 0.6143, 0.9033, 1.131, 1.287, 1.403, 1.47, 1.527, 1.574, 1.586, 1.587, 1.561, 1.515, 1.445, 1.364, 1.28, 1.209, 1.134, 1.047, 0.959, 0.869, 0.7803, 0.698, 0.614, 0.5347, 0.4597, 0.3945, 0.3464, 0.3044, 0.2751, 0.256, 0.2357, 0.2144, 0.1926, 0.1729, 0.1439, 0.1068, 0.05402, -0.0236, -0.1399, -0.2832, -0.4526, -0.6255, -0.8184, -1.011, -1.217, -1.44, -1.673, -1.922, -2.178, -2.43, -2.695, -2.965, -3.246, -3.47, -3.648, -3.77, -3.854, -3.9, -3.906, -3.848, -3.703, -3.498, -3.277, -3.035, -2.719, -2.332, -1.941, -1.585, -1.268, -1.027, -0.849, -0.7754, -0.802, -0.9316, -1.152, -1.446, -1.746, -1.984, -2.143, -2.205, -2.18, -2.11, -2.0, -1.818, -1.596, -1.342, -1.083, -0.811, -0.534, -0.2428, 0.05508, 0.3628, 0.6353, 0.8564, 1.035, 1.163, 1.279, 1.462, 1.768, 2.17
2.43, 2.506, 2.336, 2.02, 1.616, 1.168, 0.7275, 0.3052, -0.08514, -0.4417, -0.775, -1.064, -1.285, -1.386, -1.361, -1.22, -1.022, -0.7803, -0.4897, -0.1921, 0.10614, 0.385, 0.636, 0.867, 1.046, 1.18, 1.287, 1.397, 1.527, 1.663, 1.777, 1.859, 1.911, 1.941, 1.978, 2.027, 2.062, 2.023, 1.878, 1.645, 1.354, 1.034, 0.712, 0.3916, 0.0712, -0.2515, -0.573, -0.8945, -1.214, -1.487, -1.677, -1.764, -1.7295, -1.596, -1.412, -1.192, -0.919, -0.6064, -0.2832, 0.02962, 0.3154, 0.58, 0.8164, 0.9834, 1.08, 1.146, 1.221, 1.337, 1.4795, 1.598, 1.652, 1.639, 1.557, 1.424, 1.257, 1.057, 0.808, 0.517, 0.2017, -0.1062, -0.4014, -0.694, -1.014, -1.358, -1.693, -1.932, -2.01, -1.983, -1.919, -1.831, -1.719, -1.584, -1.399, -1.195, -0.942, -0.6616, -0.348, 0.01041, 0.3738, 0.7373, 1.079, 1.364, 1.574, 1.712, 1.777, 1.8, 1.81, 1.798, 1.781, 1.74, 1.682, 1.608, 1.515, 1.43, 1.331, 1.242, 1.158, 1.077, 0.994, 0.9126, 0.8296, 0.746, 0.6694, 0.5947, 0.5254, 0.4692, 0.4258, 0.396, 0.3794, 0.3687, 0.3645, 0.3542, 0.3481, 0.3362, 0.3174, 0.2888, 0.2423, 0.17, 0.05646, -0.0859, -0.2627, -0.4475, -0.653, -0.855, -1.054, -1.259, -1.484, -1.728, -1.975, -2.22, -2.459, -2.72, -2.988, -3.215, -3.395, -3.535, -3.633, -3.703, -3.729, -3.686, -3.54, -3.326, -3.105, -2.857, -2.53, -2.13, -1.735, -1.351, -1.0205, -0.7803, -0.618, -0.55, -0.609, -0.7983, -1.088, -1.419, -1.73, -1.971, -2.104, -2.14, -2.107, -2.025, -1.913, -1.73, -1.506, -1.244, -0.9585, -0.6567, -0.3438, -0.02174, 0.3093, 0.641, 0.935, 1.159, 1.313, 1.391, 1.439, 1.541, 1.768, 2.121
2.371, 2.418, 2.234, 1.921, 1.534, 1.105, 0.6733, 0.2598, -0.11975, -0.475, -0.8145, -1.109, -1.311, -1.393, -1.351, -1.203, -0.992, -0.755, -0.4707, -0.1738, 0.1201, 0.394, 0.6426, 0.8594, 1.029, 1.15, 1.235, 1.337, 1.462, 1.6, 1.723, 1.81, 1.857, 1.889, 1.918, 1.955, 1.977, 1.932, 1.799, 1.59, 1.316, 1.0, 0.6772, 0.3574, 0.03308, -0.288, -0.6064, -0.923, -1.23, -1.4795, -1.645, -1.713, -1.668, -1.538, -1.359, -1.132, -0.8706, -0.581, -0.281, 0.01668, 0.2969, 0.5557, 0.79, 0.96, 1.053, 1.109, 1.178, 1.297, 1.443, 1.578, 1.659, 1.672, 1.621, 1.507, 1.352, 1.16, 0.924, 0.6284, 0.3127, -0.000998, -0.3142, -0.622, -0.946, -1.283, -1.623, -1.867, -1.962, -1.951, -1.88, -1.779, -1.649, -1.499, -1.293, -1.049, -0.7456, -0.422, -0.0333, 0.382, 0.799, 1.193, 1.567, 1.854, 2.035, 2.129, 2.14, 2.117, 2.07, 2.004, 1.9375, 1.865, 1.769, 1.663, 1.548, 1.438, 1.326, 1.24, 1.168, 1.101, 1.025, 0.9478, 0.8667, 0.7905, 0.72, 0.646, 0.5854, 0.536, 0.4958, 0.4722, 0.462, 0.462, 0.4714, 0.4758, 0.4812, 0.4834, 0.4744, 0.455, 0.4175, 0.3486, 0.245, 0.0975, -0.0847, -0.2725, -0.4832, -0.696, -0.903, -1.105, -1.329, -1.576, -1.818, -2.045, -2.268, -2.498, -2.746, -2.957, -3.13, -3.27, -3.377, -3.46, -3.502, -3.465, -3.324, -3.111, -2.89, -2.645, -2.316, -1.925, -1.532, -1.14, -0.81, -0.57, -0.4104, -0.351, -0.44, -0.6904, -1.035, -1.385, -1.713, -1.959, -2.074, -2.094, -2.049, -1.963, -1.834, -1.652, -1.419, -1.127, -0.796, -0.4648, -0.1012, 0.2566, 0.6113, 0.9595, 1.248, 1.483, 1.627, 1.656, 1.648, 1.68, 1.834, 2.117
2.332, 2.33, 2.121, 1.804, 1.431, 1.021, 0.5977, 0.1895, -0.1838, -0.5425, -0.8843, -1.167, -1.346, -1.398, -1.332, -1.17, -0.9634, -0.715, -0.4297, -0.1486, 0.1371, 0.4067, 0.649, 0.863, 1.0205, 1.127, 1.207, 1.291, 1.413, 1.556, 1.682, 1.77, 1.818, 1.853, 1.882, 1.906, 1.908, 1.849, 1.713, 1.508, 1.25, 0.943, 0.6157, 0.2932, -0.02882, -0.3506, -0.6704, -0.9824, -1.271, -1.49, -1.624, -1.665, -1.607, -1.477, -1.297, -1.076, -0.819, -0.557, -0.2769, 0.006275, 0.279, 0.539, 0.774, 0.9487, 1.042, 1.096, 1.157, 1.269, 1.41, 1.55, 1.643, 1.672, 1.645, 1.557, 1.411, 1.229, 0.997, 0.7036, 0.3828, 0.0694, -0.2496, -0.5674, -0.8906, -1.228, -1.561, -1.805, -1.914, -1.924, -1.849, -1.739, -1.588, -1.404, -1.172, -0.87, -0.5186, -0.1293, 0.3125, 0.7954, 1.259, 1.696, 2.08, 2.354, 2.5, 2.559, 2.512, 2.42, 2.32, 2.188, 2.068, 1.947, 1.812, 1.675, 1.541, 1.409, 1.306, 1.225, 1.158, 1.099, 1.039, 0.9756, 0.9033, 0.831, 0.7646, 0.703, 0.6465, 0.599, 0.565, 0.549, 0.543, 0.5503, 0.566, 0.577, 0.5933, 0.605, 0.6104, 0.6016, 0.573, 0.5156, 0.4177, 0.2769, 0.10706, -0.0856, -0.2944, -0.523, -0.752, -0.981, -1.204, -1.448, -1.693, -1.916, -2.117, -2.316, -2.525, -2.72, -2.88, -3.027, -3.143, -3.238, -3.285, -3.244, -3.098, -2.885, -2.664, -2.43, -2.107, -1.733, -1.348, -0.9644, -0.6245, -0.3723, -0.2228, -0.1917, -0.3262, -0.623, -0.9946, -1.357, -1.705, -1.956, -2.053, -2.055, -2.004, -1.912, -1.772, -1.578, -1.314, -0.9766, -0.6113, -0.2217, 0.1735, 0.5684, 0.9556, 1.293, 1.598, 1.836, 1.946, 1.947, 1.885, 1.862, 1.956, 2.162
2.305, 2.244, 2.01, 1.688, 1.325, 0.92, 0.4998, 0.1034, -0.2683, -0.6216, -0.956, -1.223, -1.374, -1.399, -1.314, -1.15, -0.927, -0.6626, -0.3875, -0.11414, 0.1616, 0.4229, 0.663, 0.866, 1.016, 1.115, 1.187, 1.264, 1.382, 1.521, 1.647, 1.732, 1.785, 1.82, 1.849, 1.863, 1.848, 1.775, 1.627, 1.427, 1.18, 0.877, 0.5527, 0.2279, -0.10065, -0.4243, -0.7427, -1.047, -1.313, -1.5, -1.602, -1.619, -1.555, -1.42, -1.238, -1.022, -0.7773, -0.532, -0.2742, -0.004097, 0.259, 0.5117, 0.7515, 0.939, 1.043, 1.1, 1.157, 1.253, 1.385, 1.517, 1.609, 1.651, 1.644, 1.574, 1.443, 1.27, 1.039, 0.751, 0.4297, 0.1137, -0.2067, -0.5293, -0.8555, -1.188, -1.506, -1.746, -1.868, -1.877, -1.805, -1.686, -1.512, -1.299, -1.019, -0.6616, -0.2537, 0.1853, 0.695, 1.228, 1.753, 2.21, 2.607, 2.855, 2.957, 2.93, 2.832, 2.668, 2.5, 2.318, 2.152, 1.992, 1.825, 1.668, 1.516, 1.374, 1.271, 1.192, 1.132, 1.088, 1.043, 0.992, 0.9336, 0.8706, 0.8125, 0.76, 0.7153, 0.672, 0.6387, 0.6216, 0.6177, 0.6284, 0.6436, 0.6626, 0.6826, 0.703, 0.721, 0.7285, 0.7144, 0.6675, 0.5884, 0.4658, 0.3086, 0.11847, -0.0964, -0.3262, -0.578, -0.8306, -1.079, -1.334, -1.585, -1.804, -1.995, -2.176, -2.361, -2.53, -2.691, -2.834, -2.95, -3.043, -3.09, -3.045, -2.889, -2.676, -2.455, -2.217, -1.888, -1.514, -1.136, -0.7534, -0.424, -0.1727, -0.03287, -0.0493, -0.2458, -0.586, -0.9756, -1.352, -1.708, -1.956, -2.033, -2.016, -1.951, -1.854, -1.699, -1.479, -1.181, -0.794, -0.3818, 0.0518, 0.4763, 0.9106, 1.306, 1.646, 1.947, 2.162, 2.246, 2.21, 2.121, 2.05, 2.094, 2.217
2.277, 2.16, 1.902, 1.575, 1.213, 0.811, 0.3965, 0.003054, -0.3655, -0.7114, -1.025, -1.268, -1.395, -1.396, -1.307, -1.127, -0.8984, -0.6377, -0.3638, -0.0949, 0.1735, 0.4263, 0.666, 0.868, 1.015, 1.109, 1.18, 1.252, 1.358, 1.49, 1.609, 1.696, 1.75, 1.786, 1.81, 1.818, 1.789, 1.699, 1.551, 1.352, 1.107, 0.8066, 0.4822, 0.1432, -0.1902, -0.5107, -0.834, -1.123, -1.355, -1.513, -1.58, -1.581, -1.509, -1.377, -1.201, -0.992, -0.762, -0.5312, -0.2876, -0.02615, 0.2395, 0.4944, 0.7344, 0.9316, 1.054, 1.116, 1.171, 1.25, 1.363, 1.48, 1.569, 1.619, 1.619, 1.5625, 1.442, 1.272, 1.051, 0.7656, 0.4448, 0.12067, -0.2041, -0.5312, -0.858, -1.176, -1.468, -1.693, -1.814, -1.824, -1.747, -1.606, -1.416, -1.166, -0.834, -0.42, 0.0273, 0.5303, 1.085, 1.672, 2.248, 2.727, 3.105, 3.309, 3.367, 3.266, 3.09, 2.875, 2.637, 2.41, 2.201, 2.006, 1.819, 1.643, 1.478, 1.332, 1.2295, 1.156, 1.104, 1.067, 1.034, 1.001, 0.9575, 0.908, 0.8643, 0.818, 0.7793, 0.739, 0.701, 0.6826, 0.6807, 0.6904, 0.7075, 0.727, 0.7495, 0.778, 0.8086, 0.828, 0.833, 0.8115, 0.7505, 0.6494, 0.505, 0.3296, 0.1178, -0.11926, -0.3862, -0.6543, -0.93, -1.201, -1.464, -1.697, -1.901, -2.082, -2.25, -2.412, -2.56, -2.7, -2.8, -2.871, -2.9, -2.854, -2.701, -2.496, -2.271, -2.016, -1.687, -1.302, -0.9004, -0.53, -0.2117, 0.02824, 0.1361, 0.0636, -0.1929, -0.5615, -0.959, -1.342, -1.703, -1.946, -2.012, -1.973, -1.889, -1.777, -1.613, -1.359, -1.0205, -0.601, -0.1357, 0.33, 0.7954, 1.245, 1.669, 1.999, 2.258, 2.443, 2.488, 2.418, 2.309, 2.22, 2.219, 2.268
2.242, 2.082, 1.809, 1.479, 1.107, 0.69, 0.2786, -0.1083, -0.4766, -0.8086, -1.104, -1.313, -1.409, -1.403, -1.3, -1.122, -0.892, -0.6387, -0.3708, -0.1033, 0.1604, 0.4194, 0.6636, 0.876, 1.03, 1.122, 1.181, 1.25, 1.345, 1.455, 1.564, 1.647, 1.705, 1.741, 1.762, 1.76, 1.725, 1.625, 1.473, 1.269, 1.014, 0.708, 0.3823, 0.04327, -0.2866, -0.6113, -0.925, -1.1875, -1.391, -1.516, -1.564, -1.545, -1.473, -1.354, -1.193, -1.0, -0.787, -0.56, -0.323, -0.05673, 0.2104, 0.4712, 0.72, 0.9336, 1.068, 1.142, 1.189, 1.25, 1.342, 1.44, 1.525, 1.577, 1.584, 1.531, 1.411, 1.246, 1.027, 0.7417, 0.421, 0.0971, -0.2238, -0.5557, -0.88, -1.176, -1.44, -1.645, -1.76, -1.7705, -1.686, -1.521, -1.311, -1.005, -0.629, -0.1777, 0.334, 0.9, 1.514, 2.133, 2.715, 3.227, 3.57, 3.74, 3.719, 3.57, 3.328, 3.049, 2.764, 2.496, 2.254, 2.03, 1.823, 1.635, 1.452, 1.298, 1.195, 1.123, 1.078, 1.049, 1.022, 1.004, 0.9736, 0.9395, 0.9087, 0.8696, 0.834, 0.797, 0.766, 0.751, 0.745, 0.7476, 0.7563, 0.778, 0.8022, 0.8364, 0.8726, 0.9062, 0.9297, 0.929, 0.895, 0.8193, 0.7, 0.5327, 0.3357, 0.10333, -0.1722, -0.4578, -0.7617, -1.057, -1.334, -1.586, -1.817, -2.008, -2.176, -2.322, -2.47, -2.607, -2.701, -2.75, -2.756, -2.695, -2.537, -2.336, -2.086, -1.816, -1.4795, -1.08, -0.677, -0.3022, 0.00837, 0.2188, 0.2688, 0.138, -0.1509, -0.535, -0.9443, -1.34, -1.697, -1.932, -1.986, -1.934, -1.835, -1.698, -1.504, -1.227, -0.85, -0.3855, 0.11035, 0.6177, 1.123, 1.605, 2.04, 2.363, 2.59, 2.695, 2.688, 2.586, 2.453, 2.35, 2.303, 2.295
2.205, 2.012, 1.721, 1.384, 1.0, 0.5674, 0.1478, -0.243, -0.5938, -0.9116, -1.179, -1.357, -1.434, -1.413, -1.306, -1.126, -0.9106, -0.6704, -0.4065, -0.1381, 0.128, 0.3994, 0.6567, 0.884, 1.05, 1.14, 1.2, 1.259, 1.334, 1.426, 1.518, 1.596, 1.654, 1.688, 1.707, 1.699, 1.65, 1.547, 1.385, 1.172, 0.905, 0.592, 0.2622, -0.0748, -0.4006, -0.718, -1.012, -1.241, -1.411, -1.516, -1.545, -1.52, -1.457, -1.351, -1.213, -1.042, -0.8345, -0.6167, -0.381, -0.114, 0.161, 0.4414, 0.708, 0.9346, 1.093, 1.172, 1.21, 1.25, 1.315, 1.4, 1.479, 1.531, 1.54, 1.488, 1.368, 1.199, 0.9775, 0.694, 0.374, 0.04926, -0.272, -0.6045, -0.9214, -1.198, -1.4375, -1.623, -1.717, -1.713, -1.617, -1.436, -1.183, -0.83, -0.4016, 0.09955, 0.6597, 1.293, 1.957, 2.607, 3.217, 3.705, 4.016, 4.117, 4.043, 3.852, 3.57, 3.246, 2.92, 2.607, 2.334, 2.082, 1.854, 1.644, 1.45, 1.287, 1.174, 1.1, 1.052, 1.025, 1.01, 1.0, 0.9917, 0.973, 0.9497, 0.9214, 0.8877, 0.8506, 0.826, 0.8076, 0.8027, 0.801, 0.808, 0.8267, 0.8506, 0.8823, 0.9214, 0.9634, 0.998, 1.02, 1.012, 0.9634, 0.8667, 0.7207, 0.533, 0.3093, 0.0551, -0.2362, -0.552, -0.8584, -1.165, -1.441, -1.694, -1.915, -2.094, -2.24, -2.387, -2.516, -2.605, -2.645, -2.639, -2.57, -2.402, -2.18, -1.915, -1.61, -1.244, -0.8394, -0.4412, -0.0822, 0.2108, 0.3806, 0.3657, 0.183, -0.1287, -0.5195, -0.9375, -1.336, -1.689, -1.903, -1.95, -1.887, -1.781, -1.625, -1.392, -1.07, -0.6504, -0.165, 0.3687, 0.916, 1.47, 1.961, 2.393, 2.695, 2.885, 2.926, 2.865, 2.723, 2.562, 2.43, 2.352, 2.299
2.164, 1.936, 1.624, 1.281, 0.883, 0.4358, 0.001807, -0.3833, -0.732, -1.025, -1.268, -1.41, -1.458, -1.424, -1.317, -1.149, -0.941, -0.71, -0.4543, -0.181, 0.0975, 0.3735, 0.649, 0.8975, 1.081, 1.178, 1.229, 1.272, 1.326, 1.395, 1.475, 1.546, 1.604, 1.643, 1.655, 1.639, 1.576, 1.459, 1.283, 1.061, 0.7793, 0.4622, 0.1285, -0.2047, -0.526, -0.826, -1.086, -1.282, -1.419, -1.507, -1.525, -1.507, -1.451, -1.374, -1.258, -1.105, -0.913, -0.6934, -0.4492, -0.175, 0.1159, 0.4111, 0.698, 0.946, 1.122, 1.207, 1.237, 1.254, 1.294, 1.36, 1.431, 1.482, 1.489, 1.4375, 1.314, 1.137, 0.907, 0.622, 0.3008, -0.02423, -0.3445, -0.6685, -0.9717, -1.23, -1.444, -1.608, -1.682, -1.661, -1.55, -1.346, -1.057, -0.6616, -0.1925, 0.3696, 1.0, 1.6875, 2.395, 3.08, 3.695, 4.168, 4.414, 4.457, 4.35, 4.1, 3.787, 3.438, 3.082, 2.75, 2.443, 2.164, 1.917, 1.688, 1.484, 1.3125, 1.18, 1.092, 1.042, 1.011, 1.0, 0.999, 1.0, 0.995, 0.981, 0.958, 0.9355, 0.906, 0.8853, 0.8716, 0.8643, 0.859, 0.865, 0.877, 0.8955, 0.9214, 0.9556, 0.999, 1.043, 1.081, 1.099, 1.08, 1.009, 0.89, 0.722, 0.514, 0.2617, -0.01407, -0.3333, -0.6504, -0.9736, -1.279, -1.549, -1.775, -1.956, -2.121, -2.277, -2.398, -2.477, -2.51, -2.488, -2.406, -2.238, -2.0, -1.711, -1.366, -0.9707, -0.567, -0.1913, 0.1509, 0.405, 0.51, 0.428, 0.1957, -0.1372, -0.532, -0.9434, -1.336, -1.67, -1.868, -1.911, -1.85, -1.731, -1.551, -1.277, -0.917, -0.4592, 0.07086, 0.652, 1.241, 1.819, 2.355, 2.764, 3.025, 3.156, 3.15, 3.041, 2.844, 2.645, 2.486, 2.38, 2.295
2.11, 1.844, 1.513, 1.151, 0.7373, 0.284, -0.1492, -0.523, -0.8594, -1.139, -1.352, -1.467, -1.49, -1.448, -1.342, -1.182, -0.986, -0.7637, -0.5146, -0.2283, 0.06757, 0.3586, 0.6465, 0.9136, 1.111, 1.225, 1.266, 1.289, 1.322, 1.371, 1.436, 1.501, 1.557, 1.595, 1.6045, 1.576, 1.5, 1.369, 1.176, 0.934, 0.6406, 0.3154, -0.01554, -0.3376, -0.649, -0.9233, -1.155, -1.323, -1.434, -1.504, -1.519, -1.507, -1.473, -1.41, -1.317, -1.186, -1.012, -0.7827, -0.5215, -0.2295, 0.0807, 0.398, 0.704, 0.9683, 1.159, 1.249, 1.2705, 1.265, 1.279, 1.322, 1.379, 1.426, 1.432, 1.377, 1.257, 1.069, 0.8374, 0.5513, 0.2365, -0.0949, -0.4158, -0.737, -1.023, -1.26, -1.454, -1.6, -1.66, -1.621, -1.491, -1.266, -0.931, -0.4988, 0.02681, 0.66, 1.354, 2.064, 2.785, 3.479, 4.08, 4.53, 4.734, 4.727, 4.562, 4.285, 3.941, 3.578, 3.22, 2.887, 2.566, 2.27, 2.0, 1.752, 1.536, 1.35, 1.209, 1.109, 1.049, 1.011, 0.9937, 1.0, 1.006, 1.01, 1.008, 0.996, 0.9834, 0.963, 0.95, 0.9365, 0.9297, 0.9263, 0.9243, 0.925, 0.9346, 0.955, 0.9854, 1.025, 1.071, 1.117, 1.156, 1.165, 1.13, 1.046, 0.9, 0.7104, 0.4736, 0.2003, -0.1059, -0.436, -0.772, -1.094, -1.382, -1.615, -1.807, -1.962, -2.098, -2.203, -2.27, -2.283, -2.248, -2.156, -1.988, -1.741, -1.4375, -1.072, -0.6772, -0.2866, 0.08234, 0.38, 0.566, 0.596, 0.4453, 0.171, -0.1829, -0.58, -0.9824, -1.36, -1.666, -1.838, -1.875, -1.822, -1.693, -1.483, -1.18, -0.7637, -0.2725, 0.3188, 0.955, 1.593, 2.197, 2.762, 3.158, 3.373, 3.43, 3.373, 3.188, 2.94, 2.705, 2.52, 2.39, 2.273
2.035, 1.74, 1.389, 1.011, 0.585, 0.1288, -0.295, -0.663, -0.9863, -1.252, -1.427, -1.515, -1.529, -1.477, -1.379, -1.231, -1.044, -0.8247, -0.5693, -0.267, 0.05496, 0.3674, 0.6694, 0.9497, 1.16, 1.2705, 1.309, 1.315, 1.325, 1.355, 1.402, 1.461, 1.514, 1.548, 1.558, 1.519, 1.433, 1.282, 1.078, 0.821, 0.526, 0.1985, -0.1292, -0.45, -0.7485, -1.004, -1.201, -1.352, -1.46, -1.523, -1.535, -1.533, -1.501, -1.461, -1.387, -1.266, -1.087, -0.8555, -0.574, -0.2573, 0.0764, 0.4124, 0.74, 1.019, 1.221, 1.311, 1.316, 1.286, 1.27, 1.286, 1.322, 1.355, 1.357, 1.302, 1.182, 0.995, 0.76, 0.4797, 0.1711, -0.1523, -0.478, -0.792, -1.064, -1.282, -1.464, -1.59, -1.633, -1.586, -1.434, -1.18, -0.8027, -0.3225, 0.283, 0.975, 1.705, 2.443, 3.174, 3.832, 4.402, 4.797, 4.938, 4.9, 4.703, 4.418, 4.06, 3.691, 3.348, 3.018, 2.691, 2.383, 2.092, 1.834, 1.607, 1.416, 1.26, 1.1455, 1.071, 1.02, 1.0, 0.9966, 1.014, 1.024, 1.03, 1.032, 1.029, 1.02, 1.012, 1.002, 0.995, 0.9897, 0.981, 0.977, 0.978, 0.993, 1.019, 1.053, 1.087, 1.134, 1.183, 1.215, 1.213, 1.164, 1.051, 0.8887, 0.6763, 0.4219, 0.1282, -0.1923, -0.5293, -0.872, -1.17, -1.41, -1.594, -1.736, -1.863, -1.961, -2.012, -2.02, -1.965, -1.84, -1.66, -1.404, -1.1045, -0.7476, -0.3633, 0.004677, 0.3345, 0.5757, 0.684, 0.6255, 0.4119, 0.1065, -0.2559, -0.6577, -1.038, -1.393, -1.671, -1.825, -1.865, -1.806, -1.658, -1.424, -1.064, -0.598, -0.03683, 0.62, 1.293, 1.968, 2.588, 3.162, 3.55, 3.717, 3.695, 3.562, 3.316, 3.023, 2.75, 2.537, 2.385, 2.24
1.961, 1.633, 1.269, 0.88, 0.4458, -0.01791, -0.4373, -0.7837, -1.1, -1.347, -1.491, -1.5625, -1.569, -1.521, -1.427, -1.281, -1.091, -0.8706, -0.6074, -0.2822, 0.05518, 0.3884, 0.709, 1.001, 1.219, 1.337, 1.365, 1.352, 1.336, 1.344, 1.372, 1.423, 1.47, 1.501, 1.499, 1.465, 1.375, 1.22, 1.008, 0.743, 0.4412, 0.1166, -0.2081, -0.522, -0.813, -1.064, -1.267, -1.41, -1.493, -1.547, -1.569, -1.569, -1.548, -1.514, -1.443, -1.321, -1.139, -0.899, -0.6025, -0.261, 0.08765, 0.4556, 0.7983, 1.092, 1.298, 1.39, 1.381, 1.319, 1.269, 1.253, 1.26, 1.271, 1.26, 1.203, 1.088, 0.9126, 0.6875, 0.4224, 0.133, -0.179, -0.496, -0.802, -1.069, -1.284, -1.455, -1.576, -1.618, -1.558, -1.381, -1.09, -0.678, -0.1421, 0.5156, 1.245, 1.997, 2.758, 3.494, 4.137, 4.664, 5.0, 5.098, 5.02, 4.82, 4.54, 4.195, 3.842, 3.5, 3.178, 2.852, 2.535, 2.227, 1.951, 1.714, 1.511, 1.337, 1.205, 1.105, 1.045, 1.01, 1.012, 1.022, 1.04, 1.06, 1.07, 1.076, 1.077, 1.076, 1.068, 1.0625, 1.056, 1.047, 1.037, 1.037, 1.043, 1.061, 1.081, 1.111, 1.151, 1.197, 1.239, 1.265, 1.246, 1.17, 1.04, 0.8633, 0.6357, 0.3672, 0.0753, -0.2595, -0.605, -0.9106, -1.151, -1.324, -1.467, -1.576, -1.664, -1.716, -1.717, -1.656, -1.517, -1.311, -1.047, -0.76, -0.4312, -0.0731, 0.2646, 0.5405, 0.708, 0.734, 0.6006, 0.3467, 0.02742, -0.3423, -0.734, -1.098, -1.4375, -1.693, -1.833, -1.865, -1.798, -1.617, -1.328, -0.9087, -0.3762, 0.2544, 0.962, 1.664, 2.354, 3.016, 3.58, 3.938, 4.03, 3.95, 3.729, 3.432, 3.105, 2.799, 2.555, 2.377, 2.207
1.908, 1.555, 1.17, 0.777, 0.3438, -0.1279, -0.5474, -0.8896, -1.192, -1.42, -1.553, -1.61, -1.605, -1.566, -1.477, -1.327, -1.133, -0.902, -0.609, -0.2712, 0.0912, 0.4346, 0.7686, 1.068, 1.302, 1.412, 1.428, 1.392, 1.349, 1.327, 1.334, 1.37, 1.403, 1.434, 1.438, 1.4, 1.323, 1.175, 0.9688, 0.7036, 0.4067, 0.08527, -0.2389, -0.5645, -0.8667, -1.131, -1.322, -1.464, -1.539, -1.59, -1.604, -1.611, -1.605, -1.561, -1.48, -1.344, -1.154, -0.902, -0.587, -0.2378, 0.1338, 0.517, 0.879, 1.18, 1.391, 1.48, 1.453, 1.361, 1.271, 1.218, 1.191, 1.166, 1.131, 1.069, 0.9683, 0.8213, 0.6265, 0.3916, 0.1279, -0.1628, -0.4675, -0.7676, -1.045, -1.256, -1.431, -1.56, -1.599, -1.522, -1.324, -1.001, -0.5425, 0.04102, 0.7417, 1.49, 2.256, 3.016, 3.777, 4.42, 4.9, 5.195, 5.27, 5.176, 4.99, 4.72, 4.395, 4.055, 3.72, 3.4, 3.066, 2.738, 2.414, 2.11, 1.8545, 1.631, 1.441, 1.284, 1.167, 1.084, 1.039, 1.029, 1.046, 1.07, 1.095, 1.116, 1.127, 1.139, 1.141, 1.143, 1.139, 1.13, 1.119, 1.111, 1.106, 1.111, 1.121, 1.133, 1.15, 1.175, 1.216, 1.257, 1.289, 1.298, 1.264, 1.176, 1.034, 0.8433, 0.6216, 0.339, 0.02678, -0.2983, -0.606, -0.845, -1.026, -1.175, -1.28, -1.353, -1.396, -1.3955, -1.321, -1.172, -0.9497, -0.6836, -0.4028, -0.1076, 0.2162, 0.513, 0.7183, 0.801, 0.743, 0.5566, 0.2766, -0.04605, -0.412, -0.795, -1.158, -1.489, -1.7295, -1.848, -1.865, -1.773, -1.555, -1.205, -0.7197, -0.1182, 0.568, 1.3, 2.033, 2.752, 3.42, 3.969, 4.273, 4.293, 4.13, 3.87, 3.547, 3.201, 2.877, 2.598, 2.383, 2.178
1.874, 1.517, 1.1455, 0.745, 0.3052, -0.1815, -0.6094, -0.957, -1.254, -1.469, -1.589, -1.646, -1.645, -1.605, -1.507, -1.347, -1.138, -0.8896, -0.57, -0.2078, 0.1669, 0.5063, 0.8486, 1.174, 1.408, 1.505, 1.503, 1.439, 1.364, 1.308, 1.287, 1.293, 1.3125, 1.338, 1.346, 1.32, 1.25, 1.123, 0.9316, 0.682, 0.387, 0.0702, -0.2568, -0.5947, -0.895, -1.163, -1.366, -1.506, -1.594, -1.638, -1.654, -1.664, -1.651, -1.598, -1.487, -1.331, -1.109, -0.8345, -0.516, -0.1616, 0.2122, 0.5977, 0.967, 1.275, 1.492, 1.581, 1.523, 1.395, 1.271, 1.176, 1.102, 1.028, 0.963, 0.897, 0.81, 0.6934, 0.5376, 0.3423, 0.1184, -0.1398, -0.4187, -0.7163, -1.0, -1.223, -1.414, -1.544, -1.572, -1.473, -1.242, -0.8794, -0.3794, 0.2622, 0.9897, 1.746, 2.508, 3.287, 4.047, 4.664, 5.13, 5.406, 5.47, 5.4, 5.234, 4.992, 4.684, 4.35, 4.02, 3.69, 3.336, 2.986, 2.645, 2.326, 2.043, 1.794, 1.582, 1.399, 1.256, 1.152, 1.089, 1.068, 1.082, 1.1045, 1.134, 1.168, 1.184, 1.202, 1.215, 1.227, 1.224, 1.215, 1.204, 1.193, 1.188, 1.188, 1.188, 1.189, 1.194, 1.198, 1.234, 1.27, 1.301, 1.323, 1.321, 1.279, 1.188, 1.042, 0.856, 0.6094, 0.3357, 0.04468, -0.2522, -0.5, -0.695, -0.846, -0.956, -1.031, -1.082, -1.069, -0.986, -0.838, -0.612, -0.3535, -0.0777, 0.1882, 0.4697, 0.7095, 0.84, 0.851, 0.7305, 0.5107, 0.2291, -0.0886, -0.4426, -0.827, -1.196, -1.528, -1.758, -1.866, -1.852, -1.714, -1.443, -1.033, -0.4858, 0.1859, 0.91, 1.662, 2.428, 3.145, 3.805, 4.297, 4.53, 4.492, 4.28, 3.988, 3.648, 3.309, 2.975, 2.672, 2.418, 2.176
1.878, 1.526, 1.154, 0.7456, 0.282, -0.2123, -0.65, -1.008, -1.303, -1.508, -1.624, -1.676, -1.673, -1.613, -1.5, -1.319, -1.083, -0.8027, -0.4705, -0.1018, 0.273, 0.6177, 0.973, 1.317, 1.547, 1.625, 1.592, 1.498, 1.383, 1.284, 1.223, 1.189, 1.182, 1.19, 1.198, 1.184, 1.131, 1.028, 0.8657, 0.629, 0.3376, 0.02454, -0.3093, -0.6323, -0.934, -1.195, -1.395, -1.544, -1.637, -1.689, -1.707, -1.713, -1.681, -1.594, -1.456, -1.258, -1.018, -0.727, -0.398, -0.03812, 0.3247, 0.6865, 1.055, 1.377, 1.6, 1.681, 1.598, 1.433, 1.268, 1.125, 0.9937, 0.8643, 0.7603, 0.6724, 0.5884, 0.4941, 0.378, 0.2374, 0.0599, -0.1542, -0.412, -0.701, -0.9775, -1.209, -1.398, -1.527, -1.543, -1.414, -1.141, -0.735, -0.1915, 0.477, 1.214, 1.979, 2.76, 3.559, 4.305, 4.92, 5.383, 5.656, 5.75, 5.72, 5.582, 5.36, 5.055, 4.715, 4.375, 4.02, 3.65, 3.285, 2.94, 2.605, 2.299, 2.021, 1.764, 1.548, 1.372, 1.242, 1.16, 1.131, 1.133, 1.156, 1.19, 1.219, 1.253, 1.274, 1.3, 1.316, 1.325, 1.322, 1.304, 1.292, 1.281, 1.272, 1.261, 1.254, 1.24, 1.237, 1.254, 1.273, 1.295, 1.322, 1.332, 1.32, 1.281, 1.194, 1.058, 0.863, 0.638, 0.3735, 0.1102, -0.138, -0.3406, -0.4836, -0.599, -0.6895, -0.742, -0.7495, -0.6797, -0.5405, -0.3264, -0.07196, 0.186, 0.4263, 0.6655, 0.839, 0.9146, 0.882, 0.7363, 0.5215, 0.2507, -0.0648, -0.4202, -0.8086, -1.196, -1.531, -1.756, -1.85, -1.801, -1.612, -1.273, -0.8086, -0.2051, 0.5146, 1.284, 2.049, 2.803, 3.54, 4.15, 4.586, 4.758, 4.676, 4.43, 4.117, 3.785, 3.445, 3.102, 2.77, 2.469, 2.195
1.89, 1.53, 1.158, 0.7393, 0.2489, -0.2778, -0.7217, -1.08, -1.366, -1.555, -1.653, -1.686, -1.666, -1.594, -1.439, -1.23, -0.97, -0.6597, -0.3164, 0.0677, 0.4314, 0.7666, 1.123, 1.478, 1.703, 1.766, 1.697, 1.566, 1.422, 1.271, 1.152, 1.067, 1.01, 0.9814, 0.9688, 0.9546, 0.917, 0.826, 0.683, 0.478, 0.2157, -0.0829, -0.4082, -0.7266, -1.0, -1.256, -1.452, -1.588, -1.677, -1.725, -1.737, -1.734, -1.67, -1.547, -1.363, -1.127, -0.8545, -0.556, -0.235, 0.12164, 0.461, 0.8027, 1.154, 1.471, 1.705, 1.779, 1.687, 1.482, 1.269, 1.067, 0.8647, 0.67, 0.509, 0.3823, 0.2878, 0.2119, 0.1185, 0.01461, -0.1283, -0.2944, -0.5024, -0.7554, -1.015, -1.24, -1.416, -1.525, -1.51, -1.344, -1.026, -0.5776, 0.007477, 0.71, 1.452, 2.22, 3.023, 3.848, 4.598, 5.234, 5.723, 6.02, 6.13, 6.12, 5.992, 5.734, 5.42, 5.07, 4.71, 4.36, 4.0, 3.643, 3.299, 2.947, 2.598, 2.287, 1.989, 1.718, 1.508, 1.35, 1.25, 1.208, 1.201, 1.217, 1.245, 1.277, 1.315, 1.352, 1.392, 1.421, 1.431, 1.427, 1.412, 1.394, 1.379, 1.367, 1.35, 1.332, 1.311, 1.299, 1.291, 1.293, 1.295, 1.294, 1.299, 1.307, 1.296, 1.262, 1.186, 1.061, 0.889, 0.684, 0.4575, 0.2277, 0.02837, -0.1126, -0.2245, -0.318, -0.3848, -0.4146, -0.3743, -0.2593, -0.0786, 0.144, 0.381, 0.5894, 0.7915, 0.939, 1.008, 0.972, 0.842, 0.644, 0.3762, 0.04785, -0.3223, -0.727, -1.125, -1.469, -1.704, -1.797, -1.714, -1.465, -1.0625, -0.5273, 0.1167, 0.8745, 1.646, 2.422, 3.182, 3.902, 4.496, 4.9, 5.03, 4.918, 4.656, 4.316, 3.957, 3.588, 3.219, 2.848, 2.516, 2.205
1.858, 1.492, 1.107, 0.644, 0.11676, -0.4177, -0.8594, -1.2, -1.445, -1.607, -1.677, -1.69, -1.632, -1.512, -1.323, -1.084, -0.799, -0.4648, -0.1049, 0.2764, 0.6245, 0.9375, 1.281, 1.622, 1.851, 1.904, 1.82, 1.664, 1.48, 1.277, 1.09, 0.933, 0.8096, 0.7246, 0.662, 0.619, 0.5703, 0.4805, 0.3506, 0.1744, -0.05692, -0.3142, -0.618, -0.9023, -1.156, -1.354, -1.522, -1.644, -1.712, -1.74, -1.742, -1.703, -1.601, -1.436, -1.206, -0.9355, -0.6387, -0.333, -0.015564, 0.322, 0.646, 0.9595, 1.279, 1.584, 1.816, 1.888, 1.774, 1.555, 1.29, 1.023, 0.7417, 0.4656, 0.229, 0.05157, -0.07306, -0.1609, -0.2512, -0.3523, -0.4658, -0.599, -0.751, -0.947, -1.155, -1.343, -1.477, -1.536, -1.469, -1.248, -0.8794, -0.3782, 0.252, 0.9736, 1.739, 2.53, 3.36, 4.203, 5.0, 5.688, 6.21, 6.492, 6.594, 6.574, 6.414, 6.12, 5.773, 5.406, 5.05, 4.688, 4.336, 4.0, 3.66, 3.299, 2.926, 2.574, 2.236, 1.919, 1.674, 1.491, 1.371, 1.311, 1.282, 1.286, 1.309, 1.346, 1.386, 1.4375, 1.49, 1.531, 1.547, 1.545, 1.533, 1.519, 1.507, 1.492, 1.471, 1.443, 1.422, 1.4, 1.372, 1.335, 1.301, 1.268, 1.247, 1.238, 1.2295, 1.217, 1.1875, 1.131, 1.037, 0.908, 0.749, 0.5635, 0.3975, 0.2666, 0.1724, 0.0845, 0.01761, -0.03476, -0.02963, 0.03696, 0.175, 0.3542, 0.5513, 0.746, 0.944, 1.104, 1.197, 1.199, 1.115, 0.9297, 0.6445, 0.2769, -0.1382, -0.5684, -0.9966, -1.357, -1.615, -1.705, -1.584, -1.288, -0.8296, -0.2421, 0.4395, 1.203, 1.983, 2.78, 3.568, 4.293, 4.867, 5.266, 5.406, 5.29, 4.977, 4.586, 4.188, 3.79, 3.354, 2.918, 2.525, 2.19
1.746, 1.331, 0.895, 0.4114, -0.1522, -0.6904, -1.1, -1.401, -1.585, -1.686, -1.709, -1.67, -1.5625, -1.394, -1.155, -0.877, -0.56, -0.2025, 0.1575, 0.519, 0.8354, 1.12, 1.442, 1.766, 1.98, 2.043, 1.967, 1.801, 1.583, 1.321, 1.067, 0.8267, 0.619, 0.44, 0.3022, 0.1978, 0.111, 0.01653, -0.10675, -0.2642, -0.4717, -0.6885, -0.9385, -1.159, -1.349, -1.514, -1.612, -1.707, -1.741, -1.731, -1.689, -1.609, -1.467, -1.261, -0.9937, -0.684, -0.3733, -0.06696, 0.2406, 0.554, 0.8594, 1.143, 1.424, 1.704, 1.933, 2.0, 1.89, 1.657, 1.355, 1.015, 0.6567, 0.2944, -0.03073, -0.2847, -0.4722, -0.599, -0.711, -0.814, -0.919, -1.018, -1.123, -1.246, -1.392, -1.511, -1.576, -1.561, -1.417, -1.131, -0.7075, -0.1517, 0.5317, 1.289, 2.074, 2.904, 3.76, 4.645, 5.51, 6.266, 6.78, 7.04, 7.12, 7.086, 6.902, 6.58, 6.207, 5.82, 5.445, 5.09, 4.74, 4.4, 4.047, 3.686, 3.293, 2.91, 2.521, 2.16, 1.872, 1.664, 1.522, 1.438, 1.383, 1.367, 1.373, 1.404, 1.456, 1.521, 1.592, 1.646, 1.674, 1.677, 1.67, 1.662, 1.656, 1.645, 1.62, 1.603, 1.575, 1.544, 1.491, 1.42, 1.354, 1.286, 1.23, 1.172, 1.137, 1.106, 1.09, 1.059, 1.003, 0.929, 0.841, 0.7427, 0.6533, 0.593, 0.543, 0.503, 0.4585, 0.4128, 0.3901, 0.435, 0.531, 0.6934, 0.8726, 1.062, 1.27, 1.442, 1.564, 1.605, 1.54, 1.346, 1.008, 0.5664, 0.07684, -0.416, -0.8813, -1.27, -1.527, -1.593, -1.426, -1.072, -0.568, 0.0758, 0.7964, 1.54, 2.322, 3.123, 3.918, 4.68, 5.297, 5.71, 5.87, 5.76, 5.434, 4.984, 4.508, 4.023, 3.52, 2.994, 2.52, 2.12
1.515, 1.017, 0.508, -0.02905, -0.581, -1.063, -1.418, -1.647, -1.752, -1.764, -1.715, -1.607, -1.449, -1.217, -0.9395, -0.6235, -0.285, 0.0761, 0.4353, 0.7725, 1.053, 1.294, 1.578, 1.883, 2.098, 2.184, 2.129, 1.984, 1.752, 1.44, 1.106, 0.7803, 0.4685, 0.1826, -0.05878, -0.2494, -0.3909, -0.5107, -0.637, -0.791, -0.9707, -1.143, -1.319, -1.458, -1.554, -1.637, -1.687, -1.726, -1.731, -1.682, -1.591, -1.455, -1.268, -1.016, -0.7134, -0.3916, -0.0688, 0.2305, 0.521, 0.8027, 1.075, 1.343, 1.594, 1.849, 2.059, 2.125, 2.027, 1.805, 1.491, 1.102, 0.662, 0.2059, -0.219, -0.584, -0.863, -1.051, -1.193, -1.307, -1.404, -1.471, -1.529, -1.6, -1.674, -1.725, -1.707, -1.594, -1.352, -0.9824, -0.486, 0.134, 0.865, 1.642, 2.482, 3.363, 4.266, 5.21, 6.12, 6.87, 7.34, 7.55, 7.613, 7.59, 7.418, 7.125, 6.75, 6.36, 5.977, 5.637, 5.29, 4.93, 4.543, 4.14, 3.719, 3.28, 2.848, 2.455, 2.111, 1.872, 1.698, 1.582, 1.504, 1.459, 1.448, 1.478, 1.531, 1.6045, 1.686, 1.757, 1.805, 1.826, 1.833, 1.834, 1.832, 1.822, 1.806, 1.795, 1.7705, 1.73, 1.661, 1.584, 1.491, 1.395, 1.288, 1.17, 1.068, 0.9956, 0.9316, 0.8696, 0.8086, 0.73, 0.6777, 0.6426, 0.656, 0.7124, 0.779, 0.856, 0.914, 0.935, 0.961, 1.007, 1.121, 1.275, 1.46, 1.648, 1.857, 2.043, 2.172, 2.18, 2.066, 1.798, 1.343, 0.782, 0.1926, -0.381, -0.884, -1.256, -1.47, -1.489, -1.273, -0.859, -0.299, 0.404, 1.149, 1.908, 2.684, 3.469, 4.266, 5.062, 5.75, 6.21, 6.41, 6.332, 5.99, 5.492, 4.918, 4.344, 3.754, 3.125, 2.527, 2.008
1.224, 0.579, -0.0356, -0.6343, -1.155, -1.529, -1.778, -1.881, -1.893, -1.821, -1.689, -1.518, -1.296, -1.013, -0.677, -0.3455, 0.00401, 0.3735, 0.7173, 1.025, 1.266, 1.48, 1.732, 2.0, 2.227, 2.344, 2.334, 2.219, 1.982, 1.646, 1.24, 0.8413, 0.4438, 0.04883, -0.3281, -0.6333, -0.845, -1.021, -1.184, -1.349, -1.499, -1.623, -1.703, -1.748, -1.752, -1.746, -1.726, -1.705, -1.639, -1.548, -1.412, -1.229, -0.989, -0.7036, -0.3745, -0.04178, 0.2776, 0.554, 0.797, 1.042, 1.306, 1.57, 1.805, 2.023, 2.213, 2.29, 2.225, 2.02, 1.6875, 1.288, 0.7827, 0.2203, -0.322, -0.802, -1.174, -1.451, -1.643, -1.782, -1.885, -1.926, -1.939, -1.957, -1.965, -1.943, -1.844, -1.633, -1.287, -0.817, -0.2264, 0.469, 1.238, 2.064, 2.953, 3.904, 4.895, 5.902, 6.832, 7.523, 7.9, 8.04, 8.08, 8.05, 7.926, 7.71, 7.4, 7.023, 6.652, 6.3, 5.93, 5.547, 5.137, 4.7, 4.215, 3.723, 3.229, 2.812, 2.424, 2.135, 1.92, 1.757, 1.644, 1.578, 1.554, 1.579, 1.629, 1.7, 1.79, 1.872, 1.942, 1.993, 2.023, 2.04, 2.043, 2.041, 2.03, 2.023, 2.008, 1.969, 1.904, 1.817, 1.715, 1.598, 1.446, 1.281, 1.115, 0.9683, 0.8115, 0.663, 0.529, 0.3997, 0.3042, 0.278, 0.337, 0.4712, 0.6885, 0.974, 1.247, 1.459, 1.616, 1.738, 1.888, 2.057, 2.238, 2.426, 2.623, 2.79, 2.836, 2.73, 2.443, 2.002, 1.396, 0.7046, 0.02576, -0.5894, -1.059, -1.37, -1.509, -1.443, -1.16, -0.6855, -0.05054, 0.6826, 1.451, 2.23, 3.01, 3.793, 4.598, 5.406, 6.17, 6.734, 7.008, 6.945, 6.62, 6.07, 5.42, 4.77, 4.07, 3.344, 2.598, 1.882
0.918, 0.0541, -0.6924, -1.331, -1.811, -2.059, -2.145, -2.117, -1.999, -1.853, -1.655, -1.398, -1.099, -0.7344, -0.351, 0.002363, 0.3518, 0.712, 1.046, 1.3125, 1.527, 1.717, 1.9375, 2.188, 2.422, 2.576, 2.617, 2.516, 2.285, 1.932, 1.5, 1.036, 0.5786, 0.09546, -0.4055, -0.823, -1.145, -1.412, -1.642, -1.829, -1.969, -2.031, -2.045, -1.988, -1.898, -1.811, -1.725, -1.633, -1.518, -1.371, -1.168, -0.9194, -0.632, -0.3157, 0.03378, 0.3691, 0.6733, 0.9165, 1.123, 1.354, 1.587, 1.831, 2.053, 2.264, 2.436, 2.537, 2.514, 2.312, 1.99, 1.563, 1.027, 0.396, -0.2612, -0.8423, -1.316, -1.6875, -1.978, -2.18, -2.303, -2.334, -2.312, -2.266, -2.207, -2.121, -1.959, -1.669, -1.242, -0.673, 0.0168, 0.7896, 1.608, 2.51, 3.521, 4.582, 5.652, 6.71, 7.65, 8.28, 8.56, 8.63, 8.61, 8.53, 8.414, 8.24, 8.0, 7.703, 7.36, 7.0, 6.598, 6.195, 5.766, 5.297, 4.785, 4.242, 3.715, 3.246, 2.826, 2.475, 2.203, 1.983, 1.832, 1.74, 1.713, 1.732, 1.78, 1.853, 1.939, 2.027, 2.111, 2.188, 2.246, 2.283, 2.303, 2.312, 2.312, 2.314, 2.3, 2.262, 2.213, 2.13, 2.023, 1.894, 1.732, 1.541, 1.317, 1.09, 0.84, 0.5835, 0.3281, 0.0765, -0.1317, -0.2407, -0.2482, -0.10815, 0.2023, 0.682, 1.231, 1.733, 2.115, 2.406, 2.637, 2.818, 2.98, 3.13, 3.256, 3.3, 3.18, 2.832, 2.281, 1.633, 0.887, 0.1263, -0.533, -1.062, -1.424, -1.613, -1.639, -1.492, -1.139, -0.586, 0.1109, 0.8833, 1.673, 2.488, 3.303, 4.113, 4.918, 5.758, 6.617, 7.31, 7.625, 7.594, 7.285, 6.734, 6.055, 5.312, 4.516, 3.66, 2.748, 1.822
0.649, -0.4282, -1.309, -1.992, -2.41, -2.543, -2.469, -2.307, -2.1, -1.87, -1.585, -1.236, -0.8457, -0.3896, 0.04584, 0.437, 0.8174, 1.155, 1.466, 1.692, 1.876, 2.05, 2.25, 2.498, 2.738, 2.92, 2.99, 2.898, 2.684, 2.33, 1.888, 1.411, 0.933, 0.376, -0.2091, -0.731, -1.1875, -1.573, -1.896, -2.121, -2.258, -2.271, -2.238, -2.14, -1.979, -1.822, -1.6875, -1.533, -1.367, -1.137, -0.8564, -0.525, -0.1746, 0.1588, 0.519, 0.865, 1.14, 1.359, 1.566, 1.785, 2.0, 2.22, 2.426, 2.633, 2.797, 2.898, 2.906, 2.732, 2.434, 1.985, 1.409, 0.728, 0.0301, -0.6387, -1.212, -1.681, -2.068, -2.379, -2.564, -2.602, -2.555, -2.457, -2.354, -2.227, -2.031, -1.705, -1.227, -0.584, 0.1818, 1.021, 1.933, 2.986, 4.16, 5.38, 6.52, 7.598, 8.516, 9.08, 9.3, 9.27, 9.164, 9.016, 8.86, 8.7, 8.51, 8.28, 8.0, 7.66, 7.273, 6.85, 6.395, 5.93, 5.414, 4.855, 4.29, 3.775, 3.309, 2.912, 2.586, 2.318, 2.111, 1.994, 1.96, 1.991, 2.041, 2.11, 2.195, 2.277, 2.365, 2.459, 2.537, 2.605, 2.65, 2.672, 2.674, 2.676, 2.664, 2.629, 2.586, 2.52, 2.414, 2.281, 2.104, 1.918, 1.691, 1.443, 1.125, 0.771, 0.3613, -0.05563, -0.4495, -0.7266, -0.8745, -0.8467, -0.5635, -0.02698, 0.6904, 1.449, 2.11, 2.621, 3.002, 3.21, 3.32, 3.342, 3.281, 3.111, 2.744, 2.154, 1.408, 0.651, -0.1337, -0.8237, -1.3545, -1.691, -1.883, -1.9375, -1.85, -1.627, -1.205, -0.583, 0.1769, 0.9854, 1.834, 2.719, 3.59, 4.418, 5.29, 6.22, 7.125, 7.83, 8.17, 8.195, 7.945, 7.438, 6.758, 5.953, 5.08, 4.098, 2.996, 1.813
0.6, -0.676, -1.6875, -2.414, -2.793, -2.824, -2.643, -2.39, -2.129, -1.834, -1.454, -1.002, -0.4934, 0.05997, 0.604, 1.07, 1.473, 1.778, 2.021, 2.203, 2.363, 2.523, 2.723, 2.975, 3.217, 3.418, 3.492, 3.414, 3.209, 2.863, 2.414, 1.942, 1.437, 0.862, 0.2294, -0.3542, -0.879, -1.346, -1.729, -2.02, -2.197, -2.273, -2.238, -2.14, -1.957, -1.766, -1.585, -1.374, -1.142, -0.8403, -0.4211, 0.03348, 0.4617, 0.843, 1.216, 1.557, 1.805, 2.012, 2.207, 2.406, 2.637, 2.836, 3.04, 3.217, 3.346, 3.424, 3.438, 3.287, 2.973, 2.504, 1.9, 1.193, 0.4792, -0.2118, -0.811, -1.329, -1.815, -2.225, -2.498, -2.6, -2.582, -2.494, -2.38, -2.236, -2.008, -1.667, -1.172, -0.5044, 0.3057, 1.23, 2.309, 3.55, 4.91, 6.246, 7.445, 8.5, 9.33, 9.81, 9.95, 9.86, 9.7, 9.516, 9.37, 9.21, 9.055, 8.86, 8.63, 8.32, 7.984, 7.555, 7.105, 6.64, 6.156, 5.594, 4.992, 4.45, 3.92, 3.465, 3.094, 2.781, 2.54, 2.39, 2.342, 2.379, 2.445, 2.52, 2.6, 2.68, 2.766, 2.863, 2.955, 3.043, 3.104, 3.14, 3.146, 3.143, 3.13, 3.111, 3.086, 3.037, 2.95, 2.805, 2.643, 2.453, 2.248, 1.994, 1.669, 1.25, 0.744, 0.1813, -0.4094, -0.931, -1.34, -1.565, -1.485, -1.054, -0.3525, 0.4954, 1.308, 2.006, 2.49, 2.766, 2.824, 2.691, 2.45, 2.08, 1.539, 0.827, 0.0743, -0.692, -1.378, -1.908, -2.209, -2.332, -2.332, -2.242, -2.047, -1.73, -1.258, -0.5933, 0.2186, 1.1, 2.03, 2.996, 3.955, 4.887, 5.82, 6.766, 7.64, 8.33, 8.695, 8.77, 8.61, 8.2, 7.574, 6.758, 5.79, 4.707, 3.418, 2.004
0.8906, -0.525, -1.664, -2.426, -2.781, -2.777, -2.568, -2.271, -1.964, -1.596, -1.135, -0.563, 0.0726, 0.751, 1.389, 1.929, 2.348, 2.656, 2.852, 2.975, 3.09, 3.23, 3.422, 3.676, 3.908, 4.098, 4.17, 4.08, 3.87, 3.523, 3.09, 2.607, 2.082, 1.523, 0.8984, 0.3433, -0.1842, -0.648, -1.052, -1.378, -1.654, -1.843, -1.925, -1.907, -1.782, -1.55, -1.309, -1.024, -0.7065, -0.2896, 0.2603, 0.8096, 1.326, 1.788, 2.174, 2.525, 2.762, 2.957, 3.102, 3.283, 3.457, 3.664, 3.846, 4.0, 4.105, 4.156, 4.137, 3.969, 3.646, 3.156, 2.555, 1.88, 1.199, 0.5146, -0.07574, -0.598, -1.091, -1.57, -1.962, -2.201, -2.309, -2.291, -2.203, -2.023, -1.742, -1.372, -0.8687, -0.1913, 0.6533, 1.696, 2.932, 4.32, 5.785, 7.18, 8.35, 9.36, 10.11, 10.52, 10.62, 10.5, 10.336, 10.19, 10.08, 9.945, 9.8, 9.65, 9.445, 9.16, 8.8, 8.34, 7.934, 7.49, 7.004, 6.477, 5.895, 5.293, 4.723, 4.246, 3.824, 3.482, 3.21, 3.031, 2.953, 2.977, 3.031, 3.092, 3.166, 3.238, 3.32, 3.416, 3.516, 3.61, 3.68, 3.72, 3.742, 3.748, 3.746, 3.717, 3.713, 3.676, 3.602, 3.486, 3.318, 3.14, 2.932, 2.69, 2.398, 2.025, 1.513, 0.8926, 0.1573, -0.617, -1.415, -2.074, -2.414, -2.26, -1.681, -0.8857, -0.00861, 0.7437, 1.274, 1.551, 1.61, 1.405, 1.043, 0.585, -0.004463, -0.6895, -1.442, -2.127, -2.637, -2.9, -2.932, -2.812, -2.596, -2.346, -2.014, -1.579, -1.033, -0.3394, 0.5107, 1.491, 2.52, 3.604, 4.723, 5.74, 6.676, 7.574, 8.336, 8.914, 9.28, 9.41, 9.36, 9.086, 8.53, 7.734, 6.74, 5.52, 4.09, 2.496
1.685, 0.1476, -1.103, -1.924, -2.277, -2.293, -2.062, -1.707, -1.328, -0.888, -0.332, 0.3547, 1.139, 1.902, 2.562, 3.148, 3.572, 3.879, 4.016, 4.055, 4.105, 4.207, 4.39, 4.633, 4.844, 4.996, 5.023, 4.914, 4.695, 4.35, 3.941, 3.498, 3.008, 2.486, 1.904, 1.363, 0.8794, 0.4116, 0.00381, -0.373, -0.75, -1.064, -1.284, -1.326, -1.232, -0.961, -0.625, -0.2272, 0.201, 0.734, 1.376, 2.023, 2.598, 3.105, 3.518, 3.896, 4.14, 4.312, 4.383, 4.47, 4.547, 4.65, 4.793, 4.953, 5.055, 5.1, 5.08, 4.906, 4.58, 4.094, 3.494, 2.854, 2.232, 1.628, 1.057, 0.5366, -0.01266, -0.5273, -1.024, -1.401, -1.64, -1.713, -1.654, -1.438, -1.032, -0.5435, 0.02242, 0.727, 1.619, 2.682, 3.93, 5.332, 6.773, 8.125, 9.266, 10.24, 10.92, 11.33, 11.445, 11.41, 11.3, 11.22, 11.14, 11.055, 10.96, 10.82, 10.63, 10.34, 9.95, 9.46, 9.0, 8.55, 8.06, 7.55, 6.977, 6.37, 5.805, 5.29, 4.82, 4.42, 4.11, 3.906, 3.812, 3.822, 3.854, 3.875, 3.912, 3.98, 4.062, 4.152, 4.24, 4.33, 4.4, 4.434, 4.47, 4.49, 4.508, 4.49, 4.5, 4.48, 4.414, 4.312, 4.164, 4.0, 3.809, 3.61, 3.38, 3.086, 2.645, 2.033, 1.271, 0.3223, -0.7876, -1.927, -2.758, -3.04, -2.783, -2.164, -1.4375, -0.7603, -0.2301, 0.00864, 0.0157, -0.1912, -0.5654, -1.027, -1.58, -2.176, -2.748, -3.193, -3.412, -3.379, -3.16, -2.832, -2.402, -1.973, -1.465, -0.875, -0.1653, 0.644, 1.596, 2.635, 3.758, 4.887, 6.05, 7.05, 7.918, 8.61, 9.21, 9.664, 9.99, 10.18, 10.27, 10.14, 9.695, 8.94, 7.902, 6.59, 5.062, 3.387
2.852, 1.321, 0.06744, -0.8003, -1.225, -1.257, -1.005, -0.541, -0.04706, 0.567, 1.216, 1.951, 2.738, 3.537, 4.215, 4.793, 5.21, 5.484, 5.6, 5.56, 5.527, 5.605, 5.766, 5.97, 6.125, 6.18, 6.133, 5.957, 5.723, 5.406, 5.03, 4.645, 4.22, 3.736, 3.18, 2.701, 2.201, 1.728, 1.284, 0.826, 0.3926, 0.02971, -0.2462, -0.3381, -0.2047, 0.1626, 0.617, 1.171, 1.734, 2.363, 3.045, 3.723, 4.355, 4.895, 5.33, 5.727, 5.945, 6.1, 6.11, 6.117, 6.113, 6.125, 6.18, 6.285, 6.355, 6.387, 6.31, 6.133, 5.8, 5.34, 4.76, 4.117, 3.504, 2.959, 2.445, 1.938, 1.354, 0.8003, 0.2456, -0.2001, -0.503, -0.6445, -0.5737, -0.2913, 0.2725, 0.9336, 1.637, 2.379, 3.277, 4.25, 5.312, 6.574, 7.895, 9.14, 10.26, 11.2, 11.92, 12.38, 12.6, 12.65, 12.65, 12.64, 12.64, 12.555, 12.47, 12.33, 12.14, 11.84, 11.44, 10.94, 10.41, 9.875, 9.39, 8.9, 8.36, 7.742, 7.207, 6.664, 6.145, 5.727, 5.367, 5.152, 5.04, 5.016, 5.01, 4.977, 4.945, 4.99, 5.055, 5.137, 5.195, 5.25, 5.316, 5.367, 5.395, 5.418, 5.457, 5.453, 5.46, 5.47, 5.453, 5.387, 5.266, 5.14, 4.99, 4.812, 4.67, 4.445, 4.023, 3.418, 2.676, 1.741, 0.6226, -0.628, -1.769, -2.514, -2.773, -2.658, -2.355, -1.97, -1.651, -1.513, -1.536, -1.732, -1.986, -2.328, -2.63, -2.943, -3.162, -3.215, -3.082, -2.8, -2.41, -1.996, -1.488, -0.8867, -0.192, 0.595, 1.462, 2.385, 3.389, 4.453, 5.555, 6.62, 7.688, 8.58, 9.31, 9.86, 10.31, 10.69, 11.016, 11.25, 11.43, 11.375, 11.05, 10.35, 9.31, 8.016, 6.41, 4.645
4.598, 3.16, 1.974, 1.135, 0.65, 0.5835, 0.861, 1.408, 2.076, 2.86, 3.648, 4.465, 5.14, 5.805, 6.4, 6.92, 7.316, 7.562, 7.668, 7.645, 7.6, 7.617, 7.69, 7.773, 7.812, 7.75, 7.6, 7.375, 7.11, 6.812, 6.457, 6.125, 5.76, 5.29, 4.793, 4.36, 3.91, 3.443, 2.977, 2.54, 2.129, 1.804, 1.52, 1.389, 1.591, 2.037, 2.672, 3.363, 4.06, 4.793, 5.42, 6.04, 6.645, 7.18, 7.61, 7.96, 8.16, 8.27, 8.28, 8.29, 8.26, 8.2, 8.16, 8.16, 8.164, 8.12, 7.96, 7.688, 7.34, 6.895, 6.32, 5.734, 5.137, 4.668, 4.184, 3.74, 3.2, 2.686, 2.176, 1.729, 1.39, 1.23, 1.326, 1.683, 2.344, 3.096, 3.854, 4.664, 5.46, 6.316, 7.195, 8.266, 9.42, 10.55, 11.59, 12.55, 13.28, 13.8, 14.08, 14.17, 14.234, 14.27, 14.3, 14.21, 14.055, 13.875, 13.734, 13.484, 13.15, 12.69, 12.14, 11.55, 11.086, 10.55, 10.06, 9.48, 8.97, 8.43, 7.96, 7.562, 7.227, 6.99, 6.83, 6.746, 6.65, 6.562, 6.48, 6.473, 6.5, 6.566, 6.613, 6.64, 6.684, 6.727, 6.746, 6.74, 6.773, 6.758, 6.78, 6.793, 6.785, 6.766, 6.684, 6.562, 6.445, 6.316, 6.195, 5.984, 5.582, 5.08, 4.445, 3.736, 2.8, 1.707, 0.5396, -0.4172, -1.038, -1.417, -1.644, -1.711, -1.695, -1.724, -1.794, -1.836, -1.876, -1.937, -1.939, -1.8955, -1.778, -1.563, -1.2295, -0.8335, -0.4675, -0.0894, 0.4087, 1.025, 1.861, 2.844, 3.818, 4.77, 5.723, 6.707, 7.664, 8.66, 9.59, 10.375, 11.016, 11.51, 11.91, 12.25, 12.57, 12.836, 12.95, 12.945, 12.61, 12.02, 11.04, 9.72, 8.12, 6.348
7.08, 5.72, 4.656, 3.941, 3.514, 3.486, 3.773, 4.355, 5.13, 6.035, 6.92, 7.746, 8.39, 8.89, 9.36, 9.81, 10.12, 10.33, 10.39, 10.36, 10.31, 10.26, 10.18, 10.11, 10.0, 9.875, 9.69, 9.46, 9.2, 8.91, 8.56, 8.26, 7.94, 7.492, 7.016, 6.71, 6.336, 5.918, 5.473, 5.04, 4.66, 4.426, 4.223, 4.156, 4.43, 4.914, 5.594, 6.36, 7.133, 7.953, 8.555, 9.09, 9.61, 10.08, 10.44, 10.695, 10.79, 10.85, 10.875, 10.85, 10.82, 10.66, 10.54, 10.42, 10.42, 10.32, 10.125, 9.84, 9.47, 9.055, 8.56, 8.06, 7.516, 7.066, 6.64, 6.258, 5.76, 5.316, 4.844, 4.49, 4.203, 4.074, 4.227, 4.625, 5.33, 6.086, 6.8, 7.586, 8.31, 9.05, 9.72, 10.516, 11.44, 12.3, 13.09, 13.81, 14.42, 14.81, 15.02, 15.125, 15.19, 15.24, 15.26, 15.164, 15.0, 14.8, 14.72, 14.555, 14.33, 14.04, 13.625, 13.14, 12.75, 12.32, 11.91, 11.44, 11.01, 10.61, 10.26, 10.03, 9.79, 9.54, 9.3, 9.12, 8.95, 8.8, 8.7, 8.664, 8.64, 8.68, 8.7, 8.71, 8.71, 8.7, 8.7, 8.67, 8.68, 8.66, 8.68, 8.664, 8.68, 8.67, 8.586, 8.47, 8.336, 8.234, 8.125, 7.92, 7.598, 7.266, 6.83, 6.355, 5.625, 4.688, 3.615, 2.8, 2.156, 1.657, 1.273, 1.045, 0.91, 0.7954, 0.723, 0.7964, 0.925, 1.008, 1.145, 1.326, 1.542, 1.797, 2.084, 2.426, 2.715, 3.053, 3.51, 4.074, 4.957, 5.938, 6.887, 7.855, 8.7, 9.53, 10.33, 11.086, 11.83, 12.47, 12.97, 13.336, 13.58, 13.84, 14.1, 14.32, 14.36, 14.28, 14.01, 13.54, 12.766, 11.625, 10.28, 8.67
10.055, 9.02, 8.24, 7.73, 7.5, 7.54, 7.8, 8.234, 8.89, 9.61, 10.336, 10.94, 11.41, 11.77, 12.086, 12.375, 12.58, 12.68, 12.7, 12.68, 12.63, 12.56, 12.45, 12.28, 12.14, 12.02, 11.92, 11.75, 11.55, 11.31, 11.05, 10.8, 10.56, 10.28, 9.984, 9.76, 9.5, 9.19, 8.83, 8.46, 8.14, 8.03, 7.93, 7.945, 8.23, 8.625, 9.14, 9.72, 10.336, 10.95, 11.41, 11.805, 12.19, 12.516, 12.71, 12.805, 12.805, 12.805, 12.81, 12.83, 12.72, 12.64, 12.45, 12.38, 12.35, 12.31, 12.18, 11.92, 11.66, 11.38, 11.04, 10.71, 10.375, 10.05, 9.73, 9.445, 9.06, 8.695, 8.32, 8.09, 7.92, 7.9, 8.09, 8.43, 9.01, 9.625, 10.18, 10.7, 11.22, 11.72, 12.16, 12.52, 12.98, 13.41, 13.77, 14.12, 14.4, 14.62, 14.695, 14.7, 14.77, 14.805, 14.766, 14.72, 14.61, 14.484, 14.44, 14.36, 14.23, 14.086, 13.9, 13.7, 13.49, 13.25, 13.05, 12.83, 12.63, 12.44, 12.3, 12.22, 12.12, 11.89, 11.69, 11.484, 11.305, 11.16, 11.05, 11.01, 10.96, 10.94, 10.95, 10.96, 10.95, 10.92, 10.89, 10.85, 10.82, 10.81, 10.836, 10.82, 10.81, 10.78, 10.766, 10.66, 10.55, 10.45, 10.39, 10.26, 10.07, 9.89, 9.66, 9.31, 8.79, 8.164, 7.457, 6.926, 6.53, 6.234, 6.004, 5.84, 5.83, 5.777, 5.758, 5.85, 5.97, 6.043, 6.152, 6.293, 6.48, 6.65, 6.844, 7.055, 7.293, 7.57, 7.934, 8.28, 9.016, 9.734, 10.43, 11.13, 11.7, 12.3, 12.875, 13.24, 13.56, 13.83, 14.06, 14.22, 14.3, 14.38, 14.516, 14.59, 14.54, 14.44, 14.3, 14.07, 13.59, 12.98, 12.2, 11.15
12.22, 11.91, 11.61, 11.46, 11.43, 11.52, 11.625, 11.805, 12.09, 12.35, 12.59, 12.766, 12.914, 13.04, 13.11, 13.195, 13.25, 13.266, 13.25, 13.22, 13.23, 13.195, 13.16, 13.1, 13.04, 13.01, 12.97, 12.92, 12.85, 12.766, 12.66, 12.56, 12.49, 12.3, 12.24, 12.14, 11.94, 11.85, 11.75, 11.586, 11.44, 11.445, 11.48, 11.47, 11.625, 11.78, 11.94, 12.16, 12.36, 12.57, 12.734, 12.875, 13.0, 13.11, 13.164, 13.18, 13.19, 13.16, 13.17, 13.16, 13.13, 13.02, 12.97, 12.93, 12.91, 12.83, 12.82, 12.74, 12.65, 12.56, 12.484, 12.33, 12.25, 12.17, 12.06, 11.984, 11.86, 11.73, 11.59, 11.55, 11.55, 11.59, 11.71, 11.83, 12.09, 12.305, 12.51, 12.65, 12.805, 12.95, 13.086, 13.18, 13.27, 13.37, 13.44, 13.484, 13.56, 13.61, 13.65, 13.61, 13.64, 13.625, 13.57, 13.56, 13.51, 13.4, 13.375, 13.39, 13.34, 13.33, 13.27, 13.18, 13.17, 13.1, 13.01, 13.016, 13.0, 12.95, 12.93, 12.89, 12.75, 12.64, 12.586, 12.51, 12.42, 12.375, 12.33, 12.3, 12.28, 12.23, 12.25, 12.266, 12.26, 12.234, 12.234, 12.23, 12.195, 12.19, 12.195, 12.15, 12.125, 12.15, 12.15, 12.12, 12.08, 12.06, 12.03, 11.95, 11.91, 11.86, 11.82, 11.7, 11.516, 11.33, 11.16, 11.0, 10.89, 10.84, 10.78, 10.77, 10.83, 10.83, 10.8, 10.88, 10.984, 11.09, 11.164, 11.28, 11.414, 11.49, 11.61, 11.766, 11.914, 12.1, 12.2, 12.35, 12.69, 12.91, 13.11, 13.305, 13.51, 13.625, 13.7, 13.75, 13.76, 13.84, 13.77, 13.79, 13.77, 13.695, 13.7, 13.664, 13.63, 13.55, 13.49, 13.46, 13.266, 13.12, 12.92, 12.61
