-9.02, -8.93, -8.64, -8.44, -8.45, -8.586, -8.68, -8.63, -8.555, -8.73, -9.25, -9.85, -10.305, -10.305, -10.02, -9.76, -9.73, -9.73, -9.516, -9.12, -8.836, -8.68, -8.69, -8.78, -8.69, -8.42, -8.05, -7.74, -7.535, -7.605, -7.914, -8.38, -8.805, -9.09, -9.195, -9.055, -8.85, -8.78, -8.8, -8.95, -9.03, -8.87, -8.47, -8.08, -7.844, -7.74, -7.797, -7.99, -8.19, -8.32, -8.35, -8.23, -8.04, -7.85, -7.707, -7.637, -7.645, -7.703, -7.77, -8.016, -8.266, -8.27, -8.08, -7.652, -7.27, -6.97, -6.832, -6.83, -6.94, -7.066, -7.402, -7.848, -8.26, -8.39, -8.19, -7.85, -7.668, -7.61, -7.816, -8.055, -8.13, -8.09, -8.05, -7.93, -7.812, -7.664, -7.65, -7.832, -8.12, -8.38, -8.37, -8.14, -7.98, -8.12, -8.53, -8.9, -9.06, -8.96, -8.766, -8.56, -8.46, -8.44, -8.37, -8.17, -7.98, -7.883, -8.0, -8.375, -8.77, -9.164, -9.555, -9.9, -10.375, -10.74, -11.08, -11.4, -11.484, -11.68, -11.72, -11.29, -10.57, -9.63, -8.81, -8.52, -8.445, -8.62, -8.664, -8.51, -8.3, -8.336, -8.44, -8.61, -8.61, -8.58, -8.44, -8.305, -8.16, -8.11, -8.18, -8.266, -8.47, -8.76, -9.07, -9.25, -9.23, -9.11, -8.86, -8.69, -8.695, -8.83, -9.086, -9.21, -9.18, -9.17, -9.18, -9.18, -9.17, -9.11, -9.11, -9.23, -9.414, -9.65, -9.836, -9.89, -9.8, -9.73, -9.664, -9.7, -9.72, -9.65, -9.38, -9.03, -8.805, -8.86, -8.99, -9.06, -8.945, -8.81, -8.94, -9.3, -9.74, -9.86, -9.59, -9.22, -8.96, -8.91, -8.984, -9.055, -9.08, -8.98, -8.766, -8.54, -8.38, -8.33, -8.32, -8.21, -8.18, -8.25, -8.48, -8.81
-7.297, -7.15, -6.82, -6.69, -6.92, -7.39, -7.934, -8.37, -8.734, -9.234, -9.875, -10.52, -10.87, -10.82, -10.55, -10.32, -10.24, -10.0, -9.445, -8.56, -7.676, -6.984, -6.613, -6.277, -5.812, -5.2, -4.613, -4.324, -4.46, -5.023, -5.926, -6.965, -7.91, -8.61, -8.97, -8.94, -8.65, -8.33, -8.11, -8.016, -7.875, -7.633, -7.227, -6.8, -6.355, -5.883, -5.434, -5.117, -4.953, -4.926, -4.938, -5.004, -5.09, -5.234, -5.426, -5.625, -5.746, -5.777, -5.656, -5.65, -5.656, -5.54, -5.18, -4.633, -3.979, -3.443, -3.121, -3.064, -3.215, -3.58, -4.254, -5.086, -5.875, -6.266, -6.332, -6.125, -6.02, -6.098, -6.32, -6.45, -6.42, -6.27, -6.152, -6.094, -6.03, -5.99, -6.24, -6.777, -7.52, -8.234, -8.64, -8.78, -8.94, -9.3, -9.89, -10.34, -10.5, -10.336, -9.93, -9.42, -9.01, -8.766, -8.62, -8.49, -8.484, -8.69, -9.09, -9.85, -10.766, -11.61, -12.48, -13.22, -14.01, -14.7, -15.19, -15.55, -15.81, -15.9, -15.8, -15.234, -13.96, -12.24, -10.55, -9.195, -8.37, -7.836, -7.48, -7.176, -6.887, -6.785, -6.684, -6.83, -6.848, -6.902, -6.875, -6.92, -6.965, -7.12, -7.305, -7.53, -7.75, -8.05, -8.26, -8.38, -8.234, -7.973, -7.645, -7.395, -7.414, -7.582, -7.836, -8.06, -8.18, -8.305, -8.46, -8.59, -8.71, -8.766, -8.89, -9.055, -9.26, -9.46, -9.49, -9.41, -9.195, -9.02, -8.93, -8.87, -8.78, -8.52, -8.1, -7.68, -7.44, -7.49, -7.617, -7.652, -7.527, -7.39, -7.54, -7.996, -8.49, -8.6, -8.28, -7.86, -7.625, -7.61, -7.613, -7.54, -7.324, -7.086, -6.953, -7.016, -7.207, -7.316, -7.19, -6.83, -6.477, -6.38, -6.637, -7.05
-4.44, -4.164, -3.908, -3.947, -4.504, -5.49, -6.605, -7.695, -8.695, -9.64, -10.46, -11.086, -11.33, -11.266, -11.086, -10.96, -10.89, -10.55, -9.63, -8.25, -6.64, -5.234, -4.105, -3.107, -2.092, -1.0205, -0.268, -0.136, -0.8247, -2.127, -3.748, -5.43, -6.918, -8.09, -8.766, -8.88, -8.6, -8.06, -7.543, -7.04, -6.5, -6.04, -5.527, -4.996, -4.31, -3.44, -2.48, -1.662, -1.209, -1.155, -1.434, -1.889, -2.412, -3.02, -3.662, -4.145, -4.33, -4.18, -3.744, -3.256, -2.78, -2.262, -1.57, -0.712, 0.2803, 1.101, 1.59, 1.619, 1.2295, 0.5205, -0.534, -1.783, -3.01, -3.791, -4.17, -4.242, -4.312, -4.47, -4.676, -4.707, -4.53, -4.312, -4.13, -4.113, -4.23, -4.49, -5.062, -5.992, -7.168, -8.32, -9.18, -9.78, -10.34, -10.945, -11.53, -12.055, -12.23, -11.96, -11.266, -10.41, -9.56, -8.89, -8.484, -8.36, -8.5, -8.95, -9.71, -10.86, -12.164, -13.52, -14.81, -16.1, -17.27, -18.22, -18.84, -19.33, -19.77, -20.1, -20.22, -19.66, -18.4, -16.39, -13.95, -11.414, -9.33, -7.566, -6.285, -5.387, -4.805, -4.516, -4.344, -4.4, -4.453, -4.645, -4.848, -5.11, -5.453, -5.883, -6.258, -6.65, -6.918, -7.125, -7.24, -7.16, -6.926, -6.547, -6.168, -5.902, -5.848, -6.027, -6.21, -6.45, -6.695, -6.95, -7.266, -7.645, -7.98, -8.21, -8.414, -8.6, -8.766, -8.87, -8.72, -8.43, -8.03, -7.664, -7.47, -7.324, -7.09, -6.7, -6.176, -5.766, -5.65, -5.832, -6.05, -6.098, -5.992, -5.902, -6.156, -6.688, -7.16, -7.227, -6.86, -6.43, -6.195, -6.117, -5.93, -5.586, -5.105, -4.688, -4.734, -5.19, -5.867, -6.305, -6.137, -5.434, -4.61, -4.113, -4.15, -4.387
-0.8115, -0.3796, -0.2126, -0.5493, -1.413, -2.82, -4.516, -6.266, -7.926, -9.34, -10.45, -11.125, -11.375, -11.31, -11.19, -11.195, -11.16, -10.77, -9.81, -8.17, -6.094, -3.979, -2.035, -0.2979, 1.358, 2.89, 3.834, 3.729, 2.576, 0.6143, -1.657, -3.93, -5.96, -7.543, -8.586, -8.95, -8.79, -8.24, -7.477, -6.51, -5.496, -4.55, -3.738, -2.994, -2.133, -1.038, 0.1489, 1.148, 1.605, 1.434, 0.779, -0.172, -1.147, -2.111, -3.014, -3.664, -3.99, -3.68, -2.855, -1.82, -0.675, 0.4841, 1.739, 3.105, 4.55, 5.71, 6.254, 6.17, 5.43, 4.2, 2.67, 0.956, -0.6846, -1.866, -2.594, -2.938, -3.113, -3.316, -3.492, -3.502, -3.293, -3.074, -2.936, -2.977, -3.23, -3.766, -4.605, -5.754, -7.184, -8.59, -9.78, -10.77, -11.57, -12.29, -12.89, -13.305, -13.41, -13.01, -12.03, -10.69, -9.234, -7.938, -7.125, -6.95, -7.31, -8.15, -9.35, -10.84, -12.56, -14.336, -16.05, -17.67, -19.19, -20.36, -21.16, -21.77, -22.27, -22.86, -23.3, -23.14, -22.3, -20.44, -17.75, -14.53, -11.22, -8.055, -5.508, -3.67, -2.61, -2.041, -1.762, -1.753, -1.897, -2.195, -2.68, -3.15, -3.709, -4.34, -4.953, -5.445, -5.855, -6.01, -6.11, -5.945, -5.656, -5.35, -5.008, -4.77, -4.58, -4.586, -4.676, -4.793, -5.016, -5.31, -5.81, -6.383, -6.85, -7.23, -7.477, -7.645, -7.74, -7.71, -7.395, -6.883, -6.344, -5.863, -5.53, -5.31, -5.027, -4.55, -4.02, -3.742, -3.906, -4.324, -4.676, -4.758, -4.67, -4.684, -5.047, -5.668, -6.098, -6.06, -5.625, -5.13, -4.793, -4.523, -4.008, -3.275, -2.498, -1.995, -2.246, -3.178, -4.348, -5.098, -4.973, -3.977, -2.682, -1.687, -1.267, -1.096
3.146, 3.738, 3.828, 3.379, 2.277, 0.615, -1.561, -3.896, -6.15, -8.12, -9.61, -10.52, -10.88, -10.88, -10.8, -10.82, -10.766, -10.47, -9.66, -8.12, -5.934, -3.355, -0.729, 1.755, 4.08, 6.098, 7.207, 7.082, 5.695, 3.354, 0.5806, -2.25, -4.8, -6.86, -8.29, -9.02, -9.125, -8.76, -7.914, -6.65, -5.117, -3.592, -2.314, -1.261, -0.2786, 0.805, 1.87, 2.676, 2.906, 2.44, 1.414, 0.1178, -1.123, -2.256, -3.271, -4.05, -4.49, -4.13, -3.03, -1.507, 0.3254, 2.285, 4.312, 6.37, 8.31, 9.79, 10.47, 10.164, 9.04, 7.3, 5.223, 2.973, 0.911, -0.695, -1.697, -2.295, -2.568, -2.832, -3.031, -3.066, -2.916, -2.727, -2.666, -2.77, -3.121, -3.832, -4.816, -6.07, -7.547, -9.01, -10.34, -11.47, -12.414, -13.164, -13.664, -13.93, -13.79, -13.09, -11.64, -9.69, -7.566, -5.664, -4.625, -4.523, -5.234, -6.617, -8.4, -10.34, -12.45, -14.58, -16.64, -18.55, -20.36, -21.69, -22.62, -23.19, -23.78, -24.36, -24.97, -25.19, -24.73, -23.33, -20.95, -17.56, -13.4, -9.1, -5.227, -2.38, -0.593, 0.409, 0.766, 0.8896, 0.7144, 0.3838, -0.2302, -0.908, -1.6045, -2.387, -3.16, -3.795, -4.344, -4.54, -4.64, -4.574, -4.445, -4.332, -4.203, -4.047, -3.785, -3.523, -3.352, -3.201, -3.242, -3.562, -4.11, -4.785, -5.375, -5.812, -6.05, -6.176, -6.152, -6.023, -5.664, -5.04, -4.4, -3.879, -3.521, -3.227, -2.893, -2.412, -2.041, -2.045, -2.482, -3.102, -3.55, -3.666, -3.615, -3.707, -4.17, -4.902, -5.34, -5.2, -4.695, -4.047, -3.479, -2.86, -1.911, -0.758, 0.236, 0.6997, 0.254, -1.01, -2.51, -3.49, -3.385, -2.191, -0.511, 0.8867, 1.807, 2.477
7.094, 7.86, 8.06, 7.594, 6.457, 4.574, 2.047, -0.8066, -3.656, -6.23, -8.234, -9.47, -10.04, -10.15, -10.055, -9.97, -9.84, -9.586, -9.03, -7.844, -5.83, -3.2, -0.1147, 3.004, 5.953, 8.4, 9.83, 9.92, 8.58, 6.133, 2.994, -0.3416, -3.45, -6.0, -7.812, -8.914, -9.41, -9.35, -8.64, -7.27, -5.39, -3.346, -1.563, -0.1702, 0.885, 1.776, 2.506, 2.955, 2.877, 2.154, 0.86, -0.622, -1.993, -3.188, -4.242, -5.094, -5.535, -5.176, -3.936, -2.031, 0.4202, 3.197, 6.117, 8.93, 11.46, 13.234, 13.945, 13.46, 11.945, 9.72, 7.145, 4.453, 2.0, 0.0157, -1.27, -2.096, -2.55, -2.906, -3.113, -3.19, -3.16, -3.033, -2.996, -3.115, -3.545, -4.363, -5.45, -6.723, -8.086, -9.45, -10.71, -11.9, -12.89, -13.62, -13.91, -13.88, -13.38, -12.23, -10.23, -7.562, -4.848, -2.645, -1.597, -1.782, -2.947, -4.863, -7.15, -9.59, -12.07, -14.51, -16.89, -19.05, -21.02, -22.55, -23.61, -24.27, -24.86, -25.38, -25.84, -26.08, -25.83, -24.81, -22.81, -19.66, -15.35, -10.45, -5.555, -1.71, 0.954, 2.473, 3.139, 3.436, 3.438, 3.127, 2.568, 1.8955, 1.19, 0.39, -0.402, -1.225, -1.889, -2.387, -2.627, -2.79, -2.996, -3.16, -3.383, -3.416, -3.184, -2.74, -2.252, -1.819, -1.676, -1.903, -2.408, -3.05, -3.64, -4.04, -4.254, -4.33, -4.273, -4.086, -3.72, -3.143, -2.535, -2.03, -1.674, -1.396, -1.046, -0.6353, -0.4482, -0.7036, -1.344, -2.12, -2.691, -2.834, -2.826, -3.05, -3.623, -4.406, -4.844, -4.652, -4.02, -3.18, -2.287, -1.271, 0.03125, 1.457, 2.592, 2.986, 2.4, 1.002, -0.6016, -1.637, -1.487, -0.1412, 1.776, 3.555, 4.938, 6.07
10.79, 11.83, 12.26, 11.9, 10.77, 8.68, 5.832, 2.467, -1.012, -4.125, -6.59, -8.18, -8.97, -9.2, -9.125, -8.94, -8.67, -8.41, -8.016, -7.19, -5.562, -3.086, 0.156, 3.703, 7.145, 10.0, 11.805, 12.3, 11.23, 8.875, 5.492, 1.7295, -1.848, -4.85, -7.062, -8.53, -9.44, -9.74, -9.32, -8.04, -6.06, -3.738, -1.6, 0.02988, 1.083, 1.732, 2.162, 2.322, 2.021, 1.139, -0.268, -1.922, -3.479, -4.785, -5.863, -6.766, -7.188, -6.74, -5.42, -3.148, -0.102, 3.5, 7.387, 11.06, 14.125, 16.1, 16.78, 16.06, 14.25, 11.695, 8.766, 5.703, 2.854, 0.5435, -1.085, -2.06, -2.668, -3.104, -3.395, -3.568, -3.686, -3.643, -3.61, -3.734, -4.22, -5.105, -6.258, -7.55, -8.79, -9.98, -11.15, -12.26, -13.22, -13.8, -13.836, -13.42, -12.44, -10.695, -8.1, -4.94, -1.886, 0.3333, 1.161, 0.61, -0.9526, -3.275, -5.98, -8.79, -11.586, -14.24, -16.77, -19.1, -21.22, -22.9, -24.17, -24.98, -25.44, -25.89, -26.19, -26.25, -26.0, -25.14, -23.55, -20.89, -16.88, -11.88, -6.414, -1.601, 1.971, 4.12, 5.26, 5.883, 6.15, 6.13, 5.832, 5.414, 4.89, 4.27, 3.484, 2.531, 1.631, 0.79, 0.1183, -0.4912, -1.147, -1.749, -2.326, -2.602, -2.504, -2.018, -1.349, -0.7046, -0.4343, -0.4834, -0.833, -1.357, -1.775, -2.05, -2.236, -2.281, -2.262, -2.123, -1.772, -1.282, -0.8423, -0.4575, -0.173, 0.06183, 0.359, 0.6416, 0.648, 0.261, -0.4854, -1.356, -1.994, -2.201, -2.303, -2.713, -3.428, -4.215, -4.582, -4.312, -3.521, -2.43, -1.206, 0.156, 1.667, 3.125, 4.168, 4.473, 3.883, 2.553, 1.087, 0.1576, 0.3733, 1.811, 3.975, 6.113, 7.895, 9.414
14.1, 15.5, 16.2, 15.984, 14.82, 12.59, 9.35, 5.527, 1.548, -2.018, -4.867, -6.754, -7.754, -8.164, -8.14, -7.86, -7.477, -7.09, -6.773, -6.234, -5.035, -2.885, 0.2725, 4.004, 7.797, 11.07, 13.31, 14.26, 13.63, 11.516, 8.125, 4.066, 0.1466, -3.28, -5.902, -7.723, -8.97, -9.61, -9.54, -8.57, -6.78, -4.508, -2.367, -0.7466, 0.3079, 0.8374, 1.14, 1.233, 0.8403, -0.1307, -1.641, -3.424, -5.21, -6.72, -7.953, -8.93, -9.36, -8.89, -7.3, -4.56, -0.8677, 3.57, 8.33, 12.83, 16.36, 18.47, 19.11, 18.11, 16.08, 13.28, 10.164, 6.95, 3.791, 1.122, -0.83, -2.008, -2.746, -3.213, -3.605, -3.988, -4.215, -4.273, -4.312, -4.53, -5.11, -6.07, -7.246, -8.48, -9.63, -10.67, -11.72, -12.72, -13.55, -13.945, -13.69, -12.766, -11.164, -8.8, -5.79, -2.324, 0.772, 2.824, 3.34, 2.492, 0.6396, -1.987, -5.016, -8.11, -11.09, -13.85, -16.42, -18.84, -21.08, -22.9, -24.27, -25.16, -25.73, -26.12, -26.22, -26.02, -25.56, -24.77, -23.58, -21.44, -17.97, -13.13, -7.465, -1.97, 2.51, 5.44, 7.152, 8.18, 8.87, 9.31, 9.516, 9.516, 9.32, 8.95, 8.305, 7.297, 6.242, 5.043, 3.889, 2.771, 1.532, 0.3723, -0.686, -1.2705, -1.482, -1.159, -0.5645, 0.096, 0.4766, 0.614, 0.4868, 0.1963, 0.00444, -0.102, -0.1926, -0.2227, -0.2598, -0.1737, 0.08154, 0.4114, 0.6787, 0.863, 0.9956, 1.124, 1.337, 1.478, 1.349, 0.8696, 0.0656, -0.818, -1.456, -1.774, -2.043, -2.613, -3.424, -4.176, -4.445, -3.998, -2.97, -1.64, -0.1434, 1.42, 2.936, 4.18, 4.99, 5.223, 4.746, 3.635, 2.39, 1.601, 1.879, 3.426, 5.76, 8.26, 10.484, 12.43
17.12, 18.78, 19.72, 19.62, 18.4, 16.0, 12.48, 8.266, 3.932, 0.05685, -3.037, -5.176, -6.402, -6.99, -7.074, -6.793, -6.36, -5.96, -5.656, -5.285, -4.414, -2.613, 0.2932, 4.027, 8.11, 11.766, 14.516, 15.95, 15.914, 14.2, 10.95, 6.883, 2.658, -1.151, -4.17, -6.438, -8.03, -8.99, -9.26, -8.66, -7.242, -5.344, -3.492, -2.027, -1.051, -0.565, -0.2673, -0.0681, -0.3596, -1.274, -2.86, -4.87, -6.938, -8.79, -10.32, -11.38, -11.77, -11.125, -9.18, -5.97, -1.681, 3.459, 9.08, 14.23, 18.16, 20.45, 20.97, 19.84, 17.62, 14.78, 11.59, 8.26, 4.84, 1.845, -0.4277, -1.869, -2.742, -3.293, -3.738, -4.234, -4.59, -4.844, -5.113, -5.547, -6.316, -7.3, -8.375, -9.49, -10.516, -11.5, -12.47, -13.4, -14.11, -14.26, -13.65, -12.17, -10.01, -7.13, -3.814, -0.2593, 2.785, 4.688, 5.047, 4.016, 1.957, -0.929, -4.234, -7.61, -10.71, -13.47, -16.06, -18.47, -20.66, -22.52, -24.03, -25.0, -25.6, -25.89, -25.84, -25.48, -24.9, -24.12, -23.12, -21.4, -18.53, -14.125, -8.57, -2.686, 2.586, 6.395, 8.83, 10.36, 11.58, 12.555, 13.38, 13.92, 14.28, 14.36, 13.88, 13.055, 11.79, 10.32, 8.7, 7.03, 5.203, 3.44, 1.896, 0.774, 0.11755, 0.05838, 0.2722, 0.6655, 1.024, 1.242, 1.407, 1.493, 1.556, 1.637, 1.733, 1.747, 1.711, 1.682, 1.758, 1.922, 1.978, 1.986, 1.91, 1.86, 1.95, 1.9795, 1.764, 1.189, 0.3176, -0.547, -1.202, -1.618, -1.979, -2.605, -3.398, -4.055, -4.176, -3.543, -2.297, -0.778, 0.8564, 2.443, 3.84, 4.844, 5.43, 5.566, 5.207, 4.348, 3.295, 2.635, 2.959, 4.53, 7.043, 9.914, 12.6, 15.01
19.5, 21.5, 22.66, 22.69, 21.52, 19.03, 15.26, 10.79, 6.215, 2.135, -1.151, -3.549, -5.023, -5.863, -6.164, -5.934, -5.496, -5.074, -4.805, -4.56, -3.9, -2.33, 0.3208, 3.898, 8.01, 11.93, 15.15, 17.2, 17.81, 16.67, 13.836, 9.92, 5.594, 1.452, -2.016, -4.68, -6.656, -7.918, -8.484, -8.26, -7.27, -5.85, -4.453, -3.29, -2.51, -2.03, -1.671, -1.406, -1.516, -2.312, -3.965, -6.19, -8.54, -10.695, -12.34, -13.43, -13.805, -12.96, -10.74, -7.164, -2.326, 3.457, 9.61, 15.305, 19.66, 22.1, 22.58, 21.33, 19.12, 16.28, 13.14, 9.59, 5.902, 2.54, 0.001075, -1.644, -2.635, -3.32, -3.848, -4.406, -4.93, -5.45, -6.05, -6.785, -7.703, -8.66, -9.58, -10.54, -11.5, -12.49, -13.48, -14.34, -14.96, -14.88, -13.945, -12.02, -9.4, -6.18, -2.596, 1.032, 4.047, 5.914, 6.266, 5.24, 3.082, 0.003658, -3.564, -7.12, -10.35, -13.13, -15.69, -18.02, -20.2, -22.05, -23.6, -24.62, -25.23, -25.44, -25.23, -24.78, -24.08, -23.36, -22.53, -21.2, -18.8, -14.87, -9.62, -3.512, 2.387, 7.03, 10.18, 12.38, 14.17, 15.82, 17.38, 18.61, 19.5, 20.03, 19.92, 19.27, 17.98, 16.5, 14.43, 12.305, 9.89, 7.504, 5.28, 3.523, 2.25, 1.539, 1.196, 1.137, 1.333, 1.603, 2.014, 2.451, 2.842, 3.191, 3.428, 3.512, 3.504, 3.41, 3.305, 3.24, 3.113, 2.902, 2.635, 2.408, 2.283, 2.16, 1.843, 1.176, 0.2695, -0.582, -1.226, -1.643, -2.014, -2.598, -3.305, -3.807, -3.756, -3.053, -1.774, -0.2054, 1.454, 3.012, 4.266, 5.164, 5.684, 5.797, 5.516, 4.875, 4.035, 3.469, 3.77, 5.273, 7.82, 10.95, 14.08, 17.0
21.17, 23.52, 24.92, 25.17, 24.06, 21.55, 17.72, 13.07, 8.36, 4.06, 0.6167, -2.045, -3.873, -4.992, -5.484, -5.37, -4.977, -4.527, -4.23, -3.992, -3.35, -1.975, 0.3423, 3.572, 7.473, 11.46, 15.04, 17.77, 19.16, 18.8, 16.48, 12.88, 8.63, 4.297, 0.44, -2.652, -5.008, -6.598, -7.375, -7.406, -6.8, -5.88, -4.91, -4.098, -3.545, -3.152, -2.795, -2.557, -2.662, -3.45, -5.08, -7.344, -9.81, -11.99, -13.64, -14.72, -14.96, -14.04, -11.72, -7.83, -2.607, 3.584, 10.15, 16.23, 20.95, 23.61, 24.06, 22.86, 20.7, 18.02, 14.87, 11.09, 7.105, 3.324, 0.4443, -1.455, -2.586, -3.385, -4.043, -4.734, -5.42, -6.24, -7.164, -8.125, -9.086, -9.92, -10.69, -11.484, -12.445, -13.54, -14.56, -15.45, -15.984, -15.805, -14.73, -12.58, -9.664, -6.234, -2.492, 1.173, 4.28, 6.34, 7.02, 6.15, 3.969, 0.837, -2.86, -6.55, -9.87, -12.76, -15.29, -17.58, -19.72, -21.6, -23.16, -24.25, -24.92, -25.08, -24.72, -24.12, -23.36, -22.62, -21.92, -20.73, -18.61, -15.23, -10.37, -4.324, 1.837, 7.246, 11.234, 14.13, 16.56, 18.94, 21.14, 23.16, 24.61, 25.81, 26.11, 25.81, 24.75, 23.2, 20.98, 18.5, 15.61, 12.59, 9.67, 7.047, 4.965, 3.42, 2.375, 1.756, 1.63, 1.831, 2.398, 3.047, 3.705, 4.387, 4.83, 4.96, 4.93, 4.805, 4.582, 4.324, 4.047, 3.625, 3.166, 2.77, 2.41, 2.068, 1.596, 0.8345, -0.07825, -0.8677, -1.428, -1.777, -2.105, -2.58, -3.18, -3.604, -3.5, -2.848, -1.724, -0.2573, 1.374, 2.908, 4.156, 5.086, 5.703, 5.96, 5.836, 5.38, 4.72, 4.215, 4.41, 5.727, 8.14, 11.336, 14.805, 18.19
21.78, 24.53, 26.17, 26.66, 25.8, 23.44, 19.64, 14.96, 10.11, 5.633, 1.915, -1.008, -3.146, -4.508, -5.156, -5.094, -4.656, -4.168, -3.812, -3.492, -2.834, -1.646, 0.2705, 3.01, 6.457, 10.29, 14.19, 17.53, 19.77, 20.22, 18.73, 15.65, 11.67, 7.355, 3.273, -0.2452, -3.01, -4.94, -6.008, -6.348, -6.086, -5.57, -4.926, -4.32, -3.967, -3.754, -3.541, -3.438, -3.666, -4.508, -6.098, -8.21, -10.5, -12.484, -13.97, -14.88, -15.04, -14.1, -11.73, -7.723, -2.285, 4.234, 11.016, 17.36, 22.23, 25.02, 25.62, 24.7, 22.83, 20.33, 17.02, 12.93, 8.56, 4.344, 1.085, -1.153, -2.57, -3.604, -4.477, -5.3, -6.11, -7.137, -8.28, -9.34, -10.27, -10.96, -11.58, -12.375, -13.45, -14.555, -15.69, -16.53, -17.02, -16.88, -15.766, -13.67, -10.75, -7.324, -3.578, 0.184, 3.578, 6.062, 7.207, 6.72, 4.707, 1.573, -2.176, -5.92, -9.36, -12.305, -14.89, -17.16, -19.38, -21.31, -22.83, -23.95, -24.6, -24.73, -24.39, -23.73, -22.84, -21.94, -21.14, -19.97, -18.14, -15.195, -10.83, -5.164, 1.077, 6.99, 11.81, 15.63, 18.77, 21.72, 24.67, 27.39, 29.55, 31.22, 31.98, 32.12, 31.27, 29.9, 27.7, 25.0, 21.67, 17.98, 14.45, 11.01, 8.13, 5.64, 3.895, 2.666, 2.162, 2.111, 2.637, 3.46, 4.28, 5.13, 5.758, 5.996, 5.977, 5.793, 5.492, 5.117, 4.69, 4.105, 3.469, 2.908, 2.336, 1.791, 1.169, 0.3582, -0.489, -1.1875, -1.668, -1.959, -2.217, -2.596, -3.105, -3.54, -3.557, -3.086, -2.191, -0.932, 0.6, 2.146, 3.545, 4.676, 5.53, 6.023, 6.133, 5.895, 5.383, 4.965, 5.066, 6.055, 8.14, 11.195, 14.8, 18.45
21.34, 24.34, 26.28, 26.98, 26.34, 24.22, 20.61, 16.03, 11.1, 6.55, 2.715, -0.3816, -2.723, -4.273, -5.023, -4.93, -4.387, -3.79, -3.352, -2.984, -2.432, -1.5, -0.01944, 2.154, 5.016, 8.62, 12.695, 16.62, 19.7, 21.1, 20.53, 18.14, 14.65, 10.625, 6.51, 2.688, -0.5483, -2.893, -4.367, -5.13, -5.34, -5.168, -4.758, -4.28, -4.0, -3.889, -3.861, -3.94, -4.332, -5.28, -6.832, -8.72, -10.68, -12.234, -13.29, -13.914, -13.984, -13.055, -10.695, -6.7, -1.094, 5.555, 12.57, 18.94, 23.84, 26.72, 27.58, 27.05, 25.58, 23.22, 19.75, 15.37, 10.49, 5.89, 2.1, -0.593, -2.44, -3.785, -4.84, -5.83, -6.793, -7.94, -9.195, -10.28, -11.14, -11.77, -12.43, -13.34, -14.45, -15.625, -16.7, -17.48, -17.97, -17.89, -16.92, -15.086, -12.414, -9.14, -5.465, -1.615, 2.133, 5.094, 6.746, 6.75, 5.023, 2.092, -1.563, -5.316, -8.72, -11.74, -14.44, -16.86, -19.16, -21.11, -22.61, -23.69, -24.31, -24.5, -24.22, -23.47, -22.47, -21.38, -20.39, -19.08, -17.3, -14.73, -10.984, -5.926, 0.0708, 6.312, 11.99, 16.66, 20.5, 24.12, 27.66, 30.94, 33.75, 35.84, 37.12, 37.6, 37.28, 36.03, 34.1, 31.25, 27.72, 23.6, 19.33, 15.13, 11.5, 8.2, 5.754, 3.877, 2.92, 2.572, 2.883, 3.645, 4.555, 5.504, 6.24, 6.508, 6.477, 6.26, 5.94, 5.53, 5.043, 4.383, 3.625, 2.879, 2.16, 1.467, 0.776, 0.0423, -0.672, -1.261, -1.719, -2.02, -2.287, -2.676, -3.154, -3.605, -3.762, -3.488, -2.807, -1.756, -0.3835, 1.174, 2.738, 4.15, 5.254, 6.0, 6.34, 6.32, 6.055, 5.74, 5.703, 6.33, 7.926, 10.57, 14.0, 17.78
19.88, 23.08, 25.19, 26.12, 25.72, 23.84, 20.52, 16.14, 11.336, 6.875, 3.055, -0.03986, -2.447, -4.113, -4.902, -4.75, -4.08, -3.393, -2.89, -2.564, -2.203, -1.636, -0.637, 1.018, 3.414, 6.715, 10.836, 15.234, 19.02, 21.42, 21.88, 20.47, 17.62, 14.016, 10.02, 6.043, 2.44, -0.5044, -2.58, -3.906, -4.613, -4.836, -4.7, -4.324, -4.008, -3.873, -3.9, -4.11, -4.598, -5.57, -7.055, -8.69, -10.17, -11.22, -11.914, -12.266, -12.125, -11.1, -8.67, -4.61, 0.9907, 7.77, 14.73, 20.98, 25.81, 28.7, 29.83, 29.81, 28.75, 26.6, 22.98, 18.2, 12.914, 7.824, 3.494, 0.2247, -2.072, -3.734, -4.95, -6.113, -7.23, -8.484, -9.81, -10.96, -11.805, -12.52, -13.27, -14.35, -15.586, -16.77, -17.72, -18.4, -18.84, -18.89, -18.19, -16.62, -14.28, -11.2, -7.617, -3.7, 0.2695, 3.568, 5.633, 6.117, 4.91, 2.318, -1.144, -4.79, -8.14, -11.17, -14.05, -16.7, -19.02, -20.95, -22.4, -23.42, -24.08, -24.4, -24.17, -23.39, -22.27, -20.94, -19.56, -18.06, -16.3, -14.03, -10.9, -6.625, -1.177, 5.1, 11.39, 16.9, 21.7, 25.8, 29.77, 33.56, 36.8, 39.4, 41.12, 42.03, 41.88, 41.0, 39.28, 36.66, 33.03, 28.69, 24.02, 19.17, 14.875, 11.06, 7.973, 5.56, 4.0, 3.162, 3.127, 3.684, 4.523, 5.47, 6.22, 6.52, 6.5, 6.277, 5.984, 5.633, 5.16, 4.492, 3.67, 2.758, 1.946, 1.222, 0.5854, 0.005936, -0.527, -0.992, -1.441, -1.845, -2.254, -2.756, -3.258, -3.693, -3.898, -3.742, -3.166, -2.234, -1.003, 0.502, 2.166, 3.727, 4.98, 5.844, 6.34, 6.508, 6.43, 6.246, 6.2, 6.47, 7.5, 9.586, 12.586, 16.22
17.75, 21.0, 23.22, 24.31, 24.0, 22.42, 19.4, 15.336, 10.945, 6.77, 3.125, 0.1656, -2.164, -3.777, -4.555, -4.434, -3.78, -3.06, -2.586, -2.39, -2.266, -2.025, -1.37, -0.07166, 1.998, 5.066, 9.086, 13.63, 18.0, 21.27, 22.8, 22.4, 20.47, 17.48, 13.74, 9.72, 5.797, 2.31, -0.4075, -2.432, -3.781, -4.496, -4.688, -4.445, -4.06, -3.824, -3.826, -4.11, -4.668, -5.61, -6.887, -8.19, -9.2, -9.734, -10.01, -10.08, -9.73, -8.52, -6.04, -1.816, 3.9, 10.59, 17.31, 23.3, 27.86, 30.81, 32.25, 32.72, 31.97, 29.81, 26.03, 21.06, 15.49, 10.01, 5.156, 1.332, -1.502, -3.479, -4.87, -6.105, -7.34, -8.72, -10.125, -11.31, -12.31, -13.25, -14.25, -15.53, -16.89, -18.02, -18.77, -19.33, -19.78, -19.92, -19.45, -18.17, -16.1, -13.13, -9.58, -5.67, -1.65, 1.838, 4.207, 5.12, 4.395, 2.201, -0.91, -4.39, -7.67, -10.75, -13.7, -16.47, -18.95, -20.88, -22.19, -23.19, -23.89, -24.3, -24.17, -23.47, -22.23, -20.75, -19.11, -17.34, -15.49, -13.49, -10.92, -7.387, -2.496, 3.492, 10.09, 16.4, 21.83, 26.48, 30.83, 34.97, 38.72, 41.53, 43.6, 44.72, 45.06, 44.44, 43.1, 40.62, 37.3, 32.9, 28.11, 22.89, 18.2, 13.92, 10.37, 7.48, 5.34, 3.926, 3.438, 3.668, 4.375, 5.2, 5.867, 6.16, 6.15, 6.04, 5.906, 5.645, 5.203, 4.5, 3.566, 2.55, 1.718, 1.046, 0.574, 0.2, -0.1608, -0.525, -1.011, -1.5625, -2.152, -2.807, -3.389, -3.822, -3.97, -3.795, -3.23, -2.318, -1.108, 0.3613, 1.985, 3.508, 4.723, 5.57, 6.09, 6.35, 6.406, 6.37, 6.324, 6.36, 6.89, 8.3, 10.76, 14.13
15.29, 18.55, 20.78, 21.84, 21.69, 20.27, 17.64, 14.06, 10.16, 6.387, 3.062, 0.3232, -1.859, -3.361, -4.09, -4.05, -3.51, -2.889, -2.479, -2.389, -2.463, -2.426, -1.973, -0.8555, 1.081, 3.904, 7.61, 12.02, 16.66, 20.64, 23.28, 24.1, 23.1, 20.8, 17.45, 13.62, 9.48, 5.613, 2.3, -0.316, -2.318, -3.645, -4.316, -4.367, -4.105, -3.87, -3.857, -4.117, -4.66, -5.484, -6.473, -7.363, -7.836, -7.875, -7.82, -7.676, -7.1, -5.67, -2.883, 1.494, 7.168, 13.61, 19.95, 25.52, 29.81, 32.7, 34.44, 35.2, 34.6, 32.4, 28.5, 23.36, 17.62, 11.875, 6.74, 2.445, -0.8164, -3.111, -4.75, -6.086, -7.383, -8.81, -10.25, -11.586, -12.8, -13.95, -15.266, -16.83, -18.19, -19.27, -19.97, -20.4, -20.81, -21.02, -20.67, -19.45, -17.44, -14.68, -11.164, -7.305, -3.355, 0.1914, 2.771, 4.06, 3.818, 2.053, -0.769, -4.074, -7.37, -10.5, -13.5, -16.28, -18.72, -20.6, -21.98, -22.9, -23.67, -24.12, -24.25, -23.77, -22.45, -20.84, -18.98, -16.97, -15.1, -13.19, -10.97, -8.01, -3.938, 1.622, 8.2, 14.81, 20.88, 26.25, 30.81, 35.1, 38.88, 42.03, 44.34, 45.94, 46.56, 46.38, 45.28, 43.28, 40.25, 36.28, 31.45, 26.23, 21.22, 16.67, 12.82, 9.52, 6.96, 5.02, 4.098, 3.934, 4.324, 4.957, 5.477, 5.74, 5.81, 5.848, 5.86, 5.746, 5.31, 4.55, 3.54, 2.479, 1.622, 1.024, 0.645, 0.4077, 0.1516, -0.1434, -0.6714, -1.366, -2.117, -2.896, -3.566, -4.02, -4.086, -3.766, -3.107, -2.139, -0.9097, 0.519, 2.025, 3.422, 4.504, 5.22, 5.65, 5.95, 6.1, 6.156, 6.098, 5.93, 6.035, 6.91, 8.83, 11.84
12.945, 15.99, 18.11, 19.12, 18.97, 17.78, 15.6, 12.65, 9.23, 5.848, 2.832, 0.3125, -1.622, -2.918, -3.588, -3.697, -3.398, -2.88, -2.502, -2.43, -2.557, -2.633, -2.287, -1.285, 0.472, 3.008, 6.33, 10.48, 15.164, 19.7, 23.34, 25.3, 25.4, 23.88, 21.11, 17.5, 13.35, 9.26, 5.55, 2.453, -0.0941, -2.045, -3.344, -3.95, -4.05, -3.938, -3.936, -4.168, -4.605, -5.184, -5.73, -6.125, -6.113, -5.82, -5.49, -5.105, -4.355, -2.607, 0.4626, 4.953, 10.5, 16.61, 22.42, 27.45, 31.39, 34.3, 36.12, 36.84, 36.25, 33.94, 29.84, 24.73, 19.0, 13.24, 7.914, 3.355, -0.2043, -2.844, -4.71, -6.15, -7.47, -8.87, -10.36, -11.836, -13.22, -14.69, -16.3, -17.98, -19.39, -20.42, -21.06, -21.58, -22.0, -22.2, -21.7, -20.45, -18.4, -15.74, -12.27, -8.39, -4.49, -0.943, 1.808, 3.332, 3.398, 1.935, -0.706, -3.88, -7.168, -10.3, -13.27, -15.99, -18.4, -20.31, -21.77, -22.77, -23.55, -24.22, -24.38, -24.05, -22.92, -21.31, -19.31, -17.16, -15.14, -13.19, -11.25, -8.69, -5.203, -0.3882, 5.633, 12.305, 18.9, 24.75, 29.81, 34.34, 38.22, 41.5, 43.94, 45.66, 46.6, 46.84, 46.16, 44.6, 42.03, 38.28, 33.72, 28.61, 23.66, 19.16, 15.164, 11.63, 8.76, 6.504, 5.17, 4.7, 4.754, 5.12, 5.47, 5.63, 5.74, 5.895, 6.01, 5.957, 5.523, 4.74, 3.713, 2.678, 1.868, 1.277, 0.8667, 0.603, 0.294, -0.03296, -0.5845, -1.336, -2.16, -3.037, -3.744, -4.18, -4.2, -3.777, -2.996, -1.922, -0.658, 0.7256, 2.11, 3.35, 4.305, 4.938, 5.31, 5.594, 5.76, 5.805, 5.64, 5.32, 5.168, 5.652, 7.082, 9.69
10.76, 13.48, 15.38, 16.2, 16.11, 15.13, 13.44, 11.07, 8.18, 5.113, 2.354, 0.0888, -1.542, -2.621, -3.244, -3.486, -3.363, -2.938, -2.533, -2.387, -2.508, -2.635, -2.39, -1.573, -0.0942, 2.094, 5.06, 8.92, 13.6, 18.62, 23.08, 26.12, 27.23, 26.58, 24.47, 21.1, 17.06, 12.85, 8.92, 5.543, 2.598, 0.10974, -1.84, -3.062, -3.65, -3.88, -3.975, -4.14, -4.363, -4.617, -4.727, -4.586, -4.094, -3.508, -3.025, -2.469, -1.448, 0.561, 3.842, 8.336, 13.664, 19.33, 24.61, 29.06, 32.66, 35.3, 37.0, 37.7, 36.75, 34.12, 30.05, 24.94, 19.34, 13.68, 8.44, 3.771, -0.007442, -2.81, -4.77, -6.223, -7.484, -8.89, -10.49, -12.12, -13.766, -15.48, -17.28, -19.11, -20.53, -21.53, -22.16, -22.7, -23.14, -23.19, -22.5, -21.05, -18.84, -16.08, -12.69, -8.88, -5.02, -1.414, 1.458, 3.174, 3.363, 1.939, -0.684, -3.873, -7.117, -10.234, -13.06, -15.664, -17.94, -19.92, -21.4, -22.58, -23.47, -24.17, -24.5, -24.28, -23.39, -21.92, -20.0, -17.83, -15.74, -13.67, -11.586, -9.31, -6.37, -2.36, 2.92, 9.234, 15.83, 22.19, 27.78, 32.66, 36.66, 40.03, 42.66, 44.53, 45.6, 46.16, 45.72, 44.56, 42.3, 39.03, 34.8, 30.03, 25.22, 20.9, 17.11, 13.625, 10.72, 8.31, 6.754, 6.004, 5.824, 6.023, 6.15, 6.18, 6.227, 6.332, 6.45, 6.332, 5.89, 5.137, 4.152, 3.203, 2.434, 1.827, 1.328, 0.906, 0.427, -0.0505, -0.641, -1.406, -2.262, -3.13, -3.834, -4.26, -4.31, -3.93, -3.115, -1.967, -0.66, 0.6675, 1.978, 3.195, 4.184, 4.85, 5.246, 5.504, 5.586, 5.48, 5.2, 4.727, 4.395, 4.617, 5.73, 7.883
8.734, 11.0, 12.555, 13.2, 13.17, 12.5, 11.29, 9.45, 6.984, 4.242, 1.698, -0.3176, -1.684, -2.535, -3.092, -3.426, -3.424, -3.031, -2.525, -2.268, -2.342, -2.55, -2.508, -2.031, -0.923, 0.896, 3.592, 7.3, 11.99, 17.36, 22.56, 26.58, 28.73, 28.94, 27.5, 24.55, 20.6, 16.34, 12.266, 8.59, 5.28, 2.367, -0.04846, -1.858, -2.91, -3.457, -3.717, -3.84, -3.865, -3.773, -3.416, -2.795, -1.927, -1.06, -0.3667, 0.3503, 1.6, 3.777, 7.094, 11.47, 16.52, 21.64, 26.27, 30.25, 33.3, 35.72, 37.2, 37.44, 36.16, 33.4, 29.25, 24.25, 18.89, 13.51, 8.336, 3.65, -0.1477, -3.041, -4.99, -6.36, -7.59, -9.03, -10.63, -12.39, -14.26, -16.22, -18.19, -20.11, -21.58, -22.62, -23.3, -23.84, -24.12, -23.95, -23.05, -21.38, -18.9, -15.99, -12.63, -8.84, -4.92, -1.296, 1.628, 3.322, 3.441, 1.979, -0.6724, -3.922, -7.14, -10.12, -12.81, -15.195, -17.38, -19.36, -21.02, -22.36, -23.38, -24.14, -24.47, -24.34, -23.67, -22.39, -20.64, -18.62, -16.39, -14.28, -12.1, -9.88, -7.383, -4.082, 0.267, 5.74, 11.96, 18.47, 24.45, 29.75, 34.12, 37.75, 40.5, 42.5, 43.72, 44.44, 44.2, 43.2, 41.2, 38.12, 34.38, 30.12, 25.86, 21.92, 18.5, 15.37, 12.64, 10.375, 8.805, 8.016, 7.676, 7.656, 7.582, 7.43, 7.29, 7.203, 7.152, 6.902, 6.406, 5.633, 4.723, 3.89, 3.152, 2.602, 2.053, 1.42, 0.7124, 0.02951, -0.668, -1.428, -2.248, -3.064, -3.775, -4.25, -4.41, -4.133, -3.43, -2.336, -1.016, 0.3508, 1.713, 3.03, 4.15, 4.973, 5.46, 5.66, 5.62, 5.344, 4.87, 4.305, 3.87, 3.879, 4.664, 6.395
6.92, 8.65, 9.85, 10.4, 10.4, 10.03, 9.26, 7.844, 5.758, 3.287, 0.945, -0.813, -1.906, -2.582, -3.098, -3.465, -3.494, -3.082, -2.516, -2.17, -2.225, -2.54, -2.754, -2.648, -1.973, -0.4468, 2.055, 5.64, 10.43, 16.05, 21.73, 26.47, 29.5, 30.61, 29.94, 27.5, 23.89, 19.6, 15.29, 11.305, 7.727, 4.53, 1.784, -0.3843, -1.799, -2.598, -3.037, -3.201, -3.127, -2.78, -2.041, -1.019, 0.2122, 1.381, 2.34, 3.256, 4.617, 6.883, 10.12, 14.23, 18.84, 23.4, 27.45, 30.84, 33.47, 35.47, 36.47, 36.28, 34.8, 31.81, 27.78, 23.05, 17.95, 12.79, 7.758, 3.152, -0.6133, -3.357, -5.215, -6.54, -7.746, -9.23, -10.94, -12.805, -14.85, -16.89, -19.0, -20.94, -22.5, -23.61, -24.36, -24.77, -24.92, -24.47, -23.27, -21.36, -18.83, -15.75, -12.26, -8.35, -4.35, -0.7686, 2.068, 3.61, 3.54, 1.898, -0.8657, -4.125, -7.29, -10.1, -12.57, -14.72, -16.77, -18.81, -20.61, -22.08, -23.2, -23.98, -24.42, -24.39, -23.83, -22.75, -21.2, -19.25, -17.1, -14.836, -12.62, -10.37, -8.05, -5.383, -2.002, 2.404, 7.805, 13.89, 19.88, 25.39, 30.2, 34.12, 37.0, 39.25, 40.53, 41.2, 41.1, 40.12, 38.3, 35.78, 32.5, 28.9, 25.38, 22.19, 19.38, 16.86, 14.555, 12.516, 11.055, 10.23, 9.914, 9.75, 9.55, 9.2, 8.86, 8.53, 8.266, 7.848, 7.21, 6.375, 5.49, 4.754, 4.074, 3.52, 2.906, 2.113, 1.2, 0.287, -0.549, -1.358, -2.166, -2.904, -3.596, -4.14, -4.44, -4.32, -3.717, -2.674, -1.32, 0.1323, 1.619, 3.068, 4.35, 5.312, 5.836, 5.938, 5.742, 5.26, 4.668, 4.043, 3.547, 3.443, 3.926, 5.18
5.5, 6.734, 7.63, 8.09, 8.19, 8.03, 7.53, 6.418, 4.62, 2.4, 0.29, -1.247, -2.182, -2.768, -3.264, -3.621, -3.6, -3.12, -2.508, -2.117, -2.18, -2.598, -3.086, -3.348, -3.006, -1.802, 0.4937, 4.074, 8.76, 14.46, 20.39, 25.67, 29.61, 31.66, 31.78, 30.08, 26.81, 22.6, 18.1, 13.8, 9.96, 6.543, 3.6, 1.208, -0.4753, -1.484, -2.094, -2.365, -2.29, -1.809, -0.8726, 0.4146, 1.957, 3.473, 4.76, 5.95, 7.42, 9.64, 12.67, 16.47, 20.48, 24.4, 27.89, 30.73, 33.0, 34.4, 35.0, 34.47, 32.72, 29.83, 25.95, 21.53, 16.69, 11.734, 6.81, 2.404, -1.18, -3.705, -5.348, -6.594, -7.797, -9.34, -11.17, -13.25, -15.414, -17.55, -19.66, -21.6, -23.27, -24.52, -25.36, -25.66, -25.48, -24.67, -23.14, -21.0, -18.33, -15.17, -11.52, -7.508, -3.479, 0.0749, 2.717, 3.924, 3.545, 1.7, -1.112, -4.32, -7.42, -10.12, -12.39, -14.44, -16.39, -18.36, -20.22, -21.75, -22.98, -23.83, -24.31, -24.39, -24.03, -23.03, -21.64, -19.89, -17.77, -15.5, -13.17, -10.88, -8.61, -6.348, -3.67, -0.2102, 4.03, 9.21, 14.62, 19.92, 24.81, 28.88, 32.03, 34.34, 35.78, 36.44, 36.22, 35.6, 34.12, 32.12, 29.53, 26.86, 24.23, 21.86, 19.95, 18.16, 16.23, 14.516, 13.22, 12.46, 12.12, 11.9, 11.56, 11.12, 10.65, 10.17, 9.74, 9.21, 8.47, 7.58, 6.64, 5.832, 5.15, 4.52, 3.781, 2.883, 1.81, 0.6846, -0.3633, -1.285, -2.105, -2.8, -3.475, -4.05, -4.434, -4.418, -3.846, -2.754, -1.295, 0.3074, 1.921, 3.44, 4.727, 5.67, 6.105, 6.04, 5.68, 5.094, 4.426, 3.842, 3.387, 3.207, 3.488, 4.297
4.652, 5.53, 6.19, 6.598, 6.78, 6.73, 6.3, 5.285, 3.648, 1.678, -0.1759, -1.54, -2.379, -2.908, -3.387, -3.715, -3.672, -3.178, -2.555, -2.152, -2.215, -2.69, -3.367, -3.873, -3.791, -2.885, -0.8184, 2.605, 7.17, 12.69, 18.67, 24.39, 28.89, 31.81, 32.8, 31.83, 29.17, 25.22, 20.72, 16.28, 12.164, 8.54, 5.332, 2.78, 0.936, -0.2795, -1.082, -1.533, -1.564, -1.114, -0.1327, 1.258, 2.938, 4.69, 6.38, 7.895, 9.58, 11.7, 14.39, 17.7, 21.12, 24.44, 27.34, 29.69, 31.42, 32.5, 32.62, 31.83, 29.97, 27.22, 23.69, 19.5, 14.914, 10.18, 5.535, 1.434, -1.736, -3.857, -5.312, -6.473, -7.793, -9.53, -11.55, -13.81, -16.08, -18.27, -20.28, -22.14, -23.84, -25.22, -26.16, -26.33, -25.83, -24.58, -22.7, -20.34, -17.53, -14.25, -10.52, -6.46, -2.463, 0.9746, 3.303, 4.14, 3.488, 1.515, -1.333, -4.477, -7.49, -10.125, -12.266, -14.18, -16.05, -17.97, -19.86, -21.47, -22.86, -23.83, -24.45, -24.62, -24.33, -23.48, -22.14, -20.44, -18.39, -16.08, -13.68, -11.38, -9.164, -7.105, -4.938, -2.184, 1.129, 5.168, 9.65, 14.27, 18.67, 22.56, 25.67, 27.92, 29.44, 30.16, 30.3, 29.95, 28.98, 27.72, 26.05, 24.33, 22.72, 21.34, 20.36, 19.19, 17.86, 16.39, 15.22, 14.52, 14.164, 13.945, 13.586, 13.09, 12.57, 12.055, 11.5, 10.89, 10.07, 9.13, 8.12, 7.14, 6.27, 5.465, 4.53, 3.527, 2.285, 0.9604, -0.2764, -1.358, -2.23, -2.932, -3.602, -4.16, -4.516, -4.465, -3.83, -2.594, -0.932, 0.855, 2.578, 4.09, 5.203, 5.94, 6.156, 5.875, 5.34, 4.676, 4.043, 3.55, 3.219, 3.11, 3.299, 3.85
4.266, 4.945, 5.49, 5.848, 6.004, 5.902, 5.387, 4.355, 2.854, 1.138, -0.4634, -1.665, -2.43, -2.969, -3.426, -3.693, -3.617, -3.16, -2.574, -2.215, -2.24, -2.707, -3.443, -4.098, -4.285, -3.646, -1.871, 1.235, 5.49, 10.85, 16.77, 22.69, 27.77, 31.44, 33.1, 32.94, 30.83, 27.33, 23.05, 18.6, 14.33, 10.38, 6.98, 4.21, 2.129, 0.6875, -0.2308, -0.805, -1.006, -0.7607, 0.05685, 1.36, 3.021, 4.875, 6.824, 8.71, 10.59, 12.74, 15.15, 17.92, 20.78, 23.44, 25.7, 27.55, 28.83, 29.53, 29.34, 28.31, 26.45, 23.86, 20.52, 16.7, 12.46, 8.01, 3.799, 0.299, -2.299, -4.04, -5.285, -6.47, -7.91, -9.78, -12.0, -14.4, -16.81, -18.97, -20.84, -22.69, -24.31, -25.78, -26.64, -26.64, -25.83, -24.25, -21.98, -19.34, -16.42, -13.125, -9.33, -5.33, -1.553, 1.624, 3.695, 4.24, 3.332, 1.3, -1.512, -4.586, -7.492, -10.055, -12.125, -14.0, -15.76, -17.61, -19.48, -21.31, -22.83, -23.98, -24.73, -25.06, -24.84, -24.12, -22.84, -21.22, -19.14, -16.83, -14.45, -12.11, -9.836, -7.668, -5.547, -3.262, -0.6807, 2.334, 5.793, 9.37, 13.03, 16.34, 19.1, 21.22, 22.67, 23.45, 23.9, 23.97, 23.69, 23.2, 22.53, 21.8, 21.2, 20.89, 20.75, 20.3, 19.42, 18.23, 17.14, 16.5, 16.12, 15.91, 15.484, 15.04, 14.49, 13.94, 13.36, 12.734, 11.914, 10.92, 9.766, 8.555, 7.418, 6.33, 5.16, 3.947, 2.559, 1.052, -0.3733, -1.606, -2.572, -3.268, -3.88, -4.39, -4.676, -4.547, -3.822, -2.424, -0.507, 1.529, 3.389, 4.836, 5.777, 6.22, 6.133, 5.65, 4.934, 4.195, 3.574, 3.184, 2.984, 3.008, 3.252, 3.68
4.15, 4.742, 5.223, 5.49, 5.504, 5.2, 4.52, 3.451, 2.082, 0.611, -0.7197, -1.735, -2.432, -2.95, -3.361, -3.541, -3.389, -2.973, -2.496, -2.176, -2.143, -2.557, -3.326, -4.086, -4.547, -4.23, -2.732, 0.08844, 4.16, 9.336, 15.16, 21.19, 26.47, 30.4, 32.66, 33.03, 31.53, 28.64, 24.8, 20.55, 16.22, 12.13, 8.41, 5.344, 2.973, 1.333, 0.2554, -0.4302, -0.757, -0.7153, -0.1748, 0.9077, 2.443, 4.25, 6.26, 8.266, 10.3, 12.41, 14.63, 17.03, 19.33, 21.39, 23.06, 24.34, 25.22, 25.45, 25.14, 23.98, 22.14, 19.64, 16.61, 13.05, 9.2, 5.254, 1.743, -1.046, -2.99, -4.316, -5.395, -6.6, -8.2, -10.266, -12.61, -15.18, -17.61, -19.7, -21.5, -23.2, -24.81, -26.27, -27.03, -26.81, -25.64, -23.62, -21.06, -18.2, -15.15, -11.766, -8.09, -4.266, -0.767, 2.041, 3.738, 4.016, 2.965, 0.8926, -1.859, -4.777, -7.47, -9.92, -11.89, -13.71, -15.5, -17.33, -19.27, -21.16, -22.8, -24.14, -25.0, -25.47, -25.38, -24.84, -23.69, -22.11, -20.14, -17.83, -15.44, -13.01, -10.664, -8.37, -6.074, -3.812, -1.534, 0.875, 3.465, 6.113, 8.805, 11.44, 13.62, 15.46, 16.75, 17.69, 18.34, 18.86, 19.19, 19.5, 19.61, 19.73, 20.03, 20.64, 21.22, 21.33, 20.86, 19.94, 19.05, 18.47, 18.06, 17.84, 17.55, 17.02, 16.38, 15.77, 15.18, 14.53, 13.664, 12.64, 11.37, 9.92, 8.42, 6.973, 5.562, 4.14, 2.643, 1.046, -0.5093, -1.874, -2.95, -3.658, -4.19, -4.62, -4.85, -4.668, -3.865, -2.36, -0.2637, 2.02, 4.066, 5.56, 6.387, 6.594, 6.27, 5.57, 4.69, 3.842, 3.146, 2.744, 2.648, 2.797, 3.15, 3.607
4.043, 4.59, 5.004, 5.17, 5.004, 4.508, 3.695, 2.627, 1.391, 0.1226, -1.016, -1.944, -2.572, -3.027, -3.309, -3.305, -3.049, -2.654, -2.248, -1.96, -1.883, -2.234, -3.012, -3.932, -4.613, -4.574, -3.324, -0.667, 3.248, 8.25, 13.875, 19.72, 24.94, 29.05, 31.47, 32.25, 31.33, 28.97, 25.67, 21.75, 17.6, 13.49, 9.58, 6.195, 3.492, 1.615, 0.468, -0.2372, -0.6616, -0.7817, -0.501, 0.2445, 1.504, 3.16, 4.99, 6.86, 8.78, 10.875, 13.016, 15.11, 16.9, 18.45, 19.52, 20.31, 20.77, 20.77, 20.2, 19.02, 17.17, 14.875, 12.03, 8.81, 5.453, 2.215, -0.4692, -2.387, -3.678, -4.6, -5.59, -6.94, -8.695, -10.805, -13.27, -15.875, -18.33, -20.55, -22.22, -23.88, -25.36, -26.62, -27.2, -26.73, -25.25, -22.89, -20.06, -17.08, -13.88, -10.4, -6.79, -3.203, -0.05557, 2.273, 3.494, 3.43, 2.25, 0.2489, -2.283, -4.926, -7.42, -9.63, -11.59, -13.37, -15.19, -17.08, -19.06, -21.02, -22.83, -24.23, -25.17, -25.69, -25.72, -25.38, -24.4, -22.98, -21.17, -18.97, -16.66, -14.13, -11.586, -9.04, -6.574, -4.176, -1.934, 0.2131, 2.3, 4.273, 6.27, 8.24, 9.86, 11.29, 12.4, 13.28, 14.17, 15.0, 15.82, 16.7, 17.42, 18.33, 19.33, 20.58, 21.72, 22.3, 22.22, 21.6, 20.97, 20.47, 20.22, 20.0, 19.6, 18.98, 18.19, 17.47, 16.8, 16.08, 15.15, 14.07, 12.65, 11.03, 9.266, 7.53, 5.875, 4.277, 2.701, 1.038, -0.6235, -2.09, -3.236, -3.943, -4.426, -4.754, -4.93, -4.727, -3.893, -2.34, -0.1687, 2.246, 4.46, 6.06, 6.89, 7.02, 6.54, 5.688, 4.668, 3.629, 2.807, 2.299, 2.2, 2.44, 2.89, 3.447
3.895, 4.453, 4.79, 4.832, 4.51, 3.875, 3.02, 1.987, 0.8506, -0.3054, -1.427, -2.357, -2.969, -3.338, -3.4, -3.166, -2.768, -2.307, -1.917, -1.659, -1.558, -1.827, -2.57, -3.537, -4.32, -4.43, -3.389, -0.932, 2.78, 7.52, 12.875, 18.31, 23.33, 27.28, 29.89, 30.95, 30.38, 28.56, 25.73, 22.3, 18.44, 14.445, 10.49, 6.92, 4.03, 1.977, 0.678, -0.0654, -0.5444, -0.8154, -0.779, -0.3552, 0.569, 1.91, 3.41, 4.973, 6.664, 8.5, 10.46, 12.27, 13.75, 14.77, 15.38, 15.67, 15.73, 15.53, 14.875, 13.65, 11.98, 9.875, 7.414, 4.676, 1.967, -0.4666, -2.242, -3.37, -4.11, -4.816, -5.81, -7.277, -9.16, -11.37, -13.88, -16.53, -19.0, -21.27, -23.1, -24.64, -26.0, -26.98, -27.16, -26.36, -24.55, -21.97, -19.02, -15.89, -12.516, -8.95, -5.348, -1.993, 0.685, 2.412, 3.092, 2.654, 1.298, -0.63, -2.918, -5.29, -7.44, -9.41, -11.18, -12.945, -14.83, -16.81, -18.86, -20.83, -22.53, -23.95, -24.98, -25.61, -25.86, -25.78, -25.08, -23.89, -22.23, -20.16, -17.81, -15.32, -12.62, -9.82, -7.04, -4.414, -2.115, -0.09814, 1.742, 3.432, 5.05, 6.613, 7.926, 9.01, 9.914, 10.62, 11.57, 12.586, 13.625, 14.86, 16.03, 17.42, 18.92, 20.6, 22.17, 23.19, 23.52, 23.25, 22.84, 22.56, 22.44, 22.19, 21.7, 20.88, 19.92, 19.06, 18.25, 17.33, 16.31, 15.09, 13.51, 11.73, 9.87, 7.992, 6.18, 4.473, 2.775, 1.034, -0.7036, -2.252, -3.45, -4.14, -4.56, -4.8, -4.91, -4.676, -3.838, -2.27, -0.06305, 2.406, 4.69, 6.35, 7.207, 7.3, 6.79, 5.867, 4.76, 3.592, 2.555, 1.908, 1.749, 2.033, 2.588, 3.25
3.83, 4.387, 4.688, 4.6, 4.164, 3.48, 2.654, 1.667, 0.5776, -0.607, -1.804, -2.812, -3.48, -3.799, -3.69, -3.262, -2.672, -2.102, -1.647, -1.33, -1.173, -1.33, -1.927, -2.818, -3.602, -3.746, -2.889, -0.7197, 2.646, 7.01, 11.945, 16.97, 21.62, 25.4, 27.97, 29.17, 29.0, 27.64, 25.31, 22.28, 18.78, 15.0, 11.19, 7.69, 4.74, 2.588, 1.111, 0.2239, -0.367, -0.8203, -1.036, -0.896, -0.3022, 0.665, 1.754, 2.918, 4.234, 5.74, 7.305, 8.77, 9.9, 10.63, 10.92, 10.87, 10.664, 10.27, 9.56, 8.5, 6.99, 5.33, 3.373, 1.315, -0.609, -2.234, -3.242, -3.79, -4.223, -4.83, -5.926, -7.547, -9.62, -11.99, -14.555, -17.27, -19.84, -22.19, -24.1, -25.56, -26.7, -27.22, -26.94, -25.77, -23.69, -20.97, -17.92, -14.66, -11.13, -7.402, -3.818, -0.7466, 1.397, 2.543, 2.686, 1.885, 0.4612, -1.356, -3.393, -5.465, -7.33, -9.13, -10.89, -12.586, -14.484, -16.53, -18.6, -20.52, -22.16, -23.5, -24.62, -25.48, -25.98, -26.08, -25.67, -24.69, -23.16, -21.23, -18.95, -16.39, -13.55, -10.58, -7.63, -4.797, -2.424, -0.3542, 1.452, 3.127, 4.695, 6.113, 7.3, 8.11, 8.75, 9.4, 10.18, 11.26, 12.65, 14.03, 15.55, 17.14, 18.97, 20.9, 22.64, 23.89, 24.58, 24.7, 24.62, 24.55, 24.44, 24.12, 23.53, 22.5, 21.47, 20.4, 19.5, 18.48, 17.2, 15.78, 14.05, 12.086, 10.164, 8.25, 6.426, 4.598, 2.76, 0.9336, -0.852, -2.453, -3.668, -4.383, -4.77, -4.934, -4.938, -4.645, -3.723, -2.107, 0.1323, 2.635, 4.945, 6.62, 7.44, 7.496, 6.973, 6.03, 4.875, 3.58, 2.375, 1.573, 1.355, 1.679, 2.338, 3.125
3.92, 4.453, 4.68, 4.508, 4.04, 3.32, 2.504, 1.559, 0.481, -0.778, -2.08, -3.191, -3.941, -4.22, -4.004, -3.422, -2.7, -2.055, -1.522, -1.128, -0.8784, -0.858, -1.188, -1.801, -2.457, -2.584, -1.867, -0.04077, 2.879, 6.727, 11.13, 15.695, 20.02, 23.61, 26.22, 27.61, 27.64, 26.61, 24.58, 21.92, 18.66, 15.164, 11.664, 8.39, 5.543, 3.268, 1.576, 0.4463, -0.3965, -1.059, -1.416, -1.447, -1.117, -0.517, 0.1953, 0.9263, 1.768, 2.787, 3.916, 5.0, 5.812, 6.305, 6.344, 6.184, 5.92, 5.496, 4.848, 3.916, 2.75, 1.559, 0.281, -0.9414, -2.086, -2.998, -3.504, -3.818, -4.23, -5.016, -6.34, -8.09, -10.31, -12.83, -15.484, -18.17, -20.75, -23.08, -24.98, -26.44, -27.36, -27.4, -26.67, -25.17, -22.86, -20.16, -17.0, -13.51, -9.76, -5.96, -2.432, 0.371, 2.084, 2.688, 2.422, 1.446, -0.01692, -1.717, -3.535, -5.38, -7.098, -8.74, -10.47, -12.25, -14.17, -16.23, -18.17, -20.02, -21.69, -23.08, -24.22, -25.31, -26.14, -26.55, -26.39, -25.55, -24.08, -22.19, -19.98, -17.34, -14.5, -11.4, -8.37, -5.504, -3.041, -0.87, 1.112, 2.943, 4.777, 6.266, 7.344, 8.055, 8.516, 9.04, 9.77, 10.96, 12.414, 13.95, 15.71, 17.45, 19.53, 21.5, 23.33, 24.66, 25.47, 25.73, 25.97, 25.94, 25.75, 25.38, 24.61, 23.6, 22.48, 21.47, 20.47, 19.28, 17.88, 16.17, 14.27, 12.234, 10.3, 8.36, 6.52, 4.645, 2.635, 0.6704, -1.21, -2.844, -4.04, -4.777, -5.152, -5.24, -5.086, -4.617, -3.564, -1.823, 0.4604, 2.992, 5.305, 6.953, 7.668, 7.61, 6.996, 6.06, 4.875, 3.52, 2.229, 1.379, 1.133, 1.51, 2.275, 3.152
4.08, 4.56, 4.7, 4.46, 3.947, 3.209, 2.367, 1.437, 0.346, -0.9478, -2.283, -3.412, -4.137, -4.355, -4.086, -3.475, -2.77, -2.129, -1.549, -1.081, -0.706, -0.4705, -0.4927, -0.7544, -1.118, -1.194, -0.6167, 0.8877, 3.412, 6.727, 10.664, 14.77, 18.67, 22.1, 24.58, 26.12, 26.36, 25.52, 23.67, 21.17, 18.19, 14.97, 11.766, 8.76, 6.08, 3.783, 1.861, 0.373, -0.743, -1.561, -2.012, -2.148, -1.997, -1.671, -1.309, -0.9014, -0.4426, 0.1499, 0.869, 1.545, 2.031, 2.254, 2.182, 1.935, 1.712, 1.385, 0.8765, 0.1978, -0.599, -1.254, -1.794, -2.213, -2.639, -3.012, -3.293, -3.697, -4.402, -5.54, -7.098, -9.055, -11.4, -13.94, -16.53, -19.12, -21.6, -23.83, -25.66, -27.03, -27.64, -27.42, -26.31, -24.45, -22.11, -19.31, -16.03, -12.4, -8.43, -4.527, -1.139, 1.245, 2.537, 2.777, 2.277, 1.299, -0.0837, -1.675, -3.344, -5.098, -6.727, -8.32, -9.96, -11.695, -13.586, -15.625, -17.61, -19.42, -21.11, -22.64, -23.95, -25.34, -26.47, -27.08, -27.05, -26.42, -25.06, -23.12, -20.95, -18.36, -15.445, -12.38, -9.32, -6.562, -3.97, -1.659, 0.63, 2.846, 4.977, 6.65, 7.824, 8.49, 8.914, 9.31, 10.11, 11.336, 12.79, 14.586, 16.48, 18.42, 20.5, 22.36, 24.11, 25.34, 26.1, 26.44, 26.69, 26.69, 26.4, 25.92, 25.02, 24.06, 22.97, 21.98, 20.95, 19.73, 18.22, 16.44, 14.375, 12.27, 10.34, 8.445, 6.594, 4.605, 2.402, 0.2634, -1.729, -3.377, -4.562, -5.27, -5.613, -5.645, -5.395, -4.72, -3.47, -1.579, 0.8447, 3.459, 5.832, 7.44, 8.05, 7.816, 7.02, 5.97, 4.74, 3.379, 2.105, 1.301, 1.122, 1.543, 2.38, 3.31
4.152, 4.54, 4.58, 4.285, 3.693, 2.912, 2.055, 1.143, 0.04102, -1.226, -2.477, -3.455, -4.05, -4.188, -3.932, -3.412, -2.826, -2.236, -1.673, -1.174, -0.6772, -0.2103, 0.08923, 0.1921, 0.181, 0.2241, 0.721, 1.966, 4.09, 6.992, 10.4, 14.05, 17.6, 20.7, 23.1, 24.61, 25.0, 24.28, 22.6, 20.17, 17.33, 14.33, 11.38, 8.68, 6.188, 3.93, 1.883, 0.08826, -1.379, -2.338, -2.762, -2.86, -2.812, -2.725, -2.654, -2.459, -2.186, -1.827, -1.398, -1.026, -0.7944, -0.8135, -1.053, -1.354, -1.566, -1.756, -2.031, -2.469, -2.908, -3.074, -2.951, -2.668, -2.506, -2.516, -2.867, -3.646, -4.81, -6.324, -8.125, -10.234, -12.62, -15.07, -17.55, -19.94, -22.2, -24.28, -26.05, -27.28, -27.77, -27.31, -25.86, -23.69, -21.14, -18.16, -14.72, -11.02, -7.062, -3.256, -0.1897, 1.785, 2.777, 2.807, 2.219, 1.329, 0.05377, -1.481, -3.088, -4.777, -6.367, -7.887, -9.41, -11.04, -12.83, -14.79, -16.78, -18.7, -20.55, -22.23, -23.86, -25.39, -26.73, -27.52, -27.55, -27.05, -25.86, -24.16, -22.1, -19.56, -16.64, -13.57, -10.46, -7.625, -4.957, -2.414, 0.1538, 2.725, 5.164, 7.13, 8.51, 9.23, 9.67, 10.17, 11.03, 12.31, 13.97, 15.875, 17.84, 19.77, 21.73, 23.45, 24.89, 25.92, 26.52, 26.84, 26.95, 26.78, 26.38, 25.77, 24.8, 23.8, 22.88, 21.95, 20.98, 19.7, 18.2, 16.28, 14.195, 12.15, 10.305, 8.49, 6.68, 4.562, 2.225, -0.0911, -2.22, -3.932, -5.125, -5.832, -6.145, -6.11, -5.676, -4.746, -3.297, -1.23, 1.36, 4.164, 6.605, 8.17, 8.64, 8.164, 7.098, 5.824, 4.48, 3.086, 1.898, 1.207, 1.123, 1.594, 2.463, 3.418
4.02, 4.344, 4.33, 3.994, 3.371, 2.57, 1.691, 0.7505, -0.359, -1.579, -2.693, -3.488, -3.895, -3.934, -3.66, -3.22, -2.793, -2.352, -1.864, -1.334, -0.7515, -0.0854, 0.573, 1.066, 1.365, 1.585, 2.076, 3.146, 4.914, 7.44, 10.375, 13.52, 16.58, 19.3, 21.48, 22.9, 23.33, 22.78, 21.27, 18.98, 16.31, 13.48, 10.79, 8.336, 6.082, 3.918, 1.73, -0.3613, -2.084, -3.11, -3.473, -3.48, -3.504, -3.623, -3.717, -3.648, -3.367, -2.986, -2.63, -2.402, -2.418, -2.697, -3.14, -3.562, -3.736, -3.773, -3.857, -4.03, -4.125, -3.857, -3.227, -2.512, -2.047, -2.025, -2.61, -3.705, -5.156, -6.926, -8.984, -11.23, -13.54, -15.93, -18.3, -20.47, -22.55, -24.44, -26.14, -27.34, -27.83, -27.2, -25.44, -22.9, -19.9, -16.55, -12.945, -9.24, -5.527, -2.066, 0.6226, 2.217, 2.87, 2.764, 2.195, 1.371, 0.1783, -1.356, -2.97, -4.605, -6.18, -7.574, -8.914, -10.375, -12.02, -13.914, -15.97, -18.0, -20.06, -22.0, -23.81, -25.48, -26.83, -27.72, -27.92, -27.45, -26.55, -25.16, -23.38, -20.95, -18.1, -14.96, -11.695, -8.72, -5.906, -3.154, -0.2927, 2.613, 5.348, 7.594, 9.164, 10.164, 10.8, 11.55, 12.58, 13.98, 15.625, 17.52, 19.39, 21.2, 22.95, 24.47, 25.61, 26.39, 26.72, 26.83, 26.7, 26.31, 25.83, 25.0, 24.06, 23.08, 22.17, 21.33, 20.36, 19.2, 17.7, 15.82, 13.89, 11.945, 10.2, 8.555, 6.78, 4.65, 2.19, -0.265, -2.52, -4.324, -5.61, -6.37, -6.637, -6.465, -5.797, -4.61, -2.959, -0.7065, 2.045, 4.965, 7.477, 9.0, 9.31, 8.59, 7.227, 5.668, 4.133, 2.725, 1.623, 1.05, 1.06, 1.557, 2.406, 3.33
3.748, 4.08, 4.074, 3.746, 3.158, 2.363, 1.458, 0.442, -0.7153, -1.917, -2.926, -3.59, -3.842, -3.752, -3.428, -3.055, -2.729, -2.379, -1.943, -1.412, -0.765, 0.006775, 0.908, 1.769, 2.396, 2.84, 3.416, 4.363, 5.85, 7.965, 10.414, 13.04, 15.6, 17.89, 19.73, 20.98, 21.44, 21.02, 19.7, 17.67, 15.17, 12.57, 10.15, 7.953, 5.934, 3.86, 1.636, -0.659, -2.535, -3.67, -4.07, -3.992, -3.984, -4.19, -4.4, -4.37, -4.03, -3.537, -3.143, -2.967, -3.139, -3.611, -4.21, -4.676, -4.812, -4.69, -4.56, -4.473, -4.254, -3.678, -2.84, -1.988, -1.501, -1.622, -2.393, -3.662, -5.28, -7.203, -9.414, -11.79, -14.23, -16.58, -18.88, -21.03, -22.92, -24.67, -26.3, -27.4, -27.75, -27.0, -24.94, -21.88, -18.34, -14.59, -10.84, -7.18, -3.736, -0.763, 1.442, 2.68, 3.057, 2.809, 2.213, 1.359, 0.1838, -1.313, -2.96, -4.62, -6.098, -7.312, -8.445, -9.7, -11.26, -13.11, -15.23, -17.45, -19.56, -21.67, -23.62, -25.44, -26.89, -27.75, -28.05, -27.8, -27.11, -26.12, -24.53, -22.38, -19.58, -16.39, -13.1, -9.945, -6.977, -3.906, -0.7583, 2.496, 5.484, 7.965, 9.805, 11.08, 12.086, 13.2, 14.48, 16.02, 17.64, 19.34, 21.0, 22.61, 24.02, 25.27, 26.2, 26.66, 26.69, 26.5, 26.08, 25.5, 24.84, 23.97, 22.95, 22.0, 21.11, 20.25, 19.28, 18.17, 16.8, 15.086, 13.34, 11.59, 10.04, 8.516, 6.797, 4.676, 2.197, -0.3105, -2.674, -4.566, -5.984, -6.816, -6.996, -6.664, -5.797, -4.33, -2.387, 0.049, 2.936, 5.895, 8.37, 9.79, 9.945, 9.01, 7.387, 5.566, 3.834, 2.375, 1.348, 0.863, 0.9243, 1.437, 2.234, 3.094
3.494, 3.88, 3.93, 3.654, 3.148, 2.398, 1.447, 0.2998, -0.979, -2.227, -3.18, -3.723, -3.875, -3.697, -3.346, -3.016, -2.7, -2.305, -1.835, -1.316, -0.722, 0.03026, 1.007, 2.088, 3.059, 3.87, 4.652, 5.57, 6.832, 8.54, 10.53, 12.62, 14.695, 16.6, 18.14, 19.16, 19.61, 19.3, 18.19, 16.39, 14.17, 11.85, 9.64, 7.668, 5.805, 3.812, 1.586, -0.755, -2.72, -3.932, -4.355, -4.26, -4.254, -4.465, -4.676, -4.68, -4.29, -3.752, -3.367, -3.293, -3.56, -4.105, -4.71, -5.098, -5.09, -4.754, -4.33, -4.02, -3.57, -2.873, -2.006, -1.242, -0.934, -1.264, -2.191, -3.543, -5.19, -7.2, -9.58, -12.19, -14.81, -17.25, -19.64, -21.75, -23.61, -25.28, -26.72, -27.64, -27.72, -26.66, -24.25, -20.77, -16.77, -12.664, -8.76, -5.15, -1.976, 0.5312, 2.318, 3.266, 3.463, 3.148, 2.441, 1.429, 0.1521, -1.328, -2.953, -4.523, -5.83, -6.93, -7.945, -9.12, -10.63, -12.47, -14.586, -16.92, -19.16, -21.33, -23.4, -25.19, -26.7, -27.67, -28.14, -28.08, -27.69, -26.97, -25.7, -23.73, -21.0, -17.78, -14.43, -11.13, -7.957, -4.66, -1.299, 2.188, 5.418, 8.1, 10.26, 11.914, 13.34, 14.875, 16.39, 18.05, 19.64, 21.12, 22.5, 23.75, 24.92, 25.89, 26.47, 26.67, 26.42, 25.86, 25.22, 24.44, 23.61, 22.61, 21.62, 20.62, 19.69, 18.83, 17.86, 16.88, 15.664, 14.2, 12.71, 11.19, 9.67, 8.22, 6.504, 4.43, 2.03, -0.519, -2.896, -4.86, -6.31, -7.16, -7.285, -6.79, -5.695, -4.04, -1.85, 0.8335, 3.85, 6.82, 9.195, 10.42, 10.38, 9.3, 7.477, 5.508, 3.676, 2.168, 1.151, 0.7163, 0.7964, 1.288, 2.025, 2.824
3.38, 3.822, 3.936, 3.72, 3.244, 2.527, 1.531, 0.2727, -1.152, -2.482, -3.436, -3.873, -3.914, -3.676, -3.354, -3.057, -2.691, -2.209, -1.688, -1.179, -0.697, -0.0846, 0.7896, 1.959, 3.229, 4.402, 5.492, 6.54, 7.715, 9.125, 10.75, 12.46, 14.11, 15.65, 16.88, 17.66, 18.02, 17.67, 16.77, 15.195, 13.3, 11.19, 9.18, 7.34, 5.527, 3.582, 1.436, -0.767, -2.645, -3.89, -4.36, -4.332, -4.32, -4.395, -4.496, -4.51, -4.23, -3.848, -3.69, -3.8, -4.16, -4.67, -5.125, -5.312, -5.066, -4.473, -3.791, -3.24, -2.586, -1.816, -0.9937, -0.396, -0.326, -0.913, -2.002, -3.396, -5.062, -7.152, -9.695, -12.52, -15.38, -18.14, -20.61, -22.8, -24.67, -26.2, -27.31, -27.89, -27.58, -26.03, -23.27, -19.55, -15.31, -11.05, -7.066, -3.482, -0.505, 1.748, 3.238, 3.918, 3.979, 3.576, 2.75, 1.626, 0.3115, -1.198, -2.723, -4.074, -5.19, -6.215, -7.258, -8.49, -10.14, -12.086, -14.25, -16.56, -18.77, -20.95, -23.06, -24.95, -26.55, -27.64, -28.27, -28.4, -28.2, -27.77, -26.73, -24.88, -22.38, -19.22, -15.805, -12.42, -9.12, -5.69, -2.137, 1.456, 4.875, 7.926, 10.32, 12.44, 14.29, 16.16, 17.94, 19.73, 21.31, 22.61, 23.64, 24.64, 25.52, 26.17, 26.5, 26.42, 25.92, 25.11, 24.2, 23.17, 22.16, 21.05, 20.11, 19.08, 18.08, 17.17, 16.27, 15.46, 14.5, 13.34, 12.07, 10.664, 9.22, 7.7, 5.85, 3.73, 1.377, -1.121, -3.424, -5.32, -6.754, -7.555, -7.66, -7.113, -5.8, -3.854, -1.385, 1.533, 4.637, 7.566, 9.83, 10.93, 10.71, 9.51, 7.61, 5.547, 3.676, 2.174, 1.176, 0.7485, 0.801, 1.263, 1.961, 2.715
3.477, 3.91, 3.994, 3.742, 3.264, 2.555, 1.51, 0.1732, -1.313, -2.676, -3.586, -3.965, -3.906, -3.615, -3.295, -3.031, -2.666, -2.156, -1.628, -1.189, -0.8447, -0.435, 0.2651, 1.411, 2.887, 4.41, 5.848, 7.117, 8.39, 9.68, 11.08, 12.54, 13.94, 15.195, 16.11, 16.64, 16.73, 16.39, 15.48, 14.13, 12.47, 10.56, 8.586, 6.75, 4.895, 2.982, 0.9937, -0.952, -2.61, -3.74, -4.242, -4.273, -4.164, -4.02, -3.936, -3.902, -3.818, -3.816, -4.05, -4.438, -4.89, -5.355, -5.676, -5.652, -5.2, -4.332, -3.428, -2.59, -1.769, -0.86, -0.0493, 0.4114, 0.2258, -0.5913, -1.849, -3.346, -5.082, -7.246, -9.9, -12.89, -15.945, -18.8, -21.39, -23.69, -25.62, -26.95, -27.8, -27.89, -27.08, -25.17, -22.1, -18.23, -14.0, -9.69, -5.75, -2.232, 0.6724, 2.807, 4.105, 4.605, 4.465, 3.902, 2.97, 1.808, 0.4866, -0.9224, -2.229, -3.312, -4.26, -5.21, -6.37, -7.73, -9.5, -11.65, -13.86, -16.14, -18.36, -20.56, -22.7, -24.69, -26.44, -27.78, -28.52, -28.84, -28.83, -28.42, -27.55, -25.89, -23.5, -20.55, -17.27, -13.85, -10.484, -7.0, -3.303, 0.4526, 4.098, 7.37, 10.125, 12.57, 14.76, 16.94, 18.98, 20.89, 22.5, 23.69, 24.53, 25.22, 25.8, 26.17, 26.28, 25.95, 25.23, 24.16, 22.92, 21.66, 20.52, 19.4, 18.47, 17.44, 16.42, 15.53, 14.75, 14.12, 13.43, 12.55, 11.45, 10.125, 8.6, 6.887, 4.895, 2.742, 0.402, -1.949, -4.15, -5.97, -7.348, -8.06, -8.125, -7.477, -5.984, -3.742, -0.9634, 2.203, 5.41, 8.27, 10.38, 11.336, 11.03, 9.74, 7.812, 5.758, 3.863, 2.342, 1.347, 0.908, 0.941, 1.389, 2.084, 2.836
3.658, 4.035, 4.03, 3.703, 3.146, 2.402, 1.3545, -0.0006866, -1.489, -2.807, -3.668, -3.936, -3.814, -3.48, -3.148, -2.863, -2.533, -2.094, -1.649, -1.355, -1.215, -1.034, -0.494, 0.593, 2.184, 3.979, 5.727, 7.28, 8.74, 10.11, 11.42, 12.72, 13.94, 14.95, 15.63, 15.89, 15.7, 15.17, 14.266, 13.04, 11.53, 9.74, 7.844, 5.934, 4.01, 2.113, 0.281, -1.325, -2.682, -3.625, -4.11, -4.168, -3.95, -3.572, -3.248, -3.064, -3.152, -3.586, -4.227, -4.89, -5.457, -5.926, -6.19, -6.094, -5.566, -4.6, -3.486, -2.393, -1.34, -0.2622, 0.5537, 0.9595, 0.6826, -0.2646, -1.737, -3.422, -5.344, -7.566, -10.21, -13.13, -16.17, -19.05, -21.69, -24.14, -26.14, -27.53, -28.1, -27.75, -26.44, -24.12, -20.83, -16.88, -12.6, -8.45, -4.562, -1.059, 1.741, 3.697, 4.816, 5.19, 4.926, 4.254, 3.242, 2.03, 0.7607, -0.4504, -1.527, -2.434, -3.268, -4.215, -5.434, -6.953, -8.85, -11.01, -13.28, -15.57, -17.77, -19.97, -22.11, -24.28, -26.19, -27.73, -28.73, -29.3, -29.34, -29.0, -28.22, -26.7, -24.56, -21.73, -18.64, -15.36, -12.0, -8.49, -4.688, -0.7583, 3.062, 6.555, 9.58, 12.35, 14.88, 17.27, 19.6, 21.56, 23.22, 24.31, 25.11, 25.52, 25.84, 26.03, 25.84, 25.31, 24.34, 23.08, 21.64, 20.2, 18.88, 17.67, 16.72, 15.7, 14.805, 13.92, 13.22, 12.734, 12.33, 11.73, 10.8, 9.58, 7.906, 6.03, 3.926, 1.683, -0.65, -2.877, -4.895, -6.566, -7.848, -8.55, -8.56, -7.77, -6.074, -3.502, -0.3489, 3.047, 6.293, 9.06, 11.0, 11.82, 11.445, 10.11, 8.2, 6.152, 4.195, 2.574, 1.499, 1.02, 1.055, 1.53, 2.252, 3.025
3.791, 4.11, 4.023, 3.62, 2.982, 2.158, 1.081, -0.301, -1.757, -2.975, -3.686, -3.818, -3.594, -3.203, -2.844, -2.562, -2.299, -2.006, -1.739, -1.601, -1.63, -1.655, -1.268, -0.2776, 1.312, 3.246, 5.25, 7.14, 8.8, 10.29, 11.52, 12.72, 13.75, 14.555, 14.98, 15.016, 14.58, 13.86, 12.93, 11.82, 10.38, 8.805, 7.047, 5.168, 3.271, 1.391, -0.2778, -1.685, -2.842, -3.664, -4.16, -4.23, -3.855, -3.174, -2.533, -2.217, -2.4, -3.139, -4.066, -4.94, -5.637, -6.223, -6.58, -6.613, -6.18, -5.25, -4.016, -2.725, -1.408, -0.1874, 0.741, 1.205, 0.977, -0.02182, -1.618, -3.555, -5.703, -8.02, -10.555, -13.37, -16.2, -19.0, -21.66, -24.22, -26.31, -27.8, -28.27, -27.56, -25.77, -23.05, -19.52, -15.51, -11.23, -7.062, -3.156, 0.256, 2.895, 4.676, 5.58, 5.777, 5.395, 4.605, 3.54, 2.336, 1.141, 0.06015, -0.8486, -1.661, -2.436, -3.336, -4.57, -6.156, -8.11, -10.28, -12.5, -14.8, -17.03, -19.17, -21.28, -23.55, -25.72, -27.5, -28.83, -29.58, -29.8, -29.56, -28.78, -27.5, -25.52, -23.0, -20.08, -16.94, -13.56, -9.99, -6.17, -2.115, 1.823, 5.477, 8.8, 11.89, 14.75, 17.38, 19.83, 21.86, 23.42, 24.55, 25.28, 25.62, 25.75, 25.64, 25.23, 24.48, 23.34, 21.83, 20.23, 18.62, 17.17, 15.984, 14.945, 14.03, 13.164, 12.38, 11.78, 11.49, 11.26, 10.875, 10.12, 8.984, 7.31, 5.312, 3.08, 0.7964, -1.499, -3.64, -5.484, -7.027, -8.21, -8.89, -8.85, -7.89, -5.86, -2.9, 0.583, 4.16, 7.402, 10.01, 11.734, 12.34, 11.88, 10.54, 8.65, 6.582, 4.55, 2.844, 1.651, 1.059, 1.066, 1.554, 2.318, 3.143
3.898, 4.18, 4.043, 3.555, 2.824, 1.891, 0.7363, -0.6587, -2.055, -3.17, -3.71, -3.645, -3.248, -2.74, -2.318, -2.07, -1.932, -1.829, -1.794, -1.851, -2.016, -2.14, -1.855, -0.9976, 0.4734, 2.416, 4.547, 6.67, 8.57, 10.16, 11.414, 12.414, 13.266, 13.83, 14.06, 13.88, 13.3, 12.51, 11.61, 10.61, 9.35, 7.957, 6.344, 4.633, 2.82, 1.053, -0.514, -1.869, -2.988, -3.848, -4.367, -4.363, -3.771, -2.816, -1.916, -1.502, -1.781, -2.678, -3.76, -4.73, -5.496, -6.17, -6.72, -7.027, -6.824, -6.03, -4.797, -3.371, -1.918, -0.606, 0.4148, 0.984, 0.8716, -0.08966, -1.738, -3.844, -6.168, -8.484, -10.914, -13.57, -16.34, -19.11, -21.78, -24.33, -26.47, -27.97, -28.33, -27.39, -25.2, -22.12, -18.4, -14.29, -9.95, -5.61, -1.637, 1.81, 4.312, 5.848, 6.47, 6.418, 5.88, 4.973, 3.861, 2.68, 1.5, 0.4614, -0.3645, -1.116, -1.8545, -2.764, -3.992, -5.527, -7.35, -9.39, -11.57, -13.8, -15.99, -18.17, -20.33, -22.69, -25.02, -27.06, -28.69, -29.72, -30.12, -30.02, -29.4, -28.3, -26.58, -24.36, -21.7, -18.75, -15.414, -11.72, -7.758, -3.682, 0.3706, 4.246, 7.92, 11.26, 14.31, 17.14, 19.56, 21.7, 23.34, 24.47, 25.14, 25.47, 25.48, 25.14, 24.61, 23.67, 22.36, 20.72, 18.92, 17.14, 15.52, 14.29, 13.18, 12.32, 11.57, 10.88, 10.48, 10.305, 10.18, 9.89, 9.336, 8.32, 6.723, 4.766, 2.518, 0.2418, -2.021, -4.055, -5.805, -7.297, -8.49, -9.15, -9.016, -7.805, -5.49, -2.223, 1.546, 5.27, 8.55, 11.05, 12.62, 13.05, 12.42, 11.01, 9.11, 7.06, 5.004, 3.201, 1.862, 1.141, 1.035, 1.485, 2.314, 3.21
3.992, 4.29, 4.11, 3.54, 2.676, 1.603, 0.342, -1.028, -2.342, -3.32, -3.705, -3.455, -2.822, -2.152, -1.607, -1.366, -1.361, -1.505, -1.765, -2.068, -2.342, -2.475, -2.238, -1.497, -0.2087, 1.606, 3.76, 6.023, 8.07, 9.75, 11.016, 11.93, 12.56, 12.95, 13.03, 12.76, 12.14, 11.33, 10.48, 9.54, 8.49, 7.24, 5.812, 4.297, 2.682, 1.061, -0.4436, -1.827, -3.037, -4.016, -4.54, -4.438, -3.65, -2.445, -1.376, -0.947, -1.358, -2.371, -3.53, -4.52, -5.293, -6.04, -6.78, -7.31, -7.367, -6.76, -5.6, -4.15, -2.668, -1.366, -0.4175, 0.1415, 0.1615, -0.586, -2.06, -4.098, -6.41, -8.77, -11.2, -13.77, -16.58, -19.4, -22.08, -24.61, -26.72, -28.12, -28.36, -27.25, -24.81, -21.45, -17.45, -13.2, -8.67, -4.24, -0.09625, 3.307, 5.637, 6.938, 7.316, 7.043, 6.344, 5.363, 4.188, 2.986, 1.795, 0.745, -0.07465, -0.814, -1.495, -2.352, -3.486, -4.81, -6.438, -8.34, -10.42, -12.6, -14.83, -17.05, -19.39, -21.83, -24.31, -26.56, -28.34, -29.62, -30.23, -30.38, -30.02, -29.22, -27.83, -25.88, -23.45, -20.66, -17.39, -13.68, -9.63, -5.49, -1.327, 2.72, 6.594, 10.22, 13.586, 16.61, 19.2, 21.33, 23.0, 24.16, 24.84, 25.19, 25.14, 24.75, 24.1, 22.97, 21.47, 19.69, 17.7, 15.74, 14.02, 12.63, 11.49, 10.67, 10.016, 9.48, 9.195, 9.09, 9.01, 8.75, 8.29, 7.418, 6.07, 4.277, 2.195, -0.05862, -2.27, -4.25, -6.04, -7.605, -8.84, -9.48, -9.22, -7.82, -5.19, -1.655, 2.312, 6.184, 9.52, 12.09, 13.59, 13.914, 13.13, 11.58, 9.68, 7.62, 5.566, 3.678, 2.186, 1.287, 1.026, 1.42, 2.266, 3.223
3.996, 4.355, 4.17, 3.547, 2.57, 1.349, -0.0385, -1.418, -2.621, -3.432, -3.637, -3.207, -2.373, -1.514, -0.835, -0.5435, -0.6797, -1.112, -1.681, -2.236, -2.592, -2.69, -2.453, -1.816, -0.697, 0.958, 3.025, 5.293, 7.402, 9.15, 10.4, 11.25, 11.77, 12.09, 12.086, 11.81, 11.24, 10.49, 9.73, 8.88, 7.89, 6.742, 5.445, 4.055, 2.57, 1.071, -0.383, -1.766, -3.02, -4.0, -4.465, -4.254, -3.305, -1.907, -0.775, -0.432, -0.9854, -2.11, -3.34, -4.39, -5.242, -6.062, -6.92, -7.58, -7.777, -7.31, -6.266, -4.89, -3.54, -2.38, -1.544, -1.063, -0.953, -1.437, -2.615, -4.445, -6.633, -8.984, -11.445, -14.13, -17.08, -20.0, -22.66, -25.02, -26.86, -28.02, -28.12, -26.9, -24.38, -20.84, -16.67, -12.25, -7.535, -2.977, 1.163, 4.51, 6.7, 7.703, 7.848, 7.43, 6.65, 5.633, 4.438, 3.236, 2.094, 1.067, 0.2462, -0.4824, -1.151, -1.908, -2.879, -4.03, -5.44, -7.137, -9.14, -11.36, -13.664, -16.03, -18.53, -21.08, -23.75, -26.1, -28.08, -29.48, -30.34, -30.73, -30.67, -30.19, -29.12, -27.48, -25.27, -22.53, -19.3, -15.64, -11.586, -7.45, -3.244, 0.899, 4.934, 8.86, 12.49, 15.68, 18.44, 20.64, 22.39, 23.62, 24.44, 24.89, 24.86, 24.5, 23.62, 22.33, 20.67, 18.7, 16.56, 14.45, 12.53, 10.96, 9.81, 9.04, 8.516, 8.15, 7.918, 7.8, 7.656, 7.4, 7.01, 6.348, 5.258, 3.693, 1.757, -0.3586, -2.492, -4.508, -6.355, -7.98, -9.28, -9.875, -9.48, -7.84, -5.02, -1.348, 2.773, 6.9, 10.46, 13.16, 14.72, 14.914, 13.99, 12.31, 10.36, 8.266, 6.164, 4.234, 2.604, 1.495, 1.06, 1.33, 2.158, 3.184
3.893, 4.27, 4.082, 3.455, 2.441, 1.118, -0.3513, -1.74, -2.834, -3.441, -3.441, -2.854, -1.889, -0.8877, -0.0933, 0.2334, -0.03384, -0.763, -1.644, -2.4, -2.83, -2.898, -2.64, -2.07, -1.086, 0.4153, 2.36, 4.523, 6.613, 8.36, 9.63, 10.47, 10.99, 11.31, 11.35, 11.12, 10.664, 10.016, 9.31, 8.49, 7.5, 6.3, 4.99, 3.639, 2.215, 0.8047, -0.537, -1.826, -2.97, -3.844, -4.19, -3.836, -2.748, -1.27, -0.1464, 0.1427, -0.4595, -1.645, -2.99, -4.223, -5.285, -6.258, -7.156, -7.867, -8.09, -7.72, -6.79, -5.574, -4.434, -3.521, -2.863, -2.418, -2.184, -2.383, -3.232, -4.79, -6.777, -9.055, -11.64, -14.51, -17.64, -20.62, -23.28, -25.4, -26.97, -27.81, -27.72, -26.39, -23.72, -20.12, -15.86, -11.26, -6.48, -1.87, 2.172, 5.27, 7.188, 8.02, 8.04, 7.57, 6.8, 5.816, 4.664, 3.438, 2.336, 1.393, 0.6323, 0.01495, -0.5967, -1.304, -2.11, -3.084, -4.32, -5.883, -7.836, -10.086, -12.54, -15.08, -17.75, -20.5, -23.17, -25.69, -27.7, -29.25, -30.33, -31.0, -31.28, -31.06, -30.34, -28.92, -26.84, -24.17, -21.03, -17.48, -13.52, -9.47, -5.344, -1.211, 2.947, 6.973, 10.8, 14.27, 17.28, 19.7, 21.58, 22.88, 23.88, 24.39, 24.55, 24.16, 23.22, 21.83, 19.98, 17.83, 15.53, 13.32, 11.195, 9.48, 8.195, 7.38, 7.0, 6.816, 6.64, 6.508, 6.27, 5.996, 5.67, 5.11, 4.207, 2.889, 1.183, -0.7847, -2.867, -4.902, -6.777, -8.45, -9.74, -10.25, -9.68, -7.86, -4.953, -1.243, 2.992, 7.31, 11.15, 14.086, 15.766, 15.93, 14.89, 13.15, 11.06, 8.914, 6.758, 4.68, 2.88, 1.595, 1.029, 1.209, 2.008, 3.035
3.652, 4.043, 3.88, 3.295, 2.312, 0.957, -0.528, -1.871, -2.836, -3.264, -3.12, -2.424, -1.392, -0.3306, 0.4941, 0.8286, 0.4658, -0.4626, -1.579, -2.496, -2.984, -3.074, -2.875, -2.395, -1.568, -0.2085, 1.601, 3.652, 5.652, 7.383, 8.74, 9.66, 10.26, 10.59, 10.73, 10.53, 10.15, 9.55, 8.86, 8.06, 7.074, 5.867, 4.492, 3.084, 1.63, 0.2544, -0.943, -2.047, -2.99, -3.67, -3.848, -3.322, -2.13, -0.6797, 0.434, 0.7754, 0.2568, -0.9214, -2.402, -3.88, -5.227, -6.42, -7.453, -8.23, -8.484, -8.16, -7.34, -6.28, -5.37, -4.68, -4.13, -3.645, -3.258, -3.207, -3.787, -5.125, -6.992, -9.234, -11.91, -14.89, -18.06, -21.1, -23.61, -25.6, -26.9, -27.48, -27.22, -25.81, -23.03, -19.28, -14.875, -10.09, -5.29, -0.777, 3.004, 5.785, 7.383, 8.03, 7.996, 7.59, 6.902, 6.0, 4.95, 3.771, 2.695, 1.815, 1.153, 0.627, 0.1109, -0.5127, -1.21, -2.088, -3.197, -4.645, -6.613, -8.9, -11.414, -14.18, -17.0, -19.86, -22.69, -25.22, -27.31, -28.92, -30.22, -31.17, -31.78, -31.86, -31.25, -29.97, -28.08, -25.62, -22.61, -19.19, -15.45, -11.54, -7.55, -3.482, 0.665, 4.727, 8.71, 12.4, 15.625, 18.27, 20.36, 21.86, 23.0, 23.72, 24.02, 23.69, 22.83, 21.31, 19.4, 17.0, 14.66, 12.27, 10.016, 8.13, 6.668, 5.89, 5.586, 5.5, 5.426, 5.27, 4.965, 4.59, 4.223, 3.75, 2.99, 1.883, 0.3374, -1.529, -3.506, -5.47, -7.28, -8.91, -10.125, -10.5, -9.77, -7.867, -4.875, -1.123, 3.182, 7.66, 11.766, 14.84, 16.62, 16.8, 15.79, 13.984, 11.82, 9.53, 7.195, 4.953, 2.92, 1.447, 0.782, 0.931, 1.719, 2.77
3.238, 3.693, 3.611, 3.1, 2.172, 0.8784, -0.5474, -1.767, -2.578, -2.895, -2.684, -1.946, -0.8735, 0.2231, 1.044, 1.34, 0.9146, -0.1356, -1.3955, -2.455, -3.031, -3.172, -3.084, -2.764, -2.104, -0.9224, 0.747, 2.697, 4.645, 6.406, 7.867, 8.914, 9.64, 10.05, 10.19, 9.99, 9.586, 8.98, 8.27, 7.516, 6.57, 5.367, 3.953, 2.432, 0.9116, -0.425, -1.504, -2.389, -3.068, -3.51, -3.486, -2.812, -1.604, -0.1788, 0.978, 1.412, 0.966, -0.1649, -1.684, -3.373, -5.02, -6.473, -7.707, -8.57, -8.89, -8.66, -7.98, -7.082, -6.297, -5.71, -5.195, -4.664, -4.11, -3.854, -4.254, -5.41, -7.203, -9.5, -12.164, -15.13, -18.27, -21.2, -23.7, -25.64, -26.84, -27.39, -27.03, -25.48, -22.6, -18.67, -13.97, -9.03, -4.117, 0.2593, 3.855, 6.31, 7.676, 8.16, 8.05, 7.703, 7.133, 6.332, 5.367, 4.234, 3.197, 2.424, 1.871, 1.394, 0.901, 0.3145, -0.352, -1.183, -2.256, -3.617, -5.535, -7.86, -10.42, -13.26, -16.2, -19.11, -21.9, -24.45, -26.66, -28.45, -29.95, -31.17, -32.03, -32.28, -31.89, -30.8, -29.05, -26.78, -24.1, -20.88, -17.36, -13.64, -9.8, -5.79, -1.819, 2.213, 6.324, 10.195, 13.68, 16.56, 18.88, 20.58, 21.94, 22.88, 23.33, 23.11, 22.3, 20.73, 18.77, 16.34, 13.91, 11.38, 9.08, 7.016, 5.445, 4.61, 4.25, 4.145, 4.105, 3.893, 3.54, 3.152, 2.777, 2.367, 1.741, 0.769, -0.6377, -2.375, -4.223, -6.04, -7.734, -9.234, -10.31, -10.62, -9.85, -7.875, -4.855, -0.985, 3.408, 8.01, 12.3, 15.555, 17.34, 17.53, 16.52, 14.734, 12.52, 10.11, 7.594, 5.09, 2.82, 1.155, 0.3948, 0.5063, 1.274, 2.326
2.717, 3.285, 3.328, 2.918, 2.055, 0.855, -0.4578, -1.545, -2.215, -2.39, -2.127, -1.373, -0.2717, 0.847, 1.679, 1.956, 1.514, 0.4302, -0.9087, -2.104, -2.875, -3.188, -3.25, -3.066, -2.516, -1.478, 0.0581, 1.901, 3.807, 5.582, 7.113, 8.27, 9.09, 9.62, 9.79, 9.586, 9.07, 8.4, 7.688, 6.926, 6.05, 4.906, 3.469, 1.856, 0.282, -1.07, -2.072, -2.738, -3.16, -3.332, -3.098, -2.32, -1.077, 0.3687, 1.522, 1.9795, 1.585, 0.5005, -1.051, -2.82, -4.633, -6.258, -7.613, -8.59, -9.09, -9.086, -8.664, -7.973, -7.31, -6.7, -6.105, -5.47, -4.81, -4.438, -4.727, -5.82, -7.57, -9.78, -12.34, -15.18, -18.23, -21.12, -23.61, -25.61, -26.94, -27.58, -27.16, -25.45, -22.36, -18.14, -13.19, -8.04, -3.102, 1.198, 4.64, 6.926, 8.15, 8.55, 8.35, 8.0, 7.48, 6.766, 5.81, 4.727, 3.717, 3.02, 2.584, 2.172, 1.671, 1.077, 0.4072, -0.4026, -1.423, -2.803, -4.734, -7.07, -9.63, -12.375, -15.22, -18.03, -20.75, -23.34, -25.66, -27.73, -29.52, -31.0, -32.03, -32.38, -32.12, -31.31, -29.84, -27.95, -25.6, -22.66, -19.34, -15.695, -12.016, -8.15, -4.246, -0.1938, 3.94, 7.88, 11.51, 14.64, 17.19, 19.2, 20.7, 21.77, 22.38, 22.25, 21.5, 20.05, 18.12, 15.83, 13.32, 10.8, 8.375, 6.21, 4.527, 3.465, 2.943, 2.701, 2.549, 2.275, 1.954, 1.671, 1.448, 1.176, 0.661, -0.2413, -1.552, -3.16, -4.887, -6.523, -8.055, -9.42, -10.42, -10.68, -9.94, -7.97, -4.84, -0.791, 3.805, 8.52, 12.82, 16.06, 17.75, 17.94, 16.94, 15.234, 13.055, 10.64, 8.04, 5.35, 2.855, 0.959, -0.001722, -0.00661, 0.6934, 1.757
2.248, 2.951, 3.113, 2.795, 2.004, 0.8555, -0.3792, -1.397, -1.966, -2.006, -1.5625, -0.698, 0.4421, 1.569, 2.416, 2.693, 2.242, 1.209, -0.131, -1.436, -2.436, -3.03, -3.283, -3.188, -2.662, -1.68, -0.2181, 1.509, 3.3, 4.992, 6.496, 7.72, 8.65, 9.234, 9.48, 9.28, 8.7, 7.934, 7.137, 6.355, 5.492, 4.418, 3.066, 1.453, -0.2006, -1.602, -2.566, -3.045, -3.213, -3.111, -2.65, -1.703, -0.3535, 1.053, 2.098, 2.47, 2.08, 1.037, -0.4966, -2.238, -4.02, -5.645, -7.016, -8.15, -8.95, -9.33, -9.266, -8.87, -8.32, -7.688, -7.027, -6.312, -5.63, -5.266, -5.465, -6.453, -8.07, -10.086, -12.484, -15.125, -18.03, -20.88, -23.42, -25.48, -26.97, -27.73, -27.34, -25.58, -22.27, -17.64, -12.46, -7.23, -2.232, 2.057, 5.402, 7.586, 8.766, 9.08, 8.82, 8.41, 7.848, 7.1, 6.168, 5.145, 4.25, 3.656, 3.27, 2.865, 2.357, 1.746, 1.05, 0.3176, -0.6445, -2.041, -3.97, -6.324, -8.94, -11.6, -14.26, -16.89, -19.48, -22.05, -24.56, -26.94, -28.95, -30.66, -31.9, -32.4, -32.38, -31.77, -30.67, -29.16, -27.1, -24.42, -21.2, -17.67, -13.98, -10.266, -6.434, -2.404, 1.73, 5.684, 9.41, 12.74, 15.53, 17.77, 19.52, 20.75, 21.38, 21.38, 20.75, 19.45, 17.66, 15.445, 12.945, 10.43, 7.93, 5.664, 3.818, 2.504, 1.692, 1.186, 0.9146, 0.6396, 0.4375, 0.311, 0.248, 0.1794, -0.151, -0.9604, -2.23, -3.793, -5.45, -6.953, -8.36, -9.59, -10.5, -10.77, -10.08, -8.08, -4.805, -0.5806, 4.21, 9.05, 13.3, 16.38, 17.95, 18.12, 17.2, 15.56, 13.49, 11.08, 8.45, 5.69, 3.049, 0.9497, -0.2299, -0.4558, 0.129, 1.188
1.871, 2.773, 3.11, 2.855, 2.059, 0.85, -0.4282, -1.447, -1.954, -1.809, -1.117, -0.0337, 1.232, 2.416, 3.277, 3.55, 3.07, 2.057, 0.734, -0.646, -1.843, -2.658, -3.057, -3.021, -2.504, -1.516, -0.1237, 1.489, 3.104, 4.63, 6.008, 7.223, 8.195, 8.875, 9.164, 9.01, 8.42, 7.574, 6.656, 5.78, 4.867, 3.85, 2.568, 1.027, -0.602, -2.014, -2.934, -3.303, -3.256, -2.885, -2.178, -0.995, 0.4563, 1.817, 2.732, 2.99, 2.547, 1.499, 0.04535, -1.571, -3.205, -4.72, -6.066, -7.355, -8.51, -9.35, -9.73, -9.63, -9.26, -8.625, -7.957, -7.27, -6.688, -6.41, -6.605, -7.48, -8.86, -10.6, -12.734, -15.21, -17.98, -20.78, -23.38, -25.48, -26.97, -27.69, -27.31, -25.44, -22.0, -17.2, -11.8, -6.406, -1.467, 2.77, 6.004, 8.11, 9.22, 9.5, 9.195, 8.664, 8.02, 7.242, 6.367, 5.457, 4.72, 4.27, 3.979, 3.604, 3.06, 2.414, 1.752, 1.053, 0.0887, -1.31, -3.18, -5.527, -8.12, -10.66, -13.19, -15.68, -18.2, -20.8, -23.47, -26.06, -28.5, -30.4, -31.77, -32.4, -32.5, -32.12, -31.42, -30.27, -28.42, -25.92, -22.88, -19.34, -15.76, -12.055, -8.23, -4.207, -0.1323, 3.865, 7.64, 11.055, 13.99, 16.44, 18.38, 19.81, 20.66, 20.83, 20.27, 19.06, 17.33, 15.17, 12.74, 10.26, 7.707, 5.31, 3.287, 1.731, 0.6895, 0.009995, -0.374, -0.63, -0.735, -0.6846, -0.567, -0.497, -0.705, -1.51, -2.791, -4.395, -6.03, -7.535, -8.805, -9.945, -10.805, -11.11, -10.42, -8.38, -4.95, -0.4688, 4.55, 9.45, 13.586, 16.44, 17.98, 18.25, 17.45, 15.85, 13.81, 11.38, 8.73, 5.96, 3.297, 1.062, -0.3582, -0.8237, -0.376, 0.6606
1.487, 2.654, 3.2, 3.033, 2.186, 0.823, -0.593, -1.692, -2.168, -1.8545, -0.855, 0.5522, 2.033, 3.312, 4.156, 4.4, 3.904, 2.887, 1.571, 0.1517, -1.163, -2.102, -2.604, -2.633, -2.146, -1.191, 0.1132, 1.552, 2.98, 4.348, 5.61, 6.785, 7.766, 8.46, 8.734, 8.58, 8.016, 7.16, 6.2, 5.21, 4.223, 3.188, 1.969, 0.5356, -0.9976, -2.336, -3.2, -3.559, -3.434, -2.89, -1.922, -0.4912, 1.11, 2.496, 3.4, 3.611, 3.12, 2.04, 0.649, -0.8467, -2.352, -3.816, -5.223, -6.652, -8.07, -9.27, -10.01, -10.2, -9.97, -9.41, -8.8, -8.26, -7.914, -7.832, -8.15, -8.875, -9.97, -11.37, -13.18, -15.47, -18.12, -20.95, -23.53, -25.55, -26.95, -27.52, -26.92, -24.9, -21.38, -16.61, -11.22, -5.8, -0.8623, 3.268, 6.375, 8.41, 9.46, 9.74, 9.46, 8.83, 8.12, 7.31, 6.492, 5.742, 5.188, 4.89, 4.645, 4.305, 3.791, 3.19, 2.578, 1.886, 0.922, -0.5107, -2.389, -4.645, -7.152, -9.64, -12.11, -14.54, -17.0, -19.6, -22.38, -25.22, -27.92, -30.1, -31.52, -32.25, -32.47, -32.4, -32.03, -31.25, -29.66, -27.27, -24.28, -20.84, -17.28, -13.68, -9.83, -5.79, -1.687, 2.33, 6.168, 9.586, 12.67, 15.31, 17.48, 19.12, 20.12, 20.45, 20.05, 18.94, 17.34, 15.26, 12.84, 10.29, 7.66, 5.176, 3.064, 1.365, 0.1547, -0.6133, -1.058, -1.27, -1.284, -1.083, -0.9336, -0.893, -1.203, -2.07, -3.408, -5.11, -6.836, -8.4, -9.66, -10.72, -11.45, -11.63, -10.805, -8.69, -5.17, -0.6147, 4.46, 9.28, 13.336, 16.3, 17.94, 18.34, 17.66, 16.11, 13.945, 11.34, 8.56, 5.79, 3.21, 1.016, -0.51, -1.149, -0.8394, 0.1492
1.003, 2.38, 3.15, 3.107, 2.252, 0.784, -0.7476, -1.928, -2.41, -1.965, -0.687, 1.047, 2.793, 4.195, 5.035, 5.24, 4.75, 3.71, 2.39, 0.9404, -0.4243, -1.455, -2.023, -2.135, -1.744, -0.916, 0.1742, 1.396, 2.65, 3.94, 5.168, 6.312, 7.25, 7.855, 8.07, 7.887, 7.367, 6.61, 5.66, 4.633, 3.598, 2.504, 1.337, 0.03482, -1.346, -2.559, -3.436, -3.893, -3.838, -3.22, -2.033, -0.4253, 1.332, 2.875, 3.895, 4.207, 3.785, 2.738, 1.335, -0.1864, -1.718, -3.2, -4.71, -6.27, -7.78, -9.164, -10.1, -10.555, -10.48, -10.05, -9.59, -9.29, -9.195, -9.39, -9.83, -10.43, -11.2, -12.26, -13.81, -15.93, -18.58, -21.31, -23.84, -25.72, -26.94, -27.2, -26.38, -24.2, -20.61, -15.77, -10.42, -5.01, -0.176, 3.797, 6.8, 8.73, 9.664, 9.88, 9.6, 8.96, 8.24, 7.523, 6.805, 6.152, 5.74, 5.52, 5.29, 4.98, 4.535, 4.023, 3.48, 2.797, 1.8545, 0.434, -1.416, -3.586, -6.0, -8.44, -10.91, -13.38, -15.98, -18.62, -21.53, -24.56, -27.33, -29.66, -31.2, -32.06, -32.47, -32.66, -32.56, -31.98, -30.66, -28.39, -25.48, -22.27, -18.81, -15.2, -11.37, -7.363, -3.166, 0.929, 4.66, 8.08, 11.31, 14.2, 16.72, 18.69, 19.94, 20.45, 20.14, 19.16, 17.66, 15.664, 13.28, 10.66, 7.97, 5.42, 3.273, 1.548, 0.2189, -0.5537, -0.9893, -1.119, -1.0625, -0.915, -0.9243, -1.123, -1.678, -2.697, -4.2, -6.03, -7.906, -9.58, -10.93, -11.98, -12.58, -12.54, -11.53, -9.195, -5.64, -1.059, 3.898, 8.65, 12.76, 15.81, 17.7, 18.27, 17.67, 16.1, 13.664, 10.77, 7.793, 5.03, 2.58, 0.54, -0.9126, -1.597, -1.388, -0.4302
0.3286, 1.901, 2.887, 2.97, 2.166, 0.749, -0.779, -1.963, -2.402, -1.8545, -0.421, 1.523, 3.45, 4.977, 5.87, 6.086, 5.64, 4.656, 3.334, 1.842, 0.398, -0.7505, -1.437, -1.642, -1.422, -0.8354, -0.03915, 0.9307, 2.043, 3.314, 4.59, 5.746, 6.613, 7.086, 7.19, 6.99, 6.56, 5.94, 5.086, 4.086, 2.998, 1.892, 0.787, -0.3762, -1.577, -2.719, -3.646, -4.28, -4.387, -3.78, -2.498, -0.7393, 1.177, 2.902, 4.176, 4.74, 4.527, 3.572, 2.086, 0.385, -1.313, -2.922, -4.523, -6.105, -7.598, -8.99, -10.05, -10.67, -10.85, -10.68, -10.445, -10.31, -10.39, -10.7, -11.19, -11.7, -12.29, -13.19, -14.52, -16.47, -19.06, -21.73, -24.16, -25.9, -26.8, -26.8, -25.64, -23.27, -19.53, -14.78, -9.45, -4.195, 0.519, 4.434, 7.312, 9.16, 10.03, 10.15, 9.83, 9.17, 8.49, 7.86, 7.312, 6.832, 6.504, 6.25, 5.945, 5.64, 5.31, 4.887, 4.39, 3.697, 2.76, 1.422, -0.335, -2.402, -4.71, -7.13, -9.63, -12.16, -14.87, -17.66, -20.64, -23.75, -26.56, -28.97, -30.66, -31.7, -32.4, -32.84, -33.03, -32.72, -31.53, -29.47, -26.72, -23.62, -20.4, -17.02, -13.26, -9.25, -5.03, -0.9263, 2.844, 6.38, 9.75, 12.984, 15.836, 18.14, 19.64, 20.39, 20.33, 19.58, 18.2, 16.3, 14.016, 11.41, 8.76, 6.246, 4.137, 2.436, 1.104, 0.2893, -0.1489, -0.269, -0.337, -0.4607, -0.745, -1.289, -2.162, -3.43, -5.11, -7.1, -9.15, -11.02, -12.516, -13.54, -13.97, -13.63, -12.32, -9.83, -6.277, -1.83, 3.014, 7.707, 11.9, 15.12, 17.19, 17.97, 17.48, 15.766, 13.05, 9.836, 6.645, 3.848, 1.491, -0.3738, -1.703, -2.354, -2.2, -1.219
-0.574, 1.1455, 2.314, 2.594, 1.962, 0.7446, -0.6055, -1.657, -2.02, -1.433, 0.02338, 1.999, 4.03, 5.695, 6.645, 6.902, 6.555, 5.64, 4.336, 2.828, 1.295, 0.01788, -0.839, -1.224, -1.206, -0.919, -0.4421, 0.2861, 1.298, 2.537, 3.896, 5.09, 5.902, 6.29, 6.316, 6.145, 5.863, 5.375, 4.61, 3.615, 2.512, 1.403, 0.3208, -0.7476, -1.832, -2.875, -3.809, -4.543, -4.76, -4.23, -2.91, -1.05, 0.953, 2.828, 4.316, 5.17, 5.164, 4.285, 2.744, 0.8926, -0.99, -2.732, -4.36, -5.875, -7.324, -8.69, -9.836, -10.695, -11.195, -11.35, -11.32, -11.234, -11.27, -11.59, -12.055, -12.58, -13.16, -13.93, -15.164, -17.05, -19.52, -22.19, -24.52, -26.12, -26.7, -26.3, -24.83, -22.16, -18.38, -13.66, -8.5, -3.398, 1.224, 5.086, 7.957, 9.73, 10.54, 10.555, 10.14, 9.44, 8.8, 8.23, 7.902, 7.594, 7.3, 6.97, 6.594, 6.26, 5.992, 5.637, 5.145, 4.45, 3.537, 2.29, 0.6465, -1.255, -3.492, -5.895, -8.414, -10.93, -13.695, -16.6, -19.61, -22.78, -25.66, -28.1, -29.9, -31.25, -32.2, -33.0, -33.5, -33.4, -32.4, -30.44, -27.97, -25.1, -22.14, -18.83, -15.21, -11.23, -7.016, -2.918, 0.902, 4.496, 7.984, 11.414, 14.625, 17.25, 19.16, 20.22, 20.47, 20.0, 18.94, 17.28, 15.11, 12.65, 10.086, 7.715, 5.707, 4.094, 2.824, 1.88, 1.284, 0.9517, 0.607, 0.1619, -0.486, -1.429, -2.656, -4.22, -6.12, -8.305, -10.49, -12.516, -14.086, -15.06, -15.31, -14.74, -13.195, -10.58, -7.004, -2.688, 2.072, 6.81, 11.01, 14.34, 16.55, 17.39, 16.86, 15.04, 12.19, 8.74, 5.37, 2.457, 0.1571, -1.584, -2.8, -3.375, -3.22, -2.215
-1.559, 0.2576, 1.559, 2.066, 1.692, 0.7744, -0.3098, -1.181, -1.432, -0.8335, 0.562, 2.45, 4.47, 6.195, 7.273, 7.594, 7.31, 6.492, 5.254, 3.756, 2.174, 0.7676, -0.2585, -0.867, -1.094, -1.043, -0.7603, -0.2095, 0.697, 1.881, 3.217, 4.414, 5.21, 5.582, 5.656, 5.58, 5.39, 4.984, 4.234, 3.174, 2.016, 0.8496, -0.2527, -1.292, -2.297, -3.22, -4.043, -4.668, -4.82, -4.254, -2.914, -1.05, 0.9595, 2.861, 4.445, 5.395, 5.46, 4.65, 3.15, 1.304, -0.5713, -2.295, -3.875, -5.344, -6.773, -8.17, -9.48, -10.65, -11.54, -12.0, -12.11, -11.945, -11.91, -12.17, -12.61, -13.07, -13.664, -14.414, -15.66, -17.62, -20.05, -22.62, -24.83, -26.31, -26.66, -25.95, -24.12, -21.17, -17.28, -12.555, -7.516, -2.588, 1.947, 5.758, 8.62, 10.35, 11.1, 11.02, 10.46, 9.73, 9.09, 8.63, 8.414, 8.28, 8.09, 7.777, 7.375, 6.94, 6.617, 6.26, 5.74, 5.01, 4.074, 2.922, 1.45, -0.303, -2.371, -4.69, -7.168, -9.78, -12.516, -15.43, -18.52, -21.61, -24.5, -26.95, -28.97, -30.45, -31.84, -33.0, -33.78, -33.8, -32.94, -31.16, -28.86, -26.27, -23.47, -20.45, -17.0, -13.125, -8.97, -4.906, -1.071, 2.6, 6.184, 9.836, 13.266, 16.27, 18.45, 19.89, 20.58, 20.52, 19.78, 18.45, 16.5, 14.266, 11.93, 9.81, 7.977, 6.5, 5.215, 4.11, 3.23, 2.55, 1.804, 0.973, -0.08875, -1.433, -3.041, -4.973, -7.19, -9.6, -11.99, -14.055, -15.6, -16.45, -16.52, -15.7, -14.05, -11.4, -7.836, -3.564, 1.19, 5.96, 10.17, 13.484, 15.56, 16.34, 15.8, 13.914, 11.04, 7.59, 4.15, 1.196, -1.149, -2.896, -4.05, -4.56, -4.33, -3.248
-2.467, -0.518, 0.8936, 1.584, 1.469, 0.8076, -0.03062, -0.7573, -0.961, -0.3826, 0.9194, 2.705, 4.703, 6.51, 7.723, 8.16, 7.9, 7.117, 5.957, 4.54, 2.996, 1.516, 0.3164, -0.511, -0.9575, -1.071, -0.8945, -0.4277, 0.3728, 1.443, 2.646, 3.766, 4.555, 4.996, 5.168, 5.16, 5.0, 4.582, 3.78, 2.652, 1.408, 0.1725, -0.9893, -2.053, -3.006, -3.81, -4.453, -4.8, -4.688, -3.947, -2.545, -0.6904, 1.299, 3.14, 4.59, 5.418, 5.42, 4.637, 3.271, 1.637, -0.01872, -1.598, -3.09, -4.57, -6.156, -7.746, -9.27, -10.75, -11.94, -12.62, -12.82, -12.69, -12.65, -12.86, -13.3, -13.75, -14.27, -15.055, -16.31, -18.28, -20.72, -23.22, -25.27, -26.55, -26.72, -25.78, -23.66, -20.45, -16.36, -11.586, -6.53, -1.6, 2.89, 6.57, 9.29, 11.01, 11.65, 11.414, 10.766, 10.016, 9.49, 9.22, 9.125, 9.04, 8.91, 8.58, 8.18, 7.754, 7.336, 6.867, 6.22, 5.406, 4.445, 3.379, 2.068, 0.4604, -1.462, -3.69, -6.11, -8.734, -11.41, -14.27, -17.34, -20.38, -23.28, -25.88, -27.98, -29.7, -31.31, -32.7, -33.62, -33.8, -33.0, -31.4, -29.38, -27.0, -24.44, -21.61, -18.33, -14.65, -10.63, -6.625, -2.84, 0.8867, 4.594, 8.32, 11.94, 15.14, 17.69, 19.48, 20.56, 20.98, 20.61, 19.66, 18.06, 16.16, 14.26, 12.484, 10.875, 9.43, 8.1, 6.836, 5.617, 4.484, 3.285, 2.01, 0.5015, -1.305, -3.36, -5.72, -8.33, -11.016, -13.62, -15.72, -17.12, -17.73, -17.52, -16.55, -14.78, -12.15, -8.65, -4.297, 0.5146, 5.277, 9.414, 12.49, 14.305, 14.914, 14.234, 12.42, 9.66, 6.363, 3.035, 0.0796, -2.328, -4.098, -5.242, -5.7, -5.387, -4.234
-3.262, -1.174, 0.4534, 1.305, 1.35, 0.8066, 0.04514, -0.616, -0.8315, -0.3289, 0.882, 2.695, 4.816, 6.754, 8.08, 8.61, 8.4, 7.645, 6.547, 5.203, 3.748, 2.264, 0.9604, -0.0657, -0.7354, -1.019, -0.9175, -0.4915, 0.2084, 1.146, 2.182, 3.17, 3.95, 4.44, 4.664, 4.67, 4.473, 3.99, 3.164, 2.057, 0.798, -0.5034, -1.767, -2.928, -3.906, -4.652, -5.062, -5.094, -4.65, -3.646, -2.098, -0.1882, 1.785, 3.479, 4.676, 5.242, 5.113, 4.344, 3.176, 1.849, 0.4944, -0.8657, -2.314, -3.932, -5.703, -7.543, -9.33, -11.01, -12.4, -13.25, -13.56, -13.66, -13.695, -13.94, -14.414, -14.92, -15.39, -16.12, -17.3, -19.17, -21.47, -23.88, -25.69, -26.75, -26.81, -25.67, -23.31, -19.8, -15.44, -10.35, -5.164, -0.1743, 4.188, 7.65, 10.13, 11.6, 12.086, 11.77, 11.195, 10.51, 10.125, 9.984, 9.98, 9.97, 9.85, 9.5, 9.05, 8.586, 8.055, 7.42, 6.637, 5.727, 4.703, 3.672, 2.533, 1.087, -0.7393, -2.857, -5.23, -7.72, -10.35, -13.12, -16.08, -19.12, -22.11, -24.73, -27.03, -28.98, -30.73, -32.2, -33.1, -33.28, -32.6, -31.3, -29.48, -27.42, -25.1, -22.44, -19.34, -15.73, -11.87, -7.97, -4.285, -0.536, 3.182, 7.062, 10.8, 14.14, 16.9, 19.03, 20.5, 21.28, 21.44, 20.83, 19.7, 18.2, 16.66, 15.27, 13.94, 12.58, 11.22, 9.72, 8.12, 6.555, 4.895, 3.111, 1.135, -1.197, -3.746, -6.57, -9.51, -12.53, -15.305, -17.42, -18.67, -18.97, -18.44, -17.28, -15.46, -12.836, -9.305, -4.875, -0.04672, 4.62, 8.555, 11.27, 12.74, 13.125, 12.37, 10.586, 7.94, 4.844, 1.661, -1.23, -3.58, -5.285, -6.36, -6.73, -6.363, -5.113
-3.947, -1.716, 0.0862, 1.044, 1.124, 0.602, -0.1722, -0.8496, -1.088, -0.6094, 0.6567, 2.578, 4.887, 6.98, 8.43, 9.055, 8.914, 8.18, 7.125, 5.88, 4.516, 3.09, 1.727, 0.5444, -0.3828, -0.933, -0.9937, -0.65, -0.03745, 0.768, 1.653, 2.535, 3.285, 3.795, 4.04, 4.016, 3.77, 3.262, 2.447, 1.432, 0.2379, -1.081, -2.441, -3.754, -4.824, -5.527, -5.773, -5.547, -4.83, -3.574, -1.874, 0.11273, 2.076, 3.676, 4.67, 5.02, 4.74, 4.004, 3.018, 1.96, 0.874, -0.335, -1.79, -3.543, -5.523, -7.562, -9.516, -11.375, -12.88, -13.836, -14.41, -14.72, -14.95, -15.42, -16.02, -16.6, -17.05, -17.62, -18.7, -20.38, -22.42, -24.47, -26.08, -26.9, -26.75, -25.4, -22.78, -18.97, -14.16, -8.8, -3.432, 1.534, 5.75, 8.914, 11.055, 12.18, 12.45, 12.18, 11.78, 11.27, 11.03, 11.016, 11.12, 11.17, 10.984, 10.57, 10.07, 9.516, 8.85, 8.03, 7.08, 6.016, 4.926, 3.912, 2.86, 1.557, -0.1295, -2.14, -4.4, -6.746, -9.164, -11.87, -14.77, -17.73, -20.77, -23.53, -26.03, -28.27, -30.1, -31.5, -32.34, -32.47, -31.97, -30.86, -29.38, -27.7, -25.67, -23.17, -20.2, -16.66, -12.87, -9.04, -5.31, -1.61, 2.092, 5.883, 9.625, 13.086, 16.08, 18.42, 20.23, 21.38, 21.97, 21.86, 21.12, 20.06, 18.92, 17.88, 16.73, 15.54, 14.14, 12.44, 10.59, 8.586, 6.547, 4.277, 1.721, -1.195, -4.27, -7.58, -10.83, -14.09, -17.0, -19.12, -20.2, -20.19, -19.36, -18.0, -16.06, -13.36, -9.73, -5.28, -0.528, 3.95, 7.516, 9.82, 10.99, 11.15, 10.234, 8.414, 5.78, 2.777, -0.3547, -3.104, -5.285, -6.74, -7.605, -7.773, -7.312, -5.934
-4.637, -2.262, -0.3665, 0.6265, 0.6826, 0.1296, -0.646, -1.279, -1.458, -0.925, 0.4478, 2.521, 4.926, 7.113, 8.664, 9.39, 9.32, 8.73, 7.793, 6.668, 5.402, 4.062, 2.676, 1.318, 0.11597, -0.739, -1.068, -0.9414, -0.4834, 0.1779, 0.9395, 1.766, 2.518, 3.07, 3.322, 3.268, 2.984, 2.473, 1.745, 0.8633, -0.2017, -1.495, -2.934, -4.36, -5.516, -6.24, -6.426, -6.086, -5.195, -3.775, -1.941, 0.1251, 2.066, 3.594, 4.52, 4.797, 4.496, 3.793, 2.928, 2.023, 1.085, -0.01383, -1.478, -3.344, -5.457, -7.633, -9.69, -11.64, -13.234, -14.43, -15.22, -15.76, -16.31, -17.02, -17.77, -18.4, -18.8, -19.36, -20.27, -21.62, -23.36, -25.03, -26.27, -26.73, -26.31, -24.78, -21.84, -17.67, -12.56, -6.96, -1.423, 3.508, 7.42, 10.21, 11.93, 12.79, 12.95, 12.78, 12.54, 12.3, 12.21, 12.31, 12.44, 12.43, 12.18, 11.72, 11.1, 10.45, 9.69, 8.69, 7.574, 6.363, 5.273, 4.273, 3.23, 1.988, 0.4165, -1.434, -3.5, -5.695, -8.01, -10.56, -13.31, -16.3, -19.34, -22.33, -24.97, -27.4, -29.3, -30.62, -31.38, -31.53, -31.19, -30.39, -29.33, -27.95, -26.22, -23.89, -21.05, -17.6, -13.94, -10.14, -6.473, -2.787, 0.9526, 4.766, 8.445, 11.97, 15.09, 17.66, 19.78, 21.28, 22.27, 22.53, 22.28, 21.69, 20.94, 20.16, 19.31, 18.22, 16.8, 15.02, 12.945, 10.62, 8.13, 5.406, 2.4, -1.005, -4.58, -8.38, -12.05, -15.555, -18.6, -20.7, -21.69, -21.42, -20.34, -18.77, -16.64, -13.76, -10.016, -5.55, -0.9316, 3.258, 6.418, 8.39, 9.22, 9.12, 8.04, 6.07, 3.328, 0.2117, -2.934, -5.582, -7.53, -8.67, -9.195, -9.06, -8.336, -6.82
-5.48, -2.93, -0.9814, 0.00465, 0.0764, -0.4448, -1.1455, -1.6455, -1.686, -1.041, 0.4136, 2.545, 4.93, 7.047, 8.59, 9.39, 9.51, 9.1, 8.37, 7.44, 6.35, 5.117, 3.738, 2.234, 0.793, -0.3494, -1.01, -1.187, -0.956, -0.4548, 0.2173, 0.9956, 1.763, 2.377, 2.658, 2.596, 2.303, 1.828, 1.172, 0.3965, -0.6084, -1.897, -3.361, -4.812, -5.99, -6.684, -6.844, -6.44, -5.453, -3.947, -2.09, -0.04718, 1.833, 3.297, 4.215, 4.53, 4.312, 3.693, 2.887, 2.014, 1.112, 0.0655, -1.324, -3.154, -5.285, -7.523, -9.695, -11.71, -13.47, -14.88, -15.92, -16.73, -17.56, -18.44, -19.3, -19.95, -20.47, -20.92, -21.72, -22.88, -24.31, -25.58, -26.34, -26.47, -25.61, -23.78, -20.53, -16.02, -10.62, -4.832, 0.683, 5.383, 8.984, 11.445, 12.84, 13.44, 13.55, 13.516, 13.49, 13.55, 13.59, 13.74, 13.78, 13.6, 13.25, 12.71, 12.0, 11.25, 10.38, 9.24, 7.99, 6.715, 5.582, 4.566, 3.572, 2.443, 1.01, -0.692, -2.54, -4.57, -6.78, -9.16, -11.82, -14.79, -17.92, -20.95, -23.78, -26.33, -28.39, -29.75, -30.53, -30.77, -30.62, -30.05, -29.3, -28.22, -26.72, -24.6, -21.94, -18.69, -15.14, -11.48, -7.766, -4.117, -0.4434, 3.34, 7.047, 10.586, 13.76, 16.47, 18.88, 20.75, 22.11, 22.86, 23.11, 22.95, 22.62, 22.19, 21.58, 20.64, 19.28, 17.48, 15.19, 12.62, 9.76, 6.594, 3.115, -0.6772, -4.723, -8.92, -12.92, -16.64, -19.7, -21.78, -22.73, -22.45, -21.23, -19.36, -16.94, -13.81, -10.01, -5.676, -1.311, 2.457, 5.25, 6.957, 7.56, 7.26, 5.977, 3.73, 0.7183, -2.576, -5.754, -8.29, -10.055, -10.945, -11.15, -10.69, -9.63, -7.832
-6.5, -3.785, -1.663, -0.571, -0.4224, -0.836, -1.411, -1.748, -1.622, -0.8945, 0.5312, 2.533, 4.766, 6.742, 8.2, 9.04, 9.3, 9.12, 8.64, 7.96, 7.086, 6.0, 4.67, 3.143, 1.572, 0.2318, -0.699, -1.18, -1.205, -0.8936, -0.3499, 0.336, 1.084, 1.736, 2.076, 2.07, 1.801, 1.307, 0.6733, -0.1263, -1.151, -2.436, -3.88, -5.242, -6.285, -6.87, -6.934, -6.45, -5.406, -3.902, -2.15, -0.2786, 1.44, 2.81, 3.75, 4.184, 4.145, 3.666, 2.87, 1.91, 0.9556, -0.003885, -1.24, -2.898, -4.934, -7.17, -9.43, -11.6, -13.51, -15.164, -16.45, -17.53, -18.56, -19.6, -20.58, -21.34, -21.92, -22.3, -23.0, -24.0, -25.16, -26.14, -26.53, -26.19, -24.94, -22.66, -19.05, -14.13, -8.49, -2.662, 2.715, 7.168, 10.414, 12.57, 13.766, 14.266, 14.51, 14.63, 14.8, 14.95, 15.055, 15.08, 15.0, 14.58, 14.055, 13.44, 12.68, 11.84, 10.91, 9.67, 8.31, 6.977, 5.785, 4.723, 3.771, 2.746, 1.514, 0.03183, -1.668, -3.506, -5.523, -7.81, -10.38, -13.31, -16.33, -19.36, -22.36, -24.98, -27.17, -28.8, -29.64, -30.03, -29.92, -29.61, -29.05, -28.2, -26.94, -25.08, -22.66, -19.69, -16.34, -12.836, -9.336, -5.727, -2.045, 1.625, 5.28, 8.81, 12.08, 14.97, 17.64, 19.89, 21.64, 22.81, 23.55, 23.94, 23.98, 23.88, 23.52, 22.77, 21.5, 19.66, 17.3, 14.5, 11.33, 7.793, 3.902, -0.286, -4.703, -9.2, -13.45, -17.25, -20.28, -22.4, -23.34, -23.0, -21.61, -19.38, -16.62, -13.39, -9.67, -5.67, -1.688, 1.758, 4.273, 5.727, 6.18, 5.605, 4.01, 1.411, -1.85, -5.27, -8.45, -10.94, -12.55, -13.25, -13.23, -12.516, -11.125, -9.05
-7.656, -4.68, -2.273, -0.9336, -0.6147, -0.8667, -1.291, -1.509, -1.291, -0.5645, 0.718, 2.482, 4.457, 6.27, 7.625, 8.47, 8.85, 8.84, 8.59, 8.11, 7.414, 6.47, 5.266, 3.86, 2.326, 0.9087, -0.2175, -0.9146, -1.183, -1.084, -0.728, -0.2017, 0.469, 1.13, 1.553, 1.631, 1.401, 0.9033, 0.1945, -0.7173, -1.81, -3.07, -4.414, -5.625, -6.484, -6.89, -6.805, -6.207, -5.125, -3.686, -2.076, -0.4373, 1.046, 2.293, 3.23, 3.807, 3.955, 3.605, 2.812, 1.779, 0.7773, -0.145, -1.247, -2.709, -4.57, -6.742, -9.07, -11.36, -13.47, -15.34, -16.9, -18.19, -19.42, -20.62, -21.78, -22.67, -23.31, -23.62, -24.14, -24.89, -25.92, -26.67, -26.84, -26.06, -24.33, -21.47, -17.31, -12.06, -6.13, -0.4023, 4.676, 8.73, 11.664, 13.61, 14.84, 15.47, 15.945, 16.16, 16.38, 16.5, 16.58, 16.44, 16.11, 15.445, 14.72, 13.93, 13.13, 12.266, 11.25, 9.95, 8.51, 7.09, 5.848, 4.785, 3.86, 2.951, 1.838, 0.585, -0.908, -2.617, -4.484, -6.617, -9.086, -11.8, -14.74, -17.75, -20.73, -23.47, -25.78, -27.6, -28.64, -29.11, -29.14, -28.92, -28.52, -27.8, -26.75, -25.16, -23.05, -20.39, -17.36, -14.09, -10.79, -7.35, -3.773, -0.1991, 3.424, 6.945, 10.164, 13.28, 16.12, 18.7, 20.8, 22.44, 23.6, 24.38, 24.92, 25.12, 25.03, 24.47, 23.34, 21.52, 19.08, 16.11, 12.625, 8.82, 4.613, 0.04486, -4.71, -9.414, -13.65, -17.28, -20.23, -22.33, -23.28, -22.92, -21.31, -18.8, -15.77, -12.47, -8.98, -5.363, -1.826, 1.269, 3.51, 4.76, 4.934, 3.973, 2.031, -0.831, -4.23, -7.68, -10.83, -13.24, -14.805, -15.48, -15.29, -14.34, -12.77, -10.445
-8.8, -5.414, -2.637, -0.9995, -0.4387, -0.5728, -0.9155, -1.1045, -0.939, -0.3328, 0.751, 2.275, 4.062, 5.79, 7.13, 7.99, 8.414, 8.49, 8.33, 7.953, 7.305, 6.45, 5.453, 4.27, 2.9, 1.525, 0.3188, -0.5664, -1.049, -1.161, -1.01, -0.6553, -0.1255, 0.4797, 0.9336, 1.117, 0.965, 0.4705, -0.301, -1.292, -2.447, -3.66, -4.86, -5.902, -6.594, -6.84, -6.625, -5.945, -4.867, -3.516, -2.045, -0.5903, 0.68, 1.759, 2.643, 3.262, 3.57, 3.375, 2.68, 1.645, 0.622, -0.2942, -1.329, -2.64, -4.33, -6.438, -8.83, -11.266, -13.56, -15.57, -17.27, -18.7, -20.1, -21.56, -22.94, -24.0, -24.6, -24.81, -25.06, -25.62, -26.45, -27.12, -27.1, -25.97, -23.67, -20.2, -15.445, -9.87, -3.92, 1.625, 6.438, 10.195, 12.91, 14.78, 16.12, 16.98, 17.62, 17.88, 18.0, 18.0, 17.9, 17.61, 17.05, 16.19, 15.26, 14.29, 13.38, 12.48, 11.43, 10.1, 8.6, 7.098, 5.84, 4.84, 3.988, 3.15, 2.137, 0.9907, -0.322, -1.874, -3.607, -5.6, -7.92, -10.47, -13.25, -16.14, -18.98, -21.75, -24.23, -26.16, -27.38, -27.98, -28.06, -27.9, -27.53, -26.94, -26.08, -24.88, -23.05, -20.73, -18.03, -15.055, -11.945, -8.7, -5.277, -1.846, 1.655, 5.047, 8.33, 11.48, 14.55, 17.28, 19.62, 21.55, 23.11, 24.23, 25.12, 25.69, 25.84, 25.45, 24.4, 22.6, 20.16, 17.06, 13.445, 9.41, 4.926, 0.1025, -4.855, -9.59, -13.7, -17.11, -19.81, -21.7, -22.56, -22.2, -20.47, -17.75, -14.484, -11.18, -7.938, -4.723, -1.652, 1.03, 2.998, 3.92, 3.66, 2.28, -0.1027, -3.22, -6.668, -10.086, -13.125, -15.45, -16.94, -17.56, -17.28, -16.17, -14.45, -11.91
-9.85, -6.047, -2.877, -0.917, -0.1437, -0.1893, -0.534, -0.8228, -0.822, -0.3867, 0.5547, 1.952, 3.65, 5.348, 6.723, 7.6, 8.08, 8.19, 8.06, 7.688, 7.074, 6.3, 5.465, 4.48, 3.291, 1.964, 0.687, -0.3335, -0.9673, -1.225, -1.235, -1.078, -0.7803, -0.342, 0.0963, 0.3696, 0.3362, -0.0736, -0.818, -1.808, -2.932, -4.066, -5.145, -6.05, -6.668, -6.867, -6.59, -5.86, -4.773, -3.467, -2.066, -0.713, 0.424, 1.323, 2.07, 2.666, 3.002, 2.908, 2.34, 1.434, 0.4949, -0.3833, -1.325, -2.531, -4.18, -6.3, -8.77, -11.32, -13.7, -15.86, -17.7, -19.23, -20.75, -22.4, -24.05, -25.22, -25.88, -25.94, -26.0, -26.31, -27.0, -27.42, -27.16, -25.56, -22.75, -18.67, -13.484, -7.566, -1.653, 3.695, 8.19, 11.64, 14.17, 16.11, 17.6, 18.7, 19.45, 19.7, 19.67, 19.53, 19.28, 18.77, 17.92, 16.83, 15.6, 14.49, 13.5, 12.54, 11.47, 10.164, 8.67, 7.18, 5.945, 5.008, 4.21, 3.428, 2.479, 1.36, 0.10144, -1.291, -2.875, -4.695, -6.855, -9.29, -11.88, -14.586, -17.31, -19.98, -22.4, -24.42, -25.81, -26.53, -26.72, -26.61, -26.3, -25.83, -25.16, -24.2, -22.73, -20.77, -18.39, -15.68, -12.8, -9.734, -6.52, -3.264, 0.09247, 3.297, 6.46, 9.59, 12.72, 15.51, 18.06, 20.19, 21.92, 23.34, 24.53, 25.4, 25.83, 25.56, 24.55, 22.73, 20.19, 17.02, 13.43, 9.38, 4.855, -0.05386, -5.03, -9.75, -13.75, -16.94, -19.34, -21.02, -21.69, -21.23, -19.38, -16.53, -13.195, -9.9, -6.777, -3.822, -1.08, 1.187, 2.715, 3.135, 2.352, 0.4885, -2.354, -5.75, -9.305, -12.75, -15.695, -17.95, -19.34, -19.8, -19.38, -18.1, -16.17, -13.37
-10.87, -6.69, -3.193, -0.9814, -0.04797, -0.01999, -0.372, -0.76, -0.9204, -0.652, 0.2007, 1.555, 3.238, 4.94, 6.32, 7.207, 7.723, 7.906, 7.84, 7.5, 6.934, 6.305, 5.62, 4.773, 3.645, 2.293, 0.9336, -0.2017, -0.9463, -1.302, -1.43, -1.465, -1.407, -1.18, -0.83, -0.5312, -0.4612, -0.7676, -1.439, -2.328, -3.324, -4.37, -5.38, -6.21, -6.79, -6.984, -6.656, -5.836, -4.742, -3.482, -2.17, -0.883, 0.2206, 1.065, 1.687, 2.12, 2.344, 2.256, 1.813, 1.115, 0.3691, -0.394, -1.28, -2.451, -4.09, -6.23, -8.734, -11.4, -13.945, -16.2, -18.16, -19.78, -21.39, -23.1, -24.81, -26.17, -26.83, -26.86, -26.77, -27.0, -27.45, -27.48, -26.69, -24.73, -21.4, -16.81, -11.22, -5.184, 0.735, 5.97, 10.19, 13.38, 15.73, 17.73, 19.3, 20.52, 21.28, 21.44, 21.33, 21.0, 20.58, 19.9, 18.86, 17.52, 15.99, 14.62, 13.48, 12.46, 11.32, 10.04, 8.66, 7.3, 6.17, 5.33, 4.582, 3.809, 2.87, 1.793, 0.6006, -0.695, -2.146, -3.846, -5.867, -8.13, -10.55, -13.09, -15.64, -18.17, -20.52, -22.48, -23.97, -24.88, -25.16, -25.12, -24.89, -24.53, -24.0, -23.2, -22.05, -20.45, -18.4, -15.97, -13.336, -10.49, -7.47, -4.426, -1.396, 1.55, 4.57, 7.617, 10.625, 13.5, 16.11, 18.3, 20.11, 21.72, 23.08, 24.12, 24.72, 24.56, 23.58, 21.77, 19.23, 16.16, 12.8, 9.01, 4.69, -0.0773, -5.06, -9.836, -13.71, -16.78, -18.98, -20.47, -20.92, -20.23, -18.2, -15.3, -11.984, -8.66, -5.51, -2.666, -0.2358, 1.64, 2.64, 2.51, 1.191, -1.199, -4.516, -8.34, -12.27, -15.95, -18.97, -21.14, -22.3, -22.42, -21.66, -20.14, -17.86, -14.71
-11.62, -7.31, -3.717, -1.356, -0.2915, -0.175, -0.4927, -0.8906, -1.106, -0.94, -0.1736, 1.127, 2.771, 4.445, 5.75, 6.62, 7.168, 7.47, 7.53, 7.324, 6.918, 6.465, 5.973, 5.234, 4.137, 2.713, 1.184, -0.1044, -0.963, -1.38, -1.575, -1.746, -1.874, -1.853, -1.672, -1.438, -1.339, -1.556, -2.143, -2.912, -3.797, -4.766, -5.72, -6.492, -6.984, -7.086, -6.633, -5.758, -4.664, -3.521, -2.326, -1.109, 0.01945, 0.855, 1.365, 1.658, 1.772, 1.658, 1.305, 0.7944, 0.2216, -0.4475, -1.301, -2.469, -4.055, -6.086, -8.54, -11.24, -14.0, -16.53, -18.64, -20.38, -22.0, -23.72, -25.45, -26.88, -27.56, -27.62, -27.53, -27.67, -27.78, -27.36, -25.95, -23.34, -19.45, -14.484, -8.625, -2.496, 3.416, 8.61, 12.65, 15.695, 17.92, 19.77, 21.22, 22.36, 22.97, 23.06, 22.84, 22.36, 21.72, 20.86, 19.69, 18.17, 16.42, 14.83, 13.51, 12.336, 11.164, 9.9, 8.62, 7.367, 6.332, 5.598, 4.93, 4.19, 3.258, 2.219, 1.168, 0.05322, -1.266, -2.818, -4.707, -6.824, -9.08, -11.484, -13.93, -16.36, -18.62, -20.55, -22.08, -23.08, -23.5, -23.58, -23.4, -23.14, -22.69, -22.08, -21.22, -19.94, -18.17, -16.08, -13.695, -11.06, -8.35, -5.633, -2.904, -0.2039, 2.623, 5.484, 8.36, 11.19, 13.74, 15.945, 17.75, 19.39, 20.81, 22.02, 22.69, 22.62, 21.67, 19.94, 17.61, 14.83, 11.89, 8.516, 4.543, -0.0613, -4.95, -9.56, -13.48, -16.53, -18.7, -20.0, -20.22, -19.23, -17.1, -14.16, -10.86, -7.46, -4.266, -1.423, 0.8027, 2.318, 2.701, 1.941, 0.0345, -2.916, -6.742, -11.125, -15.58, -19.61, -22.83, -24.83, -25.66, -25.28, -24.05, -22.05, -19.3, -15.766
-12.266, -7.906, -4.367, -1.995, -0.832, -0.6045, -0.8145, -1.112, -1.265, -1.087, -0.4092, 0.774, 2.3, 3.83, 5.03, 5.89, 6.484, 6.875, 7.06, 7.027, 6.844, 6.645, 6.336, 5.75, 4.695, 3.191, 1.533, 0.10504, -0.838, -1.324, -1.625, -1.954, -2.258, -2.432, -2.432, -2.299, -2.215, -2.383, -2.86, -3.553, -4.344, -5.23, -6.117, -6.8, -7.15, -7.066, -6.516, -5.637, -4.625, -3.6, -2.494, -1.3125, -0.2141, 0.6104, 1.053, 1.267, 1.315, 1.202, 0.9487, 0.5703, 0.10065, -0.52, -1.386, -2.516, -4.0, -5.9, -8.22, -10.93, -13.81, -16.56, -18.98, -20.94, -22.73, -24.4, -26.06, -27.39, -28.12, -28.39, -28.38, -28.4, -28.14, -27.06, -24.94, -21.55, -17.06, -11.81, -5.75, 0.4224, 6.273, 11.375, 15.336, 18.3, 20.39, 22.05, 23.39, 24.3, 24.81, 24.72, 24.34, 23.61, 22.69, 21.61, 20.2, 18.6, 16.72, 15.04, 13.61, 12.305, 11.11, 9.86, 8.58, 7.414, 6.484, 5.805, 5.168, 4.453, 3.63, 2.684, 1.754, 0.831, -0.2556, -1.658, -3.357, -5.355, -7.55, -9.94, -12.36, -14.664, -16.81, -18.75, -20.3, -21.4, -21.98, -22.06, -21.86, -21.58, -21.23, -20.75, -20.11, -19.14, -17.75, -15.99, -13.86, -11.55, -9.19, -6.79, -4.426, -2.102, 0.4353, 3.086, 5.87, 8.56, 11.05, 13.16, 14.9, 16.53, 17.98, 19.2, 19.88, 19.94, 19.19, 17.73, 15.75, 13.37, 10.85, 7.93, 4.402, 0.0687, -4.598, -9.04, -12.88, -15.914, -18.11, -19.23, -19.22, -18.02, -15.766, -12.91, -9.63, -6.223, -2.88, 0.03583, 2.146, 3.197, 2.96, 1.473, -1.174, -4.78, -9.21, -14.164, -19.1, -23.53, -26.81, -28.69, -28.98, -28.06, -26.22, -23.58, -20.33, -16.56
-12.625, -8.39, -4.92, -2.596, -1.4375, -1.161, -1.25, -1.377, -1.367, -1.099, -0.467, 0.567, 1.864, 3.188, 4.28, 5.12, 5.74, 6.152, 6.414, 6.547, 6.58, 6.61, 6.543, 6.11, 5.12, 3.633, 1.9795, 0.524, -0.497, -1.136, -1.633, -2.178, -2.686, -3.008, -3.104, -3.035, -3.014, -3.19, -3.633, -4.234, -4.93, -5.668, -6.402, -6.98, -7.21, -7.004, -6.39, -5.527, -4.605, -3.666, -2.648, -1.577, -0.55, 0.2246, 0.6343, 0.8354, 0.8926, 0.8345, 0.6865, 0.4414, 0.02896, -0.602, -1.485, -2.635, -4.05, -5.83, -8.055, -10.7, -13.64, -16.56, -19.17, -21.4, -23.39, -25.12, -26.75, -28.0, -28.7, -29.03, -29.12, -29.02, -28.39, -26.8, -23.84, -19.7, -14.68, -9.05, -2.89, 3.314, 9.12, 14.055, 18.0, 20.9, 22.86, 24.42, 25.55, 26.34, 26.66, 26.39, 25.77, 24.78, 23.56, 22.25, 20.67, 19.0, 17.14, 15.39, 13.83, 12.46, 11.195, 9.93, 8.66, 7.508, 6.58, 5.91, 5.305, 4.63, 3.879, 3.084, 2.314, 1.584, 0.6934, -0.539, -2.115, -4.008, -6.15, -8.5, -10.9, -13.18, -15.3, -17.19, -18.73, -19.86, -20.42, -20.56, -20.34, -19.95, -19.55, -19.12, -18.67, -17.9, -16.86, -15.375, -13.57, -11.59, -9.61, -7.664, -5.793, -3.88, -1.699, 0.7236, 3.283, 5.844, 8.164, 10.125, 11.79, 13.32, 14.734, 15.93, 16.7, 16.94, 16.56, 15.47, 13.89, 11.94, 9.8, 7.195, 3.98, 0.071, -4.188, -8.266, -11.84, -14.79, -16.88, -17.86, -17.61, -16.25, -14.01, -11.234, -8.1, -4.66, -1.253, 1.698, 3.668, 4.285, 3.37, 1.019, -2.54, -6.996, -12.055, -17.45, -22.64, -27.19, -30.45, -32.0, -31.7, -30.1, -27.55, -24.39, -20.78, -16.81
-12.44, -8.414, -5.113, -2.951, -1.915, -1.701, -1.728, -1.666, -1.478, -1.112, -0.4653, 0.4558, 1.54, 2.688, 3.695, 4.496, 5.09, 5.48, 5.734, 5.926, 6.082, 6.293, 6.445, 6.195, 5.34, 3.988, 2.453, 1.054, -0.01776, -0.8555, -1.628, -2.412, -3.098, -3.502, -3.637, -3.656, -3.744, -4.004, -4.43, -4.938, -5.434, -5.99, -6.55, -6.992, -7.14, -6.9, -6.31, -5.523, -4.66, -3.754, -2.807, -1.867, -1.016, -0.3596, -0.0254, 0.1292, 0.238, 0.3025, 0.3398, 0.2551, -0.066, -0.6436, -1.497, -2.643, -4.11, -5.887, -8.01, -10.484, -13.34, -16.2, -18.97, -21.45, -23.62, -25.58, -27.19, -28.52, -29.22, -29.56, -29.61, -29.3, -28.28, -26.12, -22.56, -17.8, -12.25, -6.176, -0.06226, 5.953, 11.56, 16.39, 20.23, 23.08, 25.11, 26.62, 27.66, 28.25, 28.39, 27.95, 27.1, 25.88, 24.44, 22.8, 21.1, 19.38, 17.6, 15.82, 14.21, 12.76, 11.42, 10.12, 8.83, 7.664, 6.688, 5.945, 5.33, 4.656, 3.992, 3.352, 2.725, 2.129, 1.414, 0.3506, -1.084, -2.842, -4.83, -7.094, -9.45, -11.75, -13.88, -15.73, -17.28, -18.44, -19.02, -19.11, -18.77, -18.2, -17.6, -17.17, -16.75, -16.12, -15.26, -14.0, -12.49, -10.82, -9.17, -7.715, -6.312, -4.918, -3.244, -1.262, 0.9385, 3.223, 5.29, 7.066, 8.61, 10.06, 11.36, 12.58, 13.48, 13.984, 13.98, 13.36, 12.195, 10.63, 8.66, 6.258, 3.316, -0.1746, -3.883, -7.38, -10.516, -13.195, -15.12, -15.97, -15.54, -14.05, -11.81, -9.16, -6.1, -2.715, 0.7173, 3.664, 5.49, 5.668, 3.982, 0.588, -4.082, -9.47, -15.1, -20.66, -25.8, -30.16, -33.03, -34.12, -33.28, -31.11, -28.03, -24.48, -20.67, -16.6
-11.86, -8.05, -4.96, -3.012, -2.166, -2.072, -2.14, -2.006, -1.671, -1.193, -0.5312, 0.3264, 1.3125, 2.367, 3.297, 4.023, 4.535, 4.84, 5.03, 5.19, 5.41, 5.758, 6.08, 6.023, 5.395, 4.266, 2.902, 1.615, 0.4673, -0.5713, -1.593, -2.584, -3.383, -3.838, -3.998, -4.1, -4.35, -4.727, -5.14, -5.5, -5.8, -6.176, -6.617, -6.984, -7.117, -6.914, -6.363, -5.633, -4.816, -3.887, -2.922, -2.08, -1.451, -1.083, -0.9253, -0.8667, -0.7275, -0.513, -0.2751, -0.1492, -0.2751, -0.6777, -1.46, -2.584, -4.07, -5.863, -7.96, -10.375, -13.0, -15.74, -18.4, -21.02, -23.39, -25.5, -27.27, -28.66, -29.47, -29.72, -29.56, -29.02, -27.67, -25.14, -21.11, -15.75, -9.71, -3.412, 2.697, 8.45, 13.75, 18.28, 21.97, 24.89, 27.02, 28.53, 29.52, 30.05, 30.06, 29.5, 28.39, 26.89, 25.08, 23.27, 21.5, 19.8, 18.02, 16.25, 14.65, 13.13, 11.82, 10.52, 9.2, 7.926, 6.863, 6.02, 5.36, 4.734, 4.12, 3.576, 3.002, 2.459, 1.828, 0.9404, -0.3013, -1.833, -3.652, -5.707, -8.03, -10.266, -12.36, -14.2, -15.734, -16.9, -17.55, -17.6, -17.17, -16.47, -15.71, -15.055, -14.46, -13.79, -12.945, -11.77, -10.39, -8.96, -7.668, -6.61, -5.688, -4.824, -3.746, -2.352, -0.664, 1.139, 2.84, 4.36, 5.71, 7.004, 8.24, 9.46, 10.5, 11.28, 11.65, 11.42, 10.61, 9.26, 7.4, 5.133, 2.402, -0.675, -3.783, -6.63, -9.2, -11.46, -13.24, -14.01, -13.55, -11.94, -9.56, -6.812, -3.791, -0.497, 2.967, 5.91, 7.574, 7.28, 4.75, 0.2391, -5.465, -11.61, -17.6, -23.08, -27.9, -31.81, -34.06, -34.62, -33.47, -30.97, -27.66, -23.95, -20.0, -15.91
-11.055, -7.492, -4.613, -2.86, -2.186, -2.258, -2.436, -2.314, -1.91, -1.324, -0.6313, 0.1742, 1.063, 2.012, 2.857, 3.496, 3.934, 4.17, 4.277, 4.406, 4.676, 5.184, 5.66, 5.816, 5.41, 4.5, 3.3, 2.043, 0.853, -0.339, -1.535, -2.639, -3.467, -3.941, -4.15, -4.332, -4.703, -5.203, -5.63, -5.91, -6.098, -6.336, -6.676, -7.023, -7.215, -7.043, -6.47, -5.72, -4.88, -3.924, -3.008, -2.273, -1.867, -1.81, -1.91, -2.016, -1.902, -1.608, -1.236, -0.918, -0.8105, -1.011, -1.582, -2.54, -3.918, -5.75, -7.914, -10.29, -12.71, -15.195, -17.66, -20.2, -22.7, -25.17, -27.22, -28.75, -29.55, -29.72, -29.3, -28.39, -26.69, -23.67, -19.12, -13.41, -7.043, -0.5464, 5.46, 10.945, 15.945, 20.23, 23.84, 26.77, 28.94, 30.45, 31.3, 31.73, 31.56, 30.72, 29.5, 27.84, 25.97, 24.1, 22.2, 20.42, 18.61, 16.81, 15.1, 13.61, 12.29, 11.016, 9.71, 8.33, 7.105, 6.2, 5.57, 4.977, 4.406, 3.875, 3.287, 2.75, 2.137, 1.354, 0.3354, -0.934, -2.496, -4.36, -6.51, -8.625, -10.69, -12.45, -14.02, -15.25, -16.02, -16.17, -15.734, -14.95, -13.99, -13.08, -12.19, -11.266, -10.23, -8.96, -7.625, -6.33, -5.32, -4.625, -4.156, -3.793, -3.281, -2.512, -1.423, -0.1741, 1.067, 2.266, 3.38, 4.51, 5.66, 6.848, 7.965, 8.91, 9.484, 9.6, 9.0, 7.766, 6.01, 3.799, 1.283, -1.407, -3.941, -6.113, -8.164, -10.1, -11.68, -12.43, -11.94, -10.18, -7.61, -4.668, -1.506, 1.889, 5.344, 8.22, 9.625, 8.805, 5.55, 0.2686, -6.19, -12.836, -18.94, -24.2, -28.52, -31.72, -33.47, -33.5, -32.16, -29.64, -26.39, -22.81, -18.95, -14.93
-10.12, -6.83, -4.227, -2.734, -2.25, -2.42, -2.654, -2.541, -2.088, -1.446, -0.726, 0.04123, 0.791, 1.5625, 2.244, 2.783, 3.166, 3.387, 3.502, 3.678, 4.043, 4.668, 5.285, 5.64, 5.45, 4.727, 3.639, 2.373, 1.089, -0.2142, -1.494, -2.594, -3.383, -3.842, -4.09, -4.363, -4.824, -5.414, -5.895, -6.168, -6.32, -6.496, -6.8, -7.125, -7.324, -7.14, -6.543, -5.734, -4.832, -3.936, -3.176, -2.592, -2.371, -2.523, -2.834, -3.068, -3.053, -2.803, -2.404, -1.996, -1.722, -1.691, -2.01, -2.7, -3.914, -5.684, -7.867, -10.17, -12.39, -14.66, -16.9, -19.44, -22.12, -24.92, -27.23, -28.95, -29.75, -29.72, -29.06, -27.83, -25.58, -22.06, -17.03, -10.836, -4.09, 2.512, 8.51, 13.77, 18.48, 22.55, 26.1, 28.9, 31.0, 32.38, 33.06, 33.22, 32.88, 32.0, 30.69, 28.94, 27.06, 25.2, 23.3, 21.42, 19.45, 17.45, 15.68, 14.195, 12.82, 11.516, 10.195, 8.805, 7.523, 6.574, 5.91, 5.36, 4.812, 4.266, 3.654, 3.098, 2.523, 1.8125, 0.997, -0.005417, -1.305, -2.957, -4.9, -6.863, -8.83, -10.625, -12.21, -13.555, -14.49, -14.84, -14.55, -13.81, -12.72, -11.55, -10.31, -8.99, -7.637, -6.242, -4.926, -3.73, -2.914, -2.486, -2.342, -2.39, -2.367, -2.143, -1.632, -0.8765, -0.05835, 0.809, 1.72, 2.656, 3.656, 4.715, 5.773, 6.77, 7.473, 7.645, 7.2, 6.1, 4.477, 2.39, 0.05475, -2.256, -4.207, -5.867, -7.54, -9.234, -10.695, -11.36, -10.836, -8.95, -6.12, -2.865, 0.606, 4.215, 7.695, 10.41, 11.53, 10.27, 6.543, 0.816, -5.93, -12.67, -18.72, -23.72, -27.5, -29.98, -31.12, -30.9, -29.47, -27.14, -24.22, -21.0, -17.44, -13.73
-8.95, -6.188, -4.074, -2.936, -2.611, -2.809, -2.957, -2.748, -2.24, -1.551, -0.758, -0.01125, 0.5825, 1.094, 1.522, 1.909, 2.266, 2.537, 2.736, 2.96, 3.387, 4.066, 4.83, 5.383, 5.44, 4.914, 3.904, 2.586, 1.174, -0.2178, -1.481, -2.512, -3.262, -3.742, -4.047, -4.406, -4.918, -5.504, -6.0, -6.31, -6.47, -6.637, -6.918, -7.215, -7.37, -7.156, -6.543, -5.72, -4.87, -4.133, -3.559, -3.152, -3.014, -3.19, -3.541, -3.812, -3.88, -3.76, -3.492, -3.19, -2.943, -2.793, -2.834, -3.166, -4.113, -5.703, -7.773, -10.01, -12.17, -14.266, -16.45, -18.92, -21.86, -24.84, -27.48, -29.33, -30.08, -29.78, -28.77, -27.06, -24.34, -20.3, -14.73, -8.09, -1.043, 5.76, 11.74, 16.89, 21.4, 25.34, 28.75, 31.44, 33.38, 34.44, 34.78, 34.66, 34.2, 33.25, 31.97, 30.25, 28.5, 26.64, 24.77, 22.72, 20.55, 18.36, 16.42, 14.8, 13.484, 12.13, 10.76, 9.35, 8.06, 7.074, 6.402, 5.918, 5.36, 4.75, 4.08, 3.453, 2.871, 2.299, 1.687, 0.942, -0.0784, -1.48, -3.244, -5.117, -6.965, -8.77, -10.44, -11.93, -13.05, -13.61, -13.586, -13.016, -11.97, -10.66, -9.13, -7.516, -5.86, -4.273, -2.945, -1.898, -1.232, -0.9746, -1.05, -1.344, -1.657, -1.81, -1.686, -1.338, -0.8613, -0.2269, 0.5356, 1.233, 2.016, 2.852, 3.746, 4.65, 5.336, 5.496, 5.184, 4.234, 2.77, 0.922, -1.124, -3.025, -4.594, -5.926, -7.344, -8.805, -10.02, -10.555, -9.92, -7.934, -4.914, -1.376, 2.506, 6.355, 9.945, 12.484, 13.31, 11.66, 7.7, 1.913, -4.73, -11.27, -17.03, -21.66, -24.98, -26.89, -27.4, -26.95, -25.7, -23.64, -21.14, -18.36, -15.23, -12.055
-7.6, -5.625, -4.18, -3.492, -3.365, -3.512, -3.518, -3.14, -2.46, -1.612, -0.716, -0.01617, 0.4102, 0.6553, 0.8066, 1.02, 1.328, 1.63, 1.867, 2.125, 2.594, 3.293, 4.14, 4.848, 5.164, 4.88, 3.99, 2.686, 1.187, -0.2605, -1.55, -2.604, -3.377, -3.94, -4.336, -4.746, -5.207, -5.688, -6.094, -6.37, -6.547, -6.73, -6.984, -7.19, -7.246, -6.992, -6.426, -5.68, -5.016, -4.5, -4.156, -3.92, -3.754, -3.76, -3.979, -4.21, -4.418, -4.504, -4.477, -4.387, -4.29, -4.145, -3.98, -3.992, -4.598, -5.84, -7.68, -9.8, -11.89, -13.96, -16.16, -18.72, -21.69, -24.86, -27.6, -29.47, -30.12, -29.64, -28.25, -26.0, -22.81, -18.28, -12.33, -5.266, 1.96, 8.875, 14.84, 19.94, 24.3, 28.16, 31.33, 33.8, 35.4, 36.25, 36.4, 36.03, 35.4, 34.38, 33.22, 31.8, 30.1, 28.28, 26.3, 24.16, 21.78, 19.4, 17.31, 15.55, 14.18, 12.77, 11.336, 9.914, 8.68, 7.703, 7.004, 6.508, 5.895, 5.207, 4.508, 3.836, 3.223, 2.725, 2.297, 1.776, 0.9673, -0.198, -1.735, -3.53, -5.34, -7.133, -8.84, -10.45, -11.695, -12.516, -12.75, -12.46, -11.6, -10.38, -8.805, -7.004, -5.156, -3.494, -2.168, -1.2295, -0.6904, -0.5474, -0.69, -1.044, -1.512, -1.863, -1.978, -1.904, -1.595, -1.1, -0.517, -0.04004, 0.4663, 1.024, 1.678, 2.332, 2.902, 3.115, 2.912, 2.178, 0.974, -0.5513, -2.178, -3.703, -4.938, -6.07, -7.266, -8.44, -9.38, -9.625, -8.79, -6.734, -3.678, 0.1148, 4.28, 8.43, 12.086, 14.55, 14.99, 13.11, 9.1, 3.568, -2.799, -8.95, -14.305, -18.52, -21.28, -22.69, -22.98, -22.28, -21.03, -19.34, -17.3, -15.0, -12.47, -9.984
-6.31, -5.258, -4.61, -4.387, -4.4, -4.43, -4.2, -3.57, -2.713, -1.703, -0.7207, -0.0573, 0.223, 0.2339, 0.1521, 0.1942, 0.399, 0.6245, 0.8403, 1.127, 1.618, 2.338, 3.234, 4.11, 4.65, 4.617, 3.936, 2.742, 1.257, -0.2537, -1.643, -2.8, -3.709, -4.434, -4.977, -5.402, -5.74, -6.023, -6.254, -6.387, -6.543, -6.77, -6.977, -7.074, -7.016, -6.742, -6.25, -5.668, -5.227, -4.95, -4.785, -4.633, -4.402, -4.23, -4.31, -4.5, -4.844, -5.203, -5.49, -5.69, -5.812, -5.71, -5.418, -5.18, -5.39, -6.215, -7.633, -9.49, -11.516, -13.66, -15.88, -18.55, -21.53, -24.67, -27.34, -29.11, -29.7, -29.03, -27.22, -24.53, -20.9, -15.94, -9.7, -2.564, 4.78, 11.58, 17.47, 22.48, 26.7, 30.5, 33.56, 35.84, 37.2, 37.72, 37.62, 37.1, 36.34, 35.3, 34.22, 32.8, 31.23, 29.45, 27.5, 25.28, 22.9, 20.6, 18.38, 16.5, 14.92, 13.484, 11.97, 10.516, 9.29, 8.32, 7.56, 6.965, 6.297, 5.55, 4.816, 4.11, 3.543, 3.145, 2.84, 2.463, 1.843, 0.8228, -0.55, -2.186, -3.96, -5.76, -7.5, -9.11, -10.45, -11.414, -11.914, -11.9, -11.37, -10.36, -8.95, -7.2, -5.406, -3.83, -2.6, -1.728, -1.28, -1.149, -1.251, -1.544, -1.956, -2.32, -2.531, -2.602, -2.436, -2.11, -1.818, -1.574, -1.38, -1.155, -0.7793, -0.36, 0.11786, 0.4275, 0.4226, -0.03604, -0.89, -2.016, -3.172, -4.223, -5.156, -6.113, -7.176, -8.17, -8.83, -8.69, -7.56, -5.367, -2.24, 1.725, 6.152, 10.625, 14.305, 16.58, 16.75, 14.73, 10.84, 5.58, -0.3223, -6.094, -10.9, -14.6, -16.92, -18.03, -18.08, -17.34, -16.14, -14.71, -13.125, -11.34, -9.555, -7.82
-5.305, -5.04, -5.043, -5.227, -5.383, -5.273, -4.777, -3.959, -2.941, -1.795, -0.8027, -0.2318, -0.1203, -0.2952, -0.542, -0.6787, -0.677, -0.619, -0.467, -0.1592, 0.4207, 1.234, 2.24, 3.248, 3.998, 4.242, 3.857, 2.848, 1.44, -0.08813, -1.582, -2.916, -4.0, -4.906, -5.633, -6.14, -6.4, -6.492, -6.54, -6.54, -6.617, -6.76, -6.9, -6.957, -6.855, -6.566, -6.1, -5.63, -5.305, -5.168, -5.094, -4.96, -4.75, -4.637, -4.785, -5.105, -5.61, -6.188, -6.777, -7.266, -7.547, -7.543, -7.195, -6.715, -6.508, -6.797, -7.664, -9.17, -11.05, -13.234, -15.695, -18.4, -21.38, -24.3, -26.84, -28.52, -28.92, -28.06, -26.0, -22.88, -18.67, -13.37, -6.93, 0.2559, 7.418, 14.01, 19.69, 24.58, 28.67, 32.25, 35.25, 37.2, 38.34, 38.62, 38.47, 37.8, 37.0, 35.94, 34.72, 33.3, 31.72, 30.05, 28.22, 26.12, 23.89, 21.67, 19.52, 17.58, 15.85, 14.23, 12.59, 11.1, 9.79, 8.836, 8.0, 7.285, 6.52, 5.73, 5.023, 4.336, 3.822, 3.52, 3.336, 3.049, 2.531, 1.634, 0.4072, -1.099, -2.768, -4.484, -6.22, -7.777, -9.164, -10.22, -10.914, -11.195, -11.04, -10.42, -9.336, -7.91, -6.363, -4.96, -3.848, -3.072, -2.635, -2.418, -2.389, -2.482, -2.727, -3.02, -3.287, -3.44, -3.49, -3.46, -3.473, -3.621, -3.805, -3.902, -3.781, -3.416, -2.947, -2.496, -2.277, -2.393, -2.838, -3.396, -3.928, -4.45, -5.08, -5.93, -7.004, -7.945, -8.33, -7.824, -6.33, -3.91, -0.638, 3.451, 8.18, 12.87, 16.64, 18.72, 18.62, 16.58, 12.86, 7.832, 2.32, -3.008, -7.418, -10.64, -12.61, -13.47, -13.38, -12.664, -11.52, -10.336, -9.13, -7.953, -6.855, -5.945
-4.55, -4.824, -5.3, -5.793, -5.99, -5.734, -5.055, -4.125, -3.059, -1.917, -1.064, -0.672, -0.7197, -1.022, -1.402, -1.763, -2.072, -2.2, -2.074, -1.649, -0.9, 0.0726, 1.252, 2.379, 3.287, 3.734, 3.635, 2.904, 1.673, 0.1842, -1.336, -2.771, -4.066, -5.207, -6.13, -6.75, -7.023, -7.074, -6.97, -6.887, -6.883, -6.93, -6.97, -6.98, -6.83, -6.5, -6.02, -5.516, -5.156, -5.004, -4.918, -4.812, -4.76, -4.91, -5.41, -6.125, -6.95, -7.785, -8.63, -9.305, -9.72, -9.82, -9.44, -8.64, -7.926, -7.527, -7.777, -8.83, -10.6, -12.86, -15.46, -18.28, -21.19, -23.97, -26.28, -27.83, -28.22, -27.23, -24.89, -21.31, -16.53, -10.75, -4.066, 3.049, 10.03, 16.33, 21.77, 26.44, 30.31, 33.72, 36.4, 38.25, 39.1, 39.34, 38.94, 38.28, 37.22, 36.0, 34.56, 33.03, 31.48, 29.97, 28.28, 26.55, 24.67, 22.62, 20.67, 18.72, 16.78, 15.02, 13.29, 11.664, 10.28, 9.195, 8.34, 7.51, 6.63, 5.816, 5.16, 4.57, 4.13, 3.914, 3.764, 3.51, 3.033, 2.22, 1.09, -0.2993, -1.88, -3.463, -5.062, -6.535, -7.887, -9.0, -9.82, -10.35, -10.54, -10.35, -9.72, -8.7, -7.465, -6.305, -5.33, -4.69, -4.24, -3.875, -3.576, -3.422, -3.502, -3.748, -4.145, -4.51, -4.86, -5.22, -5.633, -6.168, -6.723, -7.1, -7.117, -6.77, -6.176, -5.543, -5.04, -4.73, -4.594, -4.465, -4.273, -4.24, -4.645, -5.527, -6.715, -7.773, -8.086, -7.29, -5.492, -2.777, 0.784, 5.25, 10.36, 15.336, 19.2, 21.12, 20.83, 18.8, 15.23, 10.48, 5.098, 0.0364, -4.074, -6.99, -8.7, -9.375, -9.28, -8.57, -7.613, -6.688, -5.87, -5.2, -4.754, -4.5
-3.74, -4.4, -5.188, -5.844, -6.062, -5.78, -5.05, -4.105, -3.11, -2.123, -1.482, -1.264, -1.424, -1.844, -2.389, -2.994, -3.582, -3.863, -3.74, -3.176, -2.244, -1.048, 0.257, 1.491, 2.48, 3.111, 3.248, 2.812, 1.807, 0.453, -1.015, -2.533, -3.998, -5.34, -6.445, -7.21, -7.61, -7.746, -7.633, -7.5, -7.43, -7.348, -7.26, -7.117, -6.855, -6.44, -5.89, -5.324, -4.79, -4.434, -4.312, -4.355, -4.61, -5.184, -6.227, -7.496, -8.77, -9.92, -11.01, -11.91, -12.43, -12.51, -11.95, -10.86, -9.66, -8.586, -8.22, -8.805, -10.3, -12.5, -15.15, -18.06, -20.94, -23.52, -25.72, -27.11, -27.39, -26.27, -23.61, -19.62, -14.39, -8.125, -1.228, 5.844, 12.64, 18.67, 23.88, 28.3, 32.03, 35.12, 37.53, 39.1, 39.8, 39.84, 39.22, 38.25, 37.03, 35.5, 33.94, 32.25, 30.64, 29.3, 27.97, 26.73, 25.27, 23.6, 21.78, 19.89, 17.88, 15.875, 13.984, 12.28, 10.83, 9.57, 8.58, 7.664, 6.785, 5.996, 5.387, 4.883, 4.535, 4.348, 4.168, 3.893, 3.406, 2.629, 1.561, 0.2776, -1.165, -2.607, -4.004, -5.35, -6.605, -7.758, -8.76, -9.52, -10.02, -10.164, -9.88, -9.19, -8.26, -7.36, -6.613, -6.094, -5.62, -5.094, -4.59, -4.234, -4.168, -4.438, -5.008, -5.742, -6.508, -7.297, -8.18, -9.1, -9.97, -10.55, -10.586, -10.14, -9.29, -8.4, -7.59, -6.824, -6.02, -5.098, -4.188, -3.623, -3.832, -4.816, -6.277, -7.61, -8.06, -7.188, -5.168, -2.045, 2.045, 7.066, 12.66, 17.97, 21.89, 23.67, 23.23, 21.22, 17.72, 13.14, 7.887, 2.96, -0.9795, -3.668, -5.246, -5.82, -5.75, -5.09, -4.414, -3.717, -3.238, -3.045, -3.1, -3.291
-2.824, -3.7, -4.684, -5.496, -5.83, -5.656, -4.977, -4.086, -3.156, -2.326, -1.827, -1.729, -1.984, -2.555, -3.299, -4.12, -4.86, -5.266, -5.184, -4.61, -3.613, -2.355, -1.015, 0.305, 1.445, 2.258, 2.643, 2.504, 1.78, 0.6016, -0.8354, -2.45, -4.082, -5.555, -6.797, -7.684, -8.234, -8.5, -8.44, -8.23, -8.02, -7.81, -7.594, -7.29, -6.887, -6.33, -5.633, -4.914, -4.2, -3.7, -3.562, -3.729, -4.324, -5.445, -7.113, -9.0, -10.73, -12.305, -13.71, -14.84, -15.555, -15.65, -14.92, -13.484, -11.805, -10.16, -9.15, -9.15, -10.164, -12.11, -14.71, -17.58, -20.39, -22.9, -24.9, -26.17, -26.25, -24.88, -21.95, -17.58, -11.836, -5.31, 1.759, 8.71, 15.21, 20.98, 26.03, 30.27, 33.78, 36.66, 38.78, 40.03, 40.4, 40.16, 39.22, 37.84, 36.4, 34.75, 32.88, 31.25, 29.7, 28.52, 27.6, 26.67, 25.66, 24.34, 22.78, 20.95, 18.98, 16.89, 14.85, 13.04, 11.46, 10.03, 8.89, 7.918, 7.027, 6.33, 5.75, 5.28, 5.008, 4.832, 4.613, 4.266, 3.709, 2.951, 1.969, 0.7935, -0.4507, -1.707, -2.926, -4.13, -5.324, -6.586, -7.758, -8.77, -9.53, -9.93, -9.9, -9.44, -8.72, -8.02, -7.434, -6.977, -6.53, -5.934, -5.3, -4.8, -4.65, -5.02, -5.855, -6.94, -8.16, -9.41, -10.7, -12.055, -13.15, -13.82, -13.74, -13.06, -11.96, -10.77, -9.625, -8.38, -6.867, -5.176, -3.557, -2.553, -2.635, -3.824, -5.613, -7.285, -8.04, -7.34, -5.18, -1.648, 3.055, 8.79, 14.95, 20.66, 24.64, 26.2, 25.73, 23.66, 20.28, 15.9, 10.89, 6.004, 2.078, -0.589, -2.182, -2.74, -2.719, -2.305, -1.844, -1.454, -1.282, -1.399, -1.688, -2.115
-1.928, -2.908, -4.027, -5.008, -5.508, -5.504, -4.94, -4.117, -3.217, -2.45, -2.012, -1.922, -2.219, -2.92, -3.88, -4.883, -5.742, -6.324, -6.414, -6.027, -5.215, -4.09, -2.797, -1.369, 0.06647, 1.192, 1.86, 1.98, 1.509, 0.4985, -0.9316, -2.674, -4.47, -6.082, -7.438, -8.45, -9.086, -9.33, -9.195, -8.875, -8.55, -8.23, -7.86, -7.37, -6.71, -5.918, -5.055, -4.19, -3.402, -2.84, -2.662, -2.932, -3.88, -5.54, -7.76, -10.16, -12.41, -14.47, -16.28, -17.89, -19.0, -19.23, -18.48, -16.75, -14.516, -12.27, -10.54, -9.79, -10.15, -11.64, -13.984, -16.7, -19.39, -21.86, -23.77, -24.8, -24.58, -22.92, -19.77, -15.15, -9.12, -2.479, 4.52, 11.266, 17.48, 23.03, 27.92, 32.03, 35.4, 37.97, 39.8, 40.78, 40.88, 40.03, 38.75, 37.1, 35.28, 33.44, 31.55, 29.94, 28.64, 27.7, 27.19, 26.69, 25.97, 25.0, 23.58, 21.97, 20.05, 18.0, 15.875, 13.88, 12.15, 10.59, 9.34, 8.32, 7.492, 6.793, 6.234, 5.73, 5.434, 5.22, 4.95, 4.64, 4.133, 3.404, 2.496, 1.443, 0.3784, -0.6665, -1.729, -2.863, -4.06, -5.4, -6.76, -8.01, -8.94, -9.5, -9.59, -9.28, -8.72, -8.1, -7.62, -7.227, -6.844, -6.293, -5.633, -5.164, -5.06, -5.57, -6.66, -8.06, -9.64, -11.28, -12.9, -14.47, -15.75, -16.36, -16.19, -15.305, -13.92, -12.39, -10.7, -8.84, -6.67, -4.31, -2.188, -0.959, -1.058, -2.424, -4.465, -6.56, -7.74, -7.324, -5.17, -1.385, 3.807, 10.22, 17.05, 23.06, 27.06, 28.5, 27.86, 25.69, 22.64, 18.62, 14.02, 9.375, 5.336, 2.457, 0.686, -0.0923, -0.2761, -0.2148, 0.02173, 0.163, 0.09314, -0.2, -0.6035, -1.155
-1.45, -2.473, -3.676, -4.754, -5.39, -5.445, -4.895, -4.082, -3.156, -2.373, -1.865, -1.691, -2.012, -2.855, -4.03, -5.3, -6.47, -7.332, -7.74, -7.695, -7.22, -6.39, -5.188, -3.623, -1.8125, -0.1772, 0.935, 1.395, 1.1455, 0.246, -1.242, -3.146, -5.098, -6.805, -8.29, -9.38, -9.98, -10.11, -9.836, -9.39, -8.91, -8.42, -7.867, -7.14, -6.215, -5.152, -4.113, -3.135, -2.309, -1.736, -1.567, -2.021, -3.28, -5.29, -7.836, -10.62, -13.39, -16.03, -18.45, -20.75, -22.42, -23.06, -22.4, -20.5, -17.81, -14.86, -12.31, -10.695, -10.26, -11.05, -12.89, -15.4, -18.1, -20.6, -22.39, -23.28, -22.8, -20.94, -17.5, -12.58, -6.508, 0.06335, 6.906, 13.52, 19.55, 24.89, 29.55, 33.44, 36.62, 39.0, 40.56, 41.12, 40.72, 39.53, 37.75, 35.8, 33.72, 31.67, 29.77, 28.16, 27.17, 26.69, 26.56, 26.52, 26.14, 25.36, 24.2, 22.69, 20.95, 19.05, 16.95, 14.89, 12.99, 11.29, 9.98, 8.89, 8.02, 7.35, 6.715, 6.09, 5.656, 5.387, 5.137, 4.95, 4.63, 4.008, 3.209, 2.295, 1.392, 0.5073, -0.4102, -1.494, -2.775, -4.246, -5.8, -7.203, -8.28, -8.92, -9.12, -8.9, -8.35, -7.77, -7.348, -7.035, -6.734, -6.28, -5.723, -5.316, -5.35, -6.043, -7.3, -8.945, -10.76, -12.586, -14.37, -15.984, -17.3, -17.92, -17.64, -16.52, -14.75, -12.69, -10.39, -7.863, -5.086, -2.27, 0.08746, 1.307, 1.07, -0.5117, -2.87, -5.293, -6.887, -6.87, -4.883, -0.93, 4.75, 11.76, 19.03, 25.25, 29.19, 30.39, 29.52, 27.44, 24.6, 21.17, 17.19, 12.875, 8.76, 5.492, 3.322, 2.068, 1.465, 1.1875, 1.1, 1.034, 0.804, 0.3936, -0.0879, -0.6978
-1.761, -2.771, -3.92, -4.883, -5.406, -5.316, -4.66, -3.756, -2.834, -1.98, -1.3, -1.027, -1.356, -2.414, -3.998, -5.71, -7.35, -8.66, -9.51, -9.914, -9.83, -9.3, -8.17, -6.38, -4.164, -1.959, -0.2456, 0.693, 0.796, -0.00602, -1.581, -3.58, -5.63, -7.457, -8.98, -10.11, -10.71, -10.76, -10.35, -9.73, -9.06, -8.39, -7.617, -6.637, -5.406, -4.03, -2.787, -1.65, -0.7183, -0.1462, -0.0614, -0.749, -2.266, -4.477, -7.227, -10.29, -13.516, -16.72, -20.02, -23.14, -25.64, -26.83, -26.34, -24.27, -21.16, -17.61, -14.25, -11.69, -10.41, -10.42, -11.69, -13.92, -16.53, -19.12, -21.06, -21.83, -21.25, -19.12, -15.43, -10.42, -4.33, 2.352, 9.125, 15.516, 21.31, 26.44, 30.84, 34.47, 37.5, 39.66, 40.94, 41.03, 40.25, 38.5, 36.4, 34.1, 31.72, 29.56, 27.6, 26.1, 25.38, 25.23, 25.64, 25.97, 25.97, 25.56, 24.67, 23.4, 21.77, 19.95, 18.03, 15.93, 14.0, 12.23, 10.78, 9.586, 8.586, 7.8, 7.047, 6.316, 5.746, 5.438, 5.254, 5.17, 5.008, 4.574, 3.969, 3.268, 2.52, 1.785, 0.965, -0.10504, -1.47, -3.07, -4.777, -6.297, -7.47, -8.21, -8.51, -8.34, -7.89, -7.336, -6.902, -6.613, -6.336, -5.92, -5.477, -5.215, -5.43, -6.293, -7.676, -9.42, -11.26, -13.08, -14.89, -16.48, -17.67, -18.23, -17.81, -16.39, -14.21, -11.555, -8.586, -5.496, -2.26, 0.759, 3.084, 4.074, 3.594, 1.795, -0.82, -3.504, -5.465, -5.89, -4.117, -0.05804, 6.113, 13.5, 20.95, 27.19, 30.84, 31.92, 30.81, 28.7, 26.16, 23.33, 20.0, 16.11, 12.04, 8.266, 5.445, 3.555, 2.395, 1.787, 1.464, 1.2, 0.7954, 0.295, -0.277, -0.964
-2.879, -3.818, -4.727, -5.367, -5.543, -5.15, -4.273, -3.225, -2.205, -1.217, -0.385, -0.005943, -0.419, -1.795, -3.861, -6.223, -8.48, -10.42, -11.83, -12.766, -13.08, -12.78, -11.625, -9.516, -6.8, -4.02, -1.685, -0.1699, 0.3528, -0.2128, -1.715, -3.68, -5.74, -7.605, -9.164, -10.36, -11.055, -11.14, -10.69, -9.85, -8.984, -8.14, -7.17, -5.914, -4.37, -2.674, -1.083, 0.2844, 1.345, 1.937, 1.891, 1.009, -0.6606, -3.08, -6.004, -9.29, -12.86, -16.81, -21.03, -25.03, -28.23, -29.95, -29.67, -27.53, -24.05, -19.97, -15.984, -12.62, -10.43, -9.8, -10.57, -12.56, -15.02, -17.61, -19.56, -20.4, -19.75, -17.47, -13.64, -8.5, -2.312, 4.418, 11.22, 17.47, 23.0, 27.83, 31.98, 35.34, 38.16, 40.0, 40.94, 40.75, 39.38, 37.3, 34.75, 32.1, 29.52, 27.19, 25.14, 23.69, 23.17, 23.45, 24.25, 25.14, 25.6, 25.5, 24.97, 23.9, 22.5, 20.86, 18.98, 16.94, 14.96, 13.13, 11.54, 10.27, 9.14, 8.19, 7.246, 6.402, 5.72, 5.37, 5.27, 5.27, 5.25, 5.043, 4.633, 4.113, 3.523, 2.998, 2.281, 1.215, -0.1812, -1.853, -3.62, -5.21, -6.457, -7.312, -7.742, -7.73, -7.445, -7.004, -6.555, -6.168, -5.777, -5.34, -4.98, -4.84, -5.152, -6.117, -7.56, -9.29, -11.09, -12.836, -14.49, -15.93, -17.0, -17.38, -16.75, -15.02, -12.445, -9.21, -5.7, -2.1, 1.386, 4.332, 6.348, 6.97, 6.18, 4.21, 1.475, -1.375, -3.611, -4.406, -2.848, 1.276, 7.61, 15.38, 22.95, 29.0, 32.4, 33.2, 31.97, 29.77, 27.39, 24.9, 22.12, 18.67, 14.73, 10.57, 7.04, 4.426, 2.691, 1.734, 1.266, 0.875, 0.3752, -0.2432, -1.066, -1.986
-4.348, -5.25, -5.906, -6.105, -5.805, -4.984, -3.787, -2.518, -1.295, -0.1552, 0.836, 1.279, 0.766, -0.925, -3.512, -6.49, -9.445, -12.09, -14.266, -15.77, -16.58, -16.5, -15.336, -12.945, -9.79, -6.32, -3.316, -1.152, -0.1274, -0.3823, -1.6455, -3.477, -5.43, -7.23, -8.76, -10.04, -10.9, -11.16, -10.734, -9.836, -8.81, -7.832, -6.61, -5.066, -3.184, -1.12, 0.848, 2.506, 3.777, 4.484, 4.348, 3.266, 1.324, -1.304, -4.402, -7.883, -11.78, -16.2, -21.1, -25.86, -29.84, -31.9, -31.88, -29.64, -25.94, -21.61, -17.19, -13.27, -10.484, -9.234, -9.55, -11.16, -13.48, -15.984, -17.9, -18.73, -18.1, -15.74, -11.805, -6.555, -0.2773, 6.418, 13.15, 19.22, 24.5, 28.98, 32.78, 35.94, 38.44, 40.1, 40.84, 40.25, 38.6, 35.97, 33.06, 30.14, 27.4, 24.92, 22.77, 21.45, 21.05, 21.56, 22.67, 23.95, 24.9, 25.27, 25.11, 24.34, 23.16, 21.64, 19.89, 17.98, 16.05, 14.11, 12.375, 10.9, 9.62, 8.484, 7.41, 6.46, 5.72, 5.348, 5.297, 5.367, 5.426, 5.31, 4.996, 4.582, 4.21, 3.85, 3.244, 2.287, 0.987, -0.6445, -2.379, -3.94, -5.234, -6.234, -6.867, -7.137, -7.082, -6.79, -6.32, -5.805, -5.293, -4.79, -4.38, -4.242, -4.555, -5.465, -6.863, -8.52, -10.22, -11.8, -13.24, -14.516, -15.41, -15.55, -14.734, -12.74, -9.8, -6.156, -2.225, 1.643, 5.11, 7.78, 9.3, 9.53, 8.46, 6.277, 3.453, 0.581, -1.692, -2.734, -1.356, 2.865, 9.47, 17.27, 24.88, 30.75, 33.97, 34.5, 33.22, 30.94, 28.33, 25.84, 23.36, 20.39, 16.66, 12.43, 8.41, 5.105, 2.824, 1.501, 0.903, 0.524, -0.02715, -0.875, -2.04, -3.275
-5.582, -6.586, -7.055, -6.836, -6.01, -4.727, -3.162, -1.589, -0.11115, 1.286, 2.422, 2.842, 2.215, 0.3445, -2.578, -6.027, -9.63, -13.0, -15.945, -18.22, -19.64, -19.95, -18.86, -16.38, -12.91, -8.93, -5.2, -2.346, -0.7397, -0.5327, -1.463, -3.05, -4.793, -6.44, -7.89, -9.24, -10.305, -10.77, -10.48, -9.64, -8.56, -7.344, -5.832, -3.96, -1.709, 0.7344, 3.04, 5.047, 6.555, 7.33, 7.105, 5.82, 3.578, 0.696, -2.516, -6.023, -10.05, -14.78, -20.08, -25.4, -29.83, -32.34, -32.53, -30.52, -26.95, -22.61, -18.05, -13.805, -10.516, -8.8, -8.65, -9.81, -11.734, -13.95, -15.78, -16.61, -15.97, -13.63, -9.664, -4.375, 1.844, 8.336, 14.77, 20.66, 25.72, 29.8, 33.28, 36.12, 38.44, 39.88, 40.3, 39.47, 37.47, 34.7, 31.53, 28.38, 25.5, 22.95, 20.83, 19.45, 19.12, 19.73, 21.05, 22.6, 23.95, 24.8, 25.1, 24.7, 23.72, 22.45, 20.92, 19.16, 17.2, 15.21, 13.31, 11.65, 10.17, 8.875, 7.754, 6.746, 5.945, 5.516, 5.4, 5.438, 5.49, 5.355, 5.08, 4.742, 4.51, 4.258, 3.805, 3.066, 1.964, 0.553, -1.028, -2.463, -3.75, -4.86, -5.727, -6.34, -6.555, -6.496, -6.13, -5.59, -4.98, -4.297, -3.754, -3.533, -3.729, -4.473, -5.66, -7.14, -8.695, -10.125, -11.4, -12.445, -13.01, -12.95, -11.914, -9.78, -6.652, -2.807, 1.305, 5.17, 8.4, 10.695, 11.76, 11.58, 10.195, 7.844, 4.98, 2.13, -0.1881, -1.228, 0.144, 4.508, 11.32, 19.42, 26.95, 32.7, 35.75, 36.1, 34.66, 32.1, 29.25, 26.47, 23.95, 21.27, 17.97, 13.94, 9.79, 6.125, 3.29, 1.592, 0.769, 0.3716, -0.1322, -1.156, -2.643, -4.24
-6.24, -7.438, -7.824, -7.32, -6.082, -4.316, -2.328, -0.4219, 1.432, 3.15, 4.492, 4.99, 4.33, 2.395, -0.6865, -4.51, -8.59, -12.71, -16.45, -19.61, -21.7, -22.56, -21.86, -19.5, -15.914, -11.56, -7.27, -3.746, -1.508, -0.733, -1.217, -2.504, -4.043, -5.508, -6.844, -8.164, -9.33, -9.93, -9.836, -9.12, -8.016, -6.59, -4.81, -2.615, 0.0381, 2.85, 5.543, 7.844, 9.5, 10.27, 9.94, 8.53, 6.156, 3.139, -0.2318, -3.676, -7.668, -12.4, -17.86, -23.38, -28.12, -31.12, -31.8, -30.23, -27.16, -23.11, -18.64, -14.24, -10.68, -8.484, -7.758, -8.375, -9.79, -11.56, -13.17, -13.97, -13.43, -11.19, -7.38, -2.229, 3.684, 9.88, 15.98, 21.56, 26.42, 30.39, 33.53, 36.16, 38.12, 39.38, 39.5, 38.4, 36.22, 33.22, 30.02, 26.8, 23.92, 21.45, 19.4, 18.02, 17.56, 18.11, 19.39, 21.08, 22.75, 24.08, 24.84, 24.88, 24.23, 23.25, 21.9, 20.25, 18.42, 16.39, 14.36, 12.58, 10.984, 9.58, 8.35, 7.273, 6.477, 5.98, 5.734, 5.625, 5.53, 5.3, 5.004, 4.688, 4.45, 4.29, 4.04, 3.547, 2.717, 1.599, 0.3408, -0.883, -2.092, -3.193, -4.23, -5.105, -5.66, -5.9, -5.777, -5.33, -4.645, -3.855, -3.201, -2.832, -2.832, -3.291, -4.223, -5.477, -6.832, -8.06, -9.02, -9.68, -9.914, -9.586, -8.445, -6.223, -3.076, 0.7363, 4.72, 8.31, 11.234, 13.125, 13.81, 13.25, 11.516, 8.86, 5.855, 3.014, 0.8047, -0.0675, 1.385, 5.82, 12.98, 21.23, 28.95, 34.56, 37.5, 37.7, 36.06, 33.16, 29.92, 26.8, 24.16, 21.61, 18.92, 15.5, 11.55, 7.598, 4.258, 2.088, 1.007, 0.5645, 0.05658, -1.023, -2.672, -4.55
-6.17, -7.53, -7.855, -7.227, -5.76, -3.64, -1.274, 1.095, 3.418, 5.53, 7.19, 7.805, 7.266, 5.32, 2.23, -1.838, -6.395, -11.16, -15.76, -19.73, -22.56, -24.08, -23.89, -21.88, -18.39, -13.945, -9.31, -5.254, -2.36, -0.9414, -0.947, -1.869, -3.156, -4.45, -5.67, -6.87, -8.01, -8.625, -8.63, -8.05, -7.008, -5.523, -3.525, -0.9795, 2.035, 5.234, 8.21, 10.73, 12.47, 13.234, 12.914, 11.44, 8.984, 6.016, 2.701, -0.7485, -4.586, -9.21, -14.5, -20.06, -25.03, -28.5, -29.9, -29.23, -26.88, -23.38, -19.02, -14.625, -10.84, -8.19, -6.88, -6.832, -7.67, -8.98, -10.32, -11.125, -10.78, -8.85, -5.33, -0.574, 4.97, 10.91, 16.8, 22.16, 26.84, 30.75, 33.7, 36.03, 37.7, 38.62, 38.44, 37.06, 34.7, 31.67, 28.39, 25.31, 22.67, 20.28, 18.42, 17.02, 16.45, 16.72, 17.8, 19.47, 21.33, 23.06, 24.3, 24.78, 24.52, 23.88, 22.8, 21.3, 19.55, 17.52, 15.54, 13.625, 11.92, 10.39, 9.04, 7.914, 7.062, 6.52, 6.2, 5.97, 5.73, 5.344, 4.914, 4.54, 4.31, 4.23, 4.133, 3.885, 3.354, 2.584, 1.662, 0.6553, -0.3357, -1.323, -2.389, -3.363, -4.19, -4.75, -4.977, -4.805, -4.3, -3.59, -2.926, -2.387, -2.121, -2.275, -2.875, -3.824, -4.848, -5.695, -6.273, -6.53, -6.42, -5.79, -4.473, -2.258, 0.7563, 4.38, 8.086, 11.38, 13.914, 15.39, 15.625, 14.61, 12.39, 9.29, 5.938, 3.004, 1.035, 0.5103, 2.148, 6.797, 14.24, 22.83, 30.69, 36.3, 39.1, 39.1, 37.22, 34.03, 30.44, 26.98, 24.19, 21.88, 19.7, 17.03, 13.5, 9.58, 5.875, 3.143, 1.607, 0.9814, 0.4187, -0.614, -2.234, -4.246
-5.645, -7.08, -7.465, -6.734, -5.055, -2.666, 0.05856, 2.953, 5.812, 8.445, 10.4, 11.29, 10.836, 8.99, 5.883, 1.674, -3.3, -8.61, -13.95, -18.64, -22.23, -24.34, -24.75, -23.27, -20.08, -15.79, -11.02, -6.617, -3.123, -1.099, -0.589, -1.139, -2.174, -3.264, -4.293, -5.32, -6.293, -6.87, -6.887, -6.4, -5.477, -3.988, -1.833, 0.936, 4.227, 7.746, 10.97, 13.61, 15.43, 16.27, 16.02, 14.64, 12.28, 9.33, 6.105, 2.688, -1.13, -5.51, -10.555, -15.93, -20.97, -24.92, -27.16, -27.53, -26.12, -23.3, -19.44, -15.13, -11.2, -8.17, -6.332, -5.63, -5.773, -6.51, -7.53, -8.375, -8.305, -6.78, -3.719, 0.635, 5.8, 11.41, 17.12, 22.44, 27.17, 31.05, 33.9, 36.06, 37.44, 37.94, 37.44, 35.72, 33.12, 30.06, 26.88, 24.06, 21.58, 19.5, 17.67, 16.4, 15.734, 15.695, 16.47, 17.92, 19.81, 21.73, 23.27, 24.22, 24.45, 24.16, 23.34, 22.1, 20.58, 18.72, 16.72, 14.85, 13.016, 11.305, 9.78, 8.54, 7.66, 7.082, 6.664, 6.36, 5.957, 5.453, 4.938, 4.562, 4.36, 4.332, 4.37, 4.32, 4.027, 3.516, 2.875, 2.098, 1.301, 0.4626, -0.424, -1.384, -2.34, -3.176, -3.746, -4.0, -3.883, -3.414, -2.795, -2.14, -1.632, -1.473, -1.683, -2.275, -2.91, -3.342, -3.512, -3.385, -2.838, -1.964, -0.4248, 1.747, 4.6, 8.01, 11.37, 14.31, 16.44, 17.55, 17.27, 15.57, 12.71, 9.0, 5.246, 2.256, 0.515, 0.3936, 2.406, 7.28, 14.99, 23.86, 31.92, 37.5, 40.06, 40.0, 37.8, 34.38, 30.47, 26.97, 24.1, 21.94, 20.23, 18.25, 15.305, 11.625, 7.68, 4.418, 2.266, 1.279, 0.6826, -0.2162, -1.67, -3.654
-5.133, -6.598, -6.914, -6.047, -4.145, -1.492, 1.644, 5.062, 8.516, 11.58, 13.81, 14.91, 14.56, 12.836, 9.805, 5.555, 0.4014, -5.305, -11.164, -16.55, -20.77, -23.55, -24.55, -23.62, -21.03, -17.06, -12.375, -7.742, -3.77, -1.128, -0.079, -0.2131, -0.9863, -1.878, -2.703, -3.453, -4.17, -4.62, -4.652, -4.305, -3.484, -2.021, 0.162, 3.049, 6.59, 10.305, 13.79, 16.55, 18.38, 19.34, 19.22, 18.0, 15.84, 13.0, 9.68, 6.28, 2.53, -1.656, -6.406, -11.555, -16.53, -20.78, -23.77, -25.12, -24.81, -22.95, -19.69, -15.73, -11.9, -8.75, -6.547, -5.227, -4.66, -4.68, -5.137, -5.72, -5.855, -4.9, -2.504, 1.38, 6.19, 11.66, 17.38, 22.69, 27.48, 31.31, 34.22, 36.16, 37.25, 37.34, 36.53, 34.44, 31.67, 28.55, 25.47, 22.84, 20.67, 18.83, 17.19, 15.99, 15.2, 15.02, 15.445, 16.58, 18.28, 20.17, 21.97, 23.28, 23.88, 23.92, 23.45, 22.58, 21.31, 19.72, 17.94, 16.06, 14.15, 12.3, 10.6, 9.21, 8.19, 7.53, 7.05, 6.62, 6.12, 5.535, 5.01, 4.68, 4.586, 4.66, 4.797, 4.855, 4.67, 4.29, 3.781, 3.176, 2.479, 1.759, 1.034, 0.2054, -0.6504, -1.552, -2.395, -3.012, -3.24, -3.086, -2.617, -1.94, -1.263, -0.798, -0.7134, -0.941, -1.197, -1.267, -1.063, -0.498, 0.4001, 1.549, 3.152, 5.26, 8.02, 11.19, 14.234, 16.86, 18.58, 19.1, 18.12, 15.734, 12.086, 7.785, 3.775, 0.724, -0.758, -0.348, 2.117, 7.32, 15.22, 24.33, 32.6, 38.22, 40.72, 40.38, 37.9, 34.16, 30.12, 26.55, 23.75, 21.8, 20.38, 18.88, 16.62, 13.375, 9.46, 5.773, 3.055, 1.532, 0.758, -0.01202, -1.246, -3.115
-4.734, -6.266, -6.617, -5.582, -3.334, -0.2313, 3.336, 7.25, 11.17, 14.61, 17.03, 18.12, 17.84, 16.3, 13.445, 9.39, 4.418, -1.4, -7.617, -13.445, -18.31, -21.69, -23.28, -23.06, -21.17, -17.73, -13.234, -8.48, -4.18, -1.081, 0.509, 0.791, 0.3293, -0.321, -0.8657, -1.345, -1.7705, -2.07, -2.137, -1.885, -1.21, 0.168, 2.312, 5.293, 9.01, 12.97, 16.6, 19.45, 21.38, 22.44, 22.52, 21.48, 19.56, 16.73, 13.44, 9.96, 6.31, 2.303, -2.209, -7.117, -11.93, -16.33, -19.84, -22.17, -22.97, -22.16, -19.86, -16.67, -13.26, -10.18, -7.758, -5.902, -4.598, -3.795, -3.455, -3.463, -3.527, -2.95, -1.221, 2.053, 6.56, 11.89, 17.5, 22.94, 27.61, 31.45, 34.25, 36.1, 37.03, 37.03, 35.88, 33.53, 30.58, 27.34, 24.34, 21.9, 19.94, 18.31, 16.88, 15.77, 14.99, 14.63, 14.68, 15.41, 16.73, 18.55, 20.38, 21.83, 22.77, 23.22, 23.17, 22.69, 21.81, 20.53, 18.97, 17.19, 15.32, 13.45, 11.58, 9.98, 8.78, 7.96, 7.348, 6.81, 6.223, 5.617, 5.14, 4.902, 4.934, 5.105, 5.297, 5.35, 5.23, 4.895, 4.375, 3.75, 2.994, 2.21, 1.466, 0.7935, 0.1439, -0.5493, -1.326, -2.016, -2.479, -2.627, -2.334, -1.741, -1.004, -0.3613, -0.0227, 0.071, 0.12213, 0.3926, 0.97, 1.836, 2.904, 4.18, 5.82, 7.887, 10.484, 13.37, 16.17, 18.4, 19.61, 19.48, 17.7, 14.44, 10.06, 5.34, 1.184, -1.587, -2.613, -1.666, 1.352, 6.92, 15.01, 24.42, 32.78, 38.66, 40.97, 40.44, 37.62, 33.62, 29.52, 25.9, 23.19, 21.34, 20.06, 18.88, 17.17, 14.51, 10.92, 7.125, 3.947, 1.884, 0.82, 0.1517, -0.921, -2.684
-4.29, -6.035, -6.52, -5.367, -2.79, 0.8115, 4.953, 9.44, 13.81, 17.42, 19.86, 20.86, 20.64, 19.28, 16.83, 13.15, 8.45, 2.775, -3.475, -9.586, -14.875, -18.75, -21.03, -21.62, -20.48, -17.61, -13.49, -8.87, -4.504, -1.13, 0.9253, 1.668, 1.63, 1.306, 1.059, 0.937, 0.8384, 0.7114, 0.6, 0.687, 1.195, 2.348, 4.426, 7.53, 11.47, 15.586, 19.4, 22.31, 24.34, 25.42, 25.66, 24.95, 23.2, 20.45, 17.19, 13.72, 10.125, 6.312, 2.137, -2.512, -7.234, -11.69, -15.57, -18.56, -20.38, -20.81, -19.86, -17.81, -15.234, -12.61, -10.08, -7.805, -5.77, -4.05, -2.723, -1.856, -1.492, -1.1, 0.09204, 2.713, 6.76, 11.88, 17.4, 22.7, 27.31, 31.03, 33.84, 35.7, 36.66, 36.62, 35.34, 32.97, 29.84, 26.53, 23.55, 21.2, 19.28, 17.84, 16.58, 15.61, 14.84, 14.34, 14.164, 14.445, 15.375, 16.81, 18.42, 20.02, 21.27, 22.06, 22.47, 22.45, 21.95, 21.06, 19.84, 18.27, 16.55, 14.7, 12.78, 11.11, 9.69, 8.625, 7.73, 6.953, 6.234, 5.605, 5.203, 5.086, 5.28, 5.605, 5.83, 5.87, 5.7, 5.27, 4.62, 3.729, 2.623, 1.471, 0.4292, -0.2788, -0.6733, -0.8506, -1.058, -1.363, -1.726, -1.921, -1.726, -1.2705, -0.5854, 0.09186, 0.562, 0.843, 1.1455, 1.589, 2.312, 3.281, 4.383, 5.676, 7.258, 9.26, 11.695, 14.42, 16.94, 18.64, 19.16, 18.1, 15.35, 11.26, 6.395, 1.518, -2.43, -4.78, -5.06, -3.389, 0.2935, 6.387, 14.72, 24.31, 32.97, 38.84, 41.12, 40.25, 37.03, 32.75, 28.53, 25.05, 22.38, 20.53, 19.22, 18.16, 16.95, 14.99, 12.08, 8.55, 5.15, 2.656, 1.179, 0.372, -0.6255, -2.23
-3.64, -5.6, -6.355, -5.234, -2.365, 1.769, 6.51, 11.59, 16.3, 20.03, 22.36, 23.3, 23.17, 22.08, 19.98, 16.72, 12.43, 7.098, 1.057, -5.098, -10.72, -15.09, -17.97, -19.27, -18.9, -16.7, -13.19, -8.99, -4.867, -1.494, 0.8174, 2.031, 2.523, 2.729, 2.947, 3.225, 3.451, 3.516, 3.479, 3.438, 3.748, 4.605, 6.51, 9.58, 13.56, 17.83, 21.73, 24.81, 26.98, 28.23, 28.69, 28.1, 26.52, 23.98, 20.9, 17.56, 14.06, 10.43, 6.586, 2.244, -2.268, -6.72, -10.89, -14.48, -17.27, -19.0, -19.55, -19.03, -17.64, -15.69, -13.42, -10.97, -8.305, -5.69, -3.404, -1.575, -0.3792, 0.315, 1.335, 3.453, 6.867, 11.47, 16.72, 21.86, 26.31, 29.98, 32.78, 34.9, 36.03, 36.1, 34.8, 32.3, 29.03, 25.64, 22.73, 20.47, 18.67, 17.28, 16.14, 15.31, 14.54, 13.99, 13.54, 13.484, 13.98, 15.03, 16.4, 17.94, 19.36, 20.53, 21.34, 21.77, 21.7, 21.23, 20.33, 19.16, 17.72, 16.1, 14.305, 12.64, 11.03, 9.69, 8.48, 7.336, 6.33, 5.535, 5.133, 5.133, 5.49, 5.938, 6.207, 6.24, 6.008, 5.47, 4.56, 3.14, 1.264, -0.751, -2.473, -3.436, -3.61, -2.986, -2.145, -1.472, -1.179, -1.056, -0.8584, -0.4282, 0.1256, 0.704, 1.129, 1.395, 1.751, 2.275, 3.02, 3.967, 5.03, 6.22, 7.676, 9.586, 11.88, 14.41, 16.48, 17.47, 16.89, 14.62, 10.78, 5.98, 0.911, -3.703, -7.008, -8.625, -7.965, -5.312, -0.8394, 5.758, 14.52, 24.38, 33.2, 39.16, 41.28, 40.06, 36.5, 32.0, 27.67, 24.05, 21.44, 19.5, 18.16, 17.14, 16.16, 14.875, 12.76, 9.81, 6.527, 3.697, 1.768, 0.7, -0.2234, -1.645
-2.715, -4.79, -5.805, -4.836, -1.786, 2.77, 8.06, 13.62, 18.62, 22.5, 24.77, 25.81, 25.81, 25.02, 23.2, 20.19, 16.14, 11.21, 5.55, -0.315, -5.902, -10.625, -14.11, -16.05, -16.34, -15.06, -12.43, -9.016, -5.492, -2.428, -0.1549, 1.42, 2.545, 3.457, 4.324, 5.156, 5.81, 6.215, 6.402, 6.387, 6.484, 7.03, 8.516, 11.28, 15.06, 19.27, 23.28, 26.55, 29.0, 30.53, 31.22, 30.9, 29.62, 27.44, 24.52, 21.28, 17.95, 14.41, 10.8, 6.926, 2.73, -1.58, -5.832, -9.88, -13.62, -16.66, -18.94, -20.08, -20.06, -19.16, -17.3, -14.88, -11.99, -8.89, -5.777, -2.908, -0.65, 0.871, 2.125, 3.982, 6.81, 10.73, 15.46, 20.33, 24.69, 28.48, 31.39, 33.7, 34.97, 35.22, 34.03, 31.53, 28.25, 24.86, 22.03, 19.72, 18.0, 16.67, 15.48, 14.69, 13.96, 13.39, 12.81, 12.52, 12.62, 13.23, 14.305, 15.68, 17.14, 18.58, 19.72, 20.53, 20.9, 20.8, 20.34, 19.6, 18.69, 17.39, 15.945, 14.41, 12.77, 11.26, 9.7, 8.17, 6.754, 5.695, 5.18, 5.125, 5.504, 6.004, 6.336, 6.434, 6.234, 5.535, 4.207, 1.95, -1.14, -4.51, -7.316, -8.83, -8.67, -7.08, -4.836, -2.697, -1.187, -0.432, 0.023, 0.4304, 0.794, 1.146, 1.435, 1.681, 2.076, 2.621, 3.352, 4.227, 5.156, 6.152, 7.53, 9.31, 11.46, 13.555, 14.86, 14.695, 12.56, 8.8, 3.826, -1.461, -6.297, -10.195, -12.555, -13.04, -11.25, -7.36, -1.857, 5.35, 14.44, 24.52, 33.44, 39.38, 41.3, 39.75, 35.9, 31.17, 26.69, 23.1, 20.4, 18.53, 17.12, 16.0, 15.06, 14.195, 12.88, 10.72, 7.836, 4.887, 2.518, 1.085, 0.1926, -0.949
-1.714, -3.59, -4.73, -3.945, -0.9243, 3.873, 9.586, 15.48, 20.8, 24.86, 27.3, 28.52, 28.78, 28.25, 26.62, 23.67, 19.64, 14.84, 9.63, 4.344, -0.8623, -5.61, -9.51, -12.07, -13.15, -12.87, -11.29, -8.93, -6.414, -4.15, -2.223, -0.5386, 1.127, 2.812, 4.484, 6.066, 7.35, 8.37, 9.0, 9.3, 9.43, 9.76, 10.8, 12.95, 16.11, 19.94, 23.75, 27.19, 30.08, 32.03, 33.06, 33.2, 32.3, 30.55, 27.97, 24.77, 21.31, 17.86, 14.375, 10.87, 7.184, 3.342, -0.753, -4.99, -9.38, -13.59, -17.38, -20.28, -21.92, -22.19, -21.17, -19.22, -16.47, -13.19, -9.53, -5.754, -2.395, 0.25, 2.201, 4.09, 6.535, 9.82, 14.0, 18.6, 22.98, 26.86, 30.03, 32.4, 33.9, 34.25, 33.1, 30.48, 27.27, 23.89, 21.2, 18.98, 17.28, 15.97, 14.8, 13.94, 13.18, 12.52, 11.94, 11.48, 11.33, 11.6, 12.305, 13.38, 14.766, 16.27, 17.7, 18.8, 19.48, 19.75, 19.66, 19.42, 18.97, 18.27, 17.36, 16.16, 14.734, 13.19, 11.43, 9.56, 7.773, 6.332, 5.504, 5.234, 5.457, 5.91, 6.277, 6.504, 6.35, 5.492, 3.604, 0.2708, -4.332, -9.37, -13.61, -15.8, -15.4, -12.74, -8.84, -4.992, -2.07, -0.406, 0.447, 0.7886, 0.8584, 0.88, 0.8877, 1.067, 1.622, 2.398, 3.338, 4.348, 5.195, 6.098, 7.344, 8.85, 10.48, 11.7, 11.625, 9.69, 5.74, 0.4026, -5.375, -10.57, -14.72, -17.5, -18.6, -17.66, -14.56, -9.45, -2.854, 5.1, 14.63, 24.78, 33.72, 39.4, 41.06, 39.25, 35.16, 30.3, 25.72, 22.02, 19.39, 17.55, 16.11, 14.875, 13.91, 13.21, 12.38, 11.0, 8.68, 5.79, 3.156, 1.414, 0.4817, -0.3452
-0.7974, -2.207, -3.297, -2.756, 0.06775, 4.887, 10.836, 17.02, 22.56, 26.92, 29.73, 31.27, 31.97, 31.7, 30.11, 27.11, 22.86, 18.03, 13.14, 8.52, 4.11, -0.2452, -4.227, -7.35, -9.29, -9.98, -9.664, -8.69, -7.543, -6.434, -5.33, -4.043, -2.285, -0.005203, 2.576, 5.176, 7.51, 9.39, 10.8, 11.7, 12.2, 12.52, 13.2, 14.664, 16.95, 19.98, 23.4, 26.88, 30.0, 32.47, 34.12, 34.72, 34.38, 33.0, 30.73, 27.62, 24.03, 20.28, 16.8, 13.6, 10.52, 7.305, 3.686, -0.348, -4.926, -9.86, -14.76, -19.11, -22.33, -24.08, -24.25, -23.17, -21.0, -17.88, -13.89, -9.49, -5.152, -1.473, 1.395, 3.654, 5.977, 8.85, 12.516, 16.88, 21.33, 25.39, 28.81, 31.34, 32.8, 33.12, 31.92, 29.34, 26.16, 22.88, 20.25, 18.17, 16.55, 15.24, 14.04, 13.086, 12.234, 11.51, 10.91, 10.414, 10.195, 10.266, 10.67, 11.4, 12.57, 13.88, 15.24, 16.42, 17.36, 17.9, 18.27, 18.47, 18.56, 18.48, 18.08, 17.39, 16.38, 14.98, 13.266, 11.23, 9.19, 7.453, 6.223, 5.6, 5.543, 5.855, 6.215, 6.53, 6.438, 5.4, 2.854, -1.652, -7.84, -14.57, -20.27, -23.14, -22.58, -18.88, -13.46, -7.957, -3.7, -1.172, -0.05954, -0.05734, -0.6475, -1.349, -1.858, -1.664, -0.664, 0.848, 2.514, 4.066, 5.227, 6.13, 7.082, 7.98, 8.44, 7.938, 5.74, 1.733, -3.914, -10.29, -16.12, -20.52, -23.48, -24.83, -24.44, -22.08, -17.55, -11.23, -3.703, 4.91, 14.766, 25.03, 33.66, 39.06, 40.47, 38.5, 34.34, 29.48, 24.8, 20.95, 18.28, 16.44, 15.0, 13.7, 12.63, 11.92, 11.39, 10.6, 8.914, 6.383, 3.684, 1.69, 0.6367, 0.03915
-0.0871, -0.922, -1.846, -1.598, 0.9175, 5.6, 11.59, 17.84, 23.66, 28.31, 31.55, 33.62, 34.66, 34.56, 33.1, 30.05, 25.61, 20.56, 15.78, 11.68, 8.22, 4.805, 1.21, -2.143, -4.67, -6.324, -7.184, -7.63, -8.016, -8.41, -8.734, -8.54, -7.383, -5.066, -1.841, 1.852, 5.46, 8.6, 11.086, 12.93, 14.17, 14.93, 15.52, 16.38, 17.72, 19.81, 22.58, 25.75, 28.97, 31.81, 33.84, 34.94, 35.12, 34.22, 32.22, 29.33, 25.72, 21.73, 17.98, 14.875, 12.34, 9.79, 6.87, 3.46, -0.7627, -5.78, -11.17, -16.5, -21.05, -24.19, -25.75, -25.89, -24.66, -22.0, -18.16, -13.414, -8.49, -4.01, -0.3318, 2.508, 4.99, 7.77, 11.3, 15.5, 20.05, 24.22, 27.75, 30.38, 31.98, 32.16, 30.95, 28.27, 25.06, 21.7, 19.11, 17.16, 15.68, 14.414, 13.21, 12.12, 11.16, 10.39, 9.88, 9.48, 9.24, 9.22, 9.33, 9.734, 10.45, 11.445, 12.664, 13.8, 14.82, 15.64, 16.33, 16.89, 17.39, 17.8, 17.95, 17.81, 17.25, 16.23, 14.695, 12.805, 10.79, 8.91, 7.34, 6.24, 5.83, 5.883, 6.176, 6.535, 6.453, 5.21, 2.117, -3.312, -10.805, -18.95, -25.67, -29.11, -28.45, -23.9, -17.36, -10.67, -5.51, -2.559, -1.573, -2.32, -4.156, -6.223, -7.67, -7.742, -6.133, -3.383, -0.2172, 2.582, 4.504, 5.613, 6.094, 5.715, 4.17, 1.085, -3.504, -9.4, -15.88, -22.08, -27.02, -30.05, -31.33, -31.2, -29.34, -25.62, -19.9, -12.64, -4.36, 4.848, 14.95, 25.14, 33.56, 38.53, 39.72, 37.72, 33.62, 28.58, 23.72, 19.69, 16.84, 15.03, 13.7, 12.42, 11.26, 10.484, 10.08, 9.66, 8.625, 6.633, 4.117, 1.997, 0.735, 0.2534
0.2294, -0.0474, -0.575, -0.362, 1.715, 5.934, 11.695, 17.92, 23.8, 28.7, 32.38, 34.72, 36.06, 36.12, 34.78, 31.75, 27.25, 21.98, 17.05, 13.27, 10.72, 8.5, 5.906, 3.021, 0.367, -1.748, -3.447, -5.027, -6.848, -8.88, -10.99, -12.57, -12.89, -11.45, -8.33, -3.924, 0.965, 5.594, 9.47, 12.48, 14.75, 16.19, 17.06, 17.67, 18.39, 19.55, 21.47, 24.1, 27.08, 29.94, 32.12, 33.53, 34.03, 33.56, 31.98, 29.36, 25.94, 21.94, 18.02, 14.87, 12.6, 10.72, 8.7, 6.17, 2.707, -1.806, -7.082, -12.79, -18.22, -22.62, -25.62, -27.11, -27.0, -25.1, -21.7, -17.1, -11.914, -6.977, -2.768, 0.6416, 3.578, 6.562, 10.12, 14.32, 18.83, 23.08, 26.67, 29.38, 30.94, 31.17, 29.97, 27.28, 23.88, 20.4, 17.81, 15.81, 14.375, 13.11, 11.914, 10.836, 9.84, 9.11, 8.734, 8.51, 8.37, 8.305, 8.234, 8.31, 8.586, 9.195, 10.11, 11.14, 12.15, 13.1, 13.97, 14.72, 15.55, 16.31, 16.97, 17.25, 17.1, 16.44, 15.266, 13.78, 12.03, 10.3, 8.586, 7.15, 6.316, 6.02, 6.176, 6.492, 6.39, 5.016, 1.609, -4.312, -12.414, -21.23, -28.47, -32.1, -31.2, -26.33, -19.31, -12.11, -6.72, -3.842, -3.543, -5.55, -9.16, -13.19, -16.12, -16.78, -14.734, -10.58, -5.55, -1.079, 2.084, 3.535, 3.232, 1.051, -3.05, -8.78, -15.34, -22.1, -28.28, -33.2, -36.38, -37.62, -37.22, -35.53, -32.38, -27.61, -21.12, -13.31, -4.55, 5.113, 15.48, 25.39, 33.34, 37.9, 38.88, 36.88, 32.8, 27.5, 22.33, 18.02, 15.016, 13.195, 11.93, 10.73, 9.6, 8.83, 8.53, 8.414, 7.965, 6.6, 4.508, 2.328, 0.804, 0.2676
0.11865, 0.3174, 0.3418, 0.72, 2.38, 5.96, 11.19, 17.17, 23.05, 28.08, 31.92, 34.44, 35.84, 35.88, 34.53, 31.56, 27.11, 21.75, 16.72, 13.05, 11.09, 10.06, 8.88, 7.094, 5.047, 2.992, 0.9805, -1.193, -3.846, -7.137, -10.94, -14.625, -17.14, -17.66, -15.58, -11.22, -5.484, 0.4294, 5.71, 10.06, 13.41, 15.66, 16.9, 17.6, 18.1, 18.83, 20.14, 22.0, 24.39, 26.77, 28.89, 30.28, 30.98, 30.77, 29.62, 27.44, 24.38, 20.72, 16.95, 13.82, 11.73, 10.336, 9.125, 7.55, 5.15, 1.534, -3.125, -8.68, -14.51, -19.83, -24.05, -26.75, -27.75, -26.84, -24.11, -19.92, -14.95, -9.945, -5.457, -1.652, 1.731, 5.004, 8.71, 12.97, 17.31, 21.45, 24.98, 27.64, 29.36, 29.8, 28.7, 26.0, 22.38, 18.72, 15.78, 13.73, 12.29, 11.13, 10.03, 9.03, 8.1, 7.535, 7.29, 7.234, 7.285, 7.31, 7.17, 7.04, 6.953, 7.184, 7.77, 8.625, 9.52, 10.45, 11.36, 12.21, 13.2, 14.164, 15.05, 15.62, 15.78, 15.445, 14.7, 13.64, 12.39, 10.945, 9.39, 7.906, 6.8, 6.21, 6.184, 6.402, 6.227, 4.85, 1.473, -4.32, -12.15, -20.69, -27.61, -31.0, -29.94, -25.14, -18.31, -11.57, -6.62, -4.387, -5.07, -8.48, -14.13, -20.33, -25.22, -26.86, -24.72, -19.47, -12.81, -6.656, -2.281, -0.62, -1.859, -5.938, -12.33, -19.84, -27.2, -33.56, -38.3, -41.38, -42.56, -42.06, -40.22, -37.34, -33.2, -27.67, -20.81, -12.78, -3.865, 6.0, 16.28, 25.8, 33.12, 37.2, 37.94, 35.88, 31.53, 25.8, 20.22, 15.71, 12.664, 10.85, 9.664, 8.6, 7.664, 7.035, 6.902, 7.098, 7.125, 6.344, 4.71, 2.658, 0.939, 0.1199
-0.465, 0.03009, 0.6724, 1.419, 2.861, 5.76, 10.234, 15.664, 21.28, 26.17, 29.98, 32.53, 33.75, 33.72, 32.22, 29.33, 24.88, 19.52, 14.51, 10.945, 9.484, 9.42, 9.59, 9.22, 8.16, 6.574, 4.746, 2.53, -0.3047, -4.035, -8.83, -14.18, -19.0, -21.89, -21.69, -18.31, -12.65, -5.965, 0.4517, 5.93, 10.16, 13.0, 14.734, 15.58, 16.16, 16.8, 17.77, 19.19, 20.86, 22.7, 24.38, 25.66, 26.38, 26.39, 25.56, 23.81, 21.33, 18.22, 14.805, 11.84, 9.86, 8.8, 8.234, 7.53, 6.11, 3.59, -0.0854, -4.895, -10.37, -15.99, -20.97, -24.7, -26.64, -26.75, -24.95, -21.48, -17.08, -12.38, -7.887, -3.879, -0.197, 3.373, 7.11, 11.14, 15.2, 19.08, 22.39, 25.03, 26.88, 27.56, 26.64, 24.03, 20.2, 16.27, 13.04, 10.85, 9.42, 8.38, 7.39, 6.516, 5.805, 5.434, 5.355, 5.523, 5.844, 5.992, 5.91, 5.69, 5.496, 5.46, 5.816, 6.402, 7.125, 7.926, 8.7, 9.52, 10.484, 11.47, 12.43, 13.17, 13.484, 13.41, 12.945, 12.27, 11.5, 10.57, 9.41, 8.14, 7.023, 6.3, 6.094, 6.184, 5.96, 4.656, 1.695, -3.299, -10.04, -17.33, -23.3, -26.06, -25.0, -20.72, -14.77, -9.016, -5.066, -3.766, -5.402, -10.03, -17.19, -25.31, -31.83, -34.75, -33.0, -27.5, -19.95, -12.75, -7.69, -6.008, -8.03, -13.305, -20.81, -29.0, -36.0, -41.22, -44.34, -45.3, -44.75, -43.06, -40.25, -36.56, -31.89, -26.19, -19.28, -11.26, -2.434, 7.277, 17.23, 26.11, 32.66, 36.16, 36.66, 34.16, 29.22, 22.97, 17.14, 12.64, 9.73, 8.125, 7.047, 6.246, 5.582, 5.21, 5.32, 5.742, 6.055, 5.754, 4.65, 2.875, 1.0, -0.2463
-1.249, -0.771, 0.2617, 1.409, 2.844, 5.188, 8.84, 13.51, 18.47, 23.0, 26.56, 28.81, 29.9, 29.64, 28.06, 24.97, 20.53, 15.414, 10.734, 7.543, 6.43, 7.05, 8.3, 9.055, 8.94, 8.06, 6.684, 4.797, 2.334, -1.124, -5.887, -11.84, -18.16, -23.1, -25.0, -23.36, -18.52, -11.984, -5.293, 0.711, 5.367, 8.57, 10.55, 11.67, 12.414, 13.266, 14.24, 15.48, 16.75, 18.06, 19.27, 20.23, 20.84, 21.03, 20.45, 19.11, 17.08, 14.47, 11.53, 8.94, 7.195, 6.46, 6.36, 6.33, 5.695, 4.176, 1.618, -2.035, -6.598, -11.66, -16.64, -20.81, -23.45, -24.53, -23.64, -21.14, -17.61, -13.48, -9.36, -5.477, -1.741, 1.88, 5.49, 9.19, 12.73, 16.05, 19.03, 21.56, 23.42, 24.25, 23.34, 20.72, 16.78, 12.78, 9.555, 7.45, 6.098, 5.2, 4.383, 3.727, 3.24, 3.057, 3.2, 3.568, 4.04, 4.3, 4.348, 4.215, 4.027, 3.934, 4.094, 4.453, 4.96, 5.535, 6.184, 6.848, 7.66, 8.51, 9.4, 10.16, 10.51, 10.516, 10.24, 9.84, 9.44, 8.97, 8.3, 7.45, 6.62, 5.984, 5.703, 5.66, 5.344, 4.242, 1.943, -1.809, -6.816, -12.3, -16.69, -18.72, -17.73, -14.28, -9.586, -5.297, -2.615, -2.268, -4.55, -9.66, -17.4, -26.42, -34.06, -37.84, -36.8, -31.75, -24.47, -17.34, -12.42, -10.914, -13.16, -18.47, -25.78, -33.47, -39.78, -43.75, -45.4, -45.1, -43.53, -40.94, -37.7, -33.75, -28.97, -23.28, -16.72, -9.14, -0.5786, 8.69, 17.8, 25.64, 31.28, 34.22, 34.03, 30.8, 25.17, 18.6, 12.87, 8.805, 6.418, 5.176, 4.395, 3.844, 3.516, 3.434, 3.715, 4.21, 4.64, 4.71, 4.082, 2.666, 0.8325, -0.6963
-1.874, -1.69, -0.6606, 0.68, 2.15, 4.13, 7.008, 10.66, 14.67, 18.42, 21.4, 23.33, 24.11, 23.7, 21.89, 18.83, 14.664, 10.13, 6.215, 3.727, 3.053, 4.01, 5.664, 7.008, 7.555, 7.207, 6.24, 4.863, 3.047, 0.4524, -3.342, -8.586, -14.875, -20.75, -24.38, -24.61, -21.45, -16.03, -9.96, -4.332, 0.1282, 3.188, 5.176, 6.547, 7.62, 8.74, 9.88, 11.086, 12.22, 13.21, 14.04, 14.69, 15.14, 15.234, 14.836, 13.664, 11.945, 9.84, 7.582, 5.51, 4.22, 3.781, 3.984, 4.363, 4.324, 3.53, 1.887, -0.4702, -3.643, -7.445, -11.66, -15.516, -18.44, -20.14, -20.12, -18.67, -16.12, -12.91, -9.42, -5.93, -2.49, 0.872, 4.098, 7.277, 10.234, 12.984, 15.43, 17.56, 19.08, 19.58, 18.45, 15.734, 11.984, 8.41, 5.65, 3.922, 2.861, 2.154, 1.65, 1.229, 0.9155, 0.912, 1.174, 1.573, 2.027, 2.363, 2.531, 2.527, 2.387, 2.299, 2.35, 2.568, 2.92, 3.277, 3.682, 4.156, 4.72, 5.37, 6.125, 6.81, 7.125, 7.176, 6.96, 6.74, 6.574, 6.42, 6.168, 5.754, 5.254, 4.85, 4.65, 4.523, 4.168, 3.291, 1.692, -0.7036, -3.805, -7.15, -9.9, -11.086, -10.27, -7.754, -4.57, -1.82, -0.36, -0.7485, -3.123, -7.78, -14.78, -23.3, -30.83, -34.97, -34.84, -30.9, -24.86, -18.88, -14.67, -13.27, -14.84, -19.1, -25.33, -32.2, -37.72, -41.06, -42.0, -41.2, -39.3, -36.62, -33.38, -29.55, -24.98, -19.62, -13.53, -6.598, 1.159, 9.32, 17.14, 23.72, 28.36, 30.36, 29.34, 25.22, 19.08, 12.91, 8.016, 4.836, 3.148, 2.41, 1.981, 1.738, 1.695, 1.839, 2.148, 2.588, 3.014, 3.217, 2.896, 1.89, 0.4104, -1.0625
-2.107, -2.201, -1.505, -0.3237, 0.967, 2.55, 4.62, 7.152, 9.89, 12.62, 14.79, 16.11, 16.4, 15.734, 13.99, 11.26, 7.965, 4.69, 2.066, 0.5293, 0.2983, 1.227, 2.672, 3.932, 4.51, 4.41, 3.834, 2.953, 1.834, 0.3208, -1.939, -5.453, -10.305, -15.47, -19.6, -21.28, -20.03, -16.58, -12.13, -7.76, -4.18, -1.65, 0.2021, 1.783, 3.113, 4.348, 5.484, 6.61, 7.527, 8.25, 8.805, 9.19, 9.36, 9.31, 8.87, 7.836, 6.367, 4.824, 3.332, 2.115, 1.395, 1.278, 1.631, 2.1, 2.297, 1.898, 0.947, -0.3684, -2.094, -4.297, -6.938, -9.8, -12.4, -14.195, -14.87, -14.33, -12.78, -10.586, -7.945, -5.188, -2.496, 0.1852, 2.814, 5.39, 7.8, 9.945, 11.664, 12.88, 13.55, 13.27, 11.914, 9.336, 6.324, 3.678, 1.794, 0.7217, 0.1439, -0.2622, -0.5405, -0.7124, -0.827, -0.7734, -0.574, -0.281, 0.01213, 0.2827, 0.508, 0.617, 0.5615, 0.4758, 0.4758, 0.611, 0.8394, 1.086, 1.311, 1.546, 1.868, 2.318, 2.84, 3.281, 3.527, 3.6, 3.477, 3.39, 3.375, 3.36, 3.287, 3.154, 2.941, 2.803, 2.695, 2.53, 2.227, 1.598, 0.601, -0.6323, -2.127, -3.648, -4.824, -5.33, -4.75, -3.201, -1.3, 0.1382, 0.6567, -0.10895, -2.139, -5.504, -10.61, -17.1, -23.22, -27.16, -27.77, -25.31, -21.11, -16.8, -13.51, -11.945, -12.445, -15.125, -19.73, -25.19, -29.9, -33.06, -34.12, -33.7, -32.12, -29.83, -27.14, -23.66, -19.67, -14.99, -9.79, -4.074, 2.244, 8.79, 14.91, 19.78, 22.95, 23.66, 21.53, 17.03, 11.61, 6.754, 3.336, 1.318, 0.47, 0.2368, 0.1561, 0.1399, 0.1909, 0.3125, 0.524, 0.8105, 1.131, 1.332, 1.236, 0.7026, -0.2385, -1.333
-2.16, -2.268, -1.913, -1.183, -0.2593, 0.7334, 1.85, 3.104, 4.395, 5.76, 6.88, 7.47, 7.37, 6.77, 5.465, 3.861, 2.031, 0.396, -0.8013, -1.425, -1.459, -0.936, -0.1128, 0.5386, 0.8677, 0.8047, 0.4534, 0.02022, -0.4993, -1.119, -2.033, -3.61, -6.09, -9.23, -12.23, -14.05, -14.09, -12.61, -10.24, -7.75, -5.695, -4.04, -2.594, -1.253, -0.01836, 0.934, 1.723, 2.328, 2.838, 3.271, 3.494, 3.59, 3.627, 3.473, 3.062, 2.275, 1.32, 0.4077, -0.262, -0.7075, -0.898, -0.7607, -0.4353, -0.12177, -0.01909, -0.263, -0.7856, -1.366, -1.953, -2.719, -3.822, -5.305, -6.98, -8.31, -9.12, -9.11, -8.32, -7.02, -5.492, -3.777, -2.205, -0.636, 1.015, 2.732, 4.38, 5.734, 6.54, 6.73, 6.44, 5.695, 4.484, 2.79, 1.031, -0.4111, -1.262, -1.642, -1.764, -1.879, -1.949, -1.989, -1.99, -1.964, -1.921, -1.83, -1.728, -1.588, -1.395, -1.266, -1.299, -1.3955, -1.469, -1.438, -1.312, -1.165, -1.026, -0.876, -0.715, -0.5073, -0.2688, -0.025, 0.1431, 0.169, 0.1642, 0.2084, 0.2452, 0.3074, 0.2834, 0.1768, 0.05746, -0.02939, -0.0744, -0.0973, -0.267, -0.6343, -1.174, -1.638, -2.023, -2.383, -2.607, -2.719, -2.447, -1.716, -0.927, -0.4077, -0.3228, -0.9434, -2.205, -4.047, -6.688, -10.22, -13.84, -16.58, -17.4, -16.38, -14.09, -11.6, -9.49, -8.09, -7.758, -9.0, -11.6, -15.05, -18.22, -20.73, -21.97, -22.05, -21.39, -20.08, -18.2, -15.67, -12.71, -9.234, -5.652, -1.973, 2.068, 6.17, 9.81, 12.51, 13.77, 13.35, 11.14, 7.76, 4.336, 1.666, -0.1107, -1.062, -1.302, -1.22, -1.082, -0.996, -0.9585, -0.9688, -0.92, -0.8286, -0.656, -0.508, -0.4912, -0.671, -1.062, -1.649
-2.25, -2.258, -2.168, -1.882, -1.442, -1.075, -0.854, -0.8506, -0.947, -0.762, -0.5815, -0.4558, -0.544, -0.7095, -1.037, -1.295, -1.699, -1.998, -2.236, -2.346, -2.361, -2.268, -2.215, -2.146, -2.129, -2.2, -2.38, -2.545, -2.709, -2.84, -2.926, -3.158, -3.734, -4.63, -5.695, -6.355, -6.47, -6.062, -5.312, -4.71, -4.24, -3.793, -3.184, -2.412, -1.766, -1.386, -1.278, -1.332, -1.33, -1.246, -1.211, -1.16, -1.129, -1.065, -1.288, -1.693, -2.137, -2.445, -2.486, -2.383, -2.277, -2.139, -1.946, -1.801, -1.827, -2.117, -2.494, -2.674, -2.621, -2.488, -2.615, -3.094, -3.701, -4.34, -4.77, -4.875, -4.457, -3.879, -3.34, -2.803, -2.406, -2.086, -1.632, -0.9463, -0.1577, 0.4124, 0.556, 0.164, -0.4346, -0.9663, -1.355, -1.857, -2.475, -2.963, -3.111, -3.084, -2.936, -2.846, -2.797, -2.791, -2.691, -2.682, -2.8, -2.91, -2.979, -2.963, -2.832, -2.686, -2.695, -2.834, -2.945, -2.99, -2.951, -2.906, -2.756, -2.674, -2.668, -2.656, -2.61, -2.496, -2.39, -2.396, -2.326, -2.229, -2.086, -2.012, -2.09, -2.283, -2.482, -2.576, -2.625, -2.518, -2.545, -2.781, -2.95, -2.98, -2.865, -2.758, -2.658, -2.775, -2.922, -2.895, -2.785, -2.59, -2.412, -2.525, -3.06, -3.752, -4.63, -5.695, -6.664, -7.367, -7.516, -7.06, -6.336, -5.562, -4.887, -4.32, -4.07, -4.363, -5.13, -6.4, -7.574, -8.57, -9.02, -9.21, -9.09, -8.61, -7.82, -6.598, -5.15, -3.68, -2.365, -1.237, -0.286, 0.7075, 1.53, 2.205, 2.586, 2.363, 1.688, 0.606, -0.572, -1.373, -1.932, -2.293, -2.303, -2.066, -1.804, -1.66, -1.769, -1.983, -2.137, -2.168, -2.035, -1.843, -1.792, -1.852, -1.972, -2.14
