0.1709868802159258, 0.006522334188464011, 0.013619494433162944, 0.06015557861366978, 0.5882268876001808, 0.013875397062848922, 0.05064102972162632, 0.0038480880508749704, 0.15316090673558638, 0.04371924553284402, 0.0014195593636809238, 0.16363286248098236, 0.10559102685704465, 0.06805927774347353, 0.09293275871946834, 0.08732008835643035, 0.6278265463966746, 0.19895983856490823, 0.11961951989611116, 0.526755511136857, 0.02452018256933879, 0.03996600696411634, 0.13120707106072277, 0.12260282256781102, 0.1611432227180424, 0.38035278914769144, 0.1543264731906984, 0.05198069908524359, 0.05237219191424079, 0.19118090788141906, 0.0535186611581822, 0.18095594273382945, 0.04168762055114551, 0.4475326403167591, 0.4263312347620169, 0.13806838074746486, 0.3521821746630934, 0.17891349599913425, 0.11400334837769191, 0.035124227358664724, 0.03793947457206333, 0.056110471000884836, 0.476339191933338, 0.0039623530310457, 0.014631328338351656, 0.1308658675544748, 0.16200959953148175, 0.010146666581790172, 0.02741595635650674, 0.009901267418248021, 0.012238766065528896, 0.12473057017906819, 0.13943987879636643, 0.1930804438191876, 0.08826062600658217, 0.31742811491428535, 0.00030810167355227225, 0.2222635287826801, 0.08141745867045216, 0.5069080978541101, 0.03952390652551706, 0.02355131738928392, 0.027826864683527384, 0.04034285859788275, 0.05700994964701988, 0.03943319477245673, 0.17088152726763467, 0.02254298463947648, 0.5372223742926074, 0.013564749094473904, 0.04173218071054357, 0.06547956280117893, 0.659320712198662, 0.021403517706297625, 0.1311351382319802, 0.004690911637203914, 0.4304664175541565, 0.043632034935164966, 0.006726674347989382, 0.39887135481981784, 0.029276024724522728, 0.006410933789968871, 0.6134151542736376, 0.010999038773704414, 0.022711676671483407, 0.0026726547033248246, 0.07133190316440789, 0.1308534543672139, 0.07977414364922243, 0.04567830111209426, 0.08762882660368831, 0.07339026424174523, 0.0014548892043465252, 0.05944261606330089, 0.007153815304505032, 0.03071118014399297, 0.4669484566270506, 0.3530262713968337, 0.03903629106696119, 0.0642137359874213, 0.5511003176502791, 0.6204235124863933, 0.17922541711492065, 0.07475157711135584, 0.48945483827845004, 0.02458065707137901, 0.010062002278933866, 0.5908718513473082, 0.06858254132954784, 0.1686888491383975, 0.16220375451171615, 0.0978101864524384, 0.012808181245265483, 0.09474444748585215, 0.6712886161524212, 0.12977509850978095, 0.06794628591071417, 0.15197974422468505, 0.1275127155597711, 0.09062613389691325, 0.04687346824452069, 0.04710931880247755, 0.016842148818200915, 0.003052052631913986, 0.0862277278774723, 0.02305988248849393, 0.06257742327695412, 0.035769394809378005, 0.1955019701956191, 0.011552539610798836, 0.19415498023438643, 0.1636191761463101, 0.08107148086141154, 0.5353705813827654, 0.010306128295064644, 0.03915310234195466, 0.14089826915609424, 0.07509946464151351, 0.08449624739800497, 0.16595062734338695, 0.5909399647338167, 0.03631589333570988, 0.04584317370186707, 0.06472522295994042, 0.06016990152204773, 0.007701268691395433, 0.09072989541094016, 0.05569860781330566, 0.024318388704636165, 0.20602548841117568, 0.14096542768204418, 0.25063625541883366, 0.07128256870221719, 0.04292161867961882, 0.12968756962524905, 0.13441635739794133, 0.15516675048220457, 0.08843854835732155, 0.15448338860915012, 0.08267373687862449, 0.0034457734688810946, 0.35526382797232176, 0.08404809950920167, 0.07505458619526262, 0.06880247754486253, 0.05232858661540126, 0.5396267131789855, 0.08109789867019752, 0.007446002635415142, 0.5090628998478589, 0.5056368601638541, 0.037313404332520644, 0.050908390678014656, 0.026657160499328415, 0.06470389774079992, 0.06591943523180832, 0.10511709773316104, 0.003103933388927437, 0.020932453164089603, 0.06325187311812898, 0.1299364699441725, 0.148978617489226, 0.07123578053484923, 0.020906990215862144, 0.08188406719672037, 0.023568823166190297, 0.13679045903329917, 0.036951830467690704, 0.01568231152644009, 0.11432863754129773, 0.025964886594394332, 0.6584151861023229, 0.11374808232171162, 0.4032589390862621, 0.07079590810421985, 0.03550267042669535, 0.20460051817099642, 0.07972226289220898, 0.05703159315301322, 0.2461862869292321
0.10028072900420776, 0.4390964472821486, 0.48081907938710683, 0.4404431189565284, 0.6427258722651202, 0.03065898110012668, 0.5949834809123374, 0.1917465036189215, 0.0008714694030848362, 0.22328204671177854, 0.2754791808569555, 0.38637095696125173, 0.15852754136137653, 0.062286509093455386, 0.6192776798161576, 0.016202073957133127, 0.07166196663080635, 0.09021681700415683, 0.11279926921338587, 0.09589028015608787, 0.05410526382797232, 0.051604484025182855, 0.15538445868954937, 0.10254343024107046, 0.1180818761100254, 0.20174643996155095, 0.022010490734669715, 0.31787689937679436, 0.014250020688645434, 0.14492905386050123, 0.15794921414976032, 0.6589970144693204, 0.015030141764964257, 0.1247579428484127, 0.007867732715432457, 0.0558526586500818, 0.5121712892527261, 0.43386794915049237, 0.0626566767033121, 0.6006114290443119, 0.16016098949016813, 0.5934292862099038, 0.031173650941174223, 0.7681859559109051, 0.07861239663634453, 0.18770203257984225, 0.3356379423391537, 0.02963186942600149, 0.07988745376883462, 0.22943262185612162, 0.13724369951174797, 0.1696844504140912, 0.13491638604375808, 0.11238263172301405, 0.36066961188101165, 0.1197461980635428, 0.05196669446371848, 0.0792559726527936, 0.39553920975740176, 0.14187095377838324, 0.0696513485813955, 0.15241484235252178, 0.21229382969107077, 0.09483611409947101, 0.5322208146870285, 0.41723968909740217, 0.5076070557829538, 0.37968820619895477, 0.10533480594050582, 0.0019214977306147392, 0.08764919696227028, 0.39161855230407855, 0.12618736910453177, 0.13275712803406942, 0.3492297458161193, 0.141319044375553, 0.0247108363941919, 0.17402588308687322, 0.4632209992934032, 0.09251739437650788, 0.013589575468995677, 0.15966987287623097, 0.12523059882488494, 0.10083932243094766, 0.49272014310176904, 0.1365568364833122, 0.04804667358410093, 0.0793081716966599, 0.019568275712803406, 0.11193002781827094, 0.05568619462604478, 0.13732295293810595, 0.21507788479289075, 0.15559261829130885, 0.19624135055477399, 0.09978451980062511, 0.2971650190017251, 0.09032980883691619, 0.03221667695794157, 0.020489716151784635, 0.08143146329197726, 0.05318414167584394, 0.5463877625070819, 0.12946094938602465, 0.007787524428515956, 0.05909727482796596, 0.09166597704515217, 0.5328561152453036, 0.523922758146552, 0.05678269283408979, 0.06052924737890777, 0.007792935305014291, 0.49688874601345717, 0.04361866688734555, 0.24762303378296657, 0.19078750533130479, 0.12032229726718909, 0.5125172670617667, 0.5411042007498839, 0.06251153789841557, 0.13687926106524245, 0.4350678905857115, 0.09890604808677773, 0.4794367595852086, 0.04720003055553787, 0.1490919276088382, 0.02071219866192207, 0.17813114691484552, 0.15772354877109446, 0.10906894729806291, 0.02550241579721308, 0.6246013457168138, 0.6068151580930798, 0.046456830754148866, 0.4660394293753302, 0.0683696074249957, 0.4829070411417586, 0.5280623969546314, 0.07913279564074327, 0.030122031179380105, 0.07097128416013648, 0.02820880890693929, 0.33519997962964143, 0.008379856261657256, 0.5371752678383866, 0.030298043809002424, 0.39754632665143136, 0.06342406630551718, 0.3601778586933688, 0.052489321476087106, 0.15148512645536663, 0.04040301481307013, 0.5065236073358754, 0.44491027493618346, 0.010749820167928144, 0.6596915163822243, 0.009048576939480938, 0.3280375705801096, 0.07428910631417458, 0.01827157507431998, 0.0074867433525790785, 0.025936877351344124, 0.46381746885563147, 0.32716291830849636, 0.5274770674322526, 0.3340200902661515, 0.009017066541049456, 0.0009749126302588945, 0.15198929283027035, 0.0924881119860463, 0.3703951849564902, 0.10768726406987034, 0.0692334379436123, 0.5351932956057317, 0.6364906328179208, 0.5936928277240581, 0.02779248970342031, 0.02483655970106499, 0.5484251166521316, 0.07552883360599907, 0.44763767497819734, 0.7320301608621754, 0.624487080736643, 0.1797165337288578, 0.04352859170799091, 0.6140055763856618, 0.058404364349326186, 0.014423168736592166, 0.5492555270511996, 0.037801656364782193, 0.15316217988299774, 0.022450681452151938, 0.3376587455678556, 0.09415752652920918, 0.5430957215881241, 0.149823350796672, 0.07633441763054535, 0.4581424142694362, 0.6224303110935699, 0.007229249288628884
0.18482758401181482, 0.006871813152885907, 0.19506814521519375, 0.18520825508781535, 0.07619246169417726, 0.023476838265718596, 0.00024730888465921027, 0.20535422143852927, 0.6290529056406796, 0.06384866096721009, 0.11025456582490403, 0.37967770273281093, 0.08423429731811498, 0.07450617794781368, 0.02147163109280608, 0.08025602994442711, 0.578162657313277, 0.03456563393192481, 0.0811676034909702, 0.08720264050773119, 0.22111037551482898, 0.13574838787709034, 0.0021178807188190285, 0.01556804654626936, 0.30618049410851034, 0.19655008880203195, 0.12070265005633678, 0.01607444092914298, 0.14695017537605592, 0.04579320266597068, 0.2863537694711982, 0.08969769114716948, 0.04811224067578665, 0.0878987338548994, 0.12023795125118562, 0.45996969909160934, 0.036758948634867686, 0.5037131344252694, 0.018246748699798206, 0.04032789911579912, 0.2619239803680669, 0.07187521882221133, 0.28645180182187396, 0.19170862748343317, 0.034458689549369474, 0.3548392333106289, 0.06743639037245927, 0.17369518304676906, 0.2593942364616687, 0.10198706482230045, 0.052142707093340804, 0.22396222571630456, 0.15533576080106434, 0.0256335499805845, 0.016496171009160294, 0.031861787117021347, 0.11584050009230319, 0.04280926342056515, 0.027760661018135985, 0.5678479352731856, 0.22091303766606615, 0.2804495483509558, 0.4155222132394599, 0.05354094123788123, 0.04836273242897429, 0.09978197350580237, 0.09371765409857981, 0.07292461057603554, 0.0036657096841957847, 0.04917818334595871, 0.21876937571216684, 0.0833838348473178, 0.03752952110560121, 0.17421749177228485, 0.07763048169532309, 0.04008600110763825, 0.38170137054318837, 0.13477443010739, 0.0827415319782801, 0.005983474546600378, 0.12385400818633785, 0.006830754148869127, 0.006550025144661375, 0.08419801261689085, 0.16229446626477648, 0.14888758744931282, 0.061908384312277596, 0.36060722765785436, 0.6017999121528286, 0.0021137429897320663, 0.09595712039518496, 0.4869480110254566, 0.043536230592459146, 0.11134278857477513, 0.013262058297419967, 0.15148671788963086, 0.5166260320451204, 0.600558275139887, 0.4884461872417898, 0.07162600021643506, 0.03393829054497075, 0.22280047870342667, 0.0921628228224405, 0.021209044439210394, 0.14406617820244316, 0.11441075554933128, 0.22606864810842123, 0.1574596889700874, 0.03560865994869216, 0.07926806755320165, 0.04745306860354826, 0.08251777632073129, 0.4990254056565939, 0.023802445716177248, 0.07803884372752098, 0.1398479225417115, 0.051785907531303514, 0.13617489225990032, 0.344312213939691, 0.13613924413238188, 0.2182827151141695, 0.27031179380104525, 0.03927055019065383, 0.35681483980622697, 0.014575946425956929, 0.05750488570319114, 0.06467779821886677, 0.03734173186242369, 0.22237843033655652, 0.02010618049410851, 0.028822784246073933, 0.289810364693076, 0.48027098942651075, 0.02038563635090489, 0.062308152599448725, 0.1583219280544398, 0.10842791757643659, 0.23986956604770485, 0.3824369314601091, 0.10625942924801549, 0.09587532067400424, 0.4585383631143732, 0.11683737451540827, 0.009545422716769262, 0.05317268334914158, 0.01644492682585253, 0.012443742798759955, 0.2045075784099662, 0.12295739412187841, 0.020394866669637343, 0.08383675703891375, 0.013729303397393868, 0.17537573762978145, 0.09026583317949469, 0.3185850876243706, 0.025649146036373822, 0.11399570949322367, 0.107537669249034, 0.07651488627610747, 0.05307751558014145, 0.048898090915456646, 0.15463234685628074, 0.16389162969234392, 0.06205384140402696, 0.025993532411150225, 0.01977770846197427, 0.007358473750883246, 0.08838348473177966, 0.07510423894430616, 0.013763996664353783, 0.09035845465367208, 0.508890070086765, 0.09862786537739272, 0.05613879853078789, 0.09884175414250339, 0.0922379385197115, 0.09636102641144305, 0.04934114621461446, 0.0663379824432972, 0.014055547421558205, 0.10047329255017792, 0.06526599232292112, 0.07998962384859731, 0.22884952034171277, 0.13319381759617038, 0.08044127289278188, 0.013030982042255763, 0.17796563775136703, 0.17710053408533907, 0.18545365425135749, 0.012303378296656078, 0.09586513549471326, 0.049627922669026235, 0.05203098840799282, 0.2683992081023101, 0.006968254069297413, 0.07663074269054243, 0.1433115200743518, 0.05334774111820537, 0.06221330311730144
0.018265527624115957, 0.04123374349899103, 0.09246201246411316, 0.09976192143407324, 0.06933433487596362, 0.37597029747089267, 0.09411487609092818, 0.0033926195644562707, 0.0692569911707227, 0.0013810466544868897, 0.14854797537732906, 0.37859457257258533, 0.05350179195498151, 0.013203175229643965, 0.28377787397113774, 0.11343584291907238, 0.39378863206676384, 0.18092061289316383, 0.1770403778701517, 0.12820626261211654, 0.010975167259741169, 0.03826667345678619, 0.3225709938825267, 0.039124774812051615, 0.027253630061556677, 0.012935814273255629, 0.055774041797429515, 0.4216594203359836, 0.06994067133063002, 0.12101107001674188, 0.634843498354457, 0.09759056852397655, 0.04549655931912076, 0.38627387947113456, 0.22666989197344214, 0.1734784296999828, 0.13626878688148908, 0.15088897517999122, 0.054787034266762576, 0.017278838380301864, 0.09483993354170513, 0.1906528699925521, 0.11599200463425657, 0.06314620188298502, 0.07255253324506178, 0.1339144190310075, 0.08748050493026335, 0.23911554449331915, 0.19086421246284002, 0.2819665034916068, 0.289623530310457, 0.14254126589047114, 0.0318070417783323, 0.04452005525459765, 0.37466850424276377, 0.06795742595056369, 0.48225773596195837, 0.2561069698455036, 0.11266590702204454, 0.4228886441616643, 0.03516178520730023, 0.2709747853155178, 0.034955217039804955, 0.07905672508291373, 0.13717303983041676, 0.12315918798658103, 0.10789542367162983, 0.4840029027760979, 0.044871125653283765, 0.032051167794463084, 0.039922719952129655, 0.10853518024584477, 0.42259200081481435, 0.04196994098961748, 0.17615649527980598, 0.08767847935273186, 0.11080774837514562, 0.07185898619271633, 0.015659394873035373, 0.035504580147812416, 0.2841302175172352, 0.025998306713942872, 0.39688333513695884, 0.3430928570064485, 0.4090415746287184, 0.15555506044267337, 0.32954625026258666, 0.1006181130682216, 0.36238104028874984, 0.006626732276196599, 0.33628692923210113, 0.3199263484222521, 0.16684246710505377, 0.051569154184517255, 0.059929594948151074, 0.09629609589346302, 0.36079756319585465, 0.37797009376730684, 0.1416742525033261, 0.06473254355755581, 0.02445334233024171, 0.3745536026888873, 0.0663306618456818, 0.3465004360529884, 0.1342101075172989, 0.04667294752722944, 0.08983041676480512, 0.05210387609729392, 0.2880871596717826, 0.16696405268283987, 0.13620544779777327, 0.09470147876071831, 0.2406375922236156, 0.0300513714980489, 0.11006645829487367, 0.006537293670547645, 0.05169742378621309, 0.0321778459618947, 0.062204709372274666, 0.010530520526319139, 0.08129587309266603, 0.2938764792381486, 0.1155521322036272, 0.2591615687722403, 0.2515223660171493, 0.2222730773882654, 0.023862920218217468, 0.073254674042434, 0.17897588022229155, 0.364983990171302, 0.25545129892864643, 0.0008024011560178496, 0.4847849335735338, 0.1271979298623091, 0.0903476329006754, 0.08797544098643462, 0.14062486074950187, 0.009711250167100598, 0.20764047590250237, 0.03343221444894997, 0.04822427764798747, 0.04531704553411717, 0.3041049455411195, 0.042380531029785284, 0.01784443411780433, 0.06370224901490219, 0.1436123011502887, 0.049841174860431214, 0.11718239746389035, 0.1464167266106906, 0.47102698435938406, 0.0611718685347983, 0.16169003953122713, 0.07683444627636211, 0.0735121681063842, 0.14001406827889568, 0.017842842683540115, 0.0033200501620080083, 0.043264413620131004, 0.12589740978159156, 0.0852741404663539, 0.1645227925215321, 0.0519587372923974, 0.09570885664996721, 0.05704336976656842, 0.028159474444748585, 0.185785627438873, 0.14125220413645595, 0.5855917907454915, 0.11301697742073066, 0.07505617762952684, 0.08138658484572636, 0.12830270352852804, 0.06874550419820359, 0.16528986383688435, 0.012806589811001266, 0.004908301557695858, 0.16435091762099674, 0.060974848972888324, 0.1997129052587354, 0.006314174586704521, 0.0023320877707825403, 0.13188311233616185, 0.07706870540005474, 0.0923681178425244, 0.5704919441597546, 0.4630567632773361, 0.26373566913445073, 0.08331635803451502, 0.05653761195740049, 0.0677441737591587, 0.016461159455347537, 0.2899033044541062, 0.5058170105225633, 0.08473400767707889, 0.04531704553411717, 0.06948042854141867, 0.26005022566537866, 0.29498157119122037, 0.020474438382848157
0.05874524956872131, 0.013351496903068923, 0.03167654416866657, 0.0069198744676652385, 0.13247926361153725, 0.2549598640278565, 0.07202417706934197, 0.06491428535052932, 0.24496056425893273, 0.37517012432284474, 0.44031771393650815, 0.09577856147073989, 0.022680166273051926, 0.3790579982303251, 0.4572967261014316, 0.43942873875651695, 0.04023336792050468, 0.15239542685449836, 0.35790401741665656, 0.17375533926195644, 0.3057317096460014, 0.40742053968718767, 0.3391298674016971, 0.05897441610276846, 0.36186382415287954, 0.41424142694361865, 0.14597940047488397, 0.2792642481109675, 0.21486017658554596, 0.39606024533550616, 0.4265349383478366, 0.14498316262548458, 0.10933280709906996, 0.01675875766275598, 0.15510245653793026, 0.12211297910128524, 0.3260266342438459, 0.06453552399564584, 0.07302073320559421, 0.16554958590880445, 0.22028919543449338, 0.07256717444029256, 0.08829850214207052, 0.15644880992545723, 0.08463151931046337, 0.1446712415096982, 0.08415122444952289, 0.20723338701771585, 0.008488392078476806, 0.15816405777542952, 0.0657736598532061, 0.5998478588843409, 0.24839615254852282, 0.14847954370396776, 0.0964246837820117, 0.2284847636083544, 0.28963053262121957, 0.28809925457219066, 0.36766428375909505, 0.2363617266425193, 0.09978165521894952, 0.2501731480479467, 0.024373134043325206, 0.43685443469072066, 0.03274089540457442, 0.3532567110782922, 0.11828589798269792, 0.28826921975160896, 0.06960265069291048, 0.019459421609131014, 0.12635351484171595, 0.03040498819155776, 0.26545982901630266, 0.06780974085084442, 0.1304641895461866, 0.15336429203455323, 0.11890273790350815, 0.04919409768860088, 0.04774907537669249, 0.04900694501912904, 0.0921555022248251, 0.07842174281149143, 0.08138722141943205, 0.1757064376698856, 0.1937676251344762, 0.02428433201138194, 0.3182814419667581, 0.014001438656574852, 0.1802515739284873, 0.3472617782049895, 0.22228326256755637, 0.26062250542679083, 0.012748979890636638, 0.26533474228313525, 0.06824324754441694, 0.07526306408387495, 0.27288737101425287, 0.04720448657147768, 0.03168354647942912, 0.27889726336963927, 0.01810160989490168, 0.3425645008307287, 0.005877166737750731, 0.2326832854842098, 0.09279653194645142, 0.06319299005035298, 0.07837845579950474, 0.018848947425377648, 0.08133279436759586, 0.03295669389080215, 0.08225200679860718, 0.3569380168182773, 0.17624179615636795, 0.12168010898141841, 0.13777937628508316, 0.02322730137308948, 0.08849870457250893, 0.0050438917570070855, 0.316374903718227, 0.028507680261759108, 0.3901121006295714, 0.2621209999299769, 0.30009898721123424, 0.012732110687435945, 0.19858394179170036, 0.1347489671591625, 0.1134963174211126, 0.4158128091361058, 0.19720512314518338, 0.3481093760941111, 0.47605782635542454, 0.5261752742041237, 0.27844529603860185, 0.1069329242286318, 0.09939843784812624, 0.12778230452412934, 0.13079584444684927, 0.2856007027773711, 0.23672202735993786, 0.016827507622970125, 0.09427561095161403, 0.38863620449293723, 0.1948676244979025, 0.30227861557950486, 0.31870826463642093, 0.10972557307547855, 0.0171142840773819, 0.021864078782361816, 0.10777988554404772, 0.05024635402410068, 0.4023470472528662, 0.18568727680134445, 0.09238148589034381, 0.12605018747095634, 0.019971863442208655, 0.095648382147927, 0.2391893870431788, 0.25815291773558, 0.22729850850780758, 0.30842919072384795, 0.47114697850290593, 0.17303855726935344, 0.475200043287012, 0.3974104181652673, 0.3260950659172072, 0.1132887943930588, 0.3657284631201024, 0.363412289691962, 0.4207873143591931, 0.02679147755122827, 0.5085189476163497, 0.35209910179450127, 0.42139556053497657, 0.1144521328402009, 0.46695418579040177, 0.15899064873226346, 0.05312653175547931, 0.23181850010503466, 0.06146596558682547, 0.092275496368347, 0.11635326021223368, 0.08086141153853499, 0.3777399723727012, 0.1271059449618374, 0.25433665836998937, 0.16367965064835033, 0.3074905627948132, 0.1246586373503256, 0.10042777753022133, 0.0047660273344749225, 0.08457741054548001, 0.09730824808550458, 0.36971882539419826, 0.4103029454265362, 0.5058084167775366, 0.030611874645905875, 0.29588709728755946, 0.05146030008084486, 0.04638553449911198, 0.11989070029473363
0.0004774302792648847, 0.026425447670458523, 0.19779299896238486, 0.013272561763563794, 0.276012311335468, 0.035923127359301296, 0.09691993812503581, 0.01540381053020224, 0.11211940849571268, 0.2640714617642004, 0.0965077566506038, 0.002089871475768822, 0.010018078693241497, 0.41141058367443073, 0.37195033451948234, 0.019273223800217707, 0.013722937660337001, 0.037241789790630905, 0.34143267278201805, 0.029238148589034382, 0.09184771883812567, 0.07358664722994952, 0.028836152293893347, 0.24299673437688982, 0.18361077337339504, 0.3143054026010402, 0.307832084587914, 0.05349797251274739, 0.05714363012521405, 0.025612543048296847, 0.0039817685290691384, 0.11991425352184402, 0.042994188082067085, 0.05513142064153898, 0.29647847426014223, 0.40454768255342444, 0.3706469498570892, 0.22580733460223693, 0.36430603917474585, 0.058988102437440716, 0.09030243616757166, 0.275126837310858, 0.35324970876752965, 0.12043051479715579, 0.15439649629832392, 0.0061251121961156275, 0.13773099668345098, 0.08853435270002737, 0.39184262624848015, 0.11021287024718157, 0.32393485304696007, 0.1235290373095849, 0.26860545798295254, 0.048713166253954714, 0.37929384878828193, 0.007096841957846089, 0.21640227638757153, 0.1811962493077261, 0.08725452126474464, 0.0552272249842448, 0.35161116804909254, 0.0025564800020370358, 0.06365100483159443, 0.32650661081793353, 0.3430839449745689, 0.0018992176509157112, 0.07270276463960379, 0.36550056973346656, 0.052491867770909854, 0.025808926036501135, 0.024586067947877346, 0.0006212959367500366, 0.06635835280187917, 0.018325683839303334, 0.054828729844485044, 0.272452591173269, 0.1366265413040849, 0.0474798046991871, 0.10852976936934643, 0.024501085358168195, 0.05023903342648529, 0.36006614000802084, 0.33155655002514467, 0.30140873761068426, 0.05466003781247812, 0.3986460077280048, 0.12154770165063562, 0.042358887523791945, 0.009993252318719724, 0.01977675360141574, 0.3468117205950691, 0.06443430877644168, 0.2945012763302799, 0.10871946833364102, 0.22505713249008535, 0.30615025685749025, 0.266149556626414, 0.0482112278870209, 0.04000993054980871, 0.18829850214207053, 0.1354530176776518, 0.22735516356761368, 0.10442832498360823, 0.006152484865460148, 0.33927023190380096, 0.04217491772284854, 0.14934178278832014, 0.06010815387259614, 0.0281257360383472, 0.25446301825056816, 0.015080749374566334, 0.38276763150021326, 0.044337995174771314, 0.01061645797658682, 0.1802012846057381, 0.11617883901687556, 0.22846534811033095, 0.2516159423518852, 0.0920517407107982, 0.2339510220190845, 0.09526230019542813, 0.4349055642907614, 0.04551279194861577, 0.014210871405745715, 0.2682012336798416, 0.09366131732562655, 0.005527369486475991, 0.04371924553284402, 0.3403027544544245, 0.07654289551915769, 0.03219948946788804, 0.3997087675296484, 0.012609888535944134, 0.38350701185936814, 0.06752009981475705, 0.031114449586545377, 0.009170162517267062, 0.21114131299692535, 0.018605139696099712, 0.4597828647089903, 0.06660407025227416, 0.11598436574978833, 0.2058953090883628, 0.022266075077502848, 0.04798588079520787, 0.35178240637592223, 0.27018193276508523, 0.19389334844134928, 0.02432952874448568, 0.03041071735490894, 0.15351770629762368, 0.12173580918066598, 0.12222979037627872, 0.3997046298005615, 0.2516843740252465, 0.19168921198540972, 0.05365234163637637, 0.3652090189762622, 0.2324993156832664, 0.2527754613567932, 0.018630284357474332, 0.10241070462343482, 0.1570093130733142, 0.13179431030421856, 0.1376507883965345, 0.39928226314683846, 0.12418438993958915, 0.0870275827386674, 0.1743810912146463, 0.07859170799090973, 0.0633718672616509, 0.13418719086389416, 0.07840869305052485, 0.11757770973512167, 0.43562330114392295, 0.0027398132292747518, 0.017371141567626407, 0.2344294071589079, 0.3952712122273077, 0.006152166578607304, 0.02758337524110229, 0.0845758191112158, 0.047107090794507644, 0.25557129307216836, 0.038094798556250836, 0.005448434346970864, 0.09665894290570434, 0.14782228135284645, 0.047621442348702345, 0.18364451177979643, 0.13333863811421406, 0.11160664837578219, 0.060288622518158266, 0.07784182416561101, 0.021275248104601793, 0.19086357588913433, 0.1779726400621296, 0.04365367844115831, 0.23106352369009045, 0.06273783985078712
0.1012721925508145, 0.002945108249358652, 0.014638648935967051, 0.046598150116811274, 0.004645714904100171, 0.01291830849634925, 0.0, 0.001716520997383682, 0.0, 0.1341763691108975, 0.0, 0.11615178463438389, 0.02383586583572579, 0.17057087929925965, 0.009781591561578958, 0.0, 0.031943905125054906, 0.02330814623371167, 0.14401652545339963, 0.0032000560184861004, 0.0032201080902152257, 0.005747305701790681, 0.01088445550668084, 0.02940811376845268, 0.011620652997307293, 0.014844580529756637, 0.011910930607100342, 0.007692356659515822, 0.0162386769452101, 0.00317459307025864, 0.19027601835878566, 0.2004494210362147, 0.11573037284121943, 0.17453991635421506, 0.0, 0.01567276292085479, 0.03032891763372822, 0.1726225563526873, 0.24320680369976638, 0.2496549770515179, 0.21623008320018333, 0.23885868700307464, 0.20536599805208447, 0.2474142376075014, 0.17603363655460846, 0.13587793062619755, 0.2021153344239963, 0.1243686780273854, 0.1518100973321196, 0.02416815731009415, 0.14776626286674602, 0.01240427522900739, 0.012969870966509858, 0.0, 0.012680229930422494, 0.00031892342654894296, 0.010760641920924813, 0.0, 0.016460841168494694, 0.003705813827654035, 0.00043446155413104506, 0.011551266463387463, 0.00256666518132802, 0.1490324079673565, 0.014238562361943078, 0.028204034604146642, 0.019538356748636142, 0.10511359657777976, 0.10350943083944975, 0.013676467779821887, 0.0056419527534995635, 0.01216174064714083, 0.03208840735624574, 0.0007750284866733294, 0.007610556938335105, 3.0237251020109364e-5, 0.010781967140065312, 0.010640329490550063, 0.022600594559841113, 0.09119141134756288, 0.14025883086873214, 0.0, 0.0017731760571897818, 0.14319057107027136, 0.03363241687938838, 0.0, 3.755784863550426e-5, 0.004991056139435105, 0.012773169691452724, 0.019202564118886507, 0.1523457741054548, 0.16147487761870508, 0.12290996938080476, 0.17932313117874354, 0.1520787314359193, 0.017797009376730684, 0.022972353603962034, 0.0, 0.012153465188966905, 0.011788708455608532, 0.1461149906741952, 0.173372440177986, 0.12762475253197192, 0.12434321507915794, 0.16999605324302475, 0.118464456907143, 0.26195230789796997, 0.2604067069405631, 0.2343816641309814, 0.1531771393650814, 0.17633091647516408, 0.19377812860062002, 0.18315753289494624, 0.06817927188699544, 0.22075325766593884, 0.09753486832472898, 0.028491447632264102, 0.11902846121038124, 0.0244348816927768, 0.2147007148722715, 0.031541908829913874, 0.24273446601014698, 0.1287136118555487, 0.14430966764486827, 0.05057037004029512, 0.0465710957343196, 0.007613103233157851, 0.003613192353476647, 0.22205473260721492, 0.03866198572801752, 0.01396610881590925, 0.07153115073428777, 0.024351490537331866, 0.046130268443131686, 0.05027436326715089, 0.2212583789014011, 0.012216804272682713, 0.005917907454914668, 0.07135672953892966, 0.03139263229593038, 0.08867344405471987, 0.05001432290837795, 0.03170869114080374, 0.2436043439789676, 0.13713961971086822, 0.004868833987943294, 0.08398857986771999, 0.0639186840748356, 0.004228759126875505, 0.04587754868197414, 0.07331610340503275, 0.0077076344284522985, 0.06298387558803496, 0.0035909122737776194, 0.04909511047736662, 0.055515592872920794, 0.13508412321520646, 0.0688413085409094, 0.034272173453603325, 0.04872939888344972, 0.07873780165636478, 0.04132127238352293, 0.07852996034145814, 0.03804482752035444, 0.08022229153802574, 0.04305911860004711, 0.22589231719194608, 0.17318528750851417, 0.10546816813184715, 0.14867497183161352, 0.03584451050664901, 0.030362656040129606, 0.09184899198553705, 0.024568880457823808, 0.07324257914202596, 0.11921593216670592, 0.18106256882953192, 0.0506820887256431, 0.03628406465042555, 0.005036889446244534, 0.04663793597341668, 0.1308136685106085, 0.012010554392040282, 0.14377526401894444, 0.06310068686302843, 0.13260435034470466, 0.010782603713770999, 0.03158392269448918, 0.047320342985912624, 0.007214608093398094, 0.0006916373312283963, 0.01263089546823179, 0.008351210444901364, 0.028700880381434965, 0.010576672119981412, 0.008369352795513428, 0.0, 0.0, 0.026750736834064332, 0.0
0.0, 0.0, 0.0, 0.0, 0.0, 0.0, 0.0, 0.0, 0.0, 0.0, 0.0, 0.0, 0.0, 0.0, 0.0, 0.0, 6.684023909708386e-6, 2.896410360873634e-5, 0.00629348594126971, 6.365737056865129e-7, 0.00028709474126461734, 5.092589645492103e-6, 0.0, 0.0, 0.0, 0.0, 0.0, 0.0, 0.0, 0.0, 0.0, 0.0, 0.0, 0.0, 0.0, 0.0, 0.0, 0.0, 0.0, 0.0, 0.0, 0.0, 0.0, 0.0, 0.0, 0.0, 0.0, 0.0, 0.0, 0.0, 0.0, 0.0, 0.0, 0.0, 0.0, 0.0, 0.0, 0.0, 0.0, 0.0, 0.0, 0.0, 0.0, 0.0, 0.0, 0.0, 0.0, 0.0, 0.0, 0.0, 0.0, 0.005511773430686672, 0.0, 0.0, 0.0, 0.0, 0.0, 0.0, 0.0, 0.0, 0.0, 0.0, 0.0, 0.0, 0.0, 0.0, 0.0, 0.0, 0.0, 0.0, 0.0, 0.008081621480543125, 0.0, 0.007629017575800014, 0.0, 0.0, 0.0, 0.0, 0.0, 0.0, 0.0, 0.0, 0.02496005499996817, 0.005656275661877511, 0.0, 0.0, 0.0, 9.230318732454437e-5, 0.009980839131458835, 0.006101558969005226, 0.005558561598054631, 0.006272160722129212, 0.011430317459307025, 0.0, 4.424187254521265e-5, 0.009508819728692287, 0.0013234367341222603, 0.00870482713841022, 0.0, 0.0, 0.009091227377761935, 0.12439318611505433, 0.11068297992883105, 0.2133352642735739, 0.10819270359218543, 0.12877599607870596, 0.004042879604815044, 0.012874066623804038, 0.002080959443889211, 0.00010630780884964766, 0.0, 0.011661712001324074, 0.00484400761342152, 0.01355647363629998, 0.01218338415313417, 0.01044744765772705, 0.013698111285815228, 0.012353031045699627, 0.012466022878458983, 0.012608615388532762, 0.0016821460172766103, 0.030885283052498234, 0.011152453036774862, 0.0023174465755517503, 0.0, 0.0, 0.0, 0.003225837253566404, 0.0, 0.003979858807952079, 0.00278851111775977, 0.0031453106797970603, 4.742474107364521e-5, 0.026821078228542693, 0.002669790121649235, 0.010760641920924813, 0.01892629113061856, 0.020602389697691147, 0.037266616165152686, 0.011417267698340453, 0.030405624765263446, 0.005398463311074473, 0.021734854320107452, 0.008022101839061435, 0.007940938691586406, 0.006759776180685081, 0.009498952836254146, 0.003141172950710098, 0.011382892718233381, 0.016568103837902873, 0.025820702650056336, 0.015333150848871036, 0.006397247455296611, 0.017183988898154572, 0.017823427185516674, 0.0, 0.01778300475520558, 0.02254075663150658, 0.014957572362515993, 0.015654302283389883, 0.01301793228128919, 0.0, 0.0, 0.0, 0.0, 0.0, 3.755784863550426e-5, 0.0, 0.0, 2.960067731442285e-5, 9.580434270582019e-5, 0.0, 0.0, 0.0, 0.0, 0.0, 0.0, 0.0, 0.0, 0.0
2.8327529903049823e-5, 0.0, 0.0, 0.0, 0.0, 0.0, 0.0, 0.0, 0.0, 0.0, 0.0, 0.0, 0.0, 0.0, 0.0, 0.0, 0.0, 0.0, 0.0, 0.0, 9.262147417738763e-5, 4.774302792648847e-6, 0.0, 0.0, 0.0, 0.0, 0.0, 0.0, 0.0, 0.0, 0.0, 0.0, 0.0, 0.0, 0.0, 0.0, 0.0, 0.0, 0.0, 0.0, 0.0, 0.0, 0.0, 0.0, 0.0, 0.0, 0.0, 0.0, 0.0, 0.0, 0.0, 0.0, 0.0, 0.0, 0.0, 0.0, 0.0, 0.0, 0.0, 9.548605585297694e-6, 9.86689243814095e-5, 0.0, 0.0, 0.0, 0.0, 0.0, 0.0, 0.0, 0.0, 0.0, 0.0, 5.888306777600245e-5, 0.0, 0.0, 0.0, 0.0, 0.0, 0.0, 0.0, 0.0, 0.0, 0.0, 0.0, 0.0, 0.0, 0.0, 0.0, 0.0, 0.0, 0.0, 0.0, 0.0, 0.0, 0.0, 0.0, 0.0, 0.0, 0.0, 0.0, 0.0, 0.0, 0.0, 0.0, 0.0, 2.864581675589308e-6, 0.0, 0.0, 4.8697888485018235e-5, 0.0, 0.0, 0.0, 0.0, 0.0, 0.0, 0.0, 0.0, 0.0, 0.0, 0.0, 0.0, 0.0, 0.0, 2.769095619736331e-5, 0.00022534709181302556, 0.00018174179297349944, 0.0, 0.0017750857783068413, 0.005267647414555894, 0.0003208331476660025, 4.774302792648847e-6, 0.0, 0.0, 0.0, 0.0, 0.0, 0.0, 0.0, 0.0, 0.0, 4.487844625089916e-5, 0.00013240733078279468, 5.92013546288457e-5, 8.434601600346295e-5, 9.548605585297694e-6, 5.8246494070315934e-5, 3.1828685284325644e-7, 0.0, 0.0, 0.0, 0.0, 0.0, 0.0, 0.0, 1.9097211170595387e-6, 6.365737056865129e-7, 0.0, 0.0, 0.005027977414364922, 0.0, 0.0, 0.005885442195924655, 0.0, 0.0, 0.0, 0.0, 0.0, 0.0, 0.0, 0.006865765702681885, 0.0, 0.0, 0.0, 0.0, 0.0, 0.0, 0.0, 0.0, 0.0, 0.0, 0.0, 0.0, 0.0, 0.0, 0.0, 0.0, 0.0, 8.657402397336576e-5, 0.00020497673323105717, 0.0007167819926030136, 0.00026131350618431354, 2.2916653404714465e-5, 3.151039843148239e-5, 9.548605585297694e-7, 0.0, 0.0, 0.0, 0.0, 0.0, 0.0, 0.0
0.0, 0.00011140039849513976, 0.0, 0.0, 0.0, 0.0, 0.0, 0.0, 0.0, 1.3049760966573515e-5, 9.103003991317135e-5, 0.0, 0.0, 0.0, 0.0, 0.0, 0.0, 0.0, 0.0, 0.0, 2.3553227110400977e-5, 9.548605585297694e-6, 0.0004144094824019199, 0.00014418394433799518, 0.0, 0.0, 0.0, 0.0, 0.0, 0.0, 0.0, 0.0, 0.0, 0.0, 0.0, 0.0, 0.0, 0.0, 0.0, 0.0, 0.0, 0.0, 0.0, 0.0, 0.0, 0.0, 0.0, 0.0, 0.0, 0.0, 0.0, 0.0, 0.0, 0.0, 0.0, 0.0, 0.0, 0.0, 0.0, 0.0, 0.0, 0.0, 0.0, 0.0, 0.0, 0.0, 0.0, 0.0, 0.0, 0.0, 0.0, 0.00015691541845172543, 0.0, 0.0, 0.0, 0.0, 0.0, 0.0, 0.0, 0.0, 0.0, 0.0, 0.0, 0.0, 0.0, 0.0, 0.0, 0.0, 4.105900401678008e-5, 0.0, 0.0, 0.0, 0.0, 0.0, 0.0, 0.0, 0.0, 0.0, 3.1828685284325647e-6, 0.0, 0.0, 0.0, 0.0, 0.0, 0.0, 0.0, 0.0, 0.0, 0.0, 0.0, 0.0, 0.0, 0.0, 0.0, 0.0, 0.0, 0.0, 0.0, 0.0, 6.684023909708386e-6, 6.365737056865129e-7, 0.0, 0.00012126729093328071, 7.543398412385178e-5, 0.0, 2.960067731442285e-5, 0.0001314524702242649, 0.01598054630755422, 0.005004105900401678, 0.00015691541845172543, 0.0, 0.0, 0.0, 0.0, 0.0, 0.0, 0.0, 0.0, 0.0, 2.2280079699027953e-6, 4.042243031109357e-5, 3.8194422341190775e-5, 0.0, 0.0, 7.957171321081411e-6, 2.70543824916768e-5, 9.548605585297694e-7, 0.0, 0.0, 0.0, 0.0, 0.0, 0.0, 0.0, 0.0, 0.0, 0.0, 0.0, 0.0, 0.0, 0.0, 0.0, 0.0, 0.0, 0.0, 0.0, 0.0, 0.0, 0.0, 0.0, 0.0, 0.0, 0.0, 0.0, 0.0, 0.0, 0.0, 0.0, 0.0, 0.0, 0.0, 0.0, 0.0, 0.0, 0.0, 4.774302792648847e-6, 9.739577697003647e-5, 0.0007543398412385178, 0.0036182849431221392, 0.00426345239383542, 0.0005388596418636331, 0.0007234660165127219, 8.211800803356016e-5, 0.0, 0.0, 0.0, 0.0, 0.0, 0.0, 0.0
0.0, 0.0, 0.0, 0.0, 0.0, 0.0, 0.0, 0.0, 0.00012254043834465374, 0.0005137149804890159, 0.00023139454201704746, 0.0, 0.0, 0.0, 0.0, 0.0, 0.0, 0.0, 0.0, 0.0, 3.692127492981775e-5, 0.00016741888459555288, 0.00025749406395019446, 0.0005146698410475457, 0.0, 0.0, 0.0, 0.0, 0.0, 0.0, 0.0, 0.0, 0.0, 0.0, 0.0, 0.0, 0.0, 0.0, 0.0, 0.0, 0.0, 0.0, 0.0, 0.0, 0.0, 0.0, 0.0, 0.0, 0.0, 7.479741041816527e-5, 0.0, 0.0, 0.0, 0.0, 0.0, 0.0, 0.0, 0.0, 0.0, 0.00024953689262911306, 0.0, 0.0, 0.00015373254992329287, 0.0, 0.0, 0.0, 0.0, 0.0, 0.0, 0.0, 0.0, 5.315390442482383e-5, 0.00010885410367239371, 0.0, 0.0, 0.0, 0.0, 0.0, 0.0, 0.0, 0.0, 0.0, 0.0, 0.0, 0.0, 0.0, 0.0, 0.00030523709187668294, 0.0007301500404224303, 1.1458326702357232e-5, 0.0, 0.0, 0.0, 0.0, 0.0, 0.0, 0.0, 0.0, 0.00022343737069596602, 9.548605585297694e-7, 0.0, 0.0, 0.0, 0.0, 0.0, 0.0, 0.0, 0.0, 0.0, 0.0, 0.0, 0.0, 0.0, 9.548605585297694e-7, 0.0, 0.0, 4.137729086962334e-6, 0.0, 0.0, 0.0, 5.474533868904011e-5, 8.912031879611181e-6, 0.0001139466933178858, 0.0002571757770973512, 0.0, 0.0, 0.00010917239052523696, 0.018685347983016215, 0.00956292849367564, 0.013041167221546747, 0.00019129039855879712, 0.0, 0.0, 0.0, 6.684023909708386e-6, 5.41087649833536e-6, 2.164350599334144e-5, 2.2280079699027953e-5, 0.0, 2.960067731442285e-5, 0.0, 0.0, 0.0, 0.0, 0.0, 0.0001059895219968044, 0.0, 0.0, 0.0, 0.0, 0.0, 0.0, 0.0, 0.0, 0.0, 0.0, 0.0, 0.0, 0.0, 0.0, 0.0, 0.0, 0.0, 0.0, 0.0, 0.0, 0.0, 0.0, 0.0, 0.0, 0.0, 0.0, 0.0, 0.0, 0.0, 0.0, 0.0, 0.0, 0.0, 0.0, 0.0, 0.0, 0.0, 0.0, 0.0, 0.0, 0.00030078107593687736, 0.00850430642111897, 0.00499551215537491, 0.00679287801338078, 0.0017219318738820174, 0.002203181595381021, 0.0002361688448096963, 0.00017092003997682873, 0.0, 0.0, 0.0, 0.0, 0.0, 0.0
0.0, 0.0, 0.0, 0.0, 0.0, 0.0, 0.0, 0.0, 0.00022884824719430138, 0.002644963747127461, 0.0002772278488264764, 8.593745026767925e-5, 0.0, 0.0, 0.0, 0.0, 0.0, 0.0, 0.0, 0.0, 0.0, 0.00032274286878306203, 0.0003583909963015068, 0.0, 0.0, 0.0, 2.769095619736331e-5, 0.0, 0.0, 0.0, 0.0, 0.0, 0.0, 0.0, 0.0, 0.0, 0.0, 0.0, 0.0, 0.0, 0.0, 0.0, 0.0, 0.0, 0.0, 0.0, 0.0, 0.0, 0.0, 0.0, 0.0, 0.0, 0.0, 0.0, 0.0, 0.0, 0.0, 0.0, 0.0, 0.0, 0.0, 0.0, 0.0, 0.0, 0.0, 0.0, 0.0, 0.0, 0.0, 0.0, 0.0, 0.00018460637464908874, 0.0, 0.0, 0.0, 0.0, 0.0, 0.0, 0.0, 0.0, 0.0, 0.0, 0.0, 0.0, 0.0, 0.0, 0.0, 4.392358569236939e-5, 0.003280264305402601, 9.548605585297694e-6, 0.0, 0.0, 0.0, 0.0, 0.0010019670127505713, 7.002310762551642e-6, 0.0, 0.0, 0.0, 0.0, 0.0, 0.0, 0.0, 0.006033763869349612, 0.0, 1.0185179290984206e-5, 7.38425498596355e-5, 0.00027277183288667076, 0.0, 0.0, 0.0, 0.0, 0.0, 4.456015939805591e-6, 0.0, 0.0, 0.0, 5.41087649833536e-6, 0.0, 9.548605585297694e-6, 0.0014361102800287732, 0.0, 0.00030141764964256387, 0.00019988414358556507, 0.00021898135475616044, 8.912031879611181e-6, 0.000259403785067254, 0.021679472407712726, 0.01762354304193111, 0.005307751558014145, 0.0002746815540037303, 0.0, 0.0, 3.1828685284325644e-7, 1.4641195230789798e-5, 3.373840640138518e-5, 5.315390442482383e-5, 1.814235061206562e-5, 0.0, 0.0, 0.0, 0.0, 0.0, 0.0, 0.0, 0.0, 0.0, 0.0, 0.0, 0.0, 0.0, 0.0, 0.0, 0.0, 0.0, 0.0, 0.0, 0.0, 0.0, 0.0, 0.0, 0.0, 0.0, 0.0, 0.0, 0.0, 0.0, 0.0, 0.0, 0.0, 0.0, 0.0, 0.0, 0.0, 0.0, 0.0, 0.0, 0.0, 0.0, 0.0, 0.0, 0.0, 0.0, 5.41087649833536e-6, 0.0001900172511474241, 0.00018810753003036456, 0.00010949067737808022, 0.00032624402416433785, 0.015055286426338873, 0.007348925145297948, 6.174764945159175e-5, 0.0, 0.0, 0.0, 0.0, 2.609952193314703e-5, 0.0, 0.0, 0.0, 0.0
0.0, 0.0, 0.0, 0.0, 0.0, 0.0, 0.0, 0.0, 0.00029059589664589316, 0.011487609092818813, 2.2280079699027953e-6, 2.2280079699027953e-5, 0.0, 0.0, 0.0, 0.0, 0.0, 0.0, 0.0, 0.0, 0.0, 0.0, 0.00012158557778612397, 0.0, 0.0, 0.0, 0.0, 0.0, 0.0, 0.0, 0.0, 0.0, 0.0, 0.0, 0.0, 0.0, 0.0, 0.0, 0.0, 0.0, 0.0, 0.0, 0.0, 0.0, 0.0, 0.0, 0.0, 0.0, 0.0, 0.0, 0.0, 0.0, 0.0, 0.0, 0.0, 0.0, 0.0, 0.0, 0.0, 0.0, 1.3049760966573515e-5, 0.0, 0.0, 0.0, 0.0, 0.0, 0.0, 0.0, 0.0, 0.0, 0.0, 0.0, 0.0, 0.0, 0.0, 0.0, 0.0, 0.0, 0.0, 0.0, 0.0, 0.0, 0.0, 0.0, 0.0, 0.0, 0.0, 0.0, 0.0003816259365590645, 0.0, 0.0, 0.0, 0.0, 2.70543824916768e-5, 0.0027264451814553348, 2.1325219140498184e-5, 0.0, 0.0, 0.0, 0.0, 0.0, 0.0, 0.0, 0.0, 0.0, 0.0001798320718564399, 0.016353578499086516, 0.027051836196854053, 0.0006060181678135603, 0.0, 0.0, 0.0, 0.0, 0.0, 0.0, 0.00038767338676308635, 5.1880757013450804e-5, 1.4004621525103284e-5, 0.0, 0.0, 0.0, 0.0, 0.00020370358581968414, 5.856478092315919e-5, 0.0, 0.0, 0.0, 0.019486794278475533, 0.012719379213322215, 0.004488481198795602, 0.0005665505980609965, 7.256940244826248e-5, 0.0, 0.0, 0.0, 0.0, 1.082175299667072e-5, 0.0, 0.0, 0.0, 0.0, 0.0, 0.0, 0.0, 0.0, 0.0, 0.0, 0.0, 0.0, 0.0, 0.0, 0.0, 0.0, 0.0, 0.0, 0.0, 0.0, 0.0, 0.0, 0.0, 0.0, 0.0, 0.0, 0.0, 0.0, 0.0, 0.0, 0.0, 0.0, 0.0, 0.0, 0.0, 0.0, 0.0, 0.0, 0.0, 0.0, 0.0, 0.0, 0.0, 0.0, 0.0, 0.0, 0.0, 0.0, 3.8194422341190775e-6, 4.837960163217498e-5, 0.00015882513956878497, 0.0006177947813687608, 0.016185204753932435, 0.0, 0.0, 0.0, 0.0, 0.0, 0.00017664920332800734, 1.6550916347849335e-5, 0.0, 0.0, 0.0
0.0, 0.0, 0.0, 0.0, 0.0, 0.0, 0.0, 0.0, 0.011163274789771534, 0.024815871055630177, 0.0, 0.0, 0.0, 0.0, 0.0, 0.0, 0.0, 0.0, 0.0, 0.0, 0.0, 0.0, 0.0, 0.0, 0.0, 0.0, 0.0, 0.0, 0.0, 0.0, 0.0, 0.0, 0.0, 0.0, 0.0, 0.0, 0.0, 0.0, 0.0, 0.0, 0.0, 0.0, 0.0, 0.0, 0.0, 0.0, 0.0, 0.0, 0.0, 0.0, 3.7239561782661006e-5, 0.0, 0.0, 0.0, 0.0, 0.0, 0.0, 0.0, 0.0, 0.0002119790439936088, 0.0, 0.0, 0.0, 0.0, 0.0, 0.0, 0.0, 0.0, 0.0, 0.0, 0.0, 0.0, 0.0, 0.0, 0.0, 0.0, 0.0, 0.0, 0.0, 0.0, 0.0, 0.0, 0.0, 0.0, 0.0, 0.0, 0.0, 0.0, 0.0, 0.0, 0.0, 0.0, 0.0, 0.0, 0.00026640609582980564, 3.3420119548541926e-5, 0.0, 0.0, 0.0, 0.0, 0.0, 0.0, 0.0, 0.0, 0.0, 0.0, 0.017044579256609228, 0.021850710734542398, 0.015764111247620807, 0.0, 0.0, 0.0, 0.0, 0.0006534429088872055, 0.0005455436657733415, 0.009686423792578823, 0.0007667530284994048, 0.0014704852601358448, 0.0, 0.0, 0.0, 0.00016614573718417986, 0.0010824935865199152, 0.0008565099210012031, 0.0, 0.0, 0.0, 0.008771667377507305, 0.042798759954421325, 9.930549808709601e-5, 0.0, 0.0, 0.0, 0.0, 0.0, 0.0, 0.0, 0.0, 0.0, 0.0, 0.0, 0.0, 0.0, 0.0, 0.0, 0.0, 0.0, 0.0, 0.0, 0.0, 0.0, 0.0, 0.0, 0.0, 0.0, 0.0, 0.0, 0.0, 0.0, 0.0, 0.0, 0.0, 0.0, 0.0, 0.0, 0.0, 0.0, 0.0, 0.0, 0.0, 0.0, 0.0, 0.0, 0.0, 0.0, 0.0, 0.0, 0.0, 0.0, 0.0, 0.0, 0.00035425326721454445, 0.0, 0.0, 0.0, 0.0, 0.018408438421042582, 0.028035660858992558, 0.010052135386495725, 0.0033591994449077285, 0.0, 0.0009660005983792834, 0.0008842008771985664, 0.0, 0.0, 0.00023871513963244235, 0.002414842352521787, 1.7824063759222363e-5, 0.0, 0.0
9.262147417738763e-5, 0.0, 0.0, 0.0, 0.0, 0.0, 0.0, 0.0, 0.015821402881132592, 0.0034301774130917747, 0.0, 0.0, 0.0, 0.0, 0.0, 0.0, 0.0, 0.0, 0.0, 0.0, 0.0, 0.0, 0.0, 0.0, 0.0, 0.0, 0.0, 0.0, 0.0, 0.0, 0.0, 0.0, 0.0, 0.0, 0.0, 0.0, 0.0, 0.0, 0.0, 0.0, 0.0, 0.0, 0.0, 0.0, 0.0, 0.0, 0.0, 0.0, 0.0015726553398985302, 0.025557479422754964, 0.002176763786595031, 0.005791547574335894, 0.0008259543831282505, 0.0, 0.0, 0.0, 0.0, 0.0, 0.0, 0.0, 0.0001110821116422965, 0.0, 0.0, 0.0, 0.0, 0.0, 0.0, 0.0, 0.0, 0.026660025081004003, 0.0, 0.0, 0.0, 0.0, 0.0, 0.0, 0.0, 0.0, 0.0, 0.0, 0.0, 0.0, 0.0, 0.0, 0.0, 0.0, 0.0, 0.0, 0.0, 0.0, 0.0, 0.000698639641990948, 0.007358792037736089, 0.00010407980087974486, 0.0, 0.0, 0.0, 0.0, 0.0, 0.0, 0.0004414638648935967, 0.003955350720283148, 0.0, 0.0001263598805787728, 0.0, 0.0, 0.004251357493427376, 0.035329522378748625, 0.012495941842626248, 0.0004831594426160633, 0.0, 0.006494961519119491, 0.009913044031803223, 0.0036494770547007786, 0.011775976981494803, 0.02752862990241325, 0.0003071468129937425, 0.0, 0.0, 0.0, 0.0, 0.0009449936660916285, 0.021695068463502047, 0.004921987892368118, 6.14293625987485e-5, 0.0, 1.814235061206562e-5, 0.023553545397253822, 0.02800160416573833, 9.548605585297694e-7, 0.0, 0.0, 0.0, 0.0, 0.0, 0.0, 0.0, 0.0, 0.0, 0.0, 0.0, 0.0, 0.0, 0.0, 0.0, 0.0, 0.0, 0.0, 0.0, 0.0, 0.0, 0.0, 0.0, 0.0, 0.0, 0.0, 0.0, 0.0, 0.0, 0.0, 0.0, 0.0, 0.0, 0.0, 0.0, 0.0, 0.0, 0.0, 0.0, 0.0, 0.0, 0.0, 0.0, 0.0, 0.0, 0.0, 0.0, 0.0, 0.0, 0.0, 0.0, 0.0, 0.0, 0.0, 0.0, 0.0, 0.014869725191131255, 0.024589887390111465, 0.009906678294746358, 0.0026837947431743382, 0.010507603872914426, 1.5914342642162822e-5, 0.008546638572547123, 0.0, 0.0, 0.0, 0.05120535231171741, 0.02442724280830856, 0.0, 0.0
0.0, 0.0, 0.0, 0.0, 0.0, 0.011063969291684437, 0.0, 0.0, 0.00013272561763563793, 0.007416401958100719, 0.0, 0.0, 0.0, 0.010673113036392918, 0.024858203207058328, 0.001016289921128518, 0.0, 0.0, 0.0, 0.0, 0.0, 0.0, 0.0, 0.013209859253553672, 0.021199495833625095, 0.03454112584425588, 0.0, 0.0, 0.007166228491765919, 0.013962607660527974, 0.0, 0.0, 0.0, 0.0, 0.0, 0.0, 0.0, 0.0, 0.0, 0.0, 0.0, 0.0, 0.0, 0.0, 0.0, 0.0, 0.0, 0.0, 0.0011875282479581898, 0.020080080972175365, 0.03102755727571917, 0.029029670700422047, 0.03136589620029155, 0.0033089101221584942, 0.010246608653582956, 0.0, 0.0, 0.0, 0.0, 0.0, 0.007488653073696138, 0.03319127130134763, 0.0, 0.0, 0.0, 0.007212061798575348, 0.0154741519246806, 0.0, 0.0, 0.004855147653271034, 0.015148544474221948, 0.0, 0.0, 0.0, 0.0, 0.0, 0.0, 0.0, 0.0, 0.0, 0.0, 0.0, 0.0, 0.0, 0.0, 0.0, 0.0, 0.0, 0.0, 0.0, 0.0, 0.003392301277603427, 0.0, 0.0, 0.0, 0.0, 0.0, 0.0, 0.0, 0.00012763302799014583, 0.005143515541947024, 0.018752506508966142, 0.0, 0.03196873149957668, 0.020472210374878255, 0.0, 0.0, 0.007481650762933586, 0.03770903489060481, 0.0007352426300679224, 0.04575500824362949, 0.01198095371472586, 0.014800656944064268, 0.018281760253610963, 0.0012187203595368289, 0.0590269334334876, 0.025294574482306435, 0.0, 0.0, 0.0, 0.0, 0.0066264139893437565, 0.0014676206784602554, 0.012035380766562057, 0.004547045979718761, 0.0, 0.0, 0.050889930040549744, 0.02015774296426912, 0.0, 0.0, 0.0, 0.0, 0.0, 0.0003793979285891617, 0.0004739291238836089, 0.0, 0.0, 0.0, 0.0, 0.0, 0.0, 0.0, 0.0, 0.0, 0.0, 0.0, 0.0, 0.0, 0.0, 0.0, 0.0, 0.0, 0.0, 0.0, 0.0, 0.0, 0.0, 0.0, 0.0, 0.0, 0.0, 0.0, 0.0, 0.0, 0.0, 0.0, 0.0, 0.0, 0.0, 0.0, 0.0, 0.0, 0.0, 0.0, 0.0, 0.0, 0.0, 0.0, 0.0, 0.00419597558103265, 0.005057578091679345, 0.0003157405580205104, 0.008595654747884984, 0.0015643798817246055, 0.0, 0.04180856955522595, 0.03413403695946935, 0.0, 0.01703025634823128, 0.005400373032191532, 0.005881622753690536, 0.00048284115576322005, 0.0006464405981246538, 0.00024603573724783724, 0.0, 0.063274153197828, 0.006160123749928386, 0.0, 0.0
0.0, 0.0, 0.0, 0.0, 0.007864549846904025, 0.009113507457460961, 0.0, 0.0, 0.0, 0.020809276152039265, 0.03682037799746644, 0.0007982634269308872, 0.006383561120624352, 0.041505878758172014, 0.03925845529024578, 0.003838539445289673, 0.001723841594999077, 0.00024030657389665863, 0.0, 0.001289698327720875, 0.0, 0.0, 0.0024192983684615922, 0.0025090552609633907, 0.007422767695157584, 0.016500945311952946, 0.0030797435881113494, 0.0, 0.04165547357900835, 0.027069023686907587, 0.006419209248142797, 0.0, 0.0, 0.0, 0.0, 3.6602988076974494e-5, 0.0, 0.0, 0.0, 0.0, 0.0, 0.0, 0.0, 0.0, 0.0, 0.002737903508157692, 0.01879643009465851, 0.000933217052536428, 0.000516261275311762, 0.00028613988070608757, 0.015403173956496553, 0.07048016754619933, 0.010585902438713867, 0.01611740965427682, 0.014981125589626394, 0.00021388876511066834, 0.0, 0.0, 0.0, 0.00022120936272606323, 0.022803661571955108, 0.003179367373051289, 0.0407559949328733, 2.1961792846184696e-5, 0.016472299495197053, 0.01458294873671948, 0.029112106995308452, 0.0, 0.0, 0.018188183918875046, 0.0, 0.0, 0.0, 0.0, 0.0, 0.0, 0.0, 0.0, 0.0, 0.0, 0.0, 0.0, 0.0, 0.0, 0.0, 0.0, 0.0, 0.0, 0.0, 0.0, 0.0, 0.0, 0.0, 0.0, 0.0, 0.014565761246665945, 0.0, 0.0, 0.0, 0.0, 0.0014536160569351521, 0.0183887046361663, 0.0011445595228243503, 0.01281772985085078, 0.0012763302799014583, 0.002808563189488895, 0.0, 0.0, 9.86689243814095e-5, 0.0006849533073186879, 0.030796799307407807, 0.018288444277520674, 0.0014838533079552616, 0.0090644912821231, 0.014404389812274414, 0.003956942154547364, 0.0011633384471421023, 0.0, 0.0, 0.0, 0.0, 0.0, 0.004327109764404071, 0.009403148493548326, 0.004165420043159698, 0.0, 0.0, 0.020169201290971474, 0.0037188635886206086, 0.0, 0.0, 0.0, 0.0, 0.0, 0.008934311959310208, 0.012487348097599481, 0.0014466137461726005, 0.0, 0.0, 0.018669751927226894, 0.016816367583120613, 0.0, 0.0, 0.0, 0.0, 0.0, 0.0, 0.0, 0.0, 0.0, 0.0, 0.0, 0.0, 0.0, 0.0, 0.0, 0.0, 0.0, 0.0, 0.0, 0.0, 0.0, 0.0, 0.0002294848208999879, 0.0, 0.0, 1.2094900408043745e-5, 0.0, 0.021653054598926736, 0.00011490155387641557, 0.0, 0.0, 0.0, 0.0, 0.0, 0.0, 0.0, 0.0, 0.01439515949354196, 0.017575481727151777, 0.009874213035756346, 0.025429528107911974, 9.35763347359174e-5, 0.028091042771387284, 0.0, 0.0, 0.0014182862162695508, 0.00021834478105047393, 0.0, 0.024091131891706082, 0.037201367360319815, 0.01578702790102552, 0.0212466022878459, 0.00012317701205034025, 0.037449631105537555, 0.007023317694839297, 0.03307636974747121, 0.00884646478792547, 0.0, 0.0
0.0, 0.0, 0.0, 0.0, 0.004368487055273695, 0.0, 0.0, 0.0, 0.0, 0.0306083734905246, 0.054368805342126535, 0.029531609067355864, 0.013694610130433953, 0.008045336779318993, 0.0221148888224023, 0.0, 0.0036246506801790044, 2.9282390461579595e-5, 0.0, 0.0001082175299667072, 0.0, 0.0, 0.015112259772997816, 0.020870068940932327, 0.04865905748897136, 0.060388246303098206, 0.011305867299845312, 0.0, 0.01402371873627388, 0.048216320476666394, 0.02013450802401156, 0.0, 0.0, 0.0, 0.0, 0.0, 0.0, 0.0, 0.0, 0.0, 0.0, 0.0, 0.0, 0.0, 0.003938163230229612, 0.04199158449561082, 0.0010579854988509844, 0.007102252834344424, 0.001557695857814897, 0.003349650839322431, 0.028864161536943555, 0.07497756077687455, 0.008475660604363076, 0.024749030816533093, 0.0, 0.0, 0.0, 0.0006072913152249333, 0.00010885410367239371, 0.0007100979686933052, 0.0, 0.05061333876542896, 0.06360485323793215, 0.0, 0.0004694731079438033, 0.0033849806799880326, 0.02023317694839297, 0.0, 0.0, 0.0, 0.0, 0.0, 0.0, 0.0, 0.0, 0.0, 0.0, 0.0, 0.0, 0.0, 0.0, 0.0, 0.003953122712313246, 0.0, 0.0, 0.0, 0.0, 0.0, 0.0, 0.0, 0.0, 0.0, 0.0, 0.0, 0.0025287890458396724, 0.01682623447555875, 0.04936469944172486, 0.0, 0.0, 0.0, 0.0, 0.0, 0.014328000967592033, 0.00932039391180908, 0.018705400054745337, 0.006990852435849285, 0.0, 0.0, 0.0, 0.033036583890865806, 0.017336448300666493, 0.011663621722441134, 0.0, 0.018083149257436773, 0.017865122763239143, 0.027309330260804246, 0.0, 0.0, 0.0, 0.0, 0.0, 0.0, 0.004127862194524193, 0.00038544537879318355, 0.006726992634842225, 0.0, 0.0, 0.013591166903259894, 0.047059347766581154, 0.0, 0.0, 0.0, 0.0, 0.0, 0.0039489849832262825, 0.002133795061461191, 0.0007661164547937183, 0.0, 0.0, 0.0008482344628272785, 0.011422678574838788, 0.0, 0.001207580319687315, 0.0, 0.0018489283281664767, 0.0, 0.0, 0.0, 0.0, 0.0, 0.0005019383669338154, 0.0003867185262045566, 0.0, 0.0, 0.0, 0.0004981189246996963, 0.0, 0.0, 0.0, 0.0, 0.0, 0.0, 0.0, 0.0, 0.0, 2.1961792846184696e-5, 0.0, 0.0, 0.004771119924120415, 0.0592484610830665, 0.0, 0.0, 0.0, 0.0, 0.0, 0.0, 0.0, 0.0, 0.011687174949551534, 0.015367207542125266, 0.0007473375304759662, 0.0012569147818780198, 0.0010866313156068774, 0.0, 0.0, 0.0, 0.014240153796207295, 0.004589059844294072, 0.0, 0.0791168812981011, 0.0, 0.005440158888796939, 0.06253286311755607, 0.02952333360918194, 0.018332686150065884, 0.0037949341464501465, 0.0037573762978146425, 0.0, 0.013615038417223137, 0.0
0.0, 0.0, 0.0, 0.0, 0.0, 0.0, 0.0, 0.0, 0.0, 0.02334920523772845, 0.020315613243279372, 0.03951849564901872, 0.02736439388634613, 0.03529291939067165, 0.0004328701198668288, 0.0, 0.007651615942351885, 0.001645861316052479, 0.0, 0.0, 0.0, 0.0, 0.0294023846051015, 0.00323029326950621, 0.01346958132547377, 0.017250829137251657, 5.41087649833536e-6, 0.0, 0.045057641749049915, 0.012045884232705884, 0.019678721250740015, 0.0, 0.0, 0.0, 0.0, 0.0, 0.0, 0.0032484356201182753, 0.0, 0.0, 0.0, 0.0, 0.0, 1.3368047819416771e-5, 0.00629348594126971, 0.0616015557861367, 0.020705832924865206, 0.010780375705801096, 0.00789255908995423, 0.051169704184198965, 0.006224735981055566, 0.08802541202233101, 0.01910039403912382, 0.0, 0.0, 0.0, 0.0, 0.0, 0.011262262001005786, 0.0, 0.0, 0.027864104245310044, 0.0, 0.0, 0.02395108567645505, 0.03271988847228676, 0.0031147551419241078, 0.00018396980094340223, 0.0, 0.0, 0.0, 0.0, 0.0, 0.0, 0.0, 0.0, 0.0, 0.0, 0.0, 0.0, 0.010494872398800694, 0.00022630195237155533, 6.684023909708385e-5, 0.0, 0.0, 0.0, 0.0, 0.0, 0.0, 0.0, 0.0, 0.0, 0.0, 0.004551501995658567, 0.0036803508794265743, 0.009007517935464157, 0.024754759979884272, 0.0020529502008390043, 0.0017986390054172423, 0.0, 0.0, 0.0, 0.0032633951022019085, 0.009489404230668849, 0.0, 8.721059767905227e-5, 0.0007673896022050913, 0.001182753945165541, 0.005609805781362395, 0.03541864269754474, 0.004195339007326963, 0.0018775741449223698, 0.0, 0.0010312494032121509, 0.022637197547918087, 0.0195733683024489, 0.0, 0.008010643512359078, 0.0, 0.0, 0.0, 0.0, 0.010287985944452578, 0.005635905303295542, 0.007840996619793622, 0.0, 7.511569727100853e-5, 0.040440572661705636, 0.02748725261154363, 0.0, 0.00029123247035157967, 0.0, 0.0, 0.0, 0.0, 0.0021602128702471815, 0.002092417770591568, 8.052657376934388e-5, 0.005766402912961277, 0.02482128193212851, 0.0028413467353317506, 0.003025953109980839, 0.0007167819926030136, 0.0, 0.0, 0.045130847725203864, 0.013055490129924694, 0.0, 0.0, 0.0, 0.01076700765798168, 0.00014354737063230867, 0.0, 0.0, 0.018311360930925388, 0.018212692006543976, 0.0, 0.0, 0.0, 0.00339643900669039, 0.0, 0.0, 0.0, 0.0005417242235392224, 0.0, 0.0, 0.0, 0.024130281174605802, 0.041733772144807786, 0.008751297018925337, 0.022317637547663458, 0.0018597500811631475, 9.230318732454438e-6, 0.0, 0.0, 0.0, 0.0, 0.0, 0.0, 0.0, 0.0, 0.0, 0.0, 0.0, 0.0, 0.0, 0.015812172562400136, 0.006341228969196198, 0.01697869387807067, 0.02076694400061111, 0.0, 0.008892616381587741, 0.042379257882373914, 0.023439280417083094, 0.0, 0.0057644931918442175, 0.03799199190278246, 0.0014526611963766225, 0.01996804399997454, 0.0
0.0, 0.0, 0.0, 0.0, 0.0, 0.0, 0.0, 0.0, 0.001270919403403123, 0.005747305701790681, 0.0191863314893915, 0.013145883596132179, 0.03363082544512416, 0.014092786983340867, 0.0, 3.692127492981775e-5, 0.0, 0.0, 0.0, 0.0, 0.0, 0.014284395668752507, 0.0, 0.0007680261759107778, 0.005178208808906939, 0.008656447536778045, 0.0, 0.0, 0.016552826068966395, 3.405669325422844e-5, 0.0, 0.0, 0.0, 0.0, 0.0, 0.0, 0.03406624185981374, 0.027280047870342668, 0.0, 0.0, 0.0, 0.0, 0.0, 0.0, 0.026291767192264358, 0.012546549452228327, 0.005419470243362127, 0.008230579727673768, 0.02287623097440337, 0.034328828513409425, 0.010404478932593211, 0.0011299183275935605, 0.0, 0.0, 0.0, 0.0, 0.0, 0.00042013864575309853, 0.01298674016971055, 0.0, 0.0, 0.0038057558994468174, 0.0, 0.0, 0.0, 0.005739030243616757, 0.052782781954408595, 0.016188069335608023, 0.0, 0.002088598328357449, 0.0, 0.0, 0.0, 0.0, 0.0, 0.0, 0.0, 0.0, 0.0, 0.0, 0.0, 0.006342183829754728, 5.474533868904011e-5, 0.0, 0.0, 0.0, 0.0, 0.0, 0.0, 0.0, 0.0012098083276572177, 0.000992736694018117, 0.003070194982526052, 0.0012581879292893929, 0.049679166852334, 0.07587035539909988, 0.025211819900567187, 0.0047482032707157, 8.275458173924667e-6, 6.620366539139734e-5, 0.000937036494770547, 0.00028613988070608757, 0.009985613434251485, 0.006797652316173428, 0.010025399290856891, 0.0, 0.0, 0.0, 0.0, 0.000995282988840863, 0.0006238422315727826, 4.806131477933172e-5, 0.0, 0.0, 0.031259906678294744, 0.019959450254947768, 0.0, 0.00506298896817768, 0.019482338262535728, 0.0, 0.0, 0.0, 0.0005251733071913731, 0.01083639419190151, 0.0, 0.0, 0.00459287928652819, 0.06992825814336913, 0.003909835700326562, 0.0, 0.0, 0.0, 0.0, 0.0, 0.0, 0.0, 0.011279767777912165, 0.015294956426529846, 0.005067444984117486, 0.02201494675060952, 0.007124532914043452, 0.0015280951805004743, 0.0, 0.0, 0.0, 0.0053717272154356396, 0.0012511856185268412, 0.0, 0.0, 0.0, 0.0, 0.0, 0.0, 0.0, 0.0, 0.0, 0.0, 0.0, 0.0, 0.005174707653525664, 0.0008014462954593198, 0.0, 0.0, 0.0002485820320705833, 0.0001448205180436817, 0.0001454570917493682, 0.009763449210966892, 0.071142840773819, 0.04270582019339109, 0.01717794144795055, 0.04579543067394058, 0.007063421838297547, 0.003264031675907595, 0.0007527484069743015, 6.015621518737547e-5, 0.0, 0.0, 0.0, 0.0, 0.0, 0.0013008383675703892, 0.0, 0.0, 0.0, 0.0, 0.0, 0.012875021484362566, 0.0, 0.0, 0.004197248728444023, 0.0, 0.0, 0.00845656339319248, 0.0, 0.0, 0.0025396107988363433, 0.008592790166209395, 3.6602988076974494e-5, 0.004666721836387827, 0.0
0.0003275171715757109, 0.0, 0.0, 0.0, 0.0, 0.0, 0.0027506349822714223, 0.0, 0.0013543105588480562, 0.03719531991011579, 0.04224907855956102, 0.009854797537732907, 0.015520940092048558, 0.006339319248079139, 0.0005471351000375578, 0.0018562489257818717, 0.0, 0.0, 0.0, 0.0, 0.0, 0.01294472630513524, 0.0003128759763449211, 0.009626904151097135, 0.030662482255507953, 0.0, 0.0, 0.0, 0.0, 0.0, 0.0, 0.0, 0.0016153057781795265, 0.004353845860042905, 0.004528903629106696, 0.018095244157844817, 0.030213697792998963, 0.0003259257373114946, 0.0, 0.0, 0.0, 0.0, 0.0, 0.0, 0.025177444920460115, 0.018315180373159507, 0.014016716425511328, 0.01096052606451038, 0.0003988134266126003, 0.03426676257710499, 0.004299418808206708, 0.0, 0.0, 0.0, 0.0, 0.0, 0.0, 0.0, 0.016243769534855592, 0.00015978000012731474, 0.0022751144241235973, 0.0, 0.0, 0.0, 0.001424651953326416, 0.01945305587207415, 0.023940900497164064, 0.013569523397266553, 0.0, 0.0057488971360548985, 0.0, 0.0, 0.0, 0.0, 0.0, 0.0, 0.0, 0.0, 0.0, 0.0, 0.0, 0.026076286992889473, 0.0, 0.0, 0.0, 0.0, 0.0, 0.0, 0.0, 0.0, 0.0, 0.0, 0.0014230605190621996, 0.0, 0.0, 0.0, 0.0, 0.0, 0.0, 0.0, 0.004502485820320706, 0.07912356532201081, 0.019102940333946567, 0.043132961149906744, 0.007160817615267584, 0.00020306701211399763, 0.0, 0.0, 0.0, 0.004325836616992699, 0.004983735541819709, 0.0, 0.0, 0.0, 0.0037506922739049342, 0.0, 0.0, 0.016344666467206906, 0.0, 0.0, 0.0, 0.0, 0.015646981685774487, 0.0006760412754390768, 0.0, 0.0, 0.009334716820187026, 0.011462464431444195, 0.0, 0.0, 0.0, 0.0, 0.0, 0.0, 0.0, 0.0, 0.0032188349428038526, 0.00011076382478945324, 0.024767491453998, 0.0162173517260696, 0.0037140892858279597, 0.009978611123488933, 0.001960010439808773, 0.0, 0.0, 0.0, 0.0, 0.0, 0.0, 0.0, 0.0, 0.00024890031892342655, 0.0, 0.0, 0.00010662609570249091, 0.0, 0.0, 0.0, 0.007440273472063963, 0.0057609920364629415, 2.609952193314703e-5, 0.0, 0.0, 0.0, 0.0, 0.002556798288889879, 0.005964377335429783, 0.027433143846560273, 0.0029307853409807055, 0.01968190411926845, 0.008259543831282506, 0.00802242012591428, 0.0032188349428038526, 0.0, 0.0, 0.0, 0.0, 0.0, 0.0, 0.0, 0.0014415211565271084, 0.0, 0.0, 0.0, 0.0, 0.0, 0.0008039925902820659, 0.0, 0.0, 0.0, 0.0, 0.0, 0.0, 0.0, 0.0, 0.0, 0.007326008491893234, 0.0026965262172880685, 0.011599009491313952, 0.00015818856586309845
0.0, 0.0063969291684437685, 0.0, 0.0, 0.0, 2.8327529903049823e-5, 0.00788778478716158, 0.006321176897467073, 0.03688976453138627, 0.026696309782228134, 0.02636656460268252, 0.00499551215537491, 0.06640959698518693, 0.0002982347811141313, 0.01662189431603338, 0.023996918983264476, 0.0015764747821326492, 0.0001928818328230134, 0.0, 0.0, 0.0, 0.0012295421125334998, 0.0, 0.0, 0.0, 0.00027436326715088704, 0.00037016760985670726, 0.0, 0.0, 0.0, 0.0, 0.0, 0.0016971054993602434, 0.008491256660152395, 0.002983620958552686, 0.016578289017193857, 0.009840792916207803, 0.0, 0.0, 0.0, 0.0, 0.0, 0.0, 0.0, 0.0051470166973283, 0.007667530284994048, 0.013275108058386541, 0.015885060251701243, 0.00025622091653882144, 0.011223112718106066, 0.0, 0.0, 0.0, 0.0, 0.0, 0.0, 0.0, 0.0, 0.013231502759547015, 0.0012021694431889795, 0.0, 0.0, 0.0, 0.0, 0.013952104194384148, 0.012166833236786322, 0.04793845605413423, 0.0, 0.0, 0.0, 0.0, 0.0, 0.0, 0.0, 0.0, 0.0, 0.0, 0.0, 0.0, 0.0, 0.0, 0.0, 0.0, 0.0, 0.0, 0.0, 0.0, 0.0, 0.0, 0.0, 0.0, 0.0, 0.00026131350618431354, 0.0006158850602517012, 0.0, 0.0, 0.0, 0.0, 0.0, 0.0, 0.025206090737216007, 0.020139600613657053, 0.009130694947514497, 0.026678485718468915, 0.0, 0.0, 0.0, 0.0, 0.0, 0.0, 0.0013052943835101948, 0.0, 0.0, 0.0, 0.0, 0.00108981418413531, 0.0, 0.0, 0.0, 0.0, 0.0, 0.009956331043789905, 0.004084893469390353, 0.003768198050811313, 0.0, 0.00592013546288457, 0.013215588416904851, 0.00291168812981011, 0.0, 0.0, 0.0, 0.0, 0.00954924215900338, 0.0, 0.0, 0.0, 0.008635440604490391, 0.0, 0.006395656021032395, 0.005852340363228957, 0.013031618615961449, 0.0014653926704903527, 0.0056142617973022006, 0.0, 0.0, 0.0, 0.0, 5.92013546288457e-5, 0.0, 0.0, 0.0, 0.0, 0.0011563361363795507, 0.01851506451674507, 1.2731474113730258e-6, 0.0, 0.0, 0.0, 0.01756179539247952, 0.011648980527210343, 0.0, 0.0, 0.0, 0.0, 0.0, 0.014386884035368036, 0.0, 0.0, 0.010993946184058922, 0.015648573120038704, 0.0027235805997797456, 0.033015258671725306, 0.0177632709703293, 0.0, 0.0, 0.0, 0.0, 0.0, 0.0, 0.0, 0.0, 0.0, 0.0, 0.0, 0.0, 0.0, 0.0, 0.0, 0.0, 0.0, 0.0, 0.0, 0.0, 0.0, 0.0, 0.0, 0.01927545180818761, 0.01355265419406586, 0.02572744460217326, 0.022698626910516835
0.0, 0.00277386992252898, 0.0, 0.0, 0.0, 3.0237251020109364e-5, 0.0, 0.0, 0.030677441737591588, 0.025491912331069254, 0.02127429324404326, 0.039161059513275746, 0.02423340611492702, 0.01820982742486839, 0.021400971411474876, 0.02972990177667721, 0.011775340407789115, 0.0, 0.0, 0.0, 0.01669987459497998, 0.018380429177992375, 0.010680433634008314, 0.0, 0.00026927067750539494, 0.000740971793419101, 0.003617648369416453, 0.0, 0.0, 0.0, 0.0, 0.0, 0.0, 0.00012445015946171327, 0.004620888529578397, 0.012856879133750502, 0.019560318541482324, 0.0, 0.0, 0.0, 0.0, 0.0, 0.0, 0.0, 0.0, 0.0, 0.005593891438720232, 0.007280811758789491, 0.003770744345634059, 0.00019383669338154317, 0.0, 0.0, 0.0, 0.0, 0.0, 0.0, 0.0, 0.0, 0.002170716336391009, 0.0, 0.0, 0.0, 0.0, 0.0, 0.012433875906321813, 0.012647128097726796, 0.057122623192926394, 0.0, 0.0, 0.001073581554640304, 0.0, 0.0, 0.0, 0.0, 0.0, 0.0, 0.0, 0.0, 0.0, 0.0, 0.0, 0.0, 0.0, 0.0, 0.001644588168641106, 0.0, 0.0, 0.0, 0.0, 0.0, 0.0, 0.0, 0.0, 4.010414345825031e-5, 0.0, 0.0, 0.0, 0.0, 0.0, 6.747681280277036e-5, 0.031198795602548842, 0.0006935470523454559, 0.0, 0.0, 0.0, 0.0, 0.0, 0.0, 0.0013664054592561, 0.0007661164547937183, 9.548605585297694e-7, 0.004967821199177547, 0.0004131363349905469, 0.0, 0.010164172358696552, 0.029524288469740468, 0.001258506216142236, 0.0, 0.0, 0.0, 0.0, 0.0, 0.01872799842129721, 0.00011681127499347512, 0.0, 0.008644352636370003, 0.018596864237925788, 0.0002578123508030377, 0.0, 0.0, 0.0, 0.0, 0.021570936590893177, 0.01637140256284574, 0.0, 0.0, 0.0015771113558383358, 0.011447823236213406, 0.0010767644231687366, 0.00012763302799014583, 0.0023117174122005714, 0.0011159137060684572, 0.014771374553602688, 0.0, 7.638884468238155e-6, 0.0, 0.0022789338663577164, 0.007106072276578544, 0.0, 0.0, 0.0, 0.0, 0.0023282683285484208, 0.03610232285745205, 0.022882278424607393, 0.0, 0.0, 0.0, 0.0043010102424709245, 0.0035870928315435003, 0.0, 0.0, 0.0, 0.0, 0.0, 0.008372853950894705, 0.017623861328783953, 0.0, 0.0, 0.023490524600390857, 0.03444914094378418, 0.0, 0.0, 0.0, 0.0, 0.0, 0.0, 0.0, 0.0, 0.0, 0.0, 0.0, 0.0, 0.0, 0.0, 0.0, 0.0, 0.0, 0.0, 0.0, 0.0, 0.0, 0.0, 0.0, 0.0, 0.0, 0.0006715852594992711, 0.0, 0.013981386584845726, 0.0
0.0, 0.0, 0.0, 0.0, 0.0, 4.4560159398055905e-5, 0.0, 0.0, 0.061301092997052664, 0.032415287954115767, 0.000531220757395395, 0.012978464711536625, 0.035291646243260276, 0.0021188355793775584, 0.02429547205123145, 0.0292750698639642, 0.006635326021223367, 0.0, 0.0, 0.0, 0.028277558867153434, 0.022797614121751086, 0.0, 0.0, 0.0, 3.7239561782661006e-5, 0.03768643652405294, 0.0, 0.0, 0.0, 0.0, 0.004892387215053695, 0.003942300959316574, 0.0, 0.02666352623638528, 0.019693999019676493, 0.023207567588213202, 0.0, 0.0, 0.0, 0.0, 0.0, 0.0, 0.0, 0.0, 1.527776893647631e-5, 0.0, 0.0055970743072486645, 0.018011853002399884, 0.0, 0.0, 0.0, 0.0, 0.0, 0.004077891158627802, 0.030561903610009485, 0.002762729882679466, 0.0, 0.0, 0.0, 0.0, 0.0, 0.0, 0.0, 0.014907601326619602, 0.001981017372096428, 0.0028884531895525525, 0.0, 0.0, 0.0, 0.0034992456601587616, 0.0, 0.0, 0.0, 0.0, 0.0, 0.0, 0.0, 0.0, 0.0, 0.0, 0.0, 0.0, 0.005416923948539381, 0.022581179061817672, 0.0, 0.0, 0.0, 0.0, 0.0, 0.0, 0.0, 0.011937666702739177, 0.0, 0.0, 0.0, 0.0, 0.0, 0.0, 0.0008759254190246418, 0.028352037990718757, 0.0, 0.0, 0.0, 0.0, 0.0, 0.0, 0.0, 0.00018683438261899154, 0.0033776600823726376, 0.0, 0.00281492892654576, 0.0034820581701052256, 0.0007721639049977401, 0.004754569007772565, 0.009486857935846102, 0.00015405083677613612, 0.0, 0.0, 0.0, 0.0, 0.0, 0.0030972493650177286, 0.014447676824261096, 0.023477793126277124, 0.005005697334665894, 0.0008740156979075822, 0.0, 0.0011509252598812154, 0.0, 0.0, 0.011069380168182773, 0.00017633091647516408, 0.05075911414403117, 0.0015366889255272421, 0.009377367258468022, 0.003333418209827425, 0.0, 0.016279099375521196, 0.0, 0.013208904392995142, 0.033932879668472415, 0.004096670082945554, 0.007126760922013356, 0.015115442641526249, 0.0016019377303601097, 0.009873894748903501, 0.009973836820696285, 0.0, 0.0, 0.0, 0.0, 0.0014590269334334876, 0.009487176222698946, 0.011810351961601875, 0.0, 0.0, 0.0, 0.019455283880044052, 0.0363903724592752, 0.0, 0.0, 0.0, 0.0, 0.0, 0.040421793737387884, 0.0013110235468613734, 0.0, 0.010198865625656467, 0.007816170245271849, 0.029441533888001224, 0.0, 0.0, 0.0, 0.0, 0.0, 0.0, 0.0, 0.0, 0.0, 0.0, 0.0, 0.0, 0.0, 0.0, 0.0, 0.0, 0.0, 0.0, 0.0, 0.0, 0.0, 0.0, 0.0, 0.0, 0.0, 0.000935763347359174, 0.0006216142236028799, 0.0, 0.0
0.0, 0.0, 0.0, 0.0, 0.0, 0.0, 0.0, 0.004089667772183002, 0.04817526147264961, 0.0018425625911096116, 0.002340681515809308, 0.005631449287355737, 0.005196032872666161, 0.0, 0.007227339567511824, 0.014658382720843332, 0.024478805278469167, 0.01003399303588366, 0.0, 0.0, 0.0033986670146602923, 0.013933643556919237, 0.004428324983608227, 0.0007030956579307535, 0.0, 0.019445098700753068, 0.013099413715617063, 0.0, 0.0, 0.0, 0.0, 0.02729564392613199, 0.0034327237079145208, 0.0, 0.030802528470758987, 0.024569517031529497, 0.07124723886155158, 0.009229682158748751, 0.0008791082875530743, 0.0, 0.0, 0.0, 0.0, 0.0, 0.0, 0.0, 0.0, 0.0, 0.00106244151479079, 0.0, 0.0, 0.0, 0.0, 5.092589645492103e-6, 0.004075344863805056, 0.023948539381632303, 0.03271988847228676, 0.0, 0.0, 0.0, 0.0, 0.0, 0.0, 0.0, 8.816545823758204e-5, 0.007006448491638604, 5.41087649833536e-5, 0.0, 0.0, 0.0001629628686557473, 0.003168227333201775, 9.64409164115067e-5, 0.0, 0.0, 0.0, 0.0, 0.0, 0.0, 0.0, 0.0, 0.0, 0.0, 0.0, 0.01564220738298184, 0.013722301086631316, 0.0, 0.0, 0.0, 0.0, 0.0, 0.0, 0.0013014749412760757, 7.416083671247876e-5, 5.092589645492103e-6, 0.0, 0.0, 0.0, 0.0, 0.0, 0.009773952677110719, 0.00189126047959463, 1.5914342642162824e-6, 0.0, 0.0, 0.0, 0.0, 0.0, 0.0, 0.003779338090660827, 0.003540941237881228, 0.0, 0.001069762112406185, 0.02048271384102208, 0.012436740487997403, 0.0, 0.012119090208859833, 0.025214366195389932, 0.004613567931963002, 0.0, 0.0, 0.0, 0.0, 0.017385782762857196, 0.03797225811790618, 0.03891406891546938, 0.0031602701618806935, 0.0, 0.00161466920447384, 0.0010955433474864886, 0.0, 0.0, 0.0, 0.010557574908810817, 0.047491581312742295, 0.03504656536657097, 0.017876581089941498, 0.0016662316746344475, 0.016119955949099568, 0.0, 0.0, 0.019816539458021146, 0.03927436963288795, 0.008554595743868203, 0.010561076064192092, 0.00042936896448555296, 0.0, 0.0, 0.0, 0.0, 0.0, 0.0, 0.0, 0.0011894379690752493, 0.016334799574768764, 0.010121840207268399, 0.0, 0.0, 0.0, 0.011434455188393988, 0.007103207694902954, 0.0, 0.0, 0.0, 0.0, 0.0, 0.024561241573355572, 0.016069666626350333, 0.020245590135653857, 0.0030090839067801467, 0.03302098783507648, 0.02386260193136462, 0.0, 0.0, 0.0, 0.0, 0.0, 0.0, 0.0, 0.0, 0.0, 0.0, 0.0, 0.0, 0.0, 0.0, 0.0, 0.0, 0.0, 0.0, 0.0, 0.0, 0.0, 0.0, 0.0, 0.0, 0.0, 0.002412296057699041, 0.007128988929983258, 0.00043446155413104506, 0.0
0.0, 0.0, 0.0, 0.0004650170920039977, 0.0032500270543824915, 0.0, 0.009240185624892578, 0.0, 0.0, 0.0, 0.00036730302818111795, 0.04778058577512397, 0.0, 0.0, 5.633677295325639e-5, 0.00047934000038194423, 0.0022044547427923942, 0.013179622002533564, 0.015017728577703369, 0.0, 0.04502008390041441, 0.0033601543054662584, 0.0028206580898969386, 0.014252248696615337, 0.0016057571725942288, 0.023448510735815546, 0.03819123947266234, 0.0, 0.0, 0.0, 0.0, 0.010287349370746893, 0.0077732015201380095, 0.0, 0.018134393440744537, 0.06447727750157552, 0.004745656975892954, 0.006902050403906016, 0.0014491600409953466, 0.0, 0.0, 0.0, 0.0, 0.0, 0.0017037895232699517, 0.0, 0.0, 0.0, 0.0, 0.0, 0.0, 0.0, 0.0, 0.0007269671718939978, 0.006547478849838629, 0.04425683202729628, 0.008940677696367074, 0.0, 0.0, 0.0, 0.0, 0.0, 0.0, 0.0, 0.0, 0.014280576226518387, 0.00024062486074950189, 0.0, 0.0, 3.373840640138518e-5, 0.00036284701224131237, 0.01671165120853518, 0.0, 0.0, 0.0, 0.0, 0.001754715419724873, 0.0, 0.0, 0.0, 0.0, 0.0, 0.0, 0.018558351528731754, 0.015565500251446613, 7.638884468238155e-6, 0.0, 0.0, 0.0, 0.0, 0.0, 0.005119325741130937, 0.03677327154324563, 0.030372522932567748, 0.014086421246284, 0.0003988134266126003, 0.0, 0.0, 0.0032710339866701466, 0.005337033948475724, 0.0006037901598436575, 1.082175299667072e-5, 0.0, 0.0, 0.0, 0.0, 0.0, 0.02852932376775245, 0.026156495279805972, 0.0, 0.0, 0.0, 0.020681324837196275, 0.018601638540718436, 4.997103589639127e-5, 0.020405688422634016, 0.005446842912706648, 0.007610556938335105, 1.0503466143827462e-5, 0.0, 0.0, 0.021853257029365147, 0.01605184256259111, 0.0012467296025870356, 0.014095014991310769, 0.0025733492052377282, 0.00029950792852550433, 0.007573635663405288, 0.0002740449802980438, 0.0, 0.0, 0.0, 0.0003033273707596234, 0.008989057297999248, 0.025918098427026373, 0.010263477856783648, 0.019966770852563164, 0.005682375183810658, 0.0, 0.0, 0.004537815660986307, 0.0, 0.0, 0.00012954274910720537, 0.002354049563628725, 0.0, 0.0, 0.0, 0.0, 0.0, 0.0, 0.00040708888478652503, 0.009728755944006977, 0.029003889465341746, 0.004845599047685736, 0.0, 0.0, 0.0, 0.008447969648165713, 0.050133362191341325, 0.0023429095237792108, 0.0, 0.0, 0.0, 0.0, 0.0, 0.03877465927392403, 0.0063647821963066, 0.0024358492848094416, 0.0, 0.0, 0.0, 0.0, 0.0, 0.0, 0.0, 0.0, 0.0, 0.0, 0.0, 0.0, 0.0, 0.0, 0.0, 0.0, 0.0, 0.0, 0.0, 0.0, 0.0, 0.0, 0.0, 0.0, 0.0, 0.0, 0.0, 0.004015506935470523, 0.0023460923923076435, 0.003723637891413257, 0.0006518514746229892
0.0, 0.0, 0.06540349224334939, 0.023607972449090017, 0.011600600925578169, 0.0, 0.0, 0.0, 0.0, 0.0, 0.007135354667040124, 0.003564812751844472, 0.0, 0.0, 0.0, 0.022075739539502582, 0.0021131064160263796, 0.03334404899071239, 0.009546377577327791, 0.007064694985708921, 0.020873251809460758, 0.003025953109980839, 0.0001550056973346659, 0.001225086096593694, 0.01251854020917812, 0.007099388252668835, 0.02090762678956783, 0.0, 0.0, 0.0, 0.024702242649165134, 0.023194199540393784, 0.03281792082296248, 0.023572642608424416, 0.05857783068412576, 0.0444283886409788, 0.019270995792247805, 0.01067120331527586, 0.006295395662386769, 0.004359575023394084, 0.0, 0.0, 0.0, 0.013568250249855179, 6.397565742149455e-5, 0.0, 0.0007989000006365738, 0.0, 0.0, 0.0, 0.0, 0.0, 0.0, 0.013733759413333673, 0.033561120624351494, 0.0072744460217326265, 0.00012667816743161607, 0.0, 0.0, 0.0, 0.0, 0.0, 0.0, 0.0, 0.0, 0.030511296000407407, 0.0, 0.0, 0.0, 0.0, 0.0, 0.012007689810364692, 0.01888332240548472, 0.0, 0.0, 0.0, 0.006260065821721168, 0.0, 0.0, 0.0, 0.0, 0.0, 0.0, 0.004045107612784946, 0.01683260021261562, 0.00956197363311711, 0.0, 0.0, 0.0, 0.0033502874130281173, 0.0, 0.0, 0.04942485565691224, 0.004519991597227085, 0.015694406426848134, 0.012688823675449263, 0.002847394185535772, 0.0, 0.012255316981876747, 0.01703534893787677, 0.020179068183409615, 0.013710524473076115, 0.007972767376870731, 0.008334977815406357, 0.0, 0.0, 0.0, 0.038928073536994484, 0.027759069583871768, 0.003052052631913986, 0.0, 0.0, 0.0084603828354266, 0.011977452559344584, 6.047450204021872e-6, 0.007983589129867403, 0.004142821676607826, 0.013490906544614267, 0.00035075211183326863, 0.0, 0.018381384038550903, 0.013878898218230198, 0.013199674074262688, 0.024756351414148486, 0.05977267952969935, 0.018746140771909274, 0.014046953676531438, 0.004775894226913063, 0.0001314524702242649, 0.0, 0.02373337746911026, 0.001050028327529903, 0.03206580898969387, 0.03550712644263516, 0.013469899612326613, 0.024175477907709544, 0.020531093442654257, 0.0, 0.0023330426313410697, 0.0, 0.0, 0.0, 7.352426300679224e-5, 0.00018842581688320782, 0.007508705145425263, 0.0, 0.013721346226072786, 0.0, 0.0, 0.0, 0.0, 0.02997307293224946, 0.016992698499595775, 0.0004217300800173148, 0.0, 0.0, 0.0, 0.006516605025112833, 0.01713306300169965, 0.006398202315855141, 0.004853556219006818, 0.03264254476704585, 0.01979648738629202, 0.013756357779885544, 0.0, 0.0, 0.028493993927086847, 0.011338332558835325, 1.2731474113730258e-6, 0.0, 0.0, 0.0, 0.0, 0.0, 0.0, 0.0, 0.00030078107593687736, 0.0, 0.0, 0.0, 0.0, 0.0, 0.0, 0.0, 0.0, 0.0, 0.0, 0.0, 0.0, 0.0, 0.0, 0.0, 0.007845134348880584, 0.0, 0.0, 0.003510703986861119, 0.0016725974116913126, 0.0, 0.0122174408463884, 0.0
0.0, 0.00028327529903049827, 0.05861411538534989, 0.05605190621996168, 0.004848781916214169, 0.0, 0.0, 0.0, 0.0, 0.0, 0.011839952638916297, 0.0020586793641901827, 0.0009290793234494656, 0.0, 0.0, 0.03258875428891534, 0.004129453628788409, 0.0569806672565583, 0.008385903711861278, 1.6550916347849335e-5, 5.951964148168896e-5, 0.007940302117880719, 0.017113010929970526, 0.023459969062517905, 0.02433143846560274, 0.037263115009771405, 0.026674029702529106, 0.0, 0.0, 0.0, 0.025180309502135706, 0.009476354469702275, 0.013036392918754098, 0.015276495789064938, 0.017400742244940832, 0.0001257233068730863, 0.01030071741856631, 0.020560057546262993, 0.011879101921816017, 0.01624758897708971, 6.14293625987485e-5, 0.0, 0.0, 0.008323519488703999, 0.00698162211711683, 0.0, 0.0023833319540903044, 0.0, 0.0, 0.0, 0.0, 0.0, 0.03984092023094894, 0.0015131356984168412, 0.012514402480091157, 0.009392645027404499, 2.6417808785990286e-5, 0.0, 0.0, 0.0, 0.0, 0.0, 0.008326065783526746, 0.0, 0.025316217988299774, 0.020898396470835377, 0.0, 0.0, 0.00029727992055560154, 0.0, 0.0, 0.020835693960825255, 0.019628750214843626, 0.0, 0.0, 0.0, 0.0, 0.02912165560089375, 0.0, 0.0, 0.0, 0.0, 0.0, 0.008747159289838375, 0.01921052129020759, 0.02618864225194314, 0.016640673240351133, 0.0, 0.0009994207179278253, 0.03388195377201749, 0.0, 0.010301035705419152, 0.0012963823516305836, 0.04853969991915514, 0.013945738457327281, 0.00033292804807404623, 0.0004917531876428312, 0.03518056413161798, 0.010277800765161594, 0.07898320081990694, 0.010105925864626235, 0.034276947756395976, 0.03415154273637573, 0.03453857954943313, 0.026628514682572522, 0.0, 0.0, 0.009542876421946515, 0.015618017582165751, 0.0, 0.0, 0.0, 0.0, 0.0035851831104264406, 0.018191048500550637, 0.011911885467658872, 0.027645122890553882, 0.0041517337084874375, 0.008445105066490124, 0.021668332367863214, 0.016597704515217294, 0.03147729659878669, 0.092504981189247, 0.024139511493338255, 0.013558701644269882, 0.028963785321883494, 0.006282027614567353, 0.004590332991705444, 0.0, 0.003673348568664023, 0.017353317503867184, 0.053397075580396074, 0.015264719175509736, 0.024197121413702886, 0.0033677931899344965, 0.015195332641589907, 0.004157781158691459, 0.0, 0.023207885875066045, 0.0421555022248251, 0.0, 0.004480524027474521, 0.06520297152605814, 0.039747662183065864, 0.012652220687372288, 0.03155750488570319, 0.008796175465176236, 0.029124201895716496, 0.01298674016971055, 0.005130784067833294, 9.548605585297694e-7, 0.014586131605247913, 0.022511155954192157, 0.011634657618832396, 0.0, 0.0, 0.00045355876530164043, 0.0413601033795698, 0.017110782922000623, 0.034033776600823726, 0.0010980896423092347, 0.03758999560764143, 0.05353903151676417, 0.05962435785627439, 0.0, 0.0, 0.028185892253534576, 0.01123425275795558, 0.0, 0.0, 0.0, 0.0, 0.0, 0.003072741277348798, 0.0027213525918098427, 0.0, 0.002917735580014132, 0.0, 0.0, 0.0, 0.0, 0.0, 0.0, 0.0, 0.0, 0.0, 0.0, 0.0, 0.02180965173052562, 0.00023776027907391258, 0.0, 0.0023206294440801826, 0.0, 0.0, 0.0, 0.03262758528496222, 0.020491625872901695, 0.008958183473273453, 0.00639024514453406, 0.0031306694845662703
0.0, 0.0013629043038748242, 0.016464978897581656, 0.016547415192468058, 0.012089807818398253, 0.0002361688448096963, 0.0, 0.0, 0.0, 0.000332609761221203, 0.007757923751201533, 0.021437256112699008, 0.0, 0.0, 0.022937342050149277, 0.019634479378194805, 0.004050518489283282, 0.05264114430489334, 0.0066420100451330755, 0.0, 0.0014548892043465252, 0.0344316351668778, 0.046350841232152065, 0.0025335633486323213, 0.026734185917716483, 0.019691452724853748, 0.03586233457040824, 0.002794876854816635, 0.0, 0.0005296293231311787, 0.05079953657434226, 0.03622613644320807, 0.019242668262344755, 0.0076274261415357975, 0.027282594165165413, 0.03288667078317663, 0.04425555887988491, 0.019491250294415337, 0.023079934560223055, 0.02137200730786614, 0.002188222113297388, 0.0, 0.0, 0.009868165585552324, 0.035003278354584284, 0.0, 0.04111693222399756, 0.0, 0.0, 0.0, 0.011651845108885932, 0.001561515300049016, 0.02038149862181793, 0.025596628705654684, 0.009184167138792165, 0.027166101177024782, 5.092589645492103e-6, 0.0005356767733352006, 0.007838132038118034, 0.0, 0.0, 0.014155171206498144, 0.011006995945025494, 6.365737056865129e-7, 0.008366806500690683, 0.03703012903349014, 0.0024753168545620053, 0.0, 0.013284020090266151, 0.0, 0.0, 0.027404816316657223, 0.013529737540661146, 0.0, 0.0, 0.0, 0.007787842715368799, 0.0, 0.0, 0.0, 0.00021102418343507903, 0.0, 0.0, 0.0, 0.058329885225760866, 0.029553889147054892, 0.008827685863607718, 0.00022184593643174974, 0.019192060652742676, 0.054262815820129734, 0.0223628342807672, 0.01891164993538777, 0.01803604280321597, 0.032418152535791354, 0.04757529075504007, 0.01924903399940162, 0.004227485979464133, 0.041458772303951216, 0.053018950799218284, 0.023714916831645352, 0.06797015742467742, 0.021997122686850296, 0.054864059685150644, 0.0271794692248442, 0.04194734262306561, 0.0, 0.0, 0.013910090329808836, 0.019822268621372326, 0.016933178858114087, 0.0, 0.00032115143451884575, 0.005268920561967268, 0.007595279169398629, 0.005501588251395688, 3.9785856605407056e-5, 0.02931803858909804, 0.05105639406458677, 0.0051215537491008396, 0.0033630188871418476, 0.037873270906671926, 0.025539337072142898, 0.017076726228746394, 0.007120713471809334, 0.012884251803095022, 0.014722040091411984, 0.0007228294428070354, 0.017113965790529057, 0.012460293715107804, 0.022220878344399106, 0.08625637369422819, 0.01291544391467366, 0.010831938175961705, 0.024412919899930614, 0.03231757389029289, 0.010456996263312347, 0.008334977815406357, 0.0, 0.005447161199559491, 0.011100572279761411, 0.017744173759158703, 0.017855574157653844, 0.015193104633620004, 0.016195071646370574, 0.04590778593299425, 0.01667950423639801, 0.004053064784106028, 0.02330432679147755, 0.03213710524473076, 0.03300793807410991, 0.011386393873614656, 0.02217058902164987, 0.012470160607545945, 0.02835617571980572, 0.004854829366418191, 0.003143719245532844, 0.007947941002348956, 0.013560293078534099, 0.0012387724312659541, 0.03357671668014081, 0.005812872793476392, 0.008771667377507305, 0.010862175426981813, 0.02662628667460262, 0.0029848941059640592, 0.0, 0.0202907868687576, 0.01773398857986772, 0.0, 0.0, 0.0, 0.0, 0.0, 0.0, 0.004666403549534983, 0.0, 0.020282829697436517, 0.004490390919912662, 0.0, 0.0, 0.0, 0.0, 0.0, 0.0, 0.0, 0.0, 0.0, 0.006905551559287292, 0.04658255406102196, 0.023663354361484746, 0.0, 0.008654537815660987, 0.008700689409323259, 0.0, 0.0008880203194326855, 0.0022840264560032085, 0.02063899268576812, 0.03658166285783399, 0.03615579504872972, 0.017256240013749993
0.0042647255412467935, 0.0, 0.06919206065274268, 0.04363617266425193, 0.002998580440636319, 0.006971436937825846, 0.011802394790280793, 0.01779478136876078, 0.017083410252656105, 0.00636096275407248, 0.031860832256462815, 0.01969750017505777, 4.742474107364521e-5, 0.0, 0.03902801560878726, 0.0439869247760852, 0.015348746904660357, 0.001866434105072856, 0.022018129619137954, 0.008195886460713854, 0.0, 0.012522041364559396, 0.0021761272128893445, 0.011067152160212871, 0.022405484719048196, 0.027412455201125462, 0.0386839475208637, 0.0075290755040072314, 0.0011385120726203283, 0.04057711772157539, 0.03301494038487246, 0.0006149301996931715, 0.0015013590848616408, 0.0101453934343788, 0.009858298693114182, 0.010370422239338982, 0.008170741799339236, 0.006051587933108835, 0.00483223099986632, 0.01678008288189648, 0.0005824649407031593, 0.0, 0.0, 0.0013880489652494414, 0.05509800052199044, 0.015105575749088109, 0.013281792082296249, 0.0, 0.0, 0.0, 0.02957203149766696, 0.02926934070061302, 0.007457142675264656, 0.07605018747095632, 0.03835038289908397, 0.01621130427586558, 0.012732110687435945, 0.03269792667944058, 0.010811886104232579, 0.05343749801070717, 0.013345767739717743, 0.0267262287463954, 0.013264922879095557, 0.00745555124100044, 0.024093678186528827, 0.005039117454214436, 0.009984658573692955, 0.004299418808206708, 0.00027213525918098425, 0.0, 0.0, 0.02513574934273765, 0.03356080233749865, 0.022491422169315874, 0.0, 0.0, 0.0, 0.016350077343705242, 0.0028146106396929166, 0.0, 0.0018903056190361, 0.013713389054751704, 0.0, 0.0, 0.05108567645504835, 0.037932472261300774, 0.016524498539063345, 2.5462948227460515e-6, 0.0026058144642277406, 0.09363649095110477, 0.06333558256042676, 0.002700663946375031, 0.023974002329859762, 0.00843587474775767, 0.0018037315950627344, 0.054542589963778955, 0.000948176534620061, 0.06647962009281244, 0.021528922726317866, 0.006903960125023076, 0.0877450013049761, 0.00878980972811937, 0.029389971417840614, 0.0524730888465921, 0.02095664296490569, 0.005030841996040512, 0.014847445111432227, 0.024480714999586227, 0.029527789625121745, 0.010231012597793635, 0.016963097822281354, 0.004609748489728884, 0.008920307337785106, 0.01988910886046941, 0.027433462133413116, 0.02469205746987415, 0.005941460682025068, 0.04418553577225939, 0.030269716279099374, 0.0069602968979763325, 0.020426377068068827, 0.010979623275680975, 0.007097160244698932, 0.013905316027016189, 0.05354762526179094, 0.007968311360930925, 0.021526694718347963, 0.011253986542831862, 0.024471802967706617, 0.034076745325957565, 0.06866083989534728, 0.018363241687938837, 0.022300131770757077, 0.007037004029511557, 0.025265928665550542, 4.010414345825031e-5, 6.270251001012152e-5, 0.0008348664150078617, 0.010272071601810416, 0.009821377418184365, 0.009516140326307682, 0.006637235742340427, 0.004819181238899746, 0.04031484935483255, 0.014266889891846128, 0.005103411398488774, 0.05064930517980024, 0.023456149620283785, 0.035715286044394653, 0.0252111833268615, 0.006691026220470938, 0.057844816062027744, 0.007376934388348155, 0.01674188845955529, 0.024665957947941002, 0.005757172594228823, 0.012616890846706686, 0.0002600403587729405, 0.057255030523709186, 0.006083098331540317, 0.032031115722733955, 0.031464883411525806, 0.040449484693585246, 0.05170347123641711, 0.01197808913305027, 0.004700778529642054, 0.028383548389150238, 0.027088120898078185, 1.7824063759222363e-5, 0.000767071315352248, 0.0, 0.0, 0.0031558141459408877, 0.003504656536657097, 0.013760177222119663, 0.009432112597157061, 0.01567849208420597, 0.017681471249148584, 0.0, 0.0, 0.0003886282473216161, 0.0, 0.0, 0.0, 0.0013613128696106079, 0.0005245367334856866, 0.00045992450235850555, 0.010604681363031618, 0.027323016595476507, 0.0229551661139085, 1.3686334672260027e-5, 0.0, 0.010307083155623174, 0.014858903438134584, 0.03355316345303041, 0.04221693158742385, 0.03722173771890178, 0.029689161059513275, 0.002338135220986562, 0.00734319598194677
0.014509742760565532, 0.009405058214665385, 0.055938914387202325, 0.014098834433544889, 0.003456276935024922, 0.0036669828316071578, 0.003415536217860985, 0.01460140937418439, 0.0022232336671101464, 0.028489537911147042, 0.02062785264591861, 0.03762055114551438, 0.0037615140269016047, 0.0021528922726317865, 0.0033257793253591867, 0.00865103666027971, 0.004695685939996562, 0.0595272803661572, 0.012354940766816687, 0.01805259371956382, 0.027065204244673468, 0.030059646956222826, 0.007553583591676162, 0.010523518215556589, 0.028581841098471585, 0.00785340980705451, 0.08611728233953568, 0.04300596469562228, 0.04228313525281525, 0.0092226798479862, 0.019414861449732958, 0.011369842957266807, 0.01037710626324869, 0.010137436263057718, 0.04690625179036355, 0.04361039142917163, 0.026184822809709022, 0.013589893755848521, 0.010715445187821072, 0.04142312417643277, 0.011509252598812154, 8.020828691650062e-5, 0.007903380842950902, 0.01565302913597851, 0.031782533690663375, 0.01108656765823631, 0.054832549286719164, 0.0027735516356761367, 0.0, 0.0, 0.0001893806774417376, 0.0032248823930078746, 0.0026557855001241317, 0.007540533830709589, 0.015789574195848265, 0.023810721174351172, 0.00853358881158055, 0.05266278781088669, 0.02693056890592077, 0.0589511811625109, 0.007840996619793622, 0.048906048086777724, 0.05545575494458626, 0.035189794450350434, 0.0037312767758814953, 0.00021834478105047393, 0.0070255457028092, 0.05539368900828182, 0.0002896410360873634, 0.0, 0.014923833956114609, 0.008228033432851023, 0.030734096797397685, 0.02012273141045636, 0.0034320871342088345, 0.0, 0.0, 0.007647478213264923, 0.001043662590473038, 0.04309699473553545, 0.008812726381524085, 0.0019272268939659178, 0.0049939207211106935, 0.015500251446613746, 0.0581086758630348, 0.01943968782425473, 0.008536453393256139, 0.0077101807232750445, 0.0, 0.0, 0.021572846312010237, 0.007408444786779637, 0.03996887154579193, 0.027547408826731002, 0.08780897696239759, 0.020643130414855083, 0.05115410812840965, 0.0547459752627458, 0.0008915214748139613, 0.05030396394446531, 0.07214257977859967, 0.007549127575736356, 0.05699053414899644, 0.06642010045133076, 0.02148054312468569, 0.05231681000184606, 0.030210196637617686, 0.06552284981316561, 0.022959303842995462, 0.05477844052173581, 0.021641277985371535, 0.015471923916710697, 0.011589779172581497, 0.005016519087662565, 0.07691242655530871, 0.004386311119032918, 0.03590975931148188, 0.02360924559650139, 0.0027324926316593568, 0.0013625860170219809, 0.013904361166457659, 0.005738711956763914, 0.06255705291837216, 0.018158901528413467, 0.00702268112113361, 0.028536644365367844, 0.01391136347722021, 0.015406356825024985, 0.000934490199947801, 0.023788441094652144, 0.06759712523314512, 0.049493287330273535, 0.01735681865924846, 0.07565137404434373, 0.024227995238428682, 0.021824292925756408, 0.012636942918435812, 0.009611308095307814, 0.008353756739724109, 0.0019947037067686883, 0.002854078209445481, 0.018929792285999836, 0.008318426899058507, 0.05234195466322068, 0.03855535963231503, 0.039265775887861176, 0.013499500289641036, 0.08373490524600391, 0.011507342877695094, 0.05320451203442591, 0.03341566353260212, 0.016068393478938958, 0.010802974072352967, 0.004126907333965663, 0.00651437701714293, 0.021861850774391914, 0.0018435174516681415, 0.02248887587449313, 0.02150377806494325, 0.0, 0.06608017009249416, 0.02980087974486126, 0.06967267380053599, 0.015752334634065605, 0.00796099076331553, 0.0, 0.04267621951607667, 0.010737088693814413, 0.00024667231095352375, 0.0012804680089884208, 0.026785430101024247, 0.0, 0.001943777810313767, 0.0015465558179653832, 0.006329452355640998, 0.0006954567734625154, 0.017886766269232482, 0.02125360459860845, 0.0, 0.0, 0.0007126442635160512, 0.0, 0.0, 0.0, 0.030664710263477855, 0.009143426421628228, 0.009326123075160257, 0.024029384242254488, 0.015657485151918313, 0.03236086090227957, 9.64409164115067e-5, 0.0, 0.0010541660566168653, 0.0015783845032497088, 0.043357353381161236, 0.027965001177661354, 0.006041721040670694, 0.005130147494127608, 0.03858336887536523, 0.04460662927857102
0.02211966312519495, 0.0011942122718678983, 0.011053784112393453, 0.012372446543723065, 0.018134393440744537, 0.008771667377507305, 0.0069602968979763325, 0.003900923668446951, 0.0, 0.04900726330598188, 0.02299622511792528, 0.03652914552711486, 0.02324448886314302, 0.031293645084696134, 0.008097854110038131, 0.0073470154241808885, 0.08389850468836534, 0.027760342731283142, 0.02561859049850087, 0.007210470364311132, 0.0060872360606272794, 0.04282772405803006, 0.0741000439235857, 0.06941167858120452, 0.005016519087662565, 0.000669038964676525, 0.01808283097058393, 0.00477462107950169, 0.058407228931001774, 0.03010197910765098, 0.058472477735834645, 0.006762004188654983, 3.469326695991496e-5, 0.023591421532742168, 0.011862869292321011, 0.015545766466570332, 0.03836279608634486, 0.034896015685176106, 0.05545861952626185, 0.021697614758324792, 0.029999809027888295, 0.0001635994423614338, 0.0362601931364623, 0.0674564424441884, 0.02892622747324799, 0.006856535383949431, 0.013478811644206225, 0.007175777097351217, 0.00029282390461579595, 0.02309775862398228, 0.0011385120726203283, 0.013558701644269882, 0.010761915068336188, 0.0158045336779319, 0.0008622390843523817, 0.04882679466041975, 0.0772434448822657, 0.01955395280442546, 0.007151269009682286, 0.007389029288756199, 0.024516681413957516, 0.038076974492491616, 0.026605598029167808, 0.03554436600441782, 0.029221597672686533, 0.018792928939277233, 0.023587602090508048, 0.036946737878045206, 0.027580828946279546, 0.02257131216937953, 0.02419266539776308, 0.060334455824967693, 0.009768223513759541, 0.028539827233896278, 0.0059455984111120306, 0.0, 0.01911503523435461, 0.020471255514319726, 0.023147093086172982, 0.00045546848641869997, 0.035586698155845975, 0.007496610245017219, 0.0030969310781648854, 0.006816112953638337, 0.045945343781629754, 0.03264286305389869, 0.02290614993857064, 0.011229160168310088, 0.0194813834019772, 0.0, 0.07092449599276852, 0.05436021159709977, 0.03738310915329331, 0.010229102876676575, 0.029067228549057553, 9.262147417738763e-5, 0.020151377227212254, 0.009541921561387985, 0.036789185885887796, 0.036795551622944664, 0.0607943803273262, 0.011262262001005786, 0.02890076452502053, 0.013764314951206625, 0.0012425918735000732, 0.014353782202672336, 0.008822911560815069, 0.0389532181983691, 0.0449853906334545, 0.014549846904023783, 0.032281925762774444, 0.018328866707831765, 0.013982978019109943, 0.016111362204072797, 0.028539508947043435, 0.00795908104219847, 0.03063447301245775, 0.008087668930747147, 0.02291728997842015, 0.03683151803731595, 0.00302308852830525, 0.055039117454214435, 0.041193321068679935, 0.00024890031892342655, 0.025176171773048744, 0.02766549324913585, 0.020646949857089203, 0.0019415498023438644, 0.0007301500404224303, 0.006944700842187013, 0.011537898415568047, 0.029170353489378766, 0.030067604127543907, 0.01752391925699117, 0.008952454309922274, 0.0414336276425766, 0.03696647166292149, 0.03689326568676754, 0.03616725337543208, 0.028307796118173544, 0.016331298419387488, 0.035929493096358164, 0.011390531602701618, 0.03248435620118276, 0.03163612173835548, 0.011678262917671923, 0.006275980164363331, 0.008978872118708264, 0.029565029186904405, 0.027102762093308974, 0.01966821778459619, 0.00860011076382479, 0.00357436135742977, 0.016957368658930175, 0.010056909689288374, 0.025322583725356642, 0.01790713662781445, 0.009111597736343903, 0.013579708576557537, 0.005595164586131606, 0.021408610295943115, 0.004190246417681471, 0.03737324226085517, 0.08269187922923656, 0.012236538057558994, 0.02330241707036049, 0.012166514949933479, 0.04084447867796373, 0.006497189527089394, 0.02354272364425715, 0.015348428617807513, 0.0049939207211106935, 0.0010258385267138156, 0.0056833300443691875, 0.003977312513129333, 0.0014392931485572057, 0.00240147430470237, 0.05042809581707418, 0.00460943020287604, 0.0, 0.009363680923795761, 0.0, 0.0, 0.03824312022967579, 0.0174682190577436, 0.020300017187490055, 0.0, 0.0, 0.043613256010847215, 0.0393329344138111, 0.009951238454144412, 0.0009615445824394778, 0.00020306701211399763, 0.00010057864549846905, 0.054088712911624474, 0.013767816106587902, 0.023241942568320274, 0.010513333036265605, 0.028221222094200176, 0.008522767058583878
7.798027894659783e-5, 0.0016417235869655169, 0.07753849679485139, 0.04175859851932956, 0.00024444430298362096, 0.03254260269525307, 0.029763003609372913, 0.008497304110356417, 0.027615203926386618, 0.05606368283351688, 0.05466640354953498, 0.01490155387641558, 0.009929276661298229, 0.0557371205224997, 0.027877790579982305, 0.008249995225697207, 0.029712395999770835, 0.008432691879229237, 0.023522034998822338, 0.01939449109115099, 0.025954064841397662, 0.04172963441572083, 0.009829016302652602, 0.038817309712205025, 0.012441196503937208, 0.03649477054700778, 0.00571293072168361, 0.03022993042249397, 0.04706157577455106, 0.01594457989318293, 0.005239956458358531, 0.004514899007581593, 0.012787810886683515, 0.01871940467627044, 0.006839984467601581, 0.02052440941874455, 0.02994379054178788, 0.07606132751080584, 0.08635376947119822, 0.050367939601886805, 0.08074619169780572, 0.041562533817978115, 0.08404714464864314, 0.022094836750673176, 0.015276177502212093, 0.017952651647771038, 0.011032140606400112, 0.012770941683482822, 0.005739030243616757, 0.007997912038245349, 0.0064675888497749716, 0.0004545136258601702, 0.022625420934362886, 0.01202201271874264, 0.010082372637515834, 0.028986383688435365, 0.05763761132082678, 0.012173517260696029, 0.008332113233730768, 0.03430686672056324, 0.03682005971061359, 0.06280308865562, 0.04012992469333062, 0.01127435690141383, 0.014083874951461255, 0.006064637694075409, 0.03685443469072067, 0.0008348664150078617, 0.05251892215340153, 0.0022070010376151403, 0.07279061181098853, 0.005090679924375043, 0.008152599448727172, 0.011426498017072908, 0.008316835464794291, 0.036636408196523036, 0.01729411614923834, 0.021904182925820068, 0.04854574736935916, 0.005178208808906939, 0.007777020962372128, 0.037152351184981953, 0.06634880419629387, 0.015915297502721353, 0.01680554583012394, 0.009923865784799892, 0.001508997969329879, 0.03887078190348269, 0.02093213487723676, 0.008368079648102055, 0.04792476971946197, 0.04638076019631933, 0.010163217498138023, 0.05205645135622028, 0.012146462878204353, 0.029445035043382497, 0.0070156788103710585, 0.058159920046342566, 0.0035960048634231115, 0.032216358671088734, 0.015720824235634125, 0.001454570917493682, 0.04865969406267705, 0.04031262134686265, 0.02995047456569759, 0.021862169061244757, 0.052205409603350926, 0.009614809250689091, 0.05308642761202106, 0.065107803757058, 0.0016156240650323699, 0.015585234036322896, 0.008930810803928933, 0.022775334042052058, 0.0047482032707157, 0.02453195918289399, 0.008884977497119504, 0.02036813057399851, 0.03565035552641463, 0.012937723994372688, 0.004477977732651775, 0.011825629730538351, 0.051304339522951665, 0.059066082716387316, 0.011535033833892457, 0.010800109490677378, 0.057671031440375324, 0.06262007371523512, 0.0003163771317261969, 0.06344157208242357, 0.059839201481943584, 0.00925991940976886, 0.03714789516904215, 0.016169290411290272, 0.018625191767828838, 0.025729672610143164, 0.07066668364196549, 0.023251809460758412, 0.005266374267144522, 0.08792228708200979, 0.023714280257939667, 0.012236219770706151, 0.0029833026716998426, 0.02355259053669529, 0.0214872271485954, 0.027740927233259702, 0.050772800478703424, 0.0076697582929639505, 0.06159582662278552, 0.06545155355812873, 0.010496463833064911, 0.07014342005589116, 0.016152739494942423, 0.028819283090692656, 0.008986829290029346, 0.045436084817080544, 0.024236270696602606, 0.010569988096071703, 0.005445888052148118, 0.0069733466589429055, 0.005697016379041448, 0.042855415014227426, 0.0022658841053911426, 0.044761316689052845, 0.03604248492911752, 0.009442297776448045, 0.0045693260594177896, 0.0043691236289793815, 0.0013746809174300246, 0.006854625662832371, 0.00601689466614892, 0.0, 0.0018753461369524671, 0.010530838813171984, 0.03851843835738521, 0.07934636611900109, 0.06171136475036762, 0.032031115722733955, 0.009610353234749286, 0.00407279856898231, 0.015549585908804451, 0.003774563787868178, 5.6018486100413134e-5, 0.0071786416790268065, 0.002459720798772686, 0.0039954548637413986, 0.0, 0.0, 0.010898141841353102, 0.04682763493771126, 0.04436345812299877, 0.02874448568027449, 0.01077782941097835, 0.006377831957273173, 0.0018237836667918594, 0.024301519501435474, 0.0046091119160231965, 0.010009803235067572, 0.054935674227040376, 0.09326409533327816
0.042554315651437705, 0.08510449357378844, 0.06138766702102603, 0.009394554748521558, 0.037850354253267215, 0.0015481472522295993, 0.014712491485826686, 0.04450095804342706, 0.026711587551164612, 0.039438923935807904, 0.019454647306338363, 0.04367404879974028, 0.02365221432163523, 0.03849902285936177, 0.008448606221871399, 0.010980896423092348, 0.015765384395032177, 0.025072091972169, 0.00015723370530456869, 0.02247327981870381, 0.02089585017601263, 0.027189972690988027, 0.021869171372007307, 0.027647987472229473, 0.025522149582089364, 0.011731098535243904, 0.03560611365386941, 0.007022362834280768, 0.03763200947221674, 0.0548519647847426, 0.0791286579116563, 0.0029533837075325768, 5.6018486100413134e-5, 0.0006171582076630743, 0.013644002520831875, 0.086437478913496, 0.03545110795653475, 0.03339943090310712, 0.0021252013164344235, 0.008509399010764461, 0.023756612409367817, 0.003564812751844472, 0.11530482331896799, 0.012040473356207549, 0.020559102685704465, 0.03417796054516172, 0.038851366405459255, 0.017654416866656905, 0.042368117842524394, 0.020923859419062836, 0.008622072556670975, 0.03440585393179749, 0.04508724242636434, 0.01999955439840602, 0.04636993844332266, 0.05102615681356666, 0.010769235665951582, 0.02265629475908868, 0.03457422767695158, 0.018598773959042848, 0.03341725496686634, 0.03610391429171626, 0.0478477443010739, 0.08699766377450013, 0.027114538706864175, 0.13023502301213946, 0.022284854001820602, 0.031820728113004564, 0.0001791954981507534, 0.005808098490683744, 0.030664710263477855, 0.045166177565869464, 0.03769152911369843, 0.0, 0.012002278933866357, 0.05100674131554322, 0.04396146182785774, 0.010947476303543806, 0.006104105263827972, 0.03308241719767523, 0.018187229058316517, 0.03652405293746937, 0.05290182123737197, 0.010624733434760744, 0.011070971602446989, 0.034399488194740625, 0.10867777275591854, 0.010135526541940658, 0.03553545397253821, 0.002506827252993488, 0.0035915488474833057, 0.025229007390620724, 0.007100343113227365, 0.014456588856140708, 0.027897842651711427, 0.06413448256106333, 0.007983589129867403, 0.0035323474928544603, 0.02189686232820467, 0.026204556594585305, 0.022080195555442387, 0.021576665754244356, 0.02419171053720455, 0.0023849233883545206, 0.044278793820142465, 0.015535581287279348, 0.023401404281594745, 0.01342470287922287, 0.10010280665346837, 0.053075287572171545, 0.0017693566149556627, 0.0417095823439917, 0.0011416949411487609, 0.00927265088388259, 0.03661603783794107, 0.05062734338695406, 0.007444092914298082, 0.09749189959959514, 0.0011665213156705349, 0.002454946495980037, 0.011303321005022567, 0.10807239116181067, 0.01085994741901191, 0.0074039887708398314, 0.027380308228988293, 0.03430081927035922, 0.0812360351643315, 0.014040906226327416, 0.012805953237295581, 0.047072079240694883, 0.08353215652074275, 0.003385617253693719, 0.006805291200641666, 0.010647650088165457, 0.0017792235073938035, 0.031002094327491708, 0.0079364826756466, 0.0869422818621054, 0.052214321635230536, 0.10681834096160824, 0.01711746694591033, 0.0005328121916596113, 0.05294638139677003, 0.0016366309973200248, 0.02246277635255998, 0.0013606762959049213, 0.037870724611849184, 0.059362407776384386, 0.005000604745020402, 0.03196459377048971, 0.0568673571369461, 0.029515058151008015, 0.039111088477379354, 0.0557584457416402, 0.029757274446021734, 0.023648076592548268, 0.060012986103596004, 0.008589925584533805, 0.06293103997046298, 0.027838959583935424, 0.08036806691662794, 0.02126251663048806, 0.051239090718118795, 0.0991193002781827, 0.004433735860106563, 0.049318229561209743, 0.011826902877949724, 0.0021738992049194416, 0.00637560394930327, 0.03538108484890923, 0.027478022292811172, 0.006437033311902019, 0.014962664952161486, 0.0011416949411487609, 0.011608558096899249, 0.03554086484903655, 0.09824464800656944, 0.04713923776664481, 0.0013940964154534633, 0.005099273669401811, 0.040710161626063876, 0.06264044407381708, 0.03153013221635867, 0.01823433551253732, 0.0026147264961073518, 0.030591822574176752, 0.0008405955783590403, 0.0, 0.011792527897842651, 0.035870291741729315, 0.006839347893895895, 0.06749113571114831, 0.03743880935254088, 0.01880725184765518, 0.007210470364311132, 0.05886810829391881, 0.01120401550693547, 0.044317943103042184, 0.02144521328402009, 0.018536708022738414
0.03698684202150346, 0.06107192646300552, 0.003503383389245724, 0.0006563074905627948, 0.05894577028601257, 0.019999872685258862, 0.01509507228294428, 0.04124933955478035, 0.040607036685742656, 0.023617839341528158, 0.03597309839519769, 0.03008924763353725, 0.0403998319445417, 0.050950404542589964, 0.05481568008351847, 0.09649820804501849, 0.11729061499385707, 0.04922401665276814, 0.007255667097414874, 0.0247439382268876, 0.0026042230299635244, 0.03101800867013387, 0.03204607520481759, 0.010626006582172116, 0.024260460497418694, 0.06422901375635778, 0.00886906315447734, 0.0031997377316332573, 0.03852703210241198, 0.004081074027156234, 0.0026605598029167806, 0.053329917054446146, 0.00855523231757389, 0.017701205034024864, 0.02751494356774099, 0.02054796264585495, 0.02675805743167973, 0.0032493904806768052, 0.0812758210209369, 0.040884264534569136, 0.03157946667854938, 0.01922643563284975, 0.029164306039174744, 0.004136137652698118, 0.001015016773717145, 0.03730831174287515, 0.04817908091488373, 0.03579772233928105, 0.04795500697048208, 0.020487488143814733, 0.019466742206746407, 0.02625102647510042, 0.08673093939181749, 0.015831588060423576, 0.004179742951537644, 0.02045820575335315, 0.06310546116582108, 0.016611709136742397, 0.03175452444761317, 0.0070726521570300014, 0.0385706374012515, 0.04259410150804311, 0.07715018683438261, 0.006017531239854606, 0.008792674309794959, 0.09724713700975868, 0.06305071582713205, 0.047347715655257146, 0.012485438376482421, 0.023186560655925545, 0.031730016359944234, 0.05778275012572331, 0.005277196020141192, 0.0016875568937749458, 0.019141134756287755, 0.030492198789236813, 0.03464838851366406, 0.017183988898154572, 0.03998542246213978, 0.019317783959615763, 0.012574876982131377, 0.004355755581159965, 0.02192805443978331, 0.03386540285566964, 0.041515745650610156, 0.023688499022859362, 0.01439038519074931, 5.3472191277667085e-5, 0.0028279786875123336, 0.029033490142656167, 0.017425250332609762, 0.003840767453259576, 0.03073536994480906, 0.09276852270340122, 0.02746879197407872, 0.06880725184765518, 0.08021751723523309, 0.003662208528814509, 0.10925896454921033, 0.053276763150021327, 0.05447161199559491, 0.052699709085816504, 0.05878980972811937, 0.07376393300698321, 0.004231623708551095, 0.024322526433723127, 0.04565665760610092, 0.027541679663379823, 0.05742531398998033, 0.09088521939512767, 0.009487812796404631, 0.0041966121547383365, 0.03768770967146431, 0.02803184141675844, 0.04159722708493803, 0.0881740519826088, 0.0034941530705132695, 0.0019450509577251401, 0.009065127855828787, 0.012324385228943734, 0.05397349307089521, 0.004400952314263707, 0.03700052835617572, 0.0423798944560796, 0.0014685755390187853, 0.005561107892877377, 0.07117880718819028, 0.07264992902203182, 0.05870673685952728, 0.02702414524065669, 0.05372363789141326, 0.1271435028104729, 0.04448758999560764, 0.07698308623663991, 0.03519934305593573, 0.0570468709219497, 0.06941136029435169, 0.033224691420896166, 0.0466277507941257, 0.04232833198591899, 0.062142643435970236, 0.05868795793520953, 0.0418582223042695, 0.03506948201997568, 0.0682967197356946, 0.06583477092895201, 0.04961105346582554, 0.04856325314626554, 0.0567776002444443, 0.04409864346143318, 0.020150422366653722, 0.09973423047787588, 0.035618208554277456, 0.01870158061251122, 0.025352502689523906, 0.019975682884442774, 0.029526198190857528, 0.01320954096670083, 0.018855949736140198, 0.005800777893068349, 0.05216976147583248, 0.02739081169513212, 0.021579848622772787, 0.03164694349135214, 0.00734319598194677, 0.012905895309088363, 0.011216110407343514, 0.007556766460204594, 0.01557282084906201, 0.0011413766542959177, 0.009945509290793235, 0.012239084352381741, 0.010520971920733842, 0.00016041657383300125, 0.0536768497240453, 0.013545015309597622, 0.024331756752455583, 0.061875600766434745, 0.0016936043439789675, 0.0012441833077642896, 0.0031042516757802804, 0.002584170958234399, 0.06613427885747751, 0.01754047017333902, 0.04140339039155649, 0.008530405943052117, 0.03728189393408916, 0.010841486781547002, 0.07824031930537077, 0.04411933210686799, 0.06655760037175905, 0.01565907658618253, 0.024396368983582765, 0.0013275744632092227, 0.03987911465329013, 0.06695323092984322, 0.030559039028333894, 0.07220591886231548, 0.07705342763111826, 0.003390391556486368
0.04476736413925687, 0.029941562533817977, 0.006746726419718507, 0.04412951728615898, 0.00760419120127824, 0.06702516375858579, 0.10981755797595025, 0.04340064039314792, 0.016588792483337684, 0.03336919365208701, 0.005627629845121617, 0.056710441718494375, 0.01779446308190794, 0.08593140281747522, 0.02879159213449529, 0.04945095517884538, 0.1164417439573241, 0.11202169443188979, 0.023284274719748425, 0.034675442896155734, 0.02858916169608698, 0.04553061601237499, 0.008891661521029213, 0.022350739380359155, 0.04915176553717272, 0.02300322742868783, 0.05564831849055643, 0.07381422232973245, 0.025508463247417103, 0.062136914272619054, 0.029128976198509144, 0.02168361013679969, 0.0035587653016404502, 0.0031494484088840226, 0.1575421252649738, 0.019193015513301208, 0.03841849628559243, 0.058323519488704, 0.0367818652882724, 0.028344080819397675, 0.0241162765530807, 0.042768522703401216, 0.03173574552329542, 0.11333176311819264, 0.049329369601059256, 0.02572744460217326, 0.007331737655244412, 0.025910459542558134, 0.010300080844860622, 0.05995155674099726, 0.009084225066999383, 0.024438701135010916, 0.037911147042160274, 0.07986899313136972, 0.007362929766823052, 0.0596428184937393, 0.062215849412124186, 0.023523308146233712, 0.025133203047914904, 0.002785009962378494, 0.05876561992730328, 0.05832288291499831, 0.12672272759101413, 0.0245150899796933, 0.1264604592242713, 0.00768535434875327, 0.0018858496030962945, 0.0007330146220980196, 0.024770674322526432, 0.1617272790930098, 0.08915819493160015, 0.04337804202659605, 0.026756784284268354, 0.02837209006244788, 0.01522111387667021, 0.06383911236162479, 0.01445881686411061, 0.03900064293944274, 0.01345112068800886, 0.02884888376800708, 0.00033770235086669513, 0.00450089438605649, 0.09128530596915164, 0.04476959214722677, 0.02832912133731404, 0.027691592771068998, 0.04329847031338523, 0.0031952817156934515, 0.021261880056782374, 0.004539725382103367, 0.0050206568167495275, 0.06615019320011968, 0.0019517349816348486, 0.05507890331081984, 0.0075494458625892, 0.014779650011776613, 0.04858266864428898, 0.0697662501352719, 0.015519348657784341, 0.09569580688900065, 0.024598799421991075, 0.03518629329496916, 0.0807194556021669, 0.07123100623205658, 0.08119975046310737, 0.03922853632607851, 0.05447734115894609, 0.027079527153051414, 0.005606304625981119, 0.05633931924807914, 0.008888796939353624, 0.06631156463451121, 0.030170092494159435, 0.03462260727858375, 0.08464361421087141, 0.07531526312774124, 0.06851792909842067, 0.04482083633053453, 0.02712408731244947, 0.003285356895048093, 0.028631812134367978, 0.06722918563125832, 0.010107835585743295, 0.009107141720404097, 0.12287368467958062, 0.04059144062995334, 0.0001855612352076185, 0.014929563119465788, 0.04743810912146463, 0.10297375406611455, 0.01498844618724179, 0.03621786098503415, 0.058224532277469744, 0.06213850570688327, 0.007019498252605178, 0.031451197076853545, 0.02860189317020071, 0.05976376749781973, 0.04671050537586494, 0.039709467760724676, 0.11269550769935897, 0.12533817978114595, 0.05017569434276948, 0.04976128486036756, 0.046051015016773715, 0.07698881539999108, 0.051229860399386346, 0.03442304142185103, 0.020391683801108913, 0.07548936603624651, 0.05667797645950436, 0.05324843562011827, 0.054098898090915455, 0.054115130720410465, 0.07097255730754785, 0.0003743053389436696, 0.04533518788472923, 0.08280805393052434, 0.059574386820377995, 0.03411048373235895, 0.031109993570605572, 0.04713573661126354, 0.05768535434875327, 0.0906566894347862, 0.06213341311723778, 0.01508425052994761, 0.054759343310565214, 0.04152147481396133, 0.04200972684622289, 0.01219802534836496, 0.03629488640342222, 0.00281492892654576, 0.00032688059787002436, 0.009018021401607986, 0.007878554468429127, 0.07109191487736408, 0.042172689714878635, 0.015363069813038303, 0.0036354724331756753, 0.00669229936788231, 0.03114118568218421, 0.07903094384783342, 0.007815215384713319, 0.10432647319069839, 0.10571165757427224, 0.02667816743161607, 0.05184956490187216, 0.02930721683610137, 0.020198165394580213, 0.02217440846388399, 0.05120280601689466, 0.04825356003844905, 0.03264127161963448, 0.0017804966548051766, 0.032435340025844896, 0.13696106078642314, 0.07072811300456423, 0.15257780522117753, 0.008619844548701072, 0.08522671572528025
0.0026624695240338404, 0.025243648585851514, 1.2731474113730258e-6, 0.04313327943675958, 0.06816081124953052, 0.06133865084568817, 0.05811281359212176, 0.061758471204588425, 0.0014208325110922969, 0.016007918976898742, 0.05988057877281321, 0.02648687703305727, 0.007216836101367997, 0.01648216638763519, 0.04235665951582204, 0.02725267520099815, 0.013995072919517987, 0.04921987892368118, 0.09785601975924782, 0.00817997211807169, 0.02171225595355558, 0.09974441565716687, 0.04369441915832225, 0.01257328554786716, 0.07127397495719041, 0.05191354055929366, 0.06840048124972149, 0.016429649056916056, 0.10636191761463101, 0.0825811154044471, 0.0675535199343056, 0.06816463069176465, 0.05037462362579651, 0.025686385598156482, 0.006440852754136138, 0.03006855898810244, 0.015743422602185995, 0.05623301143922949, 0.03151262643945229, 0.09025469313964517, 0.05048315944261606, 0.011191284032821741, 0.01998873264540935, 0.07458383993990744, 0.008543773990871533, 0.0067550018778924316, 0.026144082092545085, 0.0076178775359505005, 0.024394140975612863, 0.01769897702605496, 0.11410488188374891, 0.04689352031624982, 0.03261262580287859, 0.025980482650183653, 0.0574008059023114, 0.027741245520112548, 0.004881247175204181, 0.03316485349256164, 0.04307089521360231, 0.08238282269512576, 0.019192060652742676, 0.028004787034266763, 0.08510576672119981, 0.03731213118510927, 0.030736643092220434, 0.019837228103455957, 0.0007030956579307535, 0.11007568861360613, 0.062194842479836525, 0.02568511245074511, 0.047743664500194155, 0.05063466398456945, 0.05500187789243177, 0.015639661088159094, 0.020035202525924466, 0.018185319337199458, 0.013916774353718546, 0.018527477704005958, 0.036448937240198355, 0.040952696207930434, 0.023945038226251027, 0.0030918384885193933, 0.014693394274656092, 0.06061104710008848, 0.029490231776486242, 0.027787397113774818, 0.012999789930677123, 0.07891413257283994, 0.003843313748082322, 0.055415969087980854, 0.031062250542679085, 0.03784112393453476, 0.01835846738514619, 0.06039843148238919, 0.12964460090011523, 0.04506846350204659, 0.0690466035609933, 0.00407375342954084, 0.11559319120764398, 0.07438650209114463, 0.09041606457403671, 0.02605273376577907, 0.05734319598194677, 0.031056521379327906, 0.01837119885925992, 0.0800911573546543, 0.012581242719188241, 0.010786741442857961, 0.023734650616521635, 0.08296942536491587, 0.04610544206860991, 0.0291168812981011, 0.10382167024208898, 0.025841391295491147, 0.14956840302754454, 0.16126385343527, 0.07055369180920613, 0.09006117473311648, 0.03471045444996849, 0.023665264082601806, 0.10375737629781465, 0.19361548401881712, 0.1046113399239931, 0.01848482726572496, 0.02032898129109879, 0.03642920345532207, 0.08710842759928958, 0.06695673208522449, 0.025397699422627647, 0.025359186713433617, 0.09109051441521157, 0.043861519756064955, 0.0633807792935305, 0.06523384535078394, 0.0221575392606833, 0.1285165922936387, 0.1073234621970705, 0.0632159067037577, 0.07637133890547516, 0.03810943975148162, 0.016379996307872506, 0.031690548790191675, 0.029843848469995098, 0.03195313544378736, 0.023194199540393784, 0.008935266819868738, 0.042481427962136595, 0.06470421602765276, 0.00645581223621977, 0.11247684463145566, 0.05979846076477965, 0.023984824082856432, 0.08269251580294225, 0.015808353120166017, 0.014648834115258035, 0.03266036883080507, 0.12121095416032746, 0.027796945719360117, 0.08096485476570905, 0.01573132770177795, 0.11902050403906016, 0.013394783915055605, 0.06398966204301965, 0.05054458880521481, 0.06964816571286707, 0.08719054560732314, 0.07751080583865402, 0.026239886435250905, 0.07230777065522531, 0.1428751487991037, 0.021474177387628825, 0.007443774627445238, 0.006299851678326575, 0.00209751036023706, 0.04384815170824554, 0.02137009758674908, 0.03912191023037603, 0.04242222660750775, 0.062407458097535826, 0.056853034228568154, 0.025476634562132776, 0.0028168386476628195, 0.01733422029269659, 0.06193575698162212, 0.010926787658108995, 0.053546670401232406, 0.06031058431100445, 0.052639234583776284, 0.0630930479785602, 0.004470020561330694, 0.03999497106772508, 0.08445423353342967, 0.04055515592872921, 0.00208286916500627, 0.018168450133998766, 0.07755950372713905, 0.09668472414078465, 0.05170697239179838, 0.07405771177215754, 0.009477309330260805
0.04580561585323157, 0.035057387119567636, 0.06555563335900848, 0.03411812261682719, 0.0383866676003081, 0.09763512868337461, 0.08314066369174555, 0.08224118504561051, 0.014523429095237793, 0.02368149671209681, 0.07647891986173619, 0.04989464705170888, 0.0264076236066993, 0.0024447613166890527, 0.0027735516356761367, 0.051931046336200035, 0.017592669217205315, 0.05902375056495916, 8.275458173924667e-5, 0.055722479327268905, 0.04263802509373548, 0.005516866020332164, 0.028206580898969387, 0.017972703719500164, 0.03526077241853448, 0.0488837680070787, 0.02638693496126449, 0.019716915673081207, 0.04465087115111623, 0.04143999337963346, 0.013418973715871692, 0.0004494210362146781, 0.0026414625917461853, 0.02812096173555455, 0.05090648095689759, 0.0382402556480002, 0.10460656562120045, 0.043130414855083996, 0.014407254393950004, 0.003574043070576927, 0.021707481650762934, 0.02077267316396229, 0.013091456544295981, 0.019019867465354477, 0.04771183581490983, 0.0069345156628960285, 0.06864460726585228, 0.026931523766479303, 0.04154248174624899, 0.03978967604764118, 0.018260116747617624, 0.09283727266361536, 0.10156119701319617, 0.004313423429731811, 0.04362375947699104, 0.03869604242127175, 0.036213404969094344, 0.05661209108096581, 0.029911643569650714, 0.010764461363158933, 0.0241538344017162, 0.10390919912662087, 0.01392314009077541, 0.09974282422290265, 0.0521309304797856, 0.017983525472496834, 0.06708945770286012, 0.010541023992462968, 0.02029874404007868, 0.027744110101788136, 0.02028569427911211, 0.07239625440031575, 0.022422035635396045, 0.05026576952212412, 0.024794227549636835, 0.058548230006811336, 0.011917614631010051, 0.039343119593102084, 0.020739889618119435, 0.02448580758923172, 0.06418445359695972, 0.00012604159372592955, 0.10057005175344227, 0.02107377252675201, 0.031219484247983653, 0.054995193868522065, 0.0018530660572534392, 0.08957324098770776, 5.283561757198057e-5, 0.028469167552565074, 0.0015430546625841072, 0.001363859164433354, 0.012497533276890465, 0.016270187343641582, 0.060183269569867144, 0.08523308146233712, 0.060580173275362685, 0.053215015500569736, 0.06948615770476985, 0.06137016124411965, 0.0789711059194989, 0.04451910039403913, 0.079407477194747, 0.04433767688791847, 0.09605196987733225, 0.06915927710689983, 0.08472605050575781, 0.14239071620907626, 0.05098127836731576, 0.053639928449115484, 0.03129332679784329, 0.002740768089833281, 0.025702299940798645, 0.09452642099165452, 0.050380352789147695, 0.0071372643881571825, 0.05000572916335118, 0.08496699365336015, 0.029347639266412463, 0.0022929384878828197, 0.014755141924107682, 0.04265744059175892, 0.1926698537790198, 0.0623352069819404, 0.00021325219140498183, 0.07149041001712383, 0.05713376323277591, 0.022941161492383396, 0.0684615923254674, 0.038053421265381214, 0.014268481326110343, 0.06085199024769083, 0.11711587551164612, 0.01629246742334061, 0.02219000451967331, 0.05639947546326651, 0.027043242451827286, 0.045842855415014226, 0.044765454418139804, 0.023778892489066845, 0.09513148429890955, 0.0494003475692433, 0.01979839710740908, 0.052844847890713025, 0.012996925349001534, 0.09876568358467386, 0.006239377176286356, 0.07492026914336276, 0.10053026589683686, 0.031224576837629144, 0.019373802445716178, 0.00515974817144203, 0.002697162790993755, 0.09071875537109064, 0.047397050117447846, 0.039330069832135515, 0.01578893762214258, 0.05284643932497724, 0.002586398966204302, 0.01773112399819213, 0.07759706157577455, 0.008380492835362942, 0.0386250644530877, 0.05290723211387031, 0.08652564437173359, 0.005989840283657243, 0.13724624580657072, 0.031178425243966874, 0.03457040823471746, 0.026674984563087638, 0.018945706628641996, 0.003612555779770961, 0.013038939213576845, 0.10552291347053619, 0.015948081048564208, 0.04428229497552374, 0.049819531354437875, 0.016891801567244465, 0.050846643028563066, 0.009734485107358155, 0.030011585641443496, 0.053139581516445884, 0.03968368652564437, 0.08405542010681706, 0.004081074027156234, 0.04464609684832358, 0.034950442737012304, 0.048935967050944995, 0.010525427936673647, 0.0036532964969348976, 0.024508087668930745, 0.021412429738177235, 0.06707831766301062, 0.0315641889096129, 0.017282976109388826, 0.030944166120274237, 0.028885486756084055, 0.017970475711530258, 0.06212704738018091, 0.09784424314569262
0.03241242337244018, 0.08660044178215175, 0.05972907423085982, 0.03537535568555805, 0.030546625841073007, 0.0665315008498259, 0.012828869890700294, 0.020809276152039265, 0.05163917729214277, 0.03564780923159188, 0.0237079145208828, 0.015753926068329822, 0.06768942842046967, 0.047391002667243824, 0.005638769884971131, 0.08959902222278807, 0.02208847101361631, 0.005458301239409005, 0.02169920619258901, 0.06298992303823898, 0.09944681744975842, 0.00502097510360237, 0.0052657376934388345, 0.10786645956802109, 0.02095059551470167, 0.12050754021554386, 0.0143696965453145, 0.17250892794622225, 0.10206345366698283, 0.04608316198891089, 0.04956999446180876, 0.10390665283179813, 0.061505433156578034, 0.02147354081392314, 0.04480492198789237, 0.06279895092653302, 0.09227581465519985, 0.058707055146380124, 0.015838590371186127, 0.016533410570942958, 0.04142567047125551, 0.030765288908976327, 0.005880667893132006, 0.04667167437981807, 0.04768923744835796, 0.04214786334035686, 0.0467432889217078, 0.12288991730907563, 0.06409628813872215, 0.03642920345532207, 0.0015357340649687125, 0.023466653086427612, 0.01585450471382829, 0.005817328809416198, 0.035377583693527954, 0.030025590262968596, 0.09731397724885577, 0.03969355341808251, 0.0024409418744549337, 0.06990534148996441, 0.02281575647236315, 0.06075077502848667, 0.006064001120369722, 0.04773284274719748, 0.012250542679084098, 0.0743495808162148, 0.07169156730812078, 0.028586297114411394, 0.04199031134819945, 0.022948800376851635, 0.11346608017009249, 0.0005019383669338154, 0.06510716718335233, 0.01588665168596546, 0.025870355399099886, 0.0385875066044522, 0.06199973263904361, 0.025991940976886008, 0.022874639540139154, 0.07893864066050887, 0.07252770687054, 0.08615229389334844, 0.034316415326148535, 0.04414479505509546, 0.08187356373057654, 0.009237321043216989, 0.020421921052129022, 0.027974549783246653, 0.022628285516038474, 0.028860660381562278, 0.037554029193270146, 0.028636268150307783, 0.05051085039881343, 0.05834070697875753, 0.0701281422869547, 0.01508616025106467, 0.10242821040034121, 0.08611187146303735, 0.024970558466112, 0.04884589187159035, 0.05285153191462273, 0.00427618386794915, 0.0795561171550248, 0.11744084638839908, 0.10608691777377444, 0.023941218784016907, 0.09481001457753786, 0.05262332024113412, 0.13556155349447135, 0.18959743078852384, 0.10336620175567028, 0.020511996231483663, 0.0337068960029537, 0.06926463005519094, 0.027556320858610615, 0.0733590721301666, 0.06667663965472242, 0.041522111387667024, 0.01235525905366953, 0.057654480524027475, 0.03124876663844523, 0.0014431125907913248, 0.037762507081882474, 0.07939952002342592, 0.04159340764270391, 0.15177763207312958, 0.15302658968368651, 0.026940435798358912, 0.04554780350242853, 0.07113774818417351, 0.09610416892119854, 0.002809836336900268, 0.2243995518521112, 0.1805488538490429, 0.01637172084969858, 0.04810301035705419, 0.0019192697226448365, 0.010574762398864353, 0.07850067795099655, 0.01974938093207122, 0.021299756192270723, 0.07027773710779102, 0.03444150205931594, 0.08747318433264796, 0.0003806710760005347, 0.04635784354291462, 0.09544977115175281, 0.07840805647681917, 0.07260250428095817, 0.06722823077069978, 0.01883748909867529, 0.06530100387673386, 0.0012129911961856503, 0.08562552915189285, 0.0457521436619539, 0.05275477271135839, 0.008593745026767925, 0.11211909020885984, 0.03835993150466927, 0.021376145036953103, 0.032724026201373727, 0.019961041689211985, 0.003070194982526052, 0.005338307095887097, 0.07956948520284421, 0.01171231961092615, 0.04426669891973442, 0.029749317274700652, 0.028182072811300456, 0.03764155807780204, 0.027160690300526445, 0.026496107351789727, 0.003131306058271957, 0.1339599340509641, 0.0807452368372472, 0.0011601555786136697, 0.050603790159843655, 0.013363591803476965, 0.011230115028868618, 0.04734007677078891, 0.008086714070188617, 0.026594776276171135, 0.04426765378029295, 0.017553838221158437, 0.024903399940162073, 0.0281021828112368, 0.04525529788466558, 0.06271937921332221, 0.06337918785926629, 0.12088661985728018, 0.03963307891604229, 0.0443952868082831, 0.020030109936278972, 0.007500111400398495, 0.00997351853384344, 0.12368340643321386, 0.018317726667982252, 0.1713239459930868, 0.025383694801102547, 0.05315645071964657
0.06085135367398514, 0.03449242795577086, 0.06415676264076237, 0.0679803426039684, 0.01915991368060551, 0.020805774996657988, 0.07367417611448142, 0.033650559230000446, 0.00793266323341248, 0.057179278252732495, 0.012022331005595483, 0.019579415752652922, 0.035991240745809755, 0.006667472993360536, 0.04835413868394752, 0.03914323544951652, 0.0374072989541094, 0.027251402053586775, 0.001475577849781337, 0.014831530768790064, 0.09620442927984417, 0.004561687174949551, 0.05422589454519992, 0.06085008052657377, 0.12966401639813865, 0.18182804871061997, 0.047050435734701544, 0.12067495910013941, 0.1380260485960367, 0.008027831002412614, 0.042834408081939765, 0.06553653614783787, 0.08920530138582096, 0.04909702019848368, 0.05736292976682305, 0.0686102322857452, 0.055091953071786416, 0.016957686945783017, 0.07520290786868758, 0.021912140097141146, 0.007013769089254, 0.008930174230223246, 0.017664283759095047, 0.05613657052281799, 0.018069462922764512, 0.00778402327313468, 0.020616076032363408, 0.002471179125475043, 0.04324849927748885, 0.058772622238065834, 0.038519711504796585, 0.07235583197000464, 0.029619774525593445, 0.0794803648840481, 0.07868783062046839, 0.011470103315912432, 0.022005716431877063, 0.04079068819983322, 0.05365647936546333, 0.01070939773761705, 0.04392135768439949, 0.05438090024253458, 0.13695151218083787, 0.020815005315390444, 0.026723364164719814, 0.06659006563074905, 0.14171212863881444, 0.045379111470421604, 0.007484197057756332, 0.047242044420113184, 0.000948176534620061, 0.027529266476118936, 0.12749330006174764, 0.035694915685812685, 0.12304524129326314, 0.06592866555054076, 0.015311189056024853, 0.062446607380435545, 0.0045521385693642535, 0.09048831568963213, 0.038259989432876486, 0.05500187789243177, 0.01029689797633219, 0.07134495292537446, 0.020716972964714718, 0.058315244030530074, 0.019579415752652922, 0.10879331088350065, 0.05757363566340529, 0.03757853728093907, 0.03892839182384732, 0.058250950086255734, 0.12885811408673953, 0.0038687766963097824, 0.02690287794972341, 0.02332851659229364, 0.10057323462197071, 0.051156017849526704, 0.10408043745345055, 0.05751825375101056, 0.11760444583076052, 0.18154763799326504, 0.026029817112374357, 0.13857668485145552, 0.13552495050639438, 0.06792846184695495, 0.05362624211444322, 0.17897683508285006, 0.0509911452597539, 0.14213767816106587, 0.042509118918333956, 0.020563876988497112, 0.03452839437014215, 0.04902890681197523, 0.09041797429515376, 0.12294020663182487, 0.07944917277246946, 0.05567282657822536, 0.10286330852817793, 0.10404319789166788, 0.10265610378697697, 0.11178011471058176, 0.023159824560286712, 0.03649381568644926, 0.11871303893921357, 0.022211648025666653, 0.08166604070252274, 0.09127639393727202, 0.004568052912006417, 0.11648789555098638, 0.03736178393415281, 0.051472076694400064, 0.20305396235303105, 0.11071894634320235, 0.04744988573501983, 0.0964908874474031, 0.15711848546383944, 0.14915176553717271, 0.06835719423773481, 0.24619106123202475, 0.033417573253719184, 0.0013371230687945204, 0.1062396954631392, 0.09639667453896149, 0.05182282880623333, 0.06462496260129479, 0.017788097344851074, 0.12783959615764112, 0.013608672680166273, 0.025934649343374222, 0.12414683209095365, 0.020729067865122762, 0.019249670573107308, 0.1103271352273523, 0.038067107600053475, 0.046455557606737495, 0.052439032153337874, 0.12258627165146316, 0.05925419024641768, 0.08098108739520406, 0.043986606489232354, 0.014671432481809906, 0.023107943803273263, 0.01502664060958298, 0.08204734835222896, 0.04201959373866103, 0.033122521341133485, 0.07896569504300055, 0.010077280047870342, 0.04069552043083308, 0.040420520589976514, 0.025756726992634843, 0.020877071251694877, 0.02023890611174415, 0.094354864377972, 0.024535142051422425, 0.03442686086408515, 0.022917926552125836, 0.04009841429489913, 0.1139995289354578, 0.05438535625847439, 0.010784513434888059, 0.054699823669083526, 0.0011601555786136697, 0.04328733027353572, 0.06699110706533155, 0.03097981424779268, 0.025125245876593823, 0.024170703604916896, 0.012158557778612397, 0.017073861647070806, 0.01067024845471733, 0.08658548230006811, 0.10409157749330006, 0.0647023063065357, 0.021443940136608716, 0.11027016188069336, 0.0765047010968165, 0.015061652163395738, 0.03167463444754951
0.013735669134450732, 0.0413601033795698, 0.01873500073205976, 0.038967222819894204, 0.007605464348689613, 0.0006028352992851277, 0.015161275948335677, 0.058104219847095, 0.020046024278921135, 0.014605865390124196, 0.01959405694788371, 0.0428824693967191, 0.022978401054166056, 3.0237251020109364e-5, 0.15094053765015183, 0.06919651666868248, 0.05075815928347264, 0.0653821670242089, 0.11120751666231675, 0.007626789567830111, 0.06508870654588741, 0.05790083454812815, 0.004466201119096575, 0.06795106021350682, 0.15053472191277667, 0.02707411627655308, 0.09778408693050525, 0.0323809129740087, 0.13687003074651, 0.06738992049194416, 0.03171028257506795, 0.017390238778797, 0.02823809129740087, 0.024637948704890795, 0.059305752716578286, 0.06534078973333927, 0.0028948189266094176, 0.12358441922197962, 0.015966541686029116, 0.05589849195689123, 0.020273917665556907, 0.03017168392842365, 0.07098146933942746, 0.10323856872768014, 0.0570822007626153, 0.0267593305790911, 0.04229045585043064, 0.0017445302404338887, 0.03138085568237518, 0.08646898931192748, 0.029486730621104965, 0.04375648509462668, 0.054173058927627936, 0.04208993513313939, 0.031197522455137468, 0.026402212730200967, 0.030330190781139594, 0.12839214213417702, 0.013532283835483891, 0.027189017830429495, 0.0007527484069743015, 0.06197395140396331, 0.09015347792044102, 0.02824604846872195, 0.03230134126079788, 0.11021350682088725, 0.0781941677117085, 0.13123539859062583, 0.025886906315447735, 0.01732721798193404, 0.04479250880063148, 0.04366290875989076, 0.10683457359110325, 0.05691700988598965, 0.055129829207274765, 0.05477143821097326, 0.0551683419164688, 0.03677327154324563, 0.01609481128772495, 0.025420297789179522, 0.09474094633047088, 0.05855905175980801, 0.014483643238632386, 0.1038872373337747, 0.021906729220642813, 0.013242324512543684, 0.012750889611753698, 0.04192760883818933, 0.0024269372529298304, 0.04389207529393791, 0.05213952422481237, 0.03869795214238881, 0.055869846140135335, 0.06498812790038895, 0.06142172371428026, 0.12104671814426034, 0.05510914056183995, 0.11656874041160856, 0.00506585354985327, 0.08074714655836426, 0.07644104372624784, 0.02322602822567811, 0.056621003112845424, 0.13195600002546296, 0.06673584100935127, 0.030853136080361065, 0.02985944452578442, 0.08379983576398393, 0.11983850125086733, 0.03801904628527414, 0.024044662011190966, 0.116807455551241, 0.04667390238778797, 0.014870998338542628, 0.09461363158933357, 0.015057514434308776, 0.052447944185217484, 0.05014768509971927, 0.015755199215741193, 0.06989451973696774, 0.048052402747452115, 0.07750348524103863, 0.04511620652997307, 0.16363477220209943, 0.030110572852677746, 0.13327147958826413, 0.030783749546441235, 0.10066108179335545, 0.0722141943204894, 0.10097427605655321, 0.010960844351363222, 0.034916067756905235, 0.21800930670757715, 0.015334423996282409, 0.020493217307165912, 0.13106416026379614, 0.03684743237995811, 0.13292804807404626, 0.1036813057399851, 0.012012145826304499, 0.016591020491307586, 0.012244176942027233, 0.05008721059767905, 0.1099776562629304, 0.10129606406477774, 0.011847591523384535, 0.04842511665213157, 0.0044079546250262586, 0.06274516044840252, 0.003974447931453743, 0.06314620188298502, 0.060699849132031754, 0.0034833313175165986, 0.02530666938271448, 0.002975982074084448, 0.0009819149410214463, 0.010549617737489735, 0.014416802999535301, 0.004035559007199648, 0.006022305542647256, 0.0044900726330598184, 0.008013189807181825, 0.03363369002679975, 0.018251523002590853, 0.05778720614166311, 0.034973995964122706, 0.008544728851430063, 0.05986498271702389, 0.03290003883099605, 0.0161702452718488, 0.020584565633931923, 0.14472248569300597, 0.00973384853365247, 0.023397584839360625, 0.11193543869476927, 0.06736413925686385, 0.11312965096663717, 0.04119841365832543, 0.007278265463966745, 0.027429960978031843, 0.0015385986466443017, 0.051555149562992154, 0.01279035718150626, 0.04250466290239415, 0.05063848342680357, 0.1057393485304696, 0.09784869916163243, 0.13700498437211553, 0.09884143585565054, 0.14182098274248683, 0.08297865568364833, 0.11056107606419209, 0.17448676244979025, 0.018369925711848548, 0.019548541927927127, 0.009168252796150002, 0.11279640463171028, 0.03460573807538306, 0.04791522111387667, 0.000986689243814095
0.033626687716037204, 0.040053535848648236, 0.12153528846337473, 0.03879375648509463, 0.003180958807315505, 0.10211087840805648, 0.0026529209184485425, 0.06146150957088566, 0.012222215149181048, 0.02050372077330974, 0.07439700555728845, 0.08914832803916202, 0.039499398437848124, 0.0642748470631672, 0.0033197318751551647, 0.006737177814133209, 0.05894322399118982, 0.012084078655047075, 0.07826641882730392, 0.015060060729131523, 0.04824082856433532, 0.03848279022986677, 0.0943430877644168, 0.0009297158971551522, 0.11629151256278208, 0.05197210534021682, 0.06401767128606986, 0.12133604089349485, 0.04546027461789663, 0.02561859049850087, 0.11785048156800836, 0.006993080443819188, 0.03323774118186274, 0.004822045820575336, 0.02415256125430483, 0.053750692273904936, 0.07468887460134571, 0.04705489175064135, 0.02018416077305511, 0.044800784258805404, 0.014711854912121, 0.03596673265814082, 0.04485680274490582, 0.011285178654410501, 0.049589091672979355, 0.0036459758993195026, 0.057967356500372394, 0.04625821975797468, 0.014165038098936286, 0.04404262497533277, 0.06076828080539305, 0.02316332571566799, 0.08115964631964911, 0.04287101107001674, 0.03759476991043408, 0.07570739253044413, 0.008140504548319128, 0.04502708621117696, 0.16688798212501035, 0.07892972862862926, 0.005943688689994971, 0.029460631099171818, 0.055103729685341614, 0.04892991960074097, 0.07930148767275019, 0.04928926545760101, 0.11920224583203366, 0.04970431151370861, 0.007362611479970208, 0.0364632601485763, 0.021505051212354624, 0.12381740519826089, 0.006308445423353343, 0.13502364871316624, 0.04434276947756396, 0.07060334455824968, 0.001353992271995213, 0.09284268354011369, 0.06542036144655008, 0.009350631162829188, 0.020749119936851888, 0.08533652468951118, 0.06448905411513071, 0.05754085211756243, 0.007162727336384643, 0.04928862888389532, 0.11981081029466997, 0.008348664150078617, 4.265043828099637e-5, 0.0035403046641755416, 0.0580851226359244, 0.0246541813343858, 0.04995989585654175, 0.05443628215492931, 0.005312525860806793, 0.2222297903762787, 0.05757554538452235, 0.01652099738368207, 0.07886320667638502, 0.03442304142185103, 0.03360981851283651, 0.01602033216415963, 0.11126353514841716, 0.09065096027143503, 0.0866590065630749, 0.17713809193397456, 0.32820880890693926, 0.0866052160849444, 0.05382167024208898, 0.04231337250383536, 0.14619679039537592, 0.07177973276635835, 0.03630188871418477, 0.0014504331884067196, 0.03467353317503867, 0.060750138454780986, 0.052270021834478105, 0.18435683775645964, 0.05700485705737439, 0.08999337963346087, 0.08073950767389602, 0.06340751538916933, 0.03534034413174529, 0.04506368919925394, 0.1350997192709958, 0.03176693763487405, 0.0076057826355424565, 0.011672533754320744, 0.007649706221234826, 0.12239720926087427, 0.10618558669815585, 0.11943618666887346, 0.12522200507985817, 0.029144890541151307, 0.020313066948456627, 0.08832905767994348, 0.08646612473025189, 0.1846184695494968, 0.12000401041434583, 0.12171289252726127, 0.002863308528177935, 0.011825948017391194, 0.12036749400029283, 0.004628527414046635, 0.0415469377621888, 0.10221145705355494, 0.10393816323022961, 0.1087318815209019, 0.015199470370676869, 0.008993513313939055, 0.041880184097115684, 0.024523365437867223, 0.1282352267157253, 0.12903412671636186, 0.11042071156208821, 0.05221973251172887, 0.013351496903068923, 0.060451585386814014, 0.17934891241382384, 0.018732454437237017, 0.04844357728959647, 0.14326855134921798, 0.04969062517903636, 0.10465048920689282, 0.11662189431603338, 0.037693120547962644, 0.03351783361236481, 0.0018575220731932448, 0.10691923789395955, 0.029991215282861527, 0.0485342890426568, 0.02920377360892731, 0.03288539763576526, 0.026792114124933954, 0.0801837788288317, 0.09521137429897321, 0.11530482331896799, 0.02297362675137341, 0.030323506757229887, 0.08983009847795227, 0.08613924413238187, 0.029778917952015073, 0.042054287005620944, 0.02357518890324716, 0.05902024940957789, 0.1359871030167228, 0.10383185542137996, 0.026750736834064332, 0.13998574074899262, 0.12381326746917391, 0.04179870266278781, 0.08699066146373757, 0.052104830957852455, 0.1532242458193022, 0.09645014673023916, 0.032143152694934785, 0.08195218058322883, 0.1879474317433844, 0.035836235048475086, 0.03078820556238104
0.05546212068164312, 0.05455977745383249, 0.0340681515809308, 0.0017149295631194658, 0.015129765549904195, 0.013128059532372956, 0.0075427618386794916, 0.07324989973964136, 0.04113443800090393, 0.046693636172664255, 0.018819983321768912, 0.1041132209992934, 0.010038767338676308, 0.10986116327478977, 0.04781559732893673, 0.08385871883175994, 0.07574781496075524, 0.03225359823287139, 0.011965994232642227, 0.08978362859743716, 0.23652564437173357, 0.0671091914877364, 0.06590224774175478, 0.09390512505490448, 0.10117797964237289, 0.0017006066547415192, 0.2060226238295001, 0.11195294447167566, 0.02919422500334201, 0.007720047615713185, 0.005865708411048373, 0.07788829404612613, 0.05772354877109446, 0.04453756103150403, 0.018150626070239543, 0.033239650902979805, 0.04430202876040002, 0.043225264337231284, 0.0498609086453075, 0.06963479766504765, 0.008908530724229905, 0.08326670528547148, 0.10419215613879854, 0.008683820206122565, 0.09456843485622983, 0.007924069488385713, 0.03829340955242503, 0.045444678562107314, 0.11307554220165382, 0.10671744402925692, 0.04659178437975441, 0.001610849762239721, 0.05592045374973741, 0.08131974460662927, 0.06672629240376597, 0.035157010904507575, 0.04117708843918493, 0.022356786830563177, 0.062464431444194765, 0.012584743874569516, 0.10210928697379226, 0.01136029435168151, 0.10462852741404663, 0.0926154267271836, 0.08546670401232406, 0.10776970036475673, 0.007920250046151593, 0.03649381568644926, 0.001870253547306975, 0.19592911115213474, 0.16741729316128867, 0.17466054707144266, 0.06832663869986186, 0.09605387959844931, 0.136752264610958, 0.0066989833917920185, 0.09139575150708824, 0.08991921879674838, 0.0055642907614058094, 0.02166514949933478, 0.08123953631971277, 0.08689262911306185, 0.02836222317000974, 0.024226403804164465, 0.09243432150791579, 0.047054255176935664, 0.01430922204327428, 0.06374108001094907, 0.04356996899886054, 0.007957807894787098, 0.005661686538375846, 0.03604662265820448, 0.09723313238823357, 0.027844688747286604, 0.22521436619538993, 0.09098484318006761, 0.16270728431291417, 0.12914934655709112, 0.054089031198477314, 0.012238447778676054, 0.18033814795246067, 0.23331349345283944, 0.08718131528859069, 0.09073339656632143, 0.058908530724229906, 0.09214913648776824, 0.08355220859247188, 0.12987663201583796, 0.012818366424556468, 0.10580459733530247, 0.06249880642430184, 0.0763700657580638, 0.0813897677142548, 0.05666492669853779, 0.021713210814114113, 0.08753047596615975, 0.11056266749845631, 0.09275515465558179, 0.05560216689689416, 0.00931657446957496, 0.11572973626751373, 0.11244215136449574, 0.01926272033407388, 0.01393173383580218, 0.1195167132426428, 0.04846935852467678, 0.0013091138257443138, 0.09004748839844422, 0.06799339236493497, 0.051608303467416974, 0.1583741270983061, 0.14020535867745446, 0.2543124685691733, 0.11422360287985944, 0.08608799994907411, 0.03425976026634244, 0.12763334627699868, 0.08074937456633416, 0.19262911306185587, 0.08310628871163847, 0.011133992399309954, 0.07028346627114221, 0.04971163211132401, 0.08928678282014883, 0.05683075414886913, 0.048806424301837785, 0.018397298381193066, 0.14896588601511226, 0.013908498895544621, 0.1172062689778536, 0.27580542488111986, 0.028390550699912788, 0.1517282976109389, 0.06009637725904094, 0.008399271759680695, 0.11324073307827946, 0.034419540266469754, 0.011285178654410501, 0.018822211329738815, 0.035713058036424744, 0.16938589734612422, 0.028756580580682534, 0.1395662386769452, 0.24889872748916234, 0.10806538885104812, 0.02485342890426568, 0.014412028696742652, 0.020492899020313066, 0.039069392899656885, 0.04368709856070685, 0.07496291958164376, 0.029018212373719692, 0.023141682209674646, 0.0298556250835503, 0.07414396750927806, 0.02146972137168902, 0.039881024374407194, 0.03979190405561108, 0.025661240936781866, 0.11364654881565463, 0.09579447581338205, 0.06846795806252427, 0.0714283440808194, 0.05476475418706355, 0.08082990114010351, 0.0710177540406516, 0.04138270174612167, 0.02596647802865855, 0.11221393969100713, 0.02242076248798467, 0.0632747897715337, 0.03180194918868681, 0.14606724764626872, 0.16295586634498477, 0.08489092309553062, 0.03073950767389602, 0.027874289424601028, 0.005515274586067948, 0.007841951480352152, 0.018833033082735484
0.15447129370874207, 0.17391766555690652, 0.10305682693470664, 0.030862048112240675, 0.04652207955898174, 0.03549916927131408, 0.026222380658344525, 0.006054770801637268, 0.09616527999694445, 0.028885486756084055, 0.05989362853377978, 0.048090278882940464, 0.000789351395051276, 0.05544588805214812, 0.07576309272969171, 0.04757656390245144, 0.09158576875823567, 0.0024259823923713005, 0.08956019122674119, 0.01061072881323564, 0.07965319464514199, 0.05824012833325907, 0.03546097484897289, 0.0645845401709837, 0.03687321361503842, 0.0015058151008014464, 0.00638929028397553, 0.03237932153974448, 0.006993080443819188, 0.11339542048876129, 0.009883125067635955, 0.11109961741920288, 0.05768058004596062, 0.048505961512753756, 0.0625764684163956, 0.010168310087783515, 0.03120961735554551, 0.005191895143579199, 0.03495330731868789, 0.019969953721091598, 0.030643066757484516, 0.030351834287132937, 0.029892228071627273, 0.012854969412633442, 0.0823029326950621, 0.07262319292639298, 0.07260409571522239, 0.05293396820950914, 0.07699008854740245, 0.05102552023986097, 0.027315059424155425, 0.06889987332183257, 0.05946871558523403, 0.0549277170557193, 0.00950340885219395, 0.050186516095766145, 0.16108433965026642, 0.059707749011719324, 0.04115353521207453, 0.09494337676887918, 0.08592949309635817, 0.030711498430845814, 0.040070086764996085, 0.05190112737203277, 0.05115633613637955, 0.028646135042745925, 0.14525116015557862, 0.08095848902865219, 0.2467190991208917, 0.06893424830193964, 0.014955344354546091, 0.07899434085975644, 0.09652717214862723, 0.07092131312424009, 0.031782533690663375, 0.15560948749450956, 0.06683578308114405, 0.0459669872876231, 0.05561585323156642, 0.003998319445416987, 0.13292518349237067, 0.01254304829684705, 0.014181907302136977, 0.1293177203022452, 0.07363279882361179, 0.05120503402486457, 0.02132712886161524, 0.028239682731665085, 0.1243737706170309, 0.022766422010172448, 0.0018276031090259785, 0.005897218809479856, 0.08786372230108663, 0.19720003055553786, 0.12199616782629177, 0.11326619602650694, 0.19797378589479983, 0.07268207599416898, 0.16714356646784348, 0.12987472229472088, 0.26751500722511157, 0.17340204085530042, 0.13863715935349574, 0.3330655479944745, 0.021294027028919544, 0.22072238384121307, 0.1699273032828106, 0.14906901095543348, 0.15928920180023043, 0.02109223316421692, 0.3122881005277196, 0.23707659891400526, 0.042887243699511746, 0.07314009077541044, 0.10531220757395394, 0.011685583515287317, 0.10394134609875805, 0.09497616031472204, 0.033479320903170774, 0.05129033490142656, 0.03170773628024521, 0.061698314989401044, 0.06668332367863213, 0.15821593853244298, 0.08499882233864448, 0.005208127773074205, 0.04792890744854893, 0.32182620264687345, 0.012657949850723466, 0.3061407082519049, 0.04968012171289253, 0.13565194696067884, 0.14730347378271194, 0.2415692178418878, 0.14293689644855528, 0.0030412308789173155, 0.2442746560910555, 0.03870049843721155, 0.2304119905023203, 0.017149295631194657, 0.07359046667218364, 0.0643550553500837, 0.08407579046539904, 0.05526541940658599, 0.06222730773882654, 0.1191560942383714, 0.13346690771590988, 0.0035387132299113254, 0.03864352509055261, 0.12840487360829073, 0.05303804801038888, 0.027667084683400067, 0.021972614599181366, 0.04625440031574056, 0.044334175732537194, 0.1932408603930206, 0.11460236423474292, 0.15174453024043388, 0.04815998370371313, 0.046567594578938325, 0.06382351630583546, 0.08052625548249104, 0.14007549764149443, 0.11047291060595452, 0.2118612778580568, 0.03091233743498991, 0.019609971290525875, 0.021617406471408293, 0.07441801248957611, 0.06549643200437963, 0.10796449191869681, 0.03641710855491403, 0.05518584769337518, 0.04285605158793311, 0.014146259174618533, 0.07277947177113903, 0.08951849564901872, 0.02725394834840952, 0.021371370734160455, 0.06159773634390258, 0.005527051199623149, 0.059208356939608256, 0.07708557460325544, 0.07317892177145731, 0.04778313206994672, 0.05888020319432685, 0.0008593745026767924, 0.0843536548879312, 0.014430171047354718, 0.05831556231738292, 0.05602453355061716, 0.196584463782139, 0.010300399131713465, 0.09179615636796506, 0.15493790223501028, 0.04357156043312475, 0.1059328669369983, 0.034124806640736895, 0.08085186293294969, 0.037858311424588294
0.03443481803540623, 0.24073053198464583, 0.015281906665563273, 0.1635765257080291, 0.06870762806271524, 0.0368907193919448, 0.0025956292849367564, 0.05334965083932243, 0.05981532996798034, 0.0641834987364012, 0.05645135622027996, 0.12953924795182412, 0.11011260988853594, 0.002523378169341337, 0.016567467264197184, 0.046560273981322925, 0.06929136615082977, 0.02297967420157743, 0.047205441432036206, 0.018481007823490842, 0.09081901572973627, 0.01674379818067235, 0.1475959794004749, 0.049044502867764544, 0.049349739959641224, 0.05155196669446372, 0.05976153948984983, 0.07689428420469664, 0.019390353362064027, 0.004821727533722492, 0.011894697977605336, 0.01983245380066331, 0.0605464348689613, 0.01608430782158112, 0.08907130262077395, 0.09969794577665175, 0.022825941651654136, 0.016373948857668484, 0.05231935629666881, 0.05080462916398775, 0.01708977598971297, 0.04508724242636434, 0.04595457410036221, 0.019301551330120757, 0.005682375183810658, 0.04653321959883125, 0.09505063943828736, 0.04162969234392804, 0.04341623644893724, 0.11323691363604535, 0.02217822790611811, 0.15339261956445627, 0.06853448001476851, 0.07669949265075657, 0.07528852703210241, 0.01466092901566608, 0.010284803075924146, 0.019355660095104112, 0.19738972951983244, 0.059396146182785776, 0.13267055401009606, 0.24507355609169207, 0.06785366443653679, 0.040876625650100896, 0.1736518960347824, 0.1255517502594038, 0.2931129090781776, 0.07100343113227366, 0.011106619729965433, 0.07426427993965282, 0.09869629705075403, 0.13095976217606356, 0.13255151472713267, 0.02429738177234851, 0.09916513358499214, 0.13162116225627185, 0.06849437587131026, 0.0413438707500748, 0.05771400016550916, 0.12577200476157133, 0.06712446925667288, 0.07619437141529432, 0.11984454870107135, 0.025066681095670663, 0.06511098662558644, 0.004295599365972589, 0.023046832727527358, 0.05125405020020243, 0.008992558453380525, 0.09952256972073512, 0.05758286598213774, 0.1715365616107861, 0.1890980387164128, 0.03480339421099872, 0.2736754492618928, 0.3123161097707698, 0.2386890401105092, 0.23010834484470785, 0.00915138359294931, 0.03002304396814585, 0.21849087471592898, 0.24347575609041894, 0.15714203869094984, 0.19431571509507228, 0.06838074746484522, 0.21968349555353267, 0.30209878350764846, 0.21949347830238525, 0.04435900210705897, 0.2833259066401003, 0.13877847871615814, 0.24228377182652094, 0.05935540546562184, 0.015137404434372434, 0.14037500557001992, 0.06626063873805628, 0.044684291270664776, 0.009214404389812275, 0.014990355908358849, 0.15081449605642588, 0.005771495502606769, 0.09573495617190036, 0.0862248632957967, 0.035290373095848905, 0.24311036278335488, 0.004631710282575068, 0.050293778765174324, 0.06922134304320426, 0.18678600301735937, 0.20003946756975258, 0.02252420571515873, 0.056500054108764984, 0.12288641615369436, 0.0886015112259773, 0.0347502403065739, 0.08910854218255661, 0.08868967668421489, 0.17305765448052401, 0.005127919486157705, 0.06712033152758592, 0.13561884512798314, 0.15914438128218675, 0.3384197694330038, 0.3060789606024534, 0.16613873487341732, 0.2874833695119389, 0.16963543423875332, 0.3495578995614007, 0.057938074109910816, 0.03790860074733753, 0.1948109694380964, 0.08905506999127893, 0.19569071429935514, 0.2122763239141644, 0.06925508144960564, 0.017141020173020733, 0.025366825597901852, 0.18480403078470442, 0.19550037876135487, 0.053036456576124665, 0.08844459580752558, 0.009768223513759541, 0.09715356067502276, 0.06397215626611327, 0.11857904017416657, 0.005459256099967535, 0.014823573597468984, 0.07420635173243534, 0.0270308292645664, 0.04942230936208949, 0.07660878089769624, 0.0747608074300883, 0.018416077305510817, 0.14278921134883601, 0.006581217256240014, 0.039438923935807904, 0.0489544276884099, 0.026378977789943407, 0.04728692286636408, 0.008509080723911619, 0.022624784360657197, 0.004738972951983245, 0.027501575519921575, 0.08656097421239918, 0.0302897683508285, 0.054981507533849804, 0.11968763328261962, 0.06570013559019931, 0.0471847527866014, 0.013180895149944936, 0.09686551107319961, 0.12228771858349619, 0.07182556607316778, 0.10734701542418089, 0.021823974638903565, 0.07922732683603771, 0.057463190125468674, 0.0814817526147265, 0.09924693330617286, 0.07759292384668759
0.04781527904208389, 0.04482592892018002, 0.0017009249415943625, 0.03830486787912738, 0.05653442908887205, 3.6602988076974494e-5, 0.0, 0.0, 0.0, 0.00015627884474603892, 0.0, 0.021009796869330515, 0.04325327358028149, 0.07429451719067293, 0.031020554964956617, 0.0784796710187089, 0.014525657103207695, 0.013778319572731729, 0.030712135004551503, 0.007627107854682955, 0.014767873398221413, 0.03721091596590511, 0.1508027194428707, 0.2835706692299368, 0.22638120579791332, 0.14376221425797786, 0.044743810912146464, 0.09792763430113756, 0.00600225347091813, 0.007713045304950633, 0.07606196408451152, 0.014775193995836808, 0.01066642901248321, 0.08508125863353089, 0.0702812382631723, 0.10478703426676257, 0.029615000222800798, 0.08013348950608246, 0.04901362904303875, 0.018232744078273102, 0.023975275477271137, 0.0925689568466685, 0.05547994474540235, 0.12107504567416338, 0.028574838787709035, 0.03848756453265941, 0.05548567390875352, 0.0, 0.03460541978853021, 0.05179641099744734, 0.05890789415052422, 0.10276272988267947, 0.04819913298661285, 0.05849062008644671, 0.04357983589129867, 0.037352553615420364, 0.10071264426351605, 0.08501569154184517, 0.12488684902381422, 0.23945993086809556, 0.15154273637573126, 0.030349924566015877, 0.16171964020854154, 0.1905720251319299, 0.157419903113482, 0.19778122234882967, 0.04483834210744091, 0.17729246105760355, 0.07765148862761075, 0.014970303836629725, 0.03466143827463063, 0.14348053039321157, 0.02785964822937024, 0.1281779350822135, 0.1014017352999217, 0.06823242579142026, 0.08242865600193518, 0.04873099031771393, 0.1266313792642481, 0.0560557256621958, 0.020686417426841765, 0.0001082175299667072, 0.001295745777924897, 0.0, 0.0448883131433373, 0.048515191831486205, 0.033533429668154126, 0.05012158557778612, 0.0, 0.0, 4.456015939805591e-6, 0.07387596997918404, 0.20509577251402053, 0.2473025189221534, 0.10903711861277858, 0.12084969858235035, 0.09876854816634945, 0.027687136755129193, 0.1994554111947852, 0.07937055591981718, 0.07693852607724186, 0.08115550859056216, 0.32391575583578947, 0.11823847324162429, 0.2453259575659968, 0.2576379296076796, 0.19035559007199648, 0.24858521493911173, 0.11099171817608902, 0.10465526350968547, 0.10970074670095677, 0.3218341598181946, 0.13324665321374235, 0.014041542800033101, 0.06405968515064517, 0.05456837119885926, 0.10984206606361918, 0.017637865950309056, 0.11215314690211406, 0.08001445022311908, 0.089158513218453, 0.24846490250873698, 0.19321603401849882, 0.02483274025883087, 0.039287419393854515, 0.2249934751195167, 0.15511359657777976, 0.23621340496909435, 0.35136322259072766, 0.08608990967019116, 0.15707678988611695, 0.036429840029027764, 0.21868789427783897, 0.08396248034578684, 0.10081513263013157, 0.03048710619959132, 0.052384605101501676, 0.230380161817036, 0.1316090673558638, 0.14367022935750615, 0.03726884417312259, 0.12266775308579103, 0.3109614809250689, 0.37079940925960114, 0.16886677148913687, 0.052117244145113345, 0.18731404090622633, 0.17970825827068387, 0.41969081615114806, 0.0040291932701427835, 0.027653080061874964, 0.19881215346518896, 0.11336804781941677, 0.06758216575106149, 0.15612511219611563, 0.19825292346474335, 0.23527382217950105, 0.301090450757841, 0.17900420775219458, 0.0377259040938055, 0.03894971704298782, 0.02039072894055038, 0.02541552348638687, 0.05582878713611856, 0.07381072117435117, 0.002961022592000815, 0.01383306491142077, 0.005293746936489041, 0.006748317853982723, 0.03487246245806571, 0.0036991298037443265, 0.015117670649496153, 0.1065207427541998, 0.009776498971933466, 7.320597615394899e-6, 0.01004481478888033, 0.08094639412824414, 0.020824872207828582, 9.962378493993926e-5, 0.01112380722001897, 0.010804565506617184, 0.07803247799046413, 0.0665124036386553, 0.06058526586500818, 0.024440292569275133, 0.031864651698696934, 0.01780051053211196, 0.026008173606381014, 0.07582865982137742, 0.09145336142745288, 0.06672915698544156, 0.12542952810791197, 0.21693413371867262, 0.08291754460790243, 0.013712434194193174, 0.07521850392447689, 0.12381676862455519, 0.032993933452584806, 0.23219216887027264, 0.220779357187872
0.07865313735350847, 0.05095295083741271, 0.08451502632232273, 0.003190825699753646, 0.012880432360860903, 0.0, 0.0, 0.0, 0.0, 0.0, 0.0, 0.0, 0.0, 0.018674526230019542, 0.07152223870240816, 0.06913349587181952, 0.029706985123272498, 3.8194422341190775e-5, 0.0001263598805787728, 0.012375311125398655, 0.00010407980087974486, 0.05349447135736611, 0.10252433302989987, 0.09427879382014247, 0.1209162205345946, 0.20604203932752355, 0.17086083862219986, 0.19531227123132452, 0.0905338307095887, 0.02668485145552578, 0.008425052994760998, 0.03144960564258933, 0.027746019822905196, 0.0929362598748496, 0.010330636382733575, 0.10218885868700307, 0.07972512747388456, 0.05734606056362236, 0.08416109134196102, 0.023858782489130505, 0.003923840321851666, 0.02872188731372262, 0.006743225264337231, 0.024474349262529362, 0.07223520125277705, 0.12575258926354788, 0.01672533754320744, 0.00024953689262911306, 0.0, 0.010907372160085556, 1.1776613555200489e-5, 0.050781394223730195, 0.019446690135017285, 0.1579555798868172, 0.14714369378258463, 0.05979018530660572, 0.04049436313983615, 0.14964511015907977, 0.18295669389080216, 0.15172320502129338, 0.055220540960335095, 0.28020032974517955, 0.00017824063759222362, 0.1888163548516465, 0.011613968973397585, 0.0, 0.1262134686264649, 0.22390493408279277, 0.11631060977395268, 7.702541838806806e-5, 0.000577054064204824, 0.019981730334646796, 0.10102361051874391, 0.04295694852028442, 0.044823064338504436, 0.00014068278895671936, 0.0, 0.0, 0.02372064599499653, 0.03514491600409953, 0.0, 0.0, 0.0, 0.0, 0.0012403638655301705, 0.0, 0.02534199922338008, 0.0, 0.0, 0.0, 0.13510513014749412, 0.1726999000579282, 0.19882393007874416, 0.031907620423830774, 0.09884461872417898, 0.09661629246742334, 0.11661680172638789, 0.4248948061951353, 0.19032376138671217, 0.25866154012642356, 0.14803712497851565, 0.40629093964644697, 0.37651679599722454, 0.17588054057839086, 0.09872271485954001, 0.16327797264006214, 0.10323156641691758, 0.2675882132012655, 0.22235487710944613, 0.133539795405211, 0.18534798301621352, 0.1323662717787779, 0.20199247569879877, 0.2269394809378004, 0.4588556951066579, 0.1213812376265986, 0.07680484559904768, 0.11763754766345622, 0.23300507349243432, 0.2882883169627795, 0.03831632620582974, 0.22752544703388483, 0.13622772787747228, 0.08417796054516172, 0.22202767822472325, 0.11680331782215404, 0.08365660668020447, 0.18002909141834988, 0.034989273733059184, 0.03343476074377272, 0.033589129867401694, 0.12215117352362644, 0.059922274350535674, 0.008415186102322857, 0.21700001909721117, 0.06737241471503778, 0.1735481345207555, 0.1485342890426568, 0.03182518412894437, 0.08268360377106264, 0.052953383707532574, 0.14410341776422583, 0.18322309998663194, 0.1483324951779542, 0.16895302722625738, 0.12694393695374018, 0.3864432080768472, 0.150860965936941, 0.21121802012846058, 0.0031984645842218842, 0.21332730710225284, 0.39635879840347316, 0.32903126213468625, 0.32216963416109134, 0.2572302041491874, 0.11243928678282016, 0.38924094951333943, 0.40038226251026476, 0.03601924998885996, 0.1103411398488774, 0.06932701427834821, 0.09803362382313437, 0.04574768764601409, 0.0669701001330439, 0.02264069870329936, 0.004016780082881897, 0.0020020243043840833, 0.0865838908658039, 0.029460631099171818, 0.030819397673959678, 0.0, 0.0, 0.0002660878089769624, 9.230318732454438e-6, 0.0, 0.0, 0.0, 0.0, 0.0, 0.0, 0.0, 1.3686334672260027e-5, 0.0280904061976816, 0.03152376647930181, 0.032252643372312866, 0.01706049359925139, 2.068864543481167e-5, 0.03607749648293027, 9.994207179278253e-5, 0.0015831588060423575, 0.034811669669172644, 0.145386432068037, 0.21068711765791803, 0.01700288367888676, 0.0667294752722944, 0.04675474724841016, 0.19878255278787454, 0.019038009815966542, 0.08139199572222469, 0.0672129530017633
0.02455455754944586, 0.0812484483515924, 0.07369995734956172, 0.0, 0.0, 0.03403314002711804, 0.037152351184981953, 0.0, 0.0, 0.0, 0.0, 0.0, 0.0, 0.0, 0.0, 0.057615649527980595, 0.08999465278087224, 0.08850570688327147, 0.0814317815788301, 0.007350516579562164, 0.08309355723752475, 0.2502173899204919, 0.12456792559726527, 0.040598124653863046, 0.17360892730964855, 0.28916233266068714, 0.2126885053885964, 0.2454115767294116, 0.0992443870113501, 0.04384624198712848, 0.0, 0.0, 2.864581675589308e-6, 0.006649648929601314, 0.002475953428267692, 0.0003902196815858324, 0.0772389888663259, 0.00032847203213424064, 0.005476761876873914, 0.04371128836152294, 0.0, 0.0, 0.036530736961379075, 0.09100234895697398, 0.08054407954625026, 0.11969208929855943, 0.10217771864715357, 0.0005595482872984449, 0.0, 0.0, 0.0, 0.0, 0.1181245265483064, 0.10635173243534003, 0.13253496381078483, 0.04079673565003724, 0.018657975313671693, 0.24453119529444717, 0.14539407095250523, 0.187773647121732, 0.05149181047927634, 0.2939967916685233, 0.22530189507992182, 0.24554684864186999, 0.1614860176585546, 0.0, 0.10152650374623626, 0.14502549477691273, 7.798027894659783e-5, 0.0024269372529298304, 0.028636268150307783, 0.08504624707971813, 0.06474241044999396, 0.00026545123527127587, 0.0002600403587729405, 0.0, 0.0, 0.0, 0.05642525669834682, 0.039161377800128586, 0.0, 0.0010134253394529285, 0.0, 0.0, 0.027778485081895208, 0.09134991820027882, 0.05027499984085657, 0.001692967770273281, 0.0, 0.0, 0.08980622696398903, 0.20702968343189615, 0.2611476787339822, 0.2067444984117486, 0.040871851347308245, 0.1050174739482211, 0.22722371109738942, 0.3124431062250543, 0.19163510322042637, 0.29007645250205294, 0.3075825476952849, 0.12028282969743652, 0.25192149773061473, 0.09770769808582287, 0.12110305491721358, 0.17325722033725674, 0.06170722702128066, 0.0275216275916507, 0.3776880916156877, 0.0618752824795819, 0.22720365902566028, 0.35801032522550624, 0.11257169411360295, 0.3500782985657994, 0.129643009465851, 0.2370473165235437, 0.07478786181257997, 0.11328338351656046, 0.12288482471943014, 0.16277698913368685, 0.07236856344411838, 0.22069946718780833, 0.11643378678600302, 0.11871335722606642, 0.033934152815883786, 0.3058373808811453, 0.03505834198012617, 0.11116773080571134, 0.37511283268933293, 0.12445907149359288, 0.6714063822879732, 0.18979254062931677, 0.06289984785888435, 0.5795230153223291, 0.14323895067190354, 0.18595591090514416, 0.07317382918181181, 0.26511703407579046, 0.12143184523620067, 0.28345322138123763, 0.15836935279551342, 0.16379964479187223, 0.3300411863187579, 0.2348164439719653, 0.23880807939347257, 0.13025348364960437, 0.3396489932586845, 0.16389035654493256, 0.344129517286159, 0.12442787938201424, 0.08940423066884799, 0.27271867898224594, 0.03732772724089859, 0.37683922057915475, 0.22150250491753187, 0.027409272332597028, 0.21669891973442146, 0.17930498882813148, 0.23800567823745472, 0.1408104219847095, 0.23786435887479232, 0.23067330400850464, 0.02126920065439777, 0.0750816405777543, 0.1093455385731837, 0.03007174185663087, 0.01131541590543061, 0.04866987924196803, 0.0003010993627897206, 0.0, 0.0, 0.0, 0.0, 0.0, 0.0, 0.0, 0.0, 0.0, 0.0, 0.0, 0.0, 0.0, 0.0, 0.0, 0.0, 0.0, 0.0, 0.0, 0.0, 0.0, 0.045429082506318, 0.05803833446855644, 0.05596023960634282, 0.1357442501480034, 0.044436027525447036, 0.05031287597634492, 0.13246366755574795, 0.008947680007129626, 0.2094206542704547, 0.20992227435053568
0.23433041994767365, 0.32894659783182995, 0.0, 0.0, 0.0, 0.1554000547453387, 0.029900503529801198, 0.0, 0.0, 0.0, 9.548605585297694e-6, 0.0, 0.0, 0.0, 0.0, 0.1371071544518782, 0.01622180774200941, 0.0342661260033993, 0.1187022171862169, 0.10705832924865205, 0.1778749259983067, 0.1879362917035349, 0.059468397298381194, 0.0, 0.2766829417344087, 0.22975695615916888, 0.08570573743880935, 0.17745415077884794, 0.04035686321940786, 0.0, 0.0, 0.0, 0.0, 0.0, 0.0, 3.851270919403403e-5, 0.06796538312188477, 0.02184211698951563, 0.00010630780884964766, 0.0, 0.0, 0.0, 0.0, 0.0, 0.017444029256927514, 0.0742906977484388, 0.00012158557778612397, 0.0, 0.0, 0.0, 0.0, 1.686920320069259e-5, 0.04077636529145527, 0.1680163090183397, 0.16174192028824058, 0.20151122597729978, 0.12817729850850781, 0.20157361020045705, 0.019385897346124222, 0.0798365278723797, 0.03773608927309648, 0.27734911611740964, 0.3159897766262867, 0.21022146399220834, 0.17596711460236422, 0.0, 2.514466137461726e-5, 0.11895939296331426, 0.06306408387495147, 0.042803852544066816, 0.1651701879802153, 0.032840200902661515, 0.005173752792967134, 0.0068947298062906216, 0.03904615795939933, 0.09317561158818774, 0.04025501142649802, 0.0, 0.0, 0.11521697614758325, 0.0602278297292652, 0.002906595540164618, 0.0001133101196121993, 5.283561757198057e-5, 0.0, 0.015119898657466055, 0.08179367373051288, 0.04646892565455691, 0.05000572916335118, 0.04558281505624129, 0.04052173580918066, 0.07668962575831843, 0.2864266571604993, 0.29381823274407826, 0.2445219649757147, 0.3138620290150295, 0.20342062880750647, 0.11702611861914432, 0.32216867930053283, 0.31414498602720714, 0.12500238715139633, 0.03187038086204811, 0.07686882125646918, 0.0028327529903049826, 0.22693502492186057, 0.2618746459058762, 0.0, 4.456015939805591e-6, 0.04159213449529254, 0.10728049347193665, 0.02162027105308388, 0.08735860106562439, 0.16199654977051517, 0.12281002730901197, 0.19117422385750935, 0.15980609964924788, 0.18611791891324136, 0.23145565309279334, 0.04625949290538605, 0.37539706284892194, 0.2841073008638305, 0.11882221132973882, 0.27420125914278987, 0.39594979979756956, 0.11660916284191965, 0.10728908721696341, 0.0006995945025494777, 0.3936390372459275, 0.021437256112699008, 0.15405465621837025, 0.3461878783634963, 0.25702809199763194, 0.038781661584686586, 0.1358877975186357, 0.06070653315594146, 0.22248887587449312, 0.00015946171327447148, 0.2771030803801618, 0.14102112788129173, 0.19232642226480193, 0.23177425823248946, 0.12029874404007868, 0.15814655199852315, 0.113824471166394, 0.0928044891177725, 0.2862372764830576, 0.29344138111031187, 0.3324159245278214, 0.047538369480110254, 0.32773137862767443, 0.03628788409265967, 0.35820511677944633, 0.3800749247251593, 0.26115595419215615, 0.18453794297572745, 0.4867092958858241, 0.3639349167043306, 0.26193734841588634, 0.18492052377284504, 0.3376940754085212, 0.3707459370683235, 0.12309457575545385, 0.14571140294478996, 0.15630335283370786, 0.0808327657217791, 0.22312672272759101, 0.2833383198273612, 0.2834904609430203, 0.009040301481307014, 0.011292499252025896, 0.0, 0.0, 0.0, 0.0, 0.0, 0.0, 0.0, 0.0, 0.0, 0.0, 0.0, 0.0, 0.0, 0.0, 0.0, 0.0, 0.0, 0.0, 0.0, 0.0, 0.0, 0.04528521684883284, 0.10458205753353152, 0.19788753015767932, 0.4243371676289539, 0.2970914947387183, 0.02190195491785016, 0.15468995677664538, 0.3830123940900497, 0.40617030892921935
0.2949685214302538, 0.29542271676926113, 0.0, 0.0, 0.16164293307700633, 0.1555795685303423, 0.011904883156896322, 0.0, 0.0, 0.07799714814979852, 0.1450929715897155, 0.12312099356423983, 0.0, 0.0, 0.0, 0.008004596062155056, 0.09149123756294122, 0.11022210056591403, 0.11133896913254102, 0.09311290907817761, 0.08532697608392588, 0.044187763780229296, 0.19735949226881233, 0.18938481517082456, 0.24309158385903712, 0.015269811765155229, 0.030595323729558026, 0.08550235213984252, 0.0, 0.0, 0.06915704909892992, 0.0, 0.0, 0.0, 0.00059328669369983, 0.17116989515631068, 0.17482032707156997, 0.0, 0.0, 0.0, 0.0, 0.0, 0.0, 0.0, 0.0, 0.0, 0.0, 0.0, 0.0, 0.0, 0.0, 0.13914068915469377, 0.00393211578002559, 0.0, 0.0, 0.0, 9.230318732454438e-6, 9.071175306032809e-5, 0.058037697894850755, 8.530087656199274e-5, 0.0, 0.10913769725827704, 0.0, 0.0, 0.0, 0.0, 0.0, 0.0, 0.08495139759757084, 0.14767746083480277, 0.09650648350319242, 0.031036151020745938, 0.10892253534575501, 0.11294122514975397, 0.16395114933382562, 0.04385706374012515, 0.0, 0.0, 0.0, 0.06373153140536376, 0.14266858063160842, 0.11012279506782693, 0.0, 0.0, 0.04126175274204124, 0.1708847101361631, 0.14465819174873162, 0.0, 0.083935744250148, 0.06564443539095174, 0.029507100979686934, 0.17140638228797322, 0.2990021707163364, 0.11712574240408426, 0.13092475062225079, 7.60705578295383e-5, 0.321506324359766, 0.17289150874333986, 0.4026325505598666, 0.23240828564335322, 0.01680618240382963, 6.684023909708386e-6, 0.05682343355125373, 0.08442686086408514, 0.08771635548822021, 0.35660477048335043, 0.20232763175484272, 0.0, 3.501155381275821e-6, 0.0056591402435531, 0.10141478506088827, 0.011497475985256952, 0.10708251904946814, 0.17879509328987656, 0.2054178788090979, 0.048598264700078296, 0.09242763748400609, 0.43958501760126295, 0.36323182104639984, 0.053589639126366245, 0.18866357716228174, 0.2771597354399679, 0.2999964988446187, 0.35474756669701, 0.010797244909001788, 0.015014227422322094, 0.2002524014743047, 0.27093850061429364, 0.22617622906468227, 0.22992087388838317, 0.0313846751246093, 0.22181856376240522, 0.03333736496680268, 0.1790433570350943, 0.15905939869247762, 0.14819913298661286, 0.06296095893463025, 0.35075306669382716, 0.09573240987707762, 0.22883392428592345, 0.11910453176821079, 0.49377176286356317, 0.6503988134266127, 0.2660731677817316, 0.20181773621658783, 0.36313092411404857, 0.290362592382759, 0.333306172855224, 0.3733753047596616, 0.21100763251873117, 0.08103042185739476, 0.054620570242725555, 0.2297085765575367, 0.20573584737508832, 0.41954217619087025, 0.34816634944077, 0.09014201959373866, 0.18679586990979752, 0.14244928098999943, 0.3067187171766683, 0.2759801643633308, 0.306244151479079, 0.1613093684552266, 0.1893918174815871, 0.07339535683139073, 0.2827857738508253, 0.04958654537815661, 0.2658214028811326, 0.20545702809199765, 0.046176738323646806, 0.07930880827036559, 0.00046247079718125166, 0.0, 0.0, 0.0, 0.0, 0.0, 0.0, 0.0, 0.0, 0.0, 0.0, 0.0, 0.0, 0.0, 0.0, 0.0, 0.0, 0.0, 0.0, 0.0, 0.04593006601269328, 0.21365768885550412, 0.12960576990406833, 0.21604643168609278, 0.26778300475520556, 0.2273516624122324, 0.3552956566576061, 0.17093563603261805, 0.25305841836897086
0.05048475087688028, 0.13486386871303893, 0.061092933395293175, 0.16812834599054052, 0.005476761876873914, 0.27619819085752845, 0.18594795373382306, 0.0, 0.0, 0.09590428477761298, 0.09564137983716445, 0.11880597870024381, 0.0, 0.0, 0.0, 0.0, 0.0, 0.0, 0.0, 0.0, 0.10171111012088535, 0.03865307369613791, 0.16317803056826935, 0.13706705030841995, 0.16612345710448084, 0.13961079883634325, 0.14279589537274573, 0.09066337345869592, 2.864581675589308e-5, 1.3049760966573515e-5, 0.07476271715120535, 0.08400385763665646, 0.0, 0.0, 0.0178199260301354, 0.2644766409278698, 5.156247016060755e-5, 0.0, 0.0, 0.0, 0.0, 0.0, 0.0, 0.0, 0.0, 0.0, 0.0, 0.0, 0.0, 0.0, 0.0, 0.16962270276463962, 0.17055401009605897, 0.0, 0.0, 0.0, 0.0, 0.0, 0.0, 0.0, 0.0, 0.0, 0.0, 0.0, 0.0, 2.323494025755772e-5, 0.0, 1.814235061206562e-5, 7.957171321081411e-6, 0.0, 0.04687474139193207, 0.1067120331527586, 0.12861239663634455, 0.29158576875823566, 0.33439662361306505, 0.09826374521774003, 2.8327529903049823e-5, 0.0, 0.17177814133209413, 0.024811096752837526, 0.032554061021955426, 0.0, 0.0, 0.0, 0.1594543926768561, 0.08901305612670363, 0.19428897899943345, 8.052657376934388e-5, 0.030834993729749, 0.09188718640787824, 0.08962066572878141, 0.04331502122973308, 0.20279073912572967, 0.1969441279258519, 0.1650922077012687, 0.015630430769426638, 0.02919231528222495, 0.40415873601925, 0.10679828888987912, 0.12756809747216583, 0.07112406184950125, 0.06424874754123407, 0.01225563526872959, 0.12270435607386801, 0.25963868076465235, 0.0038579549433131115, 0.052504599245023584, 0.19714305720887892, 0.0073365119580370616, 0.0005426790840977522, 0.02127111037551483, 0.1561773112399819, 0.00012667816743161607, 0.26147774220038067, 0.5325766593885073, 0.15372713904679453, 0.2685939996562502, 0.031060340821562026, 0.018380747464845217, 0.250779802789466, 0.21984423041421852, 0.28866866975192723, 0.3926061964084512, 0.39408813999528935, 0.3193855790592714, 0.3659678148334405, 0.2977656262930403, 0.026356379423391536, 0.01744084638839908, 0.056575488092888836, 0.010274936183486004, 0.4082560426759012, 0.30545702809199765, 0.40752907550400724, 0.3065764429534474, 0.2921010751729889, 0.10777256494643232, 0.1314531067979706, 0.07134654435963868, 0.072688123444373, 0.14364572126983724, 0.06895143579199317, 0.014094378417605082, 0.049494560477684905, 0.14783469454010734, 0.4202901502950519, 0.2107214926380251, 0.13699479919282453, 0.008476933751774449, 0.09984021999987268, 0.06341738228160748, 0.1073941218784017, 0.3114035813636682, 0.2583286120783495, 0.10215193741207326, 0.09396591784379754, 0.08155368544346907, 0.2132069946718781, 0.2166610435989331, 0.08899013947329891, 0.4497701968922472, 0.13933834529030945, 0.19630023362254997, 0.2738785162740068, 0.1037188635886206, 0.12901502950519125, 0.2788991730907563, 0.3142815310870769, 0.0035333023534129897, 0.2067893768579995, 0.051217128925272616, 0.15506330725503054, 0.0001285878885486756, 0.0, 0.0, 0.0, 0.0, 0.0, 0.0, 0.0, 0.059653640246735966, 0.16514567989254636, 0.0, 0.0, 4.583330680942893e-5, 0.0, 0.0, 0.0, 0.17232591300583738, 0.1545311316370766, 0.19585431374171658, 0.14317433844077637, 0.1303992590282066, 0.30514956299215107, 0.10405529279207593, 0.18394115512664633, 0.34775034852410386, 0.18410220827418503, 0.28523912891254116, 0.3140612765849094
0.049532436613173254, 0.00194600581828367, 0.08194740628043617, 6.779509965561362e-5, 0.09149601186573388, 0.12768681846827634, 0.004299100521353865, 0.0, 0.0, 0.0654050836776136, 0.06927736152930467, 0.11032267921141249, 0.038903247162472704, 0.09238848820110636, 0.006637872316046113, 0.0, 0.0, 0.0, 0.0, 0.0, 0.0, 7.957171321081411e-6, 8.307286859208993e-5, 0.17110814750685907, 0.17325435575558115, 0.04267017206587265, 0.13521366596431367, 0.03153522480600416, 0.0, 0.0, 0.0, 0.05787282530507795, 0.0, 0.0, 0.0, 0.08522130484878192, 0.0, 0.0, 0.0, 0.0, 0.0, 0.0, 0.0, 0.0, 0.0, 0.0, 0.0, 0.0, 0.0, 0.0, 0.0, 0.0, 0.07962136595985767, 3.94675697525638e-5, 0.0025491594044216408, 0.17106899822395935, 9.612262955866345e-5, 0.0, 0.0, 0.0, 0.0, 0.0, 0.0, 0.025471860259340128, 0.0, 7.989000006365737e-5, 0.0, 0.0, 0.0, 0.0, 0.07898956655696379, 0.0350166464024037, 0.06392154865651119, 0.04105168341916469, 0.2793040339675729, 0.27834312595883914, 0.14287355736483948, 0.2277577964364604, 0.2201224131236035, 0.07939856516286738, 0.20768280805393052, 0.0, 0.0, 0.0, 0.03808524995066554, 0.02210565850366985, 0.07336734758834051, 0.00014863996027780077, 0.0, 0.0029145527114856993, 0.0, 0.0, 0.0, 0.016463069176464597, 0.004900026099521933, 0.19681649489786174, 0.19365590644912822, 0.12447434926252936, 0.010062638852639553, 0.08229752181856376, 0.09831307967993073, 0.09930422493968465, 0.1616508902483274, 0.006797652316173428, 0.017561477105626676, 0.1207507113711161, 0.12021662603204512, 0.3093006601269328, 0.3218500741608367, 0.07364011942122718, 0.2562190068177044, 0.36160728494948785, 0.301624536096912, 0.03124144604082984, 0.5115595419215614, 0.17553010675341044, 0.351202169443189, 0.30950277227848827, 0.32194587850354256, 0.22486138607558676, 0.11055662004825229, 0.14119363935553278, 0.09198394561114259, 0.3653360154305466, 0.3958683183632417, 0.301395051276012, 0.3704897161517846, 0.10464730633836439, 0.22752544703388483, 0.18671375190176395, 0.29630819079387105, 0.19032280652615363, 0.08032032388870146, 0.25713249008536454, 0.25736865893017424, 0.007541488691268118, 0.024156698983391792, 0.13077038149862183, 0.1152284344742856, 0.1480597233450675, 0.10126200737152351, 0.3611849182957649, 0.13119752245513747, 0.19278348218548486, 0.34288406083098333, 0.222072874957827, 0.0035476252617909366, 0.10409348721441712, 0.06595444678562107, 0.0254849100203067, 0.007015997097223902, 0.24806099649247887, 0.3997857929480365, 0.07544257786887855, 0.32316237085510946, 0.026655569065064198, 0.09622543621213182, 0.16901477487570898, 0.07078285834325328, 0.12270244635275096, 0.07501289061754016, 0.00665124036386553, 0.03737101425288527, 0.055556970163790416, 0.010756185904985009, 0.026406668746140772, 0.00896868693941728, 0.038062333297260824, 0.289585017601263, 0.036665690586984614, 0.06962142961722823, 0.026087745319591828, 0.11216778809734484, 0.0, 0.0, 0.0, 0.0, 0.0, 0.0, 0.0942253216288648, 0.14344201768401754, 0.14828316071576347, 0.0, 0.0, 0.0, 0.0, 0.0, 1.3686334672260027e-5, 0.1751354310558848, 0.10340694247283422, 0.09621684246710506, 0.10946394128244138, 0.2444586258919989, 0.11882571248512008, 0.023149639380995728, 0.0437058774850246, 0.01681541272256208, 0.26627941766237406, 0.015868827622206236, 0.018723542405357403
0.1320623078343126, 0.014529794832294657, 0.03544219592465513, 0.0001133101196121993, 8.434601600346295e-5, 0.12383491097516726, 0.015886015112259774, 0.0, 0.0, 0.0, 0.0, 0.019710549936024342, 0.0, 0.015141223876606554, 0.013422474871252968, 7.575227097669504e-5, 0.0, 0.0, 0.0, 0.0, 0.0, 0.0, 0.13161734281403772, 0.03722428401372453, 0.0365603376386935, 0.06354119586736351, 0.04831562597475349, 0.052689523906525516, 0.030699085243584927, 0.0, 0.05279455856796379, 0.0822867000655671, 0.06887090921822384, 0.0, 0.0, 0.0, 0.0, 0.0, 0.0, 0.0, 0.0, 0.0, 0.0, 0.0, 0.0, 0.0, 0.0, 0.0, 0.0, 0.0, 0.0, 0.0, 0.0, 0.0, 0.06452565710320769, 0.14583203366201755, 0.10465749151765537, 1.1140039849513976e-5, 0.0, 0.0, 0.0, 0.0, 0.0, 0.0, 0.0, 0.012243222081468703, 0.060004392358569233, 0.07812891890687564, 0.02861748922599003, 0.03211959946782438, 0.08040180532302933, 0.013986479174491218, 0.06035928219948947, 0.04071238963403378, 0.0618230834357156, 0.11672756555117735, 0.09532150155005698, 0.18208172333233602, 0.10295815801032522, 0.22105403874187574, 0.06659102049130759, 0.0005745077693820779, 0.0, 0.0, 0.0, 0.09764276756784285, 0.01184027092576914, 0.0, 0.0, 0.0, 0.0, 0.0, 0.0, 0.0, 0.14799256481911757, 0.09986631952180583, 0.15685749024450796, 0.10139314155489493, 0.19709149473871831, 0.041014125570529185, 3.246525899001216e-5, 0.025397062848921962, 0.05602326040320579, 0.0, 0.0389010191545028, 0.10720155833243152, 0.15615789574195849, 0.010418483554118313, 0.1990846070112228, 0.28171633002527197, 0.2669067610493281, 0.35424690147748755, 0.13025475679701573, 0.24995321183263206, 0.22561636249053096, 0.16836037710626325, 0.19865746605470713, 0.3067731442285045, 0.4219624294198904, 0.10013431705189986, 0.18009052078094862, 0.06764900599015856, 0.2086172982538783, 0.3836951193893985, 0.20930193327434418, 0.2321756179539248, 0.22121445531570874, 0.27121731989738435, 0.005153064147532322, 0.10412308789173154, 0.28426962715878057, 0.15350051880757012, 0.039465023457741055, 0.12705756536020524, 0.23955191576856727, 0.3230255075083869, 0.09695876912108269, 0.04667644868261071, 0.03183154986600124, 0.12776607189463432, 0.22609442934350155, 0.08227587831257042, 0.11341738228160747, 0.1354339204664812, 0.24457448230643386, 0.1383860310266024, 0.009894901681191157, 0.28406051269646254, 0.21016417235869655, 0.23526586500817998, 0.17116225627184242, 0.3215537491008396, 0.02707698085822867, 0.06939735567282658, 0.1734879783055681, 0.019844866987924197, 0.12105340216817004, 0.08649986313665328, 0.08445837126251662, 0.1460370103952486, 0.17183352324448886, 0.1339261956445627, 0.13450038512709195, 0.16164738909294613, 0.08210591313315212, 0.04514357919931759, 0.009001470485260135, 0.15002323494025757, 0.2588732008835643, 0.1653086427612021, 0.19537370059392326, 0.1512413187260887, 0.0542265311189056, 0.043095403301271235, 7.511569727100853e-5, 0.021405427427414685, 0.08517165209973837, 0.12001801503587092, 0.12711422042001133, 0.12263465125309533, 0.0958750023871514, 0.14044725668561533, 0.13972283580854408, 0.00039722199234838403, 6.684023909708386e-6, 0.0, 0.0, 0.0, 0.07320947730933026, 0.09960659744988573, 0.0036373821542927346, 0.10495636287247519, 0.13211450687817888, 0.00040263286884671944, 0.1486666963734396, 0.09186936234411901, 0.09980234386438434, 0.02361115531761845, 0.09485839417917004, 0.07573381033923013
0.0300042650438281, 0.2154439146736605, 0.12402079049722772, 0.00034343151421787374, 0.0055607896060245335, 0.08976325823885518, 0.031457244527057567, 0.047159926412079625, 0.020938182327440782, 0.027320788587506604, 0.0, 0.0, 0.0, 0.0, 9.835063752856624e-5, 0.010641284351108593, 0.00010662609570249091, 0.028493993927086847, 0.0, 0.0, 0.0, 0.09890063721027939, 0.032410195364470276, 0.04824687601453934, 0.07451827284822173, 0.09067769636707386, 0.006402658331794947, 0.1051587933108835, 0.04090622632741532, 0.007537032675328313, 0.12022267348224915, 0.18485272867318941, 0.0024937774920269144, 5.474533868904011e-5, 0.0, 0.0883535657676124, 0.11310896232120236, 0.029106696118810116, 0.0, 0.0, 0.0, 0.0, 0.0, 0.06955172479645556, 6.684023909708386e-6, 0.0, 0.0, 0.0, 0.0, 0.0, 0.0, 0.0, 0.0, 0.0, 0.04426256119064746, 0.021732308025284707, 0.07407935527815088, 0.016677276228428108, 0.0, 0.0004930263350542042, 0.0, 0.0, 0.0, 0.0, 0.0, 0.04511302366144464, 0.0, 0.053567040759814374, 0.023763296433277528, 0.1056075777733925, 0.020124641131573417, 0.06068425307624243, 0.012578059850659809, 0.07924387775238556, 0.18670865931211844, 0.11051269646255991, 0.01986078133056636, 0.03156164261479015, 0.060583992717596805, 0.3029810746637299, 0.08414199413079043, 0.031702007116894027, 0.037019625567346316, 0.035398908912668454, 0.003235704146004545, 0.016530227702414524, 0.008411048373235894, 0.013982023158551413, 1.2731474113730258e-6, 0.002062817093277145, 0.012908759890763953, 0.0, 0.0, 0.01895843810275573, 9.548605585297694e-7, 0.0, 0.0005910586857299273, 0.05253038048010389, 0.006429394427433781, 0.025003342011954855, 0.09286305389869566, 0.08191048500550636, 0.008026239568148397, 5.729163351178616e-6, 4.424187254521265e-5, 0.0008256360962754073, 0.05965173052561891, 0.016070303200056018, 0.004326791477551229, 0.17684240344768318, 0.12694139065891744, 0.0106457403670484, 0.12616254273000999, 0.17316459886307936, 0.25449261892788255, 0.11227377761934165, 0.05156342502116608, 0.038043236086090226, 0.1488535307560586, 0.02919008727425505, 0.1995416669319057, 0.16876587455678554, 0.1612969552679657, 0.29675538382211586, 0.11030676486877034, 0.16966344348180354, 0.2855523231757389, 0.1021287024718157, 0.21792973499436633, 0.07056005754626299, 0.1063927914393568, 0.29267049035272547, 0.010253292677492663, 0.03325938468785608, 0.021874582248505643, 0.18521684883284212, 0.21355647363629998, 0.2745711084657937, 0.3116142872602504, 0.0352270340121331, 0.24079705393689008, 0.14467506095193233, 0.27072588499659433, 0.1825486501454571, 0.22266425193040976, 0.1692951855930639, 0.15630717227594196, 0.24472025768503605, 0.08482121827475794, 0.1441069189196071, 0.04603255437930881, 0.11151498176216333, 0.1951878210718628, 0.13914928289972053, 0.19360402569211477, 0.02797232177527675, 0.29108924126780017, 0.05652806335181519, 0.1330792343291468, 0.15046756338682674, 0.18510990445028677, 0.11574851519183149, 0.26583954523174463, 0.011922070646949856, 0.019038646389672228, 0.046862646491524024, 0.08355507317414747, 0.048100145775378605, 0.05793139008600111, 0.17790898269156094, 0.0317481587105563, 0.13306618456818023, 0.02235710511741602, 0.019388125354094125, 0.10543188343062301, 0.01933083372058234, 0.0006489868929473999, 0.0050655352630004265, 0.062760438217339, 0.05151568199323959, 0.0004239580879872176, 0.036395783335773535, 0.0952966751755352, 0.027973594922688125, 0.12132490085364533, 0.004078846019186332, 0.009982748852575895, 0.020718882685831778, 0.001649362471433755, 0.0549108478525186, 0.029168443768261706, 0.1485377901980381, 0.09817780776747236, 0.11252808881476342, 0.1316657224156699, 0.15729004207752195, 0.28005550922713585, 0.059790821880311415, 0.11584718411621289, 0.11727724694603765
0.18841499513021115, 0.19742633250790942, 0.1522706584081838, 0.08451152516694145, 0.050904889522633376, 0.13710365329649693, 0.06154585558688913, 0.018692668580631608, 0.06468257252165942, 0.11893965917843798, 0.06797397686691153, 0.0, 0.0, 0.0, 0.00020211215155546786, 0.10758604885066618, 0.04691229924056757, 0.04829652876358289, 0.0467646141408483, 0.06325378283924604, 0.03122107568224787, 0.013749673755975836, 0.03973715871692204, 0.06267672877504121, 0.04777231031695005, 0.041709900630844544, 0.06529145527114857, 0.054426415262491167, 0.09749571904182926, 0.03704667994983799, 0.0758792674309795, 0.06027175331495757, 0.044030211788071885, 0.02612593974193302, 0.03603993863429477, 0.03600206249880642, 0.11943332208719787, 0.045227606928468216, 7.320597615394899e-6, 0.0, 0.00040708888478652503, 0.02204454742792394, 0.11689307471465583, 0.15763538331285687, 0.017253693718927245, 0.0, 0.0, 0.0, 0.0, 0.0, 0.0008498258970914947, 0.018809479855625085, 0.0, 0.0, 0.0, 0.0, 0.0, 0.0, 0.0, 4.7106454220801955e-5, 0.03526204556594585, 3.0237251020109364e-5, 0.0, 0.0, 5.41087649833536e-6, 0.00931084530622378, 0.09882329350503848, 0.05531602701618807, 0.009848113513823198, 0.07196624886212451, 0.011946578734618787, 0.08231152644008886, 0.04034826947438109, 0.0665954765072474, 0.07825050448466175, 0.16046845459001471, 0.036001425925100736, 0.01815158093079807, 0.15020879617546518, 0.0951649044184581, 0.11491969622702765, 0.015481790809148837, 0.00994805558561598, 0.0055668370562285555, 0.034273446601014695, 0.009561337059411423, 0.0051250549044821155, 0.12581847464208643, 0.024775766912171926, 0.07784055101819964, 0.0022235519539629896, 0.0, 8.912031879611181e-6, 0.02764003030090839, 0.09548605585297694, 0.079669427274637, 0.03924604210298489, 0.03090724484534442, 0.012180519571458581, 0.047235678683056316, 0.10825190494681426, 0.05791993175929875, 0.04771692840455532, 0.06921020300335474, 0.031695959666690005, 0.03393096994735535, 0.014162173517260696, 0.042742104894615225, 0.03077133635918035, 0.14256895684666848, 0.03045782380912974, 0.07556129886498908, 0.049645428445932616, 0.014866542322602823, 0.015503434315142178, 0.10088324601664003, 0.058642442915252946, 0.03105524823191653, 0.2108032923592058, 0.09848972888325874, 0.10655098000521991, 0.186015112259773, 0.20101374362630578, 0.11314683845669071, 0.11057730869368709, 0.07407267125424118, 0.052474043707150635, 0.04949869820677187, 0.320817869897066, 0.14363776409851614, 0.012250224392231255, 0.012219032280652615, 0.014583267023572325, 0.013060582719570186, 0.12405866663271607, 0.26392345837762826, 0.09262815820129734, 0.05897218809479856, 0.07549477691274484, 0.05403524072034681, 0.24273510258385267, 0.14195084377844688, 0.041061868598455675, 0.19138015545129894, 0.04112488939531864, 0.1807512842874512, 0.11325632913406879, 0.05727094486635135, 0.021645415714458497, 0.11540094594852665, 0.020562922127938584, 0.23532061034686902, 0.08127836731575966, 0.2336553335327931, 0.1915233845350784, 0.09354609748489728, 0.07288641615369436, 0.06396547224220356, 0.024224494083047405, 0.047457524619488066, 0.08719882106549706, 0.03286375412977192, 0.15930893558510673, 0.14929053860501237, 0.06794533105015564, 0.07328618444086549, 0.14814693394274656, 0.006389926857681217, 0.03570159970972239, 0.06490887447403097, 0.03358658357257895, 0.06833491415803579, 0.01958800949767969, 0.08862665588735191, 0.08536357907200286, 0.014574991565398399, 0.14546791350236488, 0.1472700536631634, 0.16910294033394657, 0.032179755683011756, 0.02813369320966828, 0.09576773971774322, 0.03115168914832804, 0.021069316510812203, 0.12092767886129696, 0.010895913833383198, 0.14790312621346863, 0.010167355227224985, 0.05211628928455481, 0.10814941658019873, 0.051376272351694244, 0.061092933395293175, 0.06338109758038335, 0.14351872481555278, 0.03132420062256908, 0.06330152586717253, 0.005758764028493039, 0.04329242286318121, 0.15899510474820328, 0.09903718227014915
0.06632206810065504, 0.06355965650482841, 0.08856936425384013, 0.11126194371415295, 0.08406783329407795, 0.006576124666594522, 0.03426262484801803, 0.09947291697169157, 0.03568441221966885, 0.15123049697309202, 0.0425072091972169, 0.0013858209572795387, 7.957171321081411e-6, 0.01300838367570389, 0.0006197045024858203, 0.06262739431285051, 0.13792928939277235, 0.025033897549827808, 0.05803356016576379, 0.017881037105881306, 0.048779688206198955, 0.07415256125430483, 0.022901057348925145, 0.011239027060748228, 0.053384025819429505, 0.0395337734179552, 0.1332784818990267, 0.02113520188935076, 0.0039212940270289195, 0.06620462025195588, 0.07139174109274242, 0.055938914387202325, 0.14190851162701873, 0.05128014972213558, 0.07750125723306873, 0.002256017212953002, 0.008950862875658059, 0.06780178367952333, 0.04200431596972456, 0.0027675041854721147, 0.03965726871685838, 0.024362312290328536, 0.10162803725229326, 0.05842123355252688, 0.013727393676276808, 0.10471160028263872, 0.007217790961926526, 0.0, 0.004613567931963002, 0.06311978407419903, 0.05745841582267603, 0.04920778402327314, 0.0, 0.0, 0.0, 6.365737056865129e-7, 0.0, 0.002479454583648968, 0.019869056788740284, 0.020548599219560638, 0.038756835210164806, 0.02699868229242923, 0.03363496317421113, 0.06970704878064307, 0.02660878089769624, 0.08368079648102056, 0.020043796270951233, 0.018961939258137002, 0.06279704120541597, 0.12516535002005208, 0.04347543780356609, 0.07028187483687799, 0.08754161600600925, 0.002339408368397935, 0.022815119898657466, 0.0819512257226703, 0.00846515713821925, 0.00037462362579651284, 0.048447078444977754, 0.05725598538426772, 0.0585479117199585, 0.08675385604522219, 0.030785659267558295, 0.11582076630742691, 0.0766218306586628, 0.03689008281823911, 0.1749021267927507, 0.03683756548751997, 0.029271568708582923, 0.05262459338854549, 0.010626006582172116, 0.0003660298807697449, 0.008811453234112712, 0.10180882418470823, 0.0024979152211138766, 0.020936909180029408, 0.0033935744250148, 0.02611129854670223, 0.08690599716088128, 0.011958673635026831, 0.007177368531615433, 0.019740150613338767, 0.05460274617896633, 0.0002835935858833415, 0.04871571254877746, 0.07875594400697684, 0.023907798664468367, 0.02202767822472325, 0.030768471777504757, 0.004832867573572006, 0.05737629781464247, 0.0557393485304696, 0.10785277323334883, 0.008221985982647001, 0.007822535982328713, 0.16293740570751986, 0.003401531596335882, 0.09977306147392276, 0.05487965574093996, 0.0443857382026978, 0.08806742588690632, 0.15980355335442514, 0.17955930002355322, 0.20377870151695515, 0.069485839417917, 0.024100998784144224, 0.1236630360746319, 0.09938252350548409, 0.20357849908651673, 0.22262701236862711, 0.19900089756892503, 0.17842142452463858, 0.10548026303225519, 0.1285481026920702, 0.07807576500245081, 0.0012562782081723333, 0.1282912452018257, 0.09620824872207828, 0.05681611295363834, 0.08108835006461224, 0.1278440521735809, 0.004133273071022528, 0.06943459523460924, 0.18517419839456112, 0.05666779128021338, 0.11659579479410023, 0.009361771202678702, 0.1435801541781515, 0.32151332667052857, 0.3121369142726191, 0.34370460433761324, 0.04034285859788275, 0.30310011394669334, 0.005274649725318446, 0.14369664716629216, 0.004358620162835554, 0.03669433640374051, 0.04849577633346277, 0.03926895875638961, 0.05435416414689575, 0.041675843937590315, 0.07270913037666066, 0.08492211520710925, 0.09299864409800689, 0.05169487749139034, 0.026514249702401793, 0.005061715820766308, 0.10572184275356322, 0.04994016207166547, 0.0035839099630150676, 0.048020892349020634, 0.011620016423601607, 0.043709060353553035, 0.0943621849755874, 0.13661731098535243, 0.00019638298820428922, 0.13971647007148721, 0.014717584075472178, 0.04101730843905762, 0.19209948373872468, 0.02352108013826381, 0.1497475985256953, 0.09492046011547448, 0.010785468295446589, 0.03975816564920969, 0.03519806990852436, 0.08577926170181614, 0.01294759088681083, 0.0976004354164147, 0.049155266692553996, 0.009316892756427803, 0.09961169003953123, 0.11647325435575558, 0.07390429750908709, 0.14723567868305631, 0.03695214875454354, 0.08873455513046578, 0.06821110057227976, 0.005260645103793342, 0.1286158977917258
0.04669268131210572, 0.0025612543048296847, 0.07646968954300373, 0.03766447473120675, 0.0935909759311482, 0.09290347632900675, 0.08436574978833924, 0.04102144616814458, 0.14506846350204658, 0.010959889490804692, 0.017077681089304925, 0.19172613326033955, 0.031263407833676024, 0.025560344004430552, 0.029391881138957673, 0.05933535339389271, 0.07690224137601773, 0.06075682247869069, 0.0615824585749661, 0.09374311704680727, 0.039090718118797385, 0.07463190125468677, 0.0960096377259041, 0.0011954854192792713, 0.010470682597984608, 0.028740347951187527, 0.06426402531017054, 0.13824025564800022, 0.08322087197866206, 0.07210120248773004, 0.05198929283027035, 0.09499175637051135, 0.006935788810307401, 0.012331705826559129, 0.02919613472445907, 0.09056215823949176, 0.025828023247671732, 0.07103685125182219, 0.027728514045998815, 0.10691159900949132, 0.013786595030905653, 0.14868674844516871, 0.011585959730347378, 0.0763134106982577, 0.04662233991762736, 0.06657446957495973, 0.09991565398399653, 0.005476761876873914, 0.028499723090438026, 0.03269697181888205, 0.055344036259238276, 0.07818493739297605, 0.037236378914132576, 0.0, 0.05547230586093411, 0.021191538662304017, 0.02322921109420654, 0.0197455614898371, 0.0489757529075504, 0.006309718570764716, 0.047760215416542004, 0.04523524581293645, 0.06387921650508305, 0.008782170843651132, 0.012935814273255629, 0.061948806742588694, 0.036451483535021104, 0.05229580306955841, 0.014454042561317963, 0.007991864588041327, 0.07740004201386458, 0.10675945789383223, 0.03977917258149735, 0.11963479766504764, 0.011740965427682043, 0.011902018575220732, 0.010441400207523028, 0.04334525848075319, 0.030133171219229617, 0.06141854084575182, 0.09697850290595897, 0.14875390697111865, 0.0072477099260937925, 0.07121318216829736, 0.0686029116881298, 0.09653544760680115, 0.05985416096402722, 0.04179170035202526, 0.174292289182703, 0.028503542532672146, 0.11710664519291367, 0.01955458937813115, 0.004811224067578664, 0.06896989642945808, 0.11093188024775448, 0.0296290048443259, 0.0, 0.026675939423646166, 0.064043770808003, 0.013150657898924827, 0.09818608322564629, 0.027160690300526445, 0.06705285471478314, 0.013529100966955459, 0.06689180156724446, 0.05897123323424003, 0.08773672584680217, 0.01534238116760349, 0.02916780719455602, 0.019531991011579274, 0.136266877160372, 0.006762959049213513, 0.08559529190087274, 0.06295013718163357, 0.10589562737521564, 0.12313499818576494, 0.04918232107504567, 0.028874983289940225, 0.15796990279519516, 0.07470287922287082, 0.20916252363279883, 0.005729799924884303, 0.1090056082143471, 0.12298954109401557, 0.059773634390257874, 0.010563940645867681, 0.18602625229962252, 0.04800306828526141, 0.08910790560885092, 0.004698232234819308, 0.17566792496069158, 0.15907594960882546, 0.004050200202430438, 0.006173810084600645, 0.24363903724592753, 0.07454755523868331, 0.007114666021605312, 0.03219948946788804, 0.067272472643245, 0.09791776740869941, 0.07290742308598201, 0.05313289749253617, 0.019605833561438912, 0.08722141943204895, 0.055060760960207775, 0.17388106256882954, 0.1605480263032255, 0.002907550400723148, 0.14164592497342304, 0.09122005716431877, 0.16267863849615827, 0.23997332756173173, 0.03361618424989338, 0.1373242260855173, 0.18536994480905972, 0.02978337396795488, 0.008295828532506636, 0.23403123030600098, 0.11038219885289419, 0.004014870361764837, 0.03567709162205346, 0.08223386444799512, 0.03166190297343578, 0.13632671508870656, 0.06755542965542265, 0.1670127505713249, 0.1022089107587322, 0.011788071881902847, 0.08674335257907836, 0.03377373624205079, 0.08408820365265993, 0.05837253566404186, 0.012264547300609201, 0.04054974505223087, 0.015910204913075862, 0.019964861131446104, 0.012648719531991011, 0.004310558848056222, 0.10411226613873488, 0.16651494993347804, 0.03250950086255737, 0.06972391798384375, 0.008936539967280112, 0.14114271345907786, 0.03335105130147494, 0.022422035635396045, 0.19452164668886188, 0.08223513759540649, 0.07962327568097473, 0.045936431749750144, 0.06362331387539706, 0.11655187120840786, 0.14017925915552132, 0.06052129020758668, 0.038890197401506135, 0.10696029689797633, 0.013929505827832275, 0.03976293995200234, 0.1293008510990445, 0.00847406917009886
0.016327478977153368, 0.0013848660967210088, 0.14690625179036354, 0.11097293925177126, 0.08648713166253955, 0.07174058348345863, 0.057397304746930125, 0.031957591459727167, 0.04955344354546091, 0.09404103354106855, 0.013479129931059068, 0.13608959138333832, 0.08178094225639916, 0.0016573196427548363, 0.014106791604865969, 0.049841174860431214, 0.07455742213112145, 0.004370078489537911, 0.015901929454901934, 0.020088038143496446, 0.06442094072862227, 0.06200100578645498, 0.04666021605311571, 0.004654308649126939, 0.038294364412983554, 0.1475864307948896, 0.03238218612142007, 0.13185542137996448, 0.033457677397177435, 0.07426109707112438, 0.05091984900471701, 0.030935572375247467, 0.11518833033082736, 0.02269417089457703, 0.016666454475431438, 0.04542367162981966, 0.09790853708996697, 0.08389627668039544, 0.08431323245762011, 0.024471484680853774, 0.06515745650610155, 0.039804317242871964, 0.0596450465017092, 0.05425454036195581, 0.015324238816991425, 0.12641112476208058, 0.13095021357047826, 0.06352878268010262, 0.08110108153872596, 0.02378398507871234, 0.042934031866879704, 0.05861316052479136, 0.11005245367334857, 0.025403428585978827, 0.007267443710970075, 0.018715903520889168, 0.07754549910561394, 0.048808015736102, 0.037063867439891526, 0.00805870482713841, 0.06581503714407573, 0.049492332469715, 0.08078406783329407, 0.030686353769471198, 0.017320215671171486, 0.05817296980730914, 0.025869082251688512, 0.0004153643429604497, 0.07987504058157374, 0.06458708646580644, 0.16227282275878313, 0.05425294892769159, 0.03219057743600843, 0.04225226142808945, 0.04222361561133356, 0.0032958603611919204, 0.022660750775028486, 0.07220528228860978, 0.02211075109331534, 0.042546995053822305, 0.03559465532716705, 0.1185990922458957, 0.021016480893240225, 0.049697309202946065, 0.041484235252178675, 0.14548128155018428, 0.09866033063638273, 0.029466360262522997, 0.06766205575112515, 0.019687314995766786, 0.06650985734383255, 0.009047303792069564, 0.08838284815807398, 0.024976605916316022, 0.01109452482955739, 0.07920631990375006, 0.03136780592140861, 0.04256481911758153, 0.012542411723141364, 0.06387157762061481, 0.036038028913177714, 0.09674424378226633, 0.05094722167406153, 0.017431616069666627, 0.006692617654735154, 0.01903705495540801, 0.014385292601103819, 0.09815138995868637, 0.07321520647268144, 0.022722816711332923, 0.00496718462547186, 0.028973333927468793, 0.040509004335066934, 0.021416567467264197, 0.056840302754454425, 0.07340999802662151, 0.04791171995849539, 0.13658293600524538, 0.021959883125067636, 0.10883405160066459, 0.005089725063816514, 0.07441642105531189, 0.047994474540234644, 0.13607654162237173, 0.0004688365342381168, 0.11735681865924846, 0.00031319426319776435, 0.24576232884124488, 0.0434108255724389, 0.07922382568065643, 0.028672871138384758, 0.046298005614580084, 0.015937259295567538, 0.04138015545129893, 0.1106721581758344, 0.1721928691013489, 0.009148200724420878, 0.09593802318401436, 0.028621626955076994, 0.03187133572260664, 0.004626617692929576, 0.04207083792196879, 0.007275400882291156, 0.045367653143719246, 0.049611371752678386, 0.12259709340445983, 0.1410981532996798, 0.09299196007409719, 0.04774589250816406, 0.11794883220553692, 0.15603153586137972, 0.115775887861176, 0.05577213207631246, 0.06462146144591352, 0.10880890693928996, 0.10401646179602905, 0.016829099057234342, 0.015261218020128461, 0.08540336492860826, 0.060710034311322734, 0.090088547402461, 0.09141389385770031, 0.01487418120707106, 0.06611168049092564, 0.14524161154999332, 0.10427331928627356, 0.19873321832568383, 0.019883061410265388, 0.10677187108109312, 0.011382574431380537, 0.07808913305027022, 0.03156036946737878, 0.020248136430476602, 0.012436103914291716, 0.06981144686837565, 0.05967464717902363, 0.00219426956350141, 0.038119943217625456, 0.01360930925387196, 0.13471140931052702, 0.0108061569408814, 0.11650221845936432, 0.01394860303900287, 0.13473496253763742, 0.026631697551100956, 0.1044817971748859, 0.03591898963021434, 0.0008179972118071691, 0.05214334366704649, 0.02175204181016099, 0.06288584323735924, 0.01629055770222355, 0.16467747993201393, 0.040866440470809916, 0.0021108784080564767, 0.10801541781515173, 0.02200603471872991, 0.047259550197019565, 0.04886944509870075, 0.038420406006709484
0.06372452909460122, 0.024234042688632704, 0.09856197999885417, 0.06087936291703535, 0.07651011197331484, 0.04970685780853136, 0.011939576423856237, 0.021414021172441452, 0.03168036361090069, 0.036236003335646215, 0.03374795500697048, 0.01608908212437377, 0.03039321157800256, 0.034898561979998854, 0.11332316937316587, 0.08609309253871959, 0.047751303384662394, 0.07094773093302607, 0.03714407572680803, 0.08651195803706133, 0.11456130523072613, 0.013258875428891535, 0.010651469530399577, 0.06351350491116614, 0.043830327644486314, 0.10831365259626585, 0.05759082315345882, 0.019334653162816455, 0.12853282492313373, 0.11665563272243477, 0.0014800338657211425, 0.08726693445200552, 0.12463317440209815, 0.04120541596908798, 0.001558650718373427, 0.058538363114373194, 0.014301901445658885, 0.024615668625191767, 0.07265374846426594, 0.06375731264044407, 0.0245173179876632, 0.06092010363419929, 0.009801643633308082, 0.024972149900376214, 0.028736210222100565, 0.006415708092761521, 0.004662265820448021, 0.025971252331451197, 0.13978712975281843, 0.029862309107460006, 0.028664913967063676, 0.02398546065656212, 0.0012056705985702555, 0.14029002298031076, 0.01858413276381206, 0.054950951995976854, 0.03338192512620074, 0.01382542602695253, 0.022867000655670915, 0.005665505980609965, 0.04830353107434544, 0.05292091844854256, 0.11529209184485426, 0.13452043719882106, 0.01899758738565545, 0.06159773634390258, 0.01960169583235195, 0.08690376915291137, 0.03965726871685838, 0.0655448116060118, 0.045741003622104384, 0.07497024017925916, 0.15345404892705503, 0.0079931377354527, 0.05296261402626503, 0.004792445143260913, 0.015204562960322361, 0.010139982557880465, 0.1043213806010529, 0.003957260441400208, 0.03898059086771362, 0.02009344901999478, 0.11941422487602726, 0.060448720805138426, 0.01184409036800326, 0.029003252891636057, 0.1200832638407038, 0.16344443666409916, 0.03902801560878726, 0.10830410399068056, 0.10850016869203201, 0.06473572642608424, 0.043072804934719364, 0.025934012769668537, 0.039016238995232065, 0.003214378926864047, 0.031203251618488647, 0.051968604184835544, 0.016088763837520927, 0.021045763283701804, 0.0639657905290564, 0.02458638623473019, 0.009636771043535275, 0.04831658083531202, 0.03384407763652914, 0.060396203474419284, 0.02133094830384936, 0.10455054713510004, 0.13061155635905303, 0.10993245952982666, 0.04495738139040429, 0.007768745504198204, 0.03288730735688232, 0.07339344711027367, 0.0760543252000433, 0.08468467321488819, 0.0689243814095015, 0.048948698525058724, 0.04422118389977783, 0.04809982748852576, 0.004059748808015736, 0.0002339408368397935, 0.022755600257175778, 0.05046087936291704, 0.014200367939601886, 0.012999153356971436, 0.015067381326746917, 0.06395433220235405, 0.08750405815737375, 0.0035963231502759547, 0.051652545339962185, 0.025918098427026373, 0.07792585189476163, 0.0033152758592153594, 0.0016560464953434633, 0.18636459122419488, 0.03215938532442979, 0.0006645829487367194, 0.01512912897619851, 0.13388036233775327, 0.02327790898269156, 0.050272135259180985, 0.10254565824904037, 0.017000655670916857, 0.11759680694629228, 0.004979279525879904, 0.20833402295484782, 0.21295809435295465, 0.253224564106155, 0.3042427637484006, 0.07952524333029899, 0.09427433780420266, 0.0026984359384051282, 0.0971538789618756, 0.06062600658217212, 0.031095670662227626, 0.13219789803362383, 0.21360899096701913, 0.08857636656460269, 0.056501327256176355, 0.0930826718271575, 0.026106205957056736, 0.06599391435537363, 0.18552908823548134, 0.1186220088993004, 0.05190017251147424, 0.03819505891489646, 0.11230019542812765, 0.05549840538286725, 0.12543175611588187, 0.0630172957075835, 0.06753187642831225, 0.03683310947158017, 0.044016525453399624, 0.1634145176999319, 0.10269111534078973, 0.026952530698766956, 0.0622483146711142, 0.0379833981577557, 0.02008390041440948, 0.04851041752869356, 0.1060293078534098, 0.005208127773074205, 0.013740125150390537, 0.04947100725057451, 0.07227721511735236, 0.035020784131490665, 0.02026150447829602, 0.015151409055897538, 0.04976605916316021, 0.04930104207115621, 0.03456627050563049, 0.05730054554366577, 0.022981265635841647, 0.004646669764658701, 0.07697162790993756, 0.03773067839659815, 0.05470459797187617, 0.02586876396483567, 0.08249040365138678
0.07354208707055146, 0.14148423525217868, 0.11386743989152784, 0.05327485342890426, 0.07989986695609551, 0.0, 0.0012133094830384936, 0.06994831021509826, 0.0883844395923382, 0.042264356328497496, 0.05100578645498469, 0.0016595476507247392, 0.0414711854912121, 0.015199788657529712, 0.012724471802967707, 0.00707933618093971, 0.0007151905583387973, 0.08617902998898727, 0.008821638413403696, 0.14609621174987747, 0.06388908339752118, 0.058291054229713986, 0.0009984658573692956, 0.042851913858846145, 0.012861016862837464, 0.07770973512168107, 0.011930982678829468, 0.09419826724637312, 0.10030587366558237, 0.04741805704973551, 0.07603490970201984, 0.037593178476169865, 0.04316160696666264, 0.011080201921179443, 0.006624185981373853, 0.020267870215352885, 0.025717895996587966, 0.0148487182588436, 0.029936469944172487, 0.17743950958361715, 0.04394300119039283, 0.08266991743639038, 0.02090062447880528, 0.01468925654556913, 0.02462649037818844, 0.03915978636586437, 0.050423321514281534, 0.04839838055649273, 0.1237645695806889, 0.026407941893552146, 0.0454313105142879, 0.028218357512524588, 0.030307592414587723, 0.03433073823452649, 0.020585202207637612, 0.0242318146806628, 0.06423633435397318, 0.0407677715464285, 0.08367283930969947, 0.07943230356926877, 0.00034056693254228443, 0.09477372987631373, 0.012936769133814158, 0.01047768490874716, 0.019259855752398292, 0.035948590307528755, 0.11454443602752545, 0.13908212437377063, 0.02673673221253923, 0.0574574609621175, 0.0424483261294409, 0.11292467423340612, 0.0857289723790669, 0.08818423716189978, 0.0336031344889268, 0.05145648063861074, 0.02173167145157902, 0.041568581268182137, 0.02405675691159901, 0.1309982748852576, 0.10645008307286859, 0.021126926431176835, 0.07018511563361364, 0.07233387017715846, 0.029008982054987236, 0.016988560770508813, 0.05869336881170786, 0.020107453641519883, 0.003908880839768033, 0.025591536116009193, 0.04895410940155706, 0.02928207217472675, 0.03458823229847668, 0.09384528712656995, 0.004922306179220961, 0.022003806710760004, 0.01873977503485241, 0.0012702828296974366, 0.03286948329312309, 0.012733702121700162, 0.003543487532703974, 0.024694285477844052, 0.024757306274707017, 0.027280047870342668, 0.04530558720741481, 0.011542991005213539, 0.011881648216638764, 0.004824910402250924, 0.06088063606444672, 0.046398584260078556, 0.03592662851468257, 0.06604133909644729, 0.023321195994678245, 0.06684087567078954, 0.00028041071735490896, 0.002554251994067133, 0.062320565786709615, 0.10556906506419846, 0.11525962658586425, 0.03275649146036374, 0.0739860972302678, 0.011102163714025629, 0.025867490817424295, 0.04283377150823408, 0.08890070086764996, 0.1797591841671388, 0.08492784437046043, 0.02659509456302398, 0.003607781476978312, 0.057681216619666305, 0.033248881221712254, 0.006813248371962748, 0.012625802878586298, 0.016521315670534914, 0.0034696449828443385, 0.06453647885620437, 0.03592249078559561, 0.056806246061200195, 0.170854472885143, 0.013838157501066262, 0.030078744167393423, 0.08296656078324029, 0.011330375387514243, 0.06073295096472745, 0.01818054503440681, 0.014672069055515593, 0.010956070048570573, 0.12255603440044306, 0.01384293180385891, 0.08086459440706342, 0.0035762710785468294, 0.032654957954306736, 0.10847247773583464, 0.018504879337454087, 0.03385203480785023, 0.08209159022477418, 0.015579504872971717, 0.08773195154400952, 0.06571541335913579, 0.0956270569287865, 0.10798104283504466, 0.04076140580937164, 0.006947247137009759, 0.11434805303932116, 0.049266348804196294, 0.14856357143311838, 0.25683393701739754, 0.028581841098471585, 0.006660470682597985, 0.0147802865854823, 0.09866510493917538, 0.11908989057297999, 0.05774328255597074, 0.1474320616712606, 0.011723777937628509, 0.04595298266609799, 0.0668192321647962, 0.021180716909307343, 0.1514679389653131, 0.045749597367131155, 0.03958565417496865, 0.053376705221814105, 0.10367303028181118, 0.08772908696233393, 0.019460694756542385, 0.059878032477990464, 0.015484337103971584, 0.03459618946979776, 0.1124513816832282, 0.0013164344233597086, 3.883099604687729e-5, 0.055330031637713176, 0.09558026876141854, 0.07542411723141364, 0.033454176241796155, 0.01436778682419744, 0.11512180837858312, 0.11684883284211062, 0.14995416669319056, 0.0936285337797837
0.06572114252248697, 0.06965262172880687, 0.10155833243152058, 0.05661527394949424, 0.0164299673437689, 0.00848489092309553, 0.007397304746930123, 0.044523238123126085, 0.010134889968234972, 0.06083002845484464, 0.007678670324843562, 0.046829862945681165, 0.017230140491816846, 0.02403797798728126, 9.580434270582019e-5, 0.0307547854428325, 0.007035730882100184, 0.040030937482096365, 0.01083734905246004, 0.0327252993487851, 0.023337110337320405, 0.010006938653391983, 0.032813783093875525, 0.012246723236849978, 0.0037548300029918965, 0.015093480848680065, 0.08550458014781241, 0.042342654894296936, 0.02656294759088681, 0.16517655371727216, 0.009140880126805482, 0.04167552565073747, 0.1192967770273281, 0.012624529731174923, 0.02174249320457569, 0.07775143069940353, 0.010918193913082226, 0.01708022738412767, 0.014735089852378558, 0.08023820588066789, 0.09708162784628019, 0.16074472757828265, 0.050310011394669334, 0.02642799396528127, 0.09112807226384707, 0.007234023591421532, 0.02177368531615433, 0.0657036367455806, 0.010036221043853563, 0.0053010675341044365, 0.09579129294485363, 0.08205976153948985, 0.04920810231012598, 0.04862786537739272, 0.026777154642850323, 0.06743416236448938, 0.03387813432978337, 0.07709321348772367, 0.02088216384134037, 0.005205899765104303, 0.07428305886397056, 0.027673768707309775, 0.01642805762265184, 0.008400544907092067, 0.029977210661336424, 0.04169812401728934, 0.011430317459307025, 0.004614841079374376, 0.01925094372051868, 0.04399583680796481, 0.1263089546823179, 0.019652940015659714, 0.06171391104519037, 0.09675856669064428, 0.04086230274172295, 0.01793419101030613, 0.029184039824051027, 0.01685042427637484, 0.03278959329305944, 0.063781820728113, 0.0034432271740583486, 0.050977777211934486, 0.12240230185051976, 0.02297012559599213, 0.005123145183365056, 0.017718710810931244, 0.10079890000063657, 0.022027359937870406, 0.05017473948221095, 0.004322972035317109, 0.0011124125506871813, 0.001979744224685055, 0.03721569026869776, 0.042951219356933246, 0.03316994608220713, 0.00770095040454259, 0.02023445009580434, 0.0038000267360956386, 0.030864276120210577, 0.013564749094473904, 0.007085065344290889, 0.010330954669586417, 0.01335436148474451, 0.03280296134087885, 0.02249205874302156, 0.027231031695004806, 0.007195829169080342, 0.08358244584349199, 0.047248091870317206, 0.02581115404447104, 0.08125067635956229, 0.03923522034998822, 0.0683651514090559, 0.0027165782890171937, 0.02399437268844173, 0.030016359944236144, 0.025504643805182983, 0.12511378754989147, 0.012506445308770075, 0.0053605871755861255, 0.12177654989782992, 0.05511805259371957, 0.011666486304116722, 0.04458212119090209, 0.14111916023196747, 0.12825814336913, 0.029025851258187928, 0.07374961009860527, 0.024368041453679715, 0.032075039308426326, 0.061631156463451124, 0.17385018874410374, 0.07349052460039085, 0.02690224137601772, 0.03507425632276833, 0.20203385298966842, 0.10296579689479346, 0.14306962206619092, 0.16544136837883774, 0.06122183957069469, 0.08332240548471904, 0.02694807468282715, 0.07193123730831175, 0.015922299813483903, 0.08581681955045165, 0.07757414492236983, 0.034057966401639814, 0.06211431590606718, 0.0534693266959915, 0.10591186000471065, 0.09384369569230573, 0.04933382561699906, 0.06113781184154407, 0.06174733116473891, 0.017189081487800066, 0.05272039773125131, 0.0020733205594209727, 0.04095715222387024, 0.043387590632181346, 0.03755243775900593, 0.04981666677276229, 0.06202296757930117, 0.04466041975670153, 0.06911662666861883, 0.007923432914680026, 0.23654887931199114, 0.007337785105448434, 0.0477322061734918, 0.08132992978592027, 0.02533531519947037, 0.03893794042943262, 0.023700275636414563, 0.012344755587525702, 0.005422334825037717, 0.11660884455506682, 0.019520850971729762, 0.11295777606610181, 0.02389156603497336, 0.07098019619201609, 0.11068202506827253, 0.017623861328783953, 0.024134418903692764, 0.014201322800160416, 0.044819881469976, 0.005951964148168896, 0.046298005614580084, 0.04242509118918334, 0.029548159983703713, 0.07890808512263592, 0.05370836012247678, 0.006636599168634741, 0.007426905424244546, 0.013845478098681656, 0.12278551922134304, 0.05615662259454711, 0.054188336696564414, 0.06071576347467392, 0.005890534785570147, 0.041074600072569405, 0.031730971220502766
0.06088159092500525, 0.09585717832339218, 0.057862640125786964, 0.073415090616267, 0.025206090737216007, 0.044746357206969206, 0.042516439515949356, 0.02693820779038901, 0.07626025679383287, 0.053807347333711036, 0.07193251045572312, 0.02095664296490569, 0.06636280881781897, 0.028090087910828756, 0.028807824763990297, 0.026730366475482364, 0.00994996530673304, 0.004531449923929442, 0.034176050824044665, 0.004370715063243598, 0.026251663048806106, 0.08821988528941824, 0.07003552081277731, 0.06736827698595081, 0.0011948488455735848, 0.047233132388233574, 0.021215410176267258, 0.10043000553819124, 0.07719538356748636, 0.06078960602453355, 0.04680121712892527, 0.02438331922261619, 0.07261587232877759, 0.005046756338682674, 0.036965835089215804, 0.018085377265406676, 0.008343571560433125, 0.025111877828774404, 0.05677409908906303, 0.11183963435206346, 0.02278997523728285, 0.01520742754199795, 0.01646243260275891, 0.07355609169207657, 0.03654887931199114, 0.04494974250593605, 0.019384305911860005, 0.010026354151415421, 0.021402881132591936, 0.0013450802401156017, 0.13086682241503333, 0.10417051263280519, 0.07323653169182194, 0.06758025602994443, 0.018797066668364195, 0.03436256691981081, 0.00046915482109096004, 0.033035629030307274, 0.001597163427567461, 0.024333984760425486, 0.049919473426230654, 0.046518578403600463, 0.0035749979311354564, 0.028966013329853397, 0.061071608176152675, 0.003997046298005615, 0.012054159690879808, 0.060491689530272265, 0.004344933828163294, 0.13032000560184862, 0.0060207141083830394, 0.05004296872513384, 0.027656899504109083, 0.05048729717170303, 0.0496107351789727, 0.05023553227110401, 0.07436040256921148, 0.03278036297432698, 0.02489162332660687, 0.03723606062727973, 0.03027321743448065, 0.048858941632556926, 0.008482026341419941, 0.022726954440419885, 0.08417509596348613, 0.024068215238301365, 0.04908651673233985, 0.004132318210463999, 0.04022700218344781, 0.028431291417076725, 0.021511098662558643, 0.022495559898402837, 0.044649279716852015, 0.04230955306160124, 0.004512034425906004, 0.06665595100928762, 0.0018425625911096116, 0.03603325461038506, 0.021284796710187088, 0.02709162205345946, 0.014085466385725472, 0.0011098662558644353, 0.025486501454570917, 0.04086516732339854, 0.05368003259257373, 0.0264642786665054, 0.030590231139912535, 0.05781266908989057, 0.09532818557396668, 0.05126328051893488, 0.014395796067247646, 0.04938443322660114, 0.01990947921905138, 0.036587710308038014, 0.0014179679294167075, 0.017605400691319044, 0.027351980699085243, 0.014634829493732932, 0.018509971927099578, 0.03302098783507648, 0.031601110184542716, 0.026261529941244248, 0.024529731174924088, 0.02299145081513263, 0.11007282403193054, 0.02845802751271556, 0.0058049156221553115, 0.06602797104862787, 0.023158869699728184, 0.13668574265871375, 0.005857751239727291, 0.11134979088553769, 0.03294332584298273, 0.07701077719283728, 0.046823497208624304, 0.06263376004990738, 0.047059666053434, 0.06058144642277406, 0.1364750367621315, 0.015574093996473382, 0.005075402155438567, 0.036865893017423025, 0.05000063657370569, 0.03126436269423455, 0.007805666779128021, 0.03505547739845058, 0.059507546581280914, 0.0365956674793591, 0.08887364648515829, 0.06210476730048189, 0.018776696309782227, 0.0022821167348861487, 0.09474381091214647, 0.03848851939321794, 0.03769121082684559, 0.02800574189482529, 0.019115353521207454, 0.09595298266609799, 0.027546772253025317, 0.18171983118065324, 0.1009395827895933, 0.010869177737744365, 0.022933522607915157, 0.047068259798460764, 0.04796137270753894, 0.14241713401786227, 0.042656485731200386, 0.05021898135475616, 0.013947329891591498, 0.034758834051600664, 0.007341922834535396, 0.05316090673558638, 0.06381746885563144, 0.04156698983391792, 0.018184046189788083, 0.06688002495368926, 0.06052924737890777, 0.003167590759496088, 0.05183842486202265, 0.015458237582038436, 0.0010764461363158933, 0.017013705431883432, 0.016593885072983174, 0.020313703522162312, 0.04246169417726031, 0.10416828462483528, 0.01761208471522875, 0.010408616661680173, 0.0033031809588073154, 0.011831995467595216, 0.00907022044547428, 0.01020491307586049, 0.04903781884385484, 0.0453768834624517, 0.026112889980966447, 0.04678721250740017, 0.04931122725044719, 0.03082226225563527, 0.028853339783946885, 0.00978859387234151
0.0296076796251854, 0.01656110152714032, 0.08380015405083678, 0.003990043987243063, 0.000933217052536428, 0.0, 0.05833561438911204, 0.032999026042230296, 0.010898141841353102, 0.058780261122534073, 0.13600015277768937, 0.04590110190908454, 0.012748979890636638, 0.0181620843969419, 0.007528757217154388, 0.0, 0.037226512021694434, 0.004707780840404606, 0.0370960144120287, 0.03217498138021911, 0.03857127397495719, 0.04596348613224182, 0.046180557765880925, 0.00836457849272078, 0.08649477054700778, 0.006165534626426721, 0.07607437727177241, 0.04587532067400424, 0.013586074313614402, 0.0016901031885976918, 0.009998981482070901, 0.03171442030415492, 0.028474260142210567, 0.004469065700772164, 0.05013654505986976, 0.07763430113755722, 0.010409889809091546, 0.001538916933497145, 0.0033292804807404626, 0.015654620570242726, 0.016137143439153102, 0.04334080246481339, 0.0201561515300049, 0.07949405121872036, 0.021679154120859884, 0.019867147067623225, 0.019034508660585266, 4.4560159398055905e-5, 0.040819970590294796, 0.05307465099846586, 0.05567378143878389, 0.0448743085218122, 0.046519851551011834, 0.03766606616547097, 0.013498545429082506, 0.02204454742792394, 0.0, 0.045693260594177894, 0.03631843963053262, 0.09887453768834624, 0.04358874792317829, 0.03861456098694387, 0.04046730875734447, 0.015032688059787002, 0.003542214385292601, 0.04262943134870871, 0.023874378544919823, 0.018834942803852544, 0.04888504115449007, 0.033146392855096726, 0.079760775601403, 0.025830251255641635, 0.027498710938245984, 0.02694807468282715, 0.06418158901528413, 0.028431291417076725, 0.1054567098051448, 0.02531558141459409, 0.027980278946597832, 0.1180796481020555, 0.01735968324092405, 0.04353591230560631, 0.05902820658089897, 0.047068259798460764, 0.003345831397088312, 0.021948106511512435, 0.011531532678511182, 0.03539222488875875, 0.019611562724790088, 0.024663093366265414, 0.05798645371154299, 0.04096351796092711, 0.03041676480511296, 0.020777447466754938, 0.05047965828723479, 0.05673622295357468, 0.025924464164083238, 0.023040466990470493, 0.06953867503548898, 0.016483121248193722, 0.027077617431934358, 0.024094951333940202, 0.013888765110668338, 0.1263347359173982, 0.024689829461904247, 0.05465303550171557, 0.011388303594731716, 0.0072209738304549595, 0.012376265985957185, 0.001244819881469976, 0.04902031306694846, 0.09152879541157673, 0.02426905424244546, 0.027170238906111744, 0.0342874512225398, 0.05787409845248932, 0.07677619978229179, 0.08713516369492842, 0.05461420450566869, 0.015423226028225679, 0.052880177731378625, 0.11208630666301697, 0.02982347811141313, 0.023765842728100273, 0.0566620621168622, 0.07519113125513238, 0.09121337314040906, 0.05596469562228262, 0.021391104519036738, 0.02179501053529483, 0.009840792916207803, 0.04337836031344889, 5.570019924756988e-5, 0.12812828233316995, 0.24633970119230256, 0.08455926819486795, 0.13474578429063408, 0.12022203690854345, 0.02938774340987071, 0.01175815291773558, 0.029981348390423386, 0.016994608220712835, 0.05316377131726197, 0.0005293110362783355, 0.03002368054185154, 0.02644772775015755, 0.075350274681554, 0.09356137525383376, 0.043957324098770775, 0.022233609818512835, 0.11824515726553399, 0.03156387062276006, 0.02162695507699359, 0.02168583814476959, 0.07291569854415593, 0.13332304205842474, 0.07347779312627713, 0.015568683119975047, 0.05816564920969374, 0.012131185109267877, 0.018382657185962277, 0.06644301710473548, 0.14286018931702008, 0.029098738947489034, 0.06728966013329854, 0.01953326415899065, 0.06409851614669204, 0.02467518826667346, 0.06650317331992285, 0.017858438739329432, 0.13288826221744085, 0.005818283669974728, 0.027845643607845135, 0.019177101170659044, 0.015627884474603893, 0.1182989477436645, 0.018630284357474332, 0.06659070220445475, 0.014917468219057744, 0.004673724147150378, 0.03334723185924082, 0.00973002909141835, 0.012232082041619189, 0.033789332297840105, 0.0432106231420005, 0.05081322290901452, 0.02230426949984404, 0.0800182696653532, 0.050378124781177785, 0.04422436676830627, 0.041531978280105165, 0.011097071124380136, 0.03392142134177006, 0.051085039881342664, 0.03665518712084079, 0.054194384146768436, 0.028484763608354394, 0.03043331572146081, 0.03139295058278323, 0.05770190526510112
0.009912089171244693, 0.040836521506642645, 0.05352343546097485, 0.00767071315352248, 0.0, 0.022295994041670115, 0.03575825476952849, 0.05683393701739756, 0.05560089374948279, 0.009988796302779917, 0.05092557816806819, 0.0064987809613536104, 2.514466137461726e-5, 0.011833905188712275, 0.0, 0.0, 0.01056966980921886, 0.009899675983983806, 0.06530705132693788, 0.052528152472133986, 0.005290245781107766, 0.003553036138289272, 0.0, 0.0015271403199419444, 0.04487271708754798, 0.008495712676092202, 0.003223290958743658, 0.05256539203391665, 0.006558937176540986, 0.08737642512938361, 0.013150976185777671, 0.06797174885894164, 0.006951384866096721, 0.0012900166145737185, 0.023848915596692364, 0.03534066241859814, 0.010249791522111388, 0.013749037182270149, 0.12082678192894564, 0.0225563526872959, 0.027147640539559873, 0.12709575978254642, 0.006310991718176089, 0.08494407699995545, 0.019419954039378448, 0.03429890954924216, 0.04212621983436352, 0.0, 0.006063364546664035, 0.006273115582687742, 0.06092965223978458, 0.027732651775085777, 0.032374865523804676, 0.022074148105238365, 0.03523053516751437, 0.030348651418604503, 0.0, 0.020301290334901426, 0.07637197547918086, 0.04599372338326193, 0.010076325187311812, 0.04107428178571656, 0.031679090463489316, 0.027518444723122266, 0.011794437618959711, 0.026638699861863506, 0.003682578887396477, 0.018698079457129944, 0.0070242725553978265, 0.02619150683361873, 0.021632365953491925, 0.012083760368194231, 0.025444487589995606, 0.05967050944993666, 0.09277106899822396, 0.038126945528388, 0.03915978636586437, 0.04281499258391633, 0.014815298139295057, 0.00491148442622429, 0.01614764690529693, 0.007086020204849419, 0.03801268054821728, 0.03224309476672756, 0.025855714203869094, 0.019811128581522813, 0.03148461719640209, 0.004036195580905335, 0.00568555805233909, 0.05082372637515835, 0.007709544149569358, 0.034838087477958635, 0.003400895022630195, 0.044201768401754396, 0.04892928302703529, 0.010389201163656735, 0.016542004315969725, 0.0005786454984690403, 0.02606419209248143, 0.03529864855402283, 0.023029008663768134, 0.011473604471293709, 0.0277858056795106, 0.04386247461662349, 0.032809963651641405, 0.008024648133884182, 0.024034795118752825, 0.025976026634243844, 0.026621194084957125, 0.026209649184230795, 0.010312175745268666, 0.05785245494649598, 0.04238594190628362, 0.012339344711027366, 0.045879458403091204, 0.0026564220738298184, 0.10044241872545212, 0.03792260536886263, 0.04819308553640883, 0.08923140090775411, 0.03738088114532341, 0.013967381963320624, 0.004511397852200317, 0.028322755600257175, 0.001340624224175796, 0.06041943841467684, 0.017998166667727623, 0.08818519202245832, 0.008042472197643404, 0.02224284013724529, 0.1382918181181608, 0.0835751252458766, 0.02530603280900879, 0.05083964071780051, 0.050603790159843655, 0.029020122094836752, 0.05772354877109446, 0.021845618144896908, 0.09680599143171792, 0.006214550801764582, 0.075291391613778, 0.04934210107517299, 0.08520157106390563, 0.05411608558096899, 0.012253407260759687, 0.03406878815463649, 0.08710938245984812, 0.10985925355367271, 0.028447205759718888, 0.01898230961671897, 0.015860870450885155, 0.08049474508405956, 0.08591835305650865, 0.07646523352706393, 0.028179844803330554, 0.08191907875053313, 0.10270639310972621, 0.10648827749520978, 0.045083104697277374, 0.029546568549439496, 0.021502504917531876, 0.03585787855446843, 0.10285662450426823, 0.12984575819111216, 0.009588709728755944, 0.03876733867630864, 0.05988217020707742, 0.030688263490588258, 0.03376195962849558, 0.03975943879662107, 0.10388341789154057, 0.005454163510322043, 0.05962754072480282, 0.07622174408463885, 0.04840761087522519, 0.03499659433067458, 0.06090864530749693, 0.04107396349886372, 0.014772011127308375, 0.0, 0.0024107046234348242, 0.0, 0.00902725172034044, 0.031265635841645927, 0.05008307286859209, 0.011576092837909238, 0.049214786334035684, 0.032562654766982196, 0.0, 0.03290131197840742, 0.023934853046960042, 0.05768917379098739, 0.027504758388450005, 0.11558364260205868, 0.02618259480173912, 0.047703560356735904, 0.008713102596584145, 0.06749113571114831, 0.0728418559942963, 0.0005764174904991375
0.07565519348657784, 0.13437625325448307, 0.014313359772361242, 0.0, 0.0, 0.02555875257016634, 0.0, 0.0, 0.0500257812350803, 0.0009427656581217257, 0.004416230083200183, 0.02421430890375642, 0.0, 5.092589645492103e-6, 0.0, 0.0, 0.009245596501390913, 0.048521557568543074, 0.04868229242922892, 0.017785232763175483, 0.013768452680293588, 0.023283956432895582, 0.0, 0.02535504898434665, 0.012451381683228192, 0.01126958259862118, 0.012244176942027233, 0.10104971004067706, 0.007510614866542323, 0.04716310928060805, 0.012155693196936808, 0.03621499640335856, 0.0021102418343507904, 0.002582579523970183, 0.0016156240650323699, 0.06374108001094907, 0.009591574310431533, 0.007176413671056903, 0.01029307853409807, 0.038881285369626525, 7.065968133120294e-5, 0.004818226378341216, 0.005408330203512614, 0.12066922993678823, 0.0823618157628381, 0.0502288482471943, 0.011089750526764742, 0.0, 0.0, 0.04459453437816298, 0.08229465723688817, 0.0, 0.0, 0.0, 0.0, 0.0, 0.0, 0.024933318904329337, 0.03525599811574183, 0.0051276011993048615, 0.0, 0.030373477793126276, 0.014726814394204634, 0.06371689021013298, 0.003120484305275286, 0.004216982513320305, 0.00830410399068056, 0.08852512238129492, 0.026341419941307904, 0.026288902610588766, 0.04784615286680968, 0.0714445767103144, 0.017667784914476323, 0.0157383300125405, 0.0323949175955338, 0.0672084969858235, 0.08322914743683597, 0.026528890897632582, 0.017379417025800332, 0.02771896544041352, 0.0027671858986192716, 0.010038767338676308, 0.016398775232190257, 0.0028709474126461733, 0.037428305886397055, 0.047378271193130095, 0.05733269251580294, 0.04373484158863334, 0.023256902050403906, 0.07962072938615197, 0.010157170047934, 0.010506330725503053, 0.013420565150135908, 0.025722670299380614, 0.011060786423156005, 0.01665181328020065, 0.004431826138989503, 0.02803279627731697, 0.0861026411443049, 0.0024278921134883603, 0.065016455430292, 0.04911579912280143, 0.0873528719022732, 0.015047329255017792, 0.04896524944140657, 0.013682833516878752, 0.059878987338548996, 0.04276215696634435, 0.006186859845567219, 0.025715986275470906, 0.07070455977745384, 0.015322965669580052, 0.004308649126939163, 0.05660668020446748, 0.07644613631589334, 0.024341623644893725, 0.0200641666295332, 0.021086185714012898, 0.03415026958896436, 0.05504707462553552, 0.030567951060213507, 0.00601689466614892, 0.014067960608819092, 0.01567467264197185, 0.04519482338262536, 0.02669949265075657, 0.14342578505452253, 0.04971831613523372, 0.0730331463928551, 0.029252153210559486, 0.0008361395624192347, 0.06679949837991991, 0.10109236047895806, 0.03258748114150397, 0.061928754670859565, 0.020713471809333445, 0.03824089222170589, 0.0016251726706176675, 0.010181041561897244, 0.06189406140389965, 0.05238014908556187, 0.06124316478983519, 0.004831912713013476, 0.037519017639457385, 0.13051320572152447, 0.005438567454532723, 0.0269764022127302, 0.12025863989662043, 0.05794634956808474, 0.02660209687378653, 0.020714744956744816, 0.1103462324385229, 0.023046832727527358, 0.04503536166935088, 0.005870801000693865, 0.0356067502275751, 0.05374146195517248, 0.027655944643550555, 0.005945280124259187, 0.020167928143560103, 0.016387635192340745, 0.059130694947514495, 0.07710244380645613, 0.12408699416261912, 0.05519125856987351, 0.010133935107676443, 0.02830143038111668, 0.005668370562285554, 0.06677976459504363, 0.03489410596405905, 0.014513243915946808, 0.04292193696647166, 0.00107612784946305, 0.043609436568613096, 0.012635033197318752, 0.035708920307337785, 0.012256908416140962, 0.01364750367621315, 0.02237365603376387, 0.00943784176050824, 0.010042586780910428, 0.0002479454583648968, 0.06020618622327186, 0.034410628234590145, 0.042007498838252985, 0.014286941963575252, 0.0030969310781648854, 0.0006563074905627948, 0.009940098414294898, 0.022549986950239034, 0.08794202086688607, 0.06373439598703937, 0.007704451559923866, 0.10000477430279264, 0.0366500945311953, 0.003013539922719952, 0.01869107714636739, 0.008536453393256139, 0.03490970201984837, 0.050190335538000265
0.0630195237155534, 0.016169926984995957, 0.0, 0.0, 0.0, 0.011085294510824935, 0.0, 0.0, 0.007400169328605713, 0.06333494598672107, 0.019261128899809663, 0.0, 0.0, 0.0034037596043057844, 0.0, 0.0, 0.015463648458536771, 0.02179501053529483, 0.0008813362955229771, 0.02512429101603529, 0.005732346219707049, 0.0012550050607609603, 0.01172282307706998, 0.04599722453864321, 0.0, 0.028478079584444684, 0.07130612192932759, 0.030369658350892156, 0.02269035145234291, 0.03473400767707889, 0.0, 0.00418228924636039, 0.004522856178902674, 0.004450923350160099, 0.06304307694266381, 0.02994665512346347, 0.0035224806004163192, 0.021185491212099995, 0.0, 0.006429394427433781, 0.0, 0.0, 0.0, 0.0, 0.01360358009052078, 0.03255724389048386, 0.004386311119032918, 0.0, 0.0, 0.00031542227116766714, 0.022049640017569434, 0.0, 0.0, 0.0, 0.0, 0.0, 0.0, 0.020790497227721513, 0.018054185153828037, 0.0016410870132598304, 0.0, 0.0, 0.047485215575685434, 0.0, 0.0, 0.0, 0.019818130892285363, 0.026269805399418172, 0.04983671884449141, 0.003731595062734339, 0.0, 0.004689956776645384, 0.02210183906143573, 0.044378417605082404, 0.012579969571776869, 0.02514752595629285, 0.0028171569345156627, 0.012802770368767149, 0.0025326084880737914, 0.0007982634269308872, 0.0, 0.0023648713166253953, 0.011902973435779262, 0.06025010980896423, 0.032717978751169705, 0.10371981844917914, 0.00041854721148888225, 0.020705832924865206, 0.061402944789962506, 0.05169933350733014, 0.020621168622008898, 0.00018078693241496967, 0.010950659172072238, 0.013298024711791255, 0.02765053376705222, 0.0004290506776327097, 0.004674360720856065, 0.054420049525434305, 0.013273516624122324, 0.026514567989254636, 0.018404937265661305, 0.01422805889579925, 0.00022598366551871207, 0.04405949417853346, 0.03254196612154738, 0.00525937195638197, 0.0005719614745593319, 0.060506967299208736, 0.045699308044381916, 0.0052612816774990296, 0.002909141834987364, 0.0001607348606858445, 0.0, 0.039531863696838136, 0.14636898358276412, 0.009102685704464292, 0.08886823560865995, 0.08053866866975193, 0.014060321724350854, 0.0228889624485171, 0.01514981762163332, 0.0756806564348053, 0.008144005703700403, 0.031130682216040383, 0.021538789618756007, 0.09759247824509361, 0.07332406057635384, 0.027824954962410324, 0.013326670528547148, 0.03478938958947362, 0.10070182251051939, 0.1103506884544627, 0.022802388424543737, 0.016933178858114087, 0.05043255183301398, 0.03364514835350211, 0.028719659305752716, 0.031225849985040518, 0.09254062931676545, 0.04717074816507629, 0.03160206504510125, 0.049321730716591024, 0.004877746019822905, 0.007401760762869929, 0.015717004793400005, 0.008799676620557511, 0.06098248785735656, 0.00489779809155203, 0.01920702013482631, 0.040378825012254045, 0.01225563526872959, 0.052833389564010666, 0.046271587805794094, 0.024188845955528962, 0.04437682617081819, 0.030130943211259715, 0.02568288444277521, 0.026391390977204297, 0.06062250542679084, 0.015301958737292398, 0.05577117721575393, 0.05416510175630685, 0.0008046291639877524, 0.014238562361943078, 0.0288431546046559, 0.02305097045661432, 0.10312016601842244, 0.01225945471096371, 0.01971405109140562, 0.09004462381676863, 0.05476666390818061, 0.0058472477735834645, 0.0, 0.0, 0.0, 0.055984429407158906, 0.0033146392855096726, 0.011436683196363892, 0.030150040422430312, 0.006482866618711448, 0.003390391556486368, 0.0, 0.028560197592478246, 0.018989311927481524, 0.0311322736503046, 0.029100648668606094, 0.0, 0.0, 0.01192429865491976, 0.05633454494528649, 0.010856764550483478, 0.007733733950385445, 0.05634918614051728, 0.01751405236455303, 0.054555321437892684, 0.05806507056419528, 0.023528719022732045, 0.023430050098350638, 0.02617081818818392, 0.006769006499417535
0.06850010503466143, 0.008314607456824389, 0.0, 0.0, 0.0, 0.0001483216734249575, 0.0, 0.0, 0.005315390442482383, 0.015847820689918583, 0.003933707214289806, 0.0, 0.0, 0.018946661489200527, 0.00012254043834465374, 0.0, 0.0028352992851277286, 0.0018279213958788218, 0.010307401442476017, 0.0009322621919778982, 0.032335079667199264, 0.002407840041759235, 0.0, 0.04584476513613129, 0.0, 0.019202564118886507, 8.657402397336576e-5, 0.0008323201201851157, 0.022348511372389253, 0.014978261007950806, 0.0, 0.01698060359918773, 0.00027499984085657355, 0.0, 0.0, 0.020372904876791158, 0.0006184313550744473, 0.0, 0.0, 0.0, 0.0, 0.0, 0.0, 0.0, 0.00029441533888001223, 0.0, 0.0, 0.0, 0.0, 0.0, 6.811338650845688e-5, 0.0, 0.0, 0.0, 0.0, 0.0, 0.0, 0.0, 0.0005270830283084327, 0.0007250574507769382, 0.0, 0.0, 0.0, 0.0, 0.0, 0.0, 0.0, 0.025672062689778535, 0.003992590282065809, 0.031219484247983653, 0.0, 0.0, 0.005030205422334825, 0.053934980361701176, 0.02000369212749298, 0.0719309190214589, 0.012071028894080502, 0.02815501842880878, 0.0001263598805787728, 0.018925972843765716, 0.0, 0.0, 0.022200189698964295, 0.016473572642608424, 0.03330012540502002, 0.0, 0.000563367729532564, 0.01166330343558829, 0.028320527592287273, 0.023125767867032486, 0.03531615433092921, 0.0, 0.0, 0.07110050862239084, 0.0, 0.0, 0.05142624338759063, 0.025538063924731524, 0.022406757866459567, 0.019326695991495377, 0.06623262949500608, 0.00032688059787002436, 0.008520857337466818, 0.023101259779363555, 0.029347002692706774, 0.04364062868019174, 0.0218838125672381, 0.017868942205473262, 0.07674468938386031, 0.013837520927360574, 0.01676130395757873, 0.027690956197363312, 0.0, 0.026865638387940746, 0.0029950792852550434, 0.029779872812573605, 0.020231585514128753, 0.0353139263229593, 0.014525975390060538, 0.10082436294886403, 0.025888179462859106, 0.05817424295472051, 0.028694196357525258, 0.013281155508590561, 0.02625802878586297, 0.056445627056928786, 0.02070646949857089, 0.031061613968973396, 0.05820225219777072, 0.013451757261714548, 0.10659713159888218, 0.05474629354959864, 0.030303136398647918, 0.034829175446079025, 0.06333271797875117, 0.014588041326364973, 0.004381855103093112, 0.04069743015195015, 0.0030905653411080203, 0.02047571153025953, 0.04914476322641017, 0.04933382561699906, 0.05812522677938265, 0.023468881094397515, 0.13289653767561477, 0.06701466029244196, 0.027529903049824625, 0.024341305358040882, 0.019559045394070954, 0.020434015952537063, 0.027802674882711296, 0.0, 0.06890178304294962, 0.020506267068132484, 0.006758184746420865, 0.008375081958864607, 0.018944115194377782, 0.037237970348396786, 0.0, 0.0, 0.0009981475705164522, 0.01246379487048908, 0.021847527866013967, 0.00047647541870635493, 0.042580733460223695, 0.048810243744071904, 0.019459421609131014, 0.028647089903304453, 0.016579243877752385, 0.009467760724675506, 0.039197980788205564, 0.0009962378493993927, 0.0, 0.0, 0.0, 0.0, 0.012326613236913636, 0.05469313964517382, 0.0054080119166597706, 0.024974059621493273, 0.015870419056470454, 0.025481408864925427, 0.0016200800809721755, 0.035903075287572174, 6.302079686296478e-5, 0.0, 0.005362496896703184, 0.0037452813974065986, 0.0016118046227982508, 0.07208560643194072, 0.003281219165961131, 0.009078814190501047, 0.015638706227600562, 0.009087089648674973, 0.03474132827469428, 0.001072308407228931, 0.028460255520685464, 0.003573088210018397, 0.0, 0.017578982882533054
0.03433487596361345, 0.0028798594445257845, 0.0, 0.0, 0.0, 0.0, 0.0, 0.0, 0.0, 0.011081156781737973, 0.00560153032318847, 0.0002504917531876428, 0.026493561056966982, 0.010118339051887124, 0.0, 0.0, 0.0, 0.036757675487456315, 0.05323252127747611, 0.006211049646383307, 0.025512600976504065, 0.0, 0.0, 0.0012133094830384936, 0.005137468091743002, 0.009992934031866879, 0.0017419839456111427, 0.0, 0.0035387132299113254, 0.0023811039461204015, 0.0, 0.005828150562412869, 0.005903584546536721, 0.0, 0.0, 0.01144050263859801, 0.025659012928811963, 0.0, 0.0, 0.0, 0.0, 0.0, 0.0, 0.0, 0.0, 0.0, 0.0, 0.0, 0.0, 0.0, 0.0, 0.0, 0.0, 0.0, 0.0, 0.0, 0.0, 0.0, 0.0, 0.0, 0.0, 0.0, 0.0, 0.0, 0.0, 0.0, 0.0, 0.0, 0.00025972207192009726, 0.00016455430291996358, 0.0, 0.0, 0.02782941097835013, 0.0509675920326435, 0.029424028111094843, 0.026880916156877224, 0.0563861074154471, 0.0022954847827055657, 0.045735911032458894, 0.009229682158748751, 0.0, 0.0, 0.0, 0.00634632155884169, 0.0, 0.0, 0.0, 0.0, 0.0, 0.007842588054057839, 0.03576621194084957, 0.0, 0.0, 8.975689250179832e-5, 0.0, 0.0, 0.013664691166266686, 0.04394682063262695, 0.0, 0.022646109579797697, 0.0007565678492084206, 0.0022162313563475946, 0.032889217077999376, 0.0, 0.0010831301602256017, 0.004174013788186466, 0.003559083588493294, 0.034677989190978475, 0.07775684157590186, 0.02386260193136462, 0.004860558529769369, 0.0, 0.0, 0.01284892196242942, 0.02129943790541788, 0.006762322475507827, 0.0045814209598258335, 0.009778408693050526, 0.03930206058908531, 0.03815081704235125, 0.024939048067680516, 0.0354676588728826, 0.0006836801599073149, 0.002129975619227072, 0.030366157195510883, 0.040918639514676204, 0.01030867458988739, 0.004124679325995761, 0.04516585927901662, 0.024529731174924088, 0.026609417471401928, 0.02386642137359874, 0.0009061626700447511, 0.009993252318719724, 0.014481733517515326, 0.01323595877548682, 0.0019539629896047515, 0.007904653990362274, 0.028224723249581453, 0.0017922732683603771, 0.034076745325957565, 0.016446199973263905, 0.051283014303811165, 0.023969228027067115, 0.031895207236569884, 0.029360689027379035, 0.024689829461904247, 0.011500340566932542, 0.03483649604369442, 0.06176897467073225, 0.017395331368442495, 0.0, 0.01729316128867981, 0.01494356774099089, 0.016832281925762773, 0.009423200565277451, 0.02231031695004806, 0.0029444716756529656, 0.0, 0.0, 0.0, 0.022191595953937528, 0.0, 0.0, 0.0, 0.024150333246334928, 0.07397686691153535, 0.01048564208006824, 0.0, 0.003935298648554023, 0.001972105340216817, 0.0, 0.0, 0.0, 0.0, 0.0, 0.003402168170041568, 0.0, 0.01892820085173562, 2.1006932287654925e-5, 0.044840570115410816, 0.009171753951531279, 0.02727845643607845, 0.0, 0.0031841416758439374, 0.0, 0.0, 0.0, 0.0, 0.01649266985377902, 0.00772832307388711, 0.015019638298820429, 0.007365157774792954, 0.014489690688836408, 0.03717749584635657, 0.011578639132731983, 0.03575220731932447, 0.0, 0.0, 0.007098115105257462
0.0, 0.0, 0.0, 0.0, 0.0, 0.01793928359995162, 0.0, 0.0, 0.0, 0.017553838221158437, 5.028932274923452e-5, 0.02313722619373484, 0.029964160900369848, 0.025683521016480894, 0.0, 0.0, 0.0, 0.014063504592879287, 0.03771380919339746, 0.03368779879178311, 0.022652793603707404, 0.027288641615369435, 0.0, 0.014967120968101292, 0.05401518864861768, 0.0016114863359454074, 0.0, 0.0, 0.03452648464902509, 0.00010567123514396115, 3.7239561782661006e-5, 0.016030517343450613, 0.0009249415943625033, 0.0, 0.0, 0.0, 0.002254107491835942, 0.0, 0.0, 0.0, 0.0, 0.0, 0.0, 0.0, 0.0, 0.0, 0.0, 0.0, 0.0, 0.0, 0.0, 0.0, 0.0, 0.0, 0.0, 0.0, 0.0, 0.0, 0.0, 0.0, 0.0, 0.0, 0.0, 0.0, 0.0, 0.0, 0.0, 0.0, 0.0, 0.004768573629297669, 0.0, 0.0, 0.0, 0.0396257583184269, 0.029569166915991367, 0.005577658809225226, 0.0, 0.016090673558637986, 0.04136073995327549, 0.0, 0.0, 0.0, 0.0, 0.0, 0.0, 0.0, 0.0, 0.0, 0.0, 0.0, 0.0, 0.0, 0.0, 0.0, 0.0, 0.0, 0.0003733504783851398, 0.023614656472999727, 0.0, 0.0, 0.016998745949799797, 0.0, 0.0, 0.0, 0.0, 0.0, 0.016028925909186396, 0.005736483948794011, 0.04744511143222718, 0.0003224245819302188, 0.0, 0.0, 0.0, 0.03296274134100617, 0.04795341553621786, 0.036174255686194624, 8.943860564895507e-5, 0.03089578651864206, 0.0012550050607609603, 0.026130395757872824, 0.12281989420145012, 0.03815750106626096, 0.021673743244361547, 0.0014548892043465252, 0.007496928531870063, 0.0041164038678218355, 0.03593681369397356, 0.028767402333679207, 0.007592732874575883, 0.006896957814260524, 0.03762628030886556, 0.0015210928697379227, 0.023372121891133166, 0.02742200380671076, 0.03947680007129625, 0.0006139753391346417, 0.0, 0.0021169258582604987, 0.01636853798117015, 0.014290124832103686, 0.04130726776199782, 0.07211679854351936, 0.05515974817144203, 0.050533130478512454, 0.057114029447899624, 0.005596437733542978, 0.013460987580447002, 0.0, 0.01373535084759789, 0.045468550076070556, 0.009917500047743028, 0.0004147277692547632, 0.024560604999649883, 0.022685895436403102, 0.0032003743053389436, 0.00264973804992011, 0.0024380772927793445, 0.0, 0.0, 0.0, 0.0, 0.0, 0.0, 0.0, 0.0, 0.004227804266316975, 0.01547319706412207, 0.0, 0.0, 0.031111903291722632, 0.009833472318592409, 0.0, 0.0, 0.0, 0.0, 0.0, 0.0, 0.0, 0.0, 0.03496699365336015, 0.0, 0.008369671082366272, 0.016178202443169882, 0.0, 0.005069354705234546, 0.0, 0.0, 0.0, 0.0005579568530342286, 0.026886645320228404, 0.001207580319687315, 0.0, 1.7824063759222363e-5, 0.000980641793610073, 9.962378493993926e-5, 0.027965637751367043, 0.025119516713242643, 0.0, 0.0, 0.0
0.0, 0.0, 0.0, 0.0, 0.0, 0.0, 0.0, 0.0, 0.0, 0.0, 0.0, 0.0, 0.0029521105601212037, 0.02242076248798467, 1.623262949500608e-5, 0.013571433118383613, 0.0, 0.008584196421182626, 0.03607749648293027, 0.014836623358435556, 0.01358289144508597, 0.015289863836884354, 0.0, 0.0, 0.0008221349408941315, 0.00036730302818111795, 0.0, 0.0, 0.0, 0.004115130720410463, 0.015384713319031644, 0.0, 0.0, 0.0, 0.0, 0.0, 0.0, 0.0, 0.0, 0.0, 0.0, 0.0, 0.0, 0.0, 0.0, 0.0, 0.0, 0.0, 0.0, 0.0, 0.0, 0.0, 0.0, 0.0, 0.0, 0.0, 0.0, 0.0, 0.0, 0.0, 0.0, 0.0, 0.0, 0.0, 0.0, 0.0, 0.0, 0.0, 0.0, 0.0, 0.0, 0.0, 0.0, 0.0006012438650209115, 0.0, 0.0, 0.0, 0.01636758312061162, 0.009164433353915882, 0.0, 0.0, 0.0, 0.0, 0.0, 0.0, 0.0, 0.0, 0.0, 0.0, 0.0, 0.0, 0.0, 0.0, 0.0, 0.0, 0.0, 0.0, 0.0, 0.0, 0.0, 0.0, 0.0, 0.0, 0.0, 0.0, 0.0, 0.0, 0.015932166705922044, 0.016524816825916187, 0.0, 0.00018110521926781293, 0.0, 0.0, 0.03130924114048545, 2.4508087668930746e-5, 0.0, 0.0, 0.03695755963104188, 0.0178434792572458, 0.045871819518622965, 0.006406477774029066, 0.019221979616909943, 0.031059385961003494, 0.02303823898250059, 0.0006699938252350548, 0.001736254782259964, 0.04078782361815763, 0.017654098579804062, 0.010256157259168253, 0.053588684265807714, 0.05143897486170436, 0.008412639807500111, 0.014398660648923235, 0.045846356570395506, 0.003903469963269697, 0.0, 0.0, 0.0, 1.3049760966573515e-5, 0.03274280512569148, 0.07942402811109485, 0.04058093716380951, 0.00041631920351897946, 0.00014354737063230867, 0.024004557867732715, 0.004218892234437365, 0.02496260129479092, 0.0, 0.009198808334022954, 0.031254495801796414, 0.028581522811618743, 0.024317115557224794, 0.028324665321374235, 0.011417267698340453, 0.011987637738635568, 0.014410118975625592, 0.003784112393453476, 0.0, 0.0, 0.0, 0.0, 0.0, 0.0, 0.0, 0.0, 0.0, 0.0, 0.005261599964351872, 0.0, 0.005098000521990439, 0.0, 0.0, 0.0, 0.0, 0.0, 0.0, 0.0, 0.0, 0.0, 0.0, 0.0, 0.0018887141847718839, 0.017009885989649313, 0.0008195886460713854, 0.004541316816367583, 0.0, 0.0, 0.0, 0.0008956592039009236, 0.033929378513091135, 0.0, 0.0, 0.0, 0.0, 0.00025112832689332934, 0.002915507572044229, 0.019999872685258862, 0.0, 0.0, 0.0
0.0, 0.0, 0.0, 0.0, 0.0, 0.0, 0.0, 0.0, 0.0, 0.0, 0.0, 0.0, 3.9785856605407056e-5, 0.007042733192862736, 0.011170913674239773, 0.024887803884372752, 0.00038385394452896727, 0.01775658694641959, 0.0, 0.0, 0.0, 0.0, 0.0, 0.0, 0.0018893507584775704, 0.0, 0.0, 0.0, 0.0, 0.002579078368588907, 0.0031087076917200858, 1.9097211170595387e-6, 0.0, 0.0, 0.0, 0.0, 0.0, 0.0, 0.0, 0.0, 0.0, 0.0, 0.0, 0.0, 0.0, 0.0, 0.0, 0.0, 0.0, 0.0, 0.0, 0.0, 0.0, 0.0, 0.0, 0.0, 0.0, 0.0, 0.0, 0.0, 0.0, 0.0, 0.0, 0.0, 0.0, 0.0, 0.0, 0.0, 0.0, 0.0, 0.0, 0.0, 0.0, 0.0, 0.0, 0.0, 0.0, 0.0, 0.0, 0.0, 0.0, 0.0, 0.0, 0.0, 0.0, 0.0, 0.0, 0.0, 0.0, 0.0, 0.0, 0.0, 0.0, 0.0, 0.0, 0.0, 0.0, 0.0, 0.0, 0.0, 0.0, 0.0, 0.0, 0.0, 0.0, 0.0, 0.0, 0.0, 0.0, 0.0, 0.001284605738075383, 0.0, 0.0, 0.007815533671566162, 0.0, 0.0, 0.0, 0.007845770922586271, 0.04689001916086854, 0.0, 0.020303836629724174, 0.01700479340000382, 0.020210260294988257, 0.011090068813617585, 0.01537452813974066, 0.013387781604293053, 0.011678262917671923, 0.0, 0.012445015946171327, 0.009285700644849165, 0.011754970049207147, 0.0, 0.0, 0.0037564214372561126, 0.0015300049016175338, 0.0, 0.0, 0.0, 0.0005636860163854072, 0.023144546791350237, 0.013785640170347124, 0.004486571477678543, 0.0076627559822013995, 0.02403543169245851, 0.009470625306351095, 0.010205231362713332, 0.023543996791668523, 0.0, 3.9149282899720543e-5, 0.014183180449548352, 0.0030240433888637794, 0.025924464164083238, 0.019388125354094125, 0.0, 0.0022595183683342774, 0.0, 0.0, 0.0, 0.0, 0.0, 0.0, 0.0, 0.0, 0.0, 0.0, 0.0, 0.0, 0.0, 0.0, 0.0, 0.0, 0.0, 0.0, 0.0, 0.0, 0.0, 0.0, 0.0, 0.0, 0.0, 0.0, 0.0009376730684762336, 0.007800892476335372, 0.0001957464144986027, 0.0, 0.0, 0.0, 0.0, 0.0, 0.0, 0.0, 0.0, 0.0, 0.0, 0.0, 0.09621206816431241, 0.016544868897645313, 0.03804546409406013, 0.0, 0.0
0.0, 0.0, 0.0, 0.0, 0.0, 0.0, 0.0, 0.0021535288463374732, 0.0, 0.0, 0.0, 0.0, 0.006921147615076612, 0.027331610340503274, 0.012731155826877415, 0.026084244164210554, 0.0, 0.0, 0.0, 0.0, 0.0, 0.0, 0.0, 0.0, 0.0, 0.0, 0.0, 0.0, 0.0, 0.0, 0.0, 0.0, 0.0, 0.0, 0.0, 0.0, 0.0, 0.0, 0.0, 0.0, 0.0, 0.0, 0.0, 0.0, 0.0, 0.0, 0.0, 0.0, 0.0, 0.0, 0.0, 0.0, 0.0, 0.0, 0.0, 0.0, 0.0, 0.0, 0.0, 0.0, 0.0, 0.0, 0.0, 0.0, 0.0, 0.0, 0.0, 0.0, 0.0, 0.0, 0.0, 0.0, 0.0, 0.0, 0.0, 0.0, 0.0, 0.0, 0.0, 0.0, 0.0, 0.0, 0.0, 0.0, 0.0, 0.0, 0.0, 0.0, 0.0, 0.0, 0.0, 0.0, 0.0, 0.0, 0.0, 0.0, 0.0, 0.0, 0.0, 0.0, 0.0, 0.0, 0.0, 0.0, 0.0, 0.0, 0.0, 0.0, 0.0, 0.0, 0.007379480683170901, 0.0, 0.0, 0.0, 0.0, 0.0, 0.0, 0.0, 0.0, 0.0, 0.0, 0.004879974027792808, 0.0013517642640253102, 0.008682547058711193, 0.015426408896754111, 0.011100572279761411, 0.01285178654410501, 0.0, 0.0013632225907276674, 0.030255393370721428, 0.0414549528617171, 0.0, 0.0, 0.0, 0.0011833905188712275, 0.0, 0.0, 0.0, 0.0, 0.019536765314371925, 0.013189488894971704, 0.008365215066426466, 0.04589919218796749, 3.501155381275821e-6, 0.0, 0.014741773876288266, 0.006347594706253064, 0.0, 0.0, 0.0, 0.0, 0.006876905742531399, 0.0, 0.0, 1.814235061206562e-5, 0.0, 0.0, 0.0, 0.0, 0.0, 0.0, 0.0, 0.0, 0.0, 0.0, 0.0, 0.0, 0.0, 0.0, 0.0, 0.0, 0.0, 0.0, 0.0, 0.0, 0.0, 0.0, 0.0, 0.0, 0.0, 0.0, 0.0, 0.0, 0.0, 0.0, 0.0, 0.0, 0.0, 0.0, 0.0, 0.0, 0.0, 0.0, 0.0, 0.0, 0.038364705807461916, 0.04045998815972907, 0.05928761036596622, 0.0, 0.0
0.0, 0.0, 0.0, 0.0, 0.0, 0.0, 0.0, 0.0, 0.0, 0.0, 0.0, 0.0, 0.006455175662514084, 0.010449675665696953, 0.0, 0.0, 0.0, 0.0, 0.0, 0.0, 0.0, 0.0, 0.0, 0.0, 0.0, 0.0, 0.0, 0.0, 0.0, 0.0, 0.0, 0.0, 0.0, 0.0, 0.0, 0.0, 0.0, 0.0, 0.0, 0.0, 0.0, 0.0, 0.0, 0.0, 0.0, 0.0, 0.0, 0.0, 0.0, 0.0, 0.0, 0.0, 0.0, 0.0, 0.0, 0.0, 0.0, 0.0, 0.0, 0.0, 0.0, 0.0, 0.0, 0.0, 0.0, 0.0, 0.0, 0.0, 0.0, 0.0, 0.0, 0.0, 0.0, 0.0, 0.0, 0.0, 0.0, 0.0, 0.0, 0.0, 0.0, 0.0, 0.0, 0.0, 0.0, 0.0, 0.0, 0.0, 0.0, 0.0, 0.0, 0.0, 0.0, 0.0, 0.0, 0.0, 0.0, 0.0, 0.0, 0.0, 0.0, 0.0, 0.0, 0.0, 0.0, 0.0, 0.0, 0.0, 0.0, 0.0, 0.005182664824846745, 0.0, 0.0, 0.0, 0.0, 0.0, 0.0, 0.0, 0.0, 0.0, 0.0, 0.00046469880515115445, 0.0007941256978439248, 0.03215270130052008, 0.01930855364088331, 0.01042484929117518, 0.00824044662011191, 0.0, 0.0, 0.0, 0.0, 0.0, 0.0, 0.0, 0.0, 0.0, 0.0, 0.0, 0.0, 0.0, 0.02417102189176974, 0.019897066031790492, 0.0, 0.0, 0.0, 0.0028849520341712766, 0.023683406433213868, 0.0, 0.0, 0.0, 0.0, 0.0, 0.0, 0.0, 0.000332609761221203, 0.0, 0.0, 0.0, 0.0, 0.0, 0.0, 0.0, 0.0, 0.0, 0.0, 0.0, 0.0, 0.0, 0.0, 0.0, 0.0, 0.0, 0.0, 0.0, 0.0, 0.0, 0.0, 0.0, 0.0, 0.0, 0.0, 0.0, 0.0, 0.0, 0.0, 0.0, 0.0, 0.0, 0.0, 0.0, 0.0, 0.0, 0.0, 0.0, 0.0, 0.016650221845936432, 0.016852015710639056, 0.007618195822803343, 0.0, 0.0
0.0, 0.0, 0.0, 0.0, 0.0, 0.0, 0.0, 0.0, 0.0, 0.0, 0.0, 0.0, 0.0, 0.0017279793240860394, 0.0, 0.0, 0.0, 0.0, 0.0, 0.0, 0.0, 0.0, 0.0, 0.0, 0.0, 0.0, 0.0, 0.0, 0.0, 0.0, 0.0, 0.0, 0.0, 0.0, 0.0, 0.0, 0.0, 0.0, 0.0, 0.0, 0.0, 0.0, 0.0, 0.0, 0.0, 0.0, 0.0, 0.0, 0.0, 0.0, 0.0, 0.0, 0.0, 0.0, 0.0, 0.0, 0.0, 0.0, 0.0, 0.0, 0.0, 0.0, 0.0, 0.0, 0.0, 0.0, 0.0, 0.0, 0.0, 0.0, 0.0, 0.0, 0.0, 0.0, 0.0, 0.0, 0.0, 0.0, 0.0, 0.0, 0.0, 0.0, 0.0, 0.0, 0.0, 0.0, 0.0, 0.0, 0.0, 0.0, 0.0, 0.0, 0.0, 0.0, 0.0, 0.0, 0.0, 0.0, 0.0, 0.0, 0.0, 0.0, 0.0, 0.0, 0.0, 0.0, 0.0, 0.0, 0.0, 0.0, 0.001233679841620462, 0.0, 0.0, 0.0, 0.0, 0.0, 0.0, 0.0, 0.0, 0.0, 0.0, 0.0, 0.0001521411156590766, 0.0019902476908288825, 0.004944267972067146, 0.003503383389245724, 0.01971436937825846, 0.0, 0.0, 0.0, 0.0, 0.0, 0.0, 0.0, 0.0, 0.0, 0.0, 0.0, 0.0, 0.0, 0.0, 0.007155088451916405, 0.0, 0.0, 0.0, 0.014580084155043891, 8.912031879611181e-5, 0.0, 0.0, 0.0, 0.0, 0.0, 0.0, 0.0, 0.0, 0.0, 0.0, 0.0, 0.0, 0.0, 0.0, 0.0, 0.0, 0.0, 0.0, 0.0, 0.0, 0.0, 0.0, 0.0, 0.0, 0.0, 0.0, 0.0, 0.0, 0.0, 0.0, 0.0, 0.0, 0.0, 0.0, 0.0, 0.0, 0.0, 0.0, 0.0, 0.0, 0.0, 0.0, 0.0, 0.0, 0.0, 0.0, 0.0, 0.0, 0.0, 0.0, 0.0, 0.0, 0.0
0.0, 0.0, 0.0, 0.0, 0.0, 0.0, 0.0, 0.0, 0.0, 0.0, 0.0, 0.0, 0.0, 0.0, 0.0, 0.0, 0.0, 0.0, 0.0, 0.0, 0.0, 0.0, 0.0, 0.0, 0.0, 0.0, 0.0, 0.0, 0.0, 0.0, 0.0, 0.0, 0.0, 0.0, 0.0, 0.0, 0.0, 0.0, 0.0, 0.0, 0.0, 0.0, 0.0, 0.0, 0.0, 0.0, 0.0, 0.0, 0.0, 0.0, 0.0, 0.0, 0.0, 0.0, 0.0, 0.0, 0.0, 0.0, 0.0, 0.0, 0.0, 0.0, 0.0, 0.0, 0.0, 0.0, 0.0, 0.0, 0.0, 0.0, 0.0, 0.0, 0.0, 0.0, 0.0, 0.0, 0.0, 0.0, 0.0, 0.0, 0.0, 0.0, 0.0, 0.0, 0.0, 0.0, 0.0, 0.0, 0.0, 0.0, 0.0, 0.0, 0.0, 0.0, 0.0, 0.0, 0.0, 0.0, 0.0, 0.0, 0.0, 0.0, 0.0, 0.0, 0.0, 0.0, 0.0, 0.0, 0.0, 0.0, 0.0, 0.0, 0.0, 0.0, 0.0, 0.0, 0.0, 0.0, 0.0, 0.0, 0.0, 0.0, 0.009184167138792165, 0.0046555817965383125, 0.0, 0.011842817220591887, 0.010380925705482809, 0.0, 0.0, 0.0, 0.0, 0.0, 0.0, 0.0, 0.0, 0.0, 0.0, 0.0, 0.0, 0.0, 0.0, 0.0, 0.0, 0.0, 0.0, 0.008092124946686952, 0.0, 0.0, 0.0, 0.0, 0.0, 0.0, 0.0, 0.0, 0.0, 0.0, 0.0, 0.0, 0.0, 0.0, 0.0, 0.0, 0.0, 0.0, 0.0, 0.0, 0.0, 0.0, 0.0, 0.0, 0.0, 0.0, 0.0, 0.0, 0.0, 0.0, 0.0, 0.0, 0.0, 0.0, 0.0, 0.0, 0.0, 0.0, 0.0, 0.0, 0.0, 0.0, 0.0, 0.0, 0.0, 0.0, 0.0, 0.0, 0.0, 0.0, 0.0, 0.0, 0.0, 0.0
0.0, 0.0, 0.0, 0.0, 0.0, 0.0, 0.0, 0.0, 0.0, 0.0, 0.0, 0.0, 0.0, 0.0, 0.0, 0.0, 0.0, 0.0, 0.0, 0.0, 0.0, 0.0, 0.0, 0.0, 0.0, 0.0, 0.0, 0.0, 0.0, 0.0, 0.0, 0.0, 0.0, 0.0, 0.0, 0.0, 0.0, 0.0, 0.0, 0.0, 0.0, 0.0, 0.0, 0.0, 0.0, 0.0, 0.0, 0.0, 0.0, 0.0, 0.0, 0.0, 0.0, 0.0, 0.0, 0.0, 0.0, 0.0, 0.0, 0.0, 0.0, 0.0, 0.0, 0.0, 0.0, 0.0, 0.0, 0.0, 0.0, 0.0, 0.0, 0.0, 0.0, 0.0, 0.0, 0.0, 0.0, 0.0, 0.0, 0.0, 0.0, 0.0, 0.0, 0.0, 0.0, 0.0, 0.0, 0.0, 0.0, 0.0, 0.0, 0.0, 0.0, 0.0, 0.0, 0.0, 0.0, 0.0, 0.0, 0.0, 0.0, 0.0, 0.0, 0.0, 0.0, 0.0, 0.0, 0.0, 0.0, 0.0, 0.0, 0.0, 0.0, 0.0, 0.0, 0.0, 0.0, 0.0, 0.0, 0.0, 0.0, 0.0, 0.001859113507457461, 0.0, 0.0, 0.0, 7.416083671247876e-5, 0.0, 0.0, 0.0, 0.0, 0.0, 0.0, 0.0, 0.0, 0.0, 0.0, 0.0, 0.0, 0.0, 0.0, 0.0, 0.0, 0.0, 0.0, 0.0, 0.0, 0.0, 0.0, 0.0, 0.0, 0.0, 0.0, 0.0, 0.0, 0.0, 0.0, 0.0, 0.0, 0.0, 0.0, 0.0, 0.0, 0.0, 0.0, 0.0, 0.0, 0.0, 0.0, 0.0, 0.0, 0.0, 0.0, 0.0, 0.0, 0.0, 0.0, 0.0, 0.0, 0.0, 0.0, 0.0, 0.0, 0.0, 0.0, 0.0, 0.0, 0.0, 0.0, 0.0, 0.0, 0.0, 0.0, 0.0, 0.0, 0.0, 0.0, 0.0, 0.0, 0.0
0.0, 0.0, 0.0, 0.0, 0.0, 0.0, 0.0, 0.0, 0.0, 0.0, 0.0, 0.0, 0.0, 0.0, 0.0, 0.0, 0.0, 0.0, 0.0, 0.0, 0.0, 0.0, 0.0, 0.0, 0.0, 0.0, 0.0, 0.0, 0.0, 0.0, 0.0, 0.0, 0.0, 0.0, 0.0, 0.0, 0.0, 0.0, 0.0, 0.0, 0.0, 0.0, 0.0, 0.0, 0.0, 0.0, 0.0, 0.0, 0.0, 0.0, 0.0, 0.0, 0.0, 0.0, 0.0, 0.0, 0.0, 0.0, 0.0, 0.0, 0.0, 0.0, 0.0, 0.0, 0.0, 0.0, 0.0, 0.0, 0.0, 0.0, 0.0, 0.0, 0.0, 0.0, 0.0, 0.0, 0.0, 0.0, 0.0, 0.0, 0.0, 0.0, 0.0, 0.0, 0.0, 0.0, 0.0, 0.0, 0.0, 0.0, 0.0, 0.0, 0.0, 0.0, 0.0, 0.0, 0.0, 0.0, 0.0, 0.0, 0.0, 0.0, 0.0, 0.0, 0.0, 0.0, 0.0, 0.0, 0.0, 0.0, 0.0, 0.0, 0.0, 0.0, 0.0, 0.0, 0.0, 0.0, 0.0, 0.0, 0.0, 0.0, 0.0, 0.0, 0.0, 0.0, 0.0, 0.0, 0.0, 0.0, 0.0, 0.0, 0.0, 0.0, 0.0, 0.0, 0.0, 0.0, 0.0, 0.0, 0.0, 0.0, 0.0, 0.0, 0.0, 0.0, 0.0, 0.0, 0.0, 0.0, 0.0, 0.0, 0.0, 0.0, 0.0, 0.0, 0.0, 0.0, 0.0, 0.0, 0.0, 0.0, 0.0, 0.0, 0.0, 0.0, 0.0, 0.0, 0.0, 0.0, 0.0, 0.0, 0.0, 0.0, 0.0, 0.0, 0.0, 0.0, 0.0, 0.0, 0.0, 0.0, 0.0, 0.0, 0.0, 0.0, 0.0, 0.0, 0.0, 0.0, 0.0, 0.0, 0.0, 0.0, 0.0, 0.0, 0.0, 0.0, 0.0, 0.0
0.0, 0.0, 0.0, 0.0, 0.0, 0.0, 0.0, 0.0, 0.0, 0.0, 0.0, 0.0, 0.0, 0.0, 0.0, 0.0, 0.0, 0.0, 0.0, 0.0, 0.0, 0.0, 0.0, 0.0, 0.0, 0.0, 0.0, 0.0, 0.0, 0.0, 0.0, 0.0, 0.0, 0.0, 0.0, 0.0, 0.0, 0.0, 0.0, 0.0, 0.0, 0.0, 0.0, 0.0, 0.0, 0.0, 0.0, 0.0, 0.0, 0.0, 0.0, 0.0, 0.0, 0.0, 0.0, 0.0, 0.0, 0.0, 0.0, 0.0, 0.0, 0.0, 0.0, 0.0, 0.0, 0.0, 0.0, 0.0, 0.0, 0.0, 0.0, 0.0, 0.0, 0.0, 0.0, 0.0, 0.0, 0.0, 0.0, 0.0, 0.0, 0.0, 0.0, 0.0, 0.0, 0.0, 0.0, 0.0, 0.0, 0.0, 0.0, 0.0, 0.0, 0.0, 0.0, 0.0, 0.0, 0.0, 0.0, 0.0, 0.0, 0.0, 0.0, 0.0, 0.0, 0.0, 0.0, 0.0, 0.0, 0.0, 0.0, 0.0, 0.0, 0.0, 0.0, 0.0, 0.0, 0.0, 0.0, 0.0, 0.0, 0.0, 0.0, 0.0, 0.0, 0.0, 0.0, 0.0, 0.0, 0.0, 0.0, 0.0, 0.0, 0.0, 0.0, 0.0, 0.0, 0.0, 0.0, 0.0, 0.0, 0.0, 0.0, 0.0, 0.0, 0.0, 0.0, 0.0, 0.0, 0.0, 0.0, 0.0, 0.0, 0.0, 0.0, 0.0, 0.0, 0.0, 0.0, 0.0, 0.0, 0.0, 0.0, 0.0, 0.0, 0.0, 0.0, 0.0, 0.0, 0.0, 0.0, 0.0, 0.0, 0.0, 0.0, 0.0, 0.0, 0.0, 0.0, 0.0, 0.0, 0.0, 0.0, 0.0, 0.0, 0.0, 0.0, 0.0, 0.0, 0.0, 0.0, 0.0, 0.0, 0.0, 0.0, 0.0, 0.0, 0.0, 0.0, 0.0
0.0, 0.0, 0.0, 0.0, 0.0, 0.0, 0.0, 0.0, 0.0, 0.0, 0.0, 0.0, 0.0, 0.0, 0.0, 0.0, 0.0, 0.0, 0.0, 0.0, 0.0, 0.0, 0.0, 0.0, 0.0, 0.0, 0.0, 0.0, 0.0, 0.0, 0.0, 0.0, 0.0, 0.0, 0.0, 0.0, 0.0, 0.0, 0.0, 0.0, 0.0, 0.0, 0.0, 0.0, 0.0, 0.0, 0.0, 0.0, 0.0, 0.0, 0.0, 0.0, 0.0, 0.0, 0.0, 0.0, 0.0, 0.0, 0.0, 0.0, 0.0, 0.0, 0.0, 0.0, 0.0, 0.0, 0.0, 0.0, 0.0, 0.0, 0.0, 0.0, 0.0, 0.0, 0.0, 0.0, 0.0, 0.0, 0.0, 0.0, 0.0, 0.0, 0.0, 0.0, 0.0, 0.0, 0.0, 0.0, 0.0, 0.0, 0.0, 0.0, 0.0, 0.0, 0.0, 0.0, 0.0, 0.0, 0.0, 0.0, 0.0, 0.0, 0.0, 0.0, 0.0, 0.0, 0.0, 0.0, 0.0, 0.0, 0.0, 0.0, 0.0, 0.0, 0.0, 0.0, 0.0, 0.0, 0.0, 0.0, 0.0, 0.0, 0.0, 0.0, 0.0, 0.0, 0.0, 0.0, 0.0, 0.0, 0.0, 0.0, 0.0, 0.0, 0.0, 0.0, 0.0, 0.0, 0.0, 0.0, 0.0, 0.0, 0.0, 0.0, 0.0, 0.0, 0.0, 0.0, 0.0, 0.0, 0.0, 0.0, 0.0, 0.0, 0.0, 0.0, 0.0, 0.0, 0.0, 0.0, 0.0, 0.0, 0.0, 0.0, 0.0, 0.0, 0.0, 0.0, 0.0, 0.0, 0.0, 0.0, 0.0, 0.0, 0.0, 0.0, 0.0, 0.0, 0.0, 0.0, 0.0, 0.0, 0.0, 0.0, 0.0, 0.0, 0.0, 0.0, 0.0, 0.0, 0.0, 0.0, 0.0, 0.0, 0.0, 0.0, 0.0, 0.0, 0.0, 0.0
0.0, 0.0, 0.0, 0.0, 0.0, 0.0, 0.0, 0.0, 0.0, 0.0, 0.0, 0.0, 0.0, 0.0, 0.0, 0.0, 0.0, 0.0, 0.0, 0.0, 0.0, 0.0, 0.0, 0.0, 0.0, 0.0, 0.0, 0.0, 0.0, 0.0, 0.0, 0.0, 0.0, 0.0, 0.0, 0.0, 0.0, 0.0, 0.0, 0.0, 0.0, 0.0, 0.0, 0.0, 0.0, 0.0, 0.0, 0.0, 0.0, 0.0, 0.0, 0.0, 0.0, 0.0, 0.0, 0.0, 0.0, 0.0, 0.0, 0.0, 0.0, 0.0, 0.0, 0.0, 0.0, 0.0, 0.0, 0.0, 0.0, 0.0, 0.0, 0.0, 0.0, 0.0, 0.0, 0.0, 0.0, 0.0, 0.0, 0.0, 0.0, 0.0, 0.0, 0.0, 0.0, 0.0, 0.0, 0.0, 0.0, 0.0, 0.0, 0.0, 0.0, 0.0, 0.0, 0.0, 0.0, 0.0, 0.0, 0.0, 0.0, 0.0, 0.0, 0.0, 0.0, 0.0, 0.0, 0.0, 0.0, 0.0, 0.0, 0.0, 0.0, 0.0, 0.0, 0.0, 0.0, 0.0, 0.0, 0.0, 0.0, 0.0, 0.0, 0.0, 0.0, 0.0, 0.0, 0.0, 0.0, 0.0, 0.0, 0.0, 0.0, 0.0, 0.0, 0.0, 0.0, 0.0, 0.0, 0.0, 0.0, 0.0, 0.0, 0.0, 0.0, 0.0, 0.0, 0.0, 0.0, 0.0, 0.0, 0.0, 0.0, 0.0, 0.0, 0.0, 0.0, 0.0, 0.0, 0.0, 0.0, 0.0, 0.0, 0.0, 0.0, 0.0, 0.0, 0.0, 0.0, 0.0, 0.0, 0.0, 0.0, 0.0, 0.0, 0.0, 0.0, 0.0, 0.0, 0.0, 0.0, 0.0, 0.0, 0.0, 0.0, 0.0, 0.0, 0.0, 0.0, 0.0, 0.0, 0.0, 0.0, 0.0, 0.0, 0.0, 0.0, 0.0, 0.0, 0.0
0.0, 0.0, 0.0, 0.0, 0.0, 0.0, 0.0, 0.0, 0.0, 0.0, 0.0, 0.0, 0.0, 0.0, 0.0, 0.0, 0.0, 0.0, 0.0, 0.0, 0.0, 0.0, 0.0, 0.0, 0.0, 0.0, 0.0, 0.0, 0.0, 0.0, 0.0, 0.0, 0.0, 0.0, 0.0, 0.0, 0.0, 0.0, 0.0, 0.0, 0.0, 0.0, 0.0, 0.0, 0.0, 0.0, 0.0, 0.0, 0.0, 0.0, 0.0, 0.0, 0.0, 0.0, 0.0, 0.0, 0.0, 0.0, 0.0, 0.0, 0.0, 0.0, 0.0, 0.0, 0.0, 0.0, 0.0, 0.0, 0.0, 0.0, 0.0, 0.0, 0.0, 0.0, 0.0, 0.0, 0.0, 0.0, 0.0, 0.0, 0.0, 0.0, 0.0, 0.0, 0.0, 0.0, 0.0, 0.0, 0.0, 0.0, 0.0, 0.0, 0.0, 0.0, 0.0, 0.0, 0.0, 0.0, 0.0, 0.0, 0.0, 0.0, 0.0, 0.0, 0.0, 0.0, 0.0, 0.0, 0.0, 0.0, 0.0, 0.0, 0.0, 0.0, 0.0, 0.0, 0.0, 0.0, 0.0, 0.0, 0.0, 0.0, 0.0, 0.0, 0.0, 0.0, 0.0, 0.0, 0.0, 0.0, 0.0, 0.0, 0.0, 0.0, 0.0, 0.0, 0.0, 0.0, 0.0, 0.0, 0.0, 0.0, 0.0, 0.0, 0.0, 0.0, 0.0, 0.0, 0.0, 0.0, 0.0, 0.0, 0.0, 0.0, 0.0, 0.0, 0.0, 0.0, 0.0, 0.0, 0.0, 0.0, 0.0, 0.0, 0.0, 0.0, 0.0, 0.0, 0.0, 0.0, 0.0, 0.0, 0.0, 0.0, 0.0, 0.0, 0.0, 0.0, 0.0, 0.0, 0.0, 0.0, 0.0, 0.0, 0.0, 0.0, 0.0, 0.0, 0.0, 0.0, 0.0, 0.0, 0.0, 0.0, 0.0, 0.0, 0.0, 0.0, 0.0, 0.0
0.0, 0.0, 0.0, 0.0, 0.0, 0.0, 0.0, 0.0, 0.0, 0.0, 0.0, 0.0, 0.0, 0.0, 0.0, 0.0, 0.0, 0.0, 0.0, 0.0, 0.0, 0.0, 0.0, 0.0, 0.0, 0.0, 0.0, 0.0, 0.0, 0.0, 0.0, 0.0, 0.0, 0.0, 0.0, 0.0, 0.0, 0.0, 0.0, 0.0, 0.0, 0.0, 0.0, 0.0, 0.0, 0.0, 0.0, 0.0, 0.0, 0.0, 0.0, 0.0, 0.0, 0.0, 0.0, 0.0, 0.0, 0.0, 0.0, 0.0, 0.0, 0.0, 0.0, 0.0, 0.0, 0.0, 0.0, 0.0, 0.0, 0.0, 0.0, 0.0, 0.0, 0.0, 0.0, 0.0, 0.0, 0.0, 0.0, 0.0, 0.0, 0.0, 0.0, 0.0, 0.0, 0.0, 0.0, 0.0, 0.0, 0.0, 0.0, 0.0, 0.0, 0.0, 0.0, 0.0, 0.0, 0.0, 0.0, 0.0, 0.0, 0.0, 0.0, 0.0, 0.0, 0.0, 0.0, 0.0, 0.0, 0.0, 0.0, 0.0, 0.0, 0.0, 0.0, 0.0, 0.0, 0.0, 0.0, 0.0, 0.0, 0.0, 0.0, 0.0, 0.0, 0.0, 0.0, 0.0, 0.0, 0.0, 0.0, 0.0, 0.0, 0.0, 0.0, 0.0, 0.0, 0.0, 0.0, 0.0, 0.0, 0.0, 0.0, 0.0, 0.0, 0.0, 0.0, 0.0, 0.0, 0.0, 0.0, 0.0, 0.0, 0.0, 0.0, 0.0, 0.0, 0.0, 0.0, 0.0, 0.0, 0.0, 0.0, 0.0, 0.0, 0.0, 0.0, 0.0, 0.0, 0.0, 0.0, 0.0, 0.0, 0.0, 0.0, 0.0, 0.0, 0.0, 0.0, 0.0, 0.0, 0.0, 0.0, 0.0, 0.0, 0.0, 0.0, 0.0, 0.0, 0.0, 0.0, 0.0, 0.0, 0.0, 0.0, 0.0, 0.0, 0.0, 0.0, 0.0
0.0, 0.0, 0.0, 0.0, 0.0, 0.0, 0.0, 0.0, 0.0, 0.0, 0.0, 0.0, 0.0, 0.0, 0.0, 0.0, 0.0, 0.0, 0.0, 0.0, 0.0, 0.0, 0.0, 0.0, 0.0, 0.0, 0.0, 0.0, 0.0, 0.0, 0.0, 0.0, 0.0, 0.0, 0.0, 0.0, 0.0, 0.0, 0.0, 0.0, 0.0, 0.0, 0.0, 0.0, 0.0, 0.0, 0.0, 0.0, 0.0, 0.0, 0.0, 0.0, 0.0, 0.0, 0.0, 0.0, 0.0, 0.0, 0.0, 0.0, 0.0, 0.0, 0.0, 0.0, 0.0, 0.0, 0.0, 0.0, 0.0, 0.0, 0.0, 0.0, 0.0, 0.0, 0.0, 0.0, 0.0, 0.0, 0.0, 0.0, 0.0, 0.0, 0.0, 0.0, 0.0, 0.0, 0.0, 0.0, 0.0, 0.0, 0.0, 0.0, 0.0, 0.0, 0.0, 0.0, 0.0, 0.0, 0.0, 0.0, 0.0, 0.0, 0.0, 0.0, 0.0, 0.0, 0.0, 0.0, 0.0, 0.0, 0.0, 0.0, 0.0, 0.0, 0.0, 0.0, 0.0, 0.0, 0.0, 0.0, 0.0, 0.0, 0.0, 0.0, 0.0, 0.0, 0.0, 0.0, 0.0, 0.0, 0.0, 0.0, 0.0, 0.0, 0.0, 0.0, 0.0, 0.0, 0.0, 0.0, 0.0, 0.0, 0.0, 0.0, 0.0, 0.0, 0.0, 0.0, 0.0, 0.0, 0.0, 0.0, 0.0, 0.0, 0.0, 0.0, 0.0, 0.0, 0.0, 0.0, 0.0, 0.0, 0.0, 0.0, 0.0, 0.0, 0.0, 0.0, 0.0, 0.0, 0.0, 0.0, 0.0, 0.0, 0.0, 0.0, 0.0, 0.0, 0.0, 0.0, 0.0, 0.0, 0.0, 0.0, 0.0, 0.0, 0.0, 0.0, 0.0, 0.0, 0.0, 0.0, 0.0, 0.0, 0.0, 0.0, 0.0, 0.0, 0.0, 0.0
0.0, 0.0, 0.0, 0.0, 0.0, 0.0, 0.0, 0.0, 0.0, 0.0, 0.0, 0.0, 0.0, 0.0, 0.0, 0.0, 0.0, 0.0, 0.0, 0.0, 0.0, 0.0, 0.0, 0.0, 0.0, 0.0, 0.0, 0.0, 0.0, 0.0, 0.0, 0.0, 0.0, 0.0, 0.0, 0.0, 0.0, 0.0, 0.0, 0.0, 0.0, 0.0, 0.0, 0.0, 0.0, 0.0, 0.0, 0.0, 0.0, 0.0, 0.0, 0.0, 0.0, 0.0, 0.0, 0.0, 0.0, 0.0, 0.0, 0.0, 0.0, 0.0, 0.0, 0.0, 0.0, 0.0, 0.0, 0.0, 0.0, 0.0, 0.0, 0.0, 0.0, 0.0, 0.0, 0.0, 0.0, 0.0, 0.0, 0.0, 0.0, 0.0, 0.0, 0.0, 0.0, 0.0, 0.0, 0.0, 0.0, 0.0, 0.0, 0.0, 0.0, 0.0, 0.0, 0.0, 0.0, 0.0, 0.0, 0.0, 0.0, 0.0, 0.0, 0.0, 0.0, 0.0, 0.0, 0.0, 0.0, 0.0, 0.0, 0.0, 0.0, 0.0, 0.0, 0.0, 0.0, 0.0, 0.0, 0.0, 0.0, 0.0, 0.0, 0.0, 0.0, 0.0, 0.0, 0.0, 0.0, 0.0, 0.0, 0.0, 0.0, 0.0, 0.0, 0.0, 0.0, 0.0, 0.0, 0.0, 0.0, 0.0, 0.0, 0.0, 0.0, 0.0, 0.0, 0.0, 0.0, 0.0, 0.0, 0.0, 0.0, 0.0, 0.0, 0.0, 0.0, 0.0, 0.0, 0.0, 0.0, 0.0, 0.0, 0.0, 0.0, 0.0, 0.0, 0.0, 0.0, 0.0, 0.0, 0.0, 0.0, 0.0, 0.0, 0.0, 0.0, 0.0, 0.0, 0.0, 0.0, 0.0, 0.0, 0.0, 0.0, 0.0, 0.0, 0.0, 0.0, 0.0, 0.0, 0.0, 0.0, 0.0, 0.0, 0.0, 0.0, 0.0, 0.0, 0.0
0.0, 0.0, 0.0, 0.0, 0.0, 0.0, 0.0, 0.0, 0.0, 0.0, 0.0, 0.0, 0.0, 0.0, 0.0, 0.0, 0.0, 0.0, 0.0, 0.0, 0.0, 0.0, 0.0, 0.0, 0.0, 0.0, 0.0, 0.0, 0.0, 0.0, 0.0, 0.0, 0.0, 0.0, 0.0, 0.0, 0.0, 0.0, 0.0, 0.0, 0.0, 0.0, 0.0, 0.0, 0.0, 0.0, 0.0, 0.0, 0.0, 0.0, 0.0, 0.0, 0.0, 0.0, 0.0, 0.0, 0.0, 0.0, 0.0, 0.0, 0.0, 0.0, 0.0, 0.0, 0.0, 0.0, 0.0, 0.0, 0.0, 0.0, 0.0, 0.0, 0.0, 0.0, 0.0, 0.0, 0.0, 0.0, 0.0, 0.0, 0.0, 0.0, 0.0, 0.0, 0.0, 0.0, 0.0, 0.0, 0.0, 0.0, 0.0, 0.0, 0.0, 0.0, 0.0, 0.0, 0.0, 0.0, 0.0, 0.0, 0.0, 0.0, 0.0, 0.0, 0.0, 0.0, 0.0, 0.0, 0.0, 0.0, 0.0, 0.0, 0.0, 0.0, 0.0, 0.0, 0.0, 0.0, 0.0, 0.0, 0.0, 0.0, 0.0, 0.0, 0.0, 0.0, 0.0, 0.0, 0.0, 0.0, 0.0, 0.0, 0.0, 0.0, 0.0, 0.0, 0.0, 0.0, 0.0, 0.0, 0.0, 0.0, 0.0, 0.0, 0.0, 0.0, 0.0, 0.0, 0.0, 0.0, 0.0, 0.0, 0.0, 0.0, 0.0, 0.0, 0.0, 0.0, 0.0, 0.0, 0.0, 0.0, 0.0, 0.0, 0.0, 0.0, 0.0, 0.0, 0.0, 0.0, 0.0, 0.0, 0.0, 0.0, 0.0, 0.0, 0.0, 0.0, 0.0, 0.0, 0.0, 0.0, 0.0, 0.0, 0.0, 0.0, 0.0, 0.0, 0.0, 0.0, 0.0, 0.0, 0.0, 0.0, 0.0, 0.0, 0.0, 0.0, 0.0, 0.0
0.0, 0.0, 0.0, 0.0, 0.0, 0.0, 0.0, 0.0, 0.0, 0.0, 0.0, 0.0, 0.0, 0.0, 0.0, 0.0, 0.0, 0.0, 0.0, 0.0, 0.0, 0.0, 0.0, 0.0, 0.0, 0.0, 0.0, 0.0, 0.0, 0.0, 0.0, 0.0, 0.0, 0.0, 0.0, 0.0, 0.0, 0.0, 0.0, 0.0, 0.0, 0.0, 0.0, 0.0, 0.0, 0.0, 0.0, 0.0, 0.0, 0.0, 0.0, 0.0, 0.0, 0.0, 0.0, 0.0, 0.0, 0.0, 0.0, 0.0, 0.0, 0.0, 0.0, 0.0, 0.0, 0.0, 0.0, 0.0, 0.0, 0.0, 0.0, 0.0, 0.0, 0.0, 0.0, 0.0, 0.0, 0.0, 0.0, 0.0, 0.0, 0.0, 0.0, 0.0, 0.0, 0.0, 0.0, 0.0, 0.0, 0.0, 0.0, 0.0, 0.0, 0.0, 0.0, 0.0, 0.0, 0.0, 0.0, 0.0, 0.0, 0.0, 0.0, 0.0, 0.0, 0.0, 0.0, 0.0, 0.0, 0.0, 0.0, 0.0, 0.0, 0.0, 0.0, 0.0, 0.0, 0.0, 0.0, 0.0, 0.0, 0.0, 0.0, 0.0, 0.0, 0.0, 0.0, 0.0, 0.0, 0.0, 0.0, 0.0, 0.0, 0.0, 0.0, 0.0, 0.0, 0.0, 0.0, 0.0, 0.0, 0.0, 0.0, 0.0, 0.0, 0.0, 0.0, 0.0, 0.0, 0.0, 0.0, 0.0, 0.0, 0.0, 0.0, 0.0, 0.0, 0.0, 0.0, 0.0, 0.0, 0.0, 0.0, 0.0, 0.0, 0.0, 0.0, 0.0, 0.0, 0.0, 0.0, 0.0, 0.0, 0.0, 0.0, 0.0, 0.0, 0.0, 0.0, 0.0, 0.0, 0.0, 0.0, 0.0, 0.0, 0.0, 0.0, 0.0, 0.0, 0.0, 0.0, 0.0, 0.0, 0.0, 0.0, 0.0, 0.0, 0.0, 0.0, 0.0
0.0, 0.0, 0.0, 0.0, 0.0, 0.0, 0.0, 0.0, 0.0, 0.0, 0.0, 0.0, 0.0, 0.0, 0.0, 0.0, 0.0, 0.0, 0.0, 0.0, 0.0, 0.0, 0.0, 0.0, 0.0, 0.0, 0.0, 0.0, 0.0, 0.0, 0.0, 0.0, 0.0, 0.0, 0.0, 0.0, 0.0, 0.0, 0.0, 0.0, 0.0, 0.0, 0.0, 0.0, 0.0, 0.0, 0.0, 0.0, 0.0, 0.0, 0.0, 0.0, 0.0, 0.0, 0.0, 0.0, 0.0, 0.0, 0.0, 0.0, 0.0, 0.0, 0.0, 0.0, 0.0, 0.0, 0.0, 0.0, 0.0, 0.0, 0.0, 0.0, 0.0, 0.0, 0.0, 0.0, 0.0, 0.0, 0.0, 0.0, 0.0, 0.0, 0.0, 0.0, 0.0, 0.0, 0.0, 0.0, 0.0, 0.0, 0.0, 0.0, 0.0, 0.0, 0.0, 0.0, 0.0, 0.0, 0.0, 0.0, 0.0, 0.0, 0.0, 0.0, 0.0, 0.0, 0.0, 0.0, 0.0, 0.0, 0.0, 0.0, 0.0, 0.0, 0.0, 0.0, 0.0, 0.0, 0.0, 0.0, 0.0, 0.0, 0.0, 0.0, 0.0, 0.0, 0.0, 0.0, 0.0, 0.0, 0.0, 0.0, 0.0, 0.0, 0.0, 0.0, 0.0, 0.0, 0.0, 0.0, 0.0, 0.0, 0.0, 0.0, 0.0, 0.0, 0.0, 0.0, 0.0, 0.0, 0.0, 0.0, 0.0, 0.0, 0.0, 0.0, 0.0, 0.0, 0.0, 0.0, 0.0, 0.0, 0.0, 0.0, 0.0, 0.0, 0.0, 0.0, 0.0, 0.0, 0.0, 0.0, 0.0, 0.0, 0.0, 0.0, 0.0, 0.0, 0.0, 0.0, 0.0, 0.0, 0.0, 0.0, 0.0, 0.0, 0.0, 0.0, 0.0, 0.0, 0.0, 0.0, 0.0, 0.0, 0.0, 0.0, 0.0, 0.0, 0.0, 0.0
0.0, 0.0, 0.0, 0.0, 0.0, 0.0, 0.0, 0.0, 0.0, 0.0, 0.0, 0.0, 0.0, 0.0, 0.0, 0.0, 0.0, 0.0, 0.0, 0.0, 0.0, 0.0, 0.0, 0.0, 0.0, 0.0, 0.0, 0.0, 0.0, 0.0, 0.0, 0.0, 0.0, 0.0, 0.0, 0.0, 0.0, 0.0, 0.0, 0.0, 0.0, 0.0, 0.0, 0.0, 0.0, 0.0, 0.0, 0.0, 0.0, 0.0, 0.0, 0.0, 0.0, 0.0, 0.0, 0.0, 0.0, 0.0, 0.0, 0.0, 0.0, 0.0, 0.0, 0.0, 0.0, 0.0, 0.0, 0.0, 0.0, 0.0, 0.0, 0.0, 0.0, 0.0, 0.0, 0.0, 0.0, 0.0, 0.0, 0.0, 0.0, 0.0, 0.0, 0.0, 0.0, 0.0, 0.0, 0.0, 0.0, 0.0, 0.0, 0.0, 0.0, 0.0, 0.0, 0.0, 0.0, 0.0, 0.0, 0.0, 0.0, 0.0, 0.0, 0.0, 0.0, 0.0, 0.0, 0.0, 0.0, 0.0, 0.0, 0.0, 0.0, 0.0, 0.0, 0.0, 0.0, 0.0, 0.0, 0.0, 0.0, 0.0, 0.0, 0.0, 0.0, 0.0, 0.0, 0.0, 0.0, 0.0, 0.0, 0.0, 0.0, 0.0, 0.0, 0.0, 0.0, 0.0, 0.0, 0.0, 0.0, 0.0, 0.0, 0.0, 0.0, 0.0, 0.0, 0.0, 0.0, 0.0, 0.0, 0.0, 0.0, 0.0, 0.0, 0.0, 0.0, 0.0, 0.0, 0.0, 0.0, 0.0, 0.0, 0.0, 0.0, 0.0, 0.0, 0.0, 0.0, 0.0, 0.0, 0.0, 0.0, 0.0, 0.0, 0.0, 0.0, 0.0, 0.0, 0.0, 0.0, 0.0, 0.0, 0.0, 0.0, 0.0, 0.0, 0.0, 0.0, 0.0, 0.0, 0.0, 0.0, 0.0, 0.0, 0.0, 0.0, 0.0, 0.0, 0.0
0.0, 0.0, 0.0, 0.0, 0.0, 0.0, 0.0, 0.0, 0.0, 0.0, 0.0, 0.0, 0.0, 0.0, 0.0, 0.0, 0.0, 0.0, 0.0, 0.0, 0.0, 0.0, 0.0, 0.0, 0.0, 0.0, 0.0, 0.0, 0.0, 0.0, 0.0, 0.0, 0.0, 0.0, 0.0, 0.0, 0.0, 0.0, 0.0, 0.0, 0.0, 0.0, 0.0, 0.0, 0.0, 0.0, 0.0, 0.0, 0.0, 0.0, 0.0, 0.0, 0.0, 0.0, 0.0, 0.0, 0.0, 0.0, 0.0, 0.0, 0.0, 0.0, 0.0, 0.0, 0.0, 0.0, 0.0, 0.0, 0.0, 0.0, 0.0, 0.0, 0.0, 0.0, 0.0, 0.0, 0.0, 0.0, 0.0, 0.0, 0.0, 0.0, 0.0, 0.0, 0.0, 0.0, 0.0, 0.0, 0.0, 0.0, 0.0, 0.0, 0.0, 0.0, 0.0, 0.0, 0.0, 0.0, 0.0, 0.0, 0.0, 0.0, 0.0, 0.0, 0.0, 0.0, 0.0, 0.0, 0.0, 0.0, 0.0, 0.0, 0.0, 0.0, 0.0, 0.0, 0.0, 0.0, 0.0, 0.0, 0.0, 0.0, 0.0, 0.0, 0.0, 0.0, 0.0, 0.0, 0.0, 0.0, 0.0, 0.0, 0.0, 0.0, 0.0, 0.0, 0.0, 0.0, 0.0, 0.0, 0.0, 0.0, 0.0, 0.0, 0.0, 0.0, 0.0, 0.0, 0.0, 0.0, 0.0, 0.0, 0.0, 0.0, 0.0, 0.0, 0.0, 0.0, 0.0, 0.0, 0.0, 0.0, 0.0, 0.0, 0.0, 0.0, 0.0, 0.0, 0.0, 0.0, 0.0, 0.0, 0.0, 0.0, 0.0, 0.0, 0.0, 0.0, 0.0, 0.0, 0.0, 0.0, 0.0, 0.0, 0.0, 0.0, 0.0, 0.0, 0.0, 0.0, 0.0, 0.0, 0.0, 0.0, 0.0, 0.0, 0.0, 0.0, 0.0, 0.0
0.0, 0.0, 0.0, 0.0, 0.0, 0.0, 0.0, 0.0, 0.0, 0.0, 0.0, 0.0, 0.0, 0.0, 0.0, 0.0, 0.0, 0.0, 0.0, 0.0, 0.0, 0.0, 0.0, 0.0, 0.0, 0.0, 0.0, 0.0, 0.0, 0.0, 0.0, 0.0, 0.0, 0.0, 0.0, 0.0, 0.0, 0.0, 0.0, 0.0, 0.0, 0.0, 0.0, 0.0, 0.0, 0.0, 0.0, 0.0, 0.0, 0.0, 0.0, 0.0, 0.0, 0.0, 0.0, 0.0, 0.0, 0.0, 0.0, 0.0, 0.0, 0.0, 0.0, 0.0, 0.0, 0.0, 0.0, 0.0, 0.0, 0.0, 0.0, 0.0, 0.0, 0.0, 0.0, 0.0, 0.0, 0.0, 0.0, 0.0, 0.0, 0.0, 0.0, 0.0, 0.0, 0.0, 0.0, 0.0, 0.0, 0.0, 0.0, 0.0, 0.0, 0.0, 0.0, 0.0, 0.0, 0.0, 0.0, 0.0, 0.0, 0.0, 0.0, 0.0, 0.0, 0.0, 0.0, 0.0, 0.0, 0.0, 0.0, 0.0, 0.0, 0.0, 0.0, 0.0, 0.0, 0.0, 0.0, 0.0, 0.0, 0.0, 0.0, 0.0, 0.0, 0.0, 0.0, 0.0, 0.0, 0.0, 0.0, 0.0, 0.0, 0.0, 0.0, 0.0, 0.0, 0.0, 0.0, 0.0, 0.0, 0.0, 0.0, 0.0, 0.0, 0.0, 0.0, 0.0, 0.0, 0.0, 0.0, 0.0, 0.0, 0.0, 0.0, 0.0, 0.0, 0.0, 0.0, 0.0, 0.0, 0.0, 0.0, 0.0, 0.0, 0.0, 0.0, 0.0, 0.0, 0.0, 0.0, 0.0, 0.0, 0.0, 0.0, 0.0, 0.0, 0.0, 0.0, 0.0, 0.0, 0.0, 0.0, 0.0, 0.0, 0.0, 0.0, 0.0, 0.0, 0.0, 0.0, 0.0, 0.0, 0.0, 0.0, 0.0, 0.0, 0.0, 0.0, 0.0
0.0, 0.0, 0.0, 0.0, 0.0, 0.0, 0.0, 0.0, 0.0, 0.0, 0.0, 0.0, 0.0, 0.0, 0.0, 0.0, 0.0, 0.0, 0.0, 0.0, 0.0, 0.0, 0.0, 0.0, 0.0, 0.0, 0.0, 0.0, 0.0, 0.0, 0.0, 0.0, 0.0, 0.0, 0.0, 0.0, 0.0, 0.0, 0.0, 0.0, 0.0, 0.0, 0.0, 0.0, 0.0, 0.0, 0.0, 0.0, 0.0, 0.0, 0.0, 0.0, 0.0, 0.0, 0.0, 0.0, 0.0, 0.0, 0.0, 0.0, 0.0, 0.0, 0.0, 0.0, 0.0, 0.0, 0.0, 0.0, 0.0, 0.0, 0.0, 0.0, 0.0, 0.0, 0.0, 0.0, 0.0, 0.0, 0.0, 0.0, 0.0, 0.0, 0.0, 0.0, 0.0, 0.0, 0.0, 0.0, 0.0, 0.0, 0.0, 0.0, 0.0, 0.0, 0.0, 0.0, 0.0, 0.0, 3.151039843148239e-5, 0.0, 0.0, 0.0, 0.0, 0.0, 0.0, 0.0, 0.0, 0.0, 0.0, 0.0, 0.0, 0.0, 0.0, 0.0, 0.0, 0.0, 0.0, 0.0, 0.0, 0.0, 0.0, 0.0, 0.0, 0.0, 0.0, 0.0, 0.0, 0.0, 0.0, 0.0, 0.0, 0.0, 0.0, 0.0, 0.0, 0.0, 0.0, 0.0, 0.0, 0.0, 0.0, 0.0, 0.0, 0.0, 0.0, 0.0, 0.0, 0.0, 0.0, 0.0, 0.0, 0.0, 0.0, 0.0, 0.0, 0.0, 0.0, 0.0, 0.0, 0.0, 0.0, 0.0, 0.0, 0.0, 0.0, 0.0, 0.0, 0.0, 0.0, 0.0, 0.0, 0.0, 0.0, 0.0, 0.0, 0.0, 0.0, 0.0, 0.0, 0.0, 0.0, 0.0, 0.0, 0.0, 0.0, 0.0, 0.0, 0.0, 0.0, 0.0, 0.0, 0.0, 0.0, 0.0, 0.0, 0.0, 0.0, 0.0, 0.0, 0.0
0.0, 0.0, 0.0, 0.0, 0.0, 0.0, 0.0, 0.0, 0.0, 0.0, 0.0, 0.0, 0.0, 0.0, 0.0, 0.0, 0.0, 0.0, 0.0, 0.0, 0.0, 0.0, 0.0, 0.0, 0.0, 0.0, 0.0, 0.0, 0.0, 0.0, 0.0, 0.0, 0.0, 0.0, 0.0, 0.0, 0.0, 0.0, 0.0, 0.0, 0.0, 0.0, 0.0, 0.0, 0.0, 0.0, 0.0, 0.0, 0.0, 0.0, 0.0, 0.0, 0.0, 0.0, 0.0, 0.0, 0.0, 0.0, 0.0, 0.0, 0.0, 0.0, 0.0, 0.0, 0.0, 0.0, 0.0, 0.0, 0.0, 0.0, 0.0, 0.0, 0.0, 0.0, 0.0, 0.0, 0.0, 0.0, 0.0, 0.0, 0.0, 0.0, 0.0, 0.0, 0.0, 0.0, 0.0, 0.0, 0.0, 0.0, 0.0, 0.0, 0.0, 0.0, 0.0, 0.0, 0.0, 0.0, 0.0, 0.0, 0.0, 0.0, 0.0, 0.0, 0.0, 0.0, 0.0, 0.0, 0.0, 0.0, 0.0, 0.0, 0.0, 0.0, 0.0, 0.0, 0.0, 0.0, 0.0, 0.0, 0.0, 0.0, 0.0, 0.0, 0.0, 0.0, 0.0, 0.0, 0.0, 0.0, 0.0, 0.0, 0.0, 0.0, 0.0, 0.0, 0.0, 0.0, 0.0, 0.0, 0.0, 0.0, 0.0, 0.0, 0.0, 0.0, 0.0, 0.0, 0.0, 0.0, 0.0, 0.0, 0.0, 0.0, 0.0, 0.0, 0.0, 0.0, 0.0, 0.0, 0.0, 0.0, 0.0, 0.0, 0.0, 0.0, 0.0, 0.0, 0.0, 0.0, 0.0, 0.0, 0.0, 0.0, 0.0, 0.0, 0.0, 0.0, 0.0, 0.0, 0.0, 0.0, 0.0, 0.0, 0.0, 0.0, 0.0, 0.0, 0.0, 0.0, 0.0, 0.0, 0.0, 0.0, 0.0, 0.0, 0.0, 0.0, 0.0, 0.0
0.0, 0.0, 0.0, 0.0, 0.0, 0.0, 0.0, 0.0, 0.0, 0.0, 0.0, 0.0, 0.0, 0.0, 0.0, 0.0, 0.0, 0.0, 0.0, 0.0, 0.0, 0.0, 0.0, 0.0, 0.0, 0.0, 0.0, 0.0, 0.0, 0.0, 0.0, 0.0, 0.0, 0.0, 0.0, 0.0, 0.0, 0.0, 0.0, 0.0, 0.0, 0.0, 0.0, 0.0, 0.0, 0.0, 0.0, 0.0, 0.0, 0.0, 0.0, 0.0, 0.0, 0.0, 0.0, 0.0, 0.0, 0.0, 0.0, 0.0, 0.0, 0.0, 0.0, 0.0, 0.0, 0.0, 0.0, 0.0, 0.0, 0.0, 0.0, 0.0, 0.0, 0.0, 0.0, 0.0, 0.0, 0.0, 0.0, 0.0, 0.0, 0.0, 0.0, 0.0, 0.0, 0.0, 0.0, 0.0, 0.0, 0.0, 0.0, 0.0, 0.0, 0.0, 0.0, 0.0, 0.0, 0.0, 0.0, 0.0, 0.0, 0.0, 0.0, 0.0, 0.0, 0.0, 0.0, 0.0, 0.0, 0.0, 0.0, 0.0, 0.0, 0.0, 0.0, 0.0, 0.0, 0.0, 0.0, 0.0, 0.0, 0.0, 0.0, 0.0, 0.0, 0.0, 0.0, 0.0, 0.0, 0.0, 0.0, 0.0, 0.0, 0.0, 0.0, 0.0, 0.0, 0.0, 0.0, 0.0, 0.0, 0.0, 0.0, 0.0, 0.0, 0.0, 0.0, 0.0, 0.0, 0.0, 0.0, 0.0, 0.0, 0.0, 0.0, 0.0, 0.0, 0.0, 0.0, 0.0, 0.0, 0.0, 0.0, 0.0, 0.0, 0.0, 0.0, 0.0, 0.0, 0.0, 0.0, 0.0, 0.0, 0.0, 0.0, 0.0, 0.0, 0.0, 0.0, 0.0, 0.0, 0.0, 0.0, 0.0, 0.0, 0.0, 0.0, 0.0, 0.0, 0.0, 0.0, 0.0, 0.0, 0.0, 0.0, 0.0, 0.0, 0.0, 0.0, 0.0
0.0, 0.0, 0.0, 0.0, 0.0, 0.0, 0.0, 0.0, 0.0, 0.0, 0.0, 0.0, 0.0, 0.0, 0.0, 0.0, 0.0, 0.0, 0.0, 0.0, 0.0, 0.0, 0.0, 0.0, 0.0, 0.0, 0.0, 0.0, 0.0, 0.0, 0.0, 0.0, 0.0, 0.0, 0.0, 0.0, 0.0, 0.0, 0.0, 0.0, 0.0, 0.0, 0.0, 0.0, 0.0, 0.0, 0.0, 0.0, 0.0, 0.0, 0.0, 0.0, 0.0, 0.0, 0.0, 0.0, 0.0, 0.0, 0.0, 0.0, 0.0, 0.0, 0.0, 0.0, 0.0, 0.0, 0.0, 0.0, 0.0, 0.0, 0.0, 0.0, 0.0, 0.0, 0.0, 0.0, 0.0, 0.0, 0.0, 0.0, 0.0, 0.0, 0.0, 0.0, 0.0, 0.0, 0.0, 0.0, 0.0, 0.0, 0.0, 0.0, 0.0, 0.0, 0.0, 0.0, 0.0, 0.0, 0.0, 0.0, 0.0, 0.0, 0.0, 0.0, 0.0, 0.0, 3.1828685284325644e-7, 0.00011140039849513976, 0.0, 0.0, 0.0, 0.0, 0.0, 0.0, 0.0, 0.0003275171715757109, 9.166661361885786e-5, 0.0, 0.0016783265750424912, 0.0, 0.0, 0.0, 0.0, 0.0, 0.0, 0.0, 0.0, 0.0, 3.3420119548541926e-5, 0.0, 0.0, 0.0, 0.010253292677492663, 0.002554251994067133, 0.0, 0.0, 0.09541539617164574, 0.00017505776906379106, 0.0, 0.009142153274216856, 0.0, 0.0, 0.0, 0.0, 0.0, 0.0, 0.0, 0.0, 0.0, 0.0, 0.0, 0.0, 0.0, 0.0, 0.0, 0.0, 0.0, 0.0, 0.0, 0.0, 0.0, 0.0, 0.0, 0.0, 0.0, 0.0, 0.0, 0.0, 0.0, 0.0, 0.0, 0.0, 0.0, 0.0, 0.0, 0.0, 0.0, 0.0, 0.0, 0.0, 0.0, 0.0, 0.0, 0.0, 0.0, 0.0, 0.0, 0.0, 0.0, 0.0, 0.0, 0.0, 0.0, 0.0, 0.0, 0.0, 0.0, 0.0, 0.0, 0.0
0.0, 0.00011267354590651278, 0.0, 0.0, 0.0, 0.007421494547746211, 0.16957655117097734, 0.24324690784322464, 0.0, 0.0, 0.0, 0.0, 0.0, 0.0, 0.0, 0.0, 0.0, 0.0, 0.0, 0.0, 0.0, 0.014163764951524912, 0.0003539349803617012, 0.007587640284930391, 0.0021949061372070963, 0.021874582248505643, 0.0, 0.0, 0.0, 0.0, 0.0, 0.0, 0.0, 0.0, 0.0, 0.0, 0.0, 0.0, 0.0, 0.0, 0.0, 0.0, 0.0, 0.0, 0.0, 0.0, 0.0, 0.0, 0.0, 0.0, 0.0, 0.0, 0.0, 0.0, 0.0, 0.0, 0.0, 0.0, 0.0, 0.0008628756580580683, 2.068864543481167e-5, 0.0025151027111674127, 0.009332488812217123, 0.000873697411054739, 0.0054538452234691994, 0.0, 0.0, 0.0, 0.0, 0.0, 0.0, 0.0, 0.0, 0.0, 0.00024953689262911306, 0.0, 0.0, 0.0, 0.0, 0.0, 0.0, 0.0, 0.0, 0.0, 0.0, 0.0, 0.0, 0.0, 0.0, 0.0, 0.0, 0.0, 0.01673424957508705, 0.005707201558332432, 0.13142923528400735, 0.148925781871654, 0.0, 0.004253585501397279, 0.1504694731079438, 0.1884882011063651, 0.0025638005996524308, 0.08358722014628464, 0.0026538757790070724, 0.1222708493802955, 0.0023228574520500855, 0.16221330311730145, 0.07116161969813675, 0.15162453609691198, 0.10452221960519699, 0.15164840761087522, 0.01254495801796411, 0.004127225620818507, 0.18136971564252566, 0.08947489035017919, 0.06127531176197236, 0.11960456041402753, 0.05006747681280277, 0.3243709060353553, 0.01639209120828055, 0.15132025386559383, 0.011407082519049467, 0.04881342661260034, 0.11189851741983946, 0.008818773831728107, 0.001730207332055942, 0.053767561477105624, 0.03427440146157323, 0.05027945585679638, 0.011167730805711339, 0.17839309699473554, 0.017635637942339154, 0.00878376227791535, 0.06823178921771457, 0.05981055566518769, 0.0588069972181729, 0.09927844370460434, 0.09836432386323851, 0.045080240115601786, 0.05298807697449249, 0.21232470351579658, 0.04773188788663896, 0.07587385655448116, 0.07311239981921307, 0.01704617069087344, 0.19877395904284778, 0.14135087306083735, 0.16697933045177635, 0.002034171276521252, 0.15012158557778613, 0.1308461337695985, 0.18552335907213016, 0.09238594190628362, 0.12786123966363444, 0.07554442966178838, 0.047012559599213195, 0.13323137544480587, 0.15881208980781839, 0.008315880604235762, 0.25378315753289493, 0.09565347473757249, 0.0409686105505726, 0.007418948252923465, 2.068864543481167e-5, 0.010357372478372408, 0.0, 0.01538725961385439, 0.0, 0.0, 0.0, 0.030265578550012412, 0.0, 0.0, 0.014490327262542093, 0.0, 0.0, 0.0009516776900013368, 5.792820721747268e-5, 0.17580319687314996, 0.1736636726483376, 0.15220954733243788, 0.13006728584069108, 0.2075354412410641, 0.014508151326301316, 0.018998223959361134, 0.0027146685679001344, 0.020382135195523614, 0.0362815183556028, 0.025164713446346385, 0.13561152453036776, 0.16645956802108333, 0.013328580249664207, 0.026117982570611938, 0.0, 0.0, 0.0, 0.0028302066954822365, 0.0, 0.0, 0.0, 0.011174414829621048
0.11686347403734142, 0.1034148996441553, 0.0935785627438873, 0.212600021643506, 0.053148493548325494, 0.08905888943351306, 0.19623975912050975, 0.13608227078572294, 0.39092564182543876, 0.021040034120350624, 0.04512129911961856, 0.2262758528496222, 0.05788746650030874, 0.11641659929594948, 0.3267010840850208, 0.09428261326237658, 0.0922805889579925, 0.13565194696067884, 0.1318165903839176, 0.02271199495833625, 0.0015866599614236334, 0.22978846655760038, 0.003622422672209102, 0.1364139256863856, 0.23062938042281225, 0.41925890089183976, 0.04633683661062696, 0.02855892444506687, 0.0661517846343839, 0.04923802127429324, 0.11565939487303538, 0.2699919155139378, 0.151250867331674, 0.014894233278800186, 0.06704967184625472, 0.05081990693292423, 0.061994003475692436, 0.07460166400366666, 0.05601021064223921, 0.09532054668949845, 0.04519164051409692, 0.09813706705030842, 0.06470453431450561, 0.34944427115493565, 0.08525440668147762, 0.02271581440057037, 0.05701854339204665, 0.03644798237963982, 0.10025462948227461, 0.005130147494127608, 0.060779102558389725, 0.42639202755091, 0.013021433436670464, 0.1347165019001725, 0.045497832466532134, 0.07556257201240045, 0.00792566092264993, 0.16823783666791858, 0.08465475425072091, 0.019963269697181887, 0.12567715527942402, 0.057862640125786964, 0.044919186968063095, 0.005295974944458944, 0.035988694450987006, 0.10167482541966122, 0.3109172390525237, 0.0038652755409285065, 0.04531449923929442, 0.041659293021242466, 0.0601336168208236, 0.05406261338969132, 0.06511194148614498, 0.07793858336887537, 0.11406477774029065, 0.08232553106161397, 0.0017146112762666224, 0.01164675251924044, 0.049836082270785724, 0.09931536497953415, 0.050332928048074044, 0.003459141516700511, 0.009815966541686028, 0.09146991234380072, 0.21253095339643902, 0.06772634969539948, 0.004860558529769369, 0.1075780916793451, 0.12233387017715847, 0.08744422022903922, 0.00031319426319776435, 0.08049538165776525, 0.23310437899052142, 0.007736598532061035, 0.013559974791681254, 0.13037570580109617, 0.3767268653201011, 0.04882615808671407, 0.10778434155998752, 0.2705164522474235, 0.011520392638661668, 0.033929060226238296, 0.054436600441782154, 0.044026392345837766, 0.022238384121305486, 0.14312723198655555, 0.004105582114825165, 0.3282145380702905, 0.010451903673666855, 0.20131579784965403, 0.03029040492453419, 0.0675866217670013, 0.024179615636796506, 0.12665143133597723, 0.15001145832670235, 0.06901954917850163, 0.12283389882297521, 0.04068469867783641, 0.10804820136099458, 0.5272011127308376, 0.08546670401232406, 0.03481835369308235, 0.26762863563157663, 0.043492307006766776, 0.0003918111158500487, 0.11814107746465424, 0.3331957273172874, 0.18083849488513026, 0.11102513829563757, 0.062339662997880206, 0.030699085243584927, 0.007773519806990852, 0.07286795551622945, 0.21074472757828266, 0.4758016054388857, 0.04058348345863226, 0.04301614987491326, 0.09695272167087866, 0.2732877758751297, 0.004756160442036781, 0.16152707666257138, 0.15026831581694686, 0.10250300781075937, 0.11935056750545862, 0.14996148729080597, 0.23536803508794266, 0.27910192181601745, 0.13106957114029447, 0.3819808263999847, 0.00015150454195339007, 0.16618552304078527, 0.053915883150530586, 0.18372376520615438, 0.01443526363700021, 0.018006442125901547, 0.022113297388138085, 0.055893717654098576, 0.1640364502103876, 0.04496979457766517, 0.10278150880699721, 0.003448001476850997, 0.024022063644639095, 0.011984136583254291, 0.3836289157240071, 0.114711854912121, 0.11226932160340185, 0.04306039174745848, 0.2269601695832352, 0.02592350930352471, 0.0012543684870552738, 0.014785697461980635, 0.07113679332361497, 0.015337925151663686, 0.05713503638018728, 0.1155374910083964, 0.15009898721123424, 0.0029826660979941563, 0.025424435518266484, 0.22037226830308548, 0.06511767064949615, 0.16984232069310146, 0.034823127995875, 0.13529355596437734, 0.34697627489798905, 0.03714694030848362, 0.12798346181512626, 0.006169672355513683, 0.1015459192442597, 0.25535581287279346, 0.1060910555028614, 0.011770566104996468, 0.05767421430890376, 0.11475768821893043, 0.13951149333825616, 0.04914285350529311, 0.07636847432379958, 0.04815489111406764, 0.04140339039155649, 0.42348606858445104, 0.2999703993226856
0.11449382841792337, 0.3268767784277903, 0.43555932548650145, 0.43317631181926397, 0.006344411837724631, 0.14466264776467144, 0.019534855593254866, 0.004631710282575068, 0.22668103201329165, 0.09522060461770566, 0.011926526662889663, 0.16868502969616336, 0.03788886696246125, 0.02506954567734625, 0.40435129956522015, 0.06849755873983869, 0.2481170149785793, 0.03552081277730742, 0.21257169411360294, 0.14750972366335435, 0.2435858833415027, 0.08965695043000554, 0.04370333119020186, 0.1279366736477583, 0.18303690217771865, 0.006350459287928652, 0.2548974798046992, 1.3049760966573515e-5, 0.35623874060258065, 0.18000553819123946, 0.08198496412907169, 0.24502040218726726, 0.4306166489486985, 0.043315976090291614, 0.36199623148366233, 0.5061817672559217, 0.5557931390086001, 0.3644330356290303, 0.08860342094709436, 0.04809600804629164, 0.21923598423843504, 0.25029982621537833, 0.34686487449949394, 0.03184491791382065, 0.028757853728093908, 0.07423881699142536, 0.03475437803566086, 0.09168571083002845, 0.02159958240764907, 0.27477162918308495, 0.0441731225849985, 0.07283294396241669, 0.37566856153439726, 0.07297617304619615, 0.08574043070576927, 0.25728781406955203, 0.12087484324372498, 0.13840480995092017, 0.25102870310838943, 0.08737642512938361, 0.04017925915552132, 0.4500012731474114, 0.06788040053217562, 0.24668918015672445, 0.11968254069297414, 0.10774901171932193, 0.4228033432851023, 0.5100524536733486, 0.3604897798091552, 0.04579320266597068, 0.005732346219707049, 0.4814693394274656, 0.14586354406044905, 0.4152663106097739, 0.24098070545098063, 0.31526758375718533, 0.181251312933268, 0.05504898434665258, 0.32496451101590795, 0.3868289717424932, 0.09142948991348963, 0.04513434888058514, 0.08975625592809264, 0.06382097001101272, 0.09584571999668981, 0.106008619207975, 0.20712389634033776, 0.03130573998510418, 0.021483725993214124, 0.053671757134399804, 0.028535371217956473, 0.042738603739233945, 0.08390964472821485, 0.00526923884882011, 0.2918995995951391, 0.461454825546976, 0.4817729850850781, 0.027924897034203106, 0.18396248034578683, 0.13015736102004571, 0.34392549541348644, 0.13040276018358785, 0.08040785277323335, 0.3348326766014603, 0.09733784876281901, 0.2652857261077974, 0.20928251777632073, 0.06444926825852532, 0.045221559478264194, 0.019162778262281098, 0.05896200291550757, 0.03768675481090578, 0.43833319540903043, 0.17798759954421323, 0.48137035221623137, 0.09530463234685628, 0.2963584801166203, 0.19406076732594482, 0.3266597067941512, 0.052267475539655356, 0.05640711434773475, 0.001973060200775347, 0.1851242273586647, 0.2629724172613326, 0.16144655008880204, 0.23019173600015277, 0.1379958113450166, 0.12260887001801504, 0.056395337734179554, 0.0965548631048246, 0.013201265508526905, 0.29833981577556956, 0.0533346913572388, 0.30859979247697195, 0.49282613262376584, 0.4474734389621302, 0.048444213863302166, 0.11907906881998333, 0.3298680382708112, 0.016737432443615485, 0.00027818270938500617, 0.05795112387087739, 0.2841674570790179, 0.27018543392046646, 0.23283065229707622, 0.191804431826139, 0.09984817717119376, 0.0006254336658369989, 0.43089642309234777, 0.2350615248486546, 0.17869992552087643, 0.3463155113914865, 0.11724350853963626, 0.43358562871202044, 0.01538916933497145, 0.07875212456474273, 0.14024991883685253, 0.17700154687410483, 0.3615102074593707, 0.39363108007460645, 0.16614764690529693, 0.1653939436377641, 0.5732807735643671, 0.1987519972500016, 0.14740628043618031, 0.020453749737413346, 0.1813795825349638, 0.28928901082811875, 0.23806042357614376, 0.04661215473833638, 0.1603529164624326, 0.18721982799778472, 0.24128689740341586, 0.4445197369677448, 0.28862124501085357, 0.055361860322997496, 0.064610321406064, 0.1987726858954364, 0.17086306663016979, 0.0031519947037067686, 0.4577951633129842, 0.35070086764996083, 0.026925158029422438, 0.013078725070182252, 0.29751545282670555, 0.12064376698856077, 0.20146220980196192, 0.5859864664430171, 0.03750278500996238, 0.008714694030848362, 0.07093436288520666, 0.1274576519342292, 0.10551527458606795, 0.009831244310622506, 0.08093971010433443, 0.13288444277520672, 0.044183944337995176, 0.30632786092137676, 0.07279506782692834, 0.3956798925463585
0.008935585106721582, 0.19085275413613764, 0.26639431921625045, 0.03400322106295078, 0.19881724605483445, 0.006523607335875385, 0.36296636981112856, 0.06103818805660413, 0.1368200597106136, 0.04172167724439974, 0.1309034254031103, 0.0951693604343979, 0.02866936998300348, 0.1599878414422214, 0.22878554468429127, 0.001955872710721811, 0.05568396661807487, 0.00024030657389665863, 0.017511824356583126, 0.1259190532875849, 0.06499767650597424, 0.06944127925851895, 0.3343587474775767, 0.04405090043350669, 0.04069965815992005, 0.2875330222609825, 0.22667753085791037, 0.1398008160874907, 0.1404351617852073, 0.1330814623371167, 0.1362197707061512, 0.17767408699416262, 0.30385381721422616, 0.09669045330413582, 0.23688085249950666, 0.15837730996683452, 0.024267781095034087, 0.011966630806347913, 0.1268182136468671, 0.3565847184116213, 0.19361230115028868, 0.004064841397661228, 0.15968355921090324, 0.031746248989439244, 0.11734695176681031, 0.4778609213767816, 0.047799364699441724, 0.4897266552507782, 0.12304237671158755, 0.015103347741118205, 0.3807541488691268, 0.10726871685838145, 0.47785105448434345, 0.08022770241452407, 0.09967757541806978, 0.12276260256793833, 0.01178743530819716, 0.35102170079762685, 0.01823242579142026, 0.09732702700982233, 0.00034565952218777653, 0.08128059532372955, 0.15408616661680172, 0.213814285987103, 0.2503943574106728, 0.17252229599404167, 0.11298483044859349, 0.3623476201692013, 0.06962270276463961, 0.12622810982169572, 0.03989343756166808, 0.16789185885887797, 0.10907085701917997, 0.062197388774659274, 0.0983576398393288, 0.0889599022222788, 0.1575001114003985, 0.3783192544448759, 0.05168437402524651, 0.12100661400080208, 0.35075465812809137, 0.02342432093499946, 0.061568453953441, 0.12317637547663456, 0.03246239440833657, 0.10272517203404397, 0.15317236506228873, 0.08101068807251847, 0.2304871061995913, 0.023167145157902108, 0.5125697843924859, 0.01503332463349269, 0.166813503001445, 0.047683189998153935, 0.011311914750049334, 0.1578327211616197, 0.006952976300360937, 0.1834573591103246, 0.20020943274917086, 0.0036427930307910703, 0.036723618794202086, 0.15326530482331896, 0.05743709060353553, 0.041116295650291866, 0.06508997969329879, 0.12109955376183232, 0.020641538980590866, 0.05988535307560586, 0.008033878452616636, 0.3358766574787862, 0.077141274802503, 0.06767001292244623, 0.4749119936851888, 0.14162619118854677, 0.07648019300914756, 0.03661444640367685, 0.03215397444793145, 0.03212150918894144, 0.015124672960258703, 0.028730162771896543, 0.042485247404370714, 0.1901461573228256, 0.1641930473419865, 0.061042644072543936, 0.011586596304053065, 0.1943195345373064, 0.01036532964969349, 0.38681305739985106, 0.15189571649553443, 0.062044611085294514, 0.17262446607380436, 0.11534397260186771, 0.054652080641157036, 0.16643155877803312, 0.01810447447657727, 0.3519011273720328, 0.0615213474992202, 0.06783011120942638, 0.10262013737260568, 0.10581255450662355, 0.02431265954128499, 0.05077693820779039, 0.07534454551820283, 0.12003902196815858, 0.10109458848692796, 0.3350211024183435, 0.2659897766262867, 0.1308216256819296, 0.08037188635886205, 0.038262854014552074, 0.09251675780280219, 0.015362433239332616, 0.06414785060888276, 0.13785449198235417, 0.11918283033401023, 0.46352687295898554, 0.08713930142401538, 0.05037366876523798, 0.18281441966758122, 0.11955108822274987, 0.08888224023018505, 0.1857537987535887, 0.4545760100833275, 0.36837788288316964, 0.20367748629775098, 0.18722301086631316, 0.1435034470466163, 0.05786454984690402, 0.1407964173631844, 0.12691624599754284, 0.04985072346601651, 0.2655390824426606, 0.026248798467130515, 0.26507883965344925, 0.01842021503459778, 0.46470771718303405, 0.13001063078088496, 0.08224882393007875, 0.06703216606934834, 0.042358887523791945, 0.0010665792438777524, 0.6411315734192283, 0.04320553055235501, 0.1621945241929837, 0.18384566907079336, 0.01819900567187172, 0.5945155992386578, 0.17092385941906282, 0.11867038850093257, 0.20539687187681024, 0.03482822058552049, 0.11502855033070004, 0.09313900860011076, 0.14780254756797015, 0.12616508902483273, 0.38105397508450517, 0.22064058412003235, 0.3316389863200311, 0.10612065618017583, 0.32690606081825185
0.21107001674188847, 0.08376036819423137, 0.06206275343590657, 0.1316762258818137, 0.1354956681159328, 0.39518750278500997, 0.04895028995932294, 0.23748655238046737, 0.08153076879006435, 0.2404131999923611, 0.05159716342756746, 0.5664961710091603, 0.016511448778096773, 0.5945381976052098, 0.25342253852862356, 0.47345678619398945, 0.608522448771731, 0.49788339242859236, 0.23636936552698753, 0.31259874849609465, 0.4518899873321833, 0.07170461706908735, 0.34699982812509944, 0.42987153942619244, 0.008352165305459893, 0.04454774621079502, 0.09087025991304404, 0.1509714114748776, 0.2722924928862888, 0.07204040969883697, 0.03326893329344138, 0.06549420399640972, 0.5881275821020937, 0.19994716438242802, 0.3924489627031466, 0.06134374343533366, 0.4108309833154032, 0.2549073466971373, 0.07376616101495312, 0.021794692248441987, 0.46179125475043126, 0.12770814368741684, 0.06685392543175611, 0.0143696965453145, 0.4833564621779733, 0.20236009701383276, 0.12212029969890063, 0.046422774060894643, 0.012829506464405982, 0.5531392632295931, 0.3923432914680026, 0.006291257933299807, 0.117069405631131, 0.011147042160276528, 0.27931899344965655, 0.1148649508883386, 0.025203862729246105, 0.15242948354775257, 0.06727056292212794, 0.4777924897034203, 0.012545276304816954, 0.1373681496712097, 0.13106479683750183, 0.015386941327001547, 0.5934557040186899, 0.1529320584883921, 0.0508991603592822, 0.011054738972951983, 0.5840598761227569, 0.007925979209502772, 0.3571980571770502, 0.039325295529342864, 0.029539566238676946, 0.0108745886142427, 0.11790586348040308, 0.4308709601441203, 0.0333036265604013, 0.08955318891597863, 0.14819499525752589, 0.22664633874633175, 0.053123030600098035, 0.4887265979591447, 0.26705953873869287, 0.07383427440146158, 0.06351286833746045, 0.11128772494923325, 0.5726747553965535, 0.02201494675060952, 0.039885480390347, 0.0011910294033394657, 0.1623005137149805, 0.02935941587996766, 0.049767014023718734, 0.0234341878274376, 0.009863709569612517, 0.5245777924897034, 0.015770795271530514, 0.16383433805883213, 0.02411468511881648, 0.416716107224475, 0.44709181302557116, 0.3690386463896722, 0.5503790796417363, 0.5197140510914057, 0.02119376667027392, 0.4430794889586291, 0.05445856223462834, 0.15271244055993022, 0.5064943249454138, 0.08223259130058373, 0.09237798473496253, 0.051303066375540295, 0.168785290054809, 0.021922006989579287, 0.014112520768217148, 0.19733466589429058, 0.04228663640819652, 0.6020373541450497, 0.49705043573470153, 0.12657281448332494, 0.5582385368989948, 0.2744959927685227, 0.038859005289927494, 0.5862576468416396, 0.26193830327644485, 0.06946928850156915, 0.08213710524473077, 0.05656625777415638, 0.7793349077922987, 0.14291143350032784, 0.0145065598920371, 0.14140402696526216, 0.27626407623606697, 0.036193034610512376, 0.041445404256131795, 0.10439522315091253, 0.4137722721225277, 0.35458301239409007, 0.021357684399488194, 0.21718367061130173, 0.06963416109134196, 0.3239762303378297, 0.10347632900675405, 0.15592045374973743, 0.07154451878210719, 0.6049474508405955, 0.008857286540922141, 0.02457683762914489, 0.2365912114634193, 0.38207790389010193, 0.3918760463680287, 0.00956292849367564, 0.0228867344405472, 0.029345411258442557, 0.6043831282505044, 0.5508947043433424, 0.077927125042173, 0.07506572623511214, 0.05544111374935547, 0.016681095670662227, 0.0406617820244317, 0.18332208719786622, 0.13345926883144166, 0.15068495330731868, 0.0563647821963066, 0.08508444150205932, 0.03947107090794508, 0.07787301627718965, 0.46620589339936724, 0.0508778351401417, 0.11926081061295682, 0.1680841041179953, 0.01436301252140479, 0.08193021879038265, 0.10730563813331126, 0.018178317026436908, 0.42367003838539447, 0.09740309756765186, 0.042482701109547966, 0.07523282683285484, 0.049300405497450524, 0.188719913935235, 0.0008810180086701339, 0.5165693769853142, 0.13952517967292843, 0.0003765333469135724, 0.04266221489455157, 0.15138677581783808, 0.09739132095409667, 0.5411083384789708, 0.010260294988255215, 0.5824382046075205, 0.5679863900541724, 0.35261631793037157, 0.30291073326925155, 0.07364521201087268, 0.2400716781992603, 0.09261733644830067, 0.11269391626509476, 0.0645323411271174
0.202678383866676, 0.3714328000967592, 0.03176089018467003, 0.13676595094563024, 0.025229007390620724, 0.052920281874836876, 0.22611670942320056, 0.481417776957305, 0.04682158748750724, 0.0016398138658484573, 0.01184504522856179, 0.25149690306892186, 0.7097201621989802, 0.011818945706628642, 0.062484483515923894, 0.20102106422392116, 0.2974241044999395, 0.09241490600989236, 0.5847629717806876, 0.1559828379728947, 0.11694272746369938, 0.02286509093455386, 0.09555671553430814, 0.09767809740850844, 0.07610620595705674, 0.040876625650100896, 0.3780203830900561, 0.13061410265387577, 0.2330410399068056, 0.47380117256876586, 0.028886441616642583, 0.10659299386979522, 0.1671305167068769, 0.012822185866790587, 0.09996530673304009, 0.02852741404663539, 0.09793686461987001, 0.012518221922325276, 0.11382192487157125, 0.002843574743301653, 0.2670827736789504, 0.015094753996091437, 0.00045769649438860276, 0.2636163115646345, 0.16673997873843824, 0.13066343711606648, 0.09919027824636675, 0.05843046387125933, 0.08302448899045776, 0.06181194339586609, 0.23811134947259868, 0.024951779541794245, 0.20183619685405274, 0.07875594400697684, 0.24239007963537057, 0.42135577467837115, 0.15668720677823683, 0.037139619710868224, 0.5690647459116054, 0.06487481778077675, 0.041557441228332624, 0.7078352674564424, 0.19873035374400824, 0.020713471809333445, 0.13581904755842156, 0.06919046921847846, 0.02119885925991941, 0.0699059780636701, 0.1362108586742716, 0.13799549305816375, 0.43494789644218956, 0.17117148659057488, 0.05477653080061875, 0.0007104162555461484, 0.08839366991107066, 0.10289641036087363, 0.03788600238078566, 0.17983079870902852, 0.11685424371860896, 0.4651358130001082, 0.0037545117161390533, 0.21907843224627763, 0.1722870820097905, 0.0009192124310113246, 0.4667581210890503, 0.032575386241095926, 0.09576646657033185, 0.05870005283561757, 0.00011171868534798301, 0.11400175694342769, 0.5458062524269373, 0.11948965886015113, 0.12598653010038768, 0.07291888141268436, 0.08109057807258213, 0.6464081328656639, 0.10358581968413212, 0.049658159920046345, 0.11294154343660681, 0.015529852123928168, 0.010081417776957305, 0.11149652112469842, 0.1572486647866523, 0.11846509348084867, 0.05716718335232445, 0.0026503746236257964, 0.04005162612753117, 0.05535390315167642, 0.0525488411175688, 0.05821339223762023, 0.061341197140510915, 0.1510124704788944, 0.5536685742658713, 0.03715999006945019, 0.14762367035667226, 0.008944497138601192, 0.053178730799345604, 0.02876708404682636, 0.04868483872405167, 0.03402836572432539, 0.0172062689778536, 0.07308407228931002, 0.046738832905767996, 0.04416580198738311, 0.23021497094041032, 0.09223252764321317, 0.0766393364355692, 0.06330884646478793, 0.0038254896843230995, 0.17959972245386432, 0.0836171391104519, 0.12547122368563443, 0.02537637420348715, 0.1542007498838253, 0.08808811453234112, 0.05375037398705209, 0.08698302257926933, 0.060316631761208474, 0.04214468047182843, 0.01924585113087319, 0.4227762889026106, 0.05099496470198802, 0.11159423518852131, 0.035399863773226986, 0.01544582439477755, 0.02785009962378494, 0.14561973633117112, 0.15022852996034144, 0.16366150829773826, 0.04366959278380047, 0.07599194097688601, 0.21838552176763787, 0.0960214143394593, 0.6815851958419006, 0.03390614357283358, 0.016235175789828825, 0.08823707277947176, 0.17416624758897709, 0.06978980336238232, 0.20292219159595393, 0.07451254368487055, 0.020669866510493917, 0.12132585571420387, 0.35352725490320897, 0.44095428764219463, 0.08345194823382625, 0.10032019657396031, 0.1111129854670223, 0.03772749552806972, 0.13996537039041065, 0.25054777167374326, 0.04975651055757491, 0.16703662208528813, 0.04089413142700728, 0.023173829181811816, 0.4546972773742608, 0.13954236716298196, 0.0597252547886257, 0.484855593254865, 0.036234730188234844, 0.3045451362586017, 0.4608039289329115, 0.023212978464711535, 0.035214939111725053, 0.782380276400303, 0.0024912311972041684, 0.033740316122502244, 0.04832040027754614, 0.03016563647821963, 0.045786200355208126, 0.04532914043452521, 0.1264031675907595, 0.1597252547886257, 0.07414810523836503, 0.056453584228249865, 0.015257398577894342, 0.20371090641729953, 0.1398826158086714, 0.13254260269525306, 0.10237855765129765
