-8.74, -8.516, -8.32, -8.34, -8.58, -8.89, -9.07, -9.164, -9.26, -9.37, -9.59, -9.836, -9.94, -9.805, -9.58, -9.414, -9.414, -9.45, -9.336, -9.0, -8.62, -8.4, -8.47, -8.56, -8.445, -8.11, -7.71, -7.484, -7.54, -7.8, -8.1, -8.39, -8.69, -8.94, -9.14, -9.195, -9.05, -8.836, -8.664, -8.625, -8.71, -8.81, -8.87, -8.875, -8.83, -8.69, -8.48, -8.26, -8.055, -7.87, -7.766, -7.777, -7.832, -7.88, -7.96, -7.96, -7.9, -7.848, -7.867, -7.945, -7.992, -7.953, -7.824, -7.668, -7.473, -7.457, -7.492, -7.54, -7.473, -7.426, -7.31, -7.324, -7.43, -7.598, -7.86, -8.04, -8.164, -8.11, -7.918, -7.824, -7.793, -7.86, -7.875, -7.86, -7.797, -7.793, -7.887, -8.01, -8.17, -8.24, -8.36, -8.6, -8.86, -9.06, -9.16, -9.195, -9.09, -8.914, -8.72, -8.53, -8.336, -8.27, -8.32, -8.3, -8.3, -8.266, -8.32, -8.586, -9.125, -9.75, -10.25, -10.52, -10.59, -10.555, -10.68, -10.85, -10.97, -11.016, -10.77, -10.555, -10.23, -9.805, -9.375, -8.96, -8.53, -8.45, -8.55, -8.766, -8.83, -8.75, -8.586, -8.34, -8.234, -8.2, -8.31, -8.43, -8.56, -8.79, -8.82, -9.086, -9.01, -9.2, -8.92, -8.98, -8.74, -8.78, -8.67, -8.8, -8.875, -8.98, -8.95, -8.98, -8.87, -8.914, -8.99, -9.12, -9.27, -9.34, -9.43, -9.42, -9.48, -9.49, -9.54, -9.64, -9.68, -9.72, -9.66, -9.57, -9.51, -9.445, -9.46, -9.51, -9.44, -9.37, -9.33, -9.3, -9.31, -9.45, -9.44, -9.336, -9.28, -9.31, -9.445, -9.58, -9.51, -9.27, -8.99, -8.75, -8.586, -8.516, -8.51, -8.54, -8.61, -8.62, -8.516, -8.38, -8.32, -8.414, -8.625, -8.77
-7.24, -6.883, -6.555, -6.5, -6.824, -7.383, -7.96, -8.49, -8.945, -9.42, -9.96, -10.45, -10.734, -10.67, -10.4, -10.16, -9.984, -9.78, -9.33, -8.49, -7.566, -6.85, -6.473, -6.207, -5.832, -5.22, -4.598, -4.332, -4.574, -5.23, -6.055, -6.883, -7.68, -8.375, -8.85, -9.055, -8.87, -8.49, -8.06, -7.76, -7.61, -7.5, -7.33, -7.094, -6.816, -6.44, -5.95, -5.453, -4.96, -4.637, -4.566, -4.656, -4.875, -5.137, -5.406, -5.62, -5.727, -5.758, -5.72, -5.64, -5.45, -5.23, -4.95, -4.582, -4.18, -3.818, -3.596, -3.549, -3.572, -3.756, -4.066, -4.49, -5.05, -5.617, -6.125, -6.473, -6.62, -6.57, -6.34, -6.156, -6.06, -6.086, -6.098, -6.06, -6.03, -6.137, -6.387, -6.78, -7.266, -7.715, -8.22, -8.87, -9.47, -10.0, -10.29, -10.42, -10.484, -10.36, -9.97, -9.48, -8.984, -8.58, -8.39, -8.38, -8.57, -8.82, -9.23, -9.94, -10.875, -11.97, -12.945, -13.63, -14.164, -14.56, -15.055, -15.555, -15.77, -15.73, -15.29, -14.59, -13.6, -12.47, -11.086, -9.71, -8.51, -7.73, -7.316, -7.164, -7.125, -6.965, -6.793, -6.555, -6.46, -6.508, -6.773, -7.035, -7.336, -7.637, -7.76, -8.03, -8.12, -8.266, -8.18, -8.15, -7.94, -7.81, -7.68, -7.67, -7.7, -7.8, -7.832, -7.91, -7.984, -8.164, -8.32, -8.6, -8.83, -8.97, -9.06, -9.07, -9.08, -9.06, -9.125, -9.21, -9.18, -9.14, -9.02, -8.82, -8.58, -8.39, -8.26, -8.086, -7.875, -7.652, -7.527, -7.5, -7.57, -7.77, -7.855, -7.844, -7.86, -7.965, -8.09, -8.18, -8.1, -7.797, -7.44, -7.137, -6.94, -6.87, -6.97, -7.17, -7.36, -7.387, -7.18, -6.773, -6.48, -6.574, -6.906, -7.223
-4.66, -4.098, -3.703, -3.71, -4.29, -5.18, -6.26, -7.383, -8.38, -9.34, -10.29, -11.02, -11.45, -11.53, -11.34, -11.1, -10.86, -10.48, -9.66, -8.336, -6.73, -5.19, -4.016, -3.172, -2.352, -1.412, -0.6704, -0.5137, -1.107, -2.346, -3.768, -5.3, -6.668, -7.867, -8.71, -9.08, -8.914, -8.36, -7.625, -6.957, -6.39, -5.824, -5.25, -4.637, -3.98, -3.287, -2.572, -1.92, -1.44, -1.265, -1.418, -1.755, -2.254, -2.8, -3.389, -3.82, -4.016, -3.975, -3.72, -3.285, -2.742, -2.127, -1.421, -0.64, 0.1471, 0.9507, 1.392, 1.505, 1.181, 0.5693, -0.3433, -1.353, -2.436, -3.395, -4.152, -4.676, -4.895, -4.844, -4.59, -4.312, -4.117, -4.086, -4.17, -4.234, -4.344, -4.668, -5.227, -5.957, -6.758, -7.6, -8.484, -9.44, -10.37, -11.11, -11.664, -12.03, -12.26, -12.18, -11.6, -10.71, -9.72, -8.81, -8.25, -8.09, -8.31, -8.83, -9.63, -10.805, -12.13, -13.59, -15.0, -16.12, -17.12, -18.02, -18.92, -19.73, -20.34, -20.52, -20.23, -19.5, -18.25, -16.56, -14.31, -11.86, -9.36, -7.312, -5.953, -5.152, -4.824, -4.53, -4.3, -4.11, -4.164, -4.395, -4.84, -5.246, -5.633, -5.99, -6.383, -6.64, -6.992, -7.105, -7.168, -7.06, -6.926, -6.7, -6.473, -6.285, -6.19, -6.215, -6.293, -6.414, -6.617, -6.914, -7.27, -7.7, -8.055, -8.266, -8.41, -8.47, -8.42, -8.41, -8.38, -8.305, -8.164, -7.926, -7.633, -7.34, -6.992, -6.65, -6.38, -6.066, -5.754, -5.492, -5.38, -5.465, -5.72, -6.043, -6.293, -6.418, -6.566, -6.727, -6.82, -6.766, -6.535, -6.145, -5.66, -5.22, -4.945, -4.844, -5.062, -5.492, -5.9, -6.047, -5.73, -5.03, -4.426, -4.297, -4.605, -4.87
-1.178, -0.5073, -0.1315, -0.3733, -1.211, -2.56, -4.137, -5.844, -7.426, -8.89, -10.125, -11.055, -11.586, -11.81, -11.77, -11.6, -11.38, -10.92, -10.0, -8.46, -6.316, -3.977, -1.898, -0.2455, 1.187, 2.434, 3.217, 3.2, 2.184, 0.41, -1.673, -3.803, -5.758, -7.43, -8.66, -9.21, -9.16, -8.5, -7.566, -6.492, -5.45, -4.39, -3.338, -2.281, -1.265, -0.3157, 0.4868, 1.078, 1.338, 1.128, 0.5527, -0.219, -1.103, -2.002, -2.832, -3.379, -3.582, -3.37, -2.771, -1.877, -0.74, 0.576, 1.914, 3.242, 4.5, 5.67, 6.348, 6.375, 5.656, 4.45, 2.848, 1.207, -0.384, -1.685, -2.674, -3.354, -3.629, -3.578, -3.344, -3.008, -2.832, -2.826, -2.992, -3.21, -3.523, -4.008, -4.81, -5.824, -6.9, -7.996, -9.16, -10.305, -11.32, -12.16, -12.766, -13.27, -13.54, -13.37, -12.55, -11.2, -9.6, -8.13, -7.043, -6.695, -6.996, -7.848, -9.12, -10.71, -12.41, -14.21, -15.945, -17.48, -18.81, -20.08, -21.36, -22.48, -23.34, -23.75, -23.69, -23.14, -22.08, -20.42, -17.89, -14.66, -11.01, -7.62, -5.055, -3.348, -2.441, -1.967, -1.677, -1.593, -1.727, -2.12, -2.666, -3.238, -3.72, -4.152, -4.707, -5.047, -5.62, -5.758, -6.023, -5.875, -5.86, -5.562, -5.285, -4.938, -4.754, -4.6, -4.656, -4.758, -5.01, -5.38, -5.92, -6.496, -6.96, -7.254, -7.426, -7.52, -7.445, -7.355, -7.223, -6.957, -6.617, -6.133, -5.695, -5.285, -4.92, -4.598, -4.355, -4.094, -3.848, -3.676, -3.693, -3.918, -4.35, -4.832, -5.26, -5.57, -5.76, -5.883, -5.875, -5.62, -5.11, -4.445, -3.678, -3.0, -2.568, -2.469, -2.818, -3.496, -4.188, -4.54, -4.21, -3.314, -2.389, -1.91, -1.865, -1.719
2.754, 3.525, 3.799, 3.361, 2.21, 0.522, -1.552, -3.756, -5.93, -7.867, -9.41, -10.47, -11.086, -11.3, -11.31, -11.21, -11.04, -10.71, -9.97, -8.53, -6.207, -3.34, -0.4302, 2.096, 4.168, 5.76, 6.707, 6.582, 5.355, 3.209, 0.5664, -2.182, -4.71, -6.875, -8.5, -9.32, -9.445, -8.836, -7.78, -6.453, -5.016, -3.549, -2.072, -0.662, 0.619, 1.709, 2.52, 2.934, 2.822, 2.15, 1.118, -0.07007, -1.261, -2.371, -3.334, -4.004, -4.273, -3.943, -2.963, -1.466, 0.3894, 2.455, 4.543, 6.535, 8.375, 9.9, 10.69, 10.516, 9.41, 7.543, 5.332, 3.021, 0.9785, -0.683, -1.795, -2.611, -3.021, -3.027, -2.863, -2.549, -2.379, -2.447, -2.654, -2.96, -3.385, -4.008, -5.0, -6.2, -7.5, -8.76, -10.016, -11.195, -12.22, -12.97, -13.555, -13.9, -13.97, -13.42, -12.14, -10.21, -7.94, -5.98, -4.703, -4.39, -4.984, -6.31, -8.086, -10.164, -12.27, -14.35, -16.25, -18.11, -19.86, -21.39, -22.83, -23.92, -24.78, -25.28, -25.42, -25.12, -24.42, -23.16, -20.84, -17.39, -13.2, -8.72, -4.848, -2.06, -0.471, 0.245, 0.6724, 0.776, 0.728, 0.3523, -0.2461, -0.856, -1.518, -2.027, -2.715, -3.16, -3.918, -4.15, -4.668, -4.617, -4.81, -4.52, -4.344, -3.875, -3.59, -3.242, -3.164, -3.15, -3.393, -3.75, -4.324, -4.96, -5.527, -5.867, -6.055, -6.13, -6.1, -5.973, -5.684, -5.254, -4.68, -4.02, -3.475, -3.05, -2.768, -2.596, -2.492, -2.455, -2.393, -2.387, -2.61, -3.025, -3.566, -4.15, -4.7, -5.094, -5.26, -5.285, -5.113, -4.566, -3.719, -2.658, -1.499, -0.4949, 0.1054, 0.1555, -0.3772, -1.337, -2.363, -2.93, -2.623, -1.599, -0.3032, 0.663, 1.26, 1.957
6.887, 7.797, 8.03, 7.46, 6.137, 4.164, 1.682, -1.09, -3.855, -6.324, -8.18, -9.46, -10.08, -10.28, -10.28, -10.15, -9.96, -9.74, -9.31, -8.24, -6.082, -3.076, 0.365, 3.627, 6.355, 8.41, 9.58, 9.71, 8.5, 6.125, 3.1, -0.1824, -3.336, -6.004, -8.01, -9.234, -9.59, -9.18, -8.17, -6.78, -5.15, -3.428, -1.729, -0.09924, 1.33, 2.459, 3.209, 3.451, 3.05, 2.07, 0.735, -0.711, -2.076, -3.387, -4.535, -5.332, -5.582, -5.164, -3.965, -1.975, 0.557, 3.457, 6.402, 9.12, 11.54, 13.33, 14.19, 13.76, 12.24, 9.82, 7.04, 4.23, 1.839, -0.02003, -1.278, -2.125, -2.676, -2.86, -2.832, -2.65, -2.541, -2.643, -2.85, -3.182, -3.662, -4.336, -5.426, -6.754, -8.2, -9.57, -10.87, -11.984, -12.88, -13.52, -13.9, -13.92, -13.51, -12.41, -10.47, -7.832, -5.035, -2.86, -1.784, -1.935, -3.057, -4.88, -7.1, -9.484, -11.945, -14.31, -16.56, -18.67, -20.55, -22.16, -23.58, -24.62, -25.4, -25.9, -25.98, -25.84, -25.36, -24.52, -22.69, -19.7, -15.33, -10.18, -5.26, -1.424, 0.9927, 2.23, 2.912, 3.13, 3.213, 2.96, 2.49, 1.944, 1.316, 0.795, -0.02536, -0.611, -1.537, -2.016, -2.709, -2.98, -3.377, -3.342, -3.34, -2.99, -2.69, -2.281, -2.096, -1.902, -1.933, -2.168, -2.633, -3.166, -3.69, -4.06, -4.28, -4.348, -4.38, -4.285, -3.94, -3.406, -2.686, -1.923, -1.324, -0.998, -0.9033, -0.949, -1.031, -1.169, -1.325, -1.517, -1.905, -2.479, -3.139, -3.76, -4.293, -4.703, -4.867, -4.77, -4.363, -3.523, -2.271, -0.8438, 0.596, 1.833, 2.521, 2.488, 1.789, 0.6035, -0.649, -1.342, -1.095, 0.11066, 1.8125, 3.365, 4.613, 5.785
10.836, 11.94, 12.234, 11.69, 10.28, 8.11, 5.312, 2.031, -1.23, -4.27, -6.555, -8.09, -8.89, -9.16, -9.09, -8.766, -8.46, -8.29, -8.125, -7.453, -5.785, -3.014, 0.584, 4.344, 7.7, 10.266, 11.9, 12.39, 11.414, 9.1, 5.766, 2.033, -1.601, -4.79, -7.203, -8.85, -9.53, -9.41, -8.61, -7.348, -5.77, -3.973, -2.201, -0.5234, 0.9424, 2.04, 2.693, 2.809, 2.334, 1.24, -0.2365, -1.78, -3.316, -4.797, -6.117, -7.01, -7.33, -6.863, -5.44, -3.07, 0.02696, 3.738, 7.504, 11.03, 13.984, 16.03, 16.89, 16.22, 14.27, 11.37, 8.22, 5.133, 2.504, 0.531, -0.8696, -1.746, -2.414, -2.773, -2.943, -2.936, -2.98, -3.12, -3.32, -3.643, -4.117, -4.855, -6.023, -7.477, -8.945, -10.35, -11.57, -12.58, -13.414, -13.87, -13.89, -13.42, -12.43, -10.67, -7.99, -4.734, -1.719, 0.2494, 0.8633, 0.1882, -1.361, -3.518, -6.098, -8.734, -11.51, -14.086, -16.61, -18.9, -20.9, -22.6, -23.92, -24.92, -25.62, -25.9, -26.02, -25.92, -25.69, -25.03, -23.7, -21.1, -16.95, -11.734, -6.266, -1.492, 1.904, 3.867, 5.023, 5.57, 5.883, 5.96, 5.797, 5.426, 4.953, 4.3, 3.514, 2.758, 1.832, 1.021, 0.07153, -0.669, -1.416, -1.815, -2.139, -2.1, -1.938, -1.572, -1.237, -0.921, -0.715, -0.775, -1.054, -1.403, -1.715, -1.967, -2.166, -2.26, -2.336, -2.32, -2.084, -1.601, -0.896, -0.192, 0.3286, 0.5654, 0.5083, 0.2874, 0.01393, -0.2961, -0.6343, -0.993, -1.446, -2.018, -2.72, -3.414, -3.914, -4.285, -4.438, -4.227, -3.623, -2.553, -1.016, 0.7183, 2.342, 3.617, 4.285, 4.16, 3.367, 2.105, 0.8296, 0.08374, 0.3147, 1.705, 3.814, 5.97, 7.84, 9.46
14.54, 15.78, 16.3, 15.82, 14.484, 12.15, 9.0, 5.316, 1.456, -2.06, -4.812, -6.645, -7.652, -8.02, -7.973, -7.59, -7.184, -6.945, -6.8, -6.406, -5.234, -2.885, 0.524, 4.47, 8.23, 11.3, 13.516, 14.55, 13.96, 11.9, 8.52, 4.457, 0.4583, -3.172, -6.043, -8.125, -9.24, -9.47, -8.94, -7.88, -6.457, -4.824, -3.158, -1.558, -0.1837, 0.7954, 1.363, 1.447, 1.016, -0.00677, -1.478, -3.12, -4.797, -6.414, -7.848, -8.9, -9.305, -8.78, -7.156, -4.527, -0.842, 3.531, 8.18, 12.47, 15.984, 18.25, 19.12, 18.12, 15.86, 12.59, 9.22, 6.004, 3.236, 1.132, -0.418, -1.457, -2.281, -2.828, -3.162, -3.342, -3.523, -3.777, -4.07, -4.414, -4.89, -5.656, -6.844, -8.305, -9.76, -11.12, -12.23, -13.13, -13.79, -14.05, -13.734, -12.81, -11.17, -8.68, -5.38, -1.747, 1.283, 2.99, 3.16, 2.0, 0.0934, -2.387, -5.23, -8.164, -11.11, -13.93, -16.53, -18.88, -20.95, -22.58, -23.94, -24.8, -25.5, -25.78, -25.84, -25.69, -25.53, -25.0, -23.89, -21.73, -18.17, -13.25, -7.47, -2.06, 2.305, 5.137, 6.91, 7.973, 8.766, 9.27, 9.51, 9.375, 9.15, 8.586, 7.984, 7.07, 6.176, 5.035, 3.84, 2.637, 1.368, 0.391, -0.474, -0.898, -1.071, -0.9346, -0.6353, -0.2422, 0.1459, 0.3503, 0.398, 0.32, 0.2236, 0.1791, 0.09827, -0.03827, -0.1846, -0.2847, -0.1731, 0.1426, 0.668, 1.17, 1.512, 1.585, 1.383, 1.059, 0.6562, 0.1881, -0.2751, -0.735, -1.199, -1.732, -2.375, -3.031, -3.502, -3.836, -3.965, -3.69, -2.926, -1.692, -0.0417, 1.807, 3.494, 4.715, 5.285, 5.125, 4.387, 3.229, 2.08, 1.379, 1.638, 3.162, 5.594, 8.22, 10.63, 12.7
17.55, 19.11, 19.84, 19.56, 18.27, 15.92, 12.555, 8.48, 4.137, 0.1501, -3.053, -5.25, -6.492, -7.05, -7.07, -6.707, -6.21, -5.8, -5.586, -5.34, -4.56, -2.707, 0.3345, 4.16, 8.14, 11.766, 14.53, 16.14, 16.14, 14.46, 11.26, 7.137, 2.783, -1.153, -4.477, -6.953, -8.5, -9.1, -8.88, -8.12, -6.926, -5.543, -4.105, -2.727, -1.556, -0.743, -0.2668, -0.1414, -0.464, -1.341, -2.74, -4.453, -6.35, -8.2, -9.805, -10.99, -11.414, -10.805, -9.01, -5.99, -1.8125, 3.145, 8.54, 13.49, 17.5, 20.05, 20.88, 19.72, 17.2, 13.95, 10.45, 7.164, 4.215, 1.839, 0.002502, -1.363, -2.336, -3.088, -3.61, -3.965, -4.293, -4.617, -5.016, -5.457, -5.96, -6.73, -7.906, -9.27, -10.62, -11.81, -12.83, -13.695, -14.27, -14.32, -13.76, -12.42, -10.27, -7.227, -3.457, 0.4995, 3.543, 5.023, 4.973, 3.607, 1.405, -1.32, -4.406, -7.55, -10.67, -13.6, -16.22, -18.53, -20.6, -22.34, -23.75, -24.72, -25.33, -25.58, -25.58, -25.38, -25.1, -24.58, -23.56, -21.78, -18.67, -14.2, -8.65, -2.873, 2.408, 6.14, 8.664, 10.414, 11.72, 12.76, 13.42, 13.734, 14.05, 13.766, 13.484, 12.6, 11.78, 10.26, 8.78, 6.918, 5.203, 3.451, 1.993, 0.861, 0.2134, -0.0911, -0.03247, 0.2299, 0.664, 1.088, 1.472, 1.769, 1.957, 2.096, 2.201, 2.098, 1.899, 1.689, 1.637, 1.731, 1.95, 2.17, 2.262, 2.13, 1.834, 1.449, 0.95, 0.3967, -0.1355, -0.6157, -1.054, -1.577, -2.16, -2.707, -3.14, -3.41, -3.508, -3.191, -2.379, -1.078, 0.579, 2.406, 4.04, 5.184, 5.676, 5.57, 5.023, 4.113, 3.178, 2.613, 2.91, 4.4, 6.88, 9.84, 12.77, 15.375
19.78, 21.8, 22.75, 22.66, 21.45, 19.02, 15.47, 11.17, 6.52, 2.174, -1.334, -3.857, -5.39, -6.164, -6.312, -6.023, -5.527, -5.043, -4.723, -4.477, -3.842, -2.385, 0.1398, 3.635, 7.664, 11.625, 14.945, 17.17, 17.81, 16.66, 13.78, 9.78, 5.355, 1.198, -2.457, -5.28, -7.23, -8.18, -8.305, -7.855, -6.97, -5.887, -4.734, -3.621, -2.709, -2.053, -1.655, -1.485, -1.716, -2.504, -3.902, -5.812, -7.965, -10.05, -11.766, -12.92, -13.29, -12.54, -10.53, -7.207, -2.645, 2.92, 8.9, 14.445, 19.0, 21.73, 22.55, 21.38, 18.84, 15.69, 12.23, 8.766, 5.48, 2.662, 0.4065, -1.337, -2.58, -3.541, -4.207, -4.67, -5.086, -5.56, -6.08, -6.645, -7.242, -8.04, -9.17, -10.47, -11.64, -12.68, -13.555, -14.33, -14.875, -14.875, -14.12, -12.52, -10.04, -6.656, -2.559, 1.587, 4.805, 6.37, 6.375, 5.03, 2.684, -0.21, -3.543, -6.93, -10.16, -13.125, -15.89, -18.3, -20.42, -22.06, -23.45, -24.53, -25.1, -25.36, -25.33, -25.0, -24.44, -23.75, -22.77, -21.23, -18.67, -14.805, -9.59, -3.58, 2.129, 6.81, 10.26, 12.664, 14.516, 16.14, 17.45, 18.38, 19.25, 19.44, 19.6, 18.9, 18.14, 16.44, 14.73, 12.234, 9.99, 7.383, 5.297, 3.342, 2.06, 1.121, 0.7393, 0.7764, 1.131, 1.575, 2.121, 2.703, 3.22, 3.55, 3.777, 3.787, 3.656, 3.428, 3.236, 3.104, 3.06, 2.977, 2.777, 2.424, 2.025, 1.597, 1.073, 0.484, -0.05972, -0.525, -0.9854, -1.512, -2.07, -2.55, -2.957, -3.191, -3.23, -2.889, -2.088, -0.8325, 0.8047, 2.535, 4.09, 5.207, 5.74, 5.77, 5.418, 4.824, 4.223, 3.822, 4.09, 5.406, 7.785, 10.84, 14.09, 17.17
21.23, 23.58, 24.84, 24.97, 23.84, 21.5, 17.89, 13.42, 8.6, 4.016, 0.2306, -2.572, -4.395, -5.336, -5.63, -5.465, -5.043, -4.527, -4.082, -3.742, -3.19, -2.072, -0.0416, 3.01, 6.81, 10.94, 14.72, 17.61, 18.94, 18.47, 16.08, 12.48, 8.18, 3.996, 0.1467, -2.996, -5.297, -6.68, -7.188, -7.12, -6.62, -5.887, -5.016, -4.094, -3.34, -2.78, -2.46, -2.395, -2.674, -3.549, -5.1, -7.168, -9.45, -11.52, -13.22, -14.336, -14.56, -13.69, -11.46, -7.773, -2.793, 3.238, 9.58, 15.586, 20.4, 23.39, 24.16, 23.16, 20.86, 17.9, 14.445, 10.69, 6.996, 3.625, 0.892, -1.233, -2.744, -3.873, -4.69, -5.258, -5.746, -6.38, -7.105, -7.844, -8.55, -9.38, -10.49, -11.63, -12.7, -13.586, -14.375, -15.09, -15.63, -15.56, -14.75, -13.04, -10.45, -6.945, -2.723, 1.598, 5.066, 6.95, 7.2, 6.062, 3.799, 0.842, -2.633, -6.18, -9.555, -12.63, -15.484, -17.92, -20.08, -21.86, -23.25, -24.33, -24.92, -25.12, -24.86, -24.48, -23.75, -22.9, -21.8, -20.4, -18.17, -14.9, -10.2, -4.45, 1.575, 7.184, 11.38, 14.45, 17.0, 19.33, 21.4, 23.1, 24.69, 25.47, 26.17, 25.7, 25.02, 23.19, 21.31, 18.39, 15.734, 12.34, 9.555, 6.74, 4.56, 2.896, 1.859, 1.386, 1.48, 1.8125, 2.43, 3.213, 3.955, 4.51, 4.883, 4.95, 4.855, 4.64, 4.47, 4.258, 4.01, 3.62, 3.174, 2.63, 2.123, 1.671, 1.143, 0.561, 0.01715, -0.4912, -1.037, -1.587, -2.154, -2.652, -3.059, -3.273, -3.256, -2.898, -2.11, -0.9263, 0.643, 2.34, 3.871, 5.027, 5.645, 5.848, 5.723, 5.45, 5.133, 4.9, 5.1, 6.133, 8.195, 11.195, 14.664, 18.16
21.66, 24.42, 26.02, 26.34, 25.45, 23.12, 19.45, 14.97, 10.125, 5.465, 1.541, -1.466, -3.477, -4.586, -5.01, -4.957, -4.574, -4.1, -3.635, -3.26, -2.74, -1.82, -0.2152, 2.316, 5.812, 9.85, 13.98, 17.34, 19.52, 19.77, 18.14, 15.0, 11.16, 7.094, 3.127, -0.285, -2.96, -4.766, -5.785, -6.18, -6.14, -5.723, -5.055, -4.242, -3.494, -3.02, -2.865, -2.979, -3.498, -4.566, -6.203, -8.305, -10.58, -12.51, -13.94, -14.83, -14.9, -13.945, -11.5, -7.547, -2.168, 4.176, 10.875, 17.16, 22.06, 25.1, 26.0, 25.33, 23.36, 20.6, 17.1, 13.055, 8.81, 4.883, 1.648, -0.8633, -2.734, -4.03, -4.992, -5.688, -6.316, -7.01, -7.88, -8.79, -9.68, -10.65, -11.72, -12.8, -13.8, -14.6, -15.336, -15.99, -16.55, -16.5, -15.664, -13.93, -11.38, -7.97, -3.791, 0.5703, 4.285, 6.613, 7.324, 6.58, 4.582, 1.693, -1.833, -5.44, -8.9, -12.125, -14.98, -17.56, -19.86, -21.62, -23.16, -24.08, -24.67, -24.89, -24.56, -23.94, -23.0, -21.97, -20.66, -19.31, -17.47, -14.72, -10.65, -5.047, 1.062, 7.12, 12.06, 15.96, 19.17, 22.02, 24.88, 27.28, 29.5, 31.0, 32.2, 32.03, 31.64, 29.89, 27.9, 24.86, 21.77, 17.78, 14.29, 10.65, 7.734, 5.3, 3.586, 2.43, 2.01, 2.066, 2.574, 3.363, 4.234, 4.94, 5.41, 5.625, 5.598, 5.453, 5.266, 5.008, 4.656, 4.117, 3.51, 2.785, 2.158, 1.682, 1.184, 0.642, 0.0621, -0.5547, -1.185, -1.806, -2.396, -2.906, -3.338, -3.596, -3.578, -3.17, -2.367, -1.183, 0.3252, 1.986, 3.566, 4.81, 5.547, 5.87, 5.95, 5.88, 5.793, 5.723, 5.848, 6.562, 8.25, 11.0, 14.53, 18.27
21.19, 24.2, 26.08, 26.75, 25.97, 23.83, 20.3, 15.92, 11.13, 6.492, 2.504, -0.637, -2.826, -4.035, -4.516, -4.508, -4.195, -3.73, -3.264, -2.902, -2.44, -1.698, -0.4194, 1.647, 4.625, 8.44, 12.67, 16.6, 19.44, 20.61, 19.9, 17.58, 14.22, 10.41, 6.45, 2.814, -0.2515, -2.562, -4.18, -5.18, -5.695, -5.68, -5.14, -4.38, -3.574, -3.06, -3.06, -3.469, -4.28, -5.52, -7.13, -9.03, -10.92, -12.53, -13.68, -14.32, -14.28, -13.1, -10.54, -6.383, -0.818, 5.742, 12.64, 18.97, 23.94, 26.9, 28.02, 27.55, 26.1, 23.48, 20.0, 15.61, 10.93, 6.54, 2.826, -0.0683, -2.295, -3.873, -5.03, -5.93, -6.668, -7.51, -8.484, -9.56, -10.66, -11.71, -12.76, -13.836, -14.805, -15.66, -16.48, -17.14, -17.69, -17.66, -16.83, -15.19, -12.72, -9.47, -5.473, -1.199, 2.686, 5.4, 6.57, 6.305, 4.797, 2.213, -1.181, -4.797, -8.32, -11.59, -14.48, -17.19, -19.56, -21.4, -22.83, -23.8, -24.34, -24.39, -24.16, -23.48, -22.55, -21.4, -20.03, -18.6, -16.7, -14.21, -10.68, -5.773, -0.02226, 6.324, 12.01, 16.64, 20.58, 24.06, 27.56, 30.84, 33.84, 36.0, 37.5, 37.75, 37.53, 35.97, 34.1, 31.03, 27.73, 23.56, 19.39, 15.016, 11.36, 8.14, 5.75, 3.873, 2.83, 2.44, 2.71, 3.38, 4.273, 5.098, 5.6, 5.86, 5.875, 5.81, 5.656, 5.414, 5.0, 4.38, 3.645, 2.846, 2.158, 1.628, 1.112, 0.555, -0.0441, -0.689, -1.332, -1.992, -2.607, -3.146, -3.639, -3.955, -3.938, -3.51, -2.676, -1.523, -0.06793, 1.576, 3.246, 4.59, 5.43, 5.832, 5.992, 6.05, 6.11, 6.13, 6.18, 6.637, 7.895, 10.266, 13.66, 17.58
19.77, 23.0, 25.19, 26.14, 25.66, 23.67, 20.28, 16.08, 11.41, 6.973, 3.057, -0.0598, -2.312, -3.672, -4.23, -4.23, -3.922, -3.492, -3.078, -2.719, -2.299, -1.699, -0.704, 0.954, 3.549, 7.03, 11.18, 15.34, 18.92, 21.05, 21.4, 19.98, 17.23, 13.805, 9.914, 6.105, 2.69, -0.1627, -2.365, -3.994, -5.03, -5.465, -5.227, -4.562, -3.826, -3.33, -3.404, -3.945, -4.87, -6.113, -7.55, -9.125, -10.586, -11.766, -12.57, -12.87, -12.625, -11.375, -8.71, -4.41, 1.333, 8.01, 14.89, 21.1, 25.98, 28.8, 30.12, 30.12, 28.97, 26.53, 22.83, 18.2, 13.25, 8.35, 4.145, 0.782, -1.709, -3.521, -4.91, -6.043, -6.945, -7.902, -9.01, -10.23, -11.42, -12.57, -13.664, -14.74, -15.82, -16.77, -17.7, -18.47, -18.95, -18.89, -18.05, -16.48, -14.14, -11.11, -7.406, -3.348, 0.5186, 3.527, 5.27, 5.605, 4.52, 2.271, -0.855, -4.336, -7.84, -11.11, -14.06, -16.81, -19.14, -21.0, -22.39, -23.4, -24.02, -24.23, -24.03, -23.44, -22.44, -21.12, -19.6, -18.02, -16.22, -13.984, -10.89, -6.56, -1.104, 5.266, 11.43, 16.89, 21.55, 25.61, 29.56, 33.47, 36.88, 39.47, 41.25, 41.9, 41.84, 40.56, 39.1, 36.22, 33.0, 28.72, 24.25, 19.47, 15.18, 11.336, 8.18, 5.695, 3.973, 3.012, 2.92, 3.434, 4.242, 5.086, 5.66, 5.938, 5.95, 5.836, 5.66, 5.438, 5.035, 4.438, 3.63, 2.766, 1.977, 1.355, 0.8335, 0.3132, -0.2223, -0.8174, -1.419, -2.025, -2.633, -3.203, -3.72, -4.047, -4.047, -3.68, -2.914, -1.821, -0.4414, 1.175, 2.83, 4.24, 5.18, 5.707, 5.92, 5.98, 6.082, 6.18, 6.184, 6.402, 7.297, 9.28, 12.25, 15.984
17.52, 20.88, 23.39, 24.61, 24.38, 22.61, 19.52, 15.53, 11.2, 7.008, 3.258, 0.2007, -2.107, -3.516, -4.07, -4.066, -3.773, -3.373, -2.932, -2.541, -2.201, -1.784, -1.036, 0.2798, 2.426, 5.527, 9.45, 13.78, 17.94, 21.1, 22.62, 22.12, 20.22, 17.14, 13.47, 9.51, 5.83, 2.473, -0.2129, -2.375, -4.004, -4.926, -5.082, -4.668, -4.07, -3.715, -3.834, -4.355, -5.195, -6.23, -7.367, -8.53, -9.5, -10.24, -10.69, -10.734, -10.3, -8.81, -6.06, -1.799, 3.928, 10.625, 17.44, 23.42, 27.95, 30.75, 32.16, 32.53, 31.62, 29.31, 25.47, 20.64, 15.24, 9.99, 5.47, 1.683, -1.212, -3.303, -4.855, -6.098, -7.188, -8.25, -9.484, -10.836, -12.14, -13.36, -14.51, -15.69, -16.88, -17.95, -19.03, -19.78, -20.2, -20.03, -19.22, -17.73, -15.55, -12.664, -9.17, -5.324, -1.562, 1.604, 3.752, 4.57, 4.004, 2.166, -0.719, -4.133, -7.523, -10.8, -13.76, -16.4, -18.7, -20.66, -22.05, -23.1, -23.77, -24.06, -23.97, -23.42, -22.44, -21.11, -19.48, -17.75, -15.836, -13.64, -10.89, -7.23, -2.375, 3.717, 10.09, 16.14, 21.52, 26.11, 30.61, 34.8, 38.7, 41.66, 43.78, 44.62, 44.9, 44.0, 42.72, 40.38, 37.3, 33.22, 28.48, 23.4, 18.62, 14.305, 10.69, 7.645, 5.34, 3.928, 3.44, 3.738, 4.434, 5.195, 5.723, 5.918, 5.902, 5.805, 5.6, 5.363, 4.91, 4.297, 3.479, 2.588, 1.731, 1.036, 0.5234, 0.0913, -0.3022, -0.7856, -1.351, -1.894, -2.43, -2.994, -3.535, -3.904, -3.969, -3.688, -3.023, -2.055, -0.7705, 0.732, 2.338, 3.773, 4.848, 5.47, 5.77, 5.88, 5.92, 5.96, 5.938, 6.04, 6.605, 8.03, 10.54, 13.9
14.89, 18.22, 20.86, 22.33, 22.36, 20.81, 17.97, 14.336, 10.39, 6.58, 3.139, 0.2369, -1.958, -3.326, -3.926, -3.979, -3.684, -3.246, -2.809, -2.438, -2.15, -1.868, -1.377, -0.3706, 1.411, 4.145, 7.797, 12.24, 16.84, 20.86, 23.33, 24.08, 22.9, 20.45, 17.11, 13.18, 9.3, 5.64, 2.47, -0.1594, -2.275, -3.768, -4.43, -4.51, -4.27, -4.12, -4.254, -4.617, -5.168, -5.848, -6.594, -7.355, -7.895, -8.234, -8.36, -8.12, -7.35, -5.69, -2.857, 1.331, 6.914, 13.445, 19.89, 25.61, 29.95, 32.66, 34.28, 34.72, 34.03, 31.56, 27.7, 22.55, 17.0, 11.4, 6.355, 2.227, -0.8623, -3.135, -4.81, -6.13, -7.28, -8.516, -9.9, -11.38, -12.84, -14.15, -15.38, -16.61, -17.95, -19.23, -20.31, -20.98, -21.34, -21.16, -20.39, -18.98, -16.84, -14.07, -10.67, -6.99, -3.307, 0.0249, 2.5, 3.738, 3.617, 2.02, -0.7676, -4.145, -7.457, -10.67, -13.56, -16.16, -18.34, -20.16, -21.61, -22.73, -23.61, -24.08, -24.1, -23.61, -22.61, -21.14, -19.42, -17.56, -15.71, -13.67, -11.18, -7.934, -3.7, 1.867, 8.19, 14.7, 20.81, 26.0, 30.72, 35.03, 39.03, 42.12, 44.6, 45.75, 46.25, 45.8, 44.88, 42.78, 40.2, 36.3, 31.78, 26.61, 21.72, 17.11, 13.08, 9.68, 6.957, 5.08, 4.195, 4.227, 4.742, 5.363, 5.863, 6.05, 6.016, 5.848, 5.613, 5.32, 4.87, 4.22, 3.393, 2.488, 1.638, 0.956, 0.4963, 0.1461, -0.1459, -0.541, -1.07, -1.626, -2.172, -2.723, -3.275, -3.7, -3.867, -3.658, -3.064, -2.205, -1.058, 0.3254, 1.843, 3.312, 4.523, 5.3, 5.703, 5.793, 5.777, 5.734, 5.62, 5.594, 5.902, 6.883, 8.734, 11.555
12.3, 15.34, 17.94, 19.4, 19.69, 18.4, 15.95, 12.7, 9.25, 5.88, 2.842, 0.1903, -1.842, -3.105, -3.676, -3.764, -3.521, -3.143, -2.72, -2.332, -2.117, -1.992, -1.716, -0.999, 0.4895, 2.855, 6.184, 10.484, 15.45, 20.12, 23.62, 25.44, 25.27, 23.56, 20.69, 17.05, 13.086, 9.195, 5.605, 2.498, -0.0733, -2.014, -3.242, -3.896, -4.13, -4.258, -4.426, -4.652, -4.902, -5.227, -5.586, -5.87, -5.953, -5.86, -5.688, -5.234, -4.207, -2.37, 0.4705, 4.594, 10.05, 16.22, 22.42, 27.78, 31.78, 34.4, 35.97, 36.53, 35.7, 33.22, 29.12, 24.02, 18.2, 12.484, 7.227, 2.805, -0.597, -3.059, -4.805, -6.17, -7.38, -8.63, -10.19, -11.85, -13.49, -14.984, -16.3, -17.62, -19.05, -20.44, -21.47, -22.06, -22.39, -22.19, -21.44, -20.11, -18.05, -15.2, -11.81, -8.14, -4.457, -1.053, 1.697, 3.314, 3.477, 2.008, -0.692, -4.062, -7.477, -10.65, -13.4, -15.9, -17.97, -19.83, -21.4, -22.64, -23.55, -24.16, -24.23, -23.75, -22.77, -21.27, -19.55, -17.67, -15.695, -13.664, -11.4, -8.61, -4.996, -0.1028, 5.746, 12.16, 18.69, 24.48, 29.73, 34.25, 38.34, 41.66, 44.38, 45.84, 46.72, 46.6, 45.9, 44.22, 41.78, 38.25, 33.78, 28.8, 23.73, 19.14, 15.086, 11.58, 8.695, 6.582, 5.42, 5.133, 5.35, 5.75, 6.094, 6.227, 6.234, 6.105, 5.89, 5.547, 5.004, 4.312, 3.518, 2.69, 1.929, 1.295, 0.8423, 0.5303, 0.244, -0.1643, -0.721, -1.358, -2.037, -2.664, -3.23, -3.691, -3.871, -3.695, -3.146, -2.34, -1.299, -0.007095, 1.475, 3.012, 4.348, 5.26, 5.727, 5.812, 5.688, 5.51, 5.344, 5.203, 5.305, 5.883, 7.17, 9.414
10.15, 12.72, 14.95, 16.27, 16.56, 15.555, 13.555, 10.87, 7.91, 5.03, 2.344, 0.01039, -1.751, -2.85, -3.365, -3.498, -3.373, -3.055, -2.662, -2.314, -2.127, -2.082, -2.025, -1.594, -0.4287, 1.607, 4.676, 8.89, 13.914, 19.08, 23.53, 26.27, 27.17, 26.34, 24.0, 20.86, 16.98, 13.02, 9.1, 5.562, 2.428, -0.01118, -1.807, -3.002, -3.703, -4.074, -4.285, -4.39, -4.4, -4.375, -4.37, -4.312, -4.05, -3.568, -2.99, -2.152, -0.848, 1.135, 4.035, 8.08, 13.16, 18.98, 24.6, 29.45, 33.22, 35.56, 37.12, 37.47, 36.53, 34.0, 30.06, 24.86, 19.12, 13.17, 7.727, 3.092, -0.4763, -3.02, -4.816, -6.113, -7.293, -8.71, -10.414, -12.266, -14.09, -15.73, -17.19, -18.66, -20.08, -21.42, -22.44, -23.08, -23.36, -23.08, -22.36, -20.95, -18.94, -16.05, -12.586, -8.81, -5.004, -1.472, 1.445, 3.232, 3.574, 2.195, -0.5435, -3.924, -7.387, -10.57, -13.29, -15.695, -17.7, -19.53, -21.17, -22.5, -23.6, -24.28, -24.44, -23.95, -22.9, -21.48, -19.77, -17.89, -15.94, -13.93, -11.7, -9.23, -6.195, -2.182, 3.037, 9.14, 15.69, 21.81, 27.55, 32.5, 36.75, 40.12, 43.03, 44.75, 45.84, 46.0, 45.44, 43.94, 41.9, 38.56, 34.66, 30.02, 25.34, 20.86, 16.94, 13.52, 10.64, 8.305, 6.887, 6.316, 6.227, 6.434, 6.668, 6.76, 6.75, 6.613, 6.406, 6.062, 5.496, 4.79, 4.04, 3.24, 2.523, 1.931, 1.465, 1.114, 0.7485, 0.2307, -0.4546, -1.221, -2.053, -2.803, -3.426, -3.947, -4.133, -3.922, -3.326, -2.451, -1.392, -0.1058, 1.382, 2.969, 4.4, 5.395, 5.86, 5.887, 5.668, 5.336, 5.047, 4.83, 4.805, 5.113, 6.008, 7.73
8.41, 10.47, 12.21, 13.26, 13.414, 12.67, 11.12, 9.02, 6.61, 4.15, 1.802, -0.257, -1.794, -2.705, -3.139, -3.236, -3.162, -2.963, -2.646, -2.332, -2.168, -2.186, -2.287, -2.148, -1.299, 0.4155, 3.197, 7.176, 12.15, 17.66, 22.81, 26.64, 28.52, 28.66, 27.11, 24.48, 20.88, 16.81, 12.6, 8.555, 4.98, 2.035, -0.2551, -1.878, -2.91, -3.484, -3.773, -3.867, -3.768, -3.594, -3.303, -2.805, -2.104, -1.244, -0.2876, 0.853, 2.396, 4.465, 7.31, 11.2, 16.03, 21.31, 26.47, 30.75, 33.97, 36.2, 37.34, 37.53, 36.38, 33.9, 29.98, 25.05, 19.47, 13.555, 8.06, 3.299, -0.4224, -3.07, -4.863, -6.082, -7.285, -8.766, -10.59, -12.6, -14.61, -16.42, -18.11, -19.61, -21.08, -22.42, -23.48, -24.11, -24.23, -23.86, -23.02, -21.53, -19.39, -16.39, -12.82, -8.98, -5.074, -1.454, 1.605, 3.486, 3.81, 2.363, -0.413, -3.818, -7.242, -10.46, -13.07, -15.37, -17.36, -19.22, -20.86, -22.36, -23.55, -24.28, -24.45, -24.08, -23.16, -21.81, -20.19, -18.34, -16.34, -14.27, -12.1, -9.805, -7.2, -3.912, 0.2703, 5.51, 11.71, 18.08, 24.22, 29.34, 34.16, 37.75, 40.88, 42.75, 44.3, 44.56, 44.2, 42.84, 40.78, 37.66, 34.2, 30.0, 25.75, 21.7, 18.23, 15.18, 12.516, 10.34, 8.805, 7.938, 7.594, 7.543, 7.62, 7.6, 7.58, 7.484, 7.305, 6.926, 6.32, 5.566, 4.79, 4.04, 3.385, 2.768, 2.203, 1.692, 1.164, 0.4888, -0.3494, -1.212, -2.12, -2.984, -3.71, -4.293, -4.48, -4.223, -3.535, -2.533, -1.337, 0.05768, 1.612, 3.225, 4.613, 5.582, 5.992, 5.93, 5.613, 5.18, 4.77, 4.453, 4.35, 4.566, 5.19, 6.53
7.074, 8.57, 9.79, 10.53, 10.63, 10.086, 8.94, 7.336, 5.41, 3.291, 1.188, -0.6816, -2.04, -2.791, -3.104, -3.145, -3.094, -2.943, -2.645, -2.33, -2.182, -2.307, -2.566, -2.686, -2.191, -0.7964, 1.742, 5.59, 10.53, 16.22, 21.8, 26.38, 29.27, 30.3, 29.66, 27.66, 24.44, 20.39, 15.984, 11.58, 7.51, 4.066, 1.3545, -0.655, -1.898, -2.623, -3.01, -3.107, -2.955, -2.648, -2.201, -1.46, -0.4287, 0.8213, 2.197, 3.639, 5.355, 7.543, 10.44, 14.11, 18.42, 23.11, 27.5, 31.23, 34.06, 35.78, 36.72, 36.5, 35.16, 32.62, 29.05, 24.23, 18.88, 13.21, 7.832, 3.066, -0.628, -3.225, -4.938, -6.086, -7.336, -8.9, -10.79, -12.914, -15.125, -17.12, -18.95, -20.53, -22.05, -23.36, -24.42, -24.94, -24.95, -24.36, -23.3, -21.5, -19.16, -16.1, -12.48, -8.516, -4.574, -0.934, 1.994, 3.738, 3.87, 2.316, -0.535, -3.918, -7.152, -10.2, -12.71, -14.92, -16.84, -18.73, -20.55, -22.22, -23.48, -24.34, -24.62, -24.38, -23.6, -22.39, -20.83, -19.0, -16.98, -14.85, -12.6, -10.27, -7.926, -5.227, -1.808, 2.416, 7.77, 13.56, 19.72, 25.1, 30.08, 33.94, 37.34, 39.44, 41.1, 41.34, 41.16, 39.72, 37.9, 35.3, 32.44, 29.1, 25.62, 22.34, 19.44, 16.86, 14.49, 12.4, 10.84, 9.83, 9.28, 9.09, 9.1, 9.02, 8.9, 8.72, 8.45, 8.0, 7.402, 6.645, 5.883, 5.13, 4.363, 3.664, 2.941, 2.215, 1.471, 0.615, -0.3398, -1.263, -2.201, -3.135, -3.93, -4.53, -4.75, -4.47, -3.66, -2.492, -1.124, 0.384, 2.002, 3.611, 4.93, 5.78, 6.066, 5.875, 5.434, 4.902, 4.43, 4.066, 3.914, 4.07, 4.582, 5.617
5.957, 7.016, 7.85, 8.33, 8.41, 8.05, 7.246, 6.008, 4.418, 2.525, 0.56, -1.156, -2.385, -3.012, -3.203, -3.184, -3.111, -2.943, -2.656, -2.398, -2.287, -2.443, -2.832, -3.162, -2.992, -1.884, 0.4277, 4.03, 8.875, 14.55, 20.48, 25.58, 29.36, 31.31, 31.53, 30.1, 27.33, 23.48, 18.98, 14.3, 9.97, 6.16, 3.072, 0.783, -0.6943, -1.584, -2.092, -2.258, -2.148, -1.838, -1.247, -0.2483, 1.058, 2.56, 4.19, 5.848, 7.785, 10.02, 12.81, 16.36, 20.2, 24.2, 27.95, 30.94, 33.2, 34.6, 35.0, 34.53, 33.0, 30.47, 26.95, 22.44, 17.36, 12.02, 6.85, 2.332, -1.091, -3.523, -5.086, -6.234, -7.492, -9.07, -11.09, -13.37, -15.7, -17.84, -19.78, -21.4, -22.86, -24.22, -25.28, -25.64, -25.42, -24.47, -23.08, -21.0, -18.44, -15.22, -11.55, -7.633, -3.75, -0.2394, 2.434, 3.824, 3.664, 1.9795, -0.811, -4.09, -7.25, -10.06, -12.48, -14.51, -16.34, -18.3, -20.17, -21.97, -23.31, -24.25, -24.61, -24.62, -24.1, -23.12, -21.64, -19.81, -17.78, -15.49, -13.19, -10.77, -8.52, -6.207, -3.463, -0.1371, 4.168, 9.0, 14.53, 19.62, 24.61, 28.55, 32.2, 34.34, 36.22, 36.53, 36.47, 35.3, 33.94, 31.9, 29.73, 27.17, 24.66, 22.19, 20.1, 18.12, 16.3, 14.57, 13.17, 12.13, 11.47, 11.1, 10.945, 10.8, 10.62, 10.34, 10.0, 9.414, 8.68, 7.875, 7.117, 6.395, 5.55, 4.66, 3.678, 2.654, 1.683, 0.697, -0.328, -1.292, -2.223, -3.146, -3.95, -4.54, -4.773, -4.516, -3.705, -2.45, -0.92, 0.7554, 2.45, 4.016, 5.223, 5.934, 6.117, 5.824, 5.258, 4.617, 4.055, 3.63, 3.473, 3.605, 4.05, 4.875
5.08, 5.82, 6.42, 6.75, 6.84, 6.61, 5.984, 4.992, 3.572, 1.831, 0.0367, -1.535, -2.643, -3.178, -3.324, -3.293, -3.16, -2.936, -2.65, -2.414, -2.346, -2.586, -3.084, -3.617, -3.69, -2.867, -0.7725, 2.713, 7.395, 13.02, 19.1, 24.62, 29.0, 31.66, 32.56, 31.84, 29.53, 25.95, 21.58, 16.86, 12.36, 8.29, 4.92, 2.357, 0.5825, -0.547, -1.224, -1.512, -1.452, -1.147, -0.566, 0.507, 2.012, 3.744, 5.59, 7.426, 9.46, 11.84, 14.625, 17.81, 21.11, 24.33, 27.34, 29.73, 31.55, 32.44, 32.62, 31.69, 30.08, 27.33, 23.97, 19.67, 14.89, 9.914, 5.242, 1.208, -1.796, -3.863, -5.19, -6.285, -7.613, -9.336, -11.44, -13.79, -16.22, -18.48, -20.48, -22.16, -23.64, -24.95, -25.84, -26.1, -25.6, -24.33, -22.5, -20.1, -17.33, -14.01, -10.28, -6.44, -2.705, 0.5205, 2.809, 3.807, 3.258, 1.414, -1.303, -4.38, -7.27, -9.836, -12.07, -14.055, -16.0, -17.95, -19.97, -21.77, -23.1, -24.16, -24.67, -24.9, -24.55, -23.7, -22.4, -20.72, -18.73, -16.44, -13.96, -11.46, -9.125, -6.92, -4.547, -1.896, 1.427, 5.242, 9.67, 13.914, 18.55, 22.2, 25.69, 27.8, 29.67, 30.14, 30.4, 29.61, 28.78, 27.55, 26.39, 24.84, 23.38, 21.94, 20.66, 19.34, 18.08, 16.55, 15.39, 14.45, 13.875, 13.45, 13.23, 12.99, 12.72, 12.26, 11.69, 10.945, 10.12, 9.28, 8.46, 7.652, 6.793, 5.703, 4.43, 3.145, 1.926, 0.7676, -0.32, -1.31, -2.195, -3.047, -3.766, -4.355, -4.625, -4.402, -3.643, -2.432, -0.845, 0.9663, 2.77, 4.37, 5.523, 6.113, 6.184, 5.79, 5.145, 4.4, 3.73, 3.24, 3.012, 3.148, 3.574, 4.25
4.4, 5.03, 5.504, 5.78, 5.88, 5.645, 5.1, 4.16, 2.818, 1.197, -0.4377, -1.833, -2.775, -3.248, -3.348, -3.26, -3.104, -2.86, -2.562, -2.348, -2.318, -2.63, -3.246, -3.947, -4.26, -3.664, -1.761, 1.545, 6.004, 11.48, 17.47, 23.25, 28.08, 31.28, 32.97, 32.75, 30.94, 27.7, 23.56, 18.97, 14.46, 10.33, 6.785, 4.02, 1.921, 0.447, -0.493, -1.022, -1.117, -0.8203, -0.155, 0.9556, 2.486, 4.246, 6.133, 8.12, 10.25, 12.61, 15.3, 18.17, 20.86, 23.56, 25.83, 27.7, 29.14, 29.66, 29.5, 28.31, 26.5, 23.72, 20.34, 16.19, 11.78, 7.285, 3.258, -0.1037, -2.525, -4.133, -5.207, -6.363, -7.816, -9.664, -11.84, -14.234, -16.69, -18.97, -21.03, -22.81, -24.36, -25.6, -26.36, -26.33, -25.58, -23.9, -21.9, -19.28, -16.23, -12.77, -8.96, -5.188, -1.61, 1.291, 3.14, 3.703, 2.838, 0.832, -1.794, -4.63, -7.375, -9.78, -11.85, -13.87, -15.86, -17.84, -19.83, -21.53, -22.92, -24.08, -24.78, -25.14, -25.05, -24.33, -23.17, -21.52, -19.44, -17.16, -14.78, -12.21, -9.8, -7.516, -5.29, -3.006, -0.3032, 2.553, 6.004, 9.38, 13.086, 16.11, 19.06, 21.02, 22.78, 23.44, 23.98, 23.7, 23.7, 23.3, 22.97, 22.39, 21.89, 21.2, 20.78, 20.19, 19.48, 18.55, 17.72, 16.92, 16.4, 15.945, 15.61, 15.305, 14.85, 14.27, 13.516, 12.57, 11.61, 10.73, 9.84, 8.93, 7.895, 6.652, 5.15, 3.607, 2.154, 0.841, -0.3296, -1.363, -2.244, -3.02, -3.691, -4.207, -4.445, -4.266, -3.602, -2.402, -0.7666, 1.131, 3.045, 4.68, 5.78, 6.33, 6.305, 5.816, 5.074, 4.22, 3.426, 2.86, 2.59, 2.69, 3.115, 3.713
4.03, 4.645, 5.086, 5.332, 5.332, 5.035, 4.426, 3.443, 2.123, 0.6, -0.8916, -2.096, -2.867, -3.246, -3.287, -3.17, -2.99, -2.7, -2.373, -2.115, -2.059, -2.43, -3.201, -4.105, -4.668, -4.254, -2.57, 0.493, 4.727, 10.08, 15.945, 21.73, 26.88, 30.5, 32.56, 32.97, 31.48, 28.75, 24.92, 20.66, 16.19, 12.14, 8.45, 5.426, 3.033, 1.299, 0.1139, -0.624, -0.864, -0.6597, -0.05328, 0.974, 2.385, 4.082, 5.97, 7.883, 10.03, 12.39, 14.88, 17.3, 19.53, 21.47, 23.28, 24.75, 25.81, 26.05, 25.58, 24.2, 22.27, 19.47, 16.2, 12.28, 8.31, 4.51, 1.285, -1.304, -3.104, -4.297, -5.293, -6.516, -8.08, -10.15, -12.41, -14.81, -17.19, -19.48, -21.58, -23.47, -25.16, -26.28, -26.8, -26.45, -25.34, -23.5, -21.22, -18.42, -15.2, -11.586, -7.688, -3.986, -0.6396, 1.945, 3.37, 3.53, 2.42, 0.391, -2.174, -4.816, -7.305, -9.58, -11.65, -13.67, -15.71, -17.67, -19.67, -21.33, -22.7, -23.89, -24.7, -25.3, -25.31, -24.77, -23.69, -22.2, -20.3, -18.03, -15.66, -13.12, -10.57, -8.2, -5.86, -3.613, -1.281, 0.964, 3.562, 6.098, 8.84, 11.22, 13.64, 15.234, 16.8, 17.6, 18.38, 18.6, 19.11, 19.31, 19.7, 19.95, 20.25, 20.5, 20.95, 21.12, 21.0, 20.36, 19.72, 19.05, 18.67, 18.25, 17.94, 17.61, 17.06, 16.33, 15.35, 14.2, 13.13, 12.15, 11.17, 10.09, 8.82, 7.35, 5.68, 3.934, 2.309, 0.8696, -0.4175, -1.562, -2.527, -3.336, -3.953, -4.35, -4.484, -4.24, -3.525, -2.33, -0.669, 1.291, 3.3, 5.02, 6.125, 6.613, 6.52, 5.92, 5.043, 4.066, 3.172, 2.545, 2.281, 2.37, 2.791, 3.39
3.898, 4.484, 4.906, 5.062, 4.957, 4.527, 3.797, 2.764, 1.464, 0.02817, -1.3125, -2.355, -2.984, -3.254, -3.252, -3.094, -2.873, -2.55, -2.145, -1.768, -1.649, -2.03, -2.895, -3.932, -4.66, -4.477, -3.07, -0.349, 3.611, 8.6, 14.234, 20.0, 25.19, 29.2, 31.55, 32.34, 31.34, 29.03, 25.6, 21.64, 17.52, 13.49, 9.82, 6.656, 3.996, 1.976, 0.5547, -0.3477, -0.733, -0.641, -0.1532, 0.7046, 1.906, 3.352, 5.01, 6.812, 8.83, 11.01, 13.28, 15.35, 17.06, 18.53, 19.86, 20.9, 21.6, 21.58, 20.92, 19.45, 17.47, 14.875, 11.805, 8.4, 5.094, 2.037, -0.3877, -2.232, -3.494, -4.438, -5.473, -6.895, -8.69, -10.84, -13.13, -15.52, -17.9, -20.19, -22.38, -24.28, -25.92, -27.0, -27.28, -26.5, -25.03, -22.9, -20.4, -17.39, -14.016, -10.305, -6.523, -2.982, 0.0772, 2.32, 3.402, 3.26, 1.965, -0.07715, -2.545, -5.0, -7.32, -9.45, -11.49, -13.42, -15.44, -17.4, -19.28, -20.95, -22.47, -23.67, -24.83, -25.5, -25.7, -25.3, -24.33, -22.89, -21.12, -19.08, -16.75, -14.22, -11.53, -8.97, -6.434, -4.082, -1.901, 0.175, 2.295, 4.32, 6.277, 8.04, 9.8, 11.17, 12.5, 13.44, 14.36, 14.95, 15.805, 16.42, 17.28, 18.05, 19.08, 20.11, 21.16, 21.89, 22.23, 22.0, 21.61, 21.19, 20.78, 20.38, 20.05, 19.56, 18.98, 18.14, 17.11, 15.875, 14.73, 13.516, 12.37, 11.016, 9.484, 7.78, 5.953, 4.156, 2.438, 0.868, -0.5317, -1.816, -2.967, -3.89, -4.535, -4.816, -4.773, -4.37, -3.516, -2.21, -0.4636, 1.587, 3.662, 5.426, 6.566, 6.992, 6.785, 6.05, 5.027, 3.9, 2.94, 2.324, 2.113, 2.254, 2.668, 3.277
3.879, 4.418, 4.785, 4.832, 4.59, 4.047, 3.234, 2.184, 0.9023, -0.4578, -1.7, -2.605, -3.127, -3.32, -3.287, -3.133, -2.88, -2.504, -1.953, -1.406, -1.201, -1.562, -2.436, -3.531, -4.34, -4.305, -3.174, -0.854, 2.71, 7.348, 12.73, 18.34, 23.52, 27.61, 30.2, 31.27, 30.77, 28.84, 25.81, 22.25, 18.28, 14.44, 10.69, 7.41, 4.684, 2.506, 0.9287, -0.07806, -0.6455, -0.7705, -0.5, 0.1266, 1.065, 2.227, 3.61, 5.15, 6.848, 8.79, 10.72, 12.38, 13.71, 14.67, 15.54, 16.25, 16.6, 16.36, 15.445, 14.0, 12.2, 9.97, 7.453, 4.73, 2.135, -0.06946, -1.6875, -2.885, -3.744, -4.617, -5.855, -7.523, -9.54, -11.79, -14.08, -16.44, -18.77, -21.05, -23.3, -25.12, -26.66, -27.44, -27.4, -26.38, -24.66, -22.22, -19.39, -16.12, -12.59, -8.89, -5.25, -2.01, 0.6714, 2.531, 3.238, 2.81, 1.447, -0.5405, -2.865, -5.156, -7.387, -9.29, -11.195, -13.0, -14.95, -16.86, -18.73, -20.47, -22.12, -23.58, -24.77, -25.56, -25.89, -25.72, -24.98, -23.8, -22.14, -20.1, -17.72, -15.22, -12.48, -9.72, -7.062, -4.523, -2.338, -0.24, 1.695, 3.46, 5.004, 6.453, 7.6, 8.8, 9.836, 10.875, 11.79, 12.73, 13.74, 14.62, 15.76, 16.95, 18.56, 20.19, 21.75, 22.9, 23.64, 23.56, 23.4, 22.9, 22.42, 22.03, 21.75, 21.31, 20.75, 19.81, 18.7, 17.38, 16.05, 14.68, 13.31, 11.81, 9.99, 8.055, 6.074, 4.26, 2.56, 0.931, -0.6094, -2.082, -3.45, -4.52, -5.184, -5.38, -5.156, -4.547, -3.512, -2.047, -0.1587, 2.016, 4.156, 5.9, 7.027, 7.37, 7.008, 6.07, 4.89, 3.672, 2.697, 2.137, 1.994, 2.225, 2.68, 3.273
3.889, 4.4, 4.69, 4.65, 4.273, 3.656, 2.824, 1.784, 0.516, -0.7925, -1.942, -2.791, -3.285, -3.467, -3.434, -3.3, -3.002, -2.521, -1.878, -1.206, -0.8384, -1.055, -1.8545, -2.836, -3.6, -3.732, -2.834, -0.8086, 2.305, 6.418, 11.34, 16.56, 21.56, 25.64, 28.45, 29.77, 29.61, 28.06, 25.44, 22.23, 18.62, 14.91, 11.26, 7.984, 5.242, 2.992, 1.282, 0.1023, -0.679, -1.047, -1.02, -0.685, -0.05084, 0.8013, 1.83, 3.06, 4.453, 6.016, 7.582, 8.86, 9.73, 10.33, 10.84, 11.23, 11.25, 10.8, 9.836, 8.54, 6.977, 5.305, 3.49, 1.571, -0.1682, -1.548, -2.525, -3.242, -3.953, -4.918, -6.332, -8.22, -10.42, -12.73, -14.984, -17.33, -19.62, -21.84, -24.03, -25.77, -27.0, -27.6, -27.2, -26.02, -24.0, -21.34, -18.23, -14.75, -11.055, -7.363, -3.943, -1.051, 1.134, 2.504, 2.916, 2.29, 0.8457, -1.055, -3.209, -5.297, -7.28, -9.04, -10.805, -12.555, -14.39, -16.28, -18.19, -20.05, -21.77, -23.39, -24.77, -25.67, -26.3, -26.14, -25.61, -24.56, -23.1, -21.22, -18.84, -16.3, -13.47, -10.47, -7.773, -5.035, -2.658, -0.4832, 1.414, 3.172, 4.492, 5.848, 6.72, 7.86, 8.71, 9.75, 10.625, 11.7, 12.67, 13.805, 15.2, 16.83, 18.69, 20.72, 22.61, 24.02, 24.8, 24.89, 24.8, 24.28, 23.83, 23.47, 23.16, 22.66, 22.0, 21.05, 19.84, 18.55, 17.2, 15.73, 14.14, 12.37, 10.37, 8.25, 6.15, 4.324, 2.637, 0.9487, -0.6826, -2.29, -3.78, -4.957, -5.656, -5.8, -5.46, -4.69, -3.475, -1.815, 0.2817, 2.547, 4.742, 6.44, 7.44, 7.637, 7.11, 5.996, 4.656, 3.348, 2.389, 1.915, 1.87, 2.184, 2.703, 3.309
3.875, 4.36, 4.57, 4.453, 4.008, 3.342, 2.512, 1.507, 0.2896, -0.974, -2.094, -2.943, -3.443, -3.643, -3.646, -3.502, -3.16, -2.592, -1.85, -1.092, -0.6064, -0.5957, -1.125, -1.915, -2.54, -2.658, -1.977, -0.3398, 2.37, 6.074, 10.44, 15.29, 19.9, 23.8, 26.52, 28.03, 28.23, 27.08, 24.88, 21.95, 18.61, 15.11, 11.58, 8.34, 5.617, 3.344, 1.543, 0.1621, -0.8457, -1.44, -1.6875, -1.625, -1.281, -0.737, -0.03888, 0.86, 1.949, 3.193, 4.316, 5.19, 5.684, 5.97, 6.17, 6.305, 6.17, 5.574, 4.68, 3.627, 2.473, 1.43, 0.2944, -0.743, -1.727, -2.521, -3.002, -3.521, -4.19, -5.21, -6.773, -8.766, -11.07, -13.44, -15.76, -18.06, -20.31, -22.53, -24.66, -26.2, -27.06, -27.39, -26.84, -25.44, -23.28, -20.36, -16.9, -13.2, -9.45, -5.875, -2.703, -0.2499, 1.473, 2.475, 2.633, 1.848, 0.3586, -1.464, -3.447, -5.39, -7.234, -8.8, -10.38, -11.92, -13.7, -15.65, -17.67, -19.7, -21.48, -23.23, -24.72, -25.89, -26.56, -26.55, -26.16, -25.25, -23.94, -22.16, -19.97, -17.33, -14.48, -11.414, -8.555, -5.797, -3.219, -0.767, 1.273, 3.15, 4.555, 5.875, 6.676, 7.723, 8.445, 9.43, 10.27, 11.375, 12.484, 13.86, 15.38, 17.27, 19.31, 21.5, 23.52, 24.97, 25.83, 26.0, 25.89, 25.38, 24.97, 24.44, 24.02, 23.47, 22.89, 21.89, 20.72, 19.31, 17.83, 16.28, 14.6, 12.72, 10.64, 8.45, 6.25, 4.367, 2.625, 0.8906, -0.845, -2.51, -4.023, -5.21, -5.855, -5.934, -5.555, -4.72, -3.36, -1.49, 0.8057, 3.213, 5.395, 6.98, 7.805, 7.805, 7.1, 5.86, 4.37, 3.006, 2.066, 1.675, 1.691, 2.064, 2.645, 3.28
3.803, 4.273, 4.45, 4.285, 3.814, 3.104, 2.238, 1.244, 0.0954, -1.073, -2.154, -3.01, -3.537, -3.771, -3.777, -3.596, -3.234, -2.635, -1.877, -1.068, -0.456, -0.1888, -0.339, -0.786, -1.188, -1.239, -0.702, 0.62, 2.797, 6.016, 9.984, 14.195, 18.36, 21.98, 24.6, 26.14, 26.5, 25.7, 23.88, 21.31, 18.19, 14.97, 11.65, 8.57, 5.934, 3.654, 1.775, 0.1887, -1.087, -1.926, -2.41, -2.594, -2.445, -2.094, -1.678, -1.082, -0.2915, 0.613, 1.367, 1.826, 1.991, 2.04, 2.04, 2.068, 1.872, 1.406, 0.647, -0.1168, -0.8228, -1.387, -1.825, -2.14, -2.541, -2.846, -3.162, -3.652, -4.414, -5.582, -7.21, -9.24, -11.54, -13.984, -16.31, -18.67, -20.98, -23.17, -25.08, -26.45, -27.12, -27.16, -26.38, -24.77, -22.3, -19.17, -15.54, -11.64, -7.832, -4.457, -1.632, 0.4734, 1.827, 2.492, 2.383, 1.49, 0.04196, -1.703, -3.543, -5.348, -7.062, -8.51, -9.96, -11.45, -13.26, -15.12, -17.2, -19.28, -21.23, -23.05, -24.72, -25.9, -26.66, -26.86, -26.56, -25.9, -24.73, -23.2, -21.11, -18.53, -15.664, -12.625, -9.64, -6.676, -3.938, -1.251, 1.126, 3.191, 4.797, 6.26, 7.188, 8.26, 8.875, 9.83, 10.64, 11.79, 12.96, 14.55, 16.23, 18.28, 20.39, 22.55, 24.42, 25.75, 26.53, 26.61, 26.44, 25.98, 25.58, 25.11, 24.69, 24.12, 23.31, 22.2, 20.86, 19.52, 18.05, 16.53, 14.84, 12.81, 10.65, 8.52, 6.363, 4.41, 2.533, 0.6587, -1.19, -2.893, -4.344, -5.438, -6.0, -5.996, -5.535, -4.598, -3.115, -1.063, 1.423, 3.959, 6.14, 7.6, 8.22, 8.02, 7.14, 5.81, 4.23, 2.803, 1.841, 1.451, 1.487, 1.868, 2.48, 3.17
3.742, 4.23, 4.39, 4.215, 3.676, 2.896, 1.958, 0.9395, -0.164, -1.26, -2.262, -3.078, -3.6, -3.826, -3.793, -3.55, -3.166, -2.588, -1.893, -1.146, -0.4707, 0.05884, 0.3674, 0.3828, 0.2598, 0.3013, 0.738, 1.786, 3.684, 6.426, 9.91, 13.63, 17.25, 20.45, 22.84, 24.28, 24.62, 24.1, 22.61, 20.42, 17.66, 14.63, 11.555, 8.67, 6.09, 3.809, 1.832, 0.12335, -1.304, -2.342, -3.006, -3.297, -3.285, -3.127, -2.906, -2.564, -2.037, -1.473, -1.069, -0.9, -0.928, -1.023, -1.066, -1.117, -1.223, -1.53, -1.982, -2.46, -2.81, -2.95, -2.86, -2.697, -2.611, -2.672, -3.035, -3.695, -4.695, -6.01, -7.7, -9.79, -12.18, -14.664, -17.05, -19.42, -21.83, -24.02, -25.78, -26.86, -27.19, -26.9, -25.83, -23.97, -21.33, -17.89, -14.1, -10.14, -6.367, -3.2, -0.657, 1.168, 2.285, 2.662, 2.287, 1.289, -0.09357, -1.742, -3.463, -5.117, -6.695, -8.14, -9.555, -11.04, -12.88, -14.76, -16.9, -18.94, -20.86, -22.67, -24.4, -25.75, -26.64, -27.08, -27.05, -26.47, -25.62, -24.22, -22.3, -19.72, -16.95, -13.81, -10.8, -7.684, -4.74, -1.881, 0.8203, 3.195, 5.12, 6.832, 8.055, 9.15, 9.836, 10.734, 11.55, 12.76, 14.05, 15.82, 17.56, 19.69, 21.61, 23.5, 25.12, 26.23, 26.88, 26.94, 26.77, 26.34, 25.94, 25.39, 24.75, 24.03, 23.11, 21.94, 20.7, 19.34, 17.75, 16.17, 14.56, 12.69, 10.68, 8.56, 6.375, 4.285, 2.291, 0.3262, -1.654, -3.441, -4.93, -5.918, -6.32, -6.156, -5.527, -4.484, -2.877, -0.6255, 2.027, 4.676, 6.836, 8.22, 8.66, 8.28, 7.207, 5.76, 4.145, 2.688, 1.6875, 1.265, 1.306, 1.695, 2.33, 3.053
3.676, 4.18, 4.363, 4.19, 3.66, 2.81, 1.757, 0.639, -0.4846, -1.54, -2.486, -3.24, -3.734, -3.875, -3.717, -3.373, -2.965, -2.447, -1.891, -1.273, -0.6196, 0.08795, 0.8, 1.296, 1.536, 1.717, 2.102, 3.018, 4.68, 7.125, 10.09, 13.26, 16.33, 19.0, 21.1, 22.25, 22.77, 22.36, 21.16, 19.16, 16.6, 13.87, 11.07, 8.43, 6.06, 3.88, 1.92, 0.1389, -1.435, -2.682, -3.496, -3.861, -3.908, -3.814, -3.648, -3.395, -3.064, -2.775, -2.652, -2.725, -2.863, -3.012, -3.107, -3.139, -3.195, -3.344, -3.514, -3.633, -3.62, -3.41, -2.98, -2.492, -2.164, -2.21, -2.771, -3.73, -5.004, -6.535, -8.36, -10.54, -12.95, -15.484, -17.88, -20.3, -22.66, -24.9, -26.48, -27.42, -27.53, -26.9, -25.42, -23.19, -20.22, -16.56, -12.555, -8.5, -4.94, -2.04, 0.2393, 1.804, 2.725, 2.951, 2.43, 1.322, -0.1141, -1.667, -3.21, -4.734, -6.227, -7.633, -9.1, -10.63, -12.47, -14.336, -16.4, -18.4, -20.36, -22.16, -23.89, -25.53, -26.6, -27.2, -27.42, -27.05, -26.42, -25.12, -23.4, -21.03, -18.38, -15.25, -12.08, -8.88, -5.637, -2.559, 0.3904, 3.092, 5.418, 7.4, 8.93, 10.13, 11.0, 11.97, 12.87, 14.14, 15.625, 17.55, 19.3, 21.25, 22.88, 24.47, 25.67, 26.5, 26.94, 26.9, 26.77, 26.25, 25.75, 25.05, 24.34, 23.53, 22.48, 21.25, 19.92, 18.6, 17.17, 15.71, 14.164, 12.41, 10.445, 8.4, 6.266, 4.145, 1.989, -0.14, -2.215, -4.066, -5.562, -6.52, -6.793, -6.45, -5.62, -4.395, -2.664, -0.2898, 2.572, 5.34, 7.54, 8.87, 9.11, 8.53, 7.293, 5.715, 4.055, 2.592, 1.565, 1.093, 1.125, 1.534, 2.191, 2.965
3.598, 4.11, 4.324, 4.203, 3.719, 2.816, 1.646, 0.4043, -0.7734, -1.818, -2.719, -3.475, -3.945, -4.01, -3.691, -3.174, -2.643, -2.197, -1.847, -1.413, -0.8374, -0.0535, 0.9346, 1.819, 2.451, 2.902, 3.365, 4.17, 5.68, 7.88, 10.41, 13.11, 15.57, 17.75, 19.44, 20.58, 20.95, 20.62, 19.62, 17.86, 15.55, 13.016, 10.45, 8.04, 5.8, 3.732, 1.792, -0.04587, -1.684, -2.975, -3.814, -4.223, -4.285, -4.15, -3.965, -3.74, -3.504, -3.357, -3.4, -3.621, -3.865, -4.04, -4.184, -4.27, -4.36, -4.344, -4.207, -3.928, -3.592, -3.135, -2.514, -1.929, -1.564, -1.723, -2.445, -3.668, -5.266, -7.074, -9.09, -11.3, -13.8, -16.39, -18.75, -21.2, -23.47, -25.6, -27.12, -27.94, -27.83, -26.72, -24.84, -22.2, -18.95, -15.03, -10.91, -6.996, -3.58, -0.8774, 1.164, 2.473, 3.166, 3.201, 2.537, 1.352, -0.03802, -1.465, -2.865, -4.258, -5.652, -7.062, -8.54, -10.08, -11.9, -13.87, -15.89, -17.83, -19.83, -21.7, -23.62, -25.3, -26.67, -27.5, -27.83, -27.61, -27.06, -25.9, -24.47, -22.2, -19.66, -16.61, -13.38, -10.03, -6.64, -3.377, -0.1372, 2.771, 5.426, 7.703, 9.66, 11.15, 12.34, 13.375, 14.45, 15.86, 17.47, 19.36, 21.06, 22.77, 24.05, 25.25, 26.03, 26.55, 26.7, 26.64, 26.23, 25.67, 25.08, 24.25, 23.45, 22.4, 21.2, 20.06, 18.86, 17.67, 16.36, 14.984, 13.484, 11.87, 10.1, 8.22, 6.062, 3.826, 1.586, -0.562, -2.676, -4.598, -6.184, -7.145, -7.29, -6.74, -5.69, -4.27, -2.357, 0.1401, 3.033, 5.91, 8.19, 9.46, 9.61, 8.82, 7.37, 5.633, 3.941, 2.469, 1.442, 0.968, 1.001, 1.424, 2.111, 2.904
3.521, 4.027, 4.258, 4.203, 3.762, 2.828, 1.561, 0.2183, -1.006, -2.04, -2.945, -3.723, -4.176, -4.152, -3.709, -3.062, -2.453, -2.037, -1.817, -1.54, -1.03, -0.2251, 0.853, 1.996, 2.93, 3.611, 4.28, 5.25, 6.656, 8.61, 10.77, 12.94, 14.94, 16.64, 18.06, 19.02, 19.44, 19.19, 18.22, 16.6, 14.414, 12.01, 9.65, 7.49, 5.45, 3.504, 1.497, -0.3562, -1.952, -3.254, -4.133, -4.54, -4.535, -4.305, -4.01, -3.727, -3.543, -3.533, -3.715, -4.004, -4.285, -4.43, -4.65, -4.824, -4.945, -4.746, -4.3, -3.643, -3.06, -2.457, -1.833, -1.287, -1.009, -1.254, -2.076, -3.502, -5.363, -7.402, -9.55, -11.97, -14.555, -17.11, -19.61, -21.95, -24.16, -26.17, -27.6, -28.19, -27.75, -26.31, -23.95, -20.97, -17.38, -13.33, -9.19, -5.33, -2.121, 0.3025, 2.07, 3.139, 3.617, 3.412, 2.604, 1.363, -0.006886, -1.3545, -2.627, -3.871, -5.13, -6.484, -7.84, -9.375, -11.086, -12.99, -15.14, -17.06, -19.19, -21.23, -23.33, -25.17, -26.75, -27.83, -28.22, -28.2, -27.75, -26.8, -25.42, -23.34, -20.94, -17.94, -14.67, -11.25, -7.73, -4.273, -0.9453, 2.166, 5.176, 7.8, 10.16, 11.89, 13.484, 14.695, 16.1, 17.56, 19.27, 21.0, 22.61, 24.03, 25.1, 25.78, 26.14, 26.36, 26.2, 25.9, 25.34, 24.58, 23.77, 22.83, 21.9, 20.88, 19.83, 18.73, 17.66, 16.52, 15.4, 14.164, 12.82, 11.35, 9.67, 7.758, 5.637, 3.506, 1.284, -0.9287, -3.086, -5.066, -6.668, -7.613, -7.715, -7.008, -5.73, -4.05, -1.915, 0.66, 3.602, 6.523, 8.85, 10.11, 10.125, 9.125, 7.457, 5.586, 3.824, 2.373, 1.365, 0.9043, 0.949, 1.394, 2.08, 2.848
3.45, 3.912, 4.12, 4.066, 3.656, 2.719, 1.395, -0.002075, -1.235, -2.256, -3.148, -3.914, -4.32, -4.22, -3.666, -2.934, -2.303, -1.939, -1.81, -1.6455, -1.212, -0.411, 0.6587, 1.872, 3.014, 3.998, 4.95, 6.1, 7.54, 9.26, 11.11, 12.82, 14.39, 15.77, 16.89, 17.69, 18.06, 17.81, 16.89, 15.32, 13.35, 11.15, 9.04, 7.01, 5.06, 3.078, 1.068, -0.7573, -2.336, -3.56, -4.38, -4.734, -4.668, -4.37, -3.984, -3.678, -3.512, -3.576, -3.848, -4.227, -4.53, -4.69, -4.938, -5.176, -5.215, -4.836, -4.11, -3.152, -2.314, -1.612, -1.072, -0.6284, -0.504, -0.8306, -1.774, -3.32, -5.324, -7.53, -9.914, -12.53, -15.18, -17.83, -20.38, -22.61, -24.67, -26.53, -27.7, -28.05, -27.3, -25.53, -22.84, -19.53, -15.72, -11.57, -7.477, -3.709, -0.6074, 1.608, 3.09, 3.86, 4.05, 3.637, 2.676, 1.39, 0.0668, -1.189, -2.37, -3.523, -4.68, -5.848, -7.008, -8.47, -10.2, -12.086, -14.2, -16.34, -18.66, -20.83, -23.11, -25.12, -26.77, -28.03, -28.61, -28.7, -28.33, -27.47, -26.23, -24.33, -22.03, -19.19, -15.99, -12.52, -8.95, -5.44, -2.006, 1.337, 4.64, 7.582, 10.305, 12.45, 14.42, 15.91, 17.55, 19.03, 20.78, 22.42, 23.83, 24.94, 25.62, 26.0, 26.05, 25.95, 25.56, 25.02, 24.2, 23.2, 22.2, 21.12, 20.03, 18.98, 17.97, 17.05, 16.2, 15.27, 14.43, 13.43, 12.09, 10.65, 9.03, 7.273, 5.305, 3.158, 0.8433, -1.376, -3.5, -5.465, -7.035, -7.94, -8.055, -7.246, -5.78, -3.857, -1.4795, 1.3, 4.344, 7.33, 9.63, 10.77, 10.625, 9.44, 7.61, 5.633, 3.828, 2.352, 1.343, 0.88, 0.952, 1.431, 2.133, 2.848
3.412, 3.773, 3.941, 3.865, 3.414, 2.467, 1.126, -0.2686, -1.48, -2.459, -3.305, -3.977, -4.28, -4.086, -3.445, -2.676, -2.105, -1.82, -1.784, -1.716, -1.361, -0.6475, 0.3335, 1.489, 2.764, 4.062, 5.383, 6.76, 8.24, 9.79, 11.33, 12.734, 13.984, 15.17, 16.02, 16.66, 16.88, 16.58, 15.67, 14.195, 12.4, 10.34, 8.39, 6.49, 4.59, 2.678, 0.74, -1.091, -2.668, -3.805, -4.5, -4.824, -4.73, -4.37, -3.904, -3.557, -3.441, -3.6, -3.98, -4.418, -4.78, -5.04, -5.29, -5.52, -5.48, -4.938, -3.91, -2.67, -1.572, -0.7944, -0.3113, -0.0607, -0.1206, -0.562, -1.555, -3.129, -5.273, -7.68, -10.29, -12.98, -15.64, -18.38, -20.89, -23.14, -25.22, -26.84, -27.77, -27.75, -26.77, -24.7, -21.73, -18.25, -14.18, -9.94, -5.812, -2.104, 0.847, 2.896, 4.164, 4.72, 4.637, 3.979, 2.896, 1.601, 0.2915, -0.956, -2.098, -3.17, -4.195, -5.203, -6.203, -7.574, -9.266, -11.21, -13.36, -15.6, -18.02, -20.33, -22.7, -24.84, -26.62, -28.05, -28.83, -29.17, -28.95, -28.27, -27.06, -25.38, -23.22, -20.61, -17.52, -14.12, -10.46, -6.86, -3.2, 0.2983, 3.865, 7.14, 10.21, 12.74, 15.07, 16.9, 18.72, 20.28, 21.94, 23.44, 24.66, 25.45, 25.9, 26.0, 25.81, 25.42, 24.69, 23.92, 22.78, 21.55, 20.3, 19.14, 17.97, 16.98, 16.08, 15.375, 14.664, 14.01, 13.39, 12.42, 11.266, 10.0, 8.52, 6.812, 4.824, 2.674, 0.3743, -1.873, -4.004, -5.89, -7.363, -8.21, -8.305, -7.48, -5.875, -3.676, -0.9893, 2.035, 5.223, 8.234, 10.516, 11.53, 11.21, 9.8, 7.78, 5.695, 3.865, 2.412, 1.436, 0.976, 1.057, 1.539, 2.236, 2.9
3.414, 3.701, 3.828, 3.725, 3.197, 2.193, 0.86, -0.5015, -1.667, -2.613, -3.371, -3.898, -4.027, -3.7, -3.03, -2.336, -1.899, -1.743, -1.809, -1.838, -1.584, -1.009, -0.165, 0.9497, 2.354, 3.93, 5.566, 7.19, 8.72, 10.11, 11.42, 12.59, 13.61, 14.555, 15.26, 15.59, 15.69, 15.22, 14.35, 13.03, 11.414, 9.56, 7.75, 6.016, 4.25, 2.37, 0.4219, -1.3955, -2.893, -3.918, -4.5, -4.71, -4.562, -4.152, -3.64, -3.248, -3.162, -3.418, -3.95, -4.53, -5.043, -5.46, -5.766, -5.99, -5.855, -5.133, -3.855, -2.373, -1.074, -0.2141, 0.2222, 0.2896, 0.1112, -0.4475, -1.482, -3.104, -5.336, -7.875, -10.63, -13.39, -16.12, -18.83, -21.34, -23.75, -25.72, -27.2, -27.81, -27.55, -26.23, -23.9, -20.69, -16.9, -12.71, -8.43, -4.258, -0.628, 2.188, 4.086, 5.152, 5.53, 5.258, 4.414, 3.244, 1.965, 0.6997, -0.528, -1.648, -2.705, -3.648, -4.547, -5.527, -6.875, -8.48, -10.42, -12.64, -14.945, -17.33, -19.67, -22.06, -24.27, -26.31, -27.81, -28.92, -29.36, -29.39, -28.89, -27.81, -26.4, -24.47, -22.02, -19.05, -15.64, -12.01, -8.33, -4.555, -0.8745, 2.93, 6.49, 9.836, 12.805, 15.445, 17.56, 19.6, 21.19, 22.73, 23.98, 25.1, 25.66, 25.94, 25.7, 25.39, 24.78, 23.89, 22.83, 21.53, 20.14, 18.6, 17.3, 16.05, 15.04, 14.24, 13.66, 13.086, 12.71, 12.28, 11.53, 10.57, 9.336, 7.87, 6.22, 4.34, 2.229, -0.1448, -2.49, -4.605, -6.34, -7.67, -8.46, -8.516, -7.65, -5.875, -3.406, -0.4385, 2.863, 6.254, 9.26, 11.45, 12.33, 11.78, 10.18, 8.05, 5.883, 4.0, 2.521, 1.566, 1.143, 1.223, 1.698, 2.363, 2.96
3.443, 3.744, 3.857, 3.695, 3.07, 1.991, 0.6616, -0.692, -1.835, -2.729, -3.37, -3.725, -3.668, -3.217, -2.574, -1.991, -1.724, -1.731, -1.877, -1.972, -1.866, -1.504, -0.804, 0.2725, 1.747, 3.52, 5.383, 7.176, 8.77, 10.15, 11.32, 12.375, 13.3, 13.99, 14.47, 14.586, 14.42, 13.88, 13.07, 11.88, 10.445, 8.8, 7.164, 5.52, 3.867, 2.016, 0.12103, -1.624, -3.043, -3.979, -4.383, -4.426, -4.207, -3.72, -3.133, -2.678, -2.598, -2.959, -3.69, -4.535, -5.297, -5.9, -6.336, -6.57, -6.348, -5.46, -4.055, -2.432, -1.006, -0.0556, 0.3865, 0.4163, 0.184, -0.4495, -1.543, -3.244, -5.457, -8.09, -10.93, -13.766, -16.55, -19.33, -21.9, -24.33, -26.19, -27.42, -27.84, -27.38, -25.9, -23.23, -19.78, -15.67, -11.31, -6.94, -2.814, 0.7144, 3.402, 5.105, 6.01, 6.195, 5.777, 4.836, 3.62, 2.371, 1.137, -0.03754, -1.09, -2.113, -3.006, -3.871, -4.848, -6.223, -7.816, -9.77, -11.93, -14.266, -16.66, -19.1, -21.52, -23.66, -25.83, -27.45, -28.78, -29.48, -29.73, -29.48, -28.62, -27.5, -25.78, -23.45, -20.61, -17.3, -13.664, -9.97, -6.062, -2.17, 1.754, 5.566, 9.23, 12.5, 15.43, 17.83, 20.03, 21.8, 23.22, 24.39, 25.3, 25.64, 25.78, 25.45, 24.94, 24.08, 23.08, 21.8, 20.3, 18.72, 17.05, 15.74, 14.38, 13.414, 12.63, 12.09, 11.7, 11.47, 11.164, 10.625, 9.84, 8.695, 7.273, 5.64, 3.797, 1.654, -0.768, -3.11, -5.2, -6.832, -8.055, -8.734, -8.67, -7.7, -5.793, -3.025, 0.3062, 3.861, 7.35, 10.33, 12.36, 13.055, 12.35, 10.61, 8.375, 6.15, 4.24, 2.723, 1.752, 1.317, 1.374, 1.799, 2.4, 2.986
3.496, 3.879, 3.994, 3.734, 2.988, 1.819, 0.4653, -0.8823, -2.025, -2.857, -3.395, -3.56, -3.334, -2.787, -2.145, -1.661, -1.521, -1.674, -1.952, -2.168, -2.215, -2.05, -1.524, -0.5, 1.011, 2.87, 4.867, 6.766, 8.46, 9.85, 11.07, 12.1, 12.945, 13.484, 13.7, 13.58, 13.19, 12.6, 11.836, 10.8, 9.53, 8.086, 6.57, 5.0, 3.387, 1.607, -0.1836, -1.865, -3.193, -3.977, -4.215, -4.086, -3.717, -3.105, -2.434, -1.954, -1.919, -2.441, -3.377, -4.477, -5.51, -6.348, -6.926, -7.168, -6.867, -5.934, -4.52, -2.87, -1.384, -0.3154, 0.2161, 0.346, 0.1287, -0.53, -1.678, -3.383, -5.64, -8.31, -11.19, -14.086, -16.89, -19.67, -22.36, -24.73, -26.58, -27.7, -27.94, -27.19, -25.48, -22.58, -18.8, -14.43, -9.87, -5.387, -1.385, 1.959, 4.44, 5.938, 6.63, 6.57, 6.01, 5.02, 3.818, 2.615, 1.473, 0.4111, -0.538, -1.457, -2.326, -3.22, -4.242, -5.61, -7.188, -9.12, -11.125, -13.43, -15.875, -18.23, -20.75, -22.88, -25.2, -26.97, -28.61, -29.56, -30.08, -30.05, -29.47, -28.55, -26.97, -24.88, -22.17, -18.95, -15.38, -11.586, -7.723, -3.703, 0.285, 4.31, 8.164, 11.66, 14.83, 17.58, 19.92, 21.84, 23.38, 24.47, 25.31, 25.58, 25.6, 25.11, 24.5, 23.47, 22.28, 20.7, 19.1, 17.33, 15.65, 14.27, 12.95, 12.016, 11.21, 10.695, 10.39, 10.25, 10.06, 9.74, 9.14, 8.05, 6.613, 4.945, 3.113, 0.9893, -1.373, -3.719, -5.793, -7.348, -8.445, -8.98, -8.84, -7.793, -5.723, -2.656, 1.01, 4.824, 8.44, 11.36, 13.22, 13.71, 12.84, 11.02, 8.77, 6.535, 4.582, 3.023, 1.97, 1.442, 1.428, 1.802, 2.346, 2.957
3.533, 4.004, 4.113, 3.77, 2.904, 1.638, 0.2382, -1.128, -2.271, -3.047, -3.457, -3.453, -3.041, -2.363, -1.687, -1.263, -1.22, -1.497, -1.928, -2.318, -2.533, -2.53, -2.178, -1.302, 0.1493, 1.985, 4.023, 5.984, 7.793, 9.28, 10.63, 11.74, 12.586, 13.016, 13.055, 12.73, 12.12, 11.45, 10.73, 9.86, 8.75, 7.406, 5.92, 4.414, 2.809, 1.1, -0.582, -2.135, -3.281, -3.896, -3.998, -3.729, -3.188, -2.451, -1.728, -1.291, -1.353, -2.018, -3.135, -4.45, -5.664, -6.67, -7.402, -7.68, -7.375, -6.5, -5.176, -3.598, -2.127, -0.974, -0.3372, -0.08136, -0.2118, -0.8223, -1.952, -3.63, -5.914, -8.555, -11.32, -14.22, -17.08, -19.88, -22.6, -24.97, -26.75, -27.72, -27.81, -27.06, -25.03, -21.83, -17.67, -13.08, -8.375, -3.936, -0.0879, 3.027, 5.332, 6.69, 7.145, 6.875, 6.156, 5.055, 3.877, 2.797, 1.829, 0.89, -0.00455, -0.8354, -1.64, -2.56, -3.633, -4.926, -6.406, -8.234, -10.18, -12.445, -14.84, -17.31, -19.84, -22.17, -24.5, -26.48, -28.28, -29.56, -30.38, -30.55, -30.33, -29.45, -28.12, -26.19, -23.64, -20.61, -17.27, -13.45, -9.555, -5.527, -1.414, 2.709, 6.676, 10.44, 13.77, 16.73, 19.28, 21.44, 23.08, 24.3, 25.06, 25.33, 25.23, 24.77, 24.02, 22.77, 21.42, 19.67, 17.78, 15.875, 14.21, 12.83, 11.56, 10.63, 9.85, 9.35, 9.15, 9.12, 9.07, 8.85, 8.25, 7.188, 5.82, 4.176, 2.355, 0.2498, -2.035, -4.31, -6.34, -7.887, -8.98, -9.44, -9.15, -7.926, -5.605, -2.271, 1.649, 5.715, 9.41, 12.27, 13.92, 14.28, 13.414, 11.6, 9.38, 7.117, 5.133, 3.48, 2.277, 1.593, 1.419, 1.691, 2.223, 2.9
3.607, 4.105, 4.156, 3.684, 2.691, 1.381, -0.0379, -1.383, -2.508, -3.24, -3.479, -3.238, -2.625, -1.822, -1.126, -0.758, -0.793, -1.173, -1.742, -2.332, -2.75, -2.896, -2.652, -1.944, -0.6904, 0.996, 2.932, 4.94, 6.875, 8.56, 10.04, 11.21, 12.05, 12.42, 12.38, 11.96, 11.29, 10.61, 9.86, 9.07, 8.055, 6.785, 5.332, 3.879, 2.32, 0.7017, -0.895, -2.31, -3.314, -3.785, -3.758, -3.352, -2.678, -1.846, -1.085, -0.703, -0.898, -1.737, -3.0, -4.406, -5.67, -6.785, -7.66, -8.07, -7.87, -7.113, -5.96, -4.582, -3.252, -2.08, -1.3125, -0.923, -0.886, -1.345, -2.357, -3.918, -6.133, -8.75, -11.555, -14.39, -17.17, -20.02, -22.77, -25.14, -26.83, -27.73, -27.75, -26.8, -24.55, -21.08, -16.75, -11.87, -7.113, -2.7, 1.032, 3.977, 6.055, 7.234, 7.59, 7.223, 6.28, 5.09, 3.926, 2.973, 2.178, 1.376, 0.5684, -0.192, -0.971, -1.857, -2.93, -4.184, -5.56, -7.21, -9.016, -11.24, -13.72, -16.36, -19.02, -21.5, -23.97, -26.0, -27.89, -29.25, -30.4, -30.84, -30.95, -30.31, -29.14, -27.38, -25.11, -22.3, -19.1, -15.44, -11.58, -7.535, -3.387, 0.811, 4.816, 8.71, 12.2, 15.37, 18.14, 20.53, 22.53, 23.83, 24.66, 24.94, 24.89, 24.31, 23.5, 22.12, 20.48, 18.47, 16.45, 14.375, 12.73, 11.305, 10.07, 9.15, 8.414, 7.996, 7.85, 7.855, 7.9, 7.754, 7.21, 6.164, 4.83, 3.225, 1.434, -0.586, -2.707, -4.883, -6.88, -8.48, -9.484, -9.805, -9.36, -7.965, -5.4, -1.798, 2.41, 6.58, 10.336, 13.12, 14.64, 14.875, 14.01, 12.29, 10.125, 7.906, 5.812, 4.035, 2.613, 1.684, 1.297, 1.474, 2.05, 2.846
3.59, 4.117, 4.086, 3.498, 2.443, 1.109, -0.288, -1.596, -2.65, -3.299, -3.352, -2.842, -2.006, -1.1045, -0.45, -0.1978, -0.3303, -0.806, -1.509, -2.252, -2.824, -3.102, -2.988, -2.404, -1.339, 0.1663, 1.972, 3.934, 5.97, 7.816, 9.38, 10.586, 11.38, 11.71, 11.64, 11.266, 10.66, 10.0, 9.27, 8.5, 7.496, 6.273, 4.86, 3.416, 1.912, 0.352, -1.138, -2.42, -3.29, -3.592, -3.422, -2.904, -2.16, -1.28, -0.497, -0.1757, -0.508, -1.478, -2.822, -4.227, -5.484, -6.66, -7.652, -8.234, -8.266, -7.74, -6.855, -5.766, -4.586, -3.434, -2.51, -1.929, -1.728, -2.03, -2.943, -4.457, -6.562, -9.086, -11.78, -14.52, -17.23, -20.05, -22.81, -25.25, -26.94, -27.78, -27.69, -26.5, -24.05, -20.34, -15.78, -10.77, -5.88, -1.52, 2.072, 4.81, 6.754, 7.83, 8.055, 7.58, 6.562, 5.33, 4.184, 3.287, 2.564, 1.866, 1.165, 0.4404, -0.3342, -1.196, -2.174, -3.3, -4.51, -6.004, -7.773, -10.02, -12.61, -15.38, -18.19, -20.81, -23.3, -25.38, -27.4, -28.98, -30.34, -30.95, -31.34, -30.88, -29.94, -28.38, -26.44, -23.88, -20.97, -17.44, -13.68, -9.68, -5.547, -1.381, 2.63, 6.59, 10.23, 13.73, 16.78, 19.47, 21.48, 23.03, 23.98, 24.45, 24.45, 23.95, 23.08, 21.62, 19.77, 17.48, 15.164, 13.1, 11.266, 9.734, 8.54, 7.58, 6.93, 6.543, 6.438, 6.51, 6.605, 6.465, 5.938, 4.95, 3.717, 2.27, 0.5903, -1.294, -3.303, -5.402, -7.36, -8.96, -9.9, -10.125, -9.51, -7.863, -5.1, -1.382, 2.984, 7.395, 11.25, 14.02, 15.5, 15.664, 14.81, 13.18, 11.06, 8.75, 6.465, 4.508, 2.88, 1.719, 1.128, 1.1875, 1.807, 2.707
3.45, 4.004, 3.94, 3.297, 2.244, 0.9736, -0.3826, -1.681, -2.713, -3.229, -3.037, -2.24, -1.188, -0.25, 0.2974, 0.3953, 0.1324, -0.4468, -1.289, -2.17, -2.855, -3.219, -3.162, -2.67, -1.751, -0.4414, 1.23, 3.176, 5.223, 7.145, 8.71, 9.836, 10.57, 10.875, 10.836, 10.58, 10.05, 9.414, 8.695, 7.883, 6.92, 5.742, 4.4, 2.99, 1.537, 0.06494, -1.338, -2.502, -3.217, -3.398, -3.13, -2.525, -1.701, -0.7593, 0.0545, 0.3625, -0.0114, -1.029, -2.445, -3.861, -5.094, -6.324, -7.35, -8.15, -8.49, -8.31, -7.785, -6.926, -5.875, -4.746, -3.719, -3.002, -2.697, -2.877, -3.686, -5.133, -7.176, -9.52, -12.06, -14.664, -17.4, -20.22, -23.0, -25.42, -27.14, -27.89, -27.64, -26.31, -23.56, -19.75, -15.0, -9.86, -4.816, -0.4758, 3.043, 5.617, 7.363, 8.31, 8.445, 7.914, 6.91, 5.715, 4.64, 3.795, 3.055, 2.41, 1.755, 1.02, 0.2668, -0.5195, -1.438, -2.438, -3.543, -4.934, -6.6, -8.85, -11.48, -14.39, -17.33, -20.03, -22.47, -24.75, -26.86, -28.56, -30.19, -31.06, -31.64, -31.39, -30.6, -29.28, -27.69, -25.39, -22.67, -19.39, -15.69, -11.73, -7.582, -3.498, 0.5283, 4.418, 8.195, 11.87, 15.09, 18.0, 20.23, 22.05, 23.1, 23.69, 23.7, 23.38, 22.52, 21.08, 19.06, 16.62, 14.12, 11.88, 9.91, 8.31, 7.07, 6.06, 5.39, 5.008, 4.996, 5.098, 5.16, 4.977, 4.52, 3.66, 2.594, 1.326, -0.2152, -1.927, -3.78, -5.766, -7.633, -9.18, -10.15, -10.24, -9.43, -7.613, -4.785, -0.9907, 3.535, 8.07, 12.0, 14.82, 16.33, 16.58, 15.71, 14.086, 11.91, 9.47, 7.03, 4.81, 2.975, 1.624, 0.888, 0.8633, 1.5, 2.479
3.168, 3.797, 3.781, 3.201, 2.205, 0.995, -0.3186, -1.645, -2.69, -3.098, -2.688, -1.639, -0.4014, 0.579, 1.064, 1.036, 0.644, -0.0389, -0.9893, -2.025, -2.871, -3.336, -3.357, -2.89, -2.014, -0.79, 0.7783, 2.66, 4.69, 6.59, 8.086, 9.11, 9.734, 10.06, 10.09, 9.875, 9.46, 8.86, 8.15, 7.363, 6.438, 5.3, 4.016, 2.605, 1.143, -0.281, -1.621, -2.678, -3.258, -3.332, -2.94, -2.246, -1.296, -0.2325, 0.669, 1.042, 0.688, -0.3772, -1.871, -3.357, -4.664, -5.902, -7.023, -8.0, -8.664, -8.836, -8.57, -7.895, -6.99, -5.977, -4.95, -4.176, -3.787, -3.918, -4.574, -5.86, -7.668, -9.87, -12.336, -14.89, -17.61, -20.44, -23.19, -25.58, -27.27, -27.89, -27.5, -25.92, -23.1, -19.16, -14.305, -9.0, -3.957, 0.4692, 3.887, 6.32, 7.9, 8.68, 8.7, 8.19, 7.254, 6.18, 5.156, 4.336, 3.617, 2.965, 2.354, 1.654, 0.944, 0.2113, -0.6543, -1.557, -2.572, -3.926, -5.6, -7.844, -10.51, -13.484, -16.39, -19.16, -21.67, -23.95, -26.17, -28.08, -29.9, -31.06, -31.78, -31.67, -31.2, -30.14, -28.75, -26.72, -24.28, -21.14, -17.6, -13.67, -9.66, -5.61, -1.595, 2.387, 6.195, 9.92, 13.4, 16.4, 18.81, 20.81, 21.92, 22.81, 22.98, 22.86, 22.0, 20.62, 18.47, 16.02, 13.36, 10.97, 8.805, 7.145, 5.707, 4.535, 3.766, 3.45, 3.469, 3.564, 3.578, 3.422, 3.072, 2.367, 1.483, 0.4136, -0.87, -2.396, -4.164, -6.086, -7.89, -9.37, -10.234, -10.22, -9.32, -7.426, -4.555, -0.6987, 3.873, 8.53, 12.56, 15.52, 17.11, 17.39, 16.58, 14.94, 12.69, 10.09, 7.465, 5.04, 2.994, 1.456, 0.575, 0.4717, 1.109, 2.14
2.777, 3.523, 3.652, 3.219, 2.312, 1.132, -0.1771, -1.521, -2.586, -2.953, -2.371, -1.132, 0.2186, 1.25, 1.7705, 1.75, 1.287, 0.5117, -0.5327, -1.7, -2.713, -3.348, -3.477, -3.07, -2.2, -0.987, 0.565, 2.375, 4.285, 6.055, 7.47, 8.43, 9.02, 9.37, 9.484, 9.33, 8.97, 8.38, 7.67, 6.863, 5.94, 4.805, 3.527, 2.102, 0.6367, -0.7637, -2.01, -2.947, -3.428, -3.404, -2.879, -2.025, -0.914, 0.307, 1.315, 1.791, 1.46, 0.3757, -1.163, -2.744, -4.24, -5.574, -6.773, -7.867, -8.72, -9.125, -9.11, -8.664, -7.938, -7.03, -6.06, -5.27, -4.836, -4.887, -5.434, -6.55, -8.11, -10.164, -12.53, -15.12, -17.9, -20.7, -23.44, -25.81, -27.25, -27.78, -27.3, -25.5, -22.47, -18.45, -13.516, -8.3, -3.266, 1.138, 4.574, 6.926, 8.375, 9.016, 8.945, 8.375, 7.477, 6.457, 5.504, 4.734, 4.062, 3.467, 2.895, 2.281, 1.625, 0.948, 0.1573, -0.6533, -1.648, -2.969, -4.688, -6.957, -9.54, -12.484, -15.375, -18.14, -20.66, -23.12, -25.61, -27.7, -29.77, -31.11, -31.98, -32.1, -31.84, -31.02, -29.81, -28.03, -25.78, -22.83, -19.44, -15.6, -11.71, -7.71, -3.719, 0.2305, 4.14, 8.05, 11.59, 14.8, 17.31, 19.39, 20.72, 21.77, 22.2, 22.23, 21.45, 20.19, 18.08, 15.586, 12.914, 10.42, 8.14, 6.242, 4.53, 3.213, 2.37, 1.988, 1.931, 2.014, 2.066, 1.932, 1.679, 1.154, 0.524, -0.3474, -1.472, -2.879, -4.57, -6.37, -8.11, -9.555, -10.35, -10.26, -9.3, -7.363, -4.49, -0.6426, 3.982, 8.695, 12.875, 15.93, 17.66, 18.02, 17.31, 15.6, 13.24, 10.5, 7.75, 5.215, 3.049, 1.334, 0.2717, 0.0208, 0.589, 1.674
2.322, 3.232, 3.549, 3.27, 2.445, 1.261, -0.1027, -1.495, -2.56, -2.838, -2.113, -0.696, 0.779, 1.862, 2.447, 2.51, 2.102, 1.289, 0.1576, -1.152, -2.342, -3.14, -3.404, -3.102, -2.275, -1.076, 0.4294, 2.137, 3.895, 5.504, 6.85, 7.848, 8.53, 8.91, 9.06, 8.92, 8.56, 7.977, 7.23, 6.383, 5.42, 4.266, 2.967, 1.557, 0.12146, -1.226, -2.375, -3.201, -3.62, -3.502, -2.826, -1.739, -0.3918, 0.951, 1.99, 2.479, 2.154, 1.112, -0.434, -2.168, -3.826, -5.3, -6.562, -7.715, -8.664, -9.25, -9.43, -9.17, -8.6, -7.812, -6.99, -6.258, -5.816, -5.805, -6.234, -7.188, -8.586, -10.484, -12.734, -15.266, -18.03, -20.88, -23.58, -25.78, -27.22, -27.61, -26.88, -24.95, -21.8, -17.72, -12.8, -7.6, -2.613, 1.735, 5.125, 7.438, 8.81, 9.29, 9.12, 8.484, 7.57, 6.582, 5.668, 4.926, 4.312, 3.867, 3.438, 2.955, 2.365, 1.715, 0.9966, 0.2708, -0.737, -2.062, -3.791, -6.117, -8.7, -11.586, -14.42, -17.08, -19.7, -22.25, -24.83, -27.23, -29.4, -30.9, -32.0, -32.4, -32.38, -31.78, -30.78, -29.19, -27.1, -24.31, -21.2, -17.5, -13.69, -9.766, -5.85, -1.822, 2.219, 6.137, 9.81, 13.1, 15.77, 17.97, 19.58, 20.81, 21.52, 21.61, 21.05, 19.81, 17.86, 15.4, 12.68, 10.1, 7.668, 5.54, 3.646, 2.188, 1.187, 0.7046, 0.5894, 0.649, 0.7163, 0.615, 0.4873, 0.1511, -0.3032, -1.033, -2.078, -3.45, -5.055, -6.82, -8.56, -9.945, -10.68, -10.55, -9.53, -7.547, -4.598, -0.688, 3.93, 8.664, 12.94, 16.16, 18.05, 18.5, 17.75, 16.05, 13.65, 10.875, 8.016, 5.4, 3.117, 1.247, 0.00801, -0.3894, 0.05853, 1.128
1.84, 2.93, 3.426, 3.264, 2.492, 1.264, -0.1954, -1.622, -2.594, -2.695, -1.793, -0.2225, 1.391, 2.592, 3.225, 3.305, 2.934, 2.145, 0.983, -0.4053, -1.71, -2.656, -3.084, -2.951, -2.262, -1.152, 0.2285, 1.778, 3.39, 4.92, 6.297, 7.39, 8.2, 8.69, 8.85, 8.68, 8.24, 7.582, 6.754, 5.848, 4.87, 3.729, 2.406, 0.9995, -0.4001, -1.636, -2.65, -3.363, -3.67, -3.447, -2.6, -1.274, 0.2386, 1.622, 2.633, 3.088, 2.79, 1.796, 0.2532, -1.548, -3.324, -4.94, -6.312, -7.555, -8.56, -9.25, -9.57, -9.5, -9.1, -8.49, -7.848, -7.22, -6.824, -6.734, -7.1, -7.938, -9.17, -10.86, -13.0, -15.48, -18.19, -21.02, -23.64, -25.81, -27.17, -27.5, -26.53, -24.42, -21.12, -16.98, -12.13, -6.973, -1.96, 2.385, 5.742, 7.996, 9.18, 9.54, 9.29, 8.62, 7.723, 6.777, 5.88, 5.145, 4.59, 4.25, 3.93, 3.562, 3.092, 2.545, 1.8955, 1.193, 0.1553, -1.155, -2.836, -5.105, -7.676, -10.52, -13.29, -15.945, -18.53, -21.16, -23.9, -26.5, -28.86, -30.6, -31.97, -32.7, -32.84, -32.47, -31.62, -30.16, -28.33, -25.75, -22.81, -19.31, -15.7, -11.86, -7.914, -3.895, 0.2207, 4.207, 7.97, 11.39, 14.23, 16.61, 18.47, 19.86, 20.75, 21.05, 20.62, 19.44, 17.66, 15.32, 12.64, 10.016, 7.41, 5.098, 3.014, 1.454, 0.3271, -0.2732, -0.4678, -0.4766, -0.395, -0.3638, -0.4102, -0.6074, -0.9683, -1.616, -2.668, -4.13, -5.79, -7.566, -9.27, -10.664, -11.34, -11.18, -10.02, -7.94, -4.895, -0.933, 3.787, 8.664, 12.99, 16.25, 18.16, 18.66, 17.9, 16.25, 13.86, 11.06, 8.23, 5.605, 3.219, 1.214, -0.212, -0.8184, -0.508, 0.544
1.36, 2.607, 3.242, 3.15, 2.375, 1.088, -0.415, -1.788, -2.559, -2.396, -1.27, 0.4067, 2.098, 3.398, 4.09, 4.176, 3.756, 2.92, 1.742, 0.3552, -0.99, -2.012, -2.576, -2.621, -2.129, -1.231, -0.03165, 1.33, 2.791, 4.29, 5.723, 6.934, 7.867, 8.44, 8.62, 8.36, 7.8, 7.047, 6.22, 5.31, 4.324, 3.193, 1.875, 0.4475, -0.8965, -2.008, -2.88, -3.438, -3.629, -3.27, -2.277, -0.7847, 0.852, 2.273, 3.252, 3.61, 3.285, 2.342, 0.9067, -0.82, -2.629, -4.363, -5.91, -7.277, -8.38, -9.19, -9.63, -9.73, -9.61, -9.234, -8.77, -8.27, -7.91, -7.785, -8.06, -8.75, -9.836, -11.375, -13.39, -15.734, -18.39, -21.12, -23.75, -25.88, -27.1, -27.36, -26.38, -24.06, -20.55, -16.14, -11.22, -6.203, -1.365, 2.93, 6.27, 8.57, 9.67, 9.945, 9.57, 8.875, 7.984, 7.074, 6.23, 5.53, 5.05, 4.746, 4.492, 4.23, 3.83, 3.326, 2.697, 2.018, 1.029, -0.2578, -1.944, -4.133, -6.633, -9.336, -12.016, -14.67, -17.33, -20.03, -22.81, -25.56, -28.11, -30.08, -31.78, -32.66, -33.12, -32.88, -32.34, -30.97, -29.39, -27.03, -24.39, -21.05, -17.6, -13.84, -9.99, -6.0, -1.746, 2.223, 6.07, 9.6, 12.64, 15.29, 17.39, 19.11, 20.14, 20.64, 20.44, 19.36, 17.73, 15.49, 12.83, 10.05, 7.402, 4.96, 2.77, 1.118, -0.10095, -0.745, -0.9966, -1.051, -0.9907, -0.94, -0.9775, -1.139, -1.541, -2.254, -3.406, -4.94, -6.723, -8.555, -10.25, -11.58, -12.164, -11.91, -10.67, -8.484, -5.32, -1.201, 3.57, 8.555, 12.97, 16.31, 18.22, 18.66, 17.89, 16.12, 13.76, 11.02, 8.23, 5.56, 3.121, 1.002, -0.581, -1.337, -1.107, -0.04092
0.8525, 2.234, 2.97, 2.926, 2.158, 0.8643, -0.613, -1.833, -2.35, -1.911, -0.5806, 1.207, 2.924, 4.246, 4.96, 5.066, 4.605, 3.676, 2.418, 1.03, -0.2905, -1.329, -1.966, -2.152, -1.895, -1.261, -0.3298, 0.835, 2.19, 3.664, 5.145, 6.445, 7.438, 8.055, 8.15, 7.832, 7.22, 6.477, 5.703, 4.82, 3.826, 2.666, 1.335, -0.07007, -1.37, -2.4, -3.137, -3.58, -3.652, -3.168, -2.05, -0.4155, 1.326, 2.773, 3.752, 4.08, 3.756, 2.895, 1.582, -0.005913, -1.788, -3.582, -5.305, -6.848, -8.125, -9.11, -9.734, -10.0, -10.14, -10.016, -9.695, -9.32, -8.99, -8.89, -9.14, -9.734, -10.71, -12.04, -13.766, -15.98, -18.52, -21.19, -23.81, -25.9, -27.28, -27.42, -26.31, -23.69, -19.86, -15.22, -10.266, -5.285, -0.577, 3.55, 6.87, 9.07, 10.11, 10.29, 9.836, 9.09, 8.28, 7.45, 6.684, 6.02, 5.59, 5.355, 5.18, 4.93, 4.55, 4.043, 3.389, 2.695, 1.788, 0.6006, -1.062, -3.166, -5.492, -8.11, -10.664, -13.305, -15.99, -18.78, -21.66, -24.47, -27.08, -29.22, -31.17, -32.34, -33.2, -33.06, -32.8, -31.64, -30.23, -28.22, -25.73, -22.7, -19.42, -15.734, -11.85, -7.85, -3.605, 0.4333, 4.37, 7.965, 11.234, 14.04, 16.44, 18.36, 19.69, 20.38, 20.36, 19.47, 17.95, 15.8, 13.266, 10.516, 7.793, 5.33, 3.168, 1.521, 0.2842, -0.3965, -0.807, -0.997, -1.074, -1.108, -1.248, -1.487, -1.994, -2.861, -4.184, -5.863, -7.773, -9.7, -11.375, -12.6, -13.164, -12.76, -11.414, -9.14, -5.85, -1.609, 3.307, 8.4, 12.9, 16.22, 18.11, 18.52, 17.67, 15.85, 13.445, 10.68, 7.848, 5.13, 2.639, 0.5034, -1.114, -1.903, -1.702, -0.623
0.3171, 1.762, 2.584, 2.598, 1.882, 0.668, -0.6597, -1.696, -1.997, -1.364, 0.0638, 1.925, 3.668, 5.016, 5.79, 5.926, 5.457, 4.465, 3.146, 1.727, 0.42, -0.6436, -1.356, -1.708, -1.682, -1.28, -0.561, 0.4185, 1.6455, 3.059, 4.508, 5.824, 6.84, 7.43, 7.48, 7.145, 6.555, 5.89, 5.18, 4.34, 3.35, 2.162, 0.822, -0.564, -1.833, -2.857, -3.592, -3.967, -3.91, -3.285, -2.037, -0.334, 1.472, 3.018, 4.07, 4.457, 4.223, 3.453, 2.244, 0.737, -0.9966, -2.8, -4.6, -6.29, -7.74, -8.92, -9.766, -10.34, -10.766, -10.836, -10.695, -10.37, -10.09, -10.016, -10.24, -10.78, -11.6, -12.8, -14.305, -16.36, -18.83, -21.44, -23.94, -26.0, -27.28, -27.42, -26.17, -23.42, -19.27, -14.414, -9.234, -4.25, 0.3455, 4.258, 7.324, 9.36, 10.35, 10.414, 9.945, 9.266, 8.56, 7.88, 7.223, 6.67, 6.312, 6.125, 5.973, 5.77, 5.36, 4.836, 4.133, 3.37, 2.43, 1.3, -0.258, -2.2, -4.363, -6.887, -9.39, -12.016, -14.69, -17.48, -20.42, -23.22, -26.05, -28.38, -30.56, -31.98, -33.06, -33.1, -33.12, -32.1, -31.14, -29.27, -27.11, -24.14, -21.06, -17.48, -13.59, -9.67, -5.406, -1.306, 2.717, 6.4, 9.79, 12.77, 15.46, 17.64, 19.27, 20.17, 20.38, 19.77, 18.44, 16.5, 14.08, 11.45, 8.766, 6.38, 4.285, 2.654, 1.38, 0.6235, 0.04578, -0.3152, -0.61, -0.8286, -1.172, -1.63, -2.35, -3.424, -5.01, -6.902, -8.95, -10.945, -12.625, -13.77, -14.164, -13.61, -12.2, -9.84, -6.508, -2.148, 2.854, 7.97, 12.53, 15.83, 17.67, 18.02, 17.19, 15.375, 12.875, 10.02, 7.105, 4.27, 1.719, -0.376, -1.896, -2.586, -2.34, -1.225
-0.3477, 1.179, 2.111, 2.244, 1.661, 0.5796, -0.596, -1.446, -1.629, -0.953, 0.481, 2.36, 4.207, 5.684, 6.594, 6.824, 6.355, 5.34, 3.986, 2.547, 1.245, 0.1273, -0.7627, -1.329, -1.54, -1.328, -0.7617, 0.0987, 1.197, 2.494, 3.844, 5.074, 6.04, 6.582, 6.656, 6.383, 5.883, 5.32, 4.645, 3.842, 2.834, 1.635, 0.302, -1.0625, -2.336, -3.416, -4.18, -4.49, -4.297, -3.504, -2.143, -0.4165, 1.415, 3.07, 4.246, 4.766, 4.594, 3.846, 2.713, 1.269, -0.3994, -2.172, -3.953, -5.684, -7.266, -8.63, -9.734, -10.664, -11.33, -11.63, -11.64, -11.375, -11.17, -11.15, -11.39, -11.85, -12.52, -13.57, -15.086, -17.05, -19.3, -21.78, -24.12, -26.05, -27.25, -27.3, -25.89, -22.94, -18.6, -13.52, -8.21, -3.229, 1.16, 4.957, 7.812, 9.625, 10.516, 10.56, 10.12, 9.47, 8.87, 8.34, 7.83, 7.402, 7.125, 7.043, 6.918, 6.703, 6.234, 5.6, 4.87, 4.047, 3.086, 1.997, 0.4705, -1.328, -3.338, -5.72, -8.164, -10.85, -13.59, -16.5, -19.42, -22.3, -25.1, -27.5, -29.8, -31.39, -32.75, -33.03, -33.22, -32.5, -31.73, -30.02, -28.16, -25.44, -22.48, -19.02, -15.15, -11.25, -7.098, -3.027, 1.044, 4.84, 8.305, 11.52, 14.44, 16.81, 18.7, 20.0, 20.52, 20.17, 19.12, 17.52, 15.25, 12.79, 10.32, 8.05, 6.08, 4.543, 3.244, 2.316, 1.533, 0.948, 0.372, -0.1606, -0.807, -1.587, -2.635, -4.043, -5.91, -8.016, -10.234, -12.3, -13.96, -15.0, -15.19, -14.53, -12.99, -10.56, -7.125, -2.746, 2.234, 7.273, 11.695, 14.984, 16.86, 17.27, 16.47, 14.63, 12.1, 9.11, 6.03, 3.01, 0.4297, -1.556, -2.883, -3.436, -3.11, -1.96
-1.122, 0.4749, 1.512, 1.884, 1.549, 0.6523, -0.4429, -1.246, -1.441, -0.7827, 0.6396, 2.553, 4.516, 6.16, 7.26, 7.63, 7.227, 6.277, 4.977, 3.53, 2.162, 0.9395, -0.1418, -0.9507, -1.383, -1.361, -0.9194, -0.1371, 0.8823, 2.041, 3.24, 4.29, 5.12, 5.64, 5.81, 5.652, 5.293, 4.82, 4.168, 3.305, 2.256, 1.044, -0.271, -1.613, -2.895, -4.0, -4.742, -4.95, -4.617, -3.691, -2.242, -0.4844, 1.375, 3.076, 4.344, 4.938, 4.805, 4.066, 2.96, 1.566, -0.0613, -1.788, -3.492, -5.17, -6.75, -8.2, -9.55, -10.805, -11.81, -12.39, -12.54, -12.35, -12.18, -12.16, -12.414, -12.86, -13.5, -14.57, -16.06, -17.98, -20.11, -22.34, -24.39, -26.0, -26.95, -26.88, -25.28, -22.11, -17.66, -12.516, -7.22, -2.309, 2.082, 5.73, 8.445, 10.11, 10.86, 10.79, 10.27, 9.67, 9.164, 8.75, 8.414, 8.16, 7.992, 7.965, 7.832, 7.61, 7.098, 6.383, 5.555, 4.688, 3.684, 2.598, 1.17, -0.5146, -2.42, -4.656, -7.03, -9.695, -12.53, -15.57, -18.5, -21.38, -24.16, -26.67, -29.1, -30.8, -32.25, -32.78, -33.12, -32.75, -32.1, -30.66, -29.0, -26.47, -23.55, -20.22, -16.56, -12.79, -8.74, -4.703, -0.6206, 3.258, 6.92, 10.266, 13.32, 15.875, 18.14, 19.7, 20.64, 20.66, 20.05, 18.53, 16.7, 14.45, 12.25, 10.266, 8.45, 6.99, 5.676, 4.496, 3.451, 2.543, 1.638, 0.7637, -0.2185, -1.427, -2.906, -4.8, -7.027, -9.35, -11.72, -13.81, -15.42, -16.34, -16.4, -15.59, -13.9, -11.305, -7.758, -3.377, 1.439, 6.23, 10.516, 13.74, 15.66, 16.2, 15.445, 13.625, 11.055, 7.934, 4.688, 1.568, -0.9937, -2.85, -3.979, -4.355, -3.967, -2.775
-2.027, -0.3098, 0.9062, 1.514, 1.407, 0.7256, -0.2798, -1.13, -1.416, -0.817, 0.6187, 2.596, 4.707, 6.51, 7.754, 8.25, 7.984, 7.145, 5.97, 4.605, 3.174, 1.807, 0.528, -0.527, -1.164, -1.306, -0.981, -0.2903, 0.6426, 1.657, 2.66, 3.557, 4.285, 4.844, 5.105, 5.082, 4.836, 4.41, 3.703, 2.746, 1.576, 0.3274, -0.972, -2.248, -3.477, -4.543, -5.203, -5.3, -4.793, -3.703, -2.178, -0.3838, 1.465, 3.15, 4.42, 5.027, 4.91, 4.188, 3.098, 1.711, 0.1499, -1.518, -3.139, -4.74, -6.258, -7.773, -9.34, -10.93, -12.24, -13.04, -13.34, -13.29, -13.195, -13.234, -13.46, -13.87, -14.53, -15.664, -17.17, -19.06, -21.08, -23.02, -24.73, -26.03, -26.64, -26.23, -24.36, -21.0, -16.5, -11.35, -6.125, -1.251, 3.11, 6.59, 9.19, 10.8, 11.414, 11.22, 10.67, 10.055, 9.56, 9.25, 9.125, 8.984, 8.93, 8.89, 8.74, 8.4, 7.836, 7.098, 6.188, 5.258, 4.23, 3.129, 1.773, 0.1879, -1.606, -3.707, -5.992, -8.68, -11.54, -14.51, -17.52, -20.38, -23.19, -25.83, -28.3, -30.11, -31.66, -32.38, -32.9, -32.78, -32.4, -31.1, -29.52, -27.11, -24.45, -21.28, -17.86, -14.22, -10.305, -6.344, -2.174, 1.801, 5.57, 8.96, 12.15, 15.016, 17.5, 19.36, 20.61, 20.98, 20.66, 19.64, 18.11, 16.28, 14.47, 12.78, 11.18, 9.734, 8.4, 7.027, 5.668, 4.414, 3.168, 1.916, 0.5396, -1.185, -3.25, -5.707, -8.36, -10.945, -13.43, -15.555, -17.11, -17.92, -17.75, -16.78, -14.84, -12.06, -8.4, -4.098, 0.5566, 5.145, 9.234, 12.34, 14.266, 14.87, 14.19, 12.375, 9.7, 6.492, 3.121, 0.007156, -2.477, -4.16, -5.117, -5.35, -4.895, -3.71
-3.025, -1.114, 0.3691, 1.2, 1.262, 0.704, -0.23, -1.107, -1.449, -0.8755, 0.5767, 2.635, 4.85, 6.76, 8.1, 8.69, 8.56, 7.895, 6.87, 5.594, 4.176, 2.691, 1.257, 0.01274, -0.822, -1.141, -0.9746, -0.4207, 0.3867, 1.266, 2.105, 2.885, 3.59, 4.184, 4.55, 4.656, 4.473, 3.998, 3.176, 2.07, 0.784, -0.511, -1.753, -2.92, -4.05, -5.023, -5.566, -5.543, -4.855, -3.625, -2.037, -0.2401, 1.605, 3.242, 4.484, 5.06, 4.945, 4.293, 3.248, 1.92, 0.4026, -1.241, -2.818, -4.38, -5.926, -7.535, -9.26, -11.03, -12.51, -13.5, -14.055, -14.234, -14.3, -14.39, -14.6, -15.0, -15.72, -16.84, -18.31, -20.1, -21.94, -23.67, -25.06, -26.12, -26.31, -25.53, -23.33, -19.8, -15.23, -9.98, -4.758, 0.0441, 4.27, 7.656, 10.125, 11.58, 12.016, 11.766, 11.19, 10.586, 10.13, 9.91, 9.92, 9.91, 9.88, 9.76, 9.516, 9.11, 8.43, 7.61, 6.668, 5.707, 4.668, 3.588, 2.307, 0.8027, -0.9062, -2.877, -5.086, -7.61, -10.38, -13.36, -16.31, -19.14, -21.95, -24.7, -27.28, -29.27, -30.89, -31.98, -32.66, -32.66, -32.4, -31.28, -29.8, -27.56, -25.19, -22.23, -19.08, -15.66, -11.86, -7.938, -3.748, 0.2437, 4.07, 7.59, 10.89, 13.94, 16.67, 18.86, 20.4, 21.14, 21.28, 20.73, 19.58, 18.23, 16.75, 15.4, 13.945, 12.64, 11.2, 9.64, 8.016, 6.496, 4.94, 3.312, 1.37, -0.95, -3.703, -6.723, -9.78, -12.62, -15.14, -17.28, -18.77, -19.38, -19.1, -17.88, -15.71, -12.69, -8.97, -4.727, -0.2401, 4.11, 7.973, 10.97, 12.8, 13.31, 12.57, 10.664, 7.938, 4.68, 1.343, -1.643, -3.979, -5.566, -6.414, -6.586, -6.07, -4.805
-4.035, -1.925, -0.1746, 0.8384, 1.024, 0.5664, -0.274, -1.1, -1.414, -0.8525, 0.5684, 2.648, 4.94, 6.91, 8.3, 8.96, 8.96, 8.46, 7.582, 6.363, 4.96, 3.47, 1.985, 0.6626, -0.3271, -0.855, -0.916, -0.5654, 0.08496, 0.835, 1.561, 2.275, 2.977, 3.6, 4.062, 4.254, 4.074, 3.498, 2.564, 1.348, -0.01225, -1.331, -2.514, -3.604, -4.598, -5.43, -5.84, -5.684, -4.883, -3.564, -1.934, -0.1274, 1.675, 3.271, 4.445, 4.984, 4.93, 4.395, 3.475, 2.213, 0.7, -0.907, -2.508, -4.086, -5.668, -7.305, -9.164, -11.07, -12.72, -13.945, -14.695, -15.07, -15.37, -15.59, -15.88, -16.3, -16.94, -17.98, -19.33, -20.97, -22.64, -24.2, -25.45, -26.3, -26.27, -25.06, -22.38, -18.52, -13.766, -8.44, -3.217, 1.57, 5.664, 8.81, 11.086, 12.3, 12.59, 12.305, 11.82, 11.336, 10.95, 10.836, 10.91, 10.96, 10.91, 10.664, 10.25, 9.73, 8.945, 8.055, 7.08, 6.105, 5.07, 3.984, 2.77, 1.34, -0.3018, -2.11, -4.145, -6.53, -9.13, -12.04, -14.914, -17.8, -20.66, -23.39, -26.1, -28.31, -30.17, -31.44, -32.3, -32.47, -32.25, -31.25, -29.97, -27.9, -25.77, -23.02, -20.16, -16.98, -13.34, -9.51, -5.38, -1.396, 2.477, 6.11, 9.55, 12.85, 15.836, 18.3, 20.12, 21.23, 21.72, 21.61, 20.98, 20.11, 19.05, 18.03, 16.81, 15.6, 14.086, 12.38, 10.555, 8.77, 6.88, 4.812, 2.342, -0.568, -3.984, -7.598, -11.08, -14.18, -16.77, -18.83, -20.16, -20.6, -20.1, -18.69, -16.34, -13.19, -9.37, -5.11, -0.774, 3.336, 6.918, 9.65, 11.25, 11.57, 10.59, 8.52, 5.69, 2.482, -0.6616, -3.451, -5.598, -7.066, -7.82, -7.938, -7.344, -5.953
-4.984, -2.654, -0.7217, 0.4055, 0.675, 0.3103, -0.3838, -1.051, -1.273, -0.722, 0.652, 2.672, 4.92, 6.938, 8.38, 9.11, 9.21, 8.836, 8.06, 6.918, 5.55, 4.086, 2.643, 1.343, 0.2744, -0.472, -0.816, -0.738, -0.301, 0.321, 0.9917, 1.702, 2.414, 3.053, 3.545, 3.719, 3.518, 2.924, 1.952, 0.7026, -0.6753, -2.012, -3.162, -4.176, -5.09, -5.805, -6.12, -5.848, -4.945, -3.594, -1.961, -0.1715, 1.625, 3.197, 4.316, 4.812, 4.78, 4.324, 3.541, 2.426, 1.014, -0.56, -2.172, -3.793, -5.39, -7.117, -9.08, -11.09, -12.86, -14.266, -15.195, -15.9, -16.4, -16.92, -17.4, -17.77, -18.27, -19.16, -20.38, -21.9, -23.36, -24.77, -25.92, -26.53, -26.23, -24.61, -21.45, -17.25, -12.13, -6.71, -1.433, 3.262, 7.18, 10.09, 12.05, 13.016, 13.125, 12.9, 12.57, 12.28, 12.1, 12.1, 12.164, 12.11, 11.93, 11.56, 10.95, 10.28, 9.42, 8.44, 7.426, 6.445, 5.453, 4.383, 3.223, 1.87, 0.3562, -1.352, -3.256, -5.465, -7.844, -10.56, -13.39, -16.3, -19.23, -22.08, -24.86, -27.16, -29.14, -30.58, -31.62, -31.95, -31.88, -31.05, -29.95, -28.2, -26.19, -23.7, -21.16, -18.12, -14.61, -10.95, -6.926, -2.975, 0.9077, 4.637, 8.164, 11.664, 14.82, 17.6, 19.64, 21.17, 22.02, 22.34, 22.2, 21.83, 21.12, 20.44, 19.5, 18.47, 17.03, 15.26, 13.24, 11.055, 8.71, 6.168, 3.191, -0.2157, -4.203, -8.28, -12.07, -15.375, -18.02, -19.95, -21.16, -21.44, -20.75, -19.19, -16.67, -13.39, -9.52, -5.3, -1.105, 2.793, 6.035, 8.45, 9.69, 9.625, 8.32, 6.0, 3.102, -0.04303, -2.984, -5.516, -7.457, -8.805, -9.49, -9.44, -8.67, -7.12
-5.9, -3.291, -1.202, -0.02, 0.3298, 0.05185, -0.4983, -0.9785, -1.11, -0.591, 0.719, 2.682, 4.867, 6.863, 8.33, 9.11, 9.305, 9.02, 8.33, 7.27, 6.0, 4.633, 3.305, 2.062, 0.9263, -0.01953, -0.665, -0.9043, -0.7188, -0.253, 0.3777, 1.103, 1.83, 2.426, 2.838, 2.973, 2.81, 2.305, 1.39, 0.165, -1.216, -2.518, -3.625, -4.566, -5.445, -6.13, -6.383, -6.03, -5.07, -3.701, -2.074, -0.3054, 1.436, 2.967, 4.05, 4.58, 4.562, 4.156, 3.506, 2.523, 1.211, -0.287, -1.899, -3.523, -5.17, -6.99, -9.03, -11.125, -13.02, -14.586, -15.734, -16.7, -17.5, -18.27, -18.86, -19.3, -19.72, -20.52, -21.62, -22.94, -24.19, -25.38, -26.47, -26.73, -26.05, -23.97, -20.45, -15.79, -10.41, -4.81, 0.474, 5.094, 8.66, 11.29, 12.945, 13.695, 13.79, 13.63, 13.48, 13.4, 13.484, 13.59, 13.57, 13.37, 12.99, 12.42, 11.71, 10.89, 9.914, 8.87, 7.816, 6.81, 5.805, 4.727, 3.572, 2.31, 0.8853, -0.6978, -2.422, -4.434, -6.637, -9.195, -11.89, -14.766, -17.8, -20.6, -23.47, -25.95, -28.02, -29.55, -30.78, -31.27, -31.39, -30.78, -29.94, -28.36, -26.52, -24.22, -21.83, -19.0, -15.76, -12.19, -8.3, -4.492, -0.6455, 3.125, 6.727, 10.47, 13.71, 16.7, 19.0, 20.81, 21.98, 22.8, 23.19, 23.23, 22.97, 22.67, 21.97, 21.16, 19.8, 18.02, 15.78, 13.23, 10.42, 7.344, 3.871, -0.001816, -4.31, -8.74, -12.805, -16.22, -18.94, -20.8, -21.83, -21.98, -21.23, -19.48, -16.83, -13.43, -9.54, -5.363, -1.293, 2.338, 5.24, 7.25, 8.06, 7.605, 5.98, 3.463, 0.4622, -2.666, -5.47, -7.85, -9.66, -10.86, -11.31, -11.055, -10.03, -8.28
-6.676, -3.83, -1.602, -0.3677, 0.03464, -0.1537, -0.585, -0.909, -0.9663, -0.541, 0.6313, 2.51, 4.676, 6.68, 8.24, 9.09, 9.33, 9.12, 8.47, 7.508, 6.35, 5.152, 4.0, 2.832, 1.637, 0.4998, -0.4097, -0.9507, -1.021, -0.7407, -0.2069, 0.464, 1.127, 1.647, 1.974, 2.104, 2.008, 1.618, 0.8486, -0.2705, -1.5625, -2.842, -3.914, -4.848, -5.715, -6.37, -6.6, -6.22, -5.22, -3.799, -2.154, -0.4329, 1.249, 2.7, 3.742, 4.254, 4.227, 3.826, 3.248, 2.398, 1.22, -0.1818, -1.692, -3.28, -4.957, -6.832, -8.984, -11.23, -13.234, -14.87, -16.31, -17.5, -18.58, -19.52, -20.25, -20.77, -21.27, -22.02, -22.89, -23.92, -25.03, -26.03, -26.72, -26.66, -25.52, -22.94, -19.06, -14.07, -8.45, -2.809, 2.322, 6.715, 10.1, 12.52, 13.86, 14.49, 14.69, 14.734, 14.84, 14.96, 15.08, 15.19, 15.04, 14.625, 14.11, 13.34, 12.52, 11.59, 10.516, 9.41, 8.25, 7.12, 6.09, 5.0, 3.863, 2.67, 1.367, -0.0651, -1.675, -3.541, -5.527, -7.91, -10.555, -13.37, -16.4, -19.25, -21.97, -24.38, -26.5, -28.22, -29.5, -30.3, -30.53, -30.23, -29.5, -28.25, -26.61, -24.45, -22.25, -19.6, -16.66, -13.336, -9.67, -6.027, -2.316, 1.427, 5.098, 8.95, 12.31, 15.46, 17.97, 20.11, 21.73, 23.0, 23.88, 24.3, 24.34, 24.33, 23.92, 23.3, 22.03, 20.3, 17.84, 15.016, 11.766, 8.266, 4.375, 0.1486, -4.406, -9.03, -13.266, -16.8, -19.6, -21.42, -22.34, -22.39, -21.4, -19.48, -16.7, -13.28, -9.39, -5.305, -1.446, 1.889, 4.45, 6.016, 6.41, 5.65, 3.732, 1.001, -2.115, -5.215, -8.01, -10.32, -12.0, -12.95, -13.21, -12.69, -11.42, -9.305
-7.35, -4.31, -1.897, -0.586, -0.1609, -0.2957, -0.655, -0.9194, -0.9355, -0.5635, 0.4446, 2.152, 4.297, 6.375, 8.01, 8.945, 9.25, 9.09, 8.55, 7.656, 6.664, 5.668, 4.695, 3.611, 2.354, 1.051, -0.0865, -0.8564, -1.174, -1.109, -0.729, -0.1497, 0.406, 0.8394, 1.128, 1.263, 1.229, 0.948, 0.3218, -0.6675, -1.886, -3.13, -4.203, -5.152, -6.01, -6.625, -6.805, -6.38, -5.324, -3.834, -2.17, -0.4905, 1.12, 2.469, 3.379, 3.758, 3.668, 3.31, 2.822, 2.092, 1.12, -0.0794, -1.477, -3.025, -4.734, -6.715, -8.95, -11.24, -13.36, -15.23, -16.92, -18.3, -19.53, -20.58, -21.39, -22.14, -22.75, -23.5, -24.25, -25.0, -25.8, -26.48, -26.73, -26.23, -24.61, -21.56, -17.34, -12.08, -6.438, -0.832, 4.18, 8.38, 11.6, 13.72, 14.99, 15.61, 15.89, 16.02, 16.27, 16.52, 16.62, 16.66, 16.31, 15.66, 14.92, 14.06, 13.13, 12.14, 11.02, 9.836, 8.59, 7.332, 6.25, 5.207, 4.11, 2.973, 1.741, 0.381, -1.037, -2.69, -4.547, -6.73, -9.27, -12.05, -14.945, -17.8, -20.55, -22.9, -25.08, -26.86, -28.19, -29.02, -29.42, -29.31, -28.81, -27.77, -26.38, -24.45, -22.45, -20.0, -17.23, -14.2, -10.89, -7.54, -3.842, -0.1711, 3.492, 7.277, 10.62, 13.84, 16.61, 19.03, 21.02, 22.7, 23.97, 24.8, 25.22, 25.38, 25.19, 24.72, 23.62, 21.89, 19.3, 16.16, 12.62, 8.82, 4.7, 0.2708, -4.47, -9.234, -13.62, -17.27, -20.0, -21.83, -22.67, -22.44, -21.27, -19.16, -16.27, -12.76, -8.97, -5.03, -1.46, 1.536, 3.674, 4.746, 4.805, 3.707, 1.533, -1.29, -4.508, -7.617, -10.51, -12.77, -14.44, -15.24, -15.305, -14.46, -12.85, -10.38
-8.23, -4.934, -2.352, -0.869, -0.3313, -0.3672, -0.635, -0.9155, -1.018, -0.7163, 0.1985, 1.778, 3.842, 5.902, 7.543, 8.555, 8.96, 8.92, 8.51, 7.797, 6.98, 6.176, 5.324, 4.29, 3.0, 1.572, 0.2634, -0.6753, -1.203, -1.331, -1.111, -0.663, -0.2057, 0.1575, 0.4011, 0.5254, 0.521, 0.3318, -0.1661, -1.055, -2.26, -3.506, -4.598, -5.53, -6.332, -6.85, -6.938, -6.453, -5.344, -3.81, -2.13, -0.4841, 1.014, 2.209, 2.965, 3.205, 3.059, 2.727, 2.305, 1.726, 0.983, -0.02672, -1.291, -2.78, -4.527, -6.59, -8.91, -11.31, -13.555, -15.61, -17.47, -19.08, -20.38, -21.56, -22.56, -23.48, -24.27, -25.03, -25.61, -26.06, -26.45, -26.81, -26.69, -25.67, -23.45, -19.97, -15.305, -9.86, -4.19, 1.277, 6.14, 10.12, 13.086, 14.984, 16.14, 16.77, 17.2, 17.55, 17.88, 18.14, 18.17, 17.94, 17.36, 16.55, 15.55, 14.57, 13.57, 12.555, 11.41, 10.06, 8.75, 7.426, 6.27, 5.27, 4.254, 3.22, 2.105, 0.867, -0.4402, -1.947, -3.676, -5.676, -8.04, -10.69, -13.53, -16.4, -19.1, -21.45, -23.61, -25.36, -26.73, -27.58, -28.12, -28.14, -27.77, -26.98, -25.8, -24.14, -22.34, -20.11, -17.7, -14.95, -11.99, -8.81, -5.266, -1.817, 1.818, 5.418, 8.72, 11.92, 14.77, 17.36, 19.78, 21.69, 23.33, 24.38, 25.11, 25.48, 25.6, 25.38, 24.31, 22.61, 19.97, 16.73, 13.04, 9.11, 4.89, 0.3247, -4.54, -9.4, -13.805, -17.47, -20.19, -21.9, -22.58, -22.11, -20.7, -18.42, -15.36, -11.83, -8.11, -4.418, -1.185, 1.371, 3.041, 3.725, 3.328, 1.862, -0.4758, -3.434, -6.79, -9.99, -13.02, -15.36, -17.02, -17.7, -17.5, -16.34, -14.336, -11.586
-9.33, -5.72, -3.002, -1.333, -0.584, -0.4595, -0.6255, -0.87, -1.062, -0.8667, -0.0391, 1.436, 3.363, 5.305, 6.87, 7.934, 8.484, 8.6, 8.35, 7.82, 7.176, 6.53, 5.785, 4.78, 3.47, 1.974, 0.6123, -0.4294, -1.08, -1.356, -1.302, -1.029, -0.6816, -0.3918, -0.1967, -0.0967, -0.08185, -0.2284, -0.6797, -1.531, -2.736, -4.01, -5.11, -5.98, -6.63, -6.992, -6.938, -6.35, -5.207, -3.678, -2.041, -0.504, 0.825, 1.864, 2.498, 2.64, 2.47, 2.209, 1.888, 1.444, 0.863, -0.013855, -1.18, -2.63, -4.402, -6.477, -8.8, -11.21, -13.6, -15.91, -18.02, -19.81, -21.34, -22.58, -23.72, -24.81, -25.62, -26.22, -26.58, -26.84, -27.0, -27.05, -26.56, -25.12, -22.3, -18.31, -13.26, -7.574, -1.877, 3.54, 8.25, 11.95, 14.71, 16.4, 17.5, 18.25, 18.86, 19.33, 19.56, 19.77, 19.48, 18.98, 18.11, 17.03, 15.84, 14.71, 13.664, 12.56, 11.41, 10.08, 8.71, 7.406, 6.234, 5.246, 4.312, 3.385, 2.41, 1.3, 0.1309, -1.202, -2.754, -4.582, -6.773, -9.31, -12.125, -14.914, -17.6, -19.98, -22.17, -23.94, -25.31, -26.12, -26.67, -26.77, -26.61, -25.95, -25.0, -23.64, -22.1, -20.14, -18.05, -15.586, -12.87, -9.945, -6.61, -3.38, 0.08014, 3.465, 6.645, 9.7, 12.6, 15.36, 17.92, 20.12, 22.06, 23.38, 24.42, 24.97, 25.3, 25.14, 24.14, 22.5, 19.92, 16.66, 13.05, 9.234, 5.05, 0.4578, -4.477, -9.37, -13.72, -17.31, -19.88, -21.53, -22.03, -21.4, -19.72, -17.22, -14.1, -10.64, -7.03, -3.625, -0.749, 1.425, 2.666, 2.951, 2.09, 0.2908, -2.361, -5.645, -9.19, -12.65, -15.734, -18.1, -19.66, -20.16, -19.69, -18.36, -16.02, -12.99
-10.55, -6.727, -3.688, -1.745, -0.7744, -0.4956, -0.62, -0.8545, -1.044, -0.865, -0.1222, 1.199, 2.955, 4.715, 6.152, 7.21, 7.86, 8.125, 8.03, 7.656, 7.18, 6.69, 6.062, 5.1, 3.791, 2.299, 0.93, -0.1427, -0.867, -1.277, -1.406, -1.321, -1.107, -0.8984, -0.7417, -0.643, -0.6577, -0.84, -1.297, -2.13, -3.295, -4.53, -5.605, -6.39, -6.883, -7.027, -6.805, -6.14, -5.01, -3.547, -2.006, -0.586, 0.5684, 1.433, 1.936, 2.076, 1.983, 1.815, 1.577, 1.229, 0.726, -0.02475, -1.1, -2.55, -4.34, -6.445, -8.766, -11.21, -13.734, -16.19, -18.45, -20.36, -22.1, -23.48, -24.73, -25.89, -26.7, -27.16, -27.33, -27.4, -27.4, -27.25, -26.39, -24.42, -21.1, -16.39, -10.92, -5.01, 0.7905, 6.035, 10.58, 14.06, 16.45, 18.06, 19.17, 19.95, 20.61, 21.1, 21.27, 21.16, 20.62, 19.84, 18.8, 17.5, 16.11, 14.836, 13.65, 12.49, 11.195, 9.82, 8.48, 7.23, 6.16, 5.293, 4.453, 3.604, 2.72, 1.73, 0.6724, -0.5, -1.815, -3.46, -5.547, -7.938, -10.63, -13.37, -16.0, -18.48, -20.66, -22.44, -23.88, -24.75, -25.25, -25.39, -25.2, -24.89, -24.11, -23.03, -21.69, -20.05, -18.2, -15.98, -13.56, -10.93, -7.887, -4.934, -1.747, 1.402, 4.445, 7.37, 10.164, 12.96, 15.68, 18.05, 20.16, 21.66, 22.9, 23.72, 24.14, 24.12, 23.25, 21.7, 19.17, 16.11, 12.74, 9.08, 5.023, 0.5044, -4.402, -9.195, -13.44, -16.84, -19.3, -20.78, -21.17, -20.38, -18.5, -15.84, -12.68, -9.24, -5.77, -2.602, -0.04755, 1.766, 2.61, 2.455, 1.153, -1.145, -4.367, -8.1, -12.016, -15.74, -18.95, -21.23, -22.58, -22.77, -21.94, -20.28, -17.58, -14.29
-11.47, -7.613, -4.4, -2.137, -0.906, -0.4907, -0.603, -0.845, -1.038, -0.8657, -0.1599, 1.06, 2.637, 4.203, 5.496, 6.48, 7.15, 7.508, 7.535, 7.297, 6.957, 6.61, 6.16, 5.344, 4.1, 2.633, 1.269, 0.1667, -0.636, -1.198, -1.539, -1.65, -1.589, -1.465, -1.342, -1.273, -1.31, -1.527, -1.996, -2.816, -3.895, -4.996, -5.95, -6.67, -7.035, -6.996, -6.605, -5.863, -4.746, -3.375, -2.012, -0.7925, 0.1748, 0.8955, 1.36, 1.586, 1.576, 1.47, 1.306, 1.047, 0.607, -0.0912, -1.143, -2.582, -4.37, -6.465, -8.76, -11.164, -13.62, -16.17, -18.58, -20.78, -22.69, -24.27, -25.64, -26.77, -27.48, -27.81, -27.75, -27.69, -27.64, -27.38, -26.1, -23.53, -19.44, -14.125, -8.23, -2.299, 3.514, 8.64, 12.984, 16.28, 18.42, 19.92, 21.02, 21.97, 22.64, 23.05, 23.11, 22.69, 21.86, 20.7, 19.4, 17.9, 16.38, 14.94, 13.625, 12.33, 11.016, 9.64, 8.305, 7.156, 6.22, 5.49, 4.74, 3.918, 3.094, 2.18, 1.226, 0.2197, -0.9634, -2.447, -4.383, -6.594, -9.164, -11.84, -14.445, -16.86, -19.08, -20.81, -22.2, -23.19, -23.72, -23.81, -23.78, -23.48, -22.97, -22.12, -21.08, -19.67, -18.05, -16.1, -13.95, -11.63, -8.984, -6.28, -3.375, -0.559, 2.246, 4.934, 7.652, 10.41, 13.125, 15.53, 17.78, 19.42, 20.9, 21.8, 22.39, 22.42, 21.61, 20.27, 17.94, 15.22, 12.15, 8.76, 4.9, 0.4998, -4.33, -8.98, -13.03, -16.17, -18.45, -19.78, -20.02, -19.05, -17.03, -14.29, -11.055, -7.605, -4.266, -1.346, 0.935, 2.389, 2.82, 2.17, 0.3381, -2.658, -6.547, -10.96, -15.41, -19.4, -22.67, -24.73, -25.73, -25.48, -24.14, -21.94, -18.94, -15.35
-12.125, -8.08, -4.703, -2.305, -1.026, -0.596, -0.7236, -0.9727, -1.111, -0.909, -0.2067, 0.93, 2.338, 3.707, 4.88, 5.82, 6.504, 6.887, 6.957, 6.81, 6.574, 6.395, 6.14, 5.54, 4.438, 3.037, 1.629, 0.463, -0.4521, -1.19, -1.726, -2.004, -2.076, -2.05, -2.004, -1.996, -2.088, -2.318, -2.805, -3.555, -4.504, -5.44, -6.26, -6.836, -7.074, -6.906, -6.418, -5.625, -4.55, -3.332, -2.164, -1.127, -0.2952, 0.3425, 0.8228, 1.126, 1.211, 1.158, 1.009, 0.771, 0.3782, -0.2612, -1.208, -2.553, -4.34, -6.438, -8.7, -11.09, -13.56, -16.08, -18.66, -20.98, -23.0, -24.77, -26.17, -27.44, -28.1, -28.39, -28.31, -28.16, -27.92, -27.22, -25.52, -22.27, -17.62, -11.76, -5.586, 0.5483, 6.316, 11.22, 15.33, 18.39, 20.47, 21.97, 23.08, 24.06, 24.64, 24.92, 24.67, 23.94, 22.84, 21.48, 19.88, 18.27, 16.62, 15.086, 13.66, 12.23, 10.86, 9.53, 8.305, 7.273, 6.45, 5.76, 5.1, 4.31, 3.504, 2.678, 1.78, 0.882, -0.2145, -1.567, -3.338, -5.38, -7.734, -10.25, -12.74, -15.14, -17.27, -19.12, -20.5, -21.55, -22.05, -22.19, -22.22, -21.92, -21.58, -20.97, -20.1, -18.92, -17.55, -15.88, -14.06, -12.06, -9.76, -7.395, -4.87, -2.393, 0.1846, 2.67, 5.227, 7.832, 10.36, 12.76, 14.91, 16.61, 18.17, 19.2, 19.94, 20.08, 19.45, 18.33, 16.39, 14.016, 11.33, 8.23, 4.625, 0.3882, -4.266, -8.664, -12.44, -15.25, -17.3, -18.48, -18.58, -17.48, -15.375, -12.53, -9.25, -5.867, -2.66, 0.10815, 2.123, 3.17, 3.184, 1.976, -0.567, -4.46, -9.234, -14.414, -19.3, -23.5, -26.56, -28.23, -28.69, -28.0, -26.16, -23.33, -19.98, -16.17
-12.34, -8.21, -4.773, -2.352, -1.132, -0.7925, -0.9644, -1.249, -1.33, -1.044, -0.3462, 0.719, 1.999, 3.23, 4.312, 5.22, 5.91, 6.293, 6.375, 6.285, 6.22, 6.223, 6.19, 5.793, 4.84, 3.469, 2.035, 0.7603, -0.328, -1.244, -1.948, -2.355, -2.535, -2.6, -2.664, -2.781, -2.955, -3.21, -3.64, -4.246, -5.0, -5.797, -6.484, -6.934, -7.074, -6.87, -6.36, -5.56, -4.543, -3.44, -2.408, -1.525, -0.796, -0.1841, 0.3513, 0.7017, 0.8184, 0.7397, 0.575, 0.3816, 0.0649, -0.4678, -1.286, -2.53, -4.277, -6.33, -8.51, -10.85, -13.336, -15.89, -18.45, -20.94, -23.11, -25.06, -26.6, -28.0, -28.69, -28.95, -28.89, -28.61, -28.14, -26.95, -24.56, -20.69, -15.29, -9.11, -2.756, 3.316, 8.83, 13.516, 17.39, 20.36, 22.48, 24.11, 25.27, 26.17, 26.6, 26.56, 25.97, 24.86, 23.56, 22.1, 20.44, 18.7, 16.98, 15.35, 13.86, 12.43, 11.016, 9.695, 8.49, 7.527, 6.73, 6.062, 5.4, 4.645, 3.855, 3.084, 2.305, 1.487, 0.524, -0.71, -2.322, -4.215, -6.36, -8.67, -10.99, -13.305, -15.43, -17.3, -18.78, -19.84, -20.39, -20.58, -20.52, -20.19, -19.89, -19.33, -18.64, -17.7, -16.5, -15.11, -13.58, -11.86, -9.98, -8.01, -5.906, -3.8, -1.567, 0.6167, 2.88, 5.25, 7.49, 9.66, 11.71, 13.336, 14.945, 16.06, 16.86, 17.14, 16.86, 15.98, 14.46, 12.57, 10.27, 7.453, 4.07, 0.09204, -4.19, -8.25, -11.65, -14.25, -16.12, -17.08, -16.94, -15.79, -13.67, -10.734, -7.43, -4.05, -0.9053, 1.678, 3.42, 4.12, 3.678, 1.79, -1.666, -6.58, -12.28, -18.05, -23.34, -27.47, -30.19, -31.45, -31.27, -30.0, -27.67, -24.42, -20.62, -16.55
-12.21, -8.11, -4.734, -2.396, -1.31, -1.175, -1.433, -1.688, -1.631, -1.221, -0.5093, 0.483, 1.654, 2.787, 3.777, 4.64, 5.285, 5.625, 5.72, 5.758, 5.88, 6.12, 6.31, 6.1, 5.28, 3.977, 2.514, 1.082, -0.1973, -1.301, -2.113, -2.646, -2.932, -3.059, -3.242, -3.463, -3.715, -3.988, -4.33, -4.78, -5.402, -6.07, -6.668, -7.04, -7.137, -6.914, -6.418, -5.67, -4.707, -3.682, -2.725, -1.91, -1.213, -0.609, -0.103, 0.1713, 0.2206, 0.1011, -0.03586, -0.1383, -0.33, -0.717, -1.359, -2.441, -4.004, -5.934, -8.17, -10.64, -13.18, -15.76, -18.33, -20.84, -23.11, -25.16, -26.86, -28.31, -29.22, -29.55, -29.36, -28.94, -28.02, -26.17, -23.08, -18.52, -12.73, -6.35, 0.01685, 5.99, 11.3, 15.84, 19.53, 22.42, 24.62, 26.38, 27.53, 28.33, 28.47, 28.03, 27.03, 25.72, 24.19, 22.55, 20.84, 19.12, 17.36, 15.695, 14.18, 12.69, 11.3, 10.0, 8.8, 7.855, 7.1, 6.332, 5.586, 4.84, 4.09, 3.389, 2.732, 2.041, 1.185, 0.07404, -1.361, -3.064, -4.992, -7.08, -9.27, -11.49, -13.61, -15.52, -17.11, -18.19, -18.83, -18.97, -18.81, -18.4, -17.92, -17.38, -16.73, -15.9, -14.82, -13.6, -12.2, -10.77, -9.25, -7.69, -6.094, -4.426, -2.646, -0.893, 0.935, 2.896, 4.773, 6.64, 8.46, 10.0, 11.47, 12.6, 13.445, 13.945, 13.92, 13.54, 12.47, 11.01, 8.945, 6.402, 3.326, -0.3164, -4.203, -7.86, -10.84, -13.17, -14.85, -15.625, -15.336, -14.05, -11.77, -8.79, -5.47, -2.057, 1.052, 3.473, 4.996, 5.375, 4.324, 1.504, -2.986, -8.78, -15.16, -21.3, -26.58, -30.47, -32.84, -33.72, -33.0, -31.14, -28.36, -24.81, -20.7, -16.45
-11.83, -7.848, -4.703, -2.578, -1.678, -1.704, -2.021, -2.191, -1.967, -1.396, -0.6157, 0.3193, 1.344, 2.37, 3.258, 4.027, 4.59, 4.875, 4.98, 5.16, 5.484, 5.953, 6.305, 6.254, 5.62, 4.43, 2.975, 1.466, 0.02455, -1.199, -2.125, -2.791, -3.19, -3.41, -3.697, -4.016, -4.316, -4.6, -4.895, -5.258, -5.773, -6.344, -6.844, -7.13, -7.16, -6.914, -6.477, -5.797, -4.883, -3.906, -3.0, -2.225, -1.599, -1.057, -0.672, -0.4956, -0.5347, -0.6733, -0.7383, -0.717, -0.774, -1.005, -1.47, -2.393, -3.793, -5.637, -7.9, -10.34, -12.875, -15.49, -18.08, -20.6, -22.98, -25.22, -27.17, -28.7, -29.6, -29.81, -29.6, -28.95, -27.56, -25.12, -21.23, -16.1, -9.9, -3.354, 2.967, 8.77, 13.805, 18.05, 21.52, 24.33, 26.56, 28.4, 29.6, 30.22, 30.11, 29.34, 28.11, 26.55, 24.92, 23.27, 21.56, 19.8, 18.0, 16.17, 14.6, 13.05, 11.664, 10.375, 9.21, 8.16, 7.34, 6.535, 5.754, 4.977, 4.2, 3.584, 3.074, 2.533, 1.803, 0.808, -0.475, -1.945, -3.648, -5.54, -7.605, -9.77, -11.875, -13.83, -15.47, -16.67, -17.4, -17.47, -17.19, -16.61, -15.984, -15.28, -14.55, -13.59, -12.5, -11.29, -10.03, -8.734, -7.54, -6.375, -5.305, -4.17, -2.982, -1.709, -0.3428, 1.122, 2.543, 4.08, 5.535, 6.94, 8.28, 9.36, 10.22, 10.81, 11.17, 11.15, 10.51, 9.43, 7.668, 5.363, 2.502, -0.8203, -4.23, -7.383, -10.0, -12.02, -13.48, -14.14, -13.74, -12.32, -9.96, -6.906, -3.486, -0.01689, 3.086, 5.49, 6.81, 6.754, 4.863, 1.081, -4.312, -10.82, -17.48, -23.64, -28.58, -32.06, -34.0, -34.34, -33.3, -31.12, -28.1, -24.39, -20.3, -16.05
-11.21, -7.504, -4.637, -2.805, -2.098, -2.275, -2.594, -2.611, -2.213, -1.464, -0.5776, 0.2993, 1.148, 2.008, 2.766, 3.404, 3.857, 4.082, 4.203, 4.465, 4.93, 5.51, 6.004, 6.125, 5.695, 4.723, 3.387, 1.888, 0.391, -0.949, -2.02, -2.791, -3.291, -3.664, -4.062, -4.49, -4.82, -5.062, -5.316, -5.65, -6.082, -6.58, -6.973, -7.18, -7.13, -6.848, -6.41, -5.773, -4.934, -4.047, -3.223, -2.521, -1.987, -1.575, -1.365, -1.324, -1.435, -1.53, -1.462, -1.298, -1.204, -1.364, -1.806, -2.584, -3.777, -5.44, -7.574, -10.05, -12.74, -15.36, -17.92, -20.42, -22.86, -25.2, -27.33, -29.0, -30.0, -30.16, -29.75, -28.66, -26.6, -23.47, -19.0, -13.42, -7.086, -0.4775, 5.816, 11.51, 16.44, 20.58, 23.98, 26.88, 29.11, 30.86, 31.98, 32.25, 31.9, 30.86, 29.34, 27.62, 25.84, 24.12, 22.38, 20.53, 18.64, 16.83, 15.164, 13.586, 12.164, 10.84, 9.63, 8.48, 7.496, 6.61, 5.785, 5.08, 4.36, 3.822, 3.41, 2.93, 2.305, 1.503, 0.402, -0.893, -2.377, -4.055, -5.957, -8.05, -10.18, -12.19, -13.91, -15.17, -15.95, -16.14, -15.77, -15.14, -14.28, -13.34, -12.336, -11.24, -9.96, -8.68, -7.355, -6.13, -5.164, -4.4, -3.85, -3.246, -2.662, -1.912, -1.057, -0.0885, 0.962, 2.146, 3.3, 4.566, 5.66, 6.633, 7.453, 8.17, 8.77, 8.984, 8.69, 7.82, 6.28, 4.16, 1.58, -1.331, -4.24, -6.86, -9.09, -10.81, -12.016, -12.555, -12.164, -10.69, -8.25, -5.066, -1.484, 2.06, 5.273, 7.703, 8.81, 8.21, 5.508, 0.84, -5.145, -11.94, -18.53, -24.38, -28.9, -31.97, -33.44, -33.4, -32.12, -29.86, -26.78, -23.12, -19.19, -15.195
-10.3, -7.035, -4.535, -3.047, -2.531, -2.719, -2.957, -2.855, -2.328, -1.474, -0.53, 0.3079, 1.059, 1.759, 2.299, 2.748, 3.098, 3.27, 3.402, 3.684, 4.2, 4.86, 5.473, 5.746, 5.562, 4.84, 3.713, 2.316, 0.78, -0.666, -1.838, -2.68, -3.297, -3.793, -4.31, -4.832, -5.22, -5.43, -5.652, -5.97, -6.34, -6.746, -7.055, -7.19, -7.066, -6.74, -6.273, -5.656, -4.934, -4.17, -3.455, -2.89, -2.49, -2.25, -2.201, -2.287, -2.41, -2.404, -2.225, -1.976, -1.821, -1.943, -2.371, -3.041, -4.04, -5.48, -7.43, -9.79, -12.39, -15.03, -17.7, -20.2, -22.7, -25.2, -27.42, -29.12, -30.08, -30.02, -29.38, -27.9, -25.52, -21.8, -16.73, -10.67, -4.06, 2.66, 8.9, 14.484, 19.27, 23.25, 26.52, 29.17, 31.34, 32.78, 33.66, 33.78, 33.3, 32.2, 30.69, 29.03, 27.16, 25.36, 23.52, 21.6, 19.61, 17.62, 15.83, 14.23, 12.72, 11.35, 10.05, 8.82, 7.69, 6.77, 5.906, 5.203, 4.57, 4.094, 3.752, 3.35, 2.805, 2.133, 1.199, 0.02646, -1.302, -2.805, -4.55, -6.594, -8.65, -10.64, -12.35, -13.7, -14.58, -14.89, -14.63, -14.03, -13.03, -11.83, -10.58, -9.19, -7.68, -6.17, -4.734, -3.574, -2.795, -2.338, -2.22, -2.113, -2.072, -1.784, -1.331, -0.7983, -0.06287, 0.801, 1.711, 2.807, 3.695, 4.586, 5.324, 6.01, 6.63, 6.906, 6.793, 6.113, 4.75, 2.902, 0.596, -1.859, -4.258, -6.355, -8.164, -9.62, -10.71, -11.18, -10.73, -9.12, -6.574, -3.244, 0.4941, 4.234, 7.617, 10.08, 10.945, 9.72, 6.312, 0.9854, -5.35, -11.94, -18.2, -23.52, -27.64, -30.2, -31.25, -31.0, -29.64, -27.31, -24.44, -21.1, -17.39, -13.79
-9.03, -6.477, -4.484, -3.32, -2.988, -3.176, -3.273, -3.0, -2.375, -1.487, -0.547, 0.2527, 0.925, 1.449, 1.771, 2.006, 2.24, 2.383, 2.53, 2.826, 3.375, 4.105, 4.812, 5.234, 5.266, 4.8, 3.895, 2.645, 1.123, -0.3652, -1.607, -2.574, -3.316, -3.9, -4.484, -5.074, -5.484, -5.71, -5.895, -6.2, -6.55, -6.863, -7.117, -7.184, -7.004, -6.645, -6.168, -5.6, -4.99, -4.367, -3.799, -3.385, -3.115, -3.01, -3.06, -3.227, -3.373, -3.312, -3.098, -2.793, -2.64, -2.777, -3.174, -3.684, -4.414, -5.57, -7.246, -9.51, -12.16, -14.83, -17.44, -19.95, -22.42, -24.95, -27.33, -29.06, -29.97, -29.92, -28.9, -27.0, -24.05, -19.77, -14.31, -7.95, -1.201, 5.44, 11.71, 17.14, 21.8, 25.77, 29.08, 31.8, 33.78, 35.0, 35.6, 35.47, 34.78, 33.6, 32.1, 30.4, 28.56, 26.69, 24.8, 22.78, 20.69, 18.61, 16.7, 15.016, 13.4, 12.0, 10.59, 9.33, 8.09, 7.094, 6.17, 5.465, 4.926, 4.477, 4.117, 3.754, 3.275, 2.637, 1.816, 0.809, -0.3547, -1.721, -3.373, -5.312, -7.31, -9.195, -10.85, -12.2, -13.195, -13.68, -13.6, -13.04, -12.11, -10.82, -9.375, -7.75, -6.08, -4.438, -2.924, -1.782, -1.094, -0.8384, -1.016, -1.302, -1.612, -1.696, -1.54, -1.266, -0.744, -0.1746, 0.533, 1.373, 2.111, 2.89, 3.559, 4.133, 4.633, 4.855, 4.75, 4.17, 3.043, 1.413, -0.5933, -2.611, -4.426, -6.03, -7.402, -8.61, -9.59, -10.0, -9.48, -7.81, -5.03, -1.505, 2.42, 6.367, 9.91, 12.35, 13.0, 11.23, 7.324, 1.792, -4.555, -10.89, -16.64, -21.42, -24.97, -27.06, -27.8, -27.3, -25.88, -23.7, -21.1, -18.14, -14.94, -11.9
-7.66, -5.918, -4.543, -3.777, -3.64, -3.742, -3.625, -3.19, -2.457, -1.518, -0.623, 0.0897, 0.638, 0.9307, 1.018, 1.083, 1.211, 1.342, 1.527, 1.9, 2.531, 3.352, 4.152, 4.72, 4.918, 4.65, 3.92, 2.795, 1.367, -0.127, -1.462, -2.555, -3.41, -4.08, -4.7, -5.26, -5.66, -5.92, -6.1, -6.348, -6.656, -6.934, -7.152, -7.22, -7.035, -6.645, -6.133, -5.582, -5.07, -4.582, -4.18, -3.926, -3.807, -3.781, -3.879, -4.098, -4.285, -4.246, -4.055, -3.816, -3.797, -3.932, -4.23, -4.53, -4.92, -5.76, -7.156, -9.17, -11.66, -14.31, -16.98, -19.62, -22.2, -24.83, -27.22, -28.94, -29.61, -29.34, -28.19, -26.11, -22.69, -17.94, -11.984, -5.2, 1.762, 8.37, 14.51, 19.78, 24.22, 28.03, 31.12, 33.44, 35.1, 36.12, 36.44, 36.2, 35.56, 34.4, 33.06, 31.44, 29.73, 27.89, 26.03, 23.98, 21.75, 19.64, 17.58, 15.8, 14.17, 12.695, 11.28, 9.9, 8.61, 7.492, 6.605, 5.926, 5.4, 4.938, 4.562, 4.16, 3.686, 3.092, 2.352, 1.48, 0.4568, -0.774, -2.316, -4.1, -5.926, -7.76, -9.31, -10.72, -11.78, -12.48, -12.67, -12.336, -11.555, -10.34, -8.88, -7.234, -5.496, -3.748, -2.215, -1.059, -0.4707, -0.3215, -0.644, -1.149, -1.622, -1.931, -1.906, -1.805, -1.491, -1.172, -0.648, -0.07336, 0.5264, 1.17, 1.694, 2.113, 2.459, 2.545, 2.455, 1.946, 1.011, -0.34, -1.927, -3.467, -4.812, -5.95, -6.945, -7.92, -8.79, -9.02, -8.32, -6.445, -3.43, 0.3418, 4.527, 8.65, 12.31, 14.72, 15.07, 12.93, 8.664, 3.11, -3.025, -8.89, -14.125, -18.27, -21.23, -22.9, -23.44, -22.72, -21.36, -19.48, -17.16, -14.59, -12.16, -9.8
-6.445, -5.43, -4.773, -4.44, -4.4, -4.34, -4.066, -3.473, -2.645, -1.696, -0.8276, -0.1703, 0.2152, 0.217, 0.06885, -0.03568, -0.02936, 0.10455, 0.3838, 0.8955, 1.663, 2.617, 3.533, 4.21, 4.535, 4.438, 3.867, 2.87, 1.52, 0.01823, -1.3955, -2.584, -3.535, -4.316, -4.96, -5.49, -5.83, -6.11, -6.273, -6.453, -6.715, -6.977, -7.17, -7.215, -7.062, -6.67, -6.184, -5.633, -5.168, -4.773, -4.547, -4.465, -4.438, -4.453, -4.61, -4.902, -5.14, -5.254, -5.277, -5.242, -5.402, -5.46, -5.57, -5.562, -5.566, -6.04, -7.137, -8.945, -11.27, -13.88, -16.58, -19.27, -21.88, -24.5, -26.9, -28.66, -29.27, -28.9, -27.4, -24.8, -21.0, -15.695, -9.33, -2.408, 4.46, 10.95, 16.86, 21.94, 26.39, 30.14, 33.1, 35.44, 36.88, 37.5, 37.56, 37.12, 36.4, 35.25, 33.94, 32.34, 30.7, 28.95, 27.19, 25.14, 22.9, 20.69, 18.64, 16.72, 15.0, 13.48, 12.0, 10.586, 9.25, 8.05, 7.117, 6.453, 5.902, 5.38, 4.97, 4.55, 4.035, 3.486, 2.875, 2.148, 1.261, 0.1633, -1.199, -2.84, -4.504, -6.258, -7.777, -9.22, -10.41, -11.33, -11.83, -11.8, -11.24, -10.25, -8.95, -7.438, -5.76, -4.074, -2.574, -1.492, -0.936, -0.8213, -1.167, -1.643, -2.057, -2.41, -2.453, -2.498, -2.41, -2.31, -2.078, -1.774, -1.383, -0.9272, -0.63, -0.339, -0.1405, -0.1346, -0.1422, -0.527, -1.181, -2.158, -3.32, -4.387, -5.316, -6.06, -6.8, -7.637, -8.266, -8.29, -7.39, -5.19, -1.895, 2.13, 6.645, 11.05, 14.81, 17.11, 17.17, 14.78, 10.47, 5.098, -0.7646, -6.184, -10.89, -14.5, -17.06, -18.28, -18.52, -17.84, -16.55, -14.86, -12.9, -10.99, -9.27, -7.734
-5.39, -5.113, -5.004, -5.027, -5.137, -5.008, -4.586, -3.818, -2.916, -1.952, -1.108, -0.4985, -0.273, -0.4998, -0.861, -1.193, -1.296, -1.181, -0.8047, -0.192, 0.6924, 1.756, 2.76, 3.572, 4.035, 4.12, 3.775, 2.951, 1.68, 0.1932, -1.289, -2.59, -3.691, -4.625, -5.324, -5.84, -6.156, -6.355, -6.46, -6.574, -6.742, -6.98, -7.17, -7.223, -7.074, -6.742, -6.242, -5.69, -5.24, -4.88, -4.742, -4.734, -4.82, -4.97, -5.258, -5.695, -6.086, -6.47, -6.777, -7.09, -7.37, -7.37, -7.195, -6.844, -6.535, -6.62, -7.336, -8.78, -10.81, -13.27, -16.0, -18.81, -21.67, -24.48, -26.73, -28.25, -28.8, -28.19, -26.44, -23.45, -19.12, -13.445, -6.656, 0.499, 7.42, 13.77, 19.36, 24.27, 28.53, 32.0, 34.75, 36.72, 37.84, 38.16, 37.97, 37.44, 36.53, 35.3, 34.1, 32.6, 31.1, 29.48, 27.92, 26.06, 23.92, 21.73, 19.67, 17.67, 15.914, 14.28, 12.75, 11.25, 9.88, 8.7, 7.695, 6.895, 6.293, 5.73, 5.254, 4.785, 4.312, 3.83, 3.314, 2.746, 2.053, 1.133, -0.0414, -1.487, -3.023, -4.684, -6.324, -7.777, -9.13, -10.266, -11.016, -11.26, -10.94, -10.24, -9.23, -8.02, -6.6, -5.13, -3.773, -2.764, -2.17, -2.043, -2.242, -2.555, -2.867, -3.113, -3.225, -3.383, -3.518, -3.695, -3.861, -3.926, -3.838, -3.697, -3.537, -3.309, -3.146, -3.037, -2.895, -3.041, -3.31, -3.795, -4.406, -5.004, -5.54, -6.04, -6.723, -7.496, -8.07, -8.0, -6.85, -4.387, -0.7583, 3.77, 8.62, 13.37, 17.23, 19.38, 19.14, 16.81, 12.586, 7.555, 1.955, -3.09, -7.46, -10.625, -12.74, -13.734, -13.77, -13.07, -11.836, -10.44, -9.03, -7.727, -6.66, -5.93
-4.555, -4.758, -5.043, -5.41, -5.68, -5.54, -5.027, -4.168, -3.2, -2.201, -1.381, -0.808, -0.7124, -1.082, -1.687, -2.225, -2.447, -2.373, -1.966, -1.362, -0.4548, 0.657, 1.742, 2.68, 3.322, 3.633, 3.533, 2.94, 1.832, 0.3977, -1.119, -2.578, -3.908, -5.05, -5.863, -6.418, -6.75, -6.82, -6.81, -6.797, -6.832, -6.957, -7.137, -7.215, -7.055, -6.727, -6.215, -5.69, -5.22, -4.9, -4.71, -4.707, -4.883, -5.242, -5.766, -6.5, -7.207, -7.957, -8.66, -9.32, -9.766, -9.766, -9.3, -8.57, -7.85, -7.55, -7.832, -8.875, -10.586, -12.805, -15.4, -18.22, -21.08, -23.98, -26.38, -27.97, -28.36, -27.45, -25.25, -21.7, -16.86, -10.734, -3.768, 3.34, 10.016, 16.19, 21.58, 26.38, 30.55, 34.0, 36.66, 38.47, 39.4, 39.56, 39.1, 38.25, 37.1, 35.75, 34.34, 32.8, 31.38, 30.03, 28.6, 26.84, 24.9, 22.78, 20.64, 18.66, 16.86, 15.086, 13.51, 11.945, 10.47, 9.24, 8.164, 7.273, 6.555, 5.93, 5.402, 4.91, 4.5, 4.133, 3.748, 3.348, 2.771, 1.963, 1.006, -0.2302, -1.661, -3.23, -4.89, -6.465, -7.996, -9.26, -10.17, -10.62, -10.625, -10.305, -9.64, -8.766, -7.67, -6.47, -5.26, -4.336, -3.752, -3.54, -3.525, -3.68, -3.836, -3.975, -4.164, -4.434, -4.824, -5.406, -6.004, -6.496, -6.816, -6.89, -6.875, -6.67, -6.426, -6.047, -5.637, -5.324, -5.047, -4.97, -4.953, -5.098, -5.367, -5.85, -6.59, -7.434, -8.07, -7.938, -6.57, -3.803, 0.2437, 5.285, 10.66, 15.836, 19.7, 21.75, 21.33, 19.03, 15.055, 10.266, 5.035, 0.1711, -3.82, -6.72, -8.59, -9.49, -9.445, -8.77, -7.66, -6.56, -5.652, -4.97, -4.582, -4.508
-3.684, -4.266, -4.875, -5.47, -5.87, -5.754, -5.23, -4.35, -3.334, -2.34, -1.536, -1.019, -1.021, -1.532, -2.377, -3.066, -3.428, -3.445, -3.154, -2.623, -1.845, -0.768, 0.3682, 1.447, 2.346, 2.965, 3.166, 2.805, 1.857, 0.5063, -1.011, -2.621, -4.18, -5.547, -6.56, -7.195, -7.508, -7.527, -7.406, -7.227, -7.047, -7.01, -7.14, -7.188, -7.0, -6.605, -6.062, -5.54, -5.05, -4.695, -4.4, -4.35, -4.6, -5.25, -6.195, -7.445, -8.65, -9.84, -10.984, -11.95, -12.56, -12.516, -11.85, -10.84, -9.72, -8.95, -8.69, -9.08, -10.3, -12.21, -14.69, -17.58, -20.61, -23.48, -25.84, -27.17, -27.3, -26.17, -23.55, -19.67, -14.42, -7.965, -0.8364, 6.258, 12.86, 18.7, 24.03, 28.61, 32.53, 35.7, 37.97, 39.4, 40.06, 39.88, 39.28, 38.2, 36.84, 35.28, 33.66, 32.12, 30.84, 29.78, 28.64, 27.25, 25.58, 23.62, 21.61, 19.7, 17.73, 15.836, 14.18, 12.54, 11.01, 9.74, 8.586, 7.59, 6.758, 6.117, 5.535, 5.05, 4.688, 4.42, 4.13, 3.834, 3.38, 2.707, 1.913, 0.8677, -0.4512, -1.963, -3.584, -5.234, -6.832, -8.195, -9.234, -9.87, -10.19, -10.19, -9.91, -9.38, -8.6, -7.617, -6.6, -5.766, -5.152, -4.8, -4.594, -4.543, -4.582, -4.742, -5.07, -5.56, -6.367, -7.348, -8.375, -9.234, -9.92, -10.25, -10.336, -10.05, -9.6, -8.875, -8.02, -7.105, -6.223, -5.473, -4.85, -4.56, -4.664, -5.266, -6.215, -7.28, -8.05, -7.92, -6.38, -3.303, 1.184, 6.8, 12.75, 18.33, 22.33, 24.14, 23.58, 21.22, 17.62, 13.1, 8.125, 3.426, -0.3828, -3.166, -4.89, -5.754, -5.727, -5.14, -4.3, -3.562, -3.033, -2.816, -2.9, -3.217
-2.832, -3.637, -4.43, -5.21, -5.754, -5.734, -5.203, -4.332, -3.309, -2.348, -1.607, -1.19, -1.296, -1.959, -2.97, -3.785, -4.324, -4.508, -4.426, -4.08, -3.477, -2.508, -1.3, -0.0391, 1.161, 2.11, 2.61, 2.488, 1.705, 0.4468, -1.084, -2.787, -4.516, -6.066, -7.23, -7.93, -8.27, -8.33, -8.23, -7.918, -7.55, -7.32, -7.266, -7.18, -6.87, -6.332, -5.684, -5.094, -4.574, -4.15, -3.809, -3.705, -4.117, -5.133, -6.63, -8.48, -10.29, -12.08, -13.72, -15.055, -15.86, -15.82, -14.87, -13.48, -11.9, -10.66, -9.89, -9.71, -10.31, -11.78, -13.984, -16.81, -19.86, -22.78, -25.16, -26.39, -26.22, -24.62, -21.61, -17.2, -11.62, -5.066, 1.934, 8.78, 15.086, 20.8, 26.05, 30.55, 34.34, 37.3, 39.34, 40.56, 40.75, 40.44, 39.53, 38.16, 36.53, 34.75, 33.0, 31.44, 30.23, 29.38, 28.48, 27.45, 26.14, 24.36, 22.48, 20.66, 18.67, 16.67, 14.88, 13.18, 11.6, 10.234, 8.97, 7.887, 6.97, 6.277, 5.69, 5.26, 4.96, 4.73, 4.516, 4.227, 3.81, 3.266, 2.598, 1.676, 0.5283, -0.8325, -2.404, -4.02, -5.617, -7.004, -8.164, -9.016, -9.57, -9.84, -9.87, -9.66, -9.125, -8.35, -7.508, -6.727, -6.06, -5.58, -5.23, -5.05, -5.086, -5.312, -5.875, -6.723, -7.926, -9.32, -10.766, -11.945, -12.85, -13.39, -13.44, -13.09, -12.32, -11.13, -9.77, -8.21, -6.637, -5.082, -3.871, -3.229, -3.29, -4.098, -5.406, -6.902, -7.926, -7.836, -6.098, -2.682, 2.295, 8.38, 14.81, 20.62, 24.75, 26.38, 25.67, 23.47, 20.14, 16.05, 11.336, 6.67, 2.816, -0.1177, -1.823, -2.668, -2.742, -2.348, -1.835, -1.402, -1.22, -1.288, -1.618, -2.125
-2.072, -3.023, -4.016, -4.945, -5.543, -5.547, -5.035, -4.207, -3.246, -2.37, -1.725, -1.423, -1.609, -2.396, -3.479, -4.492, -5.293, -5.79, -5.992, -5.88, -5.39, -4.49, -3.195, -1.737, -0.2786, 0.9937, 1.839, 1.971, 1.388, 0.2593, -1.271, -3.055, -4.89, -6.53, -7.81, -8.6, -9.05, -9.23, -9.13, -8.766, -8.28, -7.816, -7.46, -7.14, -6.594, -5.848, -5.05, -4.332, -3.719, -3.162, -2.826, -2.871, -3.566, -4.977, -6.996, -9.42, -11.875, -14.3, -16.44, -18.33, -19.39, -19.56, -18.44, -16.7, -14.586, -12.65, -11.15, -10.29, -10.35, -11.51, -13.53, -16.16, -19.12, -21.95, -24.08, -25.05, -24.7, -22.97, -19.75, -15.11, -9.17, -2.389, 4.64, 11.414, 17.6, 23.11, 28.0, 32.25, 35.7, 38.25, 39.84, 40.56, 40.53, 39.7, 38.47, 36.9, 35.1, 33.22, 31.38, 29.83, 28.81, 28.27, 27.72, 27.11, 26.19, 24.88, 23.34, 21.55, 19.64, 17.7, 15.78, 13.95, 12.32, 10.84, 9.51, 8.36, 7.348, 6.555, 5.918, 5.527, 5.293, 5.066, 4.87, 4.6, 4.18, 3.68, 3.066, 2.256, 1.251, 0.0698, -1.334, -2.842, -4.348, -5.76, -7.008, -8.016, -8.76, -9.27, -9.59, -9.58, -9.234, -8.64, -7.89, -7.152, -6.465, -5.914, -5.48, -5.24, -5.273, -5.656, -6.55, -7.805, -9.41, -11.19, -12.91, -14.36, -15.41, -15.93, -15.91, -15.42, -14.32, -12.65, -10.68, -8.35, -5.984, -3.76, -2.146, -1.315, -1.437, -2.514, -4.227, -6.15, -7.49, -7.47, -5.56, -1.79, 3.629, 10.15, 16.98, 22.92, 26.8, 28.28, 27.52, 25.5, 22.5, 18.83, 14.43, 9.84, 5.844, 2.719, 0.7524, -0.1854, -0.4336, -0.3547, -0.0988, 0.00945, -0.08545, -0.3135, -0.7417, -1.302
-1.748, -2.74, -3.889, -4.86, -5.418, -5.4, -4.816, -3.979, -3.078, -2.27, -1.722, -1.545, -1.808, -2.71, -3.9, -5.207, -6.363, -7.312, -7.887, -8.08, -7.74, -6.832, -5.418, -3.715, -1.943, -0.3105, 0.872, 1.325, 1.025, 0.0561, -1.455, -3.328, -5.26, -6.977, -8.336, -9.234, -9.83, -10.04, -9.945, -9.61, -9.04, -8.336, -7.66, -6.98, -6.156, -5.133, -4.117, -3.191, -2.414, -1.783, -1.581, -1.886, -2.88, -4.676, -7.16, -10.0, -12.945, -15.96, -18.83, -21.33, -22.86, -23.31, -22.28, -20.16, -17.47, -14.766, -12.52, -10.93, -10.4, -11.17, -12.92, -15.39, -18.19, -20.89, -22.88, -23.7, -23.16, -21.12, -17.69, -12.734, -6.652, 0.09296, 6.97, 13.445, 19.38, 24.73, 29.4, 33.5, 36.75, 39.12, 40.47, 40.8, 40.25, 39.16, 37.6, 35.72, 33.7, 31.6, 29.66, 28.11, 27.23, 26.92, 26.77, 26.6, 26.03, 25.12, 23.95, 22.42, 20.67, 18.7, 16.73, 14.84, 13.16, 11.67, 10.234, 8.94, 7.832, 6.938, 6.266, 5.848, 5.566, 5.332, 5.137, 4.867, 4.48, 4.027, 3.453, 2.738, 1.905, 0.9272, -0.2712, -1.637, -3.07, -4.492, -5.79, -6.914, -7.836, -8.516, -8.984, -9.11, -8.93, -8.48, -7.85, -7.14, -6.45, -5.848, -5.383, -5.152, -5.277, -5.9, -7.094, -8.69, -10.586, -12.6, -14.445, -16.03, -17.1, -17.64, -17.5, -16.72, -15.21, -13.125, -10.49, -7.434, -4.4, -1.603, 0.3018, 1.235, 0.9077, -0.4502, -2.61, -4.98, -6.66, -6.78, -4.81, -0.7246, 5.105, 12.05, 19.12, 25.11, 28.73, 29.92, 29.23, 27.25, 24.69, 21.3, 17.3, 12.805, 8.555, 5.117, 2.814, 1.584, 1.107, 0.9146, 0.852, 0.707, 0.412, 0.0506, -0.4165, -0.983
-2.053, -3.037, -4.145, -4.98, -5.406, -5.293, -4.59, -3.658, -2.754, -1.967, -1.471, -1.352, -1.691, -2.668, -4.11, -5.832, -7.523, -9.016, -10.1, -10.664, -10.54, -9.64, -8.11, -6.11, -3.979, -1.906, -0.2993, 0.604, 0.6807, -0.08405, -1.52, -3.434, -5.465, -7.28, -8.73, -9.75, -10.414, -10.68, -10.63, -10.266, -9.57, -8.67, -7.703, -6.652, -5.47, -4.17, -2.826, -1.6, -0.6606, -0.0727, -0.0721, -0.6533, -1.972, -4.117, -6.934, -10.03, -13.4, -16.92, -20.4, -23.62, -25.9, -26.83, -26.06, -23.77, -20.55, -17.03, -13.83, -11.52, -10.516, -10.85, -12.28, -14.5, -17.05, -19.48, -21.28, -22.05, -21.44, -19.38, -15.87, -10.836, -4.582, 2.379, 9.32, 15.734, 21.36, 26.33, 30.78, 34.5, 37.5, 39.5, 40.53, 40.47, 39.6, 38.1, 36.12, 33.94, 31.67, 29.44, 27.5, 26.1, 25.33, 25.19, 25.31, 25.56, 25.58, 25.22, 24.45, 23.25, 21.67, 19.84, 17.81, 15.875, 14.125, 12.59, 11.09, 9.72, 8.43, 7.38, 6.617, 6.105, 5.77, 5.535, 5.312, 5.03, 4.684, 4.273, 3.803, 3.215, 2.582, 1.782, 0.75, -0.4714, -1.835, -3.27, -4.61, -5.832, -6.88, -7.65, -8.234, -8.48, -8.42, -8.11, -7.594, -6.92, -6.223, -5.57, -5.05, -4.844, -5.05, -5.875, -7.258, -9.09, -11.19, -13.336, -15.266, -16.81, -17.78, -18.19, -17.89, -16.77, -14.85, -12.35, -9.086, -5.46, -1.909, 1.182, 3.139, 3.904, 3.37, 1.723, -0.797, -3.438, -5.42, -5.723, -3.76, 0.518, 6.727, 13.88, 21.19, 27.11, 30.61, 31.56, 30.72, 28.75, 26.33, 23.25, 19.7, 15.53, 11.21, 7.44, 4.707, 2.959, 2.162, 1.732, 1.36, 0.9224, 0.4404, -0.02963, -0.5903, -1.248
-2.863, -3.834, -4.78, -5.406, -5.566, -5.18, -4.31, -3.248, -2.213, -1.307, -0.728, -0.5674, -0.955, -2.07, -3.904, -6.17, -8.516, -10.74, -12.49, -13.54, -13.664, -12.83, -11.23, -9.03, -6.5, -3.928, -1.706, -0.2401, 0.3374, -0.1228, -1.425, -3.299, -5.453, -7.387, -8.945, -10.05, -10.75, -11.02, -10.95, -10.54, -9.71, -8.65, -7.453, -6.062, -4.535, -2.887, -1.145, 0.3928, 1.496, 2.02, 1.799, 0.908, -0.71, -3.094, -6.08, -9.43, -13.14, -17.03, -21.12, -25.03, -28.11, -29.64, -29.27, -27.03, -23.52, -19.33, -15.33, -12.164, -10.45, -10.24, -11.28, -13.21, -15.62, -17.97, -19.75, -20.44, -19.67, -17.38, -13.664, -8.57, -2.354, 4.414, 11.08, 17.22, 22.67, 27.44, 31.61, 35.25, 38.16, 40.03, 40.72, 40.47, 39.22, 37.3, 35.0, 32.44, 29.86, 27.42, 25.3, 23.83, 23.12, 23.27, 23.72, 24.47, 24.97, 25.2, 24.94, 24.03, 22.67, 20.86, 18.9, 16.95, 15.24, 13.586, 11.984, 10.5, 9.055, 7.82, 6.977, 6.36, 5.938, 5.62, 5.367, 5.133, 4.887, 4.54, 4.188, 3.76, 3.287, 2.645, 1.762, 0.6724, -0.6084, -2.047, -3.426, -4.73, -5.844, -6.723, -7.438, -7.78, -7.82, -7.613, -7.19, -6.547, -5.87, -5.188, -4.652, -4.457, -4.723, -5.652, -7.086, -9.01, -11.12, -13.195, -15.11, -16.56, -17.39, -17.58, -16.95, -15.5, -13.28, -10.29, -6.555, -2.57, 1.226, 4.277, 6.125, 6.61, 5.793, 3.883, 1.158, -1.668, -3.887, -4.445, -2.566, 1.828, 8.37, 15.77, 23.2, 29.02, 32.53, 33.34, 32.34, 30.2, 27.72, 24.89, 21.67, 17.88, 13.69, 9.62, 6.414, 4.117, 2.861, 2.092, 1.539, 0.9087, 0.262, -0.4111, -1.174, -1.976
-4.0, -4.94, -5.664, -5.97, -5.758, -5.01, -3.86, -2.549, -1.301, -0.249, 0.5015, 0.7847, 0.3552, -0.9517, -3.166, -5.965, -9.02, -12.03, -14.52, -16.22, -16.84, -16.36, -14.82, -12.48, -9.484, -6.31, -3.39, -1.229, -0.0913, -0.1346, -1.269, -3.086, -5.24, -7.242, -8.86, -10.0, -10.67, -10.914, -10.8, -10.31, -9.4, -8.22, -6.832, -5.168, -3.291, -1.233, 0.868, 2.717, 3.94, 4.46, 4.137, 3.064, 1.184, -1.44, -4.645, -8.25, -12.17, -16.31, -20.86, -25.39, -29.19, -31.45, -31.61, -29.67, -25.95, -21.36, -16.78, -12.98, -10.54, -9.734, -10.2, -11.61, -13.72, -15.98, -17.78, -18.5, -17.81, -15.555, -11.695, -6.48, -0.2742, 6.426, 12.96, 18.95, 24.19, 28.67, 32.66, 36.03, 38.56, 40.16, 40.6, 39.94, 38.4, 36.16, 33.62, 30.73, 27.89, 25.22, 23.05, 21.66, 21.2, 21.5, 22.27, 23.36, 24.38, 25.06, 25.27, 24.66, 23.45, 21.84, 19.94, 18.03, 16.22, 14.49, 12.79, 11.164, 9.66, 8.375, 7.426, 6.625, 6.047, 5.688, 5.418, 5.23, 5.09, 4.86, 4.574, 4.25, 3.87, 3.375, 2.648, 1.714, 0.5093, -0.852, -2.25, -3.57, -4.72, -5.664, -6.48, -6.95, -7.168, -7.066, -6.7, -6.1, -5.465, -4.8, -4.28, -4.1, -4.383, -5.227, -6.547, -8.3, -10.25, -12.14, -13.86, -15.15, -15.81, -15.65, -14.72, -13.02, -10.484, -7.113, -3.14, 0.967, 4.72, 7.47, 8.96, 9.09, 7.98, 5.812, 2.988, 0.07776, -2.244, -3.06, -1.328, 3.229, 9.875, 17.64, 25.14, 30.89, 34.22, 35.0, 33.78, 31.5, 28.78, 26.02, 23.14, 19.84, 15.98, 11.81, 8.14, 5.24, 3.42, 2.277, 1.559, 0.813, -0.02946, -0.948, -1.976, -2.979
-5.137, -6.062, -6.586, -6.58, -5.91, -4.715, -3.2, -1.575, -0.05252, 1.23, 2.182, 2.594, 2.172, 0.687, -1.851, -5.164, -8.91, -12.6, -15.8, -18.19, -19.53, -19.67, -18.5, -16.08, -12.71, -8.89, -5.31, -2.482, -0.7417, -0.3162, -1.161, -2.846, -4.91, -6.86, -8.42, -9.52, -10.164, -10.38, -10.21, -9.695, -8.766, -7.477, -5.92, -4.023, -1.783, 0.6646, 3.139, 5.266, 6.645, 7.152, 6.824, 5.684, 3.654, 0.8027, -2.617, -6.402, -10.414, -14.805, -19.62, -24.55, -28.88, -31.73, -32.62, -31.25, -27.73, -22.97, -18.03, -13.586, -10.47, -8.92, -8.87, -9.88, -11.73, -13.91, -15.73, -16.45, -15.64, -13.195, -9.195, -4.19, 1.742, 8.11, 14.3, 20.05, 25.14, 29.6, 33.34, 36.53, 38.8, 40.16, 40.38, 39.4, 37.56, 35.06, 32.2, 29.05, 25.97, 23.17, 21.02, 19.64, 19.28, 19.75, 20.8, 22.2, 23.55, 24.78, 25.38, 25.12, 24.25, 22.67, 20.81, 18.94, 17.08, 15.26, 13.53, 11.87, 10.29, 8.98, 7.934, 7.004, 6.29, 5.86, 5.57, 5.387, 5.293, 5.113, 4.887, 4.63, 4.316, 3.938, 3.373, 2.598, 1.515, 0.2544, -1.039, -2.312, -3.428, -4.445, -5.332, -6.004, -6.395, -6.406, -6.12, -5.6, -4.945, -4.35, -3.883, -3.732, -3.95, -4.59, -5.66, -7.062, -8.734, -10.4, -11.88, -12.88, -13.21, -12.79, -11.586, -9.6, -6.76, -3.19, 0.8594, 4.81, 8.23, 10.484, 11.5, 11.3, 9.914, 7.484, 4.523, 1.545, -0.7876, -1.716, -0.10736, 4.42, 11.29, 19.22, 26.89, 32.75, 35.94, 36.5, 35.1, 32.44, 29.52, 26.64, 24.0, 21.12, 17.89, 13.984, 10.05, 6.547, 4.062, 2.445, 1.443, 0.6333, -0.3157, -1.407, -2.662, -3.93
-5.953, -6.926, -7.305, -7.0, -5.938, -4.344, -2.41, -0.3538, 1.582, 3.219, 4.426, 4.918, 4.477, 2.855, 0.0952, -3.648, -7.965, -12.3, -16.2, -19.34, -21.45, -22.3, -21.55, -19.36, -15.766, -11.516, -7.34, -3.93, -1.599, -0.6733, -1.138, -2.543, -4.375, -6.137, -7.57, -8.625, -9.23, -9.39, -9.26, -8.77, -7.863, -6.527, -4.793, -2.623, -0.0516, 2.82, 5.676, 8.0, 9.484, 10.01, 9.71, 8.57, 6.473, 3.568, 0.0202, -3.938, -8.06, -12.49, -17.44, -22.55, -27.4, -30.81, -32.28, -31.44, -28.39, -23.88, -18.86, -14.14, -10.54, -8.31, -7.61, -8.04, -9.445, -11.38, -13.164, -14.02, -13.336, -11.02, -7.184, -2.191, 3.602, 9.72, 15.68, 21.31, 26.28, 30.56, 34.1, 36.8, 38.8, 39.66, 39.53, 38.2, 36.16, 33.47, 30.45, 27.25, 24.17, 21.33, 19.33, 18.06, 17.8, 18.34, 19.52, 21.06, 22.69, 24.27, 25.17, 25.31, 24.64, 23.34, 21.67, 19.86, 18.0, 16.16, 14.36, 12.68, 11.03, 9.65, 8.54, 7.555, 6.75, 6.176, 5.77, 5.59, 5.49, 5.293, 5.055, 4.83, 4.57, 4.305, 3.895, 3.273, 2.371, 1.29, 0.1929, -0.9263, -1.997, -3.04, -3.99, -4.79, -5.324, -5.504, -5.383, -5.004, -4.484, -3.957, -3.537, -3.39, -3.445, -3.82, -4.523, -5.562, -6.773, -8.09, -9.25, -9.92, -10.02, -9.266, -7.812, -5.543, -2.54, 1.018, 4.92, 8.555, 11.484, 13.21, 13.84, 13.24, 11.54, 8.805, 5.617, 2.586, 0.3733, -0.4507, 1.098, 5.555, 12.57, 20.88, 28.52, 34.38, 37.56, 37.9, 36.2, 33.1, 29.98, 26.89, 24.36, 21.95, 19.2, 15.83, 12.06, 8.22, 5.047, 2.78, 1.411, 0.49, -0.4766, -1.619, -3.045, -4.55
-6.258, -7.332, -7.684, -7.195, -5.8, -3.77, -1.314, 1.245, 3.674, 5.742, 7.18, 7.758, 7.24, 5.547, 2.594, -1.382, -6.137, -11.01, -15.61, -19.48, -22.34, -23.94, -23.72, -21.8, -18.27, -13.766, -9.25, -5.33, -2.473, -1.015, -0.988, -2.002, -3.525, -5.047, -6.285, -7.25, -7.875, -8.16, -8.08, -7.62, -6.69, -5.273, -3.344, -0.9067, 1.995, 5.227, 8.305, 10.79, 12.336, 12.94, 12.66, 11.54, 9.445, 6.562, 3.012, -0.978, -5.11, -9.53, -14.445, -19.64, -24.48, -28.28, -30.4, -30.33, -28.11, -24.12, -19.28, -14.49, -10.56, -7.88, -6.62, -6.562, -7.457, -9.05, -10.58, -11.375, -10.78, -8.625, -5.082, -0.447, 4.906, 10.734, 16.52, 21.95, 26.73, 30.84, 34.22, 36.8, 38.44, 39.06, 38.6, 37.0, 34.62, 31.78, 28.61, 25.42, 22.47, 19.88, 18.0, 16.81, 16.55, 17.05, 18.12, 19.64, 21.42, 23.22, 24.48, 25.1, 24.83, 23.86, 22.55, 20.89, 19.06, 17.19, 15.31, 13.52, 11.85, 10.445, 9.24, 8.14, 7.2, 6.492, 6.04, 5.77, 5.605, 5.363, 5.133, 4.934, 4.695, 4.5, 4.242, 3.773, 3.088, 2.254, 1.386, 0.4734, -0.486, -1.454, -2.418, -3.31, -3.975, -4.363, -4.453, -4.336, -4.066, -3.65, -3.254, -3.04, -2.867, -2.895, -3.176, -3.787, -4.586, -5.465, -6.21, -6.594, -6.426, -5.473, -3.867, -1.51, 1.479, 4.95, 8.59, 11.85, 14.32, 15.65, 15.88, 14.84, 12.7, 9.5, 6.05, 2.963, 0.947, 0.387, 1.967, 6.434, 13.67, 22.12, 30.12, 35.84, 38.9, 38.97, 36.94, 33.7, 30.11, 26.8, 24.27, 22.22, 20.08, 17.3, 13.94, 9.97, 6.38, 3.512, 1.646, 0.5635, -0.3171, -1.4, -2.893, -4.62
-5.98, -7.31, -7.76, -7.117, -5.41, -2.895, 0.1169, 3.178, 6.113, 8.625, 10.375, 11.08, 10.55, 8.78, 5.715, 1.6045, -3.418, -8.766, -14.0, -18.66, -22.28, -24.45, -24.8, -23.31, -20.03, -15.56, -10.805, -6.543, -3.197, -1.19, -0.5894, -1.127, -2.297, -3.49, -4.547, -5.457, -6.184, -6.61, -6.676, -6.297, -5.33, -3.805, -1.698, 0.993, 4.254, 7.77, 11.16, 13.78, 15.41, 16.05, 15.766, 14.64, 12.67, 9.914, 6.49, 2.521, -1.755, -6.2, -11.01, -16.11, -20.89, -24.86, -27.34, -28.05, -26.81, -23.6, -19.44, -14.984, -11.04, -8.016, -6.2, -5.473, -5.66, -6.617, -7.875, -8.69, -8.43, -6.715, -3.53, 0.87, 6.117, 11.77, 17.4, 22.67, 27.3, 31.12, 34.2, 36.4, 37.78, 38.12, 37.5, 35.78, 33.2, 30.25, 27.08, 23.98, 21.19, 18.89, 17.2, 16.14, 15.77, 16.03, 16.81, 18.12, 19.89, 21.83, 23.39, 24.4, 24.64, 24.23, 23.31, 21.97, 20.31, 18.42, 16.48, 14.62, 12.83, 11.34, 9.99, 8.72, 7.652, 6.8, 6.227, 5.9, 5.633, 5.395, 5.188, 5.008, 4.84, 4.75, 4.562, 4.223, 3.777, 3.19, 2.523, 1.83, 1.068, 0.1971, -0.7456, -1.683, -2.426, -3.023, -3.375, -3.535, -3.523, -3.338, -3.012, -2.62, -2.25, -2.004, -1.918, -2.084, -2.498, -2.947, -3.316, -3.402, -2.953, -1.86, -0.1417, 2.195, 5.1, 8.41, 11.74, 14.625, 16.75, 17.73, 17.48, 15.836, 13.0, 9.35, 5.617, 2.506, 0.692, 0.584, 2.457, 7.05, 14.49, 23.08, 31.34, 37.06, 40.0, 39.75, 37.5, 33.72, 30.0, 26.56, 24.08, 22.17, 20.56, 18.4, 15.5, 11.72, 7.83, 4.523, 2.234, 0.9424, 0.09906, -0.8223, -2.219, -4.098
-5.277, -6.887, -7.465, -6.75, -4.76, -1.79, 1.692, 5.39, 8.87, 11.79, 13.74, 14.516, 13.99, 12.23, 9.3, 5.168, 0.173, -5.48, -11.25, -16.66, -21.08, -23.95, -24.94, -23.88, -20.95, -16.77, -12.055, -7.523, -3.775, -1.209, 0.00164, -0.00381, -0.7354, -1.594, -2.48, -3.322, -4.094, -4.72, -4.94, -4.617, -3.637, -2.06, 0.1707, 3.137, 6.688, 10.48, 14.086, 16.89, 18.62, 19.23, 18.97, 17.94, 16.1, 13.41, 10.13, 6.26, 2.047, -2.393, -7.02, -11.84, -16.45, -20.56, -23.73, -25.33, -25.08, -22.88, -19.45, -15.555, -11.82, -8.805, -6.62, -5.26, -4.688, -4.832, -5.43, -5.996, -5.977, -4.836, -2.238, 1.739, 6.695, 12.19, 17.64, 22.73, 27.17, 30.9, 33.88, 36.06, 37.3, 37.47, 36.7, 34.84, 32.2, 28.9, 25.62, 22.58, 20.11, 18.16, 16.75, 15.77, 15.21, 15.11, 15.54, 16.64, 18.28, 20.17, 21.95, 23.25, 23.94, 24.05, 23.67, 22.8, 21.39, 19.75, 17.83, 15.82, 14.01, 12.39, 10.836, 9.34, 8.12, 7.117, 6.418, 5.98, 5.664, 5.434, 5.258, 5.13, 5.05, 5.035, 4.91, 4.69, 4.41, 4.016, 3.537, 3.023, 2.367, 1.528, 0.602, -0.289, -1.03, -1.735, -2.275, -2.695, -2.988, -2.975, -2.723, -2.266, -1.693, -1.173, -0.782, -0.6147, -0.6206, -0.682, -0.704, -0.521, 0.11163, 1.252, 2.994, 5.29, 8.15, 11.195, 14.17, 16.78, 18.53, 19.06, 18.2, 15.79, 12.21, 8.08, 4.09, 1.069, -0.289, 0.122, 2.48, 7.207, 14.836, 23.73, 32.12, 38.16, 41.12, 40.53, 37.8, 33.75, 29.7, 26.19, 23.67, 21.86, 20.6, 18.9, 16.61, 13.3, 9.42, 5.77, 3.066, 1.557, 0.7144, -0.04492, -1.282, -3.174
-4.43, -6.215, -6.97, -6.254, -3.975, -0.592, 3.434, 7.645, 11.56, 14.81, 16.94, 17.84, 17.36, 15.7, 12.99, 9.086, 4.15, -1.581, -7.754, -13.625, -18.67, -22.25, -23.86, -23.47, -21.06, -17.38, -12.93, -8.37, -4.305, -1.208, 0.5234, 1.084, 0.8945, 0.3752, -0.2805, -0.955, -1.655, -2.3, -2.627, -2.469, -1.65, -0.1378, 2.207, 5.367, 9.13, 13.2, 16.98, 19.92, 21.73, 22.36, 22.23, 21.33, 19.56, 17.05, 13.945, 10.234, 6.168, 1.849, -2.74, -7.445, -11.93, -16.14, -19.61, -21.97, -22.8, -21.94, -19.64, -16.66, -13.375, -10.38, -7.844, -5.848, -4.535, -3.842, -3.707, -3.871, -3.943, -3.295, -1.218, 2.389, 7.2, 12.59, 17.95, 22.89, 27.11, 30.67, 33.47, 35.4, 36.56, 36.66, 35.84, 33.9, 31.1, 27.81, 24.53, 21.72, 19.5, 17.88, 16.6, 15.68, 14.96, 14.586, 14.695, 15.39, 16.69, 18.39, 20.22, 21.77, 22.86, 23.45, 23.62, 23.19, 22.27, 20.83, 19.05, 17.12, 15.24, 13.48, 11.79, 10.164, 8.77, 7.598, 6.71, 6.145, 5.77, 5.51, 5.348, 5.32, 5.383, 5.418, 5.33, 5.168, 4.96, 4.69, 4.33, 3.848, 3.094, 2.145, 1.141, 0.2795, -0.4194, -0.9893, -1.427, -1.8955, -2.3, -2.37, -2.28, -1.86, -1.18, -0.485, 0.109, 0.5146, 0.829, 1.021, 1.325, 1.745, 2.488, 3.654, 5.34, 7.58, 10.24, 13.14, 15.76, 18.06, 19.33, 19.28, 17.66, 14.41, 10.086, 5.38, 1.315, -1.4, -2.092, -0.9673, 2.072, 7.152, 14.94, 24.11, 32.84, 38.84, 41.66, 40.88, 37.75, 33.28, 29.22, 25.66, 23.23, 21.39, 20.19, 18.83, 17.05, 14.36, 10.9, 7.234, 4.18, 2.258, 1.205, 0.503, -0.583, -2.318
-3.625, -5.53, -6.41, -5.63, -3.102, 0.687, 5.094, 9.766, 14.125, 17.62, 19.9, 20.83, 20.5, 19.12, 16.52, 12.92, 8.24, 2.756, -3.383, -9.555, -15.11, -19.25, -21.6, -21.92, -20.39, -17.38, -13.47, -9.125, -4.887, -1.445, 0.7993, 1.909, 2.203, 2.12, 1.829, 1.439, 0.964, 0.49, 0.1187, 0.1283, 0.727, 2.064, 4.33, 7.516, 11.38, 15.6, 19.5, 22.6, 24.55, 25.48, 25.44, 24.67, 23.05, 20.66, 17.75, 14.3, 10.484, 6.258, 1.844, -2.584, -7.023, -11.43, -15.36, -18.48, -20.36, -20.75, -19.69, -17.73, -15.32, -12.734, -10.16, -7.652, -5.48, -3.857, -2.871, -2.398, -2.18, -1.678, -0.0823, 2.914, 7.195, 12.23, 17.42, 22.4, 26.69, 30.28, 33.1, 35.1, 36.12, 36.25, 35.2, 33.12, 30.06, 26.7, 23.48, 20.83, 18.8, 17.4, 16.33, 15.47, 14.74, 14.18, 13.984, 14.29, 15.29, 16.72, 18.34, 19.83, 21.11, 22.12, 22.73, 22.9, 22.55, 21.48, 19.95, 18.2, 16.53, 14.74, 12.98, 11.26, 9.7, 8.36, 7.28, 6.52, 5.973, 5.645, 5.484, 5.51, 5.668, 5.76, 5.727, 5.633, 5.51, 5.266, 4.863, 4.18, 3.084, 1.7295, 0.4104, -0.635, -1.18, -1.351, -1.297, -1.369, -1.5205, -1.593, -1.567, -1.144, -0.5317, 0.0734, 0.6284, 1.1045, 1.573, 2.057, 2.586, 3.203, 4.05, 5.23, 6.793, 8.99, 11.48, 14.08, 16.48, 18.23, 18.88, 18.06, 15.59, 11.54, 6.453, 1.371, -2.625, -4.938, -4.883, -2.777, 1.071, 6.81, 15.0, 24.2, 33.28, 39.28, 42.0, 40.9, 37.56, 32.78, 28.53, 25.0, 22.55, 20.69, 19.36, 18.11, 16.83, 14.82, 11.96, 8.59, 5.355, 2.951, 1.521, 0.7183, -0.1571, -1.617
-3.002, -4.848, -5.777, -4.934, -2.205, 1.861, 6.707, 11.72, 16.42, 20.06, 22.5, 23.6, 23.53, 22.3, 19.95, 16.6, 12.17, 7.066, 1.284, -4.855, -10.59, -15.234, -18.16, -19.31, -18.7, -16.7, -13.49, -9.56, -5.54, -2.094, 0.4834, 2.08, 2.93, 3.355, 3.572, 3.62, 3.568, 3.447, 3.258, 3.2, 3.523, 4.527, 6.477, 9.41, 13.2, 17.44, 21.44, 24.73, 26.84, 28.08, 28.36, 27.77, 26.44, 24.23, 21.45, 18.19, 14.6, 10.71, 6.55, 2.264, -2.07, -6.543, -10.76, -14.555, -17.5, -19.2, -19.56, -18.94, -17.66, -15.68, -13.24, -10.516, -7.715, -5.22, -3.352, -2.06, -1.206, -0.433, 0.9224, 3.389, 7.055, 11.664, 16.7, 21.58, 26.08, 29.8, 32.66, 34.66, 35.66, 35.44, 34.28, 31.98, 28.95, 25.73, 22.73, 20.33, 18.53, 17.25, 16.27, 15.35, 14.5, 13.82, 13.37, 13.39, 14.016, 15.01, 16.3, 17.72, 19.12, 20.38, 21.4, 22.08, 22.14, 21.61, 20.52, 19.23, 17.75, 16.11, 14.4, 12.72, 11.13, 9.6, 8.27, 7.21, 6.375, 5.793, 5.54, 5.56, 5.793, 5.977, 6.02, 6.02, 5.97, 5.668, 5.0, 3.768, 1.893, -0.284, -2.307, -3.6, -3.918, -3.406, -2.379, -1.525, -1.0205, -0.7646, -0.609, -0.247, 0.1631, 0.572, 1.023, 1.463, 1.9795, 2.615, 3.195, 3.88, 4.695, 5.86, 7.44, 9.586, 11.92, 14.35, 16.3, 17.19, 16.84, 15.07, 11.45, 6.535, 1.031, -4.105, -7.75, -9.19, -8.13, -5.09, -0.3274, 6.08, 14.61, 24.17, 33.3, 39.4, 41.88, 40.5, 36.8, 31.97, 27.62, 24.08, 21.77, 19.81, 18.39, 17.05, 16.0, 14.59, 12.57, 9.81, 6.613, 3.727, 1.73, 0.635, -0.1534, -1.276
-2.41, -4.14, -5.125, -4.35, -1.517, 2.975, 8.195, 13.6, 18.48, 22.42, 25.03, 26.33, 26.61, 25.61, 23.47, 20.17, 15.98, 11.2, 5.914, 0.2247, -5.49, -10.44, -13.97, -15.875, -16.2, -15.17, -12.89, -9.8, -6.36, -3.154, -0.5044, 1.406, 2.719, 3.695, 4.516, 5.188, 5.72, 6.105, 6.305, 6.4, 6.63, 7.336, 8.77, 11.2, 14.63, 18.75, 22.8, 26.25, 28.77, 30.25, 30.94, 30.58, 29.52, 27.5, 24.86, 21.77, 18.31, 14.625, 10.88, 6.992, 2.783, -1.602, -6.066, -10.32, -14.05, -16.89, -18.86, -19.81, -19.88, -18.89, -17.08, -14.48, -11.28, -8.07, -5.258, -2.969, -1.115, 0.3252, 1.797, 3.836, 6.754, 10.67, 15.34, 20.23, 24.86, 28.95, 32.12, 34.16, 35.03, 34.8, 33.38, 31.11, 28.06, 24.86, 22.03, 19.8, 18.14, 16.9, 15.89, 14.95, 14.09, 13.27, 12.69, 12.49, 12.75, 13.35, 14.36, 15.56, 16.94, 18.28, 19.56, 20.47, 21.03, 21.02, 20.48, 19.73, 18.69, 17.4, 15.95, 14.44, 12.84, 11.195, 9.66, 8.29, 7.086, 6.145, 5.617, 5.543, 5.72, 5.953, 6.133, 6.297, 6.336, 5.86, 4.69, 2.553, -0.6465, -4.137, -7.207, -8.97, -9.02, -7.492, -4.97, -2.78, -1.111, -0.1624, 0.255, 0.63, 0.7803, 0.931, 1.223, 1.534, 2.057, 2.781, 3.426, 4.105, 4.9, 6.02, 7.695, 9.68, 11.84, 13.83, 14.8, 14.555, 12.81, 9.56, 4.836, -0.5693, -6.145, -10.73, -13.47, -13.93, -11.82, -7.645, -1.939, 5.16, 14.18, 24.1, 33.28, 39.34, 41.56, 39.8, 35.97, 30.9, 26.64, 23.16, 20.77, 18.94, 17.45, 15.97, 14.93, 13.98, 12.664, 10.625, 7.74, 4.61, 2.055, 0.5312, -0.2568, -1.023
-1.776, -3.322, -4.367, -3.686, -0.732, 4.047, 9.625, 15.305, 20.44, 24.6, 27.42, 29.2, 29.7, 28.98, 26.94, 23.64, 19.48, 14.89, 10.02, 4.92, -0.3228, -5.25, -9.195, -11.82, -12.98, -12.93, -11.75, -9.695, -7.16, -4.637, -2.363, -0.509, 1.067, 2.615, 4.19, 5.695, 7.05, 8.16, 8.99, 9.484, 9.805, 10.266, 11.2, 13.01, 15.84, 19.52, 23.42, 27.0, 29.8, 31.88, 32.97, 33.06, 32.3, 30.61, 28.03, 24.88, 21.33, 17.73, 14.22, 10.75, 7.184, 3.219, -1.141, -5.625, -10.01, -13.914, -17.2, -19.78, -21.45, -21.95, -21.14, -18.92, -15.8, -12.234, -8.58, -5.28, -2.338, 0.07745, 2.1, 4.137, 6.57, 9.78, 13.99, 18.75, 23.52, 27.81, 31.14, 33.3, 34.16, 33.78, 32.4, 30.12, 27.16, 24.19, 21.5, 19.33, 17.73, 16.47, 15.44, 14.43, 13.49, 12.6, 11.89, 11.48, 11.44, 11.76, 12.5, 13.47, 14.664, 15.99, 17.33, 18.5, 19.38, 19.72, 19.77, 19.7, 19.16, 18.42, 17.38, 16.06, 14.53, 12.95, 11.34, 9.695, 8.08, 6.69, 5.785, 5.418, 5.49, 5.824, 6.15, 6.457, 6.516, 5.81, 3.982, 0.638, -4.16, -9.26, -13.62, -16.1, -15.75, -13.09, -8.96, -5.043, -2.023, -0.262, 0.5522, 0.905, 0.697, 0.5273, 0.528, 0.7397, 1.485, 2.451, 3.385, 4.215, 5.06, 6.2, 7.855, 9.59, 11.2, 12.04, 11.484, 9.52, 5.902, 1.175, -4.277, -9.69, -14.54, -17.97, -19.47, -18.5, -15.2, -9.95, -3.309, 4.566, 14.0, 24.06, 33.25, 39.0, 41.03, 39.0, 35.06, 30.03, 25.77, 22.22, 19.86, 17.89, 16.31, 14.78, 13.7, 12.99, 12.38, 11.08, 8.695, 5.6, 2.635, 0.6846, -0.2474, -0.7812
-1.036, -2.303, -3.363, -2.867, -5.72e-5, 4.91, 10.76, 16.7, 22.1, 26.42, 29.61, 31.67, 32.75, 32.28, 30.48, 27.17, 22.81, 18.12, 13.48, 8.95, 4.37, -0.1694, -4.133, -7.234, -9.125, -9.99, -9.984, -9.125, -7.863, -6.484, -5.125, -3.818, -2.258, -0.2717, 2.117, 4.637, 7.043, 9.06, 10.75, 11.88, 12.64, 13.11, 13.73, 14.93, 16.95, 19.95, 23.52, 27.06, 30.12, 32.47, 34.03, 34.66, 34.28, 32.9, 30.61, 27.52, 23.9, 19.98, 16.55, 13.39, 10.4, 7.125, 3.342, -0.8945, -5.465, -9.98, -14.44, -18.53, -21.89, -24.05, -24.58, -23.28, -20.62, -17.02, -12.875, -8.664, -4.684, -1.294, 1.493, 3.818, 6.09, 8.82, 12.516, 17.03, 21.73, 26.3, 29.84, 32.28, 33.22, 32.97, 31.48, 29.22, 26.33, 23.42, 20.69, 18.5, 16.81, 15.48, 14.445, 13.445, 12.484, 11.664, 10.96, 10.5, 10.28, 10.36, 10.805, 11.5, 12.52, 13.68, 14.914, 16.12, 17.08, 17.78, 18.36, 18.73, 18.8, 18.66, 18.11, 17.2, 16.0, 14.65, 13.09, 11.32, 9.41, 7.625, 6.26, 5.54, 5.39, 5.64, 6.05, 6.54, 6.598, 5.55, 2.916, -1.664, -8.02, -14.87, -20.58, -23.64, -22.97, -19.19, -13.484, -7.86, -3.496, -0.9946, -0.004753, -0.00889, -0.873, -1.721, -2.236, -1.9795, -0.7153, 0.9033, 2.557, 3.979, 5.074, 6.387, 7.805, 8.875, 9.23, 8.12, 5.36, 1.087, -4.246, -9.875, -15.234, -19.94, -23.36, -25.12, -24.9, -22.42, -17.89, -11.62, -4.277, 4.297, 14.13, 24.36, 33.38, 38.75, 40.28, 38.2, 34.22, 29.22, 24.84, 21.12, 18.7, 16.72, 15.19, 13.61, 12.47, 11.85, 11.58, 10.92, 9.25, 6.562, 3.494, 1.139, -0.04163, -0.4265
-0.354, -1.196, -2.135, -1.855, 0.753, 5.566, 11.56, 17.67, 23.19, 27.84, 31.2, 33.66, 34.88, 34.94, 33.2, 30.1, 25.53, 20.6, 15.84, 11.77, 8.1, 4.438, 0.943, -2.176, -4.527, -6.152, -7.17, -7.65, -7.863, -8.08, -8.23, -8.12, -7.203, -5.332, -2.283, 1.395, 5.074, 8.35, 11.086, 13.11, 14.45, 15.31, 15.86, 16.66, 18.0, 20.1, 22.92, 26.1, 29.22, 31.92, 33.88, 34.9, 34.97, 34.03, 32.03, 29.08, 25.38, 21.39, 17.67, 14.64, 12.23, 9.76, 6.758, 3.121, -1.129, -5.906, -10.984, -16.08, -20.78, -24.48, -26.53, -26.53, -24.77, -21.55, -17.47, -12.83, -8.1, -3.8, -0.1611, 2.785, 5.348, 7.94, 11.31, 15.4, 19.98, 24.48, 28.2, 30.78, 31.92, 31.9, 30.53, 28.28, 25.45, 22.39, 19.55, 17.25, 15.51, 14.18, 13.12, 12.086, 11.2, 10.43, 9.875, 9.49, 9.24, 9.21, 9.44, 9.88, 10.555, 11.484, 12.484, 13.516, 14.48, 15.35, 16.31, 17.1, 17.8, 18.12, 18.03, 17.6, 16.77, 15.74, 14.445, 12.86, 10.914, 8.94, 7.203, 6.008, 5.492, 5.59, 6.035, 6.57, 6.543, 5.207, 1.994, -3.635, -11.3, -19.38, -26.14, -29.56, -28.7, -24.12, -17.14, -10.38, -5.133, -2.25, -1.5205, -2.352, -4.41, -6.562, -7.992, -7.855, -5.977, -3.156, -0.07544, 2.465, 4.293, 5.812, 6.688, 6.395, 4.598, 1.051, -4.246, -10.29, -16.52, -21.94, -26.4, -29.58, -31.42, -31.31, -29.4, -25.36, -19.58, -12.625, -4.605, 4.516, 14.76, 25.05, 33.6, 38.56, 39.72, 37.47, 33.47, 28.47, 23.81, 19.84, 17.28, 15.26, 13.78, 12.26, 11.03, 10.34, 10.28, 10.18, 9.24, 7.15, 4.344, 1.821, 0.3113, -0.1177
0.04904, -0.2484, -0.8403, -0.646, 1.555, 5.996, 11.76, 17.88, 23.55, 28.34, 31.95, 34.5, 36.03, 36.2, 34.78, 31.7, 27.17, 21.95, 17.12, 13.19, 10.195, 7.715, 5.33, 2.84, 0.595, -1.353, -3.1, -4.77, -6.46, -8.26, -10.24, -12.01, -12.695, -11.67, -8.59, -4.184, 0.7993, 5.496, 9.53, 12.6, 14.79, 16.16, 17.0, 17.7, 18.55, 19.94, 21.94, 24.42, 27.11, 29.73, 31.94, 33.44, 33.97, 33.44, 31.92, 29.34, 25.81, 21.77, 17.81, 14.76, 12.67, 10.95, 8.9, 6.074, 2.396, -1.999, -7.08, -12.61, -18.16, -23.0, -26.48, -28.0, -27.36, -25.12, -21.42, -16.84, -11.81, -6.95, -2.64, 0.953, 3.998, 6.742, 9.93, 13.734, 18.08, 22.58, 26.4, 29.16, 30.58, 30.72, 29.58, 27.44, 24.42, 21.08, 18.03, 15.49, 13.64, 12.336, 11.31, 10.375, 9.586, 8.96, 8.61, 8.38, 8.2, 8.17, 8.27, 8.52, 8.91, 9.45, 10.17, 10.984, 11.805, 12.766, 13.78, 14.86, 15.914, 16.6, 16.97, 16.9, 16.48, 15.89, 15.03, 13.83, 12.195, 10.27, 8.35, 6.8, 5.9, 5.688, 5.996, 6.516, 6.473, 4.98, 1.393, -4.664, -12.82, -21.53, -28.78, -32.38, -31.25, -26.23, -18.94, -11.68, -6.184, -3.402, -3.31, -5.53, -9.46, -13.56, -16.48, -16.81, -14.38, -10.14, -5.258, -1.11, 1.8125, 3.537, 3.498, 1.453, -2.824, -9.15, -16.12, -23.06, -28.69, -33.03, -35.94, -37.28, -37.22, -35.5, -32.1, -26.94, -20.34, -12.875, -4.305, 5.13, 15.62, 25.7, 33.84, 38.2, 39.03, 36.72, 32.66, 27.34, 22.25, 18.08, 15.31, 13.32, 11.86, 10.48, 9.26, 8.55, 8.6, 8.91, 8.68, 7.26, 4.86, 2.338, 0.547, -0.013885
-0.03268, 0.2289, 0.2313, 0.5415, 2.322, 6.1, 11.43, 17.38, 22.9, 27.83, 31.42, 34.06, 35.6, 35.78, 34.53, 31.64, 27.12, 21.88, 16.77, 12.836, 10.61, 9.266, 8.2, 6.86, 5.246, 3.459, 1.537, -0.7495, -3.395, -6.566, -10.37, -14.19, -17.0, -17.73, -15.74, -11.31, -5.527, 0.398, 5.805, 10.05, 13.16, 15.22, 16.45, 17.3, 18.02, 18.9, 20.28, 22.02, 24.12, 26.42, 28.52, 30.17, 31.0, 30.77, 29.81, 27.75, 24.67, 20.83, 16.88, 13.66, 11.71, 10.664, 9.555, 7.742, 4.92, 1.197, -3.367, -8.73, -14.516, -20.02, -24.56, -27.33, -28.06, -26.97, -24.11, -19.98, -15.16, -10.125, -5.465, -1.377, 2.156, 5.305, 8.54, 12.195, 16.27, 20.55, 24.25, 27.19, 28.77, 29.19, 28.16, 26.02, 22.77, 19.19, 15.95, 13.29, 11.45, 10.15, 9.195, 8.44, 7.754, 7.277, 7.09, 7.023, 7.016, 7.047, 7.043, 7.188, 7.37, 7.695, 8.1, 8.62, 9.2, 10.07, 11.055, 12.21, 13.37, 14.375, 15.03, 15.31, 15.3, 15.08, 14.6, 13.86, 12.66, 11.05, 9.25, 7.574, 6.39, 5.92, 6.082, 6.465, 6.32, 4.84, 1.338, -4.51, -12.34, -20.73, -27.7, -30.97, -29.9, -25.03, -18.0, -11.16, -6.098, -3.945, -4.88, -8.5, -14.34, -20.67, -25.45, -26.75, -24.27, -18.98, -12.43, -6.613, -2.535, -0.748, -1.782, -5.637, -12.22, -20.2, -27.84, -34.16, -38.5, -41.16, -42.22, -41.97, -40.38, -37.34, -32.84, -27.05, -20.03, -12.38, -3.762, 6.0, 16.4, 26.22, 33.62, 37.72, 38.3, 35.8, 31.3, 25.56, 20.06, 15.68, 12.81, 10.88, 9.49, 8.305, 7.223, 6.582, 6.74, 7.305, 7.56, 6.812, 5.016, 2.7, 0.693, -0.1594
-0.543, 0.0653, 0.72, 1.424, 2.885, 5.91, 10.44, 15.88, 21.22, 25.92, 29.55, 32.12, 33.47, 33.62, 32.25, 29.36, 24.86, 19.75, 14.75, 11.05, 9.16, 8.78, 9.06, 8.93, 8.23, 6.996, 5.23, 2.89, -0.03467, -3.805, -8.59, -14.07, -19.03, -22.02, -21.78, -18.33, -12.47, -5.92, 0.2976, 5.566, 9.55, 12.305, 14.15, 15.21, 16.05, 16.86, 17.77, 19.05, 20.58, 22.22, 23.95, 25.48, 26.36, 26.56, 25.94, 24.39, 21.89, 18.44, 14.72, 11.62, 9.805, 9.11, 8.77, 7.938, 6.07, 3.314, -0.3923, -4.973, -10.26, -15.85, -21.0, -24.83, -26.67, -26.69, -24.84, -21.45, -17.2, -12.5, -7.9, -3.629, 0.1951, 3.705, 7.016, 10.61, 14.51, 18.42, 22.0, 24.83, 26.5, 27.06, 26.22, 23.89, 20.56, 16.69, 13.266, 10.65, 8.89, 7.72, 6.863, 6.2, 5.656, 5.344, 5.35, 5.465, 5.625, 5.73, 5.727, 5.742, 5.797, 5.953, 6.17, 6.492, 6.93, 7.57, 8.4, 9.42, 10.58, 11.6, 12.414, 12.88, 13.18, 13.24, 13.11, 12.74, 11.99, 10.82, 9.35, 7.906, 6.707, 6.047, 5.965, 6.137, 5.926, 4.59, 1.594, -3.389, -10.0, -17.28, -23.16, -26.0, -24.92, -20.52, -14.58, -8.8, -4.777, -3.559, -5.26, -10.04, -17.48, -25.64, -32.12, -34.66, -32.62, -26.98, -19.52, -12.67, -7.926, -6.266, -8.164, -13.27, -20.86, -29.1, -36.3, -41.3, -44.1, -45.06, -44.78, -43.1, -40.4, -36.7, -31.62, -25.72, -18.84, -11.13, -2.623, 7.04, 17.0, 26.1, 32.9, 36.44, 36.88, 34.2, 29.02, 22.72, 17.02, 12.54, 9.8, 8.08, 7.03, 6.035, 5.23, 4.754, 4.926, 5.59, 6.13, 5.957, 4.754, 2.773, 0.7036, -0.4902
-1.2, -0.5933, 0.4556, 1.551, 2.99, 5.387, 8.984, 13.57, 18.28, 22.73, 26.11, 28.53, 29.61, 29.6, 28.03, 25.1, 20.67, 15.81, 11.24, 7.957, 6.496, 6.797, 7.918, 8.766, 8.91, 8.23, 6.844, 4.824, 2.256, -1.256, -6.05, -12.02, -18.33, -23.27, -25.17, -23.33, -18.45, -12.07, -5.516, 0.2059, 4.645, 7.9, 10.086, 11.445, 12.4, 13.336, 14.29, 15.31, 16.55, 17.81, 18.94, 20.06, 20.88, 21.25, 20.9, 19.77, 17.58, 14.61, 11.41, 8.67, 7.152, 6.89, 7.07, 6.94, 5.914, 4.07, 1.442, -2.082, -6.395, -11.37, -16.33, -20.56, -23.31, -24.31, -23.44, -21.02, -17.58, -13.61, -9.35, -5.215, -1.355, 2.242, 5.574, 9.05, 12.586, 16.17, 19.31, 21.9, 23.53, 24.03, 23.06, 20.6, 17.05, 13.25, 9.984, 7.65, 6.13, 5.227, 4.547, 3.982, 3.56, 3.365, 3.477, 3.713, 3.984, 4.105, 4.152, 4.137, 4.133, 4.19, 4.34, 4.56, 4.91, 5.348, 5.957, 6.777, 7.69, 8.62, 9.34, 9.93, 10.36, 10.555, 10.65, 10.516, 10.086, 9.38, 8.43, 7.37, 6.4, 5.793, 5.598, 5.566, 5.207, 4.066, 1.7705, -2.016, -6.848, -12.17, -16.66, -18.64, -17.72, -14.31, -9.664, -5.3, -2.54, -2.19, -4.508, -9.77, -17.67, -26.73, -34.3, -37.78, -36.44, -31.27, -24.03, -17.08, -12.37, -10.93, -13.08, -18.33, -25.69, -33.2, -39.6, -43.6, -45.2, -44.94, -43.56, -41.2, -37.8, -33.75, -28.89, -23.3, -16.86, -9.555, -1.339, 7.79, 16.94, 25.2, 31.19, 34.38, 34.28, 31.1, 25.19, 18.62, 12.74, 8.79, 6.438, 5.12, 4.414, 3.816, 3.334, 3.057, 3.283, 3.89, 4.504, 4.676, 4.016, 2.535, 0.658, -0.787
-1.732, -1.438, -0.4202, 0.8535, 2.324, 4.258, 6.97, 10.54, 14.414, 18.16, 21.1, 23.16, 23.94, 23.61, 21.95, 18.8, 14.73, 10.445, 6.734, 4.273, 3.348, 3.982, 5.45, 6.766, 7.387, 7.15, 6.168, 4.664, 2.715, 0.1017, -3.69, -8.945, -15.2, -20.98, -24.4, -24.38, -21.28, -16.16, -10.35, -5.008, -0.6367, 2.73, 5.082, 6.715, 7.887, 8.86, 9.88, 11.0, 12.12, 13.09, 14.01, 14.69, 15.22, 15.44, 15.15, 14.1, 12.195, 9.81, 7.26, 5.31, 4.266, 4.246, 4.676, 4.977, 4.668, 3.582, 1.874, -0.47, -3.502, -7.26, -11.3, -15.29, -18.39, -19.9, -19.97, -18.53, -16.08, -12.91, -9.4, -5.83, -2.367, 0.993, 4.203, 7.38, 10.43, 13.49, 16.25, 18.4, 19.62, 19.64, 18.34, 15.67, 12.195, 8.86, 6.105, 4.32, 3.217, 2.598, 2.137, 1.766, 1.506, 1.402, 1.556, 1.843, 2.154, 2.31, 2.363, 2.373, 2.346, 2.39, 2.488, 2.691, 2.947, 3.238, 3.676, 4.207, 4.8, 5.49, 6.137, 6.637, 7.02, 7.22, 7.36, 7.367, 7.215, 6.81, 6.277, 5.72, 5.18, 4.83, 4.59, 4.414, 3.98, 3.012, 1.469, -0.9185, -3.967, -7.156, -9.94, -11.14, -10.375, -7.88, -4.715, -1.883, -0.4204, -0.791, -3.068, -7.836, -14.95, -23.5, -31.0, -35.03, -34.7, -30.6, -24.58, -18.66, -14.555, -13.22, -14.72, -18.95, -25.06, -31.77, -37.3, -40.62, -41.62, -41.12, -39.44, -36.75, -33.28, -29.33, -24.73, -19.7, -13.92, -7.38, 0.07404, 8.09, 16.1, 23.1, 28.02, 30.45, 29.5, 25.55, 19.3, 13.07, 8.04, 4.94, 3.254, 2.45, 2.148, 1.941, 1.72, 1.616, 1.799, 2.26, 2.822, 3.1, 2.832, 1.895, 0.4165, -0.9985
-1.96, -1.936, -1.265, -0.2092, 1.006, 2.51, 4.473, 7.03, 9.84, 12.56, 14.586, 16.02, 16.33, 15.73, 13.97, 11.266, 8.01, 4.855, 2.402, 0.9087, 0.5054, 1.223, 2.533, 3.752, 4.43, 4.363, 3.709, 2.75, 1.589, 0.0951, -2.2, -5.688, -10.44, -15.58, -19.52, -21.06, -19.94, -16.73, -12.52, -8.33, -4.684, -1.742, 0.4497, 2.115, 3.379, 4.402, 5.453, 6.555, 7.586, 8.414, 8.98, 9.29, 9.414, 9.43, 8.99, 7.97, 6.49, 4.684, 3.053, 1.927, 1.413, 1.558, 2.018, 2.4, 2.4, 1.87, 0.974, -0.3013, -2.027, -4.26, -6.965, -9.875, -12.49, -14.195, -14.86, -14.266, -12.72, -10.59, -8.11, -5.37, -2.512, 0.2659, 2.977, 5.48, 7.914, 10.164, 12.16, 13.516, 14.016, 13.46, 11.766, 9.336, 6.492, 3.97, 2.145, 1.027, 0.382, 0.0419, -0.1637, -0.2607, -0.3945, -0.4375, -0.301, -0.0586, 0.2083, 0.3416, 0.3813, 0.395, 0.4048, 0.4983, 0.585, 0.773, 0.9316, 1.125, 1.389, 1.669, 1.971, 2.398, 2.834, 3.193, 3.49, 3.625, 3.672, 3.723, 3.693, 3.51, 3.29, 3.117, 2.96, 2.883, 2.758, 2.537, 2.133, 1.401, 0.4504, -0.7812, -2.19, -3.639, -4.957, -5.418, -4.83, -3.273, -1.435, 0.0972, 0.543, -0.2386, -2.086, -5.387, -10.4, -16.95, -23.23, -27.25, -27.81, -25.25, -20.95, -16.64, -13.28, -11.9, -12.43, -15.06, -19.58, -24.8, -29.4, -32.5, -33.84, -33.66, -32.22, -29.98, -26.97, -23.58, -19.62, -15.25, -10.22, -4.59, 1.61, 8.11, 14.27, 19.56, 22.81, 23.81, 21.7, 17.3, 11.734, 6.945, 3.443, 1.557, 0.651, 0.2893, 0.2172, 0.282, 0.2957, 0.316, 0.3862, 0.6807, 1.095, 1.337, 1.315, 0.824, -0.1492, -1.234
-2.04, -2.139, -1.85, -1.214, -0.4888, 0.4097, 1.527, 2.994, 4.63, 5.98, 7.04, 7.504, 7.438, 6.688, 5.42, 3.674, 1.876, 0.3452, -0.785, -1.383, -1.494, -1.097, -0.326, 0.524, 0.9937, 0.94, 0.546, 0.01976, -0.524, -1.093, -2.04, -3.592, -6.043, -9.06, -11.96, -13.81, -14.04, -12.805, -10.63, -8.13, -5.805, -3.777, -2.207, -0.9663, -0.0533, 0.6616, 1.387, 2.133, 2.922, 3.57, 3.803, 3.805, 3.6, 3.38, 2.957, 2.26, 1.247, 0.2568, -0.4243, -0.7837, -0.913, -0.837, -0.615, -0.3813, -0.1937, -0.3596, -0.727, -1.263, -2.006, -2.93, -4.133, -5.63, -7.2, -8.44, -9.13, -9.06, -8.3, -7.125, -5.754, -4.098, -2.295, -0.5103, 1.278, 2.715, 4.082, 5.234, 6.305, 6.742, 6.63, 5.8, 4.453, 2.68, 0.9854, -0.382, -1.253, -1.738, -1.996, -2.105, -2.07, -1.99, -2.016, -2.03, -1.966, -1.818, -1.616, -1.524, -1.475, -1.477, -1.479, -1.425, -1.364, -1.249, -1.174, -1.065, -0.8994, -0.814, -0.7397, -0.5933, -0.3562, -0.11816, 0.1255, 0.1891, 0.138, 0.10767, 0.1677, 0.1604, 0.05527, 0.07275, 0.1732, 0.3076, 0.2695, 0.0745, -0.231, -0.7134, -1.17, -1.61, -2.035, -2.39, -2.78, -2.877, -2.537, -1.78, -0.9824, -0.3518, -0.4458, -1.221, -2.178, -3.855, -6.367, -9.87, -13.836, -16.75, -17.69, -16.52, -14.195, -11.6, -9.35, -8.23, -8.08, -9.2, -11.664, -14.88, -18.05, -20.56, -22.02, -22.23, -21.56, -20.17, -18.05, -15.516, -12.68, -9.57, -5.953, -1.904, 2.229, 6.285, 9.914, 12.61, 13.94, 13.32, 11.0, 7.613, 4.17, 1.538, -0.0975, -0.931, -1.333, -1.327, -1.159, -0.953, -0.8657, -0.877, -0.9277, -0.8125, -0.5825, -0.4314, -0.3757, -0.5874, -1.037, -1.58
-2.215, -2.246, -2.219, -2.06, -1.876, -1.62, -1.33, -0.8726, -0.4355, -0.1831, -0.11926, -0.3413, -0.39, -0.789, -1.135, -1.647, -2.13, -2.29, -2.443, -2.576, -2.68, -2.666, -2.436, -2.053, -1.867, -1.982, -2.22, -2.387, -2.424, -2.484, -2.637, -2.906, -3.51, -4.363, -5.387, -6.156, -6.49, -6.312, -5.7, -4.875, -4.07, -3.252, -2.65, -2.262, -2.084, -1.995, -1.852, -1.621, -1.156, -0.7803, -0.7485, -0.986, -1.251, -1.436, -1.574, -1.845, -2.252, -2.5, -2.48, -2.38, -2.389, -2.57, -2.684, -2.607, -2.357, -2.236, -2.32, -2.535, -2.65, -2.842, -3.082, -3.486, -3.99, -4.49, -4.758, -4.598, -4.316, -3.957, -3.6, -3.117, -2.607, -2.027, -1.379, -1.125, -0.949, -0.7144, -0.4043, -0.2385, -0.4705, -0.9146, -1.466, -2.139, -2.662, -3.148, -3.32, -3.424, -3.566, -3.564, -3.406, -3.201, -3.13, -3.166, -3.21, -3.146, -3.03, -2.953, -2.86, -2.854, -2.889, -2.826, -2.842, -2.857, -2.842, -2.807, -2.727, -2.758, -2.852, -2.857, -2.816, -2.639, -2.45, -2.432, -2.479, -2.44, -2.404, -2.43, -2.508, -2.43, -2.285, -2.053, -1.994, -2.12, -2.354, -2.688, -2.79, -2.76, -2.701, -2.691, -2.752, -2.928, -2.926, -2.83, -2.654, -2.453, -2.584, -2.912, -3.148, -3.598, -4.156, -5.164, -6.445, -7.523, -7.918, -7.582, -6.562, -5.58, -4.78, -4.527, -4.52, -4.84, -5.645, -6.47, -7.473, -8.625, -9.13, -9.516, -9.4, -8.72, -7.773, -6.562, -5.37, -3.906, -2.307, -0.7617, 0.575, 1.597, 2.309, 2.76, 2.727, 2.281, 1.3, 0.09106, -0.9673, -1.639, -2.008, -2.207, -2.346, -2.348, -2.102, -1.811, -1.748, -1.778, -1.939, -2.01, -1.913, -1.796, -1.753, -1.872, -2.01, -2.105
