-8.59, -8.57, -8.59, -8.61, -8.67, -8.75, -8.87, -9.06, -9.25, -9.43, -9.58, -9.68, -9.72, -9.73, -9.71, -9.65, -9.53, -9.44, -9.25, -9.02, -8.805, -8.62, -8.47, -8.35, -8.25, -8.125, -7.906, -7.82, -7.832, -7.934, -8.16, -8.4, -8.62, -8.86, -8.99, -9.01, -8.97, -8.914, -8.9, -8.86, -8.78, -8.74, -8.73, -8.664, -8.58, -8.48, -8.33, -8.2, -8.1, -7.957, -7.875, -7.87, -7.848, -7.9, -7.914, -7.957, -7.977, -7.957, -7.938, -7.883, -7.824, -7.754, -7.652, -7.594, -7.465, -7.348, -7.203, -7.133, -7.125, -7.18, -7.297, -7.383, -7.54, -7.68, -7.773, -7.855, -7.895, -7.895, -7.895, -7.883, -7.86, -7.805, -7.766, -7.79, -7.785, -7.836, -7.88, -7.945, -8.09, -8.18, -8.336, -8.5, -8.66, -8.82, -8.93, -9.01, -9.0, -8.97, -8.87, -8.695, -8.54, -8.41, -8.35, -8.33, -8.4, -8.51, -8.69, -8.9, -9.17, -9.516, -9.88, -10.23, -10.56, -10.81, -10.95, -11.1, -11.17, -11.11, -10.914, -10.695, -10.34, -9.96, -9.516, -9.11, -8.86, -8.695, -8.55, -8.52, -8.555, -8.55, -8.5, -8.46, -8.484, -8.54, -8.54, -8.64, -8.7, -8.78, -8.836, -8.84, -8.87, -8.89, -8.9, -8.89, -8.91, -8.875, -8.86, -8.85, -8.875, -8.93, -8.945, -9.016, -9.086, -9.12, -9.16, -9.23, -9.31, -9.36, -9.43, -9.48, -9.48, -9.5, -9.56, -9.57, -9.57, -9.55, -9.516, -9.51, -9.46, -9.46, -9.44, -9.42, -9.37, -9.34, -9.336, -9.3, -9.27, -9.29, -9.33, -9.37, -9.36, -9.33, -9.3, -9.26, -9.24, -9.16, -9.03, -8.92, -8.84, -8.8, -8.77, -8.766, -8.76, -8.75, -8.71, -8.56, -8.46, -8.4, -8.47, -8.555
-7.047, -6.934, -6.81, -6.816, -6.94, -7.29, -7.78, -8.375, -9.016, -9.58, -10.02, -10.34, -10.52, -10.586, -10.55, -10.4, -10.12, -9.695, -9.125, -8.46, -7.758, -7.082, -6.547, -6.12, -5.66, -5.15, -4.652, -4.438, -4.645, -5.168, -5.98, -6.855, -7.69, -8.336, -8.734, -8.836, -8.695, -8.45, -8.164, -7.895, -7.637, -7.453, -7.316, -7.082, -6.746, -6.312, -5.805, -5.316, -4.914, -4.668, -4.62, -4.727, -4.938, -5.215, -5.46, -5.652, -5.758, -5.78, -5.7, -5.586, -5.406, -5.184, -4.957, -4.645, -4.25, -3.793, -3.408, -3.234, -3.34, -3.63, -4.15, -4.688, -5.25, -5.73, -6.047, -6.28, -6.41, -6.418, -6.375, -6.31, -6.21, -6.117, -6.047, -6.035, -6.09, -6.25, -6.484, -6.82, -7.258, -7.76, -8.305, -8.86, -9.34, -9.836, -10.22, -10.42, -10.484, -10.34, -10.086, -9.64, -9.12, -8.69, -8.45, -8.36, -8.516, -8.86, -9.38, -10.086, -10.91, -11.73, -12.57, -13.445, -14.18, -14.79, -15.234, -15.63, -15.766, -15.66, -15.33, -14.63, -13.69, -12.5, -11.125, -9.734, -8.52, -7.727, -7.24, -6.97, -6.85, -6.777, -6.69, -6.65, -6.62, -6.664, -6.902, -7.13, -7.355, -7.574, -7.758, -7.93, -7.984, -8.055, -8.02, -8.01, -7.934, -7.875, -7.8, -7.71, -7.68, -7.715, -7.75, -7.85, -7.992, -8.18, -8.41, -8.61, -8.78, -8.914, -9.03, -9.1, -9.14, -9.21, -9.23, -9.18, -9.08, -8.984, -8.84, -8.695, -8.49, -8.32, -8.125, -7.97, -7.824, -7.703, -7.62, -7.586, -7.566, -7.617, -7.727, -7.848, -7.957, -8.03, -8.086, -8.04, -7.945, -7.758, -7.49, -7.223, -6.98, -6.9, -6.984, -7.18, -7.363, -7.44, -7.28, -6.926, -6.605, -6.52, -6.734, -6.965
-4.48, -4.19, -3.959, -3.996, -4.37, -5.113, -6.137, -7.312, -8.49, -9.53, -10.38, -10.94, -11.32, -11.48, -11.45, -11.28, -10.9, -10.31, -9.42, -8.266, -6.863, -5.457, -4.242, -3.256, -2.283, -1.301, -0.5503, -0.345, -0.923, -2.078, -3.613, -5.277, -6.766, -7.926, -8.64, -8.875, -8.7, -8.234, -7.58, -6.914, -6.324, -5.82, -5.344, -4.793, -4.117, -3.297, -2.47, -1.751, -1.265, -1.133, -1.33, -1.782, -2.379, -2.967, -3.498, -3.863, -4.04, -4.01, -3.732, -3.295, -2.738, -2.094, -1.469, -0.7446, 0.0875, 0.9106, 1.485, 1.664, 1.301, 0.5503, -0.4814, -1.588, -2.64, -3.496, -4.117, -4.523, -4.707, -4.74, -4.664, -4.508, -4.344, -4.254, -4.24, -4.26, -4.434, -4.785, -5.316, -6.02, -6.84, -7.75, -8.7, -9.62, -10.42, -11.195, -11.79, -12.15, -12.27, -12.07, -11.53, -10.695, -9.734, -8.836, -8.22, -7.93, -8.09, -8.625, -9.516, -10.67, -11.99, -13.34, -14.69, -15.945, -17.16, -18.27, -19.11, -19.75, -20.17, -20.33, -20.1, -19.45, -18.22, -16.47, -14.22, -11.62, -9.22, -7.22, -5.875, -5.133, -4.77, -4.53, -4.355, -4.258, -4.203, -4.336, -4.742, -5.15, -5.6, -5.99, -6.348, -6.645, -6.85, -6.977, -6.992, -6.973, -6.816, -6.668, -6.504, -6.32, -6.164, -6.113, -6.145, -6.312, -6.527, -6.85, -7.23, -7.57, -7.934, -8.18, -8.32, -8.45, -8.5, -8.52, -8.48, -8.33, -8.13, -7.902, -7.562, -7.234, -6.87, -6.516, -6.188, -5.934, -5.75, -5.613, -5.594, -5.656, -5.758, -5.926, -6.164, -6.43, -6.66, -6.844, -6.914, -6.82, -6.6, -6.203, -5.664, -5.12, -4.7, -4.59, -4.82, -5.246, -5.723, -6.0, -5.79, -5.16, -4.51, -4.277, -4.402, -4.543
-1.094, -0.584, -0.332, -0.494, -1.208, -2.443, -4.008, -5.77, -7.477, -8.99, -10.19, -11.01, -11.516, -11.76, -11.79, -11.64, -11.35, -10.77, -9.78, -8.29, -6.35, -4.215, -2.201, -0.4795, 1.079, 2.504, 3.426, 3.477, 2.543, 0.766, -1.474, -3.836, -5.938, -7.61, -8.66, -9.13, -9.03, -8.43, -7.51, -6.42, -5.336, -4.37, -3.44, -2.53, -1.524, -0.4595, 0.5015, 1.201, 1.486, 1.263, 0.6597, -0.2234, -1.189, -2.084, -2.861, -3.373, -3.55, -3.408, -2.838, -1.931, -0.7544, 0.5303, 1.795, 3.154, 4.426, 5.6, 6.3, 6.35, 5.594, 4.305, 2.697, 1.009, -0.5225, -1.756, -2.637, -3.223, -3.494, -3.527, -3.4, -3.209, -3.04, -2.922, -2.928, -3.088, -3.486, -4.04, -4.836, -5.812, -6.94, -8.1, -9.305, -10.5, -11.516, -12.375, -12.984, -13.35, -13.43, -13.13, -12.305, -11.03, -9.48, -8.04, -6.98, -6.57, -6.82, -7.62, -8.914, -10.516, -12.28, -14.05, -15.82, -17.42, -18.95, -20.27, -21.42, -22.33, -23.0, -23.36, -23.5, -23.1, -22.12, -20.36, -17.83, -14.5, -10.89, -7.594, -5.027, -3.44, -2.592, -2.092, -1.824, -1.632, -1.612, -1.914, -2.451, -3.031, -3.621, -4.215, -4.746, -5.184, -5.57, -5.816, -5.918, -5.906, -5.746, -5.543, -5.29, -4.996, -4.73, -4.56, -4.52, -4.633, -4.9, -5.312, -5.77, -6.266, -6.746, -7.074, -7.28, -7.445, -7.49, -7.4, -7.25, -7.01, -6.68, -6.242, -5.766, -5.297, -4.848, -4.438, -4.11, -3.895, -3.797, -3.783, -3.922, -4.14, -4.414, -4.77, -5.15, -5.504, -5.816, -6.027, -6.023, -5.79, -5.293, -4.55, -3.662, -2.8, -2.236, -2.14, -2.512, -3.244, -4.02, -4.48, -4.258, -3.424, -2.465, -1.867, -1.675, -1.488
2.77, 3.48, 3.746, 3.38, 2.375, 0.7017, -1.377, -3.676, -5.89, -7.88, -9.41, -10.43, -11.03, -11.29, -11.336, -11.24, -11.03, -10.62, -9.77, -8.305, -6.13, -3.47, -0.715, 1.789, 3.959, 5.766, 6.824, 6.824, 5.67, 3.486, 0.708, -2.22, -4.906, -7.07, -8.61, -9.375, -9.45, -8.87, -7.824, -6.47, -4.996, -3.541, -2.152, -0.8433, 0.4036, 1.521, 2.404, 2.895, 2.846, 2.264, 1.294, 0.0955, -1.163, -2.355, -3.291, -3.932, -4.137, -3.846, -2.99, -1.59, 0.27, 2.312, 4.45, 6.49, 8.32, 9.76, 10.516, 10.36, 9.2, 7.355, 5.195, 2.965, 0.995, -0.5796, -1.664, -2.4, -2.816, -2.926, -2.832, -2.656, -2.525, -2.465, -2.525, -2.764, -3.25, -3.96, -4.92, -6.06, -7.37, -8.68, -10.0, -11.25, -12.29, -13.1, -13.63, -13.9, -13.78, -13.16, -11.88, -10.016, -7.863, -5.938, -4.703, -4.43, -5.02, -6.3, -8.07, -10.1, -12.266, -14.414, -16.4, -18.23, -19.95, -21.38, -22.64, -23.69, -24.39, -24.9, -25.2, -25.11, -24.52, -23.16, -20.81, -17.38, -13.15, -8.73, -4.938, -2.195, -0.6304, 0.1934, 0.6357, 0.9023, 0.859, 0.584, 0.007786, -0.7007, -1.41, -2.127, -2.78, -3.36, -3.95, -4.34, -4.605, -4.727, -4.688, -4.535, -4.273, -3.918, -3.594, -3.32, -3.105, -3.078, -3.297, -3.686, -4.17, -4.727, -5.266, -5.656, -5.91, -6.07, -6.062, -5.883, -5.617, -5.27, -4.812, -4.28, -3.756, -3.254, -2.822, -2.49, -2.307, -2.246, -2.283, -2.463, -2.766, -3.133, -3.553, -4.035, -4.52, -4.934, -5.23, -5.37, -5.246, -4.773, -3.943, -2.803, -1.542, -0.3972, 0.2566, 0.2961, -0.3008, -1.325, -2.324, -2.873, -2.652, -1.647, -0.3843, 0.6606, 1.349, 2.0
6.816, 7.703, 8.01, 7.598, 6.367, 4.367, 1.818, -1.004, -3.758, -6.24, -8.16, -9.36, -10.055, -10.3, -10.266, -10.2, -10.086, -9.82, -9.21, -7.973, -5.92, -3.062, 0.2041, 3.37, 6.152, 8.33, 9.6, 9.734, 8.586, 6.234, 3.092, -0.304, -3.494, -6.18, -8.164, -9.33, -9.71, -9.32, -8.31, -6.88, -5.227, -3.455, -1.751, -0.1572, 1.252, 2.344, 3.09, 3.32, 2.984, 2.127, 0.9346, -0.4368, -1.8955, -3.283, -4.37, -5.145, -5.44, -5.062, -3.951, -2.094, 0.4124, 3.29, 6.266, 9.07, 11.49, 13.19, 14.02, 13.61, 12.08, 9.734, 7.062, 4.406, 2.057, 0.1858, -1.142, -2.033, -2.54, -2.791, -2.818, -2.72, -2.64, -2.63, -2.775, -3.082, -3.578, -4.36, -5.4, -6.637, -7.973, -9.37, -10.73, -11.96, -12.91, -13.586, -13.87, -13.81, -13.28, -12.17, -10.305, -7.773, -5.098, -2.998, -1.937, -2.059, -3.188, -4.984, -7.203, -9.625, -12.08, -14.47, -16.7, -18.78, -20.55, -22.14, -23.4, -24.44, -25.12, -25.66, -25.89, -25.84, -25.53, -24.64, -22.77, -19.7, -15.336, -10.3, -5.45, -1.622, 0.8135, 2.229, 2.93, 3.285, 3.41, 3.232, 2.701, 2.06, 1.339, 0.645, -0.11615, -0.8496, -1.653, -2.195, -2.748, -3.139, -3.361, -3.424, -3.322, -3.035, -2.695, -2.348, -2.041, -1.848, -1.891, -2.105, -2.545, -3.018, -3.514, -3.973, -4.242, -4.36, -4.32, -4.074, -3.732, -3.32, -2.8, -2.264, -1.809, -1.388, -1.072, -0.9106, -0.8804, -1.015, -1.258, -1.602, -2.01, -2.488, -2.996, -3.547, -4.08, -4.51, -4.746, -4.734, -4.406, -3.662, -2.465, -0.973, 0.584, 1.861, 2.469, 2.354, 1.567, 0.3816, -0.744, -1.321, -1.029, 0.1354, 1.712, 3.252, 4.52, 5.7
10.734, 11.86, 12.32, 11.87, 10.52, 8.266, 5.336, 2.033, -1.271, -4.246, -6.566, -8.08, -8.87, -9.11, -9.04, -8.875, -8.74, -8.56, -8.2, -7.3, -5.594, -2.877, 0.6025, 4.3, 7.586, 10.18, 11.84, 12.27, 11.28, 8.97, 5.66, 1.89, -1.699, -4.85, -7.297, -8.87, -9.586, -9.5, -8.74, -7.44, -5.805, -3.94, -2.11, -0.4456, 0.994, 2.047, 2.662, 2.686, 2.154, 1.2, -0.0728, -1.532, -3.094, -4.59, -5.938, -6.875, -7.246, -6.8, -5.477, -3.197, -0.09955, 3.57, 7.395, 11.01, 13.914, 15.96, 16.75, 16.19, 14.28, 11.51, 8.4, 5.363, 2.773, 0.704, -0.8203, -1.878, -2.537, -2.918, -3.068, -3.086, -3.107, -3.168, -3.363, -3.697, -4.23, -5.066, -6.133, -7.375, -8.72, -10.08, -11.43, -12.586, -13.39, -13.87, -13.84, -13.375, -12.3, -10.54, -7.977, -4.86, -1.907, 0.1318, 0.799, 0.1547, -1.484, -3.72, -6.27, -9.016, -11.75, -14.36, -16.78, -18.94, -20.86, -22.52, -23.83, -24.84, -25.47, -25.9, -26.06, -25.98, -25.77, -25.17, -23.7, -21.14, -17.12, -11.94, -6.508, -1.615, 1.871, 3.945, 5.082, 5.69, 6.016, 6.06, 5.793, 5.395, 4.82, 4.234, 3.447, 2.658, 1.692, 0.8354, -0.06097, -0.7856, -1.422, -1.843, -2.135, -2.137, -1.947, -1.598, -1.278, -0.948, -0.7676, -0.735, -0.9575, -1.277, -1.655, -2.04, -2.283, -2.363, -2.314, -2.068, -1.755, -1.354, -0.902, -0.43, -0.0948, 0.1556, 0.2942, 0.2769, 0.127, -0.1752, -0.586, -1.044, -1.538, -2.076, -2.635, -3.21, -3.75, -4.14, -4.3, -4.14, -3.576, -2.537, -1.042, 0.697, 2.395, 3.658, 4.168, 3.896, 3.025, 1.815, 0.7197, 0.151, 0.4917, 1.838, 3.77, 5.766, 7.6, 9.24
14.37, 15.75, 16.4, 16.03, 14.63, 12.234, 8.92, 5.16, 1.365, -2.055, -4.785, -6.664, -7.67, -8.01, -7.918, -7.65, -7.406, -7.215, -6.99, -6.395, -5.113, -2.777, 0.6216, 4.543, 8.32, 11.46, 13.586, 14.43, 13.8, 11.63, 8.24, 4.33, 0.4092, -3.121, -5.94, -7.953, -9.07, -9.36, -8.9, -7.883, -6.438, -4.742, -3.012, -1.401, -0.03632, 0.945, 1.466, 1.411, 0.8164, -0.14, -1.429, -2.932, -4.594, -6.285, -7.785, -8.92, -9.37, -8.86, -7.273, -4.6, -0.9546, 3.475, 8.086, 12.414, 15.85, 18.14, 19.02, 18.17, 15.98, 12.9, 9.46, 6.242, 3.459, 1.206, -0.521, -1.761, -2.596, -3.104, -3.402, -3.57, -3.727, -3.873, -4.16, -4.58, -5.17, -5.992, -7.03, -8.266, -9.58, -10.87, -12.16, -13.19, -13.87, -14.12, -13.78, -12.84, -11.21, -8.8, -5.56, -1.963, 1.1, 2.93, 3.195, 2.154, 0.18, -2.377, -5.234, -8.23, -11.2, -14.0, -16.55, -18.89, -20.89, -22.55, -23.9, -24.97, -25.53, -25.9, -25.92, -25.77, -25.52, -24.95, -23.9, -21.8, -18.31, -13.41, -7.62, -2.049, 2.414, 5.3, 7.008, 8.03, 8.71, 9.164, 9.4, 9.305, 9.055, 8.695, 8.08, 7.22, 6.195, 5.008, 3.725, 2.516, 1.289, 0.3555, -0.4458, -0.908, -1.083, -0.9277, -0.6743, -0.295, 0.0911, 0.344, 0.4365, 0.3525, 0.1616, -0.0526, -0.1948, -0.2335, -0.2078, -0.04086, 0.1882, 0.453, 0.745, 1.061, 1.262, 1.337, 1.291, 1.099, 0.765, 0.3203, -0.1576, -0.6743, -1.246, -1.832, -2.424, -3.012, -3.525, -3.854, -3.926, -3.643, -2.93, -1.673, 0.00804, 1.887, 3.633, 4.836, 5.273, 4.95, 4.12, 3.02, 2.053, 1.515, 1.918, 3.389, 5.55, 8.01, 10.36, 12.46
17.39, 19.12, 19.92, 19.72, 18.36, 15.875, 12.36, 8.305, 4.062, 0.212, -2.963, -5.195, -6.492, -7.023, -6.957, -6.59, -6.273, -6.02, -5.8, -5.418, -4.49, -2.598, 0.4087, 4.26, 8.336, 11.96, 14.69, 16.12, 15.93, 14.12, 10.88, 6.94, 2.787, -1.035, -4.227, -6.61, -8.15, -8.805, -8.7, -8.016, -6.867, -5.473, -3.973, -2.57, -1.341, -0.479, -0.02382, -0.06354, -0.579, -1.494, -2.78, -4.38, -6.23, -8.16, -9.89, -11.13, -11.6, -10.94, -9.09, -6.05, -1.85, 3.137, 8.46, 13.414, 17.42, 20.0, 20.86, 19.86, 17.42, 14.18, 10.68, 7.336, 4.33, 1.803, -0.1494, -1.591, -2.607, -3.293, -3.785, -4.117, -4.43, -4.72, -5.086, -5.58, -6.254, -7.086, -8.1, -9.26, -10.52, -11.75, -12.87, -13.8, -14.39, -14.445, -13.86, -12.516, -10.39, -7.402, -3.678, 0.218, 3.41, 5.11, 5.16, 3.916, 1.715, -1.081, -4.24, -7.45, -10.6, -13.59, -16.2, -18.6, -20.66, -22.42, -23.83, -24.83, -25.4, -25.7, -25.62, -25.36, -24.98, -24.36, -23.44, -21.77, -18.84, -14.39, -8.69, -2.7, 2.543, 6.37, 8.78, 10.38, 11.555, 12.54, 13.24, 13.7, 13.96, 13.96, 13.62, 12.84, 11.805, 10.34, 8.68, 6.945, 5.133, 3.469, 2.033, 0.9395, 0.2352, -0.1011, -0.0851, 0.1906, 0.659, 1.134, 1.508, 1.73, 1.82, 1.795, 1.759, 1.779, 1.773, 1.813, 1.915, 2.01, 2.117, 2.22, 2.242, 2.166, 1.911, 1.562, 1.094, 0.58, 0.05307, -0.515, -1.139, -1.731, -2.307, -2.865, -3.357, -3.646, -3.662, -3.293, -2.465, -1.124, 0.6333, 2.531, 4.24, 5.39, 5.816, 5.582, 4.934, 4.05, 3.223, 2.754, 3.156, 4.625, 6.99, 9.76, 12.55, 15.18
19.7, 21.73, 22.81, 22.86, 21.56, 19.02, 15.44, 11.12, 6.6, 2.324, -1.238, -3.854, -5.43, -6.113, -6.168, -5.832, -5.438, -5.094, -4.797, -4.484, -3.818, -2.402, 0.0959, 3.652, 7.758, 11.805, 15.16, 17.23, 17.67, 16.39, 13.55, 9.63, 5.445, 1.394, -2.139, -4.914, -6.85, -7.95, -8.195, -7.85, -7.04, -5.93, -4.71, -3.54, -2.502, -1.758, -1.369, -1.357, -1.791, -2.678, -4.027, -5.844, -7.895, -10.016, -11.87, -13.125, -13.47, -12.66, -10.57, -7.21, -2.557, 2.943, 8.86, 14.336, 18.81, 21.64, 22.48, 21.47, 19.05, 15.79, 12.32, 8.78, 5.453, 2.59, 0.2878, -1.424, -2.654, -3.486, -4.13, -4.64, -5.098, -5.566, -6.082, -6.668, -7.375, -8.234, -9.25, -10.35, -11.51, -12.64, -13.71, -14.555, -14.97, -14.85, -14.12, -12.58, -10.1, -6.75, -2.672, 1.43, 4.715, 6.49, 6.562, 5.266, 3.006, 0.10876, -3.25, -6.695, -9.98, -13.1, -15.86, -18.31, -20.42, -22.19, -23.58, -24.61, -25.17, -25.34, -25.22, -24.78, -24.28, -23.53, -22.58, -21.23, -18.8, -14.89, -9.62, -3.564, 2.328, 7.043, 10.28, 12.484, 14.26, 15.875, 17.3, 18.44, 19.33, 19.78, 19.83, 19.23, 18.16, 16.64, 14.64, 12.38, 10.0, 7.676, 5.438, 3.555, 2.123, 1.1875, 0.7075, 0.6934, 1.026, 1.619, 2.2, 2.719, 3.127, 3.365, 3.49, 3.535, 3.525, 3.434, 3.354, 3.252, 3.172, 3.078, 2.883, 2.6, 2.207, 1.752, 1.194, 0.6284, 0.0715, -0.5093, -1.112, -1.716, -2.275, -2.816, -3.287, -3.553, -3.523, -3.104, -2.22, -0.8916, 0.8213, 2.652, 4.31, 5.44, 5.938, 5.906, 5.504, 4.88, 4.21, 3.82, 4.184, 5.52, 7.875, 10.86, 14.05, 17.03
21.14, 23.52, 24.97, 25.11, 23.92, 21.5, 17.83, 13.42, 8.695, 4.17, 0.3289, -2.566, -4.45, -5.36, -5.51, -5.277, -4.85, -4.43, -4.06, -3.74, -3.219, -2.148, -0.174, 2.87, 6.777, 11.055, 14.875, 17.67, 18.9, 18.31, 15.98, 12.4, 8.24, 4.14, 0.3635, -2.822, -5.176, -6.67, -7.324, -7.35, -6.902, -6.1, -5.11, -4.137, -3.246, -2.58, -2.256, -2.293, -2.746, -3.695, -5.223, -7.195, -9.336, -11.484, -13.28, -14.46, -14.67, -13.71, -11.44, -7.734, -2.75, 3.201, 9.516, 15.5, 20.22, 23.27, 24.16, 23.17, 20.94, 17.94, 14.375, 10.65, 6.95, 3.652, 0.8984, -1.115, -2.633, -3.688, -4.47, -5.133, -5.727, -6.35, -7.027, -7.73, -8.53, -9.44, -10.43, -11.47, -12.55, -13.59, -14.59, -15.33, -15.69, -15.55, -14.7, -13.04, -10.42, -6.895, -2.715, 1.511, 4.953, 6.91, 7.227, 6.12, 3.904, 1.004, -2.404, -6.01, -9.414, -12.555, -15.414, -17.95, -20.1, -21.89, -23.3, -24.33, -24.94, -25.06, -24.88, -24.31, -23.6, -22.67, -21.66, -20.38, -18.31, -15.03, -10.234, -4.348, 1.82, 7.26, 11.42, 14.4, 16.81, 19.1, 21.27, 23.11, 24.66, 25.8, 26.05, 25.86, 24.94, 23.33, 21.11, 18.55, 15.555, 12.54, 9.57, 6.945, 4.65, 2.969, 1.863, 1.364, 1.41, 1.9, 2.584, 3.273, 3.938, 4.46, 4.773, 4.906, 4.875, 4.695, 4.47, 4.23, 3.95, 3.63, 3.262, 2.8, 2.305, 1.74, 1.127, 0.5537, -0.000927, -0.571, -1.122, -1.691, -2.275, -2.832, -3.299, -3.557, -3.51, -3.084, -2.207, -0.921, 0.6714, 2.424, 4.016, 5.184, 5.8, 6.02, 5.87, 5.484, 5.004, 4.668, 4.9, 6.086, 8.305, 11.305, 14.7, 18.14
21.62, 24.33, 26.06, 26.42, 25.45, 23.1, 19.53, 15.086, 10.26, 5.59, 1.591, -1.543, -3.61, -4.74, -5.055, -4.87, -4.434, -3.938, -3.516, -3.16, -2.701, -1.916, -0.4258, 2.113, 5.617, 9.836, 13.97, 17.47, 19.53, 19.84, 18.17, 15.13, 11.26, 7.176, 3.201, -0.2412, -3.08, -5.01, -6.16, -6.574, -6.434, -5.93, -5.18, -4.37, -3.627, -3.076, -2.83, -2.945, -3.514, -4.598, -6.24, -8.266, -10.36, -12.37, -13.95, -14.88, -14.914, -13.82, -11.42, -7.555, -2.29, 3.943, 10.61, 16.9, 21.92, 25.03, 25.94, 25.19, 23.19, 20.44, 16.84, 12.86, 8.76, 4.926, 1.657, -0.793, -2.514, -3.77, -4.71, -5.5, -6.27, -7.09, -7.906, -8.73, -9.59, -10.516, -11.54, -12.6, -13.61, -14.63, -15.57, -16.2, -16.55, -16.38, -15.57, -13.92, -11.35, -7.875, -3.709, 0.55, 4.168, 6.473, 7.184, 6.387, 4.375, 1.5625, -1.774, -5.363, -8.87, -12.06, -15.01, -17.55, -19.67, -21.53, -22.97, -24.05, -24.58, -24.72, -24.52, -23.89, -23.05, -21.94, -20.81, -19.42, -17.56, -14.76, -10.6, -5.15, 1.044, 7.105, 12.086, 15.85, 19.0, 22.0, 24.81, 27.47, 29.62, 31.2, 32.16, 32.2, 31.47, 30.0, 27.86, 24.98, 21.62, 18.0, 14.32, 10.91, 7.84, 5.324, 3.5, 2.338, 1.913, 2.094, 2.709, 3.506, 4.344, 5.055, 5.527, 5.76, 5.742, 5.527, 5.19, 4.85, 4.42, 3.94, 3.443, 2.883, 2.297, 1.642, 0.9854, 0.4053, -0.1044, -0.6387, -1.185, -1.724, -2.29, -2.857, -3.32, -3.582, -3.559, -3.154, -2.342, -1.132, 0.3765, 1.995, 3.523, 4.734, 5.52, 5.938, 6.035, 5.895, 5.582, 5.3, 5.41, 6.312, 8.195, 11.11, 14.61, 18.25
21.11, 24.17, 26.14, 26.84, 26.08, 23.86, 20.38, 15.96, 11.21, 6.57, 2.52, -0.7163, -2.938, -4.21, -4.68, -4.594, -4.18, -3.66, -3.215, -2.834, -2.39, -1.722, -0.5415, 1.476, 4.473, 8.34, 12.66, 16.66, 19.53, 20.8, 20.11, 17.73, 14.3, 10.37, 6.383, 2.633, -0.5205, -2.969, -4.63, -5.516, -5.797, -5.57, -5.09, -4.473, -3.861, -3.436, -3.291, -3.477, -4.145, -5.34, -7.016, -8.91, -10.766, -12.38, -13.64, -14.32, -14.2, -13.0, -10.484, -6.46, -1.006, 5.453, 12.33, 18.7, 23.75, 26.9, 27.94, 27.47, 25.88, 23.31, 19.72, 15.41, 10.836, 6.484, 2.72, -0.2463, -2.322, -3.797, -4.906, -5.824, -6.73, -7.668, -8.62, -9.57, -10.58, -11.58, -12.66, -13.68, -14.71, -15.71, -16.62, -17.28, -17.61, -17.47, -16.67, -15.06, -12.66, -9.39, -5.42, -1.209, 2.555, 5.266, 6.44, 6.15, 4.516, 1.931, -1.309, -4.906, -8.41, -11.65, -14.56, -17.16, -19.33, -21.19, -22.7, -23.75, -24.42, -24.52, -24.25, -23.56, -22.55, -21.45, -20.12, -18.6, -16.84, -14.37, -10.78, -5.945, 0.05765, 6.37, 12.1, 16.84, 20.7, 24.17, 27.7, 30.9, 33.75, 35.94, 37.25, 37.75, 37.38, 36.03, 33.94, 31.11, 27.53, 23.53, 19.3, 15.125, 11.38, 8.14, 5.613, 3.785, 2.744, 2.43, 2.76, 3.459, 4.37, 5.184, 5.793, 6.145, 6.176, 5.957, 5.605, 5.164, 4.645, 4.055, 3.457, 2.814, 2.154, 1.473, 0.852, 0.2656, -0.2583, -0.7373, -1.251, -1.774, -2.332, -2.904, -3.36, -3.62, -3.63, -3.293, -2.527, -1.4, -0.000515, 1.526, 2.988, 4.246, 5.195, 5.785, 6.066, 6.094, 5.93, 5.707, 5.703, 6.297, 7.86, 10.375, 13.734, 17.5
19.69, 22.94, 25.25, 26.19, 25.64, 23.64, 20.38, 16.2, 11.516, 7.03, 3.055, -0.167, -2.42, -3.793, -4.37, -4.336, -3.97, -3.484, -3.03, -2.62, -2.209, -1.644, -0.7095, 0.8647, 3.316, 6.8, 11.02, 15.32, 18.98, 21.28, 21.6, 20.06, 17.27, 13.695, 9.81, 5.92, 2.453, -0.4934, -2.719, -4.137, -4.906, -5.117, -4.957, -4.586, -4.133, -3.828, -3.764, -4.023, -4.723, -5.88, -7.35, -8.945, -10.44, -11.65, -12.51, -12.89, -12.57, -11.32, -8.63, -4.53, 0.9683, 7.48, 14.34, 20.8, 25.8, 28.86, 30.11, 29.95, 28.69, 26.23, 22.6, 18.03, 13.086, 8.23, 3.975, 0.509, -1.98, -3.707, -4.957, -6.035, -7.055, -8.1, -9.195, -10.27, -11.38, -12.555, -13.63, -14.72, -15.81, -16.86, -17.75, -18.44, -18.84, -18.66, -17.94, -16.44, -14.195, -11.14, -7.34, -3.299, 0.5366, 3.547, 5.215, 5.49, 4.4, 2.11, -0.982, -4.492, -8.01, -11.266, -14.16, -16.75, -18.95, -20.89, -22.38, -23.53, -24.17, -24.4, -24.06, -23.44, -22.33, -21.06, -19.61, -18.0, -16.22, -14.0, -10.91, -6.66, -1.097, 5.246, 11.484, 16.92, 21.55, 25.67, 29.61, 33.4, 36.78, 39.44, 41.22, 41.88, 41.84, 40.78, 38.97, 36.38, 32.8, 28.62, 24.05, 19.45, 15.016, 11.195, 7.992, 5.54, 3.873, 3.043, 2.965, 3.412, 4.195, 5.016, 5.67, 6.12, 6.273, 6.133, 5.78, 5.29, 4.727, 4.066, 3.365, 2.668, 1.972, 1.282, 0.7095, 0.1671, -0.3472, -0.7773, -1.265, -1.801, -2.354, -2.918, -3.406, -3.701, -3.744, -3.463, -2.781, -1.729, -0.383, 1.095, 2.527, 3.828, 4.887, 5.598, 5.996, 6.145, 6.074, 5.914, 5.855, 6.19, 7.277, 9.31, 12.31, 15.89
17.55, 20.92, 23.42, 24.58, 24.28, 22.55, 19.53, 15.586, 11.234, 7.016, 3.268, 0.2034, -2.049, -3.443, -4.07, -4.094, -3.77, -3.334, -2.926, -2.545, -2.195, -1.708, -0.954, 0.32, 2.375, 5.38, 9.27, 13.76, 18.03, 21.2, 22.61, 22.16, 20.11, 17.1, 13.47, 9.59, 5.8, 2.443, -0.3044, -2.35, -3.693, -4.438, -4.664, -4.58, -4.35, -4.188, -4.195, -4.465, -5.113, -6.098, -7.277, -8.47, -9.43, -10.15, -10.65, -10.82, -10.32, -8.87, -6.086, -1.919, 3.598, 10.13, 16.89, 23.1, 27.83, 30.83, 32.25, 32.53, 31.4, 28.98, 25.3, 20.52, 15.33, 10.02, 5.285, 1.311, -1.585, -3.537, -4.914, -6.09, -7.22, -8.4, -9.63, -10.88, -12.164, -13.39, -14.586, -15.79, -16.9, -18.03, -19.0, -19.69, -20.06, -19.9, -19.23, -17.83, -15.72, -12.83, -9.29, -5.395, -1.516, 1.745, 3.879, 4.684, 4.066, 2.105, -0.7817, -4.19, -7.68, -10.95, -13.84, -16.34, -18.56, -20.53, -22.1, -23.31, -24.02, -24.31, -24.02, -23.4, -22.31, -20.94, -19.38, -17.62, -15.83, -13.734, -11.055, -7.383, -2.395, 3.576, 10.14, 16.33, 21.62, 26.27, 30.52, 34.66, 38.4, 41.4, 43.56, 44.7, 44.8, 44.25, 42.72, 40.4, 37.12, 32.97, 28.23, 23.25, 18.47, 14.18, 10.52, 7.57, 5.336, 4.004, 3.463, 3.566, 4.152, 4.844, 5.5, 5.965, 6.156, 6.12, 5.83, 5.344, 4.727, 4.035, 3.291, 2.543, 1.851, 1.196, 0.6426, 0.18, -0.2703, -0.7036, -1.211, -1.775, -2.344, -2.918, -3.447, -3.803, -3.873, -3.643, -3.04, -2.031, -0.7188, 0.722, 2.168, 3.52, 4.63, 5.434, 5.89, 6.105, 6.082, 5.934, 5.805, 5.945, 6.62, 8.11, 10.586, 13.88
15.05, 18.38, 20.92, 22.22, 22.17, 20.66, 17.89, 14.4, 10.46, 6.62, 3.143, 0.2515, -1.8545, -3.207, -3.846, -3.906, -3.62, -3.201, -2.814, -2.473, -2.18, -1.811, -1.231, -0.2363, 1.439, 4.062, 7.68, 12.11, 16.69, 20.69, 23.17, 23.84, 22.73, 20.42, 17.16, 13.4, 9.5, 5.79, 2.518, -0.1493, -2.084, -3.39, -4.13, -4.375, -4.41, -4.395, -4.453, -4.7, -5.22, -5.94, -6.71, -7.426, -7.92, -8.21, -8.4, -8.31, -7.56, -5.85, -2.979, 1.227, 6.715, 13.016, 19.52, 25.39, 29.83, 32.8, 34.28, 34.62, 33.78, 31.31, 27.55, 22.62, 17.22, 11.63, 6.453, 2.14, -1.126, -3.375, -4.863, -6.13, -7.33, -8.58, -10.0, -11.39, -12.82, -14.15, -15.49, -16.81, -18.05, -19.23, -20.19, -20.89, -21.28, -21.14, -20.47, -19.12, -17.16, -14.32, -10.93, -7.145, -3.25, 0.1786, 2.73, 3.96, 3.746, 2.121, -0.6436, -4.0, -7.418, -10.66, -13.51, -16.05, -18.23, -20.12, -21.83, -23.05, -23.83, -24.25, -24.06, -23.44, -22.42, -20.95, -19.38, -17.5, -15.65, -13.61, -11.25, -8.07, -3.81, 1.724, 8.2, 14.73, 20.69, 25.95, 30.48, 34.88, 38.7, 42.0, 44.38, 45.84, 46.34, 46.16, 44.97, 43.0, 40.1, 36.25, 31.61, 26.5, 21.5, 16.89, 12.91, 9.61, 7.03, 5.29, 4.332, 4.06, 4.367, 4.88, 5.453, 5.887, 6.105, 6.11, 5.848, 5.4, 4.797, 4.06, 3.318, 2.564, 1.895, 1.285, 0.7393, 0.304, -0.0982, -0.548, -1.092, -1.695, -2.31, -2.938, -3.5, -3.885, -3.996, -3.793, -3.229, -2.287, -1.011, 0.419, 1.89, 3.295, 4.47, 5.31, 5.812, 6.03, 6.023, 5.84, 5.656, 5.625, 5.98, 6.957, 8.83, 11.66
12.5, 15.586, 17.97, 19.36, 19.39, 18.14, 15.836, 12.77, 9.33, 5.91, 2.82, 0.2084, -1.785, -3.06, -3.654, -3.734, -3.508, -3.115, -2.732, -2.441, -2.234, -2.004, -1.611, -0.833, 0.5938, 2.914, 6.207, 10.47, 15.305, 19.92, 23.44, 25.2, 25.12, 23.52, 20.8, 17.27, 13.336, 9.39, 5.676, 2.486, -0.07056, -1.936, -3.21, -3.875, -4.195, -4.38, -4.44, -4.61, -4.97, -5.406, -5.793, -6.043, -6.062, -5.984, -5.83, -5.418, -4.42, -2.543, 0.4426, 4.65, 10.016, 16.05, 22.22, 27.61, 31.7, 34.4, 35.97, 36.38, 35.47, 32.94, 29.19, 24.22, 18.7, 12.87, 7.406, 2.748, -0.787, -3.191, -4.805, -6.12, -7.38, -8.74, -10.29, -11.83, -13.414, -14.9, -16.38, -17.78, -19.11, -20.34, -21.33, -22.05, -22.42, -22.28, -21.6, -20.17, -18.12, -15.39, -12.12, -8.375, -4.457, -0.8604, 1.958, 3.557, 3.574, 2.09, -0.591, -3.9, -7.277, -10.42, -13.2, -15.71, -17.88, -19.83, -21.5, -22.84, -23.75, -24.22, -24.16, -23.61, -22.64, -21.27, -19.56, -17.66, -15.68, -13.664, -11.414, -8.74, -5.184, -0.3909, 5.586, 12.164, 18.69, 24.56, 29.64, 34.12, 38.1, 41.34, 44.1, 45.78, 46.75, 46.72, 45.97, 44.22, 41.72, 38.1, 33.7, 28.8, 23.8, 19.14, 15.14, 11.74, 8.914, 6.832, 5.566, 5.008, 4.996, 5.297, 5.75, 6.117, 6.305, 6.285, 6.043, 5.6, 5.004, 4.25, 3.51, 2.787, 2.154, 1.58, 1.038, 0.5815, 0.1598, -0.3428, -0.917, -1.555, -2.242, -2.932, -3.543, -3.97, -4.11, -3.941, -3.414, -2.482, -1.225, 0.229, 1.747, 3.188, 4.414, 5.277, 5.78, 5.97, 5.906, 5.67, 5.426, 5.277, 5.383, 5.98, 7.34, 9.61
10.234, 12.8, 14.98, 16.25, 16.34, 15.39, 13.45, 10.92, 8.055, 5.11, 2.344, -0.01033, -1.812, -2.973, -3.512, -3.598, -3.398, -3.027, -2.654, -2.406, -2.242, -2.14, -1.994, -1.447, -0.259, 1.758, 4.75, 8.83, 13.7, 18.83, 23.2, 26.05, 27.05, 26.33, 24.2, 21.06, 17.22, 13.11, 9.086, 5.418, 2.297, -0.1793, -1.929, -3.02, -3.602, -3.988, -4.152, -4.28, -4.45, -4.61, -4.65, -4.484, -4.113, -3.615, -3.115, -2.416, -1.161, 0.893, 4.016, 8.18, 13.305, 18.95, 24.52, 29.31, 33.03, 35.47, 37.03, 37.25, 36.4, 33.8, 30.03, 25.03, 19.45, 13.6, 8.0, 3.191, -0.549, -3.066, -4.71, -6.086, -7.418, -8.87, -10.54, -12.25, -13.92, -15.62, -17.19, -18.73, -20.19, -21.45, -22.42, -23.1, -23.47, -23.22, -22.33, -20.86, -18.78, -16.0, -12.74, -9.01, -5.082, -1.361, 1.611, 3.375, 3.504, 2.037, -0.596, -3.844, -7.176, -10.23, -12.984, -15.48, -17.56, -19.53, -21.19, -22.56, -23.6, -24.2, -24.3, -23.84, -22.92, -21.6, -19.92, -18.0, -15.93, -13.87, -11.664, -9.3, -6.36, -2.371, 2.877, 8.98, 15.65, 21.97, 27.55, 32.4, 36.56, 40.12, 42.88, 44.8, 45.94, 46.25, 45.75, 44.25, 41.9, 38.66, 34.7, 30.1, 25.31, 20.84, 17.05, 13.68, 10.88, 8.664, 7.16, 6.363, 6.105, 6.223, 6.492, 6.77, 6.895, 6.805, 6.496, 6.066, 5.46, 4.754, 4.008, 3.32, 2.668, 2.082, 1.518, 1.021, 0.5586, -0.01892, -0.675, -1.388, -2.135, -2.87, -3.545, -4.05, -4.234, -4.082, -3.553, -2.615, -1.356, 0.1384, 1.698, 3.18, 4.438, 5.312, 5.79, 5.914, 5.74, 5.414, 5.11, 4.895, 4.867, 5.2, 6.105, 7.85
8.29, 10.35, 12.18, 13.23, 13.38, 12.65, 11.164, 9.1, 6.703, 4.188, 1.782, -0.316, -1.906, -2.918, -3.395, -3.465, -3.26, -2.926, -2.6, -2.365, -2.281, -2.35, -2.39, -2.059, -1.13, 0.625, 3.418, 7.33, 12.18, 17.58, 22.61, 26.4, 28.53, 28.67, 27.3, 24.56, 20.94, 16.78, 12.52, 8.4, 4.883, 1.897, -0.316, -1.857, -2.783, -3.33, -3.584, -3.732, -3.781, -3.695, -3.44, -2.922, -2.16, -1.265, -0.4263, 0.5596, 2.068, 4.344, 7.477, 11.51, 16.25, 21.45, 26.38, 30.6, 33.84, 35.97, 37.34, 37.38, 36.34, 33.75, 29.88, 25.03, 19.42, 13.586, 7.973, 3.215, -0.4897, -3.041, -4.715, -6.09, -7.43, -8.96, -10.76, -12.6, -14.47, -16.31, -18.06, -19.73, -21.16, -22.45, -23.5, -24.1, -24.3, -23.89, -22.88, -21.25, -18.98, -16.19, -12.91, -9.12, -5.156, -1.356, 1.705, 3.459, 3.52, 1.986, -0.6465, -3.883, -7.113, -10.07, -12.74, -15.12, -17.28, -19.23, -20.9, -22.34, -23.5, -24.19, -24.36, -24.08, -23.28, -22.1, -20.44, -18.53, -16.39, -14.23, -12.04, -9.78, -7.273, -4.113, 0.205, 5.625, 11.77, 18.25, 24.27, 29.48, 34.06, 37.84, 40.72, 42.84, 44.1, 44.47, 44.2, 42.8, 40.75, 37.8, 34.2, 30.1, 25.81, 21.86, 18.45, 15.45, 12.78, 10.61, 9.01, 8.09, 7.652, 7.586, 7.723, 7.85, 7.816, 7.64, 7.28, 6.832, 6.223, 5.547, 4.82, 4.133, 3.45, 2.79, 2.178, 1.595, 0.999, 0.3198, -0.4368, -1.244, -2.059, -2.824, -3.53, -4.074, -4.31, -4.156, -3.602, -2.66, -1.381, 0.1586, 1.783, 3.287, 4.566, 5.434, 5.832, 5.844, 5.543, 5.13, 4.742, 4.49, 4.383, 4.586, 5.207, 6.473
6.76, 8.31, 9.7, 10.586, 10.74, 10.2, 9.08, 7.477, 5.46, 3.299, 1.162, -0.673, -2.041, -2.94, -3.395, -3.441, -3.205, -2.852, -2.518, -2.287, -2.277, -2.463, -2.7, -2.7, -2.072, -0.5415, 2.014, 5.715, 10.555, 16.08, 21.6, 26.3, 29.33, 30.42, 29.8, 27.66, 24.33, 20.19, 15.836, 11.46, 7.516, 4.105, 1.439, -0.4834, -1.76, -2.531, -2.91, -3.068, -3.025, -2.771, -2.256, -1.471, -0.379, 0.8555, 2.037, 3.344, 5.105, 7.492, 10.58, 14.35, 18.64, 23.17, 27.47, 31.1, 33.84, 35.75, 36.66, 36.6, 35.25, 32.7, 28.89, 24.1, 18.69, 12.96, 7.562, 2.934, -0.6055, -3.113, -4.758, -6.133, -7.5, -9.1, -11.016, -12.945, -14.98, -16.92, -18.77, -20.53, -22.1, -23.44, -24.36, -24.9, -24.92, -24.33, -23.11, -21.27, -18.89, -15.88, -12.5, -8.664, -4.656, -0.8994, 2.06, 3.66, 3.54, 1.914, -0.7715, -3.957, -7.13, -9.98, -12.54, -14.805, -16.94, -18.89, -20.69, -22.19, -23.4, -24.19, -24.53, -24.42, -23.75, -22.53, -21.02, -19.11, -16.94, -14.695, -12.51, -10.28, -8.08, -5.438, -2.064, 2.338, 7.703, 13.7, 19.7, 25.31, 30.16, 34.12, 37.25, 39.44, 40.84, 41.3, 41.1, 39.9, 38.12, 35.53, 32.5, 29.12, 25.5, 22.31, 19.52, 16.95, 14.625, 12.62, 11.03, 10.055, 9.52, 9.33, 9.31, 9.27, 9.12, 8.85, 8.43, 7.895, 7.312, 6.61, 5.88, 5.184, 4.44, 3.668, 2.936, 2.223, 1.439, 0.6255, -0.2527, -1.144, -2.03, -2.85, -3.564, -4.105, -4.33, -4.18, -3.621, -2.652, -1.327, 0.2637, 1.97, 3.531, 4.816, 5.64, 5.92, 5.79, 5.36, 4.82, 4.38, 4.08, 3.95, 4.055, 4.52, 5.434
5.633, 6.734, 7.75, 8.42, 8.586, 8.266, 7.43, 6.074, 4.348, 2.438, 0.567, -0.9985, -2.184, -2.965, -3.346, -3.373, -3.137, -2.783, -2.465, -2.234, -2.264, -2.568, -3.018, -3.262, -2.938, -1.7, 0.668, 4.254, 8.99, 14.6, 20.42, 25.7, 29.53, 31.58, 31.77, 30.12, 27.17, 23.25, 18.83, 14.33, 10.14, 6.34, 3.312, 1.03, -0.5977, -1.642, -2.186, -2.377, -2.283, -1.921, -1.242, -0.2632, 1.062, 2.625, 4.13, 5.688, 7.625, 10.016, 12.96, 16.47, 20.27, 24.22, 27.86, 30.89, 33.2, 34.56, 35.28, 34.75, 33.38, 30.62, 26.95, 22.28, 17.05, 11.64, 6.56, 2.223, -1.05, -3.312, -4.824, -6.125, -7.52, -9.26, -11.28, -13.39, -15.55, -17.56, -19.56, -21.34, -22.97, -24.25, -25.22, -25.53, -25.31, -24.48, -23.0, -20.89, -18.34, -15.19, -11.64, -7.785, -3.824, -0.1986, 2.533, 3.854, 3.504, 1.708, -0.991, -4.094, -7.13, -9.91, -12.37, -14.555, -16.64, -18.55, -20.34, -21.9, -23.2, -24.12, -24.61, -24.6, -24.14, -23.14, -21.64, -19.81, -17.69, -15.4, -13.055, -10.78, -8.625, -6.39, -3.688, -0.2277, 4.062, 9.13, 14.55, 19.83, 24.69, 28.7, 31.94, 34.3, 35.78, 36.38, 36.25, 35.38, 33.97, 32.0, 29.8, 27.19, 24.61, 22.22, 20.1, 18.25, 16.34, 14.625, 13.24, 12.28, 11.69, 11.36, 11.16, 11.0, 10.76, 10.39, 9.91, 9.35, 8.68, 7.953, 7.184, 6.363, 5.527, 4.652, 3.732, 2.807, 1.856, 0.874, -0.1175, -1.107, -2.068, -2.945, -3.695, -4.223, -4.418, -4.24, -3.637, -2.637, -1.239, 0.4702, 2.258, 3.861, 5.133, 5.9, 6.062, 5.766, 5.195, 4.54, 3.998, 3.682, 3.572, 3.635, 3.992, 4.664
4.785, 5.58, 6.355, 6.867, 7.066, 6.836, 6.13, 4.934, 3.398, 1.659, 0.01575, -1.35, -2.367, -3.016, -3.312, -3.32, -3.1, -2.736, -2.393, -2.174, -2.217, -2.59, -3.195, -3.717, -3.723, -2.754, -0.62, 2.766, 7.39, 12.89, 18.88, 24.56, 29.12, 31.97, 32.94, 31.88, 29.39, 25.67, 21.5, 16.97, 12.6, 8.57, 5.152, 2.527, 0.6143, -0.7144, -1.44, -1.724, -1.619, -1.217, -0.4775, 0.588, 2.025, 3.775, 5.566, 7.38, 9.39, 11.78, 14.53, 17.69, 20.98, 24.25, 27.3, 29.73, 31.61, 32.56, 32.84, 32.1, 30.45, 27.75, 24.17, 19.64, 14.72, 9.72, 5.1, 1.242, -1.609, -3.56, -4.94, -6.254, -7.74, -9.55, -11.66, -13.84, -16.08, -18.27, -20.22, -22.14, -23.75, -25.03, -25.77, -25.98, -25.52, -24.44, -22.64, -20.31, -17.42, -14.16, -10.5, -6.65, -2.803, 0.6206, 2.988, 3.938, 3.318, 1.394, -1.308, -4.305, -7.188, -9.79, -12.15, -14.27, -16.31, -18.25, -20.02, -21.67, -23.03, -24.08, -24.72, -24.84, -24.53, -23.72, -22.34, -20.6, -18.53, -16.22, -13.81, -11.37, -9.18, -7.01, -4.676, -2.021, 1.319, 5.25, 9.68, 14.164, 18.53, 22.39, 25.44, 27.83, 29.34, 30.11, 30.23, 29.84, 29.03, 27.84, 26.47, 24.78, 23.16, 21.64, 20.44, 19.31, 17.89, 16.6, 15.52, 14.625, 14.016, 13.6, 13.305, 13.02, 12.68, 12.234, 11.664, 11.0, 10.234, 9.45, 8.61, 7.67, 6.633, 5.58, 4.484, 3.336, 2.195, 1.03, -0.11005, -1.177, -2.225, -3.14, -3.85, -4.35, -4.53, -4.297, -3.611, -2.51, -1.0205, 0.7524, 2.602, 4.254, 5.484, 6.156, 6.215, 5.785, 5.09, 4.32, 3.69, 3.316, 3.22, 3.275, 3.555, 4.082
4.258, 4.87, 5.477, 5.906, 6.062, 5.844, 5.137, 3.994, 2.557, 1.017, -0.4565, -1.677, -2.555, -3.096, -3.303, -3.27, -3.066, -2.715, -2.33, -2.076, -2.113, -2.54, -3.287, -4.04, -4.324, -3.682, -1.776, 1.467, 5.945, 11.37, 17.3, 23.16, 28.19, 31.64, 33.25, 32.78, 30.8, 27.56, 23.5, 19.14, 14.66, 10.55, 6.93, 3.97, 1.789, 0.2328, -0.705, -1.137, -1.125, -0.775, -0.0508, 1.04, 2.479, 4.25, 6.176, 8.15, 10.28, 12.625, 15.16, 17.94, 20.7, 23.4, 25.78, 27.77, 29.06, 29.7, 29.67, 28.66, 26.84, 24.19, 20.6, 16.4, 11.84, 7.41, 3.344, 0.0674, -2.281, -3.916, -5.168, -6.414, -7.95, -9.875, -12.11, -14.414, -16.78, -18.98, -21.02, -22.95, -24.47, -25.69, -26.31, -26.39, -25.64, -24.2, -22.08, -19.44, -16.36, -12.88, -9.22, -5.4, -1.714, 1.342, 3.326, 3.904, 3.016, 0.987, -1.698, -4.55, -7.26, -9.71, -11.95, -14.02, -15.98, -17.88, -19.67, -21.36, -22.83, -23.97, -24.72, -25.05, -24.88, -24.23, -23.1, -21.47, -19.48, -17.14, -14.73, -12.164, -9.805, -7.547, -5.305, -3.047, -0.4456, 2.584, 5.9, 9.45, 13.01, 16.19, 18.9, 21.0, 22.53, 23.47, 23.89, 24.02, 23.8, 23.4, 22.92, 22.22, 21.53, 21.05, 20.67, 20.2, 19.45, 18.56, 17.67, 16.94, 16.34, 15.914, 15.58, 15.17, 14.73, 14.25, 13.6, 12.805, 11.92, 10.96, 9.95, 8.89, 7.688, 6.4, 5.13, 3.791, 2.43, 1.1, -0.1807, -1.341, -2.434, -3.377, -4.08, -4.547, -4.668, -4.35, -3.602, -2.412, -0.8125, 1.048, 2.95, 4.633, 5.832, 6.406, 6.36, 5.836, 5.004, 4.12, 3.416, 2.967, 2.883, 2.99, 3.236, 3.684
4.008, 4.55, 5.035, 5.375, 5.453, 5.12, 4.37, 3.236, 1.868, 0.474, -0.853, -1.95, -2.734, -3.213, -3.36, -3.277, -3.055, -2.666, -2.23, -1.924, -1.916, -2.361, -3.195, -4.12, -4.645, -4.297, -2.652, 0.3745, 4.61, 9.83, 15.65, 21.53, 26.75, 30.62, 32.78, 32.97, 31.52, 28.69, 25.03, 20.78, 16.38, 12.18, 8.45, 5.266, 2.865, 1.125, -0.01936, -0.626, -0.7812, -0.571, 0.02412, 0.999, 2.36, 4.066, 5.953, 7.992, 10.13, 12.37, 14.664, 17.06, 19.42, 21.53, 23.4, 24.89, 25.77, 26.02, 25.56, 24.45, 22.47, 19.77, 16.4, 12.6, 8.63, 4.824, 1.521, -1.074, -2.924, -4.23, -5.36, -6.652, -8.336, -10.37, -12.6, -15.016, -17.38, -19.66, -21.7, -23.61, -25.16, -26.28, -26.78, -26.52, -25.55, -23.77, -21.36, -18.44, -15.15, -11.555, -7.867, -4.133, -0.7285, 1.917, 3.475, 3.652, 2.531, 0.4717, -2.115, -4.797, -7.297, -9.62, -11.7, -13.734, -15.66, -17.5, -19.38, -21.05, -22.62, -23.88, -24.77, -25.2, -25.27, -24.75, -23.77, -22.27, -20.36, -18.11, -15.625, -12.99, -10.47, -8.07, -5.81, -3.676, -1.418, 0.919, 3.447, 6.12, 8.74, 11.23, 13.43, 15.24, 16.61, 17.64, 18.34, 18.88, 19.23, 19.55, 19.77, 19.9, 20.19, 20.56, 20.92, 21.16, 20.9, 20.4, 19.73, 19.14, 18.66, 18.23, 17.8, 17.39, 16.86, 16.23, 15.46, 14.586, 13.55, 12.43, 11.27, 10.0, 8.62, 7.12, 5.637, 4.1, 2.545, 1.046, -0.3352, -1.58, -2.707, -3.652, -4.35, -4.777, -4.816, -4.434, -3.596, -2.295, -0.586, 1.392, 3.36, 5.047, 6.23, 6.727, 6.543, 5.883, 4.934, 3.932, 3.139, 2.664, 2.56, 2.74, 3.05, 3.48
3.94, 4.465, 4.848, 5.066, 5.01, 4.57, 3.775, 2.621, 1.309, -0.0136, -1.226, -2.225, -2.918, -3.322, -3.424, -3.293, -3.004, -2.582, -2.107, -1.733, -1.658, -2.049, -2.885, -3.918, -4.645, -4.535, -3.176, -0.4473, 3.604, 8.555, 14.12, 19.81, 25.05, 29.1, 31.67, 32.34, 31.47, 29.11, 25.84, 21.83, 17.66, 13.48, 9.66, 6.418, 3.852, 1.912, 0.551, -0.2676, -0.612, -0.6177, -0.1997, 0.6343, 1.787, 3.277, 4.992, 6.91, 8.99, 11.08, 13.16, 15.12, 17.03, 18.75, 20.08, 21.12, 21.56, 21.55, 20.77, 19.55, 17.48, 14.984, 11.91, 8.65, 5.36, 2.305, -0.1465, -2.06, -3.445, -4.51, -5.598, -6.973, -8.76, -10.875, -13.24, -15.734, -18.14, -20.39, -22.5, -24.31, -25.8, -26.77, -27.05, -26.5, -25.23, -23.12, -20.42, -17.28, -13.805, -10.22, -6.527, -3.025, 0.06995, 2.338, 3.438, 3.244, 1.941, -0.1329, -2.56, -4.992, -7.3, -9.45, -11.47, -13.42, -15.31, -17.19, -19.06, -20.78, -22.42, -23.78, -24.81, -25.38, -25.55, -25.19, -24.42, -23.06, -21.33, -19.16, -16.69, -14.055, -11.414, -8.83, -6.36, -4.12, -1.953, 0.1335, 2.111, 4.18, 6.137, 8.05, 9.81, 11.22, 12.39, 13.34, 14.27, 15.01, 15.81, 16.58, 17.39, 18.22, 19.2, 20.27, 21.33, 22.06, 22.31, 22.08, 21.67, 21.19, 20.77, 20.34, 19.95, 19.45, 18.86, 18.14, 17.3, 16.23, 15.05, 13.74, 12.414, 10.97, 9.38, 7.72, 6.03, 4.316, 2.633, 1.014, -0.5054, -1.869, -3.049, -3.977, -4.633, -4.973, -4.957, -4.48, -3.537, -2.123, -0.3074, 1.769, 3.8, 5.527, 6.664, 7.06, 6.742, 5.926, 4.84, 3.73, 2.855, 2.37, 2.27, 2.5, 2.904, 3.41
3.922, 4.42, 4.76, 4.84, 4.652, 4.133, 3.283, 2.137, 0.84, -0.4265, -1.54, -2.453, -3.092, -3.426, -3.47, -3.295, -2.963, -2.504, -2.004, -1.562, -1.374, -1.636, -2.39, -3.43, -4.26, -4.344, -3.217, -0.762, 2.86, 7.44, 12.67, 18.05, 23.2, 27.31, 30.08, 31.25, 30.78, 28.92, 26.02, 22.36, 18.39, 14.414, 10.65, 7.348, 4.64, 2.537, 1.06, 0.02527, -0.552, -0.7847, -0.6196, -0.0451, 0.8447, 2.088, 3.53, 5.19, 7.027, 8.836, 10.63, 12.25, 13.72, 14.99, 15.91, 16.53, 16.66, 16.39, 15.5, 14.21, 12.26, 10.06, 7.465, 4.848, 2.299, 0.1422, -1.555, -2.887, -3.814, -4.727, -5.895, -7.445, -9.34, -11.61, -13.96, -16.44, -18.84, -21.11, -23.19, -24.98, -26.31, -27.1, -27.14, -26.34, -24.69, -22.3, -19.36, -15.95, -12.42, -8.78, -5.227, -1.984, 0.718, 2.525, 3.176, 2.709, 1.341, -0.6577, -2.904, -5.13, -7.285, -9.29, -11.22, -13.03, -14.805, -16.77, -18.64, -20.47, -22.17, -23.66, -24.77, -25.52, -25.9, -25.72, -25.06, -23.9, -22.27, -20.14, -17.77, -15.13, -12.4, -9.66, -6.98, -4.582, -2.385, -0.2617, 1.605, 3.305, 4.906, 6.37, 7.773, 8.89, 9.914, 10.81, 11.69, 12.6, 13.62, 14.6, 15.88, 17.22, 18.8, 20.38, 21.94, 23.03, 23.55, 23.64, 23.31, 23.0, 22.66, 22.25, 21.86, 21.28, 20.6, 19.75, 18.73, 17.62, 16.3, 14.91, 13.37, 11.76, 9.99, 8.15, 6.316, 4.44, 2.633, 0.912, -0.6987, -2.164, -3.404, -4.33, -4.938, -5.22, -5.117, -4.51, -3.44, -1.911, -0.01347, 2.139, 4.234, 5.992, 7.09, 7.383, 6.918, 5.938, 4.73, 3.525, 2.594, 2.084, 1.994, 2.275, 2.764, 3.344
3.871, 4.36, 4.66, 4.652, 4.348, 3.766, 2.89, 1.752, 0.4854, -0.7373, -1.786, -2.658, -3.28, -3.537, -3.537, -3.332, -2.947, -2.46, -1.937, -1.3955, -1.07, -1.177, -1.755, -2.682, -3.494, -3.682, -2.836, -0.739, 2.555, 6.746, 11.53, 16.53, 21.33, 25.42, 28.28, 29.67, 29.6, 28.17, 25.67, 22.44, 18.77, 14.92, 11.305, 8.03, 5.29, 3.074, 1.409, 0.1841, -0.6367, -1.098, -1.142, -0.819, -0.2292, 0.6675, 1.797, 3.102, 4.59, 6.035, 7.41, 8.7, 9.75, 10.695, 11.21, 11.52, 11.33, 10.93, 10.0, 8.81, 7.176, 5.42, 3.479, 1.607, -0.1262, -1.476, -2.53, -3.383, -4.11, -5.02, -6.32, -8.0, -9.98, -12.32, -14.74, -17.17, -19.53, -21.78, -23.89, -25.6, -26.8, -27.39, -27.1, -25.98, -24.05, -21.38, -18.16, -14.6, -10.97, -7.383, -4.0, -1.077, 1.209, 2.574, 2.885, 2.23, 0.818, -1.08, -3.176, -5.227, -7.184, -9.03, -10.81, -12.6, -14.375, -16.27, -18.22, -20.08, -21.88, -23.47, -24.77, -25.61, -26.14, -26.12, -25.64, -24.66, -23.14, -21.2, -18.88, -16.25, -13.45, -10.586, -7.8, -5.133, -2.785, -0.5913, 1.386, 3.043, 4.51, 5.805, 6.94, 7.94, 8.76, 9.61, 10.45, 11.4, 12.445, 13.766, 15.26, 16.95, 18.94, 20.94, 22.7, 23.95, 24.64, 24.9, 24.72, 24.53, 24.19, 23.8, 23.31, 22.75, 21.98, 21.0, 19.92, 18.62, 17.33, 15.766, 14.086, 12.305, 10.41, 8.44, 6.47, 4.523, 2.613, 0.761, -0.957, -2.494, -3.752, -4.7, -5.285, -5.48, -5.266, -4.55, -3.328, -1.682, 0.3494, 2.59, 4.734, 6.46, 7.504, 7.688, 7.062, 5.92, 4.594, 3.336, 2.371, 1.86, 1.778, 2.082, 2.625, 3.248
3.834, 4.305, 4.555, 4.504, 4.098, 3.436, 2.555, 1.4375, 0.2083, -0.991, -2.018, -2.857, -3.44, -3.664, -3.617, -3.36, -2.951, -2.451, -1.89, -1.299, -0.8438, -0.699, -1.015, -1.736, -2.457, -2.678, -2.025, -0.2825, 2.596, 6.355, 10.71, 15.31, 19.73, 23.53, 26.38, 27.9, 28.1, 27.03, 24.94, 22.05, 18.69, 15.16, 11.62, 8.44, 5.746, 3.479, 1.662, 0.2312, -0.7764, -1.45, -1.736, -1.671, -1.342, -0.7236, 0.0784, 1.015, 2.076, 3.115, 4.11, 5.0, 5.684, 6.242, 6.465, 6.523, 6.215, 5.723, 4.9, 3.957, 2.78, 1.554, 0.3057, -0.8335, -1.798, -2.502, -3.098, -3.623, -4.297, -5.31, -6.75, -8.58, -10.695, -13.11, -15.53, -18.02, -20.36, -22.56, -24.53, -26.17, -27.2, -27.53, -27.02, -25.55, -23.28, -20.27, -16.84, -13.195, -9.55, -6.055, -2.854, -0.2035, 1.662, 2.598, 2.58, 1.791, 0.3855, -1.423, -3.342, -5.184, -7.03, -8.75, -10.38, -12.14, -13.945, -15.766, -17.77, -19.72, -21.52, -23.23, -24.58, -25.69, -26.28, -26.48, -26.19, -25.34, -24.06, -22.27, -19.95, -17.42, -14.586, -11.625, -8.7, -5.883, -3.25, -0.867, 1.26, 3.066, 4.61, 5.9, 6.945, 7.844, 8.53, 9.35, 10.164, 11.15, 12.29, 13.77, 15.46, 17.45, 19.61, 21.7, 23.55, 24.81, 25.56, 25.89, 25.78, 25.64, 25.25, 24.86, 24.31, 23.66, 22.86, 21.84, 20.64, 19.31, 17.86, 16.22, 14.46, 12.59, 10.61, 8.61, 6.547, 4.523, 2.525, 0.601, -1.198, -2.795, -4.11, -5.082, -5.664, -5.766, -5.42, -4.57, -3.213, -1.42, 0.759, 3.11, 5.27, 6.95, 7.875, 7.938, 7.19, 5.895, 4.45, 3.115, 2.117, 1.617, 1.578, 1.928, 2.52, 3.195
3.781, 4.258, 4.465, 4.38, 3.928, 3.21, 2.305, 1.1875, -0.0285, -1.215, -2.229, -3.035, -3.568, -3.781, -3.703, -3.408, -2.969, -2.455, -1.867, -1.237, -0.66, -0.2854, -0.2903, -0.6875, -1.2, -1.425, -0.948, 0.533, 2.992, 6.324, 10.24, 14.34, 18.3, 21.86, 24.44, 26.02, 26.33, 25.56, 23.86, 21.36, 18.28, 14.99, 11.67, 8.66, 5.965, 3.67, 1.771, 0.1925, -0.946, -1.785, -2.283, -2.451, -2.37, -1.995, -1.487, -0.848, -0.147, 0.5664, 1.194, 1.73, 2.1, 2.312, 2.361, 2.22, 1.902, 1.441, 0.8735, 0.2534, -0.4812, -1.159, -1.779, -2.27, -2.639, -2.895, -3.201, -3.672, -4.49, -5.668, -7.324, -9.3, -11.52, -13.99, -16.44, -18.89, -21.23, -23.36, -25.19, -26.7, -27.45, -27.55, -26.66, -24.92, -22.34, -19.12, -15.484, -11.734, -8.08, -4.71, -1.765, 0.5015, 1.981, 2.605, 2.377, 1.452, 0.0484, -1.632, -3.4, -5.137, -6.836, -8.43, -10.016, -11.67, -13.43, -15.29, -17.25, -19.23, -21.2, -22.94, -24.45, -25.69, -26.44, -26.83, -26.72, -26.0, -24.84, -23.17, -21.1, -18.56, -15.79, -12.78, -9.73, -6.734, -3.855, -1.248, 1.081, 3.129, 4.848, 6.254, 7.34, 8.21, 8.98, 9.78, 10.61, 11.68, 12.96, 14.516, 16.34, 18.44, 20.61, 22.62, 24.36, 25.58, 26.27, 26.5, 26.48, 26.3, 25.92, 25.45, 24.86, 24.08, 23.19, 22.16, 20.97, 19.53, 18.03, 16.34, 14.59, 12.67, 10.69, 8.625, 6.566, 4.46, 2.389, 0.4001, -1.463, -3.158, -4.51, -5.5, -6.07, -6.11, -5.6, -4.598, -3.076, -1.097, 1.228, 3.68, 5.855, 7.48, 8.3, 8.2, 7.3, 5.887, 4.31, 2.92, 1.897, 1.367, 1.373, 1.765, 2.389, 3.115
3.71, 4.18, 4.37, 4.254, 3.816, 3.084, 2.129, 0.9897, -0.24, -1.435, -2.477, -3.248, -3.723, -3.885, -3.752, -3.418, -2.963, -2.459, -1.873, -1.226, -0.5415, 0.03162, 0.3433, 0.3176, 0.0965, -0.01776, 0.3704, 1.58, 3.664, 6.562, 9.984, 13.586, 17.08, 20.23, 22.62, 24.16, 24.56, 24.03, 22.6, 20.36, 17.58, 14.57, 11.516, 8.6, 5.98, 3.766, 1.8125, 0.124, -1.169, -2.146, -2.842, -3.188, -3.232, -3.023, -2.71, -2.312, -1.864, -1.431, -1.054, -0.779, -0.6865, -0.677, -0.769, -1.035, -1.285, -1.664, -1.964, -2.27, -2.545, -2.725, -2.824, -2.814, -2.783, -2.838, -3.104, -3.654, -4.668, -6.08, -7.883, -9.99, -12.31, -14.81, -17.28, -19.72, -21.98, -24.08, -25.81, -27.05, -27.61, -27.31, -26.17, -24.11, -21.19, -17.78, -13.99, -10.21, -6.598, -3.375, -0.674, 1.271, 2.361, 2.691, 2.3, 1.27, -0.1643, -1.745, -3.393, -4.977, -6.527, -8.01, -9.516, -11.11, -12.85, -14.76, -16.75, -18.8, -20.8, -22.62, -24.28, -25.62, -26.56, -27.1, -27.14, -26.69, -25.64, -24.19, -22.12, -19.72, -17.02, -14.01, -10.87, -7.684, -4.637, -1.781, 0.8213, 3.148, 5.098, 6.68, 7.934, 8.914, 9.81, 10.66, 11.62, 12.84, 14.27, 15.9, 17.83, 19.78, 21.77, 23.6, 25.12, 26.1, 26.66, 26.84, 26.77, 26.48, 26.05, 25.42, 24.81, 24.02, 23.02, 21.88, 20.69, 19.33, 17.78, 16.12, 14.4, 12.586, 10.586, 8.54, 6.434, 4.33, 2.23, 0.1824, -1.774, -3.533, -4.934, -5.926, -6.44, -6.4, -5.746, -4.58, -2.887, -0.725, 1.772, 4.3, 6.496, 8.055, 8.734, 8.45, 7.38, 5.824, 4.164, 2.715, 1.692, 1.19, 1.222, 1.647, 2.297, 3.047
3.645, 4.098, 4.26, 4.125, 3.678, 2.959, 1.96, 0.776, -0.4624, -1.648, -2.709, -3.467, -3.895, -3.975, -3.783, -3.41, -2.926, -2.416, -1.867, -1.24, -0.5312, 0.1993, 0.7993, 1.16, 1.306, 1.398, 1.778, 2.803, 4.598, 7.04, 9.99, 13.1, 16.16, 18.89, 21.03, 22.4, 22.84, 22.4, 21.19, 19.22, 16.69, 13.91, 11.11, 8.4, 5.918, 3.703, 1.696, -0.01639, -1.425, -2.545, -3.314, -3.756, -3.924, -3.828, -3.588, -3.295, -2.994, -2.72, -2.541, -2.47, -2.533, -2.69, -2.865, -3.121, -3.316, -3.521, -3.588, -3.588, -3.455, -3.244, -2.967, -2.674, -2.451, -2.443, -2.807, -3.6, -4.832, -6.465, -8.46, -10.695, -13.1, -15.625, -18.12, -20.5, -22.78, -24.75, -26.28, -27.36, -27.69, -27.08, -25.56, -23.16, -20.02, -16.33, -12.47, -8.625, -5.14, -2.129, 0.2961, 1.974, 2.79, 2.87, 2.307, 1.203, -0.1969, -1.726, -3.297, -4.746, -6.156, -7.55, -8.96, -10.49, -12.2, -14.15, -16.17, -18.27, -20.25, -22.36, -24.05, -25.52, -26.66, -27.3, -27.58, -27.25, -26.42, -25.05, -23.2, -20.94, -18.19, -15.234, -12.1, -8.81, -5.55, -2.434, 0.46, 3.03, 5.29, 7.168, 8.66, 9.82, 10.875, 11.98, 13.08, 14.36, 15.86, 17.55, 19.42, 21.23, 22.97, 24.47, 25.66, 26.44, 26.8, 26.8, 26.58, 26.19, 25.67, 24.98, 24.2, 23.34, 22.33, 21.16, 19.95, 18.66, 17.17, 15.664, 14.055, 12.25, 10.414, 8.375, 6.273, 4.16, 2.025, -0.09827, -2.125, -3.955, -5.406, -6.375, -6.83, -6.69, -5.88, -4.508, -2.627, -0.2786, 2.361, 4.99, 7.18, 8.67, 9.18, 8.69, 7.45, 5.78, 4.023, 2.535, 1.504, 1.041, 1.106, 1.566, 2.236, 2.99
3.58, 4.02, 4.168, 4.023, 3.549, 2.803, 1.788, 0.578, -0.69, -1.875, -2.898, -3.63, -4.01, -4.05, -3.8, -3.367, -2.852, -2.355, -1.852, -1.3, -0.6167, 0.1934, 1.0205, 1.729, 2.238, 2.594, 3.12, 4.074, 5.594, 7.637, 10.125, 12.81, 15.414, 17.72, 19.58, 20.78, 21.2, 20.83, 19.7, 17.92, 15.67, 13.17, 10.586, 8.07, 5.688, 3.492, 1.5205, -0.2013, -1.714, -2.91, -3.74, -4.215, -4.4, -4.305, -4.062, -3.793, -3.588, -3.422, -3.352, -3.443, -3.627, -3.92, -4.168, -4.355, -4.434, -4.453, -4.258, -3.965, -3.54, -3.025, -2.473, -2.031, -1.802, -1.921, -2.5, -3.531, -5.035, -6.86, -8.99, -11.375, -13.84, -16.31, -18.83, -21.28, -23.42, -25.39, -26.84, -27.62, -27.62, -26.7, -24.81, -22.1, -18.66, -14.83, -10.84, -7.05, -3.646, -0.8145, 1.328, 2.664, 3.227, 3.092, 2.365, 1.239, -0.147, -1.617, -3.074, -4.418, -5.74, -7.023, -8.414, -9.89, -11.555, -13.516, -15.555, -17.69, -19.83, -21.94, -23.84, -25.36, -26.7, -27.53, -27.88, -27.73, -27.19, -25.92, -24.27, -22.08, -19.45, -16.5, -13.34, -10.02, -6.63, -3.299, -0.1466, 2.77, 5.355, 7.516, 9.31, 10.78, 12.13, 13.42, 14.7, 16.14, 17.66, 19.27, 20.92, 22.53, 24.02, 25.19, 26.0, 26.48, 26.6, 26.44, 26.06, 25.52, 24.81, 24.05, 23.14, 22.16, 21.16, 20.11, 18.92, 17.7, 16.34, 14.97, 13.5, 11.89, 10.07, 8.1, 6.035, 3.92, 1.729, -0.4644, -2.557, -4.414, -5.89, -6.855, -7.22, -6.938, -5.965, -4.37, -2.277, 0.2499, 3.027, 5.734, 7.93, 9.32, 9.66, 8.95, 7.504, 5.68, 3.877, 2.37, 1.361, 0.936, 1.042, 1.525, 2.215, 2.951
3.58, 3.994, 4.11, 3.943, 3.45, 2.662, 1.621, 0.3914, -0.9014, -2.086, -3.076, -3.75, -4.05, -4.02, -3.709, -3.248, -2.748, -2.27, -1.839, -1.388, -0.799, 0.005383, 0.967, 1.956, 2.826, 3.56, 4.3, 5.234, 6.562, 8.266, 10.33, 12.555, 14.77, 16.7, 18.23, 19.23, 19.6, 19.22, 18.2, 16.58, 14.586, 12.305, 9.96, 7.625, 5.367, 3.266, 1.307, -0.4863, -2.014, -3.227, -4.062, -4.52, -4.652, -4.5, -4.26, -3.977, -3.764, -3.682, -3.72, -3.94, -4.223, -4.594, -4.895, -5.047, -4.977, -4.773, -4.336, -3.77, -3.1, -2.373, -1.691, -1.222, -1.065, -1.394, -2.19, -3.463, -5.16, -7.168, -9.46, -11.914, -14.484, -17.1, -19.58, -21.95, -24.12, -25.94, -27.2, -27.77, -27.47, -26.2, -24.0, -20.86, -17.19, -13.25, -9.22, -5.484, -2.215, 0.421, 2.316, 3.406, 3.752, 3.387, 2.488, 1.322, -0.02151, -1.419, -2.775, -4.04, -5.266, -6.44, -7.77, -9.26, -10.89, -12.85, -14.91, -17.08, -19.31, -21.47, -23.45, -25.19, -26.61, -27.61, -28.22, -28.28, -27.83, -26.8, -25.3, -23.28, -20.78, -17.89, -14.73, -11.35, -7.805, -4.33, -0.9507, 2.303, 5.22, 7.754, 9.875, 11.73, 13.33, 14.82, 16.3, 17.81, 19.39, 20.92, 22.33, 23.66, 24.81, 25.64, 26.17, 26.25, 26.16, 25.77, 25.19, 24.44, 23.62, 22.67, 21.7, 20.69, 19.66, 18.58, 17.55, 16.5, 15.38, 14.19, 12.85, 11.36, 9.664, 7.766, 5.742, 3.607, 1.345, -0.875, -3.01, -4.902, -6.402, -7.34, -7.59, -7.14, -6.0, -4.227, -1.907, 0.831, 3.764, 6.523, 8.71, 9.984, 10.15, 9.26, 7.61, 5.633, 3.773, 2.252, 1.2705, 0.879, 1.0205, 1.538, 2.24, 2.97
3.605, 3.992, 4.08, 3.877, 3.348, 2.49, 1.412, 0.1793, -1.112, -2.297, -3.229, -3.826, -4.023, -3.916, -3.54, -3.06, -2.57, -2.164, -1.841, -1.493, -1.024, -0.3064, 0.6924, 1.858, 3.041, 4.133, 5.19, 6.25, 7.49, 8.93, 10.664, 12.5, 14.29, 15.89, 17.1, 17.92, 18.11, 17.73, 16.77, 15.32, 13.516, 11.445, 9.31, 7.137, 4.99, 2.941, 1.011, -0.759, -2.273, -3.455, -4.242, -4.633, -4.703, -4.51, -4.2, -3.887, -3.672, -3.639, -3.812, -4.184, -4.58, -5.004, -5.305, -5.418, -5.21, -4.785, -4.117, -3.291, -2.396, -1.542, -0.8306, -0.4146, -0.4016, -0.9077, -1.914, -3.4, -5.258, -7.438, -9.87, -12.42, -15.08, -17.75, -20.33, -22.66, -24.8, -26.42, -27.48, -27.81, -27.2, -25.61, -23.02, -19.69, -15.75, -11.586, -7.543, -3.867, -0.7393, 1.689, 3.314, 4.105, 4.223, 3.697, 2.727, 1.52, 0.1846, -1.133, -2.41, -3.596, -4.734, -5.855, -7.12, -8.56, -10.23, -12.125, -14.27, -16.42, -18.72, -20.94, -23.1, -24.94, -26.44, -27.69, -28.42, -28.67, -28.42, -27.58, -26.28, -24.4, -22.1, -19.25, -16.16, -12.74, -9.164, -5.484, -1.91, 1.543, 4.76, 7.668, 10.2, 12.43, 14.305, 16.06, 17.75, 19.3, 20.81, 22.27, 23.48, 24.58, 25.42, 25.86, 26.05, 26.0, 25.6, 24.97, 24.11, 23.17, 22.08, 21.03, 19.95, 18.92, 17.92, 17.03, 16.11, 15.19, 14.27, 13.28, 12.125, 10.79, 9.21, 7.367, 5.332, 3.154, 0.861, -1.382, -3.54, -5.477, -6.945, -7.793, -7.95, -7.332, -6.008, -4.004, -1.457, 1.518, 4.594, 7.414, 9.53, 10.64, 10.59, 9.5, 7.707, 5.66, 3.752, 2.225, 1.263, 0.884, 1.042, 1.568, 2.285, 3.014
3.639, 4.004, 4.043, 3.797, 3.229, 2.318, 1.191, -0.05728, -1.325, -2.484, -3.363, -3.842, -3.934, -3.744, -3.33, -2.836, -2.375, -2.033, -1.813, -1.605, -1.243, -0.66, 0.2532, 1.476, 2.88, 4.305, 5.66, 6.934, 8.22, 9.56, 11.02, 12.53, 13.945, 15.25, 16.17, 16.67, 16.7, 16.28, 15.38, 14.05, 12.38, 10.555, 8.6, 6.574, 4.574, 2.61, 0.7056, -1.025, -2.504, -3.652, -4.37, -4.652, -4.605, -4.324, -3.922, -3.582, -3.41, -3.467, -3.78, -4.277, -4.816, -5.332, -5.645, -5.695, -5.39, -4.746, -3.855, -2.861, -1.799, -0.8247, -0.0961, 0.2181, 0.08264, -0.566, -1.721, -3.336, -5.344, -7.676, -10.25, -12.9, -15.65, -18.36, -20.98, -23.31, -25.31, -26.83, -27.73, -27.81, -26.89, -24.95, -22.08, -18.39, -14.24, -9.96, -5.89, -2.283, 0.6963, 2.877, 4.25, 4.773, 4.66, 3.992, 2.94, 1.725, 0.4363, -0.81, -1.997, -3.076, -4.12, -5.234, -6.438, -7.85, -9.49, -11.38, -13.46, -15.69, -18.03, -20.33, -22.6, -24.6, -26.23, -27.66, -28.53, -29.0, -28.98, -28.36, -27.23, -25.5, -23.31, -20.69, -17.61, -14.266, -10.66, -6.902, -3.117, 0.5376, 4.04, 7.312, 10.21, 12.805, 15.07, 17.03, 18.84, 20.5, 22.0, 23.33, 24.39, 25.22, 25.78, 25.95, 25.86, 25.48, 24.78, 23.9, 22.86, 21.67, 20.47, 19.23, 18.06, 17.03, 16.11, 15.305, 14.56, 13.91, 13.16, 12.36, 11.43, 10.19, 8.664, 6.87, 4.863, 2.639, 0.3206, -1.96, -4.12, -6.01, -7.438, -8.25, -8.28, -7.504, -5.965, -3.738, -0.9478, 2.219, 5.457, 8.31, 10.38, 11.32, 11.055, 9.76, 7.855, 5.742, 3.816, 2.307, 1.341, 0.951, 1.111, 1.625, 2.334, 3.068
3.64, 3.99, 4.027, 3.734, 3.121, 2.17, 0.9795, -0.3003, -1.561, -2.66, -3.463, -3.85, -3.826, -3.52, -3.021, -2.51, -2.105, -1.86, -1.759, -1.72, -1.527, -1.087, -0.295, 0.889, 2.39, 4.03, 5.68, 7.227, 8.65, 10.016, 11.3, 12.586, 13.69, 14.64, 15.32, 15.58, 15.46, 14.91, 14.04, 12.805, 11.32, 9.66, 7.906, 6.06, 4.156, 2.229, 0.3916, -1.28, -2.742, -3.795, -4.41, -4.574, -4.37, -3.959, -3.5, -3.143, -3.041, -3.225, -3.705, -4.324, -5.016, -5.625, -6.008, -6.004, -5.61, -4.824, -3.783, -2.633, -1.436, -0.3574, 0.376, 0.6304, 0.4348, -0.3044, -1.579, -3.344, -5.445, -7.887, -10.55, -13.266, -16.1, -18.9, -21.48, -23.84, -25.78, -27.11, -27.84, -27.62, -26.44, -24.19, -20.98, -17.03, -12.68, -8.37, -4.28, -0.7607, 2.03, 4.0, 5.113, 5.395, 5.086, 4.273, 3.164, 1.949, 0.7075, -0.4692, -1.548, -2.523, -3.488, -4.547, -5.73, -7.11, -8.734, -10.51, -12.62, -14.91, -17.28, -19.73, -22.08, -24.19, -26.06, -27.58, -28.64, -29.3, -29.44, -29.02, -28.06, -26.55, -24.5, -22.03, -19.05, -15.76, -12.18, -8.4, -4.47, -0.6294, 3.064, 6.65, 9.92, 12.81, 15.336, 17.61, 19.61, 21.38, 22.83, 24.1, 25.0, 25.6, 25.95, 25.9, 25.52, 24.88, 24.0, 22.78, 21.45, 20.1, 18.67, 17.36, 16.17, 15.125, 14.33, 13.67, 13.1, 12.61, 12.11, 11.484, 10.66, 9.5, 8.086, 6.336, 4.3, 2.07, -0.2617, -2.547, -4.688, -6.51, -7.895, -8.68, -8.6, -7.633, -5.875, -3.424, -0.347, 3.025, 6.355, 9.234, 11.266, 12.06, 11.586, 10.125, 8.09, 5.95, 3.982, 2.447, 1.462, 1.055, 1.178, 1.683, 2.389, 3.102
3.635, 3.98, 4.008, 3.676, 3.002, 2.016, 0.7744, -0.553, -1.8125, -2.84, -3.535, -3.781, -3.645, -3.223, -2.654, -2.123, -1.796, -1.694, -1.74, -1.844, -1.822, -1.549, -0.9004, 0.1774, 1.652, 3.406, 5.266, 7.086, 8.71, 10.13, 11.375, 12.48, 13.4, 14.1, 14.47, 14.56, 14.266, 13.69, 12.81, 11.7, 10.34, 8.85, 7.24, 5.523, 3.697, 1.855, 0.11084, -1.538, -2.889, -3.846, -4.37, -4.414, -4.06, -3.508, -2.969, -2.635, -2.598, -2.928, -3.574, -4.37, -5.223, -5.945, -6.39, -6.395, -5.99, -5.13, -3.984, -2.69, -1.399, -0.2747, 0.5225, 0.8384, 0.5957, -0.2024, -1.541, -3.365, -5.547, -8.07, -10.77, -13.61, -16.44, -19.33, -21.9, -24.22, -26.17, -27.4, -27.9, -27.55, -26.03, -23.44, -19.9, -15.68, -11.15, -6.734, -2.76, 0.6255, 3.256, 5.008, 5.883, 5.96, 5.477, 4.543, 3.428, 2.234, 1.044, -0.0654, -1.0625, -1.979, -2.896, -3.9, -5.027, -6.36, -7.918, -9.695, -11.75, -14.055, -16.53, -19.03, -21.4, -23.66, -25.66, -27.33, -28.64, -29.47, -29.78, -29.61, -28.88, -27.56, -25.69, -23.42, -20.66, -17.48, -13.88, -10.07, -6.156, -2.14, 1.794, 5.625, 9.18, 12.35, 15.26, 17.77, 19.9, 21.77, 23.33, 24.5, 25.3, 25.78, 25.89, 25.7, 25.14, 24.23, 23.06, 21.67, 20.12, 18.52, 16.98, 15.56, 14.33, 13.36, 12.65, 12.125, 11.74, 11.42, 11.12, 10.64, 9.87, 8.8, 7.406, 5.66, 3.625, 1.417, -0.8677, -3.113, -5.207, -7.01, -8.37, -9.02, -8.82, -7.684, -5.7, -3.0, 0.2632, 3.834, 7.285, 10.22, 12.15, 12.8, 12.17, 10.58, 8.47, 6.277, 4.297, 2.703, 1.668, 1.189, 1.253, 1.704, 2.389, 3.09
3.621, 3.982, 4.004, 3.605, 2.875, 1.842, 0.5493, -0.8105, -2.047, -3.012, -3.586, -3.684, -3.389, -2.836, -2.22, -1.722, -1.478, -1.506, -1.74, -2.016, -2.156, -2.041, -1.53, -0.58, 0.853, 2.656, 4.605, 6.566, 8.36, 9.94, 11.2, 12.2, 12.99, 13.48, 13.67, 13.586, 13.23, 12.61, 11.766, 10.695, 9.49, 8.12, 6.63, 4.992, 3.24, 1.481, -0.2169, -1.762, -3.018, -3.887, -4.277, -4.16, -3.662, -3.0, -2.422, -2.107, -2.15, -2.607, -3.434, -4.438, -5.434, -6.273, -6.77, -6.855, -6.523, -5.71, -4.51, -3.137, -1.779, -0.555, 0.3022, 0.659, 0.4058, -0.3677, -1.695, -3.523, -5.723, -8.22, -10.97, -13.92, -16.77, -19.62, -22.28, -24.61, -26.48, -27.61, -27.92, -27.31, -25.5, -22.64, -18.8, -14.35, -9.695, -5.28, -1.34, 1.926, 4.348, 5.887, 6.55, 6.48, 5.855, 4.867, 3.723, 2.547, 1.421, 0.395, -0.516, -1.385, -2.268, -3.215, -4.3, -5.555, -7.098, -8.87, -10.84, -13.18, -15.68, -18.19, -20.69, -23.08, -25.28, -27.1, -28.56, -29.58, -30.1, -30.12, -29.6, -28.45, -26.81, -24.72, -22.16, -19.03, -15.58, -11.78, -7.867, -3.795, 0.2869, 4.203, 7.996, 11.49, 14.65, 17.42, 19.77, 21.73, 23.4, 24.56, 25.36, 25.75, 25.73, 25.34, 24.64, 23.55, 22.16, 20.58, 18.75, 17.0, 15.375, 13.88, 12.625, 11.734, 11.125, 10.75, 10.516, 10.35, 10.16, 9.734, 9.07, 8.04, 6.62, 4.87, 2.88, 0.7305, -1.475, -3.664, -5.746, -7.516, -8.79, -9.37, -9.0, -7.688, -5.5, -2.594, 0.907, 4.668, 8.24, 11.22, 13.02, 13.52, 12.77, 11.12, 8.97, 6.734, 4.7, 3.072, 1.928, 1.343, 1.321, 1.701, 2.33, 3.031
3.59, 3.994, 4.01, 3.578, 2.764, 1.657, 0.3225, -1.054, -2.258, -3.129, -3.559, -3.504, -3.045, -2.367, -1.696, -1.251, -1.125, -1.282, -1.676, -2.14, -2.463, -2.496, -2.13, -1.297, 0.02959, 1.797, 3.775, 5.8, 7.715, 9.38, 10.766, 11.766, 12.43, 12.805, 12.91, 12.73, 12.305, 11.625, 10.82, 9.83, 8.734, 7.434, 6.023, 4.457, 2.807, 1.127, -0.518, -1.992, -3.148, -3.889, -4.11, -3.852, -3.22, -2.455, -1.839, -1.526, -1.666, -2.285, -3.256, -4.438, -5.55, -6.496, -7.113, -7.348, -7.133, -6.39, -5.26, -3.9, -2.52, -1.246, -0.2893, 0.1412, -0.02475, -0.7417, -2.004, -3.77, -5.93, -8.445, -11.18, -14.08, -17.08, -19.94, -22.56, -24.92, -26.69, -27.73, -27.9, -27.02, -25.02, -21.83, -17.77, -13.1, -8.375, -3.908, -0.03162, 3.072, 5.29, 6.61, 7.062, 6.848, 6.14, 5.164, 4.06, 2.928, 1.852, 0.8535, -0.0004578, -0.818, -1.653, -2.516, -3.523, -4.71, -6.19, -7.957, -10.01, -12.27, -14.79, -17.34, -19.94, -22.36, -24.64, -26.64, -28.3, -29.58, -30.28, -30.58, -30.25, -29.33, -27.97, -26.1, -23.58, -20.64, -17.33, -13.625, -9.75, -5.688, -1.537, 2.543, 6.445, 10.164, 13.555, 16.52, 19.16, 21.36, 23.06, 24.31, 25.1, 25.44, 25.33, 24.89, 24.02, 22.83, 21.28, 19.52, 17.58, 15.664, 13.914, 12.336, 11.09, 10.27, 9.69, 9.45, 9.31, 9.28, 9.125, 8.78, 8.13, 7.125, 5.695, 3.992, 2.11, 0.0524, -2.086, -4.223, -6.25, -7.965, -9.16, -9.62, -9.13, -7.64, -5.26, -2.096, 1.59, 5.523, 9.25, 12.195, 13.94, 14.336, 13.46, 11.766, 9.6, 7.32, 5.2, 3.45, 2.182, 1.474, 1.323, 1.632, 2.24, 2.96
3.549, 3.975, 3.992, 3.547, 2.688, 1.489, 0.1103, -1.279, -2.445, -3.191, -3.445, -3.215, -2.58, -1.786, -1.088, -0.702, -0.708, -1.066, -1.642, -2.26, -2.717, -2.863, -2.635, -1.93, -0.714, 0.933, 2.885, 4.94, 6.9, 8.65, 10.086, 11.12, 11.78, 12.09, 12.125, 11.9, 11.45, 10.78, 10.02, 9.09, 8.04, 6.805, 5.445, 3.932, 2.373, 0.778, -0.8174, -2.219, -3.242, -3.84, -3.893, -3.48, -2.73, -1.859, -1.18, -0.903, -1.156, -1.918, -3.03, -4.31, -5.56, -6.617, -7.406, -7.76, -7.668, -7.105, -6.113, -4.848, -3.502, -2.238, -1.257, -0.7324, -0.7427, -1.335, -2.488, -4.137, -6.24, -8.664, -11.414, -14.32, -17.27, -20.12, -22.84, -25.11, -26.84, -27.8, -27.81, -26.67, -24.39, -21.1, -16.75, -11.99, -7.184, -2.73, 1.094, 4.062, 6.094, 7.215, 7.51, 7.19, 6.438, 5.426, 4.34, 3.248, 2.256, 1.335, 0.513, -0.269, -1.056, -1.831, -2.754, -3.887, -5.316, -7.043, -9.02, -11.29, -13.836, -16.47, -19.05, -21.55, -23.98, -26.16, -27.97, -29.42, -30.39, -30.89, -30.75, -30.2, -29.03, -27.28, -25.0, -22.23, -19.08, -15.516, -11.71, -7.645, -3.494, 0.641, 4.69, 8.55, 12.17, 15.35, 18.11, 20.45, 22.36, 23.75, 24.56, 24.98, 24.89, 24.34, 23.42, 22.12, 20.4, 18.52, 16.47, 14.45, 12.58, 10.945, 9.68, 8.805, 8.305, 8.086, 8.05, 8.08, 7.953, 7.62, 7.023, 6.03, 4.703, 3.104, 1.318, -0.616, -2.666, -4.766, -6.707, -8.36, -9.46, -9.83, -9.25, -7.637, -5.043, -1.655, 2.26, 6.32, 10.15, 13.125, 14.836, 15.164, 14.24, 12.52, 10.38, 8.016, 5.793, 3.865, 2.441, 1.564, 1.251, 1.4795, 2.088, 2.86
3.43, 3.916, 3.95, 3.486, 2.574, 1.318, -0.0941, -1.482, -2.594, -3.2, -3.264, -2.828, -2.053, -1.174, -0.4575, -0.12415, -0.2458, -0.7793, -1.555, -2.338, -2.93, -3.17, -3.016, -2.428, -1.339, 0.1982, 2.082, 4.09, 6.08, 7.867, 9.35, 10.45, 11.11, 11.44, 11.445, 11.195, 10.71, 10.09, 9.32, 8.43, 7.39, 6.22, 4.9, 3.443, 1.942, 0.3938, -1.123, -2.412, -3.328, -3.78, -3.656, -3.078, -2.178, -1.213, -0.495, -0.2656, -0.604, -1.462, -2.682, -4.082, -5.453, -6.65, -7.562, -8.086, -8.19, -7.805, -7.004, -5.87, -4.63, -3.41, -2.426, -1.816, -1.686, -2.107, -3.098, -4.61, -6.594, -8.914, -11.6, -14.46, -17.44, -20.33, -22.95, -25.27, -27.0, -27.84, -27.73, -26.45, -23.92, -20.3, -15.805, -10.91, -6.055, -1.603, 2.1, 4.914, 6.79, 7.74, 7.902, 7.52, 6.742, 5.727, 4.65, 3.568, 2.645, 1.794, 0.9995, 0.2878, -0.396, -1.118, -1.979, -3.059, -4.406, -6.082, -8.04, -10.34, -12.836, -15.45, -18.17, -20.8, -23.27, -25.52, -27.55, -29.12, -30.33, -31.03, -31.19, -30.83, -29.9, -28.38, -26.34, -23.77, -20.81, -17.42, -13.734, -9.71, -5.598, -1.409, 2.713, 6.676, 10.37, 13.84, 16.8, 19.31, 21.33, 22.94, 23.88, 24.36, 24.33, 23.75, 22.84, 21.42, 19.69, 17.64, 15.5, 13.34, 11.336, 9.61, 8.305, 7.37, 6.887, 6.684, 6.65, 6.67, 6.586, 6.34, 5.746, 4.836, 3.666, 2.203, 0.524, -1.2705, -3.195, -5.184, -7.074, -8.66, -9.75, -10.03, -9.35, -7.598, -4.84, -1.274, 2.848, 7.07, 10.97, 14.01, 15.664, 15.91, 14.984, 13.27, 11.06, 8.664, 6.38, 4.32, 2.69, 1.606, 1.144, 1.283, 1.881, 2.69
3.277, 3.83, 3.896, 3.432, 2.477, 1.18, -0.2417, -1.616, -2.652, -3.137, -3.014, -2.389, -1.457, -0.4895, 0.2389, 0.492, 0.2305, -0.4475, -1.353, -2.264, -2.975, -3.334, -3.27, -2.768, -1.783, -0.3506, 1.429, 3.387, 5.336, 7.14, 8.66, 9.766, 10.48, 10.78, 10.82, 10.55, 10.06, 9.46, 8.71, 7.82, 6.812, 5.684, 4.4, 2.998, 1.525, 0.01381, -1.423, -2.607, -3.4, -3.676, -3.408, -2.69, -1.634, -0.5884, 0.1691, 0.3828, -0.01822, -0.9336, -2.244, -3.71, -5.168, -6.504, -7.562, -8.26, -8.54, -8.38, -7.8, -6.875, -5.76, -4.63, -3.67, -2.984, -2.73, -3.008, -3.828, -5.164, -7.008, -9.266, -11.836, -14.695, -17.6, -20.45, -23.14, -25.44, -27.17, -27.89, -27.56, -26.14, -23.39, -19.62, -14.97, -9.91, -5.043, -0.627, 3.03, 5.695, 7.414, 8.22, 8.28, 7.84, 7.04, 6.01, 4.96, 3.936, 3.025, 2.217, 1.494, 0.8467, 0.2418, -0.391, -1.188, -2.219, -3.477, -5.094, -7.08, -9.32, -11.81, -14.52, -17.2, -19.9, -22.5, -24.9, -27.02, -28.78, -30.23, -31.16, -31.52, -31.4, -30.7, -29.44, -27.58, -25.36, -22.48, -19.27, -15.68, -11.79, -7.72, -3.559, 0.6025, 4.67, 8.516, 12.06, 15.23, 17.94, 20.14, 21.83, 23.05, 23.55, 23.66, 23.2, 22.27, 20.86, 19.03, 16.92, 14.59, 12.33, 10.195, 8.38, 6.934, 5.9, 5.375, 5.113, 5.05, 5.113, 5.066, 4.85, 4.332, 3.564, 2.527, 1.256, -0.2524, -1.926, -3.709, -5.62, -7.42, -8.95, -9.99, -10.25, -9.47, -7.586, -4.67, -0.9253, 3.371, 7.73, 11.72, 14.72, 16.4, 16.66, 15.76, 14.01, 11.836, 9.375, 6.95, 4.73, 2.885, 1.596, 0.981, 1.015, 1.575, 2.434
3.053, 3.707, 3.818, 3.361, 2.393, 1.071, -0.3647, -1.689, -2.64, -2.994, -2.705, -1.906, -0.828, 0.2235, 0.9575, 1.152, 0.7695, -0.04645, -1.067, -2.08, -2.883, -3.334, -3.357, -2.941, -2.062, -0.751, 0.9277, 2.805, 4.71, 6.484, 7.98, 9.16, 9.89, 10.25, 10.25, 9.99, 9.5, 8.91, 8.15, 7.27, 6.3, 5.188, 3.914, 2.527, 1.088, -0.3542, -1.722, -2.8, -3.48, -3.617, -3.191, -2.307, -1.093, 0.04993, 0.831, 1.058, 0.6343, -0.3398, -1.697, -3.215, -4.75, -6.184, -7.39, -8.266, -8.73, -8.77, -8.44, -7.77, -6.82, -5.82, -4.867, -4.145, -3.822, -3.99, -4.65, -5.777, -7.438, -9.59, -12.12, -14.86, -17.7, -20.56, -23.27, -25.5, -27.12, -27.83, -27.45, -25.78, -22.89, -18.94, -14.22, -9.13, -4.15, 0.2491, 3.809, 6.324, 7.895, 8.586, 8.57, 8.055, 7.273, 6.254, 5.215, 4.254, 3.422, 2.668, 2.01, 1.421, 0.9062, 0.3713, -0.3442, -1.347, -2.549, -4.105, -6.055, -8.3, -10.75, -13.44, -16.19, -18.9, -21.58, -24.05, -26.38, -28.3, -29.9, -31.06, -31.8, -31.9, -31.42, -30.4, -28.8, -26.7, -24.05, -21.06, -17.62, -13.87, -9.836, -5.734, -1.578, 2.467, 6.42, 10.086, 13.39, 16.3, 18.73, 20.61, 21.94, 22.72, 22.92, 22.61, 21.73, 20.34, 18.5, 16.3, 13.88, 11.45, 9.16, 7.168, 5.6, 4.47, 3.857, 3.533, 3.438, 3.467, 3.428, 3.273, 2.91, 2.31, 1.435, 0.3442, -0.9883, -2.537, -4.223, -6.03, -7.78, -9.27, -10.26, -10.41, -9.56, -7.605, -4.598, -0.6733, 3.758, 8.29, 12.35, 15.4, 17.14, 17.4, 16.5, 14.74, 12.51, 10.016, 7.46, 5.082, 3.025, 1.527, 0.7056, 0.63, 1.182, 2.098
2.742, 3.508, 3.717, 3.303, 2.328, 0.969, -0.4917, -1.762, -2.582, -2.783, -2.33, -1.352, -0.1276, 0.9937, 1.71, 1.8545, 1.4, 0.4944, -0.632, -1.739, -2.63, -3.191, -3.318, -3.006, -2.234, -1.023, 0.539, 2.324, 4.14, 5.89, 7.402, 8.57, 9.31, 9.695, 9.72, 9.49, 9.02, 8.38, 7.645, 6.79, 5.81, 4.695, 3.44, 2.06, 0.6504, -0.7188, -1.985, -2.99, -3.55, -3.549, -2.955, -1.912, -0.5786, 0.6685, 1.493, 1.739, 1.303, 0.296, -1.104, -2.682, -4.258, -5.777, -7.125, -8.16, -8.805, -9.055, -8.96, -8.52, -7.766, -6.87, -5.99, -5.254, -4.88, -4.914, -5.438, -6.45, -7.97, -9.984, -12.37, -15.016, -17.81, -20.67, -23.33, -25.61, -27.11, -27.77, -27.2, -25.44, -22.42, -18.34, -13.47, -8.3, -3.342, 0.9683, 4.44, 6.89, 8.31, 8.89, 8.83, 8.29, 7.465, 6.48, 5.508, 4.598, 3.781, 3.113, 2.557, 2.066, 1.618, 1.1045, 0.449, -0.4644, -1.649, -3.184, -5.04, -7.242, -9.695, -12.33, -15.08, -17.89, -20.56, -23.22, -25.67, -27.8, -29.64, -30.94, -31.83, -32.22, -32.03, -31.3, -29.9, -28.03, -25.6, -22.8, -19.5, -15.81, -11.94, -7.855, -3.746, 0.3481, 4.348, 8.06, 11.52, 14.59, 17.19, 19.3, 20.88, 21.81, 22.2, 22.03, 21.27, 19.9, 18.05, 15.766, 13.266, 10.664, 8.29, 6.133, 4.45, 3.195, 2.434, 1.986, 1.838, 1.838, 1.836, 1.792, 1.592, 1.132, 0.4314, -0.4685, -1.6455, -3.068, -4.723, -6.473, -8.17, -9.64, -10.555, -10.64, -9.734, -7.707, -4.598, -0.5396, 3.998, 8.63, 12.81, 15.94, 17.69, 18.0, 17.08, 15.37, 13.07, 10.555, 7.88, 5.35, 3.143, 1.462, 0.4497, 0.1837, 0.6826, 1.665
2.371, 3.277, 3.596, 3.236, 2.277, 0.903, -0.561, -1.784, -2.496, -2.553, -1.921, -0.756, 0.616, 1.839, 2.553, 2.625, 2.117, 1.159, -0.05112, -1.242, -2.232, -2.91, -3.176, -2.973, -2.299, -1.186, 0.2625, 1.9375, 3.686, 5.395, 6.87, 8.04, 8.8, 9.18, 9.21, 9.0, 8.555, 7.934, 7.19, 6.332, 5.344, 4.203, 2.936, 1.588, 0.228, -1.103, -2.277, -3.16, -3.607, -3.48, -2.738, -1.531, -0.09656, 1.252, 2.14, 2.39, 1.97, 0.9624, -0.4504, -2.064, -3.678, -5.258, -6.703, -7.875, -8.74, -9.23, -9.31, -9.05, -8.51, -7.76, -6.996, -6.3, -5.883, -5.836, -6.26, -7.17, -8.52, -10.41, -12.61, -15.18, -17.94, -20.73, -23.42, -25.61, -27.16, -27.69, -27.02, -25.08, -21.94, -17.69, -12.72, -7.51, -2.596, 1.677, 5.06, 7.41, 8.7, 9.17, 9.055, 8.49, 7.637, 6.723, 5.816, 4.94, 4.2, 3.605, 3.102, 2.68, 2.305, 1.855, 1.241, 0.3684, -0.748, -2.209, -4.008, -6.203, -8.62, -11.234, -13.94, -16.73, -19.53, -22.23, -24.8, -27.12, -29.1, -30.6, -31.73, -32.44, -32.5, -31.95, -30.81, -29.17, -27.0, -24.36, -21.23, -17.7, -13.99, -9.96, -5.914, -1.825, 2.242, 6.117, 9.67, 12.87, 15.7, 17.98, 19.75, 20.95, 21.55, 21.52, 20.86, 19.56, 17.8, 15.484, 12.875, 10.195, 7.652, 5.34, 3.488, 2.107, 1.226, 0.671, 0.4604, 0.49, 0.5425, 0.5483, 0.4656, 0.161, -0.3706, -1.154, -2.26, -3.63, -5.258, -7.0, -8.69, -10.125, -10.99, -11.0, -10.0, -7.89, -4.69, -0.5596, 4.117, 8.85, 13.11, 16.31, 18.12, 18.45, 17.56, 15.86, 13.555, 10.94, 8.21, 5.555, 3.188, 1.341, 0.1686, -0.2292, 0.1885, 1.188
1.939, 2.984, 3.43, 3.174, 2.232, 0.873, -0.559, -1.737, -2.367, -2.297, -1.489, -0.1547, 1.369, 2.682, 3.432, 3.469, 2.904, 1.878, 0.624, -0.615, -1.689, -2.482, -2.879, -2.803, -2.264, -1.284, 0.04388, 1.618, 3.291, 4.906, 6.33, 7.484, 8.24, 8.664, 8.734, 8.53, 8.1, 7.492, 6.75, 5.88, 4.85, 3.715, 2.45, 1.128, -0.1995, -1.4795, -2.553, -3.328, -3.67, -3.416, -2.541, -1.202, 0.3376, 1.789, 2.74, 3.02, 2.635, 1.658, 0.2445, -1.371, -3.035, -4.664, -6.19, -7.547, -8.59, -9.266, -9.54, -9.51, -9.164, -8.59, -7.93, -7.32, -6.926, -6.81, -7.113, -7.902, -9.13, -10.83, -12.94, -15.35, -18.05, -20.88, -23.44, -25.64, -27.14, -27.58, -26.73, -24.72, -21.38, -17.0, -11.92, -6.72, -1.833, 2.348, 5.613, 7.867, 9.07, 9.47, 9.32, 8.695, 7.86, 6.97, 6.074, 5.297, 4.65, 4.145, 3.729, 3.373, 3.05, 2.629, 2.062, 1.247, 0.1709, -1.269, -3.025, -5.133, -7.51, -10.07, -12.8, -15.62, -18.42, -21.25, -23.94, -26.33, -28.55, -30.31, -31.62, -32.53, -32.78, -32.5, -31.69, -30.23, -28.28, -25.88, -22.88, -19.55, -15.9, -12.02, -7.945, -3.879, 0.1624, 4.117, 7.793, 11.19, 14.17, 16.67, 18.62, 20.12, 20.86, 21.08, 20.58, 19.45, 17.69, 15.375, 12.73, 10.016, 7.277, 4.906, 2.936, 1.395, 0.4058, -0.2235, -0.511, -0.5186, -0.441, -0.3389, -0.351, -0.5483, -0.992, -1.745, -2.809, -4.188, -5.85, -7.6, -9.31, -10.67, -11.46, -11.4, -10.33, -8.2, -4.92, -0.7075, 4.07, 8.84, 13.16, 16.47, 18.33, 18.72, 17.89, 16.14, 13.78, 11.08, 8.3, 5.535, 3.057, 1.107, -0.1975, -0.7188, -0.3784, 0.6533
1.427, 2.645, 3.234, 3.072, 2.19, 0.851, -0.5366, -1.67, -2.21, -1.996, -1.033, 0.4697, 2.12, 3.508, 4.297, 4.33, 3.738, 2.7, 1.425, 0.1312, -1.0205, -1.915, -2.445, -2.527, -2.174, -1.349, -0.1676, 1.287, 2.854, 4.414, 5.785, 6.914, 7.723, 8.16, 8.23, 8.05, 7.63, 7.055, 6.285, 5.37, 4.312, 3.18, 1.929, 0.629, -0.6763, -1.888, -2.875, -3.54, -3.748, -3.365, -2.37, -0.9087, 0.7236, 2.234, 3.229, 3.568, 3.246, 2.307, 0.9307, -0.694, -2.367, -4.035, -5.656, -7.14, -8.35, -9.21, -9.74, -9.92, -9.76, -9.375, -8.82, -8.3, -7.934, -7.797, -7.996, -8.695, -9.836, -11.375, -13.36, -15.71, -18.3, -21.0, -23.6, -25.69, -27.08, -27.44, -26.47, -24.23, -20.78, -16.31, -11.195, -5.977, -1.112, 3.0, 6.176, 8.305, 9.445, 9.76, 9.54, 8.914, 8.07, 7.207, 6.375, 5.695, 5.152, 4.72, 4.42, 4.137, 3.828, 3.418, 2.848, 2.062, 1.008, -0.3718, -2.08, -4.137, -6.395, -8.914, -11.61, -14.43, -17.3, -20.16, -22.89, -25.53, -27.83, -29.77, -31.31, -32.38, -32.9, -32.97, -32.3, -31.16, -29.36, -27.16, -24.39, -21.23, -17.72, -13.97, -9.96, -5.836, -1.734, 2.21, 5.98, 9.5, 12.67, 15.34, 17.56, 19.22, 20.3, 20.66, 20.4, 19.42, 17.77, 15.56, 12.93, 10.11, 7.33, 4.875, 2.848, 1.237, 0.11017, -0.6, -0.9287, -0.987, -0.9326, -0.863, -0.8643, -1.053, -1.526, -2.303, -3.443, -4.94, -6.676, -8.46, -10.13, -11.43, -12.11, -11.97, -10.84, -8.56, -5.25, -1.05, 3.783, 8.69, 13.04, 16.36, 18.33, 18.81, 18.02, 16.23, 13.8, 11.03, 8.16, 5.34, 2.816, 0.7705, -0.6553, -1.286, -1.009, 0.04147
0.835, 2.213, 2.953, 2.91, 2.133, 0.859, -0.5044, -1.576, -2.05, -1.697, -0.5845, 1.048, 2.832, 4.316, 5.145, 5.207, 4.605, 3.568, 2.28, 0.959, -0.264, -1.275, -1.954, -2.207, -2.033, -1.401, -0.3782, 0.937, 2.43, 3.902, 5.234, 6.35, 7.152, 7.6, 7.723, 7.55, 7.156, 6.562, 5.797, 4.855, 3.799, 2.63, 1.387, 0.09406, -1.193, -2.363, -3.28, -3.826, -3.883, -3.346, -2.248, -0.6885, 1.054, 2.625, 3.68, 4.082, 3.795, 2.902, 1.553, -0.04523, -1.706, -3.4, -5.074, -6.656, -8.016, -9.1, -9.875, -10.24, -10.28, -10.1, -9.7, -9.25, -8.94, -8.84, -9.05, -9.68, -10.64, -12.06, -13.914, -16.14, -18.64, -21.2, -23.73, -25.8, -27.08, -27.23, -26.28, -23.86, -20.22, -15.695, -10.47, -5.18, -0.3142, 3.682, 6.723, 8.734, 9.75, 10.03, 9.74, 9.1, 8.3, 7.46, 6.715, 6.133, 5.703, 5.39, 5.15, 4.895, 4.586, 4.207, 3.61, 2.807, 1.793, 0.4434, -1.21, -3.172, -5.367, -7.805, -10.445, -13.25, -16.14, -19.0, -21.88, -24.61, -27.05, -29.2, -30.98, -32.25, -33.0, -33.16, -32.8, -31.81, -30.33, -28.27, -25.7, -22.72, -19.36, -15.74, -11.81, -7.75, -3.664, 0.3284, 4.21, 7.875, 11.19, 14.12, 16.56, 18.47, 19.75, 20.4, 20.28, 19.56, 18.1, 15.98, 13.41, 10.64, 7.89, 5.457, 3.338, 1.691, 0.4795, -0.316, -0.7383, -0.942, -0.9736, -1.012, -1.074, -1.354, -1.966, -2.887, -4.215, -5.848, -7.707, -9.54, -11.21, -12.49, -13.016, -12.734, -11.47, -9.11, -5.75, -1.478, 3.354, 8.26, 12.67, 16.05, 18.1, 18.62, 17.88, 16.05, 13.59, 10.7, 7.746, 4.902, 2.336, 0.2566, -1.205, -1.894, -1.668, -0.6294
0.1643, 1.694, 2.602, 2.693, 2.037, 0.857, -0.4573, -1.473, -1.885, -1.445, -0.211, 1.538, 3.432, 5.027, 5.957, 6.08, 5.504, 4.477, 3.176, 1.812, 0.538, -0.5864, -1.42, -1.837, -1.835, -1.402, -0.567, 0.577, 1.9375, 3.35, 4.652, 5.72, 6.54, 7.01, 7.184, 7.04, 6.65, 6.047, 5.293, 4.363, 3.283, 2.088, 0.817, -0.4917, -1.76, -2.863, -3.703, -4.117, -4.04, -3.375, -2.17, -0.534, 1.298, 2.932, 4.08, 4.527, 4.26, 3.404, 2.117, 0.5806, -1.057, -2.78, -4.508, -6.15, -7.656, -8.94, -9.9, -10.484, -10.75, -10.78, -10.59, -10.266, -10.0, -9.945, -10.12, -10.6, -11.516, -12.86, -14.57, -16.64, -19.06, -21.55, -23.94, -25.89, -27.0, -27.06, -25.86, -23.25, -19.47, -14.8, -9.586, -4.316, 0.4675, 4.387, 7.26, 9.12, 10.086, 10.31, 9.96, 9.28, 8.49, 7.77, 7.14, 6.684, 6.367, 6.12, 5.9, 5.656, 5.336, 4.92, 4.344, 3.527, 2.53, 1.228, -0.391, -2.268, -4.387, -6.758, -9.336, -12.086, -14.96, -17.88, -20.75, -23.55, -26.17, -28.45, -30.36, -31.86, -32.78, -33.3, -33.06, -32.4, -31.03, -29.2, -26.88, -24.14, -20.92, -17.33, -13.52, -9.52, -5.504, -1.469, 2.475, 6.254, 9.71, 12.85, 15.49, 17.64, 19.19, 20.14, 20.31, 19.8, 18.55, 16.61, 14.195, 11.625, 8.98, 6.582, 4.492, 2.816, 1.49, 0.5825, 0.02258, -0.338, -0.501, -0.69, -1.023, -1.516, -2.336, -3.516, -5.094, -6.89, -8.89, -10.86, -12.49, -13.664, -14.08, -13.63, -12.2, -9.766, -6.312, -2.018, 2.816, 7.69, 12.09, 15.5, 17.56, 18.1, 17.38, 15.57, 13.06, 10.1, 7.094, 4.21, 1.641, -0.4307, -1.889, -2.607, -2.426, -1.378
-0.5713, 1.093, 2.184, 2.434, 1.898, 0.8066, -0.436, -1.386, -1.721, -1.211, 0.11725, 1.992, 3.984, 5.645, 6.68, 6.895, 6.395, 5.395, 4.113, 2.727, 1.369, 0.1425, -0.8335, -1.424, -1.607, -1.382, -0.753, 0.211, 1.432, 2.748, 3.986, 5.05, 5.867, 6.375, 6.58, 6.492, 6.137, 5.55, 4.785, 3.834, 2.742, 1.509, 0.2045, -1.101, -2.355, -3.412, -4.16, -4.44, -4.24, -3.475, -2.16, -0.433, 1.452, 3.133, 4.336, 4.83, 4.61, 3.795, 2.564, 1.095, -0.5195, -2.234, -3.941, -5.617, -7.234, -8.63, -9.81, -10.67, -11.18, -11.42, -11.445, -11.29, -11.11, -11.08, -11.22, -11.63, -12.47, -13.67, -15.305, -17.28, -19.53, -21.95, -24.2, -25.97, -26.98, -26.83, -25.39, -22.64, -18.66, -13.84, -8.58, -3.393, 1.319, 5.1, 7.863, 9.62, 10.46, 10.59, 10.164, 9.51, 8.8, 8.22, 7.71, 7.355, 7.117, 6.92, 6.7, 6.453, 6.12, 5.637, 5.016, 4.18, 3.178, 1.919, 0.376, -1.381, -3.379, -5.68, -8.24, -10.984, -13.83, -16.69, -19.62, -22.47, -25.16, -27.61, -29.73, -31.38, -32.62, -33.16, -33.25, -32.75, -31.67, -30.02, -27.94, -25.3, -22.27, -18.9, -15.19, -11.26, -7.28, -3.19, 0.8174, 4.63, 8.25, 11.52, 14.44, 16.88, 18.7, 19.83, 20.38, 20.14, 19.19, 17.52, 15.29, 12.86, 10.516, 8.25, 6.26, 4.598, 3.203, 2.158, 1.3955, 0.8413, 0.3745, -0.0527, -0.68, -1.507, -2.674, -4.168, -6.05, -8.12, -10.3, -12.336, -13.95, -14.96, -15.24, -14.63, -13.01, -10.445, -6.938, -2.639, 2.191, 6.97, 11.35, 14.7, 16.77, 17.38, 16.64, 14.79, 12.22, 9.2, 6.105, 3.178, 0.6504, -1.347, -2.742, -3.436, -3.268, -2.201
-1.315, 0.4502, 1.696, 2.088, 1.691, 0.713, -0.4248, -1.291, -1.55, -0.9917, 0.3796, 2.348, 4.434, 6.2, 7.305, 7.63, 7.21, 6.25, 5.027, 3.639, 2.25, 0.939, -0.1672, -0.952, -1.351, -1.344, -0.903, -0.11255, 0.9653, 2.17, 3.342, 4.375, 5.19, 5.72, 5.93, 5.87, 5.55, 5.004, 4.23, 3.275, 2.162, 0.892, -0.424, -1.72, -2.941, -3.934, -4.566, -4.78, -4.45, -3.57, -2.158, -0.3503, 1.55, 3.252, 4.484, 5.016, 4.836, 4.08, 2.898, 1.477, -0.0979, -1.741, -3.43, -5.17, -6.87, -8.4, -9.734, -10.83, -11.56, -12.016, -12.234, -12.266, -12.2, -12.25, -12.414, -12.81, -13.58, -14.625, -16.06, -17.94, -20.08, -22.33, -24.52, -26.11, -27.0, -26.61, -24.84, -21.84, -17.72, -12.73, -7.45, -2.277, 2.283, 5.938, 8.55, 10.14, 10.84, 10.914, 10.47, 9.836, 9.17, 8.695, 8.34, 8.1, 7.934, 7.773, 7.56, 7.277, 6.88, 6.332, 5.668, 4.82, 3.787, 2.537, 1.057, -0.5947, -2.465, -4.684, -7.117, -9.766, -12.64, -15.52, -18.42, -21.36, -24.16, -26.7, -28.98, -30.8, -32.1, -32.94, -33.22, -32.88, -32.03, -30.62, -28.7, -26.33, -23.44, -20.23, -16.72, -12.88, -8.945, -4.895, -0.8896, 3.023, 6.805, 10.32, 13.39, 16.05, 18.14, 19.62, 20.45, 20.55, 19.89, 18.48, 16.66, 14.516, 12.414, 10.36, 8.52, 6.93, 5.496, 4.32, 3.309, 2.465, 1.674, 0.836, -0.1581, -1.387, -2.953, -4.867, -7.16, -9.586, -11.9, -14.01, -15.58, -16.44, -16.52, -15.68, -13.945, -11.234, -7.68, -3.367, 1.41, 6.188, 10.43, 13.734, 15.766, 16.27, 15.54, 13.664, 11.05, 7.97, 4.83, 1.888, -0.594, -2.482, -3.799, -4.39, -4.16, -3.049
-2.121, -0.2212, 1.167, 1.722, 1.45, 0.597, -0.4583, -1.235, -1.415, -0.8237, 0.5684, 2.566, 4.754, 6.63, 7.812, 8.234, 7.926, 7.07, 5.887, 4.547, 3.152, 1.767, 0.5503, -0.412, -1.0205, -1.223, -0.9893, -0.3806, 0.5303, 1.612, 2.71, 3.707, 4.516, 5.035, 5.277, 5.23, 4.92, 4.402, 3.639, 2.682, 1.526, 0.2415, -1.08, -2.357, -3.514, -4.445, -4.99, -5.117, -4.656, -3.654, -2.15, -0.3152, 1.61, 3.326, 4.547, 5.11, 4.98, 4.27, 3.137, 1.772, 0.2898, -1.281, -2.938, -4.688, -6.457, -8.164, -9.68, -10.89, -11.87, -12.59, -13.03, -13.234, -13.336, -13.43, -13.63, -13.99, -14.695, -15.67, -17.0, -18.7, -20.7, -22.84, -24.78, -26.33, -26.92, -26.23, -24.25, -20.98, -16.58, -11.51, -6.21, -1.118, 3.377, 6.86, 9.29, 10.71, 11.28, 11.266, 10.81, 10.234, 9.7, 9.3, 9.08, 8.94, 8.836, 8.695, 8.445, 8.1, 7.64, 6.984, 6.234, 5.36, 4.332, 3.12, 1.729, 0.1482, -1.664, -3.764, -6.09, -8.65, -11.4, -14.31, -17.23, -20.2, -23.1, -25.73, -28.11, -30.06, -31.61, -32.6, -33.06, -32.94, -32.25, -31.02, -29.33, -27.11, -24.5, -21.45, -18.06, -14.4, -10.516, -6.492, -2.426, 1.54, 5.34, 8.98, 12.27, 15.125, 17.5, 19.31, 20.44, 20.9, 20.56, 19.6, 18.14, 16.38, 14.59, 12.8, 11.19, 9.64, 8.21, 6.87, 5.625, 4.438, 3.244, 1.951, 0.507, -1.207, -3.26, -5.67, -8.33, -11.016, -13.57, -15.734, -17.22, -17.95, -17.81, -16.77, -14.83, -11.945, -8.36, -4.09, 0.5977, 5.258, 9.39, 12.53, 14.42, 14.91, 14.125, 12.21, 9.49, 6.414, 3.254, 0.3704, -2.064, -3.87, -5.027, -5.453, -5.133, -3.947
-2.996, -0.9424, 0.608, 1.334, 1.197, 0.4758, -0.494, -1.25, -1.382, -0.7393, 0.659, 2.688, 4.93, 6.9, 8.2, 8.73, 8.54, 7.78, 6.664, 5.36, 4.004, 2.592, 1.2705, 0.1599, -0.635, -1.026, -1.013, -0.611, 0.11237, 1.072, 2.074, 3.033, 3.824, 4.375, 4.64, 4.6, 4.312, 3.783, 3.027, 2.07, 0.909, -0.3833, -1.71, -2.982, -4.094, -4.94, -5.406, -5.402, -4.83, -3.74, -2.182, -0.302, 1.6455, 3.346, 4.566, 5.125, 5.04, 4.38, 3.314, 2.035, 0.638, -0.903, -2.521, -4.24, -6.05, -7.89, -9.54, -11.0, -12.164, -13.11, -13.81, -14.2, -14.445, -14.63, -14.9, -15.24, -15.875, -16.84, -18.1, -19.61, -21.42, -23.39, -25.2, -26.42, -26.8, -25.86, -23.55, -19.95, -15.35, -10.16, -4.83, 0.1638, 4.496, 7.805, 10.02, 11.33, 11.79, 11.67, 11.25, 10.76, 10.35, 10.08, 9.97, 9.9, 9.81, 9.65, 9.36, 8.914, 8.34, 7.625, 6.777, 5.797, 4.773, 3.598, 2.262, 0.7886, -0.8716, -2.84, -5.07, -7.55, -10.2, -13.04, -15.95, -18.89, -21.83, -24.55, -27.11, -29.23, -30.88, -32.06, -32.7, -32.72, -32.38, -31.33, -29.73, -27.78, -25.34, -22.42, -19.23, -15.71, -11.945, -8.03, -4.008, -0.03003, 3.87, 7.61, 11.086, 14.125, 16.77, 18.81, 20.34, 21.14, 21.28, 20.7, 19.69, 18.36, 16.92, 15.44, 14.055, 12.66, 11.25, 9.75, 8.23, 6.652, 5.04, 3.266, 1.284, -0.916, -3.53, -6.465, -9.516, -12.51, -15.18, -17.38, -18.77, -19.34, -19.02, -17.77, -15.586, -12.63, -8.94, -4.695, -0.1602, 4.363, 8.3, 11.27, 13.0, 13.34, 12.44, 10.445, 7.707, 4.58, 1.441, -1.382, -3.742, -5.395, -6.36, -6.65, -6.188, -4.906
-3.9, -1.715, -0.0009594, 0.9023, 0.9385, 0.345, -0.505, -1.231, -1.382, -0.7246, 0.717, 2.73, 4.984, 7.02, 8.414, 9.086, 9.01, 8.37, 7.34, 6.105, 4.758, 3.387, 2.016, 0.7954, -0.1659, -0.7734, -0.9873, -0.7886, -0.2366, 0.5615, 1.475, 2.383, 3.158, 3.705, 4.0, 4.004, 3.734, 3.207, 2.46, 1.486, 0.301, -1.0205, -2.35, -3.588, -4.64, -5.414, -5.77, -5.64, -4.98, -3.812, -2.191, -0.29, 1.637, 3.31, 4.48, 5.023, 4.97, 4.367, 3.363, 2.184, 0.8716, -0.5977, -2.18, -3.912, -5.75, -7.613, -9.39, -11.016, -12.43, -13.56, -14.445, -15.03, -15.49, -15.79, -16.11, -16.55, -17.19, -18.0, -19.17, -20.62, -22.22, -24.03, -25.53, -26.56, -26.56, -25.28, -22.62, -18.73, -13.94, -8.61, -3.266, 1.655, 5.78, 8.89, 10.9, 12.016, 12.32, 12.19, 11.82, 11.445, 11.195, 11.086, 11.05, 11.01, 10.93, 10.68, 10.28, 9.7, 8.984, 8.16, 7.242, 6.215, 5.15, 4.008, 2.75, 1.356, -0.2113, -2.025, -4.1, -6.47, -9.0, -11.734, -14.68, -17.6, -20.5, -23.33, -25.95, -28.2, -30.08, -31.36, -32.2, -32.38, -32.1, -31.34, -29.98, -28.19, -26.0, -23.33, -20.3, -16.94, -13.33, -9.5, -5.57, -1.576, 2.393, 6.21, 9.76, 12.984, 15.89, 18.23, 20.08, 21.23, 21.8, 21.75, 21.19, 20.25, 19.2, 18.03, 16.89, 15.68, 14.31, 12.74, 10.984, 9.04, 6.938, 4.652, 2.16, -0.632, -3.818, -7.21, -10.67, -13.91, -16.7, -18.86, -20.12, -20.58, -20.03, -18.56, -16.22, -13.195, -9.445, -5.2, -0.757, 3.53, 7.19, 9.91, 11.41, 11.555, 10.48, 8.36, 5.547, 2.412, -0.6484, -3.443, -5.62, -7.13, -7.88, -7.945, -7.336, -5.914
-4.844, -2.486, -0.584, 0.5024, 0.68, 0.1932, -0.5547, -1.1875, -1.326, -0.6963, 0.7188, 2.701, 4.938, 6.996, 8.49, 9.26, 9.28, 8.76, 7.89, 6.75, 5.45, 4.133, 2.78, 1.473, 0.3528, -0.452, -0.8677, -0.8867, -0.529, 0.10364, 0.8955, 1.724, 2.459, 3.01, 3.324, 3.383, 3.162, 2.668, 1.905, 0.9014, -0.2935, -1.635, -2.932, -4.14, -5.152, -5.85, -6.082, -5.844, -5.098, -3.85, -2.201, -0.2961, 1.582, 3.178, 4.29, 4.816, 4.78, 4.23, 3.33, 2.225, 0.9756, -0.378, -1.86, -3.56, -5.43, -7.36, -9.266, -11.08, -12.66, -14.01, -15.06, -15.94, -16.55, -17.02, -17.47, -17.95, -18.56, -19.36, -20.34, -21.67, -23.11, -24.66, -25.94, -26.62, -26.28, -24.66, -21.56, -17.33, -12.266, -6.836, -1.482, 3.277, 7.152, 10.0, 11.82, 12.695, 12.92, 12.81, 12.55, 12.36, 12.24, 12.22, 12.23, 12.164, 12.01, 11.68, 11.18, 10.484, 9.59, 8.63, 7.625, 6.582, 5.492, 4.348, 3.148, 1.829, 0.356, -1.305, -3.203, -5.414, -7.83, -10.5, -13.375, -16.3, -19.27, -22.14, -24.8, -27.12, -29.14, -30.53, -31.53, -31.88, -31.75, -31.16, -30.02, -28.42, -26.42, -23.97, -21.12, -17.98, -14.5, -10.82, -6.996, -3.086, 0.901, 4.703, 8.336, 11.73, 14.85, 17.44, 19.58, 21.16, 22.2, 22.58, 22.42, 21.98, 21.28, 20.53, 19.64, 18.56, 17.25, 15.56, 13.58, 11.33, 8.77, 6.016, 3.004, -0.3594, -4.04, -7.848, -11.68, -15.125, -18.0, -20.14, -21.23, -21.5, -20.77, -19.11, -16.62, -13.445, -9.695, -5.535, -1.259, 2.76, 6.17, 8.55, 9.76, 9.62, 8.32, 6.098, 3.229, 0.10443, -2.928, -5.62, -7.68, -9.01, -9.55, -9.375, -8.57, -6.992
-5.785, -3.232, -1.171, 0.1034, 0.4597, 0.0893, -0.602, -1.16, -1.258, -0.6646, 0.685, 2.61, 4.805, 6.867, 8.39, 9.27, 9.42, 9.04, 8.28, 7.266, 6.074, 4.824, 3.514, 2.158, 0.9263, -0.05746, -0.6704, -0.9004, -0.761, -0.316, 0.3337, 1.074, 1.767, 2.32, 2.662, 2.762, 2.584, 2.127, 1.361, 0.3625, -0.827, -2.162, -3.48, -4.67, -5.637, -6.234, -6.35, -5.984, -5.17, -3.879, -2.223, -0.3613, 1.444, 2.967, 4.03, 4.543, 4.496, 3.996, 3.195, 2.2, 1.047, -0.199, -1.631, -3.299, -5.137, -7.133, -9.18, -11.1, -12.89, -14.39, -15.71, -16.78, -17.6, -18.19, -18.72, -19.33, -19.98, -20.69, -21.61, -22.81, -24.11, -25.31, -26.3, -26.61, -25.83, -23.78, -20.31, -15.78, -10.52, -5.01, 0.3115, 4.938, 8.586, 11.18, 12.77, 13.516, 13.69, 13.66, 13.56, 13.516, 13.44, 13.516, 13.516, 13.36, 13.08, 12.58, 11.94, 11.12, 10.125, 9.055, 7.926, 6.84, 5.76, 4.652, 3.459, 2.262, 0.912, -0.6553, -2.383, -4.453, -6.746, -9.23, -11.98, -14.89, -17.89, -20.78, -23.52, -25.97, -28.02, -29.53, -30.56, -31.11, -31.17, -30.64, -29.75, -28.38, -26.62, -24.44, -21.8, -18.89, -15.61, -12.08, -8.35, -4.53, -0.6567, 3.148, 6.78, 10.32, 13.57, 16.44, 18.89, 20.81, 22.19, 23.02, 23.44, 23.4, 23.11, 22.62, 21.97, 21.06, 19.84, 18.12, 15.95, 13.35, 10.46, 7.227, 3.717, -0.05685, -4.152, -8.414, -12.51, -16.17, -19.06, -21.02, -22.08, -22.08, -21.19, -19.38, -16.7, -13.46, -9.69, -5.598, -1.537, 2.197, 5.25, 7.29, 8.08, 7.61, 6.1, 3.701, 0.7573, -2.344, -5.35, -7.902, -9.83, -11.016, -11.31, -10.93, -9.89, -8.125
-6.73, -3.998, -1.754, -0.314, 0.241, 0.02945, -0.5825, -1.094, -1.191, -0.6494, 0.6196, 2.455, 4.566, 6.59, 8.164, 9.125, 9.41, 9.15, 8.484, 7.617, 6.58, 5.418, 4.168, 2.822, 1.506, 0.385, -0.4158, -0.8506, -0.92, -0.6636, -0.1567, 0.4822, 1.126, 1.675, 2.043, 2.152, 1.993, 1.558, 0.829, -0.1381, -1.315, -2.65, -3.988, -5.17, -6.06, -6.543, -6.535, -6.07, -5.18, -3.861, -2.193, -0.3901, 1.312, 2.71, 3.71, 4.188, 4.12, 3.672, 2.969, 2.086, 1.058, -0.1026, -1.466, -3.072, -4.92, -6.98, -9.1, -11.17, -13.125, -14.88, -16.36, -17.55, -18.61, -19.38, -20.12, -20.69, -21.38, -22.06, -22.9, -23.94, -25.0, -25.95, -26.6, -26.58, -25.38, -22.83, -18.89, -13.99, -8.5, -2.916, 2.266, 6.67, 10.06, 12.4, 13.805, 14.445, 14.625, 14.73, 14.75, 14.83, 14.87, 14.89, 14.836, 14.55, 14.12, 13.445, 12.586, 11.59, 10.49, 9.35, 8.19, 7.023, 5.95, 4.867, 3.734, 2.602, 1.396, -0.02422, -1.637, -3.504, -5.64, -8.04, -10.695, -13.5, -16.4, -19.34, -22.08, -24.62, -26.72, -28.38, -29.52, -30.22, -30.28, -30.02, -29.34, -28.11, -26.58, -24.64, -22.27, -19.56, -16.52, -13.19, -9.73, -6.02, -2.223, 1.531, 5.23, 8.78, 12.086, 15.13, 17.84, 20.06, 21.83, 23.08, 23.9, 24.34, 24.34, 24.19, 23.81, 23.1, 21.97, 20.22, 17.92, 15.016, 11.734, 8.234, 4.387, 0.211, -4.254, -8.84, -13.13, -16.81, -19.72, -21.64, -22.5, -22.36, -21.31, -19.27, -16.5, -13.21, -9.46, -5.51, -1.652, 1.773, 4.414, 6.055, 6.453, 5.656, 3.836, 1.254, -1.768, -4.914, -7.812, -10.28, -12.086, -13.06, -13.195, -12.57, -11.29, -9.28
-7.695, -4.727, -2.248, -0.6797, -0.008865, -0.0631, -0.557, -1.019, -1.1045, -0.631, 0.523, 2.236, 4.24, 6.203, 7.805, 8.83, 9.23, 9.1, 8.57, 7.81, 6.91, 5.895, 4.742, 3.445, 2.1, 0.8877, -0.0779, -0.716, -1.014, -0.9614, -0.609, -0.0962, 0.4736, 1.01, 1.387, 1.514, 1.376, 0.991, 0.298, -0.6494, -1.809, -3.105, -4.426, -5.55, -6.36, -6.746, -6.68, -6.13, -5.14, -3.79, -2.156, -0.452, 1.144, 2.441, 3.332, 3.752, 3.707, 3.32, 2.693, 1.923, 1.008, -0.04636, -1.331, -2.904, -4.742, -6.824, -9.0, -11.17, -13.32, -15.24, -16.88, -18.34, -19.58, -20.62, -21.39, -22.11, -22.77, -23.45, -24.22, -24.98, -25.78, -26.45, -26.83, -26.31, -24.66, -21.53, -17.17, -11.96, -6.344, -0.8135, 4.277, 8.45, 11.57, 13.625, 14.87, 15.5, 15.79, 16.02, 16.19, 16.28, 16.39, 16.3, 16.08, 15.625, 14.984, 14.16, 13.11, 11.984, 10.77, 9.56, 8.39, 7.223, 6.094, 5.035, 3.973, 2.91, 1.802, 0.5566, -0.8975, -2.64, -4.63, -6.87, -9.39, -12.06, -14.97, -17.81, -20.64, -23.12, -25.28, -27.12, -28.3, -29.03, -29.3, -29.19, -28.58, -27.66, -26.36, -24.61, -22.53, -20.06, -17.3, -14.266, -10.95, -7.387, -3.785, -0.148, 3.523, 7.05, 10.42, 13.625, 16.45, 18.94, 21.03, 22.61, 23.84, 24.67, 25.16, 25.3, 25.06, 24.52, 23.4, 21.7, 19.3, 16.23, 12.766, 8.984, 4.855, 0.419, -4.33, -9.11, -13.52, -17.28, -20.11, -21.92, -22.62, -22.28, -21.06, -18.89, -16.03, -12.625, -8.92, -5.12, -1.518, 1.508, 3.756, 4.902, 4.875, 3.71, 1.625, -1.129, -4.26, -7.375, -10.26, -12.69, -14.375, -15.234, -15.22, -14.34, -12.76, -10.5
-8.66, -5.46, -2.76, -1.005, -0.2186, -0.1678, -0.5347, -0.964, -1.062, -0.623, 0.3997, 1.964, 3.838, 5.746, 7.34, 8.41, 8.875, 8.87, 8.47, 7.875, 7.14, 6.266, 5.234, 4.016, 2.658, 1.384, 0.29, -0.545, -1.063, -1.207, -1.013, -0.6353, -0.1584, 0.3145, 0.684, 0.8535, 0.772, 0.4094, -0.267, -1.193, -2.307, -3.555, -4.797, -5.836, -6.586, -6.89, -6.754, -6.14, -5.09, -3.697, -2.115, -0.5093, 0.9688, 2.143, 2.918, 3.29, 3.275, 2.932, 2.389, 1.73, 0.928, -0.04453, -1.244, -2.742, -4.566, -6.695, -8.92, -11.22, -13.45, -15.53, -17.42, -19.06, -20.47, -21.62, -22.61, -23.38, -24.1, -24.72, -25.36, -25.92, -26.53, -26.95, -26.9, -25.95, -23.7, -20.1, -15.42, -9.91, -4.105, 1.397, 6.355, 10.234, 13.11, 14.99, 16.17, 16.81, 17.23, 17.58, 17.84, 17.92, 17.88, 17.66, 17.17, 16.5, 15.65, 14.69, 13.484, 12.23, 10.94, 9.68, 8.484, 7.31, 6.184, 5.176, 4.188, 3.22, 2.195, 1.071, -0.2327, -1.809, -3.66, -5.766, -8.16, -10.76, -13.516, -16.28, -19.06, -21.62, -23.83, -25.62, -26.95, -27.77, -28.0, -28.05, -27.66, -26.94, -25.88, -24.4, -22.58, -20.4, -17.92, -15.1, -12.03, -8.73, -5.344, -1.867, 1.691, 5.188, 8.56, 11.76, 14.74, 17.38, 19.69, 21.66, 23.19, 24.36, 25.14, 25.61, 25.62, 25.22, 24.27, 22.5, 20.0, 16.88, 13.305, 9.414, 5.152, 0.5347, -4.344, -9.21, -13.625, -17.36, -20.06, -21.78, -22.34, -21.94, -20.5, -18.19, -15.234, -11.86, -8.19, -4.51, -1.185, 1.46, 3.246, 3.895, 3.389, 1.868, -0.4695, -3.424, -6.676, -9.86, -12.81, -15.195, -16.86, -17.58, -17.34, -16.22, -14.305, -11.71
-9.61, -6.156, -3.275, -1.332, -0.3977, -0.2815, -0.587, -0.9604, -1.07, -0.691, 0.2467, 1.69, 3.434, 5.25, 6.805, 7.875, 8.39, 8.5, 8.26, 7.812, 7.22, 6.516, 5.63, 4.51, 3.207, 1.877, 0.6685, -0.3337, -1.043, -1.381, -1.356, -1.1045, -0.736, -0.34, 0.0001812, 0.1787, 0.11707, -0.217, -0.8555, -1.737, -2.8, -3.994, -5.16, -6.137, -6.79, -7.01, -6.797, -6.094, -4.996, -3.63, -2.1, -0.6035, 0.732, 1.798, 2.486, 2.783, 2.768, 2.492, 2.041, 1.501, 0.8213, -0.03763, -1.171, -2.633, -4.47, -6.605, -8.88, -11.24, -13.62, -15.83, -17.86, -19.72, -21.31, -22.62, -23.7, -24.62, -25.28, -25.94, -26.44, -26.81, -27.19, -27.28, -26.81, -25.34, -22.55, -18.45, -13.31, -7.53, -1.661, 3.748, 8.445, 12.125, 14.78, 16.48, 17.62, 18.34, 18.89, 19.33, 19.58, 19.55, 19.36, 18.81, 18.12, 17.23, 16.11, 14.95, 13.695, 12.34, 11.02, 9.76, 8.53, 7.363, 6.24, 5.266, 4.35, 3.463, 2.54, 1.525, 0.3557, -1.062, -2.717, -4.688, -6.97, -9.41, -12.055, -14.77, -17.47, -20.02, -22.27, -24.16, -25.48, -26.34, -26.75, -26.8, -26.47, -25.95, -25.03, -23.83, -22.31, -20.4, -18.27, -15.71, -12.89, -9.87, -6.758, -3.475, -0.1038, 3.217, 6.535, 9.734, 12.68, 15.42, 17.88, 20.06, 21.89, 23.39, 24.5, 25.16, 25.38, 25.08, 24.17, 22.48, 20.05, 16.9, 13.38, 9.51, 5.207, 0.5967, -4.34, -9.234, -13.67, -17.2, -19.83, -21.4, -21.8, -21.19, -19.62, -17.19, -14.13, -10.72, -7.113, -3.672, -0.683, 1.622, 2.904, 3.062, 2.13, 0.2379, -2.473, -5.707, -9.15, -12.586, -15.625, -18.0, -19.55, -20.05, -19.56, -18.08, -15.86, -12.94
-10.45, -6.777, -3.707, -1.657, -0.618, -0.4143, -0.6665, -1.016, -1.1, -0.7593, 0.06964, 1.415, 3.04, 4.723, 6.207, 7.27, 7.832, 8.016, 7.88, 7.586, 7.195, 6.67, 5.918, 4.93, 3.703, 2.371, 1.083, -0.0501, -0.933, -1.474, -1.662, -1.56, -1.3, -0.983, -0.6865, -0.5493, -0.623, -0.926, -1.494, -2.312, -3.316, -4.445, -5.535, -6.41, -6.93, -7.06, -6.75, -5.99, -4.883, -3.553, -2.098, -0.7217, 0.4912, 1.436, 2.021, 2.262, 2.254, 2.04, 1.684, 1.239, 0.6807, -0.062, -1.123, -2.547, -4.38, -6.504, -8.83, -11.29, -13.73, -16.06, -18.23, -20.19, -21.94, -23.48, -24.67, -25.62, -26.36, -26.9, -27.33, -27.58, -27.72, -27.42, -26.53, -24.5, -21.16, -16.58, -11.08, -5.02, 0.8154, 6.12, 10.57, 14.0, 16.4, 18.06, 19.23, 20.1, 20.77, 21.16, 21.28, 21.11, 20.61, 19.86, 18.88, 17.73, 16.44, 15.125, 13.75, 12.39, 11.03, 9.76, 8.56, 7.406, 6.348, 5.39, 4.496, 3.664, 2.816, 1.924, 0.8945, -0.359, -1.846, -3.656, -5.777, -8.03, -10.53, -13.15, -15.82, -18.4, -20.72, -22.47, -23.9, -24.83, -25.23, -25.28, -25.14, -24.73, -23.98, -23.06, -21.81, -20.25, -18.34, -16.05, -13.52, -10.81, -7.957, -4.934, -1.8125, 1.314, 4.46, 7.477, 10.41, 13.164, 15.75, 18.05, 20.0, 21.73, 22.98, 23.92, 24.31, 24.19, 23.31, 21.7, 19.39, 16.42, 13.016, 9.305, 5.176, 0.5615, -4.32, -9.11, -13.375, -16.8, -19.27, -20.7, -21.02, -20.19, -18.47, -15.94, -12.77, -9.35, -5.86, -2.625, 0.096, 1.952, 2.715, 2.443, 1.089, -1.263, -4.41, -8.086, -11.984, -15.71, -18.88, -21.16, -22.53, -22.72, -21.88, -20.06, -17.45, -14.13
-11.22, -7.336, -4.09, -1.913, -0.8164, -0.5947, -0.8047, -1.109, -1.163, -0.821, -0.06305, 1.154, 2.648, 4.19, 5.594, 6.598, 7.19, 7.426, 7.426, 7.28, 7.08, 6.71, 6.12, 5.25, 4.137, 2.828, 1.497, 0.2467, -0.785, -1.512, -1.897, -1.975, -1.86, -1.632, -1.396, -1.3, -1.381, -1.66, -2.184, -2.951, -3.875, -4.895, -5.87, -6.617, -7.03, -7.066, -6.676, -5.875, -4.77, -3.484, -2.137, -0.8936, 0.1919, 1.026, 1.527, 1.727, 1.72, 1.569, 1.313, 0.958, 0.4963, -0.1533, -1.123, -2.49, -4.258, -6.35, -8.695, -11.23, -13.72, -16.17, -18.5, -20.55, -22.5, -24.11, -25.52, -26.55, -27.31, -27.84, -28.11, -28.25, -28.05, -27.45, -25.98, -23.39, -19.56, -14.41, -8.53, -2.44, 3.355, 8.56, 12.71, 15.94, 18.25, 19.92, 21.19, 22.1, 22.8, 23.06, 23.03, 22.56, 21.75, 20.7, 19.42, 18.08, 16.66, 15.17, 13.734, 12.375, 11.02, 9.734, 8.555, 7.44, 6.46, 5.54, 4.676, 3.879, 3.123, 2.314, 1.409, 0.2766, -1.061, -2.662, -4.57, -6.715, -9.07, -11.59, -14.18, -16.67, -18.97, -20.86, -22.31, -23.23, -23.67, -23.73, -23.62, -23.3, -22.81, -22.1, -21.05, -19.73, -18.14, -16.16, -13.89, -11.484, -8.96, -6.242, -3.436, -0.573, 2.281, 5.125, 7.918, 10.664, 13.22, 15.51, 17.58, 19.44, 20.94, 21.95, 22.42, 22.39, 21.7, 20.23, 18.11, 15.4, 12.33, 8.86, 4.97, 0.5176, -4.363, -8.92, -12.945, -16.12, -18.44, -19.73, -19.86, -18.95, -17.02, -14.375, -11.19, -7.75, -4.33, -1.304, 1.071, 2.484, 2.83, 2.092, 0.1516, -2.79, -6.543, -10.88, -15.32, -19.38, -22.6, -24.77, -25.75, -25.53, -24.17, -21.92, -18.89, -15.21
-11.82, -7.723, -4.375, -2.137, -1.04, -0.7896, -0.9556, -1.2295, -1.269, -0.9272, -0.202, 0.9116, 2.281, 3.69, 4.984, 5.938, 6.523, 6.836, 6.938, 6.92, 6.848, 6.64, 6.246, 5.56, 4.543, 3.305, 1.938, 0.606, -0.56, -1.445, -2.006, -2.275, -2.334, -2.238, -2.096, -2.041, -2.12, -2.377, -2.875, -3.578, -4.406, -5.297, -6.16, -6.797, -7.11, -7.06, -6.605, -5.793, -4.707, -3.459, -2.246, -1.127, -0.1708, 0.557, 0.9927, 1.167, 1.192, 1.093, 0.888, 0.63, 0.2905, -0.2488, -1.132, -2.432, -4.11, -6.125, -8.53, -11.09, -13.62, -16.16, -18.56, -20.78, -22.86, -24.66, -26.12, -27.23, -28.02, -28.45, -28.7, -28.62, -28.23, -27.17, -25.19, -21.98, -17.6, -12.016, -5.92, 0.3252, 6.11, 11.01, 14.9, 17.95, 20.2, 21.9, 23.22, 24.2, 24.77, 24.92, 24.55, 23.73, 22.67, 21.33, 19.83, 18.28, 16.75, 15.26, 13.76, 12.36, 11.04, 9.805, 8.63, 7.51, 6.57, 5.69, 4.824, 4.08, 3.389, 2.682, 1.905, 0.9224, -0.2695, -1.715, -3.434, -5.41, -7.63, -10.055, -12.52, -15.03, -17.28, -19.2, -20.62, -21.61, -22.08, -22.2, -22.05, -21.81, -21.42, -20.88, -20.06, -18.97, -17.6, -15.945, -14.04, -11.89, -9.64, -7.29, -4.887, -2.344, 0.2102, 2.775, 5.363, 7.86, 10.31, 12.6, 14.69, 16.53, 18.1, 19.22, 19.81, 19.94, 19.36, 18.14, 16.31, 14.03, 11.34, 8.23, 4.53, 0.2737, -4.277, -8.555, -12.24, -15.25, -17.38, -18.53, -18.53, -17.45, -15.39, -12.664, -9.375, -5.98, -2.668, 0.1578, 2.207, 3.28, 3.227, 1.896, -0.7407, -4.49, -9.12, -14.25, -19.17, -23.44, -26.56, -28.42, -28.86, -28.11, -26.23, -23.44, -19.97, -15.99
-12.18, -7.996, -4.637, -2.38, -1.284, -1.037, -1.205, -1.406, -1.379, -1.033, -0.333, 0.701, 1.955, 3.262, 4.402, 5.27, 5.836, 6.184, 6.363, 6.453, 6.5, 6.48, 6.285, 5.777, 4.89, 3.693, 2.332, 0.961, -0.2988, -1.313, -2.035, -2.486, -2.713, -2.766, -2.744, -2.758, -2.867, -3.12, -3.566, -4.203, -4.93, -5.703, -6.41, -6.934, -7.137, -7.004, -6.508, -5.703, -4.64, -3.482, -2.396, -1.406, -0.5786, 0.03302, 0.4165, 0.5884, 0.63, 0.5723, 0.4507, 0.3123, 0.0816, -0.37, -1.175, -2.393, -4.0, -5.99, -8.336, -10.914, -13.49, -16.02, -18.5, -20.86, -23.1, -25.03, -26.55, -27.81, -28.66, -29.1, -29.22, -28.9, -28.17, -26.69, -24.11, -20.33, -15.34, -9.42, -3.127, 3.158, 8.836, 13.47, 17.19, 20.06, 22.28, 24.05, 25.36, 26.31, 26.69, 26.58, 25.84, 24.84, 23.4, 21.83, 20.23, 18.56, 16.88, 15.32, 13.85, 12.45, 11.15, 9.914, 8.766, 7.69, 6.734, 5.87, 5.043, 4.31, 3.66, 3.006, 2.307, 1.453, 0.4084, -0.847, -2.393, -4.21, -6.277, -8.49, -10.85, -13.26, -15.53, -17.44, -18.95, -19.95, -20.47, -20.56, -20.47, -20.19, -19.8, -19.36, -18.67, -17.75, -16.64, -15.2, -13.56, -11.75, -9.875, -7.91, -5.887, -3.754, -1.582, 0.598, 2.842, 5.07, 7.277, 9.41, 11.44, 13.21, 14.79, 15.945, 16.67, 16.9, 16.56, 15.734, 14.36, 12.51, 10.22, 7.434, 4.004, -0.0393, -4.27, -8.19, -11.49, -14.2, -16.11, -17.14, -17.03, -15.83, -13.664, -10.79, -7.496, -4.094, -0.875, 1.751, 3.54, 4.27, 3.729, 1.723, -1.759, -6.56, -12.12, -17.83, -23.14, -27.34, -30.27, -31.56, -31.5, -30.1, -27.75, -24.56, -20.73, -16.47
-12.2, -8.06, -4.74, -2.592, -1.558, -1.345, -1.52, -1.664, -1.553, -1.142, -0.4204, 0.5723, 1.694, 2.848, 3.863, 4.637, 5.168, 5.527, 5.75, 5.918, 6.094, 6.242, 6.21, 5.875, 5.145, 4.04, 2.709, 1.323, -0.00989, -1.148, -2.025, -2.648, -3.031, -3.223, -3.328, -3.416, -3.562, -3.81, -4.215, -4.766, -5.418, -6.066, -6.633, -7.02, -7.13, -6.918, -6.4, -5.61, -4.633, -3.59, -2.617, -1.756, -1.043, -0.536, -0.2311, -0.0922, -0.02893, -0.003626, -0.02542, -0.08594, -0.2428, -0.608, -1.312, -2.42, -3.947, -5.863, -8.13, -10.66, -13.27, -15.875, -18.44, -20.88, -23.19, -25.2, -26.95, -28.27, -29.12, -29.56, -29.47, -29.0, -27.88, -25.86, -22.77, -18.3, -12.79, -6.555, -0.0896, 6.047, 11.46, 15.88, 19.48, 22.19, 24.53, 26.3, 27.58, 28.33, 28.4, 28.05, 27.03, 25.77, 24.23, 22.47, 20.75, 18.98, 17.25, 15.58, 14.04, 12.625, 11.32, 10.07, 8.945, 7.88, 6.91, 6.066, 5.277, 4.547, 3.938, 3.354, 2.73, 1.979, 1.078, -0.03345, -1.402, -3.045, -4.92, -7.04, -9.25, -11.57, -13.77, -15.695, -17.25, -18.33, -18.9, -19.0, -18.83, -18.5, -18.05, -17.48, -16.81, -15.984, -14.91, -13.59, -12.21, -10.734, -9.234, -7.7, -6.11, -4.48, -2.807, -1.101, 0.7173, 2.574, 4.434, 6.32, 8.17, 9.82, 11.33, 12.516, 13.414, 13.805, 13.76, 13.3, 12.35, 10.93, 9.03, 6.535, 3.318, -0.4158, -4.242, -7.7, -10.62, -12.99, -14.73, -15.61, -15.42, -14.086, -11.87, -8.9, -5.54, -2.096, 0.9854, 3.477, 5.08, 5.457, 4.305, 1.453, -2.994, -8.68, -14.96, -21.11, -26.38, -30.42, -32.9, -33.72, -33.06, -31.22, -28.36, -24.94, -20.88, -16.5
-11.81, -7.906, -4.785, -2.775, -1.853, -1.704, -1.884, -1.968, -1.762, -1.255, -0.482, 0.4712, 1.503, 2.492, 3.34, 3.992, 4.477, 4.812, 5.066, 5.33, 5.652, 5.938, 6.07, 5.926, 5.316, 4.32, 3.047, 1.665, 0.293, -0.928, -1.931, -2.695, -3.234, -3.574, -3.799, -3.969, -4.168, -4.43, -4.797, -5.277, -5.84, -6.37, -6.836, -7.113, -7.13, -6.855, -6.324, -5.58, -4.67, -3.742, -2.902, -2.162, -1.571, -1.157, -0.908, -0.785, -0.709, -0.626, -0.584, -0.5815, -0.6606, -0.928, -1.516, -2.502, -3.91, -5.73, -7.914, -10.37, -12.99, -15.62, -18.17, -20.73, -23.14, -25.31, -27.17, -28.55, -29.47, -29.81, -29.62, -28.88, -27.31, -24.84, -21.06, -16.19, -10.26, -3.686, 2.816, 8.87, 14.1, 18.31, 21.77, 24.5, 26.81, 28.52, 29.62, 30.22, 30.05, 29.31, 28.19, 26.78, 25.12, 23.31, 21.47, 19.58, 17.73, 16.05, 14.516, 13.016, 11.625, 10.34, 9.21, 8.164, 7.164, 6.277, 5.54, 4.82, 4.22, 3.676, 3.121, 2.473, 1.693, 0.73, -0.4663, -1.933, -3.635, -5.605, -7.703, -9.84, -12.03, -13.96, -15.57, -16.72, -17.39, -17.56, -17.31, -16.81, -16.17, -15.49, -14.664, -13.695, -12.58, -11.31, -10.03, -8.79, -7.56, -6.406, -5.324, -4.215, -3.09, -1.919, -0.617, 0.772, 2.246, 3.775, 5.34, 6.844, 8.23, 9.445, 10.37, 10.914, 11.164, 10.98, 10.43, 9.336, 7.727, 5.492, 2.566, -0.8296, -4.21, -7.24, -9.72, -11.74, -13.3, -14.07, -13.82, -12.414, -10.07, -7.0, -3.521, -0.0971, 3.016, 5.42, 6.81, 6.77, 4.87, 1.099, -4.277, -10.625, -17.19, -23.28, -28.39, -32.06, -34.0, -34.47, -33.3, -31.14, -28.11, -24.4, -20.31, -16.03
-11.1, -7.543, -4.734, -2.986, -2.22, -2.129, -2.273, -2.29, -2.006, -1.402, -0.56, 0.3748, 1.318, 2.152, 2.824, 3.326, 3.697, 3.97, 4.273, 4.62, 5.06, 5.492, 5.816, 5.84, 5.406, 4.543, 3.354, 1.986, 0.5757, -0.7275, -1.817, -2.686, -3.32, -3.795, -4.145, -4.402, -4.668, -4.953, -5.297, -5.72, -6.184, -6.633, -7.0, -7.195, -7.12, -6.79, -6.29, -5.6, -4.77, -3.945, -3.236, -2.605, -2.105, -1.76, -1.565, -1.488, -1.436, -1.349, -1.24, -1.17, -1.178, -1.37, -1.816, -2.627, -3.883, -5.59, -7.668, -10.03, -12.65, -15.3, -17.94, -20.56, -23.03, -25.3, -27.25, -28.8, -29.75, -30.0, -29.64, -28.48, -26.53, -23.42, -19.12, -13.71, -7.32, -0.647, 5.824, 11.74, 16.67, 20.73, 24.14, 26.88, 29.1, 30.73, 31.64, 31.9, 31.52, 30.62, 29.42, 27.92, 26.14, 24.33, 22.36, 20.48, 18.58, 16.69, 15.05, 13.54, 12.13, 10.81, 9.625, 8.555, 7.547, 6.61, 5.812, 5.086, 4.473, 3.943, 3.463, 2.904, 2.229, 1.393, 0.379, -0.8936, -2.438, -4.215, -6.195, -8.234, -10.32, -12.28, -13.9, -15.18, -15.914, -16.17, -15.92, -15.305, -14.48, -13.49, -12.38, -11.16, -9.85, -8.555, -7.29, -6.18, -5.246, -4.47, -3.8, -3.203, -2.62, -1.976, -1.15, -0.2238, 0.856, 2.02, 3.281, 4.56, 5.79, 6.88, 7.773, 8.44, 8.86, 8.91, 8.586, 7.7, 6.332, 4.332, 1.648, -1.366, -4.316, -6.86, -8.88, -10.59, -11.92, -12.56, -12.23, -10.78, -8.305, -5.1, -1.535, 2.041, 5.223, 7.598, 8.76, 8.15, 5.496, 0.871, -5.168, -11.78, -18.3, -24.17, -28.77, -31.97, -33.53, -33.44, -32.1, -29.75, -26.69, -23.06, -19.11, -15.02
-10.1, -7.03, -4.684, -3.26, -2.691, -2.676, -2.783, -2.678, -2.244, -1.52, -0.6475, 0.2428, 1.087, 1.7705, 2.273, 2.625, 2.883, 3.092, 3.42, 3.838, 4.4, 4.957, 5.434, 5.645, 5.4, 4.695, 3.613, 2.266, 0.833, -0.517, -1.672, -2.64, -3.38, -3.941, -4.387, -4.723, -5.04, -5.344, -5.68, -6.047, -6.44, -6.797, -7.074, -7.184, -7.08, -6.74, -6.25, -5.62, -4.895, -4.19, -3.562, -3.05, -2.666, -2.422, -2.303, -2.273, -2.246, -2.166, -2.06, -1.956, -1.905, -2.012, -2.342, -2.986, -4.004, -5.5, -7.418, -9.69, -12.234, -14.94, -17.66, -20.25, -22.88, -25.25, -27.38, -28.94, -29.9, -30.05, -29.39, -27.89, -25.45, -21.84, -16.97, -11.06, -4.367, 2.43, 8.82, 14.47, 19.23, 23.22, 26.5, 29.19, 31.36, 32.75, 33.4, 33.44, 32.94, 31.94, 30.64, 29.17, 27.39, 25.56, 23.5, 21.47, 19.56, 17.62, 15.8, 14.164, 12.68, 11.3, 10.06, 8.984, 7.934, 6.977, 6.137, 5.434, 4.797, 4.242, 3.754, 3.244, 2.695, 2.018, 1.129, 0.03247, -1.346, -2.951, -4.785, -6.69, -8.66, -10.586, -12.25, -13.625, -14.445, -14.82, -14.69, -14.04, -13.08, -11.83, -10.36, -8.91, -7.387, -5.965, -4.73, -3.703, -2.955, -2.455, -2.172, -2.033, -1.886, -1.642, -1.213, -0.726, -0.04102, 0.803, 1.787, 2.818, 3.857, 4.793, 5.637, 6.32, 6.773, 6.918, 6.68, 5.95, 4.74, 2.936, 0.52, -2.08, -4.516, -6.555, -8.18, -9.56, -10.625, -11.12, -10.66, -9.125, -6.582, -3.229, 0.52, 4.25, 7.527, 9.875, 10.734, 9.6, 6.28, 1.054, -5.312, -11.89, -18.08, -23.39, -27.52, -30.17, -31.3, -30.98, -29.45, -27.12, -24.23, -20.83, -17.2, -13.555
-8.98, -6.508, -4.65, -3.58, -3.236, -3.271, -3.291, -3.037, -2.445, -1.638, -0.736, 0.1348, 0.837, 1.321, 1.671, 1.891, 2.03, 2.201, 2.502, 2.998, 3.633, 4.332, 4.95, 5.34, 5.28, 4.734, 3.764, 2.492, 1.096, -0.27, -1.509, -2.57, -3.402, -4.066, -4.555, -4.953, -5.31, -5.6, -5.91, -6.242, -6.586, -6.895, -7.105, -7.18, -7.05, -6.723, -6.23, -5.652, -5.023, -4.42, -3.906, -3.506, -3.271, -3.154, -3.078, -3.078, -3.105, -3.059, -3.002, -2.941, -2.861, -2.848, -3.035, -3.508, -4.29, -5.527, -7.21, -9.375, -11.85, -14.51, -17.27, -19.98, -22.7, -25.11, -27.28, -28.92, -29.86, -29.9, -29.05, -27.14, -24.16, -19.95, -14.6, -8.27, -1.392, 5.414, 11.71, 17.17, 21.7, 25.66, 28.84, 31.53, 33.4, 34.53, 35.03, 34.9, 34.28, 33.38, 31.94, 30.45, 28.7, 26.77, 24.75, 22.62, 20.61, 18.66, 16.77, 14.98, 13.41, 11.9, 10.58, 9.44, 8.35, 7.33, 6.465, 5.727, 5.1, 4.566, 4.086, 3.627, 3.13, 2.564, 1.829, 0.891, -0.3145, -1.778, -3.432, -5.24, -7.094, -8.98, -10.664, -12.08, -13.08, -13.64, -13.64, -13.12, -12.12, -10.73, -9.125, -7.445, -5.746, -4.19, -2.893, -1.925, -1.325, -1.034, -1.034, -1.215, -1.386, -1.443, -1.372, -1.13, -0.7354, -0.1428, 0.5703, 1.376, 2.164, 2.938, 3.66, 4.28, 4.67, 4.81, 4.605, 3.984, 2.902, 1.292, -0.7227, -2.844, -4.734, -6.258, -7.574, -8.695, -9.56, -9.92, -9.39, -7.746, -5.06, -1.51, 2.463, 6.46, 9.93, 12.33, 12.85, 11.1, 7.184, 1.744, -4.535, -10.875, -16.64, -21.34, -24.86, -27.03, -27.84, -27.36, -25.83, -23.62, -20.98, -17.97, -14.84, -11.71
-7.73, -5.93, -4.63, -3.94, -3.812, -3.87, -3.785, -3.395, -2.66, -1.757, -0.825, 0.00624, 0.545, 0.837, 0.997, 1.059, 1.077, 1.204, 1.484, 2.031, 2.732, 3.57, 4.363, 4.938, 5.047, 4.676, 3.85, 2.678, 1.332, -0.06335, -1.364, -2.498, -3.434, -4.18, -4.742, -5.168, -5.52, -5.81, -6.086, -6.367, -6.67, -6.938, -7.113, -7.145, -7.027, -6.703, -6.25, -5.72, -5.164, -4.69, -4.29, -3.99, -3.834, -3.799, -3.816, -3.88, -4.008, -4.066, -4.117, -4.145, -4.066, -3.963, -3.97, -4.227, -4.773, -5.73, -7.117, -9.086, -11.43, -14.055, -16.89, -19.66, -22.38, -24.83, -27.1, -28.86, -29.73, -29.53, -28.38, -26.05, -22.64, -17.92, -12.07, -5.39, 1.51, 8.3, 14.42, 19.67, 24.12, 27.9, 31.03, 33.44, 35.22, 36.12, 36.38, 36.12, 35.47, 34.34, 33.1, 31.66, 29.89, 28.0, 25.97, 23.89, 21.77, 19.66, 17.72, 15.89, 14.19, 12.625, 11.18, 9.93, 8.81, 7.76, 6.844, 6.05, 5.363, 4.85, 4.395, 4.01, 3.58, 3.057, 2.432, 1.603, 0.5654, -0.708, -2.205, -3.896, -5.617, -7.387, -9.09, -10.57, -11.76, -12.484, -12.71, -12.414, -11.57, -10.266, -8.695, -6.973, -5.18, -3.594, -2.271, -1.336, -0.787, -0.6396, -0.753, -1.056, -1.379, -1.608, -1.745, -1.683, -1.473, -1.11, -0.6475, -0.10626, 0.4333, 0.9966, 1.512, 1.979, 2.3, 2.418, 2.256, 1.791, 0.904, -0.407, -1.981, -3.61, -5.01, -6.133, -7.15, -8.14, -8.82, -8.94, -8.266, -6.51, -3.63, 0.1395, 4.414, 8.695, 12.39, 14.68, 14.97, 12.805, 8.625, 3.088, -2.994, -8.96, -14.15, -18.31, -21.27, -22.95, -23.45, -22.83, -21.52, -19.47, -17.12, -14.64, -12.16, -9.78
-6.535, -5.445, -4.73, -4.402, -4.383, -4.406, -4.22, -3.703, -2.846, -1.865, -0.9385, -0.1936, 0.1888, 0.299, 0.2498, 0.1355, 0.05472, 0.1324, 0.405, 0.949, 1.721, 2.676, 3.635, 4.383, 4.69, 4.52, 3.87, 2.82, 1.527, 0.11694, -1.245, -2.486, -3.54, -4.37, -4.99, -5.438, -5.76, -6.023, -6.26, -6.496, -6.74, -6.97, -7.11, -7.1, -6.98, -6.715, -6.293, -5.81, -5.312, -4.918, -4.6, -4.367, -4.293, -4.355, -4.516, -4.754, -5.055, -5.293, -5.47, -5.57, -5.547, -5.402, -5.297, -5.31, -5.54, -6.15, -7.23, -8.87, -11.016, -13.6, -16.45, -19.3, -22.08, -24.73, -26.97, -28.64, -29.33, -28.98, -27.48, -24.73, -20.84, -15.63, -9.36, -2.453, 4.562, 11.19, 17.08, 22.08, 26.44, 30.16, 33.12, 35.3, 36.94, 37.62, 37.56, 37.25, 36.4, 35.3, 33.94, 32.47, 30.77, 28.95, 27.0, 24.97, 22.86, 20.73, 18.75, 16.84, 15.03, 13.36, 11.82, 10.47, 9.25, 8.16, 7.207, 6.42, 5.73, 5.137, 4.695, 4.336, 3.957, 3.52, 3.004, 2.285, 1.359, 0.2112, -1.131, -2.64, -4.285, -5.98, -7.65, -9.17, -10.46, -11.37, -11.85, -11.81, -11.31, -10.27, -8.9, -7.28, -5.613, -4.098, -2.773, -1.828, -1.302, -1.146, -1.246, -1.548, -1.905, -2.191, -2.38, -2.436, -2.385, -2.268, -2.086, -1.858, -1.605, -1.318, -0.99, -0.6787, -0.4158, -0.2412, -0.318, -0.583, -1.198, -2.162, -3.256, -4.332, -5.25, -6.08, -6.926, -7.77, -8.305, -8.25, -7.4, -5.41, -2.28, 1.811, 6.484, 11.086, 14.94, 17.11, 17.11, 14.7, 10.45, 5.03, -0.7744, -6.297, -11.0, -14.57, -17.08, -18.34, -18.62, -18.02, -16.75, -15.07, -13.13, -11.19, -9.39, -7.81
-5.5, -5.1, -4.89, -4.816, -4.91, -4.91, -4.574, -3.918, -3.012, -1.986, -1.114, -0.5063, -0.271, -0.3142, -0.5596, -0.819, -1.007, -0.989, -0.7495, -0.2279, 0.582, 1.611, 2.72, 3.627, 4.145, 4.207, 3.762, 2.867, 1.658, 0.2421, -1.192, -2.541, -3.717, -4.652, -5.32, -5.793, -6.11, -6.344, -6.535, -6.7, -6.844, -6.996, -7.086, -7.062, -6.94, -6.676, -6.254, -5.805, -5.375, -5.004, -4.75, -4.613, -4.63, -4.82, -5.17, -5.637, -6.164, -6.637, -7.02, -7.273, -7.316, -7.18, -6.973, -6.742, -6.63, -6.81, -7.5, -8.75, -10.72, -13.17, -15.95, -18.8, -21.61, -24.36, -26.64, -28.23, -28.86, -28.22, -26.36, -23.19, -18.77, -13.18, -6.59, 0.505, 7.43, 13.914, 19.55, 24.48, 28.62, 32.16, 35.0, 36.97, 38.28, 38.66, 38.56, 37.94, 36.9, 35.88, 34.47, 33.0, 31.31, 29.66, 27.8, 25.88, 23.88, 21.81, 19.77, 17.75, 15.9, 14.15, 12.53, 11.08, 9.8, 8.625, 7.613, 6.734, 6.04, 5.445, 4.98, 4.6, 4.27, 3.916, 3.49, 2.879, 2.092, 1.088, -0.1062, -1.464, -2.992, -4.598, -6.26, -7.797, -9.13, -10.21, -10.914, -11.234, -11.08, -10.42, -9.375, -8.055, -6.64, -5.234, -3.98, -3.047, -2.488, -2.223, -2.232, -2.44, -2.717, -2.969, -3.225, -3.412, -3.59, -3.758, -3.914, -4.02, -4.07, -4.02, -3.852, -3.604, -3.344, -3.111, -2.988, -3.012, -3.295, -3.762, -4.27, -4.754, -5.29, -5.938, -6.773, -7.645, -8.14, -7.938, -6.79, -4.49, -1.007, 3.467, 8.516, 13.48, 17.44, 19.53, 19.23, 16.83, 12.67, 7.535, 1.927, -3.266, -7.54, -10.67, -12.73, -13.75, -13.84, -13.26, -12.164, -10.77, -9.266, -7.914, -6.83, -6.06
-4.61, -4.8, -4.953, -5.125, -5.33, -5.31, -4.88, -4.066, -3.082, -2.076, -1.315, -0.8604, -0.772, -0.9653, -1.402, -1.842, -2.152, -2.2, -2.031, -1.492, -0.6694, 0.3967, 1.613, 2.682, 3.426, 3.736, 3.535, 2.846, 1.73, 0.317, -1.208, -2.674, -3.967, -5.016, -5.785, -6.312, -6.652, -6.848, -6.94, -7.01, -7.055, -7.07, -7.1, -7.023, -6.887, -6.594, -6.207, -5.746, -5.324, -4.938, -4.715, -4.645, -4.77, -5.137, -5.723, -6.457, -7.305, -8.13, -8.836, -9.34, -9.555, -9.44, -9.09, -8.54, -8.03, -7.73, -7.97, -8.805, -10.47, -12.76, -15.45, -18.28, -21.2, -23.88, -26.22, -27.73, -28.17, -27.3, -25.06, -21.47, -16.58, -10.516, -3.766, 3.312, 10.08, 16.42, 21.89, 26.61, 30.67, 34.0, 36.56, 38.34, 39.3, 39.47, 39.12, 38.2, 37.2, 35.8, 34.38, 33.0, 31.52, 29.98, 28.36, 26.62, 24.75, 22.75, 20.77, 18.77, 16.8, 15.01, 13.28, 11.74, 10.38, 9.16, 8.08, 7.137, 6.406, 5.797, 5.28, 4.863, 4.547, 4.24, 3.908, 3.404, 2.734, 1.912, 0.873, -0.3743, -1.771, -3.291, -4.895, -6.42, -7.844, -9.086, -10.01, -10.586, -10.7, -10.42, -9.75, -8.82, -7.72, -6.535, -5.42, -4.535, -3.92, -3.54, -3.393, -3.438, -3.596, -3.807, -4.14, -4.53, -4.973, -5.5, -6.027, -6.53, -6.88, -7.06, -7.03, -6.84, -6.45, -6.066, -5.64, -5.293, -5.117, -5.0, -4.85, -4.816, -5.105, -5.742, -6.68, -7.66, -8.18, -7.805, -6.344, -3.715, 0.1891, 5.105, 10.58, 15.84, 19.88, 21.89, 21.44, 19.06, 15.13, 10.266, 5.0, 0.04105, -3.934, -6.82, -8.57, -9.42, -9.45, -8.91, -7.984, -6.902, -5.887, -5.1, -4.645, -4.52
-3.787, -4.35, -4.816, -5.223, -5.535, -5.52, -5.055, -4.188, -3.158, -2.191, -1.497, -1.189, -1.288, -1.678, -2.25, -2.822, -3.25, -3.44, -3.34, -2.879, -2.088, -0.9844, 0.2786, 1.507, 2.492, 3.09, 3.156, 2.662, 1.709, 0.3687, -1.205, -2.793, -4.26, -5.47, -6.39, -7.016, -7.36, -7.5, -7.523, -7.46, -7.37, -7.277, -7.18, -7.04, -6.832, -6.504, -6.066, -5.555, -5.055, -4.617, -4.383, -4.367, -4.65, -5.254, -6.19, -7.332, -8.69, -10.016, -11.13, -11.92, -12.32, -12.234, -11.73, -10.85, -9.875, -9.08, -8.734, -9.086, -10.29, -12.37, -14.914, -17.7, -20.64, -23.38, -25.62, -27.06, -27.23, -26.14, -23.48, -19.53, -14.31, -7.938, -1.083, 6.03, 12.67, 18.78, 24.0, 28.56, 32.34, 35.6, 37.9, 39.34, 40.0, 39.9, 39.2, 38.16, 36.8, 35.4, 33.78, 32.4, 31.14, 29.78, 28.53, 27.1, 25.47, 23.67, 21.67, 19.67, 17.7, 15.84, 14.02, 12.44, 10.98, 9.69, 8.53, 7.547, 6.754, 6.137, 5.59, 5.12, 4.777, 4.52, 4.25, 3.826, 3.291, 2.602, 1.709, 0.566, -0.708, -2.125, -3.652, -5.15, -6.62, -7.945, -9.05, -9.805, -10.234, -10.28, -9.97, -9.37, -8.555, -7.574, -6.64, -5.773, -5.152, -4.71, -4.395, -4.324, -4.375, -4.6, -5.03, -5.637, -6.438, -7.402, -8.37, -9.234, -9.9, -10.28, -10.35, -10.08, -9.516, -8.82, -8.0, -7.19, -6.383, -5.555, -4.797, -4.336, -4.473, -5.215, -6.38, -7.566, -8.164, -7.78, -6.086, -3.004, 1.364, 6.703, 12.6, 18.14, 22.27, 24.06, 23.55, 21.23, 17.69, 13.125, 8.15, 3.355, -0.4731, -3.205, -4.918, -5.68, -5.742, -5.27, -4.48, -3.709, -3.117, -2.807, -2.88, -3.254
-3.006, -3.836, -4.562, -5.203, -5.598, -5.605, -5.137, -4.25, -3.2, -2.258, -1.659, -1.495, -1.737, -2.3, -2.977, -3.674, -4.258, -4.62, -4.69, -4.41, -3.701, -2.623, -1.298, 0.0748, 1.326, 2.201, 2.596, 2.371, 1.622, 0.3806, -1.213, -2.91, -4.566, -5.97, -7.06, -7.82, -8.195, -8.32, -8.23, -8.05, -7.816, -7.59, -7.34, -7.062, -6.7, -6.285, -5.723, -5.086, -4.453, -3.96, -3.713, -3.799, -4.3, -5.27, -6.688, -8.39, -10.27, -12.164, -13.766, -14.98, -15.62, -15.56, -14.85, -13.61, -12.086, -10.68, -9.73, -9.51, -10.23, -11.92, -14.305, -17.08, -20.0, -22.66, -24.88, -26.19, -26.12, -24.72, -21.83, -17.48, -11.8, -5.348, 1.65, 8.64, 15.125, 20.98, 26.02, 30.38, 34.1, 37.03, 39.06, 40.3, 40.56, 40.1, 39.1, 37.66, 36.1, 34.4, 32.75, 31.38, 30.17, 29.16, 28.3, 27.19, 25.94, 24.39, 22.56, 20.67, 18.72, 16.77, 14.945, 13.25, 11.68, 10.27, 9.05, 7.99, 7.145, 6.438, 5.844, 5.38, 5.03, 4.76, 4.508, 4.164, 3.742, 3.17, 2.402, 1.446, 0.294, -1.016, -2.45, -3.916, -5.395, -6.773, -8.0, -8.945, -9.61, -9.97, -9.91, -9.555, -8.98, -8.21, -7.42, -6.633, -5.977, -5.434, -5.08, -4.914, -4.953, -5.254, -5.844, -6.77, -8.02, -9.39, -10.72, -11.945, -12.84, -13.336, -13.336, -12.984, -12.17, -11.02, -9.76, -8.36, -6.84, -5.293, -3.947, -3.168, -3.213, -4.094, -5.582, -7.12, -8.05, -7.742, -5.81, -2.336, 2.494, 8.41, 14.68, 20.42, 24.5, 26.12, 25.62, 23.48, 20.2, 16.02, 11.24, 6.66, 2.77, -0.05548, -1.844, -2.629, -2.707, -2.4, -1.8955, -1.356, -1.126, -1.095, -1.477, -2.164
-2.365, -3.34, -4.234, -5.027, -5.52, -5.598, -5.137, -4.22, -3.143, -2.256, -1.757, -1.711, -2.05, -2.715, -3.525, -4.438, -5.246, -5.848, -6.19, -6.13, -5.55, -4.535, -3.156, -1.647, -0.1448, 1.092, 1.836, 1.977, 1.463, 0.3733, -1.195, -3.027, -4.863, -6.465, -7.734, -8.62, -9.06, -9.17, -9.03, -8.76, -8.375, -7.94, -7.496, -7.035, -6.49, -5.89, -5.125, -4.293, -3.53, -2.969, -2.729, -2.988, -3.81, -5.24, -7.164, -9.39, -11.836, -14.29, -16.48, -18.23, -19.19, -19.3, -18.45, -16.86, -14.79, -12.68, -10.96, -10.04, -10.27, -11.51, -13.61, -16.33, -19.19, -21.86, -23.95, -25.05, -24.83, -23.11, -19.83, -15.22, -9.36, -2.764, 4.25, 11.11, 17.4, 22.95, 27.89, 32.0, 35.44, 38.1, 39.88, 40.7, 40.66, 39.94, 38.56, 36.97, 34.97, 33.06, 31.31, 29.88, 28.88, 28.22, 27.7, 27.08, 26.17, 24.98, 23.42, 21.64, 19.67, 17.72, 15.84, 14.06, 12.46, 10.98, 9.63, 8.484, 7.547, 6.75, 6.11, 5.61, 5.254, 4.996, 4.766, 4.473, 4.12, 3.668, 3.023, 2.225, 1.215, 0.03934, -1.296, -2.742, -4.176, -5.605, -6.91, -8.02, -8.89, -9.42, -9.57, -9.43, -9.03, -8.46, -7.78, -7.055, -6.37, -5.79, -5.38, -5.21, -5.305, -5.715, -6.54, -7.812, -9.44, -11.16, -12.88, -14.32, -15.29, -15.8, -15.805, -15.27, -14.17, -12.62, -10.71, -8.6, -6.316, -4.1, -2.242, -1.255, -1.336, -2.465, -4.28, -6.24, -7.56, -7.43, -5.418, -1.596, 3.785, 10.12, 16.78, 22.64, 26.67, 28.12, 27.55, 25.5, 22.55, 18.78, 14.32, 9.82, 5.793, 2.756, 0.798, -0.2307, -0.5474, -0.4138, -0.1274, 0.1646, 0.1877, -0.01703, -0.5693, -1.375
-2.053, -3.043, -4.016, -4.9, -5.465, -5.547, -5.04, -4.066, -2.965, -2.084, -1.641, -1.677, -2.107, -2.854, -3.879, -5.12, -6.285, -7.24, -7.93, -8.125, -7.76, -6.812, -5.43, -3.734, -1.94, -0.3308, 0.812, 1.347, 1.198, 0.3333, -1.187, -3.11, -5.11, -6.9, -8.35, -9.36, -9.88, -10.01, -9.82, -9.44, -8.88, -8.27, -7.637, -6.88, -6.08, -5.23, -4.223, -3.166, -2.209, -1.543, -1.423, -1.981, -3.168, -5.008, -7.348, -10.1, -13.016, -15.984, -18.83, -21.27, -22.77, -23.16, -22.28, -20.38, -17.8, -14.945, -12.47, -10.734, -10.28, -11.11, -12.92, -15.43, -18.2, -20.78, -22.77, -23.81, -23.31, -21.28, -17.73, -12.89, -6.867, -0.2236, 6.605, 13.23, 19.38, 24.81, 29.34, 33.34, 36.56, 38.94, 40.44, 40.97, 40.5, 39.38, 37.7, 35.75, 33.47, 31.38, 29.47, 28.05, 27.23, 26.81, 26.69, 26.55, 26.12, 25.33, 24.11, 22.53, 20.66, 18.75, 16.81, 14.98, 13.266, 11.664, 10.234, 9.016, 7.984, 7.094, 6.44, 5.914, 5.45, 5.156, 4.94, 4.73, 4.457, 4.094, 3.568, 2.89, 2.006, 0.9624, -0.2666, -1.628, -3.027, -4.418, -5.797, -7.02, -8.04, -8.72, -9.086, -9.12, -8.84, -8.41, -7.816, -7.14, -6.41, -5.81, -5.395, -5.24, -5.395, -5.973, -7.07, -8.62, -10.51, -12.51, -14.41, -15.99, -17.05, -17.62, -17.48, -16.64, -15.14, -13.11, -10.59, -7.69, -4.676, -1.89, 0.2202, 1.195, 0.9683, -0.4082, -2.56, -4.902, -6.668, -6.81, -4.844, -0.65, 5.176, 11.95, 18.92, 24.81, 28.67, 29.97, 29.3, 27.34, 24.61, 21.19, 17.17, 12.81, 8.56, 5.26, 2.928, 1.586, 0.9575, 0.7725, 0.8696, 0.922, 0.7925, 0.376, -0.2856, -1.107
-2.217, -3.182, -4.145, -4.996, -5.49, -5.465, -4.832, -3.756, -2.611, -1.711, -1.238, -1.3, -1.809, -2.73, -4.043, -5.69, -7.344, -8.85, -10.0, -10.57, -10.43, -9.555, -8.1, -6.19, -4.07, -2.057, -0.4338, 0.5684, 0.804, 0.2015, -1.211, -3.184, -5.3, -7.242, -8.83, -9.93, -10.52, -10.664, -10.445, -9.97, -9.3, -8.49, -7.594, -6.574, -5.484, -4.293, -2.93, -1.613, -0.4546, 0.1869, 0.1506, -0.7017, -2.21, -4.344, -7.023, -10.086, -13.375, -16.95, -20.45, -23.53, -25.77, -26.64, -26.0, -23.84, -20.73, -17.22, -13.99, -11.555, -10.35, -10.58, -12.055, -14.3, -16.94, -19.47, -21.44, -22.3, -21.64, -19.38, -15.59, -10.5, -4.434, 2.148, 8.945, 15.34, 21.22, 26.38, 30.78, 34.5, 37.44, 39.56, 40.7, 40.75, 40.06, 38.62, 36.66, 34.25, 31.8, 29.53, 27.5, 26.12, 25.27, 25.05, 25.4, 25.75, 25.86, 25.52, 24.66, 23.3, 21.64, 19.75, 17.77, 15.86, 14.086, 12.46, 10.945, 9.62, 8.5, 7.49, 6.727, 6.184, 5.688, 5.348, 5.12, 4.926, 4.715, 4.445, 4.027, 3.47, 2.723, 1.83, 0.7476, -0.4993, -1.844, -3.24, -4.605, -5.89, -7.043, -7.89, -8.43, -8.6, -8.47, -8.12, -7.59, -6.918, -6.19, -5.59, -5.195, -5.04, -5.25, -5.98, -7.3, -9.055, -11.086, -13.164, -15.16, -16.77, -17.84, -18.33, -17.97, -16.8, -14.9, -12.29, -9.12, -5.57, -2.031, 0.9883, 3.1, 3.945, 3.432, 1.847, -0.5576, -3.275, -5.383, -5.844, -3.969, 0.431, 6.652, 13.875, 21.02, 26.97, 30.53, 31.72, 30.89, 28.95, 26.33, 23.23, 19.69, 15.57, 11.32, 7.566, 4.754, 2.88, 1.944, 1.484, 1.305, 1.089, 0.77, 0.1814, -0.54, -1.333
-2.94, -3.756, -4.598, -5.3, -5.637, -5.41, -4.523, -3.262, -1.988, -1.031, -0.4736, -0.5103, -1.086, -2.238, -3.924, -6.086, -8.34, -10.555, -12.31, -13.36, -13.54, -12.805, -11.234, -9.11, -6.6, -4.133, -1.942, -0.3792, 0.3066, -0.006176, -1.263, -3.182, -5.36, -7.41, -9.06, -10.21, -10.86, -11.05, -10.82, -10.28, -9.46, -8.46, -7.324, -6.035, -4.63, -3.027, -1.295, 0.3252, 1.602, 2.219, 1.988, 0.9443, -0.7905, -3.129, -6.02, -9.31, -12.97, -17.06, -21.2, -25.03, -27.97, -29.42, -29.1, -27.02, -23.53, -19.42, -15.45, -12.305, -10.445, -10.08, -11.06, -13.016, -15.44, -17.86, -19.78, -20.55, -19.72, -17.39, -13.51, -8.3, -2.234, 4.32, 11.05, 17.22, 22.88, 27.72, 31.97, 35.47, 38.03, 39.88, 40.7, 40.44, 39.38, 37.56, 35.3, 32.66, 29.95, 27.48, 25.4, 23.97, 23.28, 23.33, 23.97, 24.66, 25.33, 25.48, 25.08, 24.0, 22.58, 20.78, 18.81, 16.92, 15.03, 13.25, 11.62, 10.2, 9.04, 7.934, 7.086, 6.44, 5.887, 5.527, 5.31, 5.133, 4.95, 4.74, 4.414, 3.984, 3.375, 2.6, 1.67, 0.5493, -0.7, -2.033, -3.365, -4.68, -5.895, -6.867, -7.574, -7.895, -7.93, -7.652, -7.168, -6.5, -5.836, -5.258, -4.863, -4.7, -4.957, -5.82, -7.168, -8.92, -10.94, -12.984, -14.97, -16.52, -17.52, -17.81, -17.17, -15.71, -13.375, -10.24, -6.547, -2.533, 1.215, 4.23, 6.125, 6.637, 5.797, 3.934, 1.366, -1.515, -3.828, -4.625, -2.84, 1.694, 8.2, 15.734, 23.06, 29.0, 32.38, 33.38, 32.3, 30.33, 27.69, 24.88, 21.64, 17.9, 13.84, 9.81, 6.457, 4.082, 2.682, 1.888, 1.455, 1.025, 0.4353, -0.3647, -1.268, -2.129
-4.043, -4.777, -5.438, -5.855, -5.87, -5.32, -4.12, -2.586, -1.1045, 0.0496, 0.752, 0.786, 0.1527, -1.24, -3.326, -6.047, -9.04, -11.94, -14.42, -16.11, -16.81, -16.31, -14.75, -12.336, -9.445, -6.47, -3.69, -1.539, -0.3271, -0.23, -1.275, -3.12, -5.258, -7.273, -8.92, -10.14, -10.83, -11.055, -10.83, -10.2, -9.266, -8.16, -6.785, -5.2, -3.424, -1.404, 0.687, 2.594, 3.96, 4.535, 4.168, 3.01, 1.115, -1.363, -4.453, -7.992, -11.97, -16.38, -20.97, -25.44, -29.14, -31.23, -31.36, -29.47, -25.88, -21.36, -16.83, -12.97, -10.484, -9.555, -9.984, -11.55, -13.72, -16.03, -17.84, -18.56, -17.73, -15.28, -11.32, -6.08, -0.049, 6.4, 12.87, 18.86, 24.23, 28.89, 32.88, 36.06, 38.47, 39.8, 40.34, 39.78, 38.5, 36.3, 33.66, 30.8, 27.9, 25.31, 23.25, 21.89, 21.28, 21.5, 22.34, 23.55, 24.66, 25.28, 25.3, 24.61, 23.44, 21.75, 19.89, 18.0, 16.03, 14.19, 12.484, 10.91, 9.586, 8.44, 7.527, 6.78, 6.156, 5.74, 5.465, 5.29, 5.133, 4.94, 4.707, 4.387, 3.893, 3.254, 2.482, 1.488, 0.3823, -0.8433, -2.125, -3.402, -4.613, -5.684, -6.52, -7.023, -7.24, -7.1, -6.7, -6.086, -5.45, -4.832, -4.39, -4.242, -4.535, -5.35, -6.605, -8.25, -10.11, -11.99, -13.734, -15.125, -15.9, -15.95, -15.086, -13.336, -10.58, -7.027, -3.0, 1.149, 4.77, 7.527, 8.984, 9.1, 7.938, 5.848, 3.135, 0.1948, -2.2, -3.172, -1.565, 2.979, 9.71, 17.6, 25.03, 30.95, 34.06, 34.94, 33.66, 31.4, 28.72, 25.92, 23.08, 19.84, 16.12, 12.03, 8.164, 5.176, 3.271, 2.127, 1.412, 0.794, -0.02922, -1.06, -2.148, -3.152
-5.152, -5.918, -6.402, -6.49, -6.074, -5.055, -3.498, -1.614, 0.1503, 1.57, 2.475, 2.646, 1.963, 0.3928, -2.102, -5.29, -8.92, -12.59, -15.82, -18.25, -19.6, -19.55, -18.25, -15.77, -12.49, -8.92, -5.55, -2.797, -0.999, -0.4404, -1.16, -2.838, -4.895, -6.855, -8.44, -9.6, -10.33, -10.586, -10.39, -9.76, -8.8, -7.496, -5.89, -4.016, -1.852, 0.564, 3.016, 5.12, 6.57, 7.117, 6.7, 5.473, 3.453, 0.784, -2.406, -6.11, -10.31, -14.91, -19.88, -24.78, -28.95, -31.78, -32.47, -30.94, -27.45, -22.83, -17.98, -13.61, -10.49, -8.93, -8.805, -9.86, -11.695, -13.83, -15.63, -16.4, -15.65, -13.195, -9.24, -4.04, 1.883, 8.125, 14.35, 20.08, 25.34, 29.81, 33.47, 36.47, 38.62, 39.78, 39.97, 39.03, 37.4, 34.94, 32.0, 28.97, 25.95, 23.27, 21.27, 19.92, 19.44, 19.83, 20.77, 22.17, 23.7, 24.81, 25.28, 25.0, 24.11, 22.77, 21.02, 19.1, 17.1, 15.1, 13.305, 11.68, 10.21, 8.98, 7.98, 7.16, 6.484, 6.004, 5.65, 5.41, 5.246, 5.07, 4.926, 4.74, 4.36, 3.863, 3.203, 2.328, 1.399, 0.3135, -0.8667, -2.064, -3.271, -4.375, -5.277, -5.98, -6.35, -6.402, -6.16, -5.656, -5.04, -4.4, -3.9, -3.709, -3.922, -4.586, -5.637, -7.08, -8.68, -10.26, -11.67, -12.74, -13.26, -13.04, -11.945, -9.84, -6.785, -3.055, 1.017, 4.957, 8.305, 10.586, 11.586, 11.31, 9.79, 7.383, 4.53, 1.631, -0.7485, -1.696, -0.1681, 4.266, 11.25, 19.34, 26.9, 32.62, 35.8, 36.34, 35.0, 32.38, 29.48, 26.64, 23.97, 21.31, 18.02, 14.164, 10.07, 6.523, 3.979, 2.338, 1.328, 0.571, -0.346, -1.552, -2.87, -4.13
-5.95, -6.84, -7.2, -6.98, -6.13, -4.62, -2.61, -0.3496, 1.757, 3.55, 4.71, 5.086, 4.402, 2.695, -0.1204, -3.682, -7.89, -12.27, -16.31, -19.53, -21.62, -22.19, -21.28, -18.95, -15.52, -11.44, -7.49, -4.113, -1.702, -0.6313, -0.987, -2.385, -4.23, -6.023, -7.49, -8.6, -9.31, -9.66, -9.555, -8.97, -7.92, -6.516, -4.703, -2.525, 0.0485, 2.867, 5.61, 7.957, 9.484, 9.984, 9.56, 8.266, 6.195, 3.441, 0.0685, -3.746, -7.98, -12.625, -17.73, -22.9, -27.47, -30.81, -32.1, -31.16, -28.14, -23.7, -18.73, -14.13, -10.55, -8.4, -7.645, -8.164, -9.59, -11.42, -13.18, -14.0, -13.39, -11.055, -7.254, -2.205, 3.568, 9.625, 15.695, 21.22, 26.23, 30.52, 34.03, 36.66, 38.56, 39.4, 39.28, 38.16, 36.16, 33.44, 30.23, 26.94, 23.97, 21.44, 19.45, 18.25, 17.84, 18.19, 19.25, 20.8, 22.56, 24.0, 24.9, 25.11, 24.66, 23.58, 21.98, 20.2, 18.22, 16.22, 14.266, 12.53, 10.945, 9.59, 8.48, 7.547, 6.8, 6.258, 5.855, 5.566, 5.36, 5.19, 5.125, 4.984, 4.72, 4.348, 3.799, 3.102, 2.318, 1.365, 0.3516, -0.7295, -1.833, -2.879, -3.816, -4.664, -5.223, -5.504, -5.477, -5.156, -4.63, -4.035, -3.496, -3.209, -3.26, -3.664, -4.453, -5.543, -6.754, -7.973, -9.02, -9.75, -9.97, -9.44, -8.05, -5.695, -2.504, 1.164, 5.02, 8.64, 11.5, 13.336, 13.89, 13.195, 11.35, 8.59, 5.46, 2.545, 0.3345, -0.506, 0.998, 5.47, 12.555, 20.81, 28.56, 34.34, 37.38, 37.72, 36.03, 33.28, 29.92, 26.92, 24.42, 22.08, 19.45, 16.03, 12.016, 8.12, 4.906, 2.686, 1.374, 0.514, -0.413, -1.652, -3.117, -4.656
-6.246, -7.33, -7.652, -7.168, -5.867, -3.93, -1.428, 1.256, 3.764, 5.957, 7.42, 7.938, 7.35, 5.523, 2.633, -1.285, -5.938, -10.9, -15.69, -19.75, -22.61, -23.86, -23.53, -21.52, -18.05, -13.8, -9.34, -5.35, -2.379, -0.787, -0.6895, -1.706, -3.27, -4.844, -6.14, -7.16, -7.875, -8.27, -8.28, -7.76, -6.76, -5.246, -3.25, -0.8037, 2.139, 5.31, 8.375, 10.9, 12.49, 13.08, 12.65, 11.43, 9.28, 6.504, 3.094, -0.825, -5.094, -9.71, -14.7, -19.95, -24.78, -28.53, -30.42, -30.23, -27.88, -23.9, -19.22, -14.64, -10.76, -8.1, -6.766, -6.668, -7.55, -8.96, -10.516, -11.43, -11.11, -9.05, -5.453, -0.593, 5.043, 10.83, 16.67, 22.05, 26.83, 30.88, 34.22, 36.7, 38.25, 38.8, 38.53, 37.12, 34.72, 31.94, 28.58, 25.2, 22.22, 19.83, 18.1, 16.92, 16.58, 16.92, 17.92, 19.52, 21.3, 23.02, 24.25, 24.9, 24.8, 24.08, 22.83, 21.22, 19.38, 17.36, 15.38, 13.516, 11.8, 10.33, 9.06, 7.996, 7.164, 6.55, 6.06, 5.7, 5.45, 5.312, 5.258, 5.137, 4.965, 4.715, 4.285, 3.766, 3.076, 2.281, 1.468, 0.577, -0.3523, -1.296, -2.246, -3.127, -3.826, -4.367, -4.62, -4.57, -4.203, -3.64, -3.105, -2.715, -2.543, -2.66, -3.145, -3.834, -4.61, -5.434, -6.105, -6.445, -6.297, -5.484, -3.9, -1.471, 1.626, 5.113, 8.7, 11.89, 14.32, 15.76, 15.89, 14.72, 12.39, 9.22, 5.793, 2.861, 0.8955, 0.2805, 1.855, 6.41, 13.695, 22.14, 30.06, 35.8, 38.72, 38.97, 36.94, 33.75, 30.19, 26.98, 24.4, 22.39, 20.25, 17.48, 13.87, 9.89, 6.246, 3.445, 1.711, 0.688, -0.1913, -1.337, -2.854, -4.613
-6.016, -7.285, -7.645, -6.945, -5.293, -2.924, 0.01993, 3.146, 6.11, 8.69, 10.48, 11.18, 10.64, 8.83, 5.848, 1.779, -3.201, -8.625, -14.07, -18.83, -22.42, -24.5, -24.77, -23.16, -19.97, -15.65, -10.945, -6.55, -3.035, -0.889, -0.2957, -0.8896, -2.076, -3.371, -4.496, -5.36, -6.06, -6.53, -6.67, -6.254, -5.316, -3.752, -1.561, 1.18, 4.47, 7.945, 11.24, 13.91, 15.59, 16.27, 15.91, 14.73, 12.66, 9.87, 6.438, 2.582, -1.682, -6.234, -11.1, -16.16, -21.02, -25.08, -27.58, -28.19, -26.69, -23.66, -19.52, -15.13, -11.16, -8.18, -6.3, -5.496, -5.73, -6.613, -7.81, -8.766, -8.7, -7.055, -3.81, 0.751, 6.066, 11.72, 17.38, 22.52, 27.16, 31.14, 34.2, 36.53, 37.8, 38.22, 37.7, 36.0, 33.5, 30.34, 27.0, 23.78, 20.89, 18.8, 17.2, 16.11, 15.695, 15.875, 16.7, 18.14, 19.94, 21.77, 23.22, 24.2, 24.64, 24.34, 23.45, 22.14, 20.48, 18.58, 16.56, 14.62, 12.77, 11.164, 9.75, 8.55, 7.58, 6.832, 6.254, 5.867, 5.59, 5.414, 5.348, 5.273, 5.184, 5.027, 4.71, 4.305, 3.738, 3.146, 2.525, 1.815, 1.057, 0.2269, -0.6636, -1.52, -2.348, -3.09, -3.586, -3.8, -3.664, -3.24, -2.736, -2.27, -1.892, -1.762, -1.862, -2.13, -2.506, -2.906, -3.17, -3.223, -2.75, -1.722, -0.0666, 2.367, 5.3, 8.51, 11.7, 14.55, 16.64, 17.67, 17.39, 15.73, 12.79, 9.17, 5.418, 2.428, 0.6855, 0.42, 2.3, 7.016, 14.46, 23.19, 31.23, 37.1, 39.97, 39.94, 37.66, 34.12, 30.11, 26.73, 24.2, 22.28, 20.58, 18.42, 15.375, 11.586, 7.742, 4.52, 2.31, 1.092, 0.2825, -0.6914, -2.16, -4.09
-5.36, -6.895, -7.375, -6.51, -4.52, -1.767, 1.622, 5.23, 8.65, 11.57, 13.58, 14.41, 13.92, 12.266, 9.37, 5.336, 0.2427, -5.45, -11.3, -16.72, -21.03, -23.84, -24.77, -23.83, -21.08, -16.98, -12.195, -7.492, -3.582, -0.9375, 0.1816, 0.02905, -0.752, -1.707, -2.574, -3.291, -3.9, -4.406, -4.652, -4.434, -3.594, -2.055, 0.2715, 3.264, 6.78, 10.51, 14.04, 16.84, 18.67, 19.4, 19.16, 18.05, 16.12, 13.42, 10.09, 6.316, 2.186, -2.318, -7.016, -11.9, -16.66, -20.84, -23.89, -25.3, -24.86, -22.83, -19.58, -15.82, -12.04, -8.88, -6.55, -5.09, -4.535, -4.7, -5.38, -6.113, -6.297, -5.113, -2.379, 1.761, 6.816, 12.21, 17.61, 22.7, 27.25, 31.03, 34.03, 36.12, 37.4, 37.53, 36.8, 35.0, 32.28, 28.97, 25.67, 22.55, 20.05, 18.12, 16.67, 15.68, 15.21, 15.234, 15.734, 16.84, 18.44, 20.19, 21.92, 23.2, 24.02, 24.22, 23.78, 22.78, 21.38, 19.7, 17.84, 15.85, 13.95, 12.19, 10.6, 9.266, 8.09, 7.203, 6.504, 6.02, 5.65, 5.453, 5.363, 5.344, 5.312, 5.24, 5.043, 4.746, 4.34, 3.941, 3.451, 2.863, 2.223, 1.463, 0.6323, -0.2329, -1.081, -1.842, -2.428, -2.816, -2.957, -2.822, -2.42, -1.883, -1.401, -1.059, -0.854, -0.7437, -0.705, -0.693, -0.638, -0.4536, 0.2266, 1.402, 3.135, 5.49, 8.27, 11.23, 14.12, 16.62, 18.36, 18.97, 18.08, 15.75, 12.14, 7.96, 4.0, 1.022, -0.3838, -0.0636, 2.297, 7.28, 14.87, 23.88, 32.2, 38.06, 40.84, 40.7, 37.97, 34.1, 29.92, 26.39, 23.67, 21.89, 20.4, 18.77, 16.42, 13.15, 9.39, 5.85, 3.17, 1.589, 0.7344, -0.06757, -1.353, -3.258
-4.65, -6.36, -6.91, -5.957, -3.695, -0.4995, 3.36, 7.4, 11.26, 14.52, 16.73, 17.64, 17.28, 15.64, 12.92, 9.11, 4.188, -1.6045, -7.72, -13.586, -18.55, -22.02, -23.66, -23.42, -21.25, -17.64, -13.08, -8.305, -4.125, -1.065, 0.5903, 1.004, 0.696, 0.09973, -0.482, -1.002, -1.464, -1.942, -2.291, -2.271, -1.606, -0.2067, 2.121, 5.273, 9.055, 13.07, 16.83, 19.77, 21.64, 22.44, 22.38, 21.33, 19.55, 17.02, 13.91, 10.28, 6.324, 1.981, -2.525, -7.312, -12.01, -16.28, -19.73, -21.92, -22.58, -21.77, -19.67, -16.73, -13.5, -10.38, -7.74, -5.668, -4.32, -3.676, -3.621, -3.857, -3.953, -3.191, -1.134, 2.463, 7.11, 12.305, 17.61, 22.64, 27.1, 30.78, 33.7, 35.78, 36.8, 36.9, 35.97, 33.9, 31.1, 27.8, 24.44, 21.64, 19.44, 17.78, 16.52, 15.586, 14.96, 14.64, 14.836, 15.6, 16.83, 18.48, 20.2, 21.7, 22.86, 23.52, 23.56, 23.08, 22.05, 20.66, 19.0, 17.1, 15.23, 13.4, 11.72, 10.19, 8.88, 7.766, 6.87, 6.2, 5.73, 5.434, 5.34, 5.36, 5.445, 5.44, 5.344, 5.152, 4.88, 4.605, 4.188, 3.658, 2.959, 2.07, 1.158, 0.2822, -0.4348, -1.004, -1.495, -1.879, -2.152, -2.227, -2.008, -1.553, -1.077, -0.547, -0.0995, 0.3027, 0.6533, 0.95, 1.248, 1.691, 2.543, 3.762, 5.492, 7.703, 10.26, 13.086, 15.71, 17.92, 19.22, 19.22, 17.6, 14.41, 10.16, 5.438, 1.316, -1.419, -2.363, -1.334, 1.787, 7.215, 15.04, 24.2, 32.66, 38.72, 41.44, 40.97, 37.94, 33.72, 29.34, 25.69, 23.02, 21.22, 19.89, 18.62, 16.89, 14.26, 10.91, 7.277, 4.176, 2.148, 1.094, 0.3882, -0.6636, -2.457
-3.838, -5.74, -6.43, -5.453, -2.928, 0.7744, 5.035, 9.58, 13.86, 17.4, 19.75, 20.67, 20.38, 18.92, 16.47, 12.914, 8.266, 2.744, -3.34, -9.48, -14.93, -19.06, -21.45, -21.89, -20.45, -17.44, -13.37, -8.9, -4.637, -1.35, 0.7515, 1.752, 1.973, 1.799, 1.56, 1.338, 1.111, 0.7515, 0.4092, 0.2761, 0.712, 1.929, 4.164, 7.355, 11.234, 15.414, 19.27, 22.39, 24.44, 25.4, 25.36, 24.56, 22.94, 20.58, 17.7, 14.25, 10.46, 6.387, 2.06, -2.545, -7.152, -11.516, -15.39, -18.31, -19.97, -20.39, -19.64, -17.83, -15.4, -12.69, -9.97, -7.418, -5.344, -3.846, -2.93, -2.445, -2.113, -1.397, 0.1656, 3.06, 7.164, 12.08, 17.22, 22.1, 26.64, 30.28, 33.28, 35.28, 36.34, 36.25, 35.2, 32.9, 29.94, 26.62, 23.48, 20.94, 19.02, 17.64, 16.53, 15.516, 14.72, 14.17, 14.06, 14.47, 15.336, 16.7, 18.27, 19.86, 21.23, 22.27, 22.78, 22.73, 22.22, 21.25, 20.0, 18.38, 16.61, 14.77, 13.016, 11.35, 9.88, 8.586, 7.473, 6.562, 5.906, 5.49, 5.324, 5.332, 5.5, 5.613, 5.64, 5.562, 5.426, 5.23, 4.79, 4.1, 2.992, 1.667, 0.4128, -0.5874, -1.091, -1.25, -1.266, -1.331, -1.429, -1.469, -1.377, -1.1, -0.7095, -0.1553, 0.4302, 0.998, 1.491, 1.941, 2.494, 3.125, 3.996, 5.2, 6.902, 9.04, 11.42, 14.04, 16.44, 18.2, 18.9, 18.02, 15.45, 11.36, 6.414, 1.473, -2.508, -4.848, -5.05, -3.182, 0.66, 6.65, 14.86, 24.33, 33.03, 39.12, 41.7, 40.9, 37.53, 33.0, 28.6, 24.94, 22.28, 20.48, 19.14, 18.08, 16.84, 14.914, 12.11, 8.64, 5.297, 2.771, 1.333, 0.5703, -0.256, -1.739
-3.129, -5.094, -5.953, -4.99, -2.15, 1.971, 6.73, 11.71, 16.34, 20.06, 22.5, 23.62, 23.44, 22.19, 19.89, 16.61, 12.24, 7.113, 1.275, -4.785, -10.484, -15.125, -18.14, -19.4, -18.78, -16.6, -13.22, -9.25, -5.31, -1.977, 0.464, 2.004, 2.812, 3.164, 3.373, 3.51, 3.646, 3.564, 3.352, 3.229, 3.426, 4.363, 6.29, 9.31, 13.19, 17.42, 21.4, 24.69, 27.0, 28.14, 28.34, 27.61, 26.25, 24.05, 21.3, 18.12, 14.53, 10.67, 6.652, 2.285, -2.186, -6.594, -10.766, -14.4, -17.16, -18.83, -19.42, -19.0, -17.61, -15.586, -13.06, -10.33, -7.66, -5.35, -3.445, -2.035, -1.035, -0.1033, 1.237, 3.543, 7.06, 11.445, 16.47, 21.42, 25.84, 29.67, 32.62, 34.56, 35.62, 35.6, 34.28, 32.0, 28.95, 25.61, 22.7, 20.34, 18.75, 17.5, 16.39, 15.336, 14.46, 13.76, 13.31, 13.34, 13.87, 14.94, 16.2, 17.81, 19.27, 20.5, 21.39, 21.84, 21.81, 21.38, 20.5, 19.31, 17.81, 16.23, 14.55, 12.87, 11.27, 9.76, 8.38, 7.176, 6.266, 5.63, 5.33, 5.293, 5.484, 5.71, 5.875, 5.973, 5.96, 5.695, 5.06, 3.832, 1.905, -0.2927, -2.266, -3.598, -3.803, -3.227, -2.258, -1.466, -0.98, -0.759, -0.6504, -0.4302, -0.1162, 0.3176, 0.8564, 1.39, 1.9375, 2.506, 3.162, 3.834, 4.645, 5.87, 7.492, 9.555, 11.89, 14.25, 16.2, 17.3, 16.98, 14.95, 11.27, 6.305, 0.9243, -3.98, -7.465, -9.03, -8.32, -5.375, -0.6514, 5.926, 14.52, 24.34, 33.22, 39.3, 41.56, 40.53, 36.75, 32.16, 27.64, 24.1, 21.48, 19.66, 18.28, 17.19, 16.22, 14.93, 12.875, 9.875, 6.48, 3.557, 1.611, 0.6626, -0.02026, -1.225
-2.428, -4.305, -5.32, -4.445, -1.423, 3.074, 8.266, 13.66, 18.61, 22.48, 25.16, 26.45, 26.55, 25.55, 23.4, 20.2, 16.12, 11.31, 5.992, 0.2211, -5.465, -10.49, -14.086, -16.08, -16.31, -15.01, -12.59, -9.46, -6.125, -3.05, -0.583, 1.325, 2.69, 3.664, 4.484, 5.184, 5.785, 6.203, 6.33, 6.395, 6.508, 7.16, 8.6, 11.164, 14.76, 18.9, 22.95, 26.47, 28.95, 30.4, 30.92, 30.55, 29.44, 27.4, 24.8, 21.58, 18.08, 14.52, 10.766, 6.848, 2.69, -1.617, -6.008, -10.125, -13.836, -16.81, -18.88, -19.89, -19.86, -18.86, -16.92, -14.28, -11.336, -8.3, -5.418, -2.984, -1.068, 0.4917, 2.023, 3.955, 6.92, 10.72, 15.31, 20.17, 24.77, 28.73, 31.75, 33.9, 34.97, 34.75, 33.44, 31.05, 27.9, 24.69, 21.92, 19.88, 18.3, 17.17, 16.08, 15.03, 14.08, 13.195, 12.57, 12.34, 12.54, 13.25, 14.22, 15.54, 17.02, 18.44, 19.53, 20.31, 20.78, 20.88, 20.52, 19.83, 18.8, 17.53, 16.1, 14.555, 12.945, 11.32, 9.76, 8.25, 6.96, 5.98, 5.426, 5.27, 5.41, 5.703, 6.01, 6.28, 6.355, 5.973, 4.82, 2.64, -0.5054, -4.066, -7.105, -8.875, -8.78, -7.227, -4.88, -2.64, -1.098, -0.296, 0.0655, 0.3193, 0.5137, 0.782, 1.112, 1.538, 2.096, 2.8, 3.451, 4.117, 4.902, 6.105, 7.684, 9.664, 11.78, 13.64, 14.74, 14.65, 12.875, 9.54, 4.58, -1.015, -6.383, -10.74, -13.305, -13.74, -11.78, -7.746, -2.072, 5.26, 14.305, 24.36, 33.2, 39.25, 41.3, 39.8, 35.9, 31.02, 26.66, 23.2, 20.67, 18.83, 17.3, 16.11, 15.22, 14.375, 13.055, 10.75, 7.63, 4.426, 2.008, 0.677, -0.0007553, -0.8794
-1.751, -3.414, -4.55, -3.8, -0.7354, 4.043, 9.66, 15.34, 20.55, 24.77, 27.6, 29.14, 29.6, 28.89, 26.95, 23.73, 19.67, 15.01, 10.13, 4.97, -0.3718, -5.36, -9.32, -11.984, -13.15, -12.914, -11.555, -9.516, -7.12, -4.746, -2.615, -0.631, 1.119, 2.738, 4.297, 5.777, 7.09, 8.2, 8.98, 9.42, 9.66, 10.13, 11.125, 13.02, 15.98, 19.75, 23.64, 27.28, 30.19, 32.16, 33.1, 33.12, 32.3, 30.6, 28.03, 24.75, 21.22, 17.61, 14.086, 10.625, 6.95, 3.027, -1.156, -5.492, -9.82, -13.88, -17.3, -20.0, -21.52, -21.8, -20.86, -18.8, -15.87, -12.34, -8.71, -5.277, -2.342, 0.02802, 2.094, 4.07, 6.625, 9.945, 14.12, 18.77, 23.33, 27.5, 30.78, 32.97, 34.12, 34.1, 32.6, 30.1, 27.05, 23.9, 21.14, 19.16, 17.66, 16.58, 15.46, 14.41, 13.38, 12.51, 11.8, 11.41, 11.38, 11.73, 12.45, 13.46, 14.67, 16.05, 17.27, 18.31, 19.16, 19.69, 19.86, 19.7, 19.17, 18.34, 17.33, 16.05, 14.69, 13.12, 11.43, 9.69, 8.04, 6.652, 5.71, 5.3, 5.34, 5.68, 6.13, 6.535, 6.637, 5.996, 4.08, 0.673, -4.082, -9.336, -13.65, -15.98, -15.54, -12.85, -8.94, -4.953, -2.041, -0.3547, 0.45, 0.725, 0.6665, 0.572, 0.5674, 0.912, 1.6045, 2.545, 3.418, 4.234, 5.13, 6.285, 7.78, 9.44, 10.98, 11.79, 11.42, 9.58, 5.977, 1.22, -4.54, -10.19, -14.9, -18.16, -19.38, -18.44, -15.19, -10.01, -3.373, 4.66, 14.125, 24.38, 33.25, 38.97, 40.75, 38.88, 34.84, 30.03, 25.61, 22.16, 19.75, 17.89, 16.22, 14.91, 13.99, 13.35, 12.65, 11.15, 8.57, 5.39, 2.607, 0.835, -0.0003815, -0.6133
-1.091, -2.377, -3.45, -2.928, -0.02557, 4.855, 10.73, 16.73, 22.16, 26.5, 29.72, 31.66, 32.6, 32.12, 30.38, 27.17, 22.95, 18.16, 13.51, 8.99, 4.375, -0.1442, -4.188, -7.266, -9.24, -10.03, -9.91, -9.14, -8.03, -6.812, -5.49, -3.965, -2.23, -0.1338, 2.227, 4.676, 7.023, 9.09, 10.695, 11.836, 12.516, 13.01, 13.65, 14.914, 17.05, 20.06, 23.66, 27.19, 30.28, 32.66, 34.2, 34.7, 34.3, 32.94, 30.66, 27.45, 23.73, 19.92, 16.4, 13.28, 10.234, 6.98, 3.318, -0.82, -5.383, -10.086, -14.66, -18.72, -21.92, -23.77, -24.2, -23.03, -20.61, -17.03, -12.9, -8.734, -4.87, -1.552, 1.221, 3.574, 6.117, 9.1, 12.81, 17.25, 21.84, 26.1, 29.44, 31.88, 33.12, 33.06, 31.8, 29.38, 26.27, 23.06, 20.3, 18.27, 16.77, 15.61, 14.484, 13.44, 12.45, 11.6, 10.92, 10.484, 10.336, 10.484, 10.87, 11.555, 12.54, 13.69, 14.83, 15.98, 17.0, 17.83, 18.48, 18.86, 18.88, 18.56, 17.98, 17.19, 16.12, 14.73, 13.12, 11.31, 9.445, 7.707, 6.355, 5.56, 5.37, 5.676, 6.188, 6.656, 6.707, 5.72, 3.01, -1.69, -8.07, -14.99, -20.6, -23.47, -22.72, -18.94, -13.43, -7.855, -3.615, -1.072, 0.06525, 0.0807, -0.662, -1.525, -2.105, -1.824, -0.7383, 0.8745, 2.555, 3.998, 5.203, 6.434, 7.695, 8.68, 8.914, 7.918, 5.33, 1.308, -3.951, -9.7, -15.305, -20.12, -23.6, -25.34, -25.02, -22.5, -17.89, -11.75, -4.34, 4.43, 14.26, 24.61, 33.47, 38.84, 40.2, 38.2, 33.94, 29.2, 24.7, 21.08, 18.6, 16.62, 14.98, 13.516, 12.45, 11.875, 11.62, 10.93, 9.125, 6.355, 3.41, 1.183, 0.08295, -0.361
-0.4592, -1.264, -2.174, -1.912, 0.682, 5.516, 11.48, 17.6, 23.19, 27.88, 31.25, 33.6, 34.8, 34.7, 33.2, 30.03, 25.6, 20.62, 15.85, 11.78, 8.164, 4.543, 1.075, -2.055, -4.492, -6.14, -7.176, -7.734, -8.16, -8.45, -8.55, -8.23, -7.21, -5.156, -2.164, 1.3125, 4.906, 8.22, 10.984, 13.03, 14.42, 15.24, 15.86, 16.64, 18.02, 20.08, 22.89, 26.05, 29.14, 31.78, 33.8, 34.84, 35.06, 34.16, 32.22, 29.2, 25.42, 21.4, 17.7, 14.67, 12.12, 9.64, 6.75, 3.205, -1.025, -5.848, -11.03, -16.17, -20.8, -24.23, -26.19, -26.28, -24.67, -21.52, -17.4, -12.81, -8.21, -4.082, -0.5356, 2.422, 5.145, 8.06, 11.516, 15.73, 20.12, 24.34, 27.92, 30.5, 31.92, 32.06, 30.78, 28.45, 25.4, 22.2, 19.25, 17.1, 15.46, 14.2, 13.16, 12.1, 11.13, 10.47, 9.91, 9.53, 9.38, 9.375, 9.51, 9.89, 10.56, 11.39, 12.4, 13.49, 14.53, 15.54, 16.48, 17.31, 17.75, 17.95, 17.83, 17.45, 16.8, 15.75, 14.45, 12.87, 10.97, 9.016, 7.31, 6.113, 5.58, 5.758, 6.277, 6.766, 6.695, 5.355, 1.97, -3.73, -11.33, -19.52, -26.11, -29.44, -28.45, -23.88, -17.22, -10.48, -5.246, -2.186, -1.232, -2.102, -4.164, -6.418, -7.996, -7.926, -6.215, -3.322, -0.2588, 2.467, 4.418, 5.777, 6.57, 6.285, 4.43, 1.004, -4.062, -9.96, -16.1, -21.61, -26.36, -29.62, -31.47, -31.31, -29.38, -25.53, -19.84, -12.73, -4.7, 4.492, 14.65, 24.98, 33.6, 38.56, 39.66, 37.4, 33.34, 28.31, 23.64, 19.89, 17.12, 15.15, 13.47, 11.94, 10.766, 10.26, 10.24, 10.13, 9.16, 7.01, 4.195, 1.738, 0.3052, -0.1543
-0.10333, -0.3047, -0.812, -0.656, 1.471, 5.875, 11.664, 17.88, 23.53, 28.3, 31.98, 34.5, 36.0, 36.12, 34.75, 31.62, 27.23, 21.92, 16.95, 13.11, 10.31, 7.938, 5.555, 3.08, 0.761, -1.284, -3.076, -4.777, -6.62, -8.555, -10.5, -12.055, -12.66, -11.54, -8.67, -4.387, 0.4565, 5.215, 9.336, 12.55, 14.75, 16.17, 17.03, 17.66, 18.52, 19.81, 21.73, 24.19, 26.88, 29.53, 31.67, 33.22, 33.84, 33.4, 32.0, 29.4, 25.86, 21.9, 17.95, 14.836, 12.62, 10.87, 8.82, 6.145, 2.592, -1.866, -7.05, -12.66, -18.2, -22.97, -26.39, -27.86, -27.42, -25.08, -21.38, -16.84, -11.914, -7.19, -3.004, 0.6113, 3.736, 6.77, 10.11, 14.06, 18.33, 22.53, 26.17, 28.89, 30.52, 30.73, 29.77, 27.5, 24.38, 20.98, 17.9, 15.51, 13.8, 12.49, 11.375, 10.38, 9.586, 8.984, 8.625, 8.45, 8.38, 8.336, 8.36, 8.51, 8.85, 9.375, 10.08, 10.99, 11.914, 12.92, 14.03, 15.05, 15.88, 16.48, 16.8, 16.86, 16.56, 15.95, 15.08, 13.766, 12.09, 10.2, 8.375, 6.918, 6.043, 5.926, 6.28, 6.71, 6.57, 5.004, 1.273, -4.84, -12.99, -21.69, -28.73, -32.22, -31.1, -26.1, -18.98, -11.74, -6.332, -3.375, -3.166, -5.375, -9.21, -13.41, -16.53, -17.03, -14.8, -10.445, -5.535, -1.124, 1.918, 3.49, 3.475, 1.354, -2.928, -8.984, -15.91, -22.58, -28.33, -32.75, -35.75, -37.22, -37.16, -35.44, -32.1, -27.02, -20.53, -12.98, -4.52, 4.926, 15.44, 25.6, 33.62, 38.3, 39.12, 36.97, 32.62, 27.4, 22.31, 18.14, 15.2, 13.23, 11.62, 10.18, 8.99, 8.46, 8.56, 8.9, 8.64, 7.207, 4.84, 2.336, 0.5522, -0.0899
-0.10736, 0.2358, 0.2842, 0.5537, 2.307, 6.1, 11.37, 17.28, 22.92, 27.78, 31.47, 34.1, 35.72, 35.75, 34.5, 31.52, 27.1, 21.8, 16.61, 12.74, 10.555, 9.445, 8.48, 7.14, 5.46, 3.604, 1.58, -0.71, -3.496, -6.742, -10.47, -14.14, -16.89, -17.67, -15.8, -11.62, -5.91, 0.0957, 5.582, 9.97, 13.19, 15.3, 16.6, 17.33, 17.97, 18.81, 20.1, 21.81, 23.9, 26.19, 28.23, 29.9, 30.83, 30.8, 29.75, 27.69, 24.64, 20.94, 17.11, 13.81, 11.766, 10.58, 9.43, 7.71, 5.07, 1.38, -3.266, -8.71, -14.52, -20.05, -24.6, -27.44, -28.23, -27.02, -24.06, -19.92, -15.16, -10.16, -5.594, -1.556, 1.991, 5.23, 8.59, 12.42, 16.56, 20.66, 24.25, 27.03, 28.69, 29.12, 28.28, 26.1, 22.89, 19.34, 15.99, 13.48, 11.625, 10.336, 9.28, 8.36, 7.688, 7.24, 7.086, 7.09, 7.1, 7.14, 7.18, 7.207, 7.336, 7.605, 8.03, 8.63, 9.38, 10.29, 11.3, 12.36, 13.36, 14.25, 14.88, 15.266, 15.31, 15.09, 14.59, 13.734, 12.44, 10.86, 9.17, 7.617, 6.54, 6.14, 6.242, 6.527, 6.324, 4.79, 1.228, -4.66, -12.47, -20.77, -27.55, -30.86, -29.72, -24.92, -18.03, -11.266, -6.215, -3.947, -4.77, -8.37, -14.195, -20.67, -25.6, -27.02, -24.72, -19.33, -12.664, -6.66, -2.473, -0.779, -1.829, -5.76, -12.22, -19.94, -27.47, -33.78, -38.3, -40.94, -42.12, -41.78, -40.22, -37.16, -32.75, -27.0, -20.11, -12.336, -3.762, 5.836, 16.11, 25.97, 33.47, 37.62, 38.4, 36.1, 31.56, 25.83, 20.14, 15.75, 12.766, 10.87, 9.516, 8.24, 7.18, 6.7, 6.836, 7.355, 7.586, 6.863, 5.1, 2.758, 0.7485, -0.1775
-0.5894, 0.05682, 0.7817, 1.477, 2.934, 5.96, 10.5, 15.83, 21.19, 25.94, 29.69, 32.2, 33.56, 33.6, 32.28, 29.31, 25.02, 19.78, 14.66, 11.0, 9.164, 8.92, 9.195, 9.1, 8.35, 7.02, 5.26, 2.994, -0.02972, -3.873, -8.62, -13.99, -18.94, -21.9, -21.81, -18.53, -12.91, -6.195, 0.1581, 5.535, 9.625, 12.39, 14.15, 15.21, 15.96, 16.69, 17.66, 18.9, 20.44, 22.19, 23.86, 25.31, 26.28, 26.4, 25.81, 24.22, 21.75, 18.53, 14.85, 11.76, 9.86, 9.09, 8.76, 7.918, 6.164, 3.412, -0.2898, -4.88, -10.3, -16.02, -21.14, -24.89, -26.89, -26.84, -24.84, -21.45, -17.23, -12.5, -7.87, -3.643, 0.1279, 3.604, 7.055, 10.75, 14.63, 18.58, 21.97, 24.7, 26.45, 27.0, 26.19, 23.95, 20.6, 16.86, 13.414, 10.83, 9.02, 7.87, 6.95, 6.18, 5.65, 5.363, 5.336, 5.48, 5.656, 5.8, 5.844, 5.82, 5.855, 5.97, 6.168, 6.527, 7.08, 7.777, 8.62, 9.54, 10.55, 11.516, 12.305, 12.805, 13.11, 13.21, 13.04, 12.54, 11.71, 10.61, 9.3, 7.953, 6.855, 6.266, 6.11, 6.184, 5.902, 4.52, 1.486, -3.465, -10.08, -17.2, -23.03, -25.77, -24.81, -20.55, -14.58, -8.8, -4.83, -3.512, -5.23, -9.96, -17.42, -25.69, -32.28, -34.84, -32.8, -27.11, -19.6, -12.63, -7.867, -6.184, -8.1, -13.31, -20.73, -28.88, -35.94, -41.1, -44.0, -45.1, -44.78, -43.03, -40.38, -36.5, -31.53, -25.69, -18.77, -11.11, -2.578, 6.91, 16.9, 26.0, 32.75, 36.53, 37.1, 34.47, 29.23, 22.84, 16.97, 12.57, 9.76, 8.16, 7.062, 6.117, 5.348, 4.957, 5.086, 5.64, 6.156, 5.98, 4.832, 2.88, 0.8237, -0.4543
-1.232, -0.649, 0.4478, 1.58, 3.025, 5.445, 9.09, 13.586, 18.33, 22.55, 26.05, 28.5, 29.67, 29.5, 28.0, 24.98, 20.8, 15.85, 11.23, 7.973, 6.562, 6.906, 8.0, 8.82, 8.88, 8.19, 6.84, 4.883, 2.248, -1.326, -6.12, -12.055, -18.27, -23.16, -25.05, -23.36, -18.62, -12.234, -5.68, 0.10913, 4.65, 7.848, 9.98, 11.31, 12.28, 13.19, 14.17, 15.34, 16.58, 17.89, 19.17, 20.28, 21.0, 21.25, 20.73, 19.45, 17.38, 14.56, 11.49, 8.81, 7.23, 6.797, 6.98, 6.84, 5.89, 4.09, 1.444, -2.088, -6.395, -11.4, -16.4, -20.6, -23.47, -24.44, -23.48, -21.06, -17.56, -13.5, -9.26, -5.176, -1.447, 2.043, 5.445, 8.97, 12.59, 16.19, 19.34, 21.92, 23.48, 24.0, 23.03, 20.58, 17.08, 13.31, 9.984, 7.625, 6.082, 5.152, 4.438, 3.906, 3.543, 3.383, 3.51, 3.777, 4.03, 4.184, 4.254, 4.27, 4.266, 4.26, 4.34, 4.57, 4.902, 5.4, 6.066, 6.816, 7.668, 8.516, 9.27, 9.836, 10.266, 10.5, 10.49, 10.3, 9.88, 9.195, 8.375, 7.426, 6.56, 5.965, 5.63, 5.54, 5.195, 4.105, 1.81, -1.876, -6.73, -12.07, -16.52, -18.56, -17.67, -14.305, -9.67, -5.336, -2.574, -2.146, -4.414, -9.69, -17.69, -26.75, -34.25, -37.72, -36.5, -31.17, -24.03, -17.14, -12.41, -10.89, -13.125, -18.33, -25.47, -33.25, -39.56, -43.6, -45.16, -45.03, -43.75, -41.22, -38.0, -33.88, -28.94, -23.17, -16.62, -9.27, -1.08, 7.918, 17.05, 25.11, 31.12, 34.34, 34.47, 31.19, 25.27, 18.6, 12.79, 8.805, 6.473, 5.277, 4.574, 3.98, 3.518, 3.258, 3.398, 3.928, 4.51, 4.645, 4.082, 2.684, 0.7603, -0.771
-1.797, -1.512, -0.4646, 0.856, 2.357, 4.332, 7.1, 10.6, 14.42, 17.98, 21.0, 23.02, 23.89, 23.53, 21.78, 18.78, 14.82, 10.5, 6.844, 4.418, 3.502, 4.1, 5.477, 6.746, 7.305, 7.043, 6.105, 4.67, 2.717, 0.05966, -3.703, -8.88, -15.125, -20.88, -24.34, -24.55, -21.42, -16.22, -10.39, -5.004, -0.6016, 2.635, 4.867, 6.406, 7.67, 8.81, 9.984, 11.13, 12.23, 13.34, 14.23, 14.97, 15.41, 15.51, 15.016, 13.875, 12.12, 9.766, 7.355, 5.363, 4.23, 4.137, 4.613, 4.89, 4.5, 3.457, 1.768, -0.4893, -3.47, -7.184, -11.33, -15.28, -18.31, -19.95, -19.98, -18.66, -16.12, -12.875, -9.336, -5.777, -2.39, 0.894, 4.06, 7.305, 10.46, 13.62, 16.31, 18.45, 19.64, 19.69, 18.34, 15.62, 12.17, 8.75, 5.97, 4.08, 2.996, 2.395, 1.99, 1.657, 1.458, 1.442, 1.611, 1.897, 2.129, 2.307, 2.416, 2.492, 2.48, 2.453, 2.463, 2.615, 2.822, 3.168, 3.617, 4.15, 4.79, 5.473, 6.055, 6.582, 6.96, 7.21, 7.324, 7.254, 7.082, 6.758, 6.35, 5.855, 5.36, 4.9, 4.535, 4.367, 4.016, 3.188, 1.61, -0.7407, -3.783, -7.094, -9.89, -11.17, -10.414, -7.97, -4.727, -1.882, -0.3857, -0.7026, -3.078, -7.777, -14.9, -23.42, -30.81, -34.78, -34.44, -30.45, -24.39, -18.55, -14.48, -13.17, -14.76, -18.92, -25.0, -31.69, -37.22, -40.66, -41.8, -41.34, -39.66, -36.94, -33.66, -29.6, -24.95, -19.66, -13.64, -7.027, 0.4404, 8.43, 16.33, 23.14, 28.11, 30.4, 29.6, 25.48, 19.3, 12.95, 7.953, 4.88, 3.295, 2.594, 2.271, 2.088, 1.864, 1.747, 1.888, 2.275, 2.775, 3.023, 2.852, 1.993, 0.4998, -1.029
-2.03, -2.057, -1.338, -0.2184, 1.079, 2.59, 4.562, 7.023, 9.7, 12.31, 14.56, 15.92, 16.31, 15.66, 13.85, 11.17, 8.05, 4.93, 2.479, 1.032, 0.665, 1.35, 2.576, 3.693, 4.316, 4.28, 3.688, 2.803, 1.616, 0.02296, -2.252, -5.77, -10.5, -15.59, -19.55, -21.16, -19.97, -16.72, -12.53, -8.29, -4.637, -1.817, 0.2367, 1.817, 3.158, 4.36, 5.543, 6.754, 7.71, 8.58, 9.14, 9.5, 9.63, 9.5, 8.96, 7.95, 6.49, 4.797, 3.146, 1.929, 1.356, 1.455, 1.977, 2.4, 2.332, 1.783, 0.8413, -0.3706, -1.937, -4.156, -6.914, -9.82, -12.375, -14.14, -14.805, -14.35, -12.86, -10.625, -8.01, -5.24, -2.479, 0.1729, 2.8, 5.473, 8.01, 10.336, 12.32, 13.68, 14.18, 13.55, 11.87, 9.266, 6.45, 3.887, 1.994, 0.8203, 0.2345, -0.07605, -0.22, -0.3315, -0.3845, -0.3723, -0.2313, 0.003784, 0.1844, 0.3276, 0.455, 0.4854, 0.503, 0.4883, 0.53, 0.6577, 0.7725, 0.969, 1.24, 1.579, 1.98, 2.436, 2.852, 3.219, 3.455, 3.65, 3.742, 3.732, 3.668, 3.596, 3.445, 3.258, 3.076, 2.844, 2.598, 2.447, 2.145, 1.593, 0.667, -0.621, -2.113, -3.746, -5.05, -5.586, -4.848, -3.322, -1.422, 0.05383, 0.544, -0.1527, -2.05, -5.387, -10.48, -16.94, -23.14, -26.95, -27.56, -25.14, -20.9, -16.72, -13.46, -11.91, -12.41, -15.03, -19.48, -24.77, -29.48, -32.75, -33.97, -33.7, -32.28, -30.03, -27.14, -23.66, -19.73, -15.25, -10.13, -4.418, 1.892, 8.26, 14.39, 19.53, 22.81, 23.66, 21.67, 17.22, 11.68, 6.785, 3.266, 1.408, 0.6763, 0.4133, 0.3381, 0.3237, 0.2842, 0.3293, 0.4695, 0.718, 1.014, 1.221, 1.245, 0.8613, -0.0725, -1.249
-2.045, -2.203, -1.847, -1.209, -0.4397, 0.475, 1.569, 2.959, 4.44, 5.84, 7.004, 7.586, 7.48, 6.72, 5.4, 3.695, 1.87, 0.2227, -0.882, -1.399, -1.411, -0.953, -0.2126, 0.4675, 0.8438, 0.8506, 0.5474, 0.093, -0.418, -1.061, -2.0, -3.627, -6.094, -9.195, -12.08, -13.945, -14.14, -12.8, -10.516, -7.996, -5.68, -3.762, -2.305, -1.162, -0.1304, 0.801, 1.625, 2.379, 2.967, 3.451, 3.684, 3.78, 3.625, 3.432, 2.96, 2.23, 1.344, 0.4333, -0.3423, -0.8633, -1.014, -0.839, -0.4531, -0.1934, -0.1821, -0.396, -0.7744, -1.259, -1.906, -2.812, -4.027, -5.566, -7.094, -8.34, -9.08, -9.086, -8.38, -7.24, -5.71, -4.074, -2.299, -0.5977, 1.043, 2.643, 4.16, 5.414, 6.406, 6.81, 6.664, 5.812, 4.39, 2.703, 1.026, -0.3318, -1.254, -1.77, -1.922, -2.018, -2.045, -2.018, -2.018, -1.993, -1.882, -1.754, -1.641, -1.584, -1.53, -1.518, -1.457, -1.437, -1.377, -1.323, -1.256, -1.129, -0.989, -0.82, -0.6216, -0.3962, -0.2303, -0.03882, 0.1109, 0.193, 0.2113, 0.26, 0.2397, 0.2024, 0.2125, 0.1915, 0.1715, 0.0961, 0.001312, -0.1028, -0.2944, -0.598, -1.035, -1.543, -2.064, -2.564, -2.938, -2.967, -2.547, -1.733, -0.9033, -0.3875, -0.4536, -1.097, -2.2, -3.8, -6.34, -9.93, -13.76, -16.55, -17.6, -16.64, -14.37, -11.8, -9.58, -8.195, -7.914, -9.06, -11.52, -14.766, -18.02, -20.55, -21.98, -22.11, -21.5, -19.94, -18.03, -15.6, -12.74, -9.53, -5.938, -1.917, 2.332, 6.406, 10.11, 12.8, 13.88, 13.305, 11.05, 7.64, 4.145, 1.475, -0.2239, -0.9253, -1.192, -1.208, -1.121, -1.068, -1.017, -0.986, -0.901, -0.7554, -0.628, -0.472, -0.3691, -0.507, -0.95, -1.557
-2.172, -2.264, -2.201, -2.035, -1.794, -1.564, -1.311, -0.951, -0.6235, -0.2727, -0.12115, -0.031, -0.2346, -0.5713, -0.9854, -1.481, -2.035, -2.395, -2.654, -2.785, -2.73, -2.508, -2.22, -2.05, -1.985, -1.983, -2.066, -2.195, -2.305, -2.45, -2.633, -2.988, -3.643, -4.613, -5.562, -6.312, -6.566, -6.24, -5.535, -4.676, -3.893, -3.242, -2.736, -2.342, -1.979, -1.685, -1.483, -1.357, -1.238, -1.154, -1.128, -1.183, -1.276, -1.37, -1.588, -1.744, -2.04, -2.227, -2.453, -2.582, -2.547, -2.418, -2.31, -2.252, -2.22, -2.277, -2.355, -2.416, -2.588, -2.785, -3.04, -3.47, -3.945, -4.285, -4.54, -4.62, -4.453, -4.094, -3.62, -3.11, -2.584, -2.072, -1.571, -1.115, -0.81, -0.5713, -0.4382, -0.434, -0.659, -1.029, -1.575, -2.129, -2.584, -2.945, -3.148, -3.219, -3.219, -3.201, -3.193, -3.156, -3.166, -3.13, -3.09, -3.055, -3.023, -3.008, -3.008, -2.957, -2.906, -2.9, -2.895, -2.902, -2.852, -2.799, -2.719, -2.688, -2.627, -2.578, -2.525, -2.451, -2.406, -2.412, -2.395, -2.41, -2.412, -2.404, -2.361, -2.34, -2.338, -2.436, -2.443, -2.428, -2.48, -2.555, -2.672, -2.791, -2.918, -2.941, -2.996, -2.98, -2.932, -2.668, -2.578, -2.5, -2.58, -2.805, -3.121, -3.543, -4.184, -5.188, -6.445, -7.45, -7.906, -7.758, -6.918, -6.023, -5.152, -4.523, -4.344, -4.65, -5.324, -6.414, -7.5, -8.47, -9.15, -9.305, -9.05, -8.45, -7.58, -6.453, -5.25, -3.826, -2.438, -0.978, 0.443, 1.61, 2.512, 2.906, 2.826, 2.213, 1.289, 0.1262, -0.9053, -1.662, -2.008, -2.094, -2.215, -2.174, -2.092, -2.037, -1.969, -1.968, -1.949, -1.892, -1.864, -1.798, -1.734, -1.77, -1.892, -2.041
