-7.336, -7.902, -8.63, -9.35, -9.91, -10.19, -10.27, -10.3, -10.37, -10.44, -10.51, -10.43, -10.08, -9.42, -8.64, -8.02, -7.758, -8.0, -8.62, -9.32, -9.79, -9.97, -9.98, -9.984, -9.98, -9.98, -9.86, -9.6, -9.26, -8.766, -8.24, -7.758, -7.445, -7.355, -7.63, -8.266, -9.2, -10.266, -11.19, -11.74, -11.8, -11.305, -10.28, -8.914, -7.547, -6.496, -5.98, -6.023, -6.516, -7.19, -7.8, -8.25, -8.555, -8.74, -8.87, -8.984, -8.99, -8.84, -8.52, -8.086, -7.594, -7.02, -6.48, -6.207, -6.473, -7.2, -8.13, -8.93, -9.375, -9.34, -9.03, -8.63, -8.27, -8.04, -7.93, -7.805, -7.668, -7.504, -7.46, -7.65, -7.96, -8.19, -8.22, -8.23, -8.47, -8.97, -9.47, -9.72, -9.54, -8.99, -8.15, -7.38, -7.273, -8.02, -9.04, -9.484, -8.99, -8.17, -7.85, -8.38, -9.31, -10.13, -10.68, -10.83, -10.44, -9.53, -8.58, -8.07, -8.09, -8.74, -9.87, -11.2, -12.33, -12.79, -12.625, -12.19, -11.73, -10.9, -10.08, -9.766, -10.1, -10.5, -10.5, -9.93, -8.875, -7.746, -6.977, -6.46, -5.99, -5.81, -5.523, -5.71, -5.516, -5.773, -5.68, -6.035, -5.977, -6.207, -6.062, -6.184, -6.1, -6.168, -6.164, -6.168, -6.08, -5.88, -5.55, -5.535, -5.668, -6.152, -6.64, -7.434, -8.17, -8.32, -8.03, -7.797, -7.81, -7.95, -8.38, -9.086, -9.49, -9.63, -9.82, -9.79, -9.39, -9.13, -9.35, -9.97, -10.875, -11.57, -11.83, -11.805, -11.68, -11.33, -10.65, -9.91, -9.445, -9.266, -9.19, -9.195, -9.414, -9.6, -9.38, -8.836, -8.48, -8.69, -9.21, -9.61, -9.69, -9.516, -9.17, -8.73, -8.305, -7.94, -7.652, -7.332, -7.04, -6.855, -6.844, -7.01
-6.324, -6.46, -6.7, -7.043, -7.438, -7.85, -8.29, -8.766, -9.3, -9.83, -10.305, -10.586, -10.61, -10.32, -9.875, -9.44, -9.12, -9.016, -8.984, -8.836, -8.42, -7.8, -7.19, -6.703, -6.31, -5.977, -5.715, -5.61, -5.71, -5.99, -6.37, -6.816, -7.336, -7.895, -8.5, -9.11, -9.64, -9.97, -10.01, -9.79, -9.336, -8.695, -7.906, -6.96, -5.99, -5.16, -4.61, -4.44, -4.676, -5.133, -5.65, -6.09, -6.38, -6.492, -6.49, -6.406, -6.2, -5.887, -5.496, -5.11, -4.754, -4.324, -3.844, -3.428, -3.242, -3.357, -3.635, -3.98, -4.273, -4.52, -4.82, -5.164, -5.57, -6.016, -6.38, -6.562, -6.516, -6.305, -6.156, -6.2, -6.38, -6.465, -6.363, -6.27, -6.496, -7.09, -7.805, -8.3, -8.414, -8.125, -7.586, -7.215, -7.656, -9.086, -10.805, -11.75, -11.48, -10.53, -9.766, -9.61, -9.83, -10.08, -10.3, -10.38, -10.13, -9.61, -9.06, -8.92, -9.37, -10.41, -12.01, -13.81, -15.375, -16.28, -16.52, -16.33, -15.84, -14.94, -14.016, -13.39, -12.875, -12.125, -11.04, -9.76, -8.516, -7.367, -6.457, -5.42, -4.785, -4.023, -4.047, -3.725, -4.387, -4.21, -5.473, -5.02, -6.367, -5.516, -6.668, -5.7, -6.57, -5.785, -6.227, -5.65, -5.66, -5.363, -5.227, -5.242, -5.465, -6.04, -6.652, -7.066, -7.426, -7.59, -7.594, -7.637, -7.85, -8.16, -8.55, -9.04, -9.38, -9.49, -9.5, -9.3, -8.88, -8.54, -8.46, -8.74, -9.195, -9.57, -9.64, -9.54, -9.37, -9.06, -8.586, -8.16, -7.9, -7.883, -8.01, -8.2, -8.51, -8.7, -8.51, -7.98, -7.5, -7.332, -7.414, -7.523, -7.53, -7.473, -7.42, -7.36, -7.297, -7.18, -6.926, -6.52, -6.113, -5.91, -5.98, -6.17
-4.297, -3.79, -3.426, -3.38, -3.709, -4.383, -5.336, -6.445, -7.586, -8.66, -9.625, -10.39, -10.94, -11.25, -11.37, -11.31, -11.14, -10.7, -9.92, -8.7, -7.082, -5.273, -3.627, -2.348, -1.389, -0.7163, -0.434, -0.721, -1.646, -3.031, -4.688, -6.37, -7.938, -9.28, -10.266, -10.72, -10.58, -9.8, -8.61, -7.254, -6.094, -5.316, -4.895, -4.613, -4.332, -3.967, -3.55, -3.242, -3.143, -3.264, -3.549, -3.867, -4.1, -4.152, -4.05, -3.807, -3.404, -2.875, -2.297, -1.798, -1.439, -1.046, -0.509, 0.2153, 1.0205, 1.712, 2.213, 2.393, 2.186, 1.56, 0.498, -0.8413, -2.24, -3.543, -4.598, -5.227, -5.406, -5.246, -4.996, -4.87, -4.867, -4.78, -4.508, -4.277, -4.406, -5.02, -5.883, -6.69, -7.215, -7.414, -7.395, -7.613, -8.66, -10.695, -12.94, -14.4, -14.44, -13.42, -12.18, -11.11, -10.25, -9.586, -9.17, -9.0, -8.94, -8.86, -8.88, -9.22, -10.08, -11.52, -13.484, -15.586, -17.48, -18.92, -19.81, -20.12, -19.92, -19.31, -18.66, -18.03, -16.84, -14.984, -12.58, -10.13, -7.973, -6.62, -5.527, -4.92, -4.32, -4.45, -3.668, -4.52, -3.215, -5.24, -3.531, -5.98, -3.889, -6.297, -4.25, -6.42, -4.83, -6.742, -5.652, -6.945, -5.984, -6.668, -6.113, -6.113, -5.81, -5.77, -6.016, -5.945, -6.0, -6.44, -6.96, -7.355, -7.75, -8.19, -8.45, -8.71, -9.01, -9.01, -8.68, -8.25, -7.758, -7.234, -6.82, -6.6, -6.543, -6.574, -6.555, -6.434, -6.31, -6.207, -6.15, -6.2, -6.344, -6.637, -7.035, -7.5, -7.91, -8.1, -7.934, -7.438, -6.76, -6.125, -5.605, -5.22, -5.03, -5.066, -5.336, -5.773, -6.223, -6.473, -6.33, -5.824, -5.207, -4.81, -4.7, -4.61
-1.216, -0.1714, 0.6167, 0.8457, 0.424, -0.623, -2.164, -3.94, -5.72, -7.33, -8.69, -9.86, -10.84, -11.664, -12.28, -12.65, -12.59, -11.99, -10.65, -8.63, -5.965, -3.076, -0.4126, 1.658, 3.14, 4.035, 4.258, 3.525, 1.83, -0.5312, -3.238, -5.99, -8.52, -10.63, -12.07, -12.52, -11.89, -10.24, -7.945, -5.594, -3.766, -2.795, -2.63, -2.934, -3.26, -3.363, -3.174, -2.816, -2.488, -2.3, -2.32, -2.51, -2.703, -2.803, -2.766, -2.541, -2.059, -1.291, -0.3352, 0.592, 1.359, 2.07, 2.889, 3.951, 5.25, 6.57, 7.6, 8.11, 7.883, 6.85, 5.113, 2.938, 0.7256, -1.293, -2.912, -3.979, -4.46, -4.47, -4.266, -4.11, -4.02, -3.867, -3.55, -3.234, -3.248, -3.777, -4.69, -5.723, -6.61, -7.27, -7.754, -8.445, -9.88, -12.13, -14.55, -16.22, -16.45, -15.42, -13.67, -11.62, -9.61, -7.957, -6.895, -6.555, -6.75, -7.285, -8.02, -8.945, -10.22, -11.98, -14.09, -16.27, -18.3, -20.06, -21.48, -22.34, -22.53, -22.36, -22.19, -21.78, -20.5, -18.11, -14.83, -11.086, -7.86, -5.605, -4.406, -3.578, -4.36, -3.605, -5.297, -3.365, -5.438, -2.996, -5.367, -2.273, -5.082, -1.945, -5.03, -2.71, -5.484, -4.53, -6.656, -6.652, -7.56, -7.15, -7.477, -6.504, -6.06, -4.99, -4.74, -4.44, -4.39, -5.062, -6.016, -6.684, -7.18, -7.652, -7.844, -7.89, -8.09, -7.99, -7.402, -6.75, -6.207, -5.562, -4.848, -4.22, -3.771, -3.568, -3.537, -3.508, -3.518, -3.686, -4.113, -4.688, -5.242, -5.79, -6.414, -7.03, -7.465, -7.582, -7.4, -6.902, -6.06, -4.945, -3.766, -2.863, -2.43, -2.535, -3.113, -4.004, -4.914, -5.484, -5.445, -4.84, -3.951, -3.21, -2.693, -2.086
2.686, 4.062, 4.984, 5.184, 4.56, 3.068, 0.911, -1.588, -4.016, -6.125, -7.805, -9.22, -10.414, -11.43, -12.26, -12.76, -12.75, -12.03, -10.484, -8.09, -4.99, -1.576, 1.652, 4.28, 6.164, 7.28, 7.484, 6.62, 4.61, 1.812, -1.463, -4.867, -8.12, -10.91, -12.91, -13.72, -13.12, -11.234, -8.52, -5.715, -3.475, -2.275, -2.07, -2.488, -3.023, -3.3, -3.195, -2.816, -2.348, -1.983, -1.879, -2.043, -2.355, -2.676, -2.924, -2.955, -2.555, -1.58, -0.1233, 1.557, 3.184, 4.64, 6.004, 7.414, 8.984, 10.5, 11.695, 12.21, 11.81, 10.41, 8.21, 5.582, 2.977, 0.633, -1.26, -2.605, -3.387, -3.701, -3.764, -3.795, -3.848, -3.816, -3.607, -3.334, -3.307, -3.736, -4.605, -5.715, -6.836, -7.793, -8.6, -9.56, -11.02, -13.06, -15.18, -16.61, -16.81, -15.664, -13.39, -10.5, -7.54, -5.19, -3.857, -3.623, -4.32, -5.617, -7.156, -8.734, -10.44, -12.38, -14.47, -16.53, -18.47, -20.33, -22.03, -23.17, -23.69, -23.92, -24.1, -23.86, -22.69, -20.34, -16.92, -12.73, -8.484, -5.215, -2.418, -2.16, -1.432, -3.35, -1.881, -3.793, 0.04297, -4.043, 3.062, -4.25, 5.273, -4.47, 5.24, -4.812, 2.867, -5.26, -1.008, -6.33, -5.016, -6.65, -6.258, -5.93, -5.035, -3.883, -3.133, -3.098, -3.094, -3.652, -4.574, -5.316, -5.84, -6.36, -6.55, -6.47, -6.504, -6.332, -5.66, -5.02, -4.562, -3.94, -3.127, -2.312, -1.656, -1.343, -1.374, -1.473, -1.608, -1.983, -2.748, -3.682, -4.48, -5.13, -5.777, -6.387, -6.703, -6.664, -6.43, -5.93, -4.953, -3.434, -1.746, -0.425, 0.1366, -0.06396, -0.8945, -2.072, -3.209, -3.932, -3.89, -3.12, -1.934, -0.771, 0.2559, 1.387
7.04, 8.49, 9.38, 9.45, 8.55, 6.598, 3.807, 0.588, -2.508, -5.133, -7.12, -8.63, -9.81, -10.72, -11.37, -11.69, -11.53, -10.695, -9.17, -6.965, -4.18, -0.953, 2.303, 5.188, 7.426, 8.86, 9.36, 8.75, 6.996, 4.285, 0.9443, -2.686, -6.312, -9.65, -12.3, -13.78, -13.81, -12.47, -10.16, -7.543, -5.246, -3.76, -3.164, -3.174, -3.357, -3.352, -3.074, -2.613, -2.135, -1.819, -1.852, -2.25, -2.893, -3.62, -4.29, -4.684, -4.453, -3.314, -1.307, 1.275, 4.02, 6.543, 8.71, 10.53, 12.17, 13.6, 14.555, 14.78, 14.016, 12.234, 9.734, 7.06, 4.484, 2.271, 0.4448, -0.981, -2.006, -2.68, -3.156, -3.584, -3.96, -4.21, -4.273, -4.227, -4.293, -4.695, -5.492, -6.6, -7.812, -8.945, -9.914, -10.89, -12.08, -13.47, -14.805, -15.62, -15.445, -14.03, -11.39, -7.92, -4.508, -2.02, -0.887, -1.083, -2.365, -4.375, -6.637, -8.805, -10.88, -12.96, -14.945, -16.77, -18.52, -20.3, -21.98, -23.25, -23.95, -24.48, -24.84, -24.6, -23.42, -21.36, -18.25, -14.09, -9.67, -5.105, -1.965, 0.5654, 0.08203, 3.055, 0.207, 7.53, -0.9375, 10.52, -2.805, 11.75, -3.812, 11.836, -3.453, 10.28, -3.055, 7.375, -2.773, 3.742, -3.809, -0.502, -4.54, -3.236, -4.113, -2.93, -2.05, -1.858, -1.802, -2.002, -2.693, -3.41, -3.924, -4.402, -4.613, -4.406, -4.242, -4.12, -3.703, -3.29, -3.027, -2.596, -1.926, -1.159, -0.4897, -0.1857, -0.2651, -0.4365, -0.628, -1.095, -1.995, -3.04, -3.855, -4.434, -4.965, -5.402, -5.5, -5.293, -4.977, -4.48, -3.373, -1.581, 0.4353, 1.928, 2.463, 2.088, 1.105, -0.1443, -1.277, -1.913, -1.724, -0.709, 0.8125, 2.396, 3.904, 5.453
11.31, 12.75, 13.57, 13.51, 12.36, 10.05, 6.746, 2.941, -0.7886, -3.938, -6.305, -8.0, -9.09, -9.75, -10.02, -9.95, -9.47, -8.55, -7.2, -5.55, -3.562, -1.102, 1.776, 4.766, 7.414, 9.38, 10.44, 10.43, 9.22, 6.934, 3.87, 0.3271, -3.412, -7.14, -10.41, -12.71, -13.67, -13.35, -11.98, -10.03, -7.984, -6.297, -5.156, -4.406, -3.809, -3.166, -2.498, -1.919, -1.577, -1.607, -2.113, -3.03, -4.188, -5.375, -6.434, -7.09, -6.94, -5.652, -3.145, 0.268, 4.047, 7.707, 10.82, 13.22, 14.97, 16.2, 16.78, 16.52, 15.24, 13.055, 10.39, 7.754, 5.445, 3.55, 1.972, 0.6284, -0.5234, -1.514, -2.406, -3.234, -4.0, -4.594, -5.02, -5.34, -5.66, -6.13, -6.895, -7.984, -9.27, -10.484, -11.51, -12.336, -13.06, -13.56, -13.83, -13.63, -12.86, -11.14, -8.26, -4.656, -1.308, 0.813, 1.428, 0.752, -0.9404, -3.395, -6.164, -8.84, -11.3, -13.51, -15.38, -17.02, -18.56, -20.2, -21.77, -22.94, -23.78, -24.47, -24.88, -24.53, -23.34, -21.44, -18.73, -15.195, -10.77, -5.95, -0.333, 1.801, 6.973, 3.73, 10.86, 1.625, 11.96, -1.1875, 16.27, -2.938, 21.45, -2.89, 23.11, -1.734, 18.28, -0.2344, 10.836, 1.242, 4.555, 0.0, 0.922, -1.895, -1.332, -2.387, -0.8765, -0.75, -0.472, -0.36, -0.7837, -1.428, -1.78, -2.025, -2.148, -1.8545, -1.608, -1.707, -1.755, -1.694, -1.693, -1.559, -1.16, -0.6006, -0.04962, 0.2079, 0.11914, -0.06995, -0.2717, -0.739, -1.619, -2.615, -3.338, -3.77, -4.11, -4.312, -4.2, -3.842, -3.455, -2.902, -1.68, 0.295, 2.443, 3.912, 4.31, 3.791, 2.78, 1.627, 0.663, 0.2522, 0.6753, 1.955, 3.8, 5.785, 7.703, 9.56
14.945, 16.5, 17.34, 17.28, 16.1, 13.63, 10.06, 5.836, 1.582, -2.084, -4.96, -6.973, -8.17, -8.68, -8.63, -8.164, -7.39, -6.36, -5.297, -4.316, -3.252, -1.675, 0.7207, 3.78, 6.95, 9.64, 11.46, 12.14, 11.57, 9.76, 7.02, 3.701, -0.0337, -4.01, -7.793, -10.82, -12.71, -13.39, -13.03, -11.87, -10.25, -8.55, -6.957, -5.48, -4.06, -2.72, -1.628, -0.99, -0.964, -1.596, -2.834, -4.44, -6.14, -7.7, -8.93, -9.59, -9.375, -7.867, -4.99, -1.039, 3.506, 8.06, 12.12, 15.266, 17.4, 18.62, 18.94, 18.28, 16.52, 13.93, 11.08, 8.4, 6.227, 4.496, 3.045, 1.734, 0.5127, -0.6475, -1.777, -2.865, -3.865, -4.742, -5.527, -6.25, -6.91, -7.535, -8.31, -9.39, -10.71, -12.0, -13.05, -13.75, -13.97, -13.6, -12.7, -11.445, -9.93, -7.87, -4.992, -1.583, 1.349, 2.97, 3.154, 2.215, 0.332, -2.346, -5.457, -8.56, -11.42, -13.86, -15.79, -17.3, -18.69, -20.16, -21.52, -22.62, -23.45, -24.22, -24.55, -24.1, -22.98, -21.39, -19.22, -16.0, -11.805, -5.4, -0.4424, 5.555, 5.11, 11.266, 4.32, 19.62, 1.844, 36.88, -2.938, 50.8, -7.42, 55.9, -8.7, 53.2, -5.594, 42.22, -1.219, 26.66, 2.36, 10.695, 1.527, 2.082, -0.3086, -0.7188, -0.336, 0.5806, 0.572, 0.8584, 0.658, 0.2812, 0.2905, 0.4695, 0.507, 0.774, 0.9365, 0.537, 0.02234, -0.2449, -0.4685, -0.6294, -0.557, -0.2194, 0.1774, 0.3801, 0.3044, 0.1156, -0.1301, -0.6157, -1.456, -2.379, -3.037, -3.383, -3.582, -3.611, -3.336, -2.865, -2.387, -1.705, -0.3506, 1.742, 3.914, 5.293, 5.56, 4.973, 4.027, 3.078, 2.361, 2.197, 2.809, 4.266, 6.336, 8.67, 10.9, 13.03
17.67, 19.48, 20.6, 20.72, 19.72, 17.36, 13.77, 9.37, 4.7, 0.4587, -2.941, -5.438, -6.957, -7.582, -7.465, -6.83, -5.906, -4.902, -4.066, -3.57, -3.16, -2.223, -0.207, 2.951, 6.656, 10.13, 12.74, 14.13, 14.07, 12.64, 10.16, 6.938, 3.217, -0.924, -5.074, -8.59, -11.086, -12.445, -12.72, -12.164, -10.984, -9.47, -7.746, -5.918, -4.03, -2.281, -0.9785, -0.448, -0.8643, -2.184, -4.17, -6.406, -8.5, -10.17, -11.29, -11.78, -11.375, -9.7, -6.637, -2.428, 2.44, 7.55, 12.41, 16.39, 19.27, 20.95, 21.4, 20.62, 18.62, 15.74, 12.62, 9.7, 7.293, 5.273, 3.547, 2.031, 0.6963, -0.5195, -1.675, -2.754, -3.766, -4.727, -5.734, -6.82, -7.816, -8.63, -9.44, -10.44, -11.734, -13.08, -14.18, -14.88, -14.88, -13.89, -12.055, -9.84, -7.6, -5.266, -2.44, 0.6885, 3.28, 4.598, 4.625, 3.645, 1.748, -1.008, -4.37, -7.89, -11.16, -13.914, -16.02, -17.61, -18.92, -20.2, -21.44, -22.3, -23.08, -23.8, -24.05, -23.48, -22.52, -21.33, -19.56, -17.0, -12.66, -7.1, 0.1602, 3.674, 13.55, 7.438, 27.38, 2.969, 39.34, -6.625, 42.75, -12.34, 45.28, -11.59, 44.22, -8.875, 42.06, -3.969, 35.5, 1.328, 27.84, 4.58, 15.04, 2.793, 4.832, 0.02344, 0.4365, 0.695, 1.106, 1.467, 1.732, 1.698, 2.07, 2.625, 2.844, 3.006, 3.043, 2.43, 1.614, 1.113, 0.7246, 0.354, 0.208, 0.3655, 0.6304, 0.7915, 0.7295, 0.4924, 0.1162, -0.487, -1.363, -2.31, -3.04, -3.43, -3.607, -3.57, -3.246, -2.71, -2.107, -1.232, 0.3235, 2.53, 4.695, 5.996, 6.19, 5.625, 4.79, 4.06, 3.578, 3.582, 4.27, 5.754, 7.92, 10.49, 13.06, 15.484
19.31, 21.56, 23.14, 23.67, 22.97, 20.9, 17.45, 12.98, 8.06, 3.398, -0.5737, -3.613, -5.605, -6.58, -6.68, -6.16, -5.305, -4.37, -3.66, -3.322, -3.133, -2.428, -0.547, 2.688, 6.812, 10.945, 14.25, 16.22, 16.61, 15.4, 12.984, 9.766, 6.004, 1.78, -2.523, -6.266, -9.0, -10.586, -11.125, -10.8, -9.92, -8.69, -7.246, -5.625, -3.865, -2.229, -1.094, -0.8535, -1.699, -3.545, -6.004, -8.57, -10.75, -12.27, -13.09, -13.32, -12.734, -11.09, -8.09, -3.969, 0.9062, 6.27, 11.69, 16.6, 20.42, 22.97, 24.08, 23.61, 21.67, 18.7, 15.36, 12.07, 9.01, 6.188, 3.717, 1.682, 0.0871, -1.187, -2.244, -3.145, -3.938, -4.76, -5.824, -7.133, -8.43, -9.42, -10.21, -11.06, -12.25, -13.586, -14.82, -15.69, -15.82, -14.7, -12.35, -9.42, -6.55, -3.883, -1.029, 1.986, 4.453, 5.797, 5.953, 5.094, 3.283, 0.516, -2.979, -6.76, -10.445, -13.61, -16.02, -17.77, -19.19, -20.45, -21.4, -22.06, -22.69, -23.31, -23.44, -22.8, -21.94, -21.05, -19.92, -17.92, -14.46, -7.45, -1.744, 8.945, 6.82, 20.44, 3.0, 30.03, -3.594, 55.88, -8.89, 91.1, -12.42, 108.6, -15.94, 103.1, -12.375, 80.9, -2.703, 46.25, 5.36, 22.4, 6.508, 10.22, 3.953, 3.916, 0.6943, 1.578, 1.196, 1.798, 2.383, 2.74, 3.318, 4.145, 4.523, 4.664, 4.62, 3.975, 3.05, 2.412, 1.938, 1.488, 1.249, 1.281, 1.459, 1.591, 1.492, 1.126, 0.536, -0.2551, -1.248, -2.32, -3.215, -3.783, -4.055, -4.07, -3.791, -3.236, -2.486, -1.383, 0.374, 2.666, 4.824, 6.098, 6.293, 5.785, 5.086, 4.516, 4.207, 4.297, 4.945, 6.31, 8.42, 11.1, 13.95, 16.72
19.98, 22.78, 24.86, 25.86, 25.55, 23.77, 20.56, 16.11, 11.05, 6.027, 1.636, -1.91, -4.4, -5.793, -6.25, -6.027, -5.36, -4.52, -3.785, -3.34, -3.002, -2.207, -0.3184, 2.928, 7.188, 11.66, 15.49, 17.98, 18.78, 17.88, 15.63, 12.45, 8.64, 4.37, 0.03044, -3.793, -6.57, -8.164, -8.65, -8.35, -7.64, -6.773, -5.88, -4.902, -3.83, -2.799, -2.152, -2.273, -3.375, -5.383, -7.895, -10.34, -12.3, -13.5, -14.06, -14.07, -13.53, -12.08, -9.42, -5.625, -0.898, 4.52, 10.33, 15.94, 20.77, 24.38, 26.39, 26.67, 25.14, 22.42, 19.0, 15.305, 11.39, 7.504, 4.008, 1.158, -0.8984, -2.31, -3.305, -3.994, -4.496, -5.066, -6.016, -7.445, -8.95, -10.13, -10.86, -11.484, -12.414, -13.64, -15.0, -16.22, -16.83, -16.08, -13.734, -10.36, -6.96, -3.857, -0.796, 2.254, 4.84, 6.414, 6.863, 6.258, 4.6, 1.976, -1.474, -5.387, -9.35, -12.88, -15.61, -17.67, -19.3, -20.61, -21.45, -21.92, -22.28, -22.69, -22.61, -21.97, -21.17, -20.53, -19.67, -18.47, -14.64, -9.55, -1.34, 1.559, 14.67, 5.11, 40.0, -0.875, 78.94, -22.9, 92.5, -47.6, 77.6, -54.53, 66.06, -50.53, 75.0, -38.7, 83.44, -15.59, 63.7, 4.03, 29.75, 5.484, 9.42, 2.762, 2.297, 1.652, 2.102, 2.174, 2.916, 3.305, 3.93, 4.926, 5.555, 5.76, 5.78, 5.25, 4.336, 3.635, 3.135, 2.684, 2.412, 2.375, 2.475, 2.545, 2.354, 1.794, 0.9805, 0.02231, -1.075, -2.27, -3.352, -4.094, -4.504, -4.64, -4.477, -3.943, -3.084, -1.788, 0.1212, 2.459, 4.58, 5.848, 6.082, 5.664, 5.066, 4.625, 4.41, 4.51, 5.03, 6.164, 8.06, 10.7, 13.76, 16.9
19.7, 23.0, 25.6, 27.02, 27.05, 25.56, 22.48, 18.1, 12.91, 7.74, 3.102, -0.714, -3.508, -5.24, -6.008, -6.055, -5.562, -4.78, -3.94, -3.266, -2.66, -1.682, 0.1829, 3.21, 7.24, 11.664, 15.77, 18.8, 20.25, 20.02, 18.22, 15.37, 11.695, 7.484, 3.09, -0.8027, -3.666, -5.324, -5.87, -5.645, -5.12, -4.7, -4.47, -4.332, -4.12, -3.848, -3.754, -4.14, -5.254, -7.05, -9.18, -11.21, -12.73, -13.62, -14.086, -14.24, -13.94, -12.84, -10.586, -7.113, -2.543, 2.902, 8.94, 14.98, 20.45, 24.95, 27.9, 29.05, 28.34, 26.06, 22.83, 18.8, 14.15, 9.29, 4.74, 1.049, -1.603, -3.338, -4.402, -5.023, -5.38, -5.746, -6.555, -7.977, -9.63, -10.94, -11.61, -11.98, -12.555, -13.61, -15.05, -16.7, -17.95, -17.84, -15.85, -12.38, -8.53, -4.98, -1.641, 1.599, 4.332, 6.188, 6.992, 6.727, 5.38, 3.008, -0.2214, -4.07, -8.16, -11.85, -14.914, -17.28, -19.23, -20.62, -21.45, -21.67, -21.81, -21.9, -21.58, -20.8, -20.03, -19.45, -19.1, -17.98, -15.45, -9.11, -4.867, 8.484, 3.984, 29.75, -2.969, 43.25, -22.81, 47.3, -18.1, 65.7, 12.94, 77.9, 31.53, 76.75, 11.66, 64.25, -5.938, 47.06, -7.03, 37.88, 5.14, 21.6, 6.08, 9.08, 2.486, 3.316, 2.508, 2.783, 3.213, 3.629, 4.156, 5.24, 6.09, 6.445, 6.613, 6.258, 5.43, 4.703, 4.207, 3.762, 3.453, 3.326, 3.318, 3.248, 2.88, 2.139, 1.178, 0.1716, -0.9155, -2.121, -3.262, -4.094, -4.6, -4.875, -4.848, -4.375, -3.445, -2.027, -0.0746, 2.203, 4.254, 5.492, 5.79, 5.473, 4.996, 4.65, 4.504, 4.59, 4.95, 5.773, 7.336, 9.72, 12.75, 16.2
18.66, 22.34, 25.27, 26.98, 27.27, 25.88, 22.81, 18.47, 13.34, 8.21, 3.637, -0.12427, -2.947, -4.77, -5.707, -5.89, -5.48, -4.668, -3.729, -2.885, -2.123, -1.141, 0.4785, 3.0, 6.418, 10.45, 14.63, 18.27, 20.7, 21.53, 20.81, 18.73, 15.586, 11.586, 7.156, 3.047, -0.1418, -2.172, -3.123, -3.303, -3.232, -3.334, -3.742, -4.29, -4.74, -4.992, -5.207, -5.617, -6.477, -7.8, -9.36, -10.81, -11.945, -12.78, -13.48, -14.01, -14.13, -13.336, -11.266, -7.832, -3.258, 2.22, 8.19, 14.23, 19.97, 24.89, 28.45, 30.33, 30.34, 28.81, 25.89, 21.84, 16.83, 11.36, 6.105, 1.706, -1.567, -3.738, -5.094, -5.895, -6.324, -6.66, -7.387, -8.77, -10.52, -11.95, -12.6, -12.81, -13.11, -13.87, -15.28, -17.19, -19.0, -19.58, -18.16, -14.87, -10.82, -6.918, -3.309, 0.04395, 2.914, 4.965, 6.09, 6.22, 5.285, 3.338, 0.4739, -3.137, -7.074, -10.82, -14.01, -16.67, -18.89, -20.48, -21.33, -21.5, -21.33, -21.12, -20.5, -19.52, -18.69, -18.23, -17.77, -17.11, -13.66, -9.99, -2.04, -1.266, 14.62, 0.547, 44.94, -10.16, 101.0, -29.06, 142.5, -70.1, 110.94, -111.56, 82.9, -109.9, 104.8, -76.1, 131.0, -25.64, 89.9, 0.1406, 40.44, 6.36, 14.58, 5.645, 5.95, 3.75, 4.285, 3.496, 3.771, 3.84, 4.22, 5.285, 6.316, 6.867, 7.184, 7.02, 6.26, 5.516, 4.99, 4.527, 4.133, 3.857, 3.658, 3.373, 2.807, 1.931, 0.9673, 0.05585, -0.892, -1.979, -3.033, -3.822, -4.35, -4.71, -4.8, -4.375, -3.422, -1.975, -0.0829, 2.047, 3.951, 5.17, 5.53, 5.35, 5.02, 4.8, 4.758, 4.855, 5.086, 5.574, 6.64, 8.57, 11.37, 14.84
17.02, 20.89, 24.02, 25.83, 26.19, 24.8, 21.7, 17.39, 12.48, 7.68, 3.479, 0.0376, -2.562, -4.28, -5.18, -5.36, -4.945, -4.094, -3.092, -2.229, -1.551, -0.8325, 0.2886, 2.092, 4.72, 8.18, 12.234, 16.42, 20.05, 22.45, 23.27, 22.38, 20.12, 16.55, 12.234, 7.82, 4.066, 1.312, -0.4531, -1.453, -2.14, -2.877, -3.78, -4.7, -5.395, -5.75, -5.883, -6.047, -6.492, -7.273, -8.3, -9.34, -10.32, -11.33, -12.445, -13.484, -13.945, -13.25, -11.08, -7.42, -2.621, 2.898, 8.664, 14.43, 19.86, 24.66, 28.38, 30.56, 31.16, 30.11, 27.6, 23.73, 18.81, 13.35, 7.887, 3.08, -0.652, -3.268, -5.066, -6.293, -7.07, -7.63, -8.4, -9.75, -11.52, -13.03, -13.82, -14.06, -14.18, -14.695, -15.89, -17.88, -19.92, -21.03, -20.19, -17.33, -13.39, -9.32, -5.582, -2.152, 0.7544, 2.943, 4.348, 4.875, 4.426, 2.941, 0.501, -2.73, -6.39, -9.97, -13.18, -16.02, -18.45, -20.28, -21.27, -21.39, -21.17, -20.75, -19.83, -18.55, -17.47, -16.73, -16.39, -15.26, -13.14, -7.992, -6.008, 7.75, 1.344, 36.88, -8.78, 56.78, -40.97, 39.0, -30.22, -0.4219, 57.88, -33.7, 111.0, -31.44, 63.38, -2.188, -15.875, 41.16, -26.25, 53.94, 1.297, 32.97, 8.03, 14.34, 5.32, 6.176, 4.9, 4.695, 4.348, 4.246, 4.29, 5.242, 6.37, 7.086, 7.55, 7.484, 6.773, 6.01, 5.44, 4.914, 4.375, 3.883, 3.432, 2.908, 2.186, 1.298, 0.4436, -0.29, -1.046, -1.947, -2.852, -3.54, -4.047, -4.445, -4.582, -4.168, -3.203, -1.806, -0.0666, 1.8545, 3.623, 4.824, 5.336, 5.34, 5.21, 5.176, 5.277, 5.44, 5.59, 5.79, 6.348, 7.64, 9.97, 13.25
15.09, 18.89, 21.98, 23.8, 24.05, 22.6, 19.58, 15.48, 10.96, 6.73, 3.057, 0.05823, -2.205, -3.729, -4.516, -4.652, -4.18, -3.287, -2.295, -1.549, -1.139, -0.8633, -0.3608, 0.7, 2.527, 5.332, 9.16, 13.766, 18.56, 22.58, 25.14, 25.88, 24.72, 21.92, 17.8, 13.16, 8.74, 5.082, 2.299, 0.2266, -1.409, -2.836, -4.105, -5.11, -5.69, -5.785, -5.57, -5.32, -5.312, -5.69, -6.395, -7.277, -8.3, -9.57, -11.055, -12.4, -13.03, -12.234, -9.76, -5.74, -0.61, 4.977, 10.54, 15.79, 20.66, 24.97, 28.31, 30.44, 31.22, 30.39, 28.11, 24.48, 19.88, 14.77, 9.49, 4.695, 0.8135, -2.115, -4.344, -6.08, -7.383, -8.33, -9.29, -10.664, -12.43, -14.055, -15.07, -15.516, -15.68, -15.99, -16.9, -18.66, -20.72, -22.06, -21.66, -19.34, -15.766, -11.84, -8.08, -4.61, -1.621, 0.682, 2.295, 3.17, 3.146, 2.1, 0.03943, -2.854, -6.18, -9.484, -12.555, -15.42, -18.0, -20.1, -21.28, -21.6, -21.42, -21.0, -19.9, -18.38, -16.94, -15.945, -15.09, -14.05, -10.6, -8.19, -1.297, -2.195, 14.766, -1.766, 45.44, -13.59, 104.94, -26.0, 155.8, -63.94, 127.6, -136.6, 94.5, -139.1, 119.4, -70.44, 146.1, -17.97, 101.25, -0.1562, 47.4, 6.36, 19.28, 8.12, 9.984, 6.59, 7.195, 5.625, 5.156, 4.56, 4.395, 5.19, 6.38, 7.19, 7.734, 7.734, 7.055, 6.26, 5.63, 4.973, 4.246, 3.549, 2.883, 2.215, 1.471, 0.679, -0.02075, -0.592, -1.198, -1.975, -2.785, -3.441, -3.96, -4.4, -4.53, -4.094, -3.111, -1.798, -0.2524, 1.469, 3.135, 4.4, 5.098, 5.367, 5.492, 5.664, 5.938, 6.22, 6.34, 6.344, 6.45, 7.11, 8.75, 11.555
13.07, 16.47, 19.39, 21.1, 21.28, 19.84, 17.03, 13.35, 9.45, 5.832, 2.695, 0.11096, -1.892, -3.26, -3.998, -4.082, -3.576, -2.66, -1.725, -1.141, -1.037, -1.184, -1.19, -0.709, 0.5303, 2.783, 6.312, 11.07, 16.61, 22.02, 26.23, 28.5, 28.7, 26.72, 23.1, 18.39, 13.516, 9.08, 5.332, 2.219, -0.3647, -2.469, -4.047, -5.027, -5.35, -5.082, -4.48, -3.896, -3.627, -3.828, -4.395, -5.2, -6.23, -7.56, -9.13, -10.48, -10.99, -10.02, -7.316, -2.996, 2.328, 7.973, 13.31, 18.17, 22.44, 26.05, 28.94, 30.75, 31.33, 30.45, 28.08, 24.58, 20.2, 15.414, 10.5, 5.996, 2.25, -0.7275, -3.205, -5.367, -7.176, -8.59, -9.83, -11.26, -13.0, -14.734, -16.03, -16.83, -17.27, -17.6, -18.23, -19.6, -21.39, -22.72, -22.53, -20.77, -17.72, -14.164, -10.46, -6.863, -3.744, -1.263, 0.5776, 1.734, 1.999, 1.2, -0.64, -3.295, -6.34, -9.375, -12.21, -14.94, -17.56, -19.83, -21.31, -21.94, -22.11, -21.83, -20.92, -19.22, -17.5, -15.99, -14.83, -12.984, -10.44, -5.953, -5.164, 6.8, 0.2656, 36.38, -7.812, 63.97, -43.8, 40.25, -42.8, -36.8, 67.9, -103.0, 134.9, -100.44, 79.25, -39.7, -29.06, 40.66, -32.8, 62.75, 2.156, 38.3, 9.58, 17.47, 7.758, 9.03, 7.457, 6.836, 5.742, 5.023, 4.535, 5.223, 6.39, 7.254, 7.84, 7.895, 7.258, 6.445, 5.707, 4.89, 4.0, 3.178, 2.457, 1.816, 1.184, 0.549, -0.011536, -0.4963, -1.061, -1.839, -2.71, -3.47, -4.105, -4.6, -4.723, -4.234, -3.281, -2.09, -0.7275, 0.835, 2.469, 3.865, 4.79, 5.316, 5.69, 6.07, 6.477, 6.836, 6.984, 6.863, 6.66, 6.78, 7.78, 9.96
11.01, 14.01, 16.61, 18.22, 18.39, 17.11, 14.65, 11.54, 8.3, 5.254, 2.545, 0.2002, -1.691, -3.074, -3.86, -3.98, -3.469, -2.56, -1.656, -1.183, -1.264, -1.649, -1.918, -1.716, -0.796, 1.105, 4.297, 8.875, 14.65, 20.8, 26.23, 29.9, 31.31, 30.34, 27.39, 23.02, 18.05, 13.18, 8.766, 4.87, 1.504, -1.238, -3.186, -4.207, -4.387, -3.908, -3.14, -2.473, -2.197, -2.385, -2.865, -3.46, -4.215, -5.22, -6.46, -7.523, -7.793, -6.676, -3.941, 0.349, 5.61, 11.12, 16.34, 20.89, 24.78, 28.02, 30.45, 31.9, 32.16, 31.0, 28.33, 24.66, 20.23, 15.55, 10.85, 6.574, 3.117, 0.3442, -2.09, -4.43, -6.58, -8.39, -9.95, -11.5, -13.27, -15.05, -16.61, -17.83, -18.7, -19.3, -19.81, -20.7, -22.06, -23.11, -23.0, -21.58, -19.14, -16.02, -12.51, -8.766, -5.33, -2.518, -0.3948, 0.9937, 1.395, 0.65, -1.16, -3.729, -6.6, -9.36, -11.95, -14.47, -17.05, -19.38, -21.12, -22.19, -22.81, -23.0, -22.36, -20.9, -19.02, -17.36, -15.625, -13.6, -9.61, -7.016, -1.516, -2.227, 12.125, -0.2656, 41.66, -7.47, 99.56, -23.56, 148.2, -70.5, 121.9, -146.9, 89.0, -141.8, 113.6, -66.2, 144.2, -9.44, 103.94, 4.64, 47.88, 7.03, 20.14, 9.05, 11.695, 8.64, 9.4, 7.44, 6.426, 5.3, 4.727, 5.33, 6.535, 7.45, 8.07, 8.18, 7.53, 6.65, 5.777, 4.824, 3.873, 3.082, 2.488, 2.025, 1.583, 1.118, 0.6543, 0.1753, -0.4573, -1.379, -2.453, -3.445, -4.27, -4.855, -4.977, -4.5, -3.61, -2.576, -1.393, 0.06665, 1.726, 3.271, 4.426, 5.168, 5.703, 6.188, 6.637, 7.004, 7.156, 6.973, 6.574, 6.344, 6.824, 8.43
9.01, 11.58, 13.93, 15.44, 15.72, 14.71, 12.73, 10.21, 7.54, 4.914, 2.447, 0.1715, -1.781, -3.281, -4.176, -4.35, -3.848, -2.93, -2.04, -1.595, -1.715, -2.13, -2.422, -2.244, -1.386, 0.356, 3.201, 7.36, 12.86, 19.16, 25.25, 29.89, 32.3, 32.47, 30.42, 26.7, 21.98, 17.14, 12.48, 8.12, 4.203, 0.923, -1.436, -2.703, -3.002, -2.63, -2.021, -1.572, -1.483, -1.699, -1.975, -2.105, -2.186, -2.48, -3.074, -3.664, -3.688, -2.588, -0.0764, 3.812, 8.586, 13.78, 18.81, 23.36, 27.14, 30.28, 32.56, 33.78, 33.78, 32.25, 29.25, 25.14, 20.4, 15.44, 10.6, 6.35, 3.098, 0.665, -1.475, -3.67, -5.918, -8.016, -9.875, -11.61, -13.41, -15.195, -16.92, -18.55, -19.98, -20.92, -21.45, -22.08, -22.86, -23.44, -23.16, -21.88, -19.89, -17.23, -13.984, -10.195, -6.38, -3.125, -0.6113, 0.994, 1.43, 0.582, -1.325, -3.92, -6.727, -9.32, -11.67, -14.016, -16.42, -18.73, -20.7, -22.05, -23.14, -23.84, -23.78, -22.75, -21.05, -19.3, -17.5, -14.914, -11.516, -6.945, -5.69, 3.64, -0.5156, 27.08, -3.156, 52.62, -25.25, 45.75, -13.69, 15.66, 65.6, -15.0, 118.9, -12.25, 72.4, 18.19, -5.72, 50.12, -17.88, 53.2, 4.08, 33.25, 9.31, 16.67, 8.516, 10.44, 9.125, 8.27, 6.83, 5.74, 5.05, 5.71, 6.984, 7.965, 8.65, 8.69, 7.953, 6.926, 5.914, 4.902, 4.004, 3.395, 3.04, 2.805, 2.553, 2.203, 1.7705, 1.227, 0.4336, -0.713, -2.057, -3.297, -4.277, -4.938, -5.08, -4.66, -3.916, -3.072, -2.037, -0.6196, 1.113, 2.812, 4.12, 5.0, 5.58, 6.008, 6.348, 6.605, 6.656, 6.402, 5.906, 5.5, 5.68, 6.87
7.082, 9.37, 11.516, 12.99, 13.44, 12.766, 11.234, 9.18, 6.89, 4.516, 2.137, -0.1552, -2.19, -3.785, -4.746, -4.926, -4.39, -3.457, -2.58, -2.158, -2.262, -2.625, -2.832, -2.56, -1.631, 0.05975, 2.652, 6.316, 11.234, 17.12, 23.28, 28.48, 31.9, 33.06, 32.03, 29.22, 25.23, 20.7, 16.1, 11.6, 7.34, 3.668, 0.881, -0.79, -1.455, -1.476, -1.288, -1.228, -1.391, -1.602, -1.534, -1.001, -0.1803, 0.5044, 0.7715, 0.74, 0.873, 1.773, 3.797, 6.96, 11.03, 15.62, 20.42, 24.92, 28.9, 32.12, 34.5, 35.78, 35.62, 33.84, 30.55, 26.0, 20.8, 15.25, 9.914, 5.438, 2.26, 0.1527, -1.549, -3.398, -5.547, -7.793, -9.914, -11.87, -13.74, -15.516, -17.28, -19.16, -20.97, -22.31, -23.08, -23.53, -23.81, -23.83, -23.1, -21.7, -19.92, -17.75, -14.85, -11.13, -7.1, -3.387, -0.409, 1.496, 1.954, 0.9575, -1.129, -3.824, -6.65, -9.164, -11.4, -13.58, -15.805, -18.03, -20.02, -21.55, -22.83, -23.94, -24.47, -24.02, -22.83, -21.4, -19.62, -17.2, -13.02, -9.51, -5.047, -4.36, 5.35, -0.375, 30.66, -1.484, 82.9, -21.28, 124.3, -63.28, 102.94, -103.25, 73.6, -102.7, 93.9, -61.2, 121.75, -8.164, 89.94, 7.39, 39.3, 5.79, 16.02, 7.836, 11.055, 9.8, 10.695, 8.76, 7.492, 6.254, 5.79, 6.598, 7.957, 8.984, 9.58, 9.42, 8.47, 7.266, 6.152, 5.17, 4.438, 4.06, 3.93, 3.871, 3.709, 3.371, 2.863, 2.172, 1.154, -0.2415, -1.8, -3.168, -4.184, -4.816, -4.953, -4.598, -4.01, -3.35, -2.418, -0.9927, 0.8423, 2.662, 4.08, 4.957, 5.453, 5.688, 5.77, 5.766, 5.613, 5.246, 4.684, 4.23, 4.3, 5.254
5.297, 7.38, 9.4, 10.875, 11.47, 11.08, 9.89, 8.11, 6.03, 3.785, 1.477, -0.7583, -2.75, -4.29, -5.17, -5.26, -4.69, -3.771, -2.959, -2.623, -2.787, -3.178, -3.375, -3.064, -2.111, -0.4517, 1.93, 5.184, 9.484, 14.766, 20.67, 26.19, 30.33, 32.47, 32.5, 30.75, 27.56, 23.61, 19.28, 14.805, 10.39, 6.41, 3.252, 1.144, 0.02756, -0.462, -0.7485, -1.086, -1.461, -1.611, -1.194, -0.02173, 1.688, 3.365, 4.516, 5.05, 5.35, 5.977, 7.418, 9.805, 13.03, 16.89, 21.17, 25.52, 29.52, 33.0, 35.53, 36.9, 36.84, 35.03, 31.55, 26.72, 20.95, 14.805, 8.93, 4.14, 0.9053, -0.9517, -2.213, -3.643, -5.586, -7.9, -10.3, -12.53, -14.516, -16.3, -17.97, -19.83, -21.84, -23.5, -24.45, -24.88, -24.81, -24.27, -23.0, -21.3, -19.48, -17.58, -15.11, -11.69, -7.617, -3.588, -0.1307, 2.12, 2.674, 1.571, -0.6797, -3.518, -6.395, -8.945, -11.14, -13.2, -15.32, -17.44, -19.31, -20.78, -22.03, -23.3, -24.25, -24.36, -23.72, -22.77, -21.48, -19.31, -15.89, -11.2, -8.96, -2.262, -4.12, 11.56, -2.016, 29.2, -5.11, 41.84, 1.651, 66.2, 24.3, 83.7, 39.66, 87.5, 27.97, 76.5, 6.945, 50.47, -3.703, 32.8, 2.14, 20.23, 6.86, 13.91, 9.3, 11.92, 10.81, 9.79, 8.39, 7.44, 7.156, 8.13, 9.55, 10.42, 10.75, 10.27, 9.04, 7.68, 6.535, 5.65, 5.1, 4.92, 4.926, 4.902, 4.68, 4.207, 3.494, 2.545, 1.28, -0.3137, -1.95, -3.268, -4.15, -4.65, -4.703, -4.35, -3.867, -3.303, -2.383, -0.867, 1.084, 2.979, 4.395, 5.184, 5.457, 5.395, 5.13, 4.78, 4.36, 3.822, 3.22, 2.791, 2.863, 3.703
3.889, 5.75, 7.65, 9.086, 9.766, 9.5, 8.41, 6.75, 4.77, 2.664, 0.557, -1.425, -3.15, -4.457, -5.14, -5.125, -4.52, -3.662, -2.998, -2.834, -3.193, -3.781, -4.164, -4.035, -3.209, -1.687, 0.5527, 3.547, 7.438, 12.27, 17.78, 23.42, 28.1, 31.16, 32.25, 31.5, 29.22, 25.81, 21.78, 17.39, 12.914, 8.72, 5.227, 2.781, 1.31, 0.4927, -0.1036, -0.6963, -1.202, -1.32, -0.6797, 0.8965, 3.19, 5.59, 7.445, 8.516, 9.06, 9.61, 10.62, 12.37, 14.8, 17.88, 21.52, 25.38, 29.2, 32.53, 35.0, 36.44, 36.38, 34.6, 31.22, 26.34, 20.34, 13.88, 7.703, 2.719, -0.507, -2.205, -3.12, -4.188, -5.926, -8.27, -10.91, -13.47, -15.695, -17.52, -18.98, -20.62, -22.48, -24.3, -25.42, -25.83, -25.58, -24.61, -22.9, -20.77, -18.8, -16.95, -14.79, -11.766, -7.93, -3.803, -0.0785, 2.477, 3.23, 2.152, -0.1638, -3.078, -6.06, -8.71, -10.984, -13.07, -15.09, -17.1, -18.8, -20.08, -20.98, -22.14, -23.25, -23.72, -23.56, -23.08, -22.34, -20.81, -17.58, -13.89, -10.016, -8.234, -2.078, -5.336, 14.95, -4.617, 49.12, -15.2, 69.8, -25.47, 69.1, -28.05, 63.25, -29.28, 68.7, -23.72, 72.06, -7.5, 55.38, 2.703, 24.98, 3.336, 12.97, 8.36, 12.09, 12.39, 12.96, 11.2, 10.04, 9.1, 9.12, 10.23, 11.49, 12.12, 12.06, 11.17, 9.664, 8.234, 7.113, 6.344, 5.97, 5.906, 5.92, 5.777, 5.336, 4.562, 3.537, 2.271, 0.763, -0.9214, -2.48, -3.596, -4.258, -4.555, -4.477, -4.074, -3.578, -2.986, -1.946, -0.2666, 1.806, 3.73, 5.04, 5.652, 5.64, 5.223, 4.613, 3.953, 3.287, 2.617, 2.002, 1.622, 1.723, 2.488
3.035, 4.664, 6.36, 7.684, 8.24, 7.875, 6.742, 5.086, 3.238, 1.3955, -0.333, -1.89, -3.223, -4.195, -4.652, -4.527, -3.928, -3.184, -2.701, -2.764, -3.4, -4.31, -5.082, -5.344, -4.887, -3.635, -1.588, 1.264, 4.973, 9.58, 14.93, 20.55, 25.69, 29.45, 31.44, 31.61, 30.05, 27.22, 23.5, 19.27, 14.74, 10.414, 6.668, 3.951, 2.309, 1.398, 0.7544, 0.1287, -0.404, -0.5405, 0.0974, 1.688, 4.094, 6.74, 8.96, 10.44, 11.35, 12.12, 13.14, 14.58, 16.48, 18.9, 21.73, 24.88, 28.08, 30.89, 32.97, 34.06, 33.84, 32.06, 28.78, 24.11, 18.4, 12.13, 6.195, 1.417, -1.656, -3.205, -3.953, -4.836, -6.406, -8.71, -11.47, -14.31, -16.88, -18.83, -20.23, -21.55, -23.14, -24.72, -25.88, -26.31, -25.98, -24.84, -22.78, -20.25, -17.86, -15.875, -13.875, -11.25, -7.85, -4.0, -0.351, 2.324, 3.291, 2.42, 0.2347, -2.656, -5.71, -8.52, -10.95, -13.15, -15.2, -17.12, -18.75, -19.73, -20.31, -21.0, -21.98, -22.62, -22.64, -22.53, -22.28, -21.27, -19.05, -15.23, -12.375, -7.652, -7.383, -1.387, -6.258, 6.695, -4.625, 28.98, -7.297, 63.34, -7.93, 88.75, -7.47, 91.5, -3.914, 72.4, -2.86, 36.97, -3.977, 14.25, -1.031, 11.97, 8.08, 14.484, 13.305, 15.73, 14.45, 13.125, 11.85, 11.27, 11.51, 12.66, 13.695, 13.92, 13.44, 12.125, 10.4, 8.96, 7.934, 7.29, 7.04, 7.016, 6.93, 6.52, 5.758, 4.605, 3.223, 1.67, 0.02344, -1.623, -3.012, -3.912, -4.38, -4.52, -4.336, -3.893, -3.336, -2.594, -1.342, 0.556, 2.748, 4.645, 5.84, 6.223, 5.92, 5.203, 4.32, 3.453, 2.654, 1.924, 1.331, 1.025, 1.155, 1.835
2.824, 4.195, 5.613, 6.645, 6.918, 6.316, 5.035, 3.41, 1.773, 0.31, -0.9507, -2.043, -2.979, -3.66, -3.96, -3.785, -3.23, -2.594, -2.242, -2.459, -3.287, -4.51, -5.74, -6.562, -6.65, -5.824, -4.05, -1.291, 2.434, 7.08, 12.375, 18.0, 23.33, 27.64, 30.28, 31.08, 30.17, 27.92, 24.64, 20.52, 16.08, 11.586, 7.637, 4.74, 3.027, 2.191, 1.712, 1.259, 0.8066, 0.5986, 0.9814, 2.197, 4.203, 6.586, 8.77, 10.49, 11.84, 13.1, 14.53, 16.17, 17.97, 19.86, 21.95, 24.23, 26.5, 28.44, 29.73, 30.12, 29.44, 27.47, 24.31, 20.08, 15.03, 9.62, 4.453, 0.2932, -2.447, -3.879, -4.613, -5.465, -6.926, -9.05, -11.73, -14.734, -17.58, -19.81, -21.3, -22.39, -23.6, -24.88, -25.86, -26.3, -26.03, -24.78, -22.53, -19.6, -16.77, -14.44, -12.41, -10.07, -7.227, -3.953, -0.788, 1.661, 2.727, 2.164, 0.304, -2.375, -5.39, -8.336, -10.98, -13.34, -15.55, -17.55, -19.16, -20.05, -20.22, -20.44, -21.02, -21.56, -21.69, -21.69, -21.66, -21.14, -19.42, -16.56, -13.27, -10.74, -5.656, -7.312, 2.848, -8.32, 11.76, -10.44, 15.67, -12.05, 19.73, -11.97, 22.4, -13.53, 21.6, -14.16, 17.94, -10.22, 18.56, -0.8047, 17.1, 8.016, 16.4, 13.95, 17.05, 17.3, 16.73, 15.01, 14.04, 13.59, 14.1, 15.23, 15.92, 15.77, 14.78, 13.14, 11.336, 9.97, 9.04, 8.53, 8.36, 8.29, 7.98, 7.254, 6.105, 4.62, 2.953, 1.254, -0.3943, -1.922, -3.133, -3.9, -4.312, -4.46, -4.312, -3.902, -3.3, -2.395, -0.8774, 1.264, 3.59, 5.49, 6.566, 6.746, 6.242, 5.3, 4.258, 3.285, 2.443, 1.751, 1.249, 1.039, 1.211, 1.8125
3.1, 4.203, 5.266, 5.91, 5.805, 4.934, 3.568, 2.055, 0.7153, -0.3499, -1.2, -1.949, -2.652, -3.21, -3.463, -3.307, -2.795, -2.18, -1.801, -1.953, -2.766, -4.12, -5.703, -7.062, -7.77, -7.51, -6.11, -3.494, 0.2732, 5.01, 10.4, 15.96, 21.28, 25.77, 28.75, 30.06, 29.77, 28.08, 25.19, 21.42, 17.1, 12.54, 8.4, 5.32, 3.535, 2.773, 2.527, 2.33, 2.021, 1.725, 1.723, 2.3, 3.543, 5.277, 7.117, 8.87, 10.59, 12.44, 14.52, 16.72, 18.72, 20.45, 21.9, 23.3, 24.52, 25.39, 25.72, 25.22, 23.84, 21.61, 18.53, 14.92, 10.875, 6.652, 2.662, -0.625, -2.938, -4.332, -5.21, -6.156, -7.508, -9.36, -11.73, -14.555, -17.55, -20.14, -21.89, -23.0, -23.92, -24.78, -25.53, -25.86, -25.66, -24.42, -22.1, -18.84, -15.52, -12.766, -10.516, -8.37, -6.004, -3.498, -1.134, 0.7344, 1.636, 1.3125, -0.1073, -2.352, -5.117, -8.04, -10.81, -13.414, -15.81, -18.06, -19.88, -20.9, -21.0, -20.83, -20.95, -21.25, -21.23, -21.14, -21.2, -20.9, -19.75, -17.08, -14.18, -10.84, -8.31, -4.996, -5.67, 2.285, -6.54, 15.55, -10.72, 26.88, -14.91, 33.56, -15.91, 35.03, -12.7, 32.5, -5.97, 25.64, 1.734, 16.98, 7.863, 15.85, 14.94, 18.56, 19.25, 20.14, 18.11, 16.67, 15.914, 15.92, 16.66, 17.73, 18.11, 17.45, 16.16, 14.266, 12.484, 11.25, 10.516, 10.11, 9.96, 9.74, 9.14, 8.03, 6.547, 4.79, 2.99, 1.295, -0.255, -1.638, -2.752, -3.533, -4.082, -4.43, -4.473, -4.18, -3.584, -2.52, -0.7515, 1.642, 4.145, 6.1, 7.137, 7.21, 6.57, 5.5, 4.36, 3.336, 2.514, 1.8955, 1.519, 1.438, 1.676, 2.234
3.504, 4.387, 5.113, 5.37, 4.945, 3.912, 2.566, 1.267, 0.224, -0.541, -1.16, -1.806, -2.508, -3.115, -3.438, -3.334, -2.828, -2.105, -1.493, -1.335, -1.855, -3.092, -4.793, -6.516, -7.75, -8.03, -7.082, -4.74, -1.085, 3.645, 8.95, 14.375, 19.48, 23.8, 26.97, 28.61, 28.8, 27.66, 25.39, 22.05, 17.92, 13.414, 9.18, 5.875, 3.908, 3.107, 2.969, 2.959, 2.766, 2.395, 2.03, 1.946, 2.35, 3.29, 4.613, 6.19, 8.09, 10.38, 13.055, 15.82, 18.22, 19.95, 21.02, 21.61, 21.84, 21.67, 21.05, 19.75, 17.81, 15.375, 12.586, 9.664, 6.76, 3.88, 1.162, -1.245, -3.213, -4.72, -5.92, -7.105, -8.38, -9.86, -11.695, -14.13, -17.06, -19.9, -22.08, -23.45, -24.27, -24.83, -25.23, -25.39, -25.12, -23.9, -21.55, -18.05, -14.266, -10.95, -8.41, -6.31, -4.363, -2.605, -1.155, -0.109, 0.3423, 0.03687, -0.9834, -2.676, -4.95, -7.594, -10.32, -12.99, -15.625, -18.16, -20.4, -21.95, -22.44, -22.14, -21.89, -21.83, -21.64, -21.33, -21.17, -21.02, -20.25, -18.34, -15.1, -12.1, -7.754, -6.168, -2.092, -3.467, 2.137, -2.547, 9.47, -3.562, 17.64, -4.227, 23.6, -3.094, 23.16, -0.3594, 18.75, 3.719, 15.414, 8.86, 17.34, 16.11, 20.86, 20.31, 21.92, 20.52, 19.0, 17.92, 17.86, 18.19, 19.14, 20.06, 20.02, 19.06, 17.39, 15.47, 13.88, 12.85, 12.29, 11.92, 11.69, 11.2, 10.24, 8.77, 7.01, 5.125, 3.312, 1.709, 0.2854, -1.02, -2.154, -3.082, -3.889, -4.52, -4.79, -4.64, -4.047, -2.867, -0.886, 1.735, 4.43, 6.516, 7.605, 7.67, 6.953, 5.793, 4.547, 3.445, 2.621, 2.072, 1.8125, 1.858, 2.178, 2.738
3.783, 4.508, 4.992, 4.996, 4.406, 3.33, 2.11, 1.016, 0.1807, -0.451, -1.064, -1.816, -2.672, -3.432, -3.857, -3.8, -3.24, -2.309, -1.344, -0.726, -0.7783, -1.639, -3.176, -4.98, -6.5, -7.215, -6.688, -4.723, -1.362, 3.088, 8.1, 13.14, 17.84, 21.84, 24.83, 26.67, 27.28, 26.73, 25.19, 22.4, 18.62, 14.29, 10.0, 6.492, 4.23, 3.213, 2.965, 2.945, 2.762, 2.326, 1.728, 1.188, 0.979, 1.254, 2.045, 3.324, 5.12, 7.492, 10.38, 13.4, 15.99, 17.7, 18.47, 18.48, 18.0, 17.14, 15.84, 14.195, 12.06, 9.68, 7.29, 5.117, 3.316, 1.731, 0.1506, -1.535, -3.338, -5.13, -6.81, -8.31, -9.61, -10.75, -12.05, -13.96, -16.6, -19.55, -22.03, -23.77, -24.66, -25.08, -25.12, -25.05, -24.55, -23.28, -20.83, -17.25, -13.08, -9.31, -6.375, -4.19, -2.521, -1.354, -0.743, -0.565, -0.75, -1.285, -2.133, -3.326, -4.984, -7.098, -9.46, -11.99, -14.67, -17.5, -20.3, -22.61, -23.77, -23.8, -23.52, -23.28, -22.89, -22.31, -21.9, -21.6, -20.97, -19.62, -16.97, -13.53, -9.78, -5.453, -3.674, 1.3125, -1.186, 6.273, -0.2227, 10.92, 0.04688, 14.67, 0.9688, 17.1, 2.578, 17.61, 5.86, 17.97, 10.914, 19.38, 17.23, 21.69, 21.22, 22.4, 21.8, 20.72, 19.4, 19.23, 19.55, 20.33, 21.42, 22.1, 21.69, 20.34, 18.56, 16.78, 15.445, 14.68, 14.17, 13.78, 13.32, 12.49, 11.1, 9.34, 7.387, 5.453, 3.695, 2.186, 0.816, -0.5205, -1.788, -2.938, -3.994, -4.832, -5.195, -5.07, -4.45, -3.154, -1.005, 1.803, 4.68, 6.914, 8.08, 8.164, 7.37, 6.062, 4.656, 3.447, 2.574, 2.059, 1.89, 2.043, 2.455, 3.053
3.846, 4.516, 4.9, 4.797, 4.16, 3.146, 2.04, 1.073, 0.302, -0.3774, -1.135, -2.074, -3.102, -3.977, -4.465, -4.387, -3.738, -2.623, -1.352, -0.3362, 0.09186, -0.2556, -1.352, -2.896, -4.4, -5.266, -5.04, -3.477, -0.6045, 3.31, 7.777, 12.234, 16.38, 19.88, 22.53, 24.42, 25.39, 25.44, 24.47, 22.33, 19.06, 15.04, 10.836, 7.176, 4.62, 3.219, 2.646, 2.39, 2.053, 1.511, 0.8223, 0.1503, -0.2878, -0.326, 0.09406, 1.01, 2.455, 4.484, 7.05, 9.766, 12.09, 13.57, 14.016, 13.7, 12.9, 11.76, 10.41, 8.84, 6.99, 5.02, 3.17, 1.741, 0.8564, 0.2773, -0.4048, -1.582, -3.33, -5.45, -7.62, -9.555, -11.04, -12.055, -12.98, -14.375, -16.64, -19.39, -22.05, -23.97, -25.08, -25.38, -25.19, -24.67, -23.95, -22.53, -20.03, -16.31, -11.98, -7.883, -4.668, -2.373, -0.8096, -0.01831, -0.0007324, -0.5244, -1.34, -2.29, -3.234, -4.188, -5.312, -6.758, -8.49, -10.49, -12.98, -15.92, -19.17, -22.17, -24.28, -25.11, -25.17, -24.98, -24.56, -23.88, -23.22, -22.67, -22.08, -21.25, -19.16, -16.14, -11.92, -7.453, -3.207, -0.0742, 3.512, 3.205, 8.42, 4.28, 12.36, 4.86, 15.34, 6.53, 17.2, 9.72, 18.66, 14.35, 20.25, 19.17, 22.34, 22.02, 22.66, 21.69, 21.31, 20.05, 19.95, 20.53, 21.4, 22.5, 23.61, 23.88, 23.0, 21.44, 19.69, 18.14, 17.12, 16.5, 15.94, 15.375, 14.57, 13.33, 11.59, 9.62, 7.59, 5.645, 3.912, 2.414, 0.9834, -0.501, -1.953, -3.299, -4.465, -5.28, -5.53, -5.254, -4.492, -3.066, -0.8027, 2.12, 5.086, 7.387, 8.586, 8.62, 7.68, 6.17, 4.55, 3.188, 2.238, 1.743, 1.67, 1.938, 2.455, 3.125
3.83, 4.48, 4.84, 4.73, 4.137, 3.184, 2.13, 1.155, 0.292, -0.54, -1.47, -2.533, -3.605, -4.46, -4.883, -4.74, -4.01, -2.842, -1.497, -0.3242, 0.4146, 0.5522, 0.0663, -0.9214, -2.037, -2.754, -2.61, -1.34, 1.006, 4.23, 7.94, 11.69, 15.17, 18.1, 20.44, 22.23, 23.44, 23.89, 23.39, 21.8, 19.06, 15.43, 11.445, 7.79, 5.023, 3.266, 2.27, 1.618, 0.977, 0.2554, -0.458, -1.033, -1.328, -1.302, -0.968, -0.362, 0.5635, 1.891, 3.629, 5.562, 7.227, 8.21, 8.39, 8.0, 7.273, 6.324, 5.316, 4.18, 2.906, 1.526, 0.2668, -0.5396, -0.7783, -0.658, -0.732, -1.507, -3.162, -5.492, -8.055, -10.44, -12.32, -13.516, -14.39, -15.48, -17.28, -19.77, -22.33, -24.28, -25.44, -25.69, -25.23, -24.33, -23.19, -21.55, -18.94, -15.26, -10.95, -6.79, -3.451, -1.085, 0.443, 1.089, 0.832, -0.07947, -1.337, -2.693, -3.936, -4.945, -5.832, -6.734, -7.746, -9.08, -11.0, -13.695, -17.06, -20.64, -23.6, -25.4, -26.1, -26.2, -25.94, -25.33, -24.66, -23.98, -23.38, -22.66, -21.48, -19.12, -15.86, -10.87, -6.27, -0.748, 2.764, 6.906, 8.06, 11.85, 10.8, 15.41, 12.88, 18.38, 15.62, 20.89, 18.8, 22.69, 21.16, 23.16, 21.42, 21.64, 20.08, 20.19, 19.78, 20.16, 21.05, 22.28, 23.58, 24.83, 25.67, 25.38, 23.92, 22.25, 20.66, 19.44, 18.64, 18.06, 17.38, 16.45, 15.28, 13.67, 11.69, 9.64, 7.605, 5.64, 3.867, 2.254, 0.6426, -1.044, -2.682, -4.11, -5.18, -5.72, -5.63, -5.055, -4.09, -2.533, -0.1799, 2.781, 5.73, 7.973, 9.06, 8.9, 7.723, 5.96, 4.12, 2.625, 1.645, 1.208, 1.254, 1.665, 2.309, 3.066
3.857, 4.5, 4.836, 4.74, 4.17, 3.258, 2.162, 1.069, 0.02554, -0.984, -2.016, -3.066, -4.01, -4.664, -4.895, -4.637, -3.906, -2.848, -1.706, -0.689, 0.0877, 0.576, 0.728, 0.5044, 0.05804, -0.2145, 0.08826, 1.185, 3.082, 5.63, 8.56, 11.6, 14.44, 16.9, 18.86, 20.44, 21.61, 22.16, 21.86, 20.62, 18.34, 15.2, 11.65, 8.23, 5.457, 3.459, 2.094, 1.012, -0.03052, -1.027, -1.8, -2.21, -2.193, -1.846, -1.349, -0.8843, -0.4888, -0.0227, 0.6924, 1.572, 2.385, 2.844, 2.814, 2.537, 2.123, 1.655, 1.195, 0.683, 0.006104, -0.802, -1.568, -1.958, -1.8125, -1.313, -1.006, -1.444, -2.89, -5.19, -7.965, -10.734, -13.08, -14.77, -15.875, -16.95, -18.53, -20.66, -22.9, -24.7, -25.7, -25.86, -25.1, -23.78, -22.19, -20.27, -17.58, -14.016, -9.914, -5.938, -2.717, -0.4263, 1.066, 1.729, 1.509, 0.5615, -0.8354, -2.434, -3.994, -5.297, -6.273, -6.97, -7.54, -8.21, -9.414, -11.516, -14.59, -18.27, -21.81, -24.5, -25.95, -26.6, -26.62, -26.23, -25.64, -25.08, -24.48, -23.88, -23.05, -21.58, -19.27, -15.89, -11.31, -6.766, -0.96, 2.705, 7.91, 9.664, 14.3, 14.305, 18.61, 17.44, 21.16, 19.28, 21.72, 19.44, 20.34, 18.22, 18.28, 17.45, 18.16, 18.92, 20.08, 21.34, 22.98, 24.6, 26.03, 27.16, 27.33, 26.19, 24.34, 22.66, 21.38, 20.4, 19.73, 19.11, 18.2, 16.98, 15.44, 13.56, 11.52, 9.48, 7.484, 5.492, 3.62, 1.816, -0.0213, -1.922, -3.68, -5.07, -5.9, -6.023, -5.508, -4.61, -3.424, -1.738, 0.681, 3.63, 6.465, 8.516, 9.34, 8.88, 7.41, 5.402, 3.428, 1.89, 0.966, 0.6567, 0.859, 1.437, 2.225, 3.07
3.992, 4.59, 4.875, 4.75, 4.188, 3.254, 2.09, 0.845, -0.369, -1.518, -2.588, -3.53, -4.234, -4.594, -4.574, -4.18, -3.486, -2.676, -1.914, -1.286, -0.688, -0.01221, 0.7056, 1.293, 1.653, 1.983, 2.588, 3.652, 5.23, 7.26, 9.59, 12.055, 14.39, 16.39, 18.02, 19.25, 20.12, 20.47, 20.12, 18.98, 17.03, 14.375, 11.336, 8.375, 5.84, 3.828, 2.225, 0.781, -0.661, -1.992, -2.936, -3.285, -3.01, -2.314, -1.555, -1.068, -1.017, -1.265, -1.474, -1.504, -1.427, -1.418, -1.546, -1.689, -1.735, -1.703, -1.603, -1.555, -1.676, -2.03, -2.451, -2.615, -2.35, -1.756, -1.29, -1.48, -2.645, -4.742, -7.473, -10.45, -13.27, -15.516, -17.17, -18.47, -19.97, -21.81, -23.78, -25.19, -25.89, -25.7, -24.6, -22.83, -20.8, -18.55, -15.89, -12.58, -8.8, -5.188, -2.29, -0.22, 1.162, 1.885, 1.873, 1.18, -0.044, -1.629, -3.38, -5.016, -6.33, -7.285, -7.887, -8.33, -8.97, -10.31, -12.65, -15.88, -19.48, -22.72, -24.92, -26.08, -26.53, -26.36, -25.88, -25.45, -25.1, -24.56, -23.97, -22.94, -21.39, -19.06, -16.1, -12.46, -8.484, -4.08, -0.4849, 3.691, 6.047, 9.61, 10.53, 13.15, 12.81, 14.36, 13.516, 14.266, 13.68, 14.44, 14.984, 16.56, 18.14, 20.0, 21.7, 23.6, 25.53, 27.28, 28.58, 28.97, 28.08, 26.12, 24.1, 22.56, 21.48, 20.8, 20.22, 19.44, 18.38, 16.92, 15.14, 13.19, 11.2, 9.32, 7.35, 5.33, 3.324, 1.335, -0.7246, -2.791, -4.582, -5.844, -6.4, -6.156, -5.3, -4.14, -2.783, -0.956, 1.535, 4.434, 7.11, 8.875, 9.37, 8.586, 6.86, 4.723, 2.734, 1.26, 0.465, 0.3137, 0.683, 1.41, 2.307, 3.207
4.184, 4.707, 4.91, 4.72, 4.133, 3.182, 1.971, 0.6387, -0.6865, -1.921, -3.0, -3.834, -4.336, -4.44, -4.184, -3.64, -2.984, -2.414, -2.07, -1.873, -1.524, -0.762, 0.4016, 1.6875, 2.809, 3.725, 4.605, 5.67, 7.047, 8.75, 10.74, 12.88, 14.88, 16.58, 17.86, 18.72, 19.11, 18.98, 18.33, 17.06, 15.26, 13.02, 10.555, 8.16, 6.043, 4.24, 2.594, 0.9233, -0.8477, -2.51, -3.713, -4.188, -3.873, -3.012, -2.04, -1.438, -1.477, -2.041, -2.754, -3.33, -3.723, -4.004, -4.223, -4.293, -4.098, -3.707, -3.166, -2.65, -2.316, -2.27, -2.418, -2.508, -2.332, -1.915, -1.56, -1.692, -2.621, -4.426, -6.965, -9.945, -13.06, -15.82, -18.02, -19.7, -21.33, -23.08, -24.69, -25.78, -25.97, -25.36, -23.8, -21.61, -19.08, -16.58, -13.93, -10.93, -7.574, -4.387, -1.845, -0.0735, 1.096, 1.794, 1.995, 1.656, 0.812, -0.5127, -2.225, -4.086, -5.836, -7.332, -8.47, -9.24, -9.82, -10.63, -12.1, -14.48, -17.64, -20.88, -23.52, -25.25, -26.1, -26.11, -25.69, -25.16, -24.88, -24.6, -24.12, -23.44, -22.22, -20.58, -18.17, -15.68, -12.56, -9.61, -6.246, -3.52, -0.4043, 1.643, 4.23, 5.414, 7.387, 8.08, 9.86, 10.69, 12.6, 13.92, 16.17, 17.98, 20.22, 22.31, 24.34, 26.64, 28.58, 30.03, 30.48, 29.61, 27.53, 25.12, 23.08, 21.81, 21.02, 20.48, 19.97, 19.12, 17.9, 16.38, 14.55, 12.68, 10.9, 9.164, 7.28, 5.246, 3.152, 1.017, -1.204, -3.348, -5.125, -6.273, -6.617, -6.18, -5.16, -3.883, -2.375, -0.3867, 2.219, 5.098, 7.59, 9.09, 9.28, 8.23, 6.35, 4.227, 2.328, 0.9976, 0.3403, 0.3103, 0.7847, 1.594, 2.537, 3.438
4.305, 4.76, 4.883, 4.64, 4.027, 3.07, 1.878, 0.556, -0.788, -2.053, -3.145, -3.98, -4.426, -4.41, -3.998, -3.326, -2.637, -2.2, -2.125, -2.23, -2.06, -1.249, 0.2286, 2.023, 3.709, 5.035, 6.086, 7.082, 8.28, 9.82, 11.66, 13.66, 15.6, 17.1, 18.14, 18.58, 18.47, 17.84, 16.7, 15.195, 13.375, 11.43, 9.47, 7.63, 5.99, 4.49, 2.965, 1.217, -0.749, -2.668, -4.14, -4.855, -4.727, -3.94, -2.936, -2.213, -2.09, -2.566, -3.297, -3.998, -4.57, -5.03, -5.39, -5.52, -5.29, -4.715, -3.887, -2.975, -2.193, -1.727, -1.61, -1.666, -1.721, -1.678, -1.69, -2.025, -2.941, -4.566, -6.87, -9.766, -12.914, -15.99, -18.6, -20.62, -22.4, -24.17, -25.62, -26.31, -26.12, -25.0, -22.94, -20.3, -17.39, -14.62, -11.98, -9.19, -6.203, -3.379, -1.114, 0.3867, 1.282, 1.825, 2.07, 1.99, 1.531, 0.608, -0.855, -2.742, -4.824, -6.91, -8.79, -10.28, -11.336, -12.19, -13.16, -14.695, -17.06, -19.92, -22.62, -24.61, -25.77, -26.03, -25.55, -24.8, -24.23, -23.83, -23.47, -23.0, -22.12, -20.72, -18.84, -16.45, -14.016, -11.03, -8.48, -5.316, -2.984, 0.0664, 1.965, 4.74, 6.242, 8.79, 10.28, 12.75, 14.375, 16.72, 18.62, 20.83, 23.12, 25.39, 27.94, 30.05, 31.61, 31.92, 30.9, 28.52, 25.67, 23.06, 21.45, 20.47, 19.9, 19.55, 19.06, 18.2, 16.97, 15.414, 13.695, 12.03, 10.51, 8.984, 7.188, 5.19, 3.068, 0.8564, -1.418, -3.564, -5.305, -6.387, -6.68, -6.21, -5.2, -3.9, -2.24, -0.01678, 2.762, 5.668, 8.055, 9.31, 9.27, 8.08, 6.164, 4.125, 2.39, 1.191, 0.6084, 0.601, 1.07, 1.854, 2.754, 3.617
4.273, 4.69, 4.78, 4.504, 3.871, 2.955, 1.829, 0.6006, -0.6694, -1.916, -3.064, -3.994, -4.535, -4.58, -4.12, -3.338, -2.547, -2.082, -2.062, -2.246, -2.12, -1.256, 0.3894, 2.45, 4.42, 5.965, 7.035, 7.906, 8.91, 10.26, 12.07, 14.09, 16.02, 17.53, 18.39, 18.53, 18.03, 16.88, 15.336, 13.51, 11.664, 9.88, 8.29, 6.86, 5.62, 4.426, 3.066, 1.362, -0.6406, -2.658, -4.293, -5.234, -5.38, -4.84, -3.969, -3.19, -2.84, -2.982, -3.422, -3.945, -4.477, -5.05, -5.598, -5.926, -5.824, -5.21, -4.184, -2.932, -1.711, -0.808, -0.367, -0.351, -0.617, -1.023, -1.56, -2.355, -3.531, -5.19, -7.37, -10.09, -13.195, -16.31, -19.14, -21.38, -23.27, -24.98, -26.36, -26.88, -26.3, -24.69, -22.2, -19.1, -15.875, -12.89, -10.18, -7.49, -4.72, -2.076, 0.0341, 1.34, 1.966, 2.21, 2.268, 2.195, 1.955, 1.396, 0.3076, -1.393, -3.574, -6.03, -8.5, -10.74, -12.54, -13.875, -14.945, -16.11, -17.83, -20.12, -22.61, -24.73, -26.1, -26.55, -26.14, -25.08, -23.88, -22.9, -22.1, -21.44, -20.75, -19.64, -18.16, -16.17, -13.805, -11.24, -8.31, -5.53, -2.352, 0.2842, 3.412, 5.75, 8.61, 10.67, 13.23, 15.22, 17.56, 19.77, 22.05, 24.56, 27.03, 29.7, 31.84, 33.28, 33.28, 31.88, 29.11, 25.81, 22.7, 20.66, 19.44, 18.75, 18.5, 18.27, 17.78, 16.92, 15.695, 14.23, 12.65, 11.266, 10.03, 8.664, 6.95, 4.99, 2.895, 0.685, -1.58, -3.684, -5.36, -6.42, -6.746, -6.367, -5.438, -4.11, -2.258, 0.2664, 3.297, 6.33, 8.64, 9.734, 9.516, 8.25, 6.406, 4.516, 2.9, 1.755, 1.121, 1.006, 1.341, 2.002, 2.812, 3.615
4.094, 4.55, 4.645, 4.34, 3.682, 2.791, 1.768, 0.6787, -0.4624, -1.65, -2.844, -3.924, -4.645, -4.812, -4.395, -3.553, -2.64, -2.04, -1.9, -1.984, -1.801, -0.9155, 0.736, 2.818, 4.83, 6.395, 7.426, 8.164, 9.01, 10.24, 11.92, 13.945, 15.89, 17.42, 18.25, 18.2, 17.39, 15.99, 14.18, 12.21, 10.33, 8.68, 7.26, 6.055, 5.0, 3.969, 2.729, 1.131, -0.7573, -2.678, -4.27, -5.293, -5.62, -5.336, -4.67, -3.96, -3.498, -3.355, -3.451, -3.695, -4.098, -4.715, -5.45, -6.016, -6.1, -5.543, -4.4, -2.875, -1.29, 0.01582, 0.805, 1.0, 0.6655, -0.0752, -1.133, -2.477, -4.14, -6.094, -8.37, -11.0, -13.945, -16.95, -19.64, -21.92, -23.78, -25.47, -26.8, -27.2, -26.48, -24.52, -21.67, -18.16, -14.63, -11.414, -8.57, -5.875, -3.172, -0.574, 1.498, 2.709, 3.074, 2.914, 2.578, 2.246, 1.963, 1.614, 0.9043, -0.405, -2.352, -4.793, -7.504, -10.2, -12.6, -14.57, -16.1, -17.48, -19.0, -20.92, -23.28, -25.38, -26.89, -27.7, -27.58, -26.58, -24.94, -23.05, -21.25, -19.67, -18.3, -16.97, -15.55, -13.83, -11.9, -9.62, -7.055, -4.164, -1.234, 1.941, 4.92, 8.09, 10.875, 13.83, 16.39, 19.11, 21.7, 24.4, 27.1, 29.69, 32.2, 34.0, 34.9, 34.3, 32.3, 29.05, 25.42, 22.12, 19.8, 18.3, 17.56, 17.19, 17.12, 16.95, 16.44, 15.49, 14.33, 12.89, 11.56, 10.44, 9.4, 8.086, 6.406, 4.49, 2.428, 0.2463, -1.968, -3.988, -5.594, -6.617, -6.973, -6.652, -5.773, -4.33, -2.197, 0.658, 3.97, 7.098, 9.375, 10.35, 10.04, 8.734, 6.98, 5.203, 3.672, 2.463, 1.661, 1.314, 1.432, 1.926, 2.648, 3.422
3.906, 4.418, 4.52, 4.168, 3.451, 2.535, 1.572, 0.624, -0.3545, -1.432, -2.623, -3.78, -4.65, -4.94, -4.58, -3.715, -2.713, -1.98, -1.687, -1.632, -1.379, -0.5454, 0.9375, 2.809, 4.67, 6.156, 7.18, 7.91, 8.73, 9.86, 11.5, 13.41, 15.26, 16.7, 17.44, 17.34, 16.45, 14.99, 13.195, 11.31, 9.5, 7.902, 6.54, 5.355, 4.277, 3.207, 1.975, 0.4934, -1.184, -2.832, -4.18, -5.02, -5.33, -5.168, -4.715, -4.203, -3.826, -3.635, -3.59, -3.654, -3.932, -4.523, -5.336, -6.055, -6.297, -5.816, -4.65, -3.01, -1.226, 0.3545, 1.459, 1.928, 1.727, 0.8877, -0.492, -2.33, -4.51, -6.895, -9.39, -12.055, -14.9, -17.69, -20.25, -22.31, -24.08, -25.67, -26.95, -27.45, -26.62, -24.52, -21.38, -17.5, -13.56, -10.02, -6.992, -4.28, -1.62, 0.937, 3.02, 4.176, 4.297, 3.71, 2.857, 2.086, 1.549, 1.215, 0.814, -0.0058, -1.437, -3.469, -5.95, -8.63, -11.29, -13.66, -15.72, -17.53, -19.31, -21.34, -23.61, -25.92, -27.69, -28.9, -29.36, -28.83, -27.44, -25.28, -22.69, -19.89, -17.16, -14.56, -12.2, -9.97, -7.773, -5.5, -3.016, -0.311, 2.67, 5.805, 9.164, 12.49, 15.93, 19.16, 22.39, 25.39, 28.23, 30.9, 33.12, 34.9, 35.72, 35.62, 34.12, 31.58, 28.12, 24.64, 21.45, 19.08, 17.55, 16.69, 16.25, 16.12, 16.11, 15.91, 15.24, 14.22, 12.95, 11.63, 10.49, 9.59, 8.63, 7.273, 5.56, 3.615, 1.553, -0.615, -2.77, -4.684, -6.176, -7.086, -7.355, -6.984, -6.004, -4.355, -1.929, 1.221, 4.71, 7.918, 10.16, 11.05, 10.69, 9.4, 7.707, 5.977, 4.43, 3.076, 2.033, 1.414, 1.298, 1.6455, 2.324, 3.156
3.818, 4.395, 4.465, 4.008, 3.158, 2.154, 1.198, 0.3503, -0.4695, -1.394, -2.477, -3.602, -4.465, -4.79, -4.438, -3.584, -2.584, -1.836, -1.493, -1.385, -1.153, -0.4854, 0.6934, 2.205, 3.783, 5.17, 6.3, 7.246, 8.23, 9.46, 11.0, 12.71, 14.336, 15.55, 16.11, 15.95, 15.125, 13.836, 12.305, 10.664, 9.09, 7.61, 6.242, 4.93, 3.664, 2.396, 1.037, -0.418, -1.882, -3.18, -4.11, -4.562, -4.594, -4.387, -4.074, -3.82, -3.715, -3.74, -3.828, -3.926, -4.13, -4.617, -5.36, -6.062, -6.355, -5.977, -4.9, -3.334, -1.581, 0.0747, 1.376, 2.127, 2.205, 1.531, 0.11584, -1.955, -4.51, -7.293, -10.09, -12.87, -15.64, -18.3, -20.66, -22.62, -24.23, -25.66, -26.9, -27.45, -26.69, -24.48, -21.1, -16.81, -12.44, -8.54, -5.31, -2.61, -0.1222, 2.256, 4.234, 5.33, 5.285, 4.348, 3.027, 1.81, 0.9233, 0.4453, 0.196, -0.1741, -0.9795, -2.34, -4.215, -6.484, -8.93, -11.4, -13.76, -15.96, -18.12, -20.44, -23.0, -25.48, -27.77, -29.47, -30.53, -30.78, -30.2, -28.7, -26.36, -23.33, -19.66, -15.77, -11.945, -8.305, -4.934, -1.723, 1.406, 4.594, 7.89, 11.44, 15.03, 18.78, 22.36, 25.86, 28.84, 31.52, 33.56, 34.94, 35.53, 35.25, 34.16, 32.06, 29.42, 26.3, 23.47, 20.86, 18.88, 17.39, 16.47, 15.914, 15.734, 15.72, 15.58, 15.125, 14.25, 13.04, 11.72, 10.52, 9.61, 8.83, 7.805, 6.316, 4.496, 2.514, 0.4265, -1.738, -3.848, -5.67, -7.01, -7.746, -7.8, -7.215, -6.01, -4.09, -1.385, 1.96, 5.52, 8.72, 10.914, 11.71, 11.3, 10.01, 8.32, 6.61, 4.98, 3.46, 2.174, 1.316, 1.021, 1.291, 2.014, 2.951
3.922, 4.523, 4.51, 3.857, 2.799, 1.632, 0.6255, -0.1553, -0.82, -1.551, -2.443, -3.373, -4.082, -4.285, -3.898, -3.088, -2.21, -1.604, -1.384, -1.39, -1.308, -0.8994, -0.10236, 0.997, 2.262, 3.594, 4.926, 6.277, 7.664, 9.14, 10.68, 12.18, 13.42, 14.24, 14.516, 14.22, 13.484, 12.45, 11.34, 10.164, 8.984, 7.73, 6.35, 4.883, 3.336, 1.735, 0.1279, -1.408, -2.744, -3.713, -4.176, -4.137, -3.752, -3.31, -3.014, -2.98, -3.21, -3.621, -4.043, -4.36, -4.6, -4.934, -5.457, -6.0, -6.234, -5.91, -5.004, -3.7, -2.186, -0.6685, 0.65, 1.587, 1.958, 1.599, 0.416, -1.584, -4.24, -7.254, -10.3, -13.23, -15.99, -18.61, -20.92, -22.84, -24.36, -25.7, -26.81, -27.38, -26.61, -24.34, -20.66, -15.984, -11.164, -6.85, -3.465, -0.8784, 1.279, 3.238, 4.906, 5.887, 5.8, 4.742, 3.203, 1.679, 0.502, -0.2031, -0.498, -0.639, -0.948, -1.641, -2.766, -4.35, -6.336, -8.57, -10.94, -13.37, -15.83, -18.42, -21.12, -24.02, -26.62, -28.94, -30.66, -31.7, -32.03, -31.5, -30.2, -27.94, -24.8, -20.89, -16.53, -12.0, -7.504, -3.154, 0.9785, 5.0, 9.01, 12.99, 17.03, 20.84, 24.45, 27.5, 29.92, 31.52, 32.25, 32.2, 31.33, 30.0, 28.05, 26.12, 23.95, 22.25, 20.5, 19.17, 17.92, 17.02, 16.36, 15.97, 15.79, 15.6, 15.19, 14.35, 13.19, 11.89, 10.664, 9.72, 9.0, 8.23, 7.062, 5.434, 3.53, 1.489, -0.6504, -2.842, -4.918, -6.65, -7.83, -8.32, -8.086, -7.203, -5.715, -3.549, -0.6636, 2.777, 6.344, 9.47, 11.52, 12.28, 11.77, 10.484, 8.82, 7.074, 5.33, 3.625, 2.14, 1.123, 0.7383, 1.026, 1.849, 2.932
4.184, 4.766, 4.617, 3.746, 2.434, 1.068, -0.03812, -0.7915, -1.331, -1.854, -2.482, -3.115, -3.533, -3.516, -3.043, -2.324, -1.672, -1.357, -1.415, -1.661, -1.817, -1.708, -1.2705, -0.5317, 0.4834, 1.789, 3.387, 5.203, 7.125, 8.945, 10.59, 11.93, 12.766, 13.14, 13.03, 12.516, 11.8, 11.016, 10.33, 9.68, 8.96, 7.99, 6.71, 5.125, 3.3, 1.361, -0.5483, -2.25, -3.574, -4.348, -4.457, -3.977, -3.15, -2.36, -1.926, -1.973, -2.473, -3.266, -4.094, -4.72, -5.094, -5.355, -5.65, -5.914, -5.984, -5.645, -4.926, -3.93, -2.785, -1.587, -0.433, 0.52, 1.087, 1.06, 0.2554, -1.417, -3.902, -6.938, -10.11, -13.19, -16.06, -18.73, -21.12, -23.08, -24.66, -25.86, -26.84, -27.19, -26.39, -23.95, -20.03, -15.05, -9.82, -5.223, -1.691, 0.7705, 2.514, 3.92, 5.13, 5.938, 5.93, 5.035, 3.568, 2.01, 0.683, -0.2546, -0.7627, -0.9727, -1.128, -1.414, -1.986, -2.918, -4.34, -6.195, -8.4, -10.87, -13.43, -16.12, -18.92, -21.81, -24.66, -27.28, -29.58, -31.36, -32.53, -33.06, -32.75, -31.6, -29.56, -26.64, -23.02, -18.86, -14.414, -9.9, -5.438, -1.063, 3.273, 7.53, 11.65, 15.54, 18.92, 21.67, 23.66, 24.78, 25.19, 24.92, 24.3, 23.36, 22.62, 21.75, 21.08, 20.39, 19.77, 18.9, 18.22, 17.48, 16.89, 16.39, 15.945, 15.336, 14.38, 13.125, 11.8, 10.59, 9.695, 9.1, 8.586, 7.77, 6.48, 4.77, 2.838, 0.781, -1.3955, -3.602, -5.652, -7.3, -8.34, -8.63, -8.19, -7.055, -5.305, -2.904, 0.14, 3.611, 7.117, 10.13, 12.125, 12.78, 12.234, 10.94, 9.266, 7.457, 5.566, 3.695, 2.064, 0.9507, 0.559, 0.922, 1.872, 3.092
4.465, 5.016, 4.727, 3.664, 2.143, 0.6, -0.6064, -1.365, -1.817, -2.182, -2.55, -2.855, -2.924, -2.64, -2.078, -1.469, -1.105, -1.161, -1.566, -2.096, -2.496, -2.629, -2.459, -1.967, -1.097, 0.2239, 2.053, 4.293, 6.664, 8.87, 10.65, 11.836, 12.38, 12.35, 11.92, 11.17, 10.4, 9.76, 9.35, 9.06, 8.74, 8.086, 7.0, 5.426, 3.475, 1.303, -0.8594, -2.766, -4.2, -4.953, -4.914, -4.145, -2.938, -1.778, -1.07, -1.026, -1.627, -2.686, -3.885, -4.875, -5.52, -5.836, -5.984, -6.01, -5.83, -5.395, -4.75, -3.998, -3.217, -2.385, -1.519, -0.7056, -0.1053, 0.0804, -0.3633, -1.628, -3.78, -6.652, -9.87, -13.07, -16.03, -18.83, -21.31, -23.5, -25.1, -26.22, -26.94, -27.05, -26.0, -23.38, -19.27, -14.11, -8.72, -3.926, -0.2925, 2.096, 3.547, 4.484, 5.26, 5.86, 5.99, 5.43, 4.312, 2.947, 1.625, 0.508, -0.315, -0.8594, -1.209, -1.521, -1.919, -2.531, -3.54, -5.05, -7.027, -9.36, -11.94, -14.58, -17.25, -19.88, -22.5, -25.1, -27.53, -29.78, -31.62, -33.0, -33.66, -33.5, -32.5, -30.64, -27.97, -24.77, -21.06, -17.14, -13.125, -9.055, -4.957, -0.862, 3.164, 6.98, 10.44, 13.36, 15.63, 17.23, 18.27, 18.92, 19.23, 19.67, 19.92, 20.28, 20.44, 20.55, 20.33, 19.86, 19.14, 18.36, 17.48, 16.56, 15.484, 14.17, 12.67, 11.2, 9.97, 9.15, 8.695, 8.47, 8.09, 7.277, 5.95, 4.297, 2.44, 0.4248, -1.7295, -3.902, -5.895, -7.492, -8.48, -8.74, -8.23, -6.98, -5.035, -2.389, 0.8228, 4.375, 7.906, 10.88, 12.766, 13.42, 12.88, 11.58, 9.86, 7.945, 5.87, 3.809, 2.045, 0.8867, 0.5176, 0.9595, 2.016, 3.33
4.617, 5.113, 4.75, 3.586, 1.975, 0.367, -0.8857, -1.684, -2.139, -2.424, -2.617, -2.639, -2.387, -1.848, -1.198, -0.6978, -0.6084, -1.009, -1.73, -2.502, -3.068, -3.352, -3.326, -2.963, -2.172, -0.831, 1.13, 3.607, 6.273, 8.71, 10.586, 11.71, 12.08, 11.85, 11.18, 10.34, 9.48, 8.83, 8.49, 8.35, 8.18, 7.76, 6.906, 5.51, 3.654, 1.455, -0.822, -2.896, -4.49, -5.367, -5.36, -4.49, -3.04, -1.537, -0.4888, -0.215, -0.7603, -1.942, -3.436, -4.83, -5.84, -6.383, -6.55, -6.438, -6.06, -5.438, -4.71, -4.023, -3.459, -2.928, -2.361, -1.79, -1.313, -1.079, -1.317, -2.264, -4.098, -6.75, -9.88, -13.15, -16.23, -19.06, -21.72, -23.94, -25.6, -26.61, -27.08, -26.84, -25.45, -22.64, -18.45, -13.37, -8.03, -3.21, 0.5234, 3.012, 4.44, 5.19, 5.664, 6.074, 6.305, 6.086, 5.387, 4.336, 3.123, 1.901, 0.7617, -0.2175, -1.022, -1.684, -2.287, -2.951, -3.854, -5.17, -6.99, -9.23, -11.72, -14.33, -16.83, -19.1, -21.17, -23.27, -25.33, -27.47, -29.56, -31.34, -32.8, -33.53, -33.44, -32.47, -30.64, -28.2, -25.14, -21.84, -18.34, -14.72, -10.99, -7.113, -3.227, 0.6294, 4.273, 7.56, 10.36, 12.67, 14.53, 16.06, 17.39, 18.55, 19.69, 20.64, 21.42, 21.78, 21.78, 21.28, 20.33, 19.02, 17.44, 15.664, 13.72, 11.79, 10.055, 8.72, 7.914, 7.586, 7.586, 7.598, 7.29, 6.516, 5.29, 3.787, 2.094, 0.2028, -1.827, -3.87, -5.746, -7.32, -8.4, -8.79, -8.414, -7.18, -5.07, -2.158, 1.324, 5.055, 8.71, 11.766, 13.71, 14.34, 13.85, 12.54, 10.76, 8.66, 6.344, 4.047, 2.14, 0.9287, 0.5776, 1.056, 2.15, 3.492
4.52, 4.973, 4.613, 3.498, 1.966, 0.4275, -0.815, -1.671, -2.227, -2.57, -2.701, -2.521, -2.008, -1.251, -0.504, -0.07556, -0.1876, -0.8354, -1.773, -2.672, -3.316, -3.648, -3.691, -3.402, -2.654, -1.322, 0.6533, 3.148, 5.85, 8.33, 10.2, 11.31, 11.66, 11.414, 10.78, 9.93, 9.07, 8.36, 7.855, 7.562, 7.29, 6.906, 6.227, 5.137, 3.584, 1.613, -0.571, -2.678, -4.41, -5.457, -5.59, -4.746, -3.184, -1.434, -0.076, 0.4932, 0.1302, -1.055, -2.762, -4.547, -6.01, -6.94, -7.348, -7.258, -6.79, -5.996, -5.09, -4.285, -3.701, -3.293, -2.93, -2.604, -2.34, -2.238, -2.477, -3.295, -4.902, -7.31, -10.3, -13.51, -16.62, -19.44, -22.1, -24.44, -26.11, -27.02, -27.19, -26.53, -24.92, -21.97, -17.9, -12.98, -7.816, -3.043, 0.8496, 3.645, 5.316, 6.17, 6.55, 6.805, 6.992, 6.957, 6.53, 5.727, 4.64, 3.393, 2.041, 0.694, -0.552, -1.648, -2.611, -3.518, -4.555, -5.895, -7.69, -9.89, -12.41, -15.0, -17.42, -19.52, -21.19, -22.62, -23.97, -25.47, -27.08, -28.81, -30.48, -31.69, -32.25, -31.98, -30.86, -29.02, -26.56, -23.78, -20.67, -17.4, -13.94, -10.26, -6.414, -2.518, 1.308, 4.89, 8.164, 10.99, 13.49, 15.63, 17.61, 19.36, 20.98, 22.33, 23.33, 23.78, 23.5, 22.52, 20.81, 18.55, 15.91, 13.21, 10.7, 8.59, 7.08, 6.223, 5.926, 6.04, 6.297, 6.38, 6.066, 5.348, 4.293, 3.008, 1.519, -0.162, -1.97, -3.787, -5.53, -7.12, -8.38, -9.04, -8.914, -7.723, -5.418, -2.191, 1.619, 5.633, 9.51, 12.73, 14.836, 15.58, 15.15, 13.875, 11.92, 9.55, 6.934, 4.41, 2.375, 1.098, 0.707, 1.148, 2.193, 3.465
4.19, 4.594, 4.312, 3.377, 2.076, 0.7227, -0.463, -1.403, -2.137, -2.635, -2.803, -2.516, -1.797, -0.833, 0.03308, 0.453, 0.2397, -0.5273, -1.555, -2.496, -3.152, -3.516, -3.61, -3.383, -2.695, -1.442, 0.4226, 2.76, 5.28, 7.605, 9.39, 10.49, 10.945, 10.914, 10.49, 9.836, 9.03, 8.23, 7.457, 6.79, 6.2, 5.62, 5.01, 4.234, 3.121, 1.583, -0.2886, -2.252, -3.992, -5.133, -5.406, -4.67, -3.12, -1.252, 0.3372, 1.173, 1.031, -0.06396, -1.876, -3.99, -5.94, -7.383, -8.2, -8.37, -7.96, -7.09, -6.01, -4.99, -4.207, -3.69, -3.361, -3.176, -3.145, -3.28, -3.697, -4.566, -6.062, -8.26, -10.98, -13.98, -16.92, -19.7, -22.3, -24.62, -26.33, -27.23, -27.17, -26.23, -24.39, -21.47, -17.52, -12.836, -7.895, -3.193, 0.9097, 4.082, 6.223, 7.38, 7.836, 7.953, 7.938, 7.793, 7.387, 6.645, 5.63, 4.402, 3.02, 1.525, 0.0598, -1.29, -2.504, -3.64, -4.836, -6.277, -8.1, -10.38, -12.95, -15.69, -18.23, -20.45, -22.08, -23.22, -24.08, -24.83, -25.69, -26.8, -27.95, -29.02, -29.61, -29.6, -28.88, -27.48, -25.53, -23.11, -20.45, -17.48, -14.25, -10.75, -6.977, -3.053, 0.9004, 4.73, 8.29, 11.555, 14.44, 17.1, 19.44, 21.61, 23.38, 24.86, 25.58, 25.52, 24.48, 22.45, 19.62, 16.3, 12.94, 9.83, 7.336, 5.59, 4.594, 4.242, 4.336, 4.617, 4.848, 4.816, 4.438, 3.775, 2.902, 1.84, 0.591, -0.833, -2.367, -3.947, -5.59, -7.23, -8.71, -9.65, -9.64, -8.4, -5.85, -2.293, 1.797, 6.05, 10.164, 13.63, 15.98, 16.92, 16.58, 15.234, 13.09, 10.43, 7.56, 4.85, 2.705, 1.365, 0.8916, 1.22, 2.127, 3.256
3.69, 4.055, 3.879, 3.197, 2.201, 1.102, -0.00525, -1.05, -1.989, -2.68, -2.918, -2.545, -1.627, -0.4512, 0.5566, 1.023, 0.7876, -0.01002, -1.045, -1.983, -2.668, -3.102, -3.303, -3.186, -2.607, -1.479, 0.2002, 2.283, 4.516, 6.598, 8.23, 9.32, 9.95, 10.195, 10.15, 9.78, 9.14, 8.26, 7.207, 6.11, 5.082, 4.223, 3.55, 2.988, 2.271, 1.224, -0.2057, -1.845, -3.398, -4.496, -4.816, -4.176, -2.705, -0.8496, 0.824, 1.838, 1.905, 0.977, -0.817, -3.14, -5.52, -7.504, -8.82, -9.38, -9.23, -8.46, -7.37, -6.17, -5.13, -4.36, -3.879, -3.69, -3.783, -4.168, -4.836, -5.855, -7.332, -9.29, -11.7, -14.33, -16.98, -19.67, -22.25, -24.55, -26.38, -27.3, -27.19, -26.08, -24.05, -21.08, -17.17, -12.625, -7.863, -3.201, 1.045, 4.594, 7.168, 8.664, 9.23, 9.19, 8.83, 8.33, 7.688, 6.855, 5.844, 4.695, 3.426, 2.076, 0.696, -0.625, -1.85, -3.02, -4.254, -5.71, -7.547, -9.85, -12.54, -15.445, -18.3, -20.83, -22.83, -24.25, -25.06, -25.72, -26.11, -26.53, -27.03, -27.38, -27.45, -27.1, -26.19, -24.73, -22.92, -20.75, -18.28, -15.555, -12.51, -9.125, -5.418, -1.453, 2.592, 6.54, 10.28, 13.76, 16.89, 19.67, 22.16, 24.14, 25.73, 26.55, 26.58, 25.45, 23.31, 20.28, 16.69, 12.98, 9.57, 6.797, 4.812, 3.63, 3.127, 3.06, 3.219, 3.365, 3.334, 3.072, 2.605, 2.006, 1.296, 0.4365, -0.594, -1.787, -3.082, -4.496, -6.094, -7.805, -9.43, -10.445, -10.375, -8.94, -6.12, -2.354, 1.866, 6.227, 10.49, 14.21, 16.83, 18.03, 17.77, 16.36, 14.01, 11.11, 8.04, 5.25, 3.066, 1.69, 1.128, 1.31, 2.012, 2.922
3.162, 3.488, 3.424, 2.998, 2.299, 1.408, 0.366, -0.786, -1.912, -2.74, -2.982, -2.473, -1.337, 0.0608, 1.222, 1.74, 1.509, 0.708, -0.3157, -1.263, -2.021, -2.604, -2.99, -3.043, -2.607, -1.619, -0.1267, 1.711, 3.674, 5.508, 7.0, 8.12, 8.914, 9.45, 9.72, 9.63, 9.164, 8.27, 7.03, 5.61, 4.19, 3.031, 2.22, 1.688, 1.212, 0.518, -0.4768, -1.696, -2.879, -3.723, -3.924, -3.31, -1.95, -0.2258, 1.382, 2.432, 2.652, 1.927, 0.28, -2.072, -4.688, -7.086, -8.88, -9.91, -10.13, -9.7, -8.82, -7.645, -6.445, -5.42, -4.684, -4.305, -4.39, -4.906, -5.8, -7.004, -8.47, -10.164, -12.16, -14.35, -16.67, -19.14, -21.72, -24.27, -26.3, -27.44, -27.33, -26.08, -23.81, -20.6, -16.56, -12.04, -7.32, -2.742, 1.502, 5.19, 8.016, 9.74, 10.38, 10.14, 9.4, 8.445, 7.492, 6.504, 5.5, 4.457, 3.426, 2.373, 1.311, 0.261, -0.756, -1.771, -2.885, -4.22, -5.95, -8.16, -10.86, -13.89, -16.98, -19.98, -22.5, -24.5, -26.05, -27.05, -27.73, -28.12, -28.28, -28.16, -27.61, -26.61, -25.16, -23.33, -21.19, -18.81, -16.27, -13.5, -10.42, -7.01, -3.23, 0.7617, 4.844, 8.82, 12.555, 15.97, 18.98, 21.6, 23.66, 25.17, 25.97, 25.95, 24.97, 23.0, 20.19, 16.86, 13.35, 10.016, 7.22, 5.094, 3.691, 2.926, 2.627, 2.535, 2.451, 2.234, 1.858, 1.387, 0.889, 0.3809, -0.1843, -0.8994, -1.784, -2.83, -4.023, -5.406, -7.047, -8.78, -10.37, -11.23, -10.91, -9.16, -6.15, -2.344, 1.828, 6.17, 10.48, 14.35, 17.2, 18.58, 18.44, 16.92, 14.414, 11.35, 8.234, 5.5, 3.373, 2.008, 1.385, 1.407, 1.888, 2.564
2.717, 3.031, 3.074, 2.838, 2.336, 1.556, 0.5054, -0.749, -1.976, -2.805, -2.906, -2.164, -0.76, 0.8433, 2.11, 2.63, 2.354, 1.512, 0.4673, -0.534, -1.416, -2.191, -2.79, -3.03, -2.736, -1.871, -0.516, 1.159, 2.932, 4.586, 6.0, 7.117, 8.03, 8.74, 9.234, 9.37, 9.04, 8.18, 6.863, 5.27, 3.65, 2.256, 1.255, 0.603, 0.1189, -0.4324, -1.146, -1.954, -2.666, -3.062, -2.965, -2.236, -0.978, 0.5435, 1.937, 2.88, 3.152, 2.643, 1.258, -0.911, -3.541, -6.113, -8.234, -9.664, -10.37, -10.414, -9.93, -9.055, -7.94, -6.79, -5.81, -5.164, -5.08, -5.574, -6.555, -7.844, -9.266, -10.734, -12.33, -14.1, -16.12, -18.52, -21.16, -23.95, -26.33, -27.75, -27.7, -26.2, -23.48, -19.88, -15.59, -10.91, -6.176, -1.735, 2.262, 5.77, 8.555, 10.35, 11.016, 10.664, 9.62, 8.305, 7.07, 6.0, 5.043, 4.18, 3.4, 2.664, 1.954, 1.243, 0.5176, -0.2573, -1.173, -2.346, -3.875, -5.89, -8.414, -11.41, -14.64, -17.9, -20.95, -23.72, -26.05, -27.94, -29.39, -30.38, -30.83, -30.86, -30.14, -28.84, -27.05, -24.8, -22.31, -19.66, -16.86, -13.82, -10.53, -6.906, -2.998, 1.089, 5.14, 9.055, 12.63, 15.79, 18.48, 20.66, 22.19, 23.14, 23.3, 22.73, 21.44, 19.36, 16.8, 13.945, 11.13, 8.555, 6.434, 4.85, 3.771, 3.088, 2.607, 2.18, 1.675, 1.094, 0.5054, -0.003708, -0.4136, -0.795, -1.26, -1.91, -2.754, -3.797, -5.07, -6.574, -8.29, -10.0, -11.36, -11.88, -11.164, -9.09, -5.98, -2.252, 1.755, 5.957, 10.25, 14.16, 17.11, 18.56, 18.47, 16.89, 14.33, 11.21, 8.164, 5.562, 3.566, 2.252, 1.588, 1.468, 1.744, 2.24
2.332, 2.723, 2.88, 2.758, 2.318, 1.5205, 0.3804, -0.95, -2.152, -2.818, -2.643, -1.574, 0.12244, 1.896, 3.19, 3.617, 3.223, 2.275, 1.161, 0.0739, -0.951, -1.906, -2.682, -3.057, -2.871, -2.094, -0.8228, 0.75, 2.41, 3.994, 5.36, 6.508, 7.445, 8.234, 8.79, 8.99, 8.73, 7.93, 6.66, 5.08, 3.416, 1.906, 0.7266, -0.1426, -0.826, -1.474, -2.107, -2.623, -2.861, -2.717, -2.148, -1.182, 0.06128, 1.353, 2.434, 3.115, 3.33, 2.97, 1.896, 0.07556, -2.295, -4.79, -7.0, -8.69, -9.79, -10.35, -10.45, -10.07, -9.28, -8.21, -7.105, -6.223, -5.863, -6.164, -7.074, -8.375, -9.76, -11.08, -12.38, -13.87, -15.72, -18.06, -20.9, -23.92, -26.6, -28.17, -28.08, -26.25, -22.97, -18.84, -14.15, -9.29, -4.625, -0.4702, 3.104, 6.152, 8.63, 10.34, 11.07, 10.74, 9.664, 8.23, 6.89, 5.793, 4.96, 4.3, 3.729, 3.219, 2.73, 2.236, 1.709, 1.093, 0.299, -0.745, -2.123, -3.914, -6.17, -8.91, -12.016, -15.29, -18.64, -21.89, -24.98, -27.69, -30.03, -31.86, -33.12, -33.62, -33.38, -32.44, -30.77, -28.77, -26.25, -23.6, -20.58, -17.45, -14.01, -10.18, -6.094, -1.939, 2.121, 5.93, 9.35, 12.305, 14.8, 16.75, 18.14, 18.97, 19.19, 18.86, 17.89, 16.48, 14.664, 12.664, 10.63, 8.71, 6.992, 5.535, 4.35, 3.307, 2.35, 1.442, 0.6, -0.11914, -0.6304, -0.952, -1.167, -1.42, -1.844, -2.521, -3.459, -4.68, -6.156, -7.86, -9.664, -11.29, -12.37, -12.45, -11.31, -8.97, -5.785, -2.176, 1.687, 5.773, 10.0, 13.92, 16.81, 18.27, 18.14, 16.53, 13.94, 10.89, 7.934, 5.46, 3.605, 2.35, 1.623, 1.358, 1.471, 1.857
1.884, 2.46, 2.785, 2.752, 2.283, 1.374, 0.0985, -1.288, -2.375, -2.752, -2.195, -0.74, 1.236, 3.127, 4.348, 4.605, 4.016, 2.914, 1.68, 0.4995, -0.6235, -1.677, -2.533, -2.98, -2.861, -2.143, -0.948, 0.5444, 2.156, 3.688, 5.043, 6.195, 7.133, 7.87, 8.37, 8.555, 8.29, 7.56, 6.39, 4.918, 3.346, 1.844, 0.528, -0.579, -1.542, -2.422, -3.166, -3.557, -3.441, -2.76, -1.649, -0.3098, 1.027, 2.135, 2.873, 3.223, 3.219, 2.885, 2.07, 0.651, -1.287, -3.459, -5.527, -7.258, -8.62, -9.65, -10.32, -10.54, -10.22, -9.46, -8.41, -7.38, -6.74, -6.74, -7.453, -8.69, -10.07, -11.4, -12.69, -14.086, -15.9, -18.27, -21.19, -24.31, -26.95, -28.5, -28.25, -26.03, -22.19, -17.55, -12.54, -7.613, -3.107, 0.672, 3.75, 6.28, 8.37, 9.93, 10.734, 10.66, 9.78, 8.484, 7.188, 6.15, 5.43, 4.92, 4.504, 4.09, 3.658, 3.188, 2.656, 2.014, 1.201, 0.146, -1.194, -2.86, -4.902, -7.33, -10.07, -13.09, -16.31, -19.64, -23.05, -26.27, -29.27, -31.86, -33.8, -35.1, -35.56, -35.2, -34.2, -32.72, -30.75, -28.39, -25.73, -22.67, -19.22, -15.39, -11.234, -7.074, -3.006, 0.782, 4.188, 7.18, 9.76, 11.94, 13.69, 14.97, 15.83, 16.14, 16.1, 15.47, 14.48, 13.15, 11.6, 9.87, 8.1, 6.324, 4.58, 2.924, 1.429, 0.1912, -0.714, -1.256, -1.473, -1.497, -1.515, -1.685, -2.125, -2.91, -4.05, -5.535, -7.312, -9.23, -11.086, -12.555, -13.26, -12.98, -11.53, -9.04, -5.805, -2.148, 1.738, 5.863, 10.09, 13.93, 16.72, 18.02, 17.73, 16.08, 13.48, 10.516, 7.65, 5.27, 3.492, 2.225, 1.393, 0.954, 0.9194, 1.289
1.2295, 2.084, 2.648, 2.734, 2.246, 1.226, -0.1757, -1.591, -2.523, -2.586, -1.621, 0.2018, 2.412, 4.355, 5.477, 5.535, 4.73, 3.457, 2.104, 0.8496, -0.3174, -1.379, -2.225, -2.674, -2.602, -1.976, -0.9062, 0.4692, 1.971, 3.46, 4.793, 5.938, 6.86, 7.535, 7.94, 8.04, 7.758, 7.062, 6.02, 4.72, 3.285, 1.847, 0.4768, -0.812, -2.033, -3.195, -4.13, -4.55, -4.22, -3.135, -1.506, 0.2742, 1.827, 2.889, 3.367, 3.352, 3.041, 2.568, 1.863, 0.7817, -0.709, -2.465, -4.25, -5.863, -7.305, -8.625, -9.77, -10.57, -10.8, -10.414, -9.555, -8.484, -7.645, -7.344, -7.797, -8.914, -10.36, -11.87, -13.375, -14.95, -16.86, -19.16, -21.9, -24.75, -27.11, -28.34, -27.83, -25.33, -21.25, -16.3, -11.16, -6.277, -1.968, 1.538, 4.254, 6.383, 8.12, 9.5, 10.39, 10.61, 10.11, 9.1, 7.938, 6.973, 6.27, 5.812, 5.438, 5.05, 4.57, 4.004, 3.338, 2.549, 1.606, 0.45, -0.9663, -2.64, -4.598, -6.805, -9.25, -11.875, -14.69, -17.75, -20.92, -24.19, -27.38, -30.27, -32.7, -34.44, -35.56, -35.88, -35.66, -34.88, -33.53, -31.84, -29.6, -26.86, -23.62, -19.92, -15.87, -11.75, -7.688, -3.855, -0.334, 2.871, 5.797, 8.45, 10.805, 12.805, 14.414, 15.6, 16.22, 16.33, 15.875, 14.81, 13.26, 11.27, 8.984, 6.555, 4.14, 1.936, 0.1483, -1.115, -1.825, -2.062, -1.987, -1.813, -1.751, -1.928, -2.463, -3.412, -4.81, -6.594, -8.625, -10.66, -12.445, -13.664, -14.06, -13.5, -11.914, -9.41, -6.137, -2.305, 1.895, 6.297, 10.625, 14.38, 16.97, 18.02, 17.52, 15.74, 13.17, 10.24, 7.434, 5.05, 3.238, 1.88, 0.857, 0.2031, 0.03345, 0.431
0.2795, 1.456, 2.328, 2.61, 2.184, 1.123, -0.3418, -1.739, -2.523, -2.309, -1.015, 1.089, 3.459, 5.42, 6.453, 6.37, 5.42, 4.03, 2.594, 1.292, 0.1228, -0.9033, -1.702, -2.139, -2.135, -1.673, -0.8135, 0.3455, 1.687, 3.059, 4.37, 5.51, 6.434, 7.082, 7.426, 7.465, 7.164, 6.51, 5.562, 4.406, 3.12, 1.79, 0.4307, -0.945, -2.348, -3.719, -4.85, -5.383, -5.008, -3.668, -1.66, 0.531, 2.4, 3.582, 3.973, 3.71, 3.092, 2.354, 1.566, 0.6313, -0.5547, -1.953, -3.432, -4.88, -6.29, -7.734, -9.18, -10.38, -11.05, -11.03, -10.42, -9.45, -8.52, -8.03, -8.28, -9.29, -10.83, -12.586, -14.414, -16.27, -18.27, -20.42, -22.8, -25.06, -26.84, -27.6, -26.75, -24.22, -20.2, -15.305, -10.24, -5.41, -1.175, 2.242, 4.83, 6.75, 8.22, 9.42, 10.3, 10.73, 10.53, 9.85, 8.89, 7.902, 7.113, 6.53, 6.117, 5.707, 5.22, 4.6, 3.85, 2.953, 1.89, 0.627, -0.862, -2.611, -4.58, -6.746, -9.055, -11.44, -13.96, -16.58, -19.34, -22.23, -25.14, -27.92, -30.27, -32.22, -33.56, -34.4, -34.7, -34.5, -33.88, -32.66, -30.9, -28.55, -25.58, -22.12, -18.25, -14.25, -10.24, -6.367, -2.713, 0.757, 4.06, 7.19, 10.11, 12.75, 15.016, 16.8, 17.94, 18.36, 17.98, 16.78, 14.78, 12.16, 9.23, 6.24, 3.441, 1.104, -0.64, -1.72, -2.22, -2.295, -2.158, -2.033, -2.078, -2.41, -3.133, -4.316, -5.99, -8.016, -10.195, -12.19, -13.75, -14.59, -14.72, -14.02, -12.49, -10.14, -6.844, -2.727, 1.963, 6.812, 11.35, 15.04, 17.36, 18.1, 17.38, 15.49, 12.91, 10.055, 7.24, 4.8, 2.854, 1.297, 0.04016, -0.8516, -1.163, -0.729
-0.89, 0.5786, 1.773, 2.312, 2.043, 1.043, -0.3977, -1.737, -2.398, -2.004, -0.515, 1.759, 4.23, 6.227, 7.246, 7.14, 6.164, 4.746, 3.295, 1.965, 0.7925, -0.2156, -0.9937, -1.461, -1.584, -1.356, -0.7905, 0.07043, 1.162, 2.39, 3.64, 4.797, 5.766, 6.445, 6.805, 6.832, 6.527, 5.902, 5.027, 3.979, 2.824, 1.613, 0.3232, -1.0625, -2.547, -4.055, -5.324, -5.97, -5.613, -4.21, -2.008, 0.4753, 2.654, 4.11, 4.65, 4.355, 3.543, 2.535, 1.505, 0.4666, -0.6367, -1.852, -3.133, -4.43, -5.766, -7.227, -8.78, -10.16, -11.08, -11.36, -11.06, -10.31, -9.5, -8.98, -9.11, -10.01, -11.58, -13.516, -15.55, -17.6, -19.61, -21.58, -23.45, -25.06, -26.11, -26.27, -25.28, -22.89, -19.22, -14.71, -9.78, -4.895, -0.485, 3.129, 5.816, 7.703, 8.984, 9.92, 10.61, 10.96, 10.89, 10.38, 9.555, 8.56, 7.625, 6.883, 6.312, 5.88, 5.453, 4.95, 4.293, 3.473, 2.445, 1.205, -0.294, -2.057, -4.094, -6.33, -8.67, -11.08, -13.45, -15.93, -18.42, -20.97, -23.5, -25.84, -27.94, -29.61, -30.9, -31.81, -32.25, -32.38, -32.06, -31.2, -29.8, -27.78, -25.11, -21.89, -18.25, -14.41, -10.49, -6.652, -2.898, 0.734, 4.33, 7.83, 11.16, 14.19, 16.8, 18.81, 20.11, 20.44, 19.8, 18.14, 15.586, 12.49, 9.234, 6.13, 3.47, 1.367, -0.111, -1.047, -1.549, -1.787, -1.93, -2.129, -2.521, -3.201, -4.266, -5.773, -7.734, -9.945, -12.09, -13.83, -14.95, -15.414, -15.26, -14.58, -13.31, -11.17, -7.93, -3.494, 1.675, 6.965, 11.71, 15.33, 17.38, 17.81, 16.88, 14.9, 12.35, 9.555, 6.793, 4.28, 2.193, 0.4478, -1.019, -2.09, -2.508, -2.062
-2.04, -0.3499, 1.105, 1.88, 1.784, 0.9004, -0.4377, -1.676, -2.236, -1.742, -0.1726, 2.162, 4.69, 6.75, 7.844, 7.855, 7.004, 5.684, 4.254, 2.916, 1.718, 0.6763, -0.1615, -0.7505, -1.069, -1.12, -0.8877, -0.3591, 0.4512, 1.489, 2.662, 3.844, 4.883, 5.652, 6.062, 6.12, 5.84, 5.254, 4.43, 3.467, 2.428, 1.332, 0.1256, -1.237, -2.74, -4.293, -5.6, -6.305, -6.016, -4.64, -2.414, 0.1877, 2.615, 4.387, 5.246, 5.168, 4.37, 3.176, 1.861, 0.556, -0.6924, -1.916, -3.166, -4.414, -5.707, -7.12, -8.625, -10.03, -11.05, -11.586, -11.59, -11.2, -10.68, -10.31, -10.42, -11.2, -12.61, -14.445, -16.45, -18.5, -20.45, -22.22, -23.7, -24.72, -25.14, -24.84, -23.78, -21.66, -18.48, -14.31, -9.516, -4.445, 0.3635, 4.367, 7.33, 9.26, 10.36, 10.92, 11.17, 11.164, 10.97, 10.49, 9.74, 8.78, 7.773, 6.914, 6.246, 5.793, 5.465, 5.156, 4.77, 4.23, 3.453, 2.385, 1.004, -0.7188, -2.766, -5.074, -7.555, -10.08, -12.63, -15.164, -17.69, -20.17, -22.53, -24.77, -26.55, -28.0, -29.11, -29.8, -30.2, -30.23, -29.95, -29.11, -27.84, -25.94, -23.39, -20.42, -16.98, -13.305, -9.53, -5.715, -1.962, 1.768, 5.46, 9.07, 12.51, 15.66, 18.31, 20.3, 21.38, 21.53, 20.58, 18.61, 15.89, 12.84, 9.79, 7.113, 4.95, 3.246, 1.986, 1.018, 0.245, -0.4666, -1.176, -1.981, -2.953, -4.18, -5.73, -7.652, -9.87, -12.164, -14.12, -15.49, -16.16, -16.2, -15.88, -15.33, -14.33, -12.43, -9.17, -4.54, 0.9346, 6.44, 11.22, 14.71, 16.5, 16.7, 15.63, 13.66, 11.19, 8.51, 5.824, 3.3, 1.12, -0.7153, -2.24, -3.355, -3.797, -3.318
-2.924, -1.103, 0.495, 1.405, 1.432, 0.664, -0.5386, -1.647, -2.107, -1.572, 0.001892, 2.326, 4.86, 7.008, 8.266, 8.51, 7.883, 6.76, 5.418, 4.074, 2.816, 1.685, 0.703, -0.0751, -0.639, -0.9766, -1.049, -0.836, -0.3062, 0.5327, 1.607, 2.77, 3.857, 4.723, 5.227, 5.36, 5.125, 4.582, 3.812, 2.92, 1.975, 0.9683, -0.1819, -1.529, -3.04, -4.574, -5.824, -6.473, -6.188, -4.9, -2.781, -0.2153, 2.293, 4.332, 5.594, 5.895, 5.33, 4.12, 2.59, 0.9985, -0.5034, -1.905, -3.232, -4.51, -5.8, -7.152, -8.56, -9.914, -11.016, -11.79, -12.18, -12.266, -12.18, -12.09, -12.234, -12.8, -13.836, -15.28, -17.0, -18.78, -20.56, -22.23, -23.58, -24.36, -24.5, -23.95, -22.83, -20.81, -17.83, -13.836, -8.98, -3.63, 1.555, 5.957, 9.15, 11.125, 12.0, 12.12, 11.77, 11.305, 10.8, 10.26, 9.586, 8.766, 7.867, 7.03, 6.34, 5.867, 5.586, 5.438, 5.32, 5.105, 4.68, 3.914, 2.75, 1.162, -0.8516, -3.188, -5.754, -8.45, -11.195, -13.95, -16.7, -19.45, -22.0, -24.36, -26.33, -27.86, -28.88, -29.55, -29.78, -29.67, -29.19, -28.25, -26.88, -24.97, -22.6, -19.69, -16.38, -12.82, -9.11, -5.363, -1.594, 2.143, 5.832, 9.41, 12.83, 15.88, 18.42, 20.27, 21.31, 21.33, 20.42, 18.69, 16.36, 13.84, 11.47, 9.43, 7.81, 6.49, 5.312, 4.13, 2.877, 1.513, 0.03894, -1.528, -3.234, -5.117, -7.223, -9.56, -12.016, -14.305, -16.08, -17.08, -17.39, -17.22, -16.86, -16.36, -15.44, -13.53, -10.24, -5.57, -0.12024, 5.285, 9.88, 13.08, 14.65, 14.66, 13.55, 11.64, 9.31, 6.76, 4.18, 1.73, -0.4146, -2.191, -3.594, -4.566, -4.89, -4.31
-3.44, -1.528, 0.099, 1.0, 1.043, 0.3525, -0.708, -1.655, -2.012, -1.464, 0.04413, 2.285, 4.797, 6.98, 8.44, 8.984, 8.7, 7.82, 6.625, 5.293, 3.96, 2.69, 1.527, 0.5283, -0.2764, -0.849, -1.161, -1.187, -0.8975, -0.2668, 0.6533, 1.744, 2.828, 3.744, 4.336, 4.566, 4.414, 3.936, 3.223, 2.387, 1.506, 0.5454, -0.6006, -1.974, -3.502, -4.97, -6.08, -6.555, -6.203, -4.97, -3.016, -0.624, 1.822, 3.982, 5.56, 6.293, 6.074, 5.03, 3.443, 1.659, -0.0759, -1.648, -3.086, -4.438, -5.74, -7.086, -8.46, -9.79, -11.02, -12.06, -12.91, -13.52, -13.96, -14.22, -14.375, -14.625, -15.11, -15.97, -17.14, -18.61, -20.28, -22.0, -23.52, -24.47, -24.64, -24.03, -22.61, -20.38, -17.17, -12.98, -7.883, -2.318, 3.047, 7.55, 10.83, 12.73, 13.38, 13.1, 12.31, 11.41, 10.63, 10.016, 9.53, 8.99, 8.38, 7.7, 7.066, 6.543, 6.176, 5.97, 5.906, 5.844, 5.64, 5.137, 4.22, 2.816, 0.9517, -1.307, -3.844, -6.58, -9.44, -12.39, -15.42, -18.47, -21.42, -24.14, -26.48, -28.39, -29.67, -30.48, -30.84, -30.78, -30.27, -29.27, -27.84, -25.97, -23.62, -20.81, -17.69, -14.16, -10.51, -6.76, -2.992, 0.784, 4.46, 8.02, 11.35, 14.41, 16.95, 18.94, 20.1, 20.48, 20.06, 18.94, 17.38, 15.62, 13.95, 12.55, 11.4, 10.28, 9.086, 7.57, 5.76, 3.682, 1.433, -0.9067, -3.291, -5.746, -8.336, -10.98, -13.61, -15.9, -17.58, -18.47, -18.72, -18.56, -18.23, -17.64, -16.47, -14.266, -10.83, -6.215, -1.048, 3.918, 8.03, 10.8, 12.08, 12.01, 10.875, 9.06, 6.844, 4.395, 1.94, -0.3762, -2.396, -3.98, -5.105, -5.766, -5.773, -4.977
-3.72, -1.7, -0.10443, 0.706, 0.676, 0.01819, -0.8887, -1.637, -1.856, -1.299, 0.09814, 2.162, 4.52, 6.7, 8.32, 9.195, 9.28, 8.71, 7.69, 6.406, 5.004, 3.592, 2.248, 1.049, 0.05792, -0.6826, -1.139, -1.309, -1.181, -0.7427, -0.01804, 0.9136, 1.909, 2.812, 3.469, 3.787, 3.729, 3.326, 2.658, 1.868, 1.014, 0.04462, -1.145, -2.578, -4.12, -5.484, -6.387, -6.617, -6.105, -4.86, -3.062, -0.92, 1.336, 3.465, 5.184, 6.21, 6.344, 5.562, 4.11, 2.309, 0.507, -1.1455, -2.656, -4.082, -5.484, -6.883, -8.305, -9.71, -11.11, -12.48, -13.73, -14.836, -15.734, -16.28, -16.45, -16.4, -16.34, -16.56, -17.2, -18.38, -20.05, -21.95, -23.84, -25.2, -25.56, -24.77, -22.84, -19.89, -16.06, -11.42, -6.125, -0.564, 4.605, 8.86, 11.89, 13.6, 14.12, 13.695, 12.74, 11.695, 10.85, 10.32, 10.03, 9.86, 9.56, 9.1, 8.53, 7.875, 7.28, 6.785, 6.457, 6.22, 5.93, 5.45, 4.637, 3.426, 1.785, -0.2119, -2.506, -5.047, -7.77, -10.72, -13.84, -17.12, -20.36, -23.52, -26.28, -28.6, -30.34, -31.56, -32.22, -32.38, -31.98, -31.17, -29.9, -28.22, -26.03, -23.47, -20.42, -17.03, -13.4, -9.63, -5.816, -1.995, 1.76, 5.383, 8.81, 11.984, 14.8, 17.08, 18.72, 19.72, 19.98, 19.67, 18.83, 17.8, 16.7, 15.75, 14.79, 13.79, 12.4, 10.52, 8.17, 5.45, 2.576, -0.2725, -3.08, -5.86, -8.68, -11.52, -14.25, -16.64, -18.44, -19.6, -20.1, -20.14, -19.77, -18.75, -17.02, -14.305, -10.6, -6.152, -1.485, 2.816, 6.266, 8.516, 9.5, 9.27, 8.13, 6.37, 4.203, 1.815, -0.5576, -2.793, -4.69, -6.08, -6.883, -7.098, -6.69, -5.53
-4.074, -1.866, -0.2491, 0.4648, 0.358, -0.253, -0.9873, -1.501, -1.553, -0.9873, 0.2415, 2.03, 4.133, 6.195, 7.91, 9.055, 9.49, 9.26, 8.45, 7.24, 5.824, 4.332, 2.863, 1.5205, 0.3887, -0.4497, -0.97, -1.199, -1.159, -0.8696, -0.3416, 0.3801, 1.201, 2.012, 2.666, 3.04, 3.072, 2.729, 2.115, 1.336, 0.4675, -0.552, -1.814, -3.307, -4.832, -6.047, -6.69, -6.625, -5.902, -4.617, -2.936, -1.017, 0.977, 2.91, 4.582, 5.72, 6.08, 5.59, 4.387, 2.787, 1.117, -0.4773, -2.01, -3.53, -5.082, -6.65, -8.21, -9.766, -11.336, -12.94, -14.516, -15.97, -17.17, -17.92, -18.12, -17.86, -17.42, -17.23, -17.5, -18.48, -20.17, -22.36, -24.56, -26.2, -26.72, -25.58, -22.86, -19.02, -14.36, -9.195, -3.8, 1.402, 5.973, 9.58, 12.15, 13.65, 14.195, 13.95, 13.26, 12.414, 11.75, 11.38, 11.3, 11.34, 11.305, 11.03, 10.45, 9.65, 8.695, 7.77, 6.94, 6.23, 5.543, 4.793, 3.871, 2.723, 1.318, -0.318, -2.168, -4.24, -6.54, -9.16, -12.1, -15.34, -18.73, -22.08, -25.19, -27.84, -30.0, -31.58, -32.6, -33.06, -33.1, -32.56, -31.64, -30.25, -28.38, -26.03, -23.16, -19.95, -16.42, -12.65, -8.78, -4.887, -1.025, 2.73, 6.34, 9.78, 12.91, 15.63, 17.81, 19.39, 20.36, 20.69, 20.5, 20.0, 19.27, 18.39, 17.52, 16.31, 14.65, 12.39, 9.625, 6.54, 3.375, 0.3462, -2.52, -5.32, -8.164, -11.055, -13.94, -16.53, -18.69, -20.34, -21.34, -21.61, -21.0, -19.42, -16.89, -13.58, -9.64, -5.434, -1.343, 2.238, 4.996, 6.742, 7.38, 7.004, 5.812, 4.04, 1.881, -0.4802, -2.9, -5.168, -7.09, -8.375, -8.94, -8.75, -7.848, -6.23
-4.78, -2.318, -0.5913, 0.1436, 0.06122, -0.4458, -0.969, -1.24, -1.114, -0.5425, 0.495, 1.949, 3.705, 5.562, 7.273, 8.61, 9.34, 9.414, 8.83, 7.773, 6.418, 4.938, 3.426, 1.986, 0.7554, -0.1633, -0.716, -0.9414, -0.922, -0.7197, -0.3677, 0.12256, 0.717, 1.369, 1.951, 2.334, 2.406, 2.127, 1.543, 0.7593, -0.156, -1.251, -2.568, -4.06, -5.492, -6.52, -6.895, -6.56, -5.62, -4.266, -2.666, -0.9487, 0.7983, 2.47, 3.953, 5.02, 5.465, 5.2, 4.285, 3.01, 1.612, 0.1946, -1.308, -2.965, -4.766, -6.598, -8.375, -10.06, -11.72, -13.39, -15.08, -16.66, -18.0, -18.86, -19.12, -18.86, -18.39, -18.08, -18.3, -19.27, -20.97, -23.25, -25.6, -27.22, -27.45, -25.86, -22.38, -17.58, -12.13, -6.586, -1.325, 3.28, 7.023, 9.85, 11.88, 13.234, 13.99, 14.2, 14.01, 13.64, 13.3, 13.07, 13.07, 13.164, 13.14, 12.87, 12.24, 11.27, 10.05, 8.71, 7.375, 6.12, 4.906, 3.719, 2.527, 1.281, -0.004883, -1.335, -2.727, -4.234, -5.957, -8.02, -10.516, -13.42, -16.61, -19.89, -23.06, -25.89, -28.27, -30.1, -31.47, -32.3, -32.7, -32.56, -31.95, -30.9, -29.4, -27.39, -24.86, -21.78, -18.34, -14.67, -10.836, -6.953, -3.027, 0.8486, 4.664, 8.336, 11.83, 14.92, 17.53, 19.62, 21.08, 21.9, 22.19, 21.97, 21.31, 20.42, 19.22, 17.77, 15.83, 13.35, 10.42, 7.254, 4.14, 1.213, -1.537, -4.246, -7.094, -10.1, -13.19, -16.11, -18.77, -20.89, -22.3, -22.64, -21.64, -19.45, -16.25, -12.45, -8.41, -4.46, -0.8945, 2.082, 4.266, 5.547, 5.867, 5.3, 4.023, 2.219, 0.03784, -2.361, -4.9, -7.37, -9.445, -10.82, -11.266, -10.78, -9.42, -7.344
-5.965, -3.191, -1.235, -0.3416, -0.2751, -0.5957, -0.8975, -0.942, -0.663, -0.08246, 0.775, 1.919, 3.336, 4.957, 6.59, 7.977, 8.914, 9.2, 8.84, 7.973, 6.805, 5.434, 3.979, 2.508, 1.198, 0.196, -0.398, -0.6245, -0.601, -0.4492, -0.2334, 0.03192, 0.3877, 0.841, 1.303, 1.639, 1.718, 1.479, 0.9185, 0.1162, -0.865, -2.027, -3.367, -4.77, -6.016, -6.805, -6.93, -6.38, -5.293, -3.88, -2.338, -0.7617, 0.7646, 2.19, 3.418, 4.324, 4.727, 4.547, 3.902, 2.959, 1.888, 0.694, -0.7554, -2.559, -4.652, -6.81, -8.79, -10.52, -12.11, -13.69, -15.28, -16.86, -18.22, -19.17, -19.62, -19.56, -19.34, -19.27, -19.7, -20.81, -22.5, -24.6, -26.47, -27.64, -27.31, -25.08, -20.92, -15.58, -9.71, -4.082, 0.8394, 4.836, 7.863, 10.07, 11.734, 13.055, 14.055, 14.77, 15.18, 15.26, 15.18, 15.016, 14.88, 14.72, 14.47, 14.04, 13.32, 12.3, 10.984, 9.445, 7.84, 6.227, 4.61, 3.035, 1.532, 0.09753, -1.217, -2.422, -3.545, -4.69, -5.98, -7.54, -9.53, -11.94, -14.695, -17.69, -20.58, -23.28, -25.61, -27.45, -29.0, -30.03, -30.72, -30.94, -30.69, -30.05, -28.86, -27.16, -24.88, -22.11, -18.89, -15.38, -11.73, -7.91, -4.01, -0.0698, 3.86, 7.727, 11.42, 14.81, 17.75, 20.14, 21.95, 23.06, 23.48, 23.34, 22.64, 21.5, 20.12, 18.45, 16.47, 14.06, 11.27, 8.28, 5.33, 2.578, -0.1179, -2.918, -5.99, -9.37, -12.82, -16.2, -19.22, -21.55, -22.9, -22.9, -21.55, -18.86, -15.33, -11.35, -7.406, -3.775, -0.592, 1.952, 3.734, 4.656, 4.72, 3.982, 2.596, 0.7314, -1.485, -4.0, -6.723, -9.44, -11.76, -13.26, -13.734, -13.06, -11.375, -8.89
-7.45, -4.402, -2.168, -0.999, -0.6753, -0.7617, -0.867, -0.7617, -0.3926, 0.1952, 0.9634, 1.93, 3.156, 4.598, 6.105, 7.465, 8.4, 8.75, 8.54, 7.906, 6.977, 5.875, 4.566, 3.143, 1.766, 0.6655, -0.01984, -0.3025, -0.3184, -0.229, -0.1384, -0.05804, 0.08356, 0.34, 0.6597, 0.9224, 0.9917, 0.776, 0.2437, -0.571, -1.618, -2.848, -4.145, -5.406, -6.406, -6.92, -6.824, -6.12, -4.95, -3.531, -2.023, -0.556, 0.8213, 2.053, 3.068, 3.768, 4.043, 3.877, 3.367, 2.67, 1.871, 0.8833, -0.4966, -2.398, -4.703, -7.1, -9.24, -10.95, -12.4, -13.766, -15.19, -16.69, -18.05, -19.14, -19.89, -20.27, -20.48, -20.89, -21.67, -22.83, -24.28, -25.78, -26.9, -27.17, -26.02, -23.17, -18.72, -13.24, -7.434, -2.016, 2.584, 6.207, 8.87, 10.836, 12.35, 13.695, 14.87, 15.89, 16.6, 16.97, 17.0, 16.69, 16.2, 15.625, 14.94, 14.24, 13.43, 12.48, 11.33, 9.98, 8.445, 6.824, 5.09, 3.338, 1.627, 0.01776, -1.423, -2.68, -3.803, -4.87, -6.04, -7.445, -9.18, -11.305, -13.69, -16.23, -18.77, -21.11, -23.1, -24.8, -26.12, -27.23, -28.02, -28.44, -28.48, -28.08, -27.19, -25.67, -23.67, -21.19, -18.25, -15.086, -11.67, -8.05, -4.266, -0.3442, 3.629, 7.57, 11.36, 14.85, 17.94, 20.48, 22.33, 23.52, 24.03, 23.86, 23.16, 22.03, 20.64, 19.12, 17.42, 15.305, 12.86, 10.1, 7.297, 4.508, 1.611, -1.668, -5.426, -9.51, -13.6, -17.31, -20.31, -22.31, -23.1, -22.48, -20.67, -17.84, -14.3, -10.57, -6.945, -3.615, -0.739, 1.538, 3.059, 3.74, 3.615, 2.729, 1.237, -0.7065, -3.064, -5.742, -8.69, -11.6, -14.086, -15.7, -16.12, -15.31, -13.4, -10.63
-8.92, -5.668, -3.186, -1.71, -1.079, -0.9355, -0.9204, -0.7954, -0.4553, 0.1111, 0.8936, 1.906, 3.16, 4.586, 5.996, 7.184, 7.94, 8.2, 8.05, 7.605, 7.0, 6.21, 5.168, 3.854, 2.477, 1.269, 0.4236, -0.00876, -0.1622, -0.2053, -0.2568, -0.3293, -0.3508, -0.2542, -0.04614, 0.1562, 0.2301, 0.063, -0.4265, -1.24, -2.336, -3.598, -4.855, -5.957, -6.703, -6.957, -6.668, -5.848, -4.65, -3.232, -1.784, -0.3875, 0.9, 2.025, 2.895, 3.408, 3.525, 3.273, 2.775, 2.182, 1.541, 0.724, -0.5317, -2.383, -4.727, -7.23, -9.45, -11.16, -12.49, -13.69, -15.016, -16.44, -17.92, -19.23, -20.33, -21.19, -21.98, -22.8, -23.83, -24.9, -25.9, -26.69, -26.75, -25.95, -23.97, -20.67, -16.17, -10.98, -5.527, -0.364, 4.105, 7.703, 10.4, 12.44, 14.0, 15.336, 16.52, 17.48, 18.14, 18.45, 18.28, 17.75, 16.89, 15.84, 14.77, 13.75, 12.82, 11.984, 11.125, 10.195, 9.11, 7.81, 6.32, 4.676, 2.96, 1.267, -0.2913, -1.697, -2.998, -4.277, -5.65, -7.215, -9.09, -11.23, -13.555, -15.88, -18.11, -20.12, -21.81, -23.12, -24.25, -25.19, -25.94, -26.45, -26.55, -26.25, -25.42, -24.03, -22.2, -19.94, -17.39, -14.516, -11.445, -8.086, -4.504, -0.7334, 3.158, 7.047, 10.766, 14.21, 17.2, 19.72, 21.55, 22.83, 23.42, 23.52, 23.1, 22.34, 21.39, 20.33, 19.12, 17.44, 15.3, 12.76, 9.914, 6.855, 3.342, -0.8447, -5.69, -10.77, -15.47, -19.22, -21.81, -23.0, -22.92, -21.64, -19.44, -16.64, -13.44, -10.09, -6.85, -3.818, -1.16, 0.92, 2.26, 2.766, 2.455, 1.388, -0.3042, -2.506, -5.176, -8.16, -11.26, -14.26, -16.66, -18.1, -18.31, -17.25, -15.14, -12.26
-10.17, -6.8, -4.07, -2.283, -1.361, -1.048, -1.03, -1.048, -0.879, -0.3855, 0.504, 1.771, 3.31, 4.895, 6.26, 7.227, 7.684, 7.727, 7.5, 7.184, 6.85, 6.39, 5.65, 4.543, 3.229, 1.954, 0.93, 0.261, -0.1428, -0.41, -0.647, -0.864, -0.9976, -0.9893, -0.85, -0.6597, -0.545, -0.633, -1.052, -1.836, -2.95, -4.234, -5.47, -6.43, -6.953, -7.004, -6.547, -5.65, -4.42, -3.037, -1.626, -0.2773, 0.979, 2.057, 2.82, 3.19, 3.127, 2.723, 2.137, 1.545, 0.984, 0.317, -0.7275, -2.352, -4.52, -6.94, -9.19, -10.98, -12.37, -13.66, -15.04, -16.58, -18.23, -19.83, -21.31, -22.55, -23.67, -24.75, -25.7, -26.52, -27.03, -26.98, -26.16, -24.48, -21.78, -18.17, -13.82, -8.945, -3.803, 1.223, 5.824, 9.64, 12.6, 14.805, 16.45, 17.69, 18.61, 19.23, 19.52, 19.45, 19.06, 18.27, 17.16, 15.836, 14.45, 13.164, 12.06, 11.22, 10.58, 10.016, 9.42, 8.67, 7.695, 6.45, 4.99, 3.42, 1.848, 0.3008, -1.221, -2.8, -4.53, -6.484, -8.67, -11.06, -13.56, -15.97, -18.19, -20.08, -21.64, -22.81, -23.81, -24.66, -25.38, -25.83, -25.98, -25.64, -24.75, -23.39, -21.62, -19.52, -17.23, -14.72, -11.945, -8.88, -5.58, -2.01, 1.682, 5.367, 8.91, 12.16, 15.05, 17.48, 19.45, 20.94, 21.98, 22.55, 22.8, 22.78, 22.5, 22.11, 21.38, 20.16, 18.25, 15.72, 12.65, 8.98, 4.547, -0.8, -6.777, -12.65, -17.55, -21.05, -22.89, -23.22, -22.31, -20.55, -18.14, -15.4, -12.5, -9.516, -6.55, -3.75, -1.287, 0.616, 1.766, 2.057, 1.473, 0.0586, -2.104, -4.92, -8.19, -11.6, -14.92, -17.75, -19.72, -20.6, -20.34, -18.89, -16.53, -13.516
-11.055, -7.59, -4.63, -2.541, -1.381, -0.984, -1.103, -1.419, -1.565, -1.224, -0.2173, 1.41, 3.385, 5.29, 6.73, 7.496, 7.625, 7.344, 6.965, 6.695, 6.547, 6.34, 5.86, 5.023, 3.877, 2.62, 1.458, 0.528, -0.1827, -0.742, -1.201, -1.564, -1.784, -1.827, -1.705, -1.497, -1.312, -1.295, -1.61, -2.328, -3.408, -4.695, -5.91, -6.8, -7.215, -7.11, -6.53, -5.56, -4.32, -2.943, -1.556, -0.217, 1.032, 2.088, 2.78, 3.0, 2.746, 2.178, 1.48, 0.861, 0.3633, -0.1376, -0.897, -2.14, -3.96, -6.18, -8.45, -10.46, -12.2, -13.805, -15.47, -17.27, -19.14, -20.98, -22.6, -24.03, -25.31, -26.28, -26.98, -27.48, -27.47, -26.88, -25.4, -23.12, -19.98, -16.14, -11.79, -7.023, -1.903, 3.25, 8.05, 12.16, 15.29, 17.58, 19.11, 20.14, 20.7, 20.81, 20.62, 20.19, 19.5, 18.58, 17.39, 16.02, 14.51, 13.01, 11.66, 10.64, 9.914, 9.47, 9.15, 8.84, 8.4, 7.703, 6.74, 5.54, 4.18, 2.695, 1.076, -0.705, -2.707, -4.977, -7.508, -10.2, -12.95, -15.58, -17.95, -20.02, -21.67, -23.02, -24.14, -25.06, -25.86, -26.4, -26.6, -26.31, -25.47, -24.05, -22.28, -20.33, -18.23, -15.99, -13.47, -10.71, -7.652, -4.395, -0.958, 2.467, 5.76, 8.875, 11.68, 14.21, 16.44, 18.36, 20.06, 21.45, 22.53, 23.28, 23.77, 23.94, 23.64, 22.69, 20.83, 18.14, 14.57, 10.13, 4.746, -1.497, -8.055, -14.016, -18.6, -21.48, -22.77, -22.56, -21.27, -19.25, -16.78, -14.1, -11.3, -8.414, -5.535, -2.834, -0.527, 1.185, 2.074, 2.021, 0.9834, -1.067, -4.12, -7.945, -12.13, -16.22, -19.69, -22.19, -23.45, -23.5, -22.4, -20.34, -17.62, -14.45
-11.734, -8.09, -4.887, -2.51, -1.12, -0.7046, -1.052, -1.76, -2.307, -2.188, -1.123, 0.823, 3.24, 5.504, 7.09, 7.758, 7.64, 7.098, 6.55, 6.246, 6.14, 6.066, 5.805, 5.2, 4.285, 3.154, 1.952, 0.8306, -0.164, -1.01, -1.699, -2.21, -2.527, -2.623, -2.52, -2.293, -2.047, -1.944, -2.148, -2.742, -3.736, -4.97, -6.168, -7.043, -7.42, -7.266, -6.625, -5.613, -4.355, -2.992, -1.615, -0.2705, 0.9834, 2.002, 2.611, 2.691, 2.281, 1.578, 0.836, 0.2588, -0.1234, -0.4321, -0.8926, -1.752, -3.191, -5.17, -7.47, -9.805, -12.07, -14.23, -16.36, -18.45, -20.48, -22.33, -23.94, -25.28, -26.38, -27.17, -27.56, -27.69, -27.36, -26.48, -24.78, -22.23, -18.73, -14.52, -9.81, -4.727, 0.66, 5.99, 10.91, 15.01, 18.1, 20.17, 21.47, 22.14, 22.38, 22.12, 21.61, 20.92, 20.1, 19.11, 18.0, 16.67, 15.17, 13.555, 11.98, 10.6, 9.555, 8.81, 8.39, 8.15, 7.965, 7.71, 7.28, 6.64, 5.758, 4.637, 3.26, 1.584, -0.4006, -2.72, -5.36, -8.21, -11.15, -13.99, -16.64, -18.97, -20.92, -22.6, -23.97, -25.11, -26.12, -26.83, -27.3, -27.12, -26.38, -25.14, -23.53, -21.67, -19.81, -17.77, -15.51, -13.01, -10.2, -7.176, -4.043, -0.878, 2.203, 5.184, 8.04, 10.75, 13.38, 15.91, 18.22, 20.36, 22.19, 23.7, 24.7, 25.25, 25.17, 24.14, 22.12, 18.98, 14.85, 9.805, 3.951, -2.434, -8.72, -14.03, -17.86, -20.19, -21.14, -21.0, -19.83, -17.9, -15.52, -12.77, -9.836, -6.77, -3.746, -1.005, 1.242, 2.75, 3.31, 2.754, 0.9854, -2.074, -6.35, -11.47, -16.8, -21.64, -25.33, -27.39, -27.77, -26.7, -24.58, -21.8, -18.64, -15.27
-12.38, -8.53, -5.047, -2.34, -0.7373, -0.3184, -0.8843, -1.957, -2.871, -2.996, -1.97, 0.12427, 2.799, 5.316, 7.047, 7.742, 7.555, 6.93, 6.305, 5.914, 5.76, 5.7, 5.53, 5.117, 4.44, 3.484, 2.354, 1.152, -0.00925, -1.055, -1.92, -2.582, -3.018, -3.22, -3.197, -3.014, -2.771, -2.613, -2.707, -3.164, -4.004, -5.11, -6.25, -7.125, -7.53, -7.39, -6.758, -5.746, -4.508, -3.162, -1.806, -0.4797, 0.7344, 1.681, 2.176, 2.125, 1.621, 0.9043, 0.2461, -0.1819, -0.373, -0.466, -0.671, -1.256, -2.428, -4.242, -6.6, -9.305, -12.1, -14.87, -17.45, -19.75, -21.75, -23.45, -24.81, -25.9, -26.77, -27.33, -27.58, -27.55, -27.12, -26.11, -24.38, -21.61, -17.72, -12.945, -7.55, -1.844, 3.938, 9.414, 14.15, 17.92, 20.55, 22.25, 23.16, 23.6, 23.62, 23.19, 22.56, 21.8, 20.95, 20.06, 19.05, 17.78, 16.28, 14.625, 12.85, 11.16, 9.66, 8.46, 7.613, 7.07, 6.742, 6.56, 6.42, 6.234, 5.9, 5.38, 4.57, 3.418, 1.866, -0.10376, -2.48, -5.2, -8.12, -11.086, -13.93, -16.55, -18.89, -20.88, -22.55, -23.95, -25.12, -26.08, -26.69, -26.78, -26.38, -25.33, -23.98, -22.47, -20.77, -19.0, -17.02, -14.74, -12.22, -9.484, -6.64, -3.762, -0.8936, 1.988, 4.883, 7.83, 10.836, 13.87, 16.77, 19.45, 21.81, 23.64, 24.95, 25.55, 25.28, 23.97, 21.4, 17.81, 13.34, 8.234, 2.684, -3.018, -8.3, -12.586, -15.62, -17.56, -18.66, -18.92, -18.27, -16.72, -14.39, -11.49, -8.26, -4.88, -1.591, 1.311, 3.559, 4.883, 5.047, 3.812, 1.049, -3.252, -8.88, -15.305, -21.66, -27.1, -30.84, -32.44, -32.1, -30.0, -26.89, -23.4, -19.78, -16.11
-13.055, -8.97, -5.227, -2.281, -0.5146, -0.05548, -0.717, -1.965, -3.076, -3.373, -2.47, -0.457, 2.178, 4.703, 6.47, 7.254, 7.184, 6.69, 6.145, 5.746, 5.523, 5.387, 5.22, 4.902, 4.383, 3.615, 2.611, 1.462, 0.278, -0.838, -1.801, -2.578, -3.158, -3.523, -3.674, -3.635, -3.494, -3.348, -3.363, -3.656, -4.285, -5.188, -6.188, -7.016, -7.45, -7.35, -6.777, -5.82, -4.656, -3.379, -2.084, -0.839, 0.258, 1.053, 1.393, 1.244, 0.741, 0.1448, -0.2964, -0.4607, -0.4004, -0.2996, -0.3767, -0.86, -1.931, -3.688, -6.113, -9.05, -12.266, -15.445, -18.34, -20.75, -22.64, -24.08, -25.12, -25.95, -26.62, -27.22, -27.53, -27.5, -26.98, -25.94, -23.97, -20.81, -16.4, -10.875, -4.688, 1.665, 7.746, 13.07, 17.31, 20.44, 22.48, 23.73, 24.47, 24.77, 24.7, 24.33, 23.66, 22.89, 22.05, 21.17, 20.19, 18.95, 17.45, 15.79, 13.945, 12.086, 10.305, 8.71, 7.41, 6.383, 5.62, 5.113, 4.85, 4.723, 4.695, 4.664, 4.5, 4.07, 3.262, 1.996, 0.2505, -1.963, -4.54, -7.344, -10.234, -13.016, -15.62, -17.86, -19.77, -21.27, -22.55, -23.55, -24.38, -24.67, -24.44, -23.83, -22.8, -21.58, -20.28, -18.78, -17.1, -15.164, -13.01, -10.664, -8.22, -5.715, -3.123, -0.3965, 2.533, 5.64, 8.93, 12.3, 15.6, 18.58, 21.06, 22.9, 24.06, 24.28, 23.52, 21.66, 18.75, 15.04, 10.83, 6.332, 1.686, -2.902, -7.055, -10.39, -12.87, -14.79, -16.27, -17.1, -16.92, -15.67, -13.37, -10.36, -6.844, -3.133, 0.4358, 3.52, 5.754, 6.863, 6.492, 4.37, 0.459, -5.1, -11.86, -19.02, -25.89, -31.48, -35.12, -36.4, -35.53, -32.84, -29.08, -24.92, -20.92, -16.95
-13.48, -9.33, -5.516, -2.518, -0.704, -0.1826, -0.7476, -1.867, -2.873, -3.168, -2.41, -0.6675, 1.62, 3.822, 5.42, 6.242, 6.41, 6.22, 5.926, 5.645, 5.43, 5.24, 5.03, 4.74, 4.3, 3.639, 2.748, 1.695, 0.5815, -0.4897, -1.457, -2.3, -3.008, -3.576, -3.953, -4.152, -4.188, -4.14, -4.14, -4.285, -4.676, -5.31, -6.086, -6.797, -7.2, -7.13, -6.633, -5.793, -4.74, -3.564, -2.38, -1.28, -0.3848, 0.1816, 0.3367, 0.1166, -0.3047, -0.6846, -0.8174, -0.664, -0.355, -0.1345, -0.2262, -0.7856, -1.918, -3.678, -6.094, -9.07, -12.35, -15.625, -18.6, -21.0, -22.88, -24.1, -25.03, -25.72, -26.45, -27.2, -27.64, -27.69, -27.06, -25.64, -23.16, -19.42, -14.29, -8.06, -1.31, 5.418, 11.484, 16.42, 20.05, 22.45, 24.06, 25.08, 25.73, 26.03, 25.95, 25.55, 24.88, 24.1, 23.19, 22.23, 21.08, 19.81, 18.31, 16.64, 14.92, 13.15, 11.37, 9.67, 8.08, 6.625, 5.37, 4.4, 3.676, 3.223, 3.04, 3.086, 3.234, 3.32, 3.184, 2.69, 1.735, 0.2625, -1.697, -4.027, -6.605, -9.28, -11.836, -14.164, -16.05, -17.56, -18.69, -19.58, -20.22, -20.58, -20.61, -20.19, -19.5, -18.67, -17.64, -16.53, -15.234, -13.75, -12.086, -10.305, -8.414, -6.434, -4.254, -1.8, 0.9897, 4.12, 7.523, 10.984, 14.305, 17.2, 19.5, 20.9, 21.47, 21.12, 19.89, 17.75, 15.03, 11.88, 8.53, 5.082, 1.4795, -2.162, -5.562, -8.49, -10.9, -12.99, -14.79, -15.86, -15.88, -14.69, -12.36, -9.164, -5.492, -1.547, 2.203, 5.324, 7.438, 8.12, 6.996, 3.86, -1.183, -7.66, -14.875, -22.12, -28.67, -33.97, -37.28, -38.34, -37.3, -34.38, -30.36, -26.05, -21.69, -17.56
-13.35, -9.336, -5.754, -3.004, -1.37, -0.8467, -1.157, -1.845, -2.402, -2.424, -1.722, -0.3635, 1.331, 2.932, 4.133, 4.863, 5.223, 5.38, 5.457, 5.465, 5.395, 5.266, 5.07, 4.777, 4.36, 3.713, 2.861, 1.857, 0.807, -0.2026, -1.118, -1.965, -2.752, -3.477, -4.086, -4.53, -4.797, -4.914, -4.953, -5.01, -5.188, -5.562, -6.062, -6.58, -6.875, -6.8, -6.37, -5.63, -4.707, -3.664, -2.629, -1.717, -1.064, -0.7603, -0.802, -1.073, -1.377, -1.507, -1.338, -0.9136, -0.442, -0.2013, -0.4094, -1.146, -2.398, -4.145, -6.406, -9.14, -12.18, -15.27, -18.12, -20.56, -22.38, -23.7, -24.73, -25.62, -26.58, -27.45, -27.98, -27.94, -26.98, -24.95, -21.77, -17.16, -11.375, -4.727, 2.232, 8.87, 14.59, 19.03, 22.11, 24.2, 25.62, 26.66, 27.38, 27.7, 27.61, 27.12, 26.33, 25.34, 24.2, 22.97, 21.62, 20.14, 18.6, 17.05, 15.53, 14.05, 12.586, 11.06, 9.52, 7.895, 6.336, 4.887, 3.654, 2.67, 2.027, 1.725, 1.709, 1.831, 1.924, 1.84, 1.434, 0.6074, -0.6875, -2.398, -4.45, -6.664, -8.86, -10.86, -12.49, -13.71, -14.51, -14.97, -15.27, -15.39, -15.305, -14.96, -14.45, -13.81, -13.11, -12.33, -11.45, -10.46, -9.39, -8.27, -7.082, -5.758, -4.17, -2.203, 0.2258, 3.096, 6.234, 9.41, 12.336, 14.74, 16.38, 17.19, 17.19, 16.47, 15.18, 13.484, 11.55, 9.49, 7.29, 4.812, 1.949, -1.26, -4.54, -7.586, -10.234, -12.51, -14.28, -15.21, -15.02, -13.61, -11.05, -7.656, -3.764, 0.288, 4.027, 6.99, 8.73, 8.734, 6.6, 2.371, -3.574, -10.49, -17.58, -24.11, -29.75, -34.12, -36.9, -37.78, -36.75, -34.06, -30.31, -26.0, -21.66, -17.44
-12.48, -8.81, -5.74, -3.568, -2.37, -1.968, -1.997, -2.076, -1.917, -1.421, -0.6143, 0.3914, 1.411, 2.266, 2.89, 3.346, 3.75, 4.18, 4.617, 5.0, 5.258, 5.355, 5.305, 5.08, 4.64, 3.963, 3.037, 1.985, 0.907, -0.10114, -1.004, -1.83, -2.611, -3.389, -4.13, -4.76, -5.24, -5.53, -5.67, -5.727, -5.8, -5.977, -6.242, -6.51, -6.645, -6.5, -6.09, -5.43, -4.613, -3.7, -2.81, -2.09, -1.661, -1.588, -1.801, -2.104, -2.299, -2.225, -1.851, -1.302, -0.8164, -0.6665, -1.032, -1.919, -3.225, -4.88, -6.848, -9.13, -11.72, -14.445, -17.12, -19.56, -21.62, -23.31, -24.69, -25.92, -27.0, -27.89, -28.27, -27.88, -26.42, -23.62, -19.53, -14.28, -8.055, -1.327, 5.387, 11.59, 16.86, 20.89, 23.8, 25.9, 27.5, 28.66, 29.45, 29.78, 29.62, 28.95, 27.9, 26.62, 25.2, 23.55, 21.83, 20.12, 18.52, 17.03, 15.72, 14.61, 13.56, 12.45, 11.16, 9.69, 8.04, 6.37, 4.766, 3.355, 2.225, 1.418, 0.948, 0.704, 0.5674, 0.4065, 0.08716, -0.508, -1.444, -2.713, -4.273, -5.98, -7.676, -9.195, -10.34, -11.07, -11.36, -11.29, -11.0, -10.625, -10.13, -9.59, -8.984, -8.375, -7.805, -7.254, -6.72, -6.195, -5.688, -5.223, -4.766, -4.184, -3.328, -2.035, -0.2263, 2.055, 4.582, 7.082, 9.3, 10.93, 11.89, 12.2, 11.984, 11.445, 10.75, 10.01, 9.234, 8.32, 7.047, 5.19, 2.566, -0.758, -4.36, -7.773, -10.586, -12.74, -14.14, -14.625, -13.984, -12.125, -9.17, -5.45, -1.337, 2.748, 6.367, 8.99, 10.1, 9.195, 5.98, 0.7314, -5.84, -12.79, -19.23, -24.7, -29.06, -32.38, -34.47, -35.2, -34.38, -32.1, -28.83, -24.81, -20.55, -16.42
-10.88, -7.703, -5.33, -3.92, -3.367, -3.258, -3.115, -2.627, -1.72, -0.5864, 0.4807, 1.274, 1.712, 1.855, 1.867, 1.943, 2.23, 2.75, 3.43, 4.156, 4.812, 5.3, 5.55, 5.516, 5.137, 4.41, 3.38, 2.176, 0.941, -0.1968, -1.174, -1.993, -2.725, -3.438, -4.15, -4.844, -5.434, -5.87, -6.164, -6.324, -6.41, -6.508, -6.6, -6.668, -6.613, -6.383, -5.93, -5.316, -4.562, -3.752, -2.984, -2.41, -2.135, -2.205, -2.508, -2.828, -2.953, -2.775, -2.361, -1.862, -1.52, -1.538, -2.03, -2.96, -4.19, -5.605, -7.2, -9.01, -11.086, -13.47, -15.97, -18.55, -20.97, -23.16, -24.98, -26.47, -27.56, -28.14, -28.1, -27.1, -25.0, -21.52, -16.83, -11.13, -4.805, 1.728, 8.02, 13.72, 18.53, 22.36, 25.34, 27.77, 29.67, 31.05, 31.9, 32.22, 31.86, 30.98, 29.66, 28.1, 26.28, 24.31, 22.28, 20.25, 18.42, 16.88, 15.695, 14.77, 14.03, 13.266, 12.36, 11.16, 9.71, 8.086, 6.45, 4.883, 3.49, 2.33, 1.424, 0.7363, 0.1774, -0.3435, -0.932, -1.674, -2.63, -3.818, -5.188, -6.625, -8.016, -9.17, -9.98, -10.34, -10.26, -9.7, -8.9, -7.914, -6.938, -5.965, -5.062, -4.297, -3.691, -3.229, -2.896, -2.697, -2.635, -2.713, -2.871, -2.963, -2.81, -2.234, -1.153, 0.3667, 2.125, 3.848, 5.31, 6.312, 6.89, 7.15, 7.227, 7.348, 7.58, 7.88, 8.09, 7.96, 7.14, 5.383, 2.54, -1.127, -5.01, -8.44, -11.016, -12.73, -13.59, -13.516, -12.37, -10.016, -6.617, -2.55, 1.769, 5.863, 9.27, 11.51, 11.914, 10.04, 5.836, -0.1775, -7.07, -13.77, -19.47, -23.8, -26.9, -29.2, -30.64, -31.16, -30.56, -28.81, -25.95, -22.34, -18.44, -14.51
-8.97, -6.33, -4.617, -3.955, -4.066, -4.348, -4.207, -3.383, -1.932, -0.2827, 1.078, 1.829, 1.926, 1.576, 1.109, 0.816, 0.8696, 1.293, 2.03, 2.97, 3.979, 4.895, 5.566, 5.867, 5.69, 5.016, 3.904, 2.508, 1.022, -0.3638, -1.521, -2.412, -3.094, -3.668, -4.246, -4.83, -5.418, -5.945, -6.39, -6.707, -6.93, -7.047, -7.062, -6.977, -6.785, -6.434, -5.93, -5.312, -4.605, -3.873, -3.209, -2.734, -2.55, -2.666, -2.982, -3.28, -3.37, -3.213, -2.908, -2.621, -2.525, -2.713, -3.23, -4.03, -5.023, -6.117, -7.332, -8.75, -10.5, -12.625, -15.086, -17.78, -20.61, -23.22, -25.36, -26.94, -27.8, -27.89, -27.2, -25.61, -22.89, -18.95, -13.945, -8.125, -1.868, 4.39, 10.3, 15.64, 20.1, 23.92, 27.12, 29.78, 31.95, 33.4, 34.25, 34.38, 33.8, 32.8, 31.38, 29.69, 27.67, 25.53, 23.23, 20.9, 18.78, 17.02, 15.65, 14.68, 13.98, 13.33, 12.63, 11.72, 10.58, 9.27, 7.883, 6.516, 5.223, 4.027, 2.96, 2.008, 1.127, 0.267, -0.6313, -1.638, -2.805, -4.13, -5.58, -7.082, -8.5, -9.695, -10.52, -10.92, -10.8, -10.164, -9.16, -7.926, -6.58, -5.24, -4.06, -3.084, -2.352, -1.859, -1.591, -1.537, -1.702, -2.09, -2.633, -3.168, -3.494, -3.447, -2.943, -2.03, -0.8945, 0.2795, 1.297, 2.062, 2.676, 3.244, 3.93, 4.8, 5.832, 6.812, 7.477, 7.5, 6.574, 4.504, 1.353, -2.422, -6.04, -8.9, -10.81, -11.875, -12.125, -11.586, -10.04, -7.36, -3.688, 0.603, 5.043, 9.15, 12.445, 14.336, 14.12, 11.47, 6.61, 0.2404, -6.645, -12.96, -17.95, -21.4, -23.67, -25.23, -26.11, -26.42, -25.98, -24.61, -22.33, -19.25, -15.766, -12.195
-7.22, -5.105, -3.898, -3.742, -4.312, -4.926, -4.95, -4.066, -2.441, -0.593, 0.909, 1.6875, 1.699, 1.184, 0.5083, -0.01587, -0.1982, 0.0203, 0.631, 1.582, 2.771, 4.043, 5.16, 5.883, 6.05, 5.574, 4.49, 2.967, 1.231, -0.4434, -1.855, -2.914, -3.611, -4.08, -4.453, -4.867, -5.34, -5.88, -6.426, -6.91, -7.266, -7.445, -7.457, -7.29, -6.992, -6.562, -6.027, -5.39, -4.703, -4.043, -3.492, -3.127, -3.014, -3.145, -3.402, -3.645, -3.73, -3.678, -3.611, -3.615, -3.783, -4.09, -4.504, -5.01, -5.637, -6.367, -7.285, -8.49, -10.09, -12.15, -14.68, -17.53, -20.42, -23.17, -25.39, -26.81, -27.4, -26.98, -25.73, -23.56, -20.56, -16.45, -11.3, -5.48, 0.7144, 6.832, 12.555, 17.62, 21.98, 25.77, 29.08, 31.86, 34.06, 35.44, 36.12, 36.03, 35.4, 34.47, 33.1, 31.4, 29.5, 27.25, 24.81, 22.25, 19.77, 17.64, 15.91, 14.62, 13.64, 12.88, 12.13, 11.33, 10.43, 9.445, 8.484, 7.55, 6.66, 5.766, 4.88, 3.973, 3.03, 2.047, 1.005, -0.143, -1.43, -2.88, -4.484, -6.176, -7.83, -9.34, -10.555, -11.34, -11.63, -11.375, -10.63, -9.555, -8.21, -6.855, -5.625, -4.594, -3.799, -3.25, -2.941, -2.828, -2.98, -3.383, -3.988, -4.617, -5.105, -5.27, -5.023, -4.406, -3.555, -2.615, -1.697, -0.8467, 0.015076, 1.013, 2.22, 3.586, 4.965, 6.043, 6.516, 6.1, 4.688, 2.24, -0.939, -4.223, -6.965, -8.81, -9.82, -10.16, -9.914, -9.016, -7.285, -4.586, -0.9517, 3.367, 7.88, 12.086, 15.375, 17.03, 16.39, 13.336, 8.266, 1.987, -4.586, -10.42, -14.85, -17.86, -19.75, -20.92, -21.56, -21.7, -21.27, -20.19, -18.38, -15.89, -12.945, -9.94
-6.023, -4.418, -3.523, -3.541, -4.223, -4.96, -5.12, -4.4, -2.965, -1.301, 0.0675, 0.81, 0.88, 0.4756, -0.10803, -0.636, -0.951, -0.9473, -0.5605, 0.2366, 1.414, 2.834, 4.26, 5.395, 5.973, 5.824, 4.94, 3.436, 1.579, -0.3325, -2.021, -3.309, -4.14, -4.594, -4.85, -5.08, -5.4, -5.86, -6.406, -6.945, -7.37, -7.61, -7.62, -7.44, -7.105, -6.656, -6.105, -5.46, -4.8, -4.23, -3.81, -3.6, -3.586, -3.73, -3.93, -4.13, -4.246, -4.375, -4.594, -4.926, -5.312, -5.637, -5.82, -5.918, -6.066, -6.47, -7.176, -8.336, -9.97, -12.08, -14.6, -17.39, -20.17, -22.75, -24.78, -26.02, -26.27, -25.55, -23.94, -21.58, -18.39, -14.22, -9.01, -3.047, 3.232, 9.36, 15.02, 19.98, 24.19, 27.92, 31.11, 33.84, 35.8, 36.9, 37.3, 37.1, 36.5, 35.6, 34.47, 33.1, 31.33, 29.23, 26.77, 24.1, 21.36, 18.83, 16.73, 14.95, 13.59, 12.44, 11.44, 10.516, 9.6, 8.81, 8.164, 7.688, 7.27, 6.863, 6.39, 5.777, 5.03, 4.188, 3.234, 2.188, 0.992, -0.3772, -1.958, -3.736, -5.64, -7.53, -9.21, -10.586, -11.47, -11.81, -11.64, -10.984, -10.055, -9.02, -8.03, -7.176, -6.48, -5.945, -5.523, -5.26, -5.19, -5.36, -5.727, -6.18, -6.516, -6.617, -6.375, -5.855, -5.094, -4.223, -3.297, -2.336, -1.277, -0.04883, 1.349, 2.76, 3.957, 4.6, 4.477, 3.445, 1.548, -0.9814, -3.686, -5.98, -7.484, -8.2, -8.32, -8.04, -7.42, -6.4, -4.76, -2.273, 1.175, 5.434, 10.04, 14.35, 17.66, 19.17, 18.36, 15.3, 10.53, 4.754, -1.237, -6.56, -10.65, -13.516, -15.484, -16.67, -17.2, -17.17, -16.7, -15.7, -14.3, -12.414, -10.266, -8.05
-5.453, -4.42, -3.732, -3.645, -4.074, -4.598, -4.74, -4.246, -3.225, -2.037, -1.061, -0.5146, -0.4106, -0.597, -0.911, -1.244, -1.509, -1.62, -1.441, -0.881, 0.12463, 1.487, 3.012, 4.395, 5.332, 5.574, 5.02, 3.752, 1.959, -0.03735, -1.93, -3.473, -4.523, -5.1, -5.367, -5.516, -5.727, -6.06, -6.5, -6.945, -7.312, -7.504, -7.508, -7.344, -7.06, -6.65, -6.137, -5.508, -4.875, -4.363, -4.09, -4.062, -4.207, -4.43, -4.65, -4.875, -5.12, -5.484, -6.023, -6.656, -7.18, -7.41, -7.266, -6.88, -6.566, -6.617, -7.176, -8.336, -10.016, -12.16, -14.61, -17.14, -19.62, -21.78, -23.58, -24.62, -24.73, -23.94, -22.39, -20.02, -16.75, -12.35, -6.88, -0.6562, 5.773, 12.016, 17.67, 22.53, 26.66, 30.17, 33.16, 35.5, 37.06, 37.78, 37.84, 37.5, 36.9, 36.06, 35.22, 34.16, 32.8, 30.98, 28.7, 26.02, 23.19, 20.48, 18.05, 16.0, 14.16, 12.6, 11.195, 9.914, 8.79, 7.902, 7.34, 7.074, 7.023, 7.008, 6.926, 6.7, 6.266, 5.69, 5.02, 4.27, 3.402, 2.336, 1.004, -0.6514, -2.59, -4.68, -6.754, -8.58, -10.0, -10.9, -11.26, -11.14, -10.73, -10.19, -9.62, -9.14, -8.68, -8.22, -7.746, -7.266, -6.883, -6.67, -6.67, -6.785, -6.88, -6.836, -6.574, -6.098, -5.47, -4.742, -3.959, -3.105, -2.135, -1.024, 0.1703, 1.233, 1.92, 1.956, 1.244, -0.1919, -2.145, -4.258, -6.062, -7.188, -7.516, -7.28, -6.75, -6.117, -5.395, -4.426, -2.977, -0.692, 2.62, 6.883, 11.58, 16.02, 19.3, 20.75, 19.94, 17.2, 13.13, 8.19, 2.883, -2.031, -6.04, -9.09, -11.305, -12.625, -13.1, -12.89, -12.24, -11.27, -10.2, -9.04, -7.816, -6.605
-5.3, -4.92, -4.457, -4.168, -4.137, -4.188, -4.08, -3.688, -3.068, -2.447, -1.995, -1.8, -1.806, -1.886, -1.962, -2.033, -2.096, -2.135, -2.045, -1.68, -0.9287, 0.2136, 1.628, 3.057, 4.195, 4.785, 4.633, 3.738, 2.227, 0.343, -1.607, -3.34, -4.637, -5.45, -5.875, -6.1, -6.3, -6.527, -6.785, -7.027, -7.168, -7.223, -7.188, -7.074, -6.887, -6.57, -6.105, -5.5, -4.867, -4.406, -4.25, -4.39, -4.73, -5.12, -5.492, -5.875, -6.375, -7.094, -8.01, -8.91, -9.516, -9.586, -9.08, -8.234, -7.457, -7.12, -7.46, -8.484, -10.12, -12.13, -14.336, -16.53, -18.62, -20.52, -22.06, -23.05, -23.28, -22.75, -21.34, -18.98, -15.5, -10.734, -4.8, 1.791, 8.47, 14.766, 20.28, 25.05, 28.98, 32.34, 34.97, 36.94, 37.97, 38.25, 37.97, 37.4, 36.7, 35.97, 35.22, 34.5, 33.47, 31.98, 30.02, 27.53, 24.9, 22.28, 19.83, 17.56, 15.55, 13.625, 11.79, 10.055, 8.516, 7.324, 6.566, 6.24, 6.21, 6.355, 6.484, 6.473, 6.277, 5.96, 5.594, 5.207, 4.754, 4.15, 3.242, 1.941, 0.2142, -1.826, -4.0, -6.055, -7.758, -8.98, -9.664, -9.94, -9.945, -9.84, -9.79, -9.695, -9.54, -9.23, -8.71, -8.09, -7.406, -6.86, -6.496, -6.32, -6.223, -6.113, -5.918, -5.656, -5.33, -4.992, -4.63, -4.176, -3.61, -2.904, -2.19, -1.661, -1.475, -1.827, -2.715, -4.016, -5.47, -6.72, -7.42, -7.44, -6.92, -6.17, -5.457, -4.87, -4.285, -3.457, -2.066, 0.2104, 3.586, 7.934, 12.77, 17.36, 20.7, 22.1, 21.52, 19.33, 16.03, 11.91, 7.14, 2.379, -1.822, -5.168, -7.594, -9.01, -9.375, -8.94, -8.055, -7.113, -6.332, -5.836, -5.59, -5.46
-5.15, -5.47, -5.332, -4.965, -4.53, -4.062, -3.549, -3.023, -2.588, -2.357, -2.371, -2.594, -2.88, -3.1, -3.166, -3.1, -2.947, -2.777, -2.576, -2.266, -1.722, -0.854, 0.2986, 1.58, 2.75, 3.55, 3.775, 3.34, 2.262, 0.6816, -1.156, -2.953, -4.445, -5.527, -6.258, -6.742, -7.055, -7.254, -7.336, -7.277, -7.125, -6.953, -6.836, -6.758, -6.664, -6.434, -6.01, -5.38, -4.727, -4.26, -4.156, -4.44, -4.996, -5.64, -6.32, -7.07, -8.02, -9.24, -10.58, -11.76, -12.46, -12.375, -11.516, -10.24, -8.984, -8.195, -8.12, -8.8, -10.09, -11.78, -13.66, -15.54, -17.36, -19.1, -20.7, -21.84, -22.39, -22.05, -20.75, -18.27, -14.36, -9.05, -2.566, 4.363, 11.2, 17.4, 22.75, 27.27, 31.11, 34.2, 36.62, 38.1, 38.78, 38.56, 37.88, 36.97, 36.0, 35.16, 34.53, 33.94, 33.16, 31.97, 30.42, 28.45, 26.17, 23.9, 21.67, 19.55, 17.44, 15.35, 13.19, 11.05, 9.07, 7.45, 6.285, 5.645, 5.387, 5.4, 5.46, 5.445, 5.297, 5.094, 4.883, 4.758, 4.66, 4.484, 4.062, 3.236, 1.922, 0.1853, -1.787, -3.762, -5.46, -6.734, -7.547, -8.02, -8.3, -8.57, -8.836, -9.1, -9.21, -9.05, -8.59, -7.863, -7.023, -6.234, -5.652, -5.31, -5.184, -5.176, -5.246, -5.38, -5.6, -5.875, -6.145, -6.316, -6.297, -6.156, -5.94, -5.797, -5.816, -6.117, -6.64, -7.246, -7.71, -7.81, -7.387, -6.58, -5.652, -4.918, -4.508, -4.316, -4.05, -3.324, -1.826, 0.6846, 4.25, 8.766, 13.805, 18.6, 22.12, 23.78, 23.55, 21.9, 19.28, 15.625, 11.086, 6.15, 1.597, -2.025, -4.555, -5.902, -6.133, -5.508, -4.473, -3.498, -2.957, -2.988, -3.545, -4.39
-4.69, -5.617, -5.934, -5.72, -5.16, -4.383, -3.504, -2.668, -2.084, -1.897, -2.133, -2.678, -3.357, -3.955, -4.33, -4.395, -4.188, -3.799, -3.373, -2.951, -2.463, -1.816, -0.9424, 0.10834, 1.186, 2.09, 2.611, 2.604, 2.012, 0.858, -0.7, -2.396, -3.992, -5.348, -6.47, -7.324, -7.93, -8.21, -8.17, -7.84, -7.36, -6.91, -6.625, -6.51, -6.42, -6.2, -5.72, -5.03, -4.305, -3.785, -3.705, -4.113, -4.89, -5.883, -7.008, -8.32, -9.89, -11.73, -13.66, -15.2, -16.05, -15.836, -14.695, -12.99, -11.21, -9.81, -9.07, -9.1, -9.84, -11.12, -12.69, -14.38, -16.19, -18.02, -19.83, -21.31, -22.02, -21.75, -20.28, -17.42, -12.945, -7.02, -0.1317, 6.973, 13.78, 19.77, 24.8, 29.11, 32.8, 35.88, 38.0, 39.28, 39.5, 38.78, 37.62, 36.22, 34.88, 33.72, 32.97, 32.47, 31.95, 31.23, 30.17, 28.66, 27.0, 25.14, 23.31, 21.45, 19.47, 17.36, 15.05, 12.64, 10.336, 8.27, 6.71, 5.637, 5.02, 4.715, 4.527, 4.316, 4.035, 3.748, 3.543, 3.477, 3.557, 3.656, 3.607, 3.219, 2.371, 1.077, -0.5264, -2.195, -3.707, -4.855, -5.65, -6.188, -6.633, -7.113, -7.664, -8.14, -8.44, -8.41, -7.977, -7.246, -6.332, -5.453, -4.81, -4.473, -4.47, -4.74, -5.23, -5.94, -6.81, -7.777, -8.72, -9.484, -10.03, -10.33, -10.46, -10.45, -10.33, -10.13, -9.84, -9.35, -8.52, -7.348, -5.945, -4.625, -3.72, -3.428, -3.652, -4.086, -4.2, -3.535, -1.847, 0.8994, 4.7, 9.38, 14.7, 19.9, 23.89, 25.98, 26.22, 24.98, 22.58, 19.03, 14.36, 9.16, 4.28, 0.4663, -2.016, -3.262, -3.408, -2.732, -1.68, -0.764, -0.378, -0.737, -1.789, -3.26
-3.9, -5.254, -6.01, -6.176, -5.805, -5.043, -3.98, -2.82, -1.86, -1.375, -1.494, -2.162, -3.172, -4.277, -5.2, -5.734, -5.746, -5.363, -4.773, -4.15, -3.557, -2.941, -2.219, -1.329, -0.3594, 0.583, 1.307, 1.65, 1.506, 0.8193, -0.3608, -1.854, -3.45, -5.027, -6.523, -7.84, -8.81, -9.31, -9.25, -8.74, -7.98, -7.207, -6.68, -6.37, -6.113, -5.73, -5.09, -4.242, -3.412, -2.857, -2.83, -3.387, -4.42, -5.785, -7.42, -9.336, -11.61, -14.2, -16.81, -18.92, -20.05, -19.89, -18.55, -16.38, -14.02, -11.82, -10.22, -9.37, -9.42, -10.2, -11.58, -13.3, -15.3, -17.44, -19.55, -21.17, -21.9, -21.4, -19.47, -16.06, -11.06, -4.68, 2.45, 9.57, 16.06, 21.8, 26.56, 30.69, 34.25, 37.25, 39.3, 40.25, 40.06, 39.0, 37.28, 35.28, 33.47, 31.95, 31.05, 30.48, 30.16, 29.84, 29.31, 28.5, 27.27, 25.95, 24.5, 22.92, 21.16, 19.12, 16.83, 14.37, 11.88, 9.63, 7.73, 6.336, 5.38, 4.727, 4.254, 3.785, 3.297, 2.828, 2.473, 2.32, 2.37, 2.537, 2.662, 2.55, 2.059, 1.152, -0.0559, -1.39, -2.63, -3.648, -4.402, -4.996, -5.56, -6.215, -6.902, -7.543, -7.93, -7.957, -7.58, -6.84, -5.926, -5.055, -4.445, -4.227, -4.44, -5.047, -6.03, -7.316, -8.79, -10.33, -11.75, -12.945, -13.84, -14.375, -14.625, -14.516, -14.055, -13.14, -11.83, -10.055, -7.855, -5.504, -3.316, -1.788, -1.1875, -1.512, -2.46, -3.518, -4.062, -3.582, -1.89, 0.9756, 4.91, 9.82, 15.59, 21.34, 26.02, 28.72, 29.25, 28.11, 25.56, 21.73, 16.84, 11.43, 6.434, 2.61, 0.1619, -1.036, -1.255, -0.748, 0.10504, 0.8506, 1.098, 0.6353, -0.539, -2.188
-3.041, -4.508, -5.62, -6.215, -6.266, -5.75, -4.707, -3.336, -1.988, -1.064, -0.8237, -1.342, -2.518, -4.08, -5.652, -6.855, -7.43, -7.395, -6.91, -6.203, -5.426, -4.617, -3.79, -2.854, -1.848, -0.8457, 0.02914, 0.638, 0.8433, 0.548, -0.2659, -1.516, -3.053, -4.79, -6.605, -8.32, -9.7, -10.46, -10.48, -9.88, -8.89, -7.824, -6.95, -6.277, -5.668, -4.914, -3.947, -2.871, -1.923, -1.3955, -1.526, -2.307, -3.604, -5.29, -7.305, -9.75, -12.74, -16.14, -19.56, -22.34, -23.94, -24.03, -22.61, -20.14, -17.06, -14.02, -11.414, -9.66, -8.92, -9.29, -10.555, -12.44, -14.69, -17.1, -19.4, -21.08, -21.55, -20.6, -18.11, -14.15, -8.73, -2.1, 5.016, 11.9, 18.11, 23.48, 28.02, 32.06, 35.53, 38.3, 40.22, 40.88, 40.44, 38.94, 36.75, 34.28, 32.0, 30.14, 28.94, 28.28, 28.14, 28.16, 28.16, 27.88, 27.28, 26.34, 25.19, 23.83, 22.2, 20.31, 18.12, 15.75, 13.37, 11.08, 9.125, 7.58, 6.43, 5.574, 4.88, 4.215, 3.541, 2.91, 2.383, 2.066, 1.971, 2.043, 2.15, 2.107, 1.769, 1.102, 0.1489, -0.95, -2.037, -2.977, -3.787, -4.496, -5.23, -6.03, -6.848, -7.54, -7.984, -8.01, -7.598, -6.87, -5.99, -5.16, -4.637, -4.56, -4.97, -5.88, -7.24, -8.93, -10.766, -12.59, -14.25, -15.6, -16.58, -17.16, -17.36, -17.03, -16.12, -14.54, -12.18, -9.2, -5.836, -2.568, 0.0787, 1.592, 1.835, 0.99, -0.54, -2.139, -3.186, -3.164, -1.783, 1.002, 5.08, 10.414, 16.75, 23.2, 28.44, 31.55, 32.06, 30.64, 27.62, 23.52, 18.55, 13.29, 8.48, 4.695, 2.19, 0.8267, 0.3286, 0.437, 0.8804, 1.321, 1.434, 1.006, 0.002594, -1.436
-2.46, -3.818, -5.062, -6.004, -6.426, -6.188, -5.258, -3.83, -2.281, -1.014, -0.3728, -0.572, -1.654, -3.453, -5.582, -7.535, -8.945, -9.65, -9.65, -9.13, -8.24, -7.168, -5.957, -4.7, -3.4, -2.176, -1.105, -0.2837, 0.1664, 0.1271, -0.451, -1.532, -3.021, -4.812, -6.824, -8.81, -10.48, -11.45, -11.6, -10.984, -9.87, -8.53, -7.258, -6.12, -4.98, -3.709, -2.297, -0.91, 0.1371, 0.542, 0.1616, -0.9053, -2.412, -4.277, -6.52, -9.39, -12.984, -17.22, -21.44, -25.06, -27.22, -27.69, -26.39, -23.62, -20.0, -16.16, -12.64, -10.01, -8.59, -8.54, -9.7, -11.68, -14.11, -16.66, -18.97, -20.47, -20.62, -19.22, -16.25, -11.83, -6.13, 0.505, 7.41, 14.016, 19.94, 25.05, 29.42, 33.22, 36.47, 39.06, 40.7, 41.1, 40.4, 38.66, 36.16, 33.34, 30.69, 28.53, 27.03, 26.22, 26.11, 26.38, 26.77, 27.0, 26.83, 26.27, 25.4, 24.17, 22.73, 20.95, 18.94, 16.8, 14.6, 12.52, 10.66, 9.14, 7.93, 6.992, 6.215, 5.473, 4.734, 4.027, 3.404, 2.953, 2.69, 2.592, 2.541, 2.4, 2.055, 1.446, 0.5923, -0.417, -1.469, -2.482, -3.443, -4.37, -5.312, -6.3, -7.223, -7.973, -8.38, -8.38, -7.945, -7.19, -6.32, -5.535, -5.07, -5.05, -5.586, -6.668, -8.195, -10.03, -11.94, -13.75, -15.34, -16.61, -17.47, -17.98, -18.02, -17.47, -16.16, -13.945, -10.82, -6.973, -2.809, 0.984, 3.787, 5.18, 5.168, 4.01, 2.123, 0.07666, -1.569, -2.215, -1.333, 1.305, 5.64, 11.45, 18.4, 25.39, 30.97, 33.97, 34.22, 32.2, 28.7, 24.4, 19.73, 15.016, 10.6, 6.914, 4.22, 2.475, 1.473, 1.02, 0.9243, 0.9717, 0.9126, 0.558, -0.171, -1.215
-2.469, -3.59, -4.82, -5.836, -6.36, -6.19, -5.29, -3.91, -2.367, -1.007, -0.1311, -0.001282, -0.81, -2.553, -4.984, -7.62, -9.96, -11.664, -12.56, -12.63, -11.92, -10.66, -8.97, -7.117, -5.246, -3.54, -2.094, -1.012, -0.3877, -0.3157, -0.8237, -1.874, -3.352, -5.156, -7.188, -9.22, -10.945, -12.02, -12.23, -11.664, -10.484, -8.99, -7.395, -5.79, -4.082, -2.22, -0.2869, 1.4375, 2.545, 2.77, 2.11, 0.817, -0.8135, -2.738, -5.13, -8.29, -12.445, -17.33, -22.36, -26.69, -29.58, -30.42, -29.34, -26.52, -22.55, -18.12, -13.914, -10.61, -8.59, -8.12, -9.03, -10.875, -13.28, -15.82, -18.03, -19.34, -19.19, -17.42, -14.12, -9.46, -3.648, 2.91, 9.66, 16.03, 21.75, 26.6, 30.69, 34.2, 37.16, 39.38, 40.56, 40.75, 39.78, 37.88, 35.34, 32.44, 29.69, 27.27, 25.52, 24.53, 24.28, 24.55, 25.22, 25.77, 26.03, 25.8, 25.19, 24.2, 22.95, 21.36, 19.56, 17.64, 15.734, 13.9, 12.195, 10.74, 9.555, 8.586, 7.758, 7.02, 6.336, 5.67, 5.07, 4.57, 4.195, 3.914, 3.67, 3.367, 2.912, 2.27, 1.429, 0.4177, -0.6924, -1.832, -2.988, -4.164, -5.344, -6.51, -7.54, -8.32, -8.734, -8.7, -8.24, -7.477, -6.605, -5.824, -5.36, -5.34, -5.855, -6.914, -8.41, -10.13, -11.86, -13.42, -14.734, -15.734, -16.38, -16.69, -16.56, -15.8, -14.18, -11.586, -7.992, -3.637, 0.8633, 4.777, 7.48, 8.7, 8.49, 7.14, 5.03, 2.643, 0.4712, -0.7754, -0.3784, 2.145, 6.79, 13.18, 20.55, 27.86, 33.28, 35.97, 35.53, 32.84, 28.95, 24.84, 20.78, 16.81, 12.95, 9.38, 6.355, 4.062, 2.402, 1.303, 0.646, 0.2822, 0.02048, -0.3276, -0.855, -1.571
-3.078, -4.043, -5.11, -5.94, -6.21, -5.75, -4.688, -3.3, -1.903, -0.686, 0.1848, 0.5156, 0.031, -1.462, -3.902, -6.965, -10.12, -12.875, -14.91, -15.93, -15.875, -14.7, -12.695, -10.195, -7.547, -5.07, -3.004, -1.519, -0.7007, -0.6094, -1.216, -2.377, -3.918, -5.66, -7.53, -9.37, -10.914, -11.88, -12.1, -11.58, -10.45, -8.92, -7.15, -5.188, -2.986, -0.576, 1.849, 3.857, 5.016, 5.094, 4.246, 2.85, 1.161, -0.811, -3.318, -6.723, -11.195, -16.52, -22.11, -27.06, -30.48, -31.97, -31.23, -28.53, -24.52, -19.81, -15.2, -11.414, -8.914, -7.93, -8.4, -9.92, -12.05, -14.41, -16.47, -17.62, -17.39, -15.47, -12.01, -7.207, -1.415, 5.043, 11.64, 17.83, 23.34, 28.0, 31.83, 35.0, 37.5, 39.22, 40.03, 39.78, 38.6, 36.6, 34.0, 31.25, 28.55, 26.16, 24.34, 23.16, 22.72, 22.89, 23.47, 24.23, 24.78, 24.98, 24.7, 24.05, 23.03, 21.77, 20.25, 18.58, 16.9, 15.266, 13.67, 12.22, 10.945, 9.875, 8.99, 8.26, 7.633, 7.082, 6.58, 6.125, 5.71, 5.312, 4.9, 4.457, 3.9, 3.229, 2.396, 1.4, 0.276, -0.9556, -2.256, -3.607, -4.96, -6.254, -7.363, -8.164, -8.586, -8.58, -8.16, -7.445, -6.605, -5.836, -5.316, -5.2, -5.574, -6.473, -7.754, -9.22, -10.62, -11.83, -12.78, -13.46, -13.85, -13.95, -13.625, -12.66, -10.81, -7.92, -4.082, 0.4148, 4.87, 8.58, 10.95, 11.85, 11.375, 9.85, 7.566, 5.0, 2.615, 1.064, 1.191, 3.645, 8.54, 15.3, 22.95, 30.1, 35.16, 37.06, 36.06, 32.94, 29.02, 25.22, 21.78, 18.6, 15.38, 11.945, 8.59, 5.64, 3.273, 1.533, 0.3716, -0.3376, -0.807, -1.241, -1.747, -2.357
-4.094, -5.016, -5.887, -6.33, -6.05, -5.023, -3.559, -2.043, -0.754, 0.2439, 0.975, 1.333, 1.055, -0.1461, -2.408, -5.594, -9.29, -12.96, -16.14, -18.34, -19.25, -18.69, -16.72, -13.76, -10.29, -6.89, -3.984, -1.892, -0.7617, -0.634, -1.385, -2.727, -4.348, -6.016, -7.617, -9.06, -10.25, -10.96, -11.1, -10.63, -9.64, -8.23, -6.445, -4.293, -1.732, 1.127, 3.955, 6.21, 7.426, 7.46, 6.59, 5.164, 3.432, 1.331, -1.327, -4.824, -9.35, -14.75, -20.55, -25.9, -30.0, -32.0, -31.81, -29.55, -25.73, -21.11, -16.4, -12.336, -9.4, -7.875, -7.742, -8.68, -10.37, -12.41, -14.32, -15.516, -15.305, -13.44, -9.95, -5.19, 0.5464, 6.902, 13.41, 19.44, 24.73, 29.12, 32.72, 35.5, 37.56, 38.72, 39.06, 38.4, 36.88, 34.78, 32.25, 29.58, 27.06, 24.89, 23.11, 21.92, 21.33, 21.3, 21.86, 22.67, 23.47, 23.98, 24.17, 23.88, 23.22, 22.23, 21.03, 19.66, 18.16, 16.55, 14.92, 13.4, 11.945, 10.65, 9.61, 8.8, 8.19, 7.734, 7.35, 6.99, 6.598, 6.133, 5.645, 5.105, 4.535, 3.9, 3.16, 2.29, 1.254, 0.07227, -1.23, -2.613, -4.004, -5.31, -6.426, -7.254, -7.734, -7.82, -7.555, -7.0, -6.273, -5.543, -4.97, -4.703, -4.87, -5.51, -6.504, -7.656, -8.734, -9.59, -10.22, -10.61, -10.77, -10.64, -10.086, -8.87, -6.742, -3.617, 0.3323, 4.695, 8.83, 12.07, 13.95, 14.39, 13.55, 11.75, 9.4, 6.887, 4.65, 3.203, 3.258, 5.574, 10.41, 17.22, 24.81, 31.66, 36.22, 37.7, 36.34, 33.1, 29.22, 25.67, 22.8, 20.3, 17.66, 14.445, 10.83, 7.28, 4.207, 1.884, 0.3193, -0.6514, -1.314, -1.912, -2.566, -3.3
-5.15, -6.133, -6.816, -6.824, -5.92, -4.242, -2.22, -0.3887, 1.008, 1.954, 2.586, 2.852, 2.592, 1.515, -0.606, -3.771, -7.742, -12.05, -16.14, -19.45, -21.48, -21.81, -20.33, -17.3, -13.28, -8.98, -5.133, -2.281, -0.677, -0.361, -1.158, -2.645, -4.35, -5.918, -7.24, -8.266, -9.05, -9.45, -9.46, -9.03, -8.21, -6.973, -5.29, -3.066, -0.2632, 2.928, 6.08, 8.52, 9.84, 9.99, 9.23, 7.812, 5.98, 3.668, 0.827, -2.686, -7.027, -12.15, -17.78, -23.28, -27.78, -30.45, -31.03, -29.47, -26.16, -21.88, -17.31, -13.195, -9.95, -7.89, -7.07, -7.31, -8.4, -10.07, -11.82, -13.086, -13.13, -11.43, -8.07, -3.334, 2.357, 8.58, 14.87, 20.77, 25.86, 30.11, 33.34, 35.78, 37.44, 38.2, 38.06, 36.97, 35.12, 32.72, 30.05, 27.38, 25.03, 23.17, 21.64, 20.55, 20.0, 19.9, 20.45, 21.38, 22.42, 23.31, 23.86, 23.94, 23.55, 22.84, 21.84, 20.61, 19.17, 17.58, 15.86, 14.12, 12.42, 10.875, 9.59, 8.63, 8.01, 7.6, 7.332, 7.066, 6.71, 6.258, 5.723, 5.17, 4.645, 4.137, 3.594, 2.945, 2.135, 1.151, 0.00464, -1.249, -2.537, -3.75, -4.81, -5.637, -6.21, -6.484, -6.47, -6.19, -5.7, -5.094, -4.496, -4.08, -3.998, -4.32, -4.996, -5.848, -6.656, -7.28, -7.664, -7.836, -7.777, -7.418, -6.586, -5.027, -2.629, 0.6655, 4.582, 8.664, 12.29, 14.88, 16.16, 16.1, 14.89, 12.92, 10.59, 8.336, 6.5, 5.355, 5.387, 7.31, 11.66, 18.12, 25.53, 32.16, 36.56, 37.84, 36.5, 33.4, 29.78, 26.47, 23.86, 21.78, 19.52, 16.62, 12.93, 8.96, 5.324, 2.467, 0.563, -0.612, -1.436, -2.223, -3.123, -4.13
-5.906, -6.96, -7.49, -7.14, -5.746, -3.504, -0.937, 1.416, 3.236, 4.445, 5.145, 5.293, 4.863, 3.64, 1.452, -1.773, -5.89, -10.55, -15.26, -19.4, -22.4, -23.7, -23.0, -20.27, -16.02, -11.12, -6.5, -2.85, -0.6025, 0.1174, -0.5083, -1.99, -3.709, -5.21, -6.316, -7.055, -7.51, -7.664, -7.57, -7.17, -6.46, -5.38, -3.744, -1.466, 1.511, 4.953, 8.33, 10.98, 12.49, 12.85, 12.26, 10.914, 8.92, 6.336, 3.299, -0.2126, -4.285, -8.92, -14.125, -19.5, -24.22, -27.55, -28.95, -28.23, -25.73, -22.05, -17.86, -13.87, -10.49, -8.04, -6.58, -6.1, -6.547, -7.715, -9.26, -10.52, -10.77, -9.38, -6.2, -1.543, 4.05, 10.08, 16.08, 21.67, 26.56, 30.61, 33.72, 35.94, 37.3, 37.78, 37.22, 35.78, 33.47, 30.66, 27.7, 24.88, 22.64, 20.95, 19.78, 18.97, 18.56, 18.73, 19.4, 20.6, 21.9, 23.14, 23.95, 24.23, 24.08, 23.4, 22.45, 21.2, 19.75, 18.08, 16.22, 14.32, 12.39, 10.64, 9.17, 8.086, 7.402, 7.043, 6.85, 6.688, 6.426, 6.01, 5.496, 4.984, 4.543, 4.195, 3.889, 3.523, 3.014, 2.299, 1.398, 0.3535, -0.737, -1.803, -2.752, -3.557, -4.227, -4.715, -5.03, -5.117, -4.95, -4.543, -3.988, -3.441, -3.102, -3.111, -3.457, -4.01, -4.594, -5.047, -5.316, -5.336, -5.094, -4.49, -3.373, -1.556, 1.042, 4.38, 8.11, 11.77, 14.81, 16.8, 17.53, 17.05, 15.58, 13.5, 11.29, 9.36, 7.918, 7.06, 6.973, 8.3, 11.87, 17.8, 25.05, 31.75, 36.34, 37.88, 36.78, 33.97, 30.39, 27.16, 24.69, 22.75, 20.84, 18.25, 14.72, 10.625, 6.63, 3.37, 1.141, -0.2452, -1.232, -2.197, -3.342, -4.645
-6.12, -7.22, -7.625, -7.05, -5.36, -2.756, 0.3137, 3.291, 5.79, 7.57, 8.52, 8.625, 7.918, 6.383, 3.91, 0.4592, -3.877, -8.79, -13.83, -18.52, -22.17, -24.23, -24.19, -22.02, -18.08, -13.03, -7.953, -3.652, -0.7124, 0.599, 0.3992, -0.8315, -2.443, -3.877, -4.91, -5.52, -5.844, -5.92, -5.8, -5.43, -4.75, -3.643, -1.94, 0.4668, 3.639, 7.297, 10.89, 13.74, 15.48, 16.14, 15.76, 14.49, 12.36, 9.516, 6.223, 2.65, -1.141, -5.242, -9.84, -14.84, -19.7, -23.55, -25.81, -26.08, -24.52, -21.61, -18.06, -14.41, -11.125, -8.45, -6.527, -5.406, -5.18, -5.73, -6.824, -7.938, -8.305, -7.19, -4.29, 0.1395, 5.516, 11.266, 16.98, 22.28, 26.95, 30.86, 33.94, 36.03, 37.28, 37.47, 36.7, 34.8, 32.03, 28.78, 25.47, 22.5, 20.27, 18.72, 17.73, 17.23, 17.17, 17.62, 18.61, 20.06, 21.72, 23.27, 24.28, 24.72, 24.52, 23.83, 22.75, 21.4, 19.89, 18.14, 16.22, 14.195, 12.16, 10.25, 8.67, 7.477, 6.76, 6.402, 6.305, 6.27, 6.125, 5.824, 5.402, 4.977, 4.66, 4.484, 4.406, 4.31, 4.066, 3.629, 2.979, 2.148, 1.244, 0.3337, -0.512, -1.274, -1.99, -2.674, -3.307, -3.787, -3.992, -3.854, -3.393, -2.773, -2.219, -1.919, -1.926, -2.186, -2.537, -2.842, -3.01, -2.947, -2.598, -1.861, -0.604, 1.319, 3.943, 7.137, 10.57, 13.8, 16.33, 17.88, 18.2, 17.39, 15.68, 13.52, 11.4, 9.625, 8.414, 7.695, 7.426, 8.2, 11.14, 16.69, 23.95, 30.94, 35.97, 37.9, 37.12, 34.38, 30.83, 27.58, 25.12, 23.2, 21.48, 19.22, 16.06, 12.195, 8.14, 4.62, 2.049, 0.3718, -0.798, -1.914, -3.213, -4.707
-5.84, -6.934, -7.277, -6.586, -4.734, -1.873, 1.635, 5.28, 8.56, 11.03, 12.36, 12.48, 11.55, 9.695, 6.89, 3.115, -1.485, -6.65, -11.96, -16.94, -20.89, -23.42, -23.97, -22.4, -19.0, -14.33, -9.24, -4.62, -1.141, 0.8394, 1.281, 0.547, -0.764, -2.09, -3.107, -3.758, -4.137, -4.3, -4.242, -3.9, -3.152, -1.857, 0.0831, 2.746, 6.133, 9.99, 13.74, 16.73, 18.78, 19.72, 19.6, 18.42, 16.2, 13.195, 9.7, 6.03, 2.443, -1.229, -5.246, -9.78, -14.586, -18.84, -21.88, -23.12, -22.64, -20.73, -17.98, -14.945, -12.016, -9.38, -7.223, -5.617, -4.7, -4.49, -4.883, -5.523, -5.77, -4.867, -2.363, 1.6455, 6.676, 12.12, 17.48, 22.6, 27.1, 30.92, 33.88, 36.03, 37.22, 37.25, 36.25, 34.06, 30.92, 27.25, 23.7, 20.66, 18.44, 16.95, 16.1, 15.695, 15.81, 16.47, 17.73, 19.47, 21.34, 23.1, 24.33, 24.83, 24.66, 23.92, 22.77, 21.45, 19.9, 18.22, 16.33, 14.29, 12.195, 10.21, 8.49, 7.203, 6.367, 5.99, 5.902, 5.945, 5.953, 5.81, 5.543, 5.273, 5.12, 5.11, 5.215, 5.32, 5.305, 5.094, 4.64, 3.98, 3.174, 2.338, 1.543, 0.8203, 0.115, -0.6333, -1.463, -2.254, -2.807, -2.959, -2.654, -2.037, -1.336, -0.78, -0.4934, -0.4702, -0.5854, -0.731, -0.8027, -0.697, -0.3247, 0.423, 1.691, 3.545, 6.047, 8.99, 12.11, 14.96, 17.11, 18.28, 18.25, 17.06, 15.086, 12.695, 10.445, 8.664, 7.496, 6.8, 6.53, 7.176, 9.92, 15.445, 22.9, 30.34, 35.78, 38.06, 37.25, 34.47, 30.89, 27.58, 24.97, 23.02, 21.34, 19.42, 16.88, 13.586, 9.82, 6.18, 3.24, 1.179, -0.2397, -1.4375, -2.773, -4.324
-5.266, -6.418, -6.723, -5.9, -3.834, -0.6836, 3.22, 7.484, 11.484, 14.516, 16.2, 16.42, 15.414, 13.39, 10.36, 6.34, 1.496, -3.934, -9.47, -14.58, -18.67, -21.36, -22.28, -21.39, -18.78, -14.78, -10.19, -5.664, -1.883, 0.6753, 1.821, 1.756, 0.9224, -0.1543, -1.129, -1.837, -2.334, -2.639, -2.715, -2.424, -1.591, -0.06226, 2.229, 5.207, 8.81, 12.79, 16.62, 19.81, 22.02, 23.23, 23.39, 22.33, 20.22, 17.14, 13.58, 9.91, 6.41, 3.041, -0.5547, -4.695, -9.36, -13.83, -17.4, -19.66, -20.27, -19.48, -17.84, -15.68, -13.39, -11.11, -8.96, -7.03, -5.457, -4.375, -3.814, -3.637, -3.445, -2.602, -0.538, 2.91, 7.434, 12.555, 17.73, 22.67, 27.14, 30.9, 33.88, 35.97, 37.06, 37.0, 35.75, 33.4, 29.95, 26.12, 22.52, 19.61, 17.5, 16.08, 15.2, 14.734, 14.77, 15.38, 16.56, 18.28, 20.23, 22.06, 23.38, 24.08, 24.03, 23.44, 22.56, 21.42, 20.22, 18.77, 17.08, 15.19, 13.13, 11.055, 9.164, 7.63, 6.547, 5.953, 5.707, 5.69, 5.74, 5.727, 5.65, 5.555, 5.56, 5.69, 5.92, 6.168, 6.33, 6.277, 5.96, 5.363, 4.527, 3.596, 2.729, 2.002, 1.405, 0.789, 0.03082, -0.829, -1.597, -1.984, -1.875, -1.344, -0.618, 0.05682, 0.5293, 0.7666, 0.8516, 0.8696, 0.9146, 1.082, 1.481, 2.22, 3.445, 5.234, 7.566, 10.29, 13.12, 15.66, 17.39, 18.1, 17.44, 15.734, 13.14, 10.336, 7.8, 5.887, 4.75, 4.32, 4.5, 5.637, 8.81, 14.664, 22.53, 30.33, 35.94, 38.22, 37.28, 34.25, 30.45, 27.05, 24.34, 22.3, 20.62, 19.05, 17.12, 14.625, 11.414, 7.88, 4.613, 2.096, 0.3909, -0.8506, -2.13, -3.684
-4.59, -5.89, -6.21, -5.176, -2.762, 0.792, 5.156, 9.91, 14.38, 17.86, 19.81, 20.22, 19.3, 17.31, 14.23, 10.12, 5.137, -0.449, -6.14, -11.36, -15.5, -18.25, -19.44, -19.11, -17.3, -14.305, -10.5, -6.492, -2.822, 0.03128, 1.759, 2.365, 2.145, 1.495, 0.7656, 0.1516, -0.3464, -0.7046, -0.8833, -0.6636, 0.1969, 1.894, 4.414, 7.64, 11.41, 15.45, 19.31, 22.58, 24.95, 26.45, 26.84, 26.08, 24.11, 21.17, 17.72, 14.12, 10.68, 7.438, 4.09, 0.2222, -4.195, -8.766, -12.78, -15.79, -17.52, -18.0, -17.6, -16.62, -15.3, -13.69, -11.836, -9.76, -7.637, -5.637, -3.963, -2.7, -1.738, -0.674, 1.067, 3.887, 7.816, 12.53, 17.58, 22.47, 26.95, 30.75, 33.66, 35.7, 36.7, 36.47, 35.12, 32.5, 29.06, 25.34, 21.94, 19.36, 17.52, 16.19, 15.24, 14.57, 14.19, 14.31, 15.07, 16.39, 18.11, 19.8, 21.2, 22.05, 22.42, 22.27, 21.9, 21.44, 20.83, 19.92, 18.77, 17.19, 15.266, 13.09, 10.95, 9.04, 7.52, 6.473, 5.836, 5.53, 5.41, 5.383, 5.37, 5.4, 5.508, 5.72, 6.023, 6.367, 6.63, 6.715, 6.434, 5.723, 4.613, 3.332, 2.166, 1.365, 0.9536, 0.7466, 0.4277, -0.12317, -0.7866, -1.255, -1.28, -0.898, -0.2725, 0.3438, 0.823, 1.141, 1.35, 1.517, 1.711, 2.016, 2.531, 3.383, 4.71, 6.543, 8.836, 11.414, 13.94, 15.96, 17.08, 16.88, 15.33, 12.6, 9.195, 5.79, 2.916, 1.053, 0.272, 0.5645, 1.8, 4.082, 8.17, 14.73, 23.02, 31.08, 36.56, 38.47, 37.03, 33.6, 29.55, 26.08, 23.3, 21.23, 19.58, 18.2, 16.88, 15.16, 12.65, 9.414, 5.97, 3.053, 1.082, -0.1895, -1.364, -2.889
-3.896, -5.438, -5.785, -4.52, -1.641, 2.426, 7.223, 12.36, 17.17, 20.86, 22.98, 23.62, 23.02, 21.28, 18.34, 14.29, 9.305, 3.771, -1.918, -7.188, -11.39, -14.26, -15.69, -15.85, -14.88, -12.914, -10.18, -7.04, -3.863, -1.125, 0.847, 1.961, 2.354, 2.328, 2.135, 1.939, 1.743, 1.559, 1.452, 1.643, 2.441, 4.1, 6.63, 9.9, 13.664, 17.69, 21.58, 24.89, 27.42, 29.11, 29.81, 29.36, 27.66, 24.97, 21.75, 18.3, 14.94, 11.75, 8.516, 4.887, 0.698, -3.758, -7.977, -11.51, -14.17, -15.96, -16.95, -17.45, -17.4, -16.8, -15.52, -13.64, -11.13, -8.36, -5.562, -3.1, -1.083, 0.571, 2.307, 4.664, 7.97, 12.19, 17.0, 21.86, 26.44, 30.25, 33.22, 35.16, 36.06, 35.78, 34.25, 31.62, 28.27, 24.84, 21.88, 19.72, 18.25, 17.03, 15.92, 14.81, 13.87, 13.305, 13.32, 13.99, 15.16, 16.55, 17.89, 18.98, 19.75, 20.3, 20.77, 21.16, 21.39, 21.39, 20.95, 19.88, 18.19, 16.05, 13.664, 11.4, 9.37, 7.746, 6.543, 5.727, 5.22, 4.92, 4.785, 4.777, 4.9, 5.133, 5.438, 5.836, 6.19, 6.293, 5.883, 4.78, 3.035, 1.023, -0.7427, -1.762, -1.89, -1.42, -0.848, -0.604, -0.7437, -0.979, -0.9976, -0.732, -0.3257, 0.05872, 0.3545, 0.605, 0.864, 1.185, 1.583, 2.107, 2.861, 3.99, 5.574, 7.594, 9.93, 12.31, 14.32, 15.516, 15.44, 13.875, 10.89, 6.996, 2.709, -1.129, -4.035, -5.523, -5.484, -3.945, -1.202, 2.59, 7.965, 15.43, 24.22, 32.22, 37.34, 38.6, 36.47, 32.47, 28.28, 24.78, 22.16, 20.19, 18.55, 17.2, 16.12, 14.97, 13.19, 10.45, 7.12, 4.055, 1.876, 0.555, -0.5493, -2.053
-3.146, -4.86, -5.32, -3.889, -0.6123, 3.947, 9.21, 14.67, 19.66, 23.48, 25.83, 26.75, 26.55, 25.1, 22.44, 18.6, 13.805, 8.46, 2.973, -2.18, -6.523, -9.63, -11.43, -12.12, -11.9, -10.89, -9.27, -7.223, -4.957, -2.842, -1.111, 0.1306, 1.001, 1.696, 2.357, 2.998, 3.54, 3.91, 4.164, 4.465, 5.16, 6.566, 8.8, 11.82, 15.4, 19.31, 23.11, 26.48, 29.2, 31.11, 32.1, 31.97, 30.72, 28.38, 25.4, 22.11, 18.81, 15.61, 12.4, 8.95, 5.086, 0.9336, -3.182, -6.926, -10.234, -13.125, -15.6, -17.69, -19.2, -19.89, -19.61, -18.16, -15.64, -12.34, -8.67, -5.05, -1.865, 0.706, 2.87, 5.098, 7.953, 11.625, 16.06, 20.81, 25.4, 29.36, 32.3, 34.25, 35.22, 34.88, 33.38, 30.81, 27.62, 24.56, 22.06, 20.33, 19.1, 17.95, 16.64, 15.13, 13.59, 12.32, 11.59, 11.56, 12.1, 13.07, 14.27, 15.47, 16.64, 17.75, 19.0, 20.23, 21.44, 22.33, 22.64, 22.23, 20.94, 18.98, 16.62, 14.17, 11.82, 9.766, 8.08, 6.688, 5.625, 4.86, 4.39, 4.188, 4.215, 4.402, 4.723, 5.14, 5.508, 5.492, 4.676, 2.807, -0.0393, -3.246, -5.938, -7.332, -7.11, -5.652, -3.773, -2.227, -1.386, -1.061, -0.8877, -0.747, -0.687, -0.744, -0.8066, -0.703, -0.37, 0.1975, 0.9355, 1.806, 2.877, 4.32, 6.188, 8.38, 10.66, 12.55, 13.57, 13.27, 11.37, 7.89, 3.363, -1.628, -6.36, -10.11, -12.42, -12.97, -11.625, -8.555, -4.19, 1.174, 7.938, 16.33, 25.52, 33.34, 37.84, 38.28, 35.47, 31.12, 26.84, 23.52, 21.19, 19.36, 17.66, 16.14, 14.92, 13.99, 12.805, 10.805, 7.992, 5.07, 2.795, 1.359, 0.2563, -1.208
-2.232, -3.953, -4.516, -3.107, 0.3306, 5.2, 10.8, 16.5, 21.66, 25.62, 28.22, 29.48, 29.72, 28.67, 26.38, 22.8, 18.33, 13.23, 8.08, 3.201, -1.123, -4.527, -6.824, -8.1, -8.55, -8.38, -7.836, -6.965, -5.95, -4.934, -4.027, -3.186, -2.23, -0.953, 0.7427, 2.625, 4.383, 5.773, 6.727, 7.41, 8.12, 9.195, 10.945, 13.45, 16.64, 20.27, 24.0, 27.38, 30.19, 32.25, 33.47, 33.75, 32.9, 31.1, 28.5, 25.39, 22.03, 18.72, 15.43, 12.11, 8.63, 4.996, 1.283, -2.363, -5.902, -9.53, -13.29, -16.9, -20.05, -22.31, -23.27, -22.7, -20.6, -17.2, -13.016, -8.48, -4.2, -0.5522, 2.424, 5.01, 7.727, 10.96, 14.93, 19.36, 23.81, 27.77, 30.89, 33.06, 34.1, 33.97, 32.6, 30.22, 27.25, 24.44, 22.14, 20.64, 19.48, 18.31, 16.81, 15.03, 13.12, 11.414, 10.19, 9.6, 9.65, 10.25, 11.19, 12.34, 13.59, 15.02, 16.66, 18.47, 20.28, 21.84, 22.88, 23.06, 22.34, 20.88, 18.84, 16.62, 14.37, 12.27, 10.34, 8.59, 7.047, 5.76, 4.83, 4.285, 4.13, 4.25, 4.594, 5.027, 5.35, 5.035, 3.57, 0.5293, -3.809, -8.6, -12.484, -14.39, -13.75, -11.125, -7.62, -4.42, -2.28, -1.163, -0.7686, -0.9126, -1.509, -2.34, -2.98, -3.08, -2.54, -1.432, -0.02832, 1.434, 2.936, 4.652, 6.65, 8.73, 10.46, 11.22, 10.48, 7.906, 3.734, -1.656, -7.375, -12.73, -17.03, -19.84, -20.88, -19.95, -17.1, -12.5, -6.73, -0.0315, 7.914, 17.17, 26.56, 34.03, 37.75, 37.34, 34.0, 29.48, 25.42, 22.48, 20.48, 18.83, 17.03, 15.086, 13.44, 12.39, 11.65, 10.484, 8.5, 6.0, 3.695, 2.066, 0.9004, -0.4402
-1.075, -2.479, -3.078, -1.93, 1.279, 6.113, 11.79, 17.64, 23.03, 27.23, 30.14, 31.8, 32.4, 31.8, 29.94, 26.73, 22.44, 17.62, 12.766, 8.266, 4.168, 0.707, -1.965, -3.748, -4.75, -5.277, -5.562, -5.836, -6.16, -6.633, -7.113, -7.42, -7.086, -5.72, -3.197, 0.0929, 3.477, 6.348, 8.44, 9.86, 10.86, 11.82, 13.1, 15.0, 17.58, 20.72, 24.1, 27.38, 30.22, 32.38, 33.8, 34.38, 33.97, 32.72, 30.64, 27.8, 24.55, 21.02, 17.55, 14.234, 11.11, 8.06, 4.996, 1.841, -1.595, -5.56, -10.086, -14.97, -19.62, -23.42, -25.83, -26.42, -25.12, -22.14, -17.88, -12.86, -7.766, -3.11, 0.884, 4.19, 7.13, 10.164, 13.66, 17.62, 21.8, 25.77, 29.08, 31.56, 33.06, 33.3, 32.16, 29.98, 27.14, 24.3, 21.97, 20.25, 18.9, 17.61, 16.03, 14.24, 12.336, 10.58, 9.24, 8.46, 8.28, 8.58, 9.24, 10.125, 11.18, 12.445, 14.016, 15.85, 17.78, 19.66, 21.06, 21.83, 21.81, 21.05, 19.7, 18.08, 16.36, 14.664, 12.93, 11.164, 9.39, 7.723, 6.332, 5.4, 4.99, 5.05, 5.41, 5.906, 6.074, 5.38, 3.021, -1.273, -7.316, -13.74, -18.92, -21.28, -20.27, -16.5, -11.29, -6.41, -2.895, -1.057, -0.6387, -1.434, -3.166, -5.273, -6.895, -7.402, -6.52, -4.484, -1.92, 0.5835, 2.768, 4.74, 6.574, 7.992, 8.375, 7.06, 3.75, -1.3545, -7.64, -14.29, -20.2, -24.77, -27.62, -28.7, -27.89, -25.23, -20.83, -15.03, -8.25, -0.6074, 8.2, 17.98, 27.28, 34.1, 36.84, 35.62, 32.0, 27.73, 24.11, 21.58, 19.9, 18.36, 16.39, 14.0, 11.805, 10.49, 10.016, 9.664, 8.64, 6.7, 4.418, 2.53, 1.265, 0.2178
0.2524, -0.4546, -0.961, -0.2878, 2.27, 6.617, 12.15, 18.08, 23.62, 28.16, 31.44, 33.53, 34.44, 34.16, 32.7, 29.89, 25.89, 21.17, 16.47, 12.25, 8.586, 5.434, 2.818, 0.8945, -0.3806, -1.269, -2.117, -3.22, -4.77, -6.805, -9.14, -11.28, -12.484, -11.9, -9.23, -4.785, 0.3054, 5.004, 8.65, 11.14, 12.82, 13.99, 15.11, 16.52, 18.47, 20.95, 23.78, 26.62, 29.31, 31.38, 32.78, 33.53, 33.56, 32.88, 31.34, 29.02, 25.98, 22.38, 18.69, 15.3, 12.44, 9.96, 7.64, 5.19, 2.258, -1.524, -6.344, -11.95, -17.8, -23.02, -26.89, -28.8, -28.56, -26.34, -22.47, -17.5, -11.96, -6.574, -1.635, 2.525, 5.99, 9.09, 12.29, 15.79, 19.61, 23.55, 27.12, 30.06, 32.0, 32.72, 32.03, 30.02, 27.11, 23.94, 21.14, 18.92, 17.23, 15.73, 14.3, 12.76, 11.19, 9.8, 8.75, 8.08, 7.848, 7.977, 8.32, 8.81, 9.41, 10.19, 11.305, 12.72, 14.42, 16.14, 17.73, 18.9, 19.5, 19.52, 19.06, 18.28, 17.38, 16.33, 15.15, 13.664, 11.97, 10.13, 8.445, 7.14, 6.477, 6.426, 6.832, 7.324, 7.383, 6.23, 3.148, -2.36, -9.766, -17.66, -23.81, -26.58, -25.19, -20.38, -13.85, -7.547, -2.988, -0.7, -0.6006, -2.465, -5.82, -9.71, -12.84, -14.12, -13.02, -9.89, -5.75, -1.774, 1.371, 3.648, 4.996, 5.14, 3.36, -0.655, -6.664, -13.85, -21.23, -27.9, -32.88, -35.75, -36.47, -35.4, -32.56, -28.14, -22.47, -15.78, -8.414, -0.1748, 9.15, 19.03, 27.84, 33.62, 35.4, 33.7, 29.95, 25.97, 22.7, 20.47, 18.94, 17.45, 15.38, 12.71, 10.22, 8.7, 8.41, 8.66, 8.4, 7.02, 4.805, 2.67, 1.323, 0.719
1.485, 1.711, 1.505, 1.679, 3.297, 6.824, 11.914, 17.77, 23.47, 28.23, 31.84, 34.16, 35.34, 35.25, 34.1, 31.62, 27.9, 23.3, 18.56, 14.51, 11.336, 8.85, 6.83, 5.3, 4.22, 3.33, 2.248, 0.616, -1.853, -5.254, -9.45, -13.82, -17.19, -18.28, -16.27, -11.44, -5.008, 1.451, 6.875, 10.836, 13.49, 15.266, 16.56, 17.83, 19.27, 21.1, 23.25, 25.48, 27.61, 29.31, 30.58, 31.34, 31.6, 31.27, 30.28, 28.6, 26.02, 22.56, 18.7, 15.26, 12.57, 10.625, 9.08, 7.44, 5.234, 1.997, -2.541, -8.266, -14.695, -20.97, -26.16, -29.38, -30.38, -29.14, -26.06, -21.48, -15.984, -10.24, -4.68, 0.225, 4.293, 7.684, 10.82, 14.01, 17.58, 21.44, 25.22, 28.48, 30.86, 32.03, 31.66, 29.84, 26.72, 23.05, 19.53, 16.69, 14.586, 13.07, 11.86, 10.766, 9.78, 8.96, 8.35, 7.992, 7.84, 7.81, 7.863, 7.93, 8.03, 8.26, 8.766, 9.625, 10.81, 12.27, 13.79, 15.16, 16.22, 16.92, 17.3, 17.36, 17.16, 16.8, 16.11, 15.12, 13.67, 11.97, 10.17, 8.68, 7.78, 7.617, 7.977, 8.46, 8.37, 6.918, 3.31, -2.814, -11.03, -19.6, -26.31, -29.2, -27.52, -22.06, -14.67, -7.56, -2.488, -0.2069, -0.7363, -3.889, -9.11, -15.09, -20.17, -22.58, -21.67, -17.62, -12.0, -6.42, -2.127, 0.4307, 1.079, -0.549, -4.777, -11.32, -19.17, -27.22, -34.28, -39.72, -43.0, -43.9, -42.5, -39.4, -34.62, -28.78, -22.14, -14.945, -7.195, 1.413, 10.98, 20.66, 28.61, 33.3, 34.12, 31.95, 28.12, 24.05, 20.78, 18.56, 17.02, 15.586, 13.63, 11.18, 8.82, 7.39, 7.17, 7.69, 7.87, 6.887, 4.805, 2.55, 1.177, 1.024
2.234, 3.322, 3.63, 3.564, 4.344, 6.88, 11.26, 16.8, 22.44, 27.33, 31.06, 33.53, 34.75, 34.78, 33.72, 31.52, 28.1, 23.64, 18.89, 14.79, 11.98, 10.31, 9.29, 8.586, 8.06, 7.39, 6.242, 4.312, 1.325, -2.947, -8.5, -14.79, -20.48, -23.64, -23.02, -18.56, -11.516, -3.783, 3.252, 8.72, 12.56, 15.164, 16.89, 18.25, 19.5, 20.88, 22.39, 23.92, 25.34, 26.55, 27.42, 27.97, 28.2, 28.17, 27.6, 26.42, 24.34, 21.3, 17.61, 14.17, 11.63, 10.13, 9.28, 8.43, 7.023, 4.55, 0.7485, -4.477, -10.84, -17.55, -23.64, -28.03, -30.25, -30.16, -28.03, -24.12, -19.11, -13.41, -7.62, -2.26, 2.281, 6.02, 9.28, 12.41, 15.8, 19.56, 23.3, 26.8, 29.38, 30.81, 30.61, 28.72, 25.36, 21.16, 17.06, 13.78, 11.45, 10.055, 9.2, 8.62, 8.18, 7.85, 7.65, 7.523, 7.453, 7.363, 7.22, 7.008, 6.797, 6.652, 6.734, 7.113, 7.87, 8.92, 10.195, 11.54, 12.84, 13.95, 14.85, 15.43, 15.766, 15.79, 15.516, 14.82, 13.766, 12.29, 10.69, 9.195, 8.234, 7.92, 8.18, 8.56, 8.375, 6.797, 3.162, -2.947, -11.055, -19.56, -26.11, -28.78, -26.89, -21.22, -13.67, -6.473, -1.546, 0.3398, -0.9644, -5.33, -12.28, -20.31, -27.3, -31.11, -30.67, -26.3, -19.72, -12.97, -7.69, -4.926, -5.12, -8.48, -14.7, -22.7, -30.95, -38.34, -43.94, -47.56, -49.0, -48.2, -45.3, -40.7, -34.62, -27.84, -20.64, -13.18, -5.1, 3.865, 13.49, 22.66, 29.67, 33.28, 33.4, 30.69, 26.39, 21.84, 18.12, 15.555, 13.91, 12.62, 11.14, 9.36, 7.625, 6.54, 6.402, 6.86, 7.105, 6.355, 4.52, 2.354, 1.001, 1.099
2.254, 3.795, 4.66, 4.78, 5.14, 6.848, 10.33, 15.16, 20.44, 25.2, 28.86, 31.25, 32.34, 32.34, 31.31, 29.28, 26.08, 21.89, 17.22, 13.18, 10.63, 9.695, 9.76, 10.055, 10.15, 9.72, 8.54, 6.484, 3.375, -1.033, -7.035, -14.36, -21.73, -26.89, -27.95, -24.56, -17.84, -9.555, -1.562, 5.06, 9.984, 13.32, 15.54, 17.1, 18.34, 19.47, 20.58, 21.67, 22.58, 23.25, 23.77, 24.0, 24.11, 24.02, 23.66, 22.75, 21.11, 18.55, 15.26, 12.07, 9.75, 8.66, 8.4, 8.26, 7.582, 5.91, 2.984, -1.292, -6.887, -13.3, -19.61, -24.8, -28.12, -29.16, -28.03, -25.1, -20.67, -15.43, -9.836, -4.434, 0.3071, 4.28, 7.707, 10.86, 14.13, 17.64, 21.28, 24.66, 27.22, 28.56, 28.33, 26.27, 22.58, 18.11, 13.8, 10.43, 8.26, 7.137, 6.676, 6.5, 6.414, 6.36, 6.312, 6.258, 6.188, 6.09, 5.938, 5.773, 5.586, 5.438, 5.406, 5.555, 5.93, 6.58, 7.473, 8.57, 9.766, 10.94, 11.98, 12.78, 13.28, 13.51, 13.34, 12.86, 12.03, 10.945, 9.7, 8.49, 7.605, 7.234, 7.36, 7.586, 7.33, 5.836, 2.557, -2.824, -10.01, -17.52, -23.25, -25.47, -23.44, -18.03, -11.02, -4.56, -0.2751, 0.9385, -1.036, -6.227, -14.24, -23.7, -32.16, -37.1, -37.4, -33.38, -26.62, -19.42, -13.805, -11.14, -12.07, -16.52, -23.55, -31.67, -39.2, -44.88, -48.6, -50.38, -50.3, -48.38, -44.78, -39.56, -33.2, -26.19, -18.88, -11.23, -2.85, 6.42, 15.96, 24.44, 30.53, 33.38, 32.75, 29.28, 24.17, 18.81, 14.47, 11.555, 9.89, 8.97, 8.195, 7.305, 6.43, 5.83, 5.73, 6.0, 6.133, 5.562, 4.125, 2.29, 1.0, 1.012
1.625, 2.988, 4.133, 4.723, 5.254, 6.582, 9.24, 13.1, 17.48, 21.6, 24.86, 27.03, 28.0, 27.95, 26.97, 25.03, 21.97, 18.08, 13.766, 10.04, 7.88, 7.516, 8.38, 9.484, 10.1, 9.88, 8.72, 6.688, 3.84, -0.0349, -5.383, -12.53, -20.55, -27.06, -29.78, -27.88, -22.17, -14.43, -6.348, 0.6846, 6.11, 9.92, 12.445, 14.13, 15.336, 16.36, 17.33, 18.25, 18.94, 19.42, 19.67, 19.73, 19.62, 19.4, 19.0, 18.17, 16.75, 14.59, 11.83, 9.12, 7.223, 6.54, 6.746, 7.1, 6.957, 5.934, 3.887, 0.7334, -3.607, -8.945, -14.72, -20.02, -23.95, -26.0, -25.95, -23.98, -20.45, -15.86, -10.78, -5.742, -1.211, 2.738, 6.164, 9.29, 12.35, 15.54, 18.77, 21.73, 24.02, 25.08, 24.61, 22.25, 18.38, 13.89, 9.81, 6.84, 5.14, 4.48, 4.39, 4.453, 4.508, 4.48, 4.367, 4.227, 4.105, 4.047, 4.07, 4.16, 4.293, 4.42, 4.543, 4.656, 4.81, 5.074, 5.523, 6.17, 7.027, 7.96, 8.88, 9.61, 10.11, 10.28, 10.125, 9.7, 9.09, 8.36, 7.566, 6.785, 6.188, 5.9, 5.9, 5.98, 5.65, 4.375, 1.761, -2.426, -7.97, -13.875, -18.36, -19.83, -17.92, -13.234, -7.348, -2.096, 1.072, 1.536, -0.8633, -6.125, -14.18, -23.92, -32.88, -38.47, -39.53, -36.25, -30.22, -23.56, -18.38, -16.11, -17.33, -21.73, -28.33, -35.56, -41.84, -46.1, -48.1, -48.5, -47.28, -44.94, -41.16, -36.2, -30.31, -23.86, -16.9, -9.32, -0.807, 8.4, 17.45, 25.2, 30.48, 32.56, 31.19, 26.77, 20.7, 14.74, 10.12, 7.234, 5.8, 5.316, 5.18, 5.074, 4.88, 4.703, 4.676, 4.812, 4.906, 4.605, 3.713, 2.402, 1.225, 0.879
0.713, 1.367, 2.375, 3.334, 4.293, 5.64, 7.74, 10.55, 13.7, 16.75, 19.28, 21.0, 21.78, 21.7, 20.8, 18.92, 16.12, 12.66, 9.06, 6.086, 4.504, 4.58, 5.83, 7.312, 8.195, 8.086, 6.996, 5.18, 2.875, 0.0431, -3.889, -9.695, -16.9, -23.7, -27.69, -27.5, -23.48, -17.08, -9.97, -3.441, 1.776, 5.496, 8.016, 9.65, 10.84, 11.81, 12.75, 13.664, 14.4, 14.89, 15.055, 15.08, 14.86, 14.48, 13.93, 13.01, 11.66, 9.78, 7.63, 5.633, 4.363, 4.113, 4.605, 5.188, 5.32, 4.71, 3.352, 1.256, -1.633, -5.406, -9.87, -14.38, -18.33, -20.92, -21.75, -20.75, -18.19, -14.53, -10.31, -6.01, -1.965, 1.637, 4.777, 7.61, 10.3, 12.94, 15.49, 17.84, 19.55, 20.17, 19.28, 16.77, 12.98, 8.95, 5.56, 3.295, 2.234, 2.01, 2.17, 2.383, 2.47, 2.396, 2.17, 1.898, 1.707, 1.695, 1.897, 2.287, 2.777, 3.238, 3.582, 3.756, 3.78, 3.752, 3.771, 3.984, 4.406, 5.027, 5.72, 6.32, 6.703, 6.805, 6.586, 6.164, 5.664, 5.21, 4.793, 4.492, 4.25, 4.15, 4.137, 4.082, 3.736, 2.74, 0.8657, -1.967, -5.684, -9.61, -12.58, -13.39, -11.695, -8.03, -3.64, 0.074, 2.014, 1.771, -0.632, -5.15, -11.97, -20.48, -28.78, -34.38, -36.0, -33.84, -29.28, -23.9, -19.7, -17.81, -18.58, -21.94, -27.33, -33.4, -38.7, -42.03, -43.25, -42.88, -41.25, -38.7, -35.25, -31.03, -26.0, -20.38, -14.086, -6.992, 1.01, 9.48, 17.6, 24.23, 28.44, 29.47, 26.98, 21.78, 15.484, 9.81, 5.78, 3.45, 2.467, 2.281, 2.432, 2.604, 2.707, 2.76, 2.87, 3.11, 3.389, 3.502, 3.236, 2.523, 1.55, 0.783
-0.1241, -0.2852, 0.2239, 1.18, 2.377, 3.805, 5.445, 7.332, 9.25, 11.04, 12.53, 13.61, 14.08, 13.945, 13.08, 11.54, 9.29, 6.7, 4.176, 2.238, 1.336, 1.677, 2.922, 4.266, 5.004, 4.848, 3.9, 2.48, 0.9365, -0.707, -2.902, -6.5, -11.664, -17.3, -21.58, -22.9, -21.03, -16.81, -11.49, -6.344, -2.082, 1.056, 3.225, 4.707, 5.78, 6.68, 7.54, 8.36, 9.08, 9.59, 9.82, 9.83, 9.57, 9.086, 8.38, 7.426, 6.21, 4.766, 3.318, 2.145, 1.566, 1.688, 2.262, 2.81, 2.93, 2.498, 1.617, 0.3984, -1.186, -3.273, -5.98, -9.09, -12.164, -14.516, -15.77, -15.625, -14.1, -11.53, -8.39, -5.082, -1.887, 0.976, 3.48, 5.676, 7.652, 9.445, 11.05, 12.47, 13.38, 13.51, 12.484, 10.22, 7.22, 4.176, 1.764, 0.2905, -0.3037, -0.3115, -0.0553, 0.2195, 0.376, 0.3364, 0.119, -0.1779, -0.396, -0.4124, -0.1744, 0.303, 0.9365, 1.546, 2.006, 2.217, 2.178, 1.953, 1.722, 1.625, 1.7705, 2.156, 2.703, 3.215, 3.531, 3.596, 3.338, 2.89, 2.447, 2.11, 1.941, 1.913, 1.964, 2.016, 2.03, 1.929, 1.592, 0.869, -0.2998, -1.919, -3.955, -6.11, -7.664, -7.918, -6.586, -4.074, -1.254, 0.876, 1.686, 0.9897, -0.9863, -4.094, -8.64, -14.7, -21.0, -25.78, -27.81, -26.94, -23.95, -20.33, -17.17, -15.32, -15.234, -17.11, -20.83, -25.53, -29.98, -33.03, -34.34, -34.2, -32.75, -30.5, -27.56, -24.02, -19.95, -15.305, -9.99, -3.92, 2.814, 9.7, 16.0, 20.78, 23.14, 22.47, 19.19, 14.16, 9.03, 4.99, 2.398, 1.009, 0.4246, 0.2137, 0.11926, 0.04883, 0.02603, 0.1299, 0.436, 0.964, 1.633, 2.236, 2.56, 2.37, 1.645, 0.6396
-0.8413, -1.53, -1.561, -0.951, 0.0583, 1.229, 2.336, 3.309, 4.09, 4.67, 5.13, 5.5, 5.656, 5.52, 5.062, 4.168, 2.986, 1.582, 0.264, -0.7163, -1.05, -0.641, 0.2336, 1.037, 1.359, 1.052, 0.3118, -0.5635, -1.295, -1.875, -2.604, -4.05, -6.598, -9.914, -13.04, -14.81, -14.625, -12.695, -9.695, -6.574, -3.836, -1.769, -0.3245, 0.695, 1.418, 2.006, 2.516, 2.996, 3.457, 3.836, 4.047, 4.055, 3.87, 3.47, 2.855, 2.092, 1.217, 0.3652, -0.3396, -0.751, -0.7764, -0.4524, 0.00757, 0.2979, 0.2418, -0.1595, -0.736, -1.323, -1.9375, -2.688, -3.766, -5.223, -6.887, -8.44, -9.47, -9.68, -8.97, -7.473, -5.547, -3.46, -1.475, 0.2465, 1.678, 2.826, 3.73, 4.34, 4.777, 5.14, 5.367, 5.36, 4.777, 3.633, 2.088, 0.4368, -0.93, -1.851, -2.281, -2.334, -2.148, -1.851, -1.602, -1.494, -1.562, -1.749, -1.9375, -2.012, -1.89, -1.553, -1.057, -0.5347, -0.12427, 0.05518, -0.02911, -0.3027, -0.6313, -0.827, -0.7783, -0.4775, 0.03326, 0.5547, 0.889, 0.916, 0.646, 0.1769, -0.2903, -0.5947, -0.7056, -0.639, -0.5425, -0.4521, -0.4482, -0.5654, -0.819, -1.245, -1.846, -2.592, -3.47, -4.355, -4.95, -4.895, -4.066, -2.727, -1.39, -0.5356, -0.47, -1.163, -2.332, -3.8, -5.85, -8.83, -12.35, -15.46, -17.19, -17.16, -15.766, -13.63, -11.555, -9.96, -9.25, -9.81, -11.74, -14.68, -17.84, -20.48, -21.98, -22.25, -21.45, -19.78, -17.61, -15.086, -12.2, -8.91, -5.145, -0.929, 3.54, 7.83, 11.26, 13.16, 13.22, 11.516, 8.65, 5.46, 2.879, 1.2295, 0.3857, -0.0784, -0.4932, -1.024, -1.641, -2.209, -2.545, -2.504, -2.035, -1.211, -0.1758, 0.831, 1.541, 1.699, 1.21, 0.221
-1.551, -2.4, -2.768, -2.596, -2.053, -1.408, -0.951, -0.814, -0.9336, -1.191, -1.396, -1.41, -1.267, -1.081, -0.966, -1.011, -1.213, -1.603, -2.031, -2.344, -2.383, -2.105, -1.716, -1.528, -1.655, -2.06, -2.537, -2.863, -2.941, -2.85, -2.79, -3.006, -3.617, -4.547, -5.582, -6.34, -6.508, -6.01, -5.047, -3.967, -3.062, -2.43, -2.023, -1.747, -1.591, -1.525, -1.507, -1.48, -1.354, -1.18, -0.9746, -0.8804, -0.877, -1.039, -1.348, -1.737, -2.184, -2.488, -2.629, -2.557, -2.297, -1.966, -1.724, -1.717, -1.96, -2.365, -2.758, -3.0, -3.08, -3.08, -3.139, -3.387, -3.844, -4.39, -4.805, -4.875, -4.52, -3.797, -2.951, -2.11, -1.452, -1.038, -0.8423, -0.8345, -1.037, -1.49, -1.994, -2.303, -2.293, -1.94, -1.496, -1.264, -1.34, -1.778, -2.408, -3.018, -3.457, -3.662, -3.61, -3.373, -3.1, -2.885, -2.79, -2.814, -2.918, -3.04, -3.049, -2.91, -2.64, -2.307, -2.021, -1.909, -1.997, -2.264, -2.578, -2.78, -2.744, -2.438, -1.915, -1.361, -1.0, -0.9785, -1.295, -1.798, -2.268, -2.588, -2.707, -2.703, -2.676, -2.68, -2.748, -2.87, -3.023, -3.178, -3.354, -3.61, -3.926, -4.242, -4.426, -4.395, -4.125, -3.78, -3.502, -3.396, -3.506, -3.773, -4.074, -4.336, -4.66, -5.254, -6.137, -7.04, -7.637, -7.727, -7.242, -6.48, -5.65, -4.895, -4.4, -4.293, -4.746, -5.723, -7.023, -8.305, -9.164, -9.445, -9.01, -8.0, -6.83, -5.61, -4.418, -3.133, -1.765, -0.3083, 1.057, 2.121, 2.605, 2.367, 1.604, 0.547, -0.392, -1.007, -1.096, -0.8096, -0.4949, -0.491, -0.9272, -1.742, -2.717, -3.594, -4.117, -4.133, -3.645, -2.754, -1.613, -0.4958, 0.3284, 0.624, 0.3027, -0.529
