-7.582, -7.527, -7.49, -7.445, -7.418, -7.438, -7.562, -7.758, -8.04, -8.28, -8.48, -8.586, -8.625, -8.625, -8.61, -8.555, -8.516, -8.46, -8.33, -8.13, -7.95, -7.742, -7.562, -7.45, -7.355, -7.297, -7.234, -7.258, -7.395, -7.527, -7.688, -7.836, -8.016, -8.16, -8.23, -8.234, -8.19, -8.08, -8.02, -7.97, -7.863, -7.793, -7.777, -7.75, -7.688, -7.645, -7.594, -7.477, -7.383, -7.34, -7.242, -7.08, -6.883, -6.754, -6.543, -6.473, -6.4, -6.4, -6.445, -6.496, -6.594, -6.668, -6.76, -6.754, -6.71, -6.68, -6.703, -6.67, -6.637, -6.645, -6.727, -6.816, -6.938, -7.055, -7.188, -7.27, -7.38, -7.45, -7.46, -7.426, -7.363, -7.3, -7.223, -7.156, -7.08, -7.047, -7.07, -7.035, -7.055, -7.14, -7.207, -7.31, -7.47, -7.625, -7.78, -7.88, -7.91, -7.85, -7.746, -7.67, -7.62, -7.535, -7.484, -7.418, -7.426, -7.49, -7.64, -7.81, -8.03, -8.26, -8.54, -8.78, -8.98, -9.164, -9.29, -9.31, -9.266, -9.2, -9.195, -9.125, -8.94, -8.68, -8.36, -7.965, -7.68, -7.48, -7.406, -7.387, -7.39, -7.363, -7.33, -7.25, -7.207, -7.156, -7.133, -7.105, -7.066, -7.05, -7.09, -7.117, -7.195, -7.305, -7.37, -7.453, -7.55, -7.6, -7.676, -7.754, -7.766, -7.77, -7.793, -7.863, -7.9, -7.895, -7.953, -7.977, -8.04, -8.11, -8.125, -8.195, -8.22, -8.27, -8.32, -8.305, -8.3, -8.33, -8.27, -8.3, -8.27, -8.29, -8.234, -8.234, -8.26, -8.234, -8.22, -8.195, -8.2, -8.23, -8.19, -8.23, -8.234, -8.28, -8.28, -8.23, -8.18, -8.21, -8.21, -8.125, -8.04, -8.016, -7.965, -7.973, -7.98, -8.01, -7.94, -7.703, -7.52, -7.43, -7.445, -7.54
-6.17, -5.984, -5.664, -5.406, -5.355, -5.57, -6.05, -6.754, -7.55, -8.305, -8.9, -9.3, -9.445, -9.51, -9.41, -9.27, -9.125, -8.82, -8.42, -7.906, -7.28, -6.59, -5.973, -5.516, -5.195, -5.01, -5.004, -5.22, -5.633, -6.15, -6.68, -7.203, -7.656, -7.957, -8.09, -8.086, -7.92, -7.707, -7.438, -7.164, -6.902, -6.7, -6.516, -6.32, -6.117, -5.902, -5.695, -5.4, -5.094, -4.8, -4.414, -3.988, -3.48, -3.088, -2.758, -2.639, -2.68, -2.86, -3.107, -3.426, -3.768, -3.98, -4.105, -4.098, -4.03, -3.973, -3.943, -3.924, -3.965, -4.125, -4.395, -4.805, -5.27, -5.715, -6.152, -6.492, -6.766, -6.902, -6.938, -6.906, -6.746, -6.566, -6.41, -6.25, -6.09, -6.027, -6.043, -6.094, -6.285, -6.605, -6.96, -7.383, -7.84, -8.25, -8.63, -8.95, -9.04, -9.04, -8.81, -8.54, -8.25, -7.938, -7.69, -7.555, -7.51, -7.676, -8.016, -8.52, -9.14, -9.766, -10.47, -11.07, -11.586, -12.08, -12.445, -12.586, -12.65, -12.55, -12.38, -12.16, -11.77, -11.14, -10.125, -8.945, -7.777, -6.887, -6.3, -5.973, -5.8, -5.613, -5.434, -5.22, -5.03, -4.87, -4.758, -4.676, -4.62, -4.656, -4.77, -4.953, -5.19, -5.44, -5.734, -5.996, -6.242, -6.453, -6.594, -6.71, -6.746, -6.75, -6.785, -6.81, -6.863, -6.98, -7.145, -7.266, -7.39, -7.523, -7.67, -7.812, -7.895, -7.938, -7.94, -7.926, -7.875, -7.816, -7.7, -7.598, -7.426, -7.3, -7.117, -7.043, -7.016, -6.96, -6.945, -6.977, -6.984, -7.02, -7.062, -7.133, -7.207, -7.33, -7.414, -7.438, -7.414, -7.375, -7.266, -7.086, -6.93, -6.848, -6.848, -6.957, -7.17, -7.305, -7.137, -6.72, -6.254, -5.957, -5.957, -6.113
-3.81, -3.254, -2.61, -2.21, -2.309, -2.908, -3.932, -5.31, -6.766, -8.125, -9.15, -9.82, -10.18, -10.33, -10.31, -10.15, -9.91, -9.484, -8.92, -8.02, -6.895, -5.582, -4.32, -3.268, -2.562, -2.252, -2.309, -2.764, -3.527, -4.5, -5.508, -6.4, -7.2, -7.74, -7.99, -8.0, -7.766, -7.434, -6.953, -6.42, -5.883, -5.39, -4.94, -4.504, -4.055, -3.629, -3.188, -2.686, -2.127, -1.601, -0.965, -0.349, 0.2695, 0.73, 0.931, 0.9155, 0.6616, 0.2242, -0.272, -0.787, -1.206, -1.441, -1.458, -1.307, -1.03, -0.788, -0.6387, -0.6045, -0.7607, -1.111, -1.696, -2.514, -3.436, -4.336, -5.184, -5.895, -6.37, -6.66, -6.777, -6.71, -6.484, -6.21, -5.926, -5.69, -5.46, -5.402, -5.453, -5.625, -6.016, -6.562, -7.18, -7.863, -8.56, -9.24, -9.875, -10.32, -10.555, -10.53, -10.2, -9.664, -8.99, -8.3, -7.695, -7.293, -7.19, -7.406, -7.99, -8.85, -9.85, -10.97, -12.03, -13.04, -13.88, -14.69, -15.28, -15.664, -15.83, -15.81, -15.72, -15.58, -15.29, -14.52, -13.1, -11.06, -8.74, -6.62, -5.074, -4.2, -3.682, -3.264, -2.867, -2.387, -1.957, -1.548, -1.312, -1.159, -1.145, -1.259, -1.534, -1.923, -2.352, -2.836, -3.398, -3.94, -4.42, -4.832, -5.125, -5.293, -5.39, -5.438, -5.47, -5.473, -5.52, -5.637, -5.875, -6.12, -6.355, -6.59, -6.836, -7.066, -7.195, -7.293, -7.29, -7.242, -7.13, -6.914, -6.668, -6.336, -6.008, -5.742, -5.516, -5.426, -5.434, -5.477, -5.56, -5.668, -5.758, -5.84, -5.97, -6.13, -6.273, -6.453, -6.617, -6.723, -6.695, -6.51, -6.184, -5.74, -5.36, -5.168, -5.21, -5.574, -6.113, -6.414, -6.26, -5.684, -4.867, -4.234, -4.04, -4.027
-0.6304, 0.4036, 1.303, 1.618, 1.283, 0.2676, -1.384, -3.443, -5.566, -7.473, -8.875, -9.83, -10.336, -10.55, -10.57, -10.45, -10.2, -9.82, -9.22, -8.266, -6.832, -5.05, -3.1, -1.347, -0.1558, 0.364, 0.2617, -0.3845, -1.477, -2.754, -4.094, -5.36, -6.438, -7.19, -7.562, -7.68, -7.504, -7.125, -6.56, -5.89, -5.15, -4.402, -3.654, -2.963, -2.244, -1.568, -0.931, -0.292, 0.4253, 1.127, 1.791, 2.348, 2.791, 3.021, 2.94, 2.62, 2.111, 1.4375, 0.785, 0.3098, 0.02106, -0.00418, 0.2288, 0.7173, 1.41, 2.031, 2.41, 2.516, 2.266, 1.696, 0.772, -0.482, -1.881, -3.244, -4.504, -5.62, -6.41, -6.93, -7.152, -7.133, -6.87, -6.543, -6.195, -5.867, -5.61, -5.53, -5.586, -5.855, -6.37, -7.0, -7.773, -8.59, -9.43, -10.23, -10.94, -11.48, -11.69, -11.56, -11.05, -10.16, -9.016, -7.82, -6.82, -6.15, -5.98, -6.4, -7.27, -8.48, -9.875, -11.305, -12.68, -13.97, -15.086, -16.08, -16.83, -17.33, -17.61, -17.75, -17.81, -17.86, -17.81, -17.4, -16.1, -13.71, -10.43, -7.047, -4.305, -2.52, -1.462, -0.765, -0.0718, 0.7495, 1.496, 2.098, 2.479, 2.709, 2.748, 2.6, 2.191, 1.578, 0.8945, 0.1517, -0.6543, -1.491, -2.254, -2.94, -3.469, -3.814, -4.03, -4.105, -4.125, -4.113, -4.12, -4.2, -4.418, -4.684, -4.99, -5.38, -5.71, -6.027, -6.2, -6.33, -6.305, -6.254, -6.023, -5.645, -5.203, -4.707, -4.31, -3.986, -3.857, -3.863, -4.027, -4.273, -4.5, -4.715, -4.94, -5.098, -5.31, -5.523, -5.703, -5.902, -6.04, -6.09, -5.92, -5.47, -4.76, -3.943, -3.291, -2.943, -3.105, -3.773, -4.62, -5.266, -5.28, -4.605, -3.453, -2.436, -1.856, -1.364
3.104, 4.508, 5.523, 5.723, 5.133, 3.742, 1.625, -1.032, -3.844, -6.3, -8.03, -9.16, -9.766, -10.05, -10.05, -9.95, -9.76, -9.45, -9.01, -8.22, -6.812, -4.79, -2.389, 0.03072, 1.821, 2.678, 2.658, 1.915, 0.695, -0.7803, -2.273, -3.771, -4.977, -5.94, -6.5, -6.8, -6.82, -6.586, -6.086, -5.42, -4.61, -3.744, -2.846, -1.98, -1.124, -0.3213, 0.4617, 1.189, 1.9, 2.56, 3.115, 3.457, 3.594, 3.469, 3.078, 2.498, 1.789, 1.013, 0.366, 0.01709, -0.04114, 0.247, 0.855, 1.834, 3.066, 4.234, 5.023, 5.27, 4.977, 4.195, 2.94, 1.277, -0.543, -2.367, -4.02, -5.5, -6.65, -7.43, -7.785, -7.848, -7.684, -7.348, -6.99, -6.65, -6.363, -6.246, -6.31, -6.58, -7.02, -7.67, -8.445, -9.28, -10.14, -10.92, -11.58, -12.04, -12.12, -11.766, -10.85, -9.484, -7.793, -6.11, -4.844, -4.176, -4.242, -4.992, -6.258, -7.848, -9.586, -11.29, -12.87, -14.266, -15.45, -16.53, -17.34, -17.88, -18.19, -18.36, -18.52, -18.77, -19.05, -19.08, -18.28, -15.99, -12.37, -8.086, -4.13, -1.232, 0.5806, 1.674, 2.75, 3.855, 4.926, 5.805, 6.387, 6.684, 6.81, 6.668, 6.21, 5.465, 4.535, 3.477, 2.396, 1.246, 0.21, -0.772, -1.625, -2.277, -2.68, -2.879, -2.91, -2.857, -2.791, -2.832, -2.95, -3.172, -3.486, -3.912, -4.348, -4.723, -4.977, -5.11, -5.086, -4.98, -4.625, -4.11, -3.541, -3.004, -2.623, -2.447, -2.467, -2.656, -3.012, -3.443, -3.887, -4.227, -4.473, -4.688, -4.914, -5.13, -5.316, -5.47, -5.516, -5.406, -4.94, -4.098, -2.994, -1.803, -0.8755, -0.4978, -0.803, -1.7295, -2.877, -3.826, -4.016, -3.275, -1.868, -0.4348, 0.726, 1.785
6.965, 8.72, 9.805, 9.98, 9.21, 7.49, 4.92, 1.751, -1.617, -4.562, -6.72, -8.08, -8.82, -9.11, -9.07, -8.89, -8.66, -8.445, -8.17, -7.633, -6.48, -4.55, -1.949, 0.904, 3.285, 4.66, 4.918, 4.25, 3.045, 1.651, 0.1537, -1.383, -2.746, -3.86, -4.65, -5.184, -5.445, -5.438, -5.19, -4.715, -4.09, -3.312, -2.512, -1.632, -0.739, 0.09656, 0.856, 1.611, 2.219, 2.725, 3.053, 3.148, 3.004, 2.61, 1.996, 1.233, 0.4546, -0.2423, -0.7686, -1.016, -0.8877, -0.2864, 0.7437, 2.238, 4.035, 5.844, 7.156, 7.703, 7.535, 6.57, 5.016, 2.979, 0.775, -1.44, -3.523, -5.348, -6.844, -7.832, -8.38, -8.54, -8.52, -8.234, -7.906, -7.566, -7.246, -7.047, -7.086, -7.31, -7.727, -8.32, -9.03, -9.83, -10.67, -11.36, -11.89, -12.16, -11.98, -11.2, -9.75, -7.707, -5.445, -3.486, -2.271, -1.943, -2.467, -3.69, -5.355, -7.246, -9.21, -11.12, -12.87, -14.35, -15.59, -16.66, -17.45, -17.97, -18.2, -18.34, -18.53, -18.81, -19.28, -19.67, -19.36, -17.62, -14.15, -9.42, -4.51, -0.45, 2.277, 4.004, 5.387, 6.785, 8.24, 9.445, 10.31, 10.75, 11.0, 10.945, 10.52, 9.72, 8.59, 7.254, 5.805, 4.367, 2.96, 1.675, 0.4993, -0.5093, -1.234, -1.675, -1.853, -1.827, -1.72, -1.615, -1.613, -1.733, -1.961, -2.357, -2.832, -3.26, -3.594, -3.766, -3.713, -3.518, -3.072, -2.5, -1.945, -1.459, -1.176, -1.167, -1.405, -1.795, -2.346, -2.908, -3.445, -3.85, -4.113, -4.32, -4.566, -4.8, -4.95, -5.027, -4.98, -4.625, -3.795, -2.57, -1.081, 0.3691, 1.42, 1.722, 1.222, 0.0912, -1.263, -2.348, -2.557, -1.749, -0.0958, 1.767, 3.453, 5.152
10.65, 12.734, 13.91, 14.15, 13.26, 11.27, 8.266, 4.65, 0.876, -2.586, -5.137, -6.758, -7.72, -8.06, -7.906, -7.65, -7.332, -7.09, -6.91, -6.617, -5.777, -4.18, -1.699, 1.344, 4.234, 6.234, 7.016, 6.664, 5.695, 4.508, 3.143, 1.687, 0.2439, -1.025, -2.018, -2.736, -3.29, -3.611, -3.693, -3.578, -3.27, -2.764, -2.219, -1.533, -0.799, -0.065, 0.587, 1.196, 1.695, 2.014, 2.125, 2.033, 1.696, 1.157, 0.4583, -0.3555, -1.109, -1.764, -2.246, -2.44, -2.2, -1.285, 0.1548, 2.113, 4.477, 6.93, 8.94, 9.914, 9.88, 8.84, 7.11, 4.77, 2.2, -0.3386, -2.805, -4.965, -6.723, -7.96, -8.7, -8.95, -9.03, -8.87, -8.61, -8.3, -8.0, -7.777, -7.766, -7.953, -8.33, -8.89, -9.59, -10.39, -11.164, -11.77, -12.12, -12.08, -11.47, -10.125, -8.01, -5.297, -2.615, -0.6167, 0.2776, 0.0818, -0.9214, -2.53, -4.465, -6.617, -8.77, -10.84, -12.68, -14.27, -15.55, -16.61, -17.39, -17.88, -18.1, -18.17, -18.28, -18.53, -18.97, -19.5, -19.52, -18.27, -15.38, -10.77, -5.387, -0.339, 3.443, 5.957, 7.77, 9.48, 11.26, 12.89, 14.11, 14.84, 15.336, 15.43, 15.125, 14.33, 13.08, 11.516, 9.71, 7.86, 6.082, 4.414, 2.865, 1.507, 0.4568, -0.3416, -0.7715, -0.891, -0.8027, -0.638, -0.4866, -0.439, -0.5576, -0.903, -1.335, -1.783, -2.127, -2.338, -2.268, -1.989, -1.481, -0.8994, -0.388, -0.00882, 0.1356, -0.04666, -0.4995, -1.106, -1.793, -2.49, -3.072, -3.465, -3.723, -3.928, -4.18, -4.473, -4.613, -4.617, -4.383, -3.797, -2.691, -1.132, 0.6006, 2.162, 3.184, 3.361, 2.74, 1.555, 0.1832, -0.852, -1.05, -0.1664, 1.71, 3.928, 6.164, 8.42
13.96, 16.27, 17.66, 17.92, 16.97, 14.766, 11.52, 7.53, 3.365, -0.483, -3.45, -5.434, -6.594, -7.035, -6.918, -6.543, -6.137, -5.812, -5.617, -5.387, -4.84, -3.623, -1.48, 1.512, 4.707, 7.36, 8.82, 9.07, 8.54, 7.72, 6.664, 5.395, 3.998, 2.613, 1.407, 0.3884, -0.418, -1.039, -1.506, -1.821, -1.958, -1.892, -1.727, -1.427, -0.9976, -0.5, -0.000551, 0.3687, 0.727, 0.904, 0.884, 0.6904, 0.2698, -0.3418, -1.076, -1.916, -2.7, -3.408, -3.914, -4.07, -3.684, -2.584, -0.8413, 1.583, 4.5, 7.633, 10.336, 11.86, 12.02, 11.06, 9.16, 6.6, 3.764, 0.8906, -1.891, -4.35, -6.234, -7.625, -8.55, -9.0, -9.22, -9.21, -9.05, -8.8, -8.57, -8.4, -8.375, -8.56, -8.945, -9.56, -10.31, -11.125, -11.836, -12.34, -12.48, -12.08, -10.97, -9.03, -6.27, -2.988, 0.00853, 1.933, 2.465, 1.826, 0.4487, -1.434, -3.56, -5.87, -8.21, -10.41, -12.41, -13.984, -15.34, -16.39, -17.17, -17.69, -17.92, -18.0, -18.03, -18.14, -18.4, -18.81, -19.0, -18.27, -16.0, -11.94, -6.547, -0.9497, 3.82, 7.266, 9.7, 11.79, 13.836, 15.87, 17.5, 18.67, 19.56, 19.98, 19.89, 19.27, 18.1, 16.36, 14.24, 11.88, 9.56, 7.46, 5.51, 3.777, 2.318, 1.15, 0.402, 0.0331, -0.012665, 0.1196, 0.372, 0.5728, 0.5825, 0.4026, 0.0837, -0.3567, -0.667, -0.8574, -0.7886, -0.4402, 0.123, 0.6846, 1.164, 1.398, 1.327, 0.924, 0.2534, -0.496, -1.293, -2.043, -2.64, -3.008, -3.297, -3.545, -3.814, -4.145, -4.348, -4.336, -3.994, -3.176, -1.806, -0.06287, 1.763, 3.365, 4.312, 4.426, 3.834, 2.764, 1.557, 0.6406, 0.4475, 1.343, 3.354, 5.863, 8.625, 11.31
16.55, 19.14, 20.67, 21.05, 20.06, 17.86, 14.41, 10.17, 5.645, 1.482, -1.791, -4.125, -5.55, -6.15, -6.082, -5.68, -5.19, -4.758, -4.5, -4.242, -3.854, -2.973, -1.198, 1.554, 4.816, 7.977, 10.26, 11.234, 11.39, 11.13, 10.516, 9.64, 8.45, 7.12, 5.69, 4.312, 3.125, 2.094, 1.234, 0.438, -0.1663, -0.615, -0.947, -1.135, -1.132, -0.978, -0.7354, -0.55, -0.3523, -0.2457, -0.3376, -0.5996, -1.073, -1.731, -2.537, -3.41, -4.27, -4.99, -5.543, -5.664, -5.19, -4.03, -2.002, 0.8696, 4.375, 8.15, 11.555, 13.61, 14.164, 13.266, 11.33, 8.59, 5.527, 2.379, -0.614, -3.39, -5.54, -7.098, -8.17, -8.87, -9.28, -9.42, -9.36, -9.22, -9.07, -8.984, -9.05, -9.28, -9.73, -10.375, -11.19, -11.984, -12.65, -13.04, -12.99, -12.27, -10.75, -8.31, -5.035, -1.29, 1.954, 3.887, 4.273, 3.385, 1.759, -0.3435, -2.672, -5.133, -7.625, -9.984, -12.02, -13.71, -15.04, -16.12, -16.92, -17.45, -17.72, -17.8, -17.78, -17.72, -17.8, -17.98, -18.16, -17.7, -16.03, -12.7, -7.797, -2.127, 3.3, 7.71, 11.0, 13.6, 15.94, 18.31, 20.47, 22.27, 23.6, 24.39, 24.62, 24.27, 23.19, 21.45, 19.05, 16.27, 13.39, 10.734, 8.33, 6.22, 4.33, 2.816, 1.648, 1.004, 0.75, 0.7773, 1.052, 1.319, 1.486, 1.471, 1.331, 0.95, 0.7236, 0.6113, 0.7456, 1.122, 1.708, 2.264, 2.63, 2.701, 2.43, 1.82, 0.9756, 0.0975, -0.736, -1.512, -2.11, -2.48, -2.799, -3.13, -3.48, -3.902, -4.207, -4.17, -3.746, -2.8, -1.336, 0.4502, 2.291, 3.914, 4.812, 5.004, 4.598, 3.78, 2.828, 2.047, 1.841, 2.664, 4.66, 7.44, 10.53, 13.61
18.36, 21.16, 22.9, 23.3, 22.39, 20.12, 16.69, 12.32, 7.59, 3.248, -0.3313, -2.941, -4.6, -5.324, -5.375, -5.02, -4.527, -3.992, -3.602, -3.32, -2.996, -2.309, -0.848, 1.516, 4.684, 8.17, 11.12, 13.09, 14.03, 14.45, 14.48, 14.11, 13.234, 12.04, 10.6, 9.01, 7.418, 5.836, 4.453, 3.166, 2.016, 1.023, 0.1539, -0.5815, -1.068, -1.365, -1.452, -1.439, -1.388, -1.375, -1.532, -1.879, -2.424, -3.121, -3.938, -4.824, -5.72, -6.473, -7.023, -7.086, -6.55, -5.316, -3.049, 0.1936, 4.21, 8.62, 12.664, 15.35, 16.28, 15.53, 13.57, 10.82, 7.53, 4.074, 0.7983, -2.137, -4.5, -6.305, -7.57, -8.56, -9.24, -9.53, -9.625, -9.64, -9.61, -9.625, -9.77, -10.125, -10.66, -11.37, -12.13, -12.94, -13.55, -13.875, -13.67, -12.734, -10.914, -8.14, -4.516, -0.504, 3.012, 5.13, 5.586, 4.668, 2.848, 0.5786, -1.914, -4.5, -7.117, -9.58, -11.695, -13.4, -14.76, -15.87, -16.67, -17.2, -17.52, -17.62, -17.58, -17.42, -17.3, -17.23, -17.19, -16.81, -15.57, -12.984, -8.875, -3.615, 2.01, 7.18, 11.48, 14.76, 17.53, 20.22, 22.8, 25.11, 27.02, 28.22, 28.84, 28.83, 28.12, 26.39, 23.89, 20.78, 17.4, 14.17, 11.266, 8.7, 6.48, 4.58, 3.055, 2.03, 1.559, 1.468, 1.627, 1.919, 2.207, 2.324, 2.297, 2.074, 1.978, 1.99, 2.246, 2.705, 3.283, 3.836, 4.082, 3.955, 3.443, 2.645, 1.653, 0.6636, -0.2073, -1.002, -1.555, -1.9375, -2.293, -2.703, -3.168, -3.69, -4.05, -4.043, -3.62, -2.676, -1.265, 0.505, 2.342, 3.934, 4.883, 5.22, 5.062, 4.543, 3.854, 3.227, 2.998, 3.727, 5.63, 8.484, 11.766, 15.16
19.25, 22.2, 24.14, 24.7, 23.89, 21.73, 18.25, 13.805, 9.02, 4.63, 0.9634, -1.877, -3.746, -4.625, -4.816, -4.527, -3.996, -3.453, -3.014, -2.678, -2.312, -1.69, -0.4883, 1.497, 4.43, 7.996, 11.52, 14.38, 16.3, 17.52, 18.25, 18.48, 18.17, 17.36, 16.08, 14.29, 12.31, 10.13, 8.11, 6.25, 4.496, 2.887, 1.504, 0.2498, -0.777, -1.525, -1.958, -2.182, -2.281, -2.387, -2.64, -3.06, -3.672, -4.41, -5.23, -6.098, -6.93, -7.6, -7.977, -7.96, -7.426, -6.13, -3.756, -0.2847, 4.152, 9.13, 13.81, 17.12, 18.38, 17.95, 16.1, 13.266, 9.85, 6.156, 2.645, -0.5303, -3.188, -5.28, -6.926, -8.21, -9.15, -9.71, -10.016, -10.15, -10.23, -10.336, -10.61, -11.03, -11.63, -12.37, -13.125, -13.875, -14.46, -14.73, -14.46, -13.43, -11.49, -8.63, -4.93, -0.7812, 2.998, 5.43, 6.195, 5.414, 3.59, 1.242, -1.306, -3.955, -6.64, -9.17, -11.35, -13.08, -14.49, -15.625, -16.45, -17.02, -17.34, -17.47, -17.42, -17.2, -16.9, -16.61, -16.31, -15.87, -14.88, -12.92, -9.695, -5.137, 0.1631, 5.715, 10.75, 14.94, 18.4, 21.44, 24.3, 26.97, 29.3, 31.0, 32.16, 32.53, 32.1, 30.69, 28.36, 25.16, 21.39, 17.66, 14.234, 11.266, 8.75, 6.434, 4.555, 3.178, 2.365, 2.123, 2.139, 2.406, 2.736, 2.96, 3.07, 3.084, 3.152, 3.328, 3.686, 4.23, 4.836, 5.305, 5.414, 5.098, 4.395, 3.42, 2.336, 1.255, 0.349, -0.449, -0.9883, -1.402, -1.778, -2.252, -2.846, -3.482, -3.95, -4.02, -3.629, -2.75, -1.424, 0.2334, 2.014, 3.586, 4.62, 5.164, 5.27, 5.062, 4.61, 4.137, 3.93, 4.5, 6.156, 8.83, 12.21, 15.805
19.17, 22.33, 24.4, 25.14, 24.5, 22.38, 18.98, 14.66, 9.984, 5.61, 1.924, -1.024, -2.984, -4.01, -4.31, -4.12, -3.635, -3.117, -2.61, -2.19, -1.79, -1.206, -0.1796, 1.476, 4.062, 7.496, 11.37, 15.04, 17.94, 20.06, 21.52, 22.58, 22.88, 22.56, 21.52, 19.8, 17.52, 14.94, 12.25, 9.68, 7.35, 5.094, 3.121, 1.318, -0.2186, -1.434, -2.197, -2.645, -2.959, -3.22, -3.594, -4.066, -4.668, -5.375, -6.19, -6.992, -7.645, -8.19, -8.41, -8.305, -7.723, -6.35, -3.96, -0.381, 4.32, 9.734, 15.055, 18.95, 20.69, 20.52, 18.86, 16.06, 12.55, 8.66, 4.875, 1.337, -1.661, -4.047, -6.043, -7.684, -8.92, -9.8, -10.31, -10.59, -10.83, -11.06, -11.44, -11.93, -12.58, -13.3, -14.125, -14.87, -15.445, -15.72, -15.37, -14.33, -12.484, -9.73, -6.152, -2.07, 1.864, 4.676, 5.867, 5.418, 3.81, 1.602, -0.8955, -3.545, -6.246, -8.81, -11.02, -12.8, -14.22, -15.4, -16.25, -16.86, -17.22, -17.38, -17.31, -17.06, -16.66, -16.19, -15.59, -15.05, -14.14, -12.63, -10.195, -6.543, -1.853, 3.555, 9.04, 14.016, 18.3, 21.86, 25.03, 27.92, 30.5, 32.62, 34.12, 34.94, 34.97, 33.9, 31.94, 28.75, 24.92, 20.73, 17.02, 13.75, 10.914, 8.39, 6.227, 4.586, 3.453, 2.916, 2.709, 2.896, 3.18, 3.479, 3.75, 3.965, 4.234, 4.594, 5.145, 5.785, 6.33, 6.668, 6.605, 6.11, 5.254, 4.164, 2.996, 1.859, 0.9277, 0.1616, -0.4219, -0.86, -1.293, -1.853, -2.549, -3.3, -3.87, -4.04, -3.727, -2.941, -1.688, -0.16, 1.509, 3.078, 4.258, 4.965, 5.285, 5.293, 5.062, 4.76, 4.613, 5.02, 6.33, 8.68, 11.94, 15.555
18.16, 21.45, 23.7, 24.66, 24.16, 22.17, 18.86, 14.67, 10.266, 6.16, 2.578, -0.3523, -2.408, -3.496, -3.865, -3.766, -3.377, -2.846, -2.324, -1.867, -1.459, -0.885, -0.01918, 1.347, 3.55, 6.7, 10.664, 14.914, 18.77, 21.83, 24.14, 25.89, 26.97, 27.28, 26.64, 25.11, 22.78, 19.86, 16.61, 13.305, 10.37, 7.53, 4.97, 2.62, 0.5713, -1.061, -2.152, -2.822, -3.312, -3.72, -4.18, -4.74, -5.348, -6.008, -6.734, -7.355, -7.88, -8.2, -8.29, -8.09, -7.492, -6.176, -3.852, -0.2178, 4.72, 10.45, 16.28, 20.77, 23.05, 23.33, 21.97, 19.31, 15.734, 11.6, 7.45, 3.553, 0.2017, -2.613, -4.97, -6.957, -8.51, -9.664, -10.445, -10.9, -11.32, -11.695, -12.17, -12.73, -13.47, -14.25, -15.11, -15.86, -16.42, -16.66, -16.38, -15.44, -13.69, -11.125, -7.895, -4.09, -0.2175, 2.93, 4.594, 4.668, 3.48, 1.555, -0.7217, -3.252, -5.938, -8.49, -10.73, -12.5, -13.945, -15.16, -16.06, -16.72, -17.12, -17.31, -17.27, -17.0, -16.56, -15.95, -15.17, -14.414, -13.51, -12.24, -10.34, -7.516, -3.63, 1.219, 6.617, 12.02, 17.05, 21.31, 24.94, 28.05, 30.84, 33.12, 34.9, 36.1, 36.56, 35.97, 34.34, 31.52, 27.77, 23.48, 19.5, 15.95, 12.984, 10.305, 7.95, 6.105, 4.715, 3.93, 3.502, 3.549, 3.754, 4.113, 4.473, 4.88, 5.344, 5.887, 6.562, 7.293, 7.758, 7.914, 7.625, 6.96, 5.984, 4.836, 3.666, 2.475, 1.472, 0.6885, 0.0888, -0.3552, -0.8154, -1.43, -2.213, -3.078, -3.771, -4.035, -3.814, -3.115, -1.994, -0.5693, 1.023, 2.586, 3.879, 4.76, 5.215, 5.41, 5.336, 5.145, 5.027, 5.277, 6.223, 8.125, 11.01, 14.52
16.52, 19.81, 22.16, 23.22, 22.84, 21.02, 17.94, 14.08, 10.08, 6.27, 2.86, 0.0416, -1.942, -3.072, -3.537, -3.5, -3.162, -2.666, -2.135, -1.632, -1.22, -0.7065, -0.000555, 1.086, 2.904, 5.65, 9.48, 13.94, 18.44, 22.5, 25.69, 28.22, 30.03, 30.98, 30.84, 29.73, 27.53, 24.5, 20.81, 16.94, 13.37, 10.01, 6.94, 4.1, 1.587, -0.4553, -1.831, -2.758, -3.432, -3.986, -4.51, -5.06, -5.707, -6.277, -6.85, -7.34, -7.695, -7.89, -7.887, -7.656, -7.066, -5.73, -3.441, 0.232, 5.277, 11.31, 17.48, 22.55, 25.39, 26.11, 25.2, 22.81, 19.28, 15.016, 10.5, 6.16, 2.309, -0.9263, -3.656, -6.02, -7.88, -9.33, -10.35, -11.1, -11.734, -12.28, -12.86, -13.54, -14.38, -15.22, -16.11, -16.86, -17.45, -17.69, -17.42, -16.53, -14.99, -12.73, -9.81, -6.37, -2.729, 0.502, 2.625, 3.29, 2.672, 1.221, -0.752, -3.104, -5.69, -8.24, -10.46, -12.26, -13.71, -14.92, -15.875, -16.58, -17.03, -17.27, -17.27, -17.03, -16.55, -15.85, -15.02, -14.1, -13.055, -11.83, -10.3, -8.11, -5.066, -1.019, 3.922, 9.27, 14.72, 19.67, 23.98, 27.48, 30.5, 32.94, 34.84, 36.3, 37.06, 36.84, 35.66, 33.16, 29.53, 25.39, 21.39, 17.81, 14.87, 12.1, 9.71, 7.727, 6.2, 5.227, 4.633, 4.527, 4.633, 4.95, 5.41, 5.938, 6.59, 7.332, 8.055, 8.69, 9.08, 8.95, 8.5, 7.703, 6.64, 5.473, 4.277, 3.074, 2.02, 1.208, 0.567, 0.068, -0.429, -1.08, -1.93, -2.861, -3.637, -4.023, -3.92, -3.33, -2.324, -0.979, 0.569, 2.158, 3.559, 4.555, 5.14, 5.395, 5.414, 5.293, 5.14, 5.266, 5.902, 7.32, 9.71, 12.95
14.46, 17.58, 19.94, 20.97, 20.69, 19.05, 16.4, 13.05, 9.49, 6.055, 2.9, 0.2642, -1.642, -2.773, -3.25, -3.258, -2.97, -2.54, -1.999, -1.49, -1.081, -0.647, -0.10834, 0.7256, 2.182, 4.5, 7.914, 12.3, 17.19, 22.02, 26.12, 29.42, 31.92, 33.47, 34.0, 33.3, 31.44, 28.48, 24.5, 20.28, 16.2, 12.41, 8.89, 5.645, 2.744, 0.3816, -1.319, -2.479, -3.316, -4.016, -4.62, -5.188, -5.773, -6.28, -6.715, -7.043, -7.254, -7.41, -7.42, -7.2, -6.55, -5.23, -2.908, 0.7144, 5.715, 11.96, 18.5, 24.11, 27.67, 28.95, 28.56, 26.61, 23.27, 18.81, 13.945, 9.08, 4.72, 1.021, -2.16, -4.855, -7.145, -8.91, -10.234, -11.24, -12.086, -12.805, -13.55, -14.32, -15.234, -16.14, -17.06, -17.88, -18.44, -18.69, -18.47, -17.67, -16.23, -14.16, -11.62, -8.555, -5.258, -2.047, 0.3806, 1.619, 1.649, 0.7627, -0.8667, -3.059, -5.543, -8.04, -10.27, -12.055, -13.51, -14.69, -15.69, -16.44, -16.94, -17.23, -17.28, -17.08, -16.62, -15.9, -15.01, -13.984, -12.85, -11.625, -10.2, -8.37, -5.965, -2.805, 1.269, 6.17, 11.586, 16.94, 21.84, 25.95, 29.33, 32.03, 34.2, 35.78, 36.7, 36.75, 35.78, 33.6, 30.3, 26.48, 22.64, 19.2, 16.42, 13.78, 11.45, 9.44, 7.844, 6.727, 6.07, 5.824, 5.902, 6.145, 6.66, 7.34, 8.08, 8.85, 9.48, 9.97, 10.19, 9.86, 9.24, 8.33, 7.26, 6.09, 4.87, 3.668, 2.541, 1.67, 1.007, 0.4395, -0.1244, -0.818, -1.721, -2.727, -3.56, -4.04, -4.074, -3.58, -2.656, -1.354, 0.2343, 1.884, 3.326, 4.375, 5.043, 5.332, 5.367, 5.23, 5.086, 5.066, 5.426, 6.438, 8.31, 11.164
12.15, 15.02, 17.2, 18.23, 18.1, 16.72, 14.56, 11.74, 8.65, 5.582, 2.676, 0.2795, -1.464, -2.525, -3.0, -3.05, -2.828, -2.418, -1.9, -1.405, -1.003, -0.672, -0.314, 0.2668, 1.346, 3.215, 6.12, 10.12, 15.0, 20.3, 25.22, 29.45, 32.62, 34.78, 35.8, 35.62, 34.25, 31.48, 27.58, 23.06, 18.62, 14.555, 10.73, 7.195, 3.916, 1.246, -0.7295, -2.09, -3.127, -3.945, -4.598, -5.16, -5.652, -6.055, -6.36, -6.605, -6.77, -6.91, -6.965, -6.832, -6.246, -4.938, -2.611, 1.001, 6.043, 12.37, 19.23, 25.39, 29.56, 31.62, 31.8, 30.23, 27.16, 22.7, 17.62, 12.27, 7.36, 3.113, -0.5376, -3.646, -6.254, -8.336, -9.99, -11.25, -12.32, -13.22, -14.15, -15.03, -16.08, -17.06, -17.98, -18.8, -19.38, -19.6, -19.36, -18.61, -17.28, -15.41, -13.055, -10.33, -7.336, -4.254, -1.656, 0.0123, 0.622, 0.227, -1.072, -3.078, -5.47, -7.906, -10.07, -11.87, -13.305, -14.49, -15.5, -16.3, -16.86, -17.2, -17.33, -17.17, -16.73, -16.03, -15.12, -14.086, -12.92, -11.6, -10.23, -8.56, -6.586, -4.113, -0.876, 3.26, 8.086, 13.29, 18.45, 23.11, 27.11, 30.23, 32.66, 34.34, 35.38, 35.53, 34.72, 32.78, 29.9, 26.55, 23.12, 20.2, 17.6, 15.24, 13.06, 11.13, 9.57, 8.44, 7.754, 7.434, 7.477, 7.727, 8.23, 8.93, 9.68, 10.33, 10.85, 11.09, 11.04, 10.57, 9.805, 8.89, 7.848, 6.75, 5.5, 4.26, 3.072, 2.094, 1.358, 0.7114, 0.0684, -0.6753, -1.594, -2.602, -3.496, -4.055, -4.2, -3.79, -2.941, -1.632, -0.00564, 1.736, 3.242, 4.312, 4.965, 5.23, 5.234, 5.062, 4.86, 4.734, 4.867, 5.52, 6.957, 9.26
9.99, 12.49, 14.41, 15.445, 15.5, 14.41, 12.64, 10.33, 7.69, 4.957, 2.316, 0.1542, -1.4, -2.37, -2.842, -2.943, -2.74, -2.324, -1.819, -1.352, -0.978, -0.7354, -0.5864, -0.3057, 0.397, 1.791, 4.195, 7.754, 12.34, 17.58, 23.06, 28.08, 32.03, 34.84, 36.4, 36.75, 35.78, 33.34, 29.62, 25.11, 20.53, 16.23, 12.305, 8.5, 4.996, 2.137, -0.05597, -1.638, -2.82, -3.703, -4.41, -4.96, -5.38, -5.676, -5.9, -6.08, -6.273, -6.453, -6.625, -6.66, -6.195, -4.895, -2.512, 1.123, 6.164, 12.47, 19.5, 26.12, 31.03, 33.78, 34.62, 33.7, 30.94, 26.7, 21.39, 15.555, 10.125, 5.316, 1.168, -2.354, -5.23, -7.69, -9.64, -11.18, -12.48, -13.625, -14.71, -15.77, -16.88, -17.92, -18.89, -19.69, -20.22, -20.39, -20.12, -19.31, -18.03, -16.23, -14.016, -11.52, -8.76, -5.867, -3.188, -1.196, -0.1687, -0.2053, -1.265, -3.145, -5.414, -7.75, -9.875, -11.69, -13.09, -14.31, -15.34, -16.19, -16.8, -17.2, -17.39, -17.28, -16.9, -16.27, -15.4, -14.32, -13.15, -11.77, -10.29, -8.695, -6.996, -4.938, -2.39, 0.8706, 4.85, 9.484, 14.36, 19.06, 23.31, 26.9, 29.67, 31.6, 32.7, 32.9, 32.3, 30.73, 28.42, 25.73, 23.03, 20.62, 18.55, 16.56, 14.625, 12.87, 11.4, 10.3, 9.586, 9.234, 9.266, 9.555, 10.086, 10.65, 11.266, 11.75, 12.02, 12.0, 11.7, 11.14, 10.33, 9.45, 8.46, 7.39, 6.22, 4.92, 3.674, 2.549, 1.694, 0.932, 0.1844, -0.6133, -1.545, -2.541, -3.457, -4.086, -4.254, -3.883, -3.059, -1.769, -0.11664, 1.64, 3.182, 4.31, 4.94, 5.14, 5.06, 4.82, 4.535, 4.324, 4.3, 4.684, 5.703, 7.51
8.08, 10.19, 11.9, 12.86, 12.95, 12.23, 10.87, 9.016, 6.703, 4.277, 1.905, -0.0389, -1.418, -2.291, -2.732, -2.84, -2.67, -2.277, -1.802, -1.364, -1.019, -0.8623, -0.9, -0.9355, -0.695, 0.23, 2.139, 5.137, 9.26, 14.32, 19.9, 25.34, 30.03, 33.56, 35.75, 36.6, 36.03, 33.97, 30.55, 26.27, 21.77, 17.55, 13.48, 9.65, 6.023, 2.984, 0.6294, -1.077, -2.4, -3.387, -4.09, -4.652, -4.973, -5.203, -5.418, -5.598, -5.793, -6.047, -6.43, -6.695, -6.43, -5.19, -2.791, 0.924, 5.93, 12.125, 19.25, 26.25, 31.9, 35.44, 36.88, 36.5, 34.2, 30.28, 24.92, 18.78, 12.84, 7.523, 2.934, -0.929, -4.188, -6.977, -9.22, -11.055, -12.59, -13.96, -15.164, -16.4, -17.61, -18.7, -19.69, -20.45, -20.92, -21.02, -20.61, -19.75, -18.45, -16.7, -14.586, -12.16, -9.52, -6.78, -4.14, -1.944, -0.639, -0.4705, -1.427, -3.23, -5.4, -7.645, -9.73, -11.47, -12.9, -14.1, -15.17, -16.03, -16.72, -17.19, -17.44, -17.42, -17.08, -16.53, -15.74, -14.74, -13.5, -12.07, -10.586, -8.984, -7.293, -5.44, -3.404, -0.92, 2.244, 5.99, 10.11, 14.43, 18.53, 22.25, 25.2, 27.25, 28.62, 29.08, 28.7, 27.61, 26.1, 24.3, 22.42, 20.75, 19.27, 17.69, 16.11, 14.53, 13.19, 12.18, 11.516, 11.18, 11.13, 11.36, 11.836, 12.28, 12.76, 13.06, 13.07, 12.81, 12.37, 11.74, 10.945, 10.086, 9.17, 8.16, 6.938, 5.605, 4.28, 3.004, 1.946, 1.038, 0.2198, -0.613, -1.555, -2.54, -3.465, -4.105, -4.3, -3.97, -3.127, -1.796, -0.1211, 1.628, 3.174, 4.316, 4.934, 5.07, 4.89, 4.527, 4.19, 3.89, 3.768, 3.947, 4.69, 6.06
6.516, 8.28, 9.7, 10.57, 10.73, 10.3, 9.26, 7.668, 5.684, 3.557, 1.463, -0.2422, -1.47, -2.26, -2.67, -2.787, -2.652, -2.287, -1.812, -1.378, -1.05, -0.983, -1.237, -1.603, -1.837, -1.459, -0.06082, 2.467, 6.133, 10.805, 16.06, 21.55, 26.73, 30.97, 33.78, 35.2, 35.03, 33.38, 30.33, 26.4, 22.27, 18.23, 14.336, 10.49, 6.805, 3.713, 1.298, -0.5244, -1.929, -2.994, -3.768, -4.297, -4.59, -4.766, -4.953, -5.16, -5.38, -5.76, -6.375, -6.902, -6.9, -5.88, -3.562, 0.2213, 5.254, 11.4, 18.38, 25.61, 31.94, 36.25, 38.38, 38.56, 36.8, 33.22, 27.98, 21.78, 15.375, 9.55, 4.6, 0.3845, -3.197, -6.266, -8.8, -10.91, -12.664, -14.234, -15.66, -16.94, -18.25, -19.4, -20.39, -21.1, -21.48, -21.45, -20.89, -19.95, -18.55, -16.77, -14.64, -12.29, -9.76, -7.125, -4.477, -2.217, -0.852, -0.6274, -1.549, -3.32, -5.46, -7.613, -9.586, -11.27, -12.67, -13.88, -14.97, -15.92, -16.67, -17.17, -17.48, -17.56, -17.33, -16.88, -16.14, -15.13, -13.945, -12.516, -11.01, -9.42, -7.66, -5.887, -4.08, -2.074, 0.4087, 3.273, 6.523, 10.12, 13.76, 17.03, 19.88, 21.98, 23.55, 24.36, 24.5, 24.12, 23.36, 22.53, 21.62, 20.72, 19.88, 18.73, 17.47, 16.14, 15.05, 14.16, 13.43, 13.08, 13.04, 13.2, 13.46, 13.79, 14.06, 14.164, 13.984, 13.6, 13.055, 12.414, 11.64, 10.83, 9.984, 8.95, 7.746, 6.355, 4.883, 3.455, 2.238, 1.183, 0.2054, -0.685, -1.623, -2.598, -3.469, -4.11, -4.33, -4.016, -3.127, -1.743, 0.01019, 1.773, 3.314, 4.418, 4.984, 5.023, 4.71, 4.242, 3.816, 3.477, 3.271, 3.334, 3.861, 4.94
5.24, 6.645, 7.78, 8.59, 8.914, 8.695, 7.832, 6.465, 4.742, 2.838, 1.012, -0.4358, -1.516, -2.254, -2.639, -2.736, -2.645, -2.318, -1.83, -1.371, -1.077, -1.06, -1.464, -2.188, -2.893, -3.082, -2.26, -0.2465, 3.02, 7.355, 12.266, 17.55, 22.78, 27.31, 30.66, 32.56, 32.97, 31.69, 29.19, 25.83, 22.11, 18.48, 14.77, 11.03, 7.465, 4.387, 1.872, -0.05524, -1.514, -2.621, -3.385, -3.902, -4.223, -4.402, -4.555, -4.727, -4.98, -5.477, -6.273, -7.082, -7.434, -6.73, -4.562, -0.783, 4.234, 10.234, 17.03, 24.3, 30.98, 36.1, 38.9, 39.72, 38.44, 35.22, 30.34, 24.12, 17.44, 11.31, 6.08, 1.554, -2.31, -5.625, -8.43, -10.75, -12.74, -14.484, -15.99, -17.47, -18.81, -20.0, -20.98, -21.62, -21.9, -21.69, -20.98, -19.86, -18.34, -16.48, -14.32, -11.97, -9.484, -6.926, -4.363, -2.184, -0.897, -0.76, -1.728, -3.45, -5.49, -7.562, -9.43, -11.07, -12.44, -13.65, -14.734, -15.76, -16.56, -17.16, -17.55, -17.72, -17.62, -17.27, -16.6, -15.664, -14.52, -13.08, -11.52, -9.82, -8.1, -6.34, -4.582, -2.732, -0.695, 1.566, 4.055, 6.76, 9.63, 12.43, 14.99, 17.03, 18.66, 19.72, 20.4, 20.73, 20.8, 20.88, 20.81, 20.64, 20.38, 19.7, 18.8, 17.73, 16.81, 16.0, 15.29, 14.96, 14.836, 14.85, 15.055, 15.22, 15.38, 15.28, 15.01, 14.555, 13.945, 13.22, 12.414, 11.625, 10.766, 9.68, 8.484, 7.004, 5.434, 3.879, 2.484, 1.276, 0.1771, -0.8276, -1.775, -2.693, -3.514, -4.125, -4.336, -4.016, -3.135, -1.672, 0.1365, 1.982, 3.533, 4.59, 5.086, 5.035, 4.59, 3.984, 3.441, 3.059, 2.818, 2.857, 3.244, 4.082
4.33, 5.395, 6.375, 7.137, 7.516, 7.375, 6.65, 5.473, 3.902, 2.203, 0.609, -0.6294, -1.577, -2.234, -2.594, -2.72, -2.627, -2.322, -1.834, -1.358, -1.047, -1.033, -1.57, -2.6, -3.713, -4.395, -4.13, -2.64, 0.2003, 4.188, 8.82, 13.8, 18.72, 23.25, 26.84, 29.06, 29.9, 29.17, 27.38, 24.73, 21.61, 18.34, 14.94, 11.38, 7.906, 4.875, 2.367, 0.3806, -1.137, -2.266, -3.045, -3.582, -3.908, -4.06, -4.203, -4.36, -4.61, -5.15, -6.094, -7.16, -7.895, -7.586, -5.734, -2.113, 2.84, 8.625, 15.19, 22.27, 29.2, 34.75, 38.4, 39.78, 38.97, 36.22, 31.73, 25.73, 19.02, 12.6, 7.15, 2.488, -1.573, -5.094, -8.11, -10.664, -12.8, -14.664, -16.36, -17.86, -19.27, -20.52, -21.44, -22.0, -22.16, -21.78, -20.92, -19.64, -17.94, -15.94, -13.75, -11.35, -8.93, -6.414, -3.953, -1.974, -0.881, -0.9116, -1.959, -3.643, -5.582, -7.484, -9.266, -10.82, -12.164, -13.39, -14.53, -15.58, -16.45, -17.11, -17.6, -17.86, -17.88, -17.6, -17.06, -16.23, -15.13, -13.8, -12.23, -10.49, -8.66, -6.81, -4.996, -3.188, -1.35, 0.543, 2.488, 4.62, 6.887, 9.1, 11.22, 13.055, 14.61, 15.914, 17.03, 18.02, 18.78, 19.58, 20.25, 20.77, 20.98, 20.64, 20.0, 19.2, 18.48, 17.75, 17.1, 16.7, 16.47, 16.5, 16.56, 16.62, 16.66, 16.53, 16.22, 15.734, 15.05, 14.164, 13.27, 12.42, 11.49, 10.41, 9.1, 7.555, 5.902, 4.2, 2.639, 1.27, 0.04312, -1.037, -1.992, -2.898, -3.672, -4.21, -4.383, -4.023, -3.059, -1.554, 0.331, 2.252, 3.828, 4.832, 5.246, 5.06, 4.492, 3.777, 3.121, 2.668, 2.408, 2.426, 2.756, 3.406
3.66, 4.52, 5.383, 6.12, 6.508, 6.38, 5.71, 4.586, 3.166, 1.646, 0.2505, -0.861, -1.686, -2.236, -2.58, -2.723, -2.617, -2.31, -1.828, -1.337, -0.9854, -0.9536, -1.518, -2.678, -4.086, -5.17, -5.4, -4.375, -2.03, 1.567, 5.95, 10.664, 15.19, 19.42, 22.89, 25.36, 26.5, 26.36, 25.19, 23.23, 20.75, 17.9, 14.82, 11.46, 8.15, 5.184, 2.752, 0.7773, -0.8115, -2.0, -2.797, -3.31, -3.65, -3.793, -3.893, -4.02, -4.207, -4.754, -5.75, -7.02, -8.09, -8.164, -6.727, -3.445, 1.317, 6.945, 13.26, 19.95, 26.73, 32.56, 36.72, 38.62, 38.4, 36.16, 32.12, 26.45, 19.86, 13.414, 7.848, 3.07, -1.108, -4.727, -7.89, -10.61, -12.88, -14.875, -16.66, -18.25, -19.64, -20.86, -21.77, -22.23, -22.23, -21.7, -20.61, -19.19, -17.31, -15.19, -12.86, -10.54, -8.164, -5.746, -3.482, -1.756, -0.955, -1.172, -2.27, -3.9, -5.68, -7.414, -9.086, -10.55, -11.87, -13.09, -14.3, -15.414, -16.36, -17.1, -17.64, -18.0, -18.1, -17.94, -17.53, -16.83, -15.75, -14.516, -12.98, -11.25, -9.38, -7.453, -5.55, -3.7, -1.875, -0.04892, 1.658, 3.402, 5.266, 7.023, 8.75, 10.34, 11.84, 13.25, 14.71, 16.06, 17.47, 18.88, 20.12, 21.11, 21.62, 21.56, 21.19, 20.7, 20.11, 19.44, 18.89, 18.48, 18.2, 18.12, 18.05, 18.1, 18.03, 17.88, 17.52, 16.89, 16.11, 15.13, 14.14, 13.164, 12.07, 10.914, 9.54, 7.94, 6.168, 4.383, 2.635, 1.104, -0.229, -1.35, -2.314, -3.156, -3.9, -4.36, -4.45, -3.969, -2.943, -1.383, 0.525, 2.516, 4.113, 5.113, 5.418, 5.113, 4.414, 3.572, 2.807, 2.293, 2.053, 2.072, 2.373, 2.916
3.28, 4.047, 4.844, 5.496, 5.85, 5.67, 4.977, 3.844, 2.537, 1.196, -0.0635, -1.052, -1.798, -2.295, -2.637, -2.754, -2.617, -2.309, -1.854, -1.317, -0.878, -0.784, -1.282, -2.436, -3.93, -5.23, -5.812, -5.23, -3.35, -0.2131, 3.752, 8.13, 12.36, 16.27, 19.56, 21.95, 23.38, 23.66, 23.06, 21.67, 19.75, 17.33, 14.46, 11.305, 8.16, 5.363, 2.994, 1.028, -0.5293, -1.723, -2.559, -3.08, -3.426, -3.588, -3.645, -3.705, -3.842, -4.31, -5.24, -6.55, -7.824, -8.26, -7.25, -4.426, -0.11035, 5.203, 11.16, 17.48, 23.83, 29.6, 34.06, 36.44, 36.72, 35.03, 31.52, 26.28, 19.92, 13.62, 8.08, 3.324, -0.8833, -4.58, -7.81, -10.586, -12.96, -15.04, -16.86, -18.52, -19.94, -21.19, -21.97, -22.33, -22.17, -21.47, -20.22, -18.56, -16.58, -14.37, -12.016, -9.67, -7.367, -5.1, -3.072, -1.685, -1.16, -1.535, -2.662, -4.164, -5.766, -7.34, -8.87, -10.23, -11.516, -12.78, -14.05, -15.234, -16.25, -17.06, -17.67, -18.11, -18.33, -18.25, -17.97, -17.39, -16.5, -15.31, -13.805, -12.06, -10.234, -8.266, -6.25, -4.273, -2.375, -0.536, 1.183, 2.807, 4.418, 5.918, 7.445, 8.89, 10.305, 11.78, 13.46, 15.125, 16.94, 18.75, 20.38, 21.56, 22.28, 22.53, 22.39, 22.06, 21.61, 21.03, 20.53, 20.16, 19.84, 19.73, 19.55, 19.52, 19.34, 19.11, 18.7, 17.98, 17.08, 15.94, 14.78, 13.625, 12.41, 11.14, 9.7, 8.055, 6.227, 4.33, 2.477, 0.8633, -0.5903, -1.806, -2.748, -3.518, -4.188, -4.59, -4.562, -3.975, -2.832, -1.179, 0.8223, 2.873, 4.496, 5.445, 5.645, 5.22, 4.344, 3.365, 2.52, 1.995, 1.775, 1.822, 2.127, 2.63
3.115, 3.87, 4.617, 5.168, 5.387, 5.113, 4.367, 3.287, 2.053, 0.802, -0.3293, -1.221, -1.916, -2.389, -2.7, -2.785, -2.633, -2.312, -1.847, -1.279, -0.7393, -0.4988, -0.8315, -1.826, -3.244, -4.56, -5.28, -5.05, -3.592, -0.933, 2.578, 6.465, 10.36, 13.99, 17.02, 19.27, 20.72, 21.39, 21.22, 20.3, 18.73, 16.62, 13.98, 11.04, 8.086, 5.44, 3.17, 1.265, -0.2708, -1.508, -2.379, -2.926, -3.27, -3.445, -3.496, -3.477, -3.566, -3.867, -4.586, -5.74, -7.027, -7.723, -7.12, -4.85, -1.069, 3.758, 9.24, 15.055, 20.97, 26.39, 30.81, 33.44, 34.2, 33.0, 29.97, 25.19, 19.2, 13.18, 7.87, 3.266, -0.8994, -4.582, -7.855, -10.64, -13.14, -15.3, -17.17, -18.81, -20.25, -21.39, -22.1, -22.31, -21.95, -21.1, -19.73, -17.92, -15.81, -13.49, -11.125, -8.83, -6.613, -4.598, -2.88, -1.81, -1.5205, -1.991, -3.057, -4.395, -5.844, -7.223, -8.62, -9.92, -11.164, -12.45, -13.766, -15.07, -16.16, -17.06, -17.72, -18.22, -18.53, -18.58, -18.4, -17.94, -17.17, -16.06, -14.59, -12.94, -11.09, -9.08, -7.027, -4.96, -2.904, -0.941, 0.9272, 2.586, 4.137, 5.547, 6.934, 8.33, 9.766, 11.3, 13.125, 15.055, 17.14, 19.14, 20.97, 22.31, 23.12, 23.5, 23.48, 23.33, 22.98, 22.55, 22.08, 21.66, 21.31, 21.12, 20.88, 20.73, 20.48, 20.19, 19.64, 18.78, 17.73, 16.44, 15.05, 13.695, 12.42, 11.086, 9.61, 7.918, 6.016, 4.06, 2.191, 0.4888, -1.025, -2.27, -3.277, -4.016, -4.55, -4.832, -4.66, -3.973, -2.705, -0.958, 1.13, 3.262, 4.88, 5.742, 5.816, 5.242, 4.246, 3.15, 2.23, 1.67, 1.51, 1.64, 1.998, 2.488
3.1, 3.857, 4.574, 5.027, 5.098, 4.703, 3.924, 2.877, 1.681, 0.4846, -0.545, -1.394, -2.06, -2.496, -2.76, -2.828, -2.705, -2.38, -1.888, -1.297, -0.6367, -0.1665, -0.2269, -0.9272, -2.092, -3.281, -4.02, -3.938, -2.83, -0.713, 2.266, 5.723, 9.19, 12.39, 15.22, 17.31, 18.81, 19.62, 19.69, 19.06, 17.77, 15.84, 13.375, 10.64, 7.887, 5.42, 3.275, 1.436, -0.0938, -1.347, -2.283, -2.861, -3.193, -3.328, -3.371, -3.348, -3.36, -3.475, -3.879, -4.74, -5.84, -6.62, -6.367, -4.645, -1.497, 2.72, 7.59, 12.86, 18.19, 23.14, 27.31, 30.05, 31.08, 30.34, 27.77, 23.34, 17.83, 12.24, 7.254, 2.852, -1.148, -4.758, -7.973, -10.8, -13.32, -15.555, -17.42, -19.1, -20.47, -21.53, -22.14, -22.22, -21.69, -20.64, -19.16, -17.22, -15.02, -12.65, -10.3, -8.07, -6.02, -4.21, -2.826, -2.059, -1.966, -2.475, -3.402, -4.566, -5.793, -7.035, -8.3, -9.53, -10.8, -12.14, -13.5, -14.87, -16.08, -17.03, -17.78, -18.33, -18.72, -18.89, -18.81, -18.45, -17.8, -16.81, -15.47, -13.9, -12.03, -10.055, -7.902, -5.695, -3.55, -1.441, 0.614, 2.475, 4.164, 5.67, 7.06, 8.516, 10.0, 11.65, 13.56, 15.6, 17.84, 19.92, 21.75, 23.11, 23.92, 24.4, 24.5, 24.5, 24.17, 23.81, 23.38, 22.94, 22.55, 22.25, 21.97, 21.7, 21.39, 20.89, 20.16, 19.12, 17.89, 16.48, 14.984, 13.56, 12.15, 10.77, 9.22, 7.445, 5.547, 3.605, 1.731, 0.01624, -1.499, -2.781, -3.834, -4.586, -5.027, -5.125, -4.797, -3.928, -2.557, -0.6963, 1.511, 3.64, 5.273, 6.05, 6.023, 5.3, 4.168, 2.963, 1.969, 1.373, 1.235, 1.456, 1.905, 2.467
3.113, 3.863, 4.508, 4.863, 4.83, 4.395, 3.578, 2.562, 1.4, 0.246, -0.739, -1.567, -2.217, -2.637, -2.86, -2.885, -2.76, -2.45, -1.985, -1.365, -0.582, 0.12335, 0.4094, 0.117, -0.6724, -1.583, -2.209, -2.23, -1.371, 0.3833, 2.828, 5.75, 8.78, 11.625, 14.11, 16.06, 17.48, 18.27, 18.48, 17.98, 16.8, 15.02, 12.8, 10.195, 7.668, 5.332, 3.314, 1.5205, -0.00886, -1.261, -2.205, -2.82, -3.174, -3.322, -3.334, -3.238, -3.15, -3.115, -3.266, -3.738, -4.473, -5.152, -5.11, -3.883, -1.389, 2.105, 6.227, 10.82, 15.68, 20.19, 23.97, 26.61, 27.78, 27.27, 25.02, 21.0, 15.95, 10.875, 6.312, 2.178, -1.655, -5.176, -8.305, -11.09, -13.555, -15.8, -17.66, -19.3, -20.64, -21.61, -22.11, -22.02, -21.36, -20.14, -18.5, -16.45, -14.24, -11.87, -9.58, -7.438, -5.555, -4.023, -2.895, -2.367, -2.402, -2.871, -3.646, -4.586, -5.617, -6.74, -7.9, -9.12, -10.39, -11.766, -13.23, -14.69, -15.96, -16.98, -17.8, -18.42, -18.89, -19.16, -19.2, -18.97, -18.42, -17.55, -16.34, -14.79, -13.0, -11.0, -8.86, -6.594, -4.32, -2.033, 0.244, 2.33, 4.22, 5.914, 7.48, 9.04, 10.67, 12.445, 14.41, 16.58, 18.8, 20.83, 22.58, 23.92, 24.75, 25.2, 25.42, 25.42, 25.19, 24.81, 24.4, 23.95, 23.5, 23.17, 22.78, 22.36, 21.86, 21.16, 20.16, 18.95, 17.55, 16.02, 14.43, 12.95, 11.56, 10.15, 8.61, 6.867, 5.027, 3.135, 1.269, -0.4536, -1.994, -3.29, -4.31, -5.066, -5.465, -5.42, -4.938, -3.943, -2.402, -0.4092, 1.886, 4.01, 5.613, 6.37, 6.227, 5.348, 4.066, 2.762, 1.703, 1.073, 0.9707, 1.275, 1.812, 2.443
3.17, 3.9, 4.48, 4.74, 4.63, 4.18, 3.38, 2.361, 1.212, 0.0631, -0.922, -1.733, -2.373, -2.791, -2.998, -2.975, -2.822, -2.514, -2.041, -1.407, -0.563, 0.2773, 0.8784, 1.048, 0.717, 0.2134, -0.2139, -0.1895, 0.5264, 1.945, 3.928, 6.344, 8.914, 11.35, 13.46, 15.2, 16.48, 17.28, 17.4, 17.0, 15.86, 14.17, 12.04, 9.72, 7.39, 5.258, 3.318, 1.518, -0.02203, -1.231, -2.201, -2.861, -3.22, -3.355, -3.346, -3.205, -3.023, -2.848, -2.748, -2.877, -3.217, -3.592, -3.6, -2.795, -0.974, 1.785, 5.207, 9.15, 13.48, 17.52, 20.92, 23.34, 24.5, 24.06, 21.89, 18.2, 13.7, 9.25, 5.156, 1.324, -2.322, -5.703, -8.74, -11.55, -13.97, -16.12, -17.95, -19.53, -20.78, -21.66, -22.05, -21.83, -20.98, -19.61, -17.81, -15.77, -13.51, -11.2, -9.01, -6.95, -5.207, -3.879, -2.994, -2.627, -2.7, -3.113, -3.715, -4.48, -5.367, -6.367, -7.42, -8.625, -9.96, -11.414, -12.945, -14.5, -15.85, -16.94, -17.81, -18.48, -19.05, -19.4, -19.56, -19.45, -19.05, -18.31, -17.23, -15.8, -14.055, -12.08, -9.93, -7.594, -5.258, -2.781, -0.3262, 2.025, 4.227, 6.17, 8.055, 9.84, 11.6, 13.52, 15.56, 17.7, 19.81, 21.73, 23.36, 24.61, 25.44, 25.97, 26.2, 26.23, 26.05, 25.64, 25.23, 24.7, 24.2, 23.7, 23.17, 22.56, 21.8, 20.86, 19.64, 18.22, 16.7, 15.125, 13.586, 12.12, 10.84, 9.38, 7.824, 6.152, 4.344, 2.562, 0.8022, -0.9136, -2.453, -3.791, -4.805, -5.492, -5.797, -5.645, -4.992, -3.895, -2.207, -0.0743, 2.283, 4.457, 6.04, 6.676, 6.42, 5.426, 4.01, 2.582, 1.459, 0.8374, 0.766, 1.125, 1.731, 2.445
3.207, 3.947, 4.49, 4.684, 4.555, 4.07, 3.242, 2.236, 1.087, -0.03125, -1.047, -1.874, -2.523, -2.947, -3.13, -3.09, -2.91, -2.588, -2.105, -1.452, -0.6323, 0.298, 1.176, 1.771, 1.941, 1.841, 1.718, 1.849, 2.46, 3.6, 5.266, 7.242, 9.336, 11.36, 13.13, 14.61, 15.734, 16.34, 16.55, 16.02, 14.914, 13.266, 11.32, 9.13, 7.004, 5.074, 3.217, 1.477, -0.01196, -1.249, -2.254, -2.936, -3.318, -3.465, -3.406, -3.195, -2.955, -2.686, -2.416, -2.264, -2.256, -2.283, -2.16, -1.597, -0.3179, 1.742, 4.465, 7.797, 11.54, 15.13, 18.12, 20.27, 21.25, 20.72, 18.6, 15.24, 11.36, 7.54, 3.863, 0.3098, -3.14, -6.36, -9.305, -11.96, -14.37, -16.47, -18.25, -19.77, -20.94, -21.7, -21.94, -21.53, -20.53, -19.05, -17.17, -15.0, -12.8, -10.555, -8.414, -6.516, -4.965, -3.826, -3.09, -2.799, -2.828, -3.139, -3.623, -4.246, -5.008, -5.9, -6.94, -8.14, -9.5, -11.03, -12.664, -14.27, -15.7, -16.84, -17.8, -18.55, -19.16, -19.62, -19.9, -19.92, -19.66, -19.02, -18.06, -16.78, -15.16, -13.21, -11.03, -8.66, -6.184, -3.633, -1.026, 1.548, 4.04, 6.33, 8.49, 10.54, 12.53, 14.62, 16.66, 18.75, 20.78, 22.56, 24.03, 25.19, 25.98, 26.53, 26.77, 26.81, 26.61, 26.2, 25.73, 25.12, 24.52, 23.88, 23.19, 22.31, 21.28, 20.03, 18.58, 17.1, 15.51, 14.0, 12.58, 11.19, 9.93, 8.52, 7.01, 5.34, 3.664, 1.994, 0.315, -1.327, -2.887, -4.27, -5.324, -5.984, -6.15, -5.848, -5.086, -3.79, -1.943, 0.3164, 2.758, 4.99, 6.508, 7.03, 6.617, 5.47, 3.934, 2.396, 1.253, 0.6543, 0.63, 1.045, 1.714, 2.473
3.225, 3.93, 4.42, 4.617, 4.484, 4.0, 3.176, 2.162, 1.003, -0.1527, -1.166, -2.016, -2.686, -3.086, -3.256, -3.197, -2.984, -2.65, -2.18, -1.537, -0.7627, 0.1843, 1.256, 2.207, 2.875, 3.248, 3.428, 3.68, 4.246, 5.23, 6.55, 8.14, 9.91, 11.516, 13.0, 14.164, 15.11, 15.625, 15.625, 15.06, 13.945, 12.37, 10.54, 8.586, 6.645, 4.836, 3.064, 1.366, -0.136, -1.376, -2.354, -3.057, -3.455, -3.578, -3.5, -3.283, -2.967, -2.615, -2.264, -1.94, -1.69, -1.441, -1.13, -0.576, 0.4333, 1.988, 4.105, 6.863, 9.97, 13.04, 15.65, 17.44, 18.11, 17.36, 15.31, 12.39, 9.14, 5.85, 2.541, -0.807, -4.062, -7.117, -9.945, -12.54, -14.8, -16.83, -18.56, -20.0, -21.1, -21.72, -21.78, -21.22, -20.05, -18.38, -16.44, -14.31, -12.055, -9.87, -7.82, -6.1, -4.72, -3.715, -3.082, -2.79, -2.756, -2.96, -3.322, -3.838, -4.54, -5.4, -6.402, -7.62, -9.08, -10.695, -12.38, -14.055, -15.53, -16.75, -17.73, -18.58, -19.28, -19.83, -20.23, -20.38, -20.19, -19.72, -18.88, -17.73, -16.25, -14.375, -12.25, -9.88, -7.332, -4.625, -1.906, 0.843, 3.59, 6.258, 8.73, 11.06, 13.266, 15.445, 17.58, 19.6, 21.52, 23.19, 24.58, 25.66, 26.44, 26.92, 27.14, 27.16, 26.94, 26.5, 25.95, 25.3, 24.5, 23.64, 22.7, 21.6, 20.28, 18.83, 17.25, 15.67, 14.18, 12.81, 11.516, 10.266, 8.97, 7.633, 6.164, 4.613, 3.035, 1.4375, -0.1715, -1.771, -3.338, -4.727, -5.797, -6.402, -6.492, -6.094, -5.184, -3.672, -1.629, 0.7993, 3.316, 5.527, 7.004, 7.39, 6.816, 5.527, 3.885, 2.281, 1.097, 0.512, 0.5317, 0.994, 1.694, 2.482
3.24, 3.912, 4.375, 4.555, 4.445, 3.951, 3.13, 2.084, 0.9287, -0.2378, -1.265, -2.143, -2.814, -3.203, -3.35, -3.271, -3.031, -2.686, -2.258, -1.704, -0.9546, -0.0171, 1.137, 2.324, 3.389, 4.184, 4.723, 5.19, 5.758, 6.59, 7.688, 8.94, 10.33, 11.695, 12.86, 13.79, 14.48, 14.81, 14.65, 14.01, 12.95, 11.45, 9.81, 8.055, 6.29, 4.547, 2.885, 1.258, -0.2224, -1.483, -2.467, -3.186, -3.576, -3.691, -3.625, -3.389, -3.016, -2.652, -2.29, -1.908, -1.515, -1.089, -0.597, 0.0652, 1.023, 2.316, 4.074, 6.277, 8.79, 11.27, 13.375, 14.695, 14.98, 14.09, 12.29, 9.88, 7.188, 4.3, 1.235, -1.916, -5.008, -7.914, -10.62, -13.086, -15.31, -17.23, -18.89, -20.23, -21.22, -21.7, -21.6, -20.83, -19.44, -17.61, -15.586, -13.445, -11.24, -9.14, -7.207, -5.594, -4.332, -3.44, -2.885, -2.572, -2.479, -2.602, -2.885, -3.309, -3.96, -4.793, -5.824, -7.12, -8.62, -10.32, -12.086, -13.79, -15.336, -16.62, -17.7, -18.61, -19.38, -20.02, -20.48, -20.75, -20.73, -20.4, -19.75, -18.73, -17.36, -15.55, -13.516, -11.164, -8.58, -5.85, -2.975, -0.0326, 2.846, 5.77, 8.52, 11.195, 13.664, 15.945, 18.08, 20.12, 22.0, 23.58, 24.9, 25.92, 26.7, 27.16, 27.38, 27.31, 27.02, 26.55, 25.9, 25.05, 24.11, 23.05, 21.83, 20.4, 18.86, 17.27, 15.68, 14.17, 12.87, 11.67, 10.55, 9.4, 8.12, 6.766, 5.293, 3.803, 2.346, 0.8564, -0.652, -2.201, -3.762, -5.195, -6.25, -6.805, -6.797, -6.27, -5.184, -3.482, -1.26, 1.328, 3.94, 6.152, 7.492, 7.742, 6.996, 5.58, 3.848, 2.168, 0.9644, 0.4106, 0.4883, 0.996, 1.711, 2.494
3.275, 3.926, 4.344, 4.504, 4.406, 3.916, 3.098, 2.023, 0.864, -0.2922, -1.348, -2.246, -2.906, -3.285, -3.414, -3.316, -3.05, -2.705, -2.326, -1.856, -1.179, -0.2932, 0.8096, 2.11, 3.428, 4.613, 5.52, 6.26, 6.883, 7.645, 8.555, 9.55, 10.63, 11.68, 12.58, 13.305, 13.734, 13.914, 13.61, 12.94, 11.93, 10.58, 9.07, 7.527, 5.914, 4.266, 2.648, 1.054, -0.4016, -1.647, -2.615, -3.334, -3.725, -3.812, -3.72, -3.443, -3.074, -2.729, -2.389, -2.035, -1.622, -1.143, -0.546, 0.2083, 1.207, 2.424, 3.967, 5.758, 7.754, 9.65, 11.16, 11.984, 11.984, 11.19, 9.73, 7.793, 5.508, 2.889, 0.01894, -2.951, -5.902, -8.68, -11.28, -13.695, -15.805, -17.66, -19.2, -20.47, -21.31, -21.64, -21.34, -20.38, -18.84, -16.84, -14.69, -12.45, -10.31, -8.28, -6.402, -4.97, -3.842, -3.027, -2.484, -2.158, -2.037, -2.088, -2.303, -2.72, -3.328, -4.18, -5.246, -6.613, -8.2, -9.96, -11.74, -13.516, -15.1, -16.47, -17.61, -18.58, -19.42, -20.14, -20.7, -21.1, -21.23, -21.08, -20.55, -19.69, -18.45, -16.84, -14.8, -12.51, -9.96, -7.164, -4.242, -1.189, 1.85, 4.9, 7.945, 10.805, 13.54, 15.984, 18.25, 20.33, 22.17, 23.78, 25.02, 26.05, 26.78, 27.19, 27.34, 27.25, 26.9, 26.31, 25.5, 24.53, 23.38, 22.1, 20.64, 18.95, 17.2, 15.6, 14.13, 12.89, 11.76, 10.75, 9.72, 8.6, 7.375, 6.004, 4.52, 3.05, 1.631, 0.2405, -1.173, -2.705, -4.25, -5.66, -6.74, -7.227, -7.14, -6.41, -5.113, -3.238, -0.832, 1.862, 4.582, 6.79, 8.04, 8.19, 7.246, 5.633, 3.766, 2.055, 0.861, 0.346, 0.4556, 1.007, 1.786, 2.568
3.342, 3.94, 4.348, 4.49, 4.367, 3.877, 3.057, 1.966, 0.7905, -0.3694, -1.444, -2.332, -2.965, -3.342, -3.459, -3.34, -3.078, -2.713, -2.352, -1.946, -1.383, -0.617, 0.3975, 1.686, 3.154, 4.59, 5.8, 6.84, 7.652, 8.37, 9.12, 9.94, 10.75, 11.56, 12.164, 12.64, 12.89, 12.88, 12.52, 11.89, 10.99, 9.75, 8.41, 7.035, 5.516, 3.959, 2.377, 0.818, -0.641, -1.853, -2.793, -3.504, -3.889, -3.936, -3.762, -3.463, -3.137, -2.787, -2.479, -2.174, -1.851, -1.429, -0.87, -0.1411, 0.8604, 2.049, 3.457, 5.008, 6.58, 7.984, 9.02, 9.5, 9.414, 8.85, 7.777, 6.207, 4.15, 1.672, -1.047, -3.887, -6.695, -9.414, -11.945, -14.27, -16.31, -18.06, -19.52, -20.67, -21.38, -21.55, -21.08, -19.9, -18.17, -16.03, -13.76, -11.51, -9.375, -7.344, -5.64, -4.26, -3.203, -2.44, -1.896, -1.553, -1.443, -1.478, -1.659, -2.066, -2.668, -3.55, -4.72, -6.113, -7.8, -9.6, -11.45, -13.19, -14.83, -16.25, -17.48, -18.52, -19.45, -20.28, -20.92, -21.45, -21.72, -21.69, -21.33, -20.64, -19.5, -18.05, -16.14, -13.89, -11.37, -8.66, -5.707, -2.535, 0.6567, 3.812, 7.01, 10.05, 13.0, 15.67, 18.02, 20.19, 22.03, 23.62, 24.89, 25.92, 26.66, 27.03, 27.16, 27.0, 26.56, 25.83, 24.88, 23.73, 22.34, 20.78, 19.1, 17.33, 15.625, 14.08, 12.77, 11.72, 10.84, 9.91, 8.91, 7.754, 6.5, 5.117, 3.66, 2.291, 0.9497, -0.3457, -1.73, -3.291, -4.805, -6.184, -7.176, -7.613, -7.402, -6.473, -4.984, -2.912, -0.352, 2.445, 5.21, 7.414, 8.58, 8.57, 7.473, 5.69, 3.729, 1.994, 0.8257, 0.3506, 0.5015, 1.1, 1.903, 2.666
3.43, 3.96, 4.312, 4.465, 4.3, 3.787, 2.959, 1.884, 0.6885, -0.488, -1.556, -2.418, -3.016, -3.357, -3.441, -3.305, -3.03, -2.678, -2.34, -1.985, -1.558, -0.9688, -0.1295, 1.088, 2.578, 4.17, 5.637, 6.895, 7.938, 8.74, 9.44, 10.08, 10.69, 11.23, 11.66, 11.9, 11.984, 11.88, 11.5, 10.89, 10.09, 9.03, 7.855, 6.54, 5.156, 3.633, 2.088, 0.5815, -0.8403, -2.035, -2.955, -3.615, -3.98, -4.04, -3.844, -3.502, -3.125, -2.766, -2.516, -2.295, -2.088, -1.792, -1.362, -0.752, 0.1327, 1.241, 2.527, 3.928, 5.22, 6.33, 7.12, 7.523, 7.535, 7.184, 6.37, 5.02, 3.082, 0.682, -1.939, -4.676, -7.453, -10.07, -12.55, -14.81, -16.78, -18.45, -19.81, -20.83, -21.4, -21.4, -20.78, -19.44, -17.48, -15.2, -12.81, -10.484, -8.336, -6.33, -4.695, -3.414, -2.422, -1.698, -1.203, -0.893, -0.7446, -0.723, -0.907, -1.318, -1.99, -2.945, -4.18, -5.664, -7.402, -9.21, -11.04, -12.84, -14.52, -16.0, -17.28, -18.42, -19.44, -20.38, -21.16, -21.77, -22.16, -22.27, -22.08, -21.48, -20.5, -19.22, -17.47, -15.37, -12.91, -10.18, -7.156, -3.977, -0.725, 2.467, 5.777, 8.96, 12.08, 14.88, 17.4, 19.66, 21.58, 23.23, 24.61, 25.58, 26.33, 26.7, 26.77, 26.58, 25.98, 25.14, 24.05, 22.73, 21.14, 19.34, 17.47, 15.71, 14.125, 12.836, 11.734, 10.87, 10.09, 9.195, 8.12, 6.867, 5.527, 4.133, 2.797, 1.523, 0.2925, -0.913, -2.275, -3.799, -5.316, -6.695, -7.62, -7.94, -7.598, -6.496, -4.824, -2.535, 0.1787, 3.094, 5.902, 8.07, 9.125, 8.97, 7.703, 5.81, 3.79, 2.05, 0.8467, 0.3984, 0.6377, 1.279, 2.098, 2.818
3.53, 3.994, 4.28, 4.38, 4.17, 3.617, 2.748, 1.677, 0.4934, -0.657, -1.714, -2.541, -3.082, -3.34, -3.375, -3.223, -2.928, -2.576, -2.258, -1.983, -1.688, -1.273, -0.584, 0.449, 1.8545, 3.496, 5.11, 6.594, 7.844, 8.77, 9.51, 10.04, 10.516, 10.84, 11.07, 11.17, 11.12, 10.93, 10.555, 9.984, 9.29, 8.305, 7.24, 6.055, 4.72, 3.281, 1.78, 0.3335, -1.061, -2.258, -3.148, -3.781, -4.082, -4.08, -3.836, -3.463, -3.04, -2.713, -2.545, -2.408, -2.312, -2.21, -1.99, -1.513, -0.7476, 0.267, 1.456, 2.732, 3.908, 4.9, 5.652, 6.164, 6.332, 6.168, 5.457, 4.168, 2.244, -0.11487, -2.67, -5.367, -8.07, -10.69, -13.09, -15.32, -17.22, -18.81, -20.08, -20.95, -21.39, -21.23, -20.38, -18.88, -16.77, -14.375, -11.875, -9.57, -7.348, -5.414, -3.791, -2.533, -1.608, -0.9097, -0.4363, -0.1392, 0.02156, 0.01582, -0.186, -0.6226, -1.362, -2.4, -3.68, -5.242, -7.02, -8.86, -10.67, -12.45, -14.18, -15.69, -17.05, -18.28, -19.4, -20.44, -21.31, -22.03, -22.58, -22.81, -22.77, -22.36, -21.56, -20.36, -18.83, -16.86, -14.38, -11.73, -8.78, -5.594, -2.309, 0.951, 4.305, 7.62, 10.81, 13.78, 16.5, 18.89, 20.94, 22.64, 24.06, 25.06, 25.8, 26.14, 26.17, 25.9, 25.31, 24.31, 23.05, 21.53, 19.77, 17.8, 15.92, 14.26, 12.81, 11.81, 10.94, 10.19, 9.35, 8.375, 7.18, 5.875, 4.51, 3.172, 1.942, 0.805, -0.282, -1.476, -2.797, -4.32, -5.875, -7.176, -7.977, -8.21, -7.742, -6.555, -4.617, -2.146, 0.743, 3.756, 6.617, 8.7, 9.695, 9.34, 7.957, 5.95, 3.877, 2.145, 0.9927, 0.5615, 0.8066, 1.456, 2.25, 2.951
3.633, 4.023, 4.23, 4.246, 3.96, 3.363, 2.498, 1.433, 0.2693, -0.871, -1.875, -2.658, -3.123, -3.29, -3.223, -3.016, -2.709, -2.379, -2.133, -1.95, -1.781, -1.5, -0.969, -0.1076, 1.113, 2.68, 4.41, 6.08, 7.492, 8.56, 9.39, 9.914, 10.266, 10.42, 10.516, 10.49, 10.36, 10.08, 9.71, 9.18, 8.54, 7.695, 6.7, 5.547, 4.26, 2.92, 1.468, 0.0693, -1.29, -2.469, -3.314, -3.896, -4.12, -4.027, -3.715, -3.324, -2.879, -2.592, -2.506, -2.473, -2.545, -2.629, -2.604, -2.277, -1.676, -0.7656, 0.3486, 1.608, 2.793, 3.842, 4.66, 5.293, 5.605, 5.49, 4.777, 3.467, 1.58, -0.752, -3.256, -5.93, -8.625, -11.21, -13.586, -15.766, -17.61, -19.12, -20.31, -21.08, -21.36, -20.97, -19.98, -18.31, -16.0, -13.57, -10.99, -8.555, -6.367, -4.453, -2.846, -1.621, -0.76, -0.1261, 0.3267, 0.6333, 0.7705, 0.728, 0.5063, 0.02191, -0.763, -1.858, -3.205, -4.832, -6.586, -8.41, -10.24, -12.03, -13.766, -15.33, -16.78, -18.11, -19.33, -20.44, -21.44, -22.27, -22.94, -23.34, -23.4, -23.19, -22.53, -21.5, -20.12, -18.23, -15.95, -13.375, -10.5, -7.35, -4.09, -0.7036, 2.693, 6.043, 9.39, 12.484, 15.28, 17.88, 19.97, 21.84, 23.31, 24.45, 25.12, 25.5, 25.52, 25.06, 24.44, 23.34, 21.92, 20.23, 18.3, 16.28, 14.484, 12.96, 11.88, 11.07, 10.28, 9.48, 8.55, 7.434, 6.137, 4.78, 3.436, 2.234, 1.144, 0.146, -0.839, -2.016, -3.361, -4.87, -6.375, -7.586, -8.33, -8.49, -7.855, -6.543, -4.42, -1.733, 1.329, 4.47, 7.312, 9.41, 10.23, 9.75, 8.22, 6.105, 3.99, 2.268, 1.175, 0.7783, 1.024, 1.668, 2.418, 3.098
3.736, 4.04, 4.152, 4.098, 3.73, 3.078, 2.207, 1.145, -0.00835, -1.114, -2.035, -2.74, -3.133, -3.203, -3.023, -2.744, -2.414, -2.113, -1.961, -1.888, -1.838, -1.705, -1.315, -0.601, 0.4475, 1.912, 3.617, 5.4, 6.945, 8.21, 9.13, 9.67, 9.97, 10.03, 10.02, 9.88, 9.66, 9.34, 8.96, 8.516, 7.883, 7.125, 6.19, 5.12, 3.873, 2.531, 1.135, -0.2603, -1.563, -2.656, -3.434, -3.93, -4.094, -3.938, -3.533, -3.053, -2.6, -2.377, -2.36, -2.479, -2.727, -2.982, -3.121, -3.002, -2.578, -1.791, -0.725, 0.55, 1.847, 3.012, 3.988, 4.723, 5.086, 4.95, 4.227, 2.89, 1.033, -1.254, -3.768, -6.39, -9.05, -11.625, -14.016, -16.12, -17.95, -19.42, -20.53, -21.17, -21.28, -20.77, -19.55, -17.72, -15.4, -12.79, -10.2, -7.7, -5.484, -3.55, -1.951, -0.7935, 0.0435, 0.665, 1.108, 1.393, 1.526, 1.452, 1.179, 0.599, -0.2286, -1.374, -2.768, -4.402, -6.16, -7.94, -9.77, -11.59, -13.336, -14.91, -16.47, -17.88, -19.19, -20.39, -21.5, -22.48, -23.25, -23.8, -24.02, -23.89, -23.44, -22.62, -21.31, -19.6, -17.55, -15.01, -12.19, -9.19, -5.91, -2.514, 0.981, 4.42, 7.777, 11.01, 13.95, 16.55, 18.89, 20.83, 22.4, 23.56, 24.34, 24.72, 24.73, 24.25, 23.47, 22.3, 20.72, 18.86, 16.94, 14.99, 13.375, 12.086, 11.14, 10.4, 9.63, 8.7, 7.57, 6.344, 4.977, 3.648, 2.416, 1.34, 0.3994, -0.4795, -1.407, -2.53, -3.871, -5.395, -6.88, -8.01, -8.664, -8.72, -7.965, -6.426, -4.12, -1.3, 1.897, 5.195, 8.07, 10.125, 10.78, 10.16, 8.5, 6.316, 4.176, 2.492, 1.425, 1.013, 1.228, 1.843, 2.582, 3.246
3.816, 4.047, 4.086, 3.932, 3.49, 2.766, 1.865, 0.786, -0.3733, -1.406, -2.217, -2.809, -3.115, -3.1, -2.852, -2.486, -2.094, -1.811, -1.756, -1.807, -1.878, -1.891, -1.658, -1.111, -0.1821, 1.182, 2.85, 4.656, 6.336, 7.73, 8.75, 9.34, 9.67, 9.71, 9.6, 9.41, 9.12, 8.76, 8.4, 7.95, 7.336, 6.6, 5.715, 4.676, 3.477, 2.152, 0.787, -0.5737, -1.816, -2.834, -3.533, -3.922, -3.998, -3.738, -3.268, -2.727, -2.295, -2.088, -2.137, -2.414, -2.87, -3.318, -3.607, -3.691, -3.465, -2.824, -1.844, -0.559, 0.863, 2.195, 3.348, 4.16, 4.574, 4.46, 3.725, 2.379, 0.5713, -1.693, -4.195, -6.785, -9.414, -11.99, -14.38, -16.45, -18.22, -19.66, -20.69, -21.23, -21.17, -20.52, -19.14, -17.16, -14.734, -12.09, -9.45, -6.98, -4.72, -2.752, -1.183, -0.04974, 0.799, 1.435, 1.851, 2.107, 2.225, 2.123, 1.779, 1.145, 0.2554, -0.9243, -2.363, -3.96, -5.664, -7.453, -9.24, -11.09, -12.836, -14.516, -16.08, -17.61, -19.02, -20.31, -21.53, -22.6, -23.48, -24.19, -24.58, -24.64, -24.34, -23.72, -22.47, -20.97, -19.03, -16.64, -13.945, -10.92, -7.76, -4.27, -0.794, 2.637, 6.117, 9.38, 12.445, 15.23, 17.62, 19.72, 21.36, 22.58, 23.4, 23.8, 23.81, 23.34, 22.53, 21.25, 19.56, 17.62, 15.63, 13.85, 12.44, 11.35, 10.45, 9.67, 8.77, 7.73, 6.504, 5.164, 3.803, 2.559, 1.45, 0.55, -0.2578, -1.015, -1.919, -3.072, -4.49, -6.01, -7.387, -8.48, -9.04, -8.97, -8.08, -6.34, -3.8, -0.805, 2.543, 5.906, 8.805, 10.77, 11.34, 10.57, 8.82, 6.613, 4.49, 2.818, 1.739, 1.281, 1.429, 1.994, 2.709, 3.365
3.85, 4.027, 4.0, 3.742, 3.193, 2.406, 1.453, 0.3994, -0.7217, -1.698, -2.406, -2.87, -3.04, -2.934, -2.617, -2.162, -1.71, -1.442, -1.46, -1.659, -1.914, -2.082, -1.985, -1.566, -0.7754, 0.4897, 2.133, 3.936, 5.71, 7.22, 8.34, 9.04, 9.39, 9.414, 9.266, 9.016, 8.68, 8.28, 7.887, 7.426, 6.816, 6.105, 5.24, 4.24, 3.068, 1.788, 0.4373, -0.8745, -2.055, -3.0, -3.652, -3.938, -3.863, -3.504, -2.969, -2.371, -1.912, -1.764, -1.925, -2.363, -3.01, -3.623, -4.086, -4.34, -4.266, -3.777, -2.9, -1.673, -0.2072, 1.251, 2.545, 3.45, 3.936, 3.818, 3.146, 1.871, 0.11273, -2.084, -4.52, -7.12, -9.73, -12.28, -14.66, -16.7, -18.45, -19.84, -20.83, -21.25, -21.06, -20.25, -18.75, -16.64, -14.16, -11.48, -8.82, -6.285, -3.994, -2.016, -0.4907, 0.655, 1.527, 2.168, 2.633, 2.863, 2.916, 2.758, 2.36, 1.652, 0.6685, -0.562, -1.9795, -3.549, -5.2, -6.926, -8.66, -10.47, -12.24, -13.98, -15.664, -17.27, -18.77, -20.16, -21.47, -22.64, -23.64, -24.47, -25.05, -25.28, -25.12, -24.66, -23.7, -22.33, -20.52, -18.25, -15.555, -12.67, -9.56, -6.137, -2.67, 0.838, 4.348, 7.727, 10.84, 13.734, 16.28, 18.48, 20.23, 21.56, 22.48, 22.94, 22.88, 22.39, 21.5, 20.19, 18.42, 16.48, 14.52, 12.914, 11.62, 10.6, 9.74, 8.81, 7.773, 6.64, 5.285, 3.96, 2.66, 1.56, 0.6455, -0.0856, -0.7554, -1.536, -2.506, -3.69, -5.094, -6.59, -7.914, -8.96, -9.45, -9.17, -8.13, -6.184, -3.477, -0.253, 3.22, 6.656, 9.59, 11.45, 11.91, 11.04, 9.195, 6.992, 4.938, 3.26, 2.09, 1.546, 1.623, 2.158, 2.854, 3.45
3.9, 4.035, 3.926, 3.54, 2.902, 2.043, 1.069, 0.02805, -1.024, -1.94, -2.572, -2.906, -2.936, -2.676, -2.229, -1.718, -1.249, -1.026, -1.135, -1.473, -1.899, -2.229, -2.283, -1.979, -1.274, -0.127, 1.419, 3.215, 5.06, 6.688, 7.953, 8.75, 9.12, 9.195, 8.99, 8.66, 8.25, 7.848, 7.406, 6.94, 6.402, 5.676, 4.773, 3.78, 2.662, 1.398, 0.07294, -1.209, -2.303, -3.172, -3.723, -3.879, -3.686, -3.19, -2.547, -1.913, -1.464, -1.388, -1.656, -2.258, -3.084, -3.89, -4.566, -4.977, -5.008, -4.652, -3.928, -2.793, -1.393, 0.0769, 1.431, 2.46, 3.041, 3.031, 2.467, 1.299, -0.362, -2.467, -4.86, -7.438, -10.03, -12.586, -14.94, -16.94, -18.66, -19.98, -20.9, -21.23, -20.92, -19.95, -18.33, -16.12, -13.55, -10.81, -8.11, -5.58, -3.281, -1.308, 0.2026, 1.4, 2.3, 2.908, 3.379, 3.582, 3.578, 3.338, 2.828, 2.074, 1.062, -0.1643, -1.564, -3.074, -4.664, -6.34, -8.055, -9.83, -11.62, -13.43, -15.18, -16.86, -18.45, -19.95, -21.34, -22.6, -23.72, -24.7, -25.42, -25.89, -25.95, -25.62, -24.84, -23.61, -21.94, -19.75, -17.22, -14.43, -11.31, -8.01, -4.504, -0.919, 2.605, 5.977, 9.17, 12.2, 14.914, 17.19, 19.14, 20.52, 21.48, 21.95, 21.95, 21.47, 20.56, 19.17, 17.38, 15.46, 13.66, 12.13, 10.87, 9.9, 8.914, 7.805, 6.598, 5.35, 4.016, 2.777, 1.668, 0.742, -0.01633, -0.667, -1.267, -2.068, -3.076, -4.316, -5.723, -7.21, -8.42, -9.38, -9.76, -9.41, -8.18, -6.05, -3.16, 0.2335, 3.88, 7.4, 10.36, 12.12, 12.516, 11.516, 9.664, 7.47, 5.434, 3.705, 2.43, 1.785, 1.742, 2.213, 2.904, 3.508
3.89, 4.047, 3.879, 3.393, 2.658, 1.696, 0.642, -0.4084, -1.394, -2.184, -2.717, -2.902, -2.758, -2.342, -1.76, -1.166, -0.7314, -0.6074, -0.8237, -1.29, -1.862, -2.346, -2.531, -2.336, -1.72, -0.654, 0.813, 2.604, 4.473, 6.195, 7.562, 8.44, 8.88, 8.96, 8.76, 8.4, 7.96, 7.47, 6.996, 6.508, 5.945, 5.234, 4.37, 3.357, 2.232, 0.9927, -0.2817, -1.487, -2.512, -3.293, -3.754, -3.799, -3.46, -2.822, -2.072, -1.397, -0.9717, -0.972, -1.406, -2.162, -3.121, -4.094, -4.934, -5.47, -5.637, -5.45, -4.87, -3.9, -2.635, -1.225, 0.1307, 1.24, 1.909, 2.027, 1.604, 0.591, -0.93, -2.924, -5.273, -7.766, -10.35, -12.875, -15.18, -17.17, -18.81, -20.12, -20.92, -21.17, -20.75, -19.64, -17.83, -15.56, -12.875, -10.14, -7.445, -4.91, -2.604, -0.643, 0.887, 2.092, 2.996, 3.615, 4.074, 4.258, 4.19, 3.879, 3.287, 2.465, 1.428, 0.1807, -1.149, -2.562, -4.074, -5.668, -7.355, -9.1, -10.93, -12.79, -14.61, -16.39, -18.06, -19.62, -21.11, -22.5, -23.72, -24.83, -25.7, -26.33, -26.6, -26.45, -25.84, -24.8, -23.16, -21.27, -18.89, -16.2, -13.17, -9.86, -6.34, -2.828, 0.7627, 4.24, 7.527, 10.66, 13.51, 15.91, 17.9, 19.45, 20.52, 21.03, 21.03, 20.62, 19.69, 18.3, 16.53, 14.61, 12.91, 11.484, 10.27, 9.13, 7.926, 6.605, 5.31, 3.996, 2.729, 1.63, 0.694, -0.03632, -0.6685, -1.235, -1.857, -2.645, -3.688, -5.0, -6.484, -7.855, -9.03, -9.88, -10.13, -9.63, -8.2, -5.895, -2.854, 0.7183, 4.53, 8.16, 11.12, 12.84, 13.1, 12.06, 10.195, 8.07, 5.992, 4.17, 2.791, 1.971, 1.789, 2.17, 2.838, 3.475
3.89, 4.07, 3.879, 3.297, 2.426, 1.3545, 0.2327, -0.8203, -1.719, -2.404, -2.81, -2.848, -2.55, -2.014, -1.286, -0.6123, -0.1921, -0.1421, -0.487, -1.122, -1.836, -2.434, -2.74, -2.648, -2.123, -1.118, 0.305, 2.037, 3.889, 5.69, 7.15, 8.16, 8.664, 8.76, 8.555, 8.19, 7.734, 7.195, 6.69, 6.145, 5.508, 4.81, 3.914, 2.92, 1.793, 0.5947, -0.605, -1.744, -2.723, -3.408, -3.746, -3.662, -3.19, -2.41, -1.563, -0.833, -0.4648, -0.5493, -1.108, -2.041, -3.17, -4.277, -5.227, -5.875, -6.19, -6.125, -5.695, -4.91, -3.828, -2.525, -1.231, -0.1184, 0.6323, 0.9106, 0.643, -0.2039, -1.602, -3.457, -5.68, -8.13, -10.65, -13.16, -15.484, -17.38, -18.98, -20.22, -20.94, -21.1, -20.53, -19.27, -17.38, -14.945, -12.26, -9.45, -6.734, -4.2, -1.887, 0.07446, 1.63, 2.86, 3.72, 4.32, 4.746, 4.887, 4.74, 4.324, 3.682, 2.809, 1.7705, 0.5913, -0.7144, -2.062, -3.459, -4.984, -6.637, -8.375, -10.195, -12.086, -13.99, -15.84, -17.58, -19.23, -20.84, -22.33, -23.67, -24.88, -25.92, -26.69, -27.14, -27.1, -26.72, -25.9, -24.58, -22.81, -20.53, -17.88, -14.945, -11.66, -8.164, -4.617, -1.0205, 2.568, 5.887, 9.1, 12.07, 14.57, 16.69, 18.36, 19.53, 20.12, 20.23, 19.89, 18.89, 17.48, 15.77, 13.96, 12.3, 10.86, 9.54, 8.195, 6.83, 5.37, 4.01, 2.67, 1.532, 0.609, -0.1309, -0.6973, -1.264, -1.813, -2.498, -3.354, -4.484, -5.805, -7.215, -8.61, -9.73, -10.445, -10.555, -9.9, -8.305, -5.824, -2.549, 1.224, 5.176, 8.86, 11.836, 13.55, 13.75, 12.69, 10.87, 8.75, 6.68, 4.688, 3.102, 2.121, 1.786, 2.06, 2.695, 3.395
3.836, 4.094, 3.904, 3.236, 2.258, 1.091, -0.1225, -1.185, -2.018, -2.623, -2.885, -2.764, -2.32, -1.591, -0.7417, -0.001595, 0.4087, 0.3867, -0.06665, -0.862, -1.734, -2.443, -2.854, -2.865, -2.436, -1.54, -0.1946, 1.488, 3.338, 5.145, 6.715, 7.836, 8.42, 8.586, 8.4, 8.01, 7.52, 6.98, 6.39, 5.79, 5.137, 4.39, 3.506, 2.5, 1.371, 0.179, -0.9653, -2.025, -2.906, -3.484, -3.705, -3.484, -2.854, -1.94, -0.9917, -0.2435, 0.09155, -0.0999, -0.792, -1.883, -3.146, -4.355, -5.4, -6.156, -6.594, -6.67, -6.387, -5.766, -4.875, -3.73, -2.543, -1.473, -0.672, -0.264, -0.3828, -1.076, -2.314, -4.04, -6.168, -8.516, -10.945, -13.4, -15.64, -17.56, -19.12, -20.31, -20.94, -20.97, -20.27, -18.88, -16.9, -14.414, -11.61, -8.78, -6.05, -3.455, -1.128, 0.827, 2.395, 3.662, 4.49, 5.113, 5.42, 5.465, 5.266, 4.742, 4.01, 3.129, 2.113, 0.9688, -0.2625, -1.512, -2.832, -4.293, -5.88, -7.613, -9.42, -11.336, -13.29, -15.21, -17.03, -18.78, -20.47, -22.08, -23.52, -24.88, -26.06, -26.94, -27.55, -27.75, -27.47, -26.8, -25.72, -24.03, -21.97, -19.5, -16.61, -13.42, -10.016, -6.43, -2.848, 0.8228, 4.305, 7.562, 10.63, 13.305, 15.54, 17.36, 18.69, 19.4, 19.53, 19.19, 18.28, 16.9, 15.26, 13.49, 11.87, 10.3, 8.81, 7.266, 5.707, 4.184, 2.83, 1.533, 0.4824, -0.2776, -0.9243, -1.428, -1.932, -2.512, -3.256, -4.23, -5.395, -6.715, -8.09, -9.37, -10.42, -11.02, -10.96, -10.12, -8.35, -5.664, -2.258, 1.6875, 5.78, 9.61, 12.586, 14.26, 14.414, 13.4, 11.55, 9.42, 7.312, 5.21, 3.436, 2.258, 1.724, 1.863, 2.48, 3.225
3.758, 4.125, 3.941, 3.225, 2.176, 0.916, -0.364, -1.459, -2.291, -2.793, -2.875, -2.586, -1.988, -1.106, -0.1088, 0.7124, 1.075, 0.9546, 0.3572, -0.5513, -1.55, -2.354, -2.85, -2.965, -2.656, -1.876, -0.648, 0.9355, 2.768, 4.617, 6.29, 7.477, 8.164, 8.39, 8.266, 7.88, 7.34, 6.75, 6.14, 5.496, 4.78, 3.988, 3.105, 2.066, 0.9326, -0.2042, -1.307, -2.316, -3.086, -3.545, -3.621, -3.271, -2.49, -1.463, -0.4153, 0.385, 0.701, 0.3982, -0.423, -1.642, -2.994, -4.31, -5.42, -6.293, -6.855, -7.08, -6.91, -6.47, -5.74, -4.76, -3.71, -2.72, -1.893, -1.427, -1.438, -1.997, -3.092, -4.664, -6.67, -8.95, -11.33, -13.71, -15.94, -17.75, -19.28, -20.38, -20.94, -20.81, -20.0, -18.5, -16.39, -13.85, -11.01, -8.12, -5.258, -2.611, -0.2837, 1.65, 3.182, 4.438, 5.28, 5.85, 6.074, 6.04, 5.723, 5.117, 4.348, 3.441, 2.455, 1.383, 0.2722, -0.914, -2.164, -3.572, -5.1, -6.785, -8.62, -10.555, -12.58, -14.55, -16.47, -18.27, -20.03, -21.72, -23.3, -24.75, -26.05, -27.1, -27.86, -28.27, -28.25, -27.72, -26.8, -25.36, -23.38, -21.02, -18.3, -15.17, -11.75, -8.234, -4.64, -0.92, 2.648, 6.047, 9.21, 12.1, 14.5, 16.48, 17.94, 18.72, 18.98, 18.67, 17.84, 16.55, 14.914, 13.195, 11.5, 9.79, 8.07, 6.29, 4.625, 3.08, 1.692, 0.5347, -0.45, -1.16, -1.756, -2.229, -2.719, -3.35, -4.156, -5.215, -6.41, -7.73, -9.016, -10.2, -11.16, -11.65, -11.46, -10.445, -8.484, -5.63, -1.987, 2.15, 6.344, 10.2, 13.22, 14.84, 15.05, 14.08, 12.3, 10.195, 7.96, 5.74, 3.752, 2.348, 1.618, 1.606, 2.186, 3.01
3.643, 4.133, 4.004, 3.283, 2.174, 0.852, -0.456, -1.583, -2.428, -2.86, -2.828, -2.361, -1.593, -0.592, 0.5137, 1.395, 1.766, 1.553, 0.825, -0.1818, -1.238, -2.137, -2.732, -2.943, -2.746, -2.096, -0.999, 0.4941, 2.23, 4.062, 5.77, 7.062, 7.867, 8.17, 8.125, 7.777, 7.234, 6.562, 5.906, 5.23, 4.43, 3.59, 2.674, 1.667, 0.5723, -0.547, -1.636, -2.557, -3.246, -3.613, -3.55, -3.035, -2.125, -0.945, 0.228, 1.063, 1.321, 0.9194, -0.00752, -1.339, -2.78, -4.15, -5.31, -6.25, -6.945, -7.297, -7.293, -6.992, -6.44, -5.617, -4.71, -3.787, -2.973, -2.49, -2.46, -2.951, -3.928, -5.383, -7.25, -9.43, -11.734, -14.055, -16.16, -17.97, -19.42, -20.44, -20.89, -20.67, -19.72, -18.14, -15.94, -13.29, -10.39, -7.44, -4.52, -1.877, 0.4158, 2.395, 4.0, 5.223, 6.03, 6.523, 6.71, 6.582, 6.168, 5.523, 4.72, 3.828, 2.852, 1.833, 0.7856, -0.3125, -1.5, -2.842, -4.35, -6.027, -7.848, -9.805, -11.84, -13.86, -15.805, -17.73, -19.55, -21.31, -22.98, -24.55, -25.95, -27.2, -28.06, -28.66, -28.81, -28.48, -27.73, -26.44, -24.66, -22.47, -19.89, -16.73, -13.4, -9.93, -6.293, -2.547, 1.075, 4.566, 7.867, 10.914, 13.55, 15.64, 17.19, 18.17, 18.55, 18.38, 17.58, 16.34, 14.81, 13.09, 11.266, 9.4, 7.508, 5.566, 3.752, 2.137, 0.727, -0.3877, -1.33, -2.059, -2.662, -3.18, -3.736, -4.41, -5.273, -6.31, -7.508, -8.766, -9.96, -11.055, -11.88, -12.266, -11.98, -10.766, -8.61, -5.516, -1.708, 2.537, 6.83, 10.74, 13.805, 15.47, 15.64, 14.72, 13.02, 10.945, 8.62, 6.258, 4.098, 2.45, 1.511, 1.331, 1.852, 2.754
3.445, 4.062, 4.04, 3.36, 2.227, 0.871, -0.4783, -1.67, -2.51, -2.889, -2.777, -2.166, -1.188, -0.01408, 1.187, 2.133, 2.475, 2.184, 1.346, 0.267, -0.8247, -1.777, -2.475, -2.805, -2.754, -2.26, -1.294, 0.0717, 1.73, 3.521, 5.215, 6.58, 7.49, 7.926, 7.945, 7.594, 7.074, 6.42, 5.703, 4.95, 4.13, 3.244, 2.277, 1.261, 0.1907, -0.897, -1.93, -2.803, -3.43, -3.682, -3.469, -2.79, -1.695, -0.38, 0.8643, 1.706, 1.937, 1.4795, 0.4744, -0.921, -2.412, -3.809, -5.05, -6.094, -6.93, -7.414, -7.61, -7.44, -7.01, -6.348, -5.543, -4.684, -3.957, -3.467, -3.44, -3.883, -4.77, -6.17, -7.895, -9.945, -12.164, -14.39, -16.45, -18.19, -19.56, -20.47, -20.83, -20.44, -19.39, -17.7, -15.445, -12.7, -9.76, -6.75, -3.836, -1.18, 1.183, 3.209, 4.8, 5.996, 6.758, 7.223, 7.37, 7.14, 6.637, 5.934, 5.1, 4.21, 3.256, 2.297, 1.338, 0.2832, -0.864, -2.15, -3.61, -5.21, -7.023, -8.99, -11.05, -13.11, -15.12, -17.08, -19.0, -20.83, -22.58, -24.27, -25.78, -27.16, -28.2, -28.97, -29.31, -29.17, -28.53, -27.47, -25.89, -23.81, -21.27, -18.34, -15.12, -11.65, -7.953, -4.14, -0.4343, 3.15, 6.59, 9.805, 12.58, 14.82, 16.56, 17.73, 18.28, 18.22, 17.53, 16.39, 14.89, 13.125, 11.2, 9.18, 7.035, 4.97, 3.072, 1.419, -0.01979, -1.1875, -2.146, -2.955, -3.633, -4.25, -4.883, -5.586, -6.445, -7.477, -8.586, -9.77, -10.93, -12.0, -12.76, -12.914, -12.41, -10.99, -8.695, -5.41, -1.479, 2.88, 7.293, 11.26, 14.3, 15.95, 16.2, 15.32, 13.69, 11.66, 9.31, 6.812, 4.527, 2.648, 1.426, 1.061, 1.509, 2.45
3.178, 3.947, 4.05, 3.48, 2.355, 0.9434, -0.45, -1.674, -2.535, -2.867, -2.662, -1.913, -0.7656, 0.589, 1.906, 2.895, 3.203, 2.854, 1.926, 0.773, -0.3896, -1.395, -2.146, -2.61, -2.693, -2.367, -1.5625, -0.3357, 1.207, 2.9, 4.61, 6.035, 7.08, 7.625, 7.73, 7.47, 6.996, 6.34, 5.586, 4.793, 3.902, 2.97, 1.969, 0.8984, -0.176, -1.23, -2.209, -3.057, -3.594, -3.715, -3.354, -2.508, -1.245, 0.1825, 1.493, 2.35, 2.545, 2.018, 0.924, -0.4932, -1.992, -3.426, -4.7, -5.863, -6.83, -7.465, -7.8, -7.766, -7.47, -6.926, -6.258, -5.51, -4.86, -4.434, -4.406, -4.777, -5.605, -6.93, -8.6, -10.48, -12.58, -14.76, -16.72, -18.39, -19.67, -20.48, -20.73, -20.25, -19.05, -17.25, -14.85, -12.15, -9.11, -6.11, -3.209, -0.487, 1.949, 3.977, 5.58, 6.754, 7.508, 7.902, 7.96, 7.652, 7.1, 6.383, 5.52, 4.613, 3.715, 2.799, 1.864, 0.913, -0.1815, -1.414, -2.814, -4.426, -6.195, -8.13, -10.17, -12.32, -14.42, -16.42, -18.4, -20.28, -22.11, -23.89, -25.56, -27.06, -28.27, -29.17, -29.69, -29.73, -29.33, -28.34, -26.92, -25.0, -22.62, -19.89, -16.73, -13.3, -9.625, -5.723, -1.899, 1.809, 5.367, 8.69, 11.72, 14.195, 16.06, 17.42, 18.11, 18.16, 17.62, 16.56, 15.12, 13.37, 11.31, 9.14, 6.87, 4.688, 2.664, 0.902, -0.6494, -1.893, -2.988, -3.908, -4.67, -5.31, -5.973, -6.773, -7.62, -8.56, -9.65, -10.76, -11.836, -12.87, -13.53, -13.62, -12.9, -11.3, -8.8, -5.375, -1.278, 3.213, 7.664, 11.63, 14.63, 16.33, 16.64, 15.85, 14.32, 12.33, 9.93, 7.38, 4.914, 2.826, 1.369, 0.798, 1.146, 2.094
2.799, 3.748, 4.027, 3.578, 2.5, 1.121, -0.323, -1.619, -2.537, -2.824, -2.488, -1.604, -0.308, 1.187, 2.625, 3.615, 3.918, 3.498, 2.5, 1.298, 0.1321, -0.913, -1.756, -2.33, -2.562, -2.383, -1.724, -0.646, 0.7646, 2.352, 3.984, 5.44, 6.562, 7.23, 7.477, 7.31, 6.85, 6.176, 5.43, 4.613, 3.684, 2.709, 1.664, 0.565, -0.509, -1.571, -2.549, -3.31, -3.734, -3.73, -3.191, -2.176, -0.815, 0.6934, 2.084, 2.963, 3.117, 2.523, 1.408, -0.03537, -1.529, -2.992, -4.34, -5.605, -6.65, -7.43, -7.887, -8.016, -7.844, -7.445, -6.91, -6.28, -5.734, -5.36, -5.33, -5.684, -6.48, -7.688, -9.25, -11.05, -13.06, -15.11, -17.02, -18.56, -19.75, -20.47, -20.6, -19.97, -18.69, -16.7, -14.24, -11.484, -8.516, -5.47, -2.53, 0.2261, 2.723, 4.785, 6.38, 7.496, 8.22, 8.555, 8.51, 8.16, 7.53, 6.797, 5.918, 5.04, 4.15, 3.29, 2.432, 1.513, 0.4805, -0.688, -2.055, -3.598, -5.332, -7.3, -9.37, -11.48, -13.62, -15.71, -17.72, -19.67, -21.58, -23.45, -25.23, -26.83, -28.2, -29.3, -29.97, -30.19, -29.88, -29.05, -27.81, -26.1, -23.92, -21.28, -18.3, -14.89, -11.266, -7.332, -3.416, 0.4087, 4.152, 7.656, 10.83, 13.51, 15.65, 17.2, 18.11, 18.31, 17.89, 16.92, 15.516, 13.76, 11.68, 9.36, 6.99, 4.66, 2.53, 0.6255, -1.058, -2.488, -3.717, -4.71, -5.58, -6.27, -6.973, -7.793, -8.63, -9.555, -10.58, -11.664, -12.81, -13.71, -14.28, -14.234, -13.33, -11.57, -8.9, -5.36, -1.104, 3.434, 7.918, 11.93, 14.87, 16.56, 16.92, 16.22, 14.734, 12.78, 10.375, 7.78, 5.207, 2.97, 1.333, 0.5605, 0.7456, 1.627
2.338, 3.473, 3.934, 3.607, 2.62, 1.265, -0.2202, -1.549, -2.482, -2.76, -2.299, -1.2705, 0.1602, 1.783, 3.307, 4.31, 4.598, 4.145, 3.113, 1.909, 0.716, -0.3535, -1.281, -2.0, -2.414, -2.408, -1.902, -0.9575, 0.2976, 1.77, 3.314, 4.793, 5.99, 6.79, 7.125, 7.055, 6.664, 6.02, 5.25, 4.414, 3.477, 2.44, 1.331, 0.2238, -0.88, -1.94, -2.861, -3.557, -3.88, -3.77, -3.096, -1.94, -0.4438, 1.188, 2.62, 3.527, 3.65, 3.043, 1.874, 0.4434, -1.056, -2.506, -3.957, -5.285, -6.434, -7.332, -7.914, -8.19, -8.19, -7.98, -7.54, -7.05, -6.57, -6.254, -6.254, -6.586, -7.332, -8.45, -9.914, -11.664, -13.54, -15.48, -17.27, -18.72, -19.78, -20.39, -20.38, -19.64, -18.19, -16.16, -13.63, -10.85, -7.844, -4.797, -1.824, 0.958, 3.479, 5.547, 7.113, 8.21, 8.89, 9.18, 9.055, 8.63, 7.95, 7.18, 6.31, 5.45, 4.61, 3.777, 2.982, 2.115, 1.132, -0.004715, -1.31, -2.795, -4.523, -6.46, -8.516, -10.64, -12.766, -14.95, -17.0, -19.0, -21.0, -22.94, -24.83, -26.6, -28.1, -29.31, -30.14, -30.5, -30.33, -29.7, -28.58, -27.05, -25.02, -22.58, -19.73, -16.4, -12.78, -8.94, -4.887, -0.9536, 2.955, 6.586, 9.97, 12.89, 15.27, 17.0, 18.11, 18.55, 18.27, 17.39, 16.05, 14.32, 12.26, 9.875, 7.42, 4.992, 2.707, 0.6133, -1.206, -2.836, -4.293, -5.43, -6.332, -7.11, -7.81, -8.625, -9.45, -10.375, -11.4, -12.49, -13.62, -14.414, -14.91, -14.85, -13.81, -11.83, -8.984, -5.336, -1.034, 3.557, 8.04, 11.914, 14.93, 16.64, 17.06, 16.4, 14.99, 13.04, 10.64, 8.02, 5.42, 3.104, 1.265, 0.2559, 0.2395, 1.076
1.769, 3.064, 3.717, 3.586, 2.738, 1.4375, -0.0585, -1.454, -2.395, -2.664, -2.156, -0.973, 0.6094, 2.371, 3.965, 5.016, 5.277, 4.81, 3.807, 2.578, 1.351, 0.2196, -0.7495, -1.573, -2.123, -2.318, -2.018, -1.251, -0.138, 1.188, 2.617, 4.09, 5.355, 6.246, 6.703, 6.71, 6.4, 5.812, 5.035, 4.18, 3.219, 2.162, 0.9946, -0.1537, -1.291, -2.348, -3.213, -3.836, -4.094, -3.809, -3.012, -1.71, -0.0661, 1.685, 3.16, 4.04, 4.152, 3.541, 2.361, 0.937, -0.543, -2.04, -3.518, -4.867, -6.125, -7.13, -7.883, -8.33, -8.51, -8.44, -8.14, -7.758, -7.383, -7.168, -7.168, -7.492, -8.164, -9.26, -10.62, -12.24, -14.02, -15.82, -17.48, -18.81, -19.77, -20.23, -20.08, -19.22, -17.64, -15.516, -12.94, -10.11, -7.13, -4.082, -1.084, 1.697, 4.23, 6.305, 7.86, 8.88, 9.5, 9.72, 9.51, 9.02, 8.34, 7.535, 6.7, 5.85, 5.062, 4.273, 3.5, 2.646, 1.71, 0.6343, -0.629, -2.076, -3.738, -5.637, -7.6, -9.69, -11.91, -14.07, -16.17, -18.27, -20.31, -22.36, -24.34, -26.22, -27.86, -29.22, -30.19, -30.69, -30.66, -30.19, -29.2, -27.86, -26.06, -23.73, -21.03, -17.9, -14.36, -10.53, -6.457, -2.436, 1.645, 5.496, 9.04, 12.19, 14.82, 16.8, 18.19, 18.8, 18.69, 18.0, 16.8, 15.07, 13.0, 10.61, 8.13, 5.633, 3.203, 0.9424, -1.126, -2.982, -4.598, -5.855, -6.895, -7.688, -8.46, -9.25, -10.055, -10.97, -12.03, -13.23, -14.4, -15.16, -15.6, -15.37, -14.17, -12.16, -9.13, -5.312, -0.9824, 3.611, 8.04, 11.875, 14.8, 16.48, 17.0, 16.33, 14.94, 12.984, 10.67, 8.016, 5.445, 3.021, 1.067, -0.0857, -0.3052, 0.4495
1.108, 2.53, 3.383, 3.45, 2.762, 1.5205, 0.03265, -1.358, -2.293, -2.56, -1.979, -0.6826, 1.053, 2.918, 4.586, 5.676, 5.992, 5.508, 4.492, 3.238, 1.9795, 0.8096, -0.2192, -1.123, -1.786, -2.13, -2.033, -1.493, -0.576, 0.625, 1.966, 3.414, 4.67, 5.625, 6.152, 6.28, 6.07, 5.547, 4.77, 3.904, 2.91, 1.832, 0.6294, -0.577, -1.77, -2.822, -3.645, -4.18, -4.297, -3.896, -2.947, -1.491, 0.2954, 2.125, 3.66, 4.543, 4.625, 3.979, 2.797, 1.368, -0.09674, -1.587, -3.068, -4.49, -5.824, -6.965, -7.81, -8.445, -8.766, -8.84, -8.69, -8.44, -8.16, -8.02, -8.05, -8.38, -9.03, -10.04, -11.336, -12.836, -14.484, -16.14, -17.64, -18.84, -19.66, -20.0, -19.73, -18.72, -17.02, -14.75, -12.14, -9.24, -6.277, -3.242, -0.2988, 2.498, 5.016, 7.04, 8.54, 9.48, 10.07, 10.23, 9.945, 9.44, 8.74, 7.914, 7.125, 6.33, 5.523, 4.734, 3.975, 3.176, 2.277, 1.241, 0.03778, -1.37, -2.941, -4.727, -6.707, -8.8, -10.96, -13.164, -15.336, -17.48, -19.6, -21.7, -23.78, -25.73, -27.45, -29.02, -30.08, -30.66, -30.8, -30.5, -29.78, -28.58, -26.98, -24.88, -22.33, -19.34, -15.85, -12.04, -7.895, -3.828, 0.3647, 4.418, 8.18, 11.49, 14.34, 16.61, 18.2, 19.06, 19.23, 18.78, 17.66, 16.03, 13.96, 11.69, 9.14, 6.594, 4.004, 1.59, -0.681, -2.738, -4.555, -5.97, -7.06, -7.92, -8.74, -9.59, -10.46, -11.5, -12.73, -13.945, -15.1, -15.86, -16.22, -15.79, -14.516, -12.29, -9.19, -5.348, -1.026, 3.521, 7.87, 11.64, 14.47, 16.1, 16.52, 15.914, 14.555, 12.61, 10.31, 7.78, 5.22, 2.773, 0.7314, -0.542, -0.934, -0.2426
0.3584, 1.871, 2.928, 3.195, 2.67, 1.519, 0.0674, -1.302, -2.217, -2.43, -1.803, -0.4187, 1.444, 3.428, 5.133, 6.26, 6.61, 6.15, 5.137, 3.896, 2.643, 1.447, 0.3433, -0.676, -1.461, -1.932, -1.993, -1.641, -0.9272, 0.1027, 1.357, 2.71, 3.941, 4.902, 5.465, 5.742, 5.61, 5.17, 4.46, 3.604, 2.58, 1.458, 0.2006, -1.033, -2.219, -3.266, -4.047, -4.48, -4.477, -3.945, -2.81, -1.188, 0.6934, 2.535, 4.062, 4.973, 5.074, 4.383, 3.215, 1.775, 0.302, -1.152, -2.62, -4.086, -5.508, -6.76, -7.766, -8.51, -8.945, -9.14, -9.195, -9.055, -8.9, -8.77, -8.88, -9.23, -9.85, -10.78, -12.06, -13.44, -14.92, -16.42, -17.78, -18.84, -19.52, -19.73, -19.27, -18.11, -16.28, -13.96, -11.28, -8.37, -5.348, -2.33, 0.5845, 3.398, 5.848, 7.848, 9.25, 10.19, 10.65, 10.7, 10.42, 9.76, 9.01, 8.29, 7.477, 6.703, 5.965, 5.215, 4.45, 3.65, 2.807, 1.804, 0.642, -0.71, -2.215, -3.889, -5.82, -7.863, -10.02, -12.25, -14.45, -16.66, -18.83, -20.95, -23.08, -25.12, -26.95, -28.55, -29.72, -30.38, -30.69, -30.6, -30.1, -29.16, -27.78, -25.89, -23.53, -20.67, -17.27, -13.555, -9.47, -5.273, -0.9116, 3.277, 7.24, 10.76, 13.87, 16.42, 18.27, 19.38, 19.81, 19.55, 18.62, 17.2, 15.2, 12.94, 10.484, 7.94, 5.19, 2.6, 0.1368, -2.139, -4.117, -5.652, -6.867, -7.867, -8.73, -9.67, -10.695, -11.88, -13.3, -14.64, -15.8, -16.61, -16.77, -16.22, -14.74, -12.44, -9.22, -5.363, -1.071, 3.39, 7.605, 11.195, 13.875, 15.375, 15.76, 15.14, 13.75, 11.84, 9.54, 7.113, 4.637, 2.303, 0.2625, -1.111, -1.62, -1.011
-0.4844, 1.136, 2.31, 2.775, 2.42, 1.399, 0.02078, -1.328, -2.193, -2.336, -1.632, -0.1416, 1.854, 3.926, 5.684, 6.805, 7.137, 6.71, 5.73, 4.516, 3.264, 2.066, 0.907, -0.169, -1.047, -1.655, -1.905, -1.754, -1.223, -0.3696, 0.739, 1.968, 3.14, 4.113, 4.742, 5.08, 5.04, 4.656, 4.03, 3.17, 2.168, 1.009, -0.2556, -1.501, -2.701, -3.709, -4.438, -4.773, -4.62, -3.967, -2.691, -0.961, 1.005, 2.932, 4.465, 5.324, 5.383, 4.723, 3.512, 2.12, 0.707, -0.73, -2.22, -3.709, -5.18, -6.54, -7.664, -8.55, -9.164, -9.52, -9.64, -9.63, -9.61, -9.56, -9.69, -10.0, -10.62, -11.52, -12.69, -13.99, -15.35, -16.7, -17.9, -18.84, -19.33, -19.39, -18.75, -17.44, -15.46, -12.98, -10.27, -7.38, -4.344, -1.39, 1.573, 4.367, 6.81, 8.76, 10.04, 10.875, 11.19, 11.11, 10.766, 10.08, 9.32, 8.555, 7.836, 7.105, 6.375, 5.625, 4.88, 4.105, 3.293, 2.346, 1.214, -0.06995, -1.475, -3.082, -4.895, -6.92, -9.016, -11.26, -13.516, -15.77, -18.0, -20.16, -22.33, -24.36, -26.23, -27.89, -29.11, -29.92, -30.38, -30.47, -30.19, -29.53, -28.42, -26.8, -24.55, -21.9, -18.67, -14.96, -10.914, -6.688, -2.268, 2.104, 6.227, 10.016, 13.44, 16.19, 18.25, 19.72, 20.42, 20.4, 19.69, 18.42, 16.67, 14.58, 12.18, 9.6, 6.793, 4.047, 1.414, -1.077, -3.205, -4.918, -6.223, -7.38, -8.45, -9.58, -10.81, -12.23, -13.83, -15.266, -16.5, -17.19, -17.25, -16.56, -14.96, -12.54, -9.33, -5.457, -1.121, 3.195, 7.19, 10.58, 13.086, 14.445, 14.71, 14.05, 12.58, 10.72, 8.445, 6.055, 3.715, 1.525, -0.4246, -1.797, -2.371, -1.869
-1.449, 0.2527, 1.584, 2.232, 2.06, 1.156, -0.09753, -1.345, -2.178, -2.262, -1.444, 0.1254, 2.207, 4.35, 6.17, 7.324, 7.66, 7.23, 6.28, 5.113, 3.867, 2.66, 1.476, 0.3591, -0.5996, -1.314, -1.707, -1.768, -1.437, -0.756, 0.1766, 1.252, 2.32, 3.283, 3.965, 4.34, 4.355, 4.055, 3.49, 2.67, 1.675, 0.5176, -0.7466, -2.0, -3.176, -4.125, -4.816, -5.074, -4.78, -3.95, -2.559, -0.7197, 1.349, 3.268, 4.777, 5.58, 5.64, 4.98, 3.824, 2.46, 1.084, -0.3489, -1.812, -3.299, -4.8, -6.234, -7.492, -8.516, -9.29, -9.805, -10.055, -10.15, -10.23, -10.29, -10.45, -10.805, -11.39, -12.25, -13.305, -14.484, -15.74, -16.94, -18.02, -18.78, -19.12, -18.97, -18.19, -16.7, -14.64, -12.055, -9.234, -6.273, -3.26, -0.2576, 2.67, 5.41, 7.785, 9.56, 10.76, 11.49, 11.695, 11.516, 11.055, 10.38, 9.6, 8.9, 8.195, 7.52, 6.812, 6.047, 5.316, 4.56, 3.732, 2.818, 1.774, 0.5728, -0.792, -2.318, -4.05, -5.984, -8.07, -10.266, -12.54, -14.83, -17.08, -19.31, -21.44, -23.48, -25.34, -26.94, -28.22, -29.19, -29.81, -30.19, -30.2, -29.83, -28.94, -27.61, -25.58, -23.11, -19.98, -16.48, -12.48, -8.16, -3.59, 0.8613, 5.164, 9.19, 12.77, 15.86, 18.22, 20.02, 20.95, 21.25, 20.83, 19.77, 18.23, 16.31, 14.09, 11.51, 8.75, 5.906, 3.076, 0.4282, -1.876, -3.797, -5.344, -6.664, -7.977, -9.31, -10.914, -12.62, -14.41, -16.02, -17.17, -17.81, -17.75, -16.83, -15.13, -12.59, -9.28, -5.41, -1.258, 2.84, 6.695, 9.9, 12.07, 13.234, 13.414, 12.65, 11.19, 9.27, 7.04, 4.688, 2.428, 0.3875, -1.345, -2.648, -3.217, -2.797
-2.469, -0.6807, 0.789, 1.587, 1.626, 0.8975, -0.2339, -1.367, -2.156, -2.17, -1.233, 0.4255, 2.562, 4.74, 6.57, 7.746, 8.086, 7.695, 6.81, 5.66, 4.414, 3.213, 2.04, 0.8877, -0.157, -0.973, -1.483, -1.7, -1.535, -1.028, -0.281, 0.632, 1.591, 2.477, 3.15, 3.547, 3.621, 3.37, 2.861, 2.09, 1.109, -0.014946, -1.249, -2.492, -3.643, -4.54, -5.168, -5.336, -4.875, -3.9, -2.389, -0.4617, 1.61, 3.553, 5.016, 5.77, 5.797, 5.152, 4.02, 2.709, 1.355, 0.02606, -1.386, -2.887, -4.438, -5.97, -7.35, -8.484, -9.37, -10.02, -10.45, -10.69, -10.82, -10.96, -11.195, -11.56, -12.125, -12.91, -13.89, -14.99, -16.06, -17.12, -18.08, -18.7, -18.89, -18.56, -17.61, -15.87, -13.664, -10.98, -8.07, -5.117, -2.043, 0.972, 3.86, 6.586, 8.83, 10.51, 11.56, 12.14, 12.26, 11.9, 11.305, 10.65, 9.9, 9.19, 8.484, 7.848, 7.15, 6.434, 5.72, 4.96, 4.152, 3.281, 2.291, 1.182, -0.1004, -1.548, -3.236, -5.08, -7.13, -9.29, -11.56, -13.85, -16.1, -18.34, -20.47, -22.48, -24.31, -25.89, -27.16, -28.2, -29.06, -29.69, -30.06, -29.97, -29.39, -28.22, -26.45, -24.17, -21.3, -17.89, -14.01, -9.65, -5.055, -0.451, 4.027, 8.266, 12.11, 15.47, 18.12, 20.17, 21.44, 22.06, 21.9, 21.1, 19.78, 18.14, 16.1, 13.65, 10.945, 8.02, 5.086, 2.318, -0.2423, -2.393, -4.164, -5.727, -7.34, -9.04, -10.98, -13.03, -15.05, -16.75, -17.86, -18.38, -18.1, -17.06, -15.23, -12.63, -9.305, -5.547, -1.499, 2.477, 6.117, 8.984, 10.914, 11.81, 11.805, 10.984, 9.45, 7.5, 5.28, 3.021, 0.892, -1.002, -2.562, -3.738, -4.21, -3.754
-3.434, -1.581, 0.010086, 0.9644, 1.175, 0.6284, -0.3838, -1.428, -2.137, -2.094, -1.074, 0.69, 2.84, 5.055, 6.875, 8.055, 8.44, 8.08, 7.24, 6.105, 4.902, 3.729, 2.568, 1.415, 0.3567, -0.5625, -1.211, -1.547, -1.554, -1.213, -0.631, 0.1083, 0.9375, 1.711, 2.34, 2.74, 2.857, 2.664, 2.186, 1.447, 0.4885, -0.588, -1.786, -2.994, -4.1, -4.93, -5.44, -5.457, -4.883, -3.764, -2.162, -0.1763, 1.898, 3.746, 5.145, 5.85, 5.863, 5.203, 4.09, 2.861, 1.614, 0.3472, -1.01, -2.508, -4.11, -5.695, -7.14, -8.41, -9.43, -10.22, -10.78, -11.15, -11.39, -11.63, -11.9, -12.266, -12.805, -13.54, -14.445, -15.4, -16.31, -17.28, -18.05, -18.56, -18.58, -18.03, -16.89, -14.92, -12.55, -9.76, -6.824, -3.729, -0.6465, 2.355, 5.195, 7.805, 9.89, 11.46, 12.41, 12.79, 12.695, 12.21, 11.555, 10.914, 10.15, 9.48, 8.8, 8.18, 7.504, 6.81, 6.086, 5.332, 4.54, 3.732, 2.787, 1.725, 0.5605, -0.7993, -2.412, -4.188, -6.15, -8.25, -10.48, -12.76, -15.02, -17.25, -19.4, -21.39, -23.17, -24.67, -25.92, -27.03, -27.98, -28.94, -29.6, -29.84, -29.58, -28.73, -27.17, -25.06, -22.39, -19.17, -15.41, -11.18, -6.637, -1.917, 2.729, 7.203, 11.29, 14.9, 17.9, 20.23, 21.83, 22.75, 22.89, 22.42, 21.4, 20.05, 18.23, 15.98, 13.29, 10.42, 7.414, 4.457, 1.736, -0.7104, -2.771, -4.71, -6.65, -8.74, -11.07, -13.46, -15.7, -17.52, -18.56, -18.9, -18.47, -17.22, -15.23, -12.555, -9.28, -5.547, -1.625, 2.162, 5.46, 7.99, 9.64, 10.32, 10.1, 9.125, 7.49, 5.516, 3.31, 1.109, -0.911, -2.633, -3.988, -4.965, -5.35, -4.8
-4.434, -2.496, -0.752, 0.356, 0.7104, 0.3381, -0.515, -1.475, -2.105, -1.954, -0.895, 0.8813, 3.072, 5.277, 7.113, 8.27, 8.66, 8.33, 7.543, 6.48, 5.355, 4.215, 3.084, 1.963, 0.8716, -0.12244, -0.891, -1.36, -1.5205, -1.354, -0.9497, -0.3774, 0.3066, 0.994, 1.558, 1.933, 2.043, 1.905, 1.462, 0.769, -0.129, -1.156, -2.33, -3.543, -4.598, -5.31, -5.66, -5.535, -4.86, -3.625, -1.945, 0.05606, 2.111, 3.895, 5.23, 5.855, 5.785, 5.145, 4.117, 2.945, 1.781, 0.5894, -0.6924, -2.156, -3.74, -5.355, -6.875, -8.234, -9.43, -10.375, -11.055, -11.57, -11.94, -12.24, -12.55, -12.914, -13.42, -14.09, -14.91, -15.74, -16.55, -17.36, -17.98, -18.34, -18.2, -17.45, -16.05, -13.945, -11.32, -8.44, -5.36, -2.223, 0.8276, 3.816, 6.6, 9.12, 11.02, 12.414, 13.17, 13.35, 13.11, 12.5, 11.836, 11.1, 10.39, 9.73, 9.086, 8.45, 7.83, 7.176, 6.43, 5.67, 4.9, 4.105, 3.22, 2.219, 1.132, -0.1351, -1.642, -3.299, -5.18, -7.176, -9.375, -11.61, -13.875, -16.08, -18.23, -20.2, -21.89, -23.31, -24.47, -25.55, -26.62, -27.72, -28.72, -29.36, -29.44, -28.9, -27.69, -25.81, -23.39, -20.36, -16.73, -12.72, -8.23, -3.498, 1.302, 5.938, 10.25, 14.1, 17.44, 20.08, 22.08, 23.27, 23.8, 23.62, 22.97, 21.9, 20.39, 18.36, 15.75, 12.87, 9.76, 6.723, 3.766, 1.13, -1.267, -3.516, -5.88, -8.4, -11.19, -13.92, -16.33, -18.17, -19.2, -19.36, -18.72, -17.31, -15.13, -12.414, -9.16, -5.527, -1.738, 1.736, 4.75, 7.004, 8.375, 8.766, 8.27, 7.15, 5.418, 3.387, 1.175, -0.968, -2.908, -4.438, -5.594, -6.33, -6.566, -5.875
-5.5, -3.469, -1.55, -0.2695, 0.2196, 0.03946, -0.651, -1.508, -2.055, -1.829, -0.7314, 1.054, 3.195, 5.375, 7.19, 8.36, 8.766, 8.484, 7.766, 6.76, 5.688, 4.62, 3.559, 2.475, 1.358, 0.315, -0.5405, -1.134, -1.46, -1.466, -1.226, -0.804, -0.2489, 0.325, 0.827, 1.155, 1.251, 1.139, 0.749, 0.1565, -0.698, -1.725, -2.875, -4.047, -4.99, -5.64, -5.86, -5.598, -4.81, -3.43, -1.674, 0.2993, 2.271, 3.975, 5.168, 5.68, 5.57, 4.97, 4.023, 2.963, 1.891, 0.793, -0.3977, -1.824, -3.387, -5.008, -6.645, -8.11, -9.43, -10.47, -11.29, -11.94, -12.414, -12.82, -13.164, -13.54, -14.016, -14.625, -15.3, -16.03, -16.75, -17.39, -17.88, -18.05, -17.75, -16.78, -15.086, -12.77, -10.055, -6.973, -3.787, -0.583, 2.498, 5.445, 8.14, 10.5, 12.26, 13.38, 13.91, 13.91, 13.52, 12.87, 12.18, 11.39, 10.69, 10.02, 9.43, 8.79, 8.13, 7.465, 6.76, 6.008, 5.24, 4.45, 3.629, 2.68, 1.667, 0.528, -0.8813, -2.451, -4.22, -6.125, -8.19, -10.36, -12.6, -14.82, -16.95, -18.88, -20.52, -21.8, -22.8, -23.75, -24.77, -25.92, -27.1, -28.05, -28.6, -28.52, -27.77, -26.3, -24.1, -21.39, -18.0, -14.17, -9.74, -5.074, -0.2632, 4.53, 8.98, 13.125, 16.7, 19.66, 21.95, 23.53, 24.39, 24.69, 24.33, 23.58, 22.36, 20.6, 18.16, 15.3, 12.17, 8.94, 5.844, 2.926, 0.2527, -2.357, -5.05, -8.03, -11.25, -14.36, -16.97, -18.78, -19.69, -19.69, -18.86, -17.28, -15.04, -12.16, -8.914, -5.375, -1.7705, 1.435, 4.11, 6.047, 7.06, 7.207, 6.43, 5.086, 3.215, 1.154, -1.091, -3.205, -4.992, -6.34, -7.37, -7.8, -7.848, -7.027
-6.52, -4.363, -2.281, -0.895, -0.2441, -0.255, -0.7983, -1.527, -1.968, -1.693, -0.604, 1.182, 3.299, 5.406, 7.164, 8.31, 8.73, 8.54, 7.863, 6.965, 5.98, 5.02, 4.035, 2.96, 1.81, 0.714, -0.1954, -0.91, -1.359, -1.505, -1.412, -1.127, -0.707, -0.2367, 0.1755, 0.4404, 0.5156, 0.4268, 0.06836, -0.51, -1.3545, -2.336, -3.434, -4.52, -5.39, -5.914, -6.004, -5.617, -4.69, -3.258, -1.447, 0.477, 2.324, 3.889, 4.94, 5.387, 5.266, 4.695, 3.86, 2.908, 1.954, 0.952, -0.1621, -1.505, -3.049, -4.703, -6.375, -7.918, -9.32, -10.46, -11.46, -12.2, -12.8, -13.29, -13.67, -14.086, -14.516, -15.055, -15.63, -16.23, -16.86, -17.36, -17.72, -17.69, -17.16, -15.97, -14.04, -11.51, -8.58, -5.34, -2.05, 1.192, 4.293, 7.18, 9.77, 11.95, 13.5, 14.375, 14.695, 14.51, 13.945, 13.22, 12.45, 11.7, 10.96, 10.28, 9.7, 9.1, 8.445, 7.758, 7.047, 6.312, 5.555, 4.78, 3.992, 3.1, 2.129, 1.05, -0.1865, -1.601, -3.22, -5.043, -7.023, -9.09, -11.3, -13.51, -15.58, -17.45, -18.97, -20.14, -20.92, -21.62, -22.42, -23.45, -24.66, -25.84, -26.81, -27.3, -27.08, -26.12, -24.39, -22.0, -18.98, -15.35, -11.2, -6.637, -1.8545, 2.982, 7.516, 11.83, 15.67, 19.02, 21.58, 23.55, 24.75, 25.34, 25.38, 25.02, 24.11, 22.56, 20.38, 17.53, 14.41, 11.13, 7.832, 4.727, 1.766, -1.166, -4.246, -7.69, -11.29, -14.695, -17.4, -19.19, -19.97, -19.84, -18.86, -17.14, -14.79, -11.93, -8.62, -5.21, -1.8, 1.181, 3.531, 5.133, 5.816, 5.59, 4.582, 3.016, 1.065, -1.09, -3.355, -5.38, -7.11, -8.33, -9.2, -9.44, -9.21, -8.266
-7.516, -5.152, -2.963, -1.446, -0.6313, -0.5117, -0.921, -1.5205, -1.872, -1.58, -0.507, 1.223, 3.271, 5.332, 7.016, 8.125, 8.586, 8.43, 7.848, 7.047, 6.195, 5.367, 4.438, 3.379, 2.238, 1.089, 0.07275, -0.741, -1.2705, -1.534, -1.573, -1.409, -1.126, -0.743, -0.4102, -0.1948, -0.1359, -0.2573, -0.6265, -1.206, -2.03, -2.988, -3.998, -4.984, -5.74, -6.133, -6.1, -5.58, -4.516, -3.016, -1.25, 0.599, 2.324, 3.736, 4.65, 5.04, 4.89, 4.355, 3.617, 2.785, 1.983, 1.136, 0.1223, -1.157, -2.682, -4.35, -6.062, -7.66, -9.18, -10.445, -11.516, -12.375, -13.04, -13.63, -14.12, -14.516, -14.945, -15.37, -15.89, -16.4, -16.9, -17.31, -17.48, -17.31, -16.52, -15.04, -12.85, -10.15, -7.01, -3.611, -0.2068, 3.066, 6.176, 9.03, 11.555, 13.49, 14.75, 15.38, 15.44, 15.09, 14.42, 13.64, 12.81, 11.97, 11.29, 10.6, 10.03, 9.43, 8.75, 8.055, 7.312, 6.598, 5.83, 5.04, 4.28, 3.44, 2.578, 1.618, 0.4783, -0.8286, -2.32, -4.027, -5.887, -7.87, -10.0, -12.164, -14.14, -15.97, -17.42, -18.47, -19.03, -19.39, -19.81, -20.56, -21.48, -22.67, -23.92, -24.94, -25.4, -25.22, -24.1, -22.3, -19.67, -16.48, -12.6, -8.25, -3.584, 1.207, 5.887, 10.37, 14.43, 18.0, 20.84, 23.22, 24.77, 25.75, 26.16, 26.08, 25.44, 24.17, 22.25, 19.6, 16.45, 13.07, 9.664, 6.38, 3.219, -0.002869, -3.477, -7.285, -11.3, -14.875, -17.69, -19.4, -20.12, -19.81, -18.72, -16.83, -14.36, -11.445, -8.19, -4.848, -1.653, 1.014, 2.994, 4.266, 4.586, 4.04, 2.838, 1.062, -1.01, -3.336, -5.633, -7.664, -9.336, -10.49, -11.195, -11.28, -10.69, -9.42
-8.445, -5.89, -3.576, -1.923, -0.975, -0.7324, -1.022, -1.501, -1.759, -1.417, -0.3794, 1.269, 3.229, 5.152, 6.793, 7.83, 8.3, 8.195, 7.695, 7.027, 6.31, 5.582, 4.727, 3.74, 2.639, 1.483, 0.406, -0.5, -1.158, -1.545, -1.695, -1.647, -1.457, -1.168, -0.9146, -0.78, -0.7686, -0.931, -1.298, -1.892, -2.68, -3.586, -4.56, -5.426, -6.086, -6.34, -6.16, -5.492, -4.35, -2.814, -1.103, 0.647, 2.244, 3.516, 4.3, 4.61, 4.44, 3.967, 3.32, 2.629, 1.955, 1.237, 0.3315, -0.8345, -2.312, -3.99, -5.734, -7.438, -8.99, -10.34, -11.49, -12.47, -13.26, -13.92, -14.46, -14.875, -15.28, -15.64, -16.08, -16.52, -16.92, -17.17, -17.19, -16.8, -15.76, -14.01, -11.59, -8.6, -5.277, -1.812, 1.659, 5.004, 8.18, 10.99, 13.305, 14.96, 16.06, 16.36, 16.22, 15.72, 14.98, 14.14, 13.29, 12.46, 11.695, 10.984, 10.34, 9.74, 9.05, 8.336, 7.633, 6.883, 6.12, 5.33, 4.574, 3.777, 2.967, 2.066, 1.04, -0.1298, -1.506, -3.066, -4.793, -6.715, -8.71, -10.734, -12.664, -14.45, -15.91, -16.84, -17.23, -17.28, -17.3, -17.56, -18.14, -19.1, -20.34, -21.66, -22.67, -23.2, -22.95, -21.92, -20.0, -17.3, -13.836, -9.805, -5.316, -0.705, 4.02, 8.65, 12.89, 16.67, 19.83, 22.45, 24.39, 25.7, 26.52, 26.77, 26.45, 25.42, 23.6, 21.1, 18.03, 14.734, 11.3, 7.832, 4.49, 1.024, -2.791, -6.91, -11.24, -15.02, -17.83, -19.42, -20.05, -19.66, -18.4, -16.47, -13.94, -10.94, -7.62, -4.38, -1.385, 1.005, 2.625, 3.49, 3.4, 2.535, 1.055, -0.938, -3.23, -5.668, -8.1, -10.09, -11.805, -12.85, -13.3, -13.13, -12.22, -10.65
-9.36, -6.6, -4.094, -2.293, -1.282, -0.9624, -1.117, -1.466, -1.65, -1.285, -0.2844, 1.278, 3.154, 4.92, 6.434, 7.46, 7.883, 7.83, 7.473, 6.926, 6.348, 5.715, 4.996, 4.113, 3.057, 1.888, 0.742, -0.245, -1.008, -1.514, -1.7705, -1.843, -1.749, -1.559, -1.387, -1.314, -1.373, -1.565, -1.974, -2.55, -3.283, -4.15, -5.055, -5.832, -6.348, -6.453, -6.15, -5.38, -4.17, -2.66, -1.0, 0.629, 2.09, 3.209, 3.879, 4.086, 3.906, 3.5, 2.973, 2.432, 1.875, 1.253, 0.4355, -0.6606, -2.072, -3.72, -5.465, -7.2, -8.8, -10.2, -11.43, -12.516, -13.38, -14.12, -14.664, -15.13, -15.5, -15.836, -16.22, -16.58, -16.89, -17.02, -16.84, -16.19, -14.9, -12.914, -10.29, -7.05, -3.498, 0.143, 3.713, 7.207, 10.36, 13.05, 15.11, 16.55, 17.28, 17.38, 17.05, 16.4, 15.6, 14.71, 13.82, 12.984, 12.18, 11.44, 10.734, 10.1, 9.41, 8.695, 7.914, 7.137, 6.395, 5.59, 4.82, 4.055, 3.312, 2.502, 1.572, 0.527, -0.737, -2.16, -3.756, -5.535, -7.453, -9.39, -11.24, -12.99, -14.45, -15.35, -15.67, -15.49, -15.2, -14.95, -15.12, -15.695, -16.69, -18.0, -19.27, -20.36, -20.86, -20.67, -19.6, -17.55, -14.72, -11.164, -7.09, -2.598, 2.021, 6.625, 10.9, 14.86, 18.38, 21.19, 23.44, 25.22, 26.31, 26.92, 26.86, 26.06, 24.42, 22.08, 19.08, 15.89, 12.516, 8.94, 5.504, 1.809, -2.217, -6.613, -11.13, -15.016, -17.77, -19.28, -19.75, -19.27, -17.97, -15.88, -13.23, -10.2, -6.906, -3.736, -0.9414, 1.16, 2.432, 2.855, 2.338, 1.1045, -0.7915, -3.137, -5.625, -8.28, -10.74, -12.82, -14.51, -15.35, -15.52, -15.02, -13.766, -11.875
-10.266, -7.24, -4.605, -2.66, -1.569, -1.205, -1.281, -1.515, -1.557, -1.1455, -0.1836, 1.295, 3.014, 4.664, 6.047, 6.99, 7.418, 7.414, 7.18, 6.754, 6.312, 5.824, 5.258, 4.48, 3.46, 2.283, 1.092, 0.04544, -0.8154, -1.461, -1.846, -2.01, -2.04, -1.984, -1.899, -1.844, -1.962, -2.21, -2.643, -3.2, -3.895, -4.72, -5.54, -6.2, -6.527, -6.5, -6.074, -5.21, -3.973, -2.496, -0.9297, 0.575, 1.877, 2.834, 3.389, 3.504, 3.336, 3.01, 2.613, 2.232, 1.776, 1.243, 0.526, -0.5317, -1.874, -3.494, -5.215, -6.926, -8.55, -10.016, -11.28, -12.45, -13.42, -14.2, -14.82, -15.3, -15.65, -15.96, -16.28, -16.6, -16.8, -16.81, -16.42, -15.53, -13.98, -11.69, -8.74, -5.29, -1.595, 2.238, 6.023, 9.47, 12.53, 15.05, 16.95, 18.03, 18.48, 18.38, 17.89, 17.16, 16.3, 15.34, 14.44, 13.61, 12.74, 11.945, 11.21, 10.5, 9.75, 9.02, 8.23, 7.42, 6.656, 5.848, 5.09, 4.332, 3.602, 2.873, 2.068, 1.121, -0.01192, -1.287, -2.762, -4.414, -6.2, -8.06, -9.83, -11.516, -12.96, -13.95, -14.31, -14.21, -13.73, -13.17, -12.89, -13.06, -13.65, -14.66, -15.85, -17.11, -18.14, -18.66, -18.4, -17.22, -15.15, -12.19, -8.6, -4.47, -0.1285, 4.332, 8.71, 12.805, 16.47, 19.55, 22.19, 24.19, 25.7, 26.53, 26.7, 26.06, 24.64, 22.47, 19.69, 16.58, 13.23, 9.734, 6.223, 2.389, -1.872, -6.484, -11.05, -14.914, -17.55, -18.97, -19.34, -18.7, -17.25, -15.055, -12.24, -9.164, -5.91, -2.871, -0.343, 1.451, 2.357, 2.33, 1.392, -0.3123, -2.7, -5.457, -8.34, -11.28, -13.88, -15.984, -17.45, -18.11, -17.88, -16.94, -15.33, -13.04
-11.09, -7.86, -5.043, -3.008, -1.881, -1.474, -1.43, -1.56, -1.529, -1.085, -0.1354, 1.274, 2.855, 4.363, 5.633, 6.484, 6.88, 6.934, 6.766, 6.504, 6.246, 5.92, 5.45, 4.81, 3.83, 2.664, 1.438, 0.3271, -0.628, -1.383, -1.892, -2.17, -2.314, -2.379, -2.377, -2.387, -2.566, -2.854, -3.293, -3.848, -4.504, -5.266, -5.99, -6.508, -6.703, -6.555, -6.023, -5.086, -3.838, -2.404, -0.8955, 0.453, 1.586, 2.406, 2.89, 2.945, 2.791, 2.516, 2.252, 1.982, 1.652, 1.235, 0.614, -0.3806, -1.704, -3.299, -4.98, -6.684, -8.29, -9.81, -11.18, -12.375, -13.4, -14.26, -14.914, -15.41, -15.76, -16.05, -16.31, -16.55, -16.69, -16.55, -15.95, -14.84, -13.0, -10.414, -7.145, -3.436, 0.459, 4.47, 8.375, 11.85, 14.85, 17.08, 18.67, 19.52, 19.72, 19.45, 18.84, 18.05, 17.19, 16.2, 15.25, 14.31, 13.36, 12.49, 11.695, 10.97, 10.15, 9.35, 8.56, 7.734, 6.89, 6.08, 5.32, 4.617, 3.918, 3.227, 2.523, 1.661, 0.6636, -0.4695, -1.812, -3.332, -4.996, -6.754, -8.445, -10.086, -11.53, -12.625, -13.164, -13.21, -12.84, -12.28, -11.766, -11.59, -11.78, -12.41, -13.27, -14.3, -15.41, -16.27, -16.62, -16.22, -14.95, -12.79, -9.875, -6.348, -2.316, 1.909, 6.195, 10.33, 14.11, 17.42, 20.27, 22.62, 24.34, 25.42, 25.83, 25.4, 24.12, 22.17, 19.64, 16.7, 13.54, 10.195, 6.668, 2.793, -1.549, -6.344, -10.99, -14.72, -17.22, -18.53, -18.78, -17.98, -16.36, -13.97, -11.15, -7.973, -4.688, -1.763, 0.505, 1.97, 2.46, 1.875, 0.3804, -1.871, -4.84, -8.13, -11.44, -14.57, -17.33, -19.38, -20.53, -20.9, -20.28, -18.88, -16.83, -14.19
-11.81, -8.336, -5.367, -3.334, -2.22, -1.7705, -1.676, -1.701, -1.547, -1.039, -0.0914, 1.248, 2.709, 4.09, 5.227, 5.96, 6.312, 6.402, 6.33, 6.188, 6.066, 5.914, 5.598, 5.05, 4.17, 3.057, 1.813, 0.6475, -0.3901, -1.258, -1.893, -2.316, -2.56, -2.736, -2.834, -2.94, -3.166, -3.502, -3.936, -4.465, -5.074, -5.777, -6.4, -6.75, -6.83, -6.598, -5.97, -4.965, -3.713, -2.346, -0.956, 0.259, 1.241, 1.906, 2.262, 2.324, 2.205, 2.006, 1.829, 1.659, 1.456, 1.137, 0.611, -0.2803, -1.533, -3.08, -4.754, -6.438, -8.07, -9.62, -11.016, -12.305, -13.4, -14.31, -14.99, -15.5, -15.84, -16.12, -16.34, -16.5, -16.52, -16.23, -15.46, -14.09, -11.96, -9.04, -5.453, -1.486, 2.672, 6.83, 10.74, 14.21, 17.08, 19.11, 20.39, 20.97, 20.98, 20.61, 19.94, 19.1, 18.19, 17.16, 16.11, 15.12, 14.15, 13.195, 12.29, 11.44, 10.56, 9.75, 8.92, 8.055, 7.215, 6.387, 5.58, 4.855, 4.184, 3.535, 2.88, 2.133, 1.245, 0.2537, -0.9277, -2.309, -3.83, -5.445, -7.06, -8.664, -10.16, -11.25, -12.02, -12.41, -12.34, -11.95, -11.484, -11.14, -11.08, -11.28, -11.76, -12.51, -13.35, -14.125, -14.67, -14.734, -14.164, -12.83, -10.68, -7.832, -4.375, -0.4792, 3.51, 7.535, 11.29, 14.73, 17.75, 20.22, 22.22, 23.56, 24.12, 23.88, 22.86, 21.17, 18.97, 16.33, 13.44, 10.24, 6.777, 2.932, -1.569, -6.38, -10.945, -14.54, -16.84, -17.98, -18.03, -17.05, -15.234, -12.664, -9.71, -6.48, -3.264, -0.4465, 1.589, 2.637, 2.617, 1.493, -0.6597, -3.693, -7.34, -11.17, -14.86, -18.14, -20.81, -22.72, -23.61, -23.52, -22.42, -20.6, -18.11, -15.164
-12.25, -8.67, -5.645, -3.607, -2.525, -2.084, -1.953, -1.893, -1.622, -0.997, -0.03394, 1.223, 2.541, 3.75, 4.734, 5.367, 5.703, 5.84, 5.824, 5.81, 5.848, 5.87, 5.684, 5.297, 4.508, 3.426, 2.197, 0.983, -0.1448, -1.114, -1.877, -2.41, -2.785, -3.078, -3.281, -3.457, -3.719, -4.062, -4.508, -5.016, -5.59, -6.2, -6.695, -6.938, -6.918, -6.55, -5.875, -4.88, -3.652, -2.357, -1.131, -0.06616, 0.7495, 1.291, 1.562, 1.635, 1.566, 1.442, 1.346, 1.288, 1.199, 0.9736, 0.528, -0.2341, -1.409, -2.91, -4.566, -6.234, -7.855, -9.41, -10.914, -12.25, -13.42, -14.37, -15.09, -15.65, -15.97, -16.2, -16.39, -16.45, -16.34, -15.89, -14.93, -13.23, -10.766, -7.55, -3.676, 0.571, 4.957, 9.26, 13.21, 16.55, 19.23, 21.08, 22.11, 22.44, 22.34, 21.92, 21.2, 20.27, 19.27, 18.19, 17.05, 15.97, 14.91, 13.89, 12.9, 11.99, 11.07, 10.164, 9.27, 8.36, 7.516, 6.645, 5.81, 5.09, 4.402, 3.799, 3.225, 2.559, 1.779, 0.9023, -0.1316, -1.37, -2.748, -4.22, -5.777, -7.324, -8.84, -10.03, -10.95, -11.65, -11.92, -11.85, -11.64, -11.36, -11.164, -11.125, -11.33, -11.63, -12.12, -12.62, -13.04, -13.26, -13.04, -12.305, -10.9, -8.805, -6.066, -2.744, 0.819, 4.504, 8.13, 11.59, 14.6, 17.2, 19.27, 20.78, 21.6, 21.6, 20.89, 19.56, 17.72, 15.49, 12.92, 9.92, 6.6, 2.727, -1.796, -6.61, -10.99, -14.266, -16.38, -17.31, -17.16, -15.98, -13.96, -11.18, -8.06, -4.71, -1.56, 1.099, 2.92, 3.588, 2.986, 1.165, -1.764, -5.613, -9.91, -14.125, -18.03, -21.3, -23.8, -25.47, -26.1, -25.73, -24.28, -21.95, -19.1, -15.85
-12.55, -8.9, -5.87, -3.898, -2.88, -2.463, -2.31, -2.135, -1.713, -1.008, -0.0438, 1.139, 2.334, 3.393, 4.19, 4.723, 5.016, 5.176, 5.242, 5.35, 5.582, 5.758, 5.773, 5.484, 4.8, 3.785, 2.566, 1.304, 0.1298, -0.8926, -1.762, -2.408, -2.912, -3.309, -3.592, -3.87, -4.203, -4.58, -5.03, -5.547, -6.06, -6.543, -6.914, -7.09, -6.957, -6.51, -5.78, -4.816, -3.656, -2.463, -1.386, -0.4966, 0.1779, 0.6235, 0.8394, 0.8726, 0.8584, 0.8154, 0.831, 0.8584, 0.8647, 0.766, 0.3987, -0.286, -1.372, -2.797, -4.43, -6.11, -7.723, -9.33, -10.84, -12.25, -13.44, -14.5, -15.266, -15.805, -16.14, -16.33, -16.47, -16.45, -16.17, -15.52, -14.3, -12.32, -9.55, -6.0, -1.835, 2.732, 7.34, 11.72, 15.63, 18.89, 21.31, 22.88, 23.69, 23.97, 23.78, 23.31, 22.52, 21.56, 20.47, 19.31, 18.05, 16.86, 15.69, 14.57, 13.52, 12.555, 11.54, 10.53, 9.625, 8.66, 7.766, 6.883, 6.03, 5.293, 4.62, 4.03, 3.492, 2.883, 2.236, 1.481, 0.567, -0.5103, -1.734, -3.129, -4.61, -6.082, -7.54, -8.836, -9.94, -10.78, -11.445, -11.74, -11.86, -11.766, -11.64, -11.52, -11.5, -11.53, -11.625, -11.74, -11.86, -11.94, -11.86, -11.375, -10.48, -9.12, -7.137, -4.55, -1.589, 1.628, 4.875, 8.07, 11.02, 13.55, 15.69, 17.34, 18.39, 18.72, 18.39, 17.5, 16.1, 14.23, 11.99, 9.21, 5.992, 2.168, -2.334, -6.934, -11.04, -14.05, -15.85, -16.56, -16.17, -14.76, -12.445, -9.46, -6.098, -2.691, 0.507, 3.088, 4.637, 4.81, 3.566, 0.915, -2.781, -7.254, -11.94, -16.44, -20.36, -23.56, -25.83, -27.19, -27.67, -27.1, -25.42, -22.84, -19.69, -16.22
-12.58, -8.96, -6.055, -4.184, -3.273, -2.914, -2.732, -2.453, -1.89, -1.092, -0.0948, 1.046, 2.076, 2.943, 3.58, 4.023, 4.28, 4.42, 4.598, 4.867, 5.223, 5.58, 5.75, 5.62, 5.04, 4.105, 2.896, 1.64, 0.4277, -0.6494, -1.59, -2.346, -2.943, -3.438, -3.836, -4.227, -4.586, -4.977, -5.42, -5.95, -6.465, -6.86, -7.117, -7.18, -6.957, -6.457, -5.72, -4.805, -3.746, -2.672, -1.744, -1.039, -0.476, -0.11755, 0.0437, 0.08746, 0.1255, 0.1743, 0.2812, 0.3752, 0.4648, 0.458, 0.1736, -0.4482, -1.441, -2.771, -4.332, -5.96, -7.63, -9.29, -10.84, -12.3, -13.59, -14.63, -15.484, -16.02, -16.38, -16.53, -16.55, -16.42, -15.98, -15.12, -13.67, -11.33, -8.23, -4.406, 0.1114, 4.91, 9.68, 14.125, 17.98, 21.06, 23.2, 24.6, 25.33, 25.48, 25.28, 24.73, 23.89, 22.88, 21.7, 20.39, 19.02, 17.72, 16.47, 15.26, 14.125, 13.04, 11.97, 10.91, 9.97, 8.99, 8.08, 7.19, 6.344, 5.582, 4.883, 4.27, 3.775, 3.209, 2.643, 1.983, 1.191, 0.2988, -0.787, -2.068, -3.463, -4.89, -6.324, -7.668, -8.9, -9.92, -10.8, -11.42, -11.81, -12.016, -12.086, -12.05, -11.97, -11.805, -11.6, -11.42, -11.17, -10.99, -10.77, -10.43, -9.84, -8.98, -7.61, -5.695, -3.346, -0.7812, 1.941, 4.75, 7.42, 9.86, 11.94, 13.66, 14.93, 15.555, 15.58, 15.1, 14.07, 12.625, 10.67, 8.17, 5.086, 1.309, -3.092, -7.457, -11.195, -13.82, -15.234, -15.67, -15.07, -13.41, -10.84, -7.574, -3.977, -0.36, 2.92, 5.34, 6.695, 6.46, 4.637, 1.299, -3.035, -7.99, -12.984, -17.53, -21.6, -24.66, -26.8, -27.94, -28.25, -27.55, -25.73, -23.08, -19.8, -16.2
-12.32, -8.86, -6.21, -4.484, -3.678, -3.416, -3.22, -2.781, -2.041, -1.15, -0.1328, 0.9277, 1.796, 2.465, 2.947, 3.262, 3.451, 3.592, 3.857, 4.273, 4.785, 5.3, 5.656, 5.676, 5.203, 4.33, 3.176, 1.934, 0.7065, -0.4346, -1.433, -2.262, -2.945, -3.523, -4.004, -4.46, -4.883, -5.324, -5.77, -6.27, -6.723, -7.082, -7.242, -7.246, -6.973, -6.438, -5.71, -4.848, -3.938, -2.992, -2.219, -1.635, -1.175, -0.904, -0.786, -0.709, -0.6616, -0.5645, -0.4001, -0.1898, -0.006634, 0.04904, -0.12006, -0.6533, -1.536, -2.744, -4.24, -5.887, -7.547, -9.266, -10.88, -12.4, -13.73, -14.85, -15.73, -16.33, -16.66, -16.77, -16.7, -16.39, -15.734, -14.63, -12.84, -10.24, -6.867, -2.707, 2.111, 7.137, 12.06, 16.47, 20.22, 23.05, 25.02, 26.2, 26.84, 27.0, 26.73, 26.19, 25.23, 24.22, 22.86, 21.5, 20.0, 18.62, 17.23, 15.92, 14.7, 13.55, 12.375, 11.305, 10.28, 9.31, 8.38, 7.504, 6.594, 5.816, 5.13, 4.527, 4.027, 3.531, 3.01, 2.443, 1.787, 1.014, 0.0436, -1.136, -2.428, -3.791, -5.16, -6.52, -7.855, -9.016, -10.04, -10.875, -11.516, -11.97, -12.24, -12.36, -12.29, -12.07, -11.71, -11.305, -10.85, -10.38, -9.95, -9.51, -9.01, -8.35, -7.434, -6.16, -4.43, -2.467, -0.276, 2.05, 4.344, 6.516, 8.53, 10.22, 11.555, 12.36, 12.78, 12.65, 11.93, 10.766, 9.086, 6.793, 3.867, 0.1945, -4.043, -8.09, -11.43, -13.55, -14.6, -14.73, -13.86, -11.875, -8.99, -5.453, -1.533, 2.205, 5.613, 8.09, 9.195, 8.69, 6.434, 2.738, -1.986, -7.254, -12.65, -17.52, -21.6, -24.61, -26.62, -27.67, -27.88, -27.06, -25.22, -22.5, -19.34, -15.875
-11.79, -8.67, -6.316, -4.85, -4.23, -4.008, -3.74, -3.12, -2.197, -1.205, -0.1914, 0.754, 1.47, 1.946, 2.242, 2.424, 2.502, 2.688, 3.043, 3.594, 4.26, 4.934, 5.445, 5.617, 5.29, 4.508, 3.41, 2.166, 0.9053, -0.2485, -1.276, -2.156, -2.934, -3.56, -4.086, -4.582, -5.094, -5.555, -6.008, -6.445, -6.855, -7.176, -7.332, -7.24, -6.902, -6.367, -5.668, -4.906, -4.13, -3.326, -2.703, -2.229, -1.906, -1.729, -1.646, -1.569, -1.501, -1.387, -1.174, -0.9062, -0.664, -0.5464, -0.589, -0.9487, -1.6875, -2.814, -4.234, -5.824, -7.566, -9.26, -10.945, -12.484, -13.92, -15.125, -16.06, -16.7, -17.03, -17.05, -16.83, -16.36, -15.484, -14.125, -12.1, -9.22, -5.426, -0.8867, 4.152, 9.41, 14.36, 18.72, 22.3, 24.89, 26.69, 27.77, 28.34, 28.5, 28.25, 27.64, 26.61, 25.36, 23.97, 22.5, 20.94, 19.42, 17.97, 16.61, 15.305, 14.03, 12.89, 11.73, 10.69, 9.68, 8.7, 7.77, 6.87, 6.09, 5.38, 4.77, 4.27, 3.807, 3.324, 2.82, 2.293, 1.629, 0.7715, -0.2786, -1.466, -2.742, -4.066, -5.46, -6.79, -8.04, -9.164, -10.19, -10.984, -11.68, -12.12, -12.38, -12.44, -12.25, -11.875, -11.33, -10.68, -9.99, -9.36, -8.805, -8.27, -7.68, -6.97, -6.094, -4.88, -3.447, -1.787, 0.01473, 1.921, 3.764, 5.496, 7.12, 8.43, 9.35, 9.97, 10.04, 9.66, 8.78, 7.3, 5.203, 2.277, -1.351, -5.355, -8.98, -11.64, -13.26, -13.945, -13.66, -12.49, -10.305, -7.082, -3.156, 0.9956, 5.03, 8.64, 11.16, 12.164, 11.7, 9.484, 5.734, 0.804, -4.926, -10.984, -16.36, -20.64, -23.69, -25.73, -26.66, -26.8, -25.84, -24.05, -21.42, -18.42, -15.1
-10.98, -8.33, -6.387, -5.277, -4.84, -4.617, -4.215, -3.414, -2.338, -1.267, -0.3015, 0.493, 1.054, 1.329, 1.426, 1.479, 1.525, 1.735, 2.168, 2.844, 3.637, 4.473, 5.15, 5.46, 5.293, 4.617, 3.588, 2.375, 1.114, -0.0563, -1.134, -2.078, -2.9, -3.572, -4.14, -4.67, -5.15, -5.62, -6.066, -6.51, -6.88, -7.133, -7.223, -7.137, -6.83, -6.348, -5.715, -5.04, -4.355, -3.72, -3.195, -2.855, -2.64, -2.533, -2.498, -2.492, -2.438, -2.307, -2.041, -1.748, -1.438, -1.236, -1.2, -1.408, -1.973, -2.943, -4.246, -5.77, -7.51, -9.25, -11.0, -12.66, -14.14, -15.46, -16.4, -17.11, -17.44, -17.39, -17.03, -16.34, -15.26, -13.586, -11.26, -7.973, -3.896, 0.917, 6.207, 11.58, 16.56, 20.84, 24.22, 26.64, 28.3, 29.28, 29.81, 29.84, 29.5, 28.8, 27.78, 26.52, 25.1, 23.53, 21.86, 20.23, 18.73, 17.27, 15.89, 14.58, 13.336, 12.086, 11.05, 10.02, 9.04, 8.086, 7.19, 6.383, 5.65, 5.01, 4.508, 4.035, 3.611, 3.188, 2.744, 2.186, 1.402, 0.4878, -0.5664, -1.75, -3.041, -4.414, -5.758, -7.09, -8.36, -9.48, -10.38, -11.14, -11.766, -12.164, -12.29, -12.234, -11.88, -11.32, -10.56, -9.72, -8.95, -8.23, -7.594, -7.004, -6.4, -5.746, -4.918, -3.863, -2.69, -1.416, 0.0386, 1.455, 2.924, 4.375, 5.594, 6.55, 7.246, 7.484, 7.3, 6.605, 5.273, 3.223, 0.3674, -3.121, -6.727, -9.74, -11.82, -12.89, -13.13, -12.52, -11.14, -8.555, -5.074, -0.827, 3.697, 8.03, 11.83, 14.445, 15.73, 15.48, 13.664, 10.05, 4.832, -1.532, -8.26, -14.336, -19.11, -22.3, -24.22, -25.08, -24.97, -24.0, -22.27, -19.78, -16.95, -13.93
-10.05, -7.973, -6.527, -5.77, -5.445, -5.17, -4.586, -3.617, -2.436, -1.319, -0.4294, 0.2146, 0.5874, 0.6685, 0.606, 0.53, 0.53, 0.743, 1.245, 2.041, 2.99, 3.967, 4.77, 5.195, 5.15, 4.62, 3.672, 2.514, 1.295, 0.09436, -1.036, -2.041, -2.893, -3.596, -4.195, -4.715, -5.17, -5.625, -6.016, -6.44, -6.793, -7.016, -7.08, -6.996, -6.707, -6.29, -5.746, -5.152, -4.58, -4.086, -3.674, -3.43, -3.342, -3.361, -3.379, -3.41, -3.402, -3.322, -3.076, -2.783, -2.443, -2.145, -2.004, -2.07, -2.432, -3.193, -4.31, -5.742, -7.418, -9.21, -11.055, -12.74, -14.35, -15.75, -16.83, -17.55, -17.88, -17.75, -17.25, -16.33, -14.96, -13.01, -10.29, -6.742, -2.326, 2.746, 8.23, 13.67, 18.62, 22.78, 25.97, 28.22, 29.72, 30.62, 31.03, 31.0, 30.58, 29.83, 28.8, 27.58, 26.11, 24.53, 22.81, 21.14, 19.53, 18.0, 16.5, 15.12, 13.836, 12.58, 11.43, 10.4, 9.37, 8.4, 7.492, 6.652, 5.906, 5.24, 4.71, 4.26, 3.873, 3.506, 3.13, 2.648, 1.963, 1.172, 0.259, -0.8267, -2.059, -3.404, -4.76, -6.12, -7.426, -8.625, -9.62, -10.52, -11.25, -11.77, -12.016, -12.0, -11.72, -11.164, -10.42, -9.516, -8.59, -7.707, -6.94, -6.297, -5.773, -5.27, -4.684, -3.988, -3.229, -2.371, -1.404, -0.354, 0.7954, 1.936, 3.016, 3.95, 4.586, 4.92, 4.797, 4.15, 2.895, 0.9165, -1.768, -4.965, -8.02, -10.44, -11.89, -12.4, -12.195, -11.375, -9.65, -6.805, -2.95, 1.643, 6.48, 11.09, 15.14, 18.08, 19.73, 19.94, 18.5, 14.95, 9.516, 2.607, -4.83, -11.734, -17.05, -20.6, -22.47, -23.17, -22.94, -21.89, -20.11, -17.75, -15.19, -12.46
-9.09, -7.656, -6.668, -6.2, -6.004, -5.66, -4.94, -3.79, -2.498, -1.359, -0.555, -0.094, 0.03818, -0.06573, -0.2979, -0.4878, -0.5107, -0.2983, 0.259, 1.107, 2.19, 3.293, 4.266, 4.832, 4.91, 4.555, 3.742, 2.664, 1.489, 0.2556, -0.935, -2.0, -2.92, -3.684, -4.285, -4.82, -5.254, -5.63, -6.0, -6.348, -6.645, -6.812, -6.902, -6.824, -6.57, -6.203, -5.754, -5.242, -4.77, -4.387, -4.098, -3.936, -3.924, -4.055, -4.195, -4.305, -4.418, -4.426, -4.3, -4.055, -3.732, -3.365, -3.059, -2.94, -3.049, -3.557, -4.457, -5.734, -7.348, -9.125, -11.04, -12.805, -14.516, -15.99, -17.19, -17.97, -18.25, -18.06, -17.42, -16.3, -14.625, -12.37, -9.305, -5.5, -0.812, 4.53, 10.17, 15.67, 20.62, 24.55, 27.48, 29.55, 30.9, 31.69, 32.0, 31.9, 31.44, 30.67, 29.67, 28.48, 27.08, 25.53, 23.83, 22.11, 20.44, 18.8, 17.23, 15.766, 14.38, 13.07, 11.875, 10.77, 9.695, 8.66, 7.758, 6.88, 6.168, 5.45, 4.895, 4.438, 4.066, 3.768, 3.432, 3.02, 2.463, 1.791, 1.004, 0.01364, -1.144, -2.447, -3.809, -5.133, -6.48, -7.72, -8.836, -9.82, -10.65, -11.21, -11.52, -11.6, -11.44, -10.88, -10.15, -9.22, -8.2, -7.215, -6.38, -5.668, -5.16, -4.74, -4.367, -4.05, -3.66, -3.176, -2.613, -1.954, -1.192, -0.3643, 0.4912, 1.294, 1.811, 2.135, 2.104, 1.4375, 0.2019, -1.718, -4.164, -6.86, -9.24, -10.94, -11.78, -11.77, -11.28, -10.09, -8.13, -5.023, -0.8467, 4.125, 9.25, 14.26, 18.52, 21.81, 23.94, 24.58, 23.36, 19.8, 14.21, 7.074, -0.9233, -8.63, -14.81, -18.8, -20.66, -21.1, -20.7, -19.55, -17.75, -15.484, -13.15, -10.93
-8.15, -7.258, -6.754, -6.54, -6.43, -6.02, -5.168, -3.887, -2.527, -1.421, -0.719, -0.4475, -0.545, -0.8457, -1.25, -1.525, -1.598, -1.37, -0.7983, 0.09796, 1.247, 2.459, 3.568, 4.32, 4.625, 4.406, 3.768, 2.77, 1.589, 0.343, -0.9004, -2.059, -3.059, -3.85, -4.508, -5.094, -5.504, -5.81, -6.09, -6.33, -6.516, -6.652, -6.74, -6.676, -6.496, -6.21, -5.8, -5.31, -4.906, -4.6, -4.41, -4.33, -4.4, -4.598, -4.906, -5.227, -5.51, -5.7, -5.754, -5.613, -5.32, -4.953, -4.484, -4.098, -3.887, -4.082, -4.707, -5.734, -7.19, -8.95, -10.93, -12.82, -14.65, -16.22, -17.48, -18.28, -18.56, -18.3, -17.52, -16.17, -14.26, -11.71, -8.34, -4.242, 0.6953, 6.227, 12.02, 17.56, 22.4, 26.08, 28.8, 30.66, 31.84, 32.47, 32.62, 32.47, 32.0, 31.3, 30.38, 29.28, 28.02, 26.48, 24.86, 23.12, 21.39, 19.69, 18.05, 16.5, 15.04, 13.66, 12.35, 11.14, 10.06, 8.95, 8.05, 7.176, 6.414, 5.71, 5.082, 4.613, 4.27, 3.984, 3.688, 3.336, 2.896, 2.33, 1.636, 0.74, -0.3115, -1.521, -2.836, -4.176, -5.484, -6.777, -7.996, -9.07, -9.92, -10.61, -10.98, -11.09, -10.984, -10.51, -9.805, -8.875, -7.867, -6.83, -5.926, -5.176, -4.668, -4.3, -4.13, -4.08, -4.01, -3.955, -3.812, -3.58, -3.193, -2.703, -2.166, -1.554, -1.097, -0.795, -0.899, -1.539, -2.762, -4.49, -6.598, -8.65, -10.28, -11.17, -11.33, -10.945, -10.17, -8.79, -6.56, -3.176, 1.284, 6.523, 11.95, 17.19, 21.83, 25.38, 27.78, 28.62, 27.33, 23.7, 18.16, 11.08, 2.896, -5.418, -12.41, -16.9, -18.88, -19.25, -18.55, -17.25, -15.41, -13.305, -11.195, -9.414
-7.215, -6.81, -6.684, -6.71, -6.668, -6.215, -5.285, -3.932, -2.54, -1.485, -0.9185, -0.8496, -1.178, -1.659, -2.174, -2.559, -2.67, -2.426, -1.896, -0.9604, 0.2064, 1.497, 2.719, 3.674, 4.18, 4.195, 3.717, 2.812, 1.647, 0.3623, -0.948, -2.207, -3.3, -4.164, -4.895, -5.48, -5.88, -6.156, -6.33, -6.473, -6.535, -6.574, -6.586, -6.535, -6.383, -6.133, -5.773, -5.297, -4.887, -4.605, -4.453, -4.496, -4.715, -5.105, -5.613, -6.215, -6.79, -7.25, -7.523, -7.523, -7.305, -6.85, -6.234, -5.555, -4.973, -4.777, -5.05, -5.824, -7.13, -8.87, -10.79, -12.77, -14.63, -16.3, -17.64, -18.47, -18.69, -18.31, -17.42, -15.92, -13.79, -10.96, -7.367, -2.96, 2.174, 7.895, 13.734, 19.31, 24.0, 27.5, 29.98, 31.61, 32.53, 32.97, 33.0, 32.78, 32.34, 31.72, 30.92, 29.97, 28.81, 27.42, 25.9, 24.19, 22.44, 20.67, 18.95, 17.33, 15.766, 14.31, 12.94, 11.66, 10.5, 9.34, 8.35, 7.438, 6.664, 5.926, 5.305, 4.83, 4.45, 4.168, 3.926, 3.617, 3.27, 2.807, 2.201, 1.401, 0.4727, -0.613, -1.868, -3.191, -4.477, -5.78, -7.08, -8.23, -9.19, -9.945, -10.4, -10.57, -10.5, -10.12, -9.46, -8.58, -7.527, -6.48, -5.54, -4.8, -4.305, -4.004, -3.996, -4.15, -4.406, -4.79, -5.117, -5.33, -5.344, -5.24, -4.99, -4.543, -4.17, -3.984, -4.152, -4.742, -5.812, -7.223, -8.81, -10.11, -10.914, -11.12, -10.766, -10.016, -8.94, -7.37, -4.934, -1.377, 3.324, 8.78, 14.49, 19.88, 24.75, 28.55, 31.02, 31.73, 30.27, 26.52, 21.06, 14.336, 6.367, -2.195, -9.81, -14.914, -17.2, -17.45, -16.55, -15.086, -13.22, -11.22, -9.42, -8.03
-6.312, -6.254, -6.44, -6.68, -6.727, -6.324, -5.336, -3.955, -2.602, -1.635, -1.215, -1.321, -1.822, -2.432, -3.086, -3.555, -3.717, -3.531, -3.023, -2.139, -0.947, 0.4229, 1.759, 2.889, 3.633, 3.855, 3.543, 2.797, 1.695, 0.3833, -1.003, -2.36, -3.541, -4.543, -5.418, -6.06, -6.484, -6.715, -6.855, -6.836, -6.746, -6.695, -6.617, -6.453, -6.27, -5.992, -5.6, -5.11, -4.67, -4.363, -4.254, -4.35, -4.77, -5.473, -6.34, -7.332, -8.36, -9.195, -9.695, -9.85, -9.65, -9.09, -8.24, -7.29, -6.324, -5.715, -5.555, -5.97, -7.07, -8.695, -10.61, -12.66, -14.58, -16.25, -17.64, -18.47, -18.69, -18.28, -17.23, -15.57, -13.25, -10.14, -6.25, -1.576, 3.74, 9.55, 15.44, 20.97, 25.45, 28.72, 30.92, 32.3, 33.06, 33.3, 33.25, 33.0, 32.6, 32.03, 31.36, 30.52, 29.56, 28.34, 26.9, 25.27, 23.53, 21.73, 19.98, 18.23, 16.61, 15.08, 13.586, 12.23, 10.98, 9.82, 8.76, 7.82, 6.945, 6.16, 5.51, 5.0, 4.625, 4.355, 4.12, 3.848, 3.566, 3.22, 2.732, 2.064, 1.224, 0.234, -0.9424, -2.191, -3.453, -4.742, -6.074, -7.28, -8.305, -9.14, -9.695, -9.95, -9.97, -9.695, -9.1, -8.29, -7.277, -6.227, -5.293, -4.54, -4.04, -3.814, -3.928, -4.324, -4.934, -5.727, -6.56, -7.207, -7.645, -7.855, -7.83, -7.6, -7.34, -7.22, -7.37, -7.855, -8.664, -9.65, -10.55, -11.05, -11.12, -10.79, -9.984, -8.93, -7.59, -5.887, -3.348, 0.3384, 5.18, 10.78, 16.66, 22.3, 27.27, 31.02, 33.38, 33.84, 32.22, 28.47, 23.2, 16.88, 9.336, 0.858, -7.188, -12.91, -15.586, -15.87, -14.82, -13.22, -11.336, -9.445, -7.83, -6.77
-5.418, -5.637, -6.062, -6.48, -6.66, -6.312, -5.316, -3.941, -2.635, -1.794, -1.519, -1.779, -2.404, -3.158, -3.912, -4.484, -4.727, -4.645, -4.273, -3.49, -2.281, -0.9146, 0.5757, 1.855, 2.844, 3.338, 3.29, 2.75, 1.74, 0.419, -1.04, -2.504, -3.816, -4.97, -5.973, -6.76, -7.28, -7.508, -7.56, -7.4, -7.18, -6.934, -6.715, -6.445, -6.156, -5.76, -5.234, -4.68, -4.195, -3.826, -3.691, -3.943, -4.664, -5.785, -7.188, -8.8, -10.336, -11.664, -12.48, -12.78, -12.6, -11.87, -10.74, -9.37, -7.992, -6.824, -6.184, -6.203, -6.99, -8.516, -10.336, -12.34, -14.29, -16.08, -17.45, -18.27, -18.45, -17.98, -16.83, -15.02, -12.52, -9.22, -5.133, -0.2427, 5.305, 11.18, 17.06, 22.5, 26.78, 29.8, 31.78, 32.9, 33.47, 33.6, 33.5, 33.25, 32.88, 32.3, 31.67, 30.97, 30.14, 29.14, 27.84, 26.33, 24.67, 22.83, 21.0, 19.22, 17.53, 15.88, 14.336, 12.91, 11.57, 10.336, 9.2, 8.164, 7.277, 6.477, 5.77, 5.203, 4.79, 4.492, 4.285, 4.066, 3.834, 3.584, 3.201, 2.625, 1.869, 0.976, -0.07996, -1.238, -2.455, -3.75, -5.016, -6.254, -7.312, -8.25, -8.945, -9.31, -9.4, -9.22, -8.67, -7.93, -6.992, -6.004, -5.133, -4.387, -3.906, -3.725, -3.965, -4.598, -5.54, -6.7, -7.844, -8.88, -9.75, -10.28, -10.45, -10.38, -10.26, -10.09, -10.195, -10.484, -10.875, -11.305, -11.45, -11.3, -10.79, -10.055, -9.03, -7.78, -6.254, -4.37, -1.688, 2.059, 6.95, 12.664, 18.62, 24.39, 29.33, 32.97, 35.12, 35.4, 33.62, 29.86, 24.8, 18.83, 11.82, 3.674, -4.477, -10.72, -13.92, -14.47, -13.39, -11.73, -9.8, -7.96, -6.477, -5.62
-4.57, -4.953, -5.582, -6.19, -6.477, -6.203, -5.242, -3.89, -2.643, -1.923, -1.775, -2.172, -2.904, -3.797, -4.67, -5.383, -5.83, -5.98, -5.754, -5.066, -3.904, -2.488, -0.9053, 0.6147, 1.873, 2.656, 2.94, 2.639, 1.783, 0.529, -0.9746, -2.56, -4.055, -5.38, -6.562, -7.543, -8.16, -8.46, -8.47, -8.18, -7.74, -7.29, -6.844, -6.395, -5.953, -5.375, -4.688, -3.945, -3.303, -2.814, -2.732, -3.213, -4.316, -5.973, -8.02, -10.35, -12.59, -14.45, -15.72, -16.33, -16.12, -15.21, -13.65, -11.79, -9.82, -8.15, -6.953, -6.484, -6.906, -8.22, -9.99, -11.96, -13.914, -15.69, -17.05, -17.89, -18.03, -17.52, -16.28, -14.34, -11.72, -8.25, -3.936, 1.132, 6.77, 12.71, 18.64, 23.94, 28.06, 30.73, 32.4, 33.34, 33.75, 33.84, 33.72, 33.5, 33.12, 32.6, 31.98, 31.31, 30.66, 29.83, 28.72, 27.31, 25.7, 23.95, 22.11, 20.25, 18.45, 16.75, 15.164, 13.67, 12.266, 10.945, 9.734, 8.66, 7.7, 6.805, 6.07, 5.465, 5.023, 4.707, 4.457, 4.246, 4.08, 3.863, 3.555, 3.1, 2.46, 1.668, 0.7236, -0.2986, -1.442, -2.707, -3.988, -5.21, -6.367, -7.35, -8.13, -8.62, -8.86, -8.74, -8.33, -7.652, -6.816, -5.91, -5.066, -4.316, -3.87, -3.775, -4.152, -4.934, -6.094, -7.46, -8.93, -10.29, -11.414, -12.13, -12.516, -12.57, -12.45, -12.26, -12.18, -12.15, -12.055, -11.9, -11.38, -10.71, -9.805, -8.83, -7.74, -6.473, -4.895, -2.879, -0.1031, 3.709, 8.52, 14.14, 20.22, 26.06, 30.89, 34.34, 36.28, 36.38, 34.53, 30.89, 26.06, 20.42, 13.99, 6.305, -1.88, -8.47, -12.164, -13.0, -12.086, -10.414, -8.61, -6.85, -5.473, -4.695
-3.896, -4.324, -5.094, -5.883, -6.28, -6.04, -5.09, -3.775, -2.582, -1.943, -1.891, -2.39, -3.225, -4.266, -5.344, -6.344, -7.11, -7.566, -7.535, -6.957, -5.895, -4.426, -2.666, -0.9087, 0.671, 1.819, 2.445, 2.45, 1.781, 0.6333, -0.879, -2.578, -4.21, -5.75, -7.117, -8.23, -9.016, -9.38, -9.38, -9.01, -8.39, -7.69, -7.0, -6.34, -5.62, -4.766, -3.812, -2.797, -1.87, -1.311, -1.32, -2.082, -3.67, -5.97, -8.72, -11.73, -14.6, -17.11, -19.0, -20.0, -19.98, -18.88, -16.92, -14.46, -11.87, -9.586, -7.824, -6.85, -6.867, -7.89, -9.555, -11.52, -13.37, -15.125, -16.45, -17.27, -17.42, -16.86, -15.52, -13.516, -10.78, -7.176, -2.672, 2.533, 8.26, 14.24, 20.16, 25.38, 29.14, 31.53, 32.9, 33.66, 33.97, 34.03, 33.9, 33.7, 33.3, 32.78, 32.2, 31.55, 30.98, 30.33, 29.42, 28.2, 26.7, 25.06, 23.2, 21.31, 19.44, 17.69, 16.05, 14.49, 13.016, 11.6, 10.34, 9.19, 8.13, 7.188, 6.387, 5.746, 5.266, 4.895, 4.625, 4.406, 4.25, 4.098, 3.842, 3.494, 2.977, 2.297, 1.498, 0.584, -0.4749, -1.632, -2.852, -4.08, -5.3, -6.387, -7.23, -7.88, -8.195, -8.234, -7.945, -7.414, -6.695, -5.863, -5.07, -4.37, -3.92, -3.852, -4.29, -5.19, -6.438, -7.97, -9.586, -11.07, -12.305, -13.125, -13.55, -13.66, -13.52, -13.266, -12.88, -12.42, -11.87, -11.05, -9.984, -8.914, -7.85, -6.81, -5.812, -4.72, -3.29, -1.369, 1.369, 5.12, 9.836, 15.42, 21.4, 27.27, 32.12, 35.4, 37.06, 37.03, 35.2, 31.72, 27.1, 21.78, 15.74, 8.62, 0.7056, -6.062, -10.2, -11.44, -10.81, -9.34, -7.617, -5.996, -4.69, -3.99
-3.373, -3.838, -4.69, -5.586, -6.03, -5.76, -4.797, -3.482, -2.326, -1.715, -1.74, -2.3, -3.27, -4.562, -6.04, -7.543, -8.78, -9.625, -9.875, -9.4, -8.3, -6.72, -4.76, -2.703, -0.7847, 0.8086, 1.84, 2.158, 1.762, 0.7734, -0.7363, -2.451, -4.18, -5.848, -7.387, -8.7, -9.664, -10.13, -10.164, -9.734, -8.96, -8.05, -7.12, -6.137, -5.12, -3.93, -2.592, -1.19, 0.0228, 0.7334, 0.61, -0.498, -2.494, -5.312, -8.7, -12.35, -15.914, -19.14, -21.67, -23.23, -23.55, -22.53, -20.3, -17.28, -14.055, -11.06, -8.66, -7.246, -6.844, -7.53, -8.95, -10.79, -12.664, -14.34, -15.65, -16.42, -16.56, -15.98, -14.625, -12.58, -9.72, -5.977, -1.39, 3.97, 9.76, 15.73, 21.56, 26.56, 30.03, 32.16, 33.25, 33.8, 34.03, 34.06, 34.0, 33.78, 33.4, 32.88, 32.25, 31.62, 31.06, 30.56, 29.9, 28.9, 27.64, 26.06, 24.28, 22.4, 20.52, 18.7, 17.0, 15.37, 13.805, 12.32, 10.984, 9.76, 8.65, 7.633, 6.754, 6.066, 5.543, 5.105, 4.797, 4.57, 4.395, 4.27, 4.08, 3.8, 3.39, 2.865, 2.182, 1.378, 0.4275, -0.6504, -1.787, -2.93, -4.14, -5.285, -6.24, -7.008, -7.465, -7.656, -7.516, -7.15, -6.53, -5.8, -5.062, -4.45, -4.0, -3.926, -4.34, -5.24, -6.516, -8.1, -9.66, -11.086, -12.26, -13.02, -13.445, -13.51, -13.25, -12.76, -12.01, -11.09, -9.9, -8.555, -7.133, -5.8, -4.598, -3.656, -2.838, -2.06, -1.031, 0.527, 2.842, 6.36, 10.98, 16.39, 22.34, 28.06, 32.9, 36.16, 37.75, 37.56, 35.72, 32.38, 27.95, 22.95, 17.34, 10.766, 3.254, -3.543, -7.9, -9.586, -9.414, -8.25, -6.777, -5.344, -4.18, -3.48
-3.064, -3.543, -4.45, -5.355, -5.758, -5.4, -4.355, -2.95, -1.79, -1.177, -1.194, -1.833, -2.994, -4.68, -6.65, -8.734, -10.67, -12.02, -12.625, -12.305, -11.19, -9.38, -7.176, -4.758, -2.389, -0.396, 1.09, 1.83, 1.752, 0.95, -0.4558, -2.201, -4.016, -5.79, -7.457, -8.9, -10.016, -10.59, -10.66, -10.21, -9.33, -8.234, -7.023, -5.758, -4.414, -2.738, -0.89, 0.983, 2.484, 3.281, 3.014, 1.675, -0.6475, -3.848, -7.742, -11.95, -16.22, -20.19, -23.4, -25.67, -26.45, -25.6, -23.31, -19.92, -16.11, -12.445, -9.5, -7.48, -6.67, -7.047, -8.29, -9.96, -11.67, -13.305, -14.625, -15.42, -15.54, -14.94, -13.55, -11.41, -8.54, -4.76, -0.0469, 5.42, 11.18, 17.14, 22.81, 27.58, 30.86, 32.62, 33.47, 33.8, 33.97, 34.03, 34.0, 33.78, 33.34, 32.75, 32.03, 31.38, 30.9, 30.5, 30.11, 29.44, 28.42, 27.02, 25.34, 23.52, 21.61, 19.75, 17.98, 16.28, 14.67, 13.13, 11.71, 10.43, 9.21, 8.12, 7.17, 6.42, 5.832, 5.348, 4.984, 4.707, 4.54, 4.414, 4.25, 4.03, 3.736, 3.348, 2.785, 2.096, 1.26, 0.2947, -0.752, -1.82, -2.941, -4.125, -5.18, -6.07, -6.68, -7.0, -7.047, -6.848, -6.36, -5.723, -5.043, -4.45, -4.02, -3.932, -4.312, -5.1, -6.23, -7.664, -9.06, -10.35, -11.375, -12.05, -12.36, -12.23, -11.664, -10.88, -9.71, -8.34, -6.63, -4.863, -3.125, -1.562, -0.3167, 0.5283, 1.104, 1.449, 1.921, 2.867, 4.586, 7.6, 11.81, 16.97, 22.72, 28.47, 33.34, 36.66, 38.2, 37.97, 36.1, 32.9, 28.64, 23.92, 18.77, 12.71, 5.72, -0.864, -5.402, -7.504, -7.75, -7.004, -5.918, -4.773, -3.775, -3.117
-3.043, -3.547, -4.418, -5.21, -5.46, -4.92, -3.666, -2.158, -0.9185, -0.1843, -0.1283, -0.7886, -2.135, -4.227, -6.77, -9.51, -12.15, -14.266, -15.48, -15.56, -14.47, -12.445, -9.83, -7.004, -4.234, -1.726, 0.2343, 1.423, 1.7295, 1.207, -0.06586, -1.804, -3.621, -5.43, -7.152, -8.7, -9.914, -10.66, -10.81, -10.38, -9.42, -8.16, -6.69, -5.117, -3.26, -1.087, 1.328, 3.674, 5.484, 6.344, 6.04, 4.54, 2.014, -1.587, -5.895, -10.56, -15.49, -20.23, -24.27, -27.1, -28.3, -27.78, -25.58, -21.97, -17.84, -13.69, -10.18, -7.652, -6.35, -6.39, -7.39, -8.84, -10.45, -12.07, -13.39, -14.22, -14.36, -13.75, -12.36, -10.21, -7.258, -3.406, 1.424, 6.88, 12.6, 18.45, 24.03, 28.56, 31.48, 32.97, 33.56, 33.75, 33.84, 33.9, 33.84, 33.53, 33.0, 32.25, 31.36, 30.67, 30.2, 29.95, 29.81, 29.45, 28.8, 27.78, 26.36, 24.67, 22.78, 20.86, 19.0, 17.23, 15.56, 13.984, 12.49, 11.12, 9.82, 8.67, 7.68, 6.855, 6.137, 5.547, 5.15, 4.855, 4.68, 4.54, 4.418, 4.26, 4.027, 3.729, 3.28, 2.72, 2.01, 1.175, 0.2323, -0.744, -1.789, -2.922, -3.988, -4.96, -5.74, -6.254, -6.492, -6.45, -6.113, -5.55, -4.953, -4.383, -3.97, -3.844, -4.1, -4.766, -5.71, -6.9, -8.11, -9.164, -9.96, -10.38, -10.42, -9.97, -9.15, -8.0, -6.4, -4.61, -2.592, -0.517, 1.438, 3.06, 4.34, 5.06, 5.383, 5.355, 5.234, 5.54, 6.656, 8.89, 12.445, 17.25, 22.81, 28.45, 33.44, 36.84, 38.44, 38.28, 36.5, 33.25, 29.14, 24.72, 19.97, 14.52, 8.09, 1.743, -2.832, -5.227, -5.89, -5.66, -4.992, -4.242, -3.502, -3.035
-3.307, -3.81, -4.582, -5.164, -5.164, -4.31, -2.758, -1.043, 0.3916, 1.349, 1.592, 1.046, -0.4526, -2.81, -5.88, -9.3, -12.75, -15.71, -17.7, -18.36, -17.62, -15.57, -12.68, -9.375, -6.066, -3.1, -0.7026, 0.941, 1.672, 1.448, 0.3796, -1.205, -2.96, -4.75, -6.492, -8.086, -9.42, -10.28, -10.54, -10.16, -9.164, -7.72, -6.0, -4.09, -1.779, 0.9487, 3.943, 6.668, 8.83, 9.84, 9.6, 8.04, 5.293, 1.509, -3.152, -8.21, -13.6, -18.98, -23.77, -27.28, -29.0, -28.81, -26.75, -23.25, -18.84, -14.34, -10.484, -7.6, -5.96, -5.65, -6.34, -7.598, -9.055, -10.57, -11.89, -12.77, -13.05, -12.42, -11.03, -8.836, -5.883, -2.02, 2.855, 8.28, 13.98, 19.73, 25.16, 29.39, 32.0, 33.22, 33.6, 33.7, 33.72, 33.7, 33.47, 32.97, 32.22, 31.27, 30.34, 29.53, 29.06, 28.92, 29.12, 29.16, 28.94, 28.28, 27.22, 25.73, 23.95, 22.03, 20.08, 18.27, 16.55, 14.91, 13.35, 11.89, 10.52, 9.28, 8.19, 7.3, 6.492, 5.863, 5.383, 5.05, 4.812, 4.66, 4.57, 4.45, 4.26, 4.03, 3.682, 3.205, 2.604, 1.882, 1.079, 0.2255, -0.692, -1.696, -2.729, -3.727, -4.652, -5.383, -5.816, -5.95, -5.766, -5.324, -4.82, -4.29, -3.857, -3.621, -3.713, -4.168, -4.863, -5.8, -6.76, -7.59, -8.12, -8.26, -7.99, -7.254, -6.16, -4.574, -2.621, -0.555, 1.681, 3.969, 5.934, 7.5, 8.65, 9.19, 9.266, 8.914, 8.445, 8.234, 8.695, 10.21, 13.03, 17.33, 22.5, 28.1, 33.22, 36.88, 38.6, 38.47, 36.7, 33.53, 29.45, 25.25, 20.97, 16.11, 10.305, 4.402, -0.2286, -2.871, -3.941, -4.13, -4.004, -3.697, -3.365, -3.18
-3.902, -4.414, -4.99, -5.215, -4.785, -3.49, -1.591, 0.426, 2.178, 3.47, 4.082, 3.781, 2.332, -0.201, -3.695, -7.82, -12.055, -15.82, -18.66, -20.12, -19.98, -18.25, -15.27, -11.59, -7.84, -4.39, -1.556, 0.4697, 1.586, 1.711, 0.9453, -0.4368, -2.066, -3.752, -5.504, -7.09, -8.5, -9.445, -9.84, -9.52, -8.58, -6.98, -5.03, -2.697, 0.03107, 3.322, 6.793, 9.99, 12.42, 13.555, 13.43, 11.91, 9.06, 5.15, 0.45, -4.78, -10.47, -16.3, -21.72, -25.84, -28.08, -28.28, -26.58, -23.31, -19.02, -14.5, -10.38, -7.36, -5.535, -4.926, -5.273, -6.207, -7.383, -8.82, -10.21, -11.21, -11.58, -11.05, -9.66, -7.496, -4.547, -0.6426, 4.176, 9.58, 15.26, 20.88, 26.14, 30.11, 32.47, 33.44, 33.66, 33.66, 33.6, 33.38, 32.84, 31.98, 30.9, 29.7, 28.72, 27.86, 27.42, 27.52, 27.89, 28.28, 28.53, 28.38, 27.72, 26.61, 25.05, 23.19, 21.27, 19.36, 17.58, 15.88, 14.266, 12.73, 11.266, 9.98, 8.82, 7.78, 6.89, 6.176, 5.6, 5.2, 4.926, 4.746, 4.63, 4.523, 4.418, 4.242, 3.975, 3.572, 3.066, 2.457, 1.78, 1.042, 0.2444, -0.6333, -1.565, -2.49, -3.453, -4.3, -4.93, -5.312, -5.3, -5.043, -4.613, -4.098, -3.607, -3.3, -3.268, -3.473, -3.918, -4.555, -5.285, -5.82, -6.086, -5.945, -5.387, -4.336, -2.865, -0.965, 1.165, 3.488, 5.855, 8.06, 9.984, 11.484, 12.36, 12.63, 12.33, 11.7, 10.945, 10.34, 10.34, 11.39, 13.555, 17.19, 21.94, 27.47, 32.66, 36.6, 38.56, 38.56, 36.78, 33.56, 29.48, 25.47, 21.6, 17.39, 12.305, 6.824, 2.25, -0.6025, -1.985, -2.592, -2.918, -3.129, -3.34, -3.562
-4.754, -5.28, -5.54, -5.297, -4.332, -2.521, -0.2283, 2.16, 4.348, 6.215, 7.35, 7.402, 6.15, 3.576, -0.2585, -4.93, -9.875, -14.49, -18.11, -20.38, -21.0, -19.88, -17.14, -13.414, -9.32, -5.555, -2.416, -0.01551, 1.465, 1.921, 1.526, 0.4963, -0.9155, -2.45, -4.137, -5.727, -7.152, -8.22, -8.72, -8.45, -7.496, -5.84, -3.67, -1.03, 2.133, 5.85, 9.805, 13.5, 16.14, 17.48, 17.4, 15.91, 13.12, 9.24, 4.543, -0.6445, -6.31, -12.305, -18.1, -22.61, -25.31, -26.12, -24.9, -22.16, -18.31, -14.125, -10.08, -7.062, -5.13, -4.27, -4.273, -4.875, -5.816, -6.98, -8.22, -9.32, -9.875, -9.54, -8.28, -6.14, -3.18, 0.6636, 5.4, 10.71, 16.36, 21.9, 26.94, 30.69, 32.84, 33.72, 33.84, 33.72, 33.44, 32.84, 31.86, 30.53, 29.08, 27.75, 26.58, 25.77, 25.48, 25.67, 26.23, 27.0, 27.7, 27.98, 27.81, 27.12, 25.92, 24.27, 22.42, 20.53, 18.66, 16.86, 15.22, 13.61, 12.09, 10.73, 9.47, 8.375, 7.39, 6.55, 5.863, 5.344, 5.03, 4.824, 4.74, 4.645, 4.547, 4.438, 4.25, 3.902, 3.46, 2.967, 2.367, 1.684, 0.95, 0.2123, -0.5684, -1.384, -2.275, -3.164, -3.97, -4.53, -4.72, -4.63, -4.29, -3.828, -3.348, -2.941, -2.73, -2.691, -2.854, -3.188, -3.621, -3.934, -3.998, -3.658, -2.809, -1.488, 0.2976, 2.361, 4.56, 6.914, 9.22, 11.31, 12.93, 14.21, 14.79, 14.74, 14.1, 13.125, 12.12, 11.414, 11.266, 12.04, 13.766, 16.83, 21.23, 26.58, 31.84, 36.1, 38.34, 38.5, 36.66, 33.34, 29.36, 25.52, 22.0, 18.34, 13.96, 9.06, 4.582, 1.469, -0.2438, -1.168, -1.859, -2.61, -3.41, -4.133
-5.633, -6.12, -6.066, -5.332, -3.79, -1.44, 1.289, 4.11, 6.914, 9.41, 11.14, 11.62, 10.625, 8.125, 4.188, -0.797, -6.27, -11.64, -16.08, -19.12, -20.53, -20.1, -17.92, -14.375, -10.32, -6.4, -3.066, -0.4646, 1.282, 2.064, 2.016, 1.352, 0.251, -1.062, -2.533, -4.04, -5.477, -6.59, -7.19, -7.09, -6.19, -4.52, -2.102, 0.8154, 4.316, 8.445, 12.836, 16.8, 19.73, 21.1, 21.14, 19.77, 17.22, 13.555, 9.08, 4.008, -1.482, -7.316, -13.02, -17.77, -20.95, -22.42, -21.88, -19.95, -16.8, -13.12, -9.55, -6.754, -4.85, -3.889, -3.623, -3.803, -4.36, -5.184, -6.223, -7.27, -7.94, -7.855, -6.82, -4.754, -1.857, 1.928, 6.53, 11.77, 17.28, 22.72, 27.62, 31.16, 33.16, 33.97, 34.06, 33.88, 33.25, 32.16, 30.56, 28.72, 26.9, 25.27, 24.11, 23.42, 23.23, 23.53, 24.3, 25.34, 26.33, 26.97, 27.27, 27.03, 26.3, 25.03, 23.42, 21.64, 19.78, 17.95, 16.17, 14.54, 12.97, 11.516, 10.2, 9.02, 7.902, 6.953, 6.18, 5.56, 5.145, 4.9, 4.816, 4.758, 4.703, 4.64, 4.508, 4.227, 3.861, 3.434, 2.88, 2.244, 1.536, 0.8403, 0.1628, -0.529, -1.257, -2.07, -2.898, -3.559, -3.936, -4.016, -3.838, -3.469, -2.994, -2.541, -2.191, -1.962, -1.838, -1.854, -1.97, -2.055, -1.957, -1.495, -0.451, 1.037, 2.877, 4.95, 7.047, 9.15, 11.15, 12.81, 14.13, 14.95, 15.18, 14.81, 14.016, 12.875, 11.664, 10.945, 10.79, 11.67, 13.484, 16.27, 20.31, 25.55, 30.95, 35.44, 37.94, 38.16, 36.28, 32.84, 28.97, 25.38, 22.16, 19.0, 15.31, 10.98, 6.668, 3.346, 1.285, 0.0834, -0.9243, -2.123, -3.463, -4.707
-6.203, -6.68, -6.367, -5.188, -3.094, -0.2917, 2.861, 6.23, 9.7, 12.89, 15.2, 16.08, 15.375, 13.11, 9.33, 4.26, -1.553, -7.445, -12.52, -16.23, -18.5, -18.88, -17.39, -14.39, -10.63, -6.87, -3.533, -0.871, 0.939, 1.9375, 2.229, 1.93, 1.218, 0.2524, -0.949, -2.283, -3.59, -4.71, -5.4, -5.41, -4.58, -2.871, -0.3186, 2.773, 6.547, 10.984, 15.63, 19.78, 22.75, 24.34, 24.56, 23.44, 21.16, 17.86, 13.68, 8.92, 3.7, -1.708, -7.004, -11.84, -15.5, -17.45, -17.9, -16.78, -14.56, -11.78, -8.945, -6.688, -5.086, -4.105, -3.598, -3.451, -3.525, -3.812, -4.375, -5.168, -5.83, -5.992, -5.28, -3.44, -0.615, 3.05, 7.496, 12.57, 17.98, 23.3, 28.0, 31.5, 33.5, 34.28, 34.3, 33.88, 32.8, 31.12, 28.97, 26.69, 24.67, 22.97, 21.77, 21.11, 21.0, 21.42, 22.23, 23.36, 24.53, 25.55, 26.16, 26.4, 26.14, 25.33, 24.11, 22.56, 20.84, 19.03, 17.25, 15.53, 13.914, 12.42, 11.0, 9.71, 8.47, 7.418, 6.5, 5.836, 5.32, 4.992, 4.88, 4.867, 4.867, 4.875, 4.824, 4.652, 4.344, 3.932, 3.375, 2.664, 1.884, 1.127, 0.465, -0.07385, -0.5737, -1.158, -1.858, -2.521, -2.998, -3.18, -3.123, -2.86, -2.46, -2.035, -1.663, -1.335, -1.044, -0.8247, -0.671, -0.518, -0.2411, 0.3696, 1.476, 3.014, 4.773, 6.652, 8.43, 9.94, 11.26, 12.195, 12.77, 12.9, 12.57, 11.97, 11.13, 10.19, 9.26, 8.78, 8.95, 10.23, 12.43, 15.36, 19.27, 24.31, 29.97, 34.72, 37.38, 37.6, 35.56, 32.1, 28.31, 24.97, 22.06, 19.3, 16.19, 12.516, 8.52, 5.066, 2.703, 1.245, 0.02626, -1.462, -3.238, -4.973
-6.293, -6.895, -6.395, -4.793, -2.264, 0.9365, 4.55, 8.484, 12.586, 16.39, 19.17, 20.36, 19.95, 17.98, 14.59, 9.81, 4.01, -2.11, -7.67, -12.055, -14.984, -16.19, -15.51, -13.27, -10.13, -6.844, -3.803, -1.334, 0.3787, 1.389, 1.841, 1.857, 1.581, 1.072, 0.3564, -0.5454, -1.62, -2.652, -3.406, -3.559, -2.8, -1.07, 1.466, 4.703, 8.62, 13.25, 18.12, 22.39, 25.48, 27.22, 27.61, 26.83, 24.94, 22.05, 18.25, 13.8, 8.99, 4.008, -0.8823, -5.426, -9.25, -11.79, -12.97, -12.86, -11.734, -10.12, -8.42, -6.95, -5.938, -5.215, -4.7, -4.23, -3.764, -3.355, -3.21, -3.39, -3.771, -4.004, -3.55, -2.05, 0.5093, 4.023, 8.305, 13.26, 18.47, 23.66, 28.25, 31.69, 33.66, 34.5, 34.47, 33.72, 32.3, 29.98, 27.36, 24.8, 22.56, 20.89, 19.77, 19.1, 18.98, 19.31, 20.2, 21.22, 22.53, 23.61, 24.5, 25.08, 25.2, 24.92, 24.17, 23.06, 21.67, 20.03, 18.3, 16.56, 14.945, 13.41, 11.945, 10.54, 9.22, 8.01, 6.94, 6.066, 5.44, 5.08, 4.965, 5.023, 5.13, 5.223, 5.254, 5.223, 5.02, 4.566, 3.824, 2.807, 1.701, 0.733, 0.04056, -0.3057, -0.4453, -0.6196, -0.9814, -1.458, -1.886, -2.068, -2.057, -1.864, -1.596, -1.298, -1.039, -0.7197, -0.391, -0.0506, 0.288, 0.625, 1.099, 1.881, 3.02, 4.484, 6.035, 7.438, 8.51, 9.07, 9.2, 8.945, 8.38, 7.6, 6.766, 6.043, 5.42, 5.02, 4.793, 5.035, 5.918, 7.85, 10.664, 14.06, 18.16, 23.27, 29.06, 33.97, 36.7, 36.75, 34.53, 31.03, 27.39, 24.33, 21.72, 19.28, 16.69, 13.6, 10.05, 6.613, 4.055, 2.367, 1.048, -0.546, -2.588, -4.734
-5.88, -6.676, -6.06, -4.195, -1.355, 2.143, 6.117, 10.56, 15.25, 19.5, 22.66, 24.11, 24.0, 22.45, 19.58, 15.25, 9.836, 3.854, -1.91, -6.766, -10.36, -12.3, -12.484, -11.125, -8.836, -6.17, -3.697, -1.755, -0.4412, 0.2908, 0.6123, 0.751, 0.853, 0.93, 0.9375, 0.6816, 0.09894, -0.6255, -1.268, -1.449, -0.829, 0.7617, 3.275, 6.57, 10.555, 15.195, 20.06, 24.53, 27.75, 29.67, 30.3, 29.9, 28.48, 26.02, 22.62, 18.58, 14.09, 9.56, 5.043, 0.804, -2.959, -5.88, -7.72, -8.555, -8.71, -8.37, -7.94, -7.62, -7.453, -7.344, -7.074, -6.49, -5.52, -4.33, -3.227, -2.475, -2.156, -2.08, -1.718, -0.55, 1.636, 4.863, 9.01, 13.72, 18.72, 23.72, 28.17, 31.58, 33.7, 34.5, 34.44, 33.44, 31.53, 28.92, 25.94, 23.3, 21.08, 19.47, 18.38, 17.78, 17.48, 17.73, 18.33, 19.17, 20.23, 21.34, 22.33, 23.03, 23.44, 23.62, 23.39, 22.9, 21.98, 20.78, 19.31, 17.72, 16.11, 14.555, 13.07, 11.625, 10.2, 8.84, 7.523, 6.418, 5.64, 5.203, 5.06, 5.207, 5.42, 5.65, 5.84, 5.96, 5.777, 5.117, 3.916, 2.303, 0.5903, -0.787, -1.53, -1.558, -1.11, -0.639, -0.3975, -0.4495, -0.6, -0.639, -0.605, -0.5444, -0.503, -0.4773, -0.448, -0.29, 0.02528, 0.4692, 0.975, 1.512, 2.158, 3.062, 4.246, 5.617, 6.85, 7.42, 7.273, 6.254, 4.65, 2.75, 0.752, -0.8784, -2.152, -2.643, -2.752, -2.285, -1.372, 0.0263, 2.01, 4.957, 8.586, 12.555, 17.02, 22.4, 28.4, 33.3, 35.9, 35.66, 33.2, 29.72, 26.3, 23.52, 21.17, 18.95, 16.72, 14.17, 11.14, 7.97, 5.34, 3.488, 2.102, 0.544, -1.548, -3.94
-4.996, -6.047, -5.504, -3.547, -0.4756, 3.264, 7.543, 12.414, 17.53, 22.25, 25.61, 27.25, 27.48, 26.39, 24.02, 20.27, 15.445, 9.84, 4.133, -1.005, -5.016, -7.574, -8.54, -8.11, -6.71, -4.9, -3.236, -2.03, -1.419, -1.339, -1.4795, -1.551, -1.296, -0.641, 0.2654, 0.9927, 1.303, 1.197, 0.894, 0.789, 1.268, 2.607, 4.945, 8.18, 12.055, 16.61, 21.39, 25.88, 29.34, 31.53, 32.53, 32.6, 31.69, 29.69, 26.7, 22.95, 18.8, 14.555, 10.4, 6.457, 2.87, -0.1578, -2.52, -4.098, -5.348, -6.242, -7.156, -8.21, -9.33, -10.234, -10.7, -10.375, -9.125, -7.152, -4.92, -2.912, -1.463, -0.5796, 0.0674, 1.018, 2.838, 5.684, 9.45, 13.9, 18.66, 23.45, 27.83, 31.25, 33.4, 34.34, 34.22, 33.1, 30.9, 28.02, 24.89, 22.2, 20.05, 18.52, 17.42, 16.77, 16.45, 16.4, 16.67, 17.2, 17.95, 18.86, 19.72, 20.52, 21.11, 21.55, 21.84, 21.92, 21.66, 21.08, 20.06, 18.75, 17.34, 15.89, 14.44, 12.99, 11.52, 10.03, 8.48, 7.07, 5.992, 5.367, 5.184, 5.38, 5.754, 6.18, 6.598, 6.81, 6.49, 5.348, 3.35, 0.7764, -1.853, -3.86, -4.703, -4.266, -2.912, -1.397, -0.2311, 0.4106, 0.7246, 0.9233, 0.9434, 0.7217, 0.3147, -0.1561, -0.5244, -0.5684, -0.2091, 0.4604, 1.269, 2.1, 2.986, 4.062, 5.305, 6.457, 6.926, 6.164, 4.086, 0.887, -2.795, -6.426, -9.52, -11.91, -13.19, -13.3, -12.54, -10.82, -8.62, -5.59, -2.191, 1.864, 6.473, 11.14, 16.1, 21.78, 27.86, 32.75, 34.94, 34.3, 31.64, 28.19, 25.06, 22.55, 20.4, 18.38, 16.34, 14.24, 11.79, 9.04, 6.453, 4.473, 3.05, 1.63, -0.2993, -2.764
-3.688, -5.06, -4.785, -2.926, 0.2214, 4.17, 8.72, 13.84, 19.3, 24.28, 27.86, 29.83, 30.42, 29.81, 27.92, 24.7, 20.38, 15.23, 9.84, 4.742, 0.4124, -2.604, -4.176, -4.46, -3.893, -2.953, -2.154, -1.823, -2.139, -2.992, -4.094, -4.93, -4.98, -4.016, -2.182, -0.1094, 1.56, 2.475, 2.857, 3.059, 3.467, 4.6, 6.625, 9.58, 13.27, 17.53, 22.1, 26.52, 30.16, 32.62, 34.06, 34.62, 34.25, 32.8, 30.27, 26.8, 22.81, 18.73, 14.83, 11.19, 7.934, 4.996, 2.465, 0.3909, -1.569, -3.434, -5.54, -8.04, -10.664, -13.086, -14.805, -15.25, -14.164, -11.67, -8.33, -4.9, -1.979, 0.1254, 1.493, 2.613, 4.15, 6.51, 9.78, 13.87, 18.36, 22.89, 27.14, 30.56, 32.88, 33.94, 33.88, 32.7, 30.42, 27.38, 24.1, 21.36, 19.28, 17.88, 16.78, 16.05, 15.555, 15.23, 15.164, 15.29, 15.76, 16.28, 16.97, 17.56, 18.2, 18.81, 19.53, 20.1, 20.5, 20.61, 20.27, 19.5, 18.47, 17.25, 15.96, 14.64, 13.24, 11.664, 9.95, 8.18, 6.74, 5.855, 5.496, 5.684, 6.21, 6.855, 7.434, 7.63, 6.965, 5.09, 1.992, -1.869, -5.758, -8.72, -9.74, -8.67, -6.04, -3.027, -0.58, 0.9863, 1.873, 2.232, 2.06, 1.291, 0.0646, -1.315, -2.38, -2.703, -2.09, -0.759, 0.786, 2.209, 3.531, 4.832, 6.08, 6.69, 5.863, 3.182, -1.267, -6.78, -12.44, -17.42, -21.31, -23.88, -24.95, -24.45, -22.67, -19.58, -15.81, -11.29, -6.35, -1.02, 4.59, 10.0, 15.46, 21.55, 27.67, 32.16, 33.78, 32.7, 29.83, 26.47, 23.66, 21.44, 19.48, 17.53, 15.63, 13.84, 11.94, 9.695, 7.344, 5.293, 3.848, 2.598, 0.9707, -1.345
-1.945, -3.533, -3.7, -2.166, 0.898, 4.95, 9.61, 14.89, 20.5, 25.69, 29.52, 31.8, 32.8, 32.66, 31.3, 28.56, 24.61, 19.78, 14.65, 9.78, 5.504, 2.344, 0.442, -0.3032, -0.3264, -0.0687, 0.0518, -0.436, -1.714, -3.756, -6.258, -8.53, -9.71, -9.07, -6.535, -3.016, 0.4268, 2.908, 4.402, 5.24, 5.87, 6.805, 8.41, 10.86, 14.06, 17.92, 22.11, 26.3, 29.97, 32.72, 34.6, 35.62, 35.8, 34.97, 32.88, 29.75, 25.97, 22.02, 18.28, 14.914, 12.02, 9.43, 7.016, 4.836, 2.564, 0.0919, -2.951, -6.613, -10.75, -14.84, -18.3, -20.1, -19.75, -17.28, -13.234, -8.45, -3.922, -0.2766, 2.225, 3.922, 5.418, 7.367, 10.07, 13.586, 17.69, 22.02, 26.11, 29.53, 31.98, 33.25, 33.4, 32.28, 29.98, 26.94, 23.64, 20.81, 18.66, 17.19, 16.1, 15.336, 14.61, 14.086, 13.69, 13.51, 13.57, 13.74, 14.19, 14.58, 15.17, 15.836, 16.64, 17.56, 18.55, 19.31, 19.7, 19.62, 19.16, 18.38, 17.4, 16.33, 15.1, 13.6, 11.82, 9.86, 8.01, 6.68, 6.06, 6.125, 6.676, 7.48, 8.16, 8.22, 7.09, 4.344, 0.07715, -5.246, -10.766, -14.94, -16.25, -14.44, -10.27, -5.45, -1.414, 1.247, 2.686, 3.055, 2.42, 0.7305, -1.855, -4.734, -7.043, -7.914, -6.867, -4.332, -1.266, 1.405, 3.598, 5.25, 6.258, 5.965, 3.479, -1.455, -8.15, -15.61, -22.56, -28.45, -32.75, -35.1, -35.8, -34.5, -31.64, -27.4, -22.11, -16.16, -9.8, -3.26, 3.188, 9.29, 15.305, 21.69, 27.66, 31.48, 32.44, 30.81, 27.8, 24.66, 22.11, 20.16, 18.4, 16.42, 14.54, 13.01, 11.55, 9.945, 8.01, 6.02, 4.49, 3.38, 2.156, 0.269
0.1948, -1.318, -1.909, -0.958, 1.627, 5.457, 10.08, 15.37, 21.0, 26.22, 30.34, 32.94, 34.38, 34.7, 33.75, 31.45, 27.8, 23.22, 18.27, 13.68, 9.79, 6.902, 5.055, 4.152, 3.936, 3.842, 3.438, 2.283, 0.0644, -3.273, -7.45, -11.734, -14.75, -15.21, -12.6, -7.746, -2.326, 2.166, 5.22, 7.055, 8.2, 9.17, 10.43, 12.195, 14.74, 17.84, 21.48, 25.23, 28.72, 31.66, 33.78, 35.2, 35.78, 35.34, 33.88, 31.19, 27.8, 24.02, 20.4, 17.25, 14.68, 12.53, 10.54, 8.59, 6.387, 3.785, 0.2546, -4.24, -9.586, -15.37, -20.58, -24.02, -24.9, -22.94, -18.69, -13.03, -7.098, -1.863, 2.016, 4.633, 6.48, 8.164, 10.305, 13.2, 16.77, 20.73, 24.64, 28.05, 30.66, 32.22, 32.56, 31.64, 29.52, 26.55, 23.1, 20.14, 17.78, 16.17, 15.12, 14.34, 13.555, 12.875, 12.24, 11.81, 11.52, 11.37, 11.47, 11.68, 12.125, 12.75, 13.59, 14.63, 15.836, 17.17, 18.22, 18.89, 19.14, 18.89, 18.36, 17.67, 16.72, 15.51, 13.89, 11.87, 9.75, 8.0, 7.008, 6.78, 7.207, 8.01, 8.65, 8.484, 6.863, 3.33, -2.023, -8.78, -15.914, -21.3, -22.92, -20.36, -14.7, -8.07, -2.385, 1.352, 3.22, 3.459, 2.12, -0.829, -5.227, -10.3, -14.51, -16.38, -14.945, -10.85, -5.67, -0.9795, 2.596, 4.863, 5.64, 4.19, -0.1659, -7.137, -15.45, -24.12, -31.94, -37.84, -41.88, -43.75, -43.84, -41.88, -38.25, -33.06, -26.62, -19.47, -11.98, -4.54, 2.516, 9.03, 15.61, 22.17, 27.66, 30.7, 30.83, 28.78, 25.72, 22.8, 20.5, 18.66, 16.95, 15.055, 13.19, 11.75, 10.695, 9.73, 8.305, 6.55, 5.03, 3.984, 3.121, 1.886
2.404, 1.324, 0.568, 0.8765, 2.68, 5.938, 10.28, 15.29, 20.64, 25.75, 29.98, 32.94, 34.75, 35.38, 34.8, 32.84, 29.6, 25.16, 20.39, 15.95, 12.516, 10.24, 8.945, 8.34, 8.21, 8.02, 7.207, 5.383, 2.303, -2.182, -8.01, -14.31, -19.42, -21.5, -19.38, -13.734, -6.527, 0.1494, 5.098, 8.27, 10.164, 11.42, 12.5, 13.77, 15.51, 17.72, 20.39, 23.44, 26.52, 29.28, 31.5, 33.06, 33.88, 33.78, 32.75, 30.66, 27.83, 24.47, 20.97, 17.95, 15.58, 13.9, 12.46, 10.97, 9.11, 6.676, 3.125, -1.615, -7.617, -14.516, -21.3, -26.39, -28.69, -27.64, -23.72, -17.64, -10.85, -4.453, 0.8003, 4.504, 6.992, 8.766, 10.516, 12.79, 15.695, 19.16, 22.73, 26.05, 28.78, 30.56, 31.16, 30.52, 28.69, 25.84, 22.36, 19.11, 16.47, 14.67, 13.516, 12.68, 11.984, 11.336, 10.61, 10.0, 9.57, 9.19, 9.11, 9.15, 9.41, 9.79, 10.516, 11.555, 12.88, 14.4, 15.95, 17.23, 18.05, 18.42, 18.42, 18.12, 17.58, 16.67, 15.38, 13.59, 11.52, 9.62, 8.21, 7.594, 7.75, 8.34, 8.805, 8.39, 6.426, 2.371, -3.723, -11.58, -19.89, -26.06, -27.84, -24.72, -17.94, -9.91, -2.945, 1.599, 3.674, 3.62, 1.482, -2.838, -9.26, -16.78, -23.27, -26.48, -25.06, -19.56, -12.08, -4.98, 0.2866, 3.387, 3.943, 1.345, -4.527, -12.625, -21.88, -31.03, -38.7, -44.2, -47.4, -48.7, -48.28, -45.88, -41.7, -35.75, -28.61, -20.67, -12.6, -4.77, 2.574, 9.516, 16.47, 22.88, 27.6, 29.67, 29.05, 26.61, 23.56, 20.77, 18.6, 16.89, 15.164, 13.3, 11.484, 10.09, 9.36, 8.945, 8.2, 6.89, 5.418, 4.355, 3.803, 3.28
4.164, 3.818, 3.293, 3.213, 4.168, 6.52, 10.055, 14.48, 19.38, 24.19, 28.39, 31.52, 33.53, 34.38, 34.0, 32.28, 29.34, 25.3, 20.67, 16.39, 13.305, 11.64, 11.13, 11.19, 11.37, 11.18, 10.02, 7.656, 3.898, -1.299, -8.15, -16.11, -23.11, -26.78, -25.56, -19.73, -11.35, -2.912, 3.928, 8.516, 11.34, 13.03, 14.16, 15.11, 16.19, 17.55, 19.31, 21.4, 23.67, 25.9, 27.86, 29.31, 30.17, 30.23, 29.48, 27.97, 25.75, 22.95, 19.95, 17.08, 14.82, 13.414, 12.484, 11.59, 10.3, 8.24, 5.066, 0.6187, -5.31, -12.625, -20.34, -26.86, -30.45, -30.42, -27.2, -21.45, -14.53, -7.438, -1.175, 3.62, 6.816, 8.88, 10.51, 12.3, 14.586, 17.36, 20.47, 23.52, 26.16, 28.06, 28.86, 28.64, 27.08, 24.42, 20.92, 17.42, 14.445, 12.484, 11.27, 10.516, 9.984, 9.39, 8.695, 8.09, 7.633, 7.203, 6.977, 6.902, 6.97, 7.254, 7.824, 8.67, 9.81, 11.3, 12.99, 14.56, 15.92, 16.77, 17.25, 17.36, 17.12, 16.64, 15.766, 14.4, 12.695, 10.87, 9.33, 8.37, 8.19, 8.43, 8.586, 7.98, 5.88, 1.773, -4.473, -12.68, -21.31, -27.72, -29.42, -26.02, -18.77, -10.16, -2.652, 2.207, 4.22, 3.75, 0.8716, -4.61, -12.79, -22.42, -31.0, -35.56, -34.47, -28.14, -18.97, -9.89, -2.998, 0.9077, 1.327, -2.105, -8.62, -17.05, -26.31, -35.2, -42.28, -46.6, -48.97, -49.6, -48.7, -45.9, -41.5, -35.4, -27.97, -19.84, -11.766, -4.01, 3.422, 10.625, 17.58, 23.56, 27.3, 28.34, 27.0, 24.28, 21.23, 18.53, 16.38, 14.63, 12.95, 11.195, 9.445, 8.164, 7.684, 7.715, 7.633, 6.9, 5.676, 4.6, 4.168, 4.164
4.926, 5.363, 5.402, 5.355, 5.777, 7.16, 9.695, 13.13, 17.2, 21.47, 25.36, 28.47, 30.56, 31.5, 31.14, 29.58, 26.94, 23.36, 19.05, 14.945, 12.08, 10.89, 11.06, 11.83, 12.44, 12.32, 11.04, 8.43, 4.496, -0.8164, -7.945, -16.61, -24.89, -29.97, -29.81, -24.39, -15.77, -6.293, 1.785, 7.633, 11.36, 13.49, 14.78, 15.63, 16.33, 17.11, 18.08, 19.28, 20.7, 22.16, 23.53, 24.64, 25.23, 25.33, 24.8, 23.66, 21.95, 19.77, 17.33, 14.74, 12.68, 11.45, 10.93, 10.6, 9.92, 8.36, 5.824, 2.023, -3.201, -10.01, -17.81, -25.06, -29.7, -30.78, -28.61, -23.61, -17.16, -10.08, -3.47, 2.09, 5.945, 8.46, 10.17, 11.68, 13.375, 15.484, 17.95, 20.53, 22.9, 24.7, 25.8, 25.78, 24.5, 21.95, 18.48, 14.73, 11.73, 9.65, 8.51, 7.92, 7.434, 6.98, 6.477, 5.95, 5.574, 5.223, 5.043, 4.96, 4.99, 5.16, 5.598, 6.2, 7.055, 8.234, 9.78, 11.36, 12.836, 14.02, 14.836, 15.29, 15.33, 15.17, 14.664, 13.78, 12.59, 11.195, 9.83, 8.78, 8.26, 8.15, 8.016, 7.24, 5.242, 1.536, -4.12, -11.73, -19.8, -25.7, -27.19, -23.84, -16.9, -8.62, -1.422, 3.143, 4.805, 3.9, 0.5703, -5.453, -14.52, -25.4, -35.25, -40.88, -40.3, -34.12, -24.33, -14.29, -6.48, -2.12, -1.832, -5.44, -11.6, -19.31, -27.94, -36.1, -42.2, -45.75, -47.2, -47.16, -45.72, -42.88, -38.28, -32.25, -25.16, -17.5, -9.91, -2.46, 4.95, 12.12, 18.7, 23.78, 26.45, 26.53, 24.62, 21.6, 18.42, 15.77, 13.66, 11.89, 10.26, 8.59, 7.08, 6.023, 5.77, 6.11, 6.56, 6.434, 5.605, 4.64, 4.137, 4.355
4.58, 5.46, 6.043, 6.3, 6.562, 7.324, 8.87, 11.29, 14.35, 17.77, 21.06, 23.86, 25.84, 26.73, 26.44, 25.02, 22.61, 19.34, 15.55, 11.87, 9.33, 8.43, 9.03, 10.3, 11.29, 11.35, 10.15, 7.684, 4.145, -0.5527, -7.03, -15.41, -24.05, -30.05, -30.98, -26.55, -18.53, -9.164, -0.7515, 5.645, 9.84, 12.4, 13.87, 14.7, 15.26, 15.695, 16.2, 16.86, 17.6, 18.39, 19.14, 19.66, 19.9, 19.8, 19.27, 18.39, 17.06, 15.44, 13.445, 11.33, 9.52, 8.55, 8.29, 8.41, 8.234, 7.25, 5.367, 2.508, -1.514, -7.082, -14.09, -21.2, -26.53, -28.72, -27.6, -23.7, -18.11, -11.73, -5.387, 0.3093, 4.55, 7.395, 9.31, 10.7, 12.01, 13.49, 15.3, 17.27, 19.23, 20.84, 21.86, 21.88, 20.66, 18.19, 14.74, 11.05, 8.17, 6.406, 5.426, 4.992, 4.668, 4.344, 3.994, 3.648, 3.432, 3.262, 3.191, 3.168, 3.238, 3.418, 3.688, 4.082, 4.7, 5.6, 6.777, 8.07, 9.37, 10.54, 11.445, 12.01, 12.3, 12.43, 12.18, 11.71, 11.05, 10.19, 9.22, 8.33, 7.71, 7.36, 6.973, 6.164, 4.41, 1.438, -3.057, -9.21, -15.81, -20.62, -21.86, -18.94, -12.984, -5.8, 0.3975, 4.16, 5.27, 3.992, 0.5747, -5.29, -13.984, -24.75, -34.72, -40.72, -40.88, -35.44, -26.38, -16.7, -9.11, -4.98, -4.76, -7.74, -12.67, -18.98, -26.45, -33.56, -38.84, -41.78, -42.78, -42.3, -40.5, -37.47, -33.03, -27.44, -21.02, -14.18, -7.332, -0.3123, 6.785, 13.5, 19.23, 23.25, 24.77, 23.94, 21.34, 18.06, 14.87, 12.3, 10.27, 8.6, 7.125, 5.72, 4.543, 3.824, 3.764, 4.3, 5.047, 5.414, 5.066, 4.3, 3.717, 3.844
3.463, 4.33, 5.082, 5.61, 5.938, 6.426, 7.336, 8.85, 10.93, 13.35, 15.82, 18.02, 19.66, 20.44, 20.19, 18.92, 16.77, 13.93, 10.69, 7.69, 5.66, 5.086, 5.848, 7.273, 8.414, 8.72, 7.777, 5.742, 2.992, -0.5234, -5.473, -12.47, -20.33, -26.53, -28.47, -25.42, -18.73, -10.67, -3.115, 2.87, 7.055, 9.625, 11.11, 11.945, 12.45, 12.86, 13.21, 13.62, 14.06, 14.4, 14.68, 14.75, 14.625, 14.25, 13.66, 12.82, 11.72, 10.38, 8.836, 7.184, 5.85, 5.188, 5.176, 5.543, 5.734, 5.242, 3.992, 2.066, -0.6157, -4.504, -9.85, -15.88, -21.1, -24.1, -24.2, -21.61, -17.22, -11.94, -6.42, -1.266, 2.887, 5.824, 7.86, 9.22, 10.266, 11.266, 12.445, 13.81, 15.23, 16.44, 17.11, 16.9, 15.49, 13.01, 9.805, 6.656, 4.35, 3.006, 2.39, 2.129, 1.956, 1.793, 1.599, 1.481, 1.396, 1.401, 1.458, 1.556, 1.692, 1.862, 2.027, 2.3, 2.703, 3.295, 4.062, 4.99, 5.957, 6.87, 7.652, 8.234, 8.61, 8.73, 8.7, 8.47, 8.164, 7.742, 7.227, 6.73, 6.24, 5.844, 5.402, 4.617, 3.227, 1.107, -1.969, -6.125, -10.72, -14.14, -15.02, -12.766, -8.164, -2.639, 2.1, 4.793, 5.22, 3.664, 0.5303, -4.293, -11.47, -20.53, -29.45, -35.16, -35.94, -31.86, -24.53, -16.52, -10.27, -7.07, -6.77, -8.484, -11.516, -16.06, -21.98, -27.89, -32.5, -35.16, -36.0, -35.44, -33.53, -30.69, -26.73, -21.9, -16.38, -10.445, -4.254, 2.154, 8.484, 14.23, 18.8, 21.27, 21.55, 19.72, 16.64, 13.25, 10.34, 8.1, 6.45, 5.043, 3.893, 2.938, 2.158, 1.828, 1.973, 2.508, 3.281, 3.875, 3.89, 3.434, 2.914, 2.896
1.975, 2.576, 3.188, 3.662, 3.994, 4.367, 4.9, 5.8, 7.04, 8.586, 10.22, 11.69, 12.75, 13.21, 12.9, 11.77, 9.984, 7.684, 5.316, 3.346, 2.041, 1.812, 2.52, 3.715, 4.766, 5.043, 4.426, 3.02, 1.246, -0.837, -3.877, -8.57, -14.52, -19.9, -22.44, -21.06, -16.52, -10.516, -4.703, 0.1085, 3.535, 5.71, 7.09, 7.81, 8.305, 8.63, 8.95, 9.266, 9.52, 9.64, 9.65, 9.46, 9.14, 8.625, 7.934, 7.2, 6.273, 5.242, 4.105, 2.99, 2.188, 1.899, 2.04, 2.518, 2.805, 2.61, 1.911, 0.806, -0.667, -2.83, -6.105, -10.26, -14.47, -17.42, -18.4, -17.25, -14.42, -10.58, -6.31, -2.15, 1.35, 3.97, 5.76, 6.88, 7.72, 8.39, 9.05, 9.836, 10.67, 11.266, 11.36, 10.71, 9.24, 7.055, 4.58, 2.38, 0.904, 0.06805, -0.2031, -0.3064, -0.3118, -0.3416, -0.3962, -0.39, -0.3706, -0.302, -0.1345, 0.006096, 0.1366, 0.3115, 0.4326, 0.6055, 0.86, 1.165, 1.587, 2.182, 2.785, 3.383, 3.922, 4.332, 4.625, 4.746, 4.723, 4.594, 4.5, 4.38, 4.2, 4.004, 3.773, 3.52, 3.143, 2.52, 1.562, 0.2725, -1.441, -3.686, -6.24, -8.23, -8.68, -7.11, -3.986, -0.2937, 2.754, 4.285, 4.062, 2.467, 0.03577, -3.252, -8.016, -14.35, -21.03, -25.8, -27.08, -24.64, -19.72, -14.27, -9.99, -7.73, -7.105, -7.5, -8.82, -11.445, -15.38, -19.8, -23.48, -25.94, -26.89, -26.67, -25.08, -22.67, -19.42, -15.47, -11.02, -6.15, -1.031, 4.223, 9.17, 13.29, 16.06, 16.94, 15.91, 13.43, 10.39, 7.547, 5.324, 3.748, 2.686, 1.793, 1.102, 0.6167, 0.2798, 0.2053, 0.4026, 0.851, 1.452, 1.993, 2.176, 1.981, 1.684, 1.636
0.281, 0.578, 0.9175, 1.169, 1.353, 1.551, 1.806, 2.248, 2.846, 3.605, 4.395, 5.082, 5.574, 5.727, 5.41, 4.59, 3.418, 2.086, 0.8174, -0.1313, -0.676, -0.6963, -0.2299, 0.493, 1.094, 1.259, 0.908, 0.1577, -0.6484, -1.501, -2.807, -5.055, -8.28, -11.695, -13.86, -13.84, -11.64, -8.29, -4.8, -1.77, 0.446, 1.87, 2.729, 3.201, 3.516, 3.668, 3.832, 3.982, 4.074, 4.09, 4.004, 3.736, 3.426, 3.027, 2.543, 1.99, 1.355, 0.7705, 0.1807, -0.3489, -0.6562, -0.715, -0.5635, -0.2634, -0.06082, -0.0895, -0.3965, -0.906, -1.467, -2.281, -3.69, -5.75, -8.19, -10.3, -11.336, -11.164, -9.8, -7.6, -5.016, -2.387, -0.1289, 1.572, 2.648, 3.355, 3.787, 4.125, 4.4, 4.723, 4.926, 5.0, 4.758, 4.043, 2.889, 1.506, 0.1055, -0.9756, -1.647, -1.931, -1.946, -1.959, -1.907, -1.898, -1.893, -1.831, -1.778, -1.708, -1.571, -1.464, -1.377, -1.262, -1.209, -1.108, -0.971, -0.861, -0.658, -0.39, -0.09467, 0.2126, 0.4758, 0.675, 0.806, 0.865, 0.861, 0.8105, 0.7695, 0.773, 0.7744, 0.766, 0.7295, 0.63, 0.4055, 0.03745, -0.4539, -1.035, -1.737, -2.574, -3.574, -4.39, -4.54, -3.662, -1.98, -0.04785, 1.423, 1.912, 1.407, 0.2324, -1.197, -2.832, -5.086, -8.33, -12.1, -15.22, -16.48, -15.59, -13.08, -10.19, -7.85, -6.41, -5.652, -5.332, -5.574, -6.684, -8.74, -11.195, -13.48, -15.125, -16.03, -16.06, -15.14, -13.62, -11.42, -8.73, -5.73, -2.453, 0.9316, 4.207, 7.0, 8.97, 9.84, 9.45, 8.01, 6.01, 3.936, 2.217, 1.028, 0.2627, -0.2522, -0.616, -0.851, -0.9805, -1.048, -1.02, -0.891, -0.652, -0.3347, 0.001781, 0.1908, 0.1793, 0.0848, 0.1034
-1.353, -1.334, -1.259, -1.229, -1.235, -1.233, -1.215, -1.13, -1.036, -0.826, -0.6377, -0.517, -0.4126, -0.4246, -0.573, -0.839, -1.216, -1.536, -1.828, -2.018, -2.15, -2.18, -2.06, -1.821, -1.637, -1.617, -1.746, -1.951, -2.086, -2.215, -2.48, -3.02, -3.895, -4.973, -5.76, -5.883, -5.34, -4.254, -3.113, -2.123, -1.422, -1.025, -0.791, -0.754, -0.779, -0.852, -0.8535, -0.949, -0.942, -0.964, -1.036, -1.125, -1.281, -1.416, -1.564, -1.763, -1.951, -2.121, -2.27, -2.41, -2.477, -2.459, -2.36, -2.252, -2.158, -2.133, -2.191, -2.326, -2.42, -2.566, -2.887, -3.41, -4.066, -4.773, -5.18, -5.17, -4.727, -4.01, -3.135, -2.297, -1.613, -1.126, -0.8843, -0.731, -0.7417, -0.7617, -0.718, -0.6953, -0.8403, -0.9155, -1.06, -1.388, -1.821, -2.273, -2.68, -2.854, -2.979, -2.965, -2.945, -2.906, -2.854, -2.85, -2.795, -2.74, -2.693, -2.705, -2.645, -2.592, -2.559, -2.562, -2.576, -2.549, -2.512, -2.463, -2.375, -2.316, -2.234, -2.15, -2.072, -2.023, -2.006, -2.016, -2.04, -2.041, -2.045, -1.995, -1.926, -1.908, -1.873, -1.868, -1.932, -2.05, -2.182, -2.316, -2.465, -2.625, -2.803, -2.977, -3.004, -2.781, -2.324, -1.789, -1.449, -1.459, -1.818, -2.242, -2.695, -3.133, -3.646, -4.457, -5.55, -6.594, -7.117, -6.945, -6.14, -5.195, -4.47, -3.904, -3.506, -3.273, -3.252, -3.525, -4.16, -4.88, -5.598, -6.05, -6.344, -6.39, -6.047, -5.414, -4.54, -3.443, -2.27, -1.128, -0.0728, 0.9, 1.519, 1.754, 1.694, 1.325, 0.6255, -0.1952, -0.829, -1.246, -1.603, -1.7, -1.802, -1.884, -1.852, -1.843, -1.835, -1.806, -1.765, -1.721, -1.628, -1.516, -1.441, -1.439, -1.447, -1.397
