-8.27, -8.555, -8.69, -8.62, -8.555, -8.664, -9.04, -9.63, -10.13, -10.266, -10.08, -9.75, -9.45, -9.266, -9.22, -9.27, -9.4, -9.59, -9.68, -9.55, -9.25, -8.89, -8.51, -8.17, -7.85, -7.58, -7.47, -7.55, -7.836, -8.17, -8.46, -8.555, -8.59, -8.695, -8.87, -9.01, -9.02, -8.96, -8.85, -8.805, -8.89, -9.055, -9.164, -9.19, -9.055, -8.75, -8.36, -7.934, -7.504, -7.18, -7.03, -7.203, -7.6, -7.977, -8.19, -8.1, -7.812, -7.57, -7.664, -8.05, -8.48, -8.586, -8.27, -7.77, -7.324, -6.85, -6.562, -6.43, -6.52, -6.78, -7.19, -7.496, -7.57, -7.496, -7.402, -7.59, -7.992, -8.35, -8.47, -8.305, -8.12, -7.984, -8.016, -8.02, -7.926, -7.734, -7.492, -7.395, -7.54, -7.816, -8.02, -8.12, -8.22, -8.46, -8.9, -9.375, -9.5, -9.38, -9.13, -8.83, -8.445, -7.99, -7.715, -8.04, -8.61, -9.08, -9.18, -8.92, -8.805, -9.13, -9.89, -10.68, -11.1, -11.04, -10.945, -11.125, -11.375, -11.66, -11.62, -11.22, -10.48, -9.766, -9.22, -8.88, -8.734, -8.74, -8.64, -8.51, -8.3, -8.23, -8.164, -8.32, -8.5, -8.55, -8.484, -8.35, -8.26, -8.46, -8.73, -9.25, -9.47, -9.55, -9.12, -8.79, -8.43, -8.516, -8.69, -8.98, -9.055, -9.01, -8.92, -9.02, -9.26, -9.49, -9.7, -9.74, -9.69, -9.71, -9.71, -9.664, -9.445, -9.29, -9.24, -9.32, -9.586, -9.76, -9.84, -9.79, -9.7, -9.71, -9.73, -9.61, -9.26, -8.84, -8.48, -8.516, -8.9, -9.516, -10.03, -10.23, -10.055, -9.63, -9.09, -8.734, -8.65, -8.88, -9.19, -9.39, -9.35, -9.12, -8.81, -8.586, -8.47, -8.484, -8.44, -8.19, -7.836, -7.6, -7.613, -7.895
-6.902, -7.008, -6.996, -6.88, -6.87, -7.105, -7.742, -8.61, -9.47, -9.984, -10.22, -10.31, -10.375, -10.41, -10.39, -10.32, -10.125, -9.84, -9.41, -8.734, -7.96, -7.215, -6.582, -6.0, -5.42, -4.773, -4.387, -4.32, -4.742, -5.44, -6.258, -6.996, -7.664, -8.305, -8.805, -9.06, -8.92, -8.516, -8.016, -7.566, -7.363, -7.35, -7.324, -7.2, -6.887, -6.387, -5.793, -5.223, -4.715, -4.36, -4.297, -4.58, -5.06, -5.52, -5.785, -5.74, -5.516, -5.28, -5.32, -5.594, -5.812, -5.723, -5.28, -4.676, -4.08, -3.531, -3.123, -2.951, -3.078, -3.525, -4.176, -4.836, -5.406, -5.77, -6.0, -6.297, -6.566, -6.71, -6.664, -6.477, -6.305, -6.24, -6.27, -6.26, -6.188, -6.137, -6.15, -6.46, -7.047, -7.81, -8.43, -8.77, -9.016, -9.48, -10.14, -10.805, -11.07, -10.875, -10.33, -9.63, -8.87, -8.17, -7.83, -8.1, -8.734, -9.34, -9.69, -9.86, -10.34, -11.31, -12.64, -13.914, -14.664, -14.88, -14.96, -15.22, -15.62, -15.87, -15.68, -14.97, -13.734, -12.3, -10.83, -9.65, -8.7, -8.086, -7.59, -7.273, -6.88, -6.6, -6.53, -6.566, -6.746, -6.965, -7.09, -7.125, -7.086, -7.3, -7.63, -8.125, -8.49, -8.56, -8.27, -7.902, -7.55, -7.566, -7.73, -7.938, -7.945, -7.832, -7.74, -7.855, -8.19, -8.49, -8.74, -8.87, -8.914, -9.05, -9.164, -9.18, -9.055, -8.94, -8.95, -9.086, -9.27, -9.305, -9.12, -8.8, -8.51, -8.42, -8.39, -8.305, -7.95, -7.52, -7.184, -7.11, -7.312, -7.688, -8.07, -8.33, -8.37, -8.15, -7.86, -7.63, -7.527, -7.504, -7.47, -7.383, -7.234, -7.047, -6.99, -7.12, -7.336, -7.492, -7.387, -6.953, -6.41, -6.1, -6.22, -6.57
-4.496, -4.3, -4.125, -4.094, -4.336, -4.88, -5.863, -7.1, -8.34, -9.375, -10.17, -10.74, -11.29, -11.66, -11.79, -11.61, -11.11, -10.36, -9.38, -8.12, -6.707, -5.387, -4.242, -3.258, -2.281, -1.235, -0.5244, -0.4238, -1.075, -2.287, -3.75, -5.25, -6.676, -7.96, -8.92, -9.305, -9.055, -8.266, -7.266, -6.38, -5.766, -5.367, -5.03, -4.586, -3.982, -3.246, -2.502, -1.888, -1.514, -1.442, -1.746, -2.3, -2.938, -3.473, -3.775, -3.828, -3.678, -3.43, -3.277, -3.143, -2.842, -2.283, -1.499, -0.658, 0.1543, 0.843, 1.307, 1.393, 1.102, 0.416, -0.5806, -1.707, -2.852, -3.795, -4.473, -4.867, -4.977, -4.793, -4.492, -4.27, -4.207, -4.316, -4.434, -4.477, -4.504, -4.66, -5.074, -5.887, -7.06, -8.336, -9.37, -9.95, -10.3, -10.87, -11.664, -12.4, -12.75, -12.44, -11.59, -10.5, -9.31, -8.3, -7.76, -7.797, -8.266, -8.9, -9.56, -10.32, -11.43, -13.07, -14.89, -16.5, -17.6, -18.22, -18.6, -19.05, -19.67, -20.16, -20.1, -19.33, -18.02, -16.2, -14.0, -11.734, -9.53, -7.777, -6.395, -5.562, -4.867, -4.375, -4.234, -4.145, -4.363, -4.8, -5.17, -5.38, -5.445, -5.664, -6.062, -6.61, -7.152, -7.312, -7.188, -6.848, -6.562, -6.445, -6.523, -6.543, -6.438, -6.18, -6.06, -6.164, -6.52, -6.945, -7.316, -7.547, -7.734, -7.977, -8.234, -8.37, -8.43, -8.4, -8.42, -8.49, -8.484, -8.234, -7.7, -7.08, -6.586, -6.332, -6.28, -6.316, -6.203, -5.97, -5.746, -5.617, -5.594, -5.746, -6.023, -6.36, -6.645, -6.75, -6.793, -6.74, -6.535, -6.152, -5.59, -5.02, -4.62, -4.547, -4.855, -5.465, -6.074, -6.41, -6.258, -5.59, -4.812, -4.395, -4.39, -4.523
-1.209, -0.6914, -0.4565, -0.6562, -1.266, -2.285, -3.723, -5.434, -7.188, -8.695, -9.86, -10.71, -11.445, -11.98, -12.22, -12.1, -11.62, -10.75, -9.46, -7.805, -5.89, -3.955, -2.186, -0.633, 0.8643, 2.254, 3.197, 3.232, 2.336, 0.6475, -1.411, -3.6, -5.707, -7.562, -8.97, -9.61, -9.414, -8.49, -7.188, -5.945, -4.977, -4.137, -3.309, -2.393, -1.37, -0.4011, 0.4097, 0.946, 1.037, 0.6426, -0.1367, -1.089, -1.959, -2.588, -2.984, -3.246, -3.28, -3.06, -2.55, -1.728, -0.6196, 0.692, 2.068, 3.334, 4.48, 5.367, 5.85, 5.812, 5.24, 4.164, 2.754, 1.148, -0.552, -2.08, -3.207, -3.777, -3.78, -3.316, -2.807, -2.615, -2.717, -2.988, -3.193, -3.33, -3.555, -4.03, -4.832, -5.97, -7.39, -8.93, -10.21, -11.04, -11.51, -12.09, -12.8, -13.42, -13.664, -13.21, -12.15, -10.73, -9.125, -7.785, -6.945, -6.695, -7.043, -7.812, -8.82, -10.055, -11.73, -13.92, -16.19, -18.02, -19.25, -20.1, -20.89, -21.7, -22.53, -23.16, -23.2, -22.8, -21.83, -20.06, -17.66, -14.62, -11.23, -8.12, -5.555, -3.72, -2.596, -1.941, -1.553, -1.478, -1.845, -2.445, -3.012, -3.326, -3.564, -3.832, -4.344, -4.94, -5.59, -5.96, -6.016, -5.793, -5.61, -5.383, -5.312, -5.09, -4.816, -4.46, -4.242, -4.336, -4.656, -5.13, -5.535, -5.895, -6.254, -6.668, -7.086, -7.37, -7.535, -7.473, -7.414, -7.336, -7.09, -6.56, -5.746, -4.89, -4.242, -3.947, -4.004, -4.215, -4.38, -4.457, -4.48, -4.48, -4.45, -4.457, -4.656, -5.04, -5.48, -5.832, -6.06, -6.04, -5.656, -4.88, -3.738, -2.594, -1.878, -1.865, -2.578, -3.605, -4.523, -4.977, -4.766, -3.906, -2.973, -2.326, -1.999, -1.707
2.666, 3.447, 3.682, 3.256, 2.277, 0.7837, -1.182, -3.48, -5.875, -7.867, -9.31, -10.2, -10.805, -11.19, -11.44, -11.49, -11.22, -10.484, -9.29, -7.64, -5.562, -3.195, -0.7666, 1.472, 3.574, 5.344, 6.492, 6.58, 5.47, 3.43, 0.8423, -1.855, -4.473, -6.8, -8.6, -9.64, -9.766, -9.04, -7.78, -6.43, -5.15, -3.867, -2.516, -1.103, 0.2957, 1.495, 2.361, 2.746, 2.572, 1.778, 0.606, -0.6353, -1.683, -2.482, -3.143, -3.758, -4.113, -4.004, -3.152, -1.595, 0.4688, 2.71, 4.895, 6.785, 8.4, 9.52, 10.13, 9.88, 8.92, 7.367, 5.47, 3.37, 1.275, -0.705, -2.252, -3.03, -3.027, -2.469, -1.96, -1.878, -2.145, -2.52, -2.75, -2.957, -3.328, -4.06, -5.125, -6.336, -7.73, -9.25, -10.625, -11.67, -12.33, -12.88, -13.35, -13.64, -13.55, -12.86, -11.484, -9.65, -7.684, -6.09, -5.113, -4.887, -5.38, -6.383, -7.832, -9.7, -11.98, -14.48, -16.86, -18.8, -20.23, -21.3, -22.39, -23.45, -24.33, -24.92, -25.14, -24.89, -24.19, -22.94, -20.67, -17.4, -13.31, -9.09, -5.227, -2.318, -0.4714, 0.5527, 1.168, 1.154, 0.7812, 0.149, -0.5713, -1.033, -1.456, -1.747, -2.338, -2.992, -3.787, -4.406, -4.71, -4.695, -4.63, -4.418, -4.23, -3.86, -3.445, -2.998, -2.682, -2.705, -2.94, -3.338, -3.78, -4.215, -4.707, -5.28, -5.844, -6.195, -6.312, -6.164, -5.926, -5.64, -5.168, -4.47, -3.572, -2.705, -2.102, -1.895, -2.027, -2.334, -2.697, -3.088, -3.412, -3.652, -3.793, -3.875, -4.074, -4.41, -4.81, -5.156, -5.344, -5.21, -4.574, -3.367, -1.694, -0.1146, 0.8022, 0.703, -0.2683, -1.561, -2.65, -3.104, -2.809, -1.856, -0.7334, 0.2075, 0.9062, 1.713
6.887, 7.84, 8.055, 7.492, 6.277, 4.4, 1.953, -0.971, -4.016, -6.664, -8.47, -9.37, -9.71, -9.836, -9.984, -10.14, -10.1, -9.66, -8.81, -7.477, -5.535, -2.97, -0.0455, 2.963, 5.758, 8.03, 9.45, 9.66, 8.445, 6.117, 3.113, -0.01616, -3.03, -5.707, -7.867, -9.31, -9.875, -9.56, -8.62, -7.324, -5.805, -4.152, -2.375, -0.6016, 1.01, 2.295, 3.078, 3.32, 2.955, 2.023, 0.6743, -0.6987, -1.87, -2.936, -3.969, -4.98, -5.67, -5.613, -4.473, -2.312, 0.5693, 3.71, 6.746, 9.41, 11.62, 13.18, 13.914, 13.46, 11.99, 9.86, 7.42, 4.883, 2.45, 0.2457, -1.563, -2.55, -2.703, -2.354, -2.031, -2.078, -2.422, -2.758, -2.879, -3.049, -3.537, -4.438, -5.6, -6.727, -7.953, -9.31, -10.67, -11.95, -12.86, -13.37, -13.58, -13.42, -12.79, -11.664, -9.87, -7.56, -5.24, -3.441, -2.537, -2.602, -3.482, -4.996, -6.98, -9.37, -12.055, -14.805, -17.16, -19.02, -20.55, -21.88, -23.23, -24.55, -25.53, -26.06, -26.12, -25.81, -25.28, -24.42, -22.64, -19.58, -15.42, -10.43, -5.535, -1.579, 1.22, 2.816, 3.674, 3.785, 3.537, 2.934, 2.234, 1.68, 1.23, 0.8965, 0.2954, -0.511, -1.513, -2.35, -2.99, -3.258, -3.422, -3.432, -3.312, -2.965, -2.521, -2.045, -1.688, -1.602, -1.729, -1.909, -2.225, -2.625, -3.22, -3.855, -4.434, -4.71, -4.7, -4.406, -3.963, -3.492, -2.95, -2.314, -1.567, -0.926, -0.5303, -0.4438, -0.5796, -0.877, -1.297, -1.855, -2.453, -2.95, -3.316, -3.578, -3.896, -4.234, -4.523, -4.625, -4.508, -4.062, -3.1, -1.525, 0.4707, 2.236, 3.13, 2.875, 1.731, 0.3003, -0.7856, -1.135, -0.68, 0.41, 1.75, 3.043, 4.21, 5.54
11.016, 12.1, 12.375, 11.79, 10.484, 8.43, 5.65, 2.191, -1.527, -4.844, -7.16, -8.266, -8.56, -8.54, -8.586, -8.78, -8.83, -8.57, -8.06, -7.1, -5.48, -3.021, 0.2155, 3.916, 7.406, 10.305, 12.125, 12.51, 11.26, 8.73, 5.38, 1.841, -1.473, -4.402, -6.848, -8.65, -9.66, -9.84, -9.21, -8.055, -6.43, -4.496, -2.506, -0.6006, 0.962, 2.084, 2.646, 2.676, 2.201, 1.263, -0.0177, -1.393, -2.719, -4.06, -5.383, -6.715, -7.605, -7.46, -6.016, -3.385, 0.05896, 3.91, 7.754, 11.23, 14.08, 16.17, 17.05, 16.31, 14.36, 11.586, 8.62, 5.688, 3.043, 0.712, -1.116, -2.23, -2.645, -2.684, -2.719, -2.982, -3.305, -3.451, -3.408, -3.547, -4.133, -5.113, -6.27, -7.312, -8.33, -9.47, -10.82, -12.22, -13.27, -13.74, -13.65, -13.02, -12.016, -10.35, -7.95, -5.008, -2.244, -0.3232, 0.3552, -0.1578, -1.489, -3.521, -6.06, -8.96, -11.98, -14.734, -17.02, -18.9, -20.52, -22.1, -23.62, -25.12, -26.08, -26.52, -26.45, -26.11, -25.56, -24.86, -23.52, -21.0, -17.12, -11.984, -6.465, -1.455, 2.273, 4.52, 5.727, 6.18, 6.168, 5.855, 5.473, 5.04, 4.68, 4.332, 3.71, 2.87, 1.735, 0.7217, -0.2717, -1.008, -1.551, -1.905, -2.133, -2.078, -1.864, -1.547, -1.274, -1.061, -1.009, -0.9834, -0.9927, -1.153, -1.67, -2.266, -2.707, -2.812, -2.6, -2.135, -1.623, -1.168, -0.748, -0.3208, 0.05847, 0.3042, 0.405, 0.3818, 0.2908, 0.0949, -0.303, -0.871, -1.599, -2.28, -2.834, -3.312, -3.81, -4.2, -4.33, -4.12, -3.596, -2.738, -1.449, 0.3403, 2.414, 4.14, 4.895, 4.473, 3.225, 1.815, 0.7964, 0.5425, 1.115, 2.428, 4.113, 5.848, 7.59, 9.375
14.72, 15.96, 16.33, 15.82, 14.5, 12.41, 9.46, 5.652, 1.452, -2.453, -5.324, -6.895, -7.457, -7.55, -7.61, -7.73, -7.76, -7.52, -7.074, -6.39, -5.168, -2.965, 0.3098, 4.37, 8.5, 11.98, 14.25, 14.93, 13.84, 11.266, 7.71, 3.863, 0.3135, -2.86, -5.55, -7.637, -9.01, -9.59, -9.29, -8.31, -6.766, -4.863, -2.9, -1.124, 0.2433, 1.124, 1.407, 1.217, 0.68, -0.2087, -1.347, -2.668, -4.207, -5.87, -7.473, -8.89, -9.664, -9.266, -7.48, -4.52, -0.7285, 3.607, 8.1, 12.35, 16.03, 18.58, 19.5, 18.61, 16.12, 12.85, 9.375, 6.22, 3.434, 1.067, -0.7393, -1.992, -2.697, -3.123, -3.557, -4.027, -4.344, -4.355, -4.24, -4.4, -5.04, -6.11, -7.285, -8.28, -9.2, -10.23, -11.484, -12.83, -13.88, -14.16, -13.76, -12.74, -11.19, -8.94, -5.895, -2.4, 0.777, 2.75, 3.168, 2.271, 0.4507, -2.107, -5.09, -8.32, -11.57, -14.36, -16.64, -18.61, -20.27, -22.02, -23.61, -25.06, -26.06, -26.42, -26.36, -25.94, -25.39, -24.77, -23.77, -21.77, -18.39, -13.48, -7.6, -1.964, 2.617, 5.637, 7.395, 8.35, 8.81, 9.07, 8.984, 8.914, 8.85, 8.59, 8.05, 7.26, 6.18, 4.906, 3.605, 2.36, 1.197, 0.2515, -0.5005, -0.9443, -1.165, -1.168, -1.056, -0.795, -0.5303, -0.2284, 0.0449, 0.1453, -0.05157, -0.4001, -0.6, -0.5327, -0.1847, 0.2937, 0.693, 0.955, 1.141, 1.266, 1.263, 1.115, 0.925, 0.784, 0.7095, 0.6196, 0.2798, -0.2751, -1.003, -1.71, -2.346, -3.025, -3.697, -4.133, -4.145, -3.66, -2.752, -1.58, -0.08795, 1.73, 3.69, 5.25, 5.855, 5.4, 4.215, 2.928, 1.998, 1.754, 2.383, 3.906, 5.98, 8.26, 10.586, 12.83
17.75, 19.2, 19.7, 19.31, 18.03, 15.96, 12.92, 8.9, 4.43, 0.0776, -3.258, -5.34, -6.34, -6.746, -6.926, -6.992, -6.875, -6.477, -5.96, -5.414, -4.47, -2.678, 0.277, 4.332, 8.79, 12.78, 15.62, 16.8, 16.11, 13.77, 10.21, 6.21, 2.4, -1.05, -3.988, -6.33, -8.02, -8.914, -8.93, -8.22, -6.93, -5.293, -3.598, -2.088, -0.9517, -0.289, -0.1517, -0.4229, -0.9624, -1.806, -2.887, -4.344, -6.168, -8.14, -9.96, -11.3, -11.68, -10.9, -8.82, -5.652, -1.6455, 3.104, 8.19, 13.31, 17.61, 20.5, 21.44, 20.31, 17.53, 14.07, 10.44, 7.023, 4.08, 1.616, -0.235, -1.639, -2.666, -3.502, -4.266, -4.895, -5.24, -5.258, -5.215, -5.523, -6.324, -7.46, -8.6, -9.59, -10.46, -11.445, -12.6, -13.766, -14.6, -14.66, -13.93, -12.586, -10.625, -7.754, -4.14, -0.11005, 3.336, 5.344, 5.594, 4.375, 2.137, -0.834, -4.125, -7.547, -10.85, -13.79, -16.27, -18.4, -20.3, -22.05, -23.66, -24.9, -25.73, -26.02, -25.9, -25.5, -25.02, -24.33, -23.44, -21.77, -18.92, -14.52, -8.914, -2.883, 2.422, 6.348, 8.78, 10.41, 11.555, 12.45, 13.06, 13.55, 13.86, 13.89, 13.49, 12.75, 11.72, 10.25, 8.66, 6.902, 5.11, 3.39, 1.909, 0.803, -0.01016, -0.4402, -0.628, -0.4463, -0.02776, 0.5557, 1.145, 1.489, 1.599, 1.567, 1.612, 1.846, 2.174, 2.45, 2.58, 2.594, 2.531, 2.34, 2.03, 1.624, 1.25, 1.011, 0.9014, 0.8223, 0.4731, -0.1175, -0.8003, -1.4, -1.986, -2.762, -3.535, -4.01, -3.994, -3.336, -2.2, -0.839, 0.677, 2.379, 4.125, 5.516, 6.09, 5.766, 4.812, 3.727, 2.896, 2.6, 3.193, 4.78, 7.18, 10.0, 12.87, 15.55
19.89, 21.66, 22.4, 22.17, 20.92, 18.8, 15.66, 11.56, 6.87, 2.334, -1.296, -3.756, -5.145, -5.832, -6.203, -6.297, -6.027, -5.484, -4.824, -4.24, -3.576, -2.31, 0.05313, 3.707, 8.12, 12.5, 15.96, 17.92, 17.95, 16.17, 12.95, 8.95, 4.91, 1.185, -1.999, -4.652, -6.605, -7.82, -8.21, -7.86, -6.97, -5.766, -4.49, -3.271, -2.27, -1.633, -1.435, -1.689, -2.264, -3.143, -4.344, -6.02, -8.086, -10.29, -12.26, -13.375, -13.41, -12.305, -10.02, -6.754, -2.473, 2.742, 8.52, 14.29, 18.98, 22.08, 22.92, 21.75, 19.05, 15.69, 12.11, 8.62, 5.367, 2.572, 0.4468, -1.154, -2.477, -3.635, -4.684, -5.42, -5.79, -5.938, -6.117, -6.668, -7.676, -8.84, -9.97, -10.94, -11.83, -12.7, -13.71, -14.625, -15.234, -15.125, -14.21, -12.63, -10.234, -7.008, -2.951, 1.384, 5.016, 7.043, 7.156, 5.754, 3.262, 0.1233, -3.314, -6.758, -10.04, -13.13, -15.89, -18.3, -20.39, -22.2, -23.6, -24.66, -25.31, -25.56, -25.39, -24.94, -24.34, -23.64, -22.8, -21.39, -18.98, -15.12, -9.81, -3.775, 2.059, 6.76, 10.01, 12.34, 14.23, 15.94, 17.4, 18.53, 19.28, 19.72, 19.69, 19.19, 18.23, 16.75, 14.805, 12.46, 10.07, 7.66, 5.45, 3.566, 2.07, 1.043, 0.4497, 0.316, 0.676, 1.424, 2.188, 2.72, 3.072, 3.295, 3.578, 3.852, 3.992, 4.016, 3.83, 3.576, 3.35, 3.037, 2.596, 2.027, 1.523, 1.194, 1.026, 0.8457, 0.4158, -0.2289, -0.889, -1.398, -1.9, -2.629, -3.395, -3.898, -3.861, -3.121, -1.879, -0.505, 0.913, 2.453, 3.996, 5.254, 5.887, 5.812, 5.227, 4.426, 3.71, 3.363, 3.826, 5.3, 7.82, 10.98, 14.25, 17.34
21.14, 23.31, 24.4, 24.38, 23.22, 21.03, 17.78, 13.48, 8.73, 4.07, 0.247, -2.408, -4.016, -4.906, -5.387, -5.54, -5.215, -4.55, -3.793, -3.25, -2.85, -2.072, -0.3787, 2.6, 6.676, 11.23, 15.33, 18.19, 19.23, 18.38, 15.73, 12.0, 7.89, 3.941, 0.4136, -2.521, -4.82, -6.39, -7.18, -7.266, -6.82, -6.082, -5.168, -4.21, -3.273, -2.566, -2.24, -2.445, -3.11, -4.15, -5.566, -7.37, -9.586, -11.95, -13.88, -14.85, -14.65, -13.305, -10.836, -7.363, -2.691, 3.002, 9.28, 15.52, 20.52, 23.5, 24.27, 23.14, 20.83, 17.95, 14.45, 10.805, 7.117, 3.877, 1.317, -0.5938, -2.201, -3.598, -4.79, -5.59, -5.977, -6.234, -6.652, -7.465, -8.67, -9.914, -11.09, -12.1, -12.97, -13.8, -14.61, -15.33, -15.79, -15.59, -14.64, -12.96, -10.36, -6.93, -2.686, 1.774, 5.445, 7.492, 7.582, 6.22, 3.78, 0.706, -2.611, -5.914, -9.15, -12.31, -15.31, -18.0, -20.39, -22.19, -23.48, -24.39, -24.88, -25.1, -24.86, -24.36, -23.6, -22.78, -21.73, -20.4, -18.36, -15.0, -10.32, -4.434, 1.612, 7.023, 11.086, 14.19, 16.86, 19.33, 21.61, 23.5, 24.83, 25.66, 26.08, 25.77, 24.95, 23.47, 21.33, 18.72, 15.805, 12.7, 9.75, 7.105, 4.89, 3.117, 1.974, 1.514, 1.61, 2.186, 2.957, 3.586, 4.12, 4.523, 4.93, 5.18, 5.105, 4.836, 4.42, 4.055, 3.822, 3.59, 3.162, 2.486, 1.814, 1.344, 1.089, 0.814, 0.287, -0.4194, -1.121, -1.65, -2.078, -2.643, -3.303, -3.766, -3.701, -2.98, -1.796, -0.4753, 0.8687, 2.252, 3.65, 4.863, 5.613, 5.84, 5.625, 5.12, 4.56, 4.22, 4.484, 5.754, 8.125, 11.3, 14.79, 18.19
21.53, 24.16, 25.75, 26.06, 25.1, 22.89, 19.39, 14.9, 9.984, 5.246, 1.339, -1.446, -3.215, -4.215, -4.77, -4.92, -4.594, -3.904, -3.15, -2.627, -2.371, -1.963, -0.8716, 1.392, 4.996, 9.46, 14.04, 17.7, 19.88, 20.06, 18.34, 15.14, 11.19, 7.137, 3.283, -0.02078, -2.695, -4.633, -5.867, -6.39, -6.383, -6.062, -5.465, -4.707, -3.834, -3.059, -2.65, -2.867, -3.709, -4.945, -6.48, -8.305, -10.42, -12.67, -14.53, -15.42, -15.17, -13.664, -10.91, -7.15, -2.152, 3.975, 10.664, 17.1, 22.06, 24.98, 25.66, 24.86, 23.11, 20.61, 17.3, 13.31, 9.1, 5.246, 2.127, -0.178, -2.062, -3.564, -4.777, -5.57, -5.996, -6.35, -6.914, -7.92, -9.28, -10.67, -11.914, -12.94, -13.805, -14.6, -15.41, -16.08, -16.47, -16.36, -15.516, -13.914, -11.31, -7.812, -3.518, 0.9575, 4.65, 6.75, 7.027, 5.844, 3.734, 1.046, -1.981, -5.176, -8.48, -11.664, -14.75, -17.64, -20.06, -21.89, -23.16, -24.11, -24.48, -24.73, -24.53, -23.92, -22.95, -21.8, -20.62, -19.25, -17.45, -14.625, -10.5, -5.06, 1.0625, 6.918, 11.805, 15.74, 19.05, 22.2, 25.27, 27.95, 29.95, 31.4, 32.03, 32.12, 31.5, 30.05, 27.92, 25.06, 21.84, 18.25, 14.74, 11.3, 8.3, 5.758, 3.87, 2.766, 2.473, 2.727, 3.28, 3.84, 4.473, 5.05, 5.53, 5.773, 5.594, 5.152, 4.64, 4.324, 4.246, 4.18, 3.771, 2.969, 2.074, 1.403, 1.042, 0.729, 0.1664, -0.606, -1.398, -1.988, -2.348, -2.727, -3.232, -3.639, -3.592, -2.986, -1.948, -0.7065, 0.6143, 1.968, 3.3, 4.52, 5.39, 5.848, 5.938, 5.727, 5.383, 5.113, 5.27, 6.207, 8.164, 11.086, 14.58, 18.19
21.03, 24.19, 26.31, 26.98, 26.2, 23.98, 20.48, 15.85, 10.836, 6.082, 2.068, -0.885, -2.793, -3.955, -4.57, -4.676, -4.254, -3.543, -2.84, -2.371, -2.18, -1.932, -1.189, 0.582, 3.668, 7.867, 12.516, 16.72, 19.81, 21.08, 20.39, 18.02, 14.55, 10.516, 6.523, 2.865, -0.2832, -2.674, -4.34, -5.31, -5.664, -5.66, -5.35, -4.777, -4.05, -3.344, -3.04, -3.375, -4.293, -5.59, -7.06, -8.66, -10.484, -12.43, -14.07, -14.945, -14.69, -13.0, -10.13, -6.062, -0.7944, 5.52, 12.484, 18.94, 23.97, 26.75, 27.55, 27.12, 25.78, 23.55, 20.17, 15.89, 11.09, 6.656, 2.95, 0.119, -2.05, -3.729, -4.996, -5.8, -6.31, -6.76, -7.434, -8.53, -9.97, -11.414, -12.68, -13.76, -14.65, -15.445, -16.28, -16.98, -17.44, -17.42, -16.77, -15.28, -12.82, -9.35, -5.164, -0.814, 2.852, 5.16, 5.895, 5.215, 3.596, 1.309, -1.433, -4.598, -7.98, -11.28, -14.445, -17.23, -19.55, -21.25, -22.52, -23.58, -24.14, -24.47, -24.23, -23.56, -22.44, -21.14, -19.81, -18.36, -16.6, -14.11, -10.53, -5.586, 0.2086, 6.29, 11.87, 16.47, 20.53, 24.33, 27.97, 31.4, 34.03, 36.03, 37.16, 37.56, 37.22, 35.88, 33.9, 31.02, 27.55, 23.7, 19.58, 15.484, 11.734, 8.4, 5.867, 4.145, 3.205, 3.014, 3.277, 3.686, 4.3, 4.94, 5.56, 5.93, 5.77, 5.29, 4.8, 4.668, 4.773, 4.81, 4.336, 3.332, 2.16, 1.283, 0.842, 0.574, 0.04752, -0.767, -1.609, -2.217, -2.535, -2.797, -3.156, -3.54, -3.648, -3.242, -2.338, -1.149, 0.2053, 1.638, 2.984, 4.227, 5.19, 5.81, 6.13, 6.156, 6.027, 5.887, 5.938, 6.5, 8.01, 10.484, 13.695, 17.44
19.77, 23.25, 25.72, 26.72, 26.2, 24.12, 20.69, 16.2, 11.336, 6.684, 2.64, -0.434, -2.578, -3.957, -4.652, -4.688, -4.164, -3.408, -2.738, -2.307, -2.09, -1.827, -1.178, 0.302, 2.96, 6.68, 11.055, 15.47, 19.16, 21.42, 21.89, 20.47, 17.66, 13.92, 9.984, 6.043, 2.512, -0.387, -2.576, -4.055, -4.836, -5.15, -5.08, -4.695, -4.164, -3.645, -3.521, -3.977, -4.918, -6.08, -7.25, -8.42, -9.74, -11.28, -12.72, -13.5, -13.16, -11.4, -8.375, -4.13, 1.236, 7.715, 14.67, 21.14, 26.1, 28.88, 29.9, 29.75, 28.75, 26.61, 23.1, 18.44, 13.2, 8.12, 3.742, 0.3464, -2.129, -3.98, -5.387, -6.316, -6.934, -7.58, -8.445, -9.62, -11.05, -12.516, -13.79, -14.836, -15.78, -16.61, -17.48, -18.22, -18.78, -18.75, -18.08, -16.64, -14.39, -11.13, -7.215, -3.09, 0.6733, 3.373, 4.652, 4.66, 3.65, 1.742, -0.889, -4.14, -7.67, -11.14, -14.36, -17.02, -19.11, -20.72, -22.0, -23.12, -23.89, -24.38, -24.1, -23.34, -22.19, -20.81, -19.34, -17.88, -16.11, -13.82, -10.664, -6.305, -0.9766, 5.055, 11.125, 16.53, 21.22, 25.56, 29.81, 33.7, 36.97, 39.4, 41.03, 41.8, 41.72, 40.66, 38.94, 36.22, 32.94, 28.8, 24.3, 19.61, 15.13, 11.086, 7.87, 5.504, 4.03, 3.33, 3.2, 3.406, 3.998, 4.727, 5.45, 6.01, 5.984, 5.57, 5.152, 5.04, 5.19, 5.2, 4.594, 3.422, 2.057, 1.01, 0.508, 0.312, -0.0722, -0.842, -1.715, -2.346, -2.666, -2.836, -3.088, -3.492, -3.805, -3.652, -2.871, -1.704, -0.2642, 1.266, 2.658, 3.879, 4.895, 5.62, 6.12, 6.355, 6.375, 6.336, 6.33, 6.62, 7.65, 9.55, 12.33, 15.96
17.75, 21.33, 23.98, 25.19, 24.8, 22.9, 19.77, 15.64, 11.25, 6.973, 3.186, 0.0441, -2.32, -3.908, -4.645, -4.61, -4.043, -3.303, -2.693, -2.287, -2.014, -1.676, -1.002, 0.3552, 2.65, 5.848, 9.76, 14.016, 18.05, 21.19, 22.78, 22.4, 20.44, 17.33, 13.46, 9.46, 5.64, 2.314, -0.4944, -2.521, -3.834, -4.54, -4.73, -4.523, -4.18, -3.896, -3.982, -4.543, -5.414, -6.34, -7.066, -7.707, -8.484, -9.59, -10.73, -11.26, -10.7, -8.836, -5.75, -1.583, 3.738, 10.1, 17.02, 23.45, 28.27, 31.2, 32.5, 32.56, 31.56, 29.31, 25.67, 20.89, 15.305, 9.83, 4.863, 0.8867, -2.023, -4.1, -5.594, -6.69, -7.594, -8.53, -9.66, -10.99, -12.49, -13.875, -15.055, -16.05, -16.94, -17.88, -18.83, -19.66, -20.14, -19.97, -19.17, -17.78, -15.74, -12.83, -9.23, -5.223, -1.359, 1.687, 3.605, 4.324, 3.861, 2.266, -0.378, -3.74, -7.43, -11.06, -14.33, -16.94, -18.81, -20.3, -21.55, -22.89, -23.83, -24.34, -24.23, -23.5, -22.31, -20.88, -19.38, -17.73, -15.89, -13.63, -10.83, -7.066, -2.287, 3.504, 9.734, 15.78, 21.17, 26.14, 30.6, 34.8, 38.38, 41.25, 43.38, 44.47, 44.78, 44.16, 42.72, 40.3, 37.2, 33.0, 28.45, 23.28, 18.4, 13.82, 10.07, 7.203, 5.21, 4.01, 3.48, 3.408, 3.895, 4.715, 5.523, 6.156, 6.266, 5.914, 5.53, 5.344, 5.305, 5.125, 4.426, 3.162, 1.729, 0.716, 0.2834, 0.1486, -0.1392, -0.824, -1.678, -2.342, -2.684, -2.85, -3.115, -3.586, -4.043, -4.06, -3.389, -2.209, -0.6606, 0.954, 2.357, 3.543, 4.55, 5.35, 5.953, 6.305, 6.4, 6.363, 6.344, 6.4, 6.945, 8.29, 10.62, 14.0
15.21, 18.61, 21.23, 22.42, 22.2, 20.6, 17.8, 14.27, 10.57, 6.895, 3.527, 0.568, -1.855, -3.527, -4.258, -4.21, -3.695, -3.1, -2.648, -2.344, -2.031, -1.617, -0.9565, 0.2458, 2.182, 4.89, 8.35, 12.375, 16.7, 20.61, 23.25, 24.08, 23.08, 20.6, 17.12, 13.234, 9.195, 5.473, 2.18, -0.497, -2.428, -3.576, -4.14, -4.17, -4.035, -3.979, -4.266, -4.88, -5.59, -6.215, -6.535, -6.695, -7.023, -7.664, -8.37, -8.58, -7.754, -5.727, -2.57, 1.562, 6.73, 12.94, 19.55, 25.7, 30.42, 33.38, 34.7, 34.9, 33.9, 31.6, 27.77, 23.0, 17.45, 11.664, 6.24, 1.786, -1.498, -3.74, -5.32, -6.54, -7.75, -9.05, -10.5, -12.07, -13.65, -15.04, -16.14, -17.03, -17.9, -18.94, -20.11, -21.12, -21.5, -21.16, -20.25, -18.8, -16.89, -14.32, -10.98, -7.074, -3.043, 0.412, 2.873, 4.086, 3.977, 2.582, 0.0262, -3.436, -7.277, -11.01, -14.3, -16.86, -18.62, -20.0, -21.27, -22.58, -23.66, -24.3, -24.3, -23.67, -22.6, -21.16, -19.6, -17.84, -15.86, -13.69, -11.086, -7.797, -3.633, 1.681, 7.938, 14.445, 20.5, 25.94, 30.58, 34.9, 38.72, 41.88, 44.28, 45.88, 46.4, 46.16, 45.0, 43.0, 40.1, 36.34, 31.7, 26.44, 21.36, 16.52, 12.45, 9.24, 6.83, 5.207, 4.223, 3.883, 4.176, 4.96, 5.824, 6.49, 6.668, 6.312, 5.82, 5.414, 5.105, 4.7, 3.957, 2.76, 1.461, 0.605, 0.3108, 0.2983, 0.0795, -0.5635, -1.418, -2.16, -2.62, -2.89, -3.277, -3.812, -4.31, -4.367, -3.725, -2.49, -0.889, 0.7495, 2.115, 3.246, 4.25, 5.086, 5.727, 6.117, 6.207, 6.094, 5.94, 5.84, 6.06, 6.918, 8.75, 11.664
12.45, 15.555, 18.03, 19.23, 19.17, 17.75, 15.37, 12.43, 9.35, 6.355, 3.514, 0.854, -1.44, -3.002, -3.65, -3.615, -3.262, -2.912, -2.688, -2.523, -2.24, -1.848, -1.299, -0.3464, 1.22, 3.518, 6.652, 10.63, 15.28, 19.83, 23.5, 25.45, 25.42, 23.73, 20.81, 17.19, 13.18, 9.17, 5.383, 2.127, -0.4558, -2.145, -3.094, -3.469, -3.61, -3.83, -4.273, -4.848, -5.4, -5.723, -5.73, -5.516, -5.445, -5.637, -5.883, -5.676, -4.46, -2.236, 0.9126, 4.934, 9.875, 15.65, 21.97, 27.69, 32.16, 34.94, 36.34, 36.53, 35.38, 32.97, 29.33, 24.61, 19.14, 13.24, 7.562, 2.768, -0.753, -3.03, -4.582, -5.914, -7.355, -8.99, -10.71, -12.54, -14.195, -15.62, -16.77, -17.73, -18.78, -20.06, -21.4, -22.52, -22.83, -22.27, -21.22, -19.84, -18.05, -15.6, -12.32, -8.35, -4.21, -0.4873, 2.27, 3.826, 3.93, 2.57, 0.03595, -3.348, -7.113, -10.74, -13.984, -16.47, -18.3, -19.75, -21.08, -22.36, -23.55, -24.23, -24.4, -23.89, -22.8, -21.45, -19.81, -17.97, -15.91, -13.77, -11.36, -8.55, -5.03, -0.1619, 5.793, 12.336, 18.83, 24.83, 29.78, 34.16, 38.1, 41.5, 44.2, 45.94, 46.84, 46.78, 46.03, 44.34, 41.8, 38.34, 33.84, 28.83, 23.7, 18.98, 14.914, 11.58, 8.89, 6.95, 5.547, 4.848, 4.805, 5.38, 6.168, 6.83, 7.02, 6.67, 6.055, 5.402, 4.832, 4.242, 3.53, 2.578, 1.607, 0.9663, 0.7534, 0.8022, 0.6343, 0.01816, -0.901, -1.824, -2.518, -3.02, -3.504, -4.004, -4.42, -4.45, -3.807, -2.547, -0.964, 0.614, 1.956, 3.107, 4.125, 4.97, 5.574, 5.875, 5.88, 5.664, 5.39, 5.13, 5.11, 5.633, 6.953, 9.37
10.0, 12.73, 14.93, 16.08, 16.05, 14.914, 12.93, 10.445, 7.9, 5.402, 2.969, 0.6245, -1.373, -2.705, -3.203, -3.137, -2.979, -2.924, -2.947, -2.855, -2.57, -2.236, -1.913, -1.342, -0.1941, 1.803, 4.844, 8.9, 13.72, 18.89, 23.31, 26.31, 27.38, 26.6, 24.4, 21.14, 17.28, 13.195, 9.08, 5.28, 2.031, -0.296, -1.764, -2.559, -3.027, -3.469, -3.98, -4.465, -4.78, -4.83, -4.562, -4.098, -3.701, -3.488, -3.238, -2.578, -1.048, 1.286, 4.43, 8.29, 13.03, 18.48, 24.17, 29.27, 33.22, 35.88, 37.1, 37.12, 35.9, 33.4, 29.88, 25.45, 20.12, 14.25, 8.414, 3.416, -0.2384, -2.533, -3.97, -5.29, -6.836, -8.625, -10.55, -12.47, -14.18, -15.71, -17.05, -18.22, -19.56, -21.12, -22.66, -23.72, -23.9, -23.2, -22.08, -20.66, -18.92, -16.48, -13.164, -9.15, -4.887, -1.021, 1.937, 3.523, 3.64, 2.254, -0.2954, -3.492, -6.97, -10.39, -13.53, -16.02, -17.92, -19.5, -20.84, -22.23, -23.44, -24.27, -24.47, -24.05, -22.98, -21.61, -19.86, -17.97, -15.94, -13.914, -11.78, -9.3, -6.29, -2.168, 3.205, 9.6, 16.16, 22.38, 27.83, 32.62, 36.72, 40.2, 43.0, 44.94, 46.06, 46.3, 45.75, 44.34, 42.06, 38.78, 34.7, 30.0, 25.28, 20.94, 17.17, 13.93, 11.086, 8.734, 7.117, 6.176, 5.83, 6.125, 6.65, 7.26, 7.414, 7.06, 6.355, 5.52, 4.793, 4.195, 3.588, 2.902, 2.26, 1.75, 1.513, 1.446, 1.253, 0.658, -0.3074, -1.407, -2.355, -3.082, -3.656, -4.066, -4.3, -4.223, -3.615, -2.467, -1.01, 0.4841, 1.899, 3.14, 4.223, 5.086, 5.62, 5.78, 5.652, 5.324, 4.938, 4.56, 4.375, 4.613, 5.492, 7.367
8.16, 10.45, 12.32, 13.36, 13.37, 12.445, 10.77, 8.7, 6.496, 4.22, 1.992, -0.0934, -1.801, -2.842, -3.121, -3.023, -2.951, -3.04, -3.166, -3.064, -2.742, -2.504, -2.47, -2.334, -1.631, 0.1189, 3.068, 7.125, 12.15, 17.62, 22.69, 26.66, 28.75, 28.9, 27.47, 24.72, 21.19, 17.1, 12.8, 8.58, 4.8, 1.827, -0.2676, -1.614, -2.48, -3.115, -3.537, -3.764, -3.803, -3.59, -3.14, -2.5, -1.795, -1.119, -0.3843, 0.6084, 2.178, 4.5, 7.61, 11.44, 15.99, 20.95, 25.97, 30.44, 33.8, 36.06, 37.06, 36.94, 35.56, 33.03, 29.55, 25.16, 20.02, 14.19, 8.37, 3.305, -0.353, -2.557, -3.887, -5.15, -6.72, -8.58, -10.58, -12.49, -14.23, -15.84, -17.42, -19.02, -20.69, -22.38, -23.8, -24.6, -24.56, -23.7, -22.48, -21.08, -19.34, -16.83, -13.375, -9.234, -4.895, -0.9883, 1.938, 3.379, 3.252, 1.726, -0.815, -3.758, -6.88, -9.93, -12.86, -15.44, -17.5, -19.2, -20.69, -22.14, -23.42, -24.33, -24.69, -24.34, -23.28, -21.77, -19.94, -18.03, -16.1, -14.25, -12.336, -10.13, -7.496, -3.9, 0.588, 6.184, 12.43, 18.64, 24.39, 29.67, 34.25, 37.9, 40.94, 42.94, 44.0, 44.4, 44.1, 42.88, 40.78, 37.88, 34.25, 30.0, 25.94, 22.1, 18.78, 15.836, 13.125, 10.78, 8.914, 7.76, 7.22, 7.285, 7.59, 7.93, 8.055, 7.742, 7.062, 6.24, 5.48, 4.86, 4.344, 3.8, 3.234, 2.693, 2.285, 1.987, 1.627, 0.9746, 0.02893, -1.097, -2.197, -3.064, -3.656, -3.996, -4.055, -3.865, -3.352, -2.432, -1.163, 0.3079, 1.8545, 3.309, 4.51, 5.38, 5.832, 5.84, 5.562, 5.152, 4.727, 4.32, 4.023, 4.04, 4.605, 6.016
6.81, 8.62, 10.086, 10.93, 11.0, 10.28, 8.96, 7.203, 5.188, 3.076, 0.9917, -0.8994, -2.379, -3.174, -3.281, -3.102, -2.988, -3.064, -3.162, -2.979, -2.621, -2.453, -2.672, -2.965, -2.69, -1.263, 1.55, 5.523, 10.42, 16.0, 21.58, 26.33, 29.4, 30.52, 29.89, 27.72, 24.5, 20.53, 16.17, 11.695, 7.598, 4.03, 1.299, -0.622, -1.92, -2.66, -2.943, -2.887, -2.676, -2.336, -1.811, -0.9844, 0.097, 1.215, 2.316, 3.53, 5.113, 7.383, 10.39, 14.125, 18.47, 23.06, 27.36, 30.98, 33.72, 35.53, 36.3, 36.0, 34.47, 31.89, 28.28, 24.03, 18.92, 13.2, 7.465, 2.56, -1.024, -3.188, -4.46, -5.652, -7.17, -9.03, -10.98, -12.87, -14.68, -16.5, -18.34, -20.25, -22.12, -23.73, -24.77, -25.16, -24.72, -23.75, -22.42, -21.06, -19.2, -16.5, -12.914, -8.664, -4.316, -0.4937, 2.25, 3.428, 3.01, 1.254, -1.264, -4.043, -6.887, -9.61, -12.31, -14.83, -16.97, -18.86, -20.42, -22.05, -23.45, -24.53, -25.0, -24.75, -23.69, -22.08, -20.19, -18.33, -16.55, -14.86, -13.016, -10.99, -8.625, -5.53, -1.822, 2.803, 8.01, 13.82, 19.58, 25.12, 30.06, 34.12, 37.3, 39.47, 40.78, 41.1, 40.94, 40.0, 38.16, 35.44, 32.28, 28.84, 25.44, 22.39, 19.75, 17.34, 14.83, 12.58, 10.875, 9.74, 9.14, 8.99, 9.03, 9.15, 9.1, 8.79, 8.21, 7.547, 6.855, 6.242, 5.723, 5.117, 4.395, 3.584, 2.793, 2.174, 1.641, 0.9893, 0.0841, -1.022, -2.205, -3.152, -3.719, -3.938, -3.854, -3.596, -3.188, -2.494, -1.373, 0.12067, 1.856, 3.547, 4.895, 5.746, 6.062, 5.918, 5.508, 5.027, 4.6, 4.254, 3.951, 3.818, 4.15, 5.184
5.84, 7.14, 8.19, 8.8, 8.9, 8.45, 7.47, 5.99, 4.12, 2.17, 0.2554, -1.465, -2.758, -3.41, -3.404, -3.137, -2.91, -2.867, -2.877, -2.646, -2.305, -2.256, -2.691, -3.299, -3.34, -2.201, 0.328, 4.03, 8.73, 14.29, 20.19, 25.55, 29.48, 31.5, 31.48, 29.92, 27.1, 23.42, 19.11, 14.58, 10.15, 6.22, 3.008, 0.5864, -1.089, -1.976, -2.203, -2.012, -1.679, -1.353, -0.8447, 0.05768, 1.467, 3.096, 4.598, 5.973, 7.523, 9.59, 12.484, 16.2, 20.39, 24.44, 28.08, 30.83, 32.94, 34.3, 34.88, 34.44, 32.75, 30.05, 26.45, 22.06, 17.02, 11.586, 6.19, 1.614, -1.784, -3.889, -5.094, -6.258, -7.754, -9.56, -11.516, -13.44, -15.42, -17.48, -19.62, -21.73, -23.52, -24.78, -25.48, -25.42, -24.8, -23.69, -22.3, -20.67, -18.5, -15.54, -11.86, -7.63, -3.379, 0.2291, 2.682, 3.615, 2.947, 1.019, -1.539, -4.27, -6.97, -9.55, -12.03, -14.5, -16.64, -18.55, -20.19, -21.81, -23.38, -24.61, -25.22, -25.05, -24.06, -22.58, -20.77, -18.98, -17.27, -15.54, -13.67, -11.64, -9.36, -6.676, -3.662, -0.1349, 3.959, 8.82, 14.12, 19.44, 24.64, 28.9, 32.1, 34.22, 35.6, 36.28, 36.3, 35.7, 34.2, 31.97, 29.5, 26.72, 24.19, 22.03, 20.12, 18.3, 16.33, 14.49, 12.95, 11.95, 11.375, 11.164, 10.97, 10.89, 10.664, 10.37, 9.84, 9.24, 8.6, 7.98, 7.387, 6.62, 5.598, 4.438, 3.22, 2.23, 1.482, 0.831, -0.007374, -1.068, -2.283, -3.328, -3.955, -4.117, -3.914, -3.559, -3.182, -2.586, -1.519, 0.0622, 1.973, 3.818, 5.28, 6.066, 6.17, 5.785, 5.266, 4.805, 4.418, 4.12, 3.89, 3.738, 3.92, 4.633
5.066, 5.957, 6.58, 6.957, 7.03, 6.848, 6.188, 4.992, 3.348, 1.562, -0.1891, -1.679, -2.795, -3.326, -3.307, -3.033, -2.746, -2.613, -2.57, -2.37, -2.121, -2.217, -2.78, -3.545, -3.793, -2.92, -0.702, 2.678, 7.18, 12.72, 18.75, 24.53, 29.08, 31.77, 32.44, 31.45, 29.17, 25.67, 21.66, 17.14, 12.7, 8.51, 4.883, 1.981, 0.00687, -0.9976, -1.29, -1.204, -1.026, -0.8916, -0.507, 0.473, 2.146, 4.184, 6.137, 7.7, 9.26, 11.266, 14.055, 17.61, 21.39, 24.9, 27.69, 29.78, 31.38, 32.3, 32.72, 32.06, 30.36, 27.5, 23.83, 19.47, 14.68, 9.73, 4.98, 0.809, -2.234, -4.137, -5.39, -6.566, -7.99, -9.81, -11.84, -13.95, -16.12, -18.45, -20.81, -22.92, -24.6, -25.6, -25.97, -25.75, -25.05, -23.83, -22.23, -20.2, -17.56, -14.28, -10.49, -6.445, -2.445, 0.9062, 3.096, 3.74, 2.88, 0.8735, -1.674, -4.383, -7.023, -9.6, -12.11, -14.39, -16.39, -18.17, -19.8, -21.47, -23.17, -24.52, -25.33, -25.3, -24.56, -23.27, -21.69, -19.92, -18.2, -16.38, -14.28, -12.0, -9.58, -7.125, -4.676, -1.98, 1.018, 4.824, 9.22, 13.96, 18.6, 22.47, 25.53, 27.66, 29.12, 30.06, 30.58, 30.25, 29.34, 27.84, 25.92, 24.14, 22.66, 21.3, 20.36, 19.23, 17.72, 16.22, 15.04, 14.305, 13.9, 13.6, 13.23, 12.98, 12.58, 12.22, 11.695, 11.086, 10.45, 9.79, 9.086, 8.164, 6.89, 5.41, 3.844, 2.525, 1.545, 0.7812, -0.06824, -1.144, -2.398, -3.531, -4.285, -4.457, -4.2, -3.746, -3.285, -2.635, -1.484, 0.2314, 2.29, 4.223, 5.66, 6.305, 6.152, 5.51, 4.84, 4.355, 4.027, 3.771, 3.584, 3.469, 3.643, 4.22
4.496, 5.14, 5.5, 5.656, 5.75, 5.67, 5.242, 4.254, 2.8, 1.125, -0.4065, -1.6875, -2.633, -3.121, -3.201, -2.998, -2.725, -2.57, -2.467, -2.318, -2.205, -2.422, -3.049, -3.86, -4.25, -3.57, -1.664, 1.468, 5.816, 11.26, 17.33, 23.31, 28.19, 31.36, 32.66, 32.28, 30.5, 27.53, 23.62, 19.34, 14.914, 10.68, 6.887, 3.732, 1.469, 0.1088, -0.465, -0.6313, -0.724, -0.824, -0.586, 0.412, 2.264, 4.574, 6.805, 8.62, 10.22, 12.15, 14.73, 18.0, 21.34, 24.19, 26.25, 27.73, 28.8, 29.56, 29.67, 28.9, 26.97, 24.06, 20.45, 16.27, 11.92, 7.598, 3.629, 0.259, -2.316, -4.062, -5.297, -6.516, -7.965, -9.805, -11.91, -14.17, -16.6, -19.12, -21.5, -23.56, -25.06, -25.9, -26.28, -26.16, -25.53, -24.23, -22.17, -19.53, -16.36, -12.85, -9.11, -5.227, -1.558, 1.4375, 3.33, 3.777, 2.754, 0.7383, -1.7705, -4.484, -7.164, -9.75, -12.22, -14.32, -16.1, -17.73, -19.36, -21.05, -22.84, -24.31, -25.17, -25.34, -24.94, -24.06, -22.83, -21.22, -19.36, -17.12, -14.76, -12.22, -9.7, -7.3, -5.11, -2.896, -0.5547, 2.262, 5.695, 9.34, 13.08, 16.36, 18.92, 20.72, 22.33, 23.36, 24.23, 24.47, 24.31, 23.45, 22.55, 21.6, 21.1, 20.78, 20.62, 20.14, 19.12, 18.14, 17.25, 16.75, 16.45, 16.2, 15.71, 15.16, 14.55, 14.0, 13.375, 12.77, 12.13, 11.4, 10.53, 9.46, 8.08, 6.42, 4.633, 3.107, 1.928, 0.965, -0.009674, -1.169, -2.498, -3.701, -4.52, -4.758, -4.54, -4.047, -3.43, -2.559, -1.214, 0.656, 2.793, 4.754, 6.043, 6.438, 6.055, 5.23, 4.457, 3.896, 3.533, 3.24, 3.033, 2.984, 3.217, 3.787
4.19, 4.746, 4.996, 4.996, 5.016, 4.945, 4.574, 3.662, 2.29, 0.722, -0.6475, -1.724, -2.51, -2.998, -3.203, -3.139, -2.947, -2.748, -2.553, -2.396, -2.342, -2.611, -3.238, -4.08, -4.54, -4.117, -2.545, 0.3218, 4.492, 9.84, 15.89, 21.83, 26.83, 30.31, 32.12, 32.44, 31.23, 28.67, 25.1, 20.89, 16.58, 12.44, 8.65, 5.418, 2.906, 1.221, 0.2297, -0.3347, -0.7085, -0.9214, -0.714, 0.2429, 2.076, 4.418, 6.703, 8.625, 10.29, 12.15, 14.53, 17.31, 19.97, 22.12, 23.61, 24.6, 25.44, 25.78, 25.72, 24.6, 22.56, 19.67, 16.2, 12.4, 8.71, 5.184, 2.107, -0.4814, -2.543, -4.098, -5.35, -6.62, -8.08, -9.91, -12.05, -14.46, -16.98, -19.6, -21.95, -23.9, -25.28, -26.06, -26.47, -26.45, -25.88, -24.36, -21.83, -18.61, -15.03, -11.39, -7.793, -4.14, -0.729, 1.961, 3.508, 3.633, 2.479, 0.4502, -1.992, -4.625, -7.324, -9.9, -12.234, -14.15, -15.766, -17.27, -18.83, -20.69, -22.53, -24.02, -24.89, -25.31, -25.22, -24.75, -23.86, -22.48, -20.52, -18.08, -15.4, -12.63, -10.0, -7.63, -5.418, -3.383, -1.286, 1.028, 3.617, 6.28, 8.945, 11.3, 13.305, 14.81, 16.25, 17.44, 18.58, 19.27, 19.81, 19.77, 19.58, 19.61, 19.98, 20.52, 21.1, 21.14, 20.62, 19.98, 19.31, 19.06, 18.9, 18.61, 18.03, 17.3, 16.52, 15.76, 15.03, 14.25, 13.52, 12.65, 11.62, 10.42, 8.96, 7.258, 5.418, 3.805, 2.43, 1.182, -0.006447, -1.31, -2.633, -3.78, -4.58, -4.91, -4.797, -4.32, -3.527, -2.365, -0.7793, 1.275, 3.469, 5.36, 6.508, 6.68, 6.113, 5.19, 4.332, 3.676, 3.184, 2.79, 2.494, 2.455, 2.771, 3.43
4.12, 4.73, 4.9, 4.758, 4.6, 4.426, 3.992, 3.05, 1.678, 0.1746, -1.073, -1.959, -2.562, -3.004, -3.291, -3.36, -3.207, -2.922, -2.57, -2.271, -2.162, -2.428, -3.066, -3.922, -4.54, -4.43, -3.207, -0.655, 3.305, 8.55, 14.35, 20.19, 25.03, 28.8, 31.05, 31.95, 31.3, 29.16, 25.77, 21.7, 17.48, 13.516, 9.945, 6.777, 4.098, 2.068, 0.7075, -0.1599, -0.701, -0.9346, -0.71, 0.17, 1.775, 3.809, 5.805, 7.58, 9.2, 10.95, 13.086, 15.375, 17.36, 18.9, 19.81, 20.52, 21.02, 21.2, 20.75, 19.4, 17.36, 14.63, 11.54, 8.29, 5.24, 2.488, 0.268, -1.554, -3.129, -4.51, -5.805, -7.164, -8.664, -10.46, -12.625, -15.07, -17.6, -20.17, -22.39, -24.22, -25.42, -26.23, -26.67, -26.6, -25.8, -23.84, -20.86, -17.31, -13.6, -10.02, -6.61, -3.205, -0.006557, 2.412, 3.598, 3.357, 2.014, 0.005966, -2.316, -4.777, -7.32, -9.8, -12.01, -13.77, -15.23, -16.81, -18.58, -20.61, -22.47, -23.9, -24.69, -25.17, -25.36, -25.36, -24.83, -23.66, -21.67, -19.1, -16.31, -13.49, -10.79, -8.35, -6.066, -3.836, -1.69, 0.425, 2.55, 4.55, 6.43, 8.03, 9.52, 10.85, 11.95, 13.18, 14.28, 15.32, 16.14, 16.7, 17.38, 18.22, 19.39, 20.58, 21.75, 22.25, 22.12, 21.69, 21.25, 21.14, 20.98, 20.8, 20.17, 19.34, 18.44, 17.47, 16.61, 15.66, 14.72, 13.65, 12.39, 11.03, 9.47, 7.79, 6.01, 4.285, 2.729, 1.187, -0.307, -1.736, -2.967, -3.922, -4.62, -4.977, -4.953, -4.5, -3.562, -2.14, -0.3015, 1.898, 4.13, 5.926, 6.957, 7.047, 6.47, 5.543, 4.6, 3.807, 3.123, 2.508, 2.072, 2.016, 2.43, 3.223
4.152, 4.82, 4.918, 4.63, 4.242, 3.873, 3.316, 2.332, 0.957, -0.5083, -1.664, -2.37, -2.773, -3.096, -3.385, -3.496, -3.277, -2.81, -2.25, -1.788, -1.574, -1.782, -2.438, -3.342, -4.12, -4.32, -3.506, -1.297, 2.395, 7.363, 12.89, 18.39, 23.17, 27.03, 29.64, 31.05, 30.8, 28.97, 25.7, 21.84, 17.78, 14.09, 10.73, 7.7, 5.016, 2.719, 1.026, -0.099, -0.6953, -0.8135, -0.565, 0.06744, 1.199, 2.672, 4.184, 5.574, 7.004, 8.625, 10.45, 12.29, 13.66, 14.62, 15.27, 15.72, 16.02, 15.88, 15.23, 13.8, 11.83, 9.516, 6.97, 4.37, 2.03, -0.0085, -1.545, -2.8, -3.904, -5.15, -6.48, -7.887, -9.54, -11.39, -13.52, -16.05, -18.53, -21.0, -23.05, -24.7, -25.8, -26.52, -26.75, -26.34, -25.23, -22.83, -19.55, -15.8, -12.195, -8.83, -5.6, -2.385, 0.605, 2.703, 3.521, 2.941, 1.426, -0.541, -2.672, -4.902, -7.223, -9.445, -11.46, -13.17, -14.69, -16.45, -18.42, -20.62, -22.52, -23.9, -24.66, -25.11, -25.5, -25.8, -25.61, -24.66, -22.77, -20.27, -17.52, -14.83, -12.195, -9.586, -7.082, -4.535, -2.03, 0.1655, 2.098, 3.67, 5.01, 6.297, 7.46, 8.57, 9.61, 10.625, 11.66, 12.69, 13.734, 14.72, 15.96, 17.36, 19.12, 20.88, 22.5, 23.31, 23.5, 23.31, 23.0, 22.9, 22.81, 22.69, 22.08, 21.17, 20.2, 19.11, 18.08, 17.02, 15.88, 14.54, 13.055, 11.484, 9.8, 8.09, 6.29, 4.516, 2.752, 0.889, -0.877, -2.402, -3.484, -4.207, -4.715, -5.047, -5.082, -4.637, -3.602, -1.973, 0.0931, 2.404, 4.633, 6.395, 7.383, 7.508, 6.97, 6.03, 4.98, 4.023, 3.127, 2.3, 1.766, 1.721, 2.229, 3.145
4.195, 4.844, 4.867, 4.46, 3.902, 3.367, 2.703, 1.6875, 0.324, -1.13, -2.25, -2.844, -3.111, -3.266, -3.406, -3.428, -3.115, -2.498, -1.764, -1.153, -0.833, -0.942, -1.53, -2.453, -3.334, -3.76, -3.223, -1.372, 2.03, 6.664, 11.805, 16.88, 21.44, 25.3, 28.08, 29.77, 29.81, 28.3, 25.33, 21.66, 17.89, 14.39, 11.195, 8.266, 5.582, 3.188, 1.293, 0.00996, -0.683, -0.861, -0.702, -0.3335, 0.251, 1.069, 2.047, 3.041, 4.207, 5.61, 7.117, 8.555, 9.46, 10.055, 10.41, 10.69, 10.766, 10.46, 9.586, 8.23, 6.688, 5.004, 3.188, 1.323, -0.467, -1.874, -2.873, -3.596, -4.36, -5.48, -6.82, -8.46, -10.305, -12.34, -14.67, -17.25, -19.73, -22.03, -23.94, -25.5, -26.53, -26.95, -26.84, -26.05, -24.28, -21.52, -18.03, -14.26, -10.805, -7.676, -4.617, -1.598, 1.111, 2.81, 3.22, 2.375, 0.7305, -1.179, -3.074, -4.98, -6.97, -9.0, -10.84, -12.55, -14.19, -16.06, -18.33, -20.55, -22.44, -23.78, -24.55, -25.11, -25.7, -26.17, -26.17, -25.33, -23.66, -21.33, -18.7, -16.19, -13.766, -11.17, -8.42, -5.48, -2.625, -0.1755, 1.815, 3.305, 4.45, 5.582, 6.74, 7.79, 8.8, 9.65, 10.375, 11.31, 12.43, 13.74, 15.305, 17.19, 19.25, 21.28, 23.0, 24.06, 24.56, 24.58, 24.42, 24.39, 24.23, 24.02, 23.48, 22.72, 21.81, 20.66, 19.55, 18.33, 16.98, 15.45, 13.74, 11.98, 10.09, 8.37, 6.555, 4.633, 2.69, 0.535, -1.462, -3.012, -3.979, -4.516, -4.863, -5.152, -5.223, -4.766, -3.627, -1.806, 0.412, 2.795, 5.01, 6.754, 7.754, 7.91, 7.37, 6.332, 5.098, 3.938, 2.896, 2.018, 1.523, 1.583, 2.188, 3.172
4.14, 4.7, 4.7, 4.258, 3.678, 3.062, 2.361, 1.36, -0.0152, -1.526, -2.674, -3.248, -3.395, -3.396, -3.416, -3.354, -2.994, -2.297, -1.442, -0.7197, -0.3145, -0.3657, -0.8237, -1.566, -2.352, -2.791, -2.35, -0.7227, 2.273, 6.42, 11.08, 15.75, 19.94, 23.52, 26.34, 28.1, 28.39, 27.2, 24.7, 21.4, 17.98, 14.66, 11.59, 8.664, 5.91, 3.42, 1.449, 0.08923, -0.7114, -1.089, -1.255, -1.2705, -1.091, -0.7305, -0.163, 0.568, 1.422, 2.543, 3.79, 4.89, 5.574, 5.88, 5.97, 6.03, 5.945, 5.496, 4.574, 3.475, 2.434, 1.445, 0.3687, -0.788, -2.037, -2.92, -3.479, -3.807, -4.39, -5.438, -6.953, -8.82, -10.945, -13.31, -15.766, -18.34, -20.83, -22.98, -24.83, -26.28, -27.19, -27.42, -26.88, -25.45, -23.19, -20.0, -16.45, -12.77, -9.445, -6.42, -3.54, -0.795, 1.535, 2.861, 2.93, 1.8, 0.02368, -1.807, -3.488, -5.082, -6.727, -8.484, -10.28, -12.055, -13.83, -15.81, -18.06, -20.34, -22.12, -23.5, -24.44, -25.22, -25.95, -26.53, -26.6, -25.77, -24.2, -22.14, -19.8, -17.48, -15.1, -12.51, -9.586, -6.355, -3.264, -0.5884, 1.491, 3.076, 4.34, 5.57, 6.805, 7.965, 8.914, 9.59, 10.23, 11.016, 12.1, 13.625, 15.41, 17.44, 19.56, 21.7, 23.48, 24.75, 25.36, 25.58, 25.6, 25.44, 25.14, 24.89, 24.39, 23.77, 22.88, 21.89, 20.7, 19.38, 17.95, 16.23, 14.39, 12.484, 10.49, 8.63, 6.78, 4.785, 2.648, 0.3567, -1.743, -3.324, -4.242, -4.69, -4.992, -5.29, -5.387, -4.87, -3.59, -1.614, 0.7534, 3.178, 5.395, 7.07, 7.996, 8.1, 7.426, 6.195, 4.73, 3.375, 2.326, 1.603, 1.326, 1.571, 2.246, 3.205
3.969, 4.45, 4.48, 4.13, 3.629, 3.086, 2.418, 1.442, 0.0286, -1.573, -2.85, -3.516, -3.662, -3.564, -3.504, -3.416, -3.078, -2.357, -1.467, -0.704, -0.2246, -0.1262, -0.3406, -0.8, -1.305, -1.5205, -1.063, 0.4084, 3.0, 6.598, 10.71, 14.82, 18.56, 21.89, 24.47, 26.19, 26.61, 25.8, 23.84, 21.16, 18.1, 14.9, 11.77, 8.734, 5.938, 3.482, 1.555, 0.1576, -0.81, -1.535, -2.102, -2.498, -2.586, -2.328, -1.868, -1.329, -0.7466, -0.00836, 0.85, 1.7, 2.182, 2.404, 2.338, 2.281, 2.02, 1.451, 0.603, -0.1493, -0.721, -1.059, -1.393, -1.935, -2.633, -3.107, -3.42, -3.646, -4.23, -5.332, -7.023, -9.164, -11.58, -14.1, -16.72, -19.28, -21.69, -23.75, -25.53, -26.84, -27.61, -27.6, -26.61, -24.7, -21.98, -18.6, -14.9, -11.22, -7.914, -4.95, -2.264, 0.10486, 1.977, 2.893, 2.652, 1.316, -0.5107, -2.256, -3.744, -5.1, -6.496, -8.086, -9.86, -11.695, -13.62, -15.52, -17.67, -19.75, -21.55, -23.02, -24.25, -25.31, -26.27, -26.89, -26.88, -26.1, -24.64, -22.7, -20.62, -18.48, -16.14, -13.484, -10.45, -7.125, -3.818, -0.9595, 1.285, 3.049, 4.465, 5.902, 7.355, 8.68, 9.586, 10.27, 10.805, 11.516, 12.66, 14.24, 16.16, 18.2, 20.28, 22.16, 23.89, 25.23, 26.1, 26.48, 26.45, 26.11, 25.73, 25.31, 24.77, 24.17, 23.31, 22.42, 21.33, 19.92, 18.36, 16.61, 14.72, 12.76, 10.766, 8.836, 6.918, 4.85, 2.623, 0.2854, -1.799, -3.379, -4.31, -4.812, -5.18, -5.555, -5.637, -4.973, -3.469, -1.2705, 1.268, 3.742, 5.9, 7.47, 8.25, 8.125, 7.19, 5.676, 3.98, 2.566, 1.635, 1.223, 1.264, 1.699, 2.385, 3.205
3.74, 4.17, 4.285, 4.082, 3.7, 3.258, 2.633, 1.675, 0.2244, -1.452, -2.838, -3.592, -3.803, -3.732, -3.68, -3.604, -3.277, -2.604, -1.733, -0.9526, -0.3945, -0.1083, 0.004913, -0.05185, -0.1418, -0.02086, 0.528, 1.798, 3.982, 6.95, 10.39, 14.06, 17.38, 20.3, 22.55, 23.98, 24.52, 24.03, 22.69, 20.58, 17.94, 14.93, 11.734, 8.57, 5.72, 3.367, 1.599, 0.2196, -0.968, -2.025, -2.986, -3.68, -3.848, -3.49, -2.875, -2.365, -2.08, -1.755, -1.332, -0.785, -0.4055, -0.282, -0.4153, -0.6074, -0.9727, -1.523, -2.176, -2.637, -2.781, -2.623, -2.395, -2.406, -2.604, -2.871, -3.158, -3.486, -4.207, -5.47, -7.4, -9.77, -12.305, -14.87, -17.44, -19.95, -22.27, -24.23, -25.92, -27.22, -27.89, -27.6, -26.17, -23.84, -20.86, -17.3, -13.5, -9.71, -6.285, -3.344, -0.8413, 1.158, 2.55, 3.041, 2.54, 1.112, -0.6914, -2.375, -3.785, -5.05, -6.367, -7.8, -9.55, -11.36, -13.32, -15.14, -17.08, -18.94, -20.77, -22.44, -24.05, -25.4, -26.61, -27.3, -27.3, -26.64, -25.25, -23.52, -21.58, -19.48, -17.17, -14.414, -11.26, -7.88, -4.46, -1.448, 0.997, 2.959, 4.69, 6.375, 8.04, 9.47, 10.56, 11.32, 11.9, 12.68, 13.85, 15.48, 17.39, 19.38, 21.25, 23.0, 24.58, 25.86, 26.77, 27.1, 26.92, 26.38, 25.75, 25.16, 24.53, 23.97, 23.22, 22.27, 21.16, 19.81, 18.3, 16.58, 14.695, 12.76, 10.72, 8.71, 6.73, 4.637, 2.414, 0.11633, -1.936, -3.53, -4.492, -5.1, -5.617, -6.023, -5.91, -4.973, -3.174, -0.734, 1.927, 4.457, 6.562, 8.016, 8.57, 8.19, 6.938, 5.16, 3.33, 1.935, 1.201, 1.094, 1.411, 1.935, 2.543, 3.164
3.518, 3.965, 4.18, 4.08, 3.758, 3.303, 2.652, 1.665, 0.2576, -1.3955, -2.797, -3.62, -3.873, -3.834, -3.773, -3.691, -3.406, -2.793, -1.977, -1.147, -0.4692, -0.004745, 0.3674, 0.7256, 1.112, 1.582, 2.215, 3.26, 4.965, 7.336, 10.22, 13.305, 16.27, 18.83, 20.75, 21.94, 22.44, 22.17, 21.25, 19.61, 17.31, 14.44, 11.29, 8.15, 5.375, 3.14, 1.511, 0.2175, -1.064, -2.402, -3.652, -4.52, -4.64, -4.086, -3.322, -2.79, -2.758, -2.873, -2.846, -2.64, -2.37, -2.352, -2.512, -2.793, -3.05, -3.44, -3.799, -3.967, -3.83, -3.36, -2.797, -2.398, -2.277, -2.434, -2.828, -3.422, -4.492, -6.043, -8.125, -10.55, -13.086, -15.62, -18.06, -20.45, -22.62, -24.58, -26.2, -27.33, -27.83, -27.36, -25.64, -23.0, -19.81, -16.16, -12.28, -8.38, -4.87, -1.904, 0.4177, 2.113, 3.105, 3.3, 2.639, 1.24, -0.4956, -2.201, -3.623, -4.89, -6.156, -7.54, -9.164, -10.96, -12.8, -14.56, -16.34, -18.12, -19.98, -21.9, -23.84, -25.62, -27.02, -27.78, -27.77, -27.16, -26.0, -24.47, -22.66, -20.56, -18.19, -15.35, -12.16, -8.68, -5.277, -2.158, 0.5513, 2.822, 4.914, 6.914, 8.78, 10.375, 11.66, 12.51, 13.305, 14.23, 15.58, 17.27, 19.11, 20.97, 22.62, 24.11, 25.47, 26.58, 27.2, 27.33, 27.03, 26.3, 25.45, 24.62, 23.9, 23.25, 22.44, 21.45, 20.28, 19.02, 17.61, 16.05, 14.266, 12.43, 10.44, 8.336, 6.29, 4.156, 1.946, -0.2979, -2.283, -3.893, -4.992, -5.758, -6.35, -6.645, -6.234, -4.93, -2.773, -0.1081, 2.693, 5.246, 7.348, 8.664, 9.07, 8.44, 6.98, 5.023, 3.143, 1.821, 1.228, 1.247, 1.648, 2.133, 2.611, 3.072
3.367, 3.924, 4.25, 4.125, 3.646, 2.979, 2.2, 1.189, -0.0949, -1.593, -2.895, -3.693, -3.943, -3.873, -3.707, -3.537, -3.242, -2.676, -1.97, -1.201, -0.4712, 0.1482, 0.784, 1.502, 2.29, 3.05, 3.758, 4.633, 5.89, 7.695, 10.05, 12.72, 15.37, 17.67, 19.31, 20.28, 20.61, 20.33, 19.56, 18.22, 16.14, 13.484, 10.53, 7.656, 5.098, 3.04, 1.391, 0.092, -1.212, -2.656, -4.01, -4.89, -4.957, -4.273, -3.443, -2.994, -3.092, -3.48, -3.723, -3.799, -3.76, -3.86, -4.094, -4.32, -4.402, -4.418, -4.402, -4.277, -3.924, -3.33, -2.646, -2.035, -1.709, -1.887, -2.525, -3.531, -5.008, -6.793, -8.914, -11.34, -13.836, -16.27, -18.69, -20.95, -23.12, -24.94, -26.45, -27.42, -27.73, -26.97, -25.05, -22.23, -18.81, -15.12, -11.2, -7.242, -3.656, -0.7085, 1.424, 2.824, 3.52, 3.47, 2.744, 1.445, -0.17, -1.828, -3.26, -4.543, -5.773, -7.055, -8.586, -10.31, -12.03, -13.8, -15.55, -17.38, -19.39, -21.55, -23.69, -25.69, -27.2, -28.14, -28.31, -27.84, -26.97, -25.7, -24.0, -21.95, -19.39, -16.44, -13.22, -9.766, -6.363, -3.11, -0.148, 2.467, 5.004, 7.355, 9.516, 11.37, 12.766, 13.84, 14.82, 15.945, 17.44, 19.12, 20.97, 22.69, 24.1, 25.23, 26.27, 27.06, 27.44, 27.34, 26.72, 25.75, 24.73, 23.73, 22.94, 22.19, 21.27, 20.19, 18.97, 17.75, 16.48, 15.164, 13.66, 11.96, 9.97, 7.89, 5.78, 3.592, 1.417, -0.7734, -2.73, -4.38, -5.664, -6.613, -7.23, -7.273, -6.46, -4.758, -2.316, 0.5176, 3.373, 5.94, 8.016, 9.35, 9.664, 8.945, 7.387, 5.395, 3.484, 2.148, 1.548, 1.507, 1.753, 2.1, 2.457, 2.87
3.29, 4.02, 4.43, 4.195, 3.41, 2.393, 1.395, 0.3845, -0.7373, -1.967, -3.092, -3.826, -4.05, -3.91, -3.56, -3.2, -2.824, -2.361, -1.814, -1.171, -0.4868, 0.1952, 0.9917, 1.924, 2.973, 4.0, 4.918, 5.777, 6.8, 8.2, 10.11, 12.38, 14.734, 16.81, 18.3, 19.08, 19.2, 18.83, 17.97, 16.62, 14.68, 12.34, 9.766, 7.223, 4.94, 2.959, 1.259, -0.11896, -1.473, -2.898, -4.164, -4.94, -4.97, -4.324, -3.54, -3.166, -3.277, -3.678, -3.994, -4.234, -4.45, -4.758, -5.117, -5.312, -5.156, -4.75, -4.258, -3.822, -3.293, -2.684, -2.0, -1.319, -1.003, -1.329, -2.275, -3.719, -5.484, -7.418, -9.57, -11.96, -14.38, -16.88, -19.42, -21.73, -23.83, -25.45, -26.72, -27.47, -27.42, -26.34, -24.1, -21.03, -17.5, -13.77, -9.88, -5.984, -2.451, 0.3916, 2.363, 3.465, 3.836, 3.566, 2.76, 1.546, 0.1305, -1.336, -2.693, -3.965, -5.152, -6.414, -7.855, -9.48, -11.164, -12.97, -14.8, -16.7, -18.86, -21.17, -23.47, -25.55, -27.08, -28.08, -28.6, -28.55, -28.02, -26.98, -25.42, -23.38, -20.62, -17.7, -14.43, -11.06, -7.64, -4.324, -1.053, 1.93, 4.87, 7.637, 10.11, 12.16, 13.766, 15.03, 16.22, 17.55, 19.11, 20.9, 22.66, 24.14, 25.33, 26.12, 26.69, 27.08, 27.14, 26.78, 25.84, 24.69, 23.55, 22.56, 21.69, 20.81, 19.8, 18.56, 17.33, 16.28, 15.195, 14.16, 12.96, 11.43, 9.586, 7.54, 5.375, 3.203, 1.004, -1.188, -3.113, -4.875, -6.336, -7.42, -7.96, -7.707, -6.44, -4.37, -1.733, 1.134, 3.934, 6.496, 8.625, 10.01, 10.34, 9.57, 7.97, 5.965, 3.996, 2.541, 1.757, 1.502, 1.569, 1.799, 2.125, 2.617
3.273, 4.137, 4.566, 4.24, 3.195, 1.87, 0.653, -0.3806, -1.334, -2.316, -3.266, -3.936, -4.164, -3.951, -3.43, -2.87, -2.387, -2.031, -1.715, -1.278, -0.6685, 0.04803, 0.8647, 1.839, 3.008, 4.28, 5.5, 6.6, 7.66, 8.9, 10.45, 12.336, 14.33, 16.22, 17.5, 18.14, 18.1, 17.58, 16.5, 15.1, 13.24, 11.266, 9.13, 7.027, 4.906, 2.87, 1.053, -0.532, -1.943, -3.207, -4.246, -4.84, -4.816, -4.297, -3.686, -3.375, -3.387, -3.629, -3.906, -4.242, -4.66, -5.21, -5.71, -5.84, -5.45, -4.676, -3.78, -3.014, -2.375, -1.771, -1.077, -0.4734, -0.2957, -0.812, -2.06, -3.816, -5.77, -7.758, -9.92, -12.4, -14.98, -17.69, -20.39, -22.86, -24.9, -26.27, -27.12, -27.47, -27.05, -25.61, -22.97, -19.56, -15.766, -11.89, -8.02, -4.336, -1.054, 1.611, 3.38, 4.223, 4.246, 3.654, 2.646, 1.477, 0.3098, -0.916, -2.121, -3.316, -4.477, -5.695, -7.01, -8.54, -10.22, -12.03, -14.01, -16.17, -18.5, -20.83, -23.16, -25.17, -26.72, -27.88, -28.66, -28.98, -28.88, -28.03, -26.67, -24.56, -21.9, -19.03, -15.86, -12.51, -9.125, -5.66, -2.174, 1.215, 4.49, 7.516, 10.23, 12.586, 14.484, 15.96, 17.38, 18.81, 20.42, 22.22, 23.86, 25.12, 25.98, 26.47, 26.61, 26.55, 26.19, 25.55, 24.52, 23.23, 22.06, 21.1, 20.22, 19.25, 18.14, 16.92, 15.81, 14.79, 13.93, 13.16, 12.195, 10.92, 9.26, 7.316, 5.18, 2.963, 0.7383, -1.417, -3.438, -5.33, -6.906, -8.05, -8.47, -7.844, -6.164, -3.746, -0.982, 1.843, 4.56, 7.105, 9.23, 10.586, 10.89, 10.08, 8.44, 6.32, 4.242, 2.621, 1.634, 1.201, 1.144, 1.348, 1.765, 2.412
3.291, 4.17, 4.598, 4.234, 3.078, 1.58, 0.2207, -0.8145, -1.638, -2.424, -3.248, -3.9, -4.168, -3.912, -3.256, -2.533, -2.07, -1.878, -1.81, -1.596, -1.092, -0.3635, 0.446, 1.362, 2.541, 3.998, 5.58, 7.08, 8.43, 9.7, 11.04, 12.52, 14.15, 15.7, 16.77, 17.25, 17.05, 16.39, 15.234, 13.81, 12.08, 10.32, 8.55, 6.805, 4.805, 2.707, 0.6943, -1.063, -2.473, -3.537, -4.316, -4.69, -4.586, -4.203, -3.754, -3.492, -3.436, -3.506, -3.75, -4.137, -4.695, -5.395, -5.945, -6.066, -5.555, -4.58, -3.434, -2.42, -1.641, -0.9526, -0.2362, 0.3125, 0.404, -0.302, -1.809, -3.785, -5.848, -7.93, -10.11, -12.68, -15.55, -18.52, -21.47, -23.88, -25.75, -27.0, -27.6, -27.56, -26.75, -24.81, -21.66, -17.8, -13.73, -9.766, -5.98, -2.53, 0.532, 2.967, 4.516, 5.08, 4.746, 3.826, 2.61, 1.451, 0.4314, -0.575, -1.619, -2.72, -3.875, -5.047, -6.254, -7.586, -9.2, -11.14, -13.266, -15.61, -18.11, -20.45, -22.61, -24.53, -26.17, -27.45, -28.5, -29.19, -29.5, -28.86, -27.55, -25.58, -23.05, -20.27, -17.25, -14.06, -10.66, -7.09, -3.422, 0.2695, 3.875, 7.152, 10.125, 12.71, 14.85, 16.64, 18.31, 19.89, 21.55, 23.25, 24.77, 25.77, 26.23, 26.33, 26.05, 25.64, 24.89, 23.97, 22.72, 21.5, 20.34, 19.34, 18.45, 17.56, 16.58, 15.46, 14.375, 13.47, 12.76, 12.19, 11.43, 10.375, 8.87, 7.043, 4.953, 2.748, 0.4758, -1.767, -3.824, -5.734, -7.355, -8.49, -8.7, -7.797, -5.81, -3.146, -0.228, 2.654, 5.375, 7.902, 9.984, 11.22, 11.33, 10.305, 8.5, 6.266, 4.074, 2.37, 1.303, 0.8657, 0.8394, 1.098, 1.616, 2.37
3.352, 4.098, 4.48, 4.18, 3.08, 1.569, 0.1511, -0.9224, -1.695, -2.37, -3.102, -3.738, -4.004, -3.719, -2.996, -2.219, -1.842, -1.89, -2.084, -2.064, -1.64, -0.906, -0.0839, 0.7915, 1.923, 3.46, 5.305, 7.223, 8.94, 10.36, 11.54, 12.71, 13.89, 15.1, 15.87, 16.17, 15.88, 15.164, 14.016, 12.67, 11.12, 9.586, 8.05, 6.42, 4.53, 2.383, 0.2474, -1.577, -2.928, -3.816, -4.336, -4.492, -4.344, -4.004, -3.648, -3.43, -3.375, -3.432, -3.691, -4.203, -4.855, -5.562, -6.08, -6.16, -5.664, -4.684, -3.455, -2.297, -1.305, -0.4458, 0.3318, 0.8506, 0.836, -0.0366, -1.701, -3.781, -5.934, -8.06, -10.266, -12.93, -15.97, -19.14, -22.11, -24.44, -26.16, -27.28, -27.84, -27.83, -26.7, -24.25, -20.55, -16.16, -11.734, -7.7, -4.08, -0.89, 1.916, 4.12, 5.46, 5.82, 5.246, 4.062, 2.693, 1.524, 0.6133, -0.2329, -1.203, -2.34, -3.477, -4.566, -5.62, -6.773, -8.305, -10.31, -12.62, -15.14, -17.64, -19.98, -22.14, -23.94, -25.45, -26.95, -28.36, -29.39, -29.89, -29.48, -28.38, -26.53, -24.2, -21.6, -18.73, -15.625, -12.2, -8.49, -4.63, -0.7783, 2.926, 6.46, 9.73, 12.6, 15.06, 17.27, 19.05, 20.77, 22.39, 23.95, 25.22, 25.97, 26.08, 25.83, 25.19, 24.44, 23.45, 22.36, 21.11, 19.72, 18.48, 17.48, 16.62, 15.74, 14.93, 14.03, 13.15, 12.4, 11.81, 11.3, 10.65, 9.67, 8.29, 6.582, 4.53, 2.256, -0.06186, -2.31, -4.348, -6.203, -7.77, -8.74, -8.81, -7.734, -5.59, -2.781, 0.2732, 3.37, 6.336, 9.016, 11.04, 12.016, 11.76, 10.38, 8.266, 5.92, 3.73, 2.076, 1.127, 0.8066, 0.931, 1.3125, 1.859, 2.545
3.355, 3.902, 4.266, 4.11, 3.207, 1.785, 0.2966, -0.915, -1.757, -2.39, -3.018, -3.566, -3.752, -3.389, -2.623, -1.847, -1.553, -1.84, -2.326, -2.527, -2.193, -1.468, -0.6284, 0.2332, 1.334, 2.895, 4.875, 7.062, 9.11, 10.67, 11.83, 12.75, 13.53, 14.27, 14.78, 14.87, 14.59, 13.91, 12.914, 11.664, 10.266, 8.83, 7.39, 5.816, 3.97, 1.915, -0.1552, -1.885, -3.133, -3.922, -4.29, -4.312, -4.06, -3.66, -3.314, -3.094, -3.072, -3.277, -3.746, -4.44, -5.195, -5.844, -6.27, -6.348, -5.94, -5.03, -3.814, -2.55, -1.396, -0.3804, 0.4478, 0.95, 0.871, -0.04053, -1.71, -3.785, -5.91, -8.06, -10.38, -13.16, -16.31, -19.55, -22.39, -24.48, -25.97, -27.12, -27.9, -28.0, -26.81, -23.95, -19.73, -14.92, -10.24, -6.164, -2.627, 0.3992, 3.008, 4.996, 6.17, 6.387, 5.65, 4.363, 2.973, 1.838, 0.9727, 0.1392, -0.8813, -2.084, -3.22, -4.17, -5.008, -6.02, -7.504, -9.47, -11.875, -14.61, -17.25, -19.61, -21.67, -23.4, -24.94, -26.64, -28.28, -29.5, -30.11, -29.97, -29.05, -27.45, -25.44, -23.1, -20.48, -17.31, -13.75, -9.95, -5.902, -1.906, 1.978, 5.605, 9.055, 12.27, 15.14, 17.64, 19.69, 21.48, 23.08, 24.45, 25.52, 26.08, 26.0, 25.42, 24.55, 23.56, 22.36, 21.16, 19.8, 18.25, 16.83, 15.64, 14.72, 13.89, 13.28, 12.67, 12.08, 11.49, 10.99, 10.45, 9.766, 8.86, 7.555, 5.855, 3.77, 1.507, -0.83, -3.066, -5.04, -6.773, -8.1, -8.89, -8.84, -7.734, -5.59, -2.732, 0.536, 3.96, 7.316, 10.23, 12.22, 12.88, 12.234, 10.46, 8.11, 5.695, 3.617, 2.133, 1.336, 1.188, 1.449, 1.893, 2.355, 2.824
3.28, 3.662, 4.03, 4.035, 3.375, 2.053, 0.4587, -0.9854, -1.987, -2.637, -3.127, -3.492, -3.52, -3.05, -2.205, -1.393, -1.122, -1.565, -2.314, -2.78, -2.629, -1.979, -1.123, -0.2358, 0.8193, 2.314, 4.293, 6.566, 8.77, 10.54, 11.695, 12.48, 12.98, 13.38, 13.6, 13.555, 13.26, 12.64, 11.83, 10.69, 9.41, 8.05, 6.613, 5.055, 3.312, 1.412, -0.423, -1.968, -3.139, -3.879, -4.176, -4.09, -3.709, -3.201, -2.732, -2.44, -2.457, -2.895, -3.682, -4.637, -5.52, -6.156, -6.586, -6.71, -6.402, -5.598, -4.445, -3.133, -1.882, -0.7744, 0.10297, 0.626, 0.5703, -0.2583, -1.814, -3.81, -5.957, -8.18, -10.57, -13.35, -16.62, -19.88, -22.64, -24.58, -25.81, -26.89, -27.78, -27.98, -26.72, -23.64, -19.08, -14.01, -9.11, -4.93, -1.486, 1.424, 3.883, 5.72, 6.73, 6.77, 5.95, 4.652, 3.355, 2.361, 1.518, 0.6367, -0.473, -1.771, -2.889, -3.744, -4.43, -5.305, -6.715, -8.65, -11.125, -13.875, -16.58, -18.94, -20.98, -22.84, -24.56, -26.45, -28.19, -29.67, -30.39, -30.34, -29.58, -28.31, -26.75, -24.73, -22.12, -19.11, -15.56, -11.625, -7.453, -3.346, 0.652, 4.44, 8.13, 11.664, 14.85, 17.62, 19.94, 21.92, 23.52, 24.75, 25.64, 25.97, 25.77, 25.06, 24.0, 22.94, 21.69, 20.23, 18.75, 17.08, 15.43, 13.99, 12.88, 12.11, 11.625, 11.23, 10.89, 10.586, 10.2, 9.66, 8.945, 7.98, 6.71, 5.047, 2.979, 0.703, -1.658, -3.86, -5.758, -7.266, -8.31, -8.87, -8.71, -7.625, -5.625, -2.803, 0.685, 4.46, 8.2, 11.33, 13.266, 13.7, 12.73, 10.77, 8.33, 5.98, 4.027, 2.666, 1.927, 1.805, 2.072, 2.451, 2.76, 3.002
3.148, 3.498, 3.885, 3.947, 3.412, 2.172, 0.4885, -1.162, -2.32, -2.992, -3.375, -3.535, -3.342, -2.713, -1.753, -0.8574, -0.5527, -1.052, -2.021, -2.797, -2.932, -2.457, -1.644, -0.728, 0.2908, 1.677, 3.537, 5.76, 8.03, 9.89, 11.16, 11.91, 12.336, 12.57, 12.61, 12.47, 12.1, 11.55, 10.79, 9.82, 8.65, 7.336, 5.85, 4.277, 2.594, 0.9497, -0.581, -1.935, -3.027, -3.723, -3.994, -3.814, -3.285, -2.6, -1.936, -1.548, -1.639, -2.285, -3.352, -4.543, -5.625, -6.41, -6.957, -7.227, -7.08, -6.406, -5.27, -3.885, -2.545, -1.442, -0.61, -0.0589, 0.009056, -0.585, -1.918, -3.816, -6.05, -8.445, -10.94, -13.75, -17.02, -20.28, -23.0, -24.86, -25.94, -26.75, -27.47, -27.52, -26.1, -22.88, -18.19, -12.97, -8.04, -3.762, -0.2678, 2.584, 4.867, 6.477, 7.254, 7.09, 6.184, 4.973, 3.875, 3.014, 2.21, 1.307, 0.1278, -1.259, -2.41, -3.174, -3.748, -4.504, -5.863, -7.83, -10.26, -12.89, -15.53, -18.0, -20.16, -22.23, -24.2, -26.25, -28.19, -29.75, -30.55, -30.62, -30.11, -29.2, -28.02, -26.23, -23.95, -21.03, -17.45, -13.47, -9.305, -5.21, -1.131, 2.875, 6.754, 10.51, 14.03, 17.12, 19.7, 21.83, 23.44, 24.61, 25.44, 25.67, 25.4, 24.72, 23.73, 22.53, 21.27, 19.67, 18.0, 16.12, 14.234, 12.5, 11.17, 10.26, 9.8, 9.59, 9.555, 9.53, 9.29, 8.78, 8.06, 7.086, 5.816, 4.176, 2.148, -0.03174, -2.355, -4.527, -6.35, -7.684, -8.51, -8.86, -8.59, -7.516, -5.53, -2.662, 1.029, 5.11, 9.08, 12.28, 14.1, 14.4, 13.336, 11.36, 9.06, 6.812, 4.902, 3.45, 2.533, 2.191, 2.27, 2.543, 2.777, 2.943
3.027, 3.445, 3.81, 3.826, 3.277, 2.045, 0.337, -1.356, -2.578, -3.24, -3.506, -3.475, -3.08, -2.309, -1.251, -0.3145, -0.00826, -0.543, -1.644, -2.664, -3.084, -2.828, -2.137, -1.28, -0.3325, 0.9272, 2.656, 4.785, 7.02, 8.95, 10.28, 11.12, 11.62, 11.836, 11.82, 11.6, 11.19, 10.62, 9.88, 9.02, 7.99, 6.75, 5.277, 3.664, 2.021, 0.554, -0.7417, -1.927, -2.93, -3.62, -3.875, -3.527, -2.77, -1.885, -1.064, -0.6685, -0.844, -1.63, -2.873, -4.258, -5.49, -6.5, -7.27, -7.81, -7.86, -7.3, -6.105, -4.676, -3.316, -2.287, -1.504, -0.9404, -0.7188, -1.03, -2.15, -4.004, -6.363, -8.89, -11.43, -14.266, -17.42, -20.56, -23.36, -25.31, -26.44, -27.02, -27.28, -26.86, -25.03, -21.6, -16.92, -11.75, -6.848, -2.523, 1.036, 3.873, 6.0, 7.34, 7.812, 7.426, 6.453, 5.285, 4.273, 3.547, 2.836, 1.906, 0.6953, -0.6113, -1.688, -2.354, -2.826, -3.572, -4.953, -6.914, -9.29, -11.766, -14.29, -16.8, -19.11, -21.38, -23.67, -25.97, -28.0, -29.64, -30.6, -30.75, -30.45, -29.83, -29.03, -27.64, -25.64, -22.75, -19.2, -15.3, -11.33, -7.33, -3.27, 0.8286, 4.82, 8.76, 12.55, 15.89, 18.72, 20.98, 22.7, 23.97, 24.81, 25.06, 24.88, 24.3, 23.33, 22.2, 20.86, 19.14, 17.25, 15.16, 13.07, 11.11, 9.52, 8.47, 7.984, 7.926, 8.12, 8.266, 8.164, 7.76, 7.1, 6.125, 4.85, 3.23, 1.406, -0.663, -2.91, -5.03, -6.87, -8.19, -8.96, -9.15, -8.67, -7.418, -5.29, -2.176, 1.737, 5.965, 10.01, 13.09, 14.83, 15.04, 14.05, 12.28, 10.16, 7.996, 5.977, 4.195, 2.824, 2.014, 1.768, 1.927, 2.273, 2.66
3.062, 3.594, 3.812, 3.621, 2.871, 1.591, -0.04172, -1.58, -2.664, -3.209, -3.305, -3.107, -2.557, -1.697, -0.649, 0.2128, 0.421, -0.1992, -1.394, -2.559, -3.188, -3.123, -2.594, -1.833, -0.9487, 0.2206, 1.815, 3.787, 5.875, 7.758, 9.23, 10.234, 10.91, 11.27, 11.3, 11.03, 10.5, 9.83, 9.08, 8.34, 7.504, 6.39, 4.94, 3.271, 1.621, 0.2131, -0.948, -2.002, -2.938, -3.58, -3.715, -3.188, -2.209, -1.151, -0.3176, 0.01804, -0.2463, -1.117, -2.445, -3.92, -5.246, -6.465, -7.566, -8.42, -8.695, -8.195, -7.004, -5.594, -4.29, -3.355, -2.596, -1.99, -1.611, -1.679, -2.633, -4.43, -6.855, -9.47, -11.92, -14.51, -17.34, -20.42, -23.34, -25.67, -27.0, -27.47, -27.25, -26.17, -23.73, -20.2, -15.6, -10.65, -5.76, -1.365, 2.314, 5.11, 7.03, 8.086, 8.28, 7.69, 6.65, 5.508, 4.523, 3.836, 3.201, 2.303, 1.152, 0.0448, -0.8115, -1.357, -1.839, -2.68, -4.055, -5.938, -8.14, -10.45, -12.91, -15.414, -17.94, -20.5, -22.97, -25.48, -27.64, -29.38, -30.48, -30.78, -30.77, -30.39, -29.88, -28.73, -27.06, -24.34, -21.12, -17.42, -13.586, -9.64, -5.645, -1.506, 2.63, 6.74, 10.58, 14.086, 17.12, 19.6, 21.48, 22.84, 23.81, 24.2, 24.27, 23.75, 23.05, 21.81, 20.3, 18.42, 16.31, 13.99, 11.7, 9.695, 7.996, 6.848, 6.277, 6.258, 6.547, 6.81, 6.848, 6.574, 5.97, 4.945, 3.684, 2.275, 0.661, -1.232, -3.344, -5.445, -7.38, -8.836, -9.69, -9.805, -9.12, -7.51, -4.926, -1.4, 2.803, 7.133, 11.08, 13.99, 15.586, 15.77, 14.88, 13.32, 11.375, 9.2, 6.953, 4.72, 2.77, 1.419, 0.8525, 0.9604, 1.544, 2.342
3.324, 3.94, 3.926, 3.371, 2.316, 0.928, -0.55, -1.811, -2.62, -2.92, -2.805, -2.422, -1.723, -0.7993, 0.12354, 0.709, 0.6475, -0.1467, -1.377, -2.56, -3.258, -3.334, -2.986, -2.361, -1.492, -0.3213, 1.206, 3.035, 4.938, 6.688, 8.17, 9.32, 10.23, 10.77, 10.95, 10.69, 10.09, 9.28, 8.45, 7.727, 7.02, 6.047, 4.656, 3.004, 1.364, -0.002441, -1.138, -2.137, -3.049, -3.639, -3.613, -2.854, -1.655, -0.4524, 0.357, 0.5625, 0.1329, -0.8867, -2.219, -3.646, -4.977, -6.3, -7.664, -8.75, -9.25, -8.88, -7.855, -6.58, -5.434, -4.582, -3.816, -3.14, -2.61, -2.535, -3.332, -4.996, -7.35, -9.88, -12.32, -14.64, -17.16, -20.05, -23.11, -25.81, -27.48, -28.06, -27.44, -25.73, -22.84, -19.12, -14.68, -9.86, -5.05, -0.61, 3.143, 5.945, 7.746, 8.59, 8.58, 7.86, 6.79, 5.62, 4.65, 3.953, 3.312, 2.47, 1.474, 0.598, -0.00793, -0.422, -0.902, -1.802, -3.232, -4.98, -7.0, -9.21, -11.6, -14.14, -16.89, -19.66, -22.33, -24.88, -27.1, -28.95, -30.19, -30.78, -31.05, -30.88, -30.48, -29.62, -27.98, -25.62, -22.72, -19.31, -15.71, -11.91, -7.95, -3.863, 0.3467, 4.492, 8.4, 11.99, 15.15, 17.83, 19.97, 21.58, 22.64, 23.2, 23.4, 23.11, 22.48, 21.25, 19.58, 17.55, 15.15, 12.66, 10.32, 8.25, 6.56, 5.48, 4.895, 4.84, 5.06, 5.3, 5.355, 5.14, 4.52, 3.586, 2.52, 1.311, -0.06088, -1.687, -3.613, -5.742, -7.81, -9.484, -10.445, -10.53, -9.65, -7.65, -4.617, -0.664, 3.777, 8.22, 12.1, 14.92, 16.42, 16.64, 15.805, 14.35, 12.42, 10.125, 7.58, 4.96, 2.578, 0.819, 0.00404, 0.1417, 1.023, 2.238
3.707, 4.344, 4.1, 3.18, 1.839, 0.387, -0.943, -1.951, -2.484, -2.576, -2.299, -1.689, -0.8086, 0.2244, 1.013, 1.264, 0.823, -0.2092, -1.488, -2.596, -3.236, -3.387, -3.201, -2.709, -1.902, -0.7134, 0.8584, 2.656, 4.434, 6.004, 7.39, 8.6, 9.62, 10.35, 10.695, 10.445, 9.81, 8.87, 7.973, 7.152, 6.457, 5.547, 4.277, 2.705, 1.154, -0.1904, -1.3125, -2.357, -3.314, -3.875, -3.627, -2.498, -0.9653, 0.3967, 1.114, 1.089, 0.382, -0.789, -2.088, -3.377, -4.652, -5.97, -7.402, -8.65, -9.33, -9.21, -8.52, -7.52, -6.55, -5.77, -4.984, -4.3, -3.748, -3.611, -4.246, -5.703, -7.83, -10.21, -12.49, -14.62, -16.94, -19.73, -22.88, -25.78, -27.8, -28.53, -27.75, -25.6, -22.47, -18.6, -14.17, -9.34, -4.48, 0.01506, 3.703, 6.36, 7.984, 8.734, 8.664, 7.977, 6.934, 5.812, 4.867, 4.137, 3.44, 2.633, 1.823, 1.181, 0.7754, 0.476, -0.0403, -1.024, -2.467, -4.145, -5.977, -8.08, -10.48, -13.164, -16.03, -18.94, -21.64, -24.14, -26.44, -28.45, -30.02, -30.98, -31.45, -31.5, -31.19, -30.33, -28.92, -26.83, -24.17, -21.06, -17.75, -14.16, -10.25, -6.152, -1.863, 2.242, 6.2, 9.91, 13.22, 16.16, 18.6, 20.34, 21.53, 22.27, 22.6, 22.48, 21.86, 20.62, 18.8, 16.47, 13.92, 11.31, 8.98, 6.96, 5.387, 4.34, 3.707, 3.486, 3.576, 3.729, 3.75, 3.516, 2.982, 2.219, 1.344, 0.4126, -0.657, -2.043, -3.887, -6.02, -8.16, -9.91, -10.88, -10.95, -9.945, -7.72, -4.375, -0.1829, 4.406, 8.914, 12.8, 15.66, 17.23, 17.55, 16.75, 15.21, 13.125, 10.63, 7.88, 5.09, 2.535, 0.6167, -0.3386, -0.1942, 0.8726, 2.38
3.86, 4.508, 4.168, 3.082, 1.622, 0.1741, -1.048, -1.904, -2.32, -2.314, -1.93, -1.144, -0.02756, 1.134, 1.888, 1.918, 1.208, -0.014114, -1.33, -2.365, -2.97, -3.191, -3.17, -2.871, -2.176, -0.973, 0.704, 2.53, 4.266, 5.746, 6.984, 8.125, 9.13, 9.94, 10.336, 10.18, 9.54, 8.555, 7.58, 6.637, 5.832, 4.89, 3.688, 2.209, 0.766, -0.499, -1.623, -2.732, -3.717, -4.164, -3.615, -2.12, -0.2378, 1.278, 1.941, 1.703, 0.756, -0.52, -1.82, -3.021, -4.15, -5.348, -6.793, -8.125, -9.0, -9.195, -8.89, -8.28, -7.59, -6.89, -6.145, -5.47, -4.95, -4.816, -5.266, -6.406, -8.23, -10.45, -12.66, -14.83, -17.11, -19.78, -22.86, -25.75, -27.9, -28.62, -27.78, -25.53, -22.22, -18.22, -13.71, -8.81, -3.81, 0.704, 4.285, 6.754, 8.18, 8.79, 8.78, 8.18, 7.207, 6.188, 5.297, 4.54, 3.795, 3.016, 2.363, 1.916, 1.664, 1.35, 0.719, -0.36, -1.797, -3.4, -5.13, -7.117, -9.516, -12.32, -15.26, -18.12, -20.83, -23.2, -25.61, -27.86, -29.77, -31.14, -32.0, -32.25, -31.98, -31.17, -29.75, -27.84, -25.44, -22.7, -19.64, -16.14, -12.23, -8.1, -3.846, 0.2406, 4.273, 8.08, 11.55, 14.71, 17.3, 19.31, 20.67, 21.47, 21.86, 21.89, 21.28, 20.0, 18.06, 15.57, 12.87, 10.23, 7.86, 5.95, 4.42, 3.35, 2.625, 2.2, 2.115, 2.1, 2.062, 1.859, 1.523, 0.962, 0.3594, -0.326, -1.187, -2.47, -4.266, -6.324, -8.38, -9.97, -10.805, -10.81, -9.75, -7.574, -4.293, -0.1224, 4.48, 9.01, 13.0, 16.06, 17.83, 18.22, 17.42, 15.69, 13.375, 10.76, 8.03, 5.285, 2.818, 0.8867, -0.1704, -0.1159, 0.9214, 2.479
3.463, 4.203, 4.01, 3.037, 1.672, 0.2903, -0.8735, -1.674, -2.086, -2.086, -1.656, -0.7417, 0.5693, 1.914, 2.766, 2.758, 1.928, 0.6665, -0.646, -1.641, -2.293, -2.709, -2.955, -2.941, -2.404, -1.188, 0.5596, 2.467, 4.24, 5.676, 6.832, 7.824, 8.71, 9.4, 9.766, 9.664, 9.086, 8.17, 7.16, 6.156, 5.223, 4.156, 2.908, 1.491, 0.1875, -0.945, -2.02, -3.154, -4.113, -4.38, -3.506, -1.694, 0.4292, 2.086, 2.738, 2.387, 1.366, 0.0625, -1.212, -2.355, -3.412, -4.637, -6.094, -7.54, -8.62, -9.13, -9.22, -8.96, -8.53, -7.973, -7.344, -6.695, -6.207, -6.086, -6.36, -7.152, -8.58, -10.59, -12.86, -15.28, -17.77, -20.44, -23.19, -25.83, -27.72, -28.3, -27.36, -25.06, -21.73, -17.62, -12.92, -7.836, -2.758, 1.664, 5.082, 7.336, 8.59, 9.02, 8.95, 8.43, 7.562, 6.67, 5.86, 5.137, 4.414, 3.66, 3.09, 2.758, 2.58, 2.244, 1.492, 0.3257, -1.091, -2.637, -4.273, -6.176, -8.59, -11.42, -14.414, -17.33, -19.89, -22.39, -24.77, -27.17, -29.4, -31.2, -32.38, -32.97, -32.72, -31.98, -30.61, -28.88, -26.66, -24.08, -21.19, -17.8, -13.984, -9.96, -5.715, -1.66, 2.34, 6.207, 9.89, 13.305, 16.05, 18.25, 19.73, 20.7, 21.28, 21.34, 20.9, 19.64, 17.62, 15.05, 12.25, 9.57, 7.188, 5.266, 3.67, 2.525, 1.621, 1.036, 0.7256, 0.5273, 0.4407, 0.3728, 0.2725, -0.01379, -0.3467, -0.8735, -1.694, -3.021, -4.83, -6.844, -8.7, -9.98, -10.59, -10.48, -9.484, -7.56, -4.445, -0.458, 4.06, 8.68, 12.86, 16.12, 18.08, 18.55, 17.62, 15.73, 13.24, 10.61, 8.05, 5.555, 3.275, 1.379, 0.1547, -0.0996, 0.67, 2.084
2.48, 3.467, 3.64, 3.004, 1.87, 0.6094, -0.5474, -1.375, -1.818, -1.861, -1.413, -0.4019, 1.077, 2.62, 3.65, 3.758, 2.979, 1.736, 0.458, -0.5815, -1.353, -2.04, -2.652, -2.988, -2.674, -1.512, 0.2703, 2.223, 4.027, 5.5, 6.6, 7.49, 8.23, 8.76, 8.984, 8.88, 8.4, 7.637, 6.688, 5.727, 4.688, 3.498, 2.174, 0.774, -0.4531, -1.458, -2.43, -3.467, -4.297, -4.367, -3.266, -1.279, 0.97, 2.668, 3.324, 3.008, 2.078, 0.8853, -0.3335, -1.475, -2.654, -4.03, -5.598, -7.15, -8.375, -9.164, -9.51, -9.47, -9.25, -8.84, -8.31, -7.73, -7.316, -7.145, -7.234, -7.766, -8.89, -10.66, -13.02, -15.71, -18.42, -21.1, -23.55, -25.75, -27.23, -27.64, -26.61, -24.31, -20.98, -16.88, -12.03, -6.812, -1.73, 2.69, 5.96, 8.016, 9.11, 9.375, 9.19, 8.69, 7.973, 7.19, 6.47, 5.777, 5.1, 4.402, 3.854, 3.559, 3.4, 3.04, 2.266, 1.111, -0.2627, -1.71, -3.26, -5.086, -7.43, -10.23, -13.195, -16.02, -18.6, -21.06, -23.56, -26.22, -28.84, -31.0, -32.53, -33.3, -33.25, -32.62, -31.52, -29.94, -27.89, -25.53, -22.7, -19.44, -15.766, -11.86, -7.68, -3.686, 0.3428, 4.32, 8.15, 11.74, 14.72, 17.11, 18.78, 20.0, 20.8, 21.1, 20.72, 19.55, 17.52, 14.945, 12.18, 9.48, 6.996, 4.945, 3.223, 1.851, 0.7485, 0.05228, -0.4246, -0.704, -0.772, -0.7153, -0.6494, -0.6855, -0.82, -1.331, -2.324, -3.824, -5.723, -7.73, -9.34, -10.35, -10.734, -10.516, -9.625, -7.902, -4.99, -1.108, 3.496, 8.31, 12.73, 16.12, 18.19, 18.62, 17.61, 15.53, 13.01, 10.43, 8.07, 5.805, 3.65, 1.639, 0.10736, -0.5825, -0.1835, 1.041
1.236, 2.594, 3.21, 2.986, 2.125, 0.9204, -0.3171, -1.243, -1.714, -1.697, -1.137, 0.00911, 1.654, 3.373, 4.53, 4.777, 4.12, 2.938, 1.634, 0.4834, -0.5, -1.442, -2.361, -2.975, -2.879, -1.907, -0.257, 1.638, 3.412, 4.906, 6.047, 6.94, 7.63, 8.06, 8.164, 7.992, 7.56, 6.926, 6.15, 5.293, 4.27, 3.05, 1.654, 0.2449, -1.02, -1.966, -2.775, -3.547, -4.09, -3.957, -2.809, -0.8794, 1.246, 2.883, 3.586, 3.453, 2.791, 1.805, 0.639, -0.6147, -2.02, -3.613, -5.32, -7.035, -8.414, -9.35, -9.79, -9.83, -9.66, -9.336, -8.92, -8.484, -8.2, -7.992, -7.98, -8.375, -9.31, -11.0, -13.41, -16.14, -18.89, -21.47, -23.83, -25.7, -26.86, -27.0, -25.92, -23.55, -20.3, -16.19, -11.33, -6.004, -0.864, 3.533, 6.68, 8.57, 9.516, 9.71, 9.44, 8.86, 8.2, 7.523, 6.9, 6.297, 5.64, 4.957, 4.418, 4.13, 3.998, 3.664, 2.955, 1.898, 0.6587, -0.653, -2.088, -3.846, -6.188, -8.945, -11.85, -14.64, -17.28, -19.81, -22.44, -25.19, -28.02, -30.38, -32.12, -33.12, -33.38, -33.03, -32.2, -30.89, -29.17, -26.95, -24.2, -21.03, -17.5, -13.7, -9.734, -5.754, -1.7295, 2.297, 6.203, 9.9, 13.07, 15.7, 17.67, 19.2, 20.31, 20.9, 20.75, 19.64, 17.75, 15.2, 12.54, 9.78, 7.26, 5.05, 3.14, 1.537, 0.2551, -0.547, -1.054, -1.306, -1.364, -1.234, -1.059, -0.972, -1.196, -1.893, -3.162, -4.895, -6.918, -8.914, -10.41, -11.266, -11.5, -11.18, -10.33, -8.66, -5.75, -1.735, 3.053, 8.055, 12.65, 16.19, 18.23, 18.6, 17.52, 15.41, 12.87, 10.336, 8.05, 5.867, 3.64, 1.443, -0.4631, -1.594, -1.509, -0.378
0.2006, 1.915, 2.932, 3.014, 2.291, 1.032, -0.3604, -1.427, -1.886, -1.686, -0.844, 0.5654, 2.375, 4.15, 5.355, 5.664, 5.074, 3.9, 2.562, 1.3, 0.144, -0.9785, -2.055, -2.83, -2.893, -2.17, -0.7764, 0.903, 2.553, 3.992, 5.23, 6.26, 7.027, 7.465, 7.52, 7.273, 6.832, 6.266, 5.652, 4.9, 3.947, 2.752, 1.345, -0.1204, -1.463, -2.418, -3.031, -3.441, -3.615, -3.3, -2.24, -0.5835, 1.261, 2.795, 3.629, 3.787, 3.432, 2.633, 1.508, 0.1398, -1.439, -3.205, -5.13, -7.027, -8.58, -9.62, -10.06, -10.055, -9.836, -9.586, -9.36, -9.17, -9.02, -8.84, -8.83, -9.22, -10.14, -11.82, -14.1, -16.58, -19.12, -21.61, -23.9, -25.7, -26.78, -26.83, -25.72, -23.3, -19.92, -15.69, -10.71, -5.445, -0.3962, 3.934, 7.016, 8.92, 9.82, 9.96, 9.58, 8.92, 8.25, 7.66, 7.17, 6.67, 6.055, 5.4, 4.844, 4.535, 4.39, 4.145, 3.594, 2.701, 1.597, 0.3948, -1.038, -2.82, -5.047, -7.676, -10.54, -13.29, -15.96, -18.58, -21.27, -24.12, -27.02, -29.42, -31.28, -32.5, -33.03, -33.12, -32.66, -31.7, -30.23, -28.2, -25.61, -22.58, -19.22, -15.66, -11.8, -7.848, -3.781, 0.3591, 4.26, 8.0, 11.35, 14.164, 16.47, 18.33, 19.89, 20.7, 20.75, 19.84, 18.05, 15.72, 13.11, 10.45, 7.992, 5.664, 3.582, 1.759, 0.367, -0.496, -0.9917, -1.174, -1.177, -1.028, -0.94, -1.066, -1.679, -2.7, -4.266, -6.18, -8.26, -10.17, -11.6, -12.43, -12.625, -12.31, -11.39, -9.53, -6.395, -2.12, 2.916, 8.06, 12.71, 16.22, 18.23, 18.56, 17.47, 15.35, 12.766, 10.19, 7.793, 5.504, 3.14, 0.7026, -1.45, -2.77, -2.795, -1.616
-0.3376, 1.572, 2.777, 3.008, 2.293, 0.9507, -0.588, -1.754, -2.178, -1.751, -0.548, 1.187, 3.137, 4.918, 6.082, 6.344, 5.79, 4.613, 3.227, 1.876, 0.6577, -0.4949, -1.564, -2.365, -2.55, -2.062, -1.017, 0.333, 1.7295, 3.068, 4.375, 5.59, 6.53, 7.05, 7.125, 6.836, 6.33, 5.76, 5.176, 4.457, 3.527, 2.357, 0.973, -0.5317, -1.924, -2.854, -3.305, -3.416, -3.285, -2.805, -1.847, -0.4634, 1.165, 2.648, 3.678, 4.133, 4.035, 3.373, 2.26, 0.8115, -0.8687, -2.719, -4.746, -6.75, -8.48, -9.695, -10.2, -10.23, -10.04, -9.945, -10.01, -10.05, -10.05, -9.94, -9.984, -10.41, -11.31, -12.836, -14.84, -17.0, -19.31, -21.61, -23.83, -25.77, -26.9, -27.03, -25.78, -23.27, -19.6, -15.14, -10.02, -4.8, 0.1592, 4.277, 7.297, 9.28, 10.17, 10.305, 9.85, 9.125, 8.4, 7.855, 7.426, 7.043, 6.535, 5.926, 5.34, 5.008, 4.855, 4.684, 4.3, 3.582, 2.527, 1.304, -0.208, -2.043, -4.227, -6.793, -9.516, -12.24, -15.0, -17.67, -20.39, -23.23, -25.98, -28.42, -30.33, -31.67, -32.5, -32.97, -33.0, -32.5, -31.31, -29.39, -26.95, -24.16, -20.86, -17.4, -13.65, -9.78, -5.664, -1.542, 2.422, 6.17, 9.45, 12.53, 15.11, 17.48, 19.34, 20.53, 20.81, 20.1, 18.47, 16.3, 13.94, 11.52, 9.15, 6.79, 4.586, 2.648, 1.164, 0.2844, -0.1499, -0.2986, -0.3062, -0.3684, -0.6416, -1.217, -2.275, -3.682, -5.49, -7.49, -9.484, -11.28, -12.73, -13.61, -13.89, -13.51, -12.37, -10.164, -6.76, -2.271, 2.867, 8.01, 12.58, 16.1, 18.11, 18.42, 17.3, 15.16, 12.516, 9.76, 7.184, 4.71, 2.201, -0.2815, -2.39, -3.648, -3.604, -2.31
-0.5103, 1.3955, 2.592, 2.83, 2.135, 0.7827, -0.7764, -1.966, -2.283, -1.6045, -0.1139, 1.869, 3.895, 5.598, 6.668, 6.91, 6.355, 5.246, 3.893, 2.553, 1.321, 0.1754, -0.852, -1.603, -1.849, -1.553, -0.8306, 0.1228, 1.187, 2.344, 3.64, 4.98, 6.066, 6.7, 6.816, 6.465, 5.87, 5.227, 4.6, 3.861, 2.938, 1.7705, 0.3958, -1.093, -2.443, -3.352, -3.756, -3.734, -3.45, -2.857, -1.907, -0.572, 1.053, 2.68, 3.957, 4.66, 4.684, 4.016, 2.826, 1.34, -0.2957, -2.082, -4.027, -6.066, -7.984, -9.46, -10.28, -10.555, -10.516, -10.66, -10.97, -11.26, -11.45, -11.43, -11.44, -11.79, -12.56, -13.84, -15.54, -17.44, -19.53, -21.67, -23.83, -25.84, -27.03, -27.1, -25.75, -23.0, -18.92, -14.086, -8.82, -3.59, 1.172, 4.992, 7.83, 9.73, 10.586, 10.69, 10.18, 9.375, 8.586, 8.07, 7.76, 7.58, 7.27, 6.742, 6.17, 5.773, 5.582, 5.414, 5.094, 4.46, 3.414, 2.098, 0.5024, -1.404, -3.588, -6.023, -8.625, -11.305, -14.07, -16.8, -19.6, -22.39, -25.1, -27.52, -29.48, -30.95, -32.03, -32.78, -33.2, -32.9, -31.95, -30.34, -28.06, -25.44, -22.33, -18.97, -15.35, -11.266, -7.22, -3.121, 0.8247, 4.496, 7.79, 10.96, 13.93, 16.62, 18.86, 20.36, 20.88, 20.33, 18.9, 17.19, 14.99, 12.83, 10.59, 8.39, 6.195, 4.277, 2.764, 1.853, 1.389, 1.142, 0.846, 0.3562, -0.366, -1.423, -2.904, -4.676, -6.652, -8.625, -10.555, -12.234, -13.76, -14.79, -15.07, -14.56, -13.125, -10.555, -6.93, -2.426, 2.582, 7.523, 11.95, 15.46, 17.53, 17.86, 16.78, 14.6, 11.85, 8.95, 6.156, 3.506, 1.001, -1.335, -3.158, -4.1, -3.867, -2.502
-0.7812, 0.993, 2.102, 2.37, 1.817, 0.6567, -0.719, -1.792, -2.031, -1.212, 0.4424, 2.543, 4.586, 6.215, 7.21, 7.465, 6.98, 5.99, 4.766, 3.467, 2.205, 1.017, -0.02136, -0.73, -1.008, -0.869, -0.4368, 0.1805, 0.935, 1.871, 3.025, 4.344, 5.49, 6.19, 6.324, 5.945, 5.31, 4.633, 3.982, 3.232, 2.29, 1.088, -0.3013, -1.7705, -3.107, -4.035, -4.465, -4.46, -4.113, -3.4, -2.291, -0.756, 1.099, 2.957, 4.457, 5.246, 5.203, 4.41, 3.104, 1.623, 0.1201, -1.439, -3.174, -5.17, -7.266, -9.04, -10.21, -10.87, -11.195, -11.586, -12.12, -12.55, -12.836, -12.81, -12.8, -13.05, -13.64, -14.72, -16.12, -17.8, -19.69, -21.84, -24.0, -25.81, -27.0, -26.89, -25.3, -22.27, -17.94, -12.72, -7.26, -2.055, 2.475, 6.02, 8.62, 10.375, 11.15, 11.13, 10.49, 9.63, 8.77, 8.31, 8.2, 8.28, 8.22, 7.86, 7.383, 6.977, 6.652, 6.37, 5.957, 5.254, 4.164, 2.797, 1.146, -0.7407, -2.857, -5.164, -7.62, -10.336, -13.13, -15.94, -18.8, -21.6, -24.3, -26.77, -28.75, -30.47, -31.8, -32.78, -33.25, -33.2, -32.47, -30.95, -28.88, -26.39, -23.58, -20.39, -16.78, -12.75, -8.61, -4.496, -0.597, 3.055, 6.434, 9.734, 12.83, 15.8, 18.34, 20.14, 20.89, 20.67, 19.64, 18.08, 16.33, 14.47, 12.51, 10.484, 8.33, 6.5, 5.043, 4.05, 3.39, 2.873, 2.176, 1.168, -0.09894, -1.642, -3.473, -5.527, -7.645, -9.63, -11.57, -13.3, -14.88, -15.945, -16.23, -15.55, -13.766, -10.95, -7.273, -2.934, 1.714, 6.355, 10.695, 14.19, 16.31, 16.77, 15.766, 13.586, 10.766, 7.746, 4.79, 2.033, -0.413, -2.502, -3.914, -4.47, -4.023, -2.654
-1.558, 0.0682, 1.187, 1.659, 1.431, 0.606, -0.441, -1.303, -1.493, -0.694, 0.923, 3.01, 5.098, 6.723, 7.727, 8.055, 7.727, 6.9, 5.793, 4.543, 3.193, 1.881, 0.7295, -0.04984, -0.3975, -0.3748, -0.131, 0.2327, 0.7197, 1.436, 2.428, 3.623, 4.707, 5.414, 5.56, 5.227, 4.633, 4.035, 3.42, 2.688, 1.706, 0.4343, -1.012, -2.502, -3.834, -4.77, -5.254, -5.293, -4.906, -4.016, -2.633, -0.7715, 1.374, 3.39, 4.93, 5.656, 5.426, 4.445, 3.047, 1.624, 0.2822, -1.043, -2.467, -4.3, -6.426, -8.42, -10.02, -11.12, -11.836, -12.484, -13.12, -13.65, -14.01, -13.98, -13.945, -14.12, -14.56, -15.414, -16.66, -18.27, -20.23, -22.47, -24.6, -26.14, -26.89, -26.4, -24.52, -21.23, -16.53, -11.13, -5.566, -0.4675, 3.834, 7.152, 9.516, 11.0, 11.65, 11.55, 10.836, 9.94, 9.16, 8.76, 8.75, 9.02, 9.19, 9.09, 8.76, 8.3, 7.8, 7.258, 6.65, 5.844, 4.727, 3.371, 1.8125, 0.0503, -1.881, -3.998, -6.312, -8.96, -11.75, -14.62, -17.55, -20.45, -23.3, -25.97, -28.19, -30.08, -31.53, -32.6, -33.12, -33.22, -32.5, -31.14, -29.28, -27.03, -24.55, -21.6, -18.08, -14.13, -9.98, -5.88, -2.01, 1.668, 5.113, 8.56, 11.87, 15.1, 17.83, 19.81, 20.9, 21.08, 20.42, 19.31, 17.98, 16.42, 14.67, 12.81, 10.91, 9.18, 7.777, 6.656, 5.758, 4.79, 3.54, 2.0, 0.2294, -1.734, -3.861, -6.2, -8.586, -10.836, -12.92, -14.836, -16.47, -17.58, -17.77, -16.73, -14.61, -11.6, -7.91, -3.818, 0.4873, 4.918, 9.13, 12.56, 14.7, 15.234, 14.26, 12.11, 9.31, 6.254, 3.203, 0.3906, -2.031, -3.854, -4.914, -5.14, -4.56, -3.268
-2.832, -1.181, 0.07074, 0.824, 1.028, 0.6064, -0.1602, -0.8613, -1.039, -0.3606, 1.133, 3.129, 5.23, 7.0, 8.12, 8.57, 8.39, 7.71, 6.715, 5.508, 4.105, 2.63, 1.295, 0.3376, -0.1709, -0.299, -0.1921, 0.002052, 0.3057, 0.873, 1.7295, 2.803, 3.83, 4.523, 4.715, 4.46, 3.979, 3.475, 2.924, 2.201, 1.17, -0.1687, -1.667, -3.156, -4.453, -5.383, -5.867, -5.848, -5.367, -4.293, -2.635, -0.4934, 1.81, 3.799, 5.156, 5.66, 5.227, 4.176, 2.82, 1.485, 0.2664, -0.8916, -2.139, -3.764, -5.734, -7.78, -9.67, -11.17, -12.305, -13.18, -13.88, -14.42, -14.73, -14.78, -14.91, -15.164, -15.625, -16.38, -17.44, -19.06, -21.22, -23.5, -25.56, -26.72, -26.81, -25.86, -23.61, -20.06, -15.18, -9.66, -4.05, 0.9546, 4.996, 8.05, 10.15, 11.484, 12.06, 11.96, 11.32, 10.47, 9.8, 9.49, 9.57, 9.875, 10.14, 10.1, 9.86, 9.35, 8.65, 7.855, 6.992, 6.016, 4.92, 3.674, 2.281, 0.7764, -0.8774, -2.77, -4.91, -7.41, -10.125, -13.0, -15.984, -19.05, -22.11, -24.98, -27.47, -29.53, -31.14, -32.2, -32.84, -32.84, -32.28, -31.05, -29.4, -27.45, -25.23, -22.52, -19.3, -15.484, -11.445, -7.465, -3.588, 0.0857, 3.645, 7.23, 10.78, 14.2, 17.08, 19.28, 20.64, 21.27, 21.2, 20.61, 19.67, 18.42, 16.94, 15.33, 13.68, 12.09, 10.77, 9.56, 8.35, 6.88, 5.074, 3.002, 0.8013, -1.527, -4.01, -6.7, -9.51, -12.19, -14.63, -16.8, -18.53, -19.53, -19.47, -18.1, -15.664, -12.45, -8.75, -4.8, -0.631, 3.66, 7.74, 11.0, 12.984, 13.38, 12.34, 10.234, 7.484, 4.453, 1.401, -1.501, -3.904, -5.61, -6.418, -6.41, -5.727, -4.457
-4.184, -2.346, -0.7964, 0.2388, 0.709, 0.557, -0.04825, -0.694, -0.9307, -0.422, 0.9194, 2.906, 5.086, 7.004, 8.34, 8.984, 8.945, 8.35, 7.4, 6.223, 4.777, 3.2, 1.706, 0.548, -0.1609, -0.4797, -0.534, -0.4597, -0.2394, 0.2411, 1.062, 2.092, 3.094, 3.807, 4.05, 3.879, 3.49, 3.03, 2.479, 1.705, 0.6196, -0.761, -2.283, -3.748, -4.926, -5.746, -6.094, -5.95, -5.32, -4.113, -2.324, -0.1176, 2.123, 3.95, 5.05, 5.305, 4.8, 3.838, 2.662, 1.463, 0.319, -0.7944, -2.035, -3.56, -5.344, -7.355, -9.35, -11.11, -12.586, -13.734, -14.53, -15.0, -15.3, -15.5, -15.86, -16.42, -17.03, -17.72, -18.7, -20.28, -22.44, -24.66, -26.47, -27.22, -26.78, -25.3, -22.7, -18.86, -13.96, -8.305, -2.725, 2.115, 5.86, 8.67, 10.63, 11.92, 12.56, 12.516, 12.055, 11.36, 10.83, 10.6, 10.63, 10.82, 10.98, 10.89, 10.6, 10.06, 9.21, 8.2, 7.09, 5.957, 4.89, 3.78, 2.588, 1.347, -0.05502, -1.7295, -3.654, -5.99, -8.62, -11.43, -14.45, -17.53, -20.67, -23.66, -26.34, -28.56, -30.31, -31.52, -32.22, -32.34, -31.77, -30.75, -29.3, -27.62, -25.62, -23.33, -20.36, -16.8, -12.98, -9.03, -5.13, -1.453, 2.232, 5.977, 9.67, 13.13, 16.11, 18.45, 20.1, 21.17, 21.62, 21.64, 21.23, 20.36, 19.16, 17.77, 16.38, 15.125, 13.88, 12.56, 11.07, 9.086, 6.832, 4.293, 1.635, -1.14, -4.047, -7.184, -10.5, -13.73, -16.58, -18.92, -20.53, -21.28, -20.86, -19.17, -16.5, -13.17, -9.41, -5.41, -1.267, 2.924, 6.746, 9.66, 11.3, 11.36, 10.17, 8.055, 5.438, 2.492, -0.566, -3.518, -5.945, -7.59, -8.3, -8.14, -7.305, -5.926
-5.18, -3.002, -1.155, 0.06824, 0.5884, 0.4565, -0.12164, -0.798, -1.1, -0.6763, 0.5967, 2.57, 4.83, 6.934, 8.47, 9.24, 9.27, 8.734, 7.875, 6.773, 5.367, 3.793, 2.205, 0.8735, -0.04535, -0.576, -0.825, -0.8667, -0.7124, -0.2666, 0.544, 1.572, 2.578, 3.307, 3.604, 3.473, 3.105, 2.57, 1.93, 1.056, -0.0692, -1.443, -2.906, -4.254, -5.26, -5.895, -6.082, -5.805, -5.066, -3.799, -2.025, 0.0689, 2.107, 3.707, 4.613, 4.78, 4.367, 3.648, 2.75, 1.733, 0.607, -0.6235, -1.982, -3.47, -5.164, -7.11, -9.15, -11.12, -12.9, -14.34, -15.26, -15.71, -16.03, -16.4, -17.06, -18.03, -18.89, -19.56, -20.34, -21.62, -23.48, -25.42, -26.86, -27.2, -26.39, -24.58, -21.69, -17.66, -12.484, -6.695, -1.139, 3.398, 6.773, 9.3, 11.13, 12.39, 13.055, 13.164, 12.945, 12.56, 12.23, 12.09, 12.08, 11.96, 11.93, 11.67, 11.234, 10.62, 9.664, 8.516, 7.23, 5.957, 4.895, 3.867, 2.842, 1.766, 0.4893, -1.073, -2.846, -4.94, -7.367, -10.01, -12.92, -16.06, -19.25, -22.22, -25.12, -27.4, -29.25, -30.7, -31.6, -31.9, -31.53, -30.62, -29.31, -27.81, -26.08, -23.97, -21.25, -17.97, -14.36, -10.54, -6.766, -3.037, 0.765, 4.59, 8.37, 11.93, 14.88, 17.3, 19.2, 20.67, 21.73, 22.39, 22.47, 22.05, 21.19, 20.12, 19.08, 18.06, 16.94, 15.49, 13.65, 11.3, 8.59, 5.67, 2.607, -0.6772, -4.145, -7.77, -11.62, -15.22, -18.3, -20.62, -22.08, -22.44, -21.66, -19.7, -16.86, -13.44, -9.63, -5.6, -1.465, 2.564, 6.043, 8.516, 9.62, 9.26, 7.863, 5.746, 3.246, 0.4165, -2.594, -5.504, -7.95, -9.53, -10.11, -9.83, -8.82, -7.234
-5.82, -3.29, -1.202, 0.0947, 0.551, 0.32, -0.3054, -0.9785, -1.279, -0.894, 0.3376, 2.309, 4.62, 6.79, 8.445, 9.31, 9.39, 8.93, 8.2, 7.266, 6.043, 4.59, 3.012, 1.545, 0.4067, -0.3699, -0.833, -1.004, -0.936, -0.5454, 0.1957, 1.145, 2.086, 2.783, 3.121, 3.047, 2.666, 2.062, 1.265, 0.2664, -0.92, -2.244, -3.531, -4.65, -5.47, -5.96, -6.04, -5.7, -4.926, -3.729, -2.076, -0.1335, 1.723, 3.164, 3.99, 4.207, 4.03, 3.633, 3.055, 2.246, 1.116, -0.2844, -1.832, -3.422, -5.113, -7.0, -9.055, -11.22, -13.29, -14.97, -16.05, -16.69, -17.08, -17.58, -18.53, -19.75, -20.8, -21.42, -21.89, -22.75, -24.12, -25.6, -26.62, -26.58, -25.5, -23.47, -20.44, -16.17, -10.73, -4.8, 0.6396, 4.953, 8.086, 10.33, 12.016, 13.15, 13.76, 13.99, 13.96, 13.88, 13.805, 13.77, 13.64, 13.305, 12.87, 12.44, 11.89, 11.2, 10.22, 9.0, 7.65, 6.324, 5.215, 4.23, 3.217, 2.145, 0.878, -0.6235, -2.32, -4.23, -6.445, -8.97, -11.695, -14.695, -17.81, -20.8, -23.61, -26.03, -28.03, -29.67, -30.86, -31.38, -31.19, -30.44, -29.31, -27.97, -26.39, -24.47, -21.94, -18.92, -15.5, -11.91, -8.266, -4.496, -0.6255, 3.225, 7.023, 10.48, 13.484, 15.98, 18.12, 19.92, 21.52, 22.8, 23.45, 23.53, 23.03, 22.33, 21.55, 20.7, 19.69, 18.12, 16.06, 13.39, 10.336, 7.04, 3.555, -0.2368, -4.266, -8.445, -12.57, -16.23, -19.23, -21.4, -22.64, -22.8, -21.72, -19.56, -16.58, -13.08, -9.34, -5.37, -1.352, 2.453, 5.484, 7.387, 7.875, 7.133, 5.53, 3.39, 0.9365, -1.881, -4.816, -7.64, -9.96, -11.31, -11.695, -11.2, -10.04, -8.21
-6.477, -3.63, -1.312, 0.02745, 0.392, 0.079, -0.5513, -1.1455, -1.349, -0.922, 0.2703, 2.18, 4.418, 6.586, 8.23, 9.15, 9.29, 8.97, 8.42, 7.707, 6.77, 5.54, 4.05, 2.506, 1.167, 0.1572, -0.513, -0.8496, -0.908, -0.644, -0.0721, 0.654, 1.397, 2.006, 2.363, 2.4, 2.09, 1.476, 0.5815, -0.5566, -1.801, -3.025, -4.1, -4.973, -5.598, -6.008, -6.094, -5.777, -5.066, -3.957, -2.412, -0.5547, 1.24, 2.62, 3.426, 3.732, 3.764, 3.617, 3.293, 2.664, 1.541, -0.00853, -1.697, -3.379, -5.094, -6.93, -9.02, -11.27, -13.54, -15.45, -16.8, -17.64, -18.22, -18.92, -20.05, -21.36, -22.36, -22.89, -23.12, -23.66, -24.56, -25.64, -26.22, -25.88, -24.52, -22.25, -18.98, -14.36, -8.71, -2.693, 2.73, 6.875, 9.72, 11.72, 13.22, 14.22, 14.766, 14.98, 15.016, 15.125, 15.25, 15.33, 15.1, 14.62, 13.91, 13.195, 12.48, 11.734, 10.766, 9.59, 8.24, 6.965, 5.855, 4.887, 3.854, 2.639, 1.251, -0.2563, -1.889, -3.66, -5.65, -7.99, -10.57, -13.39, -16.4, -19.27, -21.95, -24.38, -26.56, -28.38, -29.83, -30.61, -30.7, -30.17, -29.25, -28.05, -26.69, -24.84, -22.58, -19.77, -16.61, -13.17, -9.59, -5.9, -2.025, 1.8, 5.574, 9.0, 12.016, 14.66, 16.97, 19.17, 21.2, 22.88, 24.05, 24.58, 24.5, 24.11, 23.58, 22.94, 21.97, 20.31, 18.11, 15.164, 11.75, 8.16, 4.242, -0.00786, -4.56, -9.06, -13.26, -16.81, -19.66, -21.61, -22.69, -22.62, -21.3, -19.02, -15.99, -12.6, -8.98, -5.14, -1.323, 2.158, 4.74, 6.11, 6.145, 5.125, 3.324, 1.102, -1.498, -4.35, -7.258, -10.02, -12.07, -13.09, -13.164, -12.39, -11.07, -9.11
-7.406, -4.332, -1.786, -0.3164, 0.0756, -0.2247, -0.7793, -1.241, -1.32, -0.8184, 0.338, 2.086, 4.184, 6.22, 7.84, 8.76, 9.01, 8.83, 8.46, 8.01, 7.355, 6.383, 5.04, 3.488, 1.996, 0.791, -0.07074, -0.595, -0.828, -0.7515, -0.4255, 0.01085, 0.4893, 0.9536, 1.326, 1.509, 1.403, 0.938, 0.044, -1.166, -2.463, -3.594, -4.516, -5.234, -5.734, -6.12, -6.258, -6.035, -5.387, -4.254, -2.672, -0.7964, 1.002, 2.352, 3.115, 3.402, 3.5, 3.445, 3.213, 2.625, 1.5205, 0.0236, -1.609, -3.268, -4.934, -6.723, -8.81, -11.125, -13.51, -15.62, -17.27, -18.42, -19.23, -20.19, -21.34, -22.56, -23.47, -23.9, -24.19, -24.56, -25.28, -26.02, -26.16, -25.45, -23.75, -21.11, -17.45, -12.54, -6.645, -0.4626, 4.883, 8.766, 11.46, 13.31, 14.58, 15.52, 16.03, 16.12, 16.16, 16.34, 16.56, 16.69, 16.42, 15.77, 14.914, 13.94, 13.086, 12.17, 11.16, 9.96, 8.68, 7.53, 6.562, 5.613, 4.566, 3.256, 1.757, 0.1925, -1.427, -3.088, -4.93, -7.055, -9.484, -12.195, -15.02, -17.8, -20.36, -22.7, -24.94, -26.94, -28.53, -29.48, -29.78, -29.44, -28.73, -27.78, -26.6, -25.02, -22.88, -20.34, -17.48, -14.305, -10.945, -7.336, -3.52, 0.305, 4.09, 7.586, 10.69, 13.445, 15.92, 18.3, 20.56, 22.62, 24.17, 25.1, 25.44, 25.4, 25.06, 24.52, 23.53, 21.83, 19.33, 16.17, 12.664, 8.85, 4.723, 0.1372, -4.742, -9.51, -13.695, -17.08, -19.67, -21.56, -22.56, -22.33, -20.9, -18.45, -15.414, -12.12, -8.67, -5.02, -1.423, 1.729, 3.936, 4.906, 4.63, 3.334, 1.304, -1.127, -3.918, -6.97, -10.09, -12.78, -14.57, -15.17, -14.83, -13.85, -12.305, -10.21
-8.695, -5.414, -2.6, -0.88, -0.3264, -0.518, -0.9497, -1.25, -1.208, -0.674, 0.3984, 1.949, 3.799, 5.703, 7.31, 8.29, 8.65, 8.59, 8.35, 8.05, 7.6, 6.816, 5.684, 4.246, 2.736, 1.421, 0.3914, -0.349, -0.806, -0.957, -0.8696, -0.669, -0.4216, -0.11743, 0.251, 0.5854, 0.7456, 0.529, -0.2389, -1.459, -2.805, -3.96, -4.84, -5.523, -6.03, -6.43, -6.59, -6.367, -5.62, -4.34, -2.6, -0.6494, 1.111, 2.346, 2.963, 3.154, 3.19, 3.094, 2.812, 2.166, 1.106, -0.1777, -1.566, -3.027, -4.58, -6.383, -8.53, -10.99, -13.48, -15.71, -17.55, -18.98, -20.1, -21.27, -22.47, -23.56, -24.34, -24.78, -25.14, -25.66, -26.36, -26.86, -26.6, -25.36, -23.17, -20.0, -15.89, -10.55, -4.438, 1.72, 6.914, 10.625, 13.17, 14.85, 16.11, 17.02, 17.44, 17.42, 17.44, 17.62, 17.78, 17.83, 17.52, 16.73, 15.625, 14.445, 13.35, 12.22, 11.05, 9.836, 8.62, 7.63, 6.816, 5.992, 5.027, 3.748, 2.291, 0.8096, -0.749, -2.326, -3.908, -5.844, -8.14, -10.76, -13.484, -16.25, -18.83, -21.22, -23.42, -25.31, -26.95, -27.88, -28.31, -28.22, -27.81, -27.12, -26.17, -24.83, -22.88, -20.62, -18.06, -15.23, -12.086, -8.67, -5.06, -1.289, 2.482, 6.03, 9.19, 12.01, 14.586, 17.08, 19.52, 21.8, 23.66, 24.89, 25.61, 25.81, 25.69, 25.23, 24.22, 22.42, 19.83, 16.62, 13.12, 9.27, 4.934, 0.1472, -4.87, -9.75, -13.9, -17.17, -19.72, -21.52, -22.42, -22.14, -20.55, -17.97, -14.875, -11.67, -8.35, -4.895, -1.505, 1.416, 3.387, 4.023, 3.383, 1.769, -0.503, -3.271, -6.387, -9.81, -13.164, -15.82, -17.4, -17.69, -16.98, -15.68, -13.945, -11.65
-10.04, -6.51, -3.44, -1.403, -0.589, -0.6055, -0.9224, -1.173, -1.112, -0.5747, 0.4084, 1.79, 3.42, 5.176, 6.754, 7.848, 8.34, 8.36, 8.09, 7.785, 7.41, 6.805, 5.895, 4.668, 3.254, 1.939, 0.7773, -0.1835, -0.8574, -1.193, -1.254, -1.182, -1.088, -0.9277, -0.623, -0.1969, 0.1794, 0.1935, -0.4194, -1.585, -2.963, -4.215, -5.16, -5.86, -6.395, -6.8, -6.89, -6.504, -5.55, -4.08, -2.232, -0.342, 1.254, 2.299, 2.764, 2.828, 2.754, 2.553, 2.182, 1.514, 0.586, -0.393, -1.462, -2.67, -4.137, -6.074, -8.42, -11.03, -13.59, -15.88, -17.8, -19.44, -20.92, -22.33, -23.66, -24.7, -25.34, -25.8, -26.23, -26.8, -27.45, -27.66, -27.03, -25.28, -22.42, -18.72, -14.02, -8.375, -2.129, 3.848, 8.8, 12.33, 14.74, 16.42, 17.77, 18.62, 19.1, 19.16, 19.11, 19.12, 19.17, 18.92, 18.4, 17.47, 16.25, 14.91, 13.56, 12.15, 10.74, 9.38, 8.17, 7.258, 6.574, 5.89, 5.062, 3.93, 2.625, 1.32, 0.002544, -1.346, -2.818, -4.61, -6.793, -9.3, -12.055, -14.7, -17.38, -19.72, -21.88, -23.7, -25.2, -26.08, -26.56, -26.64, -26.5, -26.03, -25.27, -24.03, -22.44, -20.44, -18.2, -15.78, -13.086, -10.055, -6.723, -3.117, 0.564, 4.047, 7.29, 10.19, 12.8, 15.35, 17.9, 20.33, 22.39, 23.9, 24.83, 25.22, 25.3, 24.94, 24.0, 22.22, 19.64, 16.52, 13.08, 9.24, 5.004, 0.2211, -4.86, -9.734, -13.87, -17.1, -19.64, -21.4, -22.22, -21.78, -19.98, -17.2, -14.06, -10.89, -7.72, -4.42, -1.191, 1.483, 3.084, 3.342, 2.379, 0.432, -2.246, -5.484, -9.07, -12.85, -16.36, -19.0, -20.4, -20.48, -19.45, -17.8, -15.76, -13.19
-11.01, -7.273, -3.98, -1.725, -0.6567, -0.5127, -0.789, -1.048, -1.009, -0.4934, 0.4092, 1.633, 3.098, 4.688, 6.26, 7.47, 8.086, 8.1, 7.766, 7.367, 6.99, 6.527, 5.86, 4.89, 3.684, 2.408, 1.137, -0.02281, -0.8926, -1.361, -1.474, -1.435, -1.404, -1.366, -1.187, -0.8213, -0.4177, -0.3042, -0.787, -1.851, -3.215, -4.504, -5.496, -6.215, -6.754, -7.074, -6.99, -6.387, -5.195, -3.62, -1.855, -0.2191, 1.029, 1.822, 2.184, 2.281, 2.23, 1.998, 1.598, 0.9844, 0.2544, -0.4443, -1.259, -2.3, -3.836, -5.98, -8.586, -11.34, -13.984, -16.3, -18.25, -20.02, -21.83, -23.4, -24.8, -25.81, -26.4, -26.81, -27.27, -27.86, -28.33, -28.19, -26.92, -24.6, -21.16, -16.83, -11.6, -5.68, 0.4546, 6.14, 10.766, 14.11, 16.34, 18.1, 19.5, 20.55, 21.14, 21.3, 21.14, 20.89, 20.53, 19.89, 19.03, 17.86, 16.56, 15.164, 13.67, 12.07, 10.46, 8.984, 7.727, 6.758, 6.07, 5.477, 4.797, 3.871, 2.8, 1.748, 0.6704, -0.4185, -1.664, -3.318, -5.36, -7.78, -10.52, -13.32, -15.93, -18.31, -20.4, -22.16, -23.48, -24.39, -24.86, -25.02, -25.05, -24.78, -24.1, -22.97, -21.56, -19.8, -17.98, -15.96, -13.75, -11.22, -8.28, -4.98, -1.509, 1.824, 4.973, 7.844, 10.48, 13.04, 15.67, 18.22, 20.42, 22.1, 23.2, 23.89, 24.14, 23.94, 23.11, 21.42, 18.92, 15.94, 12.58, 9.0, 4.98, 0.3396, -4.652, -9.49, -13.6, -16.81, -19.25, -20.89, -21.53, -20.8, -18.78, -15.86, -12.68, -9.54, -6.484, -3.408, -0.4736, 1.841, 3.078, 2.955, 1.544, -0.9443, -4.22, -7.98, -12.0, -16.0, -19.56, -22.1, -23.23, -23.12, -21.86, -19.92, -17.44, -14.516
-11.555, -7.664, -4.227, -1.784, -0.5703, -0.37, -0.708, -1.054, -1.075, -0.5786, 0.29, 1.421, 2.742, 4.215, 5.723, 6.996, 7.656, 7.703, 7.367, 6.973, 6.637, 6.29, 5.81, 5.08, 4.06, 2.857, 1.517, 0.1885, -0.869, -1.452, -1.572, -1.512, -1.504, -1.589, -1.627, -1.489, -1.238, -1.147, -1.51, -2.434, -3.68, -4.895, -5.82, -6.49, -6.945, -7.133, -6.855, -6.047, -4.773, -3.246, -1.717, -0.4675, 0.41, 0.9717, 1.328, 1.549, 1.641, 1.526, 1.228, 0.733, 0.1964, -0.3542, -1.106, -2.19, -3.87, -6.164, -8.836, -11.63, -14.3, -16.64, -18.67, -20.58, -22.61, -24.38, -25.8, -26.75, -27.27, -27.58, -27.95, -28.4, -28.45, -27.92, -26.16, -23.22, -19.23, -14.27, -8.65, -2.635, 3.34, 8.69, 12.88, 15.91, 18.03, 19.84, 21.36, 22.58, 23.28, 23.45, 23.19, 22.58, 21.72, 20.67, 19.47, 18.1, 16.78, 15.37, 13.89, 12.266, 10.6, 9.03, 7.72, 6.66, 5.84, 5.156, 4.496, 3.725, 2.898, 2.129, 1.303, 0.3987, -0.6504, -2.13, -4.043, -6.37, -9.11, -11.89, -14.51, -16.88, -18.94, -20.61, -21.83, -22.7, -23.12, -23.44, -23.48, -23.31, -22.75, -21.67, -20.38, -18.89, -17.34, -15.77, -14.06, -11.984, -9.44, -6.56, -3.496, -0.414, 2.525, 5.254, 7.82, 10.36, 13.01, 15.58, 17.83, 19.67, 20.95, 21.81, 22.28, 22.23, 21.56, 20.06, 17.77, 14.984, 11.92, 8.6, 4.816, 0.456, -4.402, -9.09, -13.11, -16.23, -18.48, -19.86, -20.19, -19.17, -17.0, -14.0, -10.78, -7.645, -4.676, -1.862, 0.6284, 2.467, 3.207, 2.574, 0.566, -2.59, -6.562, -10.914, -15.33, -19.42, -22.75, -25.02, -25.88, -25.48, -23.98, -21.67, -18.84, -15.42
-12.01, -7.957, -4.414, -1.88, -0.5684, -0.3474, -0.7705, -1.211, -1.288, -0.8413, -0.005196, 1.026, 2.234, 3.604, 5.06, 6.28, 6.99, 7.125, 6.914, 6.633, 6.438, 6.25, 5.938, 5.35, 4.46, 3.318, 1.917, 0.4307, -0.8013, -1.531, -1.711, -1.663, -1.707, -1.918, -2.178, -2.29, -2.21, -2.184, -2.496, -3.26, -4.36, -5.39, -6.145, -6.676, -6.973, -6.996, -6.586, -5.71, -4.508, -3.145, -1.903, -0.98, -0.3699, 0.03384, 0.389, 0.7583, 1.056, 1.161, 1.036, 0.6787, 0.255, -0.2654, -1.073, -2.29, -4.094, -6.4, -8.98, -11.63, -14.14, -16.5, -18.75, -20.98, -23.17, -25.11, -26.58, -27.52, -27.98, -28.25, -28.48, -28.6, -28.3, -27.25, -24.97, -21.48, -16.95, -11.56, -5.65, 0.4744, 6.28, 11.27, 15.05, 17.88, 19.94, 21.75, 23.36, 24.61, 25.3, 25.3, 24.84, 23.92, 22.67, 21.17, 19.64, 18.11, 16.75, 15.52, 14.13, 12.68, 11.09, 9.62, 8.266, 7.105, 6.117, 5.266, 4.477, 3.742, 3.045, 2.434, 1.804, 1.057, 0.1902, -1.113, -2.902, -5.105, -7.67, -10.36, -12.94, -15.26, -17.4, -19.03, -20.36, -21.27, -21.83, -22.1, -22.19, -22.0, -21.48, -20.52, -19.28, -17.92, -16.66, -15.35, -13.984, -12.33, -10.195, -7.746, -5.125, -2.404, 0.2161, 2.676, 5.047, 7.465, 10.055, 12.6, 14.836, 16.69, 18.14, 19.12, 19.81, 20.02, 19.58, 18.34, 16.36, 13.88, 11.04, 8.03, 4.562, 0.3774, -4.223, -8.69, -12.49, -15.414, -17.45, -18.52, -18.48, -17.33, -15.086, -12.08, -8.79, -5.527, -2.648, -0.07825, 1.968, 3.252, 3.406, 2.191, -0.469, -4.453, -9.34, -14.46, -19.19, -23.14, -26.1, -27.86, -28.42, -27.73, -25.89, -23.27, -19.97, -16.14
-12.33, -8.164, -4.633, -2.133, -0.7925, -0.5503, -0.9917, -1.513, -1.618, -1.179, -0.373, 0.594, 1.703, 2.938, 4.258, 5.39, 6.094, 6.332, 6.332, 6.297, 6.363, 6.395, 6.2, 5.668, 4.848, 3.732, 2.307, 0.733, -0.665, -1.584, -1.934, -2.012, -2.14, -2.453, -2.867, -3.123, -3.146, -3.18, -3.451, -4.13, -5.09, -5.965, -6.54, -6.87, -6.953, -6.805, -6.38, -5.594, -4.56, -3.367, -2.268, -1.466, -0.956, -0.658, -0.3306, 0.0836, 0.503, 0.7725, 0.7974, 0.5977, 0.277, -0.253, -1.18, -2.51, -4.33, -6.477, -8.766, -11.11, -13.45, -15.9, -18.42, -20.97, -23.45, -25.53, -27.08, -28.0, -28.52, -28.77, -28.83, -28.62, -27.86, -26.34, -23.6, -19.72, -14.766, -8.92, -2.664, 3.498, 9.2, 13.83, 17.3, 19.83, 21.89, 23.72, 25.36, 26.48, 27.02, 26.78, 25.95, 24.78, 23.23, 21.52, 19.8, 18.25, 16.88, 15.58, 14.32, 13.01, 11.66, 10.35, 9.12, 7.92, 6.812, 5.78, 4.867, 4.05, 3.354, 2.787, 2.227, 1.552, 0.769, -0.4106, -2.043, -4.055, -6.395, -8.836, -11.234, -13.516, -15.625, -17.34, -18.7, -19.73, -20.39, -20.67, -20.73, -20.56, -20.19, -19.28, -18.19, -17.03, -15.875, -14.766, -13.57, -12.17, -10.35, -8.3, -6.086, -3.809, -1.688, 0.391, 2.486, 4.777, 7.14, 9.51, 11.58, 13.39, 14.875, 16.03, 16.86, 17.33, 17.17, 16.3, 14.664, 12.55, 10.016, 7.33, 4.043, 0.1873, -4.082, -8.22, -11.77, -14.56, -16.33, -17.12, -16.86, -15.59, -13.38, -10.42, -7.023, -3.68, -0.71, 1.747, 3.42, 4.207, 3.762, 1.819, -1.721, -6.707, -12.49, -18.25, -23.16, -27.0, -29.47, -30.72, -30.78, -29.67, -27.5, -24.48, -20.73, -16.62
-12.36, -8.27, -4.863, -2.443, -1.163, -0.941, -1.359, -1.833, -1.889, -1.432, -0.63, 0.314, 1.322, 2.436, 3.57, 4.535, 5.168, 5.47, 5.65, 5.895, 6.25, 6.46, 6.367, 5.89, 5.14, 4.11, 2.742, 1.139, -0.3967, -1.5205, -2.123, -2.404, -2.658, -3.033, -3.488, -3.771, -3.844, -3.9, -4.195, -4.832, -5.71, -6.53, -6.992, -7.145, -7.008, -6.72, -6.324, -5.707, -4.875, -3.803, -2.676, -1.755, -1.175, -0.9346, -0.7397, -0.459, -0.09436, 0.2217, 0.3738, 0.3416, 0.1292, -0.4016, -1.373, -2.74, -4.473, -6.336, -8.25, -10.3, -12.55, -15.125, -17.88, -20.78, -23.48, -25.67, -27.31, -28.39, -28.97, -29.3, -29.22, -28.77, -27.58, -25.61, -22.45, -18.17, -12.74, -6.41, 0.1952, 6.434, 11.914, 16.22, 19.53, 22.06, 24.1, 26.0, 27.5, 28.45, 28.6, 27.98, 26.89, 25.5, 23.88, 22.11, 20.34, 18.73, 17.19, 15.74, 14.36, 13.1, 11.86, 10.76, 9.69, 8.59, 7.51, 6.43, 5.4, 4.562, 3.865, 3.238, 2.684, 2.035, 1.261, 0.1442, -1.333, -3.084, -5.137, -7.312, -9.51, -11.63, -13.68, -15.555, -17.08, -18.2, -18.9, -19.17, -19.22, -19.02, -18.56, -17.78, -16.8, -15.76, -14.65, -13.62, -12.45, -11.14, -9.54, -7.805, -6.074, -4.367, -2.77, -1.113, 0.654, 2.588, 4.598, 6.617, 8.41, 10.0, 11.31, 12.55, 13.625, 14.37, 14.56, 14.04, 12.82, 10.97, 8.81, 6.387, 3.428, -0.07404, -3.943, -7.746, -11.06, -13.586, -15.13, -15.7, -15.27, -13.92, -11.74, -8.805, -5.383, -1.863, 1.196, 3.584, 5.04, 5.37, 4.27, 1.456, -3.078, -9.05, -15.52, -21.7, -26.7, -30.27, -32.38, -33.16, -32.75, -31.17, -28.55, -25.12, -21.02, -16.69
-11.84, -7.95, -4.863, -2.71, -1.632, -1.451, -1.775, -2.129, -2.08, -1.531, -0.6514, 0.3328, 1.293, 2.271, 3.15, 3.86, 4.332, 4.605, 4.883, 5.324, 5.88, 6.25, 6.293, 5.93, 5.293, 4.426, 3.207, 1.662, 0.0672, -1.248, -2.145, -2.693, -3.086, -3.477, -3.87, -4.125, -4.227, -4.348, -4.72, -5.363, -6.168, -6.91, -7.31, -7.297, -7.023, -6.62, -6.26, -5.883, -5.266, -4.273, -3.08, -1.966, -1.253, -1.013, -0.9854, -0.9253, -0.73, -0.4883, -0.299, -0.2229, -0.3547, -0.7515, -1.592, -2.848, -4.4, -6.035, -7.758, -9.73, -12.07, -14.81, -17.75, -20.67, -23.36, -25.6, -27.44, -28.7, -29.45, -29.84, -29.53, -28.73, -27.19, -24.8, -21.3, -16.58, -10.7, -3.998, 2.873, 9.26, 14.62, 18.67, 21.78, 24.3, 26.5, 28.39, 29.78, 30.34, 30.06, 29.12, 27.81, 26.27, 24.75, 23.12, 21.42, 19.64, 17.86, 16.05, 14.33, 12.97, 11.734, 10.77, 9.87, 8.92, 7.902, 6.836, 5.867, 5.055, 4.363, 3.725, 3.125, 2.496, 1.742, 0.773, -0.539, -2.064, -3.852, -5.758, -7.734, -9.71, -11.79, -13.79, -15.5, -16.72, -17.42, -17.69, -17.6, -17.22, -16.69, -15.86, -14.914, -13.84, -12.75, -11.64, -10.39, -9.086, -7.684, -6.27, -5.04, -3.936, -2.918, -1.729, -0.405, 1.064, 2.656, 4.188, 5.598, 6.875, 8.03, 9.28, 10.43, 11.37, 11.85, 11.67, 10.76, 9.28, 7.42, 5.27, 2.666, -0.419, -3.84, -7.168, -10.09, -12.375, -13.78, -14.266, -13.695, -12.266, -10.0, -7.023, -3.6, -0.05252, 3.059, 5.445, 6.8, 6.746, 4.914, 1.151, -4.316, -10.92, -17.8, -24.0, -28.9, -32.16, -33.88, -34.22, -33.47, -31.5, -28.52, -24.84, -20.56, -16.16
-10.96, -7.402, -4.617, -2.87, -2.146, -2.07, -2.256, -2.379, -2.18, -1.527, -0.566, 0.4827, 1.445, 2.309, 2.951, 3.363, 3.6, 3.777, 4.066, 4.6, 5.254, 5.773, 5.97, 5.78, 5.33, 4.656, 3.625, 2.232, 0.6553, -0.8257, -2.012, -2.822, -3.373, -3.748, -4.062, -4.28, -4.434, -4.65, -5.08, -5.703, -6.438, -7.066, -7.38, -7.3, -6.926, -6.46, -6.117, -5.902, -5.5, -4.676, -3.477, -2.277, -1.479, -1.217, -1.338, -1.475, -1.458, -1.321, -1.175, -1.0625, -1.088, -1.304, -1.887, -2.871, -4.21, -5.754, -7.547, -9.63, -12.17, -15.0, -17.92, -20.66, -23.11, -25.34, -27.2, -28.84, -29.88, -30.25, -29.75, -28.55, -26.56, -23.64, -19.72, -14.555, -8.19, -1.171, 5.793, 12.16, 17.25, 21.08, 24.14, 26.66, 28.94, 30.84, 32.03, 32.28, 31.73, 30.52, 29.08, 27.53, 25.98, 24.48, 22.72, 20.8, 18.7, 16.53, 14.55, 12.85, 11.53, 10.56, 9.77, 8.914, 7.996, 7.03, 6.098, 5.38, 4.74, 4.15, 3.62, 3.055, 2.352, 1.49, 0.3403, -0.9834, -2.508, -4.203, -6.03, -7.945, -9.99, -12.08, -13.89, -15.23, -15.98, -16.17, -15.91, -15.336, -14.57, -13.6, -12.58, -11.44, -10.21, -8.97, -7.65, -6.31, -5.145, -4.152, -3.479, -2.969, -2.453, -1.779, -0.895, 0.1718, 1.317, 2.393, 3.393, 4.375, 5.38, 6.492, 7.625, 8.63, 9.31, 9.39, 8.766, 7.62, 6.008, 4.09, 1.823, -0.8765, -3.807, -6.555, -8.98, -10.95, -12.25, -12.72, -12.13, -10.555, -8.164, -5.113, -1.567, 1.965, 5.074, 7.457, 8.68, 8.12, 5.477, 0.8594, -5.19, -11.96, -18.69, -24.62, -29.27, -32.22, -33.7, -33.66, -32.47, -30.25, -27.14, -23.38, -19.25, -15.016
-9.78, -6.707, -4.43, -3.174, -2.76, -2.756, -2.793, -2.682, -2.314, -1.554, -0.5244, 0.552, 1.49, 2.21, 2.643, 2.787, 2.84, 2.92, 3.178, 3.717, 4.42, 5.07, 5.445, 5.473, 5.234, 4.723, 3.879, 2.646, 1.136, -0.439, -1.816, -2.838, -3.516, -3.953, -4.223, -4.43, -4.625, -4.93, -5.363, -5.93, -6.523, -7.01, -7.285, -7.215, -6.824, -6.293, -5.883, -5.668, -5.402, -4.836, -3.85, -2.77, -2.008, -1.76, -1.942, -2.182, -2.275, -2.248, -2.213, -2.15, -2.084, -2.082, -2.316, -2.938, -4.062, -5.582, -7.49, -9.77, -12.45, -15.28, -18.05, -20.52, -22.7, -24.92, -26.92, -28.81, -30.17, -30.47, -29.7, -27.94, -25.31, -21.84, -17.39, -11.77, -5.094, 1.993, 8.88, 14.96, 19.73, 23.44, 26.38, 28.97, 31.31, 33.06, 34.12, 34.16, 33.34, 32.03, 30.47, 28.97, 27.44, 25.88, 24.16, 22.12, 19.78, 17.36, 15.06, 13.195, 11.76, 10.73, 9.84, 8.945, 8.0, 7.03, 6.133, 5.434, 4.883, 4.43, 4.004, 3.53, 2.967, 2.22, 1.232, 0.09283, -1.242, -2.766, -4.47, -6.355, -8.41, -10.484, -12.43, -13.86, -14.695, -14.91, -14.48, -13.72, -12.664, -11.54, -10.336, -9.01, -7.668, -6.305, -4.926, -3.664, -2.734, -2.195, -2.018, -2.076, -2.035, -1.771, -1.214, -0.4285, 0.4172, 1.18, 1.89, 2.61, 3.438, 4.375, 5.418, 6.37, 7.047, 7.223, 6.79, 5.836, 4.457, 2.748, 0.632, -1.677, -3.941, -6.1, -8.02, -9.71, -10.92, -11.31, -10.72, -9.04, -6.434, -3.139, 0.5415, 4.117, 7.312, 9.71, 10.74, 9.6, 6.207, 1.026, -5.336, -11.91, -18.08, -23.48, -27.69, -30.42, -31.58, -31.3, -29.84, -27.56, -24.52, -20.97, -17.22, -13.31
-8.69, -6.234, -4.56, -3.67, -3.426, -3.42, -3.32, -3.004, -2.438, -1.627, -0.6626, 0.3284, 1.181, 1.722, 1.972, 1.983, 1.961, 1.988, 2.225, 2.729, 3.47, 4.246, 4.844, 5.12, 5.047, 4.656, 3.9, 2.795, 1.395, -0.1447, -1.581, -2.734, -3.574, -4.117, -4.445, -4.684, -4.973, -5.324, -5.723, -6.14, -6.527, -6.88, -7.156, -7.184, -6.88, -6.293, -5.695, -5.305, -5.09, -4.82, -4.203, -3.4, -2.828, -2.645, -2.791, -3.025, -3.139, -3.184, -3.283, -3.307, -3.219, -3.014, -2.912, -3.154, -4.035, -5.465, -7.402, -9.74, -12.43, -15.195, -17.83, -20.12, -22.2, -24.39, -26.66, -28.81, -30.25, -30.33, -29.22, -27.0, -23.73, -19.58, -14.54, -8.516, -1.651, 5.418, 12.01, 17.6, 22.03, 25.62, 28.47, 31.1, 33.28, 34.94, 35.75, 35.7, 34.84, 33.5, 31.92, 30.34, 28.73, 27.05, 25.31, 23.2, 20.78, 18.34, 15.984, 14.1, 12.6, 11.51, 10.484, 9.414, 8.25, 7.06, 6.062, 5.32, 4.844, 4.51, 4.2, 3.852, 3.46, 2.848, 1.986, 0.972, -0.2383, -1.597, -3.145, -4.95, -6.984, -9.06, -11.016, -12.57, -13.45, -13.7, -13.31, -12.47, -11.29, -10.08, -8.78, -7.363, -5.92, -4.426, -2.963, -1.717, -0.986, -0.786, -1.029, -1.559, -1.9375, -1.956, -1.621, -1.083, -0.4255, 0.1606, 0.7227, 1.284, 1.962, 2.68, 3.514, 4.285, 4.848, 5.027, 4.703, 3.924, 2.744, 1.174, -0.721, -2.645, -4.395, -5.95, -7.383, -8.734, -9.766, -10.086, -9.555, -7.75, -4.84, -1.269, 2.639, 6.418, 9.67, 12.08, 12.766, 11.23, 7.29, 1.773, -4.51, -10.68, -16.16, -20.92, -24.62, -27.06, -28.0, -27.61, -25.92, -23.61, -20.95, -17.92, -14.766, -11.555
-7.68, -5.914, -4.742, -4.2, -4.14, -4.074, -3.75, -3.219, -2.523, -1.735, -0.9375, -0.1205, 0.5654, 0.9214, 1.032, 1.011, 1.004, 1.059, 1.267, 1.742, 2.512, 3.414, 4.23, 4.71, 4.76, 4.418, 3.715, 2.727, 1.485, 0.05774, -1.361, -2.633, -3.646, -4.34, -4.754, -5.082, -5.453, -5.82, -6.117, -6.316, -6.46, -6.723, -7.117, -7.363, -7.18, -6.535, -5.71, -5.07, -4.79, -4.715, -4.492, -4.07, -3.73, -3.646, -3.764, -3.932, -4.01, -4.11, -4.31, -4.473, -4.434, -4.12, -3.816, -3.836, -4.434, -5.55, -7.22, -9.375, -11.88, -14.58, -17.2, -19.58, -21.73, -23.97, -26.47, -28.72, -30.11, -30.05, -28.55, -25.8, -21.94, -17.16, -11.53, -5.125, 1.705, 8.484, 14.71, 19.98, 24.17, 27.61, 30.44, 32.94, 34.94, 36.38, 36.94, 36.75, 35.97, 34.62, 33.1, 31.42, 29.72, 28.08, 26.23, 24.16, 21.83, 19.53, 17.34, 15.47, 13.93, 12.68, 11.52, 10.21, 8.766, 7.305, 6.082, 5.254, 4.78, 4.523, 4.312, 4.07, 3.766, 3.264, 2.535, 1.613, 0.5186, -0.709, -2.086, -3.676, -5.562, -7.566, -9.484, -11.13, -12.17, -12.52, -12.38, -11.72, -10.76, -9.64, -8.35, -6.914, -5.37, -3.771, -2.215, -0.979, -0.3533, -0.3425, -0.807, -1.538, -2.105, -2.316, -2.164, -1.831, -1.41, -1.006, -0.57, -0.1102, 0.4307, 0.96, 1.545, 2.096, 2.516, 2.668, 2.45, 1.857, 0.869, -0.513, -2.129, -3.664, -4.984, -6.08, -7.06, -8.01, -8.87, -9.23, -8.65, -6.668, -3.484, 0.539, 4.715, 8.67, 12.08, 14.46, 14.93, 12.96, 8.695, 3.025, -3.012, -8.65, -13.45, -17.52, -20.7, -22.81, -23.47, -22.95, -21.31, -19.22, -16.92, -14.555, -12.14, -9.79
-6.664, -5.57, -4.906, -4.695, -4.742, -4.61, -4.113, -3.385, -2.55, -1.753, -1.115, -0.546, -0.1256, 0.03943, 0.03476, 0.01851, 0.03976, 0.1133, 0.2969, 0.769, 1.577, 2.635, 3.615, 4.285, 4.457, 4.156, 3.512, 2.621, 1.52, 0.2054, -1.193, -2.541, -3.691, -4.54, -5.12, -5.566, -5.96, -6.29, -6.42, -6.42, -6.434, -6.652, -7.152, -7.61, -7.56, -6.914, -5.91, -5.03, -4.613, -4.61, -4.688, -4.594, -4.484, -4.52, -4.676, -4.836, -4.95, -5.11, -5.39, -5.727, -5.797, -5.523, -5.12, -4.98, -5.297, -6.01, -7.188, -8.875, -11.07, -13.734, -16.53, -19.2, -21.66, -24.03, -26.47, -28.45, -29.6, -29.34, -27.62, -24.48, -20.14, -14.88, -8.805, -2.145, 4.637, 11.15, 17.16, 22.2, 26.38, 29.75, 32.47, 34.75, 36.44, 37.44, 37.8, 37.4, 36.6, 35.34, 33.84, 32.16, 30.48, 28.83, 27.1, 25.16, 23.02, 20.83, 18.67, 16.89, 15.35, 14.03, 12.66, 11.14, 9.43, 7.793, 6.434, 5.51, 4.992, 4.707, 4.53, 4.324, 3.965, 3.475, 2.846, 2.082, 1.16, 0.082, -1.151, -2.535, -4.184, -6.004, -7.832, -9.44, -10.68, -11.37, -11.61, -11.39, -10.82, -10.0, -8.87, -7.504, -5.977, -4.285, -2.707, -1.446, -0.7817, -0.745, -1.187, -1.901, -2.516, -2.83, -2.84, -2.695, -2.516, -2.332, -2.062, -1.801, -1.483, -1.143, -0.7817, -0.46, -0.1703, -0.04813, -0.1075, -0.463, -1.128, -2.184, -3.412, -4.54, -5.46, -6.184, -6.875, -7.6, -8.266, -8.51, -7.72, -5.54, -2.043, 2.32, 6.87, 11.12, 14.67, 16.94, 17.12, 14.914, 10.516, 4.84, -0.9897, -6.227, -10.43, -13.93, -16.62, -18.38, -18.8, -18.16, -16.56, -14.72, -12.79, -11.04, -9.43, -7.97
-5.543, -5.086, -4.91, -5.023, -5.2, -5.055, -4.41, -3.496, -2.547, -1.769, -1.238, -0.861, -0.641, -0.602, -0.724, -0.871, -0.9414, -0.9062, -0.737, -0.2437, 0.5986, 1.781, 2.91, 3.742, 4.066, 3.88, 3.361, 2.59, 1.57, 0.3188, -1.092, -2.5, -3.79, -4.79, -5.5, -6.03, -6.453, -6.707, -6.742, -6.605, -6.527, -6.695, -7.2, -7.754, -7.816, -7.168, -6.086, -5.13, -4.65, -4.65, -4.844, -4.9, -4.906, -5.07, -5.36, -5.676, -5.992, -6.277, -6.7, -7.188, -7.426, -7.3, -6.906, -6.664, -6.71, -6.992, -7.42, -8.45, -10.27, -12.9, -15.95, -19.0, -21.83, -24.25, -26.5, -28.2, -29.03, -28.53, -26.55, -23.17, -18.5, -12.805, -6.344, 0.415, 7.215, 13.57, 19.31, 24.31, 28.52, 31.92, 34.56, 36.44, 37.72, 38.34, 38.3, 37.78, 36.88, 35.66, 34.2, 32.62, 30.95, 29.4, 27.88, 26.14, 24.17, 22.06, 19.84, 18.0, 16.4, 14.99, 13.586, 11.94, 10.1, 8.445, 7.06, 6.113, 5.598, 5.258, 4.98, 4.65, 4.203, 3.693, 3.096, 2.479, 1.804, 0.9414, -0.1576, -1.397, -2.83, -4.44, -6.145, -7.684, -9.12, -10.195, -10.89, -11.195, -11.07, -10.6, -9.74, -8.57, -7.125, -5.496, -3.973, -2.73, -1.965, -1.776, -2.03, -2.545, -3.04, -3.33, -3.453, -3.55, -3.656, -3.8, -3.865, -3.953, -3.922, -3.848, -3.71, -3.523, -3.266, -3.04, -2.824, -2.803, -3.072, -3.617, -4.246, -4.92, -5.543, -6.082, -6.676, -7.297, -7.793, -7.84, -6.848, -4.516, -0.763, 3.945, 8.89, 13.52, 17.28, 19.48, 19.36, 17.06, 12.78, 7.223, 1.499, -3.512, -7.355, -10.41, -12.71, -14.07, -14.31, -13.54, -12.06, -10.48, -8.94, -7.773, -6.863, -6.133
-4.434, -4.492, -4.76, -5.227, -5.555, -5.457, -4.734, -3.688, -2.658, -1.877, -1.371, -1.061, -0.931, -1.017, -1.327, -1.709, -1.98, -2.086, -1.92, -1.415, -0.468, 0.756, 2.03, 3.004, 3.545, 3.578, 3.25, 2.6, 1.633, 0.338, -1.139, -2.621, -4.004, -5.098, -5.863, -6.44, -6.91, -7.184, -7.188, -6.973, -6.734, -6.758, -7.137, -7.637, -7.695, -7.137, -6.13, -5.24, -4.79, -4.74, -4.836, -4.887, -4.957, -5.285, -5.867, -6.547, -7.18, -7.758, -8.45, -9.12, -9.516, -9.52, -9.23, -8.88, -8.55, -8.31, -8.09, -8.37, -9.73, -12.234, -15.49, -18.88, -21.86, -24.36, -26.34, -27.69, -28.06, -27.42, -25.2, -21.66, -16.64, -10.55, -3.838, 3.064, 9.7, 15.91, 21.56, 26.6, 30.84, 34.12, 36.66, 38.22, 39.0, 39.2, 38.8, 37.97, 36.9, 35.7, 34.2, 32.62, 31.19, 29.83, 28.5, 27.05, 25.22, 23.08, 20.8, 18.78, 17.03, 15.49, 14.0, 12.36, 10.62, 9.086, 7.8, 6.95, 6.418, 6.02, 5.63, 5.09, 4.45, 3.902, 3.404, 2.959, 2.473, 1.805, 0.825, -0.2942, -1.581, -3.021, -4.55, -6.062, -7.6, -9.03, -10.15, -10.88, -11.13, -10.94, -10.32, -9.375, -8.13, -6.785, -5.516, -4.367, -3.531, -3.148, -3.186, -3.404, -3.666, -3.889, -4.117, -4.41, -4.875, -5.457, -6.04, -6.547, -6.89, -7.06, -7.082, -6.863, -6.53, -6.023, -5.484, -5.043, -4.78, -4.652, -4.59, -4.78, -5.207, -5.805, -6.527, -7.22, -7.62, -7.426, -6.246, -3.676, 0.2974, 5.285, 10.734, 15.87, 19.8, 21.88, 21.58, 19.39, 15.305, 10.04, 4.53, -0.3345, -4.047, -6.87, -8.89, -9.984, -10.02, -9.21, -7.918, -6.6, -5.55, -4.926, -4.566, -4.426
-3.424, -3.922, -4.61, -5.367, -5.9, -5.836, -5.07, -3.932, -2.828, -2.045, -1.569, -1.296, -1.219, -1.417, -1.899, -2.545, -3.117, -3.43, -3.3, -2.752, -1.738, -0.522, 0.8228, 1.964, 2.797, 3.182, 3.115, 2.584, 1.618, 0.2556, -1.329, -2.86, -4.254, -5.406, -6.215, -6.844, -7.395, -7.76, -7.816, -7.52, -7.098, -6.89, -6.996, -7.293, -7.344, -6.895, -6.055, -5.305, -4.81, -4.566, -4.465, -4.445, -4.65, -5.285, -6.324, -7.52, -8.7, -9.734, -10.78, -11.68, -12.266, -12.33, -11.96, -11.39, -10.6, -9.81, -8.984, -8.66, -9.47, -11.66, -14.91, -18.36, -21.5, -24.0, -25.86, -26.95, -27.06, -26.0, -23.62, -19.62, -14.4, -8.03, -1.155, 5.734, 12.22, 18.28, 23.84, 28.86, 32.94, 36.16, 38.38, 39.66, 40.06, 39.78, 39.03, 38.0, 36.72, 35.3, 33.84, 32.25, 30.95, 29.77, 28.78, 27.52, 25.78, 23.72, 21.42, 19.31, 17.45, 15.875, 14.29, 12.68, 10.98, 9.58, 8.44, 7.7, 7.23, 6.758, 6.176, 5.465, 4.73, 4.215, 3.855, 3.61, 3.29, 2.688, 1.743, 0.6055, -0.607, -1.915, -3.26, -4.688, -6.234, -7.832, -9.234, -10.24, -10.734, -10.73, -10.266, -9.57, -8.71, -7.777, -6.816, -5.855, -5.094, -4.535, -4.297, -4.266, -4.387, -4.562, -4.902, -5.414, -6.2, -7.2, -8.336, -9.34, -10.04, -10.41, -10.42, -10.07, -9.516, -8.7, -7.805, -6.89, -5.953, -5.062, -4.387, -4.18, -4.51, -5.297, -6.332, -7.25, -7.664, -7.297, -5.832, -3.05, 1.137, 6.56, 12.484, 18.06, 22.16, 24.1, 23.8, 21.61, 17.95, 13.1, 7.92, 3.123, -0.6626, -3.447, -5.25, -6.152, -6.12, -5.35, -4.297, -3.412, -2.836, -2.674, -2.795, -3.088
-2.76, -3.475, -4.336, -5.332, -6.05, -6.055, -5.312, -4.1, -2.984, -2.258, -1.887, -1.671, -1.594, -1.845, -2.496, -3.438, -4.348, -4.902, -4.87, -4.324, -3.377, -2.227, -0.9175, 0.4207, 1.618, 2.494, 2.795, 2.465, 1.532, 0.11774, -1.538, -3.135, -4.56, -5.695, -6.562, -7.34, -8.05, -8.51, -8.58, -8.164, -7.57, -7.07, -6.855, -6.918, -6.953, -6.59, -5.88, -5.133, -4.457, -3.975, -3.69, -3.672, -4.13, -5.227, -6.836, -8.68, -10.47, -12.05, -13.6, -14.914, -15.69, -15.72, -15.02, -14.016, -12.71, -11.27, -9.9, -9.07, -9.45, -11.28, -14.2, -17.53, -20.66, -23.14, -24.95, -25.89, -25.83, -24.58, -21.75, -17.47, -11.77, -5.258, 1.665, 8.52, 14.914, 20.73, 26.12, 30.84, 34.72, 37.7, 39.62, 40.72, 40.78, 40.16, 39.0, 37.6, 36.03, 34.47, 32.84, 31.42, 30.25, 29.31, 28.53, 27.55, 26.1, 24.12, 22.0, 19.95, 18.11, 16.4, 14.805, 13.06, 11.4, 9.984, 8.96, 8.28, 7.78, 7.223, 6.504, 5.65, 4.914, 4.47, 4.31, 4.25, 4.074, 3.506, 2.564, 1.366, 0.1628, -1.078, -2.283, -3.598, -5.08, -6.72, -8.23, -9.37, -9.98, -10.05, -9.75, -9.305, -8.82, -8.3, -7.68, -6.97, -6.285, -5.62, -5.21, -5.027, -5.082, -5.32, -5.73, -6.473, -7.566, -9.03, -10.62, -12.016, -13.01, -13.45, -13.38, -12.83, -11.89, -10.74, -9.46, -8.09, -6.53, -4.93, -3.658, -3.059, -3.37, -4.414, -5.82, -6.996, -7.566, -7.18, -5.523, -2.58, 1.944, 7.746, 14.21, 20.17, 24.38, 26.17, 25.7, 23.64, 20.39, 16.12, 11.34, 6.688, 2.81, -0.147, -1.964, -2.742, -2.645, -2.04, -1.304, -0.909, -0.8433, -1.118, -1.612, -2.193
-2.344, -3.086, -3.986, -5.07, -5.926, -6.023, -5.31, -4.074, -2.973, -2.357, -2.133, -2.031, -2.01, -2.291, -3.09, -4.316, -5.574, -6.387, -6.53, -6.113, -5.38, -4.434, -3.203, -1.6875, -0.0768, 1.375, 2.197, 2.219, 1.446, 0.0567, -1.646, -3.355, -4.883, -6.1, -7.1, -8.04, -8.875, -9.375, -9.414, -8.945, -8.16, -7.367, -6.87, -6.68, -6.58, -6.195, -5.5, -4.6, -3.654, -2.895, -2.518, -2.674, -3.55, -5.19, -7.363, -9.77, -12.14, -14.35, -16.53, -18.4, -19.4, -19.39, -18.34, -16.72, -14.87, -12.86, -11.0, -9.72, -9.695, -11.05, -13.52, -16.45, -19.39, -21.9, -23.72, -24.73, -24.56, -23.02, -19.83, -15.164, -9.31, -2.543, 4.38, 11.03, 17.31, 22.9, 28.05, 32.4, 35.97, 38.56, 40.2, 41.03, 40.9, 40.03, 38.62, 36.78, 34.84, 33.03, 31.45, 30.06, 29.06, 28.28, 27.73, 27.16, 26.0, 24.4, 22.61, 20.88, 19.05, 17.38, 15.62, 13.75, 11.945, 10.445, 9.336, 8.62, 8.03, 7.453, 6.66, 5.742, 5.062, 4.7, 4.64, 4.69, 4.57, 4.047, 3.127, 1.957, 0.761, -0.3667, -1.457, -2.672, -4.062, -5.668, -7.176, -8.35, -8.984, -9.14, -9.055, -8.89, -8.73, -8.53, -8.17, -7.594, -6.902, -6.168, -5.633, -5.4, -5.477, -5.816, -6.45, -7.508, -9.016, -10.836, -12.7, -14.38, -15.46, -15.94, -15.67, -14.805, -13.51, -12.01, -10.336, -8.46, -6.273, -4.008, -2.209, -1.307, -1.623, -2.914, -4.68, -6.246, -7.117, -6.82, -5.13, -1.911, 3.008, 9.29, 16.3, 22.55, 26.67, 28.22, 27.56, 25.5, 22.61, 18.94, 14.55, 9.99, 5.914, 2.844, 0.8745, -0.01526, -0.0658, 0.316, 0.7153, 0.723, 0.3223, -0.385, -1.112, -1.76
-2.209, -2.803, -3.639, -4.75, -5.652, -5.8, -5.07, -3.824, -2.723, -2.215, -2.12, -2.145, -2.195, -2.566, -3.598, -5.13, -6.742, -7.83, -8.2, -8.125, -7.75, -7.082, -5.97, -4.266, -2.209, -0.146, 1.319, 1.838, 1.371, 0.08014, -1.632, -3.488, -5.22, -6.703, -7.945, -9.0, -9.83, -10.29, -10.25, -9.7, -8.79, -7.81, -7.02, -6.523, -6.12, -5.56, -4.68, -3.49, -2.273, -1.342, -1.08, -1.569, -2.936, -5.016, -7.547, -10.29, -13.13, -16.03, -18.92, -21.47, -22.97, -23.17, -21.92, -19.75, -17.25, -14.695, -12.42, -10.71, -10.16, -10.97, -12.89, -15.36, -17.94, -20.39, -22.36, -23.48, -23.16, -21.38, -17.97, -13.08, -7.008, -0.2317, 6.785, 13.35, 19.33, 24.86, 29.66, 33.66, 36.88, 39.03, 40.34, 40.88, 40.5, 39.5, 37.75, 35.6, 33.34, 31.27, 29.66, 28.3, 27.5, 26.98, 26.69, 26.45, 25.75, 24.7, 23.38, 21.95, 20.44, 18.77, 16.94, 14.836, 12.77, 11.04, 9.695, 8.84, 8.195, 7.535, 6.75, 5.883, 5.215, 4.875, 4.87, 4.934, 4.77, 4.305, 3.498, 2.477, 1.418, 0.4307, -0.5376, -1.664, -3.014, -4.547, -6.02, -7.207, -7.95, -8.27, -8.42, -8.52, -8.57, -8.57, -8.266, -7.67, -6.88, -6.062, -5.477, -5.273, -5.46, -6.06, -7.04, -8.43, -10.29, -12.336, -14.35, -16.14, -17.23, -17.61, -17.17, -16.0, -14.36, -12.46, -10.28, -7.816, -5.008, -2.186, 0.01869, 1.109, 0.8286, -0.6875, -2.871, -4.926, -6.242, -6.254, -4.582, -0.9976, 4.39, 11.26, 18.7, 25.1, 29.03, 30.2, 29.31, 27.11, 24.48, 21.23, 17.38, 13.06, 8.82, 5.316, 2.998, 1.8545, 1.546, 1.66, 1.702, 1.414, 0.659, -0.268, -1.108, -1.716
-2.455, -2.857, -3.596, -4.63, -5.453, -5.535, -4.746, -3.438, -2.3, -1.767, -1.665, -1.75, -1.926, -2.525, -3.893, -5.832, -7.812, -9.26, -10.05, -10.44, -10.48, -10.086, -9.0, -7.06, -4.54, -1.8955, 0.1876, 1.256, 1.189, 0.0941, -1.624, -3.623, -5.594, -7.35, -8.836, -9.95, -10.67, -10.984, -10.83, -10.25, -9.37, -8.26, -7.164, -6.203, -5.38, -4.508, -3.291, -1.844, -0.429, 0.4968, 0.513, -0.3542, -2.092, -4.438, -7.156, -10.13, -13.36, -16.92, -20.6, -23.88, -26.11, -26.67, -25.47, -23.08, -20.08, -16.92, -14.06, -11.79, -10.7, -10.89, -12.195, -14.2, -16.58, -18.92, -20.89, -22.03, -21.73, -19.78, -16.08, -10.86, -4.727, 2.014, 8.945, 15.49, 21.28, 26.45, 30.89, 34.47, 37.28, 39.16, 40.1, 40.44, 39.88, 38.62, 36.62, 34.16, 31.52, 29.23, 27.48, 26.2, 25.62, 25.36, 25.4, 25.5, 25.39, 25.0, 24.23, 23.23, 22.0, 20.39, 18.42, 16.06, 13.84, 11.875, 10.32, 9.24, 8.45, 7.7, 6.895, 6.094, 5.395, 5.008, 4.918, 4.934, 4.82, 4.484, 3.893, 3.107, 2.299, 1.486, 0.5728, -0.5215, -1.874, -3.367, -4.805, -6.04, -6.926, -7.508, -7.875, -8.164, -8.37, -8.33, -7.92, -7.234, -6.316, -5.496, -4.914, -4.76, -5.152, -6.03, -7.312, -9.02, -11.12, -13.26, -15.4, -17.14, -18.14, -18.33, -17.69, -16.33, -14.375, -11.96, -9.125, -5.973, -2.564, 0.6113, 2.986, 4.062, 3.6, 1.854, -0.657, -3.227, -5.05, -5.426, -3.846, 0.06866, 6.105, 13.61, 21.39, 27.7, 31.38, 32.22, 30.9, 28.55, 25.92, 23.1, 19.7, 15.695, 11.38, 7.49, 4.59, 2.992, 2.33, 2.17, 1.931, 1.405, 0.505, -0.542, -1.469, -2.076
-3.062, -3.406, -4.027, -4.914, -5.59, -5.457, -4.44, -2.953, -1.638, -0.9106, -0.717, -0.8115, -1.178, -2.107, -3.88, -6.254, -8.68, -10.56, -11.95, -12.96, -13.49, -13.375, -12.195, -9.95, -6.992, -3.836, -1.234, 0.3286, 0.7, -0.041, -1.575, -3.592, -5.734, -7.74, -9.38, -10.484, -11.06, -11.22, -10.97, -10.48, -9.69, -8.53, -7.156, -5.68, -4.332, -2.99, -1.419, 0.266, 1.727, 2.482, 2.285, 1.139, -0.7515, -3.201, -6.02, -9.21, -12.83, -16.86, -21.23, -25.31, -28.38, -29.61, -28.81, -26.56, -23.17, -19.39, -15.83, -12.71, -10.93, -10.555, -11.31, -12.94, -15.016, -17.4, -19.4, -20.53, -20.11, -17.92, -13.89, -8.555, -2.295, 4.37, 11.03, 17.34, 23.0, 27.97, 32.03, 35.25, 37.66, 39.25, 39.97, 40.0, 39.25, 37.66, 35.47, 32.6, 29.6, 27.05, 25.23, 24.06, 23.6, 23.6, 23.98, 24.48, 24.95, 25.12, 25.02, 24.33, 23.3, 21.8, 19.78, 17.45, 15.13, 12.984, 11.25, 9.984, 8.99, 8.125, 7.24, 6.42, 5.723, 5.273, 5.035, 4.914, 4.79, 4.613, 4.305, 3.879, 3.363, 2.69, 1.793, 0.66, -0.68, -2.12, -3.537, -4.805, -5.86, -6.676, -7.293, -7.766, -8.016, -7.86, -7.31, -6.492, -5.547, -4.793, -4.305, -4.234, -4.73, -5.754, -7.195, -9.05, -11.19, -13.37, -15.44, -16.97, -17.75, -17.75, -17.0, -15.43, -13.12, -10.26, -6.793, -3.084, 0.683, 3.982, 6.312, 7.156, 6.434, 4.332, 1.486, -1.41, -3.645, -4.41, -2.885, 1.302, 7.88, 15.9, 23.88, 30.12, 33.34, 33.88, 32.22, 29.75, 27.08, 24.55, 21.61, 17.98, 13.734, 9.56, 6.04, 3.82, 2.682, 2.166, 1.762, 1.157, 0.2295, -0.967, -2.014, -2.719
-3.945, -4.383, -4.94, -5.676, -6.055, -5.59, -4.23, -2.41, -0.787, 0.2272, 0.647, 0.6377, 0.1268, -1.157, -3.38, -6.19, -9.06, -11.586, -13.74, -15.445, -16.55, -16.66, -15.51, -13.01, -9.69, -6.105, -3.072, -1.038, -0.097, -0.2852, -1.443, -3.29, -5.465, -7.562, -9.305, -10.414, -10.875, -10.9, -10.64, -10.28, -9.65, -8.5, -6.863, -4.934, -3.021, -1.157, 0.7666, 2.63, 4.03, 4.64, 4.25, 3.016, 1.103, -1.399, -4.36, -7.797, -11.73, -16.22, -21.1, -25.75, -29.53, -31.6, -31.5, -29.5, -25.92, -21.6, -17.17, -13.31, -10.79, -9.83, -10.14, -11.45, -13.35, -15.68, -17.73, -18.77, -18.19, -15.67, -11.37, -5.99, 0.10187, 6.56, 12.984, 19.08, 24.61, 29.23, 33.1, 36.06, 38.12, 39.38, 39.78, 39.4, 38.4, 36.66, 34.12, 31.02, 27.8, 24.97, 23.02, 21.84, 21.5, 21.69, 22.36, 23.36, 24.34, 25.06, 25.34, 25.02, 24.11, 22.78, 20.75, 18.52, 16.22, 14.06, 12.27, 10.87, 9.73, 8.7, 7.74, 6.832, 6.094, 5.55, 5.21, 5.01, 4.883, 4.8, 4.707, 4.58, 4.27, 3.719, 2.867, 1.749, 0.4792, -0.8994, -2.227, -3.486, -4.664, -5.695, -6.58, -7.2, -7.4, -7.117, -6.48, -5.65, -4.88, -4.293, -3.959, -3.947, -4.41, -5.324, -6.676, -8.44, -10.44, -12.46, -14.25, -15.5, -16.1, -15.91, -14.914, -13.13, -10.555, -7.184, -3.373, 0.6724, 4.48, 7.547, 9.53, 9.984, 8.83, 6.4, 3.316, 0.1886, -2.25, -3.219, -1.767, 2.639, 9.63, 18.0, 26.02, 31.98, 34.94, 35.06, 33.34, 30.73, 28.14, 25.69, 23.12, 19.97, 16.03, 11.73, 7.746, 4.79, 3.021, 2.123, 1.551, 0.943, 0.0277, -1.2295, -2.492, -3.428
-4.875, -5.52, -6.145, -6.652, -6.566, -5.598, -3.799, -1.591, 0.3777, 1.727, 2.48, 2.67, 2.053, 0.483, -2.082, -5.348, -8.8, -12.12, -15.16, -17.55, -19.2, -19.66, -18.6, -16.11, -12.62, -8.75, -5.242, -2.646, -1.057, -0.599, -1.264, -2.771, -4.78, -6.844, -8.6, -9.68, -10.09, -10.07, -9.84, -9.64, -9.18, -8.11, -6.254, -3.93, -1.519, 0.8228, 3.072, 5.1, 6.52, 7.05, 6.645, 5.418, 3.488, 0.9204, -2.229, -5.914, -10.15, -14.82, -19.92, -24.98, -29.36, -32.2, -32.78, -31.23, -27.8, -22.95, -17.94, -13.46, -10.36, -8.87, -8.875, -9.875, -11.53, -13.7, -15.64, -16.58, -15.86, -13.195, -8.86, -3.521, 2.34, 8.36, 14.49, 20.39, 25.78, 30.36, 33.9, 36.66, 38.4, 39.44, 39.6, 38.88, 37.53, 35.4, 32.6, 29.2, 25.81, 22.88, 20.78, 19.67, 19.48, 19.89, 20.83, 22.14, 23.56, 24.64, 25.34, 25.25, 24.55, 23.27, 21.39, 19.38, 17.23, 15.16, 13.305, 11.73, 10.39, 9.234, 8.164, 7.227, 6.445, 5.848, 5.42, 5.18, 5.047, 5.008, 5.027, 4.996, 4.773, 4.316, 3.545, 2.533, 1.395, 0.206, -0.9185, -2.094, -3.309, -4.465, -5.547, -6.31, -6.562, -6.305, -5.73, -5.062, -4.527, -4.184, -3.982, -3.965, -4.223, -4.797, -5.805, -7.246, -8.875, -10.56, -12.01, -12.875, -13.22, -12.836, -11.66, -9.68, -6.906, -3.344, 0.606, 4.64, 8.19, 10.83, 12.26, 12.195, 10.625, 7.9, 4.65, 1.515, -0.881, -1.871, -0.4646, 4.098, 11.31, 19.81, 27.72, 33.44, 36.16, 36.06, 34.28, 31.7, 29.08, 26.64, 24.23, 21.48, 18.03, 13.91, 9.68, 6.113, 3.668, 2.268, 1.468, 0.806, -0.1056, -1.343, -2.77, -4.016
-5.586, -6.527, -7.145, -7.27, -6.613, -5.12, -2.87, -0.3472, 1.896, 3.588, 4.74, 5.19, 4.598, 2.883, 0.01124, -3.74, -7.926, -12.055, -15.914, -19.02, -21.28, -22.11, -21.4, -19.16, -15.66, -11.54, -7.574, -4.266, -1.953, -0.8516, -0.9624, -2.064, -3.8, -5.76, -7.445, -8.555, -8.99, -9.02, -8.86, -8.75, -8.37, -7.28, -5.23, -2.605, 0.2389, 3.043, 5.582, 7.742, 9.195, 9.77, 9.44, 8.305, 6.344, 3.602, 0.1678, -3.717, -7.94, -12.53, -17.6, -22.89, -27.72, -31.1, -32.47, -31.44, -28.31, -23.67, -18.38, -13.63, -10.16, -8.26, -7.81, -8.38, -9.625, -11.445, -13.266, -14.18, -13.445, -10.84, -6.63, -1.478, 3.979, 9.664, 15.46, 21.16, 26.48, 30.95, 34.5, 36.97, 38.44, 39.12, 39.03, 38.06, 36.38, 33.88, 30.8, 27.25, 23.84, 20.95, 19.02, 18.0, 17.81, 18.34, 19.33, 20.89, 22.61, 24.05, 24.94, 25.02, 24.47, 23.3, 21.81, 20.03, 18.12, 16.11, 14.26, 12.53, 11.02, 9.72, 8.56, 7.61, 6.82, 6.195, 5.73, 5.434, 5.29, 5.203, 5.19, 5.137, 4.934, 4.527, 3.84, 2.984, 2.096, 1.225, 0.3542, -0.6245, -1.767, -2.975, -4.176, -5.1, -5.53, -5.492, -5.125, -4.7, -4.426, -4.285, -4.133, -3.986, -3.914, -4.06, -4.586, -5.555, -6.688, -7.918, -8.97, -9.555, -9.67, -9.055, -7.68, -5.6, -2.725, 0.8438, 4.684, 8.375, 11.41, 13.5, 14.33, 13.734, 11.766, 8.79, 5.41, 2.373, 0.2235, -0.548, 0.9146, 5.426, 12.78, 21.27, 29.08, 34.6, 37.03, 37.06, 35.28, 32.66, 29.95, 27.36, 25.0, 22.55, 19.52, 15.836, 11.74, 7.816, 4.754, 2.73, 1.554, 0.7563, -0.1224, -1.332, -2.805, -4.316
-5.94, -7.168, -7.703, -7.34, -6.105, -4.06, -1.451, 1.31, 3.775, 5.824, 7.395, 8.12, 7.66, 5.89, 2.768, -1.409, -6.19, -11.11, -15.77, -19.6, -22.45, -23.81, -23.55, -21.66, -18.31, -14.08, -9.61, -5.715, -2.705, -0.9907, -0.5913, -1.325, -2.78, -4.56, -6.184, -7.27, -7.777, -7.9, -7.793, -7.62, -7.145, -5.914, -3.67, -0.82, 2.328, 5.465, 8.21, 10.53, 12.125, 12.86, 12.664, 11.53, 9.484, 6.51, 2.893, -1.01, -5.1, -9.51, -14.305, -19.64, -24.78, -28.72, -30.67, -30.23, -27.69, -23.52, -18.67, -14.01, -10.37, -8.14, -7.1, -7.035, -7.71, -9.03, -10.58, -11.57, -11.06, -8.695, -4.79, 0.012535, 5.17, 10.53, 15.96, 21.5, 26.72, 31.16, 34.6, 36.94, 38.3, 38.75, 38.4, 37.03, 35.0, 32.12, 28.83, 25.33, 21.95, 19.34, 17.66, 16.81, 16.62, 17.03, 18.03, 19.6, 21.52, 23.16, 24.31, 24.61, 24.33, 23.48, 22.28, 20.77, 19.08, 17.14, 15.23, 13.36, 11.67, 10.234, 8.99, 7.96, 7.152, 6.504, 6.043, 5.742, 5.547, 5.355, 5.234, 5.12, 4.887, 4.516, 3.994, 3.354, 2.734, 2.154, 1.566, 0.84, -0.129, -1.339, -2.62, -3.697, -4.324, -4.527, -4.402, -4.242, -4.19, -4.2, -4.02, -3.658, -3.258, -3.014, -3.115, -3.582, -4.26, -5.098, -5.82, -6.18, -6.01, -5.18, -3.686, -1.505, 1.398, 4.793, 8.31, 11.56, 14.04, 15.67, 15.92, 14.8, 12.41, 9.16, 5.69, 2.799, 0.945, 0.3914, 1.951, 6.375, 13.73, 22.39, 30.11, 35.6, 38.1, 38.03, 36.3, 33.6, 30.61, 27.77, 25.2, 22.86, 20.31, 17.31, 13.63, 9.734, 6.227, 3.584, 1.851, 0.8237, -0.03668, -1.154, -2.592, -4.305
-5.887, -7.332, -7.773, -7.0, -5.184, -2.598, 0.3425, 3.318, 6.027, 8.484, 10.375, 11.34, 11.04, 9.25, 6.023, 1.567, -3.662, -9.14, -14.46, -18.94, -22.36, -24.36, -24.67, -23.23, -20.22, -15.95, -11.15, -6.715, -3.264, -1.085, -0.2617, -0.6196, -1.778, -3.326, -4.844, -5.902, -6.45, -6.6, -6.516, -6.26, -5.6, -4.184, -1.768, 1.312, 4.754, 8.09, 11.15, 13.555, 15.26, 16.17, 16.16, 15.02, 12.85, 9.71, 6.07, 2.268, -1.645, -5.82, -10.5, -15.65, -20.9, -25.17, -27.75, -28.03, -26.36, -23.1, -19.03, -14.83, -11.24, -8.555, -6.83, -5.977, -5.914, -6.645, -7.832, -8.836, -8.72, -6.816, -3.332, 1.187, 6.066, 11.12, 16.39, 21.64, 26.73, 31.05, 34.4, 36.56, 37.88, 38.2, 37.72, 36.16, 33.72, 30.52, 27.05, 23.61, 20.72, 18.45, 17.05, 16.3, 15.945, 16.14, 16.92, 18.36, 20.17, 22.0, 23.4, 24.06, 24.11, 23.62, 22.84, 21.66, 20.17, 18.33, 16.36, 14.35, 12.6, 11.04, 9.7, 8.52, 7.586, 6.844, 6.336, 5.97, 5.727, 5.49, 5.3, 5.113, 4.86, 4.57, 4.21, 3.79, 3.352, 3.006, 2.676, 2.205, 1.411, 0.246, -1.06, -2.2, -2.99, -3.354, -3.451, -3.502, -3.623, -3.688, -3.47, -2.975, -2.361, -1.831, -1.615, -1.75, -2.068, -2.547, -2.914, -2.977, -2.568, -1.605, -0.0645, 2.24, 5.11, 8.26, 11.45, 14.266, 16.36, 17.36, 17.1, 15.43, 12.49, 8.836, 5.254, 2.465, 0.9023, 0.722, 2.469, 7.004, 14.46, 23.23, 31.06, 36.6, 39.22, 39.22, 37.34, 34.3, 30.89, 27.64, 24.81, 22.53, 20.4, 18.12, 15.234, 11.664, 7.902, 4.664, 2.305, 0.945, 0.1142, -0.808, -2.123, -3.957
-5.49, -7.188, -7.63, -6.547, -4.227, -1.168, 2.129, 5.37, 8.49, 11.27, 13.47, 14.6, 14.42, 12.68, 9.484, 5.04, -0.328, -6.05, -11.79, -16.92, -21.03, -23.66, -24.64, -23.84, -21.16, -17.05, -12.17, -7.527, -3.736, -1.188, 0.02875, 0.0903, -0.6973, -1.938, -3.213, -4.133, -4.61, -4.746, -4.74, -4.496, -3.756, -2.217, 0.3044, 3.605, 7.195, 10.766, 14.0, 16.55, 18.47, 19.53, 19.64, 18.6, 16.42, 13.23, 9.65, 5.99, 2.25, -1.724, -6.195, -11.33, -16.58, -21.06, -24.05, -25.2, -24.52, -22.45, -19.44, -15.88, -12.42, -9.36, -6.98, -5.297, -4.43, -4.49, -5.28, -6.246, -6.465, -5.145, -2.129, 2.164, 6.85, 11.73, 16.8, 21.89, 26.75, 30.92, 34.16, 36.16, 37.3, 37.56, 36.9, 35.22, 32.7, 29.14, 25.47, 22.25, 19.66, 17.92, 16.89, 16.16, 15.625, 15.4, 15.836, 16.95, 18.69, 20.55, 22.17, 23.19, 23.66, 23.67, 23.38, 22.58, 21.33, 19.72, 17.75, 15.72, 13.9, 12.195, 10.69, 9.39, 8.21, 7.24, 6.56, 6.125, 5.863, 5.617, 5.406, 5.234, 5.05, 4.848, 4.62, 4.332, 4.047, 3.889, 3.725, 3.416, 2.71, 1.649, 0.3704, -0.839, -1.673, -2.094, -2.266, -2.426, -2.68, -2.836, -2.705, -2.174, -1.449, -0.794, -0.3772, -0.2983, -0.3584, -0.4807, -0.534, -0.3455, 0.2551, 1.325, 2.986, 5.33, 8.086, 11.05, 14.016, 16.47, 18.19, 18.61, 17.75, 15.336, 11.75, 7.695, 3.936, 1.262, 0.02765, 0.274, 2.414, 7.316, 14.88, 23.86, 32.03, 37.7, 40.34, 40.16, 38.03, 34.56, 30.75, 27.03, 23.92, 21.67, 20.02, 18.42, 16.45, 13.41, 9.664, 5.945, 3.006, 1.26, 0.3335, -0.3633, -1.462, -3.312
-4.86, -6.81, -7.375, -6.117, -3.436, 0.007385, 3.676, 7.35, 10.9, 14.07, 16.52, 17.81, 17.67, 16.0, 12.98, 8.79, 3.701, -1.992, -7.965, -13.55, -18.38, -21.77, -23.44, -23.31, -21.16, -17.4, -12.766, -8.16, -4.26, -1.352, 0.3657, 0.94, 0.618, -0.2471, -1.179, -1.844, -2.123, -2.201, -2.271, -2.188, -1.639, -0.1985, 2.297, 5.71, 9.54, 13.33, 16.73, 19.47, 21.44, 22.7, 22.97, 22.05, 20.05, 16.98, 13.51, 9.914, 6.375, 2.541, -1.846, -6.87, -12.09, -16.64, -20.06, -22.02, -22.5, -21.69, -19.81, -17.1, -13.914, -10.68, -7.785, -5.4, -3.781, -3.12, -3.377, -4.113, -4.457, -3.62, -1.155, 2.766, 7.39, 12.23, 17.11, 22.05, 26.72, 30.66, 33.72, 35.62, 36.7, 36.8, 36.1, 34.34, 31.53, 27.97, 24.28, 21.25, 19.03, 17.7, 16.89, 16.17, 15.39, 14.805, 14.8, 15.56, 16.98, 18.81, 20.53, 21.81, 22.72, 23.27, 23.52, 23.3, 22.45, 20.97, 19.14, 17.17, 15.26, 13.58, 11.98, 10.484, 8.984, 7.758, 6.883, 6.32, 5.938, 5.67, 5.52, 5.434, 5.348, 5.258, 5.152, 4.98, 4.77, 4.68, 4.55, 4.227, 3.518, 2.404, 1.066, -0.2042, -0.91, -1.2, -1.238, -1.35, -1.624, -1.854, -1.855, -1.402, -0.737, -0.0972, 0.38, 0.6113, 0.7466, 0.896, 1.109, 1.577, 2.342, 3.613, 5.375, 7.67, 10.36, 13.15, 15.914, 18.08, 19.31, 19.17, 17.4, 14.12, 9.79, 5.316, 1.449, -1.095, -1.886, -0.928, 1.88, 7.195, 15.1, 24.31, 32.75, 38.5, 41.16, 40.78, 38.22, 34.25, 29.88, 25.97, 22.81, 20.66, 19.38, 18.38, 17.03, 14.7, 11.32, 7.395, 3.96, 1.771, 0.7236, 0.1737, -0.7114, -2.502
-4.023, -6.19, -6.918, -5.67, -2.805, 0.9995, 5.125, 9.25, 13.32, 16.83, 19.48, 20.88, 20.73, 19.23, 16.45, 12.64, 7.957, 2.58, -3.379, -9.39, -14.766, -18.92, -21.36, -21.83, -20.33, -17.22, -13.125, -8.78, -4.855, -1.584, 0.7104, 1.864, 2.072, 1.671, 1.14, 0.8022, 0.7983, 0.884, 0.786, 0.621, 0.778, 1.92, 4.22, 7.62, 11.61, 15.61, 19.19, 22.06, 24.12, 25.47, 25.88, 25.28, 23.42, 20.62, 17.36, 13.836, 10.35, 6.656, 2.406, -2.385, -7.414, -12.02, -15.805, -18.53, -20.14, -20.55, -19.86, -18.06, -15.49, -12.56, -9.61, -6.86, -4.656, -3.205, -2.623, -2.74, -2.9, -2.287, -0.2313, 3.238, 7.637, 12.4, 17.23, 22.02, 26.58, 30.44, 33.3, 35.2, 36.06, 36.12, 35.12, 33.22, 30.28, 26.73, 23.17, 20.44, 18.62, 17.53, 16.8, 16.0, 15.01, 14.125, 13.73, 14.1, 15.3, 16.92, 18.53, 19.89, 21.22, 22.22, 22.98, 23.3, 22.84, 21.78, 20.2, 18.47, 16.69, 15.01, 13.375, 11.68, 9.98, 8.47, 7.332, 6.543, 6.016, 5.676, 5.52, 5.477, 5.52, 5.582, 5.64, 5.598, 5.434, 5.336, 5.086, 4.52, 3.498, 1.986, 0.3552, -0.944, -1.424, -1.303, -0.9146, -0.684, -0.8276, -1.075, -1.1875, -0.868, -0.3645, 0.2108, 0.696, 1.002, 1.236, 1.556, 2.023, 2.75, 3.73, 5.12, 6.914, 9.16, 11.68, 14.4, 16.89, 18.73, 19.38, 18.31, 15.52, 11.21, 6.203, 1.369, -2.42, -4.633, -4.793, -3.018, 0.67, 6.73, 15.1, 24.69, 33.38, 39.25, 41.72, 41.0, 37.84, 33.38, 28.72, 24.75, 21.72, 19.78, 18.67, 18.0, 17.12, 15.4, 12.516, 8.71, 5.1, 2.514, 1.19, 0.6875, -0.02148, -1.664
-3.184, -5.35, -6.23, -5.01, -2.018, 2.068, 6.56, 11.22, 15.71, 19.56, 22.33, 23.73, 23.72, 22.47, 19.89, 16.47, 12.23, 7.285, 1.519, -4.676, -10.54, -15.31, -18.36, -19.5, -18.81, -16.5, -13.125, -9.29, -5.46, -1.964, 0.744, 2.416, 3.182, 3.303, 3.201, 3.342, 3.719, 4.043, 4.04, 3.713, 3.479, 4.07, 6.023, 9.305, 13.38, 17.6, 21.39, 24.36, 26.44, 27.81, 28.4, 28.0, 26.62, 24.23, 21.05, 17.66, 14.2, 10.55, 6.53, 2.164, -2.514, -7.035, -11.09, -14.55, -17.2, -18.95, -19.56, -18.9, -17.38, -15.234, -12.66, -9.875, -7.15, -4.863, -3.264, -2.412, -1.906, -1.126, 0.689, 3.691, 7.594, 12.08, 16.83, 21.58, 26.03, 29.89, 32.88, 34.66, 35.38, 35.2, 34.16, 31.94, 28.94, 25.58, 22.33, 19.89, 18.34, 17.34, 16.55, 15.61, 14.39, 13.32, 12.76, 12.85, 13.76, 15.06, 16.44, 17.8, 19.12, 20.4, 21.56, 22.28, 22.42, 21.86, 20.78, 19.38, 17.86, 16.36, 14.76, 13.03, 11.234, 9.586, 8.19, 7.1, 6.293, 5.703, 5.42, 5.375, 5.48, 5.67, 5.89, 6.0, 5.957, 5.832, 5.254, 4.1, 2.266, -0.05984, -2.299, -3.746, -4.004, -3.193, -1.953, -0.938, -0.549, -0.637, -0.759, -0.5684, -0.1766, 0.3584, 0.846, 1.177, 1.439, 1.879, 2.51, 3.32, 4.45, 5.883, 7.633, 9.8, 12.19, 14.59, 16.66, 17.78, 17.5, 15.336, 11.42, 6.207, 0.7183, -4.133, -7.45, -8.984, -8.41, -5.73, -1.044, 5.832, 14.86, 24.8, 33.7, 39.7, 41.94, 40.66, 36.94, 32.12, 27.33, 23.52, 20.83, 19.14, 18.12, 17.4, 16.69, 15.36, 13.08, 9.82, 6.363, 3.484, 1.75, 1.012, 0.3438, -1.027
-2.406, -4.363, -5.266, -4.164, -1.111, 3.217, 8.09, 13.23, 18.14, 22.23, 25.11, 26.61, 26.77, 25.73, 23.47, 20.25, 16.2, 11.51, 6.152, 0.1914, -5.797, -10.99, -14.56, -16.4, -16.47, -15.11, -12.73, -9.61, -6.25, -2.867, -0.02994, 1.975, 3.213, 3.91, 4.42, 5.188, 6.05, 6.766, 7.035, 6.758, 6.395, 6.59, 8.055, 10.94, 14.89, 19.17, 23.12, 26.2, 28.48, 29.9, 30.7, 30.6, 29.58, 27.6, 24.66, 21.19, 17.72, 14.13, 10.4, 6.496, 2.316, -1.892, -5.992, -9.945, -13.62, -16.66, -18.73, -19.69, -19.62, -18.66, -16.9, -14.39, -11.305, -8.07, -5.324, -3.229, -1.672, -0.2289, 1.551, 4.098, 7.434, 11.34, 15.75, 20.38, 24.98, 28.97, 32.12, 34.1, 34.8, 34.4, 33.12, 30.7, 27.78, 24.64, 21.73, 19.55, 18.19, 17.17, 16.16, 15.016, 13.7, 12.55, 11.92, 11.94, 12.58, 13.44, 14.44, 15.46, 16.67, 18.05, 19.45, 20.56, 21.19, 21.23, 20.69, 19.77, 18.61, 17.39, 16.03, 14.484, 12.83, 11.15, 9.59, 8.18, 6.953, 6.043, 5.43, 5.168, 5.227, 5.508, 5.918, 6.22, 6.28, 6.008, 4.918, 2.766, -0.386, -4.07, -7.258, -9.09, -8.98, -7.246, -4.676, -2.426, -1.032, -0.557, -0.4685, -0.2573, 0.1493, 0.6284, 1.039, 1.356, 1.635, 2.094, 2.78, 3.662, 4.816, 6.203, 7.85, 9.81, 11.84, 13.68, 14.9, 14.87, 13.25, 9.695, 4.707, -1.033, -6.44, -10.8, -13.21, -13.836, -12.15, -8.445, -2.84, 4.703, 14.38, 24.75, 33.88, 39.75, 41.7, 40.03, 35.9, 30.86, 26.23, 22.6, 20.2, 18.61, 17.44, 16.52, 15.65, 14.66, 13.05, 10.56, 7.55, 4.59, 2.41, 1.203, 0.4167, -0.671
-1.8545, -3.373, -4.242, -3.285, -0.206, 4.414, 9.766, 15.22, 20.38, 24.64, 27.66, 29.36, 29.88, 29.12, 27.05, 23.83, 19.81, 15.27, 10.22, 4.82, -0.776, -5.992, -9.91, -12.32, -13.23, -12.9, -11.68, -9.74, -7.26, -4.51, -2.031, -0.05396, 1.525, 2.898, 4.27, 5.812, 7.38, 8.64, 9.4, 9.56, 9.41, 9.48, 10.44, 12.73, 16.17, 20.25, 24.2, 27.5, 29.88, 31.55, 32.53, 32.88, 32.3, 30.77, 28.05, 24.69, 21.08, 17.34, 13.74, 10.29, 6.742, 3.098, -0.8574, -5.133, -9.51, -13.65, -17.27, -19.98, -21.64, -22.16, -21.48, -19.47, -16.3, -12.45, -8.62, -5.215, -2.441, -0.1285, 2.004, 4.293, 7.08, 10.32, 14.25, 18.67, 23.36, 27.75, 31.19, 33.47, 34.38, 33.84, 32.3, 29.77, 26.88, 23.89, 21.34, 19.42, 18.02, 16.88, 15.61, 14.29, 12.89, 11.77, 11.2, 11.195, 11.61, 12.1, 12.64, 13.32, 14.21, 15.5, 16.9, 18.31, 19.34, 19.86, 19.88, 19.53, 18.86, 18.1, 17.11, 15.89, 14.45, 12.94, 11.38, 9.75, 8.14, 6.777, 5.723, 5.1, 5.027, 5.344, 5.867, 6.35, 6.49, 5.984, 4.125, 0.6714, -4.2, -9.55, -13.97, -16.3, -15.8, -12.914, -8.73, -4.83, -2.156, -0.822, -0.3167, -0.0655, 0.2009, 0.4685, 0.6855, 1.006, 1.395, 2.047, 2.916, 3.957, 5.133, 6.473, 7.945, 9.51, 10.81, 11.586, 11.234, 9.46, 5.953, 1.082, -4.61, -10.17, -14.81, -17.89, -19.05, -18.27, -15.484, -10.72, -4.23, 3.988, 13.92, 24.64, 33.78, 39.56, 41.16, 39.12, 34.84, 29.73, 25.3, 21.81, 19.48, 17.9, 16.58, 15.29, 14.2, 13.34, 12.39, 10.83, 8.53, 5.75, 3.186, 1.334, 0.2253, -0.6484
-1.429, -2.426, -3.105, -2.322, 0.578, 5.242, 10.86, 16.75, 22.12, 26.58, 29.75, 31.78, 32.7, 32.3, 30.47, 27.23, 23.03, 18.38, 13.57, 8.83, 4.047, -0.614, -4.555, -7.36, -8.99, -9.81, -9.96, -9.4, -8.25, -6.785, -5.285, -3.848, -2.24, -0.2471, 2.176, 4.766, 7.215, 9.28, 10.83, 11.766, 12.266, 12.54, 13.13, 14.68, 17.31, 20.66, 24.25, 27.58, 30.28, 32.3, 33.72, 34.5, 34.4, 33.25, 30.94, 27.6, 23.81, 19.84, 16.31, 13.164, 10.19, 7.15, 3.64, -0.4885, -5.164, -10.09, -14.85, -19.1, -22.48, -24.56, -25.1, -23.94, -21.12, -17.22, -12.75, -8.4, -4.582, -1.305, 1.465, 3.895, 6.35, 9.1, 12.516, 16.7, 21.45, 26.1, 30.02, 32.62, 33.72, 33.25, 31.48, 28.78, 25.98, 23.11, 20.7, 18.94, 17.45, 16.2, 14.83, 13.414, 12.05, 11.055, 10.63, 10.586, 10.79, 11.0, 11.18, 11.43, 12.01, 13.01, 14.31, 15.79, 17.1, 18.03, 18.55, 18.75, 18.61, 18.28, 17.7, 16.9, 15.87, 14.63, 13.17, 11.516, 9.71, 7.914, 6.473, 5.453, 5.125, 5.348, 5.895, 6.51, 6.68, 5.816, 3.18, -1.628, -8.21, -15.305, -21.05, -23.88, -23.06, -18.97, -13.16, -7.61, -3.605, -1.432, -0.6465, -0.6387, -1.014, -1.39, -1.592, -1.299, -0.527, 0.776, 2.344, 3.953, 5.375, 6.695, 7.86, 8.63, 8.68, 7.543, 5.008, 0.973, -4.305, -10.12, -15.63, -20.3, -23.42, -24.88, -24.39, -22.06, -17.86, -12.055, -4.934, 3.805, 13.914, 24.58, 33.53, 39.1, 40.4, 38.25, 33.97, 28.94, 24.48, 21.03, 18.69, 16.89, 15.36, 13.81, 12.52, 11.75, 11.29, 10.63, 9.195, 6.8, 3.969, 1.526, 0.02344, -0.727
-1.051, -1.404, -1.888, -1.387, 1.128, 5.684, 11.47, 17.55, 23.17, 27.84, 31.3, 33.62, 34.88, 34.78, 33.2, 30.1, 25.75, 20.73, 15.96, 11.805, 7.996, 4.293, 0.924, -1.888, -4.06, -5.824, -7.203, -8.086, -8.51, -8.695, -8.76, -8.55, -7.57, -5.37, -2.188, 1.464, 5.02, 8.21, 10.9, 12.97, 14.33, 15.086, 15.62, 16.52, 18.11, 20.48, 23.45, 26.42, 29.14, 31.55, 33.56, 34.75, 35.2, 34.44, 32.53, 29.52, 25.75, 21.64, 17.9, 14.74, 12.26, 9.87, 7.027, 3.4, -0.9907, -6.06, -11.47, -16.77, -21.42, -24.95, -26.89, -26.86, -25.03, -21.61, -17.28, -12.6, -8.07, -3.936, -0.3071, 2.645, 5.21, 7.758, 10.86, 14.8, 19.42, 24.25, 28.39, 31.33, 32.66, 32.34, 30.69, 28.05, 25.11, 22.16, 19.62, 17.73, 16.19, 14.86, 13.46, 12.086, 10.84, 10.06, 9.766, 9.72, 9.87, 9.914, 9.81, 9.83, 10.055, 10.766, 11.86, 13.24, 14.66, 15.81, 16.72, 17.31, 17.64, 17.78, 17.69, 17.34, 16.72, 15.83, 14.61, 13.03, 11.19, 9.3, 7.516, 6.164, 5.508, 5.547, 6.008, 6.605, 6.734, 5.617, 2.33, -3.549, -11.44, -19.86, -26.7, -29.98, -28.83, -23.88, -16.83, -10.0, -4.977, -2.291, -1.72, -2.56, -4.215, -6.008, -7.086, -7.016, -5.61, -3.098, -0.10974, 2.645, 4.797, 6.15, 6.72, 6.25, 4.28, 0.6636, -4.336, -10.336, -16.52, -22.23, -26.75, -29.8, -31.23, -30.88, -28.69, -24.86, -19.38, -12.59, -4.73, 4.316, 14.51, 24.95, 33.47, 38.5, 39.62, 37.5, 33.34, 28.31, 23.64, 19.89, 17.39, 15.52, 13.87, 12.24, 10.766, 9.94, 9.79, 9.84, 9.234, 7.402, 4.633, 1.857, -0.03836, -0.8154
-0.633, -0.3694, -0.4866, -0.2052, 1.73, 5.793, 11.46, 17.61, 23.38, 28.16, 31.89, 34.44, 35.9, 36.0, 34.62, 31.67, 27.33, 22.22, 17.23, 13.234, 10.25, 7.793, 5.504, 3.246, 1.083, -1.079, -3.18, -5.098, -6.926, -8.81, -10.766, -12.46, -13.05, -11.71, -8.53, -4.19, 0.5713, 5.137, 9.266, 12.59, 15.01, 16.39, 17.0, 17.48, 18.36, 19.88, 21.94, 24.33, 26.83, 29.36, 31.5, 33.16, 34.03, 33.62, 32.22, 29.61, 26.14, 22.1, 18.2, 15.02, 12.73, 10.94, 8.89, 6.09, 2.46, -2.041, -7.266, -12.914, -18.47, -23.22, -26.4, -27.77, -27.33, -25.1, -21.53, -17.14, -12.28, -7.516, -3.072, 0.61, 3.635, 6.418, 9.414, 13.19, 17.61, 22.3, 26.52, 29.58, 31.11, 31.05, 29.6, 27.11, 23.95, 20.69, 17.86, 15.73, 14.06, 12.79, 11.586, 10.445, 9.44, 8.79, 8.59, 8.625, 8.76, 8.79, 8.59, 8.37, 8.42, 8.87, 9.73, 10.86, 12.14, 13.33, 14.37, 15.19, 15.91, 16.42, 16.78, 16.88, 16.62, 16.05, 15.08, 13.81, 12.266, 10.48, 8.65, 7.094, 6.117, 5.82, 6.094, 6.56, 6.633, 5.35, 1.782, -4.426, -12.85, -21.83, -29.2, -32.7, -31.45, -26.1, -18.58, -11.195, -5.812, -3.234, -3.346, -5.566, -9.26, -13.07, -15.65, -16.17, -14.125, -10.14, -5.27, -0.877, 2.305, 3.832, 3.582, 1.368, -3.084, -9.13, -15.94, -22.7, -28.62, -33.28, -36.2, -37.5, -37.12, -35.28, -31.72, -26.64, -20.19, -12.63, -4.168, 5.203, 15.484, 25.44, 33.4, 37.97, 38.9, 36.8, 32.75, 27.52, 22.48, 18.31, 15.5, 13.59, 12.04, 10.48, 9.0, 8.16, 8.07, 8.45, 8.51, 7.41, 5.094, 2.299, 0.1569, -0.7266
-0.3896, 0.3318, 0.6543, 0.9365, 2.357, 5.76, 10.93, 16.88, 22.7, 27.62, 31.44, 34.12, 35.53, 35.56, 34.22, 31.34, 27.06, 22.03, 16.9, 12.93, 10.56, 9.27, 8.29, 7.105, 5.543, 3.58, 1.41, -0.9395, -3.576, -6.676, -10.34, -14.23, -17.1, -17.7, -15.66, -11.36, -5.785, 0.092, 5.613, 10.27, 13.61, 15.67, 16.61, 17.06, 17.58, 18.58, 20.03, 21.67, 23.7, 25.9, 28.2, 29.95, 30.9, 30.83, 29.73, 27.66, 24.77, 21.03, 17.23, 13.96, 11.805, 10.52, 9.27, 7.445, 4.855, 1.32, -3.201, -8.56, -14.36, -19.81, -24.16, -26.86, -27.77, -26.9, -24.45, -20.66, -15.984, -10.91, -5.965, -1.656, 1.955, 5.04, 8.12, 11.76, 15.95, 20.4, 24.36, 27.39, 29.03, 29.25, 28.11, 25.8, 22.53, 18.94, 15.63, 13.04, 11.305, 10.164, 9.26, 8.41, 7.68, 7.18, 7.062, 7.21, 7.402, 7.527, 7.35, 7.1, 7.008, 7.246, 7.812, 8.7, 9.67, 10.68, 11.625, 12.5, 13.41, 14.23, 14.914, 15.34, 15.43, 15.16, 14.53, 13.625, 12.46, 11.01, 9.42, 7.902, 6.71, 6.047, 6.04, 6.3, 6.227, 5.008, 1.692, -4.164, -12.086, -20.78, -27.84, -31.19, -29.97, -24.89, -17.62, -10.625, -5.688, -3.72, -4.887, -8.73, -14.55, -20.6, -25.03, -26.53, -24.23, -19.11, -12.63, -6.547, -2.346, -0.6904, -1.854, -5.99, -12.39, -19.92, -27.39, -33.5, -38.22, -41.2, -42.56, -42.2, -40.38, -37.3, -32.88, -27.17, -20.28, -12.24, -3.293, 6.348, 16.55, 25.95, 33.2, 37.2, 38.06, 36.0, 31.6, 25.95, 20.36, 15.984, 12.98, 11.15, 9.87, 8.586, 7.29, 6.426, 6.26, 6.75, 7.24, 6.855, 5.19, 2.703, 0.4746, -0.6226
-0.558, 0.3757, 1.219, 1.7705, 2.885, 5.57, 9.99, 15.47, 20.98, 25.92, 29.73, 32.34, 33.6, 33.4, 31.81, 29.02, 24.86, 19.8, 14.87, 11.02, 9.086, 8.67, 8.945, 8.96, 8.29, 6.92, 5.098, 2.89, 0.1743, -3.44, -8.125, -13.65, -18.86, -21.89, -21.67, -18.34, -12.74, -6.13, 0.4426, 6.035, 10.11, 12.7, 14.055, 14.83, 15.61, 16.55, 17.69, 18.9, 20.31, 22.03, 23.95, 25.38, 26.31, 26.39, 25.53, 23.89, 21.53, 18.39, 14.945, 11.81, 9.81, 8.914, 8.37, 7.535, 6.035, 3.574, 0.0887, -4.473, -9.875, -15.516, -20.66, -24.34, -26.4, -26.77, -25.25, -22.31, -18.06, -13.125, -8.09, -3.473, 0.4346, 3.81, 7.055, 10.52, 14.51, 18.48, 22.1, 24.83, 26.48, 27.0, 26.12, 23.98, 20.64, 16.7, 13.01, 10.13, 8.35, 7.33, 6.76, 6.285, 5.785, 5.375, 5.285, 5.47, 5.78, 6.0, 5.914, 5.77, 5.652, 5.777, 6.145, 6.73, 7.39, 8.086, 8.81, 9.586, 10.49, 11.44, 12.27, 12.914, 13.25, 13.19, 12.875, 12.31, 11.586, 10.625, 9.5, 8.21, 6.96, 6.074, 5.727, 5.734, 5.594, 4.527, 1.794, -2.994, -9.63, -16.97, -23.06, -25.97, -24.94, -20.55, -14.336, -8.445, -4.4, -3.305, -5.42, -10.5, -17.97, -25.98, -32.16, -34.7, -32.72, -27.22, -19.84, -12.77, -7.996, -6.406, -8.47, -13.8, -21.11, -28.92, -35.75, -40.9, -43.88, -45.12, -44.84, -43.25, -40.38, -36.66, -32.03, -26.34, -19.45, -11.516, -2.404, 7.348, 17.2, 26.05, 32.62, 36.12, 36.78, 34.4, 29.48, 23.16, 17.16, 12.625, 9.8, 8.266, 7.383, 6.58, 5.574, 4.8, 4.6, 5.047, 5.727, 5.895, 4.97, 3.0, 0.819, -0.5806
-1.058, -0.3755, 0.739, 1.742, 2.89, 5.047, 8.6, 13.336, 18.27, 22.84, 26.55, 28.92, 29.89, 29.44, 27.66, 24.58, 20.39, 15.664, 11.19, 7.883, 6.438, 6.73, 7.82, 8.75, 8.87, 8.09, 6.695, 4.902, 2.586, -0.7007, -5.402, -11.54, -18.1, -23.11, -25.0, -23.23, -18.47, -12.0, -5.246, 0.683, 5.11, 8.016, 9.85, 11.02, 12.19, 13.41, 14.61, 15.67, 16.75, 17.94, 19.23, 20.4, 21.06, 21.06, 20.47, 19.08, 17.12, 14.43, 11.43, 8.79, 7.137, 6.598, 6.633, 6.54, 5.906, 4.406, 1.933, -1.61, -6.082, -11.14, -16.19, -20.36, -23.14, -24.3, -23.6, -21.33, -17.88, -13.586, -9.0, -4.656, -0.821, 2.615, 5.832, 9.23, 12.836, 16.38, 19.48, 21.88, 23.36, 23.89, 23.19, 21.03, 17.64, 13.65, 9.9, 7.117, 5.457, 4.67, 4.344, 4.1, 3.78, 3.44, 3.375, 3.611, 4.027, 4.31, 4.31, 4.266, 4.18, 4.25, 4.484, 4.82, 5.195, 5.58, 6.11, 6.715, 7.5, 8.35, 9.16, 9.836, 10.23, 10.35, 10.26, 10.06, 9.734, 9.21, 8.49, 7.586, 6.555, 5.707, 5.16, 4.945, 4.68, 3.828, 1.838, -1.637, -6.387, -11.79, -16.39, -18.55, -17.77, -14.336, -9.516, -5.1, -2.344, -2.13, -4.78, -10.32, -18.38, -27.31, -34.5, -37.9, -36.62, -31.45, -24.28, -17.31, -12.62, -11.266, -13.57, -18.9, -25.97, -33.25, -39.28, -43.16, -44.88, -45.06, -43.72, -41.12, -37.66, -33.66, -29.1, -23.83, -17.44, -9.86, -1.17, 8.15, 17.36, 25.22, 31.0, 34.03, 34.06, 30.97, 25.39, 18.7, 12.805, 8.56, 6.15, 5.05, 4.656, 4.312, 3.775, 3.281, 3.11, 3.453, 4.13, 4.613, 4.27, 2.914, 0.9727, -0.654
-1.638, -1.381, -0.3906, 0.835, 2.164, 4.055, 6.836, 10.5, 14.47, 18.38, 21.52, 23.61, 24.23, 23.52, 21.42, 18.28, 14.37, 10.27, 6.72, 4.3, 3.46, 4.1, 5.523, 6.867, 7.445, 7.145, 6.152, 4.742, 2.977, 0.447, -3.322, -8.59, -14.984, -20.81, -24.34, -24.39, -21.25, -16.0, -10.1, -4.645, -0.341, 2.627, 4.707, 6.316, 7.824, 9.32, 10.69, 11.766, 12.664, 13.56, 14.5, 15.164, 15.55, 15.45, 14.805, 13.664, 11.914, 9.71, 7.266, 5.285, 4.15, 4.01, 4.46, 4.758, 4.598, 3.732, 2.13, -0.2578, -3.45, -7.258, -11.47, -15.38, -18.31, -19.84, -19.75, -18.33, -15.77, -12.484, -8.79, -5.086, -1.677, 1.479, 4.555, 7.676, 10.94, 13.97, 16.53, 18.34, 19.36, 19.5, 18.45, 16.23, 13.03, 9.516, 6.293, 3.97, 2.701, 2.205, 2.105, 1.994, 1.761, 1.4795, 1.431, 1.736, 2.123, 2.422, 2.508, 2.482, 2.436, 2.549, 2.715, 2.885, 3.023, 3.2, 3.518, 3.992, 4.6, 5.277, 5.92, 6.477, 6.87, 7.06, 7.11, 7.105, 7.004, 6.785, 6.406, 5.87, 5.23, 4.598, 4.152, 3.885, 3.553, 2.84, 1.446, -0.712, -3.625, -6.895, -9.71, -11.03, -10.4, -8.01, -4.773, -1.922, -0.3513, -0.6987, -3.33, -8.25, -15.47, -23.94, -31.16, -35.1, -34.56, -30.69, -24.67, -18.72, -14.66, -13.38, -15.08, -19.28, -25.22, -31.75, -37.2, -40.5, -41.75, -41.16, -39.3, -36.47, -33.0, -29.1, -24.86, -20.05, -14.31, -7.477, 0.2905, 8.484, 16.44, 23.3, 28.06, 30.31, 29.45, 25.39, 19.3, 12.99, 7.793, 4.402, 2.65, 2.113, 2.078, 2.133, 2.059, 1.8545, 1.805, 2.088, 2.643, 3.154, 3.137, 2.291, 0.7524, -0.8584
-2.031, -2.133, -1.49, -0.401, 0.9224, 2.535, 4.6, 7.094, 9.86, 12.6, 14.88, 16.38, 16.66, 15.695, 13.66, 10.836, 7.688, 4.73, 2.432, 1.081, 0.766, 1.422, 2.668, 3.861, 4.535, 4.52, 3.832, 2.803, 1.614, 0.07806, -2.215, -5.7, -10.45, -15.56, -19.42, -20.98, -19.86, -16.73, -12.6, -8.3, -4.617, -1.91, 0.139, 1.882, 3.443, 4.95, 6.21, 7.13, 7.887, 8.625, 9.27, 9.67, 9.77, 9.47, 8.9, 7.887, 6.51, 4.77, 3.04, 1.757, 1.269, 1.479, 2.078, 2.49, 2.482, 1.934, 0.943, -0.3591, -2.156, -4.457, -7.24, -10.125, -12.53, -14.01, -14.41, -13.81, -12.33, -10.234, -7.605, -4.793, -2.072, 0.515, 3.004, 5.66, 8.43, 10.87, 12.664, 13.71, 13.86, 13.21, 11.8, 9.69, 7.125, 4.582, 2.393, 0.843, 0.0862, -0.1377, -0.00812, 0.0304, -0.189, -0.4368, -0.5083, -0.2383, 0.1941, 0.4602, 0.4998, 0.4275, 0.4404, 0.5815, 0.7144, 0.731, 0.741, 0.84, 1.104, 1.523, 1.99, 2.436, 2.8, 3.07, 3.297, 3.516, 3.664, 3.775, 3.764, 3.639, 3.428, 3.172, 2.918, 2.686, 2.545, 2.367, 2.02, 1.364, 0.3608, -0.8223, -2.184, -3.646, -4.816, -5.312, -4.824, -3.395, -1.557, -0.0894, 0.5576, -0.0746, -2.088, -5.56, -10.766, -17.28, -23.31, -27.08, -27.62, -25.16, -21.05, -16.62, -13.37, -11.91, -12.56, -15.2, -19.56, -24.69, -29.52, -32.62, -34.03, -33.72, -32.25, -29.72, -26.64, -23.17, -19.45, -15.14, -10.23, -4.492, 1.813, 8.336, 14.53, 19.69, 22.98, 23.66, 21.6, 17.1, 11.72, 6.81, 3.225, 1.085, 0.1139, -0.071, 0.12054, 0.311, 0.4236, 0.44, 0.4944, 0.698, 1.05, 1.398, 1.471, 1.034, 0.04462, -1.184
-2.176, -2.373, -2.104, -1.449, -0.4868, 0.7, 1.971, 3.244, 4.57, 5.797, 6.957, 7.68, 7.69, 6.8, 5.406, 3.645, 1.858, 0.342, -0.7207, -1.244, -1.245, -0.882, -0.2205, 0.4404, 0.9126, 1.041, 0.7373, 0.0317, -0.6685, -1.409, -2.355, -3.844, -6.17, -9.1, -11.88, -13.72, -14.06, -13.086, -10.93, -8.3, -5.766, -3.754, -2.246, -1.0625, 0.000554, 0.9795, 1.724, 2.209, 2.605, 3.154, 3.623, 3.795, 3.707, 3.357, 2.936, 2.4, 1.62, 0.5537, -0.39, -0.991, -0.981, -0.6733, -0.2544, -0.002882, -0.085, -0.4531, -0.991, -1.516, -2.123, -3.033, -4.316, -5.83, -7.27, -8.26, -8.68, -8.695, -8.28, -7.36, -5.867, -4.074, -2.316, -0.7744, 0.714, 2.447, 4.363, 5.91, 6.785, 6.914, 6.363, 5.344, 4.01, 2.543, 1.112, -0.1521, -1.175, -1.844, -2.094, -2.04, -1.787, -1.656, -1.864, -2.129, -2.197, -1.936, -1.543, -1.391, -1.417, -1.568, -1.517, -1.353, -1.304, -1.431, -1.569, -1.507, -1.175, -0.714, -0.3472, -0.11255, -0.08435, -0.10736, -0.04904, 0.1318, 0.3467, 0.512, 0.4978, 0.3098, 0.10535, -0.03876, -0.03032, 0.1764, 0.4153, 0.4307, 0.0919, -0.531, -1.283, -1.903, -2.31, -2.586, -2.662, -2.633, -2.396, -1.891, -1.225, -0.6963, -0.506, -0.811, -1.767, -3.521, -6.242, -9.984, -13.79, -16.58, -17.47, -16.48, -14.29, -11.62, -9.336, -7.914, -7.79, -9.055, -11.58, -14.8, -18.03, -20.61, -22.1, -22.25, -21.62, -20.05, -18.02, -15.445, -12.68, -9.42, -5.78, -1.788, 2.28, 6.35, 10.07, 12.83, 14.15, 13.46, 10.91, 7.504, 4.09, 1.53, -0.05762, -0.899, -1.244, -1.315, -1.16, -1.046, -0.9644, -0.896, -0.7866, -0.621, -0.506, -0.4033, -0.3848, -0.5596, -1.003, -1.619
-2.352, -2.467, -2.447, -2.254, -1.806, -1.181, -0.648, -0.525, -0.687, -0.75, -0.603, -0.316, -0.2834, -0.4993, -0.8525, -1.238, -1.618, -2.059, -2.336, -2.521, -2.58, -2.623, -2.498, -2.32, -2.096, -1.888, -1.949, -2.346, -2.729, -2.96, -3.166, -3.393, -3.764, -4.37, -5.168, -5.95, -6.582, -6.703, -6.23, -5.23, -4.06, -3.072, -2.57, -2.268, -2.016, -1.931, -1.997, -2.033, -2.0, -1.637, -1.305, -1.155, -1.363, -1.537, -1.585, -1.559, -1.694, -2.096, -2.557, -2.686, -2.465, -2.186, -1.996, -1.992, -2.176, -2.408, -2.686, -2.826, -2.834, -2.871, -3.11, -3.521, -3.957, -4.24, -4.363, -4.61, -4.863, -4.797, -4.293, -3.518, -2.85, -2.576, -2.357, -1.812, -0.9463, -0.1471, 0.1257, -0.1431, -0.7446, -1.5205, -2.123, -2.682, -3.072, -3.285, -3.422, -3.459, -3.404, -3.197, -2.941, -2.88, -3.156, -3.469, -3.473, -3.137, -2.793, -2.754, -2.89, -3.066, -2.98, -2.771, -2.732, -2.977, -3.32, -3.35, -2.99, -2.424, -2.068, -2.045, -2.252, -2.543, -2.633, -2.469, -2.174, -1.945, -1.949, -2.21, -2.59, -2.797, -2.592, -2.092, -1.539, -1.33, -1.6455, -2.297, -2.969, -3.39, -3.371, -3.055, -2.69, -2.58, -2.771, -3.012, -3.123, -2.996, -2.588, -2.287, -2.383, -2.887, -3.842, -5.164, -6.48, -7.44, -7.754, -7.523, -6.742, -5.703, -4.723, -4.11, -4.125, -4.64, -5.496, -6.484, -7.543, -8.58, -9.266, -9.55, -9.52, -8.87, -8.04, -6.805, -5.33, -3.738, -2.125, -0.6807, 0.376, 1.354, 2.281, 3.05, 3.223, 2.498, 1.181, -0.11926, -1.088, -1.449, -1.6, -1.736, -1.839, -1.932, -1.957, -1.967, -1.966, -1.907, -1.793, -1.722, -1.773, -1.824, -1.935, -2.018, -2.102, -2.203
