-0.1238, -0.098, -0.1222, -0.12, -0.125, -0.1129, -0.10693, -0.0989, -0.089, -0.10803, -0.11145, -0.1035, -0.125, -0.12366, -0.11584, -0.11707, -0.12225, -0.10754, -0.1078, -0.10913, -0.1157, -0.11743, -0.11865, -0.125, -0.125, -0.125, -0.12317, -0.12427, -0.125, -0.09644, -0.12256, -0.125, -0.125, -0.1387, -0.1511, -0.1521, -0.155, -0.1621, -0.1467, -0.1299, -0.1389, -0.1528, -0.1353, -0.134, -0.135, -0.1284, -0.125, -0.125, -0.1013, -0.1067, -0.125, -0.125, -0.133, -0.1367, -0.1323, -0.1227, -0.125, -0.125, -0.125, -0.1229, -0.125, -0.125, -0.125, -0.1309, -0.1292, -0.1289, -0.125, -0.125, -0.125, -0.1572, -0.1462, -0.1431, -0.1375, -0.1426, -0.1367, -0.1414, -0.125, -0.1228, -0.125, -0.1431, -0.1814, -0.1714, -0.1685, -0.1489, -0.125, -0.1604, -0.1604, -0.1807, -0.1602, -0.168, -0.1619, -0.134, -0.125, -0.1465, -0.1648, -0.156, -0.1484, -0.1526, -0.125, -0.125, -0.11914, -0.125, -0.1189, -0.1294, -0.1489, -0.1411, -0.125, -0.1311, -0.147, -0.12036, -0.125, -0.1228, -0.1185, -0.125, -0.1328, -0.125, -0.1599, -0.1548, -0.146, -0.1416, -0.1343, -0.125, -0.1526, -0.1514, -0.154, -0.1511, -0.1543, -0.1597, -0.1677, -0.148, -0.1409, -0.1553, -0.1492, -0.125, -0.1704, -0.1604, -0.1494, -0.125, -0.125, -0.1638, -0.2012, -0.1809, -0.2068, -0.2051, -0.2065, -0.1824, -0.1868, -0.1721, -0.1582, -0.1562, -0.1536, -0.135, -0.125, -0.1401, -0.125, -0.125, -0.12244, -0.1455, -0.136, -0.125, -0.125, -0.125, -0.125, -0.119, -0.11633, -0.125, -0.1523, -0.1497, -0.1384, -0.1389, -0.12134, -0.125, -0.10254, -0.125, -0.1436, -0.1333, -0.134, -0.1343, -0.1348, -0.1345, -0.1389, -0.12244, -0.1321, -0.125, -0.1233, -0.156, -0.1609, -0.1279, -0.125, -0.125, -0.12146, -0.125, -0.125, -0.125, -0.125, -0.125, -0.12274, -0.1133, -0.1277, -0.125
-0.08936, -0.0835, -0.1045, -0.0957, -0.08704, -0.0812, -0.0762, -0.07385, -0.0737, -0.08813, -0.0873, -0.0974, -0.1134, -0.09644, -0.09375, -0.0862, -0.0758, -0.06934, -0.08606, -0.0902, -0.09143, -0.09424, -0.0967, -0.09924, -0.09045, -0.078, -0.08887, -0.09436, -0.0879, -0.0753, -0.095, -0.0923, -0.1177, -0.125, -0.11584, -0.12195, -0.11633, -0.125, -0.11975, -0.1074, -0.1233, -0.1233, -0.1183, -0.1124, -0.10425, -0.1057, -0.10547, -0.0902, -0.0835, -0.09656, -0.1019, -0.1052, -0.10645, -0.10535, -0.09534, -0.0995, -0.0995, -0.1022, -0.1041, -0.1007, -0.098, -0.0856, -0.10205, -0.09766, -0.10254, -0.095, -0.10156, -0.1062, -0.1129, -0.11926, -0.1112, -0.1011, -0.1128, -0.1205, -0.11206, -0.11597, -0.0891, -0.08923, -0.08777, -0.12006, -0.125, -0.1306, -0.1421, -0.125, -0.1061, -0.125, -0.125, -0.125, -0.125, -0.125, -0.10754, -0.09595, -0.09106, -0.1134, -0.125, -0.11865, -0.1173, -0.11597, -0.1035, -0.10486, -0.0968, -0.1018, -0.098, -0.125, -0.125, -0.10803, -0.1067, -0.10657, -0.1033, -0.0907, -0.09644, -0.09937, -0.08484, -0.0907, -0.1046, -0.10034, -0.12366, -0.125, -0.125, -0.1151, -0.1133, -0.10864, -0.1135, -0.125, -0.12366, -0.125, -0.125, -0.1323, -0.1139, -0.1112, -0.1117, -0.125, -0.1172, -0.10583, -0.11804, -0.125, -0.09607, -0.08203, -0.0774, -0.121, -0.165, -0.1536, -0.1633, -0.1616, -0.1602, -0.1426, -0.1443, -0.146, -0.1157, -0.125, -0.125, -0.115, -0.10767, -0.1127, -0.0996, -0.09375, -0.08936, -0.1041, -0.1112, -0.1095, -0.10925, -0.11426, -0.1074, -0.09985, -0.09863, -0.0879, -0.125, -0.125, -0.1177, -0.1128, -0.095, -0.0963, -0.10364, -0.1155, -0.10205, -0.11145, -0.1155, -0.1116, -0.1107, -0.1018, -0.0941, -0.09186, -0.1105, -0.1034, -0.11584, -0.1389, -0.125, -0.10205, -0.1013, -0.10144, -0.1001, -0.1061, -0.10156, -0.0936, -0.1083, -0.10706, -0.1002, -0.10876, -0.125, -0.10815
-0.0625, -0.0762, -0.0924, -0.079, -0.07654, -0.07275, -0.0625, -0.05365, -0.07056, -0.07935, -0.0686, -0.083, -0.0768, -0.06775, -0.0735, -0.07056, -0.0625, -0.0625, -0.0681, -0.07227, -0.0605, -0.0625, -0.0729, -0.0829, -0.07007, -0.0625, -0.0625, -0.0625, -0.0561, -0.0625, -0.0758, -0.0851, -0.0897, -0.09644, -0.0908, -0.0773, -0.09204, -0.10046, -0.10144, -0.09436, -0.09766, -0.1079, -0.09973, -0.0946, -0.0896, -0.0791, -0.07983, -0.0625, -0.0758, -0.0863, -0.0625, -0.08777, -0.0864, -0.0825, -0.0803, -0.088, -0.0751, -0.0768, -0.0814, -0.08057, -0.0741, -0.0625, -0.0718, -0.0802, -0.08167, -0.07495, -0.0625, -0.0796, -0.09265, -0.0902, -0.0868, -0.0735, -0.0847, -0.10767, -0.0995, -0.08386, -0.0709, -0.0625, -0.0841, -0.125, -0.10986, -0.125, -0.1196, -0.084, -0.0867, -0.0886, -0.0863, -0.0924, -0.09106, -0.1068, -0.093, -0.0836, -0.08923, -0.07996, -0.0947, -0.10474, -0.10657, -0.0968, -0.0923, -0.0928, -0.09827, -0.08594, -0.1028, -0.125, -0.10535, -0.0962, -0.0928, -0.09216, -0.0818, -0.0668, -0.0689, -0.0625, -0.06012, -0.0653, -0.0719, -0.0956, -0.09094, -0.1006, -0.1084, -0.09937, -0.0946, -0.09033, -0.098, -0.0968, -0.09875, -0.1012, -0.1078, -0.1019, -0.0946, -0.0856, -0.10046, -0.0924, -0.0674, -0.067, -0.088, -0.0814, -0.0625, -0.0625, -0.0625, -0.09875, -0.125, -0.125, -0.125, -0.125, -0.135, -0.125, -0.1161, -0.1018, -0.09106, -0.0836, -0.1094, -0.10156, -0.095, -0.0836, -0.0856, -0.0819, -0.07385, -0.08264, -0.09424, -0.0879, -0.09033, -0.1017, -0.09595, -0.0929, -0.08887, -0.09143, -0.10425, -0.0924, -0.0792, -0.0625, -0.0625, -0.08154, -0.1023, -0.1028, -0.0864, -0.0742, -0.09424, -0.1019, -0.10034, -0.0851, -0.0724, -0.0869, -0.0856, -0.0912, -0.0896, -0.1138, -0.103, -0.08606, -0.0834, -0.08704, -0.08716, -0.08813, -0.08765, -0.0907, -0.0868, -0.0934, -0.09424, -0.1085, -0.1012, -0.07947
-0.05377, -0.07166, -0.07544, -0.0625, -0.05322, -0.0578, -0.05487, -0.0517, -0.0625, -0.06506, -0.0617, -0.06384, -0.0664, -0.05353, -0.05267, -0.0547, -0.05078, -0.0526, -0.06946, -0.0625, -0.03363, -0.03467, -0.0479, -0.0625, -0.0625, -0.0547, -0.04858, -0.0478, -0.04498, -0.05817, -0.0814, -0.07874, -0.06946, -0.0625, -0.0548, -0.04486, -0.0625, -0.0752, -0.08435, -0.0836, -0.0867, -0.1035, -0.0873, -0.08887, -0.08655, -0.0741, -0.06244, -0.05426, -0.07764, -0.0791, -0.0625, -0.06714, -0.0737, -0.072, -0.0642, -0.05048, -0.05, -0.0625, -0.06616, -0.0625, -0.05368, -0.0625, -0.05933, -0.0605, -0.068, -0.0635, -0.06152, -0.07117, -0.0691, -0.0625, -0.05804, -0.05902, -0.08545, -0.08936, -0.08264, -0.0665, -0.0592, -0.0503, -0.0625, -0.09717, -0.10645, -0.1012, -0.07886, -0.06714, -0.0725, -0.0742, -0.07825, -0.07556, -0.0741, -0.0868, -0.08435, -0.07666, -0.07776, -0.07153, -0.0702, -0.10034, -0.10126, -0.0868, -0.0797, -0.0769, -0.05847, -0.07654, -0.0925, -0.0951, -0.0824, -0.09265, -0.08496, -0.07324, -0.0625, -0.0625, -0.062, -0.06067, -0.05066, -0.05383, -0.05524, -0.0581, -0.08057, -0.08716, -0.08984, -0.0939, -0.07874, -0.07043, -0.0825, -0.07874, -0.07764, -0.0864, -0.0885, -0.0845, -0.0814, -0.074, -0.0775, -0.0641, -0.0625, -0.0625, -0.0692, -0.05334, -0.04517, -0.04993, -0.0625, -0.0823, -0.10376, -0.0996, -0.1045, -0.1084, -0.11145, -0.1022, -0.0918, -0.0834, -0.06824, -0.0625, -0.0919, -0.08826, -0.08484, -0.08264, -0.07874, -0.06616, -0.0625, -0.0625, -0.07434, -0.0718, -0.0736, -0.06885, -0.07605, -0.0675, -0.07434, -0.07263, -0.09485, -0.0703, -0.06232, -0.0484, -0.0664, -0.0697, -0.0759, -0.079, -0.0742, -0.0625, -0.0731, -0.0863, -0.07947, -0.06604, -0.0646, -0.0625, -0.0758, -0.0779, -0.0751, -0.08923, -0.08093, -0.08105, -0.06946, -0.0687, -0.0773, -0.07544, -0.07434, -0.0625, -0.0675, -0.0797, -0.08545, -0.08264, -0.0729, -0.0625
-0.04907, -0.05573, -0.06122, -0.052, -0.04578, -0.04913, -0.049, -0.05353, -0.05634, -0.05988, -0.05994, -0.04846, -0.0572, -0.05182, -0.04657, -0.04413, -0.03998, -0.04504, -0.05237, -0.04413, -0.0351, -0.02548, -0.05035, -0.05865, -0.0589, -0.03693, -0.03125, -0.02176, -0.03125, -0.04333, -0.06104, -0.0606, -0.05603, -0.0528, -0.04987, -0.04077, -0.0566, -0.0625, -0.0807, -0.07605, -0.069, -0.0625, -0.05414, -0.0696, -0.0824, -0.0625, -0.05298, -0.0465, -0.0619, -0.0625, -0.0622, -0.0595, -0.0674, -0.06323, -0.06073, -0.05554, -0.0583, -0.05847, -0.06, -0.0512, -0.03986, -0.05, -0.05133, -0.0625, -0.062, -0.0625, -0.04254, -0.05463, -0.0625, -0.05768, -0.05334, -0.05157, -0.0785, -0.08545, -0.07104, -0.0625, -0.044, -0.03125, -0.05786, -0.0676, -0.0718, -0.0625, -0.06946, -0.09875, -0.08777, -0.0625, -0.0625, -0.06946, -0.0758, -0.0681, -0.0625, -0.0625, -0.0698, -0.0625, -0.0625, -0.08167, -0.0819, -0.0697, -0.0659, -0.0737, -0.06775, -0.06274, -0.0753, -0.06775, -0.0606, -0.08276, -0.0803, -0.0625, -0.05542, -0.049, -0.0536, -0.03992, -0.03925, -0.0329, -0.03217, -0.05084, -0.0663, -0.0746, -0.0625, -0.0625, -0.0625, -0.06506, -0.062, -0.06097, -0.0664, -0.07214, -0.07776, -0.06934, -0.0625, -0.06067, -0.06396, -0.0625, -0.06067, -0.05438, -0.05902, -0.0625, -0.05615, -0.04248, -0.0605, -0.0691, -0.08716, -0.09375, -0.08606, -0.09436, -0.09607, -0.09827, -0.0829, -0.073, -0.05573, -0.0504, -0.0589, -0.0867, -0.07544, -0.0652, -0.06067, -0.05066, -0.0625, -0.05975, -0.0625, -0.06128, -0.06012, -0.05817, -0.05573, -0.0625, -0.06287, -0.0625, -0.0625, -0.0401, -0.03845, -0.04553, -0.05414, -0.05432, -0.0625, -0.06396, -0.06152, -0.05487, -0.06824, -0.07043, -0.0625, -0.06067, -0.06134, -0.0625, -0.0625, -0.0753, -0.0675, -0.06494, -0.0686, -0.0625, -0.0625, -0.0625, -0.07336, -0.0625, -0.0625, -0.04816, -0.0573, -0.0625, -0.0768, -0.0718, -0.0625, -0.04675
-0.0384, -0.03583, -0.04486, -0.04443, -0.04346, -0.0475, -0.04425, -0.04987, -0.0515, -0.05597, -0.0495, -0.04456, -0.04706, -0.04596, -0.04425, -0.04486, -0.03644, -0.03125, -0.04034, -0.04907, -0.03125, -0.02548, -0.0468, -0.04956, -0.03833, -0.03125, -0.0359, -0.02316, -0.02292, -0.03125, -0.05, -0.05603, -0.0528, -0.0515, -0.05096, -0.04694, -0.04834, -0.0625, -0.0807, -0.07495, -0.0625, -0.0606, -0.0556, -0.0648, -0.084, -0.06885, -0.06128, -0.04272, -0.05554, -0.04736, -0.0326, -0.04022, -0.0625, -0.04773, -0.0606, -0.06104, -0.05646, -0.05554, -0.03937, -0.0404, -0.04407, -0.04645, -0.04852, -0.05115, -0.04822, -0.0373, -0.049, -0.05048, -0.0536, -0.03625, -0.03125, -0.03125, -0.0652, -0.0625, -0.06097, -0.0504, -0.0484, -0.03973, -0.03125, -0.05, -0.0625, -0.0625, -0.04688, -0.05963, -0.0625, -0.0625, -0.05682, -0.06116, -0.06073, -0.05896, -0.0498, -0.06128, -0.05914, -0.05048, -0.0625, -0.0724, -0.0758, -0.074, -0.0625, -0.0696, -0.0611, -0.06042, -0.06085, -0.05945, -0.05304, -0.068, -0.0606, -0.0572, -0.05835, -0.05212, -0.04932, -0.03796, -0.03668, -0.03125, -0.03546, -0.05396, -0.0594, -0.0691, -0.0625, -0.04248, -0.05383, -0.0647, -0.0625, -0.0625, -0.0625, -0.06152, -0.05005, -0.05737, -0.0625, -0.0625, -0.05908, -0.0467, -0.0381, -0.03473, -0.05804, -0.05475, -0.03723, -0.03876, -0.05078, -0.05676, -0.06036, -0.05408, -0.0679, -0.07434, -0.0724, -0.0797, -0.0625, -0.0569, -0.0625, -0.05737, -0.0478, -0.07117, -0.0625, -0.05994, -0.0625, -0.0504, -0.04852, -0.05176, -0.0669, -0.0625, -0.06, -0.05554, -0.05585, -0.0523, -0.0625, -0.0625, -0.0481, -0.04144, -0.03668, -0.04407, -0.04395, -0.04584, -0.0625, -0.06085, -0.0606, -0.0625, -0.0625, -0.067, -0.0575, -0.0625, -0.0625, -0.0558, -0.0625, -0.06824, -0.0606, -0.05292, -0.06116, -0.06116, -0.04956, -0.0625, -0.06238, -0.0495, -0.03613, -0.03125, -0.04248, -0.05402, -0.07336, -0.0696, -0.05145, -0.03308
-0.03528, -0.02454, -0.03687, -0.03125, -0.03125, -0.02469, -0.03125, -0.03723, -0.04688, -0.05096, -0.05072, -0.04535, -0.0409, -0.0402, -0.0406, -0.0368, -0.04346, -0.0406, -0.0404, -0.04193, -0.03049, -0.02417, -0.03125, -0.03363, -0.03125, -0.03012, -0.03125, -0.0401, -0.0338, -0.0357, -0.04584, -0.04852, -0.04797, -0.04272, -0.04242, -0.03125, -0.0371, -0.0484, -0.06042, -0.0625, -0.05817, -0.0504, -0.05554, -0.0625, -0.0812, -0.0796, -0.0741, -0.0663, -0.0586, -0.04083, -0.03125, -0.0327, -0.03186, -0.02875, -0.0429, -0.05426, -0.06116, -0.05, -0.04736, -0.04144, -0.0345, -0.02841, -0.03845, -0.03125, -0.04144, -0.03247, -0.0484, -0.04852, -0.05328, -0.0453, -0.03125, -0.02646, -0.0506, -0.05194, -0.0413, -0.03125, -0.03735, -0.03125, -0.03467, -0.02759, -0.03528, -0.0475, -0.03125, -0.0475, -0.06152, -0.03864, -0.03125, -0.0625, -0.05176, -0.0426, -0.04297, -0.03857, -0.03125, -0.0495, -0.0625, -0.0625, -0.0609, -0.06824, -0.07007, -0.073, -0.0748, -0.0625, -0.05573, -0.05267, -0.04626, -0.05322, -0.0625, -0.0564, -0.0625, -0.0573, -0.04596, -0.03125, -0.01767, -0.02231, -0.013306, -0.02954, -0.06177, -0.0625, -0.05188, -0.03253, -0.0432, -0.0625, -0.06122, -0.0569, -0.06, -0.05554, -0.03827, -0.0395, -0.04517, -0.05103, -0.0608, -0.05536, -0.03125, -0.02097, -0.0428, -0.04346, -0.0418, -0.04053, -0.03125, -0.03748, -0.04126, -0.0625, -0.0551, -0.05334, -0.063, -0.05774, -0.05536, -0.05225, -0.05347, -0.04437, -0.04742, -0.05493, -0.0484, -0.05914, -0.0625, -0.05078, -0.05316, -0.057, -0.0522, -0.05963, -0.0625, -0.05365, -0.0492, -0.05084, -0.06165, -0.0467, -0.05817, -0.04034, -0.03125, -0.02527, -0.03027, -0.03125, -0.05145, -0.04797, -0.05743, -0.04504, -0.04626, -0.0625, -0.0625, -0.0625, -0.0625, -0.05804, -0.057, -0.05865, -0.04462, -0.0398, -0.04688, -0.03125, -0.03125, -0.04236, -0.04938, -0.04077, -0.03235, -0.03088, -0.0329, -0.0418, -0.06506, -0.05774, -0.04858, -0.0334
-0.02765, -0.02203, -0.02264, -0.01146, -0.01563, -0.01794, -0.02835, -0.02429, -0.03018, -0.03973, -0.0437, -0.03125, -0.03125, -0.04626, -0.03223, -0.03125, -0.02985, -0.05273, -0.05444, -0.05603, -0.0506, -0.0421, -0.03018, -0.03796, -0.02753, -0.03125, -0.04187, -0.04877, -0.04913, -0.04614, -0.0412, -0.04547, -0.0443, -0.03717, -0.03345, -0.01938, -0.02255, -0.01971, -0.03137, -0.0625, -0.04822, -0.0475, -0.04108, -0.0731, -0.079, -0.072, -0.08057, -0.0625, -0.05084, -0.03125, -0.02005, -0.03125, -0.02328, -0.03125, -0.04187, -0.05054, -0.05023, -0.0454, -0.04596, -0.0511, -0.03125, -0.03125, -0.0221, -0.02713, -0.03125, -0.03125, -0.0417, -0.05457, -0.04498, -0.02176, -0.01563, -0.03125, -0.0432, -0.04382, -0.03607, -0.01947, -0.02438, -0.0278, -0.02466, -0.03485, -0.04413, -0.03888, -0.01563, -0.02264, -0.04974, -0.04013, -0.03094, -0.0423, -0.03125, -0.01645, -0.01563, -0.03125, -0.02606, -0.05908, -0.0625, -0.0625, -0.05988, -0.04944, -0.07117, -0.0648, -0.0625, -0.04187, -0.0448, -0.04218, -0.04126, -0.03125, -0.05884, -0.05292, -0.0536, -0.04144, -0.02289, -0.0209, -0.00901, 0.01431, -0.0109, -0.01503, -0.04028, -0.06073, -0.04987, -0.03125, -0.0324, -0.0384, -0.0584, -0.05554, -0.055, -0.05927, -0.03888, -0.0371, -0.03687, -0.04578, -0.042, -0.04163, -0.01563, -0.0123, -0.02597, -0.0365, -0.03864, -0.03632, -0.03125, -0.04248, -0.04382, -0.0442, -0.04584, -0.04346, -0.0536, -0.04755, -0.03217, -0.03125, -0.0437, -0.03125, -0.04144, -0.04767, -0.0349, -0.04895, -0.0395, -0.04333, -0.05054, -0.04987, -0.03674, -0.04987, -0.05652, -0.0564, -0.04932, -0.04797, -0.0625, -0.05603, -0.04718, -0.02979, -0.02545, -0.03125, -0.03027, -0.0195, -0.03485, -0.03125, -0.0515, -0.05164, -0.044, -0.04846, -0.05823, -0.0589, -0.0509, -0.03125, -0.04822, -0.03125, -0.01761, -0.03, -0.02698, -0.03125, -0.03125, -0.0299, -0.03125, -0.03125, -0.03125, -0.02213, -0.03125, -0.04904, -0.04956, -0.03125, -0.03125, -0.02939
-0.04547, -0.0357, -0.0432, -0.03125, -0.00871, -0.01298, -0.02258, -0.01929, -0.02103, -0.0365, -0.04352, -0.03125, -0.03943, -0.03772, -0.03125, -0.0169, -0.01563, -0.03125, -0.05402, -0.04523, -0.0625, -0.05566, -0.05255, -0.03125, -0.03125, -0.04517, -0.05286, -0.0534, -0.04657, -0.0548, -0.04755, -0.0459, -0.03894, -0.03442, -0.03125, -0.01563, -0.03125, -0.01563, -0.03125, -0.05707, -0.04077, -0.03955, -0.04413, -0.0625, -0.07275, -0.069, -0.0625, -0.05524, -0.05273, -0.03125, -0.01563, -0.02939, -0.01996, -0.03125, -0.05792, -0.0313, -0.03125, -0.0417, -0.03125, -0.03125, -0.015396, -0.0099, -0.01511, -0.03125, -0.02527, -0.0278, -0.02127, -0.02829, -0.03125, -0.03125, -0.01895, -0.02063, -0.03125, -0.03442, -0.021, -0.02063, -0.01941, -0.02335, -0.02171, -0.03012, -0.04358, -0.05383, -0.03125, -0.03476, -0.04022, -0.0335, -0.03125, -0.03125, -0.01563, -0.003906, 0.01187, 0.008835, -0.03125, -0.0625, -0.06195, -0.05322, -0.04968, -0.0381, -0.05438, -0.07275, -0.0631, -0.0625, -0.05573, -0.03668, -0.0323, -0.02606, -0.0465, -0.04828, -0.05743, -0.03125, -0.01563, -0.008705, 0.01563, 0.03516, 0.005943, -0.001661, -0.01192, -0.03125, -0.03125, -0.01672, -0.01743, -0.03125, -0.03125, -0.03827, -0.05188, -0.0575, -0.0489, -0.04633, -0.03125, -0.04895, -0.04987, -0.04523, -0.04596, -0.01563, -0.02646, -0.04224, -0.04395, -0.03125, -0.0368, -0.0442, -0.05237, -0.03125, -0.03125, -0.03125, -0.04382, -0.03125, -0.03217, -0.0209, -0.0206, -0.03125, -0.0401, -0.03937, -0.03125, -0.04883, -0.03378, -0.03125, -0.03125, -0.03125, -0.0365, -0.04193, -0.04926, -0.04077, -0.03125, -0.03125, -0.05682, -0.04565, -0.03125, -0.02759, -0.01563, -0.03125, -0.02713, -0.02231, -0.03125, -0.03125, -0.04102, -0.03125, -0.03125, -0.0428, -0.05646, -0.0625, -0.039, -0.03125, -0.0296, -0.01563, -0.01044, -0.01563, -0.02802, -0.04608, -0.03696, -0.02646, -0.01021, -0.02008, -0.01923, -0.01724, -0.02234, -0.0224, -0.04004, -0.04077, -0.03125, -0.02551
-0.06104, -0.05786, -0.0498, -0.0611, -0.03894, -0.0307, -0.02472, -0.03418, -0.02075, -0.0228, -0.02588, -0.02673, -0.0303, -0.01971, -0.03125, -0.01563, -0.01563, -0.02533, -0.02466, -0.03125, -0.0539, -0.05133, -0.03125, -0.03125, -0.04144, -0.03748, -0.0423, -0.047, -0.03937, -0.0547, -0.0556, -0.0507, -0.031, -0.02405, -0.0227, -0.01563, -0.00935, -0.01666, -0.0548, -0.0625, -0.0512, -0.03455, -0.0329, -0.0456, -0.05505, -0.05792, -0.0625, -0.03125, -0.01563, -0.003906, -0.006096, -0.01523, -0.01563, -0.03125, -0.03125, -0.01968, -0.01563, -0.025, -0.01605, -0.03125, -0.01563, -0.02332, -0.02435, -0.02713, -0.01563, -0.03125, -0.0299, -0.0274, -0.01974, -0.02753, -0.00981, -0.005875, -0.02094, -0.03125, -0.03125, -0.02795, -0.01675, -0.03125, -0.03125, -0.0625, -0.0868, -0.0625, -0.05487, -0.05414, -0.03967, -0.03125, -0.03125, -0.01563, -0.003906, 0.0167, 0.03546, 0.0274, -0.03284, -0.06445, -0.06665, -0.0515, -0.04938, -0.039, -0.05826, -0.04987, -0.05408, -0.02255, -0.03125, -0.03418, -0.03125, -0.02164, -0.03125, -0.037, -0.03125, -0.02829, -0.03125, -0.03827, -0.01563, 0.01563, 0.01563, 0.01563, 0.01048, -0.007812, -0.02632, -0.003906, -0.01932, -0.01563, -0.01563, -0.03125, -0.01862, -0.034, -0.05096, -0.04114, -0.03125, -0.0351, -0.04443, -0.0451, -0.0362, -0.01563, -0.03458, -0.0443, -0.03522, -0.0198, -0.0376, -0.05188, -0.0439, -0.02959, -0.03125, -0.03125, -0.04346, -0.03125, -0.02222, -0.03125, -0.0396, -0.04358, -0.04852, -0.04065, -0.03473, -0.03125, -0.03125, -0.03125, -0.03833, -0.04437, -0.04773, -0.04938, -0.049, -0.0495, -0.03973, -0.0216, -0.03125, -0.02774, -0.05078, -0.04474, -0.03125, -0.03125, -0.02481, -0.01563, -0.0345, -0.03607, -0.0445, -0.04175, -0.03125, -0.03125, -0.04926, -0.04382, -0.0365, -0.03674, -0.03061, -0.0224, -0.0185, -0.03125, -0.02985, -0.04834, -0.04877, -0.05194, -0.011505, -0.01563, -0.0203, -0.02414, -0.01563, -0.01563, -0.02686, -0.03638, -0.05182, -0.04657
-0.04956, -0.0434, -0.0459, -0.0357, -0.02933, -0.0275, -0.03894, -0.05487, -0.03912, -0.02618, -0.02615, -0.01563, -0.02637, -0.02664, -0.01563, -0.01563, -0.01563, -0.0224, -0.01913, -0.0224, -0.02237, -0.0431, -0.03018, -0.02922, -0.04816, -0.0385, -0.05023, -0.0542, -0.04065, -0.04364, -0.05975, -0.0547, -0.04053, -0.03125, -0.02588, -0.01563, -0.02625, -0.01913, -0.0459, -0.05872, -0.04883, -0.03125, -0.03125, -0.04352, -0.04572, -0.05334, -0.0423, -0.03564, -0.03125, -0.02036, -0.007812, -0.00839, -0.01309, -0.0199, -0.02289, -0.01077, -0.0253, -0.00989, -0.0141, -0.006485, -0.02063, -0.01563, -0.03125, -0.01563, -0.01563, -0.02359, -0.00975, -0.01563, -0.01563, -0.007812, 0.01563, 0.01563, -0.007812, -0.0092, -0.03125, -0.01563, -0.00714, -0.03125, -0.0564, -0.06134, -0.0714, -0.0687, -0.05182, -0.02368, -0.03125, -0.01563, -0.01563, -0.01608, -0.00807, -0.00689, 0.002249, -0.006294, -0.05524, -0.0625, -0.0625, -0.03625, -0.03125, -0.03308, -0.03735, -0.02774, -0.03125, -0.02573, -0.01935, -0.03018, -0.02591, -0.01254, -0.01366, -0.03125, -0.02902, -0.01346, -0.01877, -0.04144, -0.03125, -0.007812, 0.01236, 0.01688, 0.01682, 0.00579, -0.01324, -0.007812, -0.03125, -0.01563, -0.01558, -0.02606, -0.003906, -0.02124, -0.04395, -0.03442, -0.0428, -0.04742, -0.0501, -0.03845, -0.03125, -0.01868, -0.03125, -0.02722, -0.02011, -0.01445, -0.03476, -0.03662, -0.0434, -0.03125, -0.02664, -0.02863, -0.04462, -0.0407, -0.06287, -0.0625, -0.05353, -0.0606, -0.04077, -0.04376, -0.03583, -0.03125, -0.03516, -0.03125, -0.042, -0.0445, -0.03125, -0.05774, -0.05676, -0.04944, -0.04346, -0.03125, -0.03168, -0.03275, -0.0625, -0.0625, -0.04486, -0.03278, -0.01563, -0.01602, -0.03125, -0.013275, -0.03125, -0.01978, -0.01794, -0.03125, -0.04724, -0.05383, -0.0459, -0.03125, -0.04156, -0.03613, -0.02612, -0.007812, -0.02362, -0.0271, -0.04468, -0.04834, -0.03125, -0.03125, -0.01563, -0.01563, -0.01563, -0.011536, -0.01373, -0.0313, -0.04352, -0.0625
-0.03058, -0.04633, -0.03125, -0.03125, -0.02133, -0.02533, -0.03125, -0.04218, -0.05267, -0.05286, -0.04138, -0.01563, -0.01987, -0.021, -0.01563, -0.007812, -0.01563, -0.022, -0.02826, -0.007812, -0.01221, -0.01929, -0.0242, -0.03125, -0.04333, -0.04626, -0.04822, -0.03754, -0.02896, -0.02832, -0.05804, -0.03833, -0.03284, -0.03125, -0.03125, -0.01563, -0.03125, -0.02365, -0.0429, -0.04782, -0.0395, -0.03079, -0.02185, -0.03125, -0.04846, -0.04205, -0.03125, -0.01563, -0.01563, -0.003906, -0.008484, -0.00952, -0.007812, -0.01563, -0.01265, -0.00905, -0.02151, -0.02014, -0.02023, -0.03125, -0.02359, -0.02841, -0.0262, -0.01375, -0.02103, -0.02972, -0.01535, -0.01521, 0.003572, 0.007812, 0.01904, 0.02597, 0.01764, -0.003265, -0.01563, 0.007812, 0.01724, -0.01563, -0.06085, -0.0625, -0.0697, -0.05914, -0.0434, -0.03412, -0.02325, -0.02429, -0.01834, -0.02509, -0.01724, -0.01044, -0.007812, -0.01828, -0.05002, -0.05652, -0.0418, -0.03125, -0.01563, -0.01563, -0.03125, -0.03125, -0.03204, -0.01956, -0.03125, -0.01852, -0.01563, -0.008316, -0.005753, -0.01807, 0.003777, -0.000956, -0.02676, -0.03827, -0.03125, -0.02866, -0.01563, -0.01563, -0.001596, -0.01535, -0.007812, -0.02414, -0.02646, -0.0343, -0.03345, -0.03125, -0.007812, -0.01189, -0.01563, -0.03125, -0.0323, -0.03125, -0.03125, -0.0264, -0.03125, -0.03125, -0.02853, -0.03125, -0.03125, -0.03125, -0.03528, -0.03125, -0.03125, -0.03497, -0.02805, -0.03125, -0.03125, -0.0432, -0.0387, -0.03912, -0.0506, -0.05646, -0.052, -0.05792, -0.04535, -0.03845, -0.0304, -0.03125, -0.02165, -0.03802, -0.03125, -0.03125, -0.0374, -0.03815, -0.01727, -0.007812, -0.01563, -0.007812, -0.04535, -0.04675, -0.0398, -0.03098, -0.0214, -0.01563, -0.02133, -0.01563, -0.02353, -0.03522, -0.03125, -0.03125, -0.0492, -0.0379, -0.03125, -0.02515, -0.03125, -0.03058, -0.02661, -0.01563, -0.0245, -0.01563, -0.01602, -0.03043, -0.02689, -0.02054, -0.00903, 0.01563, 0.01563, 0.00999, -0.0002694, -0.02307, -0.03125, -0.0421
-0.02939, -0.0371, -0.03125, -0.0362, -0.0203, -0.02695, -0.02603, -0.0379, -0.04218, -0.03125, -0.03125, -0.03125, -0.03125, -0.03125, -0.01563, -0.01563, -0.01746, -0.02231, -0.01563, -0.01968, -0.01814, -0.01883, -0.0454, -0.03976, -0.04333, -0.03125, -0.0315, -0.0357, -0.0357, -0.03125, -0.03125, -0.01563, -0.01828, -0.02042, -0.01563, -0.00854, -0.02286, -0.01328, -0.03125, -0.03125, -0.03125, -0.01688, -0.01563, -0.0238, -0.04022, -0.0448, -0.02661, -0.01453, -0.01541, 0.00741, 0.007812, 0.007812, -0.007812, -0.00957, -0.007812, -0.01563, -0.01819, -0.01563, -0.0195, -0.01563, -0.01656, -0.02112, -0.01563, -0.007812, -0.01558, 0.00494, 0.0002394, 0.01524, 0.013016, 0.01102, 0.01488, 0.02777, 0.01706, 0.01563, 0.01388, 0.01563, 0.01563, -0.02151, -0.0625, -0.0625, -0.05817, -0.0625, -0.03125, -0.03125, -0.03125, -0.03125, -0.02505, -0.01563, -0.01563, -0.00798, -0.01001, -0.00827, -0.03125, -0.03265, -0.03125, -0.01993, -0.01563, 0.001876, -0.010666, -0.00958, -0.02252, -0.007812, -0.02228, -0.01563, -0.003967, -0.00448, 0.0181, 0.002047, 0.01522, 0.00512, -0.02493, -0.03174, -0.03125, -0.03406, -0.03125, -0.02264, -0.01563, -0.00879, -0.03458, -0.04413, -0.02835, -0.02438, -0.03046, -0.03125, -0.03125, -0.03125, -0.01563, -0.01639, -0.03125, -0.02554, -0.02197, -0.03125, -0.03125, -0.01563, -0.02283, -0.02936, -0.02243, -0.03125, -0.03125, -0.0278, -0.02164, -0.0287, -0.012924, -0.02411, -0.02435, -0.02716, -0.01874, -0.01563, -0.03125, -0.04718, -0.04193, -0.03125, -0.02042, -0.03036, -0.0278, -0.01563, -0.01563, -0.02927, -0.03125, -0.03125, -0.01752, -0.04382, -0.0365, -0.03125, -0.02295, -0.01563, -0.03125, -0.03613, -0.0354, -0.03406, -0.03125, -0.03125, -0.02832, -0.03125, -0.03125, -0.03125, -0.03125, -0.03125, -0.02524, -0.02689, -0.02167, -0.01953, -0.02173, -0.01563, -0.009766, -0.01563, 0.013626, 0.003906, -0.02808, -0.02203, -0.01474, -0.02469, -0.01563, 0.007965, 0.01563, 0.01563, 0.007812, -0.01563, -0.01563, -0.03125
-0.03052, -0.01563, -0.02805, -0.01862, -0.04297, -0.03125, -0.0357, -0.03125, -0.03125, -0.03265, -0.03125, -0.03125, -0.03125, -0.01563, -0.01563, -0.007812, -0.007812, 0.00672, -0.01563, -0.01563, 0.007812, -0.01743, -0.05884, -0.04547, -0.0465, -0.0351, -0.03125, -0.03125, -0.01483, -0.007812, -0.007812, -0.012955, -0.004597, -0.01645, -0.009384, -0.01036, 0.01718, -0.003902, -0.005917, -0.02295, -0.008865, -0.01289, -0.0235, -0.01405, -0.01563, -0.01633, -0.02289, -0.01563, 0.007812, 0.007812, 0.007812, 0.007812, -0.00809, -0.01407, -0.01563, -0.01563, -0.01563, -0.01563, -0.01563, -0.01454, -0.01518, 0.01563, 0.01563, 0.02197, 0.01563, 0.01563, 0.009445, 0.01563, 0.00978, 0.01904, 0.01837, 0.00891, 0.0001597, 0.003744, 0.01228, 0.005005, 0.011185, -0.01593, -0.0396, -0.02536, -0.04016, -0.03125, -0.02808, -0.02478, -0.01563, -0.02237, -0.01526, -0.02173, -0.02557, -0.003906, 0.006783, -0.002262, 0.00505, -0.01563, -0.03125, -0.003906, 0.001018, -0.009834, -0.01819, -0.00409, 0.00153, -0.01308, -0.02008, -0.02225, -0.01231, -0.005726, -0.001383, 0.013435, -0.007812, -0.03098, -0.03265, -0.03125, -0.03125, -0.0271, -0.02078, -0.0188, -0.0216, -0.007812, -0.01083, -0.03125, -0.01563, -0.01678, -0.01563, -0.01563, -0.013535, -0.01563, -0.0161, -0.01563, -0.02597, -0.02063, -0.01563, -0.01563, -0.03125, -0.010056, -0.004, -0.01563, -0.03, -0.03125, -0.01563, -0.02313, -0.02133, -0.01563, -0.007812, 0.01672, 0.001585, -0.01776, -0.01434, -0.01563, -0.00444, -0.03125, -0.04773, -0.03113, -0.03088, -0.03125, -0.01563, -0.01563, 0.004356, -0.01563, -0.03125, -0.04123, -0.04953, -0.0376, -0.03125, -0.03125, -0.03125, -0.03125, -0.03125, -0.03912, -0.0503, -0.03748, -0.03125, -0.03125, -0.0232, -0.03125, -0.03125, -0.02377, -0.03125, -0.02328, -0.03003, -0.001499, -0.01563, -0.0298, 0.007423, -0.01944, -0.01563, -0.03125, -0.01724, -0.007812, -0.03125, -0.01563, -0.01563, -0.03638, -0.03125, -0.001329, 0.007812, 0.01563, 0.002789, -0.01581, -0.01648, -0.017
-0.01563, -0.01862, -0.01563, -0.03705, -0.04596, -0.04724, -0.05164, -0.0362, -0.03125, -0.00844, -0.01877, -0.03125, -0.03125, -0.01167, -0.007812, 0.007812, 0.01563, 0.02441, 0.01563, 0.01962, 0.0307, -0.00923, -0.03903, -0.01941, -0.03125, -0.02124, -0.0332, -0.03024, -0.01614, -0.01563, -0.01563, -0.007812, -0.00254, 0.007595, 0.002327, 0.003906, 0.005756, 0.01749, -0.00207, -0.015045, -0.01563, -0.01926, -0.02808, -0.0123, -0.01033, -0.01563, -0.01358, -0.001953, -0.01071, 0.003126, -0.01253, -0.00796, -0.01332, -0.02551, -0.01563, -0.003906, -0.02557, -0.02597, -0.01913, -0.01563, -0.011505, 0.007812, 0.0264, 0.02347, 0.01996, 0.03125, 0.03748, 0.02063, 0.01683, 0.03125, 0.015045, -0.01572, 0.00576, 0.006584, -0.002125, 0.00697, 0.01563, 0.0005326, -0.01216, -0.03125, -0.04022, -0.01563, 0.012115, -0.01075, -0.01563, -0.01563, -0.01563, -0.01563, -0.02884, -0.02792, -0.00937, -0.01563, -0.01021, -0.01563, -0.01636, -0.01039, -0.002707, 0.01227, 0.0005345, -0.013336, -0.001145, -0.012985, -0.009026, -0.01424, -0.006847, -0.00208, -0.003113, -0.01058, -0.01453, -0.02438, -0.01563, -0.02954, -0.01563, -0.01563, -0.01196, -0.02292, -0.01874, -0.00428, -0.007812, -0.01563, -0.01563, -0.01575, -0.008896, -0.007812, -0.01767, -0.01974, -0.01245, -0.013626, -0.01736, -0.03168, -0.01576, -0.007812, -0.003906, -0.003906, -0.007812, -0.01563, -0.01563, -0.03125, -0.01892, -0.02777, -0.025, -0.006447, 9.155e-5, 0.00451, -0.01563, -0.03125, -0.0296, -0.01651, -0.01557, -0.03125, -0.02444, -0.03125, -0.03125, -0.03534, -0.03125, -0.01376, -0.006065, -0.03265, -0.04163, -0.03125, -0.02661, -0.03125, -0.03125, -0.03125, -0.03943, -0.0431, -0.03058, -0.01563, -0.02618, -0.0315, -0.03125, -0.02313, -0.01563, -0.01678, -0.03125, -0.03009, -0.01718, -0.02347, -0.00275, 0.00468, -0.00882, 0.00949, -0.01563, -0.03125, -0.01563, -0.03125, -0.01563, -0.01434, -0.01563, -0.0245, -0.03125, -0.04718, -0.05615, -0.03125, -0.03125, -0.02832, -0.007812, -0.01563, -0.01547, -0.01563
-0.01834, -0.02563, -0.007187, -0.01563, -0.01776, -0.036, -0.03552, -0.03125, -0.01563, -0.00631, -0.01563, -0.03125, -0.0275, -0.01558, -0.01352, 0.003448, 0.02826, 0.02802, 0.02185, 0.01563, 0.03125, 0.007812, -0.01563, -0.0332, -0.02759, -0.03052, -0.03125, -0.03802, -0.0216, -0.01974, -0.02017, -0.003906, -0.004715, -0.001953, -0.001022, 0.00237, 0.002941, 0.006527, 0.00814, -0.0002997, -0.011345, -0.01506, -0.003906, -0.008675, -0.01703, -0.03125, -0.03125, -0.009445, -0.01563, -0.01563, -0.01563, 0.0057, 0.006294, -0.0012045, 0.007812, 0.01688, -0.012344, -0.007812, -0.01648, -0.01563, -0.02008, -0.02072, -0.001472, 0.01724, 0.01563, 0.01563, 0.03125, 0.01721, 0.03125, 0.03125, 0.02582, -0.00728, 0.005074, 0.001953, -0.00981, -0.004417, 0.01563, 0.03125, 0.004005, -0.02283, -0.01563, 0.01749, 0.01563, -0.007812, -0.02686, -0.01563, -0.01563, -0.01133, -0.04248, -0.04895, -0.0478, -0.04315, -0.02658, -0.01563, 0.007812, 0.007935, 0.003906, 0.01563, -0.0003965, -0.01599, 0.0003622, 0.00827, -0.00454, 0.004955, -0.01194, 0.00808, 0.00951, -0.01531, -0.03125, -0.02704, -0.01288, -0.03125, -0.02469, -0.007812, -0.01563, -0.01563, -0.01563, -0.01002, -0.01563, -0.01657, -0.007812, 0.007812, 0.00301, -0.01672, -0.03125, -0.02594, -0.0217, -0.03125, -0.02646, -0.02408, -0.03406, -0.03125, -0.02448, -0.02579, -0.01495, -0.01563, -0.007812, -0.01292, -0.0002847, 0.004025, -0.00602, 0.011444, 0.00784, 0.0279, -0.02197, -0.03125, -0.03125, -0.02316, -0.02338, -0.01563, -0.01447, -0.02618, -0.0181, -0.0144, -0.00964, 0.003223, -0.00872, -0.01625, -0.03125, -0.03125, -0.02594, -0.01253, -0.02246, -0.011215, -0.007812, -0.01563, -0.02072, -0.01264, -0.01962, -0.013214, -0.01563, -0.0122, -0.01563, -0.01079, 0.00626, -0.003906, 0.01039, 0.01563, 0.01563, 0.01917, 0.008575, 0.007786, -0.01563, -0.01563, -0.007812, -0.01563, -0.0169, -0.01563, -0.01901, -0.02676, -0.01563, -0.03125, -0.0362, -0.03125, -0.02744, -0.01563, -0.02933, -0.0108, -0.01563, -0.01468
-0.003906, -0.01563, -0.01158, -0.004353, -0.01018, -0.00952, -0.03125, -0.01563, -0.007812, -0.01141, 0.007557, -0.01556, -0.02222, -0.01776, -0.007812, 0.01898, 0.03125, 0.02823, -0.001918, 0.003332, 0.00715, -0.02274, -0.01563, -0.01563, -0.02289, -0.04138, -0.03125, -0.02856, -0.012924, -0.007812, -0.01563, 0.001953, 0.00602, 0.007904, 0.01311, 0.0005856, 0.007812, 0.002218, 0.00934, 0.008354, -0.02051, -0.0184, -0.006607, -0.03766, -0.05048, -0.04785, -0.03406, -0.01651, -0.01797, -0.01941, -0.01236, -0.0159, -0.01648, -0.02107, -0.0008354, 0.004597, -0.02884, -0.03125, -0.03125, -0.01767, -0.00536, 0.01584, 0.01375, 0.01611, 0.007812, 0.01402, -0.01563, -0.007034, 0.01471, 0.01584, 0.007812, 0.01314, 0.003906, 0.007416, -0.00845, 0.01563, 0.01164, 0.0268, 0.01569, 0.00692, -0.007812, 0.02567, 0.0625, 0.01563, -0.03125, -0.01563, -0.01974, -0.03125, -0.0625, -0.05206, -0.02185, -0.01563, -0.007812, -0.01509, 0.00604, 0.007812, 0.013336, 0.0147, 0.0245, 0.006947, 0.00992, 0.001201, 0.01563, 0.012955, 0.01563, 0.01563, 0.009964, 0.00989, -0.012436, -0.006927, -0.007812, -0.02417, 0.00322, -0.007812, -0.02328, -0.015274, -0.01563, -0.02338, 0.00252, -0.007812, -0.007812, -0.006653, -0.004913, -0.01956, -0.03125, -0.03125, -0.02261, -0.03125, -0.01949, -0.01459, -0.02399, -0.03125, -0.01563, -0.01563, -0.01563, -0.00689, -0.007935, -0.004784, 0.007202, 0.006496, 0.01584, 0.0268, 0.034, 0.03375, 0.01506, -0.01563, 0.00265, -0.01672, 0.007812, 0.00988, 0.002966, -0.02429, -0.03125, -0.03125, -0.02475, -0.01316, -0.010925, 0.01047, -0.006866, -0.01779, -0.01563, -0.007812, -0.01563, -0.01167, 0.003721, 0.01785, 0.01648, 0.00437, 0.000996, 0.01563, -0.006046, -0.001134, 0.01563, 0.01105, 0.007286, -0.003595, -0.00489, 0.001556, 0.003088, 0.001308, -0.00821, -0.006218, -0.00828, -0.00827, -0.00292, -0.00981, -0.0187, -0.02405, -0.02658, -0.01563, -0.01563, -0.01611, -0.03125, -0.03125, -0.03125, -0.01563, -0.03125, -0.01685, -0.01563, -0.018
0.01238, 0.000617, 0.01547, 0.0143, 0.005753, 0.00731, -0.007812, -0.001234, 0.012024, 0.01563, 0.02701, 0.01819, 0.01546, 0.02832, 0.03125, 0.04767, 0.04596, 0.02426, -0.01446, -0.01563, 0.001175, -0.0114, -0.01758, -0.000977, -0.03125, -0.06055, -0.0365, -0.03394, -0.01282, -0.005844, -0.00993, 0.00818, 0.0117, -0.01563, -0.01316, -0.013626, 0.006264, 0.005733, 0.001475, -0.02187, -0.0373, -0.02225, -0.02444, -0.03748, -0.0522, -0.03125, -0.03125, -0.02792, -0.00914, -0.03125, -0.01563, -0.01563, -0.012344, -0.007812, -0.01563, -0.010895, -0.02036, -0.00612, -0.01563, -0.01314, -0.002987, -0.003906, 0.02017, 0.03125, 0.0374, 0.008316, -0.02136, -0.01138, 0.001121, 0.00952, 0.01376, 0.005234, 0.001112, -0.00666, 0.005894, 0.01563, 0.03125, 0.01563, 0.0347, 0.01306, 0.0279, 0.02127, 0.04523, 0.01563, 0.001835, -0.009346, -0.00673, -0.03723, -0.0625, -0.03717, -0.00877, 0.01724, -0.005108, 0.002485, 0.002657, 0.003914, -0.00798, 0.00897, 0.01292, 0.0007915, 0.001024, -0.01947, 0.012146, 0.005417, 0.01895, 0.01474, 0.01354, 0.00923, -0.01109, -0.01563, -0.001454, -0.02213, -0.00434, -0.007812, -0.0191, -0.007057, -0.01563, -0.0227, -0.01007, -0.0007515, 0.01563, 0.01563, 0.000977, -0.01224, -0.01642, -0.02423, -0.02255, -0.03125, -0.01563, -0.01563, -0.01773, -0.03125, -0.01373, -0.01219, -0.01842, 0.007812, 0.00797, 0.006233, 0.006435, 0.007812, -0.01378, 0.01563, 0.01563, 0.02823, 0.01563, 0.0099, 0.02191, 0.02658, 0.03125, 0.0544, 0.03387, 0.01014, -0.0014715, -0.01563, 0.01779, 0.01447, 0.0002458, 0.01563, -0.0103, -0.03125, -0.01749, -0.01563, 0.01232, 0.002396, 0.007812, 0.003906, 0.01563, 0.007812, 0.01399, 0.01563, 0.01279, 0.006035, 0.01761, 0.011154, 0.012375, 0.015526, 0.004807, 0.01855, 0.01563, 0.007812, 0.03125, 0.0169, -0.003906, -0.012955, -0.01938, -0.01132, 0.01668, 0.006603, -0.01563, -0.01563, -0.02158, -0.01422, -0.01563, -0.007248, -0.007812, -0.007248, -0.007812, -0.01563, -0.004875, 5.925e-5
0.01563, 0.01563, 0.002043, 0.00411, 0.01091, 0.00816, 0.01996, 0.0169, 0.02255, 0.02826, 0.03125, 0.03204, 0.0235, 0.03674, 0.04218, 0.05402, 0.04932, 0.03125, 0.00867, 0.003906, 0.007812, 0.002314, 0.000373, 0.00612, -0.01563, -0.03125, -0.03125, -0.02005, 0.00444, -0.000512, 0.01128, 0.0008, -0.02528, -0.03125, -0.01563, 0.01701, 0.01563, 0.01563, 0.01065, -0.00932, -0.015594, -0.01563, 0.013565, -0.01563, -0.03125, -0.01563, -0.01563, -0.01755, 0.00569, -0.01764, -0.014946, -0.01281, -0.01161, 0.003906, -0.007812, 0.003906, 0.01563, 0.005657, -0.01563, -0.013695, 0.01076, -0.01563, -0.01987, -0.0314, -0.01563, -0.03125, -0.03125, 0.002117, 0.003105, 0.005714, 0.01563, 0.02042, 0.003517, -0.001226, -0.01018, -0.0174, -0.01563, 0.005333, 0.01349, 0.03024, 0.007812, -0.013794, -0.01563, -0.02356, -0.0217, -0.01736, -0.01311, -0.02484, -0.0354, -0.0177, 0.003906, 0.01611, 0.01563, -0.002178, 0.01326, 0.02487, 0.0256, 0.014465, 0.00981, 0.00848, -0.007812, -0.01973, -0.01563, -0.02072, -0.004845, -0.01563, 0.01247, -0.007282, -0.01011, -0.01369, -0.01459, -0.01306, -0.01563, -0.01703, -0.008865, -0.005203, 0.00842, 0.004597, 0.00944, 0.007812, 0.014465, 0.00981, 0.001833, -0.007812, -0.01563, -0.007812, -0.01563, -0.01563, -0.01563, -0.00496, -0.01642, -0.01563, 0.007225, 0.01056, 0.01923, 0.03125, 0.0163, 0.03125, 0.03125, 0.01874, -0.003906, 0.01563, 0.01563, 0.02283, 0.04358, 0.04803, 0.0398, 0.02838, 0.03125, 0.03125, 0.010666, -0.02304, -0.01213, 0.007812, 0.02151, 0.0253, 0.01563, 0.02493, -0.001834, -0.02045, -0.01974, -0.01563, 0.007812, 0.03125, 0.01563, 0.0162, 0.03125, 0.04218, 0.03125, 0.03125, 0.03125, 0.01563, 0.01953, 0.03125, 0.01166, 0.0119, 0.01563, 0.01889, 0.02106, 0.01904, 0.02515, 0.02621, 0.01563, -0.0123, -0.01563, -0.00529, 0.00708, 0.002579, -0.00447, -0.001592, 0.007465, -0.003906, 0.00789, -0.00612, 0.01788, 0.007812, -0.00835, -0.01782, 0.010056, -0.007812
0.01563, 0.007812, 0.00862, 0.01021, 0.01335, 0.007046, 0.01563, 0.02481, 0.01794, 0.0203, 0.02228, 0.02057, 0.03125, 0.02823, 0.02417, 0.02719, 0.01563, 0.01563, 0.01605, 0.01073, 0.007812, 0.01563, 0.01008, -0.003817, -0.0116, -0.01376, -0.02213, -0.005898, 0.0253, 0.02454, 0.0191, -0.0188, -0.03485, -0.02567, -0.01924, 0.01563, 0.01563, 0.02322, 0.01359, 0.0002215, -0.000421, 0.002752, 0.002678, -0.02457, -0.03387, -0.01563, -0.01563, -0.0166, 0.002018, 0.003906, 0.0001194, -0.009, -0.0001864, 0.00564, 0.01993, 0.03125, 0.03265, 0.01376, -0.02109, -0.01767, -0.0004163, 0.0001659, -0.004753, -0.00955, -0.01563, -0.03708, -0.010086, 0.01082, 0.01563, 0.01563, 0.01563, 0.01563, -0.01563, -0.03345, -0.0185, -0.02771, -0.01087, -0.00879, -0.0146, 0.003906, -0.01563, -0.04242, -0.01978, -0.01563, -0.007812, -0.03125, -0.02585, -0.02951, -0.01584, 0.01515, 0.02762, 0.01233, 0.02615, 0.00846, 0.01883, 0.05756, 0.0362, 0.001929, 0.00987, 0.02783, 0.011505, 0.00351, -0.00828, 0.008644, -0.00451, 0.0074, 0.01122, -0.0092, 0.01563, 0.00476, -0.00835, -0.02658, -0.01563, -0.011505, -0.008316, 0.002457, 0.006676, 0.01563, 0.002579, -0.00929, 0.002207, 0.00666, -0.008835, -0.004036, -0.007584, -0.00438, -0.003906, -0.00583, -0.005188, -0.006577, 0.003906, 0.007812, 0.01474, 0.01323, 0.01563, 0.02338, 0.02545, 0.03125, 0.0303, 0.01563, 0.03125, 0.02866, 0.03094, 0.0406, 0.0441, 0.02884, 0.02164, 0.0046, 0.007812, 0.02194, -0.002844, -0.02512, -0.00937, 0.007812, 0.01563, 0.0242, 0.03125, 0.0191, 0.01227, 0.0143, 0.01846, 0.01563, 0.01563, 0.02335, 0.02084, 0.02292, 0.02621, 0.02606, 0.03125, 0.02519, 0.02698, 0.03125, 0.03625, 0.03235, 0.00927, -0.003086, 0.001435, -0.0004725, 0.01605, 0.01091, 0.02039, 0.02155, 0.0216, 0.005135, -0.007812, -0.003906, -0.001626, -0.002226, -0.007122, -0.01563, -0.00926, -0.01563, 0.01346, 0.01947, 0.01192, 0.00983, 0.009796, 0.01317, 0.0174, 0.01227
0.01563, 0.01563, 0.01549, 0.01004, 0.01563, 0.01413, 0.02783, 0.03125, 0.02255, 0.02362, 0.03125, 0.03125, 0.03125, 0.04395, 0.03314, 0.02579, 0.007812, 0.01563, 0.00436, 0.01563, 0.02243, 0.02496, 0.01106, -0.004982, -0.003986, 0.003906, 0.01761, 0.009674, 0.03125, 0.03656, 0.03125, 0.007812, -0.01494, -0.01094, -0.005642, -0.008026, -0.004868, 0.01305, 0.01883, 0.01563, 0.01624, 0.01932, 0.02127, -0.01343, -0.03674, -0.02899, -0.02933, -0.017, -0.007812, -0.0005627, -0.00975, 0.01117, 0.01563, 0.02603, 0.03125, 0.04358, 0.04828, 0.01563, 0.007812, -0.013626, -0.007694, 0.001693, -0.0003147, -0.0052, 0.005157, -0.001738, 0.0002124, 0.01563, 0.01563, 0.03125, 0.0365, 0.02365, -0.005337, -0.03125, -0.01563, -0.0211, -0.003149, -0.01254, -0.01904, -0.0007677, -0.01064, -0.03918, -0.0173, -0.01968, -0.01563, -0.01837, -0.007812, -0.02234, -0.0192, 0.014915, 0.03125, 0.02115, 0.02539, 0.0231, 0.0191, 0.03125, 0.010345, -0.00986, -0.01354, 0.005013, 0.01021, 0.01682, 0.01431, 0.02756, 0.02374, 0.02185, 0.02945, 0.007812, 0.01149, 0.00923, 0.01627, 0.004025, 0.008316, 0.00231, 0.005642, 0.00833, 0.01825, 0.01563, 0.01366, -0.001394, -0.003614, 0.003906, 0.007812, 0.013855, 0.002083, 0.003483, 0.006348, 0.01076, 0.01326, 0.01563, 0.01785, 0.02362, 0.02213, 0.01865, 0.01563, 0.02594, 0.03418, 0.03125, 0.03302, 0.02347, 0.03006, 0.03326, 0.03192, 0.0428, 0.03894, -0.01246, -0.02005, -0.02338, -0.02652, -0.000303, -0.002014, -0.00931, -0.007275, 0.02158, 0.01563, 0.02502, 0.03656, 0.01794, 0.012375, 0.02812, 0.02145, 0.02133, 0.01968, 0.02469, 0.012634, 0.011154, 0.01225, 0.007812, -0.007812, 0.01563, 0.03125, 0.03455, 0.03345, 0.03442, 0.02844, 0.02167, 0.008484, 0.013214, 0.0198, 0.01375, 0.01563, 0.01718, 0.0081, 0.0001533, -0.0006475, 0.005516, 0.007812, 0.007812, -0.011505, -0.02142, -0.01563, 0.01563, 0.03125, 0.03125, 0.03076, 0.003906, 0.02377, 0.01767, 0.02429, 0.01672
0.01563, 0.01563, 0.00873, 0.01764, 0.01563, 0.01563, 0.02267, 0.02682, 0.01563, 0.004616, 0.01077, 0.01563, 0.02234, 0.0354, 0.04565, 0.03125, 0.01462, 0.007965, 0.006638, 0.02026, 0.03125, 0.01831, 0.02359, 0.00586, 0.01308, 0.01563, 0.01062, 0.0285, 0.02707, 0.02866, 0.0334, 0.0242, 0.01984, -0.004524, -0.02284, -0.006737, 0.003202, 0.01761, 0.007812, 0.007812, -0.003855, 0.009155, 0.01974, 0.0007286, -0.008804, -0.00248, 0.001131, 0.005226, 0.01187, 0.01926, 0.01563, 0.007812, 0.01563, 0.02861, 0.03387, 0.03125, 0.03552, 0.0214, -0.003906, -0.0125, -0.01003, -0.006454, -0.006638, -0.00474, 0.01346, 0.01563, 0.01563, 0.01295, -0.0003324, 0.016, 0.02118, 0.006027, -0.00882, -0.01567, -0.01346, 0.003906, -0.007812, -0.00968, 0.008224, -0.004257, 0.00455, -0.01479, -0.02411, -0.02249, -0.01442, -0.01407, -0.00598, -0.001953, 0.01563, 0.0232, 0.03125, 0.03168, 0.03125, 0.03125, 0.03125, 0.0329, 0.01463, -0.01563, -0.0139, 0.002472, -0.002033, 0.0267, 0.02628, 0.02151, 0.03125, 0.01581, 0.03125, 0.0359, 0.0177, 0.0133, 0.02034, 0.00996, 0.023, 0.003944, -0.007195, -0.009285, -0.001953, 0.003674, 0.007812, 0.01082, 0.01563, 0.0121, 0.01016, 0.007812, -0.003906, -0.003906, -0.00799, 0.0087, 0.00931, 0.01819, 0.01433, 0.012726, 0.007812, 0.00676, 0.01563, 0.01602, 0.03125, 0.04755, 0.03564, 0.03125, 0.03125, 0.01128, 0.03827, 0.03503, 0.01923, 0.01563, 0.01134, 0.01563, 0.01561, 0.02013, 0.03125, 0.03125, 0.0423, 0.03125, 0.03003, 0.02399, 0.03125, 0.02887, 0.03012, 0.03125, 0.03125, 0.010376, -0.01563, -0.007812, -0.00146, 0.004333, 0.00233, 0.0004644, 0.01563, 0.01563, 0.01563, 0.03125, 0.0387, 0.03424, 0.01454, 0.03125, 0.0202, 0.01947, 0.01904, 0.0181, 0.0137, 0.01068, 0.004482, 0.01563, 0.01563, 0.01938, 0.01941, 0.01657, 0.01563, 0.015396, 0.01563, 0.01819, 0.01563, 0.01968, 0.02646, 0.03125, 0.01563, 0.03125, 0.02744, 0.01859
0.02707, 0.01999, 0.002247, 0.01563, 0.01563, 0.02362, 0.01974, 0.01862, 0.01007, 0.003906, 0.00679, 0.01563, 0.03125, 0.0313, 0.04596, 0.052, 0.03125, 0.03125, 0.03125, 0.03552, 0.03345, 0.04724, 0.0239, -0.01563, 0.011734, 0.01617, 0.02252, 0.03125, 0.01703, 0.0162, 0.02698, 0.02393, 0.0327, 0.03125, 0.0167, 0.01563, 0.01563, 0.007812, 0.01563, 0.01018, 0.008995, 0.008705, 0.01968, 0.02563, 0.001287, 0.007812, 0.004265, 0.001363, 0.01099, 0.02063, 0.01563, 0.01563, 0.01563, 0.02206, 0.0371, 0.03125, 0.0625, 0.03467, -0.006298, 0.003906, 0.007812, 0.04565, 0.01688, 0.02939, 0.02759, 0.03125, 0.01242, 0.01314, 0.03125, 0.03125, 0.02652, 0.01547, -0.00734, 0.0028, -0.01184, 0.003094, 0.01563, 0.00815, 0.002417, 0.01912, 0.01563, -0.005768, -0.003906, -0.00926, -0.007812, 0.0048, 0.02368, 0.02124, 0.01947, 0.02484, 0.02197, 0.0417, 0.05127, 0.0438, 0.03061, 0.0297, 0.00986, -0.01654, 0.003592, 0.02441, 0.02618, 0.04645, 0.03125, 0.03125, 0.0337, 0.0412, 0.05167, 0.05206, 0.03125, 0.02966, 0.02884, 0.01755, 0.01746, 0.01602, 0.01198, 0.01563, 0.02954, 0.02881, 0.01503, 0.00463, 0.01563, 0.02142, 0.01462, 0.01225, 0.003675, 0.0109, 0.0002937, 0.01233, 0.01563, 0.01653, 0.01935, 0.01349, 0.01256, 0.004753, 0.01578, 0.02594, 0.04437, 0.05664, 0.05695, 0.04926, 0.02661, -0.006, 0.014435, 0.005997, 0.00235, 0.01563, 0.02887, 0.02087, 0.01563, 0.01563, 0.02667, 0.02933, 0.02087, 0.01563, -0.007812, -0.02554, 0.003445, 0.03125, 0.03125, 0.03125, 0.02069, -0.04767, -0.04913, -0.03125, -0.01563, -0.00611, -0.006397, 0.007812, 0.03125, 0.03094, 0.04205, 0.03085, 0.03125, 0.03015, 0.01721, 0.03125, 0.0209, 0.03125, 0.01563, 0.01636, 0.01563, 0.001067, 0.01563, 0.01877, 0.01749, 0.01563, 0.00926, 0.01495, 0.01286, 0.01563, 0.01837, 0.007812, 0.01563, 0.007812, 0.01563, 0.01907, 0.03113, 0.0365, 0.03125, 0.03125
0.03125, 0.03125, 0.02423, 0.02304, 0.01563, 0.01563, 0.012436, 0.011734, 0.007812, 0.03253, 0.01563, 0.0321, 0.03125, 0.05, 0.0625, 0.0652, 0.03125, 0.013245, 0.03125, 0.02325, 0.03864, 0.03662, 0.02383, 0.01563, 0.01587, 0.0174, 0.03125, 0.02948, 0.02509, 0.02423, 0.011505, 0.01563, 0.01563, 0.01283, 0.0216, 0.01563, 0.01563, 0.01137, 0.01773, 0.01563, 0.03032, 0.0224, 0.02287, 0.01758, 0.00894, 0.007812, 0.003012, 0.01042, 0.0153, 0.01563, 0.01578, 0.01901, 0.01297, 0.001634, 0.003906, 0.02567, 0.03125, 0.03082, 0.007812, 0.00862, 0.02368, 0.03125, 0.03125, 0.03125, 0.03137, 0.02444, 0.02739, 0.03955, 0.02676, 0.02933, 0.03717, 0.02332, 0.02402, 0.03125, 0.01596, 0.01569, 0.01563, 0.011734, 0.012276, 0.02548, 0.01343, 0.01993, 0.014496, 0.014725, 0.02512, 0.03125, 0.01563, 0.02701, 0.02777, 0.01563, 0.01563, 0.01563, 0.02841, 0.03125, 0.02957, 0.02948, 0.0177, 0.008286, 0.03455, 0.03333, 0.05615, 0.0398, 0.0385, 0.02615, 0.02701, 0.03125, 0.02466, 0.03125, 0.01563, 0.01807, 0.01999, 0.01169, 0.01563, 0.01563, 0.0121, 0.02368, 0.02383, 0.01563, 0.01056, 0.01207, 0.007156, 0.006096, 0.01563, 0.01004, 0.01563, 0.01962, 0.02719, 0.03125, 0.02728, 0.0203, 0.02377, 0.02957, 0.02487, 0.01563, 0.01337, 0.01563, 0.01563, 0.03125, 0.05652, 0.04285, 0.03125, 0.02829, 0.03125, 0.03375, 0.03125, 0.02194, 0.02728, 0.03125, 0.01563, 0.01563, 0.02399, 0.02023, 0.01563, 0.002361, -0.007812, -0.01563, -0.01563, 4.83e-5, 0.014984, 0.02094, -0.03125, -0.0489, -0.03125, -0.007812, 0.01563, 0.00791, 0.03125, 0.03125, 0.02966, 0.03125, 0.03125, 0.02728, 0.03125, 0.03125, 0.03125, 0.02338, 0.03125, 0.03125, 0.03748, 0.0263, 0.03326, 0.02359, 0.02591, 0.02484, 0.021, 0.01133, 0.01572, 0.02028, 0.01563, 0.01563, 0.0166, 0.02603, 0.0231, 0.02661, 0.02618, 0.03125, 0.04205, 0.04553, 0.0404, 0.03772
0.0327, 0.03125, 0.03583, 0.03125, 0.03125, 0.02444, 0.0177, 0.004673, 0.01563, 0.01563, 0.006546, 0.0192, 0.01563, 0.03125, 0.03125, 0.03192, -0.00757, -0.01563, -0.00396, 0.0081, 0.01563, 0.013336, 0.00975, 0.01758, 0.03125, 0.03125, 0.03125, 0.03125, 0.03168, 0.02222, 0.01419, 0.01306, 0.01563, 0.01688, 0.00627, 0.01563, 0.01563, 0.02017, 0.01425, 0.03125, 0.03467, 0.02231, 0.01721, 0.03375, 0.01195, 0.01352, 0.01563, 0.03314, 0.03125, 0.03125, 0.03326, 0.00821, 0.004852, -0.002083, 0.000387, 0.01563, 0.0203, 0.04047, 0.02335, 0.03125, 0.03125, 0.01709, 0.03125, 0.03662, 0.04553, 0.05035, 0.0393, 0.0329, 0.03009, 0.02835, 0.02963, 0.03125, 0.03125, 0.03125, 0.02548, 0.01563, 0.0152, 0.03125, 0.0228, 0.003405, 0.01932, 0.02591, 0.02307, 0.01651, 0.01563, 0.03125, 0.01563, 0.01843, 0.01563, 0.01563, 0.010284, 0.02136, 0.03546, 0.03506, 0.03613, 0.01862, 0.0181, 0.00221, 0.0202, 0.03955, 0.03833, 0.03333, 0.03125, 0.03125, 0.04044, 0.03125, 0.02982, 0.03125, 0.01941, 0.01663, 0.007812, 0.01563, 0.01563, 0.007812, 0.02802, 0.03076, 0.03125, 0.02344, 0.009094, 0.01563, 0.003906, 0.007812, 0.01129, 0.01563, 0.01563, 0.01993, 0.02841, 0.021, 0.02322, 0.01767, 0.0271, 0.02515, 0.01224, 0.007812, -0.007812, -0.003025, 0.003906, 0.00922, 0.02402, 0.0173, 0.02655, 0.03125, 0.0263, 0.02188, 0.03125, 0.03772, 0.02441, 0.02344, 0.01563, 0.01563, 0.02066, 0.03125, 0.03125, 0.02576, 0.003906, 0.003906, 0.001953, -0.001716, -0.007812, -0.013214, -0.02603, -0.03125, -0.01563, 0.00877, 0.03125, 0.03546, 0.03125, 0.03125, 0.0238, 0.03036, 0.03125, 0.0407, 0.03577, 0.03125, 0.03125, 0.02621, 0.02863, 0.03125, 0.03607, 0.03827, 0.04022, 0.01563, 0.02728, 0.03125, 0.01697, 0.008965, 0.01563, 0.01563, 0.007812, 0.006462, -0.0001228, 0.017, 0.01563, 0.010635, 0.01917, 0.03302, 0.04504, 0.0625, 0.03125, 0.03296
0.03043, 0.0398, 0.03125, 0.0557, 0.04398, 0.02274, 0.00841, 0.006866, 0.002615, 0.01086, 0.01563, -0.005123, 0.00372, 0.008484, 0.004494, 0.010376, 0.0003183, -0.01865, 0.007812, 0.001923, -0.01106, 0.001059, -0.007412, -0.006485, 0.007812, 0.007812, 0.008606, 0.01161, 0.03125, 0.0297, 0.01563, 0.01563, 0.007812, 0.01672, 0.02505, 0.03125, 0.02563, 0.01901, 0.03125, 0.0382, 0.04016, 0.03125, 0.02411, 0.02194, 0.02182, 0.010445, 0.03125, 0.0304, 0.0374, 0.03424, 0.037, 0.02069, 0.007812, 0.01213, 0.010635, 0.03125, 0.03125, 0.0359, 0.039, 0.026, 0.03055, 0.01846, 0.03564, 0.04614, 0.05585, 0.05304, 0.03882, 0.02805, 0.03125, 0.01563, 0.03125, 0.03125, 0.03125, 0.03125, 0.03125, 0.01968, 0.03455, 0.034, 0.03125, -0.002806, 0.011116, 0.02618, 0.02258, 0.03125, 0.01563, 0.03125, 0.03125, 0.03125, 0.02283, 0.02249, 0.0418, 0.05072, 0.05804, 0.06085, 0.05, 0.03125, 0.02191, 0.01563, 0.009964, 0.03125, 0.01837, 0.01563, 0.00931, 0.01563, 0.03125, 0.03888, 0.03125, 0.02661, 0.03125, 0.02841, 0.01563, 0.01563, 0.01563, 0.01503, 0.02988, 0.03125, 0.01947, 0.01857, 0.0185, 0.02115, 0.0155, 0.02289, 0.01672, 0.02557, 0.02145, 0.01688, 0.03125, 0.03247, 0.01563, 0.02441, 0.01736, 0.0311, 0.01978, 0.01563, 0.02597, 0.02182, 0.03125, 0.01563, 0.02148, 0.02191, 0.02963, 0.03125, 0.01974, 0.01563, 0.0245, 0.03674, 0.03125, 0.02545, 0.02948, 0.03125, 0.0311, 0.02951, 0.02658, 0.01563, 0.01396, 0.007812, 0.01485, 0.01131, -0.004333, -0.01563, -0.02856, -0.03104, -0.01563, -0.01563, 0.001953, 0.01155, 0.01563, 0.01761, 0.01563, 0.01563, 0.013, 0.03125, 0.03125, 0.03116, 0.03082, 0.03125, 0.01563, 0.02924, 0.02618, 0.03735, 0.04456, 0.02606, 0.01852, 0.03125, 0.03125, 0.01563, 0.01563, 0.01886, 0.007812, 0.01369, 0.0166, 0.01468, 0.01075, 0.003906, 0.02493, 0.02753, 0.04132, 0.0479, 0.03125, 0.01563
0.0346, 0.05084, 0.05725, 0.05884, 0.04913, 0.01563, 0.007664, -0.003042, -0.00484, 0.004253, 0.0066, 0.006645, 0.01563, 0.01563, 0.003906, 0.007812, -0.002214, 0.01154, 0.01563, 0.00615, 0.02155, 0.01324, -0.007023, 0.002209, 0.005928, -0.004128, -0.003206, 0.01563, 0.0264, 0.0245, 0.02866, 0.03125, 0.03122, 0.00812, 0.01563, 0.02441, 0.02979, 0.01563, 0.03125, 0.03125, 0.03802, 0.03418, 0.03888, 0.03125, 0.0318, 0.03705, 0.02011, 0.0278, 0.0348, 0.03125, 0.03125, 0.015144, 0.003622, 0.00929, 0.03125, 0.03125, 0.03125, 0.0373, 0.0323, 0.03247, 0.03125, 0.03125, 0.03864, 0.04962, 0.06128, 0.0619, 0.0625, 0.0431, 0.02802, 0.03116, 0.04034, 0.0454, 0.03125, 0.02438, 0.0296, 0.03125, 0.04333, 0.05408, 0.0268, 0.00705, 0.0238, 0.0274, 0.03125, 0.0354, 0.04767, 0.0523, 0.0625, 0.04004, 0.01563, 0.01563, 0.01563, 0.02902, 0.05048, 0.06152, 0.03125, 0.01563, 0.02762, 0.02664, 0.02661, 0.03125, 0.03125, 0.02383, 0.03125, 0.03125, 0.03137, 0.03125, 0.0371, 0.01697, 0.01563, 0.02533, 0.02524, 0.02933, 0.01648, 0.01563, 0.02017, 0.0311, 0.02023, 0.015396, 0.02081, 0.02728, 0.01608, 0.01563, 0.01431, 0.010895, 0.02174, 0.0119, 0.03125, 0.03925, 0.03125, 0.03125, 0.04938, 0.05542, 0.0487, 0.03387, 0.03125, 0.0213, 0.03125, 0.03125, 0.02386, 0.01697, 0.02026, 0.03125, 0.03125, 0.0264, 0.01865, 0.01222, 0.03125, 0.02911, 0.02695, 0.03012, 0.03125, 0.0216, 0.013504, 0.01563, 0.001953, -0.01288, -0.01581, -0.00955, 0.005306, 0.001057, -0.01563, -0.01563, -0.00551, -0.003906, -0.003906, -0.01386, 0.00592, 0.01227, 0.01456, 0.01369, 0.00757, 0.01563, 0.01563, 0.01563, 0.01611, 0.02475, 0.03125, 0.03125, 0.03125, 0.05267, 0.0542, 0.03125, 0.01563, 0.02707, 0.03125, 0.01563, 0.02792, 0.03125, 0.02405, 0.01566, 0.013885, 0.0148, 0.03125, 0.03558, 0.03125, 0.0235, 0.03217, 0.0437, 0.04327, 0.03125
0.03473, 0.03125, 0.05432, 0.05212, 0.03125, 0.007812, 0.01563, 8.327e-5, 0.00963, 0.007812, -0.0004086, 0.003906, 0.01539, 0.02835, 0.01563, 0.02281, 0.03125, 0.01563, 0.01788, 0.02863, 0.02591, 0.01563, 0.007812, 0.01016, 0.007812, 0.02667, 0.01785, 0.02493, 0.01968, 0.02692, 0.02136, 0.0321, 0.03125, 0.01617, 0.01563, 0.01563, 0.03125, 0.03125, 0.03693, 0.03943, 0.03876, 0.03717, 0.03632, 0.03125, 0.01596, 0.01755, 0.02557, 0.03125, 0.02426, 0.03125, 0.03955, 0.01859, 0.01563, 0.01338, 0.01563, 0.03125, 0.02914, 0.03125, 0.03705, 0.04272, 0.05548, 0.0625, 0.0625, 0.06128, 0.0586, 0.0564, 0.06067, 0.04892, 0.02301, 0.02411, 0.01993, 0.03125, 0.03125, 0.02936, 0.03125, 0.03125, 0.03418, 0.0407, 0.01828, 0.006676, 0.02377, 0.02716, 0.02866, 0.0528, 0.05548, 0.0407, 0.03122, 0.01877, 0.01351, 0.008125, -0.00789, 0.00598, 0.007812, 0.03125, 0.02628, 0.01563, 0.01611, 0.007004, 0.02875, 0.03125, 0.03394, 0.04224, 0.0511, 0.03125, 0.03125, 0.03186, 0.03894, 0.03125, 0.03125, 0.03125, 0.03125, 0.0264, 0.02866, 0.01807, 0.0267, 0.03125, 0.02045, 0.01497, 0.01581, 0.01563, 0.0297, 0.007107, 0.001271, 0.01563, 0.03125, 0.03104, 0.0395, 0.0359, 0.03674, 0.03125, 0.04077, 0.04596, 0.04523, 0.03833, 0.03125, 0.03125, 0.03125, 0.022, 0.02618, 0.03125, 0.02505, 0.03125, 0.03125, 0.03522, 0.03125, 0.03592, 0.03125, 0.026, 0.02606, 0.01563, 0.01563, 0.01987, 0.03125, 0.02124, 0.013336, 0.007812, 0.01563, 0.007187, 0.007812, 0.01837, 0.01563, 0.007812, 0.007812, 0.01563, -0.008545, 0.01563, 0.007812, 0.007812, 0.01563, 0.001483, -0.002506, 0.00544, 0.007812, 0.02179, 0.04126, 0.03992, 0.04163, 0.0337, 0.03125, 0.04425, 0.05157, 0.039, 0.0173, 0.02454, 0.0238, 0.02335, 0.01488, 0.0323, 0.03125, 0.03125, 0.01938, 0.01563, 0.0216, 0.03125, 0.04614, 0.03723, 0.03125, 0.03644, 0.04327, 0.0311
0.04572, 0.02884, 0.02725, 0.03125, 0.01563, 0.007812, 0.01563, 0.007812, 0.01387, 0.01605, 0.007812, 0.01563, 0.03125, 0.03336, 0.03125, 0.04822, 0.0468, 0.04395, 0.03125, 0.02261, 0.01482, 0.02686, 0.01375, 0.02066, 0.01822, 0.03125, 0.02606, 0.03125, 0.02277, 0.01978, 0.01843, 0.02515, 0.03125, 0.02347, 0.01563, 0.01563, 0.03125, 0.03558, 0.05023, 0.03796, 0.01932, 0.03085, 0.0242, 0.01563, 0.001933, -0.002216, 0.00897, 0.012726, 0.01563, 0.03357, 0.0376, 0.04382, 0.0476, 0.05298, 0.05505, 0.05817, 0.05768, 0.06232, 0.06415, 0.0625, 0.05804, 0.0625, 0.0625, 0.06995, 0.0625, 0.0548, 0.05304, 0.03455, 0.0191, 0.01852, 8.64e-6, 0.03125, 0.03125, 0.03125, 0.03125, 0.03125, 0.03937, 0.03125, 0.03174, 0.03125, 0.03125, 0.03125, 0.02173, 0.0448, 0.05896, 0.03662, 0.02216, 0.005356, -0.02051, -0.01366, -0.00465, 0.00868, 0.02394, 0.03024, 0.03021, 0.01563, 0.01563, 0.02777, 0.03116, 0.03125, 0.03436, 0.0451, 0.04565, 0.0525, 0.05463, 0.0625, 0.05292, 0.04248, 0.0228, 0.01813, 0.02066, 0.02841, 0.03125, 0.01779, 0.02808, 0.02643, 0.02255, 0.01563, 0.007133, 0.01563, 0.03125, 0.0278, 0.03125, 0.01563, 0.03125, 0.03717, 0.05096, 0.04816, 0.0515, 0.04437, 0.0503, 0.05267, 0.0625, 0.04614, 0.04675, 0.04504, 0.0475, 0.0324, 0.03302, 0.03094, 0.02771, 0.02509, 0.03467, 0.04156, 0.03998, 0.02722, 0.02316, 0.03125, 0.0315, 0.03125, 0.04245, 0.03308, 0.021, 0.02078, 0.02393, 0.02396, 0.03076, 0.01563, 0.01563, 0.01727, 0.02402, 0.03125, 0.01889, 0.02194, 0.0293, 0.03125, 0.02805, 0.00989, 0.0119, 0.00538, 0.01563, 0.03125, 0.03125, 0.04572, 0.04254, 0.03125, 0.0345, 0.03125, 0.03125, 0.03503, 0.04285, 0.03125, 0.0263, 0.02109, 0.03125, 0.0393, 0.03125, 0.03217, 0.0421, 0.03125, 0.02524, 0.03125, 0.03253, 0.03125, 0.04236, 0.0387, 0.03125, 0.04523, 0.0564, 0.0625
0.0619, 0.04846, 0.04645, 0.04034, 0.03662, 0.01816, 0.02066, 0.01563, 0.01819, 0.007835, 0.007507, 0.01563, 0.02228, 0.02551, 0.03067, 0.03534, 0.0401, 0.04755, 0.03577, 0.01436, 0.001968, 0.02295, 0.02002, 0.02039, 0.03125, 0.03125, 0.0475, 0.03, 0.03125, 0.03125, 0.02814, 0.01563, 0.01563, 0.03125, 0.02371, 0.03125, 0.03125, 0.03485, 0.04626, 0.02258, 0.0116, 0.01563, 0.0257, 0.01776, 0.0189, 0.01685, 0.00879, 0.01563, 0.03043, 0.03314, 0.04102, 0.04224, 0.04645, 0.0506, 0.05725, 0.06036, 0.05023, 0.0525, 0.04913, 0.04346, 0.05554, 0.05682, 0.06836, 0.0812, 0.05768, 0.04974, 0.0525, 0.03125, 0.01563, 0.03125, 0.03125, 0.04352, 0.04333, 0.03613, 0.03857, 0.03882, 0.04163, 0.03125, 0.02464, 0.03735, 0.03705, 0.02963, 0.03125, 0.0625, 0.0561, 0.0329, 0.00204, -0.00355, -0.007244, -0.01563, 0.01563, 0.009125, 0.02039, 0.02539, 0.02576, 0.02026, 0.01563, 0.03125, 0.03326, 0.02426, 0.03125, 0.0515, 0.05157, 0.0625, 0.05853, 0.05554, 0.0556, 0.03125, 0.01407, 0.01563, 0.01563, 0.03125, 0.03815, 0.0498, 0.04663, 0.03125, 0.02777, 0.01563, 0.02023, 0.02704, 0.02222, 0.05072, 0.03125, 0.03125, 0.02036, 0.03125, 0.04498, 0.06128, 0.04352, 0.04492, 0.0464, 0.04285, 0.04504, 0.0525, 0.0551, 0.06012, 0.0575, 0.0475, 0.04175, 0.03888, 0.03534, 0.03723, 0.03894, 0.04163, 0.04626, 0.03125, 0.03412, 0.0417, 0.0625, 0.05676, 0.04074, 0.0169, 0.01596, 0.01889, 0.0253, 0.03125, 0.03333, 0.02594, 0.01929, 0.02844, 0.01895, 0.03125, 0.02847, 0.01736, 0.03265, 0.03125, 0.03125, 0.01563, 0.01563, 0.02435, 0.01563, 0.02844, 0.03125, 0.03125, 0.0374, 0.03125, 0.03125, 0.03125, 0.03125, 0.03125, 0.03125, 0.03046, 0.03125, 0.03125, 0.03125, 0.04852, 0.05408, 0.0598, 0.03595, 0.03668, 0.02542, 0.03125, 0.0297, 0.03125, 0.02902, 0.0343, 0.03125, 0.03937, 0.05017, 0.0625
0.06946, 0.047, 0.05243, 0.0625, 0.04742, 0.03125, 0.02707, 0.03125, 0.01563, 0.01575, 0.02356, 0.0271, 0.02237, 0.01563, 0.02713, 0.03125, 0.02533, 0.0345, 0.0338, 0.02762, 0.03125, 0.04044, 0.01868, 0.03125, 0.03125, 0.03705, 0.05377, 0.04706, 0.0299, 0.02567, 0.02136, 0.01563, 0.03088, 0.02911, 0.02408, 0.0202, 0.03125, 0.02783, 0.03265, 0.03125, 0.0271, 0.03067, 0.03125, 0.01563, 0.01563, 0.007812, 0.00902, 0.01563, 0.02063, 0.02646, 0.03125, 0.02267, 0.0293, 0.03125, 0.0542, 0.05243, 0.04663, 0.0468, 0.03815, 0.02994, 0.03888, 0.03125, 0.04648, 0.0625, 0.04712, 0.0625, 0.06042, 0.0417, 0.03125, 0.02377, 0.04626, 0.05127, 0.04895, 0.02277, 0.02927, 0.03125, 0.0487, 0.04932, 0.04614, 0.03485, 0.04034, 0.0327, 0.04175, 0.0473, 0.0625, 0.039, 0.01563, 0.009445, -0.011154, 0.00169, 0.02182, 0.04138, 0.02878, 0.01624, 0.01563, 0.01015, 0.01636, 0.02335, 0.03125, 0.03973, 0.05164, 0.04407, 0.05878, 0.0597, 0.05817, 0.0531, 0.04803, 0.02075, 0.007812, 0.01239, 0.003906, 0.03125, 0.04962, 0.05267, 0.04602, 0.03052, 0.03125, 0.02621, 0.02768, 0.04333, 0.0536, 0.05414, 0.05127, 0.0489, 0.03125, 0.03125, 0.05322, 0.0625, 0.05426, 0.0379, 0.03943, 0.0321, 0.057, 0.0625, 0.0625, 0.0625, 0.06177, 0.05927, 0.03662, 0.03036, 0.03125, 0.03125, 0.03125, 0.03815, 0.04382, 0.0495, 0.05237, 0.05402, 0.0625, 0.05963, 0.04175, 0.01563, 0.00951, 0.01563, 0.03125, 0.0239, 0.03125, 0.02798, 0.02893, 0.03125, 0.03125, 0.03125, 0.03125, 0.01563, 0.0271, 0.0418, 0.04913, 0.02216, 0.009796, 0.01563, 0.01743, 0.03125, 0.04236, 0.04523, 0.0456, 0.03125, 0.02866, 0.02673, 0.02866, 0.03079, 0.03125, 0.04242, 0.0442, 0.05023, 0.0578, 0.05182, 0.0526, 0.05804, 0.0432, 0.0462, 0.04602, 0.04926, 0.04468, 0.04004, 0.03967, 0.04346, 0.03992, 0.03308, 0.04077, 0.0625
0.05695, 0.03613, 0.04437, 0.05695, 0.0443, 0.02759, 0.03308, 0.03198, 0.022, 0.01563, 0.03125, 0.02902, 0.01563, 0.01563, 0.02231, 0.01999, 0.01563, 0.0234, 0.03125, 0.03967, 0.03503, 0.04614, 0.0462, 0.03125, 0.025, 0.03528, 0.0409, 0.04828, 0.04333, 0.01563, 0.01248, 0.013275, 0.015594, 0.02444, 0.03125, 0.02972, 0.03833, 0.04407, 0.0406, 0.02853, 0.03357, 0.03067, 0.03125, 0.02713, 0.01563, 0.00859, 0.007812, 0.007812, 0.01563, 0.01563, 0.03125, 0.03125, 0.03217, 0.04327, 0.04657, 0.04236, 0.04712, 0.03833, 0.03125, 0.03082, 0.03705, 0.02698, 0.01947, 0.0365, 0.0409, 0.05292, 0.0625, 0.0484, 0.03387, 0.05206, 0.0625, 0.0713, 0.05713, 0.0407, 0.03827, 0.03314, 0.0442, 0.05536, 0.04456, 0.03815, 0.0445, 0.03125, 0.03894, 0.04492, 0.04327, 0.03125, 0.01602, 0.0221, 0.01563, 0.00747, 0.01563, 0.03125, 0.03326, 0.03082, 0.01563, 0.007812, 0.01088, 0.01563, 0.03125, 0.03125, 0.03125, 0.03406, 0.0559, 0.05823, 0.0625, 0.0764, 0.0462, 0.01563, -0.003906, 0.0001516, 0.01227, 0.02377, 0.0299, 0.03125, 0.0412, 0.03125, 0.02902, 0.0345, 0.03125, 0.03888, 0.0481, 0.04095, 0.03802, 0.04492, 0.0545, 0.04572, 0.05084, 0.0625, 0.0479, 0.03882, 0.0514, 0.04382, 0.0498, 0.0428, 0.05762, 0.0506, 0.05945, 0.0625, 0.03815, 0.03125, 0.03125, 0.03198, 0.02945, 0.03583, 0.0547, 0.05017, 0.06085, 0.0625, 0.0509, 0.04938, 0.04382, 0.02216, 0.03125, 0.03125, 0.03125, 0.03827, 0.03625, 0.03223, 0.02899, 0.03125, 0.03125, 0.02011, 0.02832, 0.01563, 0.01941, 0.0448, 0.0625, 0.03937, 0.01584, 0.01563, 0.02066, 0.0214, 0.02454, 0.03473, 0.04004, 0.03796, 0.037, 0.02765, 0.03125, 0.03125, 0.04272, 0.04248, 0.03882, 0.03632, 0.04822, 0.0464, 0.0526, 0.04803, 0.04095, 0.0401, 0.04248, 0.04028, 0.03357, 0.0381, 0.03955, 0.04114, 0.03125, 0.03143, 0.05762, 0.0625
0.0428, 0.0426, 0.04407, 0.04755, 0.02814, 0.0181, 0.03296, 0.02628, 0.0317, 0.01563, 0.03125, 0.03046, 0.02081, 0.02835, 0.03125, 0.02591, 0.03052, 0.02652, 0.03522, 0.03827, 0.0381, 0.04498, 0.0412, 0.04523, 0.0523, 0.06232, 0.0625, 0.0498, 0.0382, 0.02585, 0.02322, 0.01563, 0.01563, 0.02899, 0.03125, 0.0318, 0.04187, 0.0504, 0.0475, 0.05493, 0.04425, 0.03125, 0.03125, 0.03125, 0.0232, 0.01456, 0.010155, 0.01373, 0.01971, 0.01563, 0.03125, 0.04034, 0.02713, 0.0318, 0.03455, 0.03644, 0.05005, 0.04364, 0.04028, 0.0387, 0.02328, 0.006714, 0.01166, 0.01642, 0.02249, 0.03052, 0.04742, 0.04114, 0.03125, 0.03125, 0.03827, 0.0625, 0.07227, 0.0625, 0.05872, 0.0523, 0.0625, 0.06158, 0.0436, 0.05188, 0.04425, 0.05402, 0.03125, 0.01563, 0.02042, 0.02365, 0.03125, 0.03735, 0.03125, 0.02057, 0.01563, 0.02538, 0.03125, 0.03125, 0.03125, 0.004936, 0.01563, 0.03003, 0.03125, 0.03473, 0.0387, 0.057, 0.0625, 0.05078, 0.0625, 0.0692, 0.04694, 0.01563, 0.02151, 0.007812, 0.01563, 0.02414, 0.03125, 0.03125, 0.03442, 0.03125, 0.03607, 0.0437, 0.05, 0.0326, 0.0542, 0.04065, 0.05615, 0.05798, 0.05762, 0.0605, 0.0481, 0.05426, 0.03943, 0.03125, 0.0481, 0.04724, 0.03943, 0.03125, 0.04327, 0.03125, 0.0429, 0.05536, 0.04462, 0.03125, 0.03488, 0.03125, 0.04187, 0.0569, 0.06226, 0.0498, 0.05487, 0.0625, 0.05438, 0.0625, 0.0534, 0.02017, 0.01892, 0.03125, 0.0318, 0.03125, 0.03033, 0.02661, 0.02148, 0.03564, 0.05072, 0.0418, 0.0321, 0.042, 0.0523, 0.0625, 0.06116, 0.03625, 0.01563, 0.01073, 0.01546, 0.01563, 0.01672, 0.03912, 0.03125, 0.04327, 0.04694, 0.0412, 0.03125, 0.03125, 0.03595, 0.03915, 0.03278, 0.03125, 0.04327, 0.05145, 0.04083, 0.0325, 0.03754, 0.03125, 0.03125, 0.03125, 0.02432, 0.03125, 0.02298, 0.03125, 0.03125, 0.0379, 0.04346, 0.06226
0.0594, 0.04877, 0.0401, 0.04462, 0.02182, 0.01563, 0.03125, 0.03302, 0.0354, 0.03125, 0.02731, 0.03125, 0.0239, 0.02441, 0.02808, 0.01563, 0.02664, 0.03125, 0.03125, 0.0362, 0.04523, 0.0434, 0.04382, 0.03772, 0.05157, 0.0534, 0.04712, 0.0445, 0.0473, 0.0368, 0.02933, 0.03125, 0.02692, 0.03125, 0.0384, 0.06232, 0.05145, 0.03125, 0.04236, 0.0487, 0.0274, 0.03125, 0.0279, 0.03247, 0.03125, 0.0184, 0.01563, 0.0274, 0.03796, 0.03125, 0.04266, 0.04376, 0.02762, 0.01563, 0.0263, 0.03125, 0.0351, 0.0384, 0.04132, 0.04645, 0.02814, 0.01563, 0.01563, 0.01563, 0.03125, 0.03186, 0.0382, 0.03314, 0.01563, 0.00922, 0.01755, 0.03857, 0.05756, 0.0625, 0.05865, 0.04694, 0.05164, 0.0625, 0.0625, 0.05194, 0.04706, 0.03333, 0.01563, 0.01624, 0.011734, 0.02167, 0.02518, 0.03125, 0.03067, 0.03119, 0.02689, 0.0292, 0.02655, 0.0293, 0.03125, 0.02582, 0.01563, 0.03125, 0.01984, 0.02795, 0.03125, 0.0556, 0.0608, 0.0625, 0.0625, 0.06934, 0.03125, 0.01563, 0.01563, 0.02286, 0.01797, 0.03125, 0.0292, 0.03094, 0.03125, 0.03522, 0.0443, 0.04633, 0.03436, 0.039, 0.04553, 0.0478, 0.05292, 0.05872, 0.0542, 0.05908, 0.049, 0.0551, 0.03564, 0.01968, 0.02933, 0.02899, 0.04156, 0.04718, 0.03876, 0.03027, 0.02908, 0.03125, 0.02847, 0.02875, 0.03024, 0.03125, 0.01862, 0.04675, 0.0575, 0.06018, 0.0575, 0.0625, 0.0625, 0.0578, 0.04358, 0.03125, 0.03125, 0.03125, 0.03125, 0.01172, 0.0146, 0.01767, 0.03125, 0.03595, 0.04132, 0.04218, 0.03705, 0.02725, 0.03125, 0.03577, 0.0606, 0.03125, 0.01697, 0.02142, 0.01563, 0.01636, 0.0195, 0.0275, 0.03125, 0.02878, 0.02539, 0.03125, 0.01048, 0.01563, 0.02155, 0.02359, 0.02802, 0.03125, 0.04156, 0.05133, 0.04596, 0.04065, 0.03125, 0.03693, 0.03125, 0.03049, 0.03125, 0.02951, 0.0234, 0.03125, 0.03125, 0.03796, 0.0418, 0.05084
0.06036, 0.0526, 0.04083, 0.0536, 0.02676, 0.01923, 0.03284, 0.01153, 0.03091, 0.03436, 0.0323, 0.04376, 0.03925, 0.01953, 0.03125, 0.0303, 0.03125, 0.03223, 0.03662, 0.04333, 0.05255, 0.04047, 0.0451, 0.04883, 0.05066, 0.04517, 0.04382, 0.04596, 0.0531, 0.04724, 0.03125, 0.03125, 0.03455, 0.04443, 0.05725, 0.05347, 0.04297, 0.03247, 0.0267, 0.02963, 0.034, 0.04272, 0.03796, 0.03424, 0.03723, 0.03125, 0.02762, 0.02133, 0.04395, 0.05194, 0.04645, 0.04382, 0.03888, 0.03125, 0.03168, 0.039, 0.03125, 0.02667, 0.03125, 0.03125, 0.03967, 0.03125, 0.02551, 0.03125, 0.04608, 0.03125, 0.03125, 0.02448, 0.01926, 0.02008, 0.03125, 0.0515, 0.05872, 0.0617, 0.05408, 0.05267, 0.0625, 0.06506, 0.06335, 0.0475, 0.03748, 0.02881, 0.03125, 0.01563, 0.01945, 0.008194, 0.02136, 0.02954, 0.02725, 0.03125, 0.02145, 0.02924, 0.03006, 0.03125, 0.02896, 0.03284, 0.01563, 0.0263, 0.0209, 0.03125, 0.03613, 0.0545, 0.04846, 0.0625, 0.06616, 0.05164, 0.03387, 0.03125, 0.03217, 0.03406, 0.04407, 0.03943, 0.02954, 0.01563, 0.02856, 0.04022, 0.0426, 0.04095, 0.03864, 0.04468, 0.05292, 0.04022, 0.03632, 0.0421, 0.04614, 0.0492, 0.05347, 0.04364, 0.03668, 0.0362, 0.0231, 0.01637, 0.03125, 0.0426, 0.05328, 0.04236, 0.03122, 0.01892, 0.02621, 0.0338, 0.04352, 0.04828, 0.03125, 0.02469, 0.034, 0.047, 0.055, 0.05237, 0.0547, 0.0625, 0.03522, 0.01563, 0.0224, 0.02911, 0.03613, 0.02542, 0.03125, 0.03784, 0.01563, 0.01563, 0.01868, 0.03168, 0.03125, 0.02847, 0.0348, 0.03455, 0.03125, 0.04346, 0.0398, 0.02673, 0.01563, 0.02298, 0.0293, 0.03125, 0.02805, 0.03116, 0.01305, 0.01535, 0.01962, 0.03091, 0.03021, 0.0345, 0.04315, 0.0448, 0.0404, 0.04266, 0.0475, 0.03125, 0.03125, 0.03815, 0.04993, 0.04034, 0.03125, 0.03278, 0.03125, 0.03125, 0.03125, 0.0349, 0.04126, 0.0501
0.05115, 0.03778, 0.03125, 0.04224, 0.03424, 0.02655, 0.03125, 0.01755, 0.01073, 0.02824, 0.0501, 0.05664, 0.0398, 0.03125, 0.02945, 0.03085, 0.02762, 0.03003, 0.04156, 0.03864, 0.0395, 0.04456, 0.04718, 0.03125, 0.02997, 0.03125, 0.03326, 0.03125, 0.03802, 0.04382, 0.03296, 0.01563, 0.02625, 0.03125, 0.04712, 0.0534, 0.04736, 0.03662, 0.0264, 0.02899, 0.03583, 0.04053, 0.0484, 0.03125, 0.04706, 0.05945, 0.03485, 0.03577, 0.03308, 0.03595, 0.044, 0.04926, 0.04633, 0.047, 0.042, 0.0374, 0.03735, 0.03125, 0.0267, 0.03125, 0.02325, 0.02502, 0.01563, 0.02625, 0.03607, 0.01563, 0.007812, 0.02283, 0.04248, 0.02994, 0.02771, 0.03552, 0.0534, 0.05475, 0.0509, 0.0589, 0.04803, 0.05585, 0.0625, 0.0625, 0.03625, 0.02719, 0.02878, 0.03125, 0.03125, 0.01874, 0.03125, 0.02716, 0.02719, 0.0278, 0.0257, 0.03125, 0.02258, 0.0192, 0.03125, 0.03827, 0.03125, 0.03125, 0.03125, 0.01563, 0.0338, 0.03534, 0.03125, 0.04547, 0.04413, 0.03125, 0.03125, 0.03125, 0.04736, 0.03723, 0.0382, 0.03986, 0.0409, 0.02875, 0.0418, 0.05475, 0.05243, 0.05933, 0.0625, 0.05383, 0.0625, 0.0542, 0.04578, 0.04364, 0.03998, 0.04877, 0.03125, 0.03043, 0.03882, 0.0492, 0.03125, 0.02563, 0.0297, 0.0349, 0.0476, 0.04095, 0.03125, 0.0256, 0.01569, 0.03125, 0.03125, 0.03125, 0.0382, 0.01563, 0.03073, 0.03125, 0.04108, 0.0381, 0.04785, 0.0479, 0.03314, 0.01563, 0.03125, 0.03125, 0.04053, 0.04187, 0.03125, 0.04175, 0.007812, -0.007812, 0.003906, 0.01563, 0.01271, 0.01503, 0.01563, 0.02283, 0.03394, 0.03394, 0.03857, 0.03125, 0.01563, 0.01563, 0.01563, 0.01563, 0.02399, 0.03406, 0.0263, 0.02728, 0.0297, 0.03235, 0.03125, 0.03485, 0.03595, 0.0401, 0.03668, 0.0385, 0.0409, 0.03815, 0.03125, 0.03937, 0.05383, 0.0559, 0.04327, 0.0332, 0.03143, 0.0324, 0.03693, 0.04156, 0.03668, 0.04486
0.05225, 0.03973, 0.03644, 0.0454, 0.03455, 0.02362, 0.03061, 0.01636, 0.02612, 0.03137, 0.03772, 0.0465, 0.0332, 0.03125, 0.02084, 0.02954, 0.03442, 0.04614, 0.0432, 0.0393, 0.0404, 0.04327, 0.04474, 0.03125, 0.03125, 0.02802, 0.02478, 0.02448, 0.03125, 0.03894, 0.04132, 0.03125, 0.02707, 0.02661, 0.02145, 0.03125, 0.0384, 0.0429, 0.03125, 0.0307, 0.03442, 0.04248, 0.04968, 0.03125, 0.03662, 0.05048, 0.0547, 0.04596, 0.0351, 0.03186, 0.0429, 0.04346, 0.03705, 0.03125, 0.03864, 0.03925, 0.04077, 0.03125, 0.02917, 0.03125, 0.02258, 0.01323, 0.007812, 0.0206, 0.03125, 0.02989, 0.03125, 0.04126, 0.04413, 0.05298, 0.0343, 0.02551, 0.02829, 0.0409, 0.0492, 0.04462, 0.03125, 0.0275, 0.03125, 0.03125, 0.02356, 0.0263, 0.03125, 0.03125, 0.03125, 0.03125, 0.04132, 0.02808, 0.03125, 0.01563, 0.01563, 0.03125, 0.03125, 0.03125, 0.03125, 0.02933, 0.02802, 0.03125, 0.01563, 0.01163, 0.01563, 0.0195, 0.03125, 0.03082, 0.03137, 0.01978, 0.01563, 0.03125, 0.0423, 0.04028, 0.03668, 0.03815, 0.04828, 0.05145, 0.04675, 0.05243, 0.05872, 0.0625, 0.0558, 0.05743, 0.0625, 0.0625, 0.0517, 0.05542, 0.0456, 0.04236, 0.039, 0.0451, 0.05798, 0.05432, 0.05145, 0.03125, 0.03113, 0.04016, 0.03717, 0.04767, 0.02826, 0.03125, 0.03125, 0.01761, 0.014725, 0.01807, 0.02756, 0.01959, 0.03125, 0.03119, 0.03595, 0.05096, 0.04187, 0.0504, 0.03125, 0.02933, 0.03522, 0.04608, 0.04712, 0.04834, 0.03125, 0.04285, 0.03125, 0.007812, 0.00966, 0.02188, -0.003632, -0.001201, 0.007812, 0.01563, 0.02835, 0.03036, 0.0351, 0.03857, 0.0239, 0.0203, 0.01563, 0.01675, 0.01566, 0.01381, 0.01563, 0.01865, 0.03006, 0.03113, 0.03125, 0.03064, 0.03125, 0.03296, 0.03345, 0.03125, 0.04065, 0.03125, 0.0334, 0.04645, 0.0514, 0.05505, 0.0453, 0.039, 0.03857, 0.04016, 0.0479, 0.05243, 0.04816, 0.04773
0.0489, 0.04877, 0.0407, 0.047, 0.03125, 0.02582, 0.03125, 0.0217, 0.02127, 0.0279, 0.03833, 0.0434, 0.03534, 0.03058, 0.02151, 0.03125, 0.03613, 0.04657, 0.05066, 0.03125, 0.03668, 0.04266, 0.0373, 0.04376, 0.04633, 0.03125, 0.02463, 0.03046, 0.03012, 0.03503, 0.03802, 0.02908, 0.02728, 0.02533, 0.02304, 0.01563, 0.02203, 0.03082, 0.03125, 0.03546, 0.03912, 0.05054, 0.0517, 0.03009, 0.03125, 0.03302, 0.05737, 0.0562, 0.04053, 0.03644, 0.03955, 0.0484, 0.0318, 0.03125, 0.03125, 0.03033, 0.02771, 0.02557, 0.02328, 0.02869, 0.02719, 0.02808, 0.01563, 0.01563, 0.01816, 0.02441, 0.0381, 0.04333, 0.04974, 0.04913, 0.0395, 0.02902, 0.02988, 0.02457, 0.02292, 0.03125, 0.02762, 0.01642, 0.0296, 0.02124, 0.01563, 0.01779, 0.03125, 0.0367, 0.01563, 0.025, 0.03125, 0.03137, 0.03198, 0.02899, 0.03079, 0.03125, 0.03125, 0.03125, 0.01736, 0.02335, 0.02948, 0.02652, 0.01797, 0.01337, 0.005226, 0.007812, 0.01563, 0.01494, 0.02698, 0.02094, 0.01051, 0.02219, 0.03107, 0.0335, 0.03302, 0.03833, 0.04266, 0.049, 0.0479, 0.05304, 0.0625, 0.06097, 0.0625, 0.05695, 0.05902, 0.0562, 0.0625, 0.06165, 0.05756, 0.04254, 0.0393, 0.0528, 0.0511, 0.0434, 0.04883, 0.03827, 0.03125, 0.03125, 0.03125, 0.02911, 0.02536, 0.0345, 0.03986, 0.03125, 0.03125, 0.0334, 0.03125, 0.0263, 0.0275, 0.0311, 0.04358, 0.04303, 0.0407, 0.04468, 0.04218, 0.04126, 0.0415, 0.04773, 0.0539, 0.04926, 0.05347, 0.0578, 0.049, 0.03625, 0.01563, 0.02124, 0.01965, 0.00964, 0.007812, 0.011505, 0.01837, 0.02432, 0.02542, 0.02887, 0.03265, 0.02829, 0.00812, 0.007812, 0.00969, 0.007812, 0.007812, 0.006927, 0.013504, 0.02002, 0.02103, 0.01743, 0.02884, 0.03036, 0.03091, 0.03125, 0.03754, 0.03125, 0.0371, 0.04535, 0.04565, 0.05365, 0.0539, 0.04895, 0.04175, 0.04163, 0.0442, 0.04962, 0.04694, 0.0451
0.03387, 0.03632, 0.0332, 0.03864, 0.03125, 0.03021, 0.03125, 0.01996, 0.01932, 0.01828, 0.0321, 0.0426, 0.03125, 0.02777, 0.02176, 0.03125, 0.04193, 0.04468, 0.0514, 0.0434, 0.03613, 0.04095, 0.03717, 0.03918, 0.0417, 0.03827, 0.02713, 0.02756, 0.02887, 0.03125, 0.0318, 0.03107, 0.03125, 0.03098, 0.03113, 0.02805, 0.02905, 0.02817, 0.03125, 0.03125, 0.03998, 0.03955, 0.03125, 0.01843, 0.02826, 0.02951, 0.03613, 0.05457, 0.04755, 0.05206, 0.0625, 0.0625, 0.04535, 0.03424, 0.03125, 0.03125, 0.01898, 0.0234, 0.02145, 0.01563, 0.02237, 0.02396, 0.02185, 0.02826, 0.03125, 0.04138, 0.04437, 0.0504, 0.04706, 0.04135, 0.03613, 0.03125, 0.03125, 0.02405, 0.01563, 0.02249, 0.0252, 0.005684, 0.01425, 0.02097, 0.0174, 0.01563, 0.03192, 0.02347, 0.01563, 0.01819, 0.03125, 0.03125, 0.02661, 0.0246, 0.01563, 0.01563, 0.02142, 0.03534, 0.03125, 0.02411, 0.03125, 0.03125, 0.01563, 0.01227, 0.00903, 0.008514, 0.007812, 0.008316, 0.01563, 0.02252, 0.02579, 0.0234, 0.02722, 0.03125, 0.03125, 0.0348, 0.04285, 0.05438, 0.04645, 0.0506, 0.0625, 0.0578, 0.0659, 0.0625, 0.05676, 0.0528, 0.0547, 0.05212, 0.0522, 0.03125, 0.03125, 0.0445, 0.0256, 0.02689, 0.025, 0.02225, 0.02567, 0.03125, 0.0282, 0.03, 0.03125, 0.03125, 0.03638, 0.0346, 0.03943, 0.0337, 0.04034, 0.0385, 0.03125, 0.03815, 0.04877, 0.04993, 0.04767, 0.0526, 0.04596, 0.04108, 0.04498, 0.05225, 0.05872, 0.05652, 0.05188, 0.05664, 0.0464, 0.04456, 0.03125, 0.0401, 0.03125, 0.02136, 0.00827, 0.00759, 0.01563, 0.01791, 0.02628, 0.02179, 0.02689, 0.02948, 0.01855, 0.01883, 0.01563, 0.007812, 0.007812, 0.01103, 0.01563, 0.02103, 0.02744, 0.02283, 0.03125, 0.03125, 0.03125, 0.0296, 0.03125, 0.03125, 0.03528, 0.04333, 0.04517, 0.05542, 0.05096, 0.05566, 0.04236, 0.0412, 0.02591, 0.0373, 0.0456, 0.03687
0.03125, 0.0285, 0.02518, 0.03125, 0.03125, 0.02686, 0.0286, 0.03125, 0.02426, 0.02307, 0.03876, 0.04218, 0.03125, 0.02844, 0.03125, 0.034, 0.03876, 0.0475, 0.04926, 0.04144, 0.0368, 0.0409, 0.03168, 0.03442, 0.04028, 0.03674, 0.03668, 0.03125, 0.0297, 0.02722, 0.03079, 0.03125, 0.03125, 0.03125, 0.0311, 0.03064, 0.02356, 0.02667, 0.03024, 0.02625, 0.02518, 0.03125, 0.03125, 0.02402, 0.02972, 0.03125, 0.03125, 0.047, 0.06183, 0.05298, 0.05695, 0.05853, 0.0625, 0.05206, 0.04114, 0.0227, 0.01543, 0.02393, 0.01932, 0.01968, 0.02371, 0.02948, 0.02747, 0.03125, 0.03552, 0.03906, 0.042, 0.0462, 0.04376, 0.03125, 0.01563, 0.03125, 0.02945, 0.01563, 0.015396, 0.01993, 0.0232, 0.015366, 0.00721, 0.0261, 0.01605, 0.01996, 0.0256, 0.0195, 0.02429, 0.03265, 0.03125, 0.03888, 0.0275, 0.0324, 0.02737, 0.0167, 0.03125, 0.04053, 0.03735, 0.04163, 0.05035, 0.03534, 0.02588, 0.01563, 0.01544, 0.007515, 0.01563, 0.01816, 0.01563, 0.0199, 0.02017, 0.01563, 0.0297, 0.03009, 0.03125, 0.03125, 0.03363, 0.04285, 0.04596, 0.05273, 0.0575, 0.0625, 0.0698, 0.0674, 0.05182, 0.05133, 0.04706, 0.05347, 0.03125, 0.01788, 0.01941, 0.02936, 0.02728, 0.03418, 0.0381, 0.02847, 0.02768, 0.02838, 0.03894, 0.03632, 0.0293, 0.02972, 0.0335, 0.03595, 0.03912, 0.03412, 0.04584, 0.04663, 0.03186, 0.02621, 0.03467, 0.0359, 0.04108, 0.0498, 0.04498, 0.04462, 0.04236, 0.04443, 0.06177, 0.0625, 0.05267, 0.05432, 0.0476, 0.04504, 0.04193, 0.04095, 0.04144, 0.03125, 0.01563, 0.02243, 0.01563, 0.02829, 0.0267, 0.03021, 0.031, 0.0324, 0.02078, 0.01538, 0.01433, 0.02225, 0.01563, 0.01563, 0.02478, 0.02277, 0.02615, 0.03125, 0.03125, 0.02777, 0.03125, 0.03049, 0.03107, 0.03098, 0.03125, 0.03735, 0.0384, 0.0379, 0.05035, 0.0625, 0.05035, 0.02795, 0.01563, 0.02237, 0.03125, 0.02939
0.03693, 0.0354, 0.03073, 0.03125, 0.03333, 0.03009, 0.03125, 0.02945, 0.02072, 0.01767, 0.02924, 0.03345, 0.03125, 0.02756, 0.03125, 0.0228, 0.02786, 0.0395, 0.03778, 0.04016, 0.03748, 0.039, 0.0318, 0.02957, 0.0421, 0.044, 0.0359, 0.03125, 0.03265, 0.02344, 0.02258, 0.02179, 0.02454, 0.03125, 0.0343, 0.034, 0.02356, 0.02985, 0.03333, 0.03116, 0.02615, 0.02594, 0.02533, 0.02542, 0.0303, 0.03098, 0.03967, 0.0464, 0.0625, 0.0609, 0.05902, 0.0625, 0.0625, 0.06006, 0.0456, 0.02786, 0.02359, 0.02234, 0.0286, 0.02072, 0.02094, 0.02429, 0.0267, 0.03125, 0.03125, 0.0362, 0.03668, 0.0374, 0.03455, 0.03125, 0.03125, 0.02798, 0.01846, 0.02023, 0.02484, 0.01491, 0.02676, 0.0271, 0.02759, 0.0371, 0.02371, 0.01865, 0.01807, 0.02094, 0.03125, 0.03168, 0.04352, 0.04797, 0.03125, 0.03125, 0.03125, 0.02008, 0.03091, 0.037, 0.03546, 0.03125, 0.04138, 0.04218, 0.03125, 0.02835, 0.02124, 0.01563, 0.01454, 0.01563, 0.02173, 0.02393, 0.01563, 0.01563, 0.02368, 0.02203, 0.03125, 0.0343, 0.04053, 0.04504, 0.04718, 0.0489, 0.05334, 0.05884, 0.06433, 0.05432, 0.04755, 0.04492, 0.0443, 0.04938, 0.03125, 0.02795, 0.03125, 0.03052, 0.03345, 0.0412, 0.04156, 0.03116, 0.03125, 0.04077, 0.04425, 0.04132, 0.02347, 0.02689, 0.03125, 0.03687, 0.04205, 0.03827, 0.0431, 0.0451, 0.03912, 0.03125, 0.02295, 0.02344, 0.03125, 0.03162, 0.0327, 0.03772, 0.0335, 0.03638, 0.03723, 0.04755, 0.0511, 0.05255, 0.047, 0.0429, 0.04724, 0.04718, 0.04382, 0.04285, 0.03125, 0.02924, 0.01563, 0.02597, 0.02823, 0.03125, 0.0303, 0.03125, 0.02835, 0.02582, 0.03125, 0.03033, 0.02979, 0.03497, 0.03198, 0.03198, 0.02972, 0.0285, 0.03125, 0.03125, 0.03125, 0.0345, 0.03125, 0.03125, 0.02802, 0.0381, 0.0381, 0.037, 0.03656, 0.0365, 0.04614, 0.0228, 0.01633, 0.02515, 0.03125, 0.03717
0.03125, 0.03125, 0.03967, 0.03296, 0.0334, 0.03125, 0.0278, 0.03125, 0.02408, 0.01724, 0.01335, 0.01563, 0.02301, 0.02606, 0.03125, 0.02438, 0.02466, 0.0268, 0.03918, 0.03876, 0.04608, 0.04352, 0.04443, 0.03125, 0.0406, 0.0381, 0.03802, 0.0421, 0.03522, 0.01987, 0.02032, 0.02539, 0.0238, 0.03326, 0.03955, 0.04132, 0.03015, 0.03638, 0.04144, 0.03625, 0.03125, 0.0281, 0.02658, 0.03125, 0.02725, 0.02771, 0.0362, 0.05072, 0.0625, 0.0625, 0.04724, 0.04932, 0.05676, 0.04828, 0.04706, 0.03125, 0.02829, 0.03125, 0.03125, 0.03052, 0.02664, 0.02267, 0.03125, 0.03278, 0.0365, 0.03796, 0.03595, 0.03705, 0.03125, 0.03125, 0.0334, 0.0268, 0.01563, 0.02374, 0.03091, 0.02655, 0.02914, 0.0381, 0.03125, 0.03766, 0.02872, 0.02069, 0.01563, 0.02426, 0.03125, 0.03625, 0.04602, 0.04608, 0.03992, 0.03687, 0.03125, 0.02432, 0.03125, 0.03406, 0.0362, 0.03125, 0.03906, 0.04175, 0.03906, 0.03125, 0.02454, 0.01657, 0.01563, 0.01563, 0.0285, 0.03345, 0.01794, 0.01114, 0.01268, 0.01563, 0.01935, 0.02924, 0.0385, 0.0431, 0.04407, 0.0475, 0.0468, 0.0451, 0.05615, 0.0625, 0.05896, 0.04846, 0.04877, 0.05035, 0.03125, 0.02615, 0.02545, 0.02686, 0.02982, 0.03656, 0.0398, 0.03986, 0.03125, 0.03662, 0.0404, 0.04065, 0.02405, 0.02289, 0.03125, 0.03125, 0.03656, 0.04205, 0.04803, 0.05164, 0.0495, 0.0459, 0.03125, 0.03125, 0.02643, 0.0261, 0.03125, 0.03876, 0.0459, 0.03607, 0.03357, 0.03937, 0.04413, 0.05573, 0.04077, 0.03992, 0.04846, 0.04144, 0.04602, 0.04382, 0.04517, 0.0368, 0.02924, 0.03125, 0.03546, 0.02975, 0.03125, 0.0315, 0.03125, 0.03125, 0.03552, 0.03662, 0.03125, 0.03125, 0.02722, 0.02597, 0.02814, 0.02798, 0.03125, 0.03253, 0.03125, 0.03125, 0.03125, 0.02524, 0.02817, 0.0327, 0.03638, 0.03125, 0.0385, 0.03265, 0.03125, 0.02515, 0.02206, 0.02954, 0.0379, 0.03125
0.02942, 0.03125, 0.03796, 0.03876, 0.0373, 0.03088, 0.03125, 0.03125, 0.02844, 0.02124, 0.01384, 0.01563, 0.03043, 0.03918, 0.0354, 0.0385, 0.02814, 0.0299, 0.0382, 0.04504, 0.04236, 0.03992, 0.04004, 0.0337, 0.0338, 0.03125, 0.02756, 0.03125, 0.03125, 0.02264, 0.02362, 0.0249, 0.03125, 0.0418, 0.04852, 0.04468, 0.03125, 0.03552, 0.0329, 0.03687, 0.03558, 0.03125, 0.02988, 0.03125, 0.03021, 0.02432, 0.03125, 0.04584, 0.0625, 0.04834, 0.03125, 0.03125, 0.04724, 0.0495, 0.04907, 0.0374, 0.03125, 0.03125, 0.03302, 0.03284, 0.03497, 0.03912, 0.03125, 0.02795, 0.03125, 0.03125, 0.03125, 0.03125, 0.03687, 0.03656, 0.0385, 0.02698, 0.03027, 0.03125, 0.03638, 0.02652, 0.03125, 0.04138, 0.04254, 0.04163, 0.0374, 0.03015, 0.02524, 0.03125, 0.03058, 0.03125, 0.0417, 0.037, 0.03638, 0.03467, 0.03125, 0.03125, 0.02942, 0.03125, 0.03522, 0.03326, 0.0374, 0.0443, 0.04156, 0.03693, 0.02618, 0.02155, 0.01563, 0.0238, 0.02942, 0.0396, 0.01563, 0.0139, 0.01563, 0.01825, 0.03125, 0.03125, 0.0365, 0.03406, 0.03754, 0.04218, 0.05072, 0.05188, 0.05548, 0.05664, 0.0558, 0.0417, 0.04297, 0.0401, 0.02335, 0.01433, 0.01776, 0.02353, 0.02798, 0.03552, 0.04694, 0.03864, 0.03125, 0.0326, 0.03522, 0.02615, 0.01877, 0.02487, 0.0253, 0.02673, 0.03394, 0.0445, 0.0503, 0.0514, 0.05023, 0.05566, 0.04883, 0.044, 0.03125, 0.03125, 0.0324, 0.0374, 0.04926, 0.05646, 0.0453, 0.04724, 0.05322, 0.0514, 0.0467, 0.04474, 0.04327, 0.04297, 0.04242, 0.04462, 0.03894, 0.03125, 0.03125, 0.03387, 0.03516, 0.03186, 0.03418, 0.03436, 0.03125, 0.037, 0.04565, 0.04132, 0.0354, 0.03125, 0.02414, 0.02979, 0.03073, 0.02832, 0.03125, 0.036, 0.04114, 0.03125, 0.037, 0.02911, 0.03125, 0.03125, 0.03125, 0.0263, 0.02911, 0.03625, 0.03125, 0.02374, 0.02011, 0.02301, 0.03174, 0.03082
0.03125, 0.03418, 0.0379, 0.0406, 0.0454, 0.03247, 0.02997, 0.03125, 0.03125, 0.0234, 0.02441, 0.02295, 0.03125, 0.03943, 0.0415, 0.0382, 0.03125, 0.03125, 0.03674, 0.03198, 0.0332, 0.02673, 0.03125, 0.03125, 0.02356, 0.02658, 0.02618, 0.02707, 0.02493, 0.02505, 0.02551, 0.01837, 0.02295, 0.03125, 0.04504, 0.03275, 0.03125, 0.0384, 0.05133, 0.03668, 0.04102, 0.03973, 0.03162, 0.03125, 0.0326, 0.02722, 0.03125, 0.04956, 0.05945, 0.05005, 0.03125, 0.02103, 0.01883, 0.0432, 0.0382, 0.03125, 0.0246, 0.02649, 0.03125, 0.03125, 0.0379, 0.03802, 0.03061, 0.02454, 0.02484, 0.0267, 0.0286, 0.0354, 0.044, 0.04596, 0.04797, 0.03125, 0.0293, 0.02545, 0.0348, 0.03125, 0.03467, 0.04352, 0.0489, 0.05493, 0.0431, 0.03125, 0.02975, 0.03125, 0.0343, 0.02917, 0.03125, 0.02927, 0.03098, 0.03125, 0.03125, 0.0406, 0.03638, 0.04034, 0.03796, 0.03662, 0.04004, 0.0465, 0.0448, 0.04443, 0.03125, 0.02075, 0.02249, 0.02939, 0.04028, 0.03986, 0.03125, 0.02805, 0.03125, 0.03085, 0.0334, 0.03607, 0.0393, 0.04144, 0.04376, 0.0465, 0.0526, 0.0534, 0.0564, 0.0625, 0.05988, 0.05597, 0.04004, 0.04486, 0.02786, 0.01563, 0.01563, 0.02026, 0.02982, 0.03802, 0.04846, 0.0495, 0.03748, 0.04095, 0.03906, 0.03125, 0.01892, 0.0271, 0.03125, 0.04108, 0.04388, 0.04034, 0.04523, 0.0503, 0.05273, 0.0479, 0.0484, 0.04724, 0.04077, 0.0398, 0.04218, 0.0473, 0.05225, 0.0573, 0.055, 0.05078, 0.0487, 0.03705, 0.04523, 0.0434, 0.036, 0.03632, 0.03955, 0.0382, 0.03473, 0.03125, 0.03125, 0.03308, 0.03534, 0.03632, 0.03955, 0.03998, 0.03802, 0.0362, 0.0385, 0.03168, 0.036, 0.03125, 0.02649, 0.03125, 0.0349, 0.04358, 0.03882, 0.04608, 0.0453, 0.04126, 0.04004, 0.03284, 0.0348, 0.03043, 0.03125, 0.02197, 0.02014, 0.02429, 0.03375, 0.02692, 0.01974, 0.0191, 0.03082, 0.0321
0.03583, 0.03925, 0.03967, 0.042, 0.04327, 0.03345, 0.03125, 0.039, 0.03748, 0.0279, 0.02725, 0.02744, 0.03656, 0.03772, 0.03998, 0.04108, 0.03156, 0.03784, 0.03888, 0.0385, 0.03058, 0.02856, 0.03125, 0.03125, 0.0257, 0.02713, 0.02905, 0.0278, 0.03125, 0.0334, 0.02667, 0.02155, 0.0261, 0.02802, 0.03925, 0.0428, 0.03662, 0.0428, 0.05304, 0.04456, 0.0379, 0.0381, 0.03577, 0.0334, 0.037, 0.04205, 0.04492, 0.05872, 0.06238, 0.05322, 0.03125, 0.01996, 0.01552, 0.02692, 0.02847, 0.02545, 0.0263, 0.02393, 0.02979, 0.02798, 0.03125, 0.0326, 0.03125, 0.03125, 0.0293, 0.02927, 0.03528, 0.039, 0.04077, 0.0484, 0.05176, 0.03925, 0.02676, 0.02881, 0.02435, 0.0327, 0.04333, 0.05194, 0.05798, 0.06018, 0.05804, 0.0504, 0.04297, 0.0393, 0.03125, 0.03125, 0.03125, 0.03125, 0.03125, 0.02948, 0.03876, 0.0462, 0.04065, 0.03125, 0.03119, 0.02872, 0.039, 0.05157, 0.05444, 0.05054, 0.03937, 0.02661, 0.02563, 0.03125, 0.04163, 0.03845, 0.03125, 0.03125, 0.03003, 0.03104, 0.03125, 0.03497, 0.0431, 0.0421, 0.04602, 0.04504, 0.0407, 0.03864, 0.0506, 0.05145, 0.05267, 0.05164, 0.04584, 0.04315, 0.03091, 0.02151, 0.01917, 0.02115, 0.02792, 0.03503, 0.04297, 0.0484, 0.0426, 0.04114, 0.03833, 0.03802, 0.0299, 0.02994, 0.02762, 0.03125, 0.03796, 0.04565, 0.0481, 0.0478, 0.05, 0.04272, 0.04407, 0.04724, 0.04614, 0.03125, 0.0396, 0.03125, 0.03778, 0.04376, 0.04688, 0.04846, 0.04797, 0.03412, 0.03552, 0.0373, 0.03125, 0.03906, 0.04596, 0.04065, 0.03668, 0.0321, 0.03125, 0.0343, 0.03613, 0.03845, 0.04138, 0.04187, 0.04144, 0.04315, 0.04065, 0.03125, 0.03055, 0.02448, 0.02582, 0.02448, 0.02798, 0.03876, 0.04517, 0.04974, 0.0462, 0.03125, 0.03125, 0.03125, 0.03125, 0.03125, 0.03125, 0.02332, 0.0252, 0.02933, 0.03473, 0.03522, 0.02881, 0.02576, 0.0374, 0.04126
0.02643, 0.03125, 0.03125, 0.02652, 0.03583, 0.03888, 0.04382, 0.04498, 0.0426, 0.03265, 0.02643, 0.03125, 0.03223, 0.04022, 0.04358, 0.03705, 0.03485, 0.04108, 0.04242, 0.04132, 0.0371, 0.03125, 0.03073, 0.03113, 0.03125, 0.03125, 0.03024, 0.03625, 0.0374, 0.0334, 0.02835, 0.02441, 0.02768, 0.03564, 0.04132, 0.0434, 0.0443, 0.0489, 0.0547, 0.04633, 0.03497, 0.03473, 0.0324, 0.03125, 0.03418, 0.03882, 0.04016, 0.05017, 0.05725, 0.04694, 0.03125, 0.02786, 0.02753, 0.03079, 0.0324, 0.03125, 0.03125, 0.03174, 0.03125, 0.02762, 0.03784, 0.03784, 0.0376, 0.03125, 0.0359, 0.03357, 0.04016, 0.04456, 0.04352, 0.04938, 0.05194, 0.04327, 0.02985, 0.03125, 0.0343, 0.03418, 0.03125, 0.03552, 0.04675, 0.05603, 0.05927, 0.05872, 0.04987, 0.0381, 0.03528, 0.02621, 0.02563, 0.03125, 0.02344, 0.02371, 0.02219, 0.02417, 0.03125, 0.031, 0.02997, 0.03455, 0.04333, 0.0517, 0.06152, 0.05157, 0.03845, 0.0268, 0.02213, 0.03125, 0.04352, 0.0429, 0.04138, 0.036, 0.03125, 0.03125, 0.03125, 0.03607, 0.0371, 0.03888, 0.04498, 0.04144, 0.04193, 0.036, 0.03662, 0.03674, 0.04187, 0.04395, 0.04028, 0.03705, 0.03125, 0.03125, 0.02411, 0.03067, 0.03497, 0.04156, 0.0423, 0.04572, 0.04706, 0.04633, 0.04822, 0.04797, 0.0338, 0.03125, 0.03067, 0.03079, 0.0343, 0.04163, 0.0454, 0.04218, 0.04254, 0.03992, 0.03943, 0.03943, 0.03894, 0.02808, 0.03043, 0.03125, 0.03418, 0.03125, 0.04047, 0.04193, 0.0456, 0.0434, 0.0382, 0.03784, 0.04333, 0.0445, 0.04968, 0.0525, 0.04333, 0.03583, 0.03595, 0.04114, 0.03693, 0.0359, 0.0382, 0.03455, 0.03833, 0.03833, 0.03857, 0.03018, 0.03061, 0.02737, 0.02496, 0.02576, 0.02383, 0.02853, 0.03253, 0.04218, 0.03705, 0.02637, 0.02588, 0.0279, 0.03052, 0.03198, 0.03125, 0.02847, 0.02444, 0.03125, 0.03888, 0.04126, 0.03308, 0.03125, 0.02951, 0.03125
0.02411, 0.02505, 0.02338, 0.01288, 0.02164, 0.02771, 0.0292, 0.03125, 0.04205, 0.03552, 0.03125, 0.03125, 0.03784, 0.0431, 0.0432, 0.03894, 0.04028, 0.04486, 0.04572, 0.04388, 0.03528, 0.0365, 0.03125, 0.02975, 0.03125, 0.0345, 0.0345, 0.03116, 0.02911, 0.03125, 0.03125, 0.0307, 0.03455, 0.0368, 0.04095, 0.05176, 0.04852, 0.04413, 0.04608, 0.04498, 0.03125, 0.03125, 0.03125, 0.02939, 0.03125, 0.0357, 0.04132, 0.04218, 0.03876, 0.03668, 0.03125, 0.02982, 0.03125, 0.03125, 0.0368, 0.04028, 0.03894, 0.02835, 0.0292, 0.03125, 0.03674, 0.0374, 0.03125, 0.0346, 0.03705, 0.03125, 0.03125, 0.03973, 0.0396, 0.04626, 0.04718, 0.0418, 0.03894, 0.03003, 0.03125, 0.03125, 0.02802, 0.02344, 0.03125, 0.0368, 0.0428, 0.04974, 0.0489, 0.0415, 0.03558, 0.02887, 0.02466, 0.02133, 0.02072, 0.01828, 0.0256, 0.0263, 0.02133, 0.01965, 0.03125, 0.0373, 0.03693, 0.04828, 0.05847, 0.05145, 0.04156, 0.02884, 0.02902, 0.03125, 0.0387, 0.05048, 0.04474, 0.03125, 0.02905, 0.02972, 0.03125, 0.03104, 0.03284, 0.036, 0.03967, 0.04382, 0.04346, 0.04968, 0.04596, 0.03522, 0.0407, 0.04016, 0.03778, 0.03967, 0.04095, 0.03955, 0.03802, 0.03766, 0.03705, 0.03546, 0.0357, 0.0459, 0.04785, 0.05048, 0.0531, 0.05194, 0.0451, 0.03943, 0.03528, 0.03674, 0.0379, 0.0381, 0.03998, 0.04077, 0.04205, 0.03772, 0.03577, 0.0297, 0.03125, 0.02972, 0.03125, 0.02982, 0.03314, 0.03125, 0.0354, 0.03766, 0.04388, 0.04517, 0.0384, 0.0348, 0.0362, 0.04193, 0.03973, 0.03705, 0.04492, 0.0379, 0.03998, 0.04187, 0.03796, 0.03796, 0.03583, 0.0357, 0.0296, 0.03125, 0.0385, 0.03644, 0.03125, 0.02698, 0.02783, 0.02936, 0.0303, 0.03125, 0.03772, 0.04272, 0.03125, 0.02896, 0.02768, 0.03125, 0.0293, 0.02487, 0.03091, 0.03296, 0.03143, 0.039, 0.04443, 0.0385, 0.0395, 0.03833, 0.02802, 0.02148
0.02509, 0.02692, 0.02338, 0.01926, 0.02353, 0.02448, 0.0256, 0.02765, 0.03055, 0.03125, 0.03125, 0.03125, 0.03125, 0.03125, 0.03882, 0.03357, 0.03784, 0.0407, 0.0468, 0.0357, 0.03125, 0.03265, 0.03125, 0.02817, 0.03412, 0.03827, 0.03302, 0.03125, 0.02939, 0.0323, 0.03125, 0.03326, 0.031, 0.03638, 0.04462, 0.0465, 0.0475, 0.04742, 0.04498, 0.04224, 0.03455, 0.03043, 0.03113, 0.02731, 0.02905, 0.03082, 0.03632, 0.04053, 0.03375, 0.03073, 0.03125, 0.0296, 0.03125, 0.0406, 0.04364, 0.04486, 0.04102, 0.02805, 0.02264, 0.0296, 0.03693, 0.03894, 0.03061, 0.031, 0.03125, 0.02927, 0.02652, 0.03125, 0.04053, 0.0512, 0.05066, 0.04413, 0.0381, 0.03125, 0.02444, 0.02856, 0.03204, 0.02933, 0.03027, 0.03125, 0.02695, 0.03125, 0.0349, 0.039, 0.03766, 0.03067, 0.03125, 0.02643, 0.02707, 0.03125, 0.02719, 0.02328, 0.02023, 0.02576, 0.03223, 0.03198, 0.03125, 0.04303, 0.0498, 0.04474, 0.0348, 0.03125, 0.03497, 0.0406, 0.0409, 0.04327, 0.03937, 0.03125, 0.02545, 0.03, 0.03009, 0.0292, 0.0351, 0.03497, 0.0418, 0.0426, 0.04193, 0.04932, 0.05054, 0.04492, 0.0467, 0.0442, 0.04266, 0.03937, 0.0407, 0.04358, 0.04327, 0.04926, 0.0426, 0.04034, 0.03125, 0.03125, 0.03326, 0.0393, 0.04584, 0.03815, 0.044, 0.03723, 0.03894, 0.03735, 0.04126, 0.03644, 0.03668, 0.03723, 0.0407, 0.03125, 0.02844, 0.02435, 0.02393, 0.02689, 0.03125, 0.03073, 0.03302, 0.03125, 0.02954, 0.03125, 0.04425, 0.04297, 0.03815, 0.03278, 0.02972, 0.03125, 0.03125, 0.02963, 0.04108, 0.0385, 0.0343, 0.03528, 0.03857, 0.0406, 0.04462, 0.03577, 0.03125, 0.03125, 0.04004, 0.03723, 0.02966, 0.02695, 0.02997, 0.03125, 0.03125, 0.0348, 0.03632, 0.03827, 0.03125, 0.03125, 0.03125, 0.0327, 0.03125, 0.0351, 0.03577, 0.03192, 0.03357, 0.03125, 0.03802, 0.02777, 0.02719, 0.04083, 0.03552, 0.02982
0.02982, 0.03125, 0.02649, 0.02823, 0.02716, 0.0307, 0.02948, 0.03125, 0.02899, 0.02786, 0.0268, 0.03125, 0.03125, 0.03125, 0.03235, 0.03125, 0.03467, 0.03772, 0.03998, 0.03009, 0.03125, 0.0354, 0.03137, 0.02747, 0.03125, 0.03125, 0.03467, 0.03125, 0.0311, 0.03125, 0.03522, 0.03613, 0.03119, 0.03394, 0.04626, 0.04822, 0.04865, 0.04388, 0.04535, 0.0451, 0.04333, 0.03522, 0.03064, 0.03119, 0.03116, 0.03036, 0.03735, 0.03912, 0.03125, 0.02765, 0.03125, 0.02676, 0.03125, 0.03455, 0.04706, 0.04028, 0.03564, 0.02725, 0.02582, 0.02557, 0.03107, 0.0351, 0.03125, 0.0324, 0.03125, 0.03253, 0.03125, 0.03125, 0.0348, 0.04437, 0.04346, 0.0406, 0.03882, 0.0354, 0.03125, 0.03223, 0.03375, 0.03125, 0.03104, 0.03125, 0.02716, 0.01666, 0.02356, 0.03125, 0.03516, 0.03125, 0.02737, 0.03055, 0.03073, 0.02634, 0.02475, 0.02304, 0.0253, 0.02554, 0.03125, 0.0278, 0.02975, 0.0376, 0.0445, 0.04395, 0.03717, 0.03986, 0.04407, 0.04297, 0.04218, 0.0453, 0.0351, 0.02853, 0.02463, 0.0297, 0.03387, 0.0387, 0.03955, 0.03827, 0.03717, 0.03125, 0.03091, 0.0407, 0.04327, 0.04407, 0.03906, 0.04346, 0.04663, 0.03125, 0.02911, 0.03125, 0.02975, 0.04388, 0.04578, 0.04492, 0.0401, 0.0329, 0.0349, 0.03778, 0.04022, 0.03278, 0.03125, 0.03125, 0.04065, 0.04285, 0.04315, 0.03796, 0.03412, 0.03247, 0.03204, 0.02145, 0.02267, 0.02371, 0.02515, 0.0289, 0.03125, 0.03107, 0.03125, 0.03125, 0.02924, 0.02826, 0.03644, 0.0371, 0.03668, 0.0329, 0.02841, 0.02829, 0.02359, 0.01563, 0.03125, 0.03308, 0.03125, 0.03125, 0.03125, 0.03125, 0.03412, 0.03125, 0.03125, 0.03125, 0.03693, 0.03326, 0.02664, 0.026, 0.02106, 0.02814, 0.03186, 0.03091, 0.03125, 0.03125, 0.02829, 0.03125, 0.03528, 0.03595, 0.03345, 0.03516, 0.0362, 0.03125, 0.02985, 0.03021, 0.02924, 0.0242, 0.02563, 0.03064, 0.03125, 0.03125
0.03125, 0.03125, 0.02951, 0.03094, 0.03113, 0.03265, 0.0321, 0.0296, 0.02994, 0.02405, 0.0253, 0.03085, 0.03632, 0.03583, 0.039, 0.03485, 0.03455, 0.03357, 0.03125, 0.02557, 0.02628, 0.03125, 0.02835, 0.02832, 0.02856, 0.02075, 0.02295, 0.0263, 0.02832, 0.03125, 0.04028, 0.03625, 0.03125, 0.03528, 0.0434, 0.04492, 0.04517, 0.0374, 0.03723, 0.03943, 0.03845, 0.03918, 0.0359, 0.03485, 0.03125, 0.02896, 0.03125, 0.03125, 0.02704, 0.02795, 0.02911, 0.02783, 0.02737, 0.02966, 0.0359, 0.04114, 0.03357, 0.03125, 0.02792, 0.02585, 0.02792, 0.03046, 0.03125, 0.03687, 0.0349, 0.03528, 0.03125, 0.03125, 0.03125, 0.0335, 0.0381, 0.03857, 0.03735, 0.03125, 0.03125, 0.03125, 0.03125, 0.0311, 0.03125, 0.03125, 0.03125, 0.02472, 0.0206, 0.02475, 0.0326, 0.02994, 0.03125, 0.0359, 0.03326, 0.02402, 0.02469, 0.02365, 0.02722, 0.02402, 0.02658, 0.0315, 0.03107, 0.0324, 0.04358, 0.04553, 0.03827, 0.03992, 0.04034, 0.04132, 0.0443, 0.042, 0.03125, 0.02594, 0.02094, 0.02017, 0.02798, 0.0368, 0.03125, 0.03827, 0.03796, 0.03204, 0.03516, 0.04047, 0.04272, 0.04486, 0.04163, 0.04474, 0.04865, 0.04254, 0.03113, 0.02893, 0.03036, 0.03583, 0.04022, 0.03735, 0.03345, 0.03125, 0.03125, 0.03796, 0.04486, 0.0374, 0.0334, 0.03125, 0.03912, 0.04224, 0.03754, 0.03638, 0.03125, 0.03049, 0.02728, 0.02579, 0.0232, 0.02972, 0.03125, 0.03125, 0.03125, 0.03052, 0.03125, 0.03125, 0.02634, 0.02457, 0.03125, 0.0396, 0.03827, 0.03125, 0.03015, 0.03125, 0.02713, 0.0192, 0.02396, 0.03125, 0.02988, 0.03125, 0.03625, 0.03125, 0.0292, 0.02777, 0.03125, 0.0379, 0.03833, 0.03125, 0.0278, 0.02432, 0.0188, 0.02194, 0.02753, 0.03125, 0.0285, 0.03125, 0.03125, 0.03992, 0.03772, 0.0362, 0.03217, 0.03723, 0.03876, 0.03876, 0.03125, 0.02664, 0.02225, 0.02942, 0.03052, 0.03326, 0.02853, 0.0281
0.0338, 0.03125, 0.03122, 0.0334, 0.03235, 0.03345, 0.02539, 0.02393, 0.02881, 0.03125, 0.03125, 0.03033, 0.0362, 0.04102, 0.03796, 0.03564, 0.03125, 0.03192, 0.03632, 0.02774, 0.02548, 0.02756, 0.02371, 0.02289, 0.02673, 0.0257, 0.02115, 0.01874, 0.02716, 0.02847, 0.03223, 0.03125, 0.03125, 0.03284, 0.0374, 0.03955, 0.037, 0.03345, 0.0335, 0.03125, 0.03387, 0.03125, 0.03235, 0.03497, 0.03326, 0.03125, 0.02917, 0.02875, 0.02866, 0.03036, 0.03125, 0.03012, 0.02942, 0.0304, 0.03125, 0.03125, 0.03125, 0.03125, 0.02994, 0.02652, 0.02628, 0.02625, 0.03125, 0.03802, 0.0357, 0.03119, 0.02911, 0.03125, 0.03125, 0.03125, 0.03125, 0.03125, 0.02966, 0.02728, 0.02527, 0.02512, 0.03125, 0.034, 0.03943, 0.0385, 0.03125, 0.02902, 0.03125, 0.03107, 0.02963, 0.0224, 0.02219, 0.03314, 0.03082, 0.02759, 0.02594, 0.02444, 0.02441, 0.02551, 0.03827, 0.03662, 0.03326, 0.03125, 0.0334, 0.04333, 0.04163, 0.03815, 0.0373, 0.04004, 0.04193, 0.03662, 0.03125, 0.03094, 0.02652, 0.02405, 0.02664, 0.03247, 0.02628, 0.03125, 0.03387, 0.02322, 0.03125, 0.04205, 0.0468, 0.04718, 0.03583, 0.02597, 0.0417, 0.03778, 0.03125, 0.02777, 0.02914, 0.03973, 0.0382, 0.03198, 0.03079, 0.03125, 0.03125, 0.04254, 0.0412, 0.03735, 0.03125, 0.02689, 0.0323, 0.0303, 0.03125, 0.0362, 0.03107, 0.02823, 0.02863, 0.02896, 0.03125, 0.0374, 0.03772, 0.03516, 0.0359, 0.03253, 0.03125, 0.03094, 0.03125, 0.03033, 0.03125, 0.03644, 0.03595, 0.03125, 0.03125, 0.03125, 0.03125, 0.02713, 0.02454, 0.02542, 0.02872, 0.03143, 0.0371, 0.03558, 0.03, 0.02603, 0.02542, 0.03125, 0.03693, 0.03125, 0.0282, 0.02774, 0.02438, 0.02332, 0.02313, 0.02911, 0.03253, 0.03632, 0.0428, 0.0442, 0.04376, 0.04083, 0.03638, 0.03748, 0.03296, 0.03122, 0.03125, 0.0299, 0.02704, 0.02829, 0.03125, 0.03125, 0.03125, 0.03085
0.03717, 0.0387, 0.0382, 0.03125, 0.02881, 0.0263, 0.02423, 0.02423, 0.02576, 0.03314, 0.03833, 0.04425, 0.0381, 0.0335, 0.03125, 0.02896, 0.02975, 0.03125, 0.02988, 0.02893, 0.0279, 0.02878, 0.02805, 0.03006, 0.0271, 0.02371, 0.02344, 0.02283, 0.02411, 0.02396, 0.02994, 0.03125, 0.03085, 0.03125, 0.02869, 0.03125, 0.03253, 0.03125, 0.03125, 0.0267, 0.02814, 0.02438, 0.02078, 0.02835, 0.03125, 0.02945, 0.0293, 0.02664, 0.0281, 0.031, 0.031, 0.03125, 0.02893, 0.03018, 0.02884, 0.03125, 0.02841, 0.03308, 0.04108, 0.03125, 0.03125, 0.03043, 0.03125, 0.0417, 0.044, 0.03723, 0.03125, 0.03082, 0.031, 0.02933, 0.03003, 0.02545, 0.02353, 0.02454, 0.02722, 0.02664, 0.03125, 0.03516, 0.03815, 0.03546, 0.03125, 0.03125, 0.0311, 0.03363, 0.0332, 0.02615, 0.02261, 0.03125, 0.0326, 0.03125, 0.02676, 0.02496, 0.0228, 0.03125, 0.03802, 0.03925, 0.02927, 0.0304, 0.03125, 0.03693, 0.03754, 0.03125, 0.0373, 0.03583, 0.03534, 0.03125, 0.03125, 0.03125, 0.03043, 0.0264, 0.04065, 0.03156, 0.03125, 0.03125, 0.02872, 0.02777, 0.03125, 0.04773, 0.04694, 0.04553, 0.04736, 0.03082, 0.03125, 0.03125, 0.03192, 0.03125, 0.03735, 0.04053, 0.0359, 0.03125, 0.03235, 0.03125, 0.03125, 0.03455, 0.03485, 0.03778, 0.03125, 0.03073, 0.03436, 0.03125, 0.03125, 0.03583, 0.0374, 0.03125, 0.03125, 0.03003, 0.0327, 0.0395, 0.0396, 0.03442, 0.0349, 0.03705, 0.0346, 0.03497, 0.039, 0.03912, 0.03091, 0.03125, 0.03125, 0.02655, 0.02899, 0.02988, 0.03119, 0.0289, 0.02936, 0.02762, 0.03125, 0.03125, 0.02753, 0.03125, 0.03079, 0.02933, 0.02704, 0.02838, 0.02957, 0.03012, 0.02902, 0.02933, 0.03125, 0.0275, 0.02655, 0.03125, 0.03333, 0.0371, 0.03815, 0.04333, 0.0365, 0.03125, 0.03186, 0.03125, 0.03027, 0.03125, 0.03125, 0.03125, 0.03125, 0.02786, 0.03125, 0.0354, 0.03125, 0.03125
0.03796, 0.0374, 0.03796, 0.03125, 0.02798, 0.02686, 0.0267, 0.02194, 0.02441, 0.03125, 0.04407, 0.04633, 0.03125, 0.03638, 0.03247, 0.02621, 0.025, 0.02716, 0.02682, 0.02707, 0.02979, 0.03125, 0.02771, 0.03125, 0.03033, 0.02979, 0.02994, 0.02951, 0.0303, 0.0311, 0.03302, 0.03125, 0.02905, 0.02579, 0.03125, 0.0264, 0.02615, 0.0307, 0.03528, 0.03, 0.0206, 0.01892, 0.01563, 0.02069, 0.02618, 0.02573, 0.03125, 0.03125, 0.03125, 0.03036, 0.03125, 0.0303, 0.02792, 0.02545, 0.02454, 0.02701, 0.03058, 0.03748, 0.04297, 0.03925, 0.03418, 0.03308, 0.03546, 0.0434, 0.04553, 0.03992, 0.03766, 0.0321, 0.02933, 0.02805, 0.031, 0.03125, 0.03125, 0.02594, 0.02768, 0.03021, 0.03125, 0.03204, 0.03693, 0.03656, 0.03125, 0.0246, 0.03058, 0.03503, 0.03723, 0.03125, 0.02335, 0.03125, 0.0338, 0.03125, 0.02795, 0.0242, 0.02805, 0.03674, 0.04376, 0.04193, 0.03125, 0.03125, 0.03125, 0.0395, 0.03613, 0.03168, 0.03125, 0.0338, 0.03043, 0.02698, 0.02707, 0.02579, 0.02866, 0.03, 0.03918, 0.0401, 0.03406, 0.03125, 0.02655, 0.0267, 0.03015, 0.03125, 0.03955, 0.0412, 0.04077, 0.03125, 0.02783, 0.02466, 0.0263, 0.0357, 0.0418, 0.03766, 0.03125, 0.03015, 0.03217, 0.03125, 0.0304, 0.0345, 0.03503, 0.03357, 0.03125, 0.03125, 0.03247, 0.03125, 0.02863, 0.03125, 0.037, 0.03125, 0.02905, 0.02963, 0.0348, 0.03772, 0.04034, 0.03558, 0.03125, 0.03125, 0.0338, 0.03992, 0.04175, 0.0376, 0.03033, 0.02881, 0.03223, 0.03125, 0.02863, 0.03119, 0.0293, 0.02606, 0.0292, 0.03125, 0.0362, 0.03882, 0.03125, 0.02515, 0.02524, 0.02841, 0.02792, 0.02777, 0.02591, 0.02365, 0.02316, 0.02167, 0.03125, 0.0346, 0.0351, 0.03864, 0.036, 0.03784, 0.0417, 0.04382, 0.04236, 0.03125, 0.03015, 0.0274, 0.02658, 0.02625, 0.025, 0.02911, 0.02914, 0.01764, 0.0245, 0.02844, 0.02835, 0.03125
0.0337, 0.03467, 0.03125, 0.03125, 0.03125, 0.02722, 0.02911, 0.02997, 0.02649, 0.02917, 0.03693, 0.0359, 0.03122, 0.03125, 0.03088, 0.0293, 0.02856, 0.0263, 0.02725, 0.02866, 0.03125, 0.03125, 0.02774, 0.02985, 0.0282, 0.03125, 0.03125, 0.03, 0.03125, 0.03455, 0.0329, 0.03024, 0.02966, 0.02777, 0.02408, 0.02393, 0.0252, 0.02554, 0.02753, 0.02673, 0.02493, 0.01563, 0.01904, 0.01953, 0.02512, 0.02756, 0.03125, 0.03125, 0.03094, 0.03326, 0.03125, 0.02853, 0.02655, 0.02316, 0.02148, 0.01883, 0.02148, 0.03125, 0.04352, 0.03906, 0.03552, 0.03516, 0.03735, 0.04608, 0.04492, 0.0381, 0.0357, 0.03125, 0.03125, 0.0329, 0.0335, 0.0299, 0.02768, 0.03125, 0.03125, 0.0279, 0.02719, 0.03125, 0.0346, 0.03125, 0.02359, 0.02365, 0.02533, 0.03204, 0.03442, 0.0351, 0.03064, 0.03442, 0.03125, 0.03125, 0.03125, 0.02493, 0.0242, 0.03943, 0.04474, 0.04352, 0.04083, 0.03668, 0.037, 0.0384, 0.04034, 0.03125, 0.02673, 0.0326, 0.03018, 0.02841, 0.02402, 0.02332, 0.02563, 0.02573, 0.03125, 0.03583, 0.03217, 0.03125, 0.02646, 0.03125, 0.03125, 0.03125, 0.03217, 0.02829, 0.03125, 0.0252, 0.02301, 0.01978, 0.03061, 0.03607, 0.03625, 0.03442, 0.03125, 0.0307, 0.03125, 0.02728, 0.03125, 0.03772, 0.04132, 0.039, 0.03107, 0.03125, 0.03632, 0.03125, 0.02347, 0.02304, 0.03055, 0.03064, 0.02982, 0.0365, 0.0406, 0.0423, 0.04114, 0.04022, 0.0357, 0.02771, 0.03125, 0.03833, 0.03967, 0.04187, 0.03125, 0.0321, 0.03595, 0.03125, 0.02838, 0.02768, 0.03119, 0.02884, 0.03125, 0.03375, 0.0348, 0.03595, 0.03125, 0.02808, 0.03125, 0.03058, 0.03125, 0.03067, 0.03418, 0.03326, 0.02405, 0.02463, 0.02689, 0.03387, 0.03925, 0.04156, 0.04468, 0.0442, 0.0456, 0.0492, 0.04987, 0.03992, 0.0343, 0.03125, 0.02676, 0.0188, 0.0216, 0.0299, 0.02774, 0.01819, 0.02167, 0.02356, 0.02704, 0.03125
0.03418, 0.03125, 0.02972, 0.02847, 0.02231, 0.01843, 0.02225, 0.02863, 0.031, 0.03522, 0.0371, 0.03125, 0.02747, 0.03076, 0.03394, 0.03125, 0.03125, 0.03125, 0.02579, 0.0274, 0.03125, 0.02881, 0.02557, 0.02557, 0.02386, 0.02847, 0.0299, 0.0289, 0.03125, 0.02814, 0.03125, 0.02756, 0.03027, 0.02448, 0.0267, 0.02267, 0.01828, 0.02008, 0.02368, 0.0224, 0.02386, 0.02792, 0.02542, 0.02618, 0.02792, 0.02383, 0.03125, 0.03125, 0.03125, 0.03125, 0.03125, 0.03125, 0.03577, 0.02582, 0.0253, 0.02094, 0.01837, 0.02481, 0.03314, 0.03333, 0.03394, 0.03125, 0.034, 0.037, 0.0379, 0.03528, 0.03125, 0.03024, 0.02917, 0.02853, 0.02432, 0.02814, 0.02454, 0.03546, 0.03882, 0.03973, 0.03125, 0.02542, 0.02979, 0.03125, 0.02802, 0.02063, 0.01941, 0.03021, 0.03018, 0.03564, 0.03125, 0.0296, 0.02759, 0.03125, 0.02509, 0.02158, 0.02075, 0.03125, 0.04358, 0.04578, 0.0415, 0.03992, 0.039, 0.03815, 0.03857, 0.03778, 0.03522, 0.03052, 0.0297, 0.03055, 0.02121, 0.01804, 0.02008, 0.02155, 0.03558, 0.0326, 0.03125, 0.02774, 0.02939, 0.03125, 0.03778, 0.03125, 0.02344, 0.02798, 0.03125, 0.0323, 0.03125, 0.03125, 0.03125, 0.03006, 0.03125, 0.0398, 0.03735, 0.03613, 0.03125, 0.03125, 0.03006, 0.03656, 0.03625, 0.03662, 0.03125, 0.03125, 0.03125, 0.01563, 0.01563, 0.01228, 0.01993, 0.02509, 0.03055, 0.03564, 0.0429, 0.04156, 0.03955, 0.04102, 0.03125, 0.02597, 0.03125, 0.03564, 0.03778, 0.04462, 0.0432, 0.0354, 0.03534, 0.03125, 0.0252, 0.02313, 0.03125, 0.02637, 0.03125, 0.03638, 0.03748, 0.03125, 0.03412, 0.03125, 0.0345, 0.03125, 0.03363, 0.03693, 0.03943, 0.04108, 0.03125, 0.02542, 0.02133, 0.03043, 0.0382, 0.0393, 0.04565, 0.03967, 0.04456, 0.04224, 0.04242, 0.03333, 0.03125, 0.03052, 0.02518, 0.02155, 0.0249, 0.02786, 0.02426, 0.02344, 0.02396, 0.02676, 0.03116, 0.03125
0.03503, 0.03125, 0.0232, 0.02612, 0.01791, 0.01563, 0.0214, 0.03198, 0.03442, 0.0345, 0.03394, 0.03125, 0.0304, 0.03125, 0.0324, 0.03333, 0.03125, 0.02774, 0.02792, 0.02896, 0.02386, 0.02414, 0.02472, 0.0256, 0.0252, 0.02512, 0.03006, 0.03125, 0.02924, 0.0274, 0.02448, 0.02325, 0.02322, 0.02594, 0.02359, 0.03125, 0.01563, 0.01563, 0.02164, 0.01724, 0.02588, 0.03125, 0.02863, 0.03235, 0.03125, 0.02292, 0.02707, 0.02588, 0.02661, 0.03125, 0.0429, 0.03882, 0.03955, 0.03766, 0.03333, 0.03125, 0.02814, 0.03003, 0.03125, 0.03326, 0.03125, 0.03125, 0.03174, 0.039, 0.03906, 0.03558, 0.0303, 0.02853, 0.02682, 0.02533, 0.02136, 0.02121, 0.02039, 0.02924, 0.04218, 0.04675, 0.03796, 0.02924, 0.02487, 0.02216, 0.0232, 0.01666, 0.02472, 0.0297, 0.02997, 0.0329, 0.03125, 0.02817, 0.02567, 0.0242, 0.02798, 0.02716, 0.0263, 0.03125, 0.0357, 0.0448, 0.03912, 0.03125, 0.03668, 0.0357, 0.03394, 0.02731, 0.03125, 0.03006, 0.02933, 0.0286, 0.022, 0.015366, 0.02957, 0.02411, 0.03333, 0.03125, 0.0252, 0.02225, 0.03125, 0.03125, 0.03577, 0.0393, 0.02927, 0.03125, 0.03125, 0.0332, 0.03235, 0.03143, 0.03143, 0.0321, 0.0434, 0.04523, 0.04163, 0.03864, 0.03925, 0.03772, 0.0349, 0.02905, 0.03076, 0.03125, 0.02795, 0.0264, 0.01956, 0.01563, 0.013794, 0.01563, 0.01546, 0.0278, 0.03125, 0.03876, 0.0498, 0.0462, 0.04456, 0.0379, 0.03125, 0.03125, 0.03802, 0.03925, 0.03827, 0.03442, 0.0456, 0.0423, 0.03467, 0.03412, 0.03552, 0.0279, 0.0329, 0.02927, 0.03125, 0.03632, 0.04034, 0.03638, 0.0376, 0.03644, 0.03436, 0.03253, 0.036, 0.04327, 0.0443, 0.0432, 0.0445, 0.03125, 0.02695, 0.02933, 0.03125, 0.0382, 0.04547, 0.0431, 0.0443, 0.04047, 0.03735, 0.03375, 0.03125, 0.03098, 0.03091, 0.03125, 0.03125, 0.02936, 0.03125, 0.02936, 0.02847, 0.02301, 0.03125, 0.03723
0.02814, 0.02292, 0.02203, 0.02298, 0.014084, 0.01563, 0.02368, 0.0274, 0.03125, 0.02963, 0.02267, 0.02802, 0.02295, 0.02417, 0.03125, 0.03125, 0.03125, 0.02527, 0.02753, 0.0275, 0.02438, 0.02701, 0.02444, 0.02475, 0.02203, 0.0232, 0.02603, 0.02887, 0.03125, 0.02615, 0.03088, 0.03125, 0.02142, 0.0195, 0.01563, 0.02838, 0.01596, 0.01563, 0.0132, 0.01563, 0.02985, 0.03192, 0.03564, 0.03583, 0.034, 0.0315, 0.03302, 0.0303, 0.031, 0.04163, 0.0479, 0.03925, 0.03693, 0.0376, 0.0415, 0.03387, 0.03424, 0.03046, 0.03308, 0.03125, 0.03125, 0.03125, 0.03125, 0.03387, 0.03125, 0.02893, 0.02405, 0.0203, 0.0227, 0.0209, 0.01563, 0.01563, 0.01563, 0.02664, 0.04352, 0.0443, 0.03876, 0.02988, 0.02985, 0.03125, 0.03534, 0.02457, 0.021, 0.02979, 0.02396, 0.03125, 0.03235, 0.03125, 0.02747, 0.02234, 0.0293, 0.03394, 0.03406, 0.03125, 0.03104, 0.04517, 0.04236, 0.03217, 0.03125, 0.03595, 0.03497, 0.03125, 0.02399, 0.03104, 0.03125, 0.03418, 0.0278, 0.03125, 0.03583, 0.03217, 0.03113, 0.0297, 0.02328, 0.02466, 0.03125, 0.03125, 0.03546, 0.0371, 0.0365, 0.0395, 0.04663, 0.03857, 0.04016, 0.0362, 0.03552, 0.0381, 0.04352, 0.0415, 0.04242, 0.04004, 0.0401, 0.03857, 0.03345, 0.03125, 0.0279, 0.03125, 0.0278, 0.0245, 0.02893, 0.02719, 0.0249, 0.02533, 0.02527, 0.02536, 0.03125, 0.03815, 0.05066, 0.0561, 0.04437, 0.04358, 0.03845, 0.03717, 0.04266, 0.03796, 0.0365, 0.03125, 0.04352, 0.0387, 0.0332, 0.03546, 0.03363, 0.03125, 0.03125, 0.03125, 0.03125, 0.0318, 0.04083, 0.0382, 0.04156, 0.03912, 0.03333, 0.03387, 0.0334, 0.04108, 0.04327, 0.04285, 0.0454, 0.03998, 0.034, 0.02881, 0.03125, 0.03955, 0.04388, 0.0426, 0.04016, 0.03125, 0.03125, 0.03125, 0.03168, 0.03125, 0.03278, 0.0354, 0.03882, 0.03223, 0.0374, 0.039, 0.03778, 0.0279, 0.03125, 0.03125
0.01563, 0.01617, 0.01563, 0.01563, 0.012634, 0.01563, 0.0267, 0.03125, 0.03125, 0.0307, 0.03104, 0.02322, 0.0228, 0.02554, 0.02866, 0.0343, 0.0337, 0.03125, 0.02423, 0.02008, 0.02225, 0.02405, 0.02075, 0.0184, 0.0177, 0.02164, 0.02365, 0.02426, 0.03125, 0.03091, 0.0338, 0.03296, 0.0327, 0.0195, 0.01782, 0.0209, 0.02026, 0.01984, 0.01563, 0.02295, 0.03558, 0.03802, 0.0376, 0.0345, 0.0357, 0.0387, 0.03668, 0.0409, 0.04285, 0.04773, 0.0467, 0.0401, 0.0398, 0.04095, 0.03387, 0.03485, 0.03937, 0.03754, 0.03333, 0.03125, 0.02899, 0.03125, 0.03125, 0.02728, 0.02878, 0.026, 0.02457, 0.0192, 0.02487, 0.02063, 0.01563, 0.01602, 0.02344, 0.0296, 0.03772, 0.0454, 0.03125, 0.02148, 0.03125, 0.03125, 0.0376, 0.03125, 0.0261, 0.02634, 0.01819, 0.0267, 0.03125, 0.02316, 0.02063, 0.02557, 0.03076, 0.03125, 0.0304, 0.03125, 0.0362, 0.04047, 0.04175, 0.03217, 0.03125, 0.0381, 0.0359, 0.03302, 0.03125, 0.02588, 0.03018, 0.04114, 0.0467, 0.04102, 0.0349, 0.0329, 0.02878, 0.03061, 0.03018, 0.03125, 0.03125, 0.03125, 0.03125, 0.03125, 0.03052, 0.03125, 0.04132, 0.03772, 0.03125, 0.03125, 0.03125, 0.03125, 0.04095, 0.04095, 0.04462, 0.04047, 0.0385, 0.03717, 0.03253, 0.02298, 0.02408, 0.02667, 0.02509, 0.02509, 0.02545, 0.02759, 0.03125, 0.0292, 0.03098, 0.0348, 0.0376, 0.03735, 0.05615, 0.05292, 0.0515, 0.0465, 0.04358, 0.03735, 0.04242, 0.03772, 0.03473, 0.03125, 0.03802, 0.04376, 0.03522, 0.0346, 0.03125, 0.02704, 0.02988, 0.0282, 0.02762, 0.0323, 0.036, 0.0426, 0.04456, 0.03693, 0.03125, 0.0368, 0.03467, 0.03125, 0.03113, 0.02673, 0.0443, 0.04016, 0.03125, 0.03125, 0.03406, 0.04382, 0.03937, 0.04388, 0.04413, 0.03473, 0.03345, 0.03375, 0.0338, 0.03394, 0.03467, 0.03125, 0.02518, 0.02756, 0.03418, 0.03668, 0.0354, 0.03442, 0.03467, 0.03125
0.02563, 0.01503, 0.01221, 0.0083, 0.007812, 0.01132, 0.0338, 0.03687, 0.03918, 0.03497, 0.03125, 0.02795, 0.02258, 0.03125, 0.03992, 0.03638, 0.03302, 0.03125, 0.02664, 0.02777, 0.03012, 0.0224, 0.01868, 0.01746, 0.02206, 0.02606, 0.02863, 0.02798, 0.03125, 0.02618, 0.02435, 0.02136, 0.02786, 0.01563, 0.01797, 0.03125, 0.03012, 0.03012, 0.026, 0.03125, 0.03125, 0.02985, 0.03125, 0.02435, 0.03668, 0.04492, 0.04407, 0.05188, 0.05206, 0.05194, 0.0454, 0.03125, 0.04596, 0.04114, 0.03125, 0.02707, 0.03088, 0.0373, 0.03125, 0.0253, 0.0163, 0.03125, 0.0263, 0.0267, 0.02856, 0.02722, 0.02557, 0.02414, 0.02847, 0.03125, 0.02707, 0.02618, 0.02643, 0.02551, 0.0264, 0.03125, 0.02826, 0.02203, 0.02219, 0.00972, 0.02725, 0.02875, 0.02563, 0.02402, 0.01938, 0.02695, 0.0315, 0.03986, 0.02692, 0.02603, 0.02536, 0.02869, 0.03125, 0.0423, 0.047, 0.04688, 0.0445, 0.03717, 0.03125, 0.03717, 0.03595, 0.0321, 0.03061, 0.02518, 0.0228, 0.03125, 0.04083, 0.02774, 0.03125, 0.03125, 0.02496, 0.0299, 0.03754, 0.0381, 0.03247, 0.03125, 0.03125, 0.02774, 0.02405, 0.01865, 0.03467, 0.03748, 0.03125, 0.03125, 0.02557, 0.0275, 0.03735, 0.0415, 0.04645, 0.03723, 0.03815, 0.03552, 0.03125, 0.02652, 0.02127, 0.0198, 0.025, 0.03125, 0.03497, 0.04102, 0.03125, 0.03125, 0.0409, 0.05035, 0.0547, 0.04993, 0.06232, 0.05725, 0.0467, 0.04602, 0.04608, 0.03894, 0.03992, 0.036, 0.03357, 0.03018, 0.0348, 0.0374, 0.03284, 0.03497, 0.03125, 0.02979, 0.02893, 0.03125, 0.03125, 0.03125, 0.03125, 0.0475, 0.0454, 0.03778, 0.03418, 0.03766, 0.03552, 0.03436, 0.03204, 0.03125, 0.0337, 0.03125, 0.03125, 0.0281, 0.03125, 0.0343, 0.03528, 0.03638, 0.03662, 0.03125, 0.03125, 0.03125, 0.03125, 0.03125, 0.03107, 0.03656, 0.03912, 0.03125, 0.03284, 0.03125, 0.02954, 0.03076, 0.03424, 0.03125
0.03043, 0.0238, 0.02792, 0.01563, 0.007164, 0.01563, 0.02713, 0.03125, 0.03125, 0.03125, 0.03125, 0.02457, 0.02414, 0.02933, 0.04266, 0.03784, 0.03668, 0.03125, 0.02728, 0.0334, 0.03125, 0.03125, 0.0275, 0.02353, 0.02155, 0.02682, 0.03522, 0.03363, 0.02179, 0.01344, 0.01563, 0.022, 0.02332, 0.02338, 0.03027, 0.04004, 0.04272, 0.03888, 0.0407, 0.03125, 0.03125, 0.02829, 0.03125, 0.0231, 0.03033, 0.04315, 0.04974, 0.0426, 0.03125, 0.03125, 0.03125, 0.03024, 0.0431, 0.04236, 0.03455, 0.03125, 0.02802, 0.03125, 0.0282, 0.01767, 0.01563, 0.0245, 0.02109, 0.01682, 0.02429, 0.02878, 0.03265, 0.03125, 0.02707, 0.02954, 0.02643, 0.02408, 0.02399, 0.0279, 0.01944, 0.01944, 0.02753, 0.03125, 0.03125, 0.01563, 0.02448, 0.02438, 0.02496, 0.0267, 0.02655, 0.02963, 0.03485, 0.03455, 0.02765, 0.01819, 0.02591, 0.02618, 0.03088, 0.03845, 0.04352, 0.03125, 0.03534, 0.03668, 0.0385, 0.03955, 0.03552, 0.03247, 0.02896, 0.03125, 0.02576, 0.03125, 0.03125, 0.03125, 0.02753, 0.0398, 0.03125, 0.03125, 0.03125, 0.03125, 0.03284, 0.03125, 0.02957, 0.02713, 0.02359, 0.01923, 0.02124, 0.02817, 0.0285, 0.03024, 0.03125, 0.02957, 0.03503, 0.04388, 0.03717, 0.03802, 0.0387, 0.0346, 0.03253, 0.03125, 0.03125, 0.03125, 0.03845, 0.03827, 0.04584, 0.04468, 0.04358, 0.04382, 0.04706, 0.05194, 0.05597, 0.0561, 0.04608, 0.05786, 0.0548, 0.0534, 0.04834, 0.04468, 0.0504, 0.03888, 0.03503, 0.0292, 0.02792, 0.03333, 0.03125, 0.03522, 0.03284, 0.03125, 0.02914, 0.02243, 0.02429, 0.0264, 0.03125, 0.0376, 0.0428, 0.03925, 0.0384, 0.03558, 0.03125, 0.0354, 0.0253, 0.03125, 0.03125, 0.02841, 0.03784, 0.03125, 0.03125, 0.03125, 0.03125, 0.03125, 0.03125, 0.03125, 0.02914, 0.03125, 0.03125, 0.0296, 0.02902, 0.036, 0.03857, 0.04114, 0.03674, 0.03217, 0.02942, 0.03088, 0.03125, 0.03125
0.02182, 0.02463, 0.02402, 0.02844, 0.01524, 0.00983, 0.01971, 0.0231, 0.01563, 0.01563, 0.01427, 0.02502, 0.02515, 0.02524, 0.03815, 0.0373, 0.03564, 0.03125, 0.03827, 0.03674, 0.03125, 0.02905, 0.03125, 0.03058, 0.02802, 0.03125, 0.03876, 0.0431, 0.03119, 0.02411, 0.02097, 0.03125, 0.03424, 0.0346, 0.03333, 0.02975, 0.03125, 0.03125, 0.04126, 0.03125, 0.02905, 0.03009, 0.03015, 0.02722, 0.03125, 0.04077, 0.0459, 0.04108, 0.03125, 0.03125, 0.02737, 0.03125, 0.03632, 0.03125, 0.03125, 0.03125, 0.02966, 0.02863, 0.03125, 0.01563, 0.01563, 0.013565, 0.01477, 0.02182, 0.03674, 0.03125, 0.03906, 0.04608, 0.0421, 0.04248, 0.0368, 0.03125, 0.02332, 0.0202, 0.0192, 0.01563, 0.01843, 0.03632, 0.04156, 0.03125, 0.03125, 0.02704, 0.02844, 0.03058, 0.03534, 0.03363, 0.03125, 0.03125, 0.03125, 0.02283, 0.02274, 0.03125, 0.0234, 0.0329, 0.0338, 0.02432, 0.0359, 0.03522, 0.04736, 0.04773, 0.04083, 0.03247, 0.03125, 0.03125, 0.0253, 0.02676, 0.02533, 0.02942, 0.034, 0.0437, 0.04053, 0.0365, 0.0338, 0.02414, 0.03125, 0.03455, 0.03125, 0.03125, 0.02515, 0.01563, 0.02155, 0.03125, 0.02658, 0.01889, 0.01563, 0.01563, 0.02496, 0.0434, 0.03796, 0.03912, 0.03998, 0.03375, 0.03125, 0.03125, 0.03125, 0.0349, 0.03528, 0.0432, 0.03827, 0.04657, 0.04437, 0.04785, 0.04327, 0.05115, 0.04224, 0.04626, 0.04034, 0.0451, 0.0492, 0.04797, 0.0512, 0.04797, 0.04974, 0.04755, 0.03784, 0.03125, 0.02548, 0.02759, 0.03125, 0.02939, 0.0318, 0.03125, 0.026, 0.02594, 0.02716, 0.02649, 0.03296, 0.03125, 0.03632, 0.0376, 0.03925, 0.037, 0.03174, 0.03125, 0.02707, 0.0299, 0.02643, 0.02905, 0.03125, 0.03125, 0.03125, 0.02118, 0.02988, 0.0297, 0.03125, 0.0365, 0.02917, 0.02856, 0.02878, 0.0346, 0.03748, 0.0343, 0.0335, 0.03418, 0.03497, 0.03125, 0.03125, 0.02835, 0.02841, 0.02347
0.02243, 0.02155, 0.02948, 0.01388, 0.01222, 0.0001812, 0.01563, 0.01602, 0.00864, 0.007812, 0.007812, 0.011765, 0.0242, 0.03094, 0.03754, 0.03345, 0.03125, 0.02905, 0.03125, 0.02936, 0.02917, 0.03125, 0.03125, 0.02887, 0.02945, 0.03125, 0.03125, 0.03912, 0.03986, 0.03125, 0.03113, 0.03125, 0.03894, 0.04218, 0.03613, 0.0315, 0.01907, 0.02948, 0.04114, 0.03668, 0.03345, 0.03955, 0.03125, 0.03125, 0.03558, 0.0404, 0.04437, 0.03125, 0.01974, 0.0252, 0.01563, 0.02716, 0.03125, 0.03125, 0.03125, 0.03125, 0.02817, 0.02982, 0.0293, 0.01959, 0.02084, 0.01563, 0.0126, 0.03021, 0.04468, 0.03693, 0.04364, 0.05463, 0.05, 0.0417, 0.03442, 0.03955, 0.03125, 0.0268, 0.0261, 0.02136, 0.0216, 0.02646, 0.0387, 0.03125, 0.02914, 0.02933, 0.03125, 0.03827, 0.03125, 0.02338, 0.02719, 0.0274, 0.02887, 0.03296, 0.03125, 0.0311, 0.02808, 0.0279, 0.02914, 0.01563, 0.02985, 0.0345, 0.03125, 0.04474, 0.04205, 0.03558, 0.03125, 0.02646, 0.02267, 0.02979, 0.0221, 0.02838, 0.04132, 0.04816, 0.0393, 0.04053, 0.03436, 0.02927, 0.03125, 0.03168, 0.0337, 0.02829, 0.02084, 0.02042, 0.02682, 0.03043, 0.02115, 0.01563, 0.01563, 0.01563, 0.0199, 0.03644, 0.03125, 0.04156, 0.04193, 0.03998, 0.03503, 0.03122, 0.02646, 0.02798, 0.03125, 0.03412, 0.03302, 0.04352, 0.03778, 0.03125, 0.03845, 0.04572, 0.03967, 0.04034, 0.03125, 0.04578, 0.04706, 0.05273, 0.04504, 0.03888, 0.03772, 0.0475, 0.03638, 0.03125, 0.0292, 0.02481, 0.03125, 0.02411, 0.0261, 0.02176, 0.01953, 0.0263, 0.03125, 0.02048, 0.01563, 0.03125, 0.03125, 0.03668, 0.03772, 0.03436, 0.0332, 0.03125, 0.02914, 0.02652, 0.02618, 0.02673, 0.02795, 0.03125, 0.02704, 0.02405, 0.03125, 0.03235, 0.034, 0.0318, 0.02966, 0.02878, 0.03125, 0.03125, 0.0286, 0.02325, 0.01645, 0.02353, 0.03754, 0.03345, 0.03125, 0.02048, 0.01978, 0.02231
0.014145, 0.01773, 0.02203, 0.01108, 0.0085, -0.006687, 0.00784, 0.0199, 0.01424, 0.01074, 0.014496, 0.007812, 0.01563, 0.03125, 0.03656, 0.03406, 0.03067, 0.02264, 0.01349, 0.01178, 0.02234, 0.03552, 0.03772, 0.03125, 0.03125, 0.02762, 0.02759, 0.03418, 0.03845, 0.034, 0.03125, 0.03125, 0.03125, 0.03125, 0.03656, 0.0321, 0.03125, 0.03125, 0.02637, 0.01563, 0.02737, 0.03125, 0.02386, 0.02997, 0.02975, 0.04388, 0.0476, 0.04156, 0.03125, 0.02835, 0.02539, 0.02548, 0.01563, 0.03125, 0.03125, 0.0343, 0.02744, 0.01395, 0.01563, 0.03091, 0.0286, 0.02591, 0.02258, 0.03888, 0.04858, 0.04877, 0.05298, 0.05078, 0.04993, 0.0412, 0.03577, 0.0332, 0.02979, 0.03125, 0.03052, 0.02835, 0.02783, 0.02112, 0.03833, 0.03564, 0.03125, 0.01563, 0.03174, 0.03302, 0.02448, 0.02225, 0.03125, 0.02972, 0.0296, 0.02963, 0.02939, 0.03125, 0.0343, 0.03125, 0.03125, 0.0239, 0.01999, 0.03125, 0.03125, 0.03412, 0.03558, 0.03125, 0.02728, 0.03055, 0.02414, 0.02795, 0.0213, 0.02756, 0.0398, 0.04297, 0.03973, 0.04407, 0.0382, 0.03125, 0.02277, 0.02838, 0.03125, 0.02573, 0.02353, 0.01993, 0.02917, 0.02948, 0.0184, 0.01563, 0.01563, 0.01563, 0.01482, 0.03265, 0.02985, 0.03217, 0.03265, 0.0393, 0.03564, 0.02655, 0.0199, 0.02542, 0.03113, 0.03662, 0.03424, 0.039, 0.04358, 0.0415, 0.04297, 0.04034, 0.03705, 0.03625, 0.03125, 0.03406, 0.03717, 0.0465, 0.05127, 0.04993, 0.0415, 0.04596, 0.03125, 0.02664, 0.02808, 0.02783, 0.02359, 0.0114, 0.014496, 0.01563, 0.02255, 0.0195, 0.02362, 0.01563, 0.01402, 0.01547, 0.03125, 0.03125, 0.03125, 0.03125, 0.03625, 0.02939, 0.03125, 0.02661, 0.02411, 0.02628, 0.02658, 0.02698, 0.0278, 0.03125, 0.04413, 0.04517, 0.03125, 0.03125, 0.02875, 0.02814, 0.02844, 0.01563, 0.01617, 0.01828, 0.01563, 0.03302, 0.04553, 0.03717, 0.02286, 0.01027, 0.01314, 0.013916
0.01563, 0.01685, 0.03094, 0.01327, 0.013016, 0.002754, 0.00553, 0.02399, 0.01929, 0.01563, 0.01167, 0.005844, 0.003906, 0.021, 0.02487, 0.02753, 0.015396, 0.01402, 0.01419, 0.007812, 0.01563, 0.0227, 0.03125, 0.03125, 0.03006, 0.03125, 0.03125, 0.0289, 0.03125, 0.03012, 0.02386, 0.03018, 0.03125, 0.03125, 0.03125, 0.04382, 0.03125, 0.0234, 0.03125, 0.007812, 0.02454, 0.04034, 0.03125, 0.02332, 0.0303, 0.04108, 0.0473, 0.03632, 0.04413, 0.04138, 0.03552, 0.03442, 0.02951, 0.02664, 0.03125, 0.03125, 0.02582, 0.0169, 0.01682, 0.04944, 0.03473, 0.03125, 0.02747, 0.03986, 0.04895, 0.05768, 0.05017, 0.04926, 0.0501, 0.04187, 0.03857, 0.03656, 0.03125, 0.02646, 0.0227, 0.03, 0.02182, 0.03125, 0.03125, 0.03125, 0.02597, 0.01736, 0.02124, 0.03006, 0.0159, 0.01865, 0.03607, 0.02988, 0.03073, 0.0289, 0.03125, 0.02704, 0.0279, 0.02774, 0.02927, 0.02454, 0.01855, 0.01489, 0.02254, 0.02936, 0.02103, 0.02768, 0.03125, 0.02905, 0.02728, 0.03125, 0.03015, 0.03204, 0.0307, 0.03467, 0.04498, 0.04315, 0.0484, 0.04236, 0.03333, 0.03156, 0.03125, 0.03125, 0.03125, 0.03125, 0.02911, 0.02972, 0.02213, 0.01654, 0.01563, 0.02737, 0.0206, 0.0239, 0.02148, 0.02621, 0.03125, 0.03125, 0.02457, 0.01563, 0.01192, 0.01518, 0.02542, 0.0346, 0.0371, 0.03125, 0.03845, 0.04492, 0.0379, 0.04205, 0.03125, 0.03125, 0.03125, 0.03918, 0.0335, 0.03125, 0.0501, 0.04645, 0.03723, 0.0429, 0.03424, 0.02924, 0.03125, 0.03021, 0.01907, 0.0085, 0.00983, 0.02649, 0.02939, 0.01953, 0.0329, 0.03534, 0.03125, 0.03125, 0.02939, 0.03012, 0.03302, 0.04565, 0.03607, 0.02686, 0.03125, 0.02222, 0.01563, 0.007492, 0.01459, 0.02289, 0.02255, 0.03125, 0.04688, 0.03717, 0.03473, 0.0357, 0.03827, 0.0368, 0.03125, 0.02191, 0.01563, 0.0159, 0.02493, 0.03735, 0.03644, 0.03003, 0.03125, 0.00815, 0.004784, 0.01123
0.017, 0.00964, 0.02133, 0.01563, 0.01239, 0.01413, 0.026, 0.01993, 0.01283, 0.015396, 0.00727, 0.001953, -0.006058, 0.00795, 0.01563, 0.01563, 0.02252, 0.021, 0.03125, 0.014084, 0.0216, 0.03125, 0.03412, 0.03125, 0.03125, 0.03058, 0.03119, 0.0256, 0.02713, 0.02463, 0.02814, 0.03143, 0.01974, 0.03125, 0.02322, 0.02899, 0.02975, 0.03125, 0.04468, 0.03125, 0.0365, 0.0506, 0.04236, 0.0327, 0.02866, 0.03125, 0.0429, 0.042, 0.04785, 0.04242, 0.04083, 0.03717, 0.02832, 0.02972, 0.02615, 0.03125, 0.02411, 0.01563, 0.01437, 0.04492, 0.0423, 0.0321, 0.02344, 0.03012, 0.04993, 0.04858, 0.04694, 0.04163, 0.04816, 0.04578, 0.0423, 0.03882, 0.03485, 0.03088, 0.02518, 0.01563, 0.01944, 0.03125, 0.02792, 0.03125, 0.02539, 0.02026, 0.01563, 0.02228, 0.0114, 0.02621, 0.0417, 0.03125, 0.03125, 0.03009, 0.02258, 0.03125, 0.03073, 0.03125, 0.02936, 0.01569, 0.01563, 0.01563, 0.0264, 0.02353, 0.02585, 0.02676, 0.02701, 0.03015, 0.03125, 0.03125, 0.02783, 0.02557, 0.0217, 0.02646, 0.03253, 0.0385, 0.05402, 0.04016, 0.03125, 0.0368, 0.03387, 0.03125, 0.03632, 0.03516, 0.0326, 0.03125, 0.0335, 0.03125, 0.03125, 0.03125, 0.03125, 0.03125, 0.02551, 0.02792, 0.03125, 0.03125, 0.02353, 0.01868, 0.01563, 0.01563, 0.01563, 0.01752, 0.03357, 0.03125, 0.03125, 0.03125, 0.03125, 0.02924, 0.02078, 0.02399, 0.03125, 0.04382, 0.03864, 0.04572, 0.04822, 0.0595, 0.03815, 0.04517, 0.04138, 0.0429, 0.05212, 0.0478, 0.03473, 0.01978, 0.02542, 0.03125, 0.03125, 0.04303, 0.04663, 0.04248, 0.04114, 0.04645, 0.04486, 0.03815, 0.03125, 0.03888, 0.04413, 0.03125, 0.03046, 0.0239, 0.01563, 0.01563, 0.00818, 0.00815, 0.01563, 0.03125, 0.0362, 0.0338, 0.0349, 0.05334, 0.05127, 0.0432, 0.03748, 0.03125, 0.0224, 0.01663, 0.0246, 0.04413, 0.03314, 0.02496, 0.03125, 0.02734, 0.01563, 0.007812
0.0006604, -0.00966, 1.61e-5, -0.01518, 0.00095, 0.01883, 0.0421, 0.03577, 0.02725, 0.01926, 0.00981, 0.02063, 0.007812, 0.01563, 0.01405, 0.01666, 0.03717, 0.04736, 0.04517, 0.0382, 0.03125, 0.03125, 0.02393, 0.0467, 0.0334, 0.0281, 0.02866, 0.02551, 0.02661, 0.01862, 0.01563, 0.02606, 0.02698, 0.02972, 0.0203, 0.01563, 0.03125, 0.03125, 0.03973, 0.0489, 0.04376, 0.05304, 0.05237, 0.04492, 0.03125, 0.03125, 0.0285, 0.02621, 0.04108, 0.04144, 0.03613, 0.03125, 0.01563, 0.007812, 0.01488, 0.009796, 0.03125, 0.02603, 0.02167, 0.02252, 0.04126, 0.03125, 0.03125, 0.0428, 0.0531, 0.0484, 0.04614, 0.04083, 0.03223, 0.04828, 0.0475, 0.04303, 0.03888, 0.0349, 0.0286, 0.01862, 0.01834, 0.03125, 0.03125, 0.03125, 0.0292, 0.02347, 0.01083, 0.01563, 0.01563, 0.03644, 0.0445, 0.03125, 0.0256, 0.01563, 0.013275, 0.01563, 0.0315, 0.03534, 0.03125, 0.01563, 0.00903, 0.003906, 0.01326, 0.01779, 0.03125, 0.03125, 0.03125, 0.02902, 0.02695, 0.01563, 0.02576, 0.01563, 0.01327, 0.01932, 0.02643, 0.0404, 0.03125, 0.03125, 0.03125, 0.03632, 0.03125, 0.03583, 0.03125, 0.03036, 0.03125, 0.02655, 0.02667, 0.03125, 0.0282, 0.02856, 0.01563, 0.01563, 0.02411, 0.04358, 0.03534, 0.03125, 0.03125, 0.03079, 0.03125, 0.02423, 0.01563, 0.02753, 0.0318, 0.0381, 0.03125, 0.03125, 0.02881, 0.02527, 0.01715, 0.02545, 0.0238, 0.04303, 0.04242, 0.03857, 0.04047, 0.05054, 0.04382, 0.0547, 0.0514, 0.0479, 0.06073, 0.0625, 0.05664, 0.06036, 0.04657, 0.0324, 0.0398, 0.0578, 0.05383, 0.04932, 0.0573, 0.062, 0.05, 0.05273, 0.04938, 0.04462, 0.03558, 0.03125, 0.03125, 0.02185, 0.03055, 0.01868, 0.006477, 0.004997, 0.00628, 0.01602, 0.02658, 0.03125, 0.03125, 0.0562, 0.0536, 0.04883, 0.04913, 0.04108, 0.03125, 0.02502, 0.03564, 0.0429, 0.03058, 0.03125, 0.02536, 0.01242, 0.003906, 0.0112
0.00909, -0.0002062, -0.00749, -0.01563, -0.001619, 0.0398, 0.04065, 0.03125, 0.03125, 0.0282, 0.01563, 0.007317, 0.00589, 0.03125, 0.04095, 0.03125, 0.0453, 0.04346, 0.04517, 0.04382, 0.03079, 0.03027, 0.0185, 0.0349, 0.03125, 0.02896, 0.02881, 0.03009, 0.01971, 0.01563, 0.02417, 0.03305, 0.03064, 0.0321, 0.03754, 0.02112, 0.01895, 0.01563, 0.03687, 0.0365, 0.03125, 0.04004, 0.04578, 0.0437, 0.03564, 0.04395, 0.03442, 0.03125, 0.03125, 0.03098, 0.03125, 0.03055, 0.02405, 0.01563, 0.01549, 0.014694, 0.007812, 0.01286, 0.01563, 0.02396, 0.02524, 0.03067, 0.03125, 0.03125, 0.049, 0.0523, 0.04974, 0.04333, 0.03125, 0.0423, 0.04462, 0.03638, 0.02875, 0.03125, 0.03125, 0.03125, 0.0297, 0.02628, 0.03125, 0.03125, 0.03296, 0.02585, 0.01563, 0.01563, 0.01563, 0.02722, 0.04785, 0.0456, 0.0345, 0.01935, 0.02142, 0.02039, 0.02206, 0.01563, 0.006294, 0.01563, 0.007812, -0.00833, -0.003342, 0.00993, 0.02719, 0.0271, 0.03613, 0.03125, 0.03125, 0.02362, 0.01822, 0.007812, 0.0195, 0.03125, 0.03394, 0.0332, 0.03125, 0.03125, 0.04028, 0.0345, 0.03125, 0.02936, 0.0231, 0.02509, 0.03125, 0.03012, 0.02628, 0.01892, 0.01563, 0.01563, 0.01675, 0.01968, 0.0445, 0.0506, 0.04785, 0.04688, 0.03784, 0.02689, 0.02469, 0.01563, 0.01286, 0.03125, 0.03528, 0.04193, 0.0322, 0.03125, 0.02332, 0.02716, 0.01563, 0.01563, 0.01563, 0.03552, 0.049, 0.04297, 0.03302, 0.03125, 0.03125, 0.03668, 0.0443, 0.0459, 0.0625, 0.0625, 0.04346, 0.0506, 0.0635, 0.05548, 0.0553, 0.0625, 0.05145, 0.04468, 0.0495, 0.04633, 0.03687, 0.03125, 0.0286, 0.03125, 0.03754, 0.03674, 0.02527, 0.02151, 0.02325, 0.01563, 0.00682, -0.002285, -0.01563, 0.00158, 0.01167, 0.01617, 0.03125, 0.04932, 0.04108, 0.04193, 0.04547, 0.0625, 0.0473, 0.02866, 0.02551, 0.0261, 0.03125, 0.0185, 0.01999, 0.007812, 0.01549, 0.01218
0.02206, 0.005486, -0.01563, -0.02951, 0.007812, 0.04382, 0.04956, 0.03534, 0.02405, 0.02692, 0.004204, 0.001953, 0.014175, 0.03125, 0.0625, 0.05756, 0.05713, 0.05798, 0.0484, 0.04858, 0.03766, 0.0324, 0.01563, 0.02759, 0.03125, 0.03125, 0.03125, 0.02942, 0.02222, 0.02045, 0.01563, 0.02182, 0.03125, 0.04187, 0.04706, 0.04443, 0.03125, 0.0217, 0.02588, 0.03125, 0.03058, 0.01563, 0.01563, 0.02176, 0.03815, 0.04132, 0.04315, 0.04132, 0.03125, 0.02252, 0.03125, 0.03125, 0.03098, 0.01563, 0.01291, 0.01563, 0.00816, 0.01563, 0.01675, 0.01563, 0.01563, 0.007812, 0.02298, 0.02594, 0.03265, 0.0431, 0.0498, 0.039, 0.03125, 0.03723, 0.05188, 0.0453, 0.03125, 0.03125, 0.03055, 0.04083, 0.03125, 0.03125, 0.02252, 0.02094, 0.03125, 0.02423, 0.01563, 0.007812, 0.01563, 0.0405, 0.03833, 0.03418, 0.02005, 0.03015, 0.02756, 0.02582, 0.02219, 0.01347, 0.004345, 0.000887, -0.01096, -0.001558, 0.00324, 0.0171, 0.019, 0.03125, 0.03363, 0.03125, 0.02765, 0.01007, 0.00946, -0.00801, 0.01433, 0.0261, 0.03125, 0.0216, 0.03125, 0.02115, 0.0395, 0.03442, 0.03156, 0.02628, 0.01855, 0.03125, 0.03125, 0.03043, 0.02994, 0.02454, 0.01706, 0.01563, 0.01746, 0.01442, 0.03314, 0.05212, 0.0385, 0.04865, 0.03986, 0.03833, 0.03027, 0.02106, 0.01563, 0.02725, 0.03125, 0.03125, 0.0324, 0.02695, 0.03125, 0.03125, 0.02863, 0.02286, 0.02206, 0.03125, 0.05353, 0.04938, 0.0428, 0.0299, 0.0257, 0.03125, 0.03125, 0.0481, 0.05347, 0.05023, 0.05066, 0.06012, 0.0674, 0.0617, 0.04437, 0.03125, 0.0506, 0.04187, 0.04718, 0.04626, 0.03125, 0.01563, 0.00827, 0.01563, 0.02869, 0.01473, 0.01926, 0.01996, 0.0289, 0.02008, 0.007446, 0.003906, -0.00807, 0.002045, 0.02148, 0.01904, 0.03766, 0.0467, 0.04504, 0.04053, 0.04413, 0.0453, 0.03204, 0.05017, 0.0345, 0.03125, 0.03778, 0.02573, 0.02866, 0.0238, 0.02386, 0.02438
0.002382, -0.008896, -0.01843, -0.03125, -0.001576, 0.03125, 0.04047, 0.02585, 0.01563, 0.01146, 0.000977, 0.01219, 0.01743, 0.03125, 0.04913, 0.047, 0.03125, 0.03125, 0.03357, 0.0345, 0.02942, 0.0199, 0.01387, 0.01431, 0.0348, 0.03503, 0.03125, 0.02509, 0.01225, 0.02295, 0.01563, 0.02335, 0.03125, 0.03125, 0.04785, 0.03845, 0.03125, 0.03125, 0.02765, 0.03125, 0.01941, 0.00851, 0.01715, 0.02408, 0.03186, 0.03125, 0.03125, 0.02698, 0.03125, 0.03125, 0.02267, 0.006462, 0.01285, 0.01712, 0.003744, 0.006424, 0.0112, 0.01563, 0.01563, 0.007812, 0.01563, 0.00987, 0.01636, 0.0382, 0.0407, 0.0453, 0.04547, 0.03992, 0.0395, 0.03406, 0.0362, 0.04755, 0.03278, 0.01563, 0.01563, 0.015564, 0.01712, 0.03125, 0.02103, 0.01935, 0.03125, 0.03107, 0.0235, 0.01959, 0.02795, 0.04767, 0.03125, 0.03125, 0.03125, 0.02872, 0.01685, 0.01448, 0.0167, 0.007812, 0.01563, 0.00795, -0.01784, -0.04083, -0.03125, 0.003813, 0.014206, 0.01962, 0.0214, 0.02887, 0.03125, 0.03125, 0.03394, 0.01935, 0.03125, 0.03125, 0.03583, 0.03125, 0.02722, 0.01563, 0.02411, 0.03125, 0.02414, 0.01852, 0.03125, 0.04492, 0.03043, 0.03125, 0.01807, 0.01596, 0.01563, 0.01956, 0.01306, 0.02145, 0.03644, 0.03125, 0.03876, 0.0387, 0.02042, 0.00453, 0.01227, 0.014336, 0.01228, 0.01907, 0.0381, 0.03125, 0.03125, 0.01971, 0.007812, 0.009964, 0.01694, -0.0002114, -0.001859, 0.01569, 0.03363, 0.04218, 0.01825, 0.03125, 0.03125, 0.02945, 0.02701, 0.03644, 0.0428, 0.0304, 0.04547, 0.0584, 0.05975, 0.0625, 0.04572, 0.04248, 0.04968, 0.04523, 0.0387, 0.03125, 0.03125, 0.01917, 0.001953, 0.0006027, 0.01465, 0.02466, 0.01563, 0.01549, 0.001953, 0.01563, 0.003906, -0.007812, -0.007812, 0.003227, 0.02228, 0.03125, 0.04694, 0.04376, 0.03125, 0.0459, 0.0492, 0.0487, 0.03735, 0.04333, 0.03528, 0.03998, 0.03882, 0.03333, 0.03247, 0.01917, 0.01388, 0.007492
0.00792, 0.001398, -0.00637, -0.01563, 0.003468, 0.03424, 0.03857, 0.03125, 0.02908, 0.03125, 0.02687, 0.0232, 0.01566, 0.03125, 0.03125, 0.03125, 0.03125, 0.01563, 0.01563, 0.02307, 0.01563, 0.01563, 0.01099, 0.03094, 0.03125, 0.03125, 0.03125, 0.0359, 0.03125, 0.03091, 0.01904, 0.02823, 0.03125, 0.03125, 0.02933, 0.03125, 0.02313, 0.01563, 0.02573, 0.02914, 0.01813, 0.02756, 0.02484, 0.02466, 0.01563, 0.02554, 0.01822, 0.03113, 0.02567, 0.02173, 0.01563, 0.00421, -0.00643, -0.002071, -0.002602, -0.003937, 0.0116, 0.00958, 0.01563, 0.01892, 0.007065, 0.010086, 0.03125, 0.04272, 0.0374, 0.0409, 0.05054, 0.04285, 0.03308, 0.031, 0.02658, 0.03125, 0.03125, 0.01813, 0.01907, 0.02164, 0.01984, 0.02164, 0.02753, 0.02942, 0.01563, 0.03662, 0.03125, 0.0264, 0.03827, 0.02655, 0.01563, 0.02817, 0.02927, 0.01736, 0.01563, 0.007812, 0.00566, 0.00446, 0.007812, -0.01511, -0.01563, -0.0271, -0.02945, -0.007812, 0.0241, 0.03125, 0.04047, 0.0417, 0.04388, 0.03925, 0.04675, 0.03125, 0.0234, 0.01563, 0.02988, 0.01563, 0.01563, 0.01563, 0.02646, 0.03125, 0.02744, 0.0231, 0.03125, 0.0501, 0.0376, 0.04022, 0.03418, 0.03125, 0.03082, 0.00344, 0.01563, 0.03125, 0.03125, 0.04022, 0.03455, 0.02832, 0.0185, 0.007812, 0.01563, 0.01108, 0.01213, 0.03125, 0.04938, 0.03522, 0.03125, 0.011505, 0.001507, 0.00749, 0.01392, 0.01468, 0.01563, 0.01563, 0.03125, 0.01965, 0.02557, 0.03125, 0.01563, 0.01563, 0.01917, 0.03125, 0.02765, 0.01895, 0.04364, 0.06445, 0.04608, 0.0592, 0.05347, 0.0492, 0.05066, 0.05316, 0.05988, 0.04358, 0.0418, 0.02985, 0.01563, 0.006508, 0.007317, 0.015, 0.01563, 0.007812, -0.00564, 0.000512, 0.003906, -0.01196, -0.01489, 0.01358, 0.02448, 0.03418, 0.05652, 0.04816, 0.0376, 0.0343, 0.04718, 0.04315, 0.03125, 0.03125, 0.03125, 0.04297, 0.04883, 0.03705, 0.03098, 0.02335, 0.0264, 0.0232
0.01852, 0.01401, 0.00598, -0.002424, 0.01755, 0.03674, 0.02551, 0.01563, 0.01563, 0.02432, 0.02414, 0.02042, 0.03125, 0.03125, 0.02328, 0.01892, 0.02792, 0.0208, 0.01042, 0.007812, 0.002232, 0.007812, 0.007454, 0.02206, 0.01767, 0.01978, 0.01112, 0.01563, 0.01563, 0.01563, 0.01563, 0.03125, 0.03125, 0.03125, 0.01563, 0.03125, 0.01563, 0.01563, 0.03125, 0.03113, 0.01953, 0.03125, 0.03125, 0.03125, 0.01556, 0.01563, 0.0162, 0.0209, 0.01563, 0.01563, 0.01056, 0.01221, 0.0007772, 0.00964, 0.01761, 0.01091, 0.01465, 0.00372, -0.0001323, 0.007812, 0.003906, 0.007812, 0.03024, 0.03485, 0.03497, 0.02719, 0.03125, 0.03125, 0.03125, 0.03125, 0.0384, 0.03125, 0.02216, 0.01332, 0.01268, 0.01974, 0.01563, 0.007812, 0.01563, 0.01563, 0.01773, 0.03061, 0.03125, 0.03125, 0.03125, 0.02417, 0.0256, 0.02444, 0.03125, 0.02548, 0.01311, 0.01572, 0.01563, -0.003727, -0.00422, -0.007812, -0.01207, -2.31e-5, -0.005875, -0.001945, 0.0093, 0.02155, 0.03314, 0.03125, 0.02701, 0.03125, 0.03009, 0.02112, 0.01563, 0.01436, 0.01563, 0.01563, 0.010574, 0.01639, 0.02667, 0.01563, 0.00533, 0.01109, 0.02808, 0.0297, 0.03125, 0.03125, 0.03125, 0.02512, 0.02853, 0.01563, 0.015564, 0.0195, 0.03125, 0.03125, 0.03125, 0.02264, 0.01563, 0.02414, 0.01996, 0.01552, 0.02765, 0.0456, 0.03986, 0.03125, 0.03125, 0.01941, 0.02222, 0.01917, 0.02927, 0.02689, 0.02603, 0.03064, 0.0293, 0.02731, 0.03104, 0.0264, 0.01904, 0.0185, 0.0185, 0.03137, 0.02618, 0.01303, 0.0256, 0.05115, 0.04974, 0.0625, 0.0567, 0.05573, 0.04236, 0.04102, 0.04645, 0.03394, 0.03125, 0.0348, 0.03564, 0.01563, 0.0202, 0.01196, 0.012314, 0.004997, -0.001253, 0.002796, 0.00932, 0.003242, 0.00557, 0.03033, 0.03125, 0.03125, 0.0559, 0.04498, 0.0368, 0.03577, 0.03748, 0.03125, 0.02179, 0.02072, 0.03125, 0.03125, 0.03125, 0.01562, 0.03012, 0.03125, 0.02615, 0.03406
0.03125, 0.01642, 0.01365, 0.007812, 0.03522, 0.05005, 0.03687, 0.02866, 0.02115, 0.01563, 0.01755, 0.01563, 0.01563, 0.007812, 0.01877, 0.03125, 0.04456, 0.02951, 0.02402, 0.007812, 0.0083, 0.003681, 0.001849, 0.009384, 0.007263, 0.007812, 0.007812, 0.01341, 0.01563, 0.00896, 0.01865, 0.01782, 0.02115, 0.015495, 0.0052, 0.01563, 0.003906, 0.017, 0.03125, 0.03125, 0.03125, 0.02151, 0.01563, 0.02737, 0.03125, 0.03125, 0.03125, 0.03125, 0.01129, 0.01228, 0.003906, 0.01224, 0.00955, 0.00896, 0.01563, 0.01563, 0.001037, 0.0005445, 0.01042, 0.00862, 0.014145, 0.005234, 0.01563, 0.03125, 0.03125, 0.02594, 0.02939, 0.03125, 0.02798, 0.01935, 0.02585, 0.02829, 0.01297, -0.0002928, 0.00811, 0.01563, 0.002064, 0.01556, 0.015015, 0.01895, 0.03036, 0.02338, 0.0096, 0.01602, 0.02423, 0.01563, 0.03125, 0.02866, 0.0293, 0.01855, 0.01563, 0.02835, 0.02115, 0.005493, -0.0007534, -0.007812, -0.0119, 0.0056, 0.01288, 0.012856, 0.0174, 0.01917, 0.03125, 0.03125, 0.01563, 0.02133, 0.03125, 0.01944, 0.01515, 0.01517, 0.01563, 0.003906, -0.00284, 0.00922, 0.03906, 0.03125, 0.01228, 0.01044, 0.01706, 0.01563, 0.01563, 0.01563, 0.01256, 0.01563, 0.01563, 0.0214, 0.02423, 0.02466, 0.02084, 0.01996, 0.0296, 0.02277, 0.014984, 0.01563, 0.01627, 0.01372, 0.02658, 0.0385, 0.03125, 0.02295, 0.01978, 0.02533, 0.03125, 0.03125, 0.02429, 0.00997, 0.01678, 0.01752, 0.01563, 0.02563, 0.01685, 0.01563, 0.01563, 0.02277, 0.01859, 0.0263, 0.0311, 0.01582, 0.01917, 0.03455, 0.0475, 0.04175, 0.05493, 0.05115, 0.03766, 0.03918, 0.0359, 0.04388, 0.04492, 0.0515, 0.03955, 0.03723, 0.03125, 0.02307, 0.01083, 0.01563, 0.013214, 0.01834, 0.007812, 0.00903, 0.01245, 0.01788, 0.00431, 0.01627, 0.03442, 0.04468, 0.03992, 0.03607, 0.03125, 0.02258, 0.02158, 0.02344, 0.02399, 0.01171, 0.01889, 0.01563, 0.003906, 0.005142, 0.02214, 0.03583
0.01904, 0.02914, 0.01569, 0.01563, 0.03125, 0.02893, 0.0278, 0.0381, 0.03006, 0.02042, 0.01022, 0.007812, 0.01074, 0.01563, -0.001359, 0.0235, 0.04926, 0.05713, 0.04517, 0.04333, 0.03513, 0.01563, 0.01563, 0.007812, 0.005905, 0.01161, 0.01563, 0.01518, 0.00794, 0.015045, 0.03497, 0.04852, 0.03314, 0.01051, -0.007545, -0.01913, -0.02792, -0.007652, 0.03125, 0.0334, 0.03717, 0.02173, 0.010605, 0.01862, 0.01563, 0.01042, 0.01563, 0.001953, 0.00876, 0.0008106, 0.0004754, 0.01172, 0.00873, 0.00242, -0.012634, -0.01297, -0.03125, -0.008896, 0.01348, 0.02496, 0.02036, 0.01738, 0.01511, 0.01929, 0.02829, 0.03061, 0.03125, 0.02283, 0.03125, 0.01935, 0.01563, 0.006905, 0.00207, -0.0012, -0.003496, -0.005394, -0.005295, 0.001192, 0.00531, 0.007156, 0.00506, 0.001579, 0.002077, 0.01573, 0.01614, 0.008575, 0.02332, 0.01743, 0.0238, 0.02032, 0.02881, 0.03125, 0.03125, 0.01596, 0.01794, -0.00344, -0.00828, 0.005474, 0.01563, 0.013504, 0.01563, -0.002829, -0.001566, 0.01448, -0.001406, 0.00796, 0.01563, -0.003906, 0.0148, 0.02173, 0.01563, 0.01563, 0.010284, 0.0261, 0.04523, 0.03125, 0.02345, 0.01404, 0.01563, 0.003906, 0.01563, 0.01965, 0.02078, 0.0184, 0.02603, 0.01563, 0.007812, 0.006294, 0.007812, 0.01253, 0.03125, 0.02588, 0.0249, 0.01563, 0.00609, 0.001144, 0.02011, 0.04535, 0.0409, 0.03125, 0.0191, 0.03027, 0.04608, 0.03613, 0.02136, 0.01563, 0.01563, 0.01563, 0.01563, 0.00818, -0.0004358, 0.006054, -0.00314, -0.003426, 0.001686, 0.01563, 0.01337, 0.01062, 0.01018, 0.03235, 0.02725, 0.03412, 0.04193, 0.02301, 0.03815, 0.03833, 0.03705, 0.04388, 0.0484, 0.03001, 0.01566, 0.03802, 0.03125, 0.03632, 0.01917, 0.01512, 0.014725, 0.00913, 0.01314, 0.007202, 0.01152, 0.014786, 0.01563, 0.02737, 0.03125, 0.03125, 0.03125, 0.03125, 0.03217, 0.03125, 0.0348, 0.01117, 0.02722, 0.01874, 0.01563, 0.014786, -0.00512, 0.001659, 0.002462, 0.01563
0.007683, 0.02628, 0.0345, 0.03043, 0.03036, 0.02634, 0.01563, 0.026, 0.02454, 0.02087, 0.00914, 0.006584, 0.01073, 0.01172, 0.011246, 0.01581, 0.02432, 0.03125, 0.02682, 0.03125, 0.02762, 0.01563, 0.01381, 0.01216, 0.010605, 0.01341, 0.01563, 0.02701, 0.02673, 0.02057, 0.0318, 0.03125, 0.03125, 0.02222, 0.01022, 0.002577, 0.00905, 0.0267, 0.03912, 0.0434, 0.03766, 0.02362, 0.009476, 0.000596, 0.01323, 0.0143, -0.007812, -0.004173, -0.01813, -0.014755, 0.00724, 0.01454, 0.02097, -0.003511, -0.01993, -0.0279, -0.0324, -0.004765, 0.01752, 0.0187, 0.01932, 0.0238, 0.01764, 0.02693, 0.02551, 0.01758, 0.01563, 0.01563, 0.0103, 0.01457, 0.01108, 0.009705, 0.00874, -0.0003755, -0.0005703, 0.004963, 0.00784, 0.00795, 0.02058, 0.01575, 0.003218, 0.00318, -0.002905, 0.010315, 0.02307, 0.01556, 0.01234, 0.01883, 0.01563, 0.007812, 0.02246, 0.03125, 0.03125, 0.03394, 0.02795, 0.0166, 0.01578, 0.002111, 0.00212, -0.001068, -0.01563, -0.013504, -0.00909, -0.004433, -0.00364, 0.0127, 0.001305, -0.006943, 0.0005417, 0.01563, 0.01563, 0.01776, 0.01755, 0.01785, 0.03595, 0.03125, 0.01563, 0.01361, 0.01563, 0.01184, 0.01563, 0.01563, 0.01563, 0.01617, 0.0292, 0.011406, 0.00535, 0.01181, 0.01645, 0.03748, 0.04224, 0.03125, 0.01477, 0.01563, 0.007812, 0.03122, 0.03125, 0.0349, 0.03125, 0.01563, 0.007812, 0.02039, 0.03296, 0.01901, 0.01898, 0.003906, 0.009674, 0.01563, 0.01563, 0.005386, 0.01563, 0.007812, 0.005505, 0.002148, 0.004646, 0.01256, -0.000662, -0.005802, 0.01572, 0.02783, 0.03125, 0.02213, 0.0249, 0.018, 0.02924, 0.03638, 0.03125, 0.03125, 0.03125, 0.03125, 0.01639, 0.03064, 0.02792, 0.01978, 0.01785, 0.0191, 0.01563, 0.02277, 0.01953, 0.01865, 0.02805, 0.0263, 0.02078, 0.02222, 0.03125, 0.02353, 0.03125, 0.0327, 0.03125, 0.02982, 0.01211, 0.00836, 0.012375, 0.006535, -0.00424, 0.00253, -0.00964, -0.006687, -0.0181, -0.00832
-0.01746, 0.01052, 0.04803, 0.0431, 0.02756, 0.02528, 0.01563, 0.01563, 0.00906, 0.007812, 0.00531, 0.007812, 0.01563, 0.00437, 0.00602, 0.007812, 0.01563, 0.02667, 0.01563, 0.007812, 0.01514, 0.01563, 0.013565, 0.01546, 0.01563, -0.00917, 0.01791, 0.03284, 0.03418, 0.03125, 0.0264, 0.03125, 0.01563, 0.01563, 0.01563, 0.01207, 0.02548, 0.0323, 0.04346, 0.0504, 0.05878, 0.04956, 0.0304, 0.004585, 0.01285, 0.00934, -0.007812, -0.01442, -0.007812, -0.00098, 0.00842, -0.0002482, -0.008484, -0.01213, -0.01563, -0.02164, -0.03125, -0.002514, 0.013695, -0.000821, 0.01062, 0.01563, 0.004364, 0.02023, 0.01563, 0.0167, 0.01563, 0.008255, 0.00556, 0.003365, 0.00605, 0.00408, 0.012405, 0.01418, 0.001797, 0.0108, 0.01501, 0.00782, 0.008484, 0.00433, -0.0002456, -0.01563, -0.007904, 0.007812, 0.01563, 0.01563, 5.0e-5, 0.00418, 0.002272, 0.001858, 0.001297, 0.014984, 0.0141, 0.007812, 0.03244, 0.02673, 0.01816, 0.001208, -0.00928, -0.00434, -0.01563, -0.002516, 0.000609, 0.010796, 0.01004, 0.00852, -0.005272, -0.00798, 0.01402, 0.02557, 0.01563, 0.013855, 0.003326, 0.01663, 0.03125, 0.02284, 0.008064, 0.007812, 0.01569, 0.02646, 0.0188, 0.00689, 0.003906, 0.02121, 0.01563, -0.01408, -0.007812, 0.02267, 0.047, 0.04102, 0.03302, 0.0187, 0.003906, -0.01563, 0.0188, 0.0432, 0.03125, 0.02762, 0.01563, 0.01441, -0.02002, 0.01204, 0.03253, 0.02057, 0.01355, 0.007812, 0.007812, 0.01563, 0.01843, 0.01599, 0.005203, 0.001189, -0.003906, -0.00953, 0.003284, 0.0116, 0.002817, 0.002562, 0.01137, 0.02582, 0.01207, 0.01904, 0.01846, 0.01563, 0.02594, 0.0343, 0.01831, 0.01071, 0.01563, 0.01366, 0.0114, 0.02472, 0.01898, 0.01563, 0.00675, 0.005013, 0.01962, 0.0216, 0.01703, 0.02585, 0.02527, 0.03012, 0.01605, 0.01563, 0.02866, 0.02106, 0.02762, 0.04114, 0.03125, 0.03125, 0.01587, 0.002367, -0.007812, -0.01169, -0.00593, 0.00681, -0.000382, -0.0174, -0.01727, -0.01563
-0.00518, 0.01503, 0.03516, 0.03125, 0.03125, 0.01563, 0.00783, 0.01996, 0.01563, 0.003906, 0.001825, 0.01033, 0.01563, 0.007812, 0.00698, 0.007812, 0.01563, 0.01563, 0.02603, 0.02045, 0.01134, 0.011475, 0.006447, 0.007812, -0.01482, -0.02222, 0.002909, 0.02072, 0.0242, 0.00859, 0.01678, 0.01563, 0.01688, 0.01563, 0.012955, 0.01721, 0.03064, 0.0432, 0.0459, 0.03125, 0.03125, 0.02368, 0.003265, -0.007812, -0.007263, 0.001455, -0.003527, 0.02188, 0.0246, 0.02094, 0.01563, 0.009186, 0.008606, 0.00505, -0.003735, -0.011284, -0.011406, 0.0009575, -0.002626, -0.001174, -0.002623, -0.01453, -0.01578, 0.0002718, 0.005486, 0.01099, 0.00838, 0.00835, 0.01563, -0.00899, -0.01001, -0.01563, -0.001484, 0.0119, -0.01301, 0.003046, 0.0137, 0.007812, -0.005463, -0.011246, -0.003702, -0.00958, -0.001247, 0.01183, 0.01563, 0.01015, 0.003906, 0.01091, 0.003809, -0.008835, 0.00406, 0.01315, 0.003199, 0.00352, 0.02435, 0.011665, 0.0214, 0.0001526, -0.00708, -0.002449, -0.004814, -0.01327, -0.000221, 0.01563, 0.026, 0.003906, 0.0001607, -0.01563, 0.01563, 0.03125, 0.01563, 0.003906, 0.0005465, 0.002136, 0.01819, 0.002558, 0.002956, 0.007812, 0.01283, 0.01146, 0.007812, 0.001953, -0.006207, -0.00412, 0.001063, -0.01114, -0.004486, 0.01563, 0.03125, 0.03125, 0.03125, 0.03125, 0.013885, -0.004242, 0.01563, 0.01413, 0.01563, 0.01338, 0.01563, 0.00521, 0.00096, 0.01563, 0.03125, 0.03125, 0.02179, 0.01563, 0.014786, 0.01164, 0.01563, 0.010605, 0.007812, 0.000625, -0.005222, -1.27e-5, -5.66e-5, 0.003605, 0.007088, -0.00534, 0.01525, 0.0343, 0.03125, 0.03125, 0.02463, 0.03125, 0.02667, 0.03064, 0.02625, 0.01715, 0.01031, 0.0128, 0.005314, 0.00975, 0.01602, 0.01727, 0.01158, 0.004723, 0.009605, 0.01581, 0.03125, 0.03125, 0.03125, 0.03125, 0.007812, 0.02646, 0.03192, 0.01779, 0.01926, 0.03125, 0.01563, 0.0228, 0.002142, -0.003435, -0.00698, 0.000639, 0.006207, 0.01199, -0.007812, -0.03125, -0.0234, -0.01137
-0.01563, 0.01694, 0.04803, 0.04578, 0.01563, 0.01563, 0.007812, 0.03079, 0.04706, 0.03125, 0.02167, 0.01563, 0.0239, 0.007812, -0.01103, 0.0006223, 0.007202, -0.007812, 0.01703, 0.03125, 0.02472, 0.003067, 0.007812, -0.01317, -0.002699, -0.009705, -0.0171, -0.007812, 0.004047, 0.00928, -0.001953, 0.00203, 0.01109, 0.007812, 0.02255, 0.02515, 0.01848, 0.01563, 0.004166, 0.01563, 0.01654, 0.01563, 0.006744, -0.0019455, 0.00167, -0.001765, -0.008675, 0.00842, 0.01166, 0.014656, 0.01563, 0.01563, 0.02145, 0.01828, 0.012726, 0.007812, 0.00036, 0.006554, -0.0006056, -0.01016, 0.001503, -0.000944, -0.01103, -0.004066, -0.003035, 0.01112, 0.004086, 0.00561, -0.011375, -0.01242, -0.02173, -0.0335, -0.0267, -0.01563, -0.02155, -0.01372, -0.001548, 0.00208, 0.006863, 0.00625, 0.0009193, -0.01318, 0.01917, 0.01584, 0.0141, 0.01563, 0.01279, 0.00628, 0.01168, -0.007492, -0.00306, -0.007812, 0.002192, 0.01563, 0.0216, 0.02567, 0.0436, 0.02872, 0.01666, -0.003536, -0.00637, -0.02032, -0.01199, -0.0008464, 0.011246, 0.01624, 0.01581, 0.002394, 0.02475, 0.01657, 0.01563, 0.012115, 0.0148, 0.0146, 0.01224, 0.002317, -0.000438, 0.009964, 0.01563, 0.01138, 0.01563, 0.007812, -0.00425, -0.00445, -0.0019, 0.000519, 0.00882, 0.01602, 0.02707, 0.03125, 0.03125, 0.01149, 0.0007043, -0.003906, 0.01158, 0.01563, 0.011, 0.01407, 0.01624, 0.01563, 0.0203, 0.02002, 0.01491, 0.01563, 0.01563, 0.01318, 0.01907, 0.013214, 0.00675, 0.001763, 0.01563, 0.03125, 0.01563, 0.01563, 0.01468, 0.005245, -0.002796, -0.00677, 0.01024, 0.0238, 0.02213, 0.01694, 6.354e-5, 0.01466, 0.01138, 0.01563, 0.007812, 0.008194, 0.01112, 0.01563, 0.01317, 0.01587, 0.02197, 0.03125, 0.01913, 0.0003724, 0.005287, 0.01563, 0.0213, 0.01145, 0.01563, 0.01224, 0.01497, 0.02292, 0.03125, 0.0252, -0.01259, 0.01923, 0.02933, 0.01563, 0.007812, -0.007774, -0.002861, -0.002403, -0.003677, -0.010284, -0.02118, -0.01248, -0.01953, -0.01935
0.0003278, 0.03125, 0.0625, 0.04553, 0.03308, 0.01563, 0.01563, 0.02979, 0.03125, 0.03125, 0.02356, 0.02832, 0.04156, 0.02805, 0.01462, 0.001875, -0.007812, -0.007812, 0.01048, 0.02374, 0.00546, -0.002916, -0.01563, -0.02252, -0.00538, -0.006157, -0.01015, -0.00806, 0.0008807, 0.03125, 0.01563, 0.01563, 0.004616, 0.0001891, 0.00654, -0.010605, -0.01381, -0.005447, -0.004395, -0.005737, -0.01195, -0.01291, -0.01563, -0.011856, -0.01233, -0.01563, -0.00486, -0.01043, 0.01563, 0.008865, 0.003265, 0.02155, 0.02682, 0.012955, 0.01563, 0.01724, 0.02115, 0.01788, 0.007812, 0.001277, -0.005394, 0.002388, -0.004242, -0.01563, -0.01294, -0.006134, 0.00365, -0.01675, -0.03125, -0.00806, 0.00978, -0.007812, -0.003906, -0.0228, -0.01563, -0.01617, -0.007812, -0.011955, -0.01187, -0.01403, -0.003563, -0.01166, 0.00998, 0.00993, 0.01382, 0.01563, 0.007328, 0.01797, -0.001436, 0.0005207, -0.00326, -0.01367, 0.001214, 0.02261, 0.0376, 0.03958, 0.04614, 0.04126, 0.02182, 0.003704, 0.001455, 0.0001302, -0.00746, -0.01208, 0.005043, 0.01563, 0.02762, 0.02951, 0.02493, 0.03125, 0.03125, 0.02966, 0.01563, 0.0231, 0.01563, 0.01892, -0.007812, -0.007812, 0.02197, 0.03125, 0.04004, 0.03125, 0.007812, 0.01563, 0.01513, 0.005615, 0.01378, 0.01648, 0.03125, 0.01563, 0.01956, 0.01477, -0.01053, 0.00409, 0.005558, -0.004906, 0.001345, 0.01874, 0.01563, 0.01692, 0.01305, -0.001677, 0.002495, -0.00708, 0.001953, -0.003906, -0.00475, 0.00872, -0.003584, 0.002361, 0.014206, 0.03125, 0.02966, 0.02975, 0.02734, 0.01816, 0.003574, -0.005352, -0.000593, 0.03125, 0.03125, 0.013336, 0.01233, 0.00844, 0.001563, -0.01318, -0.00651, 0.006203, 0.0002279, -0.013275, 0.003435, -0.0006824, 0.00899, 0.01984, 0.0217, 0.02899, 0.01764, 0.00843, 0.00941, 0.00784, 0.005768, 0.003107, 0.0191, 0.02414, 0.02682, 0.01563, 0.01153, 0.02765, 0.03748, 0.0357, 0.03024, 0.01425, 0.01563, 0.01059, 0.01758, 0.01563, 0.003906, 0.002792, 0.0006256, -0.003658
0.02835, 0.04974, 0.05664, 0.05353, 0.04688, 0.03125, 0.02905, 0.02429, 0.02719, 0.01563, -0.000977, 0.02414, 0.05676, 0.05157, 0.03125, 0.02954, 0.03125, 0.007812, 0.007812, 0.00876, -0.003906, -0.008026, -0.02365, -0.03125, -0.02097, -0.009415, -0.005985, -0.010056, 0.02576, 0.03662, 0.03125, 0.01563, 0.002808, -0.003967, 0.003181, 0.002539, -0.00449, -0.003069, -0.000726, -0.00010026, -0.003021, -0.003727, -0.00784, -0.007812, -0.012375, -0.01901, -0.04303, -0.01563, 0.01175, 0.000741, 0.001114, -0.0004454, 0.02103, 0.01515, 0.013504, 0.01666, 0.01563, 0.01563, -0.0037, -0.012924, -0.01109, 0.007812, -0.003906, -0.01514, -0.01828, -0.01079, -0.01167, -0.02322, -0.02661, -0.0004883, 0.01852, 0.01563, 0.01126, 0.00964, 0.003017, -0.00764, -0.01402, -0.01474, -0.03082, -0.02933, -0.01758, -0.01317, -0.01651, 0.01219, 0.01123, 0.002092, -0.0004015, 0.01275, 0.01563, 0.007122, 0.0001609, -0.00795, -0.00683, 0.007355, 0.01563, 0.01692, 0.01837, 0.03125, 0.01563, 0.003906, -0.00996, -0.00932, -0.007812, -0.002552, 0.01466, 0.01907, 0.03104, 0.03625, 0.02542, 0.02148, 0.02542, 0.03607, 0.03943, 0.02771, 0.02261, 0.0252, 0.01563, 0.006676, 0.01024, 0.02383, 0.01563, -0.003937, -0.003906, 0.0125, 0.0139, 0.001649, 0.00467, -0.00882, -0.007736, -0.00879, -0.00424, -0.008, -0.01859, -0.01195, 9.835e-5, -0.006924, 0.012596, 0.01776, 0.01358, 9.835e-5, -0.01563, -0.001637, -0.007656, -0.00492, -0.00954, -0.012085, -0.01563, -0.007812, -0.01563, -0.002838, 0.02567, 0.04968, 0.03125, 0.02512, 0.02365, 0.007812, -0.002844, -0.00955, 0.01563, 0.04492, 0.03516, 0.0232, 0.01932, 0.01968, 0.00811, 0.01126, 0.00415, 0.001273, -0.003368, -0.015396, -0.01273, -0.01947, -0.01486, -0.00906, -0.013306, 0.0146, 0.01563, 0.01563, 0.00652, 0.0016, 0.007812, 0.01563, 0.01563, 0.01563, 0.01419, 0.01602, 0.02289, 0.03125, 0.03186, 0.03125, 0.03125, 0.01718, 0.00874, 0.01563, 0.01198, 0.007812, 0.01563, 0.02405, 0.0313, 0.02658
0.03125, 0.04865, 0.05438, 0.0625, 0.03845, 0.04517, 0.01106, 0.01563, 0.007812, 0.02878, 0.01563, 0.04626, 0.0517, 0.03125, 0.01563, 0.0256, 0.03125, 0.01563, 0.011505, 0.014206, 0.00902, 0.01563, -0.003906, -0.01563, -0.01218, 0.003906, 0.006912, 0.002054, 0.0162, 0.01563, 0.012115, 0.004353, 0.006516, 0.02408, 0.01349, 0.00991, 0.00868, 0.002869, -0.0047, 0.006153, 0.00827, -0.002129, -0.00564, -0.005062, -0.01106, -0.02402, -0.03387, -0.01563, 0.01424, 0.01506, 0.01563, 0.006798, -0.0004478, 0.01237, 0.01448, 0.00903, 0.007812, -0.000568, -0.012054, -0.007812, -0.01563, -0.010124, -0.007812, -0.01563, -0.03125, -0.011765, -0.01474, -0.00783, -0.01524, 0.01639, 0.007812, 0.01497, 0.01563, 0.01563, -0.01563, 0.001194, 0.00593, 0.00505, -0.00934, -0.0105, -0.00925, -0.01563, -0.003048, 0.01519, -0.001146, -0.00897, -0.01221, -0.00396, -0.00751, 0.00062, -0.0007515, -0.00391, -0.006123, -0.002182, 0.01563, 0.01129, 0.00989, 0.01563, 0.02219, 0.01166, -0.0064, -0.00627, 0.002289, 0.01178, 0.01265, 0.007545, 0.01412, 0.02795, 0.0376, 0.03079, 0.02792, 0.02216, 0.03125, 0.02158, 0.02338, 0.01563, 0.01563, 0.015594, 0.00784, 0.003906, 0.007812, -0.02133, -0.01563, -0.0002215, 0.007812, 0.00576, 0.002827, 0.005356, 0.003662, -0.007294, -0.00409, -0.007187, -0.003504, -0.004772, 0.00818, 0.002436, 0.01082, 0.01402, 0.01294, 0.004765, -0.004677, -0.00315, -0.00412, -0.00809, -0.01114, -0.007812, -0.02396, -0.03125, -0.03125, -0.007812, 0.01563, 0.01563, -0.00199, 0.005814, 0.00544, -0.01563, -0.007812, -0.01563, 0.005676, 0.03125, 0.02756, 0.03125, 0.01837, 0.03125, 0.02081, 0.003658, -0.01247, -0.004784, 0.002897, -0.003767, -0.01563, -0.01764, -0.00396, -0.00925, -0.01563, 0.0007873, 0.014984, 0.01245, 0.01563, 0.01309, 0.007812, -0.0005465, 0.0002427, 0.01563, 0.007366, 0.01563, 0.007812, 0.02597, 0.0398, 0.0357, 0.01363, 0.004074, 0.0046, 0.004025, -0.01666, 0.005875, 0.01962, 0.02252, 0.01627, 0.01563
0.01563, 0.04047, 0.03125, 0.0337, 0.02515, 0.03125, 0.01563, 0.01563, 0.009735, 0.0213, 0.0286, 0.03125, 0.02258, 0.01563, 0.007812, 0.01563, 0.02054, 0.01563, 0.01158, -0.01239, 0.003906, 0.02979, 0.007812, -0.007812, -0.01216, -0.00784, -0.01189, 0.004017, -0.01563, -0.00807, -0.01563, -0.01071, 0.01666, 0.02603, 0.02072, 0.011246, 0.00989, 0.007065, 0.01187, 0.00896, 0.01122, 0.005993, -0.00878, -0.01605, -0.02402, -0.03125, -0.01514, 0.01563, 0.01971, 0.003305, 0.007423, -0.01384, -0.00954, -0.01563, -0.007812, 0.01247, 0.0146, -0.003723, -0.01974, -0.01563, -0.01317, -0.01563, -0.01764, -0.02142, -0.0286, -0.01555, -0.0112, -0.01563, -0.01563, -0.001605, 0.01764, 0.01044, 0.01596, 0.00737, -0.00691, -0.0008926, 0.02411, 0.01846, 0.01563, 0.01563, 0.01103, 0.006073, -0.006577, 0.005783, -0.00199, 0.0007424, -0.006744, -0.00736, -0.01427, -0.000278, 0.01171, 0.01563, 0.001919, -0.01196, 0.00878, 0.00287, 0.006397, 0.01563, 0.01563, 0.01563, 0.01148, 0.00592, 0.01207, 0.009155, 0.00595, 0.01053, 0.01563, 0.02103, 0.0267, 0.02527, 0.02551, 0.017, 0.0268, 0.02112, 0.01042, 0.02325, 0.01779, 0.0132, 0.007812, -0.001921, -0.01563, -0.02072, -0.01172, -0.010284, -0.005947, 0.003323, 0.011475, 0.01135, 0.00784, 0.0005198, 0.00138, -0.003906, -0.01563, -0.007004, -0.01422, -0.01563, -0.001063, 0.007812, 0.01268, 0.01563, 0.00884, -0.01022, -0.01465, -0.01563, -0.00915, -0.01563, -0.02496, -0.03055, -0.03125, -0.00483, 0.01733, -0.003906, -0.007446, -0.00621, -0.001284, -0.01563, -0.012955, -0.02286, 0.00809, 0.01563, 0.01137, 0.01274, 0.01114, 0.01396, 0.007812, 0.009445, -0.01563, -0.01563, 0.0038, -0.00864, 0.0065, 0.007812, 0.01147, -0.00962, -0.02682, -0.00238, 0.02411, 0.0245, 0.01569, 0.01642, 0.007812, 0.005096, 0.003191, -0.003063, 0.00762, 0.00508, 0.005634, 0.01563, 0.01862, 0.003859, 0.00913, -0.001658, -0.0002995, -0.004105, -0.004444, 0.00271, 0.01286, 0.004524, -0.01758, -0.01733
0.01282, 0.03125, 0.03186, 0.03613, 0.01593, -0.01332, -0.002022, -0.002459, -0.004795, 0.01051, 0.03168, 0.02158, 0.001341, -0.001374, -0.006897, 0.003738, 0.00875, -0.00544, 0.0016985, -0.013565, 0.01563, 0.03125, 0.01563, -0.00205, -0.01163, -0.003906, -0.007187, -0.00492, -0.007812, -0.007812, -0.01563, -0.00509, 0.0274, 0.03125, 0.01562, 0.007812, 0.003117, 0.00816, 0.01608, 0.01563, 0.001784, 0.004513, -0.02124, -0.02533, -0.01563, -0.01044, -0.0192, 0.003906, 0.01672, -0.01563, -0.02014, -0.01563, -0.00822, 0.005898, -0.01036, -0.002716, 0.005447, -0.004333, -0.00928, -0.01788, -0.02844, -0.0367, -0.00917, -0.007812, -0.007812, 0.003439, 0.001682, -0.003185, -0.007812, 0.01755, 0.02496, 0.00975, 0.01563, -0.002363, -0.01563, 0.002558, 0.03062, 0.02676, 0.01563, -0.00838, 0.0001052, 0.0128, 0.003862, 0.02573, 0.002207, 0.002981, -0.003374, -0.001377, -0.001939, -0.00372, 0.00964, -0.01199, -0.007317, -0.001208, -0.007187, 0.01276, 0.00792, 0.00908, 0.01794, 0.01563, 0.01193, 0.003914, 0.00666, 0.01221, 0.00718, 0.01216, 0.00416, 0.01563, 0.01563, 0.002048, 0.0005054, 0.00845, 0.01563, -0.000393, 0.003122, 0.00806, 0.007812, 0.003826, 0.001752, -0.001446, -0.003143, 0.000661, 0.002985, 0.0005865, 0.00235, -0.003906, -0.007812, -0.003906, 0.004684, 0.003906, -0.01563, -0.03125, -0.02048, -0.01563, -0.03125, -0.03085, -0.01378, 0.02145, 0.01724, 0.008835, -0.005985, -0.003597, -0.00763, -0.00731, -0.01307, -0.01901, -0.02463, -0.0227, -0.01773, 0.003906, 0.03125, 0.02753, 0.00325, 0.004807, -0.01488, -0.01363, -0.003906, -0.00797, -0.00404, 0.01563, 0.01563, 0.0001365, 0.01351, 0.007812, -0.007812, -0.013855, -0.03125, -0.01657, 0.006317, 0.01082, 0.007812, 0.002903, 0.010605, -0.00126, -0.01563, 0.01563, 0.03833, 0.01852, 0.01563, 0.01563, -0.00943, -0.01494, 0.003933, 0.00535, -0.003193, 8.2e-6, 0.000994, 0.0024, -0.00251, -0.003014, -0.01331, -0.01617, -0.01274, 0.010315, 0.007812, 0.003538, 0.007027, -0.01042, -0.00814, -0.01219
0.007553, 0.007812, 0.01761, 0.01563, -0.003906, -0.01387, -0.01178, -0.007812, -0.01563, 0.007812, 0.01929, -0.01707, -0.00917, 0.013565, 0.01563, 0.007812, 0.004654, 0.003601, 0.01004, 0.01012, 0.013306, 0.007812, 0.00467, -0.003593, -0.005196, -0.004272, -0.002338, -0.004883, 0.002247, -0.01563, -0.011505, 0.01284, 0.01834, 0.007812, 0.007515, -0.0044, -0.00744, 0.002333, 0.0008454, -0.006912, 0.006996, -0.03125, -0.04346, -0.03125, -0.03125, -0.00857, -0.01036, -0.01929, -0.01804, -0.01563, -0.02408, -0.0217, -0.02737, -0.03125, -0.01965, 0.00607, 0.01563, 0.01404, -0.001544, -0.013405, -0.01672, -0.01, 0.007812, 0.007812, 0.00669, 0.01563, 0.009705, 0.00323, -0.01256, 0.006935, 0.01361, 0.002125, 0.00711, -0.008804, -0.02167, -0.01865, -0.007122, 0.011665, -0.00427, -0.00902, -0.02664, -0.02011, -0.01563, 0.002851, 0.00692, 0.008835, 0.00848, 0.00912, 0.0115, 0.00133, 0.003769, -0.0002694, -0.000723, -0.00986, -0.007812, 0.001045, -0.004524, 0.00412, 0.008896, 0.00789, 0.001652, -0.006584, -0.00891, 0.00214, 0.007812, 0.013, 0.008286, 0.0187, -3.76e-6, 0.001463, 0.00329, 0.01191, 0.007034, 0.0132, 0.0052, 0.013855, 0.00816, -0.00341, 0.007812, 0.00935, 0.013, 0.01349, 0.0092, 0.01563, 0.01036, -0.00917, -0.01563, -0.006012, -0.007812, -0.01563, -0.03125, -0.03125, -0.03125, -0.0365, -0.0501, -0.02856, -0.007812, 0.005486, -0.01563, -0.0159, -0.004692, -0.00957, -0.01047, -0.01456, -0.001337, -0.01071, -0.02785, -0.004227, 0.01709, 0.01274, 0.01563, 0.0267, 0.02606, 0.01837, 0.01563, 0.00827, 0.00786, -0.00998, -0.01593, -0.01563, -0.01563, -0.00428, -0.007812, -0.00877, -0.006943, -0.01563, -0.0132, -0.001013, -0.003803, 0.003218, 0.02103, -0.02118, -0.01563, -0.01398, -0.007812, 0.01874, 0.03125, 0.01563, 0.003906, 0.0166, -0.01666, -0.02121, -0.01563, -0.002375, 0.01794, 0.00589, 0.007812, 0.011955, 0.01451, -0.00428, -0.01843, -0.01021, -0.01563, -0.001953, 0.01563, 0.01563, 0.01563, 0.007812, -0.01112, -0.0121
-0.002457, -0.01027, 0.01007, -0.00518, -0.01563, -0.02254, -0.01768, -0.007812, 0.01563, 0.01419, 0.006317, -0.01593, -0.00847, 0.01469, 1.943e-5, 0.007687, -0.0006046, -0.0008497, -0.002094, -0.010345, -0.01446, -0.01401, -0.007812, -0.01495, 0.005424, 0.00132, 0.008575, 0.0125, 0.008545, 0.01001, 0.004044, -0.005737, -0.01083, -0.01563, -0.0323, -0.010086, -0.00936, -0.01053, -0.008644, -0.00818, -0.01581, -0.02731, -0.0354, -0.03125, -0.02924, -0.013016, -0.001953, -0.01188, -0.002733, 0.007812, -0.007812, -0.01794, -0.02881, -0.0278, -0.02426, -0.001921, 0.001694, -0.01048, -0.00838, 0.001417, -0.01097, -0.008835, -0.01563, -0.00822, 0.01642, 0.03125, 0.01563, -0.004772, -0.007812, -0.007812, -0.00817, -0.005615, -0.01563, -0.01611, -0.02371, -0.0404, -0.01563, -0.01563, -0.01062, -0.0181, -0.03119, -0.03122, -0.03546, -0.001976, -0.004307, 0.01011, 0.03125, 0.02469, 0.01563, 0.01563, 0.007812, -0.01563, -0.01248, -0.01387, -4.87e-5, 0.003952, -0.00806, 0.003967, 0.00339, -0.01636, -0.01563, 0.003468, 0.01563, 0.007812, 0.01056, 0.007812, 0.01563, 0.02719, 0.02466, 0.007412, 0.003366, -0.01275, -0.002789, 0.00294, -0.01001, -0.006218, 0.003525, -0.007812, 0.003906, 0.002083, 0.001949, 0.01087, 0.01563, 0.01072, -0.013435, -0.00892, -0.01563, -0.007812, -0.01563, -0.01563, -0.02997, -0.03125, -0.0293, -0.03125, -0.0384, -0.007812, 0.01102, 0.007202, -0.007812, -0.01074, -0.01993, -0.01563, -0.01637, -0.012985, -0.0235, -0.007812, -0.01563, 0.01563, 0.03326, 0.03406, 0.02289, 0.03119, 0.02728, 0.03125, 0.0326, 0.02237, 0.01715, 0.003616, -0.0005336, -0.001583, -0.007812, -0.007812, 0.002579, 0.003906, -0.00393, -0.007812, -0.01563, -0.01455, 0.01295, -0.003286, -0.01393, -0.02856, -0.01794, -0.01587, -0.007412, 0.004765, 0.01563, 0.007812, -0.007812, -0.003082, -0.007812, -0.01563, -0.01563, -0.01329, 0.01978, 0.02072, 0.01563, 0.007812, 0.001, -0.004013, -0.001239, -0.001033, -0.00536, -0.001545, 0.01111, 0.01563, 0.01005, 0.007812, -0.01563, -0.007812
-0.009125, -0.003733, -0.0008097, -0.00931, -0.02359, -0.02472, -0.03467, -0.007812, 0.01563, -0.0002618, -0.01241, -0.006653, -0.010086, -0.001493, 0.005028, -0.002695, -0.01059, -0.01117, -0.00632, 0.00563, -0.000359, 0.0001402, -0.00818, -0.01019, -0.010925, -0.003017, 0.004444, 0.01034, 0.01042, 0.0125, 0.01207, -0.007812, -0.01138, -0.007812, -0.0222, -0.01166, -0.004585, -0.003687, -0.0169, -0.02084, -0.01563, 0.009995, -0.003906, -0.01563, 0.00842, 0.01605, 0.02142, 0.01752, 0.01563, 0.01563, 0.0008364, -0.012215, -0.01563, -0.01718, -0.01563, 0.00191, -0.005745, -0.007812, 0.002726, 0.01495, -0.007767, -0.03125, -0.01563, -0.009125, 0.01563, 0.01563, 0.01563, 0.006542, -0.00198, -0.006798, -0.00702, -0.013855, -0.00842, -0.0005503, -0.001392, -0.01779, -0.0173, -0.006203, -0.01041, -0.007812, -0.01151, -0.01563, -0.03064, -0.0146, -0.00341, 0.02469, 0.0464, 0.03125, 0.01996, 0.01424, 0.004967, -0.012314, -0.01563, -0.01563, -0.01654, -0.00864, -0.00375, 0.001596, -0.02182, -0.0275, -0.01898, 0.004578, 0.02682, 0.00643, 0.00842, 0.004787, -0.006256, 0.00467, 0.01987, 0.01269, -0.0004735, -0.003893, -0.004654, -0.002403, -0.005066, -0.01563, -0.01433, -0.0185, -0.01563, -0.007812, -0.007812, 0.004875, -0.007812, -0.01044, -0.01563, -0.01526, -0.014404, -0.01514, -0.01563, -0.01563, -0.01563, -0.03125, -0.02762, -0.02069, -0.02014, -0.00486, 0.01563, -0.007812, -0.00712, -0.00818, -0.00984, -0.01116, -0.01563, -0.01349, -0.01743, -0.02148, -0.01563, 0.01563, 0.03125, 0.02682, 0.01678, 0.0278, 0.02704, 0.03015, 0.02557, 0.02493, 0.02753, 0.01563, -0.01563, -0.01938, -0.03125, -0.02365, -0.003906, -0.00721, -0.01083, -0.02621, -0.03125, -0.03125, -0.01563, -0.01563, -0.01128, -0.00838, -0.0054, -0.01752, -0.001069, -0.002232, -0.00873, -0.00888, -0.00993, 0.001064, 0.007145, -0.00815, -0.0198, -0.0139, 0.01033, 0.02747, 0.01563, 0.001635, 0.0004883, -0.001953, 0.003906, 0.007812, 0.00954, 0.007812, -0.01563, -0.007156, -0.01318, -0.0232, -0.01563, -0.014465
-0.01563, -0.007812, -0.003906, -0.00836, -0.01831, -0.02686, -0.03125, -0.007812, 0.01097, -0.01152, -0.01563, -0.01563, -0.007812, -0.007812, -0.003906, -0.007812, -0.010056, -0.0003352, -0.002724, -0.009155, -0.01563, -0.01563, -0.008255, -0.0093, -0.01343, -0.01563, -0.01727, -0.009476, -0.00813, 0.001469, 0.01563, 0.0068, 0.007095, 0.007812, -0.005096, -0.00927, 0.00528, -0.01907, -0.01602, -0.007812, 0.001478, 0.015594, 0.01727, 0.01221, 0.01563, 0.01563, 0.01344, 0.007812, -0.004463, -0.01563, -0.01965, -0.00227, 0.0013685, -0.003057, 0.005363, -0.01099, -0.01563, -0.01776, -0.01349, 0.00573, -0.01563, -0.0395, -0.01193, 0.01563, 0.01563, 0.0191, 0.007812, 0.007812, -0.00214, 0.003304, 0.0007596, 0.000212, -0.002926, 0.002068, 0.01169, -0.007812, -0.01563, 0.003906, -0.002922, -0.003906, -0.007812, -0.01563, -0.02383, -0.013214, 0.00847, 0.03125, 0.03125, 0.02423, 0.01488, 0.008514, -0.006172, -0.01563, -0.01868, -0.03125, -0.03125, -0.01563, -0.007812, -0.01563, -0.01563, -0.02652, -0.03125, -0.007812, -0.01563, -0.001634, 0.005836, -0.007812, -0.01268, -0.014206, -0.000171, 0.003906, -0.01563, -0.02829, -0.01563, -0.001892, -0.00797, -0.01898, -0.01892, -0.007812, -0.01804, -0.007812, -0.0024, -0.0023, -0.003319, -0.0003338, -0.001132, -0.01935, -0.03394, -0.03125, -0.03125, -0.01466, -0.01563, -0.02676, -0.0289, -0.02988, -0.0242, -0.01515, -0.03125, -0.007812, -0.014114, -0.007812, -0.01475, -0.01563, -0.02267, -0.02332, -0.01993, -0.01563, 0.00908, 0.01563, 0.02573, 0.02136, 0.010345, 0.01099, 0.02466, 0.0351, 0.03125, 0.0181, 0.00961, -0.00862, -0.01721, -0.01563, -0.03125, -0.03061, 0.01563, 0.01563, 0.003906, -0.01563, -0.03006, -0.03125, -0.03125, -0.03125, -0.02228, -0.01563, -0.04645, -0.02496, -0.003283, -0.00816, 0.004257, 0.0006003, -0.00862, -0.01141, -0.00788, -0.006477, -0.00899, 0.001667, 0.01134, 0.03125, 0.02286, 0.01819, 0.007446, -0.003906, -0.007812, 0.003967, 0.004868, -0.01563, -0.01221, -0.007812, 0.001632, -0.007812, -0.01761, -0.02097
-0.01907, -0.02582, -0.01749, -0.01563, -0.03125, -0.02304, -0.03125, -0.01563, -0.001995, -0.00888, -0.00975, -0.01344, -0.0166, -0.02167, -0.01563, -0.03125, -0.03125, -0.02368, -0.0228, -0.03125, -0.03125, -0.01563, -0.003906, -0.01563, -0.01563, -0.013596, -0.0238, -0.02295, -0.00833, -0.003906, -0.0005813, 0.001458, 0.00672, 0.02652, 0.01877, 0.007812, -0.01563, -0.01572, -0.01901, -0.001477, 0.001993, 0.0191, -0.004036, 0.00287, 0.0099, 0.003937, -0.01563, -0.008286, -0.01563, -0.007812, -0.01563, -0.01563, -0.00188, -0.01226, -0.007812, -0.0234, -0.02069, -0.01439, -0.01563, -0.01563, -0.02818, -0.03125, 0.00792, 0.01563, 0.01563, -0.02637, 0.00447, 0.01563, 0.00449, 0.00721, 0.002838, 0.008224, 0.007812, 0.01436, 0.01563, 0.007042, -0.007812, -0.01012, -0.007812, -0.02353, -0.01525, -0.013916, -0.02557, -0.002464, 0.01797, 0.02289, 0.03064, 0.03125, 0.01563, 0.01563, -0.003906, -0.005066, -0.007034, -0.01042, -0.01755, -0.02682, -0.03125, -0.03125, -0.02676, -0.0395, -0.04535, -0.02435, -0.01984, -0.0181, -0.01843, -0.01904, -0.02957, -0.0209, -0.02579, -0.02902, -0.01904, -0.02112, -0.02591, -0.01563, -0.01563, -0.0152, -0.001624, 0.01546, 0.002132, -0.007812, -0.003906, -0.012665, -0.007812, -0.01563, -0.00421, -0.01666, -0.02823, -0.03284, -0.0274, -0.01228, 0.007812, -0.00995, -0.01956, -0.01639, -0.01242, -0.01563, -0.03125, -0.02695, -0.01563, -0.01675, -0.02045, -0.02286, -0.01563, -0.02759, -0.01068, 0.0007615, 0.03125, 0.02893, 0.01584, 0.003067, -0.006866, 0.007812, 0.03125, 0.03125, 0.02213, -0.01042, 0.01047, 0.000607, -0.00556, -0.01563, -0.03125, -0.001242, 0.03467, 0.03418, 0.007812, 0.01563, 0.01131, -0.003809, -0.02802, -0.02872, -0.03125, -0.03973, -0.0459, -0.01636, 0.0038, 0.01289, 0.010956, 0.0155, 0.01563, 0.01227, 0.00454, -0.00868, -0.01602, -0.009445, 0.00196, 0.004364, -0.007812, -0.01563, -0.01563, -0.01563, -0.0141, -0.02371, -0.02417, -0.02188, -0.01611, -0.007812, 0.003235, 0.002247, -0.01338, -0.015015
-0.02747, -0.06104, -0.0282, -0.01563, -0.03125, -0.02417, -0.03125, -0.01042, 0.03125, 0.014755, 0.01489, 0.0057, -0.01563, -0.02185, -0.02185, -0.02594, -0.0238, -0.03223, -0.03125, -0.03125, -0.01563, -0.007812, -0.004852, -0.007812, -0.003906, -0.003075, -0.007812, -0.01207, -0.003643, -0.004517, -0.007812, -0.007812, -0.0073, -0.001922, 0.01225, 0.0185, -0.002537, -0.00949, -0.010376, -0.0013075, -0.007812, 0.0006166, -0.01538, -0.007965, -0.00419, -0.00972, -0.01563, -0.012375, -0.00557, -0.01563, -0.006012, -0.007812, -0.00428, -0.007812, -0.011185, -0.01384, -0.03125, -0.03125, -0.02768, -0.01115, -0.007812, -0.007812, -0.013596, -0.01959, -0.01828, -0.04077, -0.01599, 0.007812, 0.007812, -0.002594, -0.007812, -0.00992, 0.0006323, -0.0007315, -0.005257, -0.01424, -0.007034, -0.00983, -0.02081, -0.02136, -0.01889, -0.0271, -0.03125, -0.007812, 0.026, 0.02863, 0.02405, 0.01563, 0.007812, -0.01563, -0.02933, -0.012344, -0.00871, -0.007812, -0.01563, -0.01782, -0.01743, -0.0242, -0.03125, -0.03528, -0.0376, -0.03265, -0.013794, -0.003433, -0.000853, -0.00486, -0.01143, -0.01265, -0.01563, -0.02878, -0.0159, -0.009766, -0.01563, -0.03125, -0.03125, -0.02023, -0.005318, 0.00429, -0.003906, -0.014404, -0.007812, -0.01883, -0.01563, -0.03125, -0.02444, -0.01563, -0.01563, -0.03125, -0.01563, -0.00792, 0.007812, -0.00425, -0.012245, -0.00721, -0.01694, -0.03125, -0.0445, -0.0418, -0.03125, -0.03125, -0.03125, -0.03125, -0.03125, -0.02219, -0.01721, 0.004, 0.006485, 0.01563, 0.01563, 0.00989, -0.007812, -0.010956, -0.01563, 0.007812, -0.0007615, -0.008224, -0.001077, -0.002668, -0.003038, -0.01175, -0.01797, -0.0124, 0.01563, 0.0009723, 0.004326, 0.02545, 0.03644, 0.01563, -0.007812, -0.00972, -0.009796, -0.01599, -0.03644, -0.0217, -0.002342, 0.01563, 0.01563, 0.0217, -0.001663, -0.00743, -0.00663, -0.00529, -0.01743, -0.003372, -0.003735, -0.005913, -0.00951, -0.01581, -0.004253, -0.0021, -0.01682, -0.00972, -0.01563, -0.01563, -0.01563, -0.00827, -0.007812, -0.015236, -0.02744, -0.01901
-0.02911, -0.0437, -0.03125, -0.01563, -0.02069, -0.01563, -0.01152, 0.02817, 0.03125, 0.03125, 0.01563, 0.003906, -0.0162, -0.03125, -0.03125, -0.02704, -0.0245, -0.02972, -0.03125, -0.03223, 0.002842, 0.02377, 0.01007, 0.007812, 0.002579, 0.003906, 0.007812, 0.007812, 0.008194, -0.02249, -0.01563, -0.02896, -0.01426, -0.02664, -0.01407, -0.01563, -0.01758, -0.03125, -0.03125, -0.00964, -0.01608, -0.01561, -0.01227, -0.01468, -0.01427, -0.010086, -0.01563, -0.01666, -0.02356, -0.01563, -0.01563, -0.00010896, -0.012314, -0.006443, -0.00926, -0.007812, -0.01773, -0.01865, -0.01675, -0.0206, -0.01563, -0.02185, -0.02673, -0.03125, -0.03125, -0.04816, -0.03125, 0.003906, 0.005333, 0.007812, -0.007812, -0.007812, -0.01563, -0.01305, -0.01563, -0.02057, -0.01563, -0.01346, -0.01563, -0.01657, -0.01825, -0.02512, -0.0199, 0.001953, 0.01563, 0.01758, 0.0146, -0.007812, -0.0232, -0.02325, -0.02887, -0.01822, -0.01563, -0.0292, -0.0234, -0.01563, -0.01563, -0.0214, -0.03125, -0.03125, -0.03937, -0.04364, -0.007812, 0.02362, 0.007812, 0.003664, 0.001972, -0.01263, -0.03036, -0.04407, -0.03412, -0.02576, -0.03125, -0.03125, -0.03955, -0.02158, -0.013336, -0.01316, -0.02724, -0.02478, -0.03125, -0.03125, -0.03125, -0.03534, -0.03049, -0.01633, -0.02371, -0.02322, -0.01938, -0.01822, -0.01953, -0.03125, -0.02838, -0.01563, -0.01563, -0.03125, -0.04297, -0.05328, -0.0434, -0.03986, -0.04578, -0.0376, -0.0224, -0.007812, -0.014305, -0.0001317, 0.006344, 0.01513, -0.007812, -0.006973, -0.01563, 0.007812, 0.003906, -0.002768, -0.00585, -0.003937, -0.00385, -0.001537, -0.00835, -7.76e-5, -0.004036, 0.0006123, 0.004528, 0.00839, 0.01032, 0.007397, 0.01563, 0.002449, -0.02411, -0.0187, -0.007965, -0.01451, -0.01749, -0.01563, 0.00902, 0.004562, -0.006027, -0.01053, -0.01179, -0.012535, -0.03143, -0.007812, -0.007812, 0.003523, -0.001029, -0.013535, -0.00656, -0.0081, -0.01462, -0.01563, -0.03125, -0.03125, -0.02783, -0.01563, -0.003906, -0.01563, -0.01068, -0.01563, -0.03125, -0.03125
-0.03116, -0.03992, -0.03925, -0.03125, -0.03125, -0.02048, -0.007812, 0.01563, 0.02228, 0.0081, 0.01465, -0.01563, -0.03125, -0.04285, -0.04456, -0.0564, -0.03046, -0.0293, -0.03125, -0.03595, 0.007812, 0.03125, 0.03125, 0.02036, 0.01563, 0.007812, 0.0003252, -0.00972, -0.01752, -0.02419, -0.02939, -0.02972, -0.03125, -0.0293, -0.0286, -0.03125, -0.0522, -0.05634, -0.0371, -0.02551, -0.01984, -0.02005, -0.02014, -0.02347, -0.01053, -0.00888, -0.00934, -0.02066, -0.03125, -0.02502, -0.0264, -0.01709, -0.01563, -0.02094, -0.01563, -0.01022, -0.02652, -0.01962, -0.01947, -0.01898, -0.02023, -0.02728, -0.01917, -0.02374, -0.02313, -0.03125, -0.0224, 0.007812, 0.00789, -0.007812, -0.00906, -0.0004883, -0.0063, -0.01053, -0.01593, -0.01593, -0.03125, -0.01563, -0.01563, -0.02313, -0.02042, -0.01563, -0.007812, -0.004395, 0.007812, 0.007812, 0.003906, -0.01506, -0.02213, -0.02924, -0.02106, -0.02911, -0.02225, -0.01733, -0.0214, -0.01782, -0.03387, -0.04712, -0.02441, -0.0318, -0.04675, -0.04254, -0.02219, -0.01563, -0.03116, -0.01283, -0.003906, -0.01563, -0.02963, -0.02695, -0.03, -0.03125, -0.03021, -0.01605, -0.03125, -0.03058, -0.02747, -0.0345, -0.0512, -0.04895, -0.0517, -0.04694, -0.03998, -0.05273, -0.0404, -0.01563, -0.014496, -0.01703, -0.02118, -0.02869, -0.03827, -0.04022, -0.03253, -0.01563, -0.01563, -0.03143, -0.03955, -0.0442, -0.0334, -0.03125, -0.04968, -0.05334, -0.03192, -0.010025, -0.02304, -0.0393, -0.006584, -0.01563, -0.01563, -0.01688, 0.004196, 0.001196, -0.007812, -0.00319, -0.00753, -0.00234, 0.003006, -0.01563, -0.01563, 0.006653, 0.01097, 0.006268, -0.003906, 0.01563, 0.00917, -0.003906, -0.00876, -0.01563, -0.01907, -0.02905, -0.01369, -0.0105, -0.01611, -0.02032, -0.01256, -0.01663, -0.01563, -0.02032, -0.006805, -0.01563, -0.03023, -0.02295, -0.01563, -0.01146, -0.01767, -0.01405, -0.01715, -0.02023, -0.01563, -0.01563, -0.03687, -0.03967, -0.03125, -0.03125, -0.03125, -0.02307, -0.003998, -0.013626, -0.03125, -0.03125
-0.04907, -0.02902, -0.02777, -0.03168, -0.02493, -0.02344, -0.03265, -0.0147, -0.01369, -0.02026, -0.01788, -0.01761, -0.02988, -0.03125, -0.03918, -0.05505, -0.05084, -0.037, -0.04346, -0.04065, 0.007812, 0.03125, 0.03125, 0.01865, -0.007812, -0.01563, -0.03125, -0.02545, -0.01965, -0.03125, -0.01563, -0.01462, -0.03058, -0.02875, -0.02481, -0.02277, -0.02762, -0.05548, -0.05225, -0.0371, -0.02383, -0.00623, -0.01187, -0.01375, -0.01563, -0.01563, -0.02292, -0.01563, -0.02704, -0.0293, -0.03625, -0.0343, -0.01563, -0.02618, -0.02725, -0.03125, -0.02927, -0.01207, -0.01563, -0.0321, -0.03125, -0.04553, -0.03442, -0.02243, -0.01605, -0.01727, -0.0234, -0.01563, -0.03082, -0.03125, -0.02148, -0.03125, -0.01819, -0.01563, -0.01563, -0.02286, -0.03125, -0.03125, -0.03125, -0.03125, -0.03436, -0.01048, 0.007812, -0.01042, -0.00219, 0.006073, -0.02185, -0.02463, -0.02805, -0.03076, -0.03625, -0.03125, -0.02612, -0.01563, -0.01341, -0.00867, -0.01563, -0.03125, -0.02594, -0.02219, -0.03326, -0.04047, -0.0371, -0.03125, -0.02124, -0.01892, -0.03061, -0.02682, -0.02258, -0.02982, -0.03125, -0.03125, -0.03125, -0.02994, -0.01563, -0.02966, -0.03125, -0.03125, -0.04163, -0.04517, -0.0465, -0.05438, -0.05725, -0.0625, -0.04272, -0.00949, -0.00868, -0.003708, -0.01491, -0.01654, -0.0202, -0.02658, -0.03473, -0.01563, -0.03125, -0.04266, -0.04205, -0.04114, -0.0376, -0.01962, -0.03125, -0.04907, -0.0249, -0.0157, -0.03125, -0.04156, -0.03125, -0.02954, -0.02243, -0.02963, -0.01523, -0.01563, -0.01563, -0.002058, -0.01309, -0.001519, -0.03186, -0.03125, -0.0213, 0.011505, 0.01439, -0.007263, -0.007812, -0.007812, -0.01563, -0.01563, -0.027, -0.02176, -0.03125, -0.02573, -0.02817, -0.03125, -0.02786, -0.00994, -0.01752, -0.01999, -0.02304, -0.0275, -0.02437, -0.01563, -0.03455, -0.03284, -0.02704, -0.02295, -0.02362, -0.03116, -0.03125, -0.03125, -0.02756, -0.03552, -0.05457, -0.0426, -0.03125, -0.03125, -0.03174, -0.03156, -0.01207, -0.01764, -0.02664, -0.036
-0.04205, -0.0343, -0.04688, -0.02945, -0.010666, 0.00928, -0.01563, -0.01563, -0.02512, -0.007812, -0.01563, -0.0264, -0.02698, -0.03125, -0.03088, -0.03125, -0.0349, -0.02756, -0.04285, -0.04236, -0.01563, 0.01749, 0.009796, -0.003235, -0.006557, -0.02216, -0.03766, -0.04535, -0.03061, -0.0293, -0.009796, 0.01782, -0.0063, -0.01563, -0.007812, -0.01563, -0.01563, -0.02881, -0.04083, -0.03125, -0.02765, -0.01563, -0.01294, -0.01563, -0.01563, -0.03125, -0.02591, -0.03345, -0.0362, -0.03125, -0.03668, -0.0368, -0.03125, -0.03503, -0.04504, -0.04724, -0.0625, -0.02118, -0.0268, -0.04132, -0.04974, -0.0625, -0.0625, -0.0335, -0.02496, -0.03125, -0.04218, -0.03125, -0.03125, -0.03125, -0.03125, -0.03125, -0.02957, -0.03125, -0.0362, -0.03394, -0.03644, -0.0428, -0.0625, -0.0625, -0.0421, -0.000977, -0.01563, -0.03125, -0.02435, -0.0261, -0.02283, -0.01959, -0.01831, -0.02808, -0.03973, -0.0437, -0.02875, -0.0246, -0.01563, -0.01563, -0.01563, -0.02707, -0.02795, -0.0297, -0.04047, -0.04422, -0.06183, -0.05136, -0.01923, -0.02316, -0.02777, -0.02448, -0.03125, -0.03754, -0.03986, -0.03455, -0.04388, -0.05908, -0.03125, -0.02628, -0.02481, -0.04114, -0.04285, -0.047, -0.0581, -0.06097, -0.04468, -0.0468, -0.04242, -0.03125, -0.02844, -0.01563, -0.02618, -0.007812, -0.00969, -0.01563, -0.03992, -0.0382, -0.03564, -0.03534, -0.05353, -0.04413, -0.02951, -0.01563, -0.02765, -0.05438, -0.03125, -0.01563, -0.03125, -0.0407, -0.0465, -0.03857, -0.03876, -0.03125, -0.02344, -0.01563, -0.02048, -0.02429, -0.00934, -0.00129, -0.01349, -0.007812, -0.007812, 0.007812, -0.01563, -0.01563, -0.007812, -0.01563, -0.02023, -0.03125, -0.02802, -0.02988, -0.03125, -0.03125, -0.0386, -0.04117, -0.02798, -0.01581, -0.01563, -0.01563, -0.0209, -0.03687, -0.03455, -0.03662, -0.0468, -0.04517, -0.04694, -0.0184, -0.03125, -0.03125, -0.03125, -0.02829, -0.04102, -0.047, -0.05872, -0.0697, -0.03986, -0.0373, -0.04523, -0.03943, -0.03223, -0.04813, -0.03192, -0.03125
-0.03864, -0.0396, -0.05316, -0.03125, -0.011566, 0.01126, -0.01563, -0.02777, -0.0608, -0.0228, -0.00795, -0.0018635, -0.01563, -0.03012, -0.03125, -0.02707, -0.01727, -0.0103, -0.02542, -0.03125, -0.01782, -0.007812, -0.007812, -0.0121, -0.01563, -0.0297, -0.05432, -0.05792, -0.03967, -0.01776, -0.007812, -0.00839, -0.002335, -0.01245, -0.01387, -0.007812, -0.0166, -0.02615, -0.04437, -0.03125, -0.03857, -0.02762, -0.02022, -0.01563, -0.01249, -0.0256, -0.03125, -0.0374, -0.04065, -0.0479, -0.04926, -0.03125, -0.04187, -0.0475, -0.04602, -0.0625, -0.06506, -0.03998, -0.03125, -0.0432, -0.0625, -0.07385, -0.06604, -0.02429, -0.0188, -0.01563, -0.03546, -0.03125, -0.0384, -0.04114, -0.03558, -0.0393, -0.0373, -0.04053, -0.04474, -0.04504, -0.03986, -0.03125, -0.05444, -0.06616, -0.0468, -0.01169, -0.03217, -0.04694, -0.0338, -0.03125, -0.03125, -0.03125, -0.02908, -0.02869, -0.03778, -0.0473, -0.0431, -0.04163, -0.01794, -0.03186, -0.01563, -0.02063, -0.03107, -0.03125, -0.0371, -0.04132, -0.0625, -0.059, -0.02948, -0.02795, -0.03125, -0.03125, -0.02713, -0.03061, -0.04535, -0.04004, -0.04138, -0.0625, -0.0575, -0.03125, -0.03125, -0.02832, -0.02942, -0.04388, -0.04175, -0.04504, -0.0569, -0.06104, -0.05548, -0.03735, -0.04327, -0.03125, -0.03125, -0.007736, -0.003906, -0.01535, -0.03125, -0.042, -0.039, -0.034, -0.05035, -0.04248, -0.01563, -0.02454, -0.04755, -0.052, -0.03125, -0.01672, -0.02084, -0.03168, -0.03717, -0.0434, -0.04633, -0.0617, -0.0362, -0.01563, -0.01563, -0.03125, -0.02112, -0.007812, -0.004303, -0.003906, -0.01265, -0.01563, -0.01959, -0.01563, -0.013214, -0.01843, -0.01797, -0.03137, -0.04553, -0.04358, -0.03125, -0.04712, -0.05212, -0.06055, -0.0625, -0.03125, -0.02365, -0.03125, -0.03912, -0.0434, -0.0589, -0.04242, -0.04694, -0.05237, -0.0625, -0.03943, -0.01563, -0.03125, -0.04486, -0.0625, -0.0418, -0.03125, -0.03125, -0.0625, -0.0581, -0.0451, -0.04327, -0.05005, -0.04633, -0.04694, -0.0415, -0.03125
-0.036, -0.0409, -0.049, -0.03125, -0.00942, -0.00937, -0.02295, -0.01788, -0.01563, -0.01563, -0.01563, -0.03125, -0.03009, -0.03485, -0.037, -0.02026, -0.03125, -0.03125, -0.03436, -0.02829, -0.02652, -0.0337, -0.01917, -0.0202, -0.02945, -0.03125, -0.04272, -0.04706, -0.02762, -0.01758, -0.02429, -0.01828, -0.03125, -0.03125, -0.006073, -0.007812, -0.015274, -0.02438, -0.03125, -0.03223, -0.04346, -0.02124, -0.01433, -0.03125, -0.017, -0.02817, -0.0209, -0.02554, -0.03247, -0.04602, -0.0625, -0.04395, -0.03125, -0.05487, -0.0586, -0.0625, -0.0769, -0.05707, -0.03125, -0.0398, -0.0625, -0.07654, -0.05005, -0.0169, -0.01563, -0.01563, -0.03125, -0.03125, -0.03888, -0.0417, -0.04944, -0.05072, -0.0562, -0.03894, -0.057, -0.05243, -0.0462, -0.03125, -0.02435, -0.01563, -0.01563, -0.007812, -0.03442, -0.0437, -0.04382, -0.03125, -0.04297, -0.04742, -0.05493, -0.0404, -0.0313, -0.03943, -0.0622, -0.05328, -0.0379, -0.03772, -0.03125, -0.03125, -0.03125, -0.03125, -0.03125, -0.02963, -0.0357, -0.0476, -0.0464, -0.03125, -0.04208, -0.0581, -0.04376, -0.03125, -0.05615, -0.04785, -0.0625, -0.0698, -0.067, -0.05975, -0.0512, -0.03937, -0.04724, -0.05017, -0.05432, -0.04608, -0.05652, -0.0625, -0.0625, -0.05084, -0.05396, -0.0432, -0.02344, -0.007812, -0.01563, -0.03125, -0.0625, -0.0536, -0.04114, -0.0362, -0.04565, -0.04517, -0.03125, -0.02466, -0.03412, -0.02963, -0.03174, -0.03156, -0.01347, -0.0225, -0.04675, -0.04834, -0.06158, -0.0625, -0.0625, -0.02603, -0.0228, -0.04065, -0.03577, -0.00695, -0.0173, -0.01791, -0.03125, -0.0357, -0.03125, -0.0203, -0.03125, -0.03125, -0.03204, -0.0622, -0.0625, -0.0636, -0.06018, -0.05676, -0.05664, -0.0625, -0.0504, -0.04193, -0.0406, -0.0445, -0.04913, -0.04327, -0.0562, -0.05286, -0.04742, -0.06012, -0.06195, -0.06934, -0.06207, -0.0425, -0.0625, -0.0703, -0.0647, -0.0346, -0.02185, -0.04956, -0.06232, -0.0459, -0.0404, -0.0421, -0.0625, -0.07324, -0.0658, -0.04987
-0.0569, -0.05658, -0.0625, -0.034, -0.0209, -0.01797, -0.03125, -0.0235, -0.006462, -0.007812, -0.03802, -0.04474, -0.03125, -0.0409, -0.0498, -0.03125, -0.03265, -0.03674, -0.0326, -0.02713, -0.03043, -0.03632, -0.0426, -0.01895, -0.03055, -0.03125, -0.03125, -0.03827, -0.0346, -0.03375, -0.03125, -0.03125, -0.03363, -0.0487, -0.0384, -0.03125, -0.03125, -0.03125, -0.03912, -0.05194, -0.039, -0.03186, -0.0512, -0.0478, -0.0542, -0.0334, -0.0393, -0.04956, -0.03125, -0.03125, -0.04205, -0.01563, -0.003235, -0.01563, -0.03125, -0.0625, -0.0642, -0.05505, -0.055, -0.04974, -0.06146, -0.06506, -0.04413, -0.03125, -0.03125, -0.02219, -0.02673, -0.02829, -0.04614, -0.04785, -0.05298, -0.05957, -0.0531, -0.04004, -0.04626, -0.04865, -0.04315, -0.0381, -0.002552, -0.002954, -0.01074, -0.03125, -0.0412, -0.0501, -0.04822, -0.0525, -0.06165, -0.0572, -0.06232, -0.0531, -0.05267, -0.0478, -0.0625, -0.0606, -0.05444, -0.03784, -0.03156, -0.04156, -0.0573, -0.03302, -0.036, -0.03, -0.01926, -0.03125, -0.04877, -0.04388, -0.03394, -0.0625, -0.0625, -0.0625, -0.08154, -0.0625, -0.0625, -0.0775, -0.08704, -0.0807, -0.06183, -0.0625, -0.0584, -0.05518, -0.0625, -0.0625, -0.05768, -0.0625, -0.06445, -0.05487, -0.04993, -0.05048, -0.02579, -0.02682, -0.04333, -0.05933, -0.0653, -0.06604, -0.0625, -0.06, -0.0625, -0.05603, -0.05072, -0.0395, -0.03955, -0.04034, -0.03668, -0.0385, -0.03107, -0.02896, -0.03662, -0.03662, -0.0609, -0.07263, -0.06836, -0.04993, -0.03125, -0.04156, -0.04602, -0.03125, -0.03125, -0.03662, -0.03125, -0.0379, -0.02908, -0.04285, -0.03394, -0.04022, -0.05914, -0.0625, -0.0675, -0.0703, -0.0691, -0.0647, -0.0625, -0.07104, -0.0647, -0.06555, -0.0459, -0.03125, -0.03723, -0.03717, -0.05066, -0.0539, -0.0478, -0.0536, -0.06146, -0.0724, -0.0625, -0.0523, -0.0625, -0.07776, -0.0831, -0.0573, -0.03998, -0.04724, -0.05316, -0.0625, -0.0578, -0.0429, -0.05835, -0.0775, -0.0707, -0.0625
-0.06134, -0.05737, -0.0559, -0.02747, -0.02866, -0.02466, -0.0451, -0.04785, -0.02441, -0.0281, -0.03723, -0.05585, -0.0417, -0.05066, -0.05664, -0.04926, -0.03577, -0.04816, -0.02707, -0.03125, -0.04236, -0.03174, -0.0406, -0.05188, -0.03125, -0.0501, -0.0421, -0.05374, -0.04993, -0.04846, -0.03912, -0.03937, -0.052, -0.0625, -0.05792, -0.0504, -0.0479, -0.04987, -0.04626, -0.04883, -0.05383, -0.0625, -0.05304, -0.0625, -0.0558, -0.05267, -0.0625, -0.0562, -0.01135, -0.01563, -0.03125, -0.00753, -0.007812, -0.02094, -0.0426, -0.05438, -0.05908, -0.05707, -0.0625, -0.05884, -0.06073, -0.0625, -0.0625, -0.04065, -0.03864, -0.0468, -0.0202, -0.03223, -0.0465, -0.04956, -0.06, -0.06207, -0.0625, -0.0659, -0.0512, -0.03986, -0.04095, -0.04266, -0.01563, -0.0187, -0.04608, -0.05896, -0.06213, -0.05695, -0.05322, -0.04962, -0.0625, -0.0625, -0.06238, -0.0625, -0.06067, -0.0625, -0.0625, -0.0703, -0.06714, -0.0625, -0.0625, -0.0625, -0.0676, -0.05945, -0.05554, -0.05804, -0.03455, -0.05225, -0.0625, -0.0703, -0.05676, -0.072, -0.0768, -0.0884, -0.09985, -0.0946, -0.0819, -0.07996, -0.10425, -0.1128, -0.0802, -0.07446, -0.0625, -0.05707, -0.06714, -0.0625, -0.06195, -0.0592, -0.05542, -0.04993, -0.04724, -0.03815, -0.03235, -0.04187, -0.05182, -0.05707, -0.06085, -0.0625, -0.06616, -0.0648, -0.06207, -0.05884, -0.0625, -0.0603, -0.04315, -0.05347, -0.0454, -0.0481, -0.03442, -0.02713, -0.03973, -0.0467, -0.05115, -0.05292, -0.05676, -0.0625, -0.047, -0.05255, -0.05615, -0.0625, -0.04382, -0.05072, -0.04706, -0.05078, -0.03125, -0.042, -0.0511, -0.0481, -0.05286, -0.06177, -0.0663, -0.07434, -0.08374, -0.0847, -0.0598, -0.0625, -0.06714, -0.0636, -0.05713, -0.03625, -0.0362, -0.05096, -0.04883, -0.04968, -0.0567, -0.05963, -0.06946, -0.0741, -0.0687, -0.0625, -0.06934, -0.0824, -0.07715, -0.0702, -0.05328, -0.05127, -0.04858, -0.05896, -0.06775, -0.06775, -0.0835, -0.0858, -0.0775, -0.0625
-0.0735, -0.0625, -0.06134, -0.0521, -0.05133, -0.0625, -0.06, -0.0729, -0.05536, -0.04205, -0.0619, -0.06152, -0.05542, -0.0625, -0.0625, -0.0581, -0.03125, -0.05273, -0.04602, -0.05493, -0.06726, -0.0625, -0.04193, -0.0625, -0.05328, -0.04724, -0.0668, -0.06665, -0.0625, -0.0625, -0.0736, -0.04395, -0.04736, -0.057, -0.0679, -0.0586, -0.05975, -0.0625, -0.0553, -0.05652, -0.0625, -0.0625, -0.0584, -0.0625, -0.0625, -0.0703, -0.0709, -0.04498, -0.01782, -0.02878, -0.0395, -0.03125, -0.03125, -0.03125, -0.05188, -0.04437, -0.04547, -0.04993, -0.0725, -0.0659, -0.0648, -0.06995, -0.07117, -0.07166, -0.0423, -0.0625, -0.04205, -0.04108, -0.04883, -0.05536, -0.0625, -0.0625, -0.0674, -0.0664, -0.0625, -0.0442, -0.04858, -0.03314, -0.03125, -0.04645, -0.05383, -0.05994, -0.0642, -0.05896, -0.05527, -0.04712, -0.05084, -0.05634, -0.06824, -0.0696, -0.0686, -0.0703, -0.0779, -0.0796, -0.08435, -0.07983, -0.06506, -0.0625, -0.0823, -0.07166, -0.06726, -0.0707, -0.06165, -0.0625, -0.0796, -0.08984, -0.08704, -0.0814, -0.0912, -0.1056, -0.1135, -0.1134, -0.1013, -0.12146, -0.1146, -0.125, -0.10803, -0.08484, -0.0567, -0.0625, -0.07495, -0.07056, -0.06396, -0.05908, -0.055, -0.05322, -0.0495, -0.0506, -0.04895, -0.05347, -0.06158, -0.0625, -0.0647, -0.0676, -0.0692, -0.0665, -0.06506, -0.0625, -0.06195, -0.0654, -0.07385, -0.0669, -0.05414, -0.06006, -0.05817, -0.03644, -0.05493, -0.05658, -0.06018, -0.06134, -0.05518, -0.06396, -0.07227, -0.0686, -0.0625, -0.05597, -0.05957, -0.062, -0.0625, -0.0625, -0.04126, -0.0418, -0.04883, -0.0625, -0.05988, -0.0625, -0.0611, -0.0542, -0.0702, -0.06726, -0.062, -0.0625, -0.0531, -0.06836, -0.0709, -0.0473, -0.05847, -0.05835, -0.04675, -0.05347, -0.05884, -0.0625, -0.0687, -0.0746, -0.0625, -0.06097, -0.084, -0.0912, -0.0962, -0.0886, -0.0725, -0.0819, -0.0625, -0.07007, -0.0647, -0.083, -0.0978, -0.1057, -0.0919, -0.0724
-0.0625, -0.0718, -0.0707, -0.0775, -0.0792, -0.06726, -0.0741, -0.09143, -0.08545, -0.06836, -0.0846, -0.09326, -0.0851, -0.08203, -0.08044, -0.0807, -0.08936, -0.0785, -0.0625, -0.0578, -0.0635, -0.07715, -0.07056, -0.0637, -0.07874, -0.0625, -0.0725, -0.0791, -0.0751, -0.0625, -0.0802, -0.0687, -0.05658, -0.0698, -0.0808, -0.07776, -0.0625, -0.07654, -0.07104, -0.0625, -0.0625, -0.07104, -0.06946, -0.06934, -0.07446, -0.0845, -0.0808, -0.05225, -0.05072, -0.0625, -0.06104, -0.05005, -0.05713, -0.05444, -0.0625, -0.0625, -0.05646, -0.06824, -0.07776, -0.07104, -0.0719, -0.0808, -0.0845, -0.084, -0.06775, -0.07495, -0.0625, -0.0625, -0.0625, -0.0625, -0.074, -0.0714, -0.07227, -0.07153, -0.0698, -0.0625, -0.0625, -0.0603, -0.0625, -0.0625, -0.0692, -0.0625, -0.0741, -0.07495, -0.0625, -0.05603, -0.0625, -0.0625, -0.08093, -0.08044, -0.0796, -0.0748, -0.08716, -0.0929, -0.1018, -0.1029, -0.0935, -0.09094, -0.104, -0.0929, -0.07996, -0.0751, -0.0763, -0.08826, -0.1022, -0.1162, -0.1178, -0.1034, -0.1112, -0.125, -0.1399, -0.125, -0.125, -0.1406, -0.125, -0.1355, -0.1244, -0.0874, -0.0676, -0.08093, -0.0945, -0.0924, -0.07764, -0.06995, -0.09216, -0.06757, -0.0625, -0.05597, -0.0609, -0.07275, -0.0702, -0.06934, -0.07556, -0.0764, -0.0764, -0.07874, -0.0768, -0.0714, -0.0674, -0.0625, -0.08386, -0.0648, -0.05988, -0.0653, -0.07886, -0.0608, -0.0668, -0.06555, -0.0781, -0.0763, -0.077, -0.0731, -0.0829, -0.0796, -0.0812, -0.0625, -0.0659, -0.0737, -0.0753, -0.0792, -0.0625, -0.0625, -0.06506, -0.0819, -0.07764, -0.07043, -0.0625, -0.0569, -0.0625, -0.06714, -0.0731, -0.07104, -0.07605, -0.0829, -0.0886, -0.0697, -0.06494, -0.07104, -0.05725, -0.05817, -0.0653, -0.07263, -0.08923, -0.0913, -0.084, -0.09033, -0.09485, -0.0967, -0.10425, -0.1173, -0.09265, -0.1018, -0.11096, -0.1096, -0.09204, -0.10144, -0.114, -0.125, -0.0997, -0.08154
-0.08435, -0.0963, -0.104, -0.1107, -0.11633, -0.1162, -0.09436, -0.1129, -0.1061, -0.1166, -0.10254, -0.1199, -0.125, -0.125, -0.12134, -0.1448, -0.1161, -0.1072, -0.084, -0.08875, -0.09595, -0.1, -0.1001, -0.1155, -0.125, -0.0775, -0.0857, -0.1019, -0.09265, -0.08496, -0.09204, -0.0902, -0.08826, -0.103, -0.11084, -0.09705, -0.10156, -0.10474, -0.0962, -0.0785, -0.08215, -0.09436, -0.08655, -0.099, -0.0897, -0.09827, -0.1041, -0.074, -0.07764, -0.0901, -0.0831, -0.08496, -0.0807, -0.08264, -0.07837, -0.0851, -0.0731, -0.0891, -0.09827, -0.1007, -0.1007, -0.109, -0.11145, -0.1155, -0.0917, -0.09033, -0.0908, -0.0847, -0.08826, -0.0946, -0.0985, -0.0991, -0.0952, -0.0869, -0.09814, -0.0897, -0.08813, -0.0824, -0.0846, -0.0781, -0.08655, -0.089, -0.09607, -0.0947, -0.0709, -0.08923, -0.1117, -0.1008, -0.10876, -0.0991, -0.08875, -0.09216, -0.1022, -0.11194, -0.125, -0.1311, -0.1294, -0.12354, -0.125, -0.121, -0.1129, -0.0939, -0.109, -0.11914, -0.1284, -0.1482, -0.1465, -0.1406, -0.1353, -0.1624, -0.156, -0.1497, -0.1626, -0.1633, -0.1448, -0.1606, -0.1392, -0.125, -0.0991, -0.10315, -0.1172, -0.125, -0.1068, -0.1138, -0.125, -0.1006, -0.0908, -0.09534, -0.093, -0.0912, -0.08484, -0.09424, -0.0996, -0.09424, -0.0907, -0.0968, -0.09644, -0.1001, -0.0979, -0.1062, -0.1017, -0.09546, -0.0852, -0.0946, -0.10034, -0.0825, -0.0858, -0.08997, -0.09265, -0.0935, -0.0902, -0.09827, -0.1013, -0.0946, -0.1018, -0.093, -0.0958, -0.09863, -0.0978, -0.09705, -0.09204, -0.0929, -0.09534, -0.0979, -0.0991, -0.0846, -0.085, -0.0842, -0.0863, -0.08496, -0.09143, -0.0836, -0.088, -0.0989, -0.1123, -0.0928, -0.09937, -0.09937, -0.08875, -0.09985, -0.0969, -0.10156, -0.1135, -0.104, -0.0929, -0.1045, -0.11523, -0.11, -0.125, -0.125, -0.125, -0.125, -0.1245, -0.125, -0.1255, -0.1217, -0.154, -0.1516, -0.11743, -0.10693
-0.125, -0.1482, -0.1589, -0.1577, -0.1531, -0.1611, -0.1399, -0.1572, -0.1509, -0.1672, -0.1616, -0.156, -0.1614, -0.1567, -0.178, -0.2002, -0.1682, -0.147, -0.125, -0.1577, -0.1428, -0.1399, -0.1467, -0.1677, -0.1736, -0.125, -0.12476, -0.125, -0.1277, -0.125, -0.1217, -0.125, -0.125, -0.1328, -0.1357, -0.134, -0.1318, -0.1282, -0.125, -0.11597, -0.125, -0.125, -0.125, -0.12317, -0.125, -0.125, -0.1309, -0.114, -0.125, -0.125, -0.1223, -0.12244, -0.114, -0.1174, -0.1206, -0.124, -0.1096, -0.1377, -0.1345, -0.1316, -0.1328, -0.1348, -0.1355, -0.146, -0.125, -0.1216, -0.125, -0.11865, -0.125, -0.125, -0.125, -0.125, -0.12244, -0.1157, -0.1188, -0.11804, -0.1195, -0.11304, -0.1173, -0.11633, -0.12415, -0.1211, -0.1245, -0.1228, -0.1123, -0.125, -0.1345, -0.1362, -0.1365, -0.1382, -0.125, -0.1433, -0.1392, -0.1443, -0.1628, -0.169, -0.1724, -0.1577, -0.1606, -0.1492, -0.1475, -0.125, -0.1423, -0.1592, -0.1804, -0.1875, -0.2056, -0.1829, -0.1997, -0.2134, -0.2207, -0.1934, -0.1938, -0.1978, -0.2131, -0.1963, -0.1807, -0.166, -0.1418, -0.1562, -0.1458, -0.1414, -0.1536, -0.144, -0.1482, -0.133, -0.1333, -0.125, -0.1236, -0.125, -0.1223, -0.12134, -0.1217, -0.12, -0.125, -0.125, -0.1227, -0.125, -0.1239, -0.125, -0.125, -0.125, -0.1196, -0.1221, -0.125, -0.1157, -0.125, -0.12134, -0.125, -0.12134, -0.1217, -0.125, -0.12476, -0.1249, -0.125, -0.1216, -0.1228, -0.125, -0.125, -0.125, -0.125, -0.125, -0.125, -0.1194, -0.1166, -0.1239, -0.11975, -0.125, -0.1212, -0.1167, -0.1244, -0.12244, -0.125, -0.125, -0.1365, -0.125, -0.125, -0.125, -0.126, -0.1377, -0.134, -0.1348, -0.1572, -0.1416, -0.1372, -0.134, -0.1509, -0.1509, -0.1643, -0.1782, -0.1589, -0.1665, -0.1528, -0.1575, -0.1687, -0.1646, -0.1738, -0.158, -0.1472, -0.1531
