-8.59, -8.555, -8.53, -8.54, -8.586, -8.72, -8.9, -9.055, -9.234, -9.41, -9.53, -9.664, -9.69, -9.71, -9.71, -9.67, -9.53, -9.414, -9.22, -9.0, -8.83, -8.65, -8.51, -8.38, -8.266, -8.1, -7.918, -7.83, -7.855, -7.95, -8.164, -8.41, -8.63, -8.82, -8.984, -9.03, -8.99, -8.91, -8.84, -8.766, -8.72, -8.695, -8.7, -8.66, -8.58, -8.48, -8.33, -8.17, -8.055, -7.96, -7.87, -7.87, -7.863, -7.883, -7.918, -7.93, -7.957, -7.965, -7.953, -7.867, -7.793, -7.72, -7.664, -7.594, -7.465, -7.38, -7.19, -7.1, -7.074, -7.15, -7.254, -7.383, -7.496, -7.67, -7.734, -7.844, -7.906, -7.875, -7.89, -7.875, -7.84, -7.785, -7.77, -7.79, -7.78, -7.816, -7.86, -7.934, -8.05, -8.18, -8.35, -8.516, -8.63, -8.77, -8.91, -8.97, -8.984, -8.92, -8.836, -8.7, -8.52, -8.41, -8.33, -8.31, -8.375, -8.516, -8.68, -8.914, -9.22, -9.516, -9.82, -10.19, -10.516, -10.766, -10.945, -11.01, -11.11, -11.055, -10.91, -10.69, -10.32, -9.945, -9.516, -9.125, -8.82, -8.62, -8.57, -8.55, -8.516, -8.53, -8.52, -8.45, -8.42, -8.47, -8.55, -8.586, -8.67, -8.734, -8.805, -8.836, -8.86, -8.87, -8.875, -8.89, -8.91, -8.93, -8.87, -8.85, -8.86, -8.91, -8.91, -8.93, -8.99, -9.04, -9.15, -9.25, -9.32, -9.38, -9.41, -9.46, -9.49, -9.5, -9.54, -9.555, -9.56, -9.55, -9.58, -9.55, -9.484, -9.47, -9.45, -9.39, -9.34, -9.33, -9.31, -9.25, -9.23, -9.27, -9.28, -9.305, -9.29, -9.29, -9.305, -9.305, -9.25, -9.164, -9.06, -8.93, -8.82, -8.766, -8.75, -8.734, -8.76, -8.75, -8.67, -8.516, -8.38, -8.336, -8.4, -8.52
-7.027, -6.938, -6.805, -6.79, -6.934, -7.266, -7.793, -8.39, -9.0, -9.57, -10.016, -10.31, -10.49, -10.57, -10.54, -10.37, -10.08, -9.7, -9.13, -8.45, -7.73, -7.07, -6.582, -6.12, -5.67, -5.125, -4.637, -4.445, -4.637, -5.19, -6.01, -6.883, -7.695, -8.31, -8.7, -8.83, -8.68, -8.45, -8.14, -7.848, -7.605, -7.438, -7.277, -7.062, -6.742, -6.32, -5.78, -5.285, -4.914, -4.69, -4.586, -4.71, -4.965, -5.242, -5.484, -5.676, -5.79, -5.793, -5.727, -5.574, -5.387, -5.156, -4.918, -4.637, -4.26, -3.797, -3.402, -3.23, -3.332, -3.63, -4.12, -4.65, -5.223, -5.727, -6.062, -6.285, -6.387, -6.426, -6.406, -6.344, -6.227, -6.1, -6.043, -6.035, -6.098, -6.242, -6.492, -6.816, -7.25, -7.766, -8.29, -8.86, -9.375, -9.83, -10.18, -10.37, -10.43, -10.31, -10.03, -9.57, -9.08, -8.66, -8.4, -8.31, -8.47, -8.83, -9.375, -10.086, -10.86, -11.74, -12.59, -13.44, -14.13, -14.766, -15.29, -15.56, -15.76, -15.61, -15.29, -14.7, -13.74, -12.516, -11.09, -9.72, -8.56, -7.754, -7.258, -6.996, -6.86, -6.816, -6.723, -6.62, -6.582, -6.703, -6.914, -7.11, -7.38, -7.574, -7.78, -7.89, -8.0, -8.055, -8.07, -8.02, -7.973, -7.902, -7.805, -7.72, -7.66, -7.688, -7.71, -7.81, -7.96, -8.164, -8.375, -8.6, -8.78, -8.9, -9.0, -9.09, -9.125, -9.14, -9.16, -9.15, -9.08, -8.98, -8.89, -8.734, -8.53, -8.336, -8.16, -7.97, -7.793, -7.684, -7.617, -7.58, -7.56, -7.637, -7.7, -7.82, -7.92, -8.016, -8.08, -8.04, -7.945, -7.754, -7.508, -7.207, -6.977, -6.883, -6.96, -7.18, -7.37, -7.434, -7.29, -6.918, -6.57, -6.5, -6.68, -6.934
-4.445, -4.168, -3.936, -3.97, -4.348, -5.082, -6.13, -7.31, -8.47, -9.516, -10.36, -10.92, -11.3, -11.445, -11.44, -11.26, -10.91, -10.33, -9.414, -8.24, -6.84, -5.453, -4.254, -3.238, -2.29, -1.273, -0.5083, -0.327, -0.885, -2.037, -3.605, -5.254, -6.734, -7.89, -8.62, -8.85, -8.67, -8.234, -7.59, -6.914, -6.305, -5.816, -5.344, -4.812, -4.137, -3.316, -2.467, -1.737, -1.299, -1.172, -1.34, -1.791, -2.379, -2.984, -3.486, -3.85, -4.035, -3.986, -3.742, -3.293, -2.732, -2.117, -1.461, -0.7524, 0.0739, 0.936, 1.526, 1.675, 1.323, 0.56, -0.4885, -1.616, -2.672, -3.537, -4.145, -4.535, -4.723, -4.785, -4.71, -4.574, -4.402, -4.28, -4.23, -4.266, -4.46, -4.83, -5.336, -6.0, -6.824, -7.727, -8.67, -9.6, -10.484, -11.195, -11.74, -12.08, -12.17, -11.99, -11.445, -10.65, -9.68, -8.78, -8.16, -7.902, -8.06, -8.61, -9.54, -10.66, -11.984, -13.375, -14.73, -16.02, -17.19, -18.22, -19.08, -19.73, -20.16, -20.33, -20.05, -19.47, -18.25, -16.47, -14.19, -11.625, -9.21, -7.242, -5.824, -5.08, -4.723, -4.52, -4.316, -4.17, -4.145, -4.348, -4.695, -5.137, -5.574, -5.984, -6.37, -6.656, -6.867, -7.004, -7.05, -6.953, -6.848, -6.676, -6.465, -6.28, -6.156, -6.117, -6.156, -6.297, -6.527, -6.836, -7.203, -7.582, -7.89, -8.125, -8.32, -8.445, -8.48, -8.47, -8.4, -8.266, -8.1, -7.848, -7.57, -7.242, -6.88, -6.523, -6.207, -5.945, -5.754, -5.633, -5.594, -5.652, -5.773, -5.95, -6.156, -6.406, -6.664, -6.84, -6.895, -6.84, -6.598, -6.18, -5.664, -5.14, -4.73, -4.586, -4.81, -5.266, -5.74, -5.97, -5.746, -5.133, -4.516, -4.246, -4.355, -4.53
-1.08, -0.5547, -0.2856, -0.4915, -1.202, -2.418, -3.992, -5.746, -7.45, -8.97, -10.16, -10.96, -11.484, -11.76, -11.766, -11.625, -11.32, -10.766, -9.78, -8.28, -6.344, -4.2, -2.213, -0.4746, 1.075, 2.502, 3.414, 3.492, 2.572, 0.823, -1.405, -3.75, -5.88, -7.566, -8.67, -9.13, -9.03, -8.445, -7.504, -6.434, -5.34, -4.38, -3.467, -2.56, -1.532, -0.467, 0.5005, 1.172, 1.437, 1.219, 0.628, -0.2197, -1.18, -2.1, -2.848, -3.36, -3.543, -3.367, -2.816, -1.906, -0.738, 0.5444, 1.846, 3.154, 4.484, 5.68, 6.39, 6.395, 5.633, 4.332, 2.686, 0.957, -0.5723, -1.797, -2.68, -3.24, -3.504, -3.59, -3.482, -3.29, -3.113, -2.996, -3.014, -3.184, -3.521, -4.074, -4.855, -5.836, -6.938, -8.12, -9.33, -10.47, -11.484, -12.32, -12.945, -13.305, -13.4, -13.02, -12.22, -10.984, -9.44, -7.99, -6.953, -6.535, -6.77, -7.617, -8.9, -10.47, -12.26, -14.055, -15.79, -17.45, -18.95, -20.25, -21.42, -22.3, -22.97, -23.39, -23.44, -23.08, -22.08, -20.34, -17.81, -14.51, -10.91, -7.547, -4.99, -3.36, -2.53, -2.102, -1.813, -1.632, -1.615, -1.919, -2.404, -3.004, -3.623, -4.195, -4.73, -5.203, -5.535, -5.777, -5.902, -5.88, -5.74, -5.555, -5.26, -4.973, -4.754, -4.57, -4.516, -4.637, -4.895, -5.28, -5.758, -6.277, -6.72, -7.06, -7.312, -7.45, -7.44, -7.383, -7.21, -6.934, -6.62, -6.22, -5.754, -5.305, -4.84, -4.414, -4.11, -3.896, -3.8, -3.807, -3.898, -4.125, -4.42, -4.766, -5.1, -5.465, -5.797, -6.0, -6.0, -5.77, -5.3, -4.562, -3.684, -2.838, -2.242, -2.127, -2.531, -3.26, -4.03, -4.457, -4.22, -3.418, -2.48, -1.889, -1.65, -1.4795
2.781, 3.504, 3.768, 3.398, 2.38, 0.7544, -1.336, -3.652, -5.9, -7.84, -9.37, -10.41, -11.02, -11.29, -11.336, -11.23, -11.055, -10.64, -9.77, -8.32, -6.125, -3.463, -0.7217, 1.817, 3.945, 5.72, 6.8, 6.812, 5.68, 3.523, 0.7935, -2.145, -4.848, -7.06, -8.57, -9.37, -9.43, -8.86, -7.797, -6.45, -4.98, -3.545, -2.176, -0.8926, 0.3574, 1.496, 2.395, 2.846, 2.799, 2.225, 1.258, 0.0886, -1.159, -2.332, -3.299, -3.926, -4.15, -3.838, -2.982, -1.57, 0.289, 2.379, 4.484, 6.496, 8.34, 9.875, 10.62, 10.41, 9.24, 7.406, 5.145, 2.941, 0.9683, -0.6167, -1.75, -2.502, -2.904, -3.04, -2.951, -2.783, -2.621, -2.533, -2.594, -2.867, -3.322, -4.008, -4.957, -6.12, -7.395, -8.734, -10.07, -11.29, -12.31, -13.1, -13.625, -13.81, -13.68, -13.02, -11.8, -9.97, -7.82, -5.89, -4.68, -4.375, -4.97, -6.29, -8.03, -10.09, -12.26, -14.375, -16.38, -18.25, -19.95, -21.38, -22.67, -23.66, -24.45, -24.94, -25.2, -25.08, -24.53, -23.19, -20.84, -17.38, -13.13, -8.69, -4.92, -2.234, -0.6377, 0.2025, 0.6406, 0.895, 0.899, 0.577, 0.011765, -0.6753, -1.398, -2.105, -2.75, -3.363, -3.877, -4.277, -4.54, -4.676, -4.65, -4.54, -4.297, -3.953, -3.6, -3.29, -3.098, -3.098, -3.293, -3.66, -4.164, -4.754, -5.25, -5.64, -5.91, -6.04, -6.01, -5.855, -5.59, -5.227, -4.785, -4.258, -3.715, -3.24, -2.797, -2.46, -2.273, -2.225, -2.295, -2.477, -2.762, -3.146, -3.568, -4.04, -4.48, -4.89, -5.21, -5.332, -5.195, -4.723, -3.928, -2.791, -1.538, -0.413, 0.2913, 0.2893, -0.338, -1.338, -2.32, -2.889, -2.658, -1.68, -0.4116, 0.6226, 1.346, 2.008
6.79, 7.723, 8.03, 7.562, 6.367, 4.426, 1.851, -0.982, -3.79, -6.227, -8.11, -9.37, -10.04, -10.33, -10.305, -10.195, -10.08, -9.81, -9.22, -8.016, -5.934, -3.088, 0.2028, 3.398, 6.133, 8.32, 9.59, 9.74, 8.59, 6.28, 3.19, -0.1915, -3.447, -6.137, -8.12, -9.266, -9.65, -9.3, -8.33, -6.87, -5.19, -3.46, -1.778, -0.2103, 1.197, 2.324, 3.043, 3.252, 2.928, 2.082, 0.8755, -0.4858, -1.9, -3.26, -4.42, -5.176, -5.46, -5.098, -3.97, -2.086, 0.4226, 3.352, 6.344, 9.12, 11.516, 13.27, 14.08, 13.72, 12.11, 9.78, 7.027, 4.355, 2.02, 0.1603, -1.205, -2.125, -2.686, -2.91, -2.928, -2.852, -2.74, -2.703, -2.822, -3.152, -3.695, -4.45, -5.453, -6.68, -8.05, -9.41, -10.77, -11.97, -12.92, -13.57, -13.84, -13.734, -13.21, -12.125, -10.234, -7.72, -5.07, -2.957, -1.911, -2.06, -3.172, -4.992, -7.2, -9.64, -12.1, -14.484, -16.72, -18.77, -20.56, -22.14, -23.4, -24.45, -25.2, -25.64, -25.9, -25.88, -25.55, -24.66, -22.81, -19.7, -15.37, -10.32, -5.49, -1.674, 0.8486, 2.227, 2.93, 3.3, 3.432, 3.24, 2.707, 2.082, 1.389, 0.6167, -0.1261, -0.8696, -1.574, -2.215, -2.709, -3.1, -3.352, -3.408, -3.291, -3.047, -2.688, -2.33, -2.023, -1.869, -1.898, -2.13, -2.53, -3.04, -3.518, -3.908, -4.188, -4.316, -4.26, -4.03, -3.701, -3.303, -2.799, -2.264, -1.764, -1.354, -1.032, -0.8667, -0.8584, -1.006, -1.259, -1.598, -2.037, -2.512, -3.031, -3.576, -4.07, -4.5, -4.754, -4.723, -4.344, -3.592, -2.453, -0.9717, 0.587, 1.842, 2.48, 2.334, 1.524, 0.3655, -0.713, -1.3125, -1.045, 0.08563, 1.676, 3.207, 4.46, 5.645
10.7, 11.875, 12.29, 11.85, 10.54, 8.34, 5.387, 2.06, -1.276, -4.227, -6.547, -8.07, -8.88, -9.15, -9.07, -8.88, -8.72, -8.555, -8.22, -7.36, -5.61, -2.895, 0.582, 4.27, 7.613, 10.21, 11.836, 12.3, 11.29, 8.97, 5.676, 1.965, -1.687, -4.836, -7.246, -8.83, -9.54, -9.48, -8.71, -7.414, -5.76, -3.959, -2.17, -0.491, 0.948, 1.994, 2.58, 2.63, 2.129, 1.153, -0.133, -1.59, -3.14, -4.65, -5.992, -6.91, -7.246, -6.816, -5.484, -3.178, -0.06995, 3.63, 7.496, 11.055, 13.97, 16.02, 16.84, 16.25, 14.32, 11.54, 8.44, 5.39, 2.76, 0.6816, -0.8735, -1.966, -2.662, -3.016, -3.172, -3.2, -3.195, -3.246, -3.434, -3.814, -4.387, -5.176, -6.2, -7.406, -8.78, -10.13, -11.414, -12.555, -13.34, -13.79, -13.78, -13.32, -12.27, -10.49, -7.9, -4.78, -1.861, 0.1399, 0.8037, 0.1578, -1.445, -3.674, -6.27, -9.016, -11.75, -14.336, -16.78, -18.94, -20.84, -22.48, -23.84, -24.84, -25.53, -25.9, -26.11, -26.06, -25.81, -25.16, -23.73, -21.22, -17.17, -11.99, -6.473, -1.617, 1.896, 3.947, 5.08, 5.707, 6.047, 6.082, 5.8, 5.438, 4.883, 4.234, 3.488, 2.66, 1.742, 0.8438, -0.04407, -0.8022, -1.457, -1.89, -2.1, -2.111, -1.917, -1.586, -1.232, -0.936, -0.747, -0.738, -0.9297, -1.271, -1.679, -2.016, -2.238, -2.326, -2.264, -2.041, -1.74, -1.372, -0.9023, -0.4502, -0.08386, 0.1925, 0.3306, 0.3115, 0.1442, -0.1758, -0.5728, -1.021, -1.543, -2.092, -2.656, -3.219, -3.738, -4.137, -4.31, -4.137, -3.537, -2.504, -1.064, 0.651, 2.361, 3.621, 4.14, 3.875, 2.973, 1.8, 0.7207, 0.1743, 0.5127, 1.79, 3.707, 5.72, 7.54, 9.2
14.35, 15.76, 16.36, 16.05, 14.625, 12.26, 8.99, 5.25, 1.408, -2.043, -4.785, -6.645, -7.67, -8.01, -7.887, -7.63, -7.39, -7.242, -7.01, -6.445, -5.105, -2.752, 0.606, 4.527, 8.36, 11.445, 13.56, 14.44, 13.8, 11.69, 8.3, 4.37, 0.4055, -3.115, -5.94, -7.95, -9.05, -9.33, -8.86, -7.848, -6.41, -4.758, -3.05, -1.423, -0.0694, 0.8857, 1.369, 1.329, 0.784, -0.1636, -1.441, -2.959, -4.652, -6.344, -7.89, -8.99, -9.375, -8.89, -7.31, -4.617, -0.922, 3.486, 8.125, 12.43, 15.93, 18.23, 19.05, 18.25, 16.03, 12.9, 9.54, 6.273, 3.477, 1.176, -0.577, -1.826, -2.664, -3.184, -3.523, -3.715, -3.824, -3.977, -4.254, -4.688, -5.285, -6.082, -7.09, -8.305, -9.64, -10.914, -12.1, -13.11, -13.8, -14.05, -13.73, -12.805, -11.2, -8.78, -5.555, -1.958, 1.106, 2.904, 3.188, 2.145, 0.2156, -2.34, -5.25, -8.266, -11.22, -14.016, -16.58, -18.83, -20.88, -22.58, -23.92, -24.9, -25.52, -25.9, -25.98, -25.83, -25.53, -25.0, -23.89, -21.8, -18.31, -13.4, -7.625, -2.016, 2.422, 5.348, 7.062, 8.06, 8.766, 9.21, 9.38, 9.32, 9.1, 8.7, 8.055, 7.25, 6.215, 5.016, 3.713, 2.477, 1.318, 0.3416, -0.4365, -0.892, -1.059, -0.929, -0.618, -0.2603, 0.11383, 0.3774, 0.435, 0.372, 0.1824, -0.03864, -0.1597, -0.2042, -0.178, -0.05173, 0.1771, 0.4539, 0.7705, 1.047, 1.241, 1.342, 1.297, 1.098, 0.772, 0.3325, -0.1517, -0.679, -1.241, -1.824, -2.406, -2.982, -3.48, -3.844, -3.947, -3.639, -2.875, -1.628, 0.01322, 1.86, 3.594, 4.8, 5.242, 4.95, 4.09, 3.023, 2.04, 1.542, 1.916, 3.34, 5.516, 7.953, 10.31, 12.46
17.36, 19.1, 19.95, 19.75, 18.39, 15.93, 12.47, 8.375, 4.125, 0.1935, -2.984, -5.195, -6.477, -6.984, -6.93, -6.605, -6.28, -6.016, -5.785, -5.402, -4.484, -2.61, 0.3838, 4.25, 8.33, 11.97, 14.72, 16.12, 15.94, 14.16, 10.92, 6.96, 2.777, -1.068, -4.242, -6.637, -8.19, -8.82, -8.695, -7.99, -6.89, -5.51, -4.008, -2.58, -1.372, -0.522, -0.086, -0.1439, -0.624, -1.499, -2.8, -4.453, -6.33, -8.25, -9.98, -11.17, -11.57, -10.92, -9.12, -6.035, -1.834, 3.2, 8.516, 13.46, 17.5, 20.06, 20.92, 19.95, 17.53, 14.27, 10.76, 7.348, 4.35, 1.807, -0.2054, -1.649, -2.678, -3.39, -3.873, -4.227, -4.51, -4.805, -5.188, -5.68, -6.33, -7.16, -8.18, -9.32, -10.54, -11.74, -12.84, -13.76, -14.31, -14.336, -13.82, -12.5, -10.41, -7.434, -3.72, 0.1721, 3.357, 5.043, 5.14, 3.885, 1.717, -1.058, -4.195, -7.42, -10.58, -13.55, -16.25, -18.66, -20.7, -22.45, -23.8, -24.8, -25.44, -25.69, -25.62, -25.39, -24.97, -24.39, -23.45, -21.77, -18.83, -14.41, -8.766, -2.701, 2.582, 6.406, 8.836, 10.375, 11.53, 12.555, 13.3, 13.76, 14.02, 13.96, 13.6, 12.87, 11.75, 10.34, 8.65, 6.895, 5.14, 3.516, 2.037, 0.928, 0.2133, -0.127, -0.05368, 0.2168, 0.653, 1.144, 1.4795, 1.708, 1.826, 1.833, 1.809, 1.781, 1.772, 1.805, 1.894, 2.016, 2.146, 2.225, 2.207, 2.121, 1.8955, 1.54, 1.099, 0.5977, 0.0522, -0.542, -1.133, -1.708, -2.273, -2.85, -3.344, -3.646, -3.684, -3.287, -2.451, -1.118, 0.626, 2.521, 4.215, 5.363, 5.8, 5.59, 4.92, 4.047, 3.217, 2.775, 3.12, 4.555, 6.918, 9.7, 12.5, 15.1
19.7, 21.73, 22.88, 22.86, 21.56, 19.08, 15.49, 11.15, 6.613, 2.318, -1.227, -3.828, -5.414, -6.133, -6.164, -5.867, -5.44, -5.07, -4.785, -4.465, -3.82, -2.418, 0.07544, 3.61, 7.74, 11.82, 15.13, 17.23, 17.7, 16.42, 13.54, 9.664, 5.434, 1.372, -2.135, -4.94, -6.887, -7.945, -8.2, -7.84, -7.043, -5.95, -4.72, -3.549, -2.53, -1.802, -1.397, -1.399, -1.81, -2.682, -4.08, -5.883, -7.973, -10.11, -11.91, -13.125, -13.484, -12.68, -10.625, -7.18, -2.535, 2.988, 8.88, 14.46, 18.9, 21.73, 22.58, 21.53, 19.14, 15.89, 12.36, 8.8, 5.508, 2.629, 0.2798, -1.448, -2.676, -3.572, -4.223, -4.72, -5.176, -5.652, -6.16, -6.74, -7.457, -8.33, -9.3, -10.414, -11.555, -12.64, -13.664, -14.48, -14.88, -14.805, -14.06, -12.516, -10.12, -6.79, -2.727, 1.338, 4.637, 6.418, 6.54, 5.273, 2.996, 0.05164, -3.25, -6.676, -9.984, -13.08, -15.87, -18.3, -20.39, -22.17, -23.6, -24.61, -25.2, -25.38, -25.25, -24.86, -24.28, -23.58, -22.69, -21.25, -18.8, -14.945, -9.625, -3.516, 2.387, 7.07, 10.305, 12.51, 14.3, 15.92, 17.34, 18.55, 19.3, 19.8, 19.81, 19.27, 18.1, 16.61, 14.62, 12.33, 9.99, 7.656, 5.406, 3.555, 2.135, 1.161, 0.729, 0.6904, 1.011, 1.594, 2.213, 2.719, 3.111, 3.36, 3.5, 3.531, 3.486, 3.432, 3.37, 3.295, 3.207, 3.084, 2.89, 2.617, 2.23, 1.743, 1.209, 0.642, 0.0686, -0.5366, -1.122, -1.681, -2.236, -2.8, -3.281, -3.55, -3.527, -3.102, -2.252, -0.922, 0.789, 2.633, 4.285, 5.438, 5.938, 5.914, 5.5, 4.88, 4.2, 3.816, 4.117, 5.47, 7.855, 10.86, 14.04, 17.06
21.12, 23.52, 24.89, 25.11, 23.95, 21.5, 17.9, 13.48, 8.72, 4.17, 0.3047, -2.582, -4.438, -5.375, -5.562, -5.297, -4.85, -4.39, -4.027, -3.717, -3.213, -2.14, -0.1874, 2.854, 6.78, 11.01, 14.85, 17.61, 18.86, 18.31, 15.95, 12.41, 8.266, 4.11, 0.341, -2.861, -5.21, -6.72, -7.375, -7.336, -6.83, -6.05, -5.066, -4.117, -3.277, -2.64, -2.28, -2.307, -2.754, -3.72, -5.242, -7.23, -9.445, -11.555, -13.35, -14.47, -14.71, -13.766, -11.49, -7.773, -2.736, 3.2, 9.61, 15.55, 20.33, 23.33, 24.2, 23.23, 20.98, 17.94, 14.43, 10.67, 6.938, 3.64, 0.8867, -1.162, -2.67, -3.756, -4.547, -5.21, -5.812, -6.47, -7.125, -7.805, -8.57, -9.47, -10.44, -11.484, -12.59, -13.625, -14.555, -15.29, -15.63, -15.47, -14.64, -12.99, -10.47, -6.99, -2.86, 1.391, 4.9, 6.887, 7.23, 6.133, 3.91, 0.9526, -2.436, -5.945, -9.414, -12.6, -15.44, -17.98, -20.11, -21.89, -23.3, -24.3, -24.89, -25.08, -24.86, -24.34, -23.6, -22.7, -21.72, -20.38, -18.28, -15.02, -10.266, -4.367, 1.829, 7.31, 11.45, 14.43, 16.83, 19.12, 21.27, 23.23, 24.62, 25.75, 26.05, 25.89, 24.88, 23.36, 21.14, 18.52, 15.6, 12.59, 9.586, 6.93, 4.684, 2.959, 1.902, 1.389, 1.408, 1.862, 2.574, 3.328, 3.986, 4.465, 4.773, 4.902, 4.855, 4.703, 4.492, 4.246, 3.959, 3.64, 3.299, 2.861, 2.334, 1.757, 1.169, 0.5703, -0.00234, -0.588, -1.142, -1.695, -2.254, -2.812, -3.271, -3.516, -3.475, -3.072, -2.236, -0.9785, 0.6533, 2.414, 4.01, 5.2, 5.824, 6.016, 5.855, 5.484, 5.023, 4.67, 4.87, 6.008, 8.24, 11.32, 14.75, 18.11
21.55, 24.36, 26.08, 26.47, 25.52, 23.17, 19.6, 15.15, 10.266, 5.59, 1.576, -1.506, -3.613, -4.754, -5.09, -4.89, -4.445, -3.951, -3.521, -3.17, -2.717, -1.902, -0.4172, 2.094, 5.61, 9.78, 13.93, 17.44, 19.52, 19.81, 18.14, 15.09, 11.266, 7.14, 3.2, -0.2903, -3.088, -5.05, -6.203, -6.58, -6.43, -5.92, -5.184, -4.402, -3.67, -3.107, -2.816, -2.936, -3.496, -4.605, -6.266, -8.31, -10.43, -12.4, -13.96, -14.9, -14.984, -13.89, -11.46, -7.508, -2.232, 3.994, 10.7, 16.92, 21.98, 25.05, 26.0, 25.23, 23.22, 20.47, 16.92, 12.88, 8.7, 4.918, 1.699, -0.7627, -2.572, -3.84, -4.79, -5.62, -6.37, -7.18, -7.98, -8.805, -9.66, -10.59, -11.56, -12.61, -13.64, -14.63, -15.49, -16.19, -16.52, -16.34, -15.52, -13.86, -11.36, -7.934, -3.846, 0.443, 4.105, 6.45, 7.156, 6.414, 4.418, 1.555, -1.809, -5.363, -8.86, -12.14, -14.99, -17.58, -19.75, -21.56, -22.97, -24.02, -24.62, -24.77, -24.5, -23.9, -22.98, -21.94, -20.81, -19.45, -17.56, -14.805, -10.6, -5.203, 0.9956, 7.047, 12.04, 15.875, 18.98, 21.94, 24.83, 27.52, 29.61, 31.23, 32.12, 32.28, 31.5, 30.08, 27.83, 24.97, 21.66, 18.0, 14.33, 10.91, 7.867, 5.36, 3.521, 2.39, 1.95, 2.111, 2.691, 3.525, 4.36, 5.055, 5.5, 5.746, 5.715, 5.523, 5.223, 4.84, 4.42, 3.945, 3.457, 2.906, 2.277, 1.647, 1.034, 0.4526, -0.09534, -0.6426, -1.185, -1.744, -2.299, -2.84, -3.295, -3.541, -3.514, -3.137, -2.346, -1.157, 0.3503, 1.981, 3.537, 4.78, 5.574, 5.96, 6.03, 5.88, 5.586, 5.297, 5.38, 6.273, 8.234, 11.09, 14.586, 18.23
21.03, 24.17, 26.14, 26.78, 26.06, 23.89, 20.45, 16.05, 11.234, 6.574, 2.52, -0.6914, -2.932, -4.215, -4.676, -4.562, -4.16, -3.672, -3.238, -2.824, -2.39, -1.74, -0.5854, 1.448, 4.42, 8.3, 12.59, 16.61, 19.52, 20.81, 20.03, 17.69, 14.26, 10.37, 6.38, 2.672, -0.523, -3.018, -4.688, -5.56, -5.824, -5.598, -5.1, -4.492, -3.9, -3.447, -3.27, -3.475, -4.168, -5.367, -7.047, -8.93, -10.76, -12.375, -13.625, -14.35, -14.24, -13.055, -10.5, -6.45, -1.0, 5.426, 12.3, 18.69, 23.77, 26.88, 27.97, 27.5, 25.97, 23.27, 19.73, 15.4, 10.805, 6.49, 2.756, -0.1925, -2.357, -3.834, -4.953, -5.92, -6.82, -7.754, -8.7, -9.66, -10.61, -11.59, -12.66, -13.71, -14.73, -15.72, -16.58, -17.23, -17.61, -17.44, -16.64, -15.06, -12.66, -9.44, -5.504, -1.263, 2.557, 5.234, 6.414, 6.133, 4.547, 1.948, -1.296, -4.88, -8.42, -11.695, -14.52, -17.16, -19.34, -21.23, -22.7, -23.73, -24.4, -24.53, -24.22, -23.58, -22.6, -21.39, -20.12, -18.66, -16.84, -14.4, -10.83, -5.973, 0.000351, 6.336, 12.09, 16.75, 20.56, 24.17, 27.66, 30.95, 33.78, 35.97, 37.28, 37.75, 37.3, 36.1, 33.97, 31.06, 27.61, 23.56, 19.3, 15.16, 11.35, 8.15, 5.61, 3.79, 2.754, 2.463, 2.76, 3.518, 4.383, 5.17, 5.766, 6.11, 6.133, 5.94, 5.613, 5.152, 4.652, 4.07, 3.457, 2.805, 2.115, 1.447, 0.845, 0.305, -0.2095, -0.7124, -1.229, -1.789, -2.352, -2.89, -3.355, -3.629, -3.629, -3.283, -2.525, -1.414, -0.03162, 1.507, 3.01, 4.29, 5.24, 5.8, 6.04, 6.08, 5.93, 5.73, 5.723, 6.32, 7.836, 10.36, 13.695, 17.44
19.64, 22.95, 25.23, 26.19, 25.66, 23.67, 20.42, 16.19, 11.55, 7.082, 3.096, -0.1075, -2.406, -3.797, -4.35, -4.316, -3.953, -3.477, -3.033, -2.65, -2.238, -1.684, -0.746, 0.8574, 3.324, 6.773, 10.97, 15.33, 18.97, 21.22, 21.53, 20.05, 17.23, 13.71, 9.79, 5.973, 2.445, -0.506, -2.746, -4.195, -4.965, -5.152, -4.945, -4.555, -4.13, -3.81, -3.727, -4.016, -4.75, -5.906, -7.4, -8.99, -10.42, -11.586, -12.45, -12.89, -12.64, -11.32, -8.65, -4.535, 0.9355, 7.48, 14.35, 20.77, 25.78, 28.81, 30.12, 30.02, 28.81, 26.3, 22.64, 18.06, 13.1, 8.26, 3.998, 0.5566, -2.016, -3.758, -5.02, -6.105, -7.14, -8.18, -9.26, -10.36, -11.445, -12.58, -13.67, -14.766, -15.836, -16.86, -17.77, -18.45, -18.78, -18.67, -17.89, -16.45, -14.16, -11.16, -7.42, -3.318, 0.5664, 3.568, 5.234, 5.473, 4.355, 2.121, -0.9673, -4.508, -8.01, -11.26, -14.164, -16.72, -18.97, -20.88, -22.4, -23.53, -24.2, -24.36, -24.08, -23.4, -22.4, -21.06, -19.58, -18.02, -16.25, -14.01, -10.94, -6.645, -1.121, 5.195, 11.43, 16.88, 21.5, 25.64, 29.56, 33.34, 36.72, 39.38, 41.1, 41.88, 41.88, 40.88, 39.03, 36.38, 32.88, 28.66, 24.11, 19.45, 15.04, 11.14, 8.03, 5.547, 3.857, 3.043, 2.96, 3.457, 4.254, 5.07, 5.73, 6.11, 6.22, 6.062, 5.754, 5.293, 4.74, 4.07, 3.375, 2.662, 1.935, 1.25, 0.668, 0.164, -0.2976, -0.7534, -1.249, -1.793, -2.365, -2.93, -3.416, -3.73, -3.76, -3.436, -2.742, -1.718, -0.422, 1.043, 2.525, 3.84, 4.9, 5.61, 6.016, 6.145, 6.086, 5.92, 5.848, 6.176, 7.26, 9.305, 12.29, 15.89
17.52, 20.95, 23.42, 24.6, 24.28, 22.56, 19.53, 15.6, 11.3, 7.04, 3.275, 0.2084, -2.07, -3.457, -4.07, -4.117, -3.793, -3.324, -2.896, -2.555, -2.186, -1.708, -0.9604, 0.3127, 2.324, 5.36, 9.28, 13.75, 18.0, 21.19, 22.61, 22.16, 20.08, 17.1, 13.47, 9.6, 5.777, 2.45, -0.3364, -2.416, -3.783, -4.477, -4.66, -4.58, -4.38, -4.207, -4.18, -4.477, -5.12, -6.086, -7.266, -8.445, -9.41, -10.125, -10.64, -10.78, -10.34, -8.87, -6.094, -1.928, 3.59, 10.09, 16.83, 23.1, 27.88, 30.89, 32.3, 32.5, 31.48, 29.08, 25.28, 20.56, 15.31, 10.086, 5.277, 1.363, -1.583, -3.607, -5.0, -6.168, -7.312, -8.45, -9.71, -10.984, -12.21, -13.45, -14.66, -15.81, -16.95, -18.02, -18.94, -19.67, -20.05, -19.95, -19.22, -17.88, -15.7, -12.87, -9.336, -5.38, -1.448, 1.798, 3.936, 4.7, 4.062, 2.15, -0.7656, -4.22, -7.68, -10.92, -13.805, -16.36, -18.61, -20.55, -22.11, -23.27, -23.97, -24.22, -24.05, -23.36, -22.3, -20.95, -19.38, -17.64, -15.836, -13.74, -11.09, -7.38, -2.43, 3.629, 10.1, 16.28, 21.58, 26.22, 30.48, 34.62, 38.38, 41.4, 43.56, 44.7, 44.9, 44.3, 42.7, 40.38, 37.2, 33.06, 28.28, 23.27, 18.52, 14.19, 10.52, 7.53, 5.33, 3.943, 3.436, 3.588, 4.176, 4.91, 5.562, 5.957, 6.133, 6.043, 5.754, 5.32, 4.746, 4.04, 3.297, 2.572, 1.838, 1.178, 0.617, 0.1497, -0.2546, -0.697, -1.209, -1.77, -2.367, -2.96, -3.486, -3.83, -3.887, -3.596, -2.957, -1.982, -0.756, 0.659, 2.129, 3.494, 4.62, 5.426, 5.918, 6.145, 6.133, 5.96, 5.824, 5.95, 6.613, 8.086, 10.555, 13.88
15.055, 18.38, 20.88, 22.2, 22.12, 20.69, 17.97, 14.42, 10.49, 6.652, 3.205, 0.322, -1.865, -3.227, -3.844, -3.916, -3.627, -3.203, -2.795, -2.486, -2.182, -1.829, -1.261, -0.2393, 1.428, 4.055, 7.676, 12.03, 16.67, 20.67, 23.22, 23.83, 22.75, 20.39, 17.11, 13.39, 9.46, 5.746, 2.475, -0.1741, -2.176, -3.45, -4.113, -4.38, -4.434, -4.402, -4.44, -4.703, -5.188, -5.89, -6.688, -7.39, -7.88, -8.19, -8.36, -8.234, -7.582, -5.926, -3.014, 1.213, 6.695, 12.99, 19.5, 25.36, 29.84, 32.78, 34.22, 34.66, 33.75, 31.36, 27.61, 22.73, 17.25, 11.664, 6.473, 2.135, -1.148, -3.385, -4.902, -6.16, -7.395, -8.664, -10.07, -11.48, -12.87, -14.234, -15.55, -16.83, -18.05, -19.19, -20.17, -20.89, -21.23, -21.11, -20.45, -19.11, -17.06, -14.3, -10.98, -7.156, -3.25, 0.2156, 2.771, 4.008, 3.764, 2.113, -0.645, -4.02, -7.45, -10.64, -13.49, -16.02, -18.23, -20.17, -21.81, -23.0, -23.86, -24.19, -24.05, -23.42, -22.39, -21.03, -19.38, -17.5, -15.66, -13.61, -11.25, -8.09, -3.814, 1.671, 8.1, 14.61, 20.61, 25.8, 30.48, 34.8, 38.66, 42.03, 44.34, 45.9, 46.44, 46.1, 44.97, 43.03, 40.06, 36.2, 31.6, 26.5, 21.47, 16.95, 12.984, 9.64, 7.04, 5.223, 4.285, 4.094, 4.367, 4.918, 5.46, 5.875, 6.086, 6.07, 5.81, 5.387, 4.81, 4.09, 3.322, 2.6, 1.89, 1.27, 0.7417, 0.2913, -0.0996, -0.555, -1.109, -1.707, -2.344, -2.96, -3.51, -3.904, -4.008, -3.768, -3.176, -2.246, -1.03, 0.3755, 1.871, 3.283, 4.465, 5.32, 5.836, 6.055, 6.043, 5.867, 5.664, 5.63, 5.965, 6.953, 8.86, 11.67
12.53, 15.54, 17.92, 19.31, 19.4, 18.16, 15.87, 12.75, 9.33, 5.938, 2.846, 0.2266, -1.767, -3.03, -3.627, -3.723, -3.504, -3.127, -2.736, -2.434, -2.191, -1.969, -1.594, -0.84, 0.5586, 2.873, 6.137, 10.414, 15.3, 19.9, 23.44, 25.2, 25.14, 23.53, 20.78, 17.25, 13.32, 9.32, 5.625, 2.47, -0.1044, -1.984, -3.193, -3.88, -4.188, -4.31, -4.395, -4.58, -4.92, -5.363, -5.742, -5.965, -5.992, -5.902, -5.773, -5.395, -4.47, -2.605, 0.4138, 4.64, 9.95, 16.05, 22.14, 27.53, 31.62, 34.3, 35.94, 36.3, 35.4, 33.0, 29.17, 24.25, 18.66, 12.875, 7.44, 2.807, -0.7725, -3.19, -4.836, -6.13, -7.434, -8.81, -10.336, -11.914, -13.45, -14.97, -16.44, -17.84, -19.16, -20.36, -21.34, -22.06, -22.39, -22.27, -21.48, -20.14, -18.1, -15.41, -12.16, -8.4, -4.484, -0.856, 2.016, 3.582, 3.582, 2.072, -0.568, -3.898, -7.28, -10.39, -13.234, -15.73, -17.9, -19.88, -21.53, -22.84, -23.7, -24.19, -24.1, -23.62, -22.62, -21.23, -19.56, -17.67, -15.69, -13.625, -11.414, -8.734, -5.152, -0.36, 5.59, 12.125, 18.66, 24.5, 29.58, 34.1, 38.0, 41.44, 44.06, 45.8, 46.72, 46.78, 45.94, 44.25, 41.7, 38.12, 33.75, 28.78, 23.8, 19.17, 15.164, 11.76, 8.95, 6.855, 5.54, 5.008, 4.992, 5.33, 5.75, 6.11, 6.31, 6.3, 6.06, 5.62, 5.035, 4.32, 3.549, 2.824, 2.14, 1.556, 1.05, 0.5894, 0.152, -0.339, -0.9346, -1.579, -2.271, -2.934, -3.523, -3.957, -4.1, -3.922, -3.375, -2.47, -1.245, 0.2006, 1.743, 3.197, 4.42, 5.31, 5.793, 5.96, 5.883, 5.66, 5.414, 5.285, 5.387, 5.957, 7.312, 9.625
10.21, 12.81, 14.93, 16.22, 16.4, 15.39, 13.484, 10.93, 8.04, 5.11, 2.36, -0.00336, -1.803, -2.947, -3.506, -3.605, -3.395, -3.03, -2.67, -2.404, -2.24, -2.148, -1.948, -1.424, -0.2998, 1.73, 4.727, 8.81, 13.76, 18.8, 23.2, 26.02, 27.03, 26.33, 24.17, 21.0, 17.16, 13.06, 8.98, 5.36, 2.275, -0.173, -1.905, -3.03, -3.643, -3.95, -4.09, -4.215, -4.383, -4.57, -4.59, -4.395, -3.986, -3.535, -3.018, -2.38, -1.175, 0.909, 4.035, 8.21, 13.32, 18.89, 24.47, 29.31, 33.0, 35.4, 36.9, 37.22, 36.28, 33.84, 29.95, 25.05, 19.45, 13.58, 8.01, 3.19, -0.524, -3.06, -4.79, -6.098, -7.434, -8.92, -10.57, -12.305, -14.0, -15.68, -17.25, -18.77, -20.2, -21.44, -22.45, -23.12, -23.4, -23.17, -22.31, -20.86, -18.77, -16.08, -12.8, -9.07, -5.117, -1.336, 1.659, 3.389, 3.535, 2.062, -0.577, -3.807, -7.14, -10.234, -12.98, -15.414, -17.56, -19.53, -21.25, -22.58, -23.56, -24.17, -24.27, -23.81, -22.95, -21.6, -19.94, -17.98, -15.92, -13.83, -11.69, -9.34, -6.36, -2.395, 2.84, 9.016, 15.61, 21.94, 27.58, 32.44, 36.6, 40.06, 42.9, 44.8, 45.94, 46.25, 45.62, 44.2, 41.9, 38.72, 34.62, 30.05, 25.31, 20.92, 17.03, 13.71, 10.914, 8.7, 7.156, 6.383, 6.098, 6.227, 6.516, 6.766, 6.883, 6.83, 6.535, 6.086, 5.484, 4.78, 4.04, 3.318, 2.66, 2.072, 1.539, 1.032, 0.5264, -0.02481, -0.6743, -1.39, -2.154, -2.9, -3.543, -4.004, -4.19, -4.05, -3.516, -2.615, -1.363, 0.1256, 1.729, 3.225, 4.46, 5.348, 5.797, 5.87, 5.695, 5.395, 5.074, 4.863, 4.848, 5.168, 6.086, 7.832
8.32, 10.41, 12.16, 13.23, 13.39, 12.68, 11.15, 9.11, 6.72, 4.19, 1.785, -0.312, -1.919, -2.922, -3.408, -3.5, -3.297, -2.941, -2.604, -2.377, -2.28, -2.309, -2.328, -2.064, -1.182, 0.6064, 3.398, 7.32, 12.195, 17.58, 22.62, 26.42, 28.5, 28.69, 27.27, 24.56, 20.89, 16.73, 12.47, 8.41, 4.87, 1.902, -0.3284, -1.859, -2.8, -3.338, -3.58, -3.67, -3.701, -3.617, -3.346, -2.787, -2.008, -1.188, -0.3428, 0.6426, 2.104, 4.336, 7.47, 11.5, 16.23, 21.39, 26.3, 30.52, 33.72, 35.94, 37.2, 37.4, 36.22, 33.72, 29.92, 25.02, 19.45, 13.625, 8.06, 3.242, -0.4707, -3.023, -4.74, -6.1, -7.453, -9.01, -10.8, -12.62, -14.5, -16.34, -18.08, -19.69, -21.16, -22.45, -23.44, -24.12, -24.23, -23.9, -22.84, -21.23, -19.05, -16.22, -12.89, -9.09, -5.156, -1.349, 1.712, 3.45, 3.553, 2.033, -0.629, -3.826, -7.06, -10.06, -12.74, -15.164, -17.3, -19.2, -20.92, -22.34, -23.5, -24.17, -24.36, -24.1, -23.31, -22.1, -20.42, -18.5, -16.39, -14.2, -12.08, -9.85, -7.293, -4.105, 0.1448, 5.582, 11.805, 18.25, 24.3, 29.5, 34.03, 37.78, 40.72, 42.8, 44.1, 44.53, 44.16, 42.84, 40.72, 37.84, 34.22, 30.19, 25.9, 21.94, 18.47, 15.46, 12.836, 10.64, 9.05, 8.15, 7.652, 7.574, 7.69, 7.812, 7.824, 7.684, 7.332, 6.83, 6.23, 5.54, 4.832, 4.117, 3.441, 2.816, 2.217, 1.594, 0.9683, 0.3337, -0.4065, -1.224, -2.055, -2.863, -3.566, -4.05, -4.254, -4.12, -3.61, -2.674, -1.375, 0.161, 1.819, 3.354, 4.605, 5.45, 5.824, 5.793, 5.508, 5.098, 4.727, 4.47, 4.37, 4.55, 5.168, 6.45
6.793, 8.34, 9.7, 10.54, 10.73, 10.21, 9.07, 7.49, 5.484, 3.32, 1.199, -0.656, -2.055, -2.932, -3.367, -3.434, -3.215, -2.87, -2.533, -2.322, -2.293, -2.457, -2.688, -2.68, -2.076, -0.546, 2.053, 5.793, 10.6, 16.12, 21.69, 26.31, 29.33, 30.47, 29.83, 27.61, 24.27, 20.17, 15.81, 11.46, 7.516, 4.13, 1.447, -0.4998, -1.759, -2.52, -2.902, -3.035, -2.955, -2.664, -2.145, -1.328, -0.2242, 0.9536, 2.115, 3.44, 5.12, 7.477, 10.54, 14.32, 18.67, 23.17, 27.45, 31.05, 33.84, 35.7, 36.62, 36.47, 35.16, 32.6, 28.8, 24.02, 18.6, 12.98, 7.566, 2.924, -0.655, -3.117, -4.797, -6.133, -7.49, -9.125, -11.04, -13.01, -15.01, -16.98, -18.84, -20.55, -22.11, -23.4, -24.39, -24.86, -24.89, -24.34, -23.12, -21.27, -18.84, -15.914, -12.5, -8.66, -4.67, -0.8853, 2.078, 3.664, 3.578, 1.912, -0.781, -3.926, -7.07, -9.98, -12.555, -14.88, -16.95, -18.88, -20.66, -22.12, -23.36, -24.12, -24.48, -24.38, -23.73, -22.58, -21.02, -19.12, -16.95, -14.734, -12.53, -10.31, -8.06, -5.45, -2.078, 2.357, 7.73, 13.72, 19.78, 25.27, 30.16, 34.1, 37.25, 39.5, 40.84, 41.28, 41.06, 39.88, 38.0, 35.62, 32.56, 29.14, 25.61, 22.34, 19.47, 16.95, 14.625, 12.625, 11.11, 10.13, 9.586, 9.4, 9.33, 9.25, 9.13, 8.875, 8.484, 7.938, 7.324, 6.637, 5.906, 5.168, 4.426, 3.703, 2.98, 2.22, 1.426, 0.634, -0.2186, -1.128, -2.033, -2.875, -3.598, -4.1, -4.32, -4.188, -3.643, -2.672, -1.329, 0.2732, 1.982, 3.564, 4.82, 5.637, 5.902, 5.754, 5.35, 4.82, 4.367, 4.09, 3.96, 4.055, 4.504, 5.42
5.645, 6.76, 7.754, 8.41, 8.59, 8.234, 7.406, 6.074, 4.363, 2.47, 0.606, -1.012, -2.215, -2.984, -3.35, -3.365, -3.133, -2.79, -2.469, -2.271, -2.271, -2.553, -2.979, -3.238, -2.94, -1.7, 0.695, 4.28, 9.02, 14.6, 20.47, 25.7, 29.61, 31.6, 31.77, 30.11, 27.16, 23.22, 18.88, 14.39, 10.13, 6.383, 3.326, 1.007, -0.612, -1.619, -2.158, -2.355, -2.234, -1.83, -1.13, -0.1187, 1.214, 2.676, 4.184, 5.797, 7.64, 10.0, 12.96, 16.47, 20.27, 24.17, 27.77, 30.83, 33.06, 34.56, 35.1, 34.72, 33.25, 30.6, 26.88, 22.23, 17.06, 11.68, 6.594, 2.238, -1.051, -3.307, -4.855, -6.168, -7.574, -9.305, -11.3, -13.43, -15.57, -17.6, -19.58, -21.42, -22.98, -24.28, -25.19, -25.56, -25.31, -24.53, -23.02, -20.9, -18.31, -15.195, -11.695, -7.816, -3.861, -0.1741, 2.578, 3.852, 3.531, 1.767, -0.9673, -4.08, -7.13, -9.91, -12.38, -14.57, -16.66, -18.56, -20.36, -21.92, -23.17, -24.1, -24.6, -24.6, -24.14, -23.12, -21.67, -19.84, -17.69, -15.414, -13.07, -10.81, -8.586, -6.305, -3.664, -0.2433, 4.086, 9.125, 14.59, 19.84, 24.7, 28.73, 31.98, 34.34, 35.8, 36.47, 36.22, 35.44, 33.97, 32.06, 29.78, 27.31, 24.6, 22.16, 20.05, 18.2, 16.36, 14.67, 13.3, 12.31, 11.71, 11.42, 11.234, 11.01, 10.805, 10.44, 9.96, 9.375, 8.7, 7.977, 7.195, 6.383, 5.523, 4.65, 3.752, 2.826, 1.846, 0.86, -0.1329, -1.134, -2.092, -2.953, -3.672, -4.184, -4.4, -4.242, -3.668, -2.635, -1.2295, 0.4468, 2.227, 3.852, 5.1, 5.863, 6.035, 5.742, 5.207, 4.582, 4.023, 3.7, 3.57, 3.643, 3.984, 4.664
4.785, 5.613, 6.35, 6.887, 7.04, 6.81, 6.098, 4.934, 3.414, 1.711, 0.05713, -1.349, -2.389, -3.049, -3.334, -3.32, -3.1, -2.738, -2.387, -2.174, -2.209, -2.572, -3.176, -3.725, -3.73, -2.76, -0.571, 2.863, 7.457, 12.984, 18.94, 24.61, 29.22, 32.03, 32.88, 31.92, 29.42, 25.75, 21.5, 17.0, 12.586, 8.586, 5.184, 2.508, 0.574, -0.6665, -1.384, -1.694, -1.625, -1.195, -0.399, 0.7246, 2.17, 3.848, 5.594, 7.41, 9.43, 11.8, 14.56, 17.62, 20.92, 24.19, 27.23, 29.64, 31.45, 32.5, 32.7, 32.1, 30.4, 27.72, 24.08, 19.61, 14.73, 9.76, 5.14, 1.278, -1.603, -3.604, -5.01, -6.266, -7.72, -9.555, -11.7, -13.914, -16.14, -18.27, -20.31, -22.16, -23.78, -25.05, -25.8, -26.05, -25.62, -24.47, -22.69, -20.33, -17.47, -14.16, -10.54, -6.656, -2.816, 0.641, 3.057, 3.955, 3.332, 1.421, -1.297, -4.266, -7.164, -9.805, -12.14, -14.29, -16.31, -18.23, -20.05, -21.69, -23.03, -24.06, -24.66, -24.88, -24.53, -23.7, -22.36, -20.62, -18.52, -16.23, -13.83, -11.46, -9.15, -6.93, -4.69, -2.03, 1.311, 5.227, 9.71, 14.23, 18.6, 22.39, 25.48, 27.78, 29.31, 30.16, 30.22, 29.84, 28.95, 27.8, 26.44, 24.81, 23.14, 21.66, 20.42, 19.33, 18.03, 16.67, 15.484, 14.61, 14.03, 13.67, 13.38, 13.07, 12.73, 12.28, 11.71, 11.01, 10.26, 9.445, 8.58, 7.656, 6.645, 5.59, 4.504, 3.36, 2.207, 1.054, -0.1048, -1.206, -2.236, -3.127, -3.842, -4.33, -4.496, -4.29, -3.67, -2.562, -1.078, 0.69, 2.557, 4.23, 5.457, 6.113, 6.184, 5.766, 5.094, 4.367, 3.734, 3.348, 3.201, 3.29, 3.576, 4.074
4.258, 4.88, 5.47, 5.92, 6.062, 5.812, 5.125, 3.996, 2.582, 1.037, -0.4424, -1.663, -2.555, -3.127, -3.342, -3.287, -3.07, -2.686, -2.303, -2.053, -2.088, -2.504, -3.244, -4.023, -4.312, -3.633, -1.711, 1.53, 5.95, 11.36, 17.36, 23.22, 28.22, 31.66, 33.28, 32.9, 30.88, 27.61, 23.55, 19.12, 14.7, 10.55, 6.93, 3.992, 1.789, 0.2915, -0.6377, -1.094, -1.131, -0.7656, -0.01356, 1.104, 2.566, 4.324, 6.215, 8.2, 10.305, 12.64, 15.19, 17.92, 20.69, 23.31, 25.75, 27.69, 29.03, 29.66, 29.58, 28.61, 26.78, 24.11, 20.5, 16.36, 11.87, 7.395, 3.352, 0.12476, -2.256, -3.893, -5.14, -6.42, -7.977, -9.91, -12.12, -14.43, -16.78, -18.94, -21.06, -22.94, -24.53, -25.69, -26.36, -26.38, -25.67, -24.25, -22.14, -19.53, -16.4, -12.98, -9.27, -5.418, -1.755, 1.372, 3.38, 3.908, 2.984, 0.9556, -1.695, -4.504, -7.22, -9.71, -11.945, -13.99, -15.98, -17.86, -19.67, -21.4, -22.86, -24.0, -24.78, -25.08, -24.94, -24.22, -23.05, -21.45, -19.47, -17.19, -14.7, -12.17, -9.77, -7.516, -5.33, -3.041, -0.435, 2.512, 5.9, 9.516, 13.0, 16.17, 18.88, 21.05, 22.53, 23.47, 23.89, 24.02, 23.8, 23.44, 22.92, 22.28, 21.62, 21.1, 20.7, 20.25, 19.55, 18.56, 17.69, 16.88, 16.36, 15.97, 15.586, 15.234, 14.82, 14.266, 13.61, 12.81, 11.95, 10.98, 9.98, 8.89, 7.723, 6.45, 5.133, 3.791, 2.445, 1.122, -0.1921, -1.395, -2.467, -3.377, -4.074, -4.53, -4.645, -4.367, -3.64, -2.45, -0.8623, 0.9917, 2.928, 4.625, 5.82, 6.402, 6.348, 5.83, 5.023, 4.16, 3.441, 3.01, 2.854, 2.953, 3.258, 3.709
4.0, 4.53, 5.03, 5.36, 5.418, 5.098, 4.348, 3.234, 1.88, 0.4524, -0.868, -1.947, -2.73, -3.213, -3.37, -3.262, -3.006, -2.613, -2.213, -1.921, -1.907, -2.34, -3.158, -4.1, -4.664, -4.246, -2.574, 0.4297, 4.645, 9.89, 15.71, 21.58, 26.8, 30.67, 32.8, 33.03, 31.56, 28.72, 24.97, 20.78, 16.39, 12.22, 8.44, 5.312, 2.889, 1.175, 0.04105, -0.603, -0.7886, -0.5654, 0.04553, 1.034, 2.406, 4.12, 6.004, 8.03, 10.18, 12.43, 14.7, 17.06, 19.34, 21.5, 23.34, 24.8, 25.67, 25.97, 25.58, 24.34, 22.4, 19.7, 16.36, 12.59, 8.6, 4.81, 1.526, -1.031, -2.9, -4.227, -5.38, -6.668, -8.32, -10.37, -12.68, -15.05, -17.4, -19.69, -21.77, -23.6, -25.22, -26.3, -26.81, -26.53, -25.5, -23.8, -21.39, -18.48, -15.12, -11.63, -7.895, -4.184, -0.7583, 1.957, 3.502, 3.656, 2.508, 0.4277, -2.123, -4.773, -7.293, -9.6, -11.734, -13.71, -15.62, -17.5, -19.34, -21.08, -22.62, -23.9, -24.8, -25.25, -25.23, -24.73, -23.73, -22.23, -20.36, -18.12, -15.66, -13.09, -10.54, -8.08, -5.82, -3.64, -1.41, 0.9287, 3.44, 6.098, 8.73, 11.26, 13.44, 15.25, 16.62, 17.64, 18.39, 18.86, 19.27, 19.55, 19.78, 20.0, 20.22, 20.58, 20.97, 21.17, 20.92, 20.38, 19.75, 19.14, 18.7, 18.25, 17.86, 17.44, 16.89, 16.27, 15.52, 14.61, 13.6, 12.48, 11.3, 10.016, 8.63, 7.17, 5.65, 4.11, 2.576, 1.087, -0.35, -1.636, -2.746, -3.66, -4.332, -4.754, -4.79, -4.395, -3.57, -2.299, -0.602, 1.349, 3.344, 5.043, 6.203, 6.727, 6.55, 5.887, 4.953, 3.965, 3.156, 2.678, 2.535, 2.672, 3.033, 3.492
3.94, 4.414, 4.832, 5.07, 4.996, 4.57, 3.762, 2.633, 1.33, -0.004677, -1.201, -2.186, -2.904, -3.32, -3.43, -3.287, -2.979, -2.547, -2.107, -1.75, -1.665, -2.04, -2.873, -3.912, -4.65, -4.508, -3.115, -0.3909, 3.574, 8.53, 14.12, 19.81, 25.05, 29.19, 31.72, 32.4, 31.48, 29.12, 25.75, 21.8, 17.64, 13.52, 9.71, 6.45, 3.855, 1.957, 0.6147, -0.2142, -0.603, -0.5938, -0.1803, 0.6235, 1.831, 3.344, 5.05, 6.957, 8.99, 11.07, 13.12, 15.12, 16.98, 18.66, 20.05, 21.02, 21.52, 21.42, 20.72, 19.4, 17.45, 14.875, 11.86, 8.64, 5.367, 2.334, -0.1843, -2.062, -3.451, -4.52, -5.605, -6.973, -8.76, -10.945, -13.3, -15.69, -18.06, -20.34, -22.47, -24.38, -25.81, -26.75, -27.06, -26.53, -25.22, -23.2, -20.47, -17.28, -13.836, -10.234, -6.555, -3.01, 0.0639, 2.328, 3.443, 3.262, 1.94, -0.1205, -2.545, -5.0, -7.316, -9.47, -11.484, -13.41, -15.29, -17.14, -19.0, -20.78, -22.39, -23.75, -24.83, -25.4, -25.58, -25.25, -24.45, -23.1, -21.28, -19.12, -16.69, -14.1, -11.42, -8.81, -6.348, -4.082, -1.961, 0.10565, 2.145, 4.164, 6.133, 8.05, 9.76, 11.21, 12.42, 13.414, 14.27, 14.984, 15.805, 16.58, 17.42, 18.25, 19.2, 20.33, 21.38, 22.11, 22.31, 22.1, 21.69, 21.22, 20.83, 20.39, 20.02, 19.52, 18.89, 18.16, 17.3, 16.25, 15.1, 13.805, 12.43, 10.98, 9.39, 7.727, 6.02, 4.293, 2.625, 1.007, -0.527, -1.899, -3.072, -3.982, -4.62, -4.965, -4.92, -4.44, -3.521, -2.125, -0.3386, 1.707, 3.762, 5.477, 6.61, 7.04, 6.754, 5.938, 4.85, 3.764, 2.883, 2.371, 2.25, 2.44, 2.879, 3.4
3.906, 4.4, 4.74, 4.855, 4.656, 4.125, 3.262, 2.14, 0.8784, -0.373, -1.504, -2.432, -3.096, -3.438, -3.502, -3.324, -2.97, -2.502, -2.014, -1.578, -1.369, -1.621, -2.371, -3.414, -4.24, -4.305, -3.207, -0.7954, 2.84, 7.473, 12.71, 18.12, 23.23, 27.38, 30.16, 31.27, 30.8, 28.88, 26.0, 22.4, 18.45, 14.45, 10.68, 7.36, 4.703, 2.648, 1.111, 0.0818, -0.529, -0.748, -0.5854, -0.05664, 0.8657, 2.105, 3.55, 5.21, 6.98, 8.8, 10.53, 12.2, 13.67, 14.91, 15.89, 16.44, 16.62, 16.25, 15.36, 14.03, 12.17, 9.945, 7.44, 4.836, 2.326, 0.1139, -1.613, -2.863, -3.855, -4.777, -5.95, -7.453, -9.336, -11.586, -13.98, -16.42, -18.83, -21.14, -23.19, -25.02, -26.33, -27.12, -27.12, -26.36, -24.73, -22.34, -19.36, -15.98, -12.414, -8.79, -5.26, -1.982, 0.726, 2.502, 3.186, 2.736, 1.348, -0.622, -2.871, -5.15, -7.297, -9.305, -11.18, -13.01, -14.86, -16.7, -18.62, -20.45, -22.14, -23.6, -24.78, -25.53, -25.86, -25.69, -25.03, -23.86, -22.25, -20.14, -17.78, -15.16, -12.37, -9.68, -7.016, -4.55, -2.324, -0.2942, 1.578, 3.328, 4.938, 6.43, 7.785, 8.88, 9.94, 10.83, 11.69, 12.6, 13.61, 14.64, 15.875, 17.25, 18.81, 20.4, 21.92, 22.98, 23.53, 23.6, 23.36, 23.03, 22.66, 22.28, 21.86, 21.3, 20.66, 19.8, 18.78, 17.66, 16.38, 14.92, 13.37, 11.734, 9.984, 8.17, 6.316, 4.434, 2.625, 0.9043, -0.7173, -2.162, -3.39, -4.324, -4.92, -5.195, -5.082, -4.504, -3.477, -1.949, -0.00864, 2.129, 4.223, 5.92, 7.027, 7.36, 6.93, 5.957, 4.73, 3.545, 2.621, 2.1, 1.99, 2.223, 2.738, 3.33
3.877, 4.36, 4.66, 4.695, 4.383, 3.756, 2.852, 1.736, 0.502, -0.715, -1.792, -2.654, -3.254, -3.559, -3.574, -3.346, -2.97, -2.463, -1.922, -1.428, -1.092, -1.158, -1.725, -2.652, -3.475, -3.67, -2.852, -0.7524, 2.496, 6.73, 11.57, 16.6, 21.4, 25.47, 28.28, 29.72, 29.6, 28.19, 25.67, 22.4, 18.77, 14.98, 11.33, 8.06, 5.32, 3.145, 1.48, 0.251, -0.585, -1.037, -1.116, -0.8403, -0.2251, 0.69, 1.795, 3.1, 4.52, 5.996, 7.383, 8.64, 9.72, 10.58, 11.18, 11.39, 11.27, 10.75, 9.875, 8.64, 7.082, 5.312, 3.426, 1.55, -0.1289, -1.527, -2.574, -3.387, -4.137, -5.07, -6.348, -8.01, -10.01, -12.305, -14.74, -17.17, -19.56, -21.88, -23.88, -25.62, -26.8, -27.38, -27.11, -26.05, -24.03, -21.34, -18.17, -14.625, -10.945, -7.36, -4.008, -1.075, 1.228, 2.57, 2.883, 2.195, 0.7915, -1.074, -3.16, -5.22, -7.195, -9.06, -10.875, -12.62, -14.42, -16.27, -18.2, -20.06, -21.88, -23.44, -24.7, -25.67, -26.11, -26.1, -25.62, -24.62, -23.11, -21.19, -18.89, -16.27, -13.46, -10.59, -7.777, -5.125, -2.715, -0.5425, 1.366, 3.066, 4.562, 5.824, 6.965, 7.918, 8.805, 9.6, 10.414, 11.39, 12.484, 13.76, 15.24, 17.0, 18.92, 20.89, 22.67, 23.97, 24.69, 24.92, 24.78, 24.53, 24.22, 23.78, 23.31, 22.75, 22.0, 21.06, 20.02, 18.7, 17.31, 15.75, 14.07, 12.28, 10.44, 8.46, 6.49, 4.535, 2.607, 0.759, -0.972, -2.494, -3.746, -4.67, -5.254, -5.473, -5.266, -4.57, -3.383, -1.699, 0.3933, 2.635, 4.754, 6.453, 7.465, 7.68, 7.094, 5.965, 4.62, 3.346, 2.365, 1.837, 1.76, 2.045, 2.604, 3.26
3.834, 4.316, 4.56, 4.504, 4.14, 3.459, 2.533, 1.405, 0.1888, -0.997, -2.041, -2.87, -3.424, -3.678, -3.637, -3.373, -2.982, -2.453, -1.882, -1.317, -0.8403, -0.7026, -1.012, -1.691, -2.428, -2.7, -2.072, -0.2832, 2.576, 6.336, 10.7, 15.305, 19.7, 23.55, 26.36, 27.92, 28.1, 27.02, 24.89, 22.0, 18.72, 15.17, 11.67, 8.484, 5.715, 3.455, 1.712, 0.3037, -0.735, -1.383, -1.695, -1.66, -1.336, -0.7397, 0.06305, 1.009, 2.033, 3.078, 4.066, 4.938, 5.652, 6.137, 6.41, 6.41, 6.152, 5.59, 4.85, 3.857, 2.71, 1.472, 0.253, -0.8687, -1.813, -2.533, -3.098, -3.621, -4.324, -5.375, -6.805, -8.6, -10.76, -13.1, -15.586, -18.03, -20.36, -22.61, -24.62, -26.14, -27.16, -27.48, -27.0, -25.53, -23.27, -20.3, -16.86, -13.164, -9.51, -6.047, -2.91, -0.2634, 1.627, 2.588, 2.623, 1.796, 0.3667, -1.405, -3.338, -5.24, -7.05, -8.77, -10.49, -12.15, -13.9, -15.78, -17.77, -19.67, -21.53, -23.2, -24.62, -25.67, -26.31, -26.5, -26.19, -25.36, -24.0, -22.2, -19.95, -17.42, -14.62, -11.66, -8.73, -5.867, -3.217, -0.8374, 1.229, 3.043, 4.605, 5.863, 6.918, 7.81, 8.62, 9.35, 10.18, 11.16, 12.29, 13.734, 15.484, 17.42, 19.56, 21.69, 23.53, 24.86, 25.61, 25.89, 25.83, 25.64, 25.3, 24.86, 24.34, 23.66, 22.86, 21.86, 20.7, 19.34, 17.88, 16.2, 14.49, 12.62, 10.65, 8.625, 6.58, 4.543, 2.535, 0.6025, -1.214, -2.812, -4.117, -5.066, -5.617, -5.77, -5.44, -4.58, -3.215, -1.397, 0.797, 3.146, 5.312, 6.99, 7.902, 7.945, 7.21, 5.938, 4.48, 3.146, 2.129, 1.598, 1.543, 1.887, 2.486, 3.184
3.777, 4.254, 4.46, 4.344, 3.945, 3.244, 2.299, 1.16, -0.05515, -1.244, -2.283, -3.092, -3.598, -3.783, -3.686, -3.408, -2.977, -2.443, -1.87, -1.267, -0.6636, -0.2832, -0.293, -0.6777, -1.217, -1.449, -0.96, 0.5317, 3.006, 6.3, 10.19, 14.31, 18.3, 21.8, 24.44, 25.98, 26.38, 25.56, 23.81, 21.33, 18.28, 14.99, 11.68, 8.68, 5.93, 3.664, 1.821, 0.2817, -0.9043, -1.738, -2.28, -2.467, -2.373, -2.057, -1.53, -0.8677, -0.1786, 0.532, 1.149, 1.676, 2.05, 2.234, 2.283, 2.115, 1.79, 1.323, 0.79, 0.1277, -0.5835, -1.245, -1.819, -2.291, -2.654, -2.902, -3.193, -3.664, -4.457, -5.695, -7.332, -9.3, -11.53, -13.92, -16.39, -18.83, -21.19, -23.36, -25.22, -26.62, -27.47, -27.48, -26.64, -24.88, -22.3, -19.11, -15.54, -11.734, -8.06, -4.723, -1.828, 0.468, 1.965, 2.607, 2.406, 1.489, 0.05115, -1.637, -3.436, -5.19, -6.844, -8.42, -10.03, -11.64, -13.4, -15.29, -17.3, -19.25, -21.2, -22.98, -24.5, -25.69, -26.45, -26.86, -26.7, -26.06, -24.86, -23.2, -21.11, -18.55, -15.78, -12.8, -9.75, -6.75, -3.898, -1.233, 1.101, 3.115, 4.836, 6.215, 7.312, 8.23, 9.016, 9.766, 10.65, 11.69, 12.98, 14.51, 16.39, 18.4, 20.58, 22.66, 24.39, 25.6, 26.28, 26.55, 26.53, 26.3, 25.92, 25.45, 24.86, 24.12, 23.22, 22.11, 20.92, 19.53, 17.98, 16.34, 14.58, 12.67, 10.68, 8.65, 6.56, 4.453, 2.383, 0.4126, -1.48, -3.152, -4.52, -5.508, -6.027, -6.074, -5.598, -4.566, -3.057, -1.079, 1.261, 3.672, 5.87, 7.504, 8.32, 8.2, 7.305, 5.883, 4.316, 2.93, 1.894, 1.37, 1.354, 1.741, 2.38, 3.111
3.691, 4.156, 4.36, 4.227, 3.805, 3.092, 2.12, 0.954, -0.277, -1.463, -2.502, -3.281, -3.756, -3.887, -3.748, -3.43, -2.955, -2.4, -1.837, -1.242, -0.582, 0.00373, 0.3362, 0.315, 0.05902, -0.0698, 0.3506, 1.591, 3.717, 6.57, 9.945, 13.58, 17.14, 20.25, 22.66, 24.14, 24.61, 24.05, 22.53, 20.36, 17.58, 14.555, 11.49, 8.625, 5.996, 3.715, 1.818, 0.1758, -1.134, -2.105, -2.809, -3.188, -3.26, -3.107, -2.795, -2.354, -1.888, -1.436, -1.065, -0.847, -0.7217, -0.7583, -0.8594, -1.076, -1.394, -1.717, -2.016, -2.352, -2.611, -2.76, -2.805, -2.809, -2.781, -2.803, -3.06, -3.658, -4.656, -6.098, -7.934, -10.05, -12.375, -14.766, -17.25, -19.67, -22.02, -24.08, -25.83, -27.05, -27.64, -27.36, -26.16, -24.12, -21.2, -17.78, -14.03, -10.234, -6.617, -3.422, -0.77, 1.2, 2.365, 2.713, 2.299, 1.289, -0.1231, -1.7295, -3.393, -5.027, -6.547, -8.02, -9.54, -11.1, -12.83, -14.74, -16.75, -18.8, -20.8, -22.66, -24.33, -25.66, -26.61, -27.08, -27.14, -26.69, -25.69, -24.17, -22.16, -19.72, -16.94, -13.984, -10.84, -7.723, -4.684, -1.762, 0.858, 3.13, 5.1, 6.684, 7.93, 8.93, 9.8, 10.664, 11.66, 12.82, 14.24, 15.9, 17.73, 19.77, 21.78, 23.67, 25.14, 26.16, 26.73, 26.89, 26.8, 26.5, 26.06, 25.48, 24.78, 23.97, 23.02, 21.95, 20.67, 19.31, 17.8, 16.12, 14.414, 12.586, 10.58, 8.55, 6.44, 4.312, 2.188, 0.1487, -1.789, -3.51, -4.938, -5.95, -6.438, -6.39, -5.734, -4.51, -2.83, -0.7163, 1.764, 4.28, 6.5, 8.08, 8.75, 8.45, 7.38, 5.832, 4.164, 2.72, 1.698, 1.198, 1.206, 1.619, 2.291, 3.031
3.625, 4.08, 4.258, 4.12, 3.678, 2.938, 1.933, 0.7593, -0.4746, -1.667, -2.69, -3.455, -3.887, -3.977, -3.795, -3.422, -2.936, -2.385, -1.825, -1.232, -0.547, 0.1652, 0.7524, 1.135, 1.26, 1.336, 1.733, 2.793, 4.594, 7.03, 9.97, 13.14, 16.19, 18.92, 21.03, 22.39, 22.84, 22.4, 21.14, 19.2, 16.7, 13.95, 11.12, 8.43, 5.914, 3.652, 1.718, 0.02, -1.406, -2.498, -3.295, -3.768, -3.945, -3.883, -3.664, -3.346, -3.02, -2.734, -2.56, -2.514, -2.572, -2.729, -2.932, -3.154, -3.406, -3.525, -3.625, -3.617, -3.492, -3.248, -2.95, -2.656, -2.445, -2.447, -2.816, -3.607, -4.836, -6.49, -8.516, -10.734, -13.11, -15.61, -18.06, -20.48, -22.77, -24.78, -26.39, -27.39, -27.72, -27.14, -25.58, -23.14, -20.0, -16.38, -12.49, -8.62, -5.117, -2.11, 0.2712, 1.916, 2.791, 2.879, 2.295, 1.215, -0.206, -1.718, -3.248, -4.75, -6.19, -7.56, -8.96, -10.51, -12.26, -14.15, -16.17, -18.27, -20.31, -22.33, -24.08, -25.55, -26.66, -27.33, -27.53, -27.22, -26.4, -25.1, -23.23, -20.89, -18.23, -15.266, -12.09, -8.81, -5.613, -2.451, 0.4712, 3.035, 5.29, 7.16, 8.65, 9.86, 10.9, 11.945, 13.08, 14.34, 15.83, 17.53, 19.38, 21.19, 22.97, 24.5, 25.69, 26.44, 26.8, 26.81, 26.62, 26.2, 25.64, 25.02, 24.2, 23.31, 22.34, 21.22, 20.0, 18.67, 17.22, 15.69, 14.05, 12.29, 10.35, 8.336, 6.273, 4.137, 1.967, -0.1532, -2.158, -3.94, -5.418, -6.418, -6.855, -6.684, -5.89, -4.48, -2.584, -0.2761, 2.348, 4.957, 7.2, 8.69, 9.21, 8.73, 7.445, 5.766, 4.004, 2.537, 1.525, 1.053, 1.115, 1.561, 2.238, 2.979
3.59, 4.023, 4.19, 4.04, 3.562, 2.79, 1.763, 0.576, -0.6665, -1.8545, -2.87, -3.613, -3.998, -4.027, -3.781, -3.377, -2.879, -2.36, -1.832, -1.278, -0.6113, 0.164, 0.9683, 1.6875, 2.203, 2.59, 3.094, 4.023, 5.54, 7.613, 10.09, 12.766, 15.39, 17.73, 19.6, 20.73, 21.14, 20.78, 19.7, 17.97, 15.7, 13.21, 10.586, 8.08, 5.703, 3.502, 1.544, -0.2129, -1.703, -2.88, -3.727, -4.22, -4.42, -4.35, -4.137, -3.871, -3.611, -3.451, -3.414, -3.482, -3.656, -3.922, -4.16, -4.37, -4.492, -4.45, -4.29, -3.975, -3.541, -3.021, -2.498, -2.049, -1.819, -1.956, -2.523, -3.537, -5.02, -6.875, -9.03, -11.36, -13.85, -16.39, -18.89, -21.3, -23.52, -25.36, -26.81, -27.62, -27.61, -26.77, -24.83, -22.08, -18.66, -14.805, -10.86, -6.996, -3.61, -0.7964, 1.322, 2.668, 3.227, 3.105, 2.389, 1.257, -0.1554, -1.604, -3.045, -4.434, -5.73, -7.027, -8.414, -9.94, -11.625, -13.53, -15.586, -17.7, -19.84, -21.88, -23.8, -25.36, -26.66, -27.53, -27.9, -27.78, -27.16, -26.0, -24.28, -22.1, -19.52, -16.55, -13.336, -10.0, -6.625, -3.32, -0.1265, 2.771, 5.344, 7.543, 9.336, 10.83, 12.12, 13.38, 14.66, 16.06, 17.58, 19.25, 20.95, 22.55, 23.98, 25.19, 26.0, 26.47, 26.6, 26.4, 26.06, 25.5, 24.83, 24.08, 23.12, 22.17, 21.2, 20.12, 18.92, 17.69, 16.39, 14.98, 13.49, 11.875, 10.02, 8.09, 6.043, 3.887, 1.675, -0.4941, -2.557, -4.387, -5.89, -6.875, -7.23, -6.94, -5.98, -4.38, -2.287, 0.2477, 3.025, 5.723, 7.93, 9.3, 9.64, 8.98, 7.504, 5.676, 3.865, 2.383, 1.386, 0.9517, 1.056, 1.534, 2.217, 2.959
3.58, 3.992, 4.125, 3.951, 3.441, 2.648, 1.598, 0.3826, -0.881, -2.06, -3.053, -3.725, -4.035, -4.01, -3.713, -3.28, -2.78, -2.293, -1.839, -1.376, -0.785, -0.0007896, 0.946, 1.942, 2.814, 3.543, 4.285, 5.234, 6.53, 8.29, 10.336, 12.57, 14.8, 16.73, 18.3, 19.23, 19.56, 19.22, 18.22, 16.61, 14.625, 12.33, 9.945, 7.62, 5.39, 3.271, 1.312, -0.4604, -1.969, -3.191, -4.04, -4.51, -4.664, -4.555, -4.31, -4.02, -3.777, -3.688, -3.754, -3.945, -4.254, -4.598, -4.863, -5.0, -4.992, -4.77, -4.344, -3.783, -3.098, -2.361, -1.71, -1.252, -1.1, -1.418, -2.21, -3.482, -5.21, -7.234, -9.5, -11.945, -14.51, -17.06, -19.61, -22.02, -24.19, -25.92, -27.19, -27.78, -27.47, -26.23, -24.03, -20.89, -17.22, -13.19, -9.17, -5.426, -2.148, 0.4753, 2.35, 3.414, 3.71, 3.385, 2.521, 1.325, -0.04562, -1.43, -2.777, -4.047, -5.24, -6.473, -7.816, -9.28, -10.94, -12.86, -14.94, -17.1, -19.3, -21.42, -23.42, -25.22, -26.62, -27.62, -28.2, -28.27, -27.84, -26.86, -25.3, -23.27, -20.78, -17.94, -14.75, -11.305, -7.78, -4.34, -0.9116, 2.283, 5.176, 7.73, 9.88, 11.72, 13.32, 14.8, 16.27, 17.8, 19.33, 20.88, 22.39, 23.67, 24.81, 25.64, 26.16, 26.31, 26.22, 25.78, 25.2, 24.5, 23.62, 22.67, 21.72, 20.66, 19.7, 18.69, 17.6, 16.53, 15.375, 14.164, 12.836, 11.33, 9.64, 7.79, 5.75, 3.56, 1.313, -0.9053, -3.018, -4.88, -6.375, -7.332, -7.59, -7.164, -6.016, -4.23, -1.904, 0.835, 3.764, 6.527, 8.7, 9.96, 10.1, 9.23, 7.605, 5.652, 3.77, 2.266, 1.307, 0.911, 1.036, 1.538, 2.236, 2.969
3.6, 3.98, 4.086, 3.879, 3.33, 2.488, 1.402, 0.1581, -1.123, -2.293, -3.232, -3.816, -4.027, -3.912, -3.555, -3.092, -2.621, -2.193, -1.831, -1.495, -1.028, -0.3154, 0.6533, 1.832, 3.045, 4.156, 5.17, 6.227, 7.44, 8.92, 10.66, 12.5, 14.32, 15.89, 17.14, 17.86, 18.1, 17.66, 16.77, 15.29, 13.48, 11.414, 9.266, 7.13, 5.01, 2.977, 1.04, -0.7236, -2.234, -3.441, -4.254, -4.66, -4.715, -4.527, -4.223, -3.893, -3.662, -3.639, -3.818, -4.145, -4.586, -5.01, -5.28, -5.363, -5.195, -4.78, -4.113, -3.312, -2.406, -1.541, -0.8735, -0.4673, -0.426, -0.932, -1.946, -3.416, -5.293, -7.5, -9.914, -12.46, -15.11, -17.77, -20.34, -22.75, -24.8, -26.38, -27.5, -27.83, -27.2, -25.66, -23.06, -19.66, -15.72, -11.586, -7.547, -3.822, -0.707, 1.695, 3.336, 4.14, 4.22, 3.719, 2.736, 1.5, 0.1392, -1.169, -2.422, -3.586, -4.7, -5.87, -7.145, -8.57, -10.26, -12.14, -14.26, -16.44, -18.69, -20.95, -23.05, -24.94, -26.48, -27.7, -28.42, -28.69, -28.4, -27.61, -26.25, -24.39, -22.06, -19.28, -16.12, -12.72, -9.125, -5.523, -1.948, 1.515, 4.742, 7.67, 10.2, 12.42, 14.34, 16.1, 17.72, 19.31, 20.8, 22.27, 23.5, 24.55, 25.39, 25.9, 26.11, 25.94, 25.58, 24.94, 24.1, 23.12, 22.06, 21.02, 19.94, 18.94, 17.92, 16.98, 16.06, 15.195, 14.28, 13.26, 12.1, 10.74, 9.18, 7.36, 5.32, 3.148, 0.887, -1.388, -3.55, -5.418, -6.902, -7.773, -7.95, -7.348, -6.016, -4.008, -1.447, 1.507, 4.586, 7.395, 9.54, 10.64, 10.586, 9.49, 7.707, 5.68, 3.766, 2.256, 1.297, 0.914, 1.033, 1.55, 2.28, 3.008
3.629, 3.977, 4.047, 3.799, 3.215, 2.32, 1.192, -0.0764, -1.348, -2.492, -3.375, -3.86, -3.96, -3.738, -3.312, -2.814, -2.383, -2.07, -1.823, -1.606, -1.274, -0.6943, 0.2067, 1.436, 2.873, 4.297, 5.66, 6.91, 8.19, 9.54, 11.016, 12.53, 13.98, 15.21, 16.11, 16.67, 16.72, 16.28, 15.375, 14.01, 12.37, 10.51, 8.555, 6.562, 4.586, 2.63, 0.7227, -1.021, -2.492, -3.635, -4.363, -4.676, -4.62, -4.324, -3.943, -3.584, -3.383, -3.457, -3.783, -4.26, -4.832, -5.336, -5.625, -5.656, -5.344, -4.715, -3.857, -2.855, -1.786, -0.8506, -0.1445, 0.2266, 0.10986, -0.5537, -1.713, -3.34, -5.383, -7.73, -10.26, -12.914, -15.66, -18.4, -20.97, -23.3, -25.3, -26.83, -27.72, -27.81, -26.9, -24.97, -22.08, -18.34, -14.234, -9.96, -5.89, -2.254, 0.699, 2.87, 4.25, 4.82, 4.684, 4.02, 2.98, 1.723, 0.3901, -0.854, -1.999, -3.047, -4.098, -5.184, -6.445, -7.836, -9.45, -11.35, -13.44, -15.71, -18.03, -20.38, -22.58, -24.58, -26.31, -27.66, -28.56, -29.02, -28.92, -28.34, -27.17, -25.48, -23.28, -20.64, -17.6, -14.22, -10.62, -6.92, -3.13, 0.523, 4.047, 7.332, 10.23, 12.81, 15.09, 17.05, 18.83, 20.53, 21.95, 23.28, 24.39, 25.23, 25.73, 25.98, 25.9, 25.48, 24.81, 23.92, 22.89, 21.66, 20.44, 19.2, 18.06, 17.05, 16.12, 15.28, 14.516, 13.89, 13.19, 12.33, 11.38, 10.164, 8.66, 6.84, 4.83, 2.648, 0.375, -1.933, -4.098, -5.96, -7.418, -8.234, -8.29, -7.52, -5.965, -3.73, -0.9395, 2.236, 5.46, 8.31, 10.36, 11.35, 11.055, 9.77, 7.848, 5.766, 3.828, 2.32, 1.349, 0.963, 1.086, 1.6, 2.316, 3.041
3.648, 3.98, 4.02, 3.734, 3.098, 2.156, 0.9814, -0.3074, -1.572, -2.664, -3.469, -3.871, -3.854, -3.51, -3.0, -2.477, -2.096, -1.898, -1.809, -1.726, -1.549, -1.117, -0.3303, 0.854, 2.383, 4.01, 5.67, 7.24, 8.66, 9.984, 11.31, 12.56, 13.7, 14.64, 15.29, 15.555, 15.44, 14.945, 14.01, 12.805, 11.32, 9.66, 7.9, 6.074, 4.188, 2.258, 0.4084, -1.283, -2.715, -3.781, -4.395, -4.574, -4.406, -3.973, -3.514, -3.154, -3.008, -3.197, -3.69, -4.344, -5.05, -5.656, -5.98, -5.977, -5.566, -4.8, -3.762, -2.598, -1.411, -0.3853, 0.3538, 0.664, 0.4468, -0.3022, -1.547, -3.31, -5.465, -7.918, -10.56, -13.29, -16.17, -18.89, -21.47, -23.78, -25.73, -27.14, -27.83, -27.66, -26.48, -24.22, -20.95, -16.97, -12.65, -8.35, -4.285, -0.7705, 2.016, 3.977, 5.105, 5.445, 5.11, 4.305, 3.193, 1.96, 0.6934, -0.4722, -1.532, -2.527, -3.5, -4.527, -5.715, -7.066, -8.664, -10.555, -12.64, -14.91, -17.3, -19.78, -22.03, -24.14, -26.06, -27.55, -28.67, -29.31, -29.38, -28.98, -28.0, -26.53, -24.52, -22.02, -19.08, -15.8, -12.18, -8.42, -4.54, -0.6733, 3.092, 6.656, 9.91, 12.78, 15.35, 17.6, 19.58, 21.3, 22.81, 24.05, 24.98, 25.66, 25.92, 25.9, 25.56, 24.89, 23.95, 22.81, 21.47, 20.1, 18.69, 17.34, 16.19, 15.14, 14.32, 13.664, 13.12, 12.65, 12.15, 11.51, 10.67, 9.53, 8.086, 6.3, 4.285, 2.068, -0.2172, -2.512, -4.652, -6.523, -7.91, -8.66, -8.586, -7.652, -5.88, -3.385, -0.3542, 2.994, 6.355, 9.266, 11.23, 12.016, 11.57, 10.14, 8.125, 5.99, 4.027, 2.46, 1.477, 1.063, 1.161, 1.645, 2.346, 3.078
3.652, 3.982, 4.01, 3.68, 2.99, 1.991, 0.7583, -0.5713, -1.817, -2.844, -3.54, -3.826, -3.676, -3.213, -2.637, -2.12, -1.797, -1.7, -1.76, -1.852, -1.845, -1.574, -0.9277, 0.1554, 1.668, 3.418, 5.285, 7.08, 8.7, 10.14, 11.39, 12.49, 13.414, 14.09, 14.5, 14.555, 14.27, 13.7, 12.836, 11.71, 10.375, 8.875, 7.242, 5.535, 3.729, 1.888, 0.104, -1.545, -2.896, -3.861, -4.355, -4.41, -4.09, -3.523, -2.986, -2.625, -2.566, -2.904, -3.557, -4.402, -5.26, -5.98, -6.383, -6.41, -5.96, -5.125, -3.994, -2.69, -1.4, -0.295, 0.485, 0.8125, 0.5986, -0.2018, -1.532, -3.361, -5.574, -8.08, -10.76, -13.625, -16.48, -19.33, -21.92, -24.25, -26.11, -27.44, -27.92, -27.52, -26.0, -23.4, -19.89, -15.67, -11.164, -6.758, -2.766, 0.591, 3.219, 4.953, 5.848, 5.98, 5.496, 4.58, 3.441, 2.24, 1.051, -0.04617, -1.047, -1.99, -2.914, -3.863, -4.996, -6.32, -7.88, -9.71, -11.78, -14.07, -16.47, -18.98, -21.38, -23.64, -25.67, -27.38, -28.62, -29.45, -29.77, -29.6, -28.84, -27.47, -25.75, -23.39, -20.58, -17.33, -13.86, -10.08, -6.15, -2.143, 1.805, 5.62, 9.164, 12.336, 15.22, 17.75, 19.92, 21.72, 23.23, 24.45, 25.33, 25.8, 25.9, 25.72, 25.14, 24.23, 23.03, 21.66, 20.12, 18.53, 16.97, 15.55, 14.35, 13.35, 12.6, 12.12, 11.76, 11.46, 11.125, 10.65, 9.914, 8.84, 7.418, 5.652, 3.629, 1.446, -0.844, -3.104, -5.223, -7.035, -8.375, -9.02, -8.836, -7.723, -5.715, -2.99, 0.2484, 3.797, 7.29, 10.2, 12.11, 12.74, 12.16, 10.58, 8.5, 6.336, 4.324, 2.734, 1.681, 1.199, 1.2295, 1.671, 2.37, 3.088
3.654, 3.984, 3.984, 3.617, 2.863, 1.8, 0.5195, -0.8247, -2.057, -3.01, -3.564, -3.682, -3.393, -2.828, -2.215, -1.7295, -1.484, -1.5, -1.71, -1.98, -2.145, -2.043, -1.544, -0.5776, 0.8584, 2.63, 4.6, 6.555, 8.35, 9.93, 11.164, 12.21, 12.98, 13.47, 13.664, 13.58, 13.23, 12.62, 11.75, 10.695, 9.48, 8.12, 6.613, 4.98, 3.268, 1.497, -0.2205, -1.782, -3.043, -3.875, -4.246, -4.156, -3.686, -3.014, -2.426, -2.059, -2.1, -2.602, -3.422, -4.426, -5.42, -6.26, -6.773, -6.88, -6.49, -5.684, -4.508, -3.117, -1.749, -0.5693, 0.2764, 0.6562, 0.4597, -0.3584, -1.711, -3.53, -5.695, -8.24, -11.02, -13.91, -16.81, -19.62, -22.28, -24.6, -26.44, -27.61, -27.95, -27.31, -25.5, -22.61, -18.83, -14.38, -9.695, -5.305, -1.357, 1.879, 4.312, 5.848, 6.523, 6.47, 5.816, 4.836, 3.705, 2.543, 1.434, 0.4036, -0.5435, -1.42, -2.283, -3.219, -4.285, -5.543, -7.066, -8.84, -10.88, -13.234, -15.67, -18.19, -20.69, -23.06, -25.2, -27.06, -28.5, -29.56, -30.06, -30.14, -29.55, -28.47, -26.86, -24.72, -22.11, -19.05, -15.59, -11.83, -7.875, -3.807, 0.2234, 4.19, 7.99, 11.45, 14.625, 17.39, 19.73, 21.72, 23.33, 24.55, 25.34, 25.75, 25.75, 25.39, 24.64, 23.53, 22.14, 20.55, 18.81, 17.05, 15.35, 13.875, 12.63, 11.72, 11.08, 10.73, 10.516, 10.375, 10.16, 9.77, 9.08, 8.05, 6.656, 4.875, 2.91, 0.7817, -1.455, -3.674, -5.766, -7.55, -8.805, -9.37, -9.04, -7.73, -5.53, -2.586, 0.8926, 4.637, 8.26, 11.195, 13.04, 13.54, 12.8, 11.15, 9.01, 6.785, 4.74, 3.062, 1.917, 1.337, 1.284, 1.663, 2.344, 3.08
3.613, 3.965, 3.977, 3.57, 2.762, 1.635, 0.308, -1.062, -2.275, -3.139, -3.537, -3.475, -3.03, -2.342, -1.685, -1.257, -1.124, -1.293, -1.671, -2.104, -2.43, -2.49, -2.133, -1.295, 0.04877, 1.781, 3.738, 5.773, 7.723, 9.375, 10.695, 11.734, 12.4, 12.8, 12.89, 12.695, 12.28, 11.67, 10.875, 9.83, 8.73, 7.465, 6.023, 4.46, 2.797, 1.119, -0.529, -2.018, -3.182, -3.877, -4.08, -3.822, -3.205, -2.453, -1.817, -1.485, -1.628, -2.283, -3.236, -4.39, -5.535, -6.504, -7.15, -7.348, -7.066, -6.34, -5.22, -3.854, -2.467, -1.244, -0.318, 0.1305, -0.002174, -0.7295, -2.006, -3.783, -5.95, -8.44, -11.19, -14.086, -17.05, -19.88, -22.58, -24.89, -26.62, -27.73, -27.89, -27.05, -24.98, -21.77, -17.78, -13.15, -8.39, -3.975, -0.06866, 3.078, 5.305, 6.594, 7.082, 6.867, 6.14, 5.12, 3.984, 2.855, 1.821, 0.8594, -0.01863, -0.8438, -1.655, -2.525, -3.523, -4.723, -6.203, -7.95, -9.99, -12.28, -14.8, -17.34, -19.92, -22.34, -24.64, -26.61, -28.27, -29.52, -30.3, -30.56, -30.2, -29.36, -28.0, -26.05, -23.61, -20.66, -17.31, -13.69, -9.766, -5.656, -1.553, 2.504, 6.48, 10.19, 13.55, 16.55, 19.16, 21.28, 23.0, 24.3, 25.14, 25.47, 25.4, 24.94, 24.03, 22.81, 21.3, 19.47, 17.58, 15.664, 13.88, 12.36, 11.09, 10.234, 9.68, 9.41, 9.336, 9.3, 9.15, 8.81, 8.125, 7.113, 5.72, 4.023, 2.145, 0.0807, -2.07, -4.22, -6.258, -7.996, -9.19, -9.625, -9.18, -7.703, -5.312, -2.154, 1.544, 5.473, 9.195, 12.16, 13.91, 14.31, 13.51, 11.76, 9.62, 7.348, 5.24, 3.443, 2.158, 1.433, 1.287, 1.617, 2.262, 3.006
3.543, 3.945, 3.955, 3.516, 2.656, 1.481, 0.11523, -1.26, -2.424, -3.193, -3.445, -3.207, -2.586, -1.78, -1.082, -0.7134, -0.722, -1.066, -1.627, -2.223, -2.69, -2.873, -2.63, -1.932, -0.7134, 0.9487, 2.865, 4.914, 6.92, 8.67, 10.08, 11.086, 11.75, 12.125, 12.13, 11.91, 11.44, 10.83, 10.04, 9.1, 8.05, 6.84, 5.473, 3.957, 2.344, 0.736, -0.8438, -2.238, -3.271, -3.846, -3.88, -3.453, -2.69, -1.834, -1.163, -0.8887, -1.146, -1.915, -3.01, -4.273, -5.547, -6.65, -7.438, -7.76, -7.64, -7.066, -6.09, -4.82, -3.479, -2.229, -1.271, -0.735, -0.7397, -1.32, -2.469, -4.117, -6.234, -8.68, -11.41, -14.305, -17.25, -20.08, -22.78, -25.14, -26.84, -27.81, -27.81, -26.72, -24.48, -21.02, -16.78, -11.99, -7.156, -2.719, 1.074, 4.066, 6.098, 7.215, 7.535, 7.203, 6.438, 5.426, 4.293, 3.205, 2.223, 1.323, 0.492, -0.2678, -1.019, -1.814, -2.742, -3.885, -5.293, -7.04, -9.05, -11.336, -13.83, -16.39, -19.06, -21.62, -24.0, -26.14, -27.92, -29.38, -30.31, -30.86, -30.78, -30.16, -29.03, -27.3, -25.03, -22.22, -19.14, -15.56, -11.68, -7.695, -3.537, 0.5967, 4.668, 8.555, 12.12, 15.34, 18.16, 20.52, 22.36, 23.73, 24.58, 24.97, 24.9, 24.36, 23.47, 22.14, 20.42, 18.53, 16.45, 14.43, 12.555, 10.914, 9.67, 8.81, 8.305, 8.09, 8.07, 8.07, 7.977, 7.637, 7.0, 6.0, 4.68, 3.086, 1.324, -0.592, -2.639, -4.727, -6.715, -8.38, -9.516, -9.84, -9.234, -7.65, -5.082, -1.701, 2.219, 6.3, 10.09, 13.07, 14.81, 15.14, 14.24, 12.516, 10.33, 8.0, 5.805, 3.865, 2.42, 1.5205, 1.239, 1.503, 2.127, 2.889
3.45, 3.904, 3.926, 3.453, 2.553, 1.322, -0.0771, -1.447, -2.531, -3.172, -3.271, -2.854, -2.062, -1.158, -0.4329, -0.1111, -0.2551, -0.7944, -1.535, -2.281, -2.877, -3.172, -3.025, -2.412, -1.334, 0.2068, 2.074, 4.098, 6.1, 7.883, 9.336, 10.414, 11.09, 11.44, 11.44, 11.17, 10.7, 10.08, 9.32, 8.46, 7.406, 6.23, 4.93, 3.465, 1.925, 0.356, -1.161, -2.434, -3.334, -3.773, -3.672, -3.078, -2.164, -1.192, -0.4739, -0.2505, -0.609, -1.459, -2.678, -4.06, -5.43, -6.65, -7.58, -8.086, -8.16, -7.76, -6.984, -5.867, -4.62, -3.393, -2.412, -1.798, -1.683, -2.11, -3.09, -4.582, -6.59, -8.96, -11.62, -14.46, -17.42, -20.28, -22.95, -25.25, -27.0, -27.89, -27.73, -26.42, -23.9, -20.28, -15.82, -10.94, -6.047, -1.637, 2.08, 4.926, 6.78, 7.75, 7.945, 7.523, 6.734, 5.72, 4.633, 3.584, 2.625, 1.762, 0.9907, 0.3135, -0.3694, -1.101, -1.964, -3.06, -4.42, -6.09, -8.06, -10.336, -12.85, -15.46, -18.14, -20.8, -23.27, -25.56, -27.5, -29.16, -30.31, -31.0, -31.2, -30.83, -29.95, -28.4, -26.38, -23.81, -20.8, -17.45, -13.7, -9.73, -5.598, -1.451, 2.688, 6.69, 10.414, 13.81, 16.8, 19.38, 21.39, 22.88, 23.88, 24.36, 24.31, 23.78, 22.84, 21.44, 19.69, 17.67, 15.48, 13.3, 11.305, 9.586, 8.29, 7.367, 6.87, 6.68, 6.656, 6.668, 6.6, 6.31, 5.723, 4.79, 3.592, 2.143, 0.5273, -1.262, -3.209, -5.195, -7.086, -8.68, -9.76, -10.04, -9.305, -7.562, -4.84, -1.287, 2.81, 7.07, 10.97, 13.945, 15.664, 15.93, 15.02, 13.27, 11.05, 8.68, 6.395, 4.32, 2.678, 1.585, 1.134, 1.297, 1.896, 2.713
3.273, 3.82, 3.885, 3.414, 2.473, 1.177, -0.2566, -1.6, -2.607, -3.117, -3.043, -2.43, -1.473, -0.495, 0.2458, 0.512, 0.256, -0.4453, -1.344, -2.234, -2.95, -3.344, -3.299, -2.76, -1.772, -0.352, 1.425, 3.379, 5.33, 7.13, 8.625, 9.76, 10.46, 10.81, 10.81, 10.55, 10.07, 9.44, 8.7, 7.844, 6.848, 5.715, 4.438, 3.008, 1.499, -0.01279, -1.446, -2.604, -3.387, -3.697, -3.443, -2.695, -1.636, -0.5596, 0.199, 0.4084, -0.004932, -0.9263, -2.258, -3.727, -5.176, -6.53, -7.586, -8.26, -8.5, -8.37, -7.79, -6.883, -5.79, -4.613, -3.633, -2.953, -2.717, -3.014, -3.828, -5.18, -7.01, -9.27, -11.86, -14.66, -17.61, -20.44, -23.11, -25.4, -27.06, -27.86, -27.56, -26.12, -23.42, -19.64, -15.0, -10.02, -5.047, -0.639, 2.99, 5.703, 7.383, 8.19, 8.305, 7.812, 6.977, 5.97, 4.95, 3.945, 3.01, 2.191, 1.487, 0.872, 0.2634, -0.389, -1.152, -2.172, -3.484, -5.098, -7.066, -9.33, -11.82, -14.46, -17.14, -19.83, -22.45, -24.86, -27.02, -28.81, -30.19, -31.11, -31.5, -31.4, -30.77, -29.47, -27.66, -25.33, -22.48, -19.31, -15.69, -11.81, -7.72, -3.596, 0.5576, 4.637, 8.484, 12.0, 15.164, 17.92, 20.14, 21.83, 22.97, 23.6, 23.62, 23.19, 22.27, 20.86, 19.06, 16.94, 14.625, 12.28, 10.18, 8.37, 6.91, 5.914, 5.355, 5.117, 5.086, 5.14, 5.062, 4.81, 4.324, 3.543, 2.502, 1.231, -0.2441, -1.923, -3.73, -5.6, -7.453, -9.01, -10.03, -10.23, -9.42, -7.56, -4.67, -0.9277, 3.34, 7.715, 11.7, 14.77, 16.45, 16.72, 15.79, 14.03, 11.805, 9.4, 6.97, 4.734, 2.879, 1.577, 0.96, 1.004, 1.566, 2.432
3.035, 3.703, 3.84, 3.39, 2.414, 1.076, -0.3838, -1.701, -2.629, -2.996, -2.75, -1.949, -0.831, 0.2406, 0.9683, 1.161, 0.795, -0.01233, -1.039, -2.047, -2.873, -3.35, -3.398, -2.967, -2.055, -0.745, 0.9272, 2.777, 4.664, 6.457, 7.97, 9.14, 9.87, 10.23, 10.23, 9.98, 9.49, 8.88, 8.14, 7.297, 6.316, 5.19, 3.941, 2.541, 1.079, -0.3667, -1.6875, -2.768, -3.453, -3.62, -3.213, -2.305, -1.106, 0.05856, 0.852, 1.058, 0.6274, -0.3494, -1.725, -3.277, -4.8, -6.223, -7.406, -8.234, -8.7, -8.79, -8.46, -7.777, -6.848, -5.78, -4.85, -4.156, -3.807, -3.943, -4.61, -5.78, -7.48, -9.59, -12.09, -14.82, -17.69, -20.58, -23.25, -25.48, -27.08, -27.81, -27.42, -25.81, -22.94, -18.98, -14.19, -9.1, -4.164, 0.1998, 3.756, 6.336, 7.883, 8.56, 8.586, 8.06, 7.195, 6.223, 5.254, 4.285, 3.4, 2.646, 2.008, 1.448, 0.919, 0.3364, -0.3645, -1.304, -2.549, -4.145, -6.043, -8.266, -10.76, -13.39, -16.12, -18.86, -21.58, -24.1, -26.38, -28.36, -29.94, -31.12, -31.77, -31.84, -31.44, -30.44, -28.86, -26.73, -24.11, -21.03, -17.56, -13.8, -9.84, -5.754, -1.585, 2.49, 6.42, 10.08, 13.41, 16.31, 18.69, 20.6, 21.95, 22.72, 22.95, 22.58, 21.72, 20.34, 18.5, 16.28, 13.875, 11.41, 9.164, 7.203, 5.613, 4.52, 3.836, 3.506, 3.436, 3.469, 3.438, 3.281, 2.912, 2.285, 1.42, 0.3333, -0.987, -2.518, -4.203, -6.004, -7.805, -9.305, -10.305, -10.47, -9.57, -7.645, -4.59, -0.709, 3.703, 8.25, 12.32, 15.44, 17.14, 17.4, 16.5, 14.74, 12.5, 10.0, 7.49, 5.082, 3.02, 1.534, 0.729, 0.642, 1.17, 2.092
2.746, 3.543, 3.758, 3.332, 2.342, 0.9995, -0.4526, -1.738, -2.596, -2.812, -2.379, -1.398, -0.1282, 1.043, 1.762, 1.885, 1.411, 0.506, -0.6104, -1.695, -2.61, -3.205, -3.361, -3.037, -2.234, -1.018, 0.534, 2.299, 4.12, 5.867, 7.38, 8.56, 9.336, 9.69, 9.72, 9.47, 9.0, 8.38, 7.65, 6.793, 5.81, 4.668, 3.428, 2.08, 0.659, -0.7275, -1.956, -2.928, -3.502, -3.54, -2.977, -1.916, -0.596, 0.6777, 1.524, 1.727, 1.28, 0.2666, -1.126, -2.709, -4.285, -5.78, -7.094, -8.11, -8.77, -9.06, -8.95, -8.51, -7.746, -6.87, -5.98, -5.273, -4.848, -4.85, -5.367, -6.426, -7.973, -9.98, -12.33, -15.01, -17.81, -20.67, -23.31, -25.58, -27.16, -27.78, -27.27, -25.5, -22.45, -18.31, -13.41, -8.24, -3.27, 1.053, 4.465, 6.883, 8.31, 8.9, 8.84, 8.3, 7.414, 6.465, 5.527, 4.625, 3.816, 3.127, 2.56, 2.068, 1.604, 1.083, 0.4412, -0.4463, -1.656, -3.205, -5.08, -7.207, -9.65, -12.266, -15.08, -17.86, -20.62, -23.25, -25.69, -27.78, -29.6, -30.95, -31.84, -32.2, -32.03, -31.27, -29.94, -28.03, -25.66, -22.75, -19.47, -15.8, -11.945, -7.875, -3.73, 0.3738, 4.336, 8.086, 11.57, 14.63, 17.22, 19.31, 20.84, 21.86, 22.23, 22.03, 21.25, 19.92, 18.06, 15.82, 13.305, 10.68, 8.26, 6.14, 4.43, 3.209, 2.379, 1.94, 1.811, 1.817, 1.86, 1.82, 1.576, 1.13, 0.4556, -0.4597, -1.623, -3.047, -4.703, -6.477, -8.21, -9.67, -10.6, -10.695, -9.766, -7.73, -4.57, -0.5664, 3.982, 8.62, 12.79, 15.96, 17.72, 18.03, 17.11, 15.36, 13.09, 10.53, 7.902, 5.355, 3.125, 1.455, 0.47, 0.2423, 0.7134, 1.676
2.371, 3.312, 3.635, 3.254, 2.281, 0.946, -0.509, -1.756, -2.508, -2.594, -1.972, -0.7896, 0.6245, 1.873, 2.605, 2.66, 2.107, 1.132, -0.05527, -1.228, -2.215, -2.908, -3.184, -2.975, -2.295, -1.201, 0.2363, 1.915, 3.662, 5.363, 6.85, 8.0, 8.79, 9.164, 9.2, 8.984, 8.55, 7.918, 7.176, 6.3, 5.312, 4.19, 2.941, 1.599, 0.2244, -1.099, -2.258, -3.125, -3.564, -3.443, -2.723, -1.522, -0.0818, 1.267, 2.172, 2.398, 1.938, 0.92, -0.4797, -2.072, -3.707, -5.28, -6.72, -7.895, -8.72, -9.22, -9.33, -9.086, -8.52, -7.8, -6.98, -6.316, -5.906, -5.824, -6.227, -7.145, -8.54, -10.42, -12.63, -15.21, -17.97, -20.78, -23.4, -25.66, -27.16, -27.69, -27.03, -25.08, -21.95, -17.67, -12.74, -7.516, -2.523, 1.721, 5.043, 7.375, 8.71, 9.21, 9.055, 8.5, 7.64, 6.74, 5.797, 4.945, 4.23, 3.625, 3.143, 2.73, 2.309, 1.844, 1.238, 0.3926, -0.748, -2.229, -4.055, -6.168, -8.57, -11.2, -13.945, -16.78, -19.52, -22.25, -24.83, -27.14, -29.11, -30.69, -31.78, -32.44, -32.5, -32.0, -30.9, -29.19, -27.03, -24.38, -21.25, -17.73, -13.98, -10.03, -5.906, -1.764, 2.271, 6.105, 9.68, 12.91, 15.695, 17.98, 19.8, 21.0, 21.55, 21.5, 20.86, 19.61, 17.77, 15.49, 12.9, 10.17, 7.617, 5.348, 3.475, 2.088, 1.152, 0.632, 0.437, 0.443, 0.5244, 0.562, 0.4683, 0.1726, -0.362, -1.152, -2.225, -3.598, -5.25, -7.004, -8.68, -10.08, -10.93, -10.98, -10.02, -7.906, -4.652, -0.5537, 4.117, 8.84, 13.1, 16.28, 18.14, 18.45, 17.6, 15.836, 13.55, 10.91, 8.195, 5.54, 3.191, 1.322, 0.1627, -0.202, 0.19, 1.177
1.914, 3.002, 3.443, 3.164, 2.244, 0.926, -0.5156, -1.724, -2.38, -2.305, -1.502, -0.149, 1.379, 2.703, 3.451, 3.49, 2.895, 1.863, 0.6216, -0.6235, -1.69, -2.473, -2.873, -2.8, -2.258, -1.316, -0.01281, 1.568, 3.24, 4.87, 6.316, 7.465, 8.266, 8.68, 8.72, 8.52, 8.09, 7.477, 6.734, 5.84, 4.86, 3.729, 2.451, 1.109, -0.2183, -1.489, -2.564, -3.34, -3.648, -3.385, -2.512, -1.179, 0.361, 1.793, 2.758, 3.027, 2.6, 1.6045, 0.2227, -1.369, -3.047, -4.676, -6.223, -7.543, -8.57, -9.29, -9.58, -9.54, -9.18, -8.63, -7.95, -7.324, -6.926, -6.82, -7.098, -7.87, -9.15, -10.875, -13.0, -15.445, -18.11, -20.88, -23.47, -25.66, -27.11, -27.56, -26.81, -24.7, -21.42, -17.05, -11.99, -6.746, -1.833, 2.387, 5.61, 7.836, 9.1, 9.51, 9.32, 8.695, 7.875, 6.977, 6.074, 5.285, 4.68, 4.17, 3.771, 3.412, 3.035, 2.607, 2.045, 1.236, 0.1292, -1.297, -3.078, -5.145, -7.47, -10.07, -12.82, -15.64, -18.53, -21.25, -23.95, -26.4, -28.53, -30.38, -31.7, -32.53, -32.8, -32.56, -31.67, -30.27, -28.28, -25.8, -22.89, -19.58, -15.89, -12.0, -7.96, -3.85, 0.1836, 4.11, 7.797, 11.18, 14.18, 16.66, 18.66, 20.06, 20.86, 21.08, 20.61, 19.47, 17.69, 15.414, 12.766, 9.97, 7.31, 4.914, 2.934, 1.413, 0.368, -0.2255, -0.488, -0.513, -0.4307, -0.3535, -0.3643, -0.568, -1.023, -1.764, -2.812, -4.215, -5.883, -7.664, -9.36, -10.664, -11.45, -11.44, -10.4, -8.195, -4.89, -0.7227, 4.066, 8.87, 13.18, 16.45, 18.33, 18.73, 17.92, 16.16, 13.79, 11.09, 8.28, 5.535, 3.086, 1.095, -0.2223, -0.722, -0.4014, 0.615
1.411, 2.63, 3.207, 3.035, 2.203, 0.928, -0.48, -1.648, -2.229, -2.012, -1.034, 0.4595, 2.104, 3.51, 4.312, 4.34, 3.73, 2.686, 1.423, 0.1008, -1.046, -1.917, -2.447, -2.535, -2.156, -1.361, -0.2094, 1.231, 2.824, 4.383, 5.78, 6.92, 7.715, 8.16, 8.26, 8.06, 7.64, 7.02, 6.258, 5.375, 4.37, 3.229, 1.951, 0.615, -0.699, -1.922, -2.92, -3.584, -3.758, -3.344, -2.334, -0.8843, 0.748, 2.256, 3.281, 3.623, 3.24, 2.264, 0.904, -0.6836, -2.377, -4.055, -5.68, -7.12, -8.336, -9.23, -9.72, -9.9, -9.76, -9.375, -8.836, -8.31, -7.93, -7.816, -8.055, -8.73, -9.84, -11.44, -13.414, -15.79, -18.34, -21.05, -23.6, -25.72, -27.11, -27.45, -26.56, -24.28, -20.83, -16.36, -11.266, -5.977, -1.088, 3.027, 6.14, 8.25, 9.44, 9.78, 9.516, 8.89, 8.07, 7.207, 6.375, 5.7, 5.188, 4.758, 4.438, 4.152, 3.81, 3.377, 2.834, 2.053, 0.975, -0.425, -2.135, -4.137, -6.38, -8.9, -11.63, -14.47, -17.34, -20.12, -22.94, -25.52, -27.81, -29.83, -31.38, -32.4, -32.94, -32.9, -32.28, -31.11, -29.38, -27.14, -24.36, -21.23, -17.7, -13.96, -9.97, -5.86, -1.793, 2.207, 6.0, 9.516, 12.66, 15.35, 17.6, 19.22, 20.28, 20.69, 20.4, 19.44, 17.84, 15.555, 12.98, 10.11, 7.387, 4.934, 2.873, 1.248, 0.11475, -0.5557, -0.907, -1.011, -0.9604, -0.861, -0.8726, -1.076, -1.537, -2.338, -3.48, -4.99, -6.715, -8.51, -10.18, -11.46, -12.125, -11.99, -10.84, -8.56, -5.227, -1.011, 3.816, 8.67, 13.02, 16.36, 18.31, 18.81, 18.03, 16.27, 13.84, 11.05, 8.13, 5.332, 2.814, 0.753, -0.661, -1.265, -1.012, 0.013885
0.828, 2.182, 2.934, 2.896, 2.135, 0.9043, -0.4504, -1.563, -2.074, -1.731, -0.5996, 1.045, 2.82, 4.297, 5.137, 5.207, 4.6, 3.564, 2.295, 0.9404, -0.296, -1.281, -1.946, -2.217, -2.02, -1.378, -0.3772, 0.909, 2.365, 3.854, 5.22, 6.344, 7.15, 7.617, 7.75, 7.574, 7.164, 6.543, 5.777, 4.863, 3.818, 2.672, 1.391, 0.05627, -1.232, -2.371, -3.27, -3.824, -3.873, -3.354, -2.227, -0.677, 1.061, 2.66, 3.748, 4.133, 3.803, 2.865, 1.521, -0.04675, -1.72, -3.41, -5.07, -6.645, -8.01, -9.08, -9.836, -10.2, -10.27, -10.09, -9.7, -9.28, -8.98, -8.84, -9.055, -9.625, -10.61, -12.086, -13.93, -16.12, -18.62, -21.2, -23.72, -25.81, -27.08, -27.28, -26.22, -23.8, -20.19, -15.6, -10.45, -5.184, -0.3237, 3.69, 6.71, 8.71, 9.78, 10.04, 9.7, 9.086, 8.25, 7.434, 6.703, 6.14, 5.727, 5.42, 5.152, 4.9, 4.58, 4.15, 3.592, 2.832, 1.779, 0.4272, -1.232, -3.166, -5.363, -7.824, -10.484, -13.26, -16.14, -19.06, -21.88, -24.6, -27.05, -29.2, -30.97, -32.22, -32.94, -33.12, -32.72, -31.78, -30.27, -28.25, -25.7, -22.73, -19.38, -15.69, -11.83, -7.793, -3.678, 0.3503, 4.203, 7.86, 11.164, 14.06, 16.52, 18.4, 19.72, 20.4, 20.36, 19.56, 18.08, 15.93, 13.42, 10.59, 7.93, 5.473, 3.39, 1.699, 0.4875, -0.3027, -0.7515, -0.9624, -0.9946, -0.966, -1.076, -1.382, -1.963, -2.93, -4.234, -5.87, -7.71, -9.56, -11.21, -12.445, -12.984, -12.734, -11.48, -9.1, -5.723, -1.42, 3.416, 8.3, 12.67, 16.05, 18.03, 18.64, 17.86, 16.1, 13.6, 10.72, 7.723, 4.863, 2.332, 0.262, -1.2, -1.876, -1.669, -0.6333
0.1608, 1.677, 2.6, 2.71, 2.045, 0.869, -0.436, -1.471, -1.887, -1.456, -0.2177, 1.542, 3.438, 5.01, 5.92, 6.06, 5.49, 4.473, 3.205, 1.8545, 0.5386, -0.585, -1.417, -1.859, -1.849, -1.394, -0.5537, 0.584, 1.901, 3.3, 4.62, 5.723, 6.54, 7.04, 7.195, 7.055, 6.656, 6.062, 5.293, 4.33, 3.258, 2.086, 0.804, -0.5103, -1.769, -2.848, -3.67, -4.12, -4.055, -3.41, -2.178, -0.528, 1.286, 2.941, 4.086, 4.53, 4.25, 3.371, 2.086, 0.5586, -1.098, -2.787, -4.527, -6.156, -7.633, -8.87, -9.85, -10.46, -10.79, -10.766, -10.56, -10.3, -10.055, -9.92, -10.1, -10.586, -11.516, -12.836, -14.516, -16.61, -19.02, -21.48, -23.89, -25.89, -27.03, -27.1, -25.81, -23.2, -19.47, -14.77, -9.55, -4.312, 0.433, 4.37, 7.258, 9.15, 10.09, 10.27, 9.93, 9.266, 8.5, 7.742, 7.117, 6.66, 6.34, 6.133, 5.918, 5.668, 5.35, 4.906, 4.32, 3.547, 2.508, 1.202, -0.392, -2.242, -4.367, -6.72, -9.336, -12.086, -14.95, -17.94, -20.8, -23.53, -26.16, -28.4, -30.39, -31.88, -32.88, -33.25, -33.1, -32.3, -31.02, -29.25, -26.89, -24.1, -20.84, -17.34, -13.58, -9.58, -5.543, -1.503, 2.441, 6.22, 9.67, 12.82, 15.516, 17.66, 19.27, 20.14, 20.34, 19.81, 18.56, 16.62, 14.21, 11.555, 8.99, 6.594, 4.51, 2.828, 1.529, 0.6064, 0.03906, -0.3145, -0.523, -0.697, -1.006, -1.505, -2.324, -3.541, -5.07, -6.92, -8.9, -10.836, -12.49, -13.62, -14.06, -13.63, -12.23, -9.77, -6.312, -1.997, 2.842, 7.758, 12.11, 15.49, 17.5, 18.11, 17.4, 15.61, 13.09, 10.12, 7.07, 4.145, 1.592, -0.4495, -1.884, -2.594, -2.428, -1.395
-0.564, 1.081, 2.176, 2.441, 1.899, 0.817, -0.411, -1.376, -1.721, -1.222, 0.09216, 1.961, 3.96, 5.637, 6.637, 6.84, 6.355, 5.38, 4.133, 2.775, 1.412, 0.1666, -0.8267, -1.447, -1.639, -1.388, -0.734, 0.2399, 1.43, 2.715, 3.977, 5.074, 5.9, 6.402, 6.61, 6.508, 6.137, 5.547, 4.76, 3.791, 2.701, 1.495, 0.2018, -1.095, -2.316, -3.348, -4.098, -4.44, -4.266, -3.48, -2.158, -0.4412, 1.441, 3.158, 4.332, 4.824, 4.61, 3.775, 2.553, 1.076, -0.5356, -2.229, -3.969, -5.668, -7.254, -8.64, -9.82, -10.68, -11.2, -11.445, -11.43, -11.27, -11.125, -11.07, -11.21, -11.65, -12.45, -13.64, -15.23, -17.22, -19.48, -21.88, -24.14, -26.02, -26.98, -26.86, -25.42, -22.56, -18.64, -13.84, -8.61, -3.39, 1.265, 5.105, 7.89, 9.64, 10.47, 10.58, 10.19, 9.52, 8.81, 8.164, 7.65, 7.305, 7.06, 6.9, 6.73, 6.465, 6.1, 5.63, 5.027, 4.215, 3.174, 1.915, 0.3696, -1.381, -3.395, -5.69, -8.234, -10.96, -13.766, -16.69, -19.66, -22.48, -25.16, -27.64, -29.72, -31.39, -32.56, -33.2, -33.22, -32.72, -31.61, -29.97, -27.9, -25.25, -22.27, -18.86, -15.164, -11.27, -7.305, -3.254, 0.765, 4.66, 8.24, 11.54, 14.47, 16.86, 18.7, 19.88, 20.38, 20.14, 19.16, 17.5, 15.34, 12.9, 10.49, 8.25, 6.25, 4.586, 3.22, 2.203, 1.433, 0.8438, 0.3767, -0.075, -0.668, -1.504, -2.648, -4.176, -6.066, -8.15, -10.3, -12.33, -13.96, -14.95, -15.22, -14.63, -13.04, -10.5, -6.965, -2.648, 2.154, 7.027, 11.36, 14.72, 16.78, 17.39, 16.64, 14.83, 12.22, 9.22, 6.1, 3.17, 0.63, -1.356, -2.74, -3.416, -3.232, -2.193
-1.325, 0.4375, 1.696, 2.1, 1.696, 0.736, -0.4114, -1.318, -1.59, -1.027, 0.3574, 2.312, 4.41, 6.176, 7.26, 7.574, 7.184, 6.258, 5.047, 3.686, 2.3, 0.9595, -0.1707, -0.962, -1.353, -1.323, -0.883, -0.08014, 0.9688, 2.13, 3.322, 4.375, 5.207, 5.742, 5.977, 5.895, 5.543, 4.965, 4.188, 3.213, 2.113, 0.883, -0.435, -1.738, -2.924, -3.889, -4.555, -4.785, -4.484, -3.576, -2.164, -0.3677, 1.563, 3.277, 4.496, 5.02, 4.855, 4.086, 2.924, 1.512, -0.06915, -1.725, -3.453, -5.168, -6.84, -8.39, -9.75, -10.805, -11.59, -12.07, -12.24, -12.29, -12.24, -12.24, -12.39, -12.805, -13.55, -14.61, -16.1, -17.94, -20.08, -22.28, -24.45, -26.14, -27.0, -26.6, -24.88, -21.86, -17.67, -12.766, -7.496, -2.31, 2.252, 5.92, 8.57, 10.16, 10.88, 10.914, 10.5, 9.83, 9.17, 8.66, 8.27, 8.02, 7.87, 7.75, 7.58, 7.28, 6.86, 6.316, 5.65, 4.83, 3.773, 2.55, 1.098, -0.6084, -2.527, -4.72, -7.168, -9.82, -12.59, -15.49, -18.44, -21.3, -24.12, -26.72, -28.98, -30.8, -32.12, -32.94, -33.22, -32.9, -32.0, -30.55, -28.64, -26.3, -23.45, -20.23, -16.72, -12.9, -8.945, -4.918, -0.8887, 3.047, 6.797, 10.29, 13.39, 16.03, 18.11, 19.66, 20.42, 20.52, 19.84, 18.5, 16.7, 14.58, 12.42, 10.336, 8.53, 6.926, 5.5, 4.336, 3.34, 2.475, 1.671, 0.865, -0.1278, -1.3955, -2.98, -4.91, -7.15, -9.516, -11.91, -14.02, -15.586, -16.44, -16.52, -15.71, -13.94, -11.24, -7.703, -3.383, 1.38, 6.152, 10.414, 13.734, 15.73, 16.31, 15.555, 13.68, 11.03, 7.98, 4.844, 1.903, -0.57, -2.482, -3.75, -4.34, -4.125, -3.041
-2.123, -0.226, 1.161, 1.713, 1.442, 0.6055, -0.4517, -1.299, -1.511, -0.885, 0.5483, 2.56, 4.746, 6.617, 7.79, 8.19, 7.906, 7.074, 5.906, 4.56, 3.162, 1.774, 0.537, -0.4082, -0.9985, -1.188, -0.9644, -0.3555, 0.5366, 1.576, 2.662, 3.67, 4.49, 5.04, 5.305, 5.27, 4.953, 4.395, 3.617, 2.63, 1.505, 0.2455, -1.063, -2.379, -3.53, -4.445, -4.996, -5.113, -4.67, -3.674, -2.193, -0.33, 1.624, 3.354, 4.574, 5.145, 4.996, 4.293, 3.205, 1.854, 0.34, -1.274, -2.959, -4.69, -6.43, -8.13, -9.65, -10.91, -11.88, -12.586, -12.99, -13.23, -13.34, -13.43, -13.625, -14.016, -14.68, -15.67, -17.03, -18.72, -20.7, -22.8, -24.81, -26.31, -26.9, -26.28, -24.33, -21.02, -16.61, -11.53, -6.223, -1.121, 3.31, 6.844, 9.3, 10.72, 11.32, 11.24, 10.79, 10.2, 9.69, 9.29, 9.016, 8.89, 8.79, 8.67, 8.47, 8.11, 7.6, 6.96, 6.223, 5.375, 4.324, 3.111, 1.737, 0.11835, -1.715, -3.764, -6.08, -8.64, -11.34, -14.24, -17.17, -20.11, -22.98, -25.69, -28.0, -30.06, -31.6, -32.53, -33.03, -32.97, -32.28, -31.03, -29.34, -27.11, -24.48, -21.42, -18.02, -14.34, -10.5, -6.54, -2.498, 1.481, 5.332, 8.984, 12.27, 15.16, 17.5, 19.3, 20.42, 20.86, 20.55, 19.62, 18.2, 16.4, 14.56, 12.81, 11.18, 9.66, 8.22, 6.9, 5.67, 4.49, 3.246, 1.981, 0.531, -1.16, -3.238, -5.668, -8.28, -11.0, -13.586, -15.74, -17.2, -17.95, -17.81, -16.78, -14.84, -12.0, -8.32, -4.062, 0.5977, 5.22, 9.375, 12.55, 14.43, 14.914, 14.11, 12.21, 9.5, 6.42, 3.271, 0.3604, -2.037, -3.85, -4.977, -5.426, -5.117, -3.938
-2.988, -0.943, 0.5923, 1.306, 1.176, 0.4565, -0.495, -1.269, -1.441, -0.789, 0.671, 2.72, 4.945, 6.883, 8.19, 8.695, 8.52, 7.797, 6.695, 5.367, 3.98, 2.578, 1.265, 0.1736, -0.601, -0.997, -0.9893, -0.5913, 0.128, 1.042, 2.037, 2.977, 3.781, 4.348, 4.645, 4.633, 4.355, 3.83, 3.059, 2.057, 0.902, -0.3577, -1.691, -2.988, -4.125, -4.96, -5.42, -5.41, -4.855, -3.764, -2.188, -0.306, 1.653, 3.383, 4.59, 5.15, 5.043, 4.395, 3.357, 2.07, 0.6567, -0.8765, -2.516, -4.26, -6.07, -7.87, -9.54, -11.01, -12.164, -13.09, -13.73, -14.15, -14.38, -14.6, -14.836, -15.24, -15.9, -16.8, -18.03, -19.64, -21.47, -23.38, -25.2, -26.44, -26.75, -25.83, -23.52, -19.9, -15.34, -10.14, -4.824, 0.2136, 4.504, 7.844, 10.08, 11.34, 11.78, 11.67, 11.234, 10.75, 10.33, 10.1, 9.97, 9.875, 9.805, 9.664, 9.38, 8.945, 8.34, 7.598, 6.754, 5.832, 4.78, 3.61, 2.299, 0.798, -0.9243, -2.861, -5.06, -7.484, -10.13, -13.01, -15.914, -18.89, -21.78, -24.55, -27.1, -29.22, -30.9, -32.06, -32.7, -32.8, -32.28, -31.23, -29.75, -27.75, -25.34, -22.52, -19.3, -15.695, -11.96, -8.05, -4.008, -0.0159, 3.87, 7.61, 11.055, 14.13, 16.77, 18.83, 20.27, 21.11, 21.25, 20.75, 19.77, 18.38, 16.89, 15.47, 14.04, 12.63, 11.21, 9.766, 8.305, 6.715, 5.023, 3.291, 1.334, -0.8794, -3.514, -6.453, -9.484, -12.5, -15.17, -17.31, -18.77, -19.33, -19.0, -17.78, -15.61, -12.63, -8.94, -4.695, -0.11487, 4.316, 8.27, 11.3, 13.03, 13.35, 12.43, 10.414, 7.664, 4.555, 1.421, -1.399, -3.715, -5.395, -6.37, -6.63, -6.188, -4.92
-3.902, -1.719, -0.001099, 0.892, 0.9165, 0.3203, -0.529, -1.238, -1.383, -0.729, 0.739, 2.783, 5.0, 7.004, 8.43, 9.08, 9.01, 8.375, 7.355, 6.125, 4.777, 3.371, 2.021, 0.8022, -0.1613, -0.765, -0.959, -0.749, -0.2124, 0.5547, 1.441, 2.314, 3.092, 3.662, 3.975, 3.984, 3.73, 3.234, 2.475, 1.476, 0.3027, -0.979, -2.32, -3.605, -4.688, -5.453, -5.79, -5.676, -5.016, -3.814, -2.184, -0.3086, 1.617, 3.309, 4.492, 5.03, 4.96, 4.367, 3.387, 2.193, 0.8774, -0.589, -2.178, -3.885, -5.723, -7.617, -9.44, -11.04, -12.414, -13.53, -14.42, -15.02, -15.47, -15.79, -16.14, -16.56, -17.2, -18.05, -19.2, -20.66, -22.3, -24.02, -25.58, -26.56, -26.6, -25.3, -22.6, -18.72, -13.88, -8.555, -3.227, 1.682, 5.78, 8.88, 10.91, 11.95, 12.336, 12.18, 11.836, 11.47, 11.18, 11.086, 11.055, 10.98, 10.89, 10.66, 10.266, 9.72, 9.016, 8.17, 7.223, 6.246, 5.203, 4.043, 2.781, 1.362, -0.2423, -2.053, -4.105, -6.418, -8.99, -11.72, -14.625, -17.6, -20.58, -23.38, -26.0, -28.25, -30.05, -31.31, -32.12, -32.44, -32.1, -31.25, -29.97, -28.23, -26.03, -23.36, -20.28, -16.92, -13.336, -9.516, -5.51, -1.534, 2.367, 6.188, 9.79, 13.04, 15.87, 18.27, 20.1, 21.23, 21.83, 21.77, 21.22, 20.31, 19.22, 18.1, 16.94, 15.67, 14.29, 12.72, 10.99, 9.04, 6.92, 4.68, 2.186, -0.6245, -3.787, -7.176, -10.664, -13.92, -16.7, -18.83, -20.14, -20.53, -20.0, -18.53, -16.22, -13.125, -9.41, -5.195, -0.763, 3.473, 7.21, 9.945, 11.43, 11.57, 10.48, 8.336, 5.523, 2.387, -0.674, -3.408, -5.605, -7.098, -7.855, -7.945, -7.344, -5.94
-4.824, -2.494, -0.6064, 0.462, 0.642, 0.182, -0.5483, -1.185, -1.308, -0.672, 0.7534, 2.768, 4.977, 7.004, 8.5, 9.29, 9.34, 8.805, 7.887, 6.766, 5.492, 4.12, 2.752, 1.45, 0.3445, -0.4421, -0.838, -0.8374, -0.482, 0.1309, 0.8896, 1.687, 2.4, 2.97, 3.305, 3.355, 3.135, 2.664, 1.921, 0.928, -0.2605, -1.583, -2.93, -4.18, -5.188, -5.87, -6.11, -5.867, -5.117, -3.855, -2.2, -0.334, 1.543, 3.168, 4.305, 4.832, 4.773, 4.227, 3.32, 2.217, 1.006, -0.358, -1.876, -3.557, -5.418, -7.375, -9.27, -11.08, -12.68, -14.016, -15.1, -15.93, -16.55, -17.0, -17.42, -17.94, -18.53, -19.34, -20.39, -21.7, -23.17, -24.69, -25.97, -26.64, -26.33, -24.6, -21.56, -17.33, -12.28, -6.855, -1.54, 3.26, 7.15, 9.97, 11.805, 12.69, 12.92, 12.836, 12.6, 12.37, 12.26, 12.21, 12.23, 12.15, 12.01, 11.67, 11.13, 10.44, 9.63, 8.664, 7.617, 6.562, 5.496, 4.37, 3.182, 1.867, 0.3442, -1.35, -3.248, -5.42, -7.85, -10.484, -13.3, -16.25, -19.19, -22.1, -24.8, -27.14, -29.05, -30.53, -31.52, -31.86, -31.75, -31.1, -30.02, -28.44, -26.4, -23.94, -21.16, -17.95, -14.54, -10.836, -6.977, -3.1, 0.8086, 4.684, 8.35, 11.72, 14.77, 17.45, 19.62, 21.19, 22.23, 22.58, 22.48, 22.0, 21.33, 20.5, 19.64, 18.58, 17.25, 15.61, 13.625, 11.33, 8.766, 6.0, 3.014, -0.3218, -3.98, -7.86, -11.64, -15.13, -18.0, -20.06, -21.25, -21.47, -20.72, -19.06, -16.61, -13.41, -9.67, -5.523, -1.259, 2.764, 6.16, 8.57, 9.766, 9.664, 8.34, 6.082, 3.197, 0.0518, -2.967, -5.59, -7.668, -8.98, -9.54, -9.39, -8.58, -6.99
-5.746, -3.227, -1.18, 0.06836, 0.405, 0.05072, -0.574, -1.119, -1.229, -0.6426, 0.692, 2.635, 4.83, 6.867, 8.42, 9.29, 9.46, 9.06, 8.266, 7.242, 6.09, 4.805, 3.459, 2.133, 0.9175, -0.0385, -0.645, -0.8794, -0.731, -0.261, 0.387, 1.096, 1.762, 2.303, 2.648, 2.732, 2.553, 2.098, 1.37, 0.3857, -0.804, -2.137, -3.475, -4.684, -5.64, -6.24, -6.355, -6.016, -5.18, -3.857, -2.205, -0.3586, 1.421, 2.943, 4.04, 4.55, 4.496, 3.98, 3.176, 2.19, 1.08, -0.1996, -1.648, -3.295, -5.168, -7.17, -9.164, -11.11, -12.9, -14.44, -15.75, -16.78, -17.6, -18.25, -18.78, -19.33, -19.95, -20.69, -21.64, -22.8, -24.12, -25.34, -26.36, -26.64, -25.89, -23.8, -20.34, -15.77, -10.47, -5.004, 0.2827, 4.902, 8.56, 11.15, 12.76, 13.49, 13.7, 13.67, 13.54, 13.45, 13.516, 13.5, 13.49, 13.38, 13.09, 12.6, 11.914, 11.08, 10.13, 9.086, 7.957, 6.832, 5.75, 4.63, 3.469, 2.266, 0.899, -0.6587, -2.416, -4.438, -6.74, -9.28, -11.97, -14.86, -17.81, -20.73, -23.5, -25.89, -27.95, -29.52, -30.61, -31.11, -31.17, -30.7, -29.8, -28.39, -26.56, -24.4, -21.8, -18.86, -15.61, -12.09, -8.375, -4.594, -0.709, 3.129, 6.83, 10.33, 13.55, 16.42, 18.84, 20.83, 22.22, 23.05, 23.45, 23.42, 23.1, 22.64, 21.97, 21.08, 19.88, 18.2, 15.99, 13.38, 10.445, 7.207, 3.744, -0.05328, -4.14, -8.375, -12.49, -16.14, -19.02, -21.02, -22.06, -22.12, -21.19, -19.34, -16.73, -13.44, -9.67, -5.637, -1.564, 2.195, 5.21, 7.25, 8.1, 7.676, 6.15, 3.691, 0.7275, -2.393, -5.36, -7.89, -9.79, -10.95, -11.32, -10.945, -9.92, -8.12
-6.727, -3.979, -1.741, -0.3184, 0.2079, 0.005844, -0.549, -1.056, -1.174, -0.6533, 0.598, 2.432, 4.555, 6.605, 8.19, 9.16, 9.42, 9.16, 8.5, 7.613, 6.58, 5.395, 4.11, 2.787, 1.514, 0.4187, -0.3967, -0.8564, -0.9165, -0.633, -0.10913, 0.512, 1.124, 1.641, 1.988, 2.107, 1.96, 1.538, 0.829, -0.1412, -1.328, -2.635, -3.955, -5.13, -6.023, -6.53, -6.562, -6.117, -5.188, -3.838, -2.182, -0.4065, 1.29, 2.71, 3.713, 4.188, 4.137, 3.678, 2.973, 2.1, 1.079, -0.10834, -1.471, -3.064, -4.938, -6.99, -9.11, -11.2, -13.14, -14.85, -16.34, -17.58, -18.61, -19.44, -20.16, -20.77, -21.39, -22.11, -22.92, -23.94, -24.98, -25.98, -26.61, -26.55, -25.4, -22.81, -18.89, -13.99, -8.51, -2.969, 2.238, 6.676, 10.07, 12.39, 13.77, 14.414, 14.66, 14.72, 14.74, 14.83, 14.9, 14.914, 14.82, 14.555, 14.11, 13.414, 12.56, 11.59, 10.51, 9.375, 8.22, 7.055, 5.94, 4.832, 3.727, 2.594, 1.367, -0.0378, -1.653, -3.518, -5.676, -8.08, -10.7, -13.51, -16.39, -19.31, -22.12, -24.6, -26.69, -28.36, -29.52, -30.14, -30.34, -30.1, -29.33, -28.16, -26.61, -24.61, -22.25, -19.56, -16.55, -13.24, -9.73, -6.023, -2.254, 1.512, 5.2, 8.766, 12.13, 15.164, 17.83, 20.08, 21.84, 23.1, 23.95, 24.36, 24.42, 24.23, 23.84, 23.14, 21.98, 20.27, 17.92, 15.04, 11.8, 8.234, 4.39, 0.2042, -4.25, -8.8, -13.1, -16.83, -19.73, -21.62, -22.5, -22.38, -21.28, -19.31, -16.53, -13.195, -9.44, -5.477, -1.663, 1.747, 4.37, 6.01, 6.44, 5.65, 3.844, 1.243, -1.775, -4.883, -7.793, -10.24, -12.05, -13.02, -13.21, -12.586, -11.305, -9.3
-7.727, -4.734, -2.256, -0.674, 0.0088, -0.05408, -0.5234, -0.9897, -1.114, -0.6553, 0.4858, 2.193, 4.223, 6.234, 7.832, 8.85, 9.24, 9.1, 8.56, 7.793, 6.902, 5.887, 4.703, 3.416, 2.1, 0.883, -0.10724, -0.7617, -1.033, -0.942, -0.571, -0.04642, 0.5083, 1.006, 1.349, 1.475, 1.353, 0.976, 0.3022, -0.647, -1.815, -3.105, -4.387, -5.54, -6.367, -6.78, -6.715, -6.164, -5.164, -3.775, -2.143, -0.4287, 1.16, 2.453, 3.357, 3.79, 3.744, 3.336, 2.707, 1.9375, 1.034, -0.05862, -1.353, -2.898, -4.754, -6.836, -9.04, -11.234, -13.29, -15.18, -16.9, -18.38, -19.58, -20.55, -21.42, -22.1, -22.8, -23.44, -24.19, -24.97, -25.84, -26.5, -26.83, -26.33, -24.67, -21.56, -17.23, -12.03, -6.37, -0.83, 4.246, 8.44, 11.56, 13.64, 14.9, 15.516, 15.84, 16.0, 16.16, 16.31, 16.38, 16.3, 16.06, 15.62, 14.98, 14.12, 13.11, 11.97, 10.81, 9.58, 8.34, 7.188, 6.098, 5.016, 3.959, 2.902, 1.791, 0.524, -0.927, -2.639, -4.633, -6.902, -9.4, -12.14, -14.945, -17.8, -20.62, -23.17, -25.34, -27.03, -28.28, -29.02, -29.3, -29.19, -28.61, -27.66, -26.33, -24.61, -22.48, -20.08, -17.33, -14.266, -10.95, -7.453, -3.818, -0.124, 3.516, 7.047, 10.43, 13.61, 16.47, 18.94, 20.98, 22.67, 23.9, 24.72, 25.12, 25.27, 25.03, 24.5, 23.42, 21.73, 19.31, 16.3, 12.79, 9.0, 4.88, 0.4473, -4.31, -9.08, -13.53, -17.25, -20.08, -21.88, -22.64, -22.31, -21.08, -18.92, -16.02, -12.65, -8.92, -5.125, -1.53, 1.518, 3.717, 4.906, 4.883, 3.707, 1.635, -1.113, -4.195, -7.363, -10.25, -12.65, -14.37, -15.23, -15.22, -14.4, -12.805, -10.51
-8.67, -5.484, -2.775, -1.011, -0.1987, -0.1544, -0.5337, -0.9355, -1.055, -0.674, 0.3518, 1.944, 3.84, 5.77, 7.363, 8.42, 8.92, 8.875, 8.48, 7.863, 7.113, 6.266, 5.22, 3.992, 2.658, 1.378, 0.242, -0.5903, -1.061, -1.177, -0.9795, -0.5825, -0.0974, 0.3635, 0.695, 0.8237, 0.737, 0.4019, -0.2467, -1.183, -2.318, -3.582, -4.81, -5.875, -6.61, -6.93, -6.777, -6.145, -5.086, -3.691, -2.121, -0.5186, 0.9683, 2.162, 2.96, 3.322, 3.27, 2.926, 2.387, 1.736, 0.953, -0.02686, -1.241, -2.758, -4.605, -6.723, -8.98, -11.234, -13.48, -15.55, -17.45, -19.1, -20.45, -21.62, -22.66, -23.44, -24.11, -24.7, -25.36, -25.98, -26.61, -27.0, -26.94, -25.97, -23.72, -20.12, -15.42, -9.914, -4.1, 1.411, 6.29, 10.23, 13.11, 14.99, 16.16, 16.8, 17.23, 17.58, 17.8, 17.92, 17.89, 17.66, 17.19, 16.55, 15.65, 14.625, 13.484, 12.22, 10.98, 9.7, 8.47, 7.3, 6.19, 5.152, 4.15, 3.182, 2.188, 1.055, -0.2688, -1.838, -3.67, -5.773, -8.15, -10.76, -13.5, -16.3, -19.0, -21.62, -23.86, -25.64, -26.94, -27.7, -28.08, -28.08, -27.7, -26.9, -25.81, -24.36, -22.56, -20.38, -17.86, -15.07, -12.0, -8.73, -5.297, -1.79, 1.678, 5.16, 8.57, 11.79, 14.72, 17.39, 19.72, 21.64, 23.2, 24.34, 25.14, 25.56, 25.6, 25.22, 24.23, 22.5, 20.02, 16.9, 13.34, 9.445, 5.207, 0.5703, -4.36, -9.21, -13.65, -17.36, -20.1, -21.75, -22.36, -21.94, -20.47, -18.23, -15.266, -11.83, -8.13, -4.508, -1.187, 1.4795, 3.254, 3.936, 3.45, 1.893, -0.4475, -3.379, -6.57, -9.836, -12.734, -15.19, -16.88, -17.6, -17.36, -16.22, -14.34, -11.75
-9.625, -6.168, -3.258, -1.316, -0.3796, -0.2598, -0.585, -0.9414, -1.041, -0.7017, 0.2168, 1.666, 3.438, 5.24, 6.78, 7.867, 8.414, 8.51, 8.234, 7.79, 7.203, 6.508, 5.613, 4.5, 3.195, 1.871, 0.6504, -0.3489, -1.027, -1.343, -1.327, -1.096, -0.716, -0.3132, 0.0058, 0.145, 0.07526, -0.2369, -0.8477, -1.734, -2.82, -4.03, -5.195, -6.156, -6.805, -7.016, -6.77, -6.066, -4.984, -3.621, -2.113, -0.6226, 0.7246, 1.794, 2.494, 2.8, 2.775, 2.502, 2.04, 1.485, 0.809, -0.0492, -1.175, -2.648, -4.484, -6.617, -8.92, -11.266, -13.59, -15.82, -17.9, -19.69, -21.28, -22.62, -23.7, -24.62, -25.33, -25.88, -26.44, -26.81, -27.19, -27.3, -26.84, -25.38, -22.58, -18.47, -13.36, -7.586, -1.714, 3.76, 8.46, 12.1, 14.734, 16.45, 17.58, 18.38, 18.9, 19.3, 19.53, 19.55, 19.33, 18.89, 18.16, 17.28, 16.16, 14.99, 13.68, 12.34, 11.03, 9.76, 8.51, 7.38, 6.285, 5.27, 4.348, 3.424, 2.521, 1.522, 0.3464, -1.063, -2.73, -4.68, -6.938, -9.42, -12.055, -14.75, -17.44, -20.0, -22.25, -24.16, -25.47, -26.31, -26.7, -26.75, -26.47, -25.94, -25.08, -23.84, -22.31, -20.42, -18.25, -15.65, -12.88, -9.914, -6.727, -3.447, -0.13, 3.229, 6.53, 9.695, 12.69, 15.48, 17.94, 20.05, 21.92, 23.42, 24.44, 25.06, 25.38, 25.08, 24.19, 22.47, 20.06, 16.97, 13.42, 9.5, 5.273, 0.6133, -4.37, -9.234, -13.62, -17.2, -19.81, -21.36, -21.83, -21.22, -19.58, -17.19, -14.164, -10.69, -7.1, -3.63, -0.6226, 1.623, 2.91, 3.086, 2.162, 0.257, -2.404, -5.65, -9.125, -12.51, -15.57, -17.97, -19.52, -20.08, -19.61, -18.11, -15.88, -12.984
-10.51, -6.8, -3.725, -1.638, -0.593, -0.3774, -0.637, -0.973, -1.08, -0.766, 0.0816, 1.406, 3.025, 4.7, 6.17, 7.246, 7.848, 8.03, 7.887, 7.59, 7.184, 6.66, 5.94, 4.95, 3.715, 2.373, 1.064, -0.07153, -0.927, -1.438, -1.619, -1.554, -1.307, -0.996, -0.7183, -0.571, -0.635, -0.9204, -1.493, -2.322, -3.344, -4.45, -5.516, -6.4, -6.934, -7.062, -6.715, -5.97, -4.887, -3.56, -2.133, -0.7407, 0.4878, 1.422, 2.018, 2.264, 2.248, 2.043, 1.681, 1.221, 0.655, -0.08624, -1.135, -2.57, -4.367, -6.5, -8.82, -11.27, -13.695, -16.05, -18.23, -20.2, -21.97, -23.44, -24.7, -25.69, -26.4, -26.94, -27.31, -27.56, -27.69, -27.48, -26.5, -24.48, -21.17, -16.53, -11.03, -5.043, 0.8364, 6.14, 10.555, 13.96, 16.4, 18.03, 19.23, 20.12, 20.77, 21.17, 21.31, 21.11, 20.66, 19.9, 18.89, 17.73, 16.45, 15.15, 13.78, 12.336, 11.02, 9.766, 8.55, 7.42, 6.375, 5.395, 4.527, 3.668, 2.805, 1.924, 0.895, -0.363, -1.845, -3.623, -5.703, -8.04, -10.57, -13.18, -15.836, -18.4, -20.64, -22.52, -23.89, -24.75, -25.17, -25.31, -25.11, -24.7, -24.08, -23.06, -21.8, -20.22, -18.31, -16.05, -13.56, -10.836, -7.934, -4.926, -1.824, 1.316, 4.445, 7.496, 10.41, 13.17, 15.74, 18.0, 20.05, 21.72, 23.02, 23.89, 24.33, 24.16, 23.27, 21.69, 19.36, 16.4, 13.016, 9.29, 5.176, 0.593, -4.324, -9.11, -13.35, -16.78, -19.25, -20.69, -21.0, -20.23, -18.45, -15.94, -12.82, -9.34, -5.84, -2.592, 0.0863, 1.938, 2.773, 2.477, 1.119, -1.235, -4.383, -8.05, -11.93, -15.65, -18.81, -21.14, -22.5, -22.77, -21.92, -20.08, -17.4, -14.16
-11.23, -7.348, -4.13, -1.928, -0.817, -0.5425, -0.744, -1.058, -1.152, -0.8525, -0.06323, 1.159, 2.639, 4.176, 5.56, 6.586, 7.215, 7.47, 7.445, 7.293, 7.047, 6.695, 6.15, 5.297, 4.17, 2.84, 1.476, 0.234, -0.771, -1.473, -1.848, -1.95, -1.8545, -1.655, -1.44, -1.3125, -1.376, -1.633, -2.174, -2.938, -3.87, -4.88, -5.83, -6.59, -7.035, -7.055, -6.637, -5.848, -4.773, -3.488, -2.139, -0.8853, 0.2024, 1.017, 1.508, 1.709, 1.714, 1.5625, 1.299, 0.9595, 0.509, -0.1415, -1.125, -2.512, -4.273, -6.36, -8.71, -11.19, -13.71, -16.16, -18.45, -20.58, -22.47, -24.11, -25.47, -26.53, -27.3, -27.8, -28.11, -28.2, -28.03, -27.42, -25.95, -23.38, -19.48, -14.41, -8.55, -2.432, 3.426, 8.56, 12.78, 15.945, 18.25, 19.88, 21.14, 22.08, 22.78, 23.12, 23.03, 22.52, 21.73, 20.7, 19.45, 18.06, 16.64, 15.2, 13.76, 12.31, 10.984, 9.77, 8.56, 7.465, 6.45, 5.48, 4.668, 3.906, 3.117, 2.295, 1.39, 0.2769, -1.063, -2.64, -4.543, -6.707, -9.086, -11.61, -14.2, -16.7, -18.94, -20.81, -22.23, -23.17, -23.6, -23.73, -23.64, -23.34, -22.86, -22.1, -21.08, -19.77, -18.14, -16.16, -13.92, -11.5, -8.92, -6.23, -3.422, -0.5615, 2.309, 5.152, 7.94, 10.64, 13.16, 15.51, 17.62, 19.47, 20.92, 21.92, 22.45, 22.38, 21.67, 20.19, 18.06, 15.39, 12.3, 8.87, 4.938, 0.4558, -4.28, -8.87, -12.88, -16.11, -18.4, -19.7, -19.92, -18.97, -17.05, -14.39, -11.17, -7.727, -4.33, -1.321, 1.034, 2.486, 2.877, 2.102, 0.2024, -2.775, -6.555, -10.87, -15.32, -19.36, -22.56, -24.75, -25.73, -25.48, -24.17, -21.95, -18.83, -15.19
-11.8, -7.75, -4.42, -2.172, -1.056, -0.7554, -0.9214, -1.205, -1.26, -0.9385, -0.1917, 0.93, 2.287, 3.676, 4.945, 5.914, 6.527, 6.848, 6.94, 6.91, 6.83, 6.645, 6.26, 5.56, 4.56, 3.29, 1.895, 0.5693, -0.569, -1.4375, -1.998, -2.268, -2.336, -2.262, -2.125, -2.05, -2.12, -2.377, -2.873, -3.578, -4.426, -5.3, -6.13, -6.785, -7.105, -7.02, -6.555, -5.75, -4.668, -3.459, -2.225, -1.108, -0.1633, 0.539, 0.9595, 1.15, 1.179, 1.076, 0.905, 0.679, 0.3296, -0.251, -1.149, -2.457, -4.176, -6.203, -8.53, -11.03, -13.62, -16.14, -18.58, -20.81, -22.84, -24.62, -26.11, -27.23, -28.02, -28.53, -28.72, -28.61, -28.16, -27.1, -25.17, -22.05, -17.56, -12.05, -5.906, 0.308, 6.082, 11.03, 14.98, 17.94, 20.17, 21.84, 23.27, 24.17, 24.75, 24.84, 24.55, 23.75, 22.66, 21.33, 19.84, 18.31, 16.78, 15.234, 13.76, 12.34, 11.01, 9.805, 8.625, 7.53, 6.55, 5.617, 4.824, 4.11, 3.408, 2.668, 1.866, 0.8896, -0.2988, -1.721, -3.438, -5.445, -7.68, -10.07, -12.53, -14.984, -17.25, -19.11, -20.55, -21.55, -22.05, -22.12, -22.06, -21.83, -21.4, -20.84, -20.06, -18.97, -17.61, -15.91, -13.98, -11.88, -9.65, -7.297, -4.875, -2.35, 0.1995, 2.781, 5.324, 7.863, 10.305, 12.54, 14.69, 16.52, 18.06, 19.17, 19.81, 19.89, 19.36, 18.16, 16.33, 14.0, 11.32, 8.21, 4.53, 0.2454, -4.293, -8.55, -12.22, -15.195, -17.31, -18.53, -18.58, -17.44, -15.41, -12.61, -9.375, -5.97, -2.662, 0.11505, 2.191, 3.254, 3.217, 1.907, -0.6934, -4.51, -9.15, -14.28, -19.22, -23.45, -26.53, -28.34, -28.83, -28.1, -26.23, -23.45, -20.0, -16.02
-12.15, -8.02, -4.664, -2.412, -1.294, -1.007, -1.17, -1.416, -1.418, -1.053, -0.3254, 0.724, 1.968, 3.242, 4.375, 5.246, 5.844, 6.19, 6.367, 6.453, 6.52, 6.508, 6.3, 5.766, 4.887, 3.684, 2.305, 0.932, -0.319, -1.328, -2.053, -2.494, -2.719, -2.791, -2.775, -2.77, -2.871, -3.139, -3.586, -4.203, -4.938, -5.71, -6.41, -6.902, -7.125, -6.98, -6.47, -5.656, -4.637, -3.504, -2.379, -1.4, -0.5693, 0.03079, 0.3823, 0.565, 0.608, 0.5547, 0.4727, 0.3481, 0.08887, -0.4077, -1.203, -2.373, -4.008, -6.02, -8.36, -10.86, -13.42, -16.02, -18.53, -20.89, -23.06, -25.02, -26.61, -27.84, -28.64, -29.08, -29.2, -28.86, -28.16, -26.64, -24.1, -20.34, -15.34, -9.4, -3.064, 3.16, 8.766, 13.46, 17.17, 20.05, 22.25, 24.05, 25.4, 26.25, 26.67, 26.5, 25.88, 24.77, 23.39, 21.86, 20.23, 18.58, 16.95, 15.37, 13.82, 12.41, 11.125, 9.914, 8.74, 7.67, 6.73, 5.836, 5.035, 4.33, 3.668, 3.016, 2.312, 1.472, 0.437, -0.824, -2.383, -4.21, -6.29, -8.53, -10.875, -13.24, -15.484, -17.4, -18.92, -19.95, -20.5, -20.6, -20.42, -20.17, -19.8, -19.34, -18.67, -17.75, -16.58, -15.164, -13.54, -11.77, -9.87, -7.89, -5.875, -3.785, -1.653, 0.5405, 2.793, 5.04, 7.277, 9.39, 11.39, 13.2, 14.734, 15.91, 16.66, 16.94, 16.6, 15.74, 14.336, 12.5, 10.234, 7.414, 3.977, -0.006588, -4.223, -8.125, -11.445, -14.1, -16.05, -17.12, -17.1, -15.836, -13.66, -10.76, -7.508, -4.062, -0.8623, 1.743, 3.535, 4.27, 3.727, 1.746, -1.734, -6.504, -12.086, -17.84, -23.1, -27.39, -30.19, -31.53, -31.45, -30.08, -27.73, -24.53, -20.72, -16.45
-12.17, -8.016, -4.75, -2.61, -1.57, -1.322, -1.5, -1.683, -1.602, -1.174, -0.429, 0.5757, 1.7295, 2.871, 3.861, 4.62, 5.15, 5.51, 5.746, 5.914, 6.113, 6.27, 6.227, 5.867, 5.137, 4.047, 2.717, 1.319, -0.01021, -1.151, -2.033, -2.643, -3.027, -3.238, -3.344, -3.426, -3.574, -3.846, -4.242, -4.777, -5.41, -6.06, -6.645, -7.016, -7.125, -6.92, -6.395, -5.598, -4.65, -3.623, -2.602, -1.733, -1.037, -0.548, -0.2491, -0.06946, -0.00929, -0.01381, -0.02719, -0.07666, -0.244, -0.6187, -1.314, -2.365, -3.895, -5.848, -8.13, -10.63, -13.22, -15.87, -18.39, -20.88, -23.17, -25.23, -26.95, -28.25, -29.14, -29.53, -29.5, -28.94, -27.88, -25.88, -22.77, -18.44, -12.87, -6.633, -0.1267, 5.996, 11.414, 15.914, 19.42, 22.27, 24.5, 26.28, 27.62, 28.28, 28.44, 27.95, 27.1, 25.77, 24.19, 22.48, 20.72, 18.97, 17.22, 15.6, 14.03, 12.61, 11.33, 10.11, 8.93, 7.87, 6.94, 6.074, 5.273, 4.562, 3.926, 3.355, 2.738, 1.995, 1.096, -0.01259, -1.3955, -3.068, -4.97, -7.066, -9.27, -11.52, -13.74, -15.66, -17.25, -18.34, -18.89, -19.05, -18.83, -18.47, -18.02, -17.5, -16.84, -15.984, -14.9, -13.62, -12.21, -10.766, -9.23, -7.65, -6.086, -4.49, -2.836, -1.117, 0.705, 2.557, 4.453, 6.316, 8.125, 9.79, 11.3, 12.5, 13.35, 13.79, 13.75, 13.26, 12.33, 10.94, 9.01, 6.5, 3.34, -0.3645, -4.227, -7.68, -10.61, -12.98, -14.734, -15.65, -15.47, -14.18, -11.89, -8.875, -5.543, -2.11, 1.02, 3.545, 5.105, 5.465, 4.34, 1.467, -3.0, -8.67, -14.98, -21.11, -26.36, -30.4, -32.9, -33.78, -33.06, -31.25, -28.4, -24.89, -20.83, -16.48
-11.78, -7.88, -4.777, -2.783, -1.867, -1.696, -1.876, -1.989, -1.807, -1.284, -0.486, 0.4824, 1.524, 2.518, 3.357, 3.979, 4.426, 4.77, 5.03, 5.277, 5.605, 5.92, 6.062, 5.887, 5.31, 4.348, 3.066, 1.673, 0.3086, -0.9346, -1.952, -2.705, -3.229, -3.578, -3.805, -3.975, -4.184, -4.457, -4.812, -5.29, -5.844, -6.39, -6.84, -7.11, -7.14, -6.875, -6.344, -5.566, -4.688, -3.762, -2.871, -2.133, -1.562, -1.165, -0.9023, -0.74, -0.679, -0.64, -0.5957, -0.5684, -0.6606, -0.941, -1.517, -2.463, -3.85, -5.66, -7.848, -10.31, -12.945, -15.63, -18.23, -20.73, -23.12, -25.34, -27.19, -28.61, -29.5, -29.88, -29.62, -28.78, -27.33, -24.78, -21.08, -16.14, -10.195, -3.703, 2.842, 8.875, 14.08, 18.33, 21.8, 24.58, 26.78, 28.55, 29.69, 30.19, 30.08, 29.38, 28.23, 26.8, 25.11, 23.3, 21.48, 19.64, 17.77, 16.1, 14.48, 13.0, 11.65, 10.414, 9.234, 8.13, 7.21, 6.34, 5.535, 4.832, 4.203, 3.658, 3.121, 2.469, 1.691, 0.7397, -0.4734, -1.98, -3.715, -5.645, -7.72, -9.88, -12.01, -13.94, -15.53, -16.69, -17.38, -17.55, -17.3, -16.8, -16.2, -15.45, -14.66, -13.695, -12.555, -11.33, -10.04, -8.805, -7.562, -6.418, -5.312, -4.234, -3.11, -1.911, -0.6006, 0.7856, 2.256, 3.77, 5.316, 6.816, 8.21, 9.37, 10.305, 10.89, 11.13, 10.95, 10.414, 9.32, 7.72, 5.473, 2.543, -0.85, -4.227, -7.223, -9.734, -11.78, -13.32, -14.09, -13.83, -12.47, -10.05, -6.953, -3.543, -0.0866, 3.049, 5.473, 6.855, 6.81, 4.953, 1.141, -4.203, -10.555, -17.12, -23.3, -28.34, -32.03, -34.03, -34.44, -33.4, -31.11, -28.08, -24.4, -20.33, -16.02
-11.11, -7.566, -4.746, -2.979, -2.22, -2.143, -2.303, -2.307, -2.008, -1.393, -0.562, 0.3816, 1.312, 2.143, 2.814, 3.312, 3.664, 3.967, 4.242, 4.574, 5.035, 5.5, 5.816, 5.82, 5.406, 4.55, 3.348, 1.975, 0.5845, -0.7134, -1.825, -2.7, -3.33, -3.805, -4.137, -4.395, -4.656, -4.945, -5.29, -5.72, -6.22, -6.676, -7.008, -7.168, -7.12, -6.83, -6.297, -5.566, -4.76, -3.932, -3.188, -2.588, -2.123, -1.794, -1.593, -1.467, -1.411, -1.34, -1.257, -1.195, -1.223, -1.394, -1.825, -2.637, -3.873, -5.535, -7.613, -10.04, -12.64, -15.31, -17.98, -20.53, -23.03, -25.28, -27.25, -28.8, -29.73, -30.02, -29.6, -28.48, -26.55, -23.44, -19.17, -13.75, -7.383, -0.674, 5.816, 11.734, 16.67, 20.73, 24.14, 26.88, 29.1, 30.73, 31.66, 31.89, 31.5, 30.62, 29.4, 27.92, 26.19, 24.3, 22.38, 20.4, 18.52, 16.73, 15.086, 13.52, 12.1, 10.83, 9.62, 8.51, 7.51, 6.617, 5.81, 5.12, 4.5, 3.953, 3.47, 2.902, 2.229, 1.419, 0.3796, -0.934, -2.504, -4.285, -6.242, -8.305, -10.36, -12.25, -13.9, -15.12, -15.91, -16.17, -15.914, -15.305, -14.46, -13.48, -12.37, -11.18, -9.88, -8.56, -7.3, -6.21, -5.227, -4.46, -3.812, -3.25, -2.654, -1.958, -1.165, -0.2383, 0.8364, 2.012, 3.252, 4.508, 5.742, 6.84, 7.766, 8.445, 8.84, 8.875, 8.54, 7.695, 6.31, 4.285, 1.607, -1.395, -4.32, -6.81, -8.875, -10.62, -11.914, -12.6, -12.25, -10.76, -8.27, -5.055, -1.509, 2.037, 5.207, 7.6, 8.77, 8.195, 5.594, 0.9287, -5.094, -11.78, -18.3, -24.11, -28.73, -31.95, -33.44, -33.47, -32.1, -29.77, -26.67, -23.06, -19.14, -15.02
-10.15, -7.043, -4.652, -3.23, -2.668, -2.684, -2.781, -2.643, -2.217, -1.509, -0.648, 0.2673, 1.086, 1.757, 2.254, 2.604, 2.854, 3.104, 3.393, 3.814, 4.367, 4.97, 5.465, 5.664, 5.426, 4.695, 3.592, 2.258, 0.846, -0.4866, -1.664, -2.635, -3.393, -3.96, -4.367, -4.703, -5.016, -5.305, -5.637, -6.03, -6.473, -6.844, -7.11, -7.188, -7.086, -6.76, -6.266, -5.62, -4.895, -4.156, -3.541, -3.06, -2.697, -2.459, -2.342, -2.252, -2.2, -2.13, -2.055, -1.982, -1.953, -2.033, -2.338, -2.979, -3.998, -5.473, -7.402, -9.73, -12.25, -14.91, -17.64, -20.3, -22.84, -25.23, -27.33, -28.92, -29.9, -30.05, -29.4, -27.94, -25.48, -21.84, -17.02, -11.086, -4.39, 2.34, 8.805, 14.43, 19.22, 23.19, 26.5, 29.17, 31.3, 32.75, 33.44, 33.4, 32.9, 31.95, 30.7, 29.16, 27.38, 25.47, 23.52, 21.5, 19.5, 17.61, 15.83, 14.21, 12.664, 11.33, 10.1, 8.95, 7.887, 6.96, 6.125, 5.4, 4.785, 4.27, 3.822, 3.31, 2.713, 2.006, 1.146, 0.019, -1.371, -2.984, -4.793, -6.734, -8.73, -10.57, -12.24, -13.6, -14.51, -14.87, -14.7, -14.04, -13.05, -11.81, -10.414, -8.93, -7.418, -5.957, -4.69, -3.678, -2.92, -2.445, -2.188, -2.04, -1.894, -1.66, -1.301, -0.7466, -0.02945, 0.8276, 1.781, 2.803, 3.816, 4.793, 5.66, 6.324, 6.754, 6.895, 6.645, 5.95, 4.746, 2.918, 0.551, -2.027, -4.49, -6.516, -8.15, -9.55, -10.65, -11.17, -10.734, -9.23, -6.605, -3.219, 0.501, 4.234, 7.527, 9.89, 10.766, 9.62, 6.28, 1.076, -5.27, -11.87, -18.11, -23.39, -27.56, -30.22, -31.33, -31.05, -29.48, -27.2, -24.2, -20.84, -17.25, -13.57
-8.97, -6.52, -4.63, -3.557, -3.182, -3.254, -3.283, -3.01, -2.43, -1.62, -0.7236, 0.1321, 0.8306, 1.346, 1.665, 1.85, 1.988, 2.172, 2.48, 2.96, 3.617, 4.332, 4.99, 5.363, 5.312, 4.76, 3.773, 2.496, 1.093, -0.2854, -1.523, -2.576, -3.418, -4.06, -4.527, -4.918, -5.254, -5.57, -5.883, -6.223, -6.6, -6.926, -7.156, -7.22, -7.05, -6.715, -6.258, -5.67, -5.03, -4.426, -3.904, -3.521, -3.256, -3.129, -3.107, -3.08, -3.068, -3.053, -2.996, -2.924, -2.865, -2.875, -3.043, -3.484, -4.277, -5.516, -7.254, -9.4, -11.84, -14.47, -17.25, -19.94, -22.61, -25.1, -27.25, -28.92, -29.89, -29.88, -28.98, -27.16, -24.22, -20.02, -14.65, -8.25, -1.402, 5.34, 11.63, 17.1, 21.7, 25.56, 28.83, 31.44, 33.38, 34.56, 35.03, 34.84, 34.28, 33.25, 32.0, 30.38, 28.64, 26.72, 24.7, 22.66, 20.56, 18.61, 16.72, 14.984, 13.34, 11.91, 10.64, 9.43, 8.31, 7.36, 6.49, 5.74, 5.094, 4.55, 4.105, 3.65, 3.158, 2.564, 1.811, 0.8364, -0.3716, -1.785, -3.457, -5.266, -7.133, -8.95, -10.63, -12.05, -13.11, -13.664, -13.664, -13.14, -12.09, -10.77, -9.195, -7.48, -5.773, -4.21, -2.898, -1.923, -1.342, -1.08, -1.085, -1.234, -1.39, -1.454, -1.39, -1.116, -0.688, -0.1202, 0.5884, 1.372, 2.15, 2.95, 3.678, 4.28, 4.66, 4.805, 4.586, 3.992, 2.95, 1.345, -0.665, -2.791, -4.72, -6.277, -7.55, -8.7, -9.58, -9.945, -9.414, -7.8, -5.05, -1.508, 2.451, 6.445, 9.94, 12.305, 12.87, 11.17, 7.28, 1.77, -4.574, -10.875, -16.6, -21.38, -24.9, -27.08, -27.86, -27.39, -25.88, -23.67, -20.97, -17.94, -14.82, -11.76
-7.758, -5.977, -4.664, -3.982, -3.785, -3.855, -3.758, -3.36, -2.645, -1.736, -0.8135, -0.04007, 0.5103, 0.859, 1.002, 1.032, 1.057, 1.176, 1.481, 2.01, 2.732, 3.576, 4.383, 4.94, 5.086, 4.71, 3.861, 2.678, 1.313, -0.10004, -1.403, -2.531, -3.453, -4.18, -4.715, -5.13, -5.473, -5.77, -6.066, -6.37, -6.688, -6.973, -7.18, -7.2, -7.023, -6.688, -6.26, -5.74, -5.17, -4.67, -4.25, -3.97, -3.809, -3.771, -3.836, -3.928, -4.008, -4.074, -4.117, -4.12, -4.043, -3.982, -4.004, -4.227, -4.766, -5.707, -7.17, -9.1, -11.43, -14.06, -16.83, -19.61, -22.38, -24.89, -27.14, -28.8, -29.69, -29.52, -28.33, -26.1, -22.6, -17.92, -12.1, -5.39, 1.571, 8.28, 14.41, 19.67, 24.05, 27.88, 30.98, 33.53, 35.28, 36.2, 36.44, 36.16, 35.4, 34.38, 33.16, 31.6, 29.92, 27.95, 25.94, 23.81, 21.7, 19.69, 17.75, 15.88, 14.13, 12.58, 11.22, 9.945, 8.78, 7.77, 6.883, 6.098, 5.414, 4.83, 4.375, 3.967, 3.557, 3.047, 2.41, 1.597, 0.541, -0.713, -2.217, -3.92, -5.66, -7.42, -9.12, -10.586, -11.74, -12.52, -12.766, -12.45, -11.58, -10.32, -8.73, -6.977, -5.22, -3.594, -2.264, -1.335, -0.808, -0.635, -0.7812, -1.087, -1.399, -1.629, -1.731, -1.654, -1.437, -1.098, -0.6445, -0.1233, 0.4111, 0.9854, 1.525, 2.012, 2.307, 2.418, 2.277, 1.789, 0.936, -0.3704, -1.98, -3.576, -4.96, -6.13, -7.16, -8.1, -8.78, -8.984, -8.29, -6.496, -3.613, 0.1577, 4.43, 8.71, 12.38, 14.74, 14.95, 12.87, 8.68, 3.15, -2.973, -8.96, -14.18, -18.34, -21.3, -22.98, -23.4, -22.86, -21.48, -19.48, -17.17, -14.65, -12.13, -9.74
-6.57, -5.492, -4.746, -4.418, -4.383, -4.41, -4.21, -3.682, -2.834, -1.848, -0.923, -0.242, 0.1405, 0.2974, 0.261, 0.1443, 0.0636, 0.118, 0.4006, 0.955, 1.748, 2.691, 3.627, 4.38, 4.71, 4.543, 3.861, 2.809, 1.518, 0.0886, -1.298, -2.514, -3.523, -4.348, -4.957, -5.4, -5.723, -6.0, -6.242, -6.49, -6.75, -6.996, -7.14, -7.145, -6.996, -6.684, -6.277, -5.797, -5.297, -4.863, -4.543, -4.344, -4.29, -4.375, -4.543, -4.77, -5.02, -5.24, -5.44, -5.555, -5.527, -5.41, -5.336, -5.332, -5.55, -6.117, -7.242, -8.89, -11.055, -13.64, -16.38, -19.23, -22.03, -24.66, -26.92, -28.58, -29.38, -29.0, -27.47, -24.75, -20.8, -15.61, -9.34, -2.463, 4.53, 11.164, 17.05, 22.14, 26.4, 30.12, 33.1, 35.38, 36.84, 37.56, 37.62, 37.2, 36.34, 35.34, 34.03, 32.53, 30.8, 28.98, 27.02, 24.92, 22.83, 20.73, 18.69, 16.77, 15.0, 13.32, 11.836, 10.484, 9.25, 8.17, 7.246, 6.41, 5.703, 5.117, 4.65, 4.29, 3.943, 3.502, 2.957, 2.29, 1.4, 0.2778, -1.09, -2.627, -4.27, -5.96, -7.63, -9.164, -10.44, -11.36, -11.86, -11.84, -11.305, -10.28, -8.89, -7.285, -5.61, -4.05, -2.756, -1.822, -1.271, -1.09, -1.225, -1.542, -1.889, -2.174, -2.363, -2.428, -2.414, -2.312, -2.12, -1.892, -1.62, -1.285, -0.9766, -0.6304, -0.3906, -0.2698, -0.3035, -0.5996, -1.227, -2.166, -3.242, -4.277, -5.203, -6.055, -6.926, -7.746, -8.31, -8.29, -7.418, -5.414, -2.29, 1.794, 6.445, 11.086, 14.88, 17.11, 17.08, 14.734, 10.49, 5.062, -0.7783, -6.34, -11.02, -14.64, -17.06, -18.39, -18.7, -18.0, -16.78, -15.11, -13.195, -11.25, -9.41, -7.812
-5.5, -5.117, -4.88, -4.84, -4.906, -4.914, -4.62, -3.941, -2.979, -1.941, -1.071, -0.5273, -0.3123, -0.34, -0.55, -0.824, -1.006, -1.007, -0.7534, -0.1996, 0.6304, 1.638, 2.697, 3.613, 4.168, 4.23, 3.768, 2.87, 1.647, 0.2289, -1.232, -2.578, -3.71, -4.633, -5.3, -5.78, -6.113, -6.336, -6.516, -6.676, -6.855, -7.008, -7.098, -7.074, -6.938, -6.66, -6.27, -5.824, -5.387, -5.008, -4.723, -4.582, -4.63, -4.83, -5.16, -5.61, -6.11, -6.59, -7.004, -7.25, -7.324, -7.21, -7.008, -6.766, -6.633, -6.79, -7.492, -8.79, -10.75, -13.21, -15.96, -18.83, -21.64, -24.34, -26.58, -28.23, -28.86, -28.23, -26.38, -23.17, -18.77, -13.12, -6.566, 0.4583, 7.418, 13.86, 19.52, 24.47, 28.69, 32.1, 34.94, 37.03, 38.28, 38.7, 38.6, 37.9, 37.0, 35.8, 34.47, 33.03, 31.4, 29.69, 27.86, 25.83, 23.86, 21.77, 19.73, 17.77, 15.87, 14.12, 12.55, 11.086, 9.77, 8.63, 7.656, 6.754, 6.02, 5.414, 4.957, 4.6, 4.293, 3.912, 3.463, 2.898, 2.13, 1.157, -0.0463, -1.457, -2.994, -4.598, -6.223, -7.773, -9.15, -10.23, -10.945, -11.22, -11.05, -10.375, -9.34, -8.05, -6.61, -5.215, -4.0, -3.076, -2.455, -2.197, -2.232, -2.43, -2.688, -2.938, -3.18, -3.38, -3.578, -3.771, -3.914, -4.035, -4.062, -3.988, -3.865, -3.658, -3.39, -3.154, -3.025, -3.041, -3.303, -3.773, -4.26, -4.758, -5.28, -5.953, -6.797, -7.6, -8.11, -7.918, -6.79, -4.453, -1.021, 3.44, 8.516, 13.47, 17.44, 19.55, 19.25, 16.83, 12.73, 7.508, 1.94, -3.248, -7.562, -10.69, -12.75, -13.766, -13.89, -13.266, -12.17, -10.79, -9.336, -7.96, -6.83, -6.027
-4.625, -4.77, -4.953, -5.152, -5.31, -5.28, -4.887, -4.105, -3.082, -2.074, -1.288, -0.866, -0.807, -1.027, -1.412, -1.825, -2.1, -2.178, -1.981, -1.464, -0.6377, 0.425, 1.581, 2.645, 3.436, 3.738, 3.54, 2.83, 1.713, 0.3215, -1.198, -2.664, -3.947, -4.992, -5.777, -6.324, -6.656, -6.83, -6.926, -6.977, -7.047, -7.098, -7.117, -7.08, -6.91, -6.605, -6.22, -5.76, -5.332, -4.957, -4.7, -4.63, -4.758, -5.12, -5.71, -6.465, -7.293, -8.13, -8.89, -9.36, -9.56, -9.48, -9.12, -8.56, -8.055, -7.773, -7.984, -8.86, -10.484, -12.78, -15.45, -18.33, -21.17, -23.9, -26.14, -27.73, -28.11, -27.3, -25.05, -21.45, -16.58, -10.58, -3.76, 3.324, 10.17, 16.47, 21.88, 26.61, 30.58, 34.0, 36.53, 38.38, 39.3, 39.47, 39.06, 38.2, 37.2, 35.88, 34.4, 32.97, 31.52, 29.98, 28.36, 26.61, 24.77, 22.8, 20.7, 18.73, 16.78, 14.97, 13.3, 11.77, 10.38, 9.17, 8.086, 7.16, 6.35, 5.727, 5.246, 4.89, 4.586, 4.23, 3.855, 3.404, 2.75, 1.893, 0.8413, -0.3928, -1.803, -3.316, -4.86, -6.43, -7.855, -9.09, -9.984, -10.56, -10.71, -10.45, -9.78, -8.85, -7.703, -6.523, -5.453, -4.543, -3.883, -3.523, -3.398, -3.436, -3.584, -3.8, -4.1, -4.484, -4.945, -5.484, -6.023, -6.523, -6.914, -7.06, -7.04, -6.863, -6.508, -6.08, -5.684, -5.324, -5.086, -4.965, -4.82, -4.824, -5.074, -5.71, -6.65, -7.582, -8.1, -7.793, -6.35, -3.684, 0.1263, 5.05, 10.55, 15.79, 19.84, 21.84, 21.4, 19.03, 15.164, 10.26, 4.965, 0.06555, -3.947, -6.832, -8.67, -9.516, -9.48, -8.945, -8.0, -6.94, -5.926, -5.09, -4.63, -4.52
-3.84, -4.363, -4.832, -5.234, -5.52, -5.5, -5.035, -4.19, -3.176, -2.188, -1.492, -1.201, -1.3125, -1.714, -2.256, -2.795, -3.193, -3.389, -3.285, -2.842, -2.055, -0.982, 0.2673, 1.49, 2.502, 3.072, 3.139, 2.672, 1.694, 0.357, -1.176, -2.762, -4.227, -5.445, -6.38, -7.02, -7.363, -7.484, -7.5, -7.453, -7.39, -7.316, -7.22, -7.086, -6.848, -6.457, -6.02, -5.547, -5.062, -4.664, -4.39, -4.395, -4.66, -5.24, -6.188, -7.4, -8.664, -9.96, -11.1, -11.9, -12.3, -12.234, -11.68, -10.84, -9.85, -9.086, -8.71, -9.06, -10.31, -12.34, -14.94, -17.75, -20.69, -23.39, -25.6, -27.02, -27.3, -26.11, -23.47, -19.52, -14.31, -7.97, -1.047, 6.043, 12.72, 18.8, 23.98, 28.58, 32.34, 35.62, 37.9, 39.44, 40.1, 40.0, 39.28, 38.16, 36.8, 35.3, 33.9, 32.47, 31.14, 29.84, 28.53, 27.1, 25.45, 23.66, 21.62, 19.67, 17.72, 15.81, 14.1, 12.49, 11.02, 9.71, 8.55, 7.55, 6.723, 6.05, 5.523, 5.14, 4.82, 4.492, 4.188, 3.807, 3.271, 2.55, 1.652, 0.557, -0.721, -2.143, -3.64, -5.164, -6.62, -7.945, -9.03, -9.82, -10.266, -10.336, -9.99, -9.38, -8.55, -7.586, -6.66, -5.797, -5.133, -4.68, -4.395, -4.31, -4.395, -4.633, -5.023, -5.64, -6.438, -7.383, -8.375, -9.26, -9.94, -10.32, -10.31, -10.07, -9.555, -8.83, -8.03, -7.19, -6.37, -5.52, -4.754, -4.336, -4.45, -5.156, -6.316, -7.504, -8.19, -7.812, -6.098, -2.992, 1.313, 6.727, 12.59, 18.12, 22.22, 24.05, 23.56, 21.31, 17.72, 13.164, 8.09, 3.393, -0.4805, -3.217, -4.938, -5.773, -5.746, -5.28, -4.547, -3.766, -3.127, -2.78, -2.855, -3.271
-3.031, -3.848, -4.582, -5.176, -5.574, -5.598, -5.113, -4.227, -3.201, -2.252, -1.644, -1.503, -1.777, -2.318, -2.988, -3.682, -4.242, -4.598, -4.645, -4.35, -3.652, -2.615, -1.32, 0.06616, 1.333, 2.209, 2.566, 2.385, 1.631, 0.3938, -1.172, -2.867, -4.527, -5.96, -7.055, -7.79, -8.18, -8.305, -8.234, -8.08, -7.848, -7.617, -7.375, -7.1, -6.742, -6.227, -5.656, -5.08, -4.49, -4.0, -3.734, -3.832, -4.336, -5.29, -6.69, -8.39, -10.234, -12.086, -13.73, -14.96, -15.61, -15.555, -14.81, -13.62, -12.125, -10.7, -9.72, -9.48, -10.25, -11.945, -14.32, -17.1, -19.97, -22.7, -24.86, -26.1, -26.1, -24.69, -21.77, -17.44, -11.88, -5.367, 1.613, 8.61, 15.13, 20.98, 26.0, 30.36, 34.06, 36.97, 39.06, 40.16, 40.47, 40.1, 38.97, 37.7, 36.06, 34.38, 32.84, 31.38, 30.22, 29.22, 28.28, 27.25, 25.9, 24.36, 22.58, 20.64, 18.69, 16.75, 14.93, 13.25, 11.71, 10.32, 9.1, 8.0, 7.11, 6.395, 5.84, 5.383, 5.04, 4.746, 4.492, 4.168, 3.725, 3.12, 2.355, 1.422, 0.2712, -1.033, -2.45, -3.92, -5.395, -6.8, -8.0, -8.99, -9.67, -9.96, -9.91, -9.57, -8.95, -8.2, -7.418, -6.645, -5.99, -5.44, -5.06, -4.9, -4.96, -5.242, -5.848, -6.766, -7.965, -9.34, -10.734, -11.95, -12.875, -13.33, -13.37, -12.98, -12.19, -11.11, -9.79, -8.375, -6.81, -5.234, -3.887, -3.135, -3.186, -4.06, -5.535, -7.11, -8.04, -7.7, -5.805, -2.307, 2.488, 8.38, 14.69, 20.42, 24.47, 26.14, 25.64, 23.45, 20.17, 16.02, 11.28, 6.637, 2.787, -0.0647, -1.793, -2.658, -2.752, -2.404, -1.9, -1.375, -1.042, -1.063, -1.487, -2.19
-2.367, -3.365, -4.273, -5.023, -5.54, -5.605, -5.1, -4.16, -3.12, -2.225, -1.715, -1.687, -2.07, -2.723, -3.555, -4.45, -5.25, -5.86, -6.14, -6.062, -5.508, -4.527, -3.215, -1.68, -0.1586, 1.0625, 1.789, 1.95, 1.467, 0.3853, -1.174, -2.998, -4.848, -6.49, -7.75, -8.58, -9.055, -9.18, -9.06, -8.766, -8.36, -7.953, -7.535, -7.074, -6.52, -5.85, -5.094, -4.29, -3.547, -2.965, -2.734, -3.006, -3.834, -5.234, -7.14, -9.38, -11.836, -14.266, -16.44, -18.19, -19.22, -19.34, -18.48, -16.86, -14.79, -12.69, -10.95, -10.0, -10.234, -11.55, -13.66, -16.33, -19.17, -21.86, -23.9, -25.05, -24.8, -23.11, -19.86, -15.234, -9.41, -2.729, 4.207, 11.08, 17.42, 22.98, 27.8, 31.94, 35.44, 38.03, 39.84, 40.66, 40.66, 39.9, 38.5, 36.9, 34.97, 33.03, 31.27, 29.84, 28.86, 28.17, 27.66, 27.08, 26.14, 24.97, 23.45, 21.62, 19.73, 17.75, 15.84, 14.055, 12.45, 10.98, 9.66, 8.5, 7.52, 6.734, 6.113, 5.63, 5.258, 4.965, 4.727, 4.47, 4.125, 3.648, 3.006, 2.203, 1.2, 0.01686, -1.292, -2.715, -4.184, -5.625, -6.934, -8.05, -8.9, -9.41, -9.56, -9.45, -9.055, -8.48, -7.78, -7.066, -6.4, -5.824, -5.383, -5.207, -5.297, -5.71, -6.547, -7.785, -9.37, -11.11, -12.82, -14.336, -15.37, -15.9, -15.875, -15.28, -14.15, -12.625, -10.734, -8.586, -6.305, -4.02, -2.186, -1.233, -1.328, -2.432, -4.258, -6.246, -7.53, -7.414, -5.426, -1.561, 3.75, 10.1, 16.73, 22.62, 26.6, 28.11, 27.55, 25.55, 22.55, 18.69, 14.34, 9.8, 5.76, 2.744, 0.8105, -0.2146, -0.561, -0.4126, -0.1272, 0.1462, 0.2344, 0.01588, -0.553, -1.401
-2.033, -3.049, -4.03, -4.91, -5.48, -5.535, -4.996, -4.02, -2.941, -2.066, -1.62, -1.64, -2.092, -2.873, -3.914, -5.098, -6.258, -7.242, -7.895, -8.1, -7.73, -6.832, -5.434, -3.752, -1.976, -0.389, 0.771, 1.36, 1.204, 0.3137, -1.197, -3.11, -5.125, -6.934, -8.375, -9.336, -9.875, -10.01, -9.83, -9.43, -8.85, -8.26, -7.645, -6.93, -6.125, -5.215, -4.22, -3.162, -2.207, -1.551, -1.426, -1.959, -3.156, -4.977, -7.35, -10.086, -13.03, -16.0, -18.83, -21.2, -22.75, -23.14, -22.27, -20.34, -17.7, -14.875, -12.41, -10.72, -10.27, -11.11, -12.94, -15.43, -18.2, -20.81, -22.83, -23.78, -23.25, -21.27, -17.75, -12.9, -6.95, -0.288, 6.6, 13.25, 19.42, 24.81, 29.47, 33.4, 36.56, 38.94, 40.38, 40.8, 40.47, 39.4, 37.7, 35.78, 33.53, 31.42, 29.56, 28.1, 27.23, 26.83, 26.67, 26.56, 26.16, 25.33, 24.12, 22.53, 20.66, 18.72, 16.78, 14.94, 13.23, 11.664, 10.266, 9.04, 8.016, 7.125, 6.414, 5.863, 5.465, 5.156, 4.902, 4.7, 4.445, 4.098, 3.582, 2.908, 2.04, 0.974, -0.2191, -1.553, -2.977, -4.414, -5.793, -7.016, -8.04, -8.73, -9.1, -9.14, -8.89, -8.42, -7.805, -7.12, -6.438, -5.848, -5.418, -5.258, -5.42, -6.016, -7.094, -8.62, -10.48, -12.49, -14.414, -16.03, -17.1, -17.66, -17.5, -16.64, -15.13, -13.1, -10.57, -7.66, -4.668, -1.863, 0.2162, 1.218, 0.9814, -0.373, -2.514, -4.906, -6.637, -6.79, -4.797, -0.6685, 5.09, 11.9, 18.81, 24.8, 28.62, 29.94, 29.28, 27.34, 24.66, 21.2, 17.16, 12.836, 8.59, 5.21, 2.9, 1.574, 0.97, 0.815, 0.8657, 0.9116, 0.7896, 0.411, -0.2485, -1.094
-2.21, -3.133, -4.082, -4.96, -5.492, -5.465, -4.83, -3.752, -2.592, -1.697, -1.243, -1.276, -1.788, -2.736, -4.07, -5.66, -7.324, -8.81, -9.96, -10.54, -10.42, -9.54, -8.12, -6.203, -4.117, -2.082, -0.4575, 0.607, 0.8296, 0.1626, -1.238, -3.176, -5.316, -7.28, -8.84, -9.9, -10.51, -10.69, -10.45, -9.96, -9.266, -8.48, -7.617, -6.6, -5.5, -4.29, -2.95, -1.606, -0.4883, 0.1808, 0.1539, -0.6675, -2.172, -4.332, -7.016, -10.06, -13.39, -16.92, -20.45, -23.5, -25.72, -26.7, -25.98, -23.84, -20.72, -17.19, -13.93, -11.49, -10.37, -10.63, -12.06, -14.28, -16.92, -19.53, -21.48, -22.27, -21.61, -19.39, -15.64, -10.59, -4.527, 2.135, 8.89, 15.39, 21.22, 26.36, 30.8, 34.47, 37.38, 39.53, 40.6, 40.78, 40.1, 38.56, 36.66, 34.28, 31.8, 29.48, 27.55, 26.11, 25.28, 25.12, 25.39, 25.78, 25.9, 25.55, 24.73, 23.33, 21.62, 19.75, 17.8, 15.875, 14.1, 12.44, 10.94, 9.625, 8.5, 7.543, 6.76, 6.133, 5.67, 5.35, 5.117, 4.92, 4.703, 4.44, 4.04, 3.484, 2.771, 1.855, 0.7925, -0.438, -1.792, -3.195, -4.574, -5.9, -7.035, -7.875, -8.4, -8.61, -8.49, -8.125, -7.57, -6.895, -6.21, -5.61, -5.22, -5.08, -5.316, -6.047, -7.324, -9.055, -11.07, -13.15, -15.14, -16.77, -17.9, -18.36, -18.0, -16.83, -14.91, -12.3, -9.14, -5.6, -2.086, 1.005, 3.105, 3.953, 3.488, 1.873, -0.5283, -3.205, -5.35, -5.832, -3.959, 0.4004, 6.574, 13.805, 20.97, 26.9, 30.53, 31.66, 30.88, 28.9, 26.38, 23.25, 19.67, 15.586, 11.336, 7.555, 4.734, 2.945, 1.963, 1.507, 1.315, 1.146, 0.777, 0.189, -0.543, -1.353
-2.918, -3.754, -4.59, -5.285, -5.62, -5.402, -4.555, -3.303, -2.014, -1.021, -0.488, -0.4995, -1.06, -2.23, -3.932, -6.043, -8.35, -10.54, -12.32, -13.36, -13.56, -12.8, -11.25, -9.11, -6.62, -4.1, -1.933, -0.385, 0.3289, -0.007328, -1.268, -3.176, -5.363, -7.406, -9.04, -10.195, -10.86, -11.03, -10.805, -10.28, -9.46, -8.46, -7.332, -6.043, -4.617, -3.021, -1.324, 0.3157, 1.581, 2.22, 2.027, 0.966, -0.7925, -3.182, -6.023, -9.336, -13.016, -17.08, -21.2, -25.02, -27.98, -29.44, -29.12, -26.98, -23.58, -19.47, -15.484, -12.3, -10.42, -10.11, -11.07, -13.01, -15.45, -17.92, -19.81, -20.53, -19.77, -17.33, -13.45, -8.336, -2.26, 4.363, 10.984, 17.22, 22.84, 27.83, 32.0, 35.44, 38.03, 39.72, 40.66, 40.5, 39.34, 37.62, 35.25, 32.66, 29.9, 27.47, 25.44, 23.98, 23.28, 23.36, 23.95, 24.73, 25.36, 25.52, 25.12, 24.02, 22.56, 20.78, 18.86, 16.92, 15.016, 13.266, 11.65, 10.26, 9.04, 8.016, 7.14, 6.465, 5.934, 5.562, 5.305, 5.113, 4.914, 4.695, 4.4, 3.979, 3.39, 2.621, 1.694, 0.5947, -0.6626, -2.004, -3.352, -4.668, -5.88, -6.844, -7.54, -7.914, -7.934, -7.668, -7.168, -6.51, -5.83, -5.266, -4.86, -4.72, -5.004, -5.816, -7.168, -8.945, -10.97, -13.0, -14.914, -16.45, -17.5, -17.77, -17.22, -15.76, -13.414, -10.26, -6.523, -2.586, 1.195, 4.246, 6.13, 6.617, 5.844, 3.977, 1.423, -1.412, -3.766, -4.562, -2.836, 1.626, 8.164, 15.695, 23.03, 28.9, 32.38, 33.28, 32.38, 30.31, 27.69, 24.88, 21.64, 17.98, 13.84, 9.81, 6.43, 4.086, 2.676, 1.871, 1.436, 1.035, 0.4307, -0.3892, -1.27, -2.12
-4.023, -4.78, -5.43, -5.83, -5.84, -5.297, -4.12, -2.605, -1.129, 0.04117, 0.7354, 0.816, 0.185, -1.23, -3.344, -6.03, -9.01, -11.94, -14.4, -16.11, -16.77, -16.28, -14.76, -12.375, -9.48, -6.41, -3.623, -1.52, -0.321, -0.2267, -1.248, -3.076, -5.22, -7.25, -8.91, -10.1, -10.8, -11.01, -10.81, -10.234, -9.32, -8.14, -6.758, -5.19, -3.396, -1.402, 0.6743, 2.57, 3.936, 4.543, 4.223, 3.02, 1.0625, -1.462, -4.473, -8.02, -11.97, -16.38, -21.0, -25.47, -29.12, -31.25, -31.39, -29.47, -25.9, -21.4, -16.86, -13.016, -10.47, -9.55, -10.0, -11.54, -13.695, -16.03, -17.89, -18.58, -17.72, -15.28, -11.305, -6.15, -0.1005, 6.387, 12.79, 18.8, 24.23, 28.89, 32.9, 36.06, 38.4, 39.9, 40.4, 39.9, 38.5, 36.4, 33.75, 30.84, 27.95, 25.33, 23.3, 21.92, 21.34, 21.48, 22.33, 23.45, 24.62, 25.28, 25.3, 24.6, 23.44, 21.75, 19.89, 17.97, 16.02, 14.15, 12.42, 10.89, 9.59, 8.49, 7.547, 6.81, 6.203, 5.773, 5.473, 5.27, 5.09, 4.92, 4.715, 4.383, 3.918, 3.287, 2.5, 1.521, 0.3997, -0.8086, -2.092, -3.385, -4.61, -5.688, -6.51, -7.043, -7.242, -7.1, -6.695, -6.11, -5.47, -4.863, -4.414, -4.242, -4.535, -5.33, -6.613, -8.28, -10.15, -12.02, -13.73, -15.11, -15.945, -15.984, -15.15, -13.336, -10.62, -7.047, -3.0, 1.083, 4.805, 7.543, 8.98, 9.055, 7.96, 5.848, 3.11, 0.22, -2.2, -3.139, -1.579, 2.96, 9.73, 17.52, 25.06, 30.86, 34.1, 34.88, 33.66, 31.44, 28.69, 25.97, 23.11, 19.88, 16.14, 12.02, 8.16, 5.19, 3.232, 2.06, 1.399, 0.786, -0.01527, -1.042, -2.152, -3.188
-5.168, -5.93, -6.375, -6.453, -6.07, -5.09, -3.498, -1.661, 0.11804, 1.557, 2.479, 2.684, 2.014, 0.3757, -2.08, -5.293, -8.91, -12.58, -15.805, -18.3, -19.61, -19.61, -18.27, -15.77, -12.52, -8.9, -5.49, -2.766, -1.03, -0.4907, -1.175, -2.812, -4.848, -6.79, -8.414, -9.58, -10.305, -10.55, -10.4, -9.805, -8.805, -7.457, -5.85, -4.008, -1.833, 0.556, 3.004, 5.14, 6.598, 7.137, 6.75, 5.48, 3.459, 0.7607, -2.465, -6.14, -10.28, -14.89, -19.83, -24.73, -28.97, -31.75, -32.47, -30.9, -27.45, -22.86, -17.95, -13.664, -10.49, -8.92, -8.85, -9.91, -11.76, -13.86, -15.68, -16.44, -15.64, -13.2, -9.23, -4.125, 1.848, 8.17, 14.35, 20.17, 25.34, 29.81, 33.56, 36.44, 38.62, 39.78, 39.9, 39.12, 37.38, 34.97, 32.03, 28.86, 25.92, 23.22, 21.27, 19.98, 19.44, 19.75, 20.75, 22.17, 23.64, 24.75, 25.28, 25.03, 24.16, 22.7, 21.0, 19.11, 17.08, 15.09, 13.266, 11.63, 10.234, 9.016, 7.977, 7.168, 6.484, 5.98, 5.656, 5.41, 5.242, 5.117, 4.957, 4.71, 4.383, 3.89, 3.22, 2.365, 1.374, 0.3115, -0.8477, -2.062, -3.273, -4.36, -5.29, -5.98, -6.35, -6.4, -6.15, -5.66, -5.055, -4.43, -3.934, -3.729, -3.936, -4.582, -5.688, -7.1, -8.68, -10.26, -11.695, -12.805, -13.34, -13.1, -11.95, -9.82, -6.812, -3.037, 1.004, 4.95, 8.31, 10.586, 11.56, 11.27, 9.81, 7.38, 4.508, 1.595, -0.7637, -1.706, -0.2507, 4.215, 11.18, 19.27, 26.9, 32.62, 35.75, 36.38, 35.0, 32.4, 29.4, 26.61, 23.98, 21.3, 18.03, 14.13, 10.125, 6.54, 3.883, 2.246, 1.306, 0.5566, -0.3506, -1.522, -2.86, -4.16
-5.953, -6.83, -7.19, -6.965, -6.133, -4.668, -2.63, -0.3755, 1.766, 3.553, 4.746, 5.1, 4.426, 2.693, -0.0754, -3.68, -7.875, -12.26, -16.25, -19.53, -21.64, -22.23, -21.3, -18.9, -15.49, -11.46, -7.49, -4.07, -1.744, -0.7124, -1.014, -2.371, -4.184, -5.977, -7.465, -8.586, -9.32, -9.625, -9.516, -8.98, -7.945, -6.484, -4.69, -2.516, 0.02243, 2.852, 5.625, 7.938, 9.445, 9.99, 9.58, 8.305, 6.223, 3.441, 0.0765, -3.73, -7.973, -12.625, -17.67, -22.88, -27.45, -30.86, -32.12, -31.17, -28.17, -23.77, -18.75, -14.18, -10.586, -8.414, -7.727, -8.22, -9.59, -11.45, -13.16, -14.016, -13.42, -11.086, -7.203, -2.246, 3.562, 9.64, 15.66, 21.23, 26.2, 30.5, 34.0, 36.78, 38.53, 39.34, 39.22, 38.16, 36.12, 33.4, 30.27, 26.94, 23.94, 21.38, 19.44, 18.27, 17.88, 18.23, 19.25, 20.84, 22.55, 23.98, 24.88, 25.11, 24.67, 23.56, 22.0, 20.19, 18.2, 16.22, 14.28, 12.52, 10.97, 9.625, 8.49, 7.574, 6.805, 6.242, 5.836, 5.547, 5.375, 5.254, 5.12, 4.95, 4.734, 4.367, 3.814, 3.094, 2.25, 1.333, 0.3171, -0.743, -1.854, -2.889, -3.85, -4.65, -5.215, -5.504, -5.465, -5.14, -4.605, -4.004, -3.473, -3.174, -3.209, -3.637, -4.46, -5.55, -6.754, -7.953, -9.06, -9.78, -10.01, -9.44, -8.01, -5.69, -2.525, 1.175, 5.016, 8.61, 11.52, 13.36, 13.93, 13.234, 11.32, 8.555, 5.44, 2.541, 0.3108, -0.533, 0.915, 5.402, 12.53, 20.81, 28.58, 34.38, 37.34, 37.72, 36.06, 33.12, 29.88, 26.94, 24.44, 22.11, 19.44, 16.03, 12.04, 8.1, 4.867, 2.686, 1.38, 0.4944, -0.4143, -1.612, -3.129, -4.69
-6.23, -7.3, -7.633, -7.15, -5.875, -3.912, -1.475, 1.208, 3.77, 5.938, 7.46, 7.992, 7.35, 5.58, 2.637, -1.267, -5.94, -10.95, -15.73, -19.75, -22.64, -23.94, -23.55, -21.52, -18.06, -13.8, -9.336, -5.367, -2.43, -0.8574, -0.721, -1.726, -3.271, -4.84, -6.16, -7.17, -7.91, -8.305, -8.266, -7.79, -6.76, -5.23, -3.232, -0.7847, 2.145, 5.34, 8.4, 10.875, 12.47, 13.06, 12.68, 11.414, 9.28, 6.473, 3.074, -0.784, -5.08, -9.74, -14.73, -19.89, -24.72, -28.52, -30.45, -30.22, -27.9, -23.92, -19.23, -14.625, -10.734, -8.11, -6.773, -6.656, -7.48, -8.93, -10.484, -11.46, -11.07, -9.03, -5.434, -0.631, 4.973, 10.81, 16.62, 22.03, 26.81, 30.89, 34.22, 36.72, 38.28, 38.88, 38.5, 37.16, 34.88, 31.89, 28.53, 25.25, 22.25, 19.83, 18.11, 17.0, 16.58, 16.94, 17.94, 19.5, 21.22, 22.97, 24.27, 24.89, 24.84, 24.14, 22.89, 21.31, 19.39, 17.39, 15.39, 13.52, 11.81, 10.305, 9.08, 8.03, 7.156, 6.51, 6.04, 5.695, 5.465, 5.348, 5.242, 5.13, 5.01, 4.76, 4.32, 3.756, 3.068, 2.283, 1.437, 0.537, -0.3875, -1.3125, -2.264, -3.139, -3.865, -4.387, -4.613, -4.527, -4.176, -3.64, -3.102, -2.7, -2.516, -2.65, -3.117, -3.81, -4.61, -5.4, -6.08, -6.47, -6.332, -5.508, -3.92, -1.498, 1.62, 5.11, 8.67, 11.875, 14.29, 15.74, 15.93, 14.766, 12.39, 9.21, 5.793, 2.805, 0.7993, 0.253, 1.824, 6.355, 13.61, 22.16, 30.05, 35.78, 38.72, 38.94, 37.0, 33.75, 30.17, 26.98, 24.45, 22.4, 20.27, 17.45, 13.87, 9.875, 6.2, 3.447, 1.732, 0.681, -0.1814, -1.303, -2.87, -4.64
-5.98, -7.273, -7.66, -6.977, -5.316, -2.932, -0.0553, 3.1, 6.105, 8.67, 10.47, 11.164, 10.61, 8.836, 5.844, 1.812, -3.17, -8.63, -14.055, -18.81, -22.4, -24.52, -24.78, -23.23, -20.0, -15.65, -10.914, -6.562, -3.055, -0.9517, -0.3267, -0.903, -2.115, -3.389, -4.52, -5.402, -6.117, -6.535, -6.64, -6.26, -5.305, -3.746, -1.584, 1.191, 4.438, 7.93, 11.26, 13.92, 15.62, 16.23, 15.95, 14.71, 12.664, 9.85, 6.43, 2.605, -1.665, -6.266, -11.13, -16.19, -20.97, -25.02, -27.6, -28.16, -26.77, -23.66, -19.48, -15.14, -11.195, -8.18, -6.293, -5.52, -5.707, -6.61, -7.812, -8.79, -8.74, -7.07, -3.812, 0.7134, 6.09, 11.7, 17.28, 22.53, 27.17, 31.11, 34.22, 36.5, 37.88, 38.34, 37.66, 36.03, 33.56, 30.47, 27.02, 23.75, 20.98, 18.73, 17.17, 16.11, 15.7, 15.88, 16.73, 18.12, 19.86, 21.7, 23.25, 24.25, 24.66, 24.36, 23.52, 22.17, 20.5, 18.58, 16.56, 14.62, 12.78, 11.13, 9.766, 8.58, 7.586, 6.805, 6.23, 5.83, 5.543, 5.4, 5.312, 5.277, 5.203, 5.03, 4.758, 4.33, 3.783, 3.16, 2.488, 1.754, 1.003, 0.2, -0.6646, -1.562, -2.41, -3.11, -3.564, -3.754, -3.65, -3.271, -2.764, -2.28, -1.908, -1.749, -1.842, -2.12, -2.488, -2.877, -3.174, -3.207, -2.775, -1.762, -0.05786, 2.352, 5.3, 8.53, 11.73, 14.54, 16.62, 17.69, 17.4, 15.71, 12.76, 9.09, 5.38, 2.36, 0.603, 0.3896, 2.29, 6.98, 14.36, 23.14, 31.22, 37.06, 39.9, 39.84, 37.62, 34.06, 30.19, 26.78, 24.16, 22.23, 20.58, 18.4, 15.4, 11.61, 7.754, 4.523, 2.355, 1.094, 0.2717, -0.733, -2.227, -4.098
-5.367, -6.914, -7.367, -6.527, -4.562, -1.792, 1.548, 5.188, 8.66, 11.63, 13.625, 14.41, 13.94, 12.28, 9.36, 5.33, 0.2869, -5.434, -11.33, -16.69, -21.08, -23.86, -24.83, -23.84, -21.06, -16.97, -12.18, -7.527, -3.613, -1.023, 0.1436, 0.06573, -0.7383, -1.711, -2.584, -3.285, -3.904, -4.406, -4.645, -4.426, -3.602, -2.049, 0.2383, 3.23, 6.777, 10.53, 14.14, 16.92, 18.7, 19.4, 19.19, 18.05, 16.12, 13.45, 10.125, 6.33, 2.162, -2.316, -7.02, -11.914, -16.72, -20.89, -23.9, -25.27, -24.88, -22.83, -19.56, -15.79, -12.06, -8.89, -6.523, -5.086, -4.516, -4.727, -5.418, -6.195, -6.336, -5.168, -2.389, 1.711, 6.758, 12.21, 17.64, 22.73, 27.25, 31.0, 34.06, 36.22, 37.47, 37.66, 36.8, 34.97, 32.25, 29.1, 25.64, 22.5, 19.98, 18.1, 16.69, 15.69, 15.18, 15.195, 15.74, 16.83, 18.4, 20.2, 21.86, 23.17, 24.0, 24.16, 23.78, 22.81, 21.45, 19.77, 17.86, 15.875, 13.945, 12.17, 10.625, 9.24, 8.11, 7.19, 6.508, 5.996, 5.66, 5.457, 5.363, 5.355, 5.332, 5.234, 5.074, 4.773, 4.375, 3.93, 3.422, 2.836, 2.203, 1.442, 0.621, -0.264, -1.09, -1.834, -2.428, -2.814, -2.936, -2.795, -2.418, -1.914, -1.421, -1.024, -0.7876, -0.7134, -0.6885, -0.6987, -0.658, -0.3994, 0.2499, 1.402, 3.143, 5.457, 8.2, 11.24, 14.12, 16.64, 18.34, 18.92, 18.06, 15.73, 12.12, 7.945, 3.953, 0.9585, -0.4756, -0.1824, 2.232, 7.266, 14.84, 23.75, 32.1, 37.94, 40.78, 40.6, 37.94, 34.0, 29.92, 26.38, 23.67, 21.84, 20.38, 18.8, 16.42, 13.195, 9.445, 5.85, 3.2, 1.634, 0.7773, -0.08435, -1.41, -3.285
-4.6, -6.348, -6.92, -5.996, -3.752, -0.552, 3.29, 7.375, 11.26, 14.555, 16.75, 17.62, 17.25, 15.664, 12.97, 9.125, 4.18, -1.577, -7.695, -13.53, -18.47, -21.98, -23.73, -23.4, -21.3, -17.6, -13.07, -8.3, -4.117, -1.113, 0.561, 1.013, 0.715, 0.1145, -0.4746, -0.9814, -1.462, -1.946, -2.28, -2.248, -1.609, -0.1643, 2.18, 5.32, 9.09, 13.15, 16.81, 19.77, 21.7, 22.5, 22.34, 21.31, 19.53, 17.02, 13.89, 10.28, 6.285, 2.006, -2.58, -7.324, -12.05, -16.38, -19.77, -21.92, -22.56, -21.7, -19.61, -16.72, -13.445, -10.336, -7.676, -5.637, -4.273, -3.652, -3.625, -3.941, -4.035, -3.287, -1.15, 2.424, 7.086, 12.32, 17.66, 22.67, 27.1, 30.77, 33.72, 35.75, 36.84, 36.97, 36.0, 33.9, 31.05, 27.75, 24.47, 21.61, 19.44, 17.75, 16.52, 15.57, 14.9, 14.64, 14.88, 15.64, 16.86, 18.5, 20.2, 21.73, 22.89, 23.45, 23.56, 23.03, 22.05, 20.69, 19.03, 17.16, 15.25, 13.414, 11.71, 10.16, 8.836, 7.75, 6.895, 6.207, 5.75, 5.49, 5.39, 5.395, 5.418, 5.414, 5.344, 5.156, 4.91, 4.61, 4.19, 3.646, 2.957, 2.09, 1.157, 0.2703, -0.4277, -1.008, -1.482, -1.884, -2.156, -2.21, -2.014, -1.586, -1.076, -0.5464, -0.0829, 0.29, 0.6123, 0.924, 1.252, 1.734, 2.512, 3.734, 5.47, 7.695, 10.31, 13.09, 15.74, 17.95, 19.25, 19.19, 17.56, 14.4, 10.07, 5.418, 1.315, -1.512, -2.41, -1.385, 1.659, 7.055, 14.95, 24.16, 32.7, 38.66, 41.38, 40.9, 37.94, 33.7, 29.34, 25.77, 23.03, 21.22, 19.89, 18.69, 16.92, 14.31, 10.9, 7.26, 4.176, 2.178, 1.133, 0.3916, -0.6934, -2.447
-3.861, -5.742, -6.438, -5.465, -2.902, 0.756, 5.035, 9.56, 13.84, 17.39, 19.73, 20.64, 20.39, 19.0, 16.5, 12.93, 8.28, 2.762, -3.363, -9.5, -14.92, -19.06, -21.47, -21.9, -20.47, -17.47, -13.37, -8.84, -4.656, -1.365, 0.7734, 1.767, 1.995, 1.836, 1.599, 1.376, 1.133, 0.7896, 0.454, 0.325, 0.7275, 1.964, 4.203, 7.37, 11.25, 15.4, 19.31, 22.4, 24.42, 25.39, 25.42, 24.53, 22.94, 20.6, 17.66, 14.27, 10.48, 6.418, 2.062, -2.52, -7.152, -11.58, -15.414, -18.33, -20.05, -20.42, -19.62, -17.83, -15.38, -12.59, -9.87, -7.402, -5.332, -3.805, -2.85, -2.428, -2.156, -1.49, 0.10693, 3.014, 7.13, 12.055, 17.22, 22.16, 26.61, 30.31, 33.3, 35.25, 36.34, 36.28, 35.16, 32.9, 29.92, 26.62, 23.48, 20.95, 19.05, 17.61, 16.48, 15.52, 14.7, 14.18, 14.11, 14.47, 15.31, 16.67, 18.25, 19.88, 21.23, 22.23, 22.77, 22.75, 22.25, 21.25, 19.95, 18.39, 16.6, 14.78, 13.02, 11.37, 9.875, 8.58, 7.47, 6.547, 5.895, 5.53, 5.38, 5.38, 5.477, 5.58, 5.594, 5.54, 5.42, 5.223, 4.785, 4.05, 2.988, 1.669, 0.3525, -0.628, -1.132, -1.265, -1.243, -1.263, -1.395, -1.493, -1.433, -1.133, -0.685, -0.1614, 0.3828, 0.9395, 1.46, 1.989, 2.496, 3.123, 3.957, 5.21, 6.945, 9.07, 11.484, 14.08, 16.45, 18.23, 18.92, 18.05, 15.45, 11.37, 6.387, 1.395, -2.533, -4.93, -5.17, -3.203, 0.6157, 6.57, 14.83, 24.33, 33.06, 39.16, 41.62, 40.88, 37.5, 33.0, 28.53, 24.95, 22.31, 20.52, 19.19, 18.06, 16.83, 14.92, 12.14, 8.68, 5.324, 2.781, 1.352, 0.589, -0.243, -1.754
-3.123, -5.05, -5.93, -4.94, -2.104, 1.994, 6.72, 11.664, 16.31, 20.05, 22.45, 23.52, 23.45, 22.23, 19.98, 16.6, 12.24, 7.117, 1.331, -4.77, -10.45, -15.1, -18.19, -19.44, -18.75, -16.58, -13.21, -9.24, -5.32, -1.988, 0.4668, 1.989, 2.795, 3.164, 3.396, 3.568, 3.658, 3.611, 3.453, 3.268, 3.46, 4.387, 6.324, 9.31, 13.13, 17.38, 21.4, 24.7, 26.94, 28.12, 28.31, 27.69, 26.19, 24.1, 21.31, 18.08, 14.484, 10.664, 6.6, 2.277, -2.19, -6.65, -10.836, -14.43, -17.17, -18.88, -19.42, -18.98, -17.6, -15.49, -12.99, -10.33, -7.72, -5.348, -3.406, -2.0, -1.027, -0.12317, 1.227, 3.535, 7.03, 11.48, 16.4, 21.38, 25.84, 29.64, 32.62, 34.62, 35.62, 35.53, 34.28, 31.98, 28.86, 25.62, 22.62, 20.38, 18.75, 17.47, 16.44, 15.43, 14.44, 13.71, 13.33, 13.35, 13.87, 14.875, 16.22, 17.75, 19.23, 20.53, 21.36, 21.88, 21.84, 21.36, 20.52, 19.33, 17.81, 16.2, 14.54, 12.86, 11.24, 9.77, 8.4, 7.18, 6.25, 5.656, 5.363, 5.312, 5.477, 5.688, 5.816, 5.91, 5.914, 5.7, 5.047, 3.809, 1.941, -0.293, -2.322, -3.572, -3.86, -3.258, -2.287, -1.435, -0.9463, -0.755, -0.6533, -0.4343, -0.101, 0.3044, 0.7925, 1.355, 1.951, 2.555, 3.145, 3.816, 4.676, 5.902, 7.586, 9.625, 11.945, 14.24, 16.22, 17.27, 17.02, 14.98, 11.25, 6.25, 0.8516, -4.08, -7.51, -9.09, -8.37, -5.43, -0.707, 5.91, 14.484, 24.25, 33.2, 39.22, 41.53, 40.47, 36.8, 32.1, 27.61, 24.02, 21.48, 19.69, 18.33, 17.2, 16.2, 14.94, 12.87, 9.945, 6.496, 3.49, 1.587, 0.622, -0.05417, -1.23
-2.404, -4.293, -5.344, -4.434, -1.392, 3.096, 8.31, 13.65, 18.6, 22.52, 25.12, 26.42, 26.58, 25.53, 23.44, 20.2, 16.11, 11.305, 5.945, 0.1903, -5.48, -10.445, -14.086, -16.03, -16.33, -15.06, -12.59, -9.445, -6.137, -3.076, -0.57, 1.328, 2.682, 3.648, 4.477, 5.195, 5.805, 6.24, 6.418, 6.43, 6.535, 7.11, 8.6, 11.19, 14.71, 18.83, 22.94, 26.4, 28.98, 30.42, 30.95, 30.64, 29.4, 27.48, 24.75, 21.56, 18.11, 14.445, 10.734, 6.836, 2.691, -1.679, -6.03, -10.14, -13.83, -16.77, -18.88, -19.88, -19.83, -18.77, -16.84, -14.24, -11.29, -8.21, -5.367, -2.947, -1.053, 0.4438, 1.95, 3.947, 6.848, 10.76, 15.37, 20.25, 24.8, 28.7, 31.83, 33.9, 34.97, 34.84, 33.47, 31.03, 27.92, 24.72, 21.9, 19.81, 18.31, 17.19, 16.14, 15.086, 14.06, 13.18, 12.61, 12.35, 12.53, 13.195, 14.23, 15.56, 17.02, 18.4, 19.55, 20.36, 20.77, 20.83, 20.55, 19.83, 18.8, 17.52, 16.06, 14.516, 12.93, 11.38, 9.76, 8.24, 6.96, 6.01, 5.44, 5.266, 5.41, 5.703, 6.0, 6.246, 6.34, 5.984, 4.844, 2.66, -0.4883, -4.074, -7.176, -8.836, -8.81, -7.28, -4.93, -2.717, -1.146, -0.2727, 0.1058, 0.3418, 0.5767, 0.7695, 1.077, 1.535, 2.127, 2.756, 3.43, 4.12, 4.96, 6.133, 7.742, 9.69, 11.79, 13.6, 14.73, 14.65, 12.94, 9.5, 4.613, -1.019, -6.383, -10.77, -13.41, -13.82, -11.875, -7.844, -2.121, 5.195, 14.23, 24.3, 33.25, 39.2, 41.2, 39.72, 35.78, 31.05, 26.62, 23.16, 20.69, 18.83, 17.31, 16.12, 15.22, 14.35, 13.06, 10.84, 7.645, 4.426, 1.987, 0.6436, -0.02498, -0.8716
-1.736, -3.418, -4.555, -3.793, -0.7114, 4.094, 9.695, 15.35, 20.55, 24.72, 27.6, 29.16, 29.64, 28.98, 26.92, 23.75, 19.67, 15.055, 10.12, 4.934, -0.3955, -5.35, -9.33, -12.01, -13.13, -12.9, -11.54, -9.484, -7.125, -4.74, -2.572, -0.6226, 1.122, 2.748, 4.285, 5.766, 7.113, 8.23, 9.01, 9.45, 9.69, 10.086, 11.05, 13.016, 15.98, 19.67, 23.64, 27.31, 30.14, 32.06, 33.06, 33.12, 32.25, 30.58, 27.98, 24.78, 21.17, 17.6, 14.14, 10.625, 6.984, 3.025, -1.173, -5.496, -9.83, -13.84, -17.3, -19.9, -21.48, -21.77, -20.84, -18.75, -15.77, -12.266, -8.664, -5.277, -2.373, 0.04706, 2.04, 4.047, 6.58, 9.98, 14.13, 18.81, 23.39, 27.5, 30.73, 33.03, 34.12, 34.03, 32.6, 30.11, 27.0, 23.83, 21.12, 19.11, 17.67, 16.58, 15.5, 14.41, 13.375, 12.484, 11.836, 11.414, 11.4, 11.7, 12.414, 13.47, 14.7, 16.02, 17.23, 18.34, 19.16, 19.7, 19.89, 19.72, 19.16, 18.42, 17.36, 16.05, 14.664, 13.125, 11.414, 9.68, 8.016, 6.652, 5.73, 5.297, 5.348, 5.668, 6.09, 6.492, 6.594, 5.965, 4.09, 0.6787, -4.105, -9.31, -13.695, -15.95, -15.57, -12.914, -8.93, -5.0, -2.076, -0.3096, 0.4746, 0.73, 0.705, 0.5337, 0.5576, 0.9146, 1.642, 2.5, 3.441, 4.285, 5.164, 6.33, 7.816, 9.516, 10.945, 11.79, 11.44, 9.58, 6.13, 1.175, -4.48, -10.125, -14.83, -18.14, -19.44, -18.48, -15.21, -10.016, -3.389, 4.668, 14.195, 24.39, 33.34, 39.03, 40.78, 38.9, 34.84, 30.0, 25.62, 22.19, 19.75, 17.81, 16.25, 14.86, 13.914, 13.336, 12.63, 11.17, 8.58, 5.445, 2.63, 0.819, -0.0116, -0.602
-1.07, -2.406, -3.504, -2.951, -0.02496, 4.918, 10.76, 16.7, 22.14, 26.55, 29.7, 31.67, 32.56, 32.2, 30.39, 27.19, 22.89, 18.2, 13.484, 8.93, 4.355, -0.1494, -4.17, -7.293, -9.24, -10.04, -9.88, -9.11, -8.055, -6.79, -5.45, -3.98, -2.254, -0.1404, 2.205, 4.68, 7.016, 9.086, 10.71, 11.82, 12.555, 13.03, 13.625, 14.9, 17.02, 20.02, 23.58, 27.14, 30.27, 32.62, 34.16, 34.75, 34.3, 32.97, 30.64, 27.44, 23.69, 19.92, 16.45, 13.266, 10.195, 6.992, 3.277, -0.884, -5.4, -10.04, -14.664, -18.73, -21.94, -23.81, -24.22, -23.03, -20.53, -17.0, -12.91, -8.76, -4.887, -1.513, 1.227, 3.58, 6.074, 9.1, 12.86, 17.27, 21.83, 26.06, 29.45, 31.97, 33.12, 33.12, 31.81, 29.38, 26.23, 23.08, 20.31, 18.25, 16.75, 15.62, 14.49, 13.44, 12.45, 11.62, 10.98, 10.55, 10.38, 10.49, 10.87, 11.55, 12.516, 13.64, 14.84, 16.03, 17.03, 17.89, 18.52, 18.86, 18.88, 18.6, 18.0, 17.11, 16.06, 14.73, 13.15, 11.38, 9.48, 7.715, 6.348, 5.555, 5.37, 5.645, 6.14, 6.63, 6.72, 5.723, 3.0, -1.682, -8.08, -14.914, -20.64, -23.47, -22.81, -19.0, -13.45, -7.887, -3.605, -0.9976, 0.07, 0.04657, -0.695, -1.586, -2.055, -1.798, -0.693, 0.877, 2.55, 4.016, 5.223, 6.42, 7.64, 8.695, 8.91, 7.91, 5.383, 1.351, -3.822, -9.65, -15.29, -20.08, -23.61, -25.33, -24.97, -22.48, -17.94, -11.67, -4.27, 4.41, 14.37, 24.7, 33.4, 38.84, 40.16, 38.1, 34.03, 29.19, 24.73, 21.2, 18.61, 16.64, 14.96, 13.45, 12.375, 11.87, 11.64, 10.96, 9.14, 6.363, 3.408, 1.181, 0.0793, -0.3723
-0.4893, -1.313, -2.209, -1.861, 0.722, 5.508, 11.445, 17.62, 23.2, 27.84, 31.27, 33.6, 34.84, 34.78, 33.16, 30.03, 25.6, 20.6, 15.83, 11.72, 8.11, 4.523, 1.042, -2.076, -4.484, -6.13, -7.156, -7.76, -8.17, -8.44, -8.54, -8.27, -7.23, -5.188, -2.24, 1.324, 4.902, 8.21, 10.984, 13.03, 14.41, 15.28, 15.875, 16.66, 17.97, 20.05, 22.88, 26.02, 29.11, 31.81, 33.75, 34.84, 35.0, 34.1, 32.2, 29.2, 25.45, 21.45, 17.77, 14.68, 12.125, 9.66, 6.746, 3.178, -1.058, -5.848, -11.02, -16.2, -20.8, -24.3, -26.16, -26.31, -24.67, -21.55, -17.39, -12.81, -8.266, -4.105, -0.5693, 2.387, 5.13, 8.04, 11.51, 15.625, 20.12, 24.4, 27.92, 30.53, 31.94, 32.06, 30.84, 28.48, 25.4, 22.19, 19.3, 17.1, 15.48, 14.266, 13.11, 12.09, 11.2, 10.45, 9.914, 9.58, 9.38, 9.35, 9.516, 9.96, 10.56, 11.4, 12.41, 13.47, 14.52, 15.56, 16.45, 17.25, 17.78, 17.97, 17.83, 17.45, 16.77, 15.79, 14.5, 12.875, 10.94, 9.02, 7.31, 6.11, 5.594, 5.688, 6.176, 6.707, 6.684, 5.332, 1.973, -3.74, -11.36, -19.55, -26.16, -29.48, -28.58, -23.95, -17.25, -10.47, -5.25, -2.188, -1.297, -2.145, -4.176, -6.406, -7.902, -7.863, -6.14, -3.281, -0.1779, 2.484, 4.418, 5.766, 6.547, 6.297, 4.562, 0.9946, -4.02, -9.98, -16.08, -21.72, -26.36, -29.6, -31.36, -31.33, -29.34, -25.47, -19.75, -12.74, -4.668, 4.51, 14.74, 25.16, 33.62, 38.6, 39.66, 37.47, 33.3, 28.36, 23.69, 19.84, 17.14, 15.16, 13.45, 11.92, 10.76, 10.22, 10.26, 10.16, 9.14, 7.02, 4.23, 1.735, 0.2896, -0.1853
-0.05685, -0.3252, -0.8555, -0.6367, 1.5, 5.906, 11.7, 17.86, 23.53, 28.33, 31.95, 34.56, 36.0, 36.16, 34.72, 31.69, 27.19, 21.97, 16.97, 13.04, 10.27, 7.95, 5.555, 3.059, 0.786, -1.253, -3.09, -4.83, -6.637, -8.57, -10.516, -12.086, -12.61, -11.516, -8.68, -4.457, 0.452, 5.184, 9.3, 12.52, 14.79, 16.23, 17.02, 17.67, 18.5, 19.8, 21.69, 24.14, 26.86, 29.47, 31.7, 33.22, 33.84, 33.47, 32.03, 29.45, 25.89, 21.88, 17.97, 14.83, 12.586, 10.836, 8.84, 6.137, 2.545, -1.859, -7.016, -12.69, -18.19, -22.98, -26.36, -27.84, -27.44, -25.1, -21.39, -16.83, -11.91, -7.207, -2.988, 0.587, 3.69, 6.742, 10.125, 14.07, 18.36, 22.6, 26.27, 28.97, 30.5, 30.75, 29.72, 27.52, 24.4, 21.02, 17.94, 15.54, 13.75, 12.47, 11.38, 10.41, 9.59, 8.984, 8.65, 8.48, 8.35, 8.28, 8.32, 8.49, 8.83, 9.336, 10.086, 10.99, 11.95, 12.984, 14.016, 14.99, 15.86, 16.47, 16.78, 16.81, 16.55, 15.95, 15.07, 13.76, 12.08, 10.2, 8.36, 6.887, 6.027, 5.867, 6.246, 6.684, 6.535, 5.008, 1.33, -4.805, -12.97, -21.67, -28.75, -32.2, -31.2, -26.2, -19.03, -11.86, -6.363, -3.412, -3.193, -5.35, -9.2, -13.41, -16.44, -16.98, -14.695, -10.43, -5.492, -1.108, 1.933, 3.506, 3.48, 1.392, -2.883, -8.98, -15.9, -22.61, -28.25, -32.75, -35.75, -37.2, -37.06, -35.38, -31.95, -26.95, -20.52, -12.93, -4.582, 5.05, 15.47, 25.62, 33.72, 38.28, 39.1, 36.94, 32.6, 27.42, 22.3, 18.14, 15.24, 13.23, 11.62, 10.15, 9.016, 8.47, 8.586, 8.92, 8.6, 7.22, 4.85, 2.314, 0.5366, -0.0742
-0.0816, 0.1978, 0.271, 0.6265, 2.33, 6.07, 11.38, 17.33, 23.0, 27.75, 31.48, 34.2, 35.62, 35.78, 34.47, 31.56, 27.12, 21.78, 16.64, 12.74, 10.555, 9.445, 8.49, 7.117, 5.49, 3.639, 1.569, -0.7173, -3.47, -6.74, -10.47, -14.16, -16.88, -17.62, -15.8, -11.58, -5.906, 0.1073, 5.586, 9.96, 13.17, 15.29, 16.58, 17.36, 17.95, 18.8, 20.08, 21.81, 23.88, 26.14, 28.23, 29.86, 30.73, 30.72, 29.77, 27.69, 24.72, 20.97, 17.1, 13.875, 11.78, 10.56, 9.42, 7.703, 5.04, 1.369, -3.252, -8.68, -14.516, -20.06, -24.61, -27.42, -28.19, -27.0, -24.03, -19.86, -15.12, -10.16, -5.566, -1.545, 1.966, 5.25, 8.625, 12.414, 16.53, 20.64, 24.27, 27.06, 28.7, 29.19, 28.27, 26.11, 22.89, 19.33, 16.03, 13.44, 11.58, 10.29, 9.305, 8.39, 7.695, 7.27, 7.105, 7.11, 7.145, 7.152, 7.145, 7.176, 7.293, 7.555, 8.0, 8.63, 9.41, 10.31, 11.32, 12.38, 13.375, 14.23, 14.87, 15.24, 15.31, 15.1, 14.59, 13.695, 12.41, 10.87, 9.195, 7.63, 6.547, 6.11, 6.258, 6.55, 6.293, 4.758, 1.246, -4.6, -12.43, -20.77, -27.55, -30.86, -29.77, -24.97, -18.12, -11.31, -6.285, -3.998, -4.76, -8.4, -14.23, -20.61, -25.52, -26.95, -24.56, -19.19, -12.664, -6.617, -2.508, -0.7944, -1.875, -5.836, -12.2, -19.92, -27.45, -33.72, -38.16, -40.84, -41.97, -41.75, -40.1, -37.12, -32.7, -26.94, -20.08, -12.36, -3.78, 5.902, 16.23, 26.03, 33.6, 37.75, 38.4, 36.16, 31.5, 25.72, 20.16, 15.76, 12.77, 10.86, 9.44, 8.195, 7.234, 6.69, 6.83, 7.35, 7.555, 6.863, 5.094, 2.764, 0.753, -0.1664
-0.542, 0.0868, 0.779, 1.507, 2.973, 5.965, 10.49, 15.85, 21.22, 25.94, 29.64, 32.16, 33.5, 33.6, 32.25, 29.31, 24.97, 19.77, 14.695, 10.945, 9.164, 8.94, 9.25, 9.12, 8.37, 7.055, 5.25, 2.97, -0.01274, -3.91, -8.68, -14.01, -18.86, -21.86, -21.81, -18.55, -12.91, -6.242, 0.1313, 5.54, 9.6, 12.38, 14.16, 15.22, 15.96, 16.69, 17.67, 18.92, 20.45, 22.16, 23.9, 25.34, 26.3, 26.47, 25.81, 24.25, 21.75, 18.56, 14.93, 11.83, 9.91, 9.11, 8.734, 7.9, 6.19, 3.443, -0.285, -4.938, -10.33, -16.0, -21.11, -24.88, -26.83, -26.81, -24.84, -21.47, -17.17, -12.445, -7.797, -3.621, 0.1203, 3.6, 7.023, 10.75, 14.63, 18.52, 21.98, 24.72, 26.4, 27.0, 26.16, 23.9, 20.56, 16.83, 13.38, 10.78, 9.0, 7.812, 6.9, 6.18, 5.637, 5.375, 5.4, 5.555, 5.69, 5.797, 5.836, 5.836, 5.836, 5.934, 6.14, 6.5, 7.02, 7.75, 8.62, 9.59, 10.57, 11.516, 12.28, 12.86, 13.164, 13.23, 13.05, 12.516, 11.69, 10.61, 9.3, 7.973, 6.86, 6.254, 6.125, 6.203, 5.91, 4.55, 1.564, -3.373, -10.0, -17.19, -22.98, -25.81, -24.8, -20.61, -14.695, -8.95, -4.902, -3.535, -5.242, -10.04, -17.48, -25.67, -32.22, -34.78, -32.75, -27.06, -19.62, -12.625, -7.844, -6.215, -8.16, -13.32, -20.73, -28.89, -35.97, -41.06, -43.97, -45.03, -44.7, -43.12, -40.38, -36.5, -31.56, -25.53, -18.73, -11.13, -2.525, 7.008, 16.9, 26.03, 32.84, 36.6, 37.16, 34.53, 29.34, 22.9, 17.06, 12.59, 9.78, 8.16, 7.043, 6.117, 5.383, 4.957, 5.094, 5.676, 6.156, 5.992, 4.836, 2.895, 0.8433, -0.4377
-1.223, -0.638, 0.4453, 1.61, 3.096, 5.47, 9.06, 13.53, 18.31, 22.64, 26.06, 28.48, 29.64, 29.52, 27.95, 25.0, 20.8, 15.85, 11.22, 7.965, 6.58, 6.906, 8.0, 8.83, 8.89, 8.16, 6.812, 4.875, 2.254, -1.317, -6.125, -12.03, -18.22, -23.14, -25.03, -23.39, -18.66, -12.234, -5.64, 0.10376, 4.63, 7.88, 9.98, 11.32, 12.305, 13.21, 14.19, 15.31, 16.53, 17.86, 19.11, 20.25, 21.0, 21.2, 20.7, 19.44, 17.39, 14.58, 11.48, 8.805, 7.23, 6.824, 6.992, 6.85, 5.93, 4.125, 1.461, -2.076, -6.4, -11.42, -16.44, -20.6, -23.42, -24.38, -23.48, -21.12, -17.6, -13.47, -9.2, -5.156, -1.443, 2.078, 5.484, 9.01, 12.65, 16.19, 19.38, 21.89, 23.5, 24.0, 23.02, 20.53, 17.02, 13.29, 10.02, 7.61, 6.074, 5.1, 4.418, 3.883, 3.53, 3.414, 3.516, 3.746, 3.98, 4.18, 4.234, 4.266, 4.254, 4.26, 4.35, 4.55, 4.88, 5.4, 6.062, 6.816, 7.62, 8.51, 9.266, 9.86, 10.29, 10.52, 10.55, 10.3, 9.83, 9.21, 8.375, 7.445, 6.574, 5.94, 5.652, 5.562, 5.227, 4.113, 1.853, -1.821, -6.707, -12.05, -16.47, -18.48, -17.66, -14.305, -9.734, -5.438, -2.62, -2.18, -4.49, -9.75, -17.72, -26.77, -34.25, -37.62, -36.47, -31.23, -24.03, -17.12, -12.34, -10.95, -13.164, -18.31, -25.61, -33.22, -39.5, -43.62, -45.1, -45.1, -43.66, -41.3, -37.97, -33.88, -28.98, -23.12, -16.6, -9.266, -0.978, 8.03, 17.14, 25.23, 31.12, 34.4, 34.47, 31.27, 25.34, 18.6, 12.81, 8.766, 6.492, 5.316, 4.617, 4.07, 3.58, 3.307, 3.46, 3.97, 4.527, 4.684, 4.066, 2.64, 0.7686, -0.749
-1.817, -1.523, -0.4531, 0.8965, 2.422, 4.38, 7.117, 10.586, 14.39, 18.0, 20.97, 22.95, 23.84, 23.53, 21.78, 18.78, 14.805, 10.58, 6.867, 4.402, 3.525, 4.133, 5.52, 6.77, 7.277, 6.99, 6.09, 4.64, 2.684, 0.0617, -3.736, -8.94, -15.07, -20.81, -24.33, -24.45, -21.4, -16.25, -10.43, -5.03, -0.6274, 2.637, 4.87, 6.383, 7.625, 8.766, 9.97, 11.13, 12.26, 13.3, 14.21, 14.984, 15.46, 15.53, 15.016, 13.875, 12.13, 9.8, 7.38, 5.35, 4.223, 4.152, 4.6, 4.88, 4.496, 3.455, 1.809, -0.488, -3.498, -7.254, -11.39, -15.25, -18.28, -19.95, -20.0, -18.62, -16.08, -12.86, -9.29, -5.71, -2.334, 0.898, 4.07, 7.27, 10.5, 13.57, 16.31, 18.44, 19.67, 19.75, 18.34, 15.66, 12.17, 8.76, 6.03, 4.18, 3.07, 2.42, 2.002, 1.6455, 1.484, 1.475, 1.59, 1.828, 2.098, 2.312, 2.418, 2.463, 2.482, 2.473, 2.52, 2.627, 2.842, 3.168, 3.635, 4.19, 4.797, 5.453, 6.043, 6.59, 6.992, 7.207, 7.34, 7.254, 7.062, 6.76, 6.355, 5.855, 5.34, 4.883, 4.59, 4.383, 4.008, 3.174, 1.644, -0.68, -3.727, -7.117, -9.86, -11.125, -10.36, -7.953, -4.78, -1.948, -0.4138, -0.759, -3.14, -7.83, -14.94, -23.39, -30.84, -34.78, -34.44, -30.44, -24.44, -18.56, -14.46, -13.16, -14.78, -18.97, -25.06, -31.72, -37.28, -40.6, -41.88, -41.25, -39.62, -37.0, -33.62, -29.61, -24.98, -19.66, -13.72, -6.99, 0.5044, 8.484, 16.39, 23.19, 28.11, 30.45, 29.61, 25.55, 19.3, 12.945, 7.965, 4.867, 3.303, 2.627, 2.271, 2.057, 1.869, 1.768, 1.924, 2.316, 2.764, 3.043, 2.848, 1.974, 0.4902, -1.03
-2.057, -2.082, -1.344, -0.2001, 1.098, 2.596, 4.574, 6.996, 9.695, 12.33, 14.52, 15.84, 16.3, 15.63, 13.84, 11.234, 7.996, 4.93, 2.477, 1.042, 0.6963, 1.344, 2.582, 3.73, 4.297, 4.22, 3.656, 2.744, 1.574, 0.04456, -2.264, -5.77, -10.48, -15.54, -19.48, -21.11, -20.0, -16.77, -12.5, -8.26, -4.664, -1.841, 0.233, 1.792, 3.113, 4.363, 5.598, 6.734, 7.723, 8.49, 9.09, 9.516, 9.66, 9.51, 8.94, 7.895, 6.477, 4.79, 3.156, 1.913, 1.343, 1.487, 2.01, 2.373, 2.309, 1.777, 0.866, -0.328, -2.002, -4.21, -6.926, -9.81, -12.39, -14.15, -14.8, -14.33, -12.81, -10.6, -8.02, -5.246, -2.521, 0.151, 2.81, 5.43, 7.992, 10.32, 12.3, 13.63, 14.13, 13.555, 11.83, 9.3, 6.45, 3.889, 2.02, 0.876, 0.27, -0.02003, -0.208, -0.3503, -0.4072, -0.3438, -0.2086, -0.003754, 0.1846, 0.324, 0.404, 0.455, 0.4604, 0.4905, 0.5547, 0.636, 0.782, 0.9707, 1.265, 1.627, 2.014, 2.434, 2.842, 3.184, 3.447, 3.621, 3.729, 3.715, 3.66, 3.578, 3.467, 3.252, 3.043, 2.832, 2.652, 2.473, 2.13, 1.547, 0.654, -0.54, -2.05, -3.734, -5.035, -5.52, -4.85, -3.318, -1.412, 0.0609, 0.5205, -0.1855, -2.064, -5.375, -10.48, -16.92, -23.12, -26.98, -27.53, -25.1, -20.95, -16.66, -13.41, -11.95, -12.5, -15.086, -19.48, -24.81, -29.52, -32.7, -34.03, -33.78, -32.28, -30.08, -27.2, -23.64, -19.67, -15.195, -10.125, -4.344, 1.933, 8.36, 14.48, 19.56, 22.9, 23.73, 21.69, 17.22, 11.695, 6.74, 3.281, 1.426, 0.6475, 0.4185, 0.3333, 0.3025, 0.2834, 0.3152, 0.4756, 0.7314, 1.014, 1.247, 1.267, 0.8687, -0.0582, -1.22
-2.055, -2.213, -1.879, -1.199, -0.4006, 0.4658, 1.602, 2.969, 4.465, 5.87, 6.98, 7.56, 7.496, 6.773, 5.414, 3.674, 1.848, 0.2551, -0.826, -1.413, -1.441, -0.9673, -0.1982, 0.5107, 0.834, 0.8135, 0.549, 0.0917, -0.4575, -1.086, -2.03, -3.646, -6.12, -9.2, -12.08, -13.96, -14.125, -12.836, -10.54, -7.996, -5.715, -3.82, -2.336, -1.162, -0.147, 0.779, 1.633, 2.36, 2.988, 3.432, 3.693, 3.752, 3.678, 3.47, 2.973, 2.242, 1.383, 0.506, -0.306, -0.8364, -1.007, -0.831, -0.4648, -0.2195, -0.2249, -0.4355, -0.785, -1.25, -1.873, -2.8, -4.055, -5.586, -7.117, -8.32, -9.02, -9.02, -8.375, -7.21, -5.72, -4.05, -2.305, -0.6265, 1.075, 2.674, 4.145, 5.434, 6.355, 6.797, 6.64, 5.79, 4.4, 2.719, 1.032, -0.3047, -1.211, -1.698, -1.906, -1.971, -1.99, -1.999, -2.002, -1.971, -1.866, -1.742, -1.636, -1.568, -1.527, -1.492, -1.482, -1.432, -1.372, -1.3125, -1.236, -1.1455, -0.9995, -0.793, -0.583, -0.401, -0.2051, -0.0451, 0.1047, 0.1646, 0.2375, 0.2402, 0.233, 0.2362, 0.2356, 0.2, 0.1674, 0.10425, 0.01462, -0.0997, -0.2788, -0.5864, -1.022, -1.497, -1.995, -2.535, -2.934, -2.941, -2.482, -1.73, -0.88, -0.3782, -0.4888, -1.098, -2.172, -3.791, -6.336, -9.9, -13.71, -16.61, -17.56, -16.64, -14.35, -11.8, -9.555, -8.17, -7.97, -9.11, -11.516, -14.83, -18.02, -20.58, -21.94, -22.17, -21.38, -19.97, -18.06, -15.61, -12.76, -9.51, -5.855, -1.894, 2.324, 6.477, 10.13, 12.78, 13.945, 13.29, 11.06, 7.605, 4.176, 1.471, -0.166, -0.9346, -1.196, -1.191, -1.115, -1.082, -1.062, -0.9863, -0.892, -0.788, -0.6196, -0.4834, -0.4275, -0.5356, -0.9194, -1.513
-2.217, -2.281, -2.207, -2.031, -1.817, -1.581, -1.269, -0.936, -0.5967, -0.2732, -0.07574, 0.002724, -0.1605, -0.5083, -0.9473, -1.512, -2.02, -2.436, -2.645, -2.781, -2.72, -2.525, -2.277, -2.059, -1.952, -1.995, -2.072, -2.195, -2.322, -2.463, -2.639, -3.014, -3.65, -4.63, -5.62, -6.37, -6.56, -6.29, -5.613, -4.73, -3.92, -3.252, -2.723, -2.338, -2.002, -1.745, -1.504, -1.305, -1.174, -1.124, -1.099, -1.163, -1.262, -1.351, -1.512, -1.76, -1.999, -2.23, -2.41, -2.516, -2.543, -2.457, -2.332, -2.22, -2.248, -2.31, -2.37, -2.465, -2.557, -2.719, -3.04, -3.479, -3.928, -4.31, -4.598, -4.594, -4.402, -4.05, -3.613, -3.096, -2.555, -2.041, -1.544, -1.116, -0.8076, -0.5405, -0.4092, -0.4307, -0.6436, -1.043, -1.584, -2.123, -2.621, -2.932, -3.111, -3.174, -3.213, -3.186, -3.135, -3.127, -3.15, -3.158, -3.123, -3.072, -3.021, -3.004, -2.984, -2.955, -2.914, -2.877, -2.873, -2.832, -2.785, -2.768, -2.744, -2.668, -2.596, -2.586, -2.541, -2.451, -2.398, -2.396, -2.37, -2.365, -2.377, -2.37, -2.363, -2.375, -2.35, -2.35, -2.41, -2.469, -2.463, -2.545, -2.7, -2.822, -2.883, -2.955, -3.02, -2.967, -2.838, -2.686, -2.5, -2.428, -2.617, -2.885, -3.174, -3.582, -4.203, -5.19, -6.406, -7.402, -7.918, -7.695, -6.953, -6.0, -5.156, -4.55, -4.33, -4.625, -5.34, -6.367, -7.566, -8.49, -9.125, -9.3, -9.07, -8.48, -7.582, -6.45, -5.223, -3.896, -2.447, -0.9834, 0.4346, 1.626, 2.475, 2.885, 2.848, 2.223, 1.297, 0.1182, -0.908, -1.668, -2.062, -2.172, -2.16, -2.152, -2.094, -2.078, -2.06, -1.969, -1.933, -1.938, -1.856, -1.804, -1.773, -1.794, -1.878, -2.035
