-8.65, -8.7, -8.734, -8.78, -8.914, -9.055, -9.22, -9.29, -9.3, -9.26, -9.2, -9.19, -9.29, -9.516, -9.7, -9.86, -9.875, -9.64, -9.22, -8.81, -8.69, -8.94, -9.2, -9.16, -8.625, -7.84, -7.285, -7.16, -7.453, -7.945, -8.35, -8.65, -8.74, -8.78, -8.72, -8.69, -8.71, -8.77, -8.875, -8.87, -8.83, -8.85, -8.945, -8.945, -8.7, -8.22, -7.723, -7.516, -7.605, -7.875, -8.17, -8.28, -8.2, -8.055, -7.914, -7.97, -8.11, -8.16, -7.99, -7.67, -7.453, -7.44, -7.703, -7.934, -7.895, -7.555, -7.1, -6.85, -6.945, -7.31, -7.55, -7.586, -7.406, -7.137, -7.066, -7.36, -7.805, -8.15, -8.234, -8.16, -7.965, -7.65, -7.418, -7.35, -7.516, -7.83, -8.06, -8.04, -7.926, -7.996, -8.24, -8.41, -8.5, -8.59, -8.8, -9.164, -9.49, -9.56, -9.41, -9.04, -8.69, -8.37, -8.234, -8.164, -8.26, -8.39, -8.54, -8.84, -9.23, -9.73, -10.125, -10.35, -10.46, -10.49, -10.53, -10.695, -10.87, -10.875, -10.8, -10.49, -10.164, -9.586, -9.21, -8.9, -8.78, -8.89, -8.945, -8.87, -8.64, -8.34, -8.164, -8.31, -8.44, -8.64, -8.66, -8.59, -8.7, -8.73, -9.086, -9.16, -9.26, -9.05, -8.99, -8.92, -8.95, -8.92, -8.74, -8.54, -8.555, -8.9, -9.44, -9.86, -9.914, -9.64, -9.24, -9.04, -9.1, -9.266, -9.41, -9.375, -9.336, -9.32, -9.445, -9.59, -9.625, -9.73, -9.85, -10.0, -9.945, -9.64, -9.47, -9.56, -9.84, -10.02, -9.87, -9.47, -9.16, -9.03, -9.15, -9.35, -9.49, -9.664, -9.74, -9.664, -9.45, -9.26, -9.266, -9.3, -9.22, -8.95, -8.63, -8.49, -8.66, -8.84, -8.94, -8.81, -8.516, -8.38, -8.37, -8.516
-7.125, -7.03, -6.797, -6.695, -6.887, -7.418, -8.1, -8.86, -9.414, -9.72, -9.91, -10.0, -10.195, -10.42, -10.52, -10.5, -10.28, -9.82, -9.07, -8.17, -7.46, -7.203, -7.09, -6.695, -5.848, -4.797, -4.04, -3.936, -4.49, -5.42, -6.363, -7.215, -7.82, -8.27, -8.56, -8.72, -8.75, -8.65, -8.34, -7.94, -7.56, -7.367, -7.36, -7.336, -6.992, -6.36, -5.6, -5.016, -4.74, -4.715, -4.875, -5.004, -5.027, -5.047, -5.184, -5.484, -5.867, -6.04, -5.93, -5.465, -4.992, -4.754, -4.76, -4.785, -4.547, -3.988, -3.383, -3.035, -3.18, -3.686, -4.29, -4.8, -5.094, -5.344, -5.63, -6.098, -6.574, -6.77, -6.74, -6.574, -6.258, -5.93, -5.67, -5.66, -5.94, -6.38, -6.723, -7.0, -7.242, -7.69, -8.31, -8.84, -9.23, -9.51, -9.914, -10.44, -10.766, -10.69, -10.29, -9.66, -9.05, -8.52, -8.31, -8.29, -8.484, -8.85, -9.37, -10.06, -10.836, -11.766, -12.65, -13.39, -14.07, -14.59, -15.16, -15.57, -15.84, -15.73, -15.47, -14.8, -13.836, -12.414, -10.95, -9.66, -8.6, -8.01, -7.66, -7.215, -6.86, -6.582, -6.387, -6.508, -6.7, -6.984, -7.055, -7.133, -7.29, -7.465, -7.86, -8.12, -8.3, -8.21, -8.19, -8.14, -8.18, -8.03, -7.773, -7.438, -7.36, -7.605, -8.11, -8.54, -8.75, -8.65, -8.42, -8.36, -8.51, -8.836, -9.05, -9.125, -9.125, -9.05, -9.06, -9.07, -9.01, -8.94, -8.914, -8.875, -8.65, -8.234, -7.94, -7.875, -8.03, -8.13, -7.97, -7.64, -7.477, -7.52, -7.734, -7.89, -7.926, -8.04, -8.17, -8.17, -8.03, -7.797, -7.625, -7.438, -7.203, -6.934, -6.758, -6.86, -7.234, -7.54, -7.484, -7.055, -6.51, -6.32, -6.56, -6.95
-4.68, -4.285, -3.742, -3.535, -3.89, -4.926, -6.324, -7.855, -9.07, -9.93, -10.5, -10.92, -11.22, -11.39, -11.41, -11.3, -11.016, -10.36, -9.25, -7.836, -6.426, -5.324, -4.457, -3.52, -2.242, -0.9165, -0.04956, -0.1503, -1.107, -2.605, -4.215, -5.652, -6.848, -7.83, -8.54, -8.97, -9.086, -8.71, -7.977, -7.0, -6.098, -5.49, -5.242, -5.05, -4.543, -3.68, -2.715, -1.89, -1.413, -1.294, -1.519, -1.918, -2.275, -2.584, -2.994, -3.541, -4.113, -4.355, -4.086, -3.3, -2.38, -1.656, -1.138, -0.718, -0.1237, 0.7124, 1.392, 1.695, 1.409, 0.5835, -0.524, -1.593, -2.568, -3.383, -4.137, -4.74, -5.113, -5.09, -4.91, -4.637, -4.344, -4.113, -3.998, -4.105, -4.477, -5.04, -5.62, -6.234, -6.92, -7.78, -8.81, -9.74, -10.4, -10.836, -11.35, -11.93, -12.23, -12.055, -11.35, -10.34, -9.375, -8.586, -8.11, -7.98, -8.24, -8.86, -9.695, -10.73, -11.93, -13.24, -14.53, -15.75, -16.95, -18.08, -19.17, -19.97, -20.52, -20.72, -20.62, -19.89, -18.62, -16.67, -14.19, -11.555, -9.266, -7.438, -6.137, -5.21, -4.516, -4.09, -3.98, -4.12, -4.418, -4.742, -4.957, -5.21, -5.395, -5.77, -6.227, -6.637, -6.902, -6.97, -6.977, -6.97, -7.035, -6.863, -6.547, -6.082, -5.78, -5.793, -6.156, -6.594, -6.93, -7.055, -7.094, -7.3, -7.645, -8.08, -8.43, -8.586, -8.59, -8.516, -8.445, -8.266, -8.0, -7.676, -7.375, -7.117, -6.742, -6.22, -5.812, -5.617, -5.684, -5.758, -5.65, -5.562, -5.688, -6.0, -6.348, -6.53, -6.477, -6.45, -6.547, -6.617, -6.52, -6.133, -5.633, -5.152, -4.74, -4.508, -4.617, -5.066, -5.695, -6.11, -5.89, -5.09, -4.223, -3.896, -4.18, -4.58
-1.463, -0.8335, -0.1425, 0.08575, -0.4973, -1.952, -3.984, -6.15, -7.973, -9.32, -10.33, -11.04, -11.54, -11.81, -11.86, -11.734, -11.42, -10.695, -9.49, -7.824, -5.87, -3.977, -2.252, -0.5737, 1.213, 2.771, 3.693, 3.375, 2.057, 0.04648, -2.111, -4.094, -5.875, -7.38, -8.57, -9.34, -9.52, -9.0, -7.86, -6.42, -5.027, -3.99, -3.303, -2.686, -1.877, -0.896, 0.1083, 0.8887, 1.166, 1.023, 0.487, -0.333, -1.092, -1.737, -2.37, -3.092, -3.686, -3.822, -3.3, -2.104, -0.5796, 0.8994, 2.154, 3.209, 4.348, 5.414, 6.137, 6.215, 5.594, 4.33, 2.664, 1.043, -0.534, -1.8545, -2.984, -3.693, -3.916, -3.713, -3.412, -3.129, -2.957, -2.88, -2.93, -3.154, -3.578, -4.254, -5.04, -5.94, -6.973, -8.2, -9.59, -10.83, -11.67, -12.21, -12.64, -13.11, -13.31, -12.97, -12.01, -10.63, -9.12, -7.816, -6.914, -6.63, -6.945, -7.9, -9.21, -10.67, -12.28, -13.945, -15.63, -17.25, -18.78, -20.36, -21.69, -22.61, -23.39, -23.75, -23.83, -23.47, -22.44, -20.6, -17.75, -14.266, -10.78, -7.61, -5.195, -3.441, -2.262, -1.686, -1.557, -1.575, -1.967, -2.365, -2.656, -3.049, -3.34, -3.982, -4.52, -5.027, -5.41, -5.59, -5.703, -5.78, -5.906, -5.734, -5.36, -4.82, -4.266, -4.05, -4.17, -4.484, -4.863, -5.203, -5.56, -6.0, -6.52, -7.023, -7.395, -7.664, -7.758, -7.688, -7.492, -7.125, -6.63, -6.07, -5.56, -5.137, -4.67, -4.195, -3.848, -3.66, -3.666, -3.74, -3.777, -3.938, -4.37, -4.98, -5.496, -5.676, -5.562, -5.418, -5.406, -5.38, -5.117, -4.48, -3.605, -2.768, -2.135, -1.959, -2.37, -3.238, -4.17, -4.71, -4.387, -3.27, -2.059, -1.42, -1.451, -1.612
2.273, 3.04, 3.71, 3.85, 3.111, 1.343, -1.131, -3.775, -6.14, -7.934, -9.26, -10.27, -10.984, -11.43, -11.56, -11.445, -11.12, -10.516, -9.5, -7.875, -5.758, -3.273, -0.7505, 1.733, 4.08, 5.914, 6.93, 6.59, 5.113, 2.799, 0.2269, -2.275, -4.605, -6.617, -8.28, -9.375, -9.734, -9.21, -7.96, -6.33, -4.668, -3.244, -2.092, -0.9365, 0.2683, 1.359, 2.234, 2.764, 2.709, 2.08, 1.038, -0.1632, -1.312, -2.234, -3.012, -3.744, -4.21, -4.176, -3.387, -1.845, 0.2365, 2.512, 4.62, 6.484, 8.21, 9.57, 10.35, 10.21, 9.11, 7.3, 5.094, 2.896, 0.912, -0.772, -2.105, -2.918, -3.113, -2.889, -2.613, -2.428, -2.395, -2.436, -2.6, -2.848, -3.291, -4.016, -4.953, -6.035, -7.293, -8.76, -10.29, -11.69, -12.67, -13.25, -13.55, -13.766, -13.67, -13.05, -11.76, -9.92, -7.82, -5.926, -4.715, -4.402, -4.945, -6.305, -8.16, -10.27, -12.47, -14.52, -16.39, -18.16, -19.86, -21.5, -22.97, -23.94, -24.61, -24.97, -25.17, -25.14, -24.58, -23.11, -20.62, -17.02, -12.86, -8.67, -4.91, -2.094, -0.398, 0.4688, 0.7783, 0.7954, 0.4797, 0.1394, -0.2183, -0.715, -1.158, -1.886, -2.498, -3.207, -3.686, -4.016, -4.312, -4.508, -4.76, -4.71, -4.45, -3.877, -3.145, -2.684, -2.57, -2.773, -3.12, -3.582, -4.035, -4.54, -5.145, -5.668, -5.99, -6.246, -6.367, -6.312, -6.105, -5.61, -4.97, -4.277, -3.648, -3.121, -2.725, -2.453, -2.281, -2.268, -2.37, -2.438, -2.549, -2.842, -3.434, -4.26, -4.98, -5.266, -5.137, -4.875, -4.68, -4.383, -3.828, -2.852, -1.505, -0.2913, 0.4294, 0.4634, -0.256, -1.443, -2.64, -3.25, -2.885, -1.577, -0.03014, 1.078, 1.5205, 1.7705
6.227, 7.12, 7.746, 7.76, 6.9, 4.875, 2.01, -1.112, -3.922, -6.188, -7.773, -8.984, -9.86, -10.38, -10.586, -10.45, -10.19, -9.75, -9.04, -7.77, -5.773, -3.066, 0.0893, 3.312, 6.215, 8.46, 9.664, 9.66, 8.25, 5.83, 2.889, -0.1506, -3.041, -5.598, -7.71, -9.14, -9.71, -9.305, -8.17, -6.605, -4.953, -3.334, -1.797, -0.2126, 1.32, 2.545, 3.29, 3.514, 3.168, 2.156, 0.714, -0.833, -2.285, -3.426, -4.24, -4.9, -5.293, -5.14, -4.17, -2.297, 0.3164, 3.352, 6.35, 9.05, 11.42, 13.16, 14.02, 13.6, 12.07, 9.62, 6.88, 4.227, 1.951, 0.047, -1.398, -2.262, -2.617, -2.576, -2.43, -2.451, -2.535, -2.643, -2.814, -3.014, -3.445, -4.23, -5.293, -6.492, -7.836, -9.2, -10.695, -12.164, -13.25, -13.87, -14.04, -13.914, -13.35, -12.24, -10.4, -7.895, -5.31, -3.244, -2.105, -1.981, -2.889, -4.746, -7.188, -9.82, -12.39, -14.695, -16.78, -18.77, -20.61, -22.14, -23.55, -24.44, -25.02, -25.28, -25.45, -25.53, -25.33, -24.55, -22.58, -19.4, -15.234, -10.31, -5.562, -1.715, 0.8564, 2.293, 2.885, 3.078, 3.041, 2.904, 2.566, 2.092, 1.546, 0.783, -0.00937, -0.9175, -1.516, -2.11, -2.547, -2.992, -3.389, -3.672, -3.594, -3.225, -2.54, -1.934, -1.559, -1.526, -1.701, -2.117, -2.535, -2.998, -3.553, -4.004, -4.312, -4.46, -4.484, -4.418, -4.203, -3.709, -3.021, -2.357, -1.75, -1.281, -1.041, -1.017, -1.095, -1.306, -1.5, -1.616, -1.772, -2.113, -2.75, -3.697, -4.55, -4.957, -4.88, -4.547, -4.105, -3.508, -2.572, -1.245, 0.433, 1.935, 2.703, 2.557, 1.612, 0.2534, -1.049, -1.682, -1.304, 0.09064, 1.948, 3.553, 4.61, 5.43
10.27, 11.33, 11.914, 11.83, 10.8, 8.6, 5.387, 1.734, -1.622, -4.344, -6.29, -7.637, -8.586, -9.11, -9.266, -9.13, -8.9, -8.625, -8.234, -7.348, -5.703, -3.025, 0.4553, 4.188, 7.62, 10.34, 12.03, 12.414, 11.305, 8.94, 5.7, 2.178, -1.293, -4.38, -6.938, -8.76, -9.625, -9.45, -8.47, -7.12, -5.61, -4.004, -2.268, -0.4468, 1.179, 2.361, 2.988, 3.041, 2.559, 1.456, -0.1108, -1.861, -3.557, -4.87, -5.812, -6.527, -6.867, -6.55, -5.336, -3.193, -0.08344, 3.572, 7.34, 10.99, 14.03, 16.17, 16.98, 16.33, 14.305, 11.39, 8.164, 5.188, 2.73, 0.735, -0.822, -1.829, -2.367, -2.627, -2.738, -2.934, -3.143, -3.246, -3.348, -3.545, -4.016, -4.895, -6.086, -7.332, -8.54, -9.734, -11.02, -12.34, -13.42, -14.05, -14.08, -13.586, -12.484, -10.67, -8.07, -5.004, -2.094, -0.151, 0.593, 0.1969, -1.215, -3.4, -6.164, -9.12, -11.96, -14.555, -16.84, -18.95, -20.83, -22.56, -23.97, -24.84, -25.28, -25.48, -25.52, -25.64, -25.6, -25.1, -23.62, -21.1, -17.2, -12.164, -6.773, -1.905, 1.602, 3.81, 4.902, 5.508, 5.83, 5.918, 5.8, 5.48, 4.92, 4.145, 3.291, 2.26, 1.432, 0.6104, 0.002575, -0.9033, -1.568, -2.33, -2.56, -2.455, -2.018, -1.464, -1.004, -0.789, -0.7686, -0.8843, -1.157, -1.488, -1.8, -2.057, -2.254, -2.307, -2.316, -2.217, -1.963, -1.52, -0.9575, -0.402, 0.02538, 0.321, 0.3608, 0.1669, -0.1606, -0.5566, -0.8823, -1.064, -1.246, -1.625, -2.31, -3.264, -4.12, -4.582, -4.57, -4.145, -3.51, -2.662, -1.421, 0.1986, 2.025, 3.635, 4.414, 4.184, 3.168, 1.81, 0.5386, -0.10474, 0.3074, 1.765, 3.898, 5.977, 7.69, 9.086
14.19, 15.45, 16.05, 15.9, 14.73, 12.375, 8.875, 4.793, 0.8496, -2.406, -4.805, -6.42, -7.438, -7.945, -8.0, -7.83, -7.594, -7.426, -7.17, -6.594, -5.26, -2.834, 0.589, 4.477, 8.26, 11.47, 13.67, 14.63, 14.02, 11.84, 8.445, 4.484, 0.519, -3.018, -5.996, -8.21, -9.41, -9.555, -8.83, -7.656, -6.33, -4.81, -3.115, -1.372, 0.08167, 1.028, 1.503, 1.55, 1.152, 0.2135, -1.258, -3.059, -4.914, -6.508, -7.76, -8.6, -8.91, -8.35, -6.875, -4.414, -0.8853, 3.373, 8.0, 12.45, 16.17, 18.52, 19.33, 18.42, 16.02, 12.75, 9.32, 6.152, 3.482, 1.373, -0.2812, -1.532, -2.363, -2.93, -3.373, -3.709, -3.96, -4.043, -4.125, -4.395, -4.984, -6.035, -7.32, -8.54, -9.57, -10.49, -11.5, -12.66, -13.57, -14.055, -13.91, -12.98, -11.29, -8.81, -5.492, -1.912, 1.097, 2.775, 3.066, 2.121, 0.3115, -2.201, -5.203, -8.3, -11.336, -14.03, -16.47, -18.7, -20.77, -22.69, -24.16, -25.1, -25.5, -25.67, -25.64, -25.64, -25.48, -25.16, -24.0, -21.97, -18.53, -13.664, -8.05, -2.43, 2.074, 5.254, 6.977, 7.99, 8.71, 9.24, 9.53, 9.49, 9.2, 8.555, 7.816, 6.72, 5.785, 4.69, 3.672, 2.328, 1.1875, -0.11505, -0.925, -1.328, -1.303, -0.9404, -0.539, -0.2324, -0.1156, 0.06027, 0.06946, 0.03812, 0.03308, -0.00945, -0.06128, -0.03345, 0.005142, 0.06186, 0.2678, 0.575, 0.9663, 1.318, 1.504, 1.562, 1.394, 1.045, 0.5737, 0.05887, -0.3875, -0.731, -1.03, -1.443, -2.088, -2.965, -3.74, -4.168, -4.133, -3.617, -2.83, -1.854, -0.4543, 1.294, 3.203, 4.773, 5.496, 5.28, 4.402, 3.188, 2.047, 1.446, 1.831, 3.363, 5.71, 8.234, 10.55, 12.49
17.47, 19.0, 19.69, 19.58, 18.42, 16.02, 12.39, 8.02, 3.61, -0.2512, -3.203, -5.24, -6.44, -6.95, -6.96, -6.67, -6.39, -6.2, -6.043, -5.64, -4.574, -2.51, 0.541, 4.305, 8.266, 11.83, 14.61, 16.23, 16.22, 14.37, 11.05, 6.88, 2.617, -1.266, -4.6, -7.176, -8.734, -9.23, -8.875, -7.996, -6.87, -5.52, -3.977, -2.51, -1.392, -0.7236, -0.406, -0.3362, -0.567, -1.286, -2.582, -4.367, -6.383, -8.34, -9.96, -11.04, -11.31, -10.516, -8.69, -5.75, -1.742, 3.078, 8.44, 13.53, 17.73, 20.38, 21.12, 19.98, 17.48, 14.17, 10.625, 7.305, 4.39, 2.035, 0.1414, -1.3545, -2.512, -3.383, -4.004, -4.418, -4.664, -4.797, -5.016, -5.46, -6.227, -7.34, -8.6, -9.766, -10.75, -11.58, -12.414, -13.336, -14.05, -14.305, -13.84, -12.56, -10.414, -7.363, -3.477, 0.5522, 3.707, 5.258, 5.168, 3.855, 1.644, -1.204, -4.367, -7.586, -10.74, -13.5, -16.0, -18.33, -20.52, -22.48, -24.16, -25.2, -25.7, -25.72, -25.56, -25.39, -25.16, -24.69, -23.66, -21.92, -18.97, -14.516, -8.945, -2.893, 2.506, 6.453, 8.9, 10.5, 11.64, 12.69, 13.39, 14.04, 14.09, 13.85, 13.29, 12.375, 11.484, 9.99, 8.58, 6.742, 5.117, 3.188, 1.77, 0.632, 0.01854, -0.1209, -0.0578, 0.2141, 0.4707, 0.8213, 1.177, 1.487, 1.77, 1.886, 1.961, 2.016, 2.041, 2.045, 2.13, 2.299, 2.498, 2.605, 2.545, 2.328, 1.955, 1.552, 1.027, 0.4238, -0.095, -0.572, -1.022, -1.513, -2.113, -2.838, -3.447, -3.77, -3.658, -3.076, -2.205, -1.134, 0.2705, 2.02, 3.91, 5.426, 6.13, 5.98, 5.27, 4.273, 3.332, 2.83, 3.203, 4.68, 7.133, 10.04, 12.87, 15.39
19.94, 21.67, 22.61, 22.55, 21.52, 19.22, 15.64, 11.14, 6.38, 2.018, -1.509, -3.975, -5.41, -6.035, -6.062, -5.785, -5.457, -5.22, -5.0, -4.617, -3.72, -2.047, 0.4294, 3.752, 7.63, 11.51, 14.87, 17.19, 17.81, 16.53, 13.48, 9.445, 5.2, 1.119, -2.47, -5.41, -7.38, -8.3, -8.375, -7.89, -7.06, -5.953, -4.652, -3.46, -2.604, -2.111, -1.884, -1.849, -2.07, -2.734, -3.984, -5.805, -7.938, -10.16, -12.086, -13.35, -13.51, -12.52, -10.31, -6.855, -2.453, 2.873, 8.766, 14.45, 19.1, 21.92, 22.72, 21.56, 18.98, 15.87, 12.41, 8.875, 5.574, 2.729, 0.4539, -1.313, -2.674, -3.734, -4.445, -4.83, -5.06, -5.367, -5.867, -6.59, -7.49, -8.52, -9.66, -10.77, -11.83, -12.805, -13.63, -14.42, -14.9, -14.86, -14.14, -12.62, -10.15, -6.73, -2.525, 1.812, 5.15, 6.816, 6.72, 5.227, 2.799, -0.1877, -3.512, -6.824, -10.07, -13.02, -15.67, -18.08, -20.31, -22.27, -23.88, -24.94, -25.47, -25.55, -25.31, -24.97, -24.4, -23.81, -22.78, -21.25, -18.7, -14.805, -9.52, -3.293, 2.637, 7.406, 10.68, 12.8, 14.44, 16.08, 17.5, 18.77, 19.39, 19.9, 19.67, 19.12, 18.17, 16.61, 14.77, 12.33, 10.164, 7.49, 5.4, 3.41, 2.105, 1.272, 0.8276, 0.7705, 0.9795, 1.4375, 2.014, 2.555, 3.11, 3.4, 3.572, 3.633, 3.615, 3.58, 3.516, 3.531, 3.549, 3.379, 3.027, 2.54, 2.08, 1.655, 1.208, 0.6436, 0.0671, -0.555, -1.139, -1.68, -2.22, -2.775, -3.248, -3.482, -3.305, -2.705, -1.796, -0.688, 0.6743, 2.377, 4.17, 5.613, 6.305, 6.25, 5.723, 4.965, 4.297, 3.92, 4.223, 5.59, 8.07, 11.17, 14.44, 17.47
21.36, 23.44, 24.58, 24.67, 23.78, 21.64, 18.23, 13.73, 8.76, 4.086, 0.1436, -2.709, -4.45, -5.23, -5.336, -5.086, -4.742, -4.434, -4.145, -3.697, -2.932, -1.7, 0.1647, 2.945, 6.562, 10.69, 14.61, 17.6, 18.95, 18.33, 15.83, 12.21, 8.164, 4.16, 0.4324, -2.803, -5.24, -6.734, -7.39, -7.414, -6.95, -6.125, -5.062, -4.023, -3.2, -2.707, -2.54, -2.635, -3.062, -4.008, -5.387, -7.22, -9.36, -11.586, -13.56, -14.875, -15.04, -13.83, -11.234, -7.45, -2.682, 3.098, 9.45, 15.586, 20.47, 23.48, 24.25, 23.22, 21.0, 18.11, 14.65, 10.84, 6.99, 3.584, 0.836, -1.211, -2.762, -3.896, -4.66, -5.09, -5.406, -5.934, -6.676, -7.613, -8.61, -9.47, -10.49, -11.55, -12.72, -13.88, -14.87, -15.54, -15.81, -15.58, -14.62, -12.96, -10.47, -7.074, -2.852, 1.614, 5.316, 7.31, 7.5, 6.125, 3.695, 0.6978, -2.65, -5.992, -9.35, -12.58, -15.42, -17.94, -20.08, -21.84, -23.38, -24.48, -25.12, -25.23, -24.88, -24.33, -23.55, -22.73, -21.66, -20.23, -18.06, -14.62, -9.79, -3.805, 2.426, 7.88, 11.88, 14.61, 16.89, 19.17, 21.28, 23.31, 24.8, 25.92, 26.22, 26.12, 25.14, 23.58, 21.52, 18.73, 15.82, 12.67, 9.695, 6.97, 4.676, 3.066, 1.974, 1.474, 1.388, 1.792, 2.523, 3.178, 3.88, 4.414, 4.68, 4.754, 4.684, 4.594, 4.45, 4.305, 4.16, 3.742, 3.13, 2.432, 1.91, 1.494, 1.146, 0.7007, 0.1418, -0.5273, -1.173, -1.782, -2.271, -2.707, -3.168, -3.432, -3.293, -2.707, -1.754, -0.594, 0.7354, 2.322, 4.01, 5.33, 6.05, 6.133, 5.816, 5.32, 4.883, 4.63, 4.918, 6.117, 8.38, 11.54, 15.086, 18.52
21.8, 24.23, 25.66, 25.92, 25.16, 23.12, 19.77, 15.38, 10.42, 5.605, 1.504, -1.61, -3.53, -4.5, -4.754, -4.605, -4.277, -3.914, -3.553, -3.072, -2.475, -1.598, -0.2175, 2.092, 5.43, 9.6, 13.92, 17.5, 19.61, 19.73, 18.02, 14.984, 11.32, 7.49, 3.762, 0.3118, -2.562, -4.67, -5.977, -6.605, -6.613, -6.1, -5.27, -4.3, -3.404, -2.797, -2.627, -2.912, -3.695, -5.004, -6.582, -8.336, -10.26, -12.26, -14.11, -15.34, -15.41, -14.055, -11.24, -7.25, -2.117, 3.977, 10.586, 17.02, 22.12, 25.14, 26.0, 25.17, 23.34, 20.73, 17.27, 13.13, 8.7, 4.69, 1.413, -0.9414, -2.656, -3.908, -4.742, -5.33, -5.86, -6.645, -7.64, -8.73, -9.67, -10.44, -11.3, -12.35, -13.57, -14.86, -15.914, -16.5, -16.72, -16.34, -15.41, -13.766, -11.4, -8.16, -4.094, 0.3315, 4.246, 6.7, 7.418, 6.41, 4.254, 1.41, -1.893, -5.285, -8.66, -11.98, -15.02, -17.66, -19.78, -21.53, -22.81, -23.86, -24.52, -24.8, -24.52, -23.89, -22.94, -21.92, -20.7, -19.31, -17.38, -14.49, -10.33, -4.676, 1.61, 7.6, 12.31, 15.89, 18.8, 21.69, 24.72, 27.6, 29.64, 31.42, 32.4, 32.56, 31.92, 30.45, 28.17, 25.27, 21.84, 18.19, 14.44, 11.03, 7.855, 5.418, 3.617, 2.506, 2.016, 2.06, 2.695, 3.432, 4.203, 4.863, 5.285, 5.5, 5.445, 5.29, 5.09, 4.836, 4.52, 3.92, 3.129, 2.293, 1.696, 1.297, 1.006, 0.65, 0.1238, -0.532, -1.152, -1.739, -2.22, -2.73, -3.283, -3.646, -3.615, -3.05, -2.047, -0.8633, 0.4138, 1.909, 3.482, 4.77, 5.57, 5.824, 5.74, 5.523, 5.293, 5.14, 5.324, 6.27, 8.2, 11.17, 14.8, 18.53
21.36, 24.25, 25.92, 26.39, 25.66, 23.67, 20.36, 15.99, 11.195, 6.527, 2.477, -0.7227, -2.826, -4.035, -4.438, -4.336, -3.998, -3.602, -3.219, -2.766, -2.309, -1.694, -0.596, 1.343, 4.38, 8.42, 12.88, 16.94, 19.72, 20.72, 19.84, 17.53, 14.375, 10.77, 7.04, 3.443, 0.204, -2.422, -4.348, -5.508, -6.016, -5.887, -5.336, -4.535, -3.65, -2.984, -2.793, -3.203, -4.195, -5.7, -7.39, -8.96, -10.48, -12.055, -13.59, -14.68, -14.64, -13.19, -10.25, -6.14, -0.795, 5.54, 12.39, 18.84, 23.88, 26.98, 27.92, 27.39, 26.0, 23.58, 20.1, 15.62, 10.79, 6.29, 2.502, -0.3318, -2.33, -3.78, -4.79, -5.64, -6.49, -7.504, -8.65, -9.78, -10.71, -11.44, -12.336, -13.43, -14.71, -15.88, -16.88, -17.38, -17.64, -17.36, -16.5, -14.945, -12.66, -9.6, -5.766, -1.519, 2.44, 5.29, 6.523, 6.08, 4.38, 1.908, -1.149, -4.5, -7.984, -11.46, -14.66, -17.38, -19.45, -21.08, -22.28, -23.36, -24.12, -24.48, -24.34, -23.64, -22.58, -21.4, -20.08, -18.58, -16.83, -14.39, -10.74, -5.72, 0.3843, 6.656, 12.13, 16.48, 20.14, 23.7, 27.31, 30.78, 33.72, 36.03, 37.34, 38.0, 37.47, 36.28, 34.0, 31.2, 27.55, 23.45, 19.27, 15.13, 11.26, 8.01, 5.484, 3.828, 2.928, 2.598, 2.906, 3.463, 4.246, 5.02, 5.58, 5.934, 5.953, 5.754, 5.523, 5.19, 4.777, 4.156, 3.262, 2.314, 1.626, 1.21, 0.891, 0.552, 0.04016, -0.597, -1.194, -1.744, -2.213, -2.826, -3.49, -3.95, -4.027, -3.479, -2.48, -1.309, -0.0738, 1.311, 2.816, 4.18, 5.12, 5.594, 5.766, 5.74, 5.65, 5.547, 5.59, 6.164, 7.63, 10.266, 13.76, 17.7
20.03, 23.31, 25.31, 26.06, 25.38, 23.4, 20.14, 15.95, 11.38, 6.91, 2.95, -0.1882, -2.402, -3.762, -4.312, -4.273, -3.914, -3.443, -3.025, -2.645, -2.342, -1.899, -0.9863, 0.701, 3.438, 7.215, 11.56, 15.83, 19.17, 21.1, 21.22, 19.78, 17.2, 13.88, 10.164, 6.387, 2.844, -0.12134, -2.488, -4.094, -5.047, -5.363, -5.207, -4.734, -4.098, -3.535, -3.338, -3.713, -4.715, -6.17, -7.66, -8.94, -10.05, -11.125, -12.3, -13.12, -12.93, -11.45, -8.47, -4.22, 1.27, 7.688, 14.555, 20.97, 25.97, 28.89, 29.9, 29.72, 28.47, 26.17, 22.66, 18.06, 13.055, 8.17, 3.96, 0.637, -1.824, -3.627, -4.91, -6.023, -7.066, -8.22, -9.42, -10.586, -11.55, -12.41, -13.38, -14.57, -15.805, -16.94, -17.8, -18.33, -18.67, -18.61, -17.86, -16.34, -14.14, -11.18, -7.56, -3.553, 0.3562, 3.479, 5.246, 5.33, 4.117, 1.962, -0.842, -4.11, -7.58, -11.02, -14.3, -17.1, -19.17, -20.72, -21.86, -22.97, -23.81, -24.33, -24.31, -23.7, -22.53, -21.1, -19.56, -18.02, -16.34, -14.195, -11.086, -6.72, -1.14, 5.14, 11.19, 16.58, 20.97, 25.16, 29.31, 33.25, 36.7, 39.38, 41.03, 42.06, 41.78, 40.8, 38.84, 36.2, 32.6, 28.62, 24.02, 19.33, 14.805, 10.97, 7.824, 5.47, 4.008, 3.213, 3.158, 3.566, 4.258, 5.05, 5.727, 6.17, 6.24, 6.016, 5.715, 5.324, 4.87, 4.34, 3.492, 2.55, 1.806, 1.303, 0.86, 0.436, -0.1075, -0.7397, -1.284, -1.802, -2.291, -2.922, -3.586, -4.074, -4.18, -3.686, -2.771, -1.686, -0.5176, 0.8076, 2.309, 3.787, 4.94, 5.62, 5.96, 6.035, 5.984, 5.863, 5.773, 6.01, 6.99, 9.03, 12.24, 16.11
18.05, 21.53, 23.94, 24.83, 24.33, 22.38, 19.33, 15.37, 11.13, 7.035, 3.29, 0.1721, -2.174, -3.69, -4.312, -4.254, -3.85, -3.32, -2.875, -2.562, -2.367, -2.025, -1.255, 0.2155, 2.588, 5.914, 9.875, 14.195, 18.06, 20.97, 22.27, 21.88, 19.95, 17.0, 13.36, 9.445, 5.65, 2.36, -0.2896, -2.262, -3.643, -4.44, -4.8, -4.797, -4.51, -4.16, -4.004, -4.25, -5.03, -6.234, -7.457, -8.38, -9.07, -9.69, -10.4, -10.91, -10.6, -9.02, -6.02, -1.728, 3.889, 10.41, 17.17, 23.4, 28.14, 31.02, 32.16, 32.06, 30.97, 28.64, 25.11, 20.58, 15.38, 10.2, 5.56, 1.639, -1.31, -3.482, -5.07, -6.348, -7.477, -8.65, -9.84, -11.04, -12.15, -13.21, -14.445, -15.74, -16.97, -18.0, -18.75, -19.42, -19.95, -19.98, -19.31, -17.84, -15.53, -12.65, -9.21, -5.367, -1.543, 1.734, 3.867, 4.496, 3.742, 1.849, -0.7886, -3.889, -7.312, -10.75, -14.0, -16.83, -18.97, -20.45, -21.64, -22.78, -23.77, -24.38, -24.45, -23.77, -22.58, -21.0, -19.36, -17.67, -15.9, -13.875, -11.195, -7.484, -2.441, 3.537, 9.9, 15.984, 21.27, 25.94, 30.33, 34.53, 38.22, 41.25, 43.22, 44.53, 44.56, 43.94, 42.44, 40.16, 36.94, 33.03, 28.38, 23.17, 18.33, 13.94, 10.35, 7.547, 5.586, 4.305, 3.725, 3.686, 4.297, 5.055, 5.773, 6.258, 6.34, 6.09, 5.74, 5.31, 4.855, 4.383, 3.664, 2.854, 2.076, 1.442, 0.86, 0.3591, -0.1876, -0.81, -1.367, -1.876, -2.371, -2.94, -3.52, -3.95, -4.05, -3.635, -2.846, -1.907, -0.8374, 0.47, 2.0, 3.613, 4.973, 5.84, 6.258, 6.285, 6.176, 6.01, 5.832, 5.83, 6.367, 7.87, 10.484, 14.07
15.414, 18.94, 21.5, 22.69, 22.31, 20.62, 17.83, 14.32, 10.54, 6.812, 3.354, 0.3333, -2.062, -3.596, -4.223, -4.14, -3.729, -3.178, -2.703, -2.42, -2.281, -2.027, -1.454, -0.2708, 1.743, 4.523, 8.125, 12.34, 16.73, 20.61, 23.11, 23.84, 22.83, 20.34, 16.81, 12.84, 8.86, 5.297, 2.281, -0.05066, -1.849, -3.143, -4.02, -4.504, -4.62, -4.543, -4.457, -4.55, -5.01, -5.83, -6.7, -7.32, -7.68, -7.902, -8.17, -8.305, -7.766, -6.066, -3.016, 1.376, 7.008, 13.37, 19.95, 25.83, 30.34, 33.12, 34.3, 34.47, 33.4, 30.95, 27.28, 22.78, 17.53, 12.11, 6.906, 2.465, -0.972, -3.463, -5.168, -6.445, -7.53, -8.67, -9.945, -11.26, -12.59, -13.98, -15.45, -16.86, -18.11, -19.06, -19.86, -20.58, -21.2, -21.28, -20.7, -19.22, -16.9, -14.0, -10.63, -6.914, -3.127, 0.2712, 2.723, 3.836, 3.488, 1.804, -0.7563, -3.86, -7.258, -10.63, -13.88, -16.73, -18.83, -20.34, -21.55, -22.58, -23.62, -24.34, -24.45, -23.81, -22.56, -20.97, -19.12, -17.38, -15.6, -13.7, -11.3, -8.16, -3.828, 1.731, 8.22, 14.74, 20.84, 26.06, 30.64, 34.94, 38.62, 41.94, 44.16, 45.7, 46.2, 45.9, 44.66, 42.9, 40.12, 36.53, 31.75, 26.61, 21.44, 16.67, 12.81, 9.664, 7.285, 5.53, 4.54, 4.145, 4.453, 5.066, 5.824, 6.31, 6.414, 6.105, 5.68, 5.23, 4.81, 4.367, 3.752, 2.992, 2.188, 1.47, 0.8574, 0.341, -0.1646, -0.729, -1.295, -1.831, -2.342, -2.9, -3.459, -3.822, -3.893, -3.553, -2.885, -2.07, -1.081, 0.2163, 1.815, 3.516, 4.984, 5.92, 6.336, 6.32, 6.1, 5.867, 5.723, 5.676, 5.887, 6.805, 8.74, 11.766
12.59, 15.89, 18.38, 19.64, 19.55, 18.14, 15.77, 12.8, 9.555, 6.305, 3.162, 0.3225, -1.955, -3.398, -3.982, -3.918, -3.52, -2.994, -2.545, -2.312, -2.23, -2.094, -1.711, -0.8315, 0.7495, 3.082, 6.305, 10.414, 15.24, 19.94, 23.69, 25.61, 25.58, 23.8, 20.69, 16.81, 12.68, 8.81, 5.438, 2.588, 0.2084, -1.659, -3.025, -3.908, -4.344, -4.47, -4.46, -4.402, -4.555, -5.055, -5.65, -6.027, -6.062, -5.87, -5.63, -5.25, -4.418, -2.586, 0.4214, 4.742, 10.21, 16.38, 22.56, 27.98, 32.12, 34.88, 36.2, 36.44, 35.38, 32.84, 29.1, 24.4, 19.11, 13.34, 7.773, 2.916, -0.8335, -3.42, -5.07, -6.266, -7.33, -8.57, -10.03, -11.59, -13.22, -14.87, -16.4, -17.9, -19.22, -20.34, -21.22, -21.88, -22.36, -22.34, -21.66, -20.27, -18.02, -15.164, -11.836, -8.04, -4.14, -0.5894, 2.078, 3.52, 3.46, 1.854, -0.7754, -3.877, -7.227, -10.54, -13.6, -16.31, -18.47, -20.1, -21.36, -22.53, -23.56, -24.3, -24.4, -23.77, -22.56, -21.03, -19.22, -17.45, -15.61, -13.734, -11.52, -8.734, -5.016, -0.1063, 5.92, 12.57, 19.06, 24.86, 29.86, 34.25, 38.12, 41.53, 44.06, 45.8, 46.47, 46.66, 45.62, 44.16, 41.75, 38.44, 34.1, 29.08, 23.9, 19.12, 15.12, 11.766, 9.09, 6.977, 5.51, 4.78, 4.816, 5.31, 5.992, 6.465, 6.55, 6.25, 5.758, 5.24, 4.8, 4.363, 3.775, 3.053, 2.236, 1.512, 0.9146, 0.425, 0.01176, -0.4531, -0.983, -1.602, -2.21, -2.873, -3.512, -3.887, -3.94, -3.611, -2.994, -2.25, -1.305, -0.01497, 1.609, 3.309, 4.8, 5.74, 6.12, 6.05, 5.81, 5.6, 5.5, 5.492, 5.516, 5.93, 7.164, 9.45
9.945, 12.734, 15.0, 16.19, 16.28, 15.195, 13.35, 10.98, 8.266, 5.473, 2.662, 0.11084, -1.919, -3.172, -3.635, -3.57, -3.266, -2.87, -2.535, -2.361, -2.305, -2.27, -2.123, -1.5625, -0.3413, 1.661, 4.633, 8.67, 13.64, 18.98, 23.7, 26.83, 27.92, 27.0, 24.44, 20.86, 16.83, 12.78, 8.99, 5.56, 2.51, 0.02013, -1.799, -2.996, -3.678, -4.02, -4.15, -4.08, -3.992, -4.125, -4.4, -4.484, -4.22, -3.648, -2.941, -2.098, -0.937, 1.041, 4.0, 8.19, 13.37, 19.05, 24.66, 29.52, 33.28, 35.88, 37.44, 37.75, 36.6, 33.94, 30.05, 25.28, 19.7, 13.9, 8.1, 3.059, -0.7236, -3.23, -4.76, -5.934, -7.1, -8.5, -10.234, -12.086, -13.92, -15.66, -17.28, -18.89, -20.38, -21.67, -22.61, -23.22, -23.39, -23.16, -22.3, -20.97, -18.83, -16.06, -12.695, -8.836, -4.79, -0.9644, 1.985, 3.594, 3.586, 1.98, -0.745, -3.938, -7.23, -10.36, -13.22, -15.82, -17.95, -19.66, -21.14, -22.45, -23.48, -24.25, -24.4, -23.9, -22.75, -21.27, -19.56, -17.84, -16.02, -14.06, -11.93, -9.43, -6.3, -2.152, 3.22, 9.57, 16.11, 22.39, 27.88, 32.66, 36.7, 40.38, 42.94, 45.1, 45.94, 46.2, 45.53, 44.16, 42.16, 39.06, 35.12, 30.39, 25.52, 20.84, 16.94, 13.61, 10.83, 8.44, 6.78, 5.895, 5.715, 5.977, 6.496, 6.875, 6.89, 6.64, 6.176, 5.62, 5.14, 4.676, 4.03, 3.283, 2.502, 1.751, 1.151, 0.7104, 0.4126, -0.010254, -0.552, -1.256, -2.05, -2.89, -3.648, -4.074, -4.14, -3.807, -3.188, -2.432, -1.47, -0.184, 1.408, 3.084, 4.547, 5.457, 5.797, 5.688, 5.42, 5.25, 5.223, 5.242, 5.176, 5.23, 5.855, 7.492
7.906, 10.13, 11.984, 12.95, 13.0, 12.21, 10.91, 9.02, 6.855, 4.426, 1.967, -0.3013, -2.031, -3.03, -3.373, -3.318, -3.092, -2.818, -2.582, -2.486, -2.52, -2.555, -2.568, -2.305, -1.3545, 0.4126, 3.113, 6.984, 11.984, 17.55, 22.95, 27.1, 29.34, 29.39, 27.69, 24.66, 20.83, 16.77, 12.7, 8.664, 4.938, 1.798, -0.4834, -1.939, -2.795, -3.322, -3.623, -3.625, -3.432, -3.252, -3.182, -2.99, -2.418, -1.428, -0.1796, 1.119, 2.521, 4.59, 7.492, 11.34, 16.16, 21.3, 26.22, 30.31, 33.62, 36.06, 37.56, 37.88, 36.62, 34.03, 30.0, 25.02, 19.42, 13.58, 7.863, 2.96, -0.6685, -3.02, -4.492, -5.695, -7.05, -8.734, -10.695, -12.734, -14.62, -16.34, -18.03, -19.75, -21.38, -22.83, -23.86, -24.28, -24.14, -23.55, -22.6, -21.17, -19.14, -16.36, -12.945, -9.04, -5.004, -1.1045, 2.02, 3.736, 3.719, 2.07, -0.7095, -3.926, -7.11, -10.07, -12.7, -15.19, -17.36, -19.19, -20.88, -22.33, -23.56, -24.34, -24.53, -24.11, -23.12, -21.75, -20.1, -18.38, -16.52, -14.48, -12.44, -10.15, -7.48, -4.062, 0.333, 5.85, 12.016, 18.4, 24.28, 29.67, 34.22, 38.1, 41.03, 43.22, 44.2, 44.56, 43.94, 42.66, 40.7, 37.9, 34.44, 30.28, 25.97, 21.84, 18.5, 15.44, 12.73, 10.336, 8.555, 7.418, 7.05, 7.11, 7.47, 7.812, 7.773, 7.51, 7.098, 6.53, 5.926, 5.4, 4.734, 3.984, 3.207, 2.396, 1.703, 1.206, 0.8994, 0.458, -0.1525, -1.006, -1.978, -2.979, -3.8, -4.258, -4.355, -4.01, -3.355, -2.543, -1.509, -0.2108, 1.355, 2.992, 4.473, 5.363, 5.645, 5.48, 5.13, 4.953, 4.918, 4.887, 4.77, 4.68, 4.945, 6.03
6.574, 8.29, 9.67, 10.336, 10.336, 9.805, 8.82, 7.367, 5.54, 3.37, 1.173, -0.785, -2.209, -2.986, -3.254, -3.186, -2.998, -2.818, -2.652, -2.564, -2.62, -2.76, -2.936, -2.875, -2.195, -0.6836, 1.847, 5.473, 10.22, 15.85, 21.64, 26.58, 29.75, 30.86, 30.02, 27.64, 24.38, 20.42, 16.2, 11.766, 7.504, 3.838, 1.11, -0.6216, -1.744, -2.537, -3.057, -3.217, -2.957, -2.506, -2.059, -1.525, -0.651, 0.69, 2.31, 3.918, 5.582, 7.66, 10.46, 14.16, 18.56, 23.06, 27.2, 30.61, 33.3, 35.38, 36.62, 36.8, 35.44, 32.75, 28.77, 23.84, 18.33, 12.64, 7.2, 2.633, -0.7383, -2.98, -4.49, -5.87, -7.465, -9.29, -11.28, -13.29, -15.16, -16.95, -18.73, -20.44, -22.19, -23.77, -24.81, -25.2, -24.83, -23.94, -22.69, -21.12, -18.98, -16.08, -12.49, -8.67, -4.754, -0.928, 2.13, 3.79, 3.703, 1.9795, -0.837, -3.984, -7.02, -9.75, -12.2, -14.54, -16.67, -18.69, -20.52, -22.17, -23.53, -24.45, -24.83, -24.58, -23.61, -22.28, -20.64, -18.84, -17.02, -15.01, -12.94, -10.77, -8.38, -5.49, -1.9795, 2.492, 7.7, 13.73, 19.45, 25.19, 30.22, 34.53, 37.72, 39.97, 41.06, 41.25, 40.78, 39.53, 37.84, 35.38, 32.5, 29.14, 25.66, 22.39, 19.61, 16.94, 14.6, 12.44, 10.7, 9.57, 9.125, 8.98, 9.07, 9.2, 9.09, 8.805, 8.38, 7.81, 7.156, 6.547, 5.883, 5.13, 4.344, 3.475, 2.63, 1.929, 1.415, 0.8076, 0.0361, -0.957, -2.047, -3.096, -3.922, -4.363, -4.47, -4.176, -3.516, -2.586, -1.408, 0.02415, 1.673, 3.338, 4.754, 5.637, 5.863, 5.56, 5.043, 4.703, 4.56, 4.46, 4.312, 4.16, 4.316, 5.152
5.79, 7.098, 8.055, 8.555, 8.516, 8.11, 7.312, 6.08, 4.4, 2.404, 0.4993, -1.161, -2.371, -3.041, -3.287, -3.234, -3.006, -2.744, -2.54, -2.426, -2.514, -2.762, -3.09, -3.21, -2.785, -1.506, 0.7495, 4.08, 8.6, 14.055, 20.0, 25.48, 29.45, 31.4, 31.52, 29.88, 27.06, 23.39, 19.27, 14.66, 10.05, 5.97, 2.912, 0.909, -0.4312, -1.525, -2.361, -2.72, -2.436, -1.75, -1.076, -0.3223, 0.7607, 2.385, 4.375, 6.25, 8.1, 10.17, 12.81, 16.22, 20.22, 24.17, 27.66, 30.52, 32.56, 34.1, 34.9, 34.75, 33.25, 30.58, 26.53, 21.77, 16.58, 11.25, 6.215, 2.016, -1.033, -3.117, -4.64, -6.16, -7.91, -9.84, -11.8, -13.695, -15.56, -17.47, -19.36, -21.25, -22.92, -24.4, -25.44, -25.77, -25.28, -24.33, -22.92, -20.95, -18.47, -15.24, -11.56, -7.723, -3.969, -0.4763, 2.234, 3.602, 3.408, 1.707, -0.992, -4.04, -7.01, -9.64, -11.95, -14.14, -16.31, -18.36, -20.3, -21.95, -23.34, -24.42, -24.98, -24.89, -24.16, -22.86, -21.23, -19.36, -17.55, -15.52, -13.27, -10.984, -8.7, -6.234, -3.514, -0.1616, 3.898, 8.81, 14.234, 19.62, 24.78, 29.06, 32.47, 34.72, 35.97, 36.22, 36.0, 34.84, 33.56, 31.7, 29.52, 27.0, 24.45, 22.23, 20.25, 18.38, 16.58, 14.74, 13.195, 12.125, 11.6, 11.32, 11.21, 11.16, 10.89, 10.46, 9.88, 9.25, 8.55, 7.926, 7.316, 6.594, 5.734, 4.78, 3.736, 2.709, 1.868, 1.032, 0.03952, -1.163, -2.281, -3.217, -3.914, -4.277, -4.387, -4.207, -3.623, -2.602, -1.222, 0.4312, 2.244, 3.951, 5.312, 6.105, 6.223, 5.76, 5.055, 4.457, 4.105, 3.934, 3.785, 3.709, 3.912, 4.625
5.164, 6.164, 6.895, 7.28, 7.28, 6.957, 6.188, 4.992, 3.361, 1.568, -0.05615, -1.422, -2.436, -3.076, -3.346, -3.29, -2.992, -2.611, -2.297, -2.148, -2.256, -2.613, -3.143, -3.498, -3.295, -2.27, -0.2273, 2.895, 7.195, 12.54, 18.53, 24.25, 28.8, 31.6, 32.34, 31.42, 29.12, 25.88, 21.8, 17.16, 12.43, 8.16, 4.812, 2.512, 0.9224, -0.3945, -1.462, -1.999, -1.794, -1.018, -0.212, 0.6147, 1.768, 3.479, 5.633, 7.82, 9.805, 11.91, 14.35, 17.48, 21.0, 24.5, 27.44, 29.8, 31.34, 32.28, 32.53, 31.92, 30.22, 27.45, 23.66, 19.2, 14.36, 9.51, 4.996, 1.305, -1.426, -3.365, -4.844, -6.355, -8.11, -10.01, -11.984, -13.93, -15.94, -18.0, -20.16, -22.05, -23.64, -24.98, -25.8, -26.03, -25.61, -24.56, -22.95, -20.67, -17.69, -14.11, -10.26, -6.453, -2.865, 0.2078, 2.453, 3.496, 3.107, 1.343, -1.3, -4.273, -7.188, -9.76, -12.0, -14.13, -16.2, -18.17, -20.0, -21.62, -22.97, -24.2, -25.0, -25.19, -24.69, -23.55, -21.97, -20.12, -18.28, -16.17, -13.81, -11.36, -8.97, -6.594, -4.305, -1.811, 1.225, 4.938, 9.31, 13.914, 18.61, 22.55, 25.88, 28.05, 29.55, 29.9, 30.11, 29.6, 28.72, 27.6, 25.98, 24.52, 23.02, 21.69, 20.64, 19.45, 18.14, 16.73, 15.516, 14.69, 14.266, 13.93, 13.63, 13.26, 12.805, 12.3, 11.65, 10.92, 10.125, 9.42, 8.766, 8.03, 7.055, 5.89, 4.664, 3.4, 2.197, 1.113, -0.08594, -1.423, -2.535, -3.33, -3.828, -4.086, -4.21, -4.14, -3.63, -2.576, -0.9946, 0.887, 2.828, 4.574, 5.863, 6.535, 6.48, 5.87, 4.95, 4.145, 3.6, 3.336, 3.244, 3.256, 3.568, 4.22
4.55, 5.324, 5.957, 6.285, 6.32, 6.004, 5.223, 3.967, 2.387, 0.8354, -0.4648, -1.512, -2.355, -3.023, -3.361, -3.326, -2.996, -2.518, -2.053, -1.82, -1.98, -2.504, -3.252, -3.863, -3.95, -3.195, -1.317, 1.74, 5.984, 11.27, 17.17, 23.08, 28.02, 31.34, 32.75, 32.4, 30.5, 27.56, 23.7, 19.27, 14.6, 10.17, 6.664, 4.12, 2.285, 0.7236, -0.5537, -1.211, -1.146, -0.4988, 0.3086, 1.1, 2.2, 3.969, 6.24, 8.56, 10.68, 12.73, 14.984, 17.73, 20.75, 23.7, 26.25, 28.16, 29.31, 29.88, 29.58, 28.5, 26.48, 23.69, 20.31, 16.19, 11.836, 7.48, 3.51, 0.3003, -2.074, -3.691, -4.965, -6.344, -8.02, -9.95, -11.984, -14.11, -16.39, -18.72, -21.08, -22.95, -24.4, -25.45, -26.06, -26.2, -25.73, -24.47, -22.62, -19.98, -16.61, -12.82, -8.84, -5.035, -1.654, 1.012, 2.832, 3.447, 2.754, 0.8955, -1.64, -4.53, -7.434, -9.98, -12.13, -14.195, -16.19, -18.0, -19.62, -21.16, -22.47, -23.78, -24.83, -25.38, -25.17, -24.3, -22.81, -21.1, -19.25, -17.08, -14.61, -11.92, -9.36, -6.94, -4.797, -2.73, -0.4604, 2.285, 5.617, 9.09, 13.04, 16.14, 19.12, 20.95, 22.6, 23.39, 24.1, 24.0, 23.81, 23.23, 22.52, 21.89, 21.23, 20.89, 20.67, 20.3, 19.53, 18.62, 17.8, 17.11, 16.7, 16.27, 15.94, 15.47, 14.88, 14.25, 13.47, 12.58, 11.664, 10.79, 10.02, 9.18, 8.086, 6.656, 5.14, 3.725, 2.393, 1.177, -0.1582, -1.616, -2.8, -3.543, -3.893, -4.04, -4.16, -4.13, -3.654, -2.559, -0.822, 1.224, 3.28, 4.992, 6.207, 6.78, 6.598, 5.844, 4.766, 3.777, 3.137, 2.822, 2.785, 2.887, 3.215, 3.8
3.953, 4.582, 5.14, 5.47, 5.54, 5.18, 4.332, 3.055, 1.577, 0.2393, -0.7725, -1.564, -2.324, -3.0, -3.389, -3.41, -3.082, -2.514, -1.911, -1.585, -1.751, -2.418, -3.389, -4.297, -4.71, -4.203, -2.486, 0.581, 4.844, 10.055, 15.89, 21.73, 26.9, 30.66, 32.6, 32.75, 31.4, 28.69, 25.11, 20.88, 16.33, 12.016, 8.336, 5.465, 3.342, 1.608, 0.1837, -0.6484, -0.7466, -0.2832, 0.3452, 1.052, 2.11, 3.805, 6.055, 8.43, 10.58, 12.57, 14.56, 16.81, 19.25, 21.67, 23.72, 25.3, 26.27, 26.44, 25.78, 24.25, 22.14, 19.53, 16.31, 12.67, 8.87, 5.035, 1.675, -1.003, -2.898, -4.188, -5.234, -6.43, -8.04, -10.01, -12.22, -14.56, -17.08, -19.6, -21.92, -23.77, -25.1, -26.0, -26.34, -26.22, -25.56, -24.05, -21.83, -18.89, -15.42, -11.51, -7.547, -3.82, -0.6196, 1.82, 3.229, 3.469, 2.523, 0.535, -2.016, -4.8, -7.508, -9.94, -12.15, -14.17, -16.08, -17.81, -19.38, -20.8, -22.11, -23.48, -24.78, -25.55, -25.66, -25.0, -23.7, -22.19, -20.44, -18.31, -15.81, -12.92, -10.12, -7.492, -5.348, -3.402, -1.411, 0.683, 3.355, 5.87, 8.89, 11.11, 13.516, 14.9, 16.61, 17.48, 18.64, 19.11, 19.47, 19.48, 19.47, 19.62, 19.86, 20.36, 20.84, 21.1, 20.81, 20.23, 19.56, 19.17, 18.9, 18.45, 18.08, 17.53, 16.89, 16.19, 15.31, 14.29, 13.29, 12.23, 11.21, 10.086, 8.72, 7.01, 5.297, 3.752, 2.445, 1.182, -0.1871, -1.738, -3.082, -3.922, -4.28, -4.344, -4.363, -4.25, -3.676, -2.516, -0.685, 1.462, 3.545, 5.258, 6.395, 6.887, 6.633, 5.773, 4.594, 3.53, 2.818, 2.5, 2.484, 2.617, 2.914, 3.37
3.553, 4.1, 4.598, 4.926, 4.918, 4.516, 3.625, 2.352, 0.97, -0.2146, -1.056, -1.725, -2.434, -3.105, -3.516, -3.584, -3.227, -2.572, -1.87, -1.468, -1.569, -2.223, -3.28, -4.387, -5.11, -4.87, -3.361, -0.4155, 3.734, 8.77, 14.445, 20.12, 25.36, 29.3, 31.81, 32.44, 31.45, 29.08, 25.73, 21.86, 17.6, 13.44, 9.71, 6.574, 4.09, 2.088, 0.5366, -0.4167, -0.717, -0.4917, -0.0513, 0.5815, 1.571, 3.162, 5.246, 7.406, 9.44, 11.3, 13.086, 14.89, 16.69, 18.4, 19.9, 21.14, 21.9, 21.84, 20.92, 19.28, 17.22, 14.71, 11.97, 8.86, 5.598, 2.404, -0.2499, -2.336, -3.818, -4.824, -5.707, -6.83, -8.4, -10.44, -12.84, -15.35, -17.97, -20.48, -22.72, -24.6, -25.84, -26.7, -26.81, -26.33, -25.1, -23.1, -20.45, -17.36, -13.914, -10.18, -6.445, -2.863, 0.2352, 2.445, 3.523, 3.38, 2.15, 0.1339, -2.344, -4.902, -7.406, -9.67, -11.74, -13.71, -15.7, -17.44, -19.08, -20.56, -21.98, -23.34, -24.64, -25.6, -25.86, -25.44, -24.48, -23.16, -21.62, -19.56, -17.1, -14.16, -11.26, -8.484, -6.105, -4.062, -2.023, -0.1371, 2.129, 4.09, 6.38, 7.996, 9.73, 10.82, 12.32, 13.37, 14.59, 15.39, 16.16, 16.61, 17.25, 18.11, 18.89, 20.16, 21.27, 21.98, 22.08, 21.75, 21.31, 21.0, 20.69, 20.3, 19.86, 19.45, 18.86, 18.08, 17.22, 16.02, 14.82, 13.57, 12.29, 10.89, 9.28, 7.34, 5.438, 3.793, 2.47, 1.19, -0.2257, -1.84, -3.342, -4.355, -4.773, -4.824, -4.715, -4.406, -3.652, -2.354, -0.502, 1.639, 3.719, 5.426, 6.57, 7.01, 6.707, 5.797, 4.562, 3.43, 2.701, 2.377, 2.36, 2.492, 2.75, 3.092
3.533, 4.016, 4.42, 4.613, 4.51, 4.066, 3.174, 1.961, 0.638, -0.522, -1.388, -2.11, -2.81, -3.375, -3.658, -3.66, -3.291, -2.646, -1.93, -1.435, -1.361, -1.772, -2.71, -3.863, -4.766, -4.84, -3.629, -1.031, 2.85, 7.613, 12.86, 18.23, 23.34, 27.5, 30.28, 31.33, 30.73, 28.8, 25.8, 22.23, 18.34, 14.36, 10.64, 7.312, 4.547, 2.346, 0.7007, -0.3367, -0.839, -0.9067, -0.662, -0.09375, 0.8013, 2.111, 3.758, 5.523, 7.29, 9.01, 10.63, 12.1, 13.32, 14.375, 15.2, 16.05, 16.55, 16.34, 15.34, 13.79, 11.88, 9.78, 7.547, 5.074, 2.496, 0.03503, -1.94, -3.432, -4.5, -5.37, -6.31, -7.523, -9.19, -11.305, -13.81, -16.39, -18.97, -21.36, -23.48, -25.28, -26.53, -27.27, -27.22, -26.34, -24.5, -21.9, -18.81, -15.53, -12.23, -8.8, -5.406, -2.135, 0.7183, 2.654, 3.445, 3.064, 1.653, -0.3691, -2.695, -5.12, -7.305, -9.33, -11.14, -12.94, -14.875, -16.8, -18.7, -20.53, -22.1, -23.52, -24.81, -25.61, -25.92, -25.64, -25.02, -23.92, -22.52, -20.61, -18.28, -15.38, -12.42, -9.586, -7.0, -4.74, -2.541, -0.562, 1.611, 3.406, 5.21, 6.438, 7.766, 8.6, 9.8, 10.77, 11.93, 12.97, 13.94, 14.78, 15.89, 17.1, 18.64, 20.5, 22.0, 23.06, 23.36, 23.25, 22.92, 22.58, 22.25, 21.92, 21.6, 21.17, 20.66, 19.86, 18.92, 17.64, 16.2, 14.76, 13.33, 11.68, 9.86, 7.832, 5.82, 4.066, 2.607, 1.228, -0.2542, -1.934, -3.512, -4.625, -5.152, -5.25, -5.03, -4.484, -3.492, -2.012, -0.0942, 2.023, 4.06, 5.723, 6.86, 7.285, 6.934, 5.957, 4.684, 3.434, 2.6, 2.244, 2.244, 2.428, 2.73, 3.102
3.762, 4.195, 4.492, 4.562, 4.37, 3.861, 2.97, 1.777, 0.476, -0.756, -1.814, -2.666, -3.275, -3.625, -3.703, -3.555, -3.148, -2.6, -1.955, -1.408, -1.1455, -1.226, -1.788, -2.734, -3.654, -3.975, -3.139, -0.9795, 2.428, 6.695, 11.53, 16.47, 21.27, 25.38, 28.3, 29.61, 29.4, 27.81, 25.23, 22.0, 18.53, 14.88, 11.266, 7.887, 4.938, 2.639, 0.9795, -0.1497, -0.8423, -1.179, -1.195, -0.8203, -0.1487, 0.7627, 1.855, 3.072, 4.453, 6.008, 7.57, 8.87, 9.63, 10.055, 10.36, 10.71, 10.914, 10.664, 9.71, 8.35, 6.797, 5.184, 3.533, 1.752, -0.1417, -1.799, -3.02, -3.928, -4.72, -5.586, -6.746, -8.28, -10.17, -12.39, -14.85, -17.36, -19.8, -22.08, -24.12, -25.8, -26.98, -27.66, -27.36, -26.19, -23.88, -20.8, -17.36, -13.85, -10.55, -7.383, -4.332, -1.464, 0.99, 2.576, 3.084, 2.494, 1.021, -0.8994, -3.078, -5.273, -7.234, -9.0, -10.62, -12.28, -14.14, -16.22, -18.39, -20.44, -22.2, -23.69, -24.9, -25.72, -26.0, -25.78, -25.31, -24.44, -23.25, -21.5, -19.23, -16.55, -13.55, -10.71, -7.957, -5.47, -2.99, -0.7817, 1.456, 3.334, 4.977, 6.1, 7.04, 7.8, 8.59, 9.46, 10.53, 11.516, 12.66, 13.82, 15.23, 16.95, 18.98, 21.17, 22.9, 24.17, 24.56, 24.64, 24.36, 24.08, 23.83, 23.44, 23.05, 22.66, 22.1, 21.3, 20.22, 18.83, 17.2, 15.52, 14.08, 12.375, 10.55, 8.5, 6.4, 4.406, 2.707, 1.144, -0.427, -2.102, -3.67, -4.81, -5.39, -5.527, -5.297, -4.56, -3.312, -1.597, 0.4688, 2.574, 4.562, 6.215, 7.324, 7.707, 7.26, 6.152, 4.723, 3.363, 2.408, 1.994, 2.023, 2.326, 2.76, 3.27
3.98, 4.402, 4.6, 4.543, 4.223, 3.656, 2.787, 1.646, 0.362, -0.9546, -2.191, -3.123, -3.652, -3.79, -3.664, -3.363, -2.94, -2.475, -1.944, -1.3955, -0.9146, -0.639, -0.7944, -1.379, -2.12, -2.566, -2.074, -0.3826, 2.523, 6.285, 10.58, 15.14, 19.6, 23.4, 26.36, 27.83, 27.83, 26.5, 24.31, 21.56, 18.36, 15.055, 11.65, 8.27, 5.41, 3.162, 1.501, 0.2927, -0.6426, -1.296, -1.62, -1.55, -1.174, -0.68, -0.1388, 0.5493, 1.528, 2.873, 4.363, 5.508, 6.023, 6.008, 5.89, 5.86, 5.84, 5.504, 4.723, 3.584, 2.479, 1.418, 0.3425, -0.8047, -1.908, -2.762, -3.285, -3.768, -4.402, -5.42, -6.934, -8.9, -11.07, -13.414, -15.82, -18.2, -20.52, -22.58, -24.52, -26.1, -27.17, -27.61, -27.17, -25.75, -23.17, -19.94, -16.23, -12.56, -9.195, -6.086, -3.215, -0.687, 1.365, 2.514, 2.627, 1.871, 0.4238, -1.368, -3.365, -5.383, -7.188, -8.78, -10.266, -11.79, -13.63, -15.7, -17.98, -20.17, -22.1, -23.66, -24.95, -25.8, -26.17, -26.05, -25.8, -25.08, -24.02, -22.33, -20.06, -17.4, -14.57, -11.68, -8.8, -6.16, -3.49, -0.968, 1.379, 3.377, 5.027, 6.254, 7.08, 7.773, 8.34, 9.13, 10.15, 11.16, 12.37, 13.79, 15.5, 17.52, 19.78, 22.16, 23.92, 25.17, 25.7, 25.75, 25.56, 25.3, 25.03, 24.69, 24.3, 23.77, 23.11, 22.19, 20.98, 19.4, 17.69, 15.984, 14.51, 12.84, 11.03, 8.9, 6.73, 4.594, 2.637, 0.8433, -0.881, -2.516, -3.953, -4.98, -5.605, -5.82, -5.57, -4.715, -3.217, -1.206, 1.041, 3.223, 5.168, 6.79, 7.824, 8.1, 7.516, 6.223, 4.625, 3.098, 2.064, 1.636, 1.711, 2.143, 2.744, 3.412
4.047, 4.414, 4.508, 4.332, 3.904, 3.312, 2.494, 1.447, 0.2229, -1.122, -2.39, -3.338, -3.814, -3.834, -3.564, -3.172, -2.775, -2.402, -1.956, -1.418, -0.791, -0.2245, 0.04272, -0.10266, -0.5845, -0.9966, -0.735, 0.538, 2.99, 6.297, 10.17, 14.32, 18.39, 21.92, 24.66, 26.17, 26.28, 25.22, 23.33, 20.92, 18.19, 15.07, 11.75, 8.64, 5.926, 3.768, 2.078, 0.687, -0.5283, -1.501, -2.11, -2.293, -2.164, -1.964, -1.843, -1.562, -0.909, 0.148, 1.417, 2.395, 2.695, 2.47, 2.117, 1.894, 1.758, 1.4375, 0.819, 0.01743, -0.7026, -1.2705, -1.8, -2.277, -2.705, -2.941, -3.012, -3.266, -3.89, -5.13, -7.0, -9.266, -11.73, -14.18, -16.6, -18.83, -21.02, -23.02, -24.83, -26.27, -27.11, -27.33, -26.66, -25.06, -22.5, -19.11, -15.4, -11.65, -8.11, -4.86, -2.062, 0.2379, 1.885, 2.574, 2.293, 1.353, 0.008224, -1.623, -3.445, -5.273, -7.05, -8.64, -10.08, -11.53, -13.27, -15.29, -17.48, -19.62, -21.62, -23.34, -24.75, -25.77, -26.42, -26.62, -26.5, -25.89, -24.83, -23.3, -21.14, -18.5, -15.586, -12.67, -9.625, -6.875, -4.094, -1.435, 1.11, 3.32, 5.145, 6.562, 7.438, 8.21, 8.75, 9.586, 10.55, 11.695, 12.97, 14.51, 16.36, 18.39, 20.67, 22.88, 24.64, 25.77, 26.31, 26.47, 26.38, 26.27, 25.89, 25.5, 25.02, 24.33, 23.48, 22.42, 21.1, 19.44, 17.78, 16.08, 14.586, 12.85, 11.08, 8.96, 6.734, 4.46, 2.338, 0.3293, -1.536, -3.164, -4.47, -5.348, -5.867, -6.08, -5.84, -4.84, -3.143, -0.9233, 1.53, 3.846, 5.832, 7.4, 8.29, 8.39, 7.6, 6.11, 4.348, 2.727, 1.633, 1.206, 1.365, 1.912, 2.639, 3.424
3.902, 4.223, 4.24, 3.994, 3.537, 2.963, 2.203, 1.231, 0.05975, -1.261, -2.5, -3.402, -3.834, -3.807, -3.5, -3.102, -2.756, -2.416, -1.995, -1.428, -0.744, -0.05182, 0.504, 0.766, 0.668, 0.4583, 0.6743, 1.643, 3.66, 6.582, 10.06, 13.805, 17.48, 20.69, 23.11, 24.42, 24.7, 23.86, 22.38, 20.27, 17.73, 14.75, 11.69, 8.7, 6.145, 4.086, 2.342, 0.6904, -0.842, -2.084, -2.803, -3.027, -2.98, -2.902, -2.95, -2.912, -2.564, -1.856, -1.006, -0.339, -0.1813, -0.4453, -0.8096, -1.096, -1.25, -1.536, -1.943, -2.463, -2.803, -2.904, -2.902, -2.84, -2.777, -2.68, -2.652, -2.955, -3.773, -5.25, -7.293, -9.734, -12.36, -14.84, -17.28, -19.61, -21.72, -23.61, -25.3, -26.56, -27.2, -27.03, -26.14, -24.27, -21.53, -18.11, -14.3, -10.53, -6.957, -3.686, -0.874, 1.294, 2.574, 2.822, 2.178, 1.03, -0.288, -1.668, -3.234, -4.934, -6.742, -8.36, -9.75, -11.18, -12.875, -14.82, -16.9, -19.03, -21.05, -22.8, -24.33, -25.64, -26.61, -27.12, -27.23, -26.84, -25.86, -24.3, -22.14, -19.58, -16.55, -13.61, -10.48, -7.508, -4.7, -1.978, 0.6616, 3.225, 5.21, 6.957, 8.02, 9.016, 9.61, 10.58, 11.63, 12.9, 14.3, 15.94, 17.7, 19.69, 21.78, 23.62, 25.2, 26.11, 26.64, 26.88, 26.86, 26.72, 26.2, 25.72, 25.02, 24.2, 23.28, 22.16, 20.8, 19.1, 17.5, 15.89, 14.31, 12.61, 10.8, 8.67, 6.457, 4.137, 1.9375, -0.1957, -2.152, -3.814, -5.047, -5.805, -6.207, -6.29, -5.934, -4.84, -3.002, -0.6265, 1.94, 4.387, 6.496, 8.055, 8.8, 8.61, 7.57, 5.914, 4.074, 2.412, 1.285, 0.8804, 1.088, 1.689, 2.465, 3.266
3.697, 4.03, 4.027, 3.768, 3.32, 2.762, 2.02, 1.043, -0.144, -1.472, -2.676, -3.514, -3.871, -3.822, -3.543, -3.201, -2.855, -2.436, -1.9375, -1.355, -0.721, -0.05426, 0.6377, 1.203, 1.523, 1.662, 1.985, 2.836, 4.504, 6.984, 10.03, 13.37, 16.6, 19.45, 21.52, 22.67, 22.97, 22.4, 21.27, 19.42, 17.05, 14.25, 11.27, 8.4, 5.977, 3.938, 2.033, 0.2057, -1.522, -2.887, -3.621, -3.78, -3.637, -3.504, -3.498, -3.482, -3.373, -3.064, -2.691, -2.459, -2.475, -2.705, -2.922, -3.145, -3.248, -3.416, -3.65, -3.873, -3.816, -3.531, -3.113, -2.719, -2.482, -2.385, -2.533, -3.123, -4.297, -5.98, -8.1, -10.56, -13.04, -15.56, -18.08, -20.4, -22.6, -24.48, -26.03, -27.0, -27.39, -26.89, -25.5, -23.25, -20.17, -16.55, -12.734, -9.06, -5.527, -2.309, 0.3394, 2.285, 3.22, 3.117, 2.21, 0.9907, -0.2693, -1.517, -2.977, -4.63, -6.28, -7.867, -9.25, -10.65, -12.29, -14.2, -16.23, -18.3, -20.3, -22.08, -23.77, -25.3, -26.64, -27.5, -27.84, -27.6, -26.75, -25.25, -23.23, -20.81, -17.9, -14.87, -11.73, -8.555, -5.59, -2.602, 0.1877, 2.98, 5.28, 7.36, 8.75, 9.97, 10.83, 11.984, 13.12, 14.586, 16.02, 17.67, 19.3, 21.05, 22.8, 24.22, 25.55, 26.27, 26.7, 26.88, 26.75, 26.6, 26.11, 25.33, 24.4, 23.39, 22.38, 21.22, 19.9, 18.42, 17.02, 15.586, 14.03, 12.266, 10.37, 8.32, 6.168, 3.893, 1.732, -0.4475, -2.48, -4.234, -5.492, -6.24, -6.51, -6.38, -5.793, -4.574, -2.713, -0.3176, 2.37, 4.96, 7.19, 8.695, 9.3, 8.85, 7.53, 5.734, 3.85, 2.25, 1.184, 0.792, 1.019, 1.606, 2.342, 3.076
3.572, 3.992, 4.055, 3.785, 3.307, 2.678, 1.884, 0.837, -0.435, -1.771, -2.926, -3.676, -3.951, -3.895, -3.67, -3.379, -2.98, -2.447, -1.831, -1.216, -0.6636, -0.09076, 0.6104, 1.422, 2.191, 2.717, 3.246, 4.11, 5.53, 7.582, 10.13, 12.93, 15.72, 18.06, 19.83, 20.84, 21.22, 20.86, 20.0, 18.31, 16.1, 13.29, 10.44, 7.805, 5.52, 3.496, 1.545, -0.4023, -2.252, -3.65, -4.3, -4.36, -4.133, -3.906, -3.781, -3.652, -3.607, -3.592, -3.639, -3.75, -3.936, -4.137, -4.273, -4.34, -4.316, -4.285, -4.305, -4.195, -3.852, -3.307, -2.662, -2.186, -1.9375, -2.023, -2.572, -3.576, -5.094, -6.996, -9.164, -11.55, -14.01, -16.5, -18.95, -21.33, -23.52, -25.42, -26.89, -27.53, -27.58, -26.72, -24.94, -22.12, -18.67, -14.766, -10.836, -7.21, -3.791, -0.825, 1.588, 3.203, 3.754, 3.283, 2.137, 0.937, -0.1968, -1.339, -2.688, -4.246, -5.84, -7.32, -8.62, -9.92, -11.48, -13.4, -15.53, -17.64, -19.7, -21.58, -23.38, -25.06, -26.61, -27.7, -28.23, -28.08, -27.4, -26.08, -24.23, -22.08, -19.38, -16.3, -13.14, -9.82, -6.645, -3.377, -0.3726, 2.615, 5.31, 7.703, 9.43, 10.92, 12.09, 13.43, 14.71, 16.33, 17.72, 19.39, 20.88, 22.38, 23.81, 24.98, 25.83, 26.34, 26.6, 26.5, 26.33, 25.98, 25.28, 24.31, 23.16, 22.05, 20.98, 19.94, 18.83, 17.62, 16.38, 15.086, 13.62, 11.875, 10.03, 8.0, 5.914, 3.805, 1.749, -0.4146, -2.562, -4.52, -5.957, -6.684, -6.77, -6.395, -5.617, -4.258, -2.344, 0.1354, 2.893, 5.605, 7.887, 9.38, 9.836, 9.16, 7.586, 5.66, 3.754, 2.209, 1.258, 0.9316, 1.117, 1.628, 2.283, 2.959
3.545, 4.08, 4.234, 3.977, 3.416, 2.63, 1.6875, 0.5146, -0.834, -2.156, -3.229, -3.86, -4.043, -3.96, -3.773, -3.49, -3.018, -2.371, -1.667, -1.031, -0.554, -0.0752, 0.5825, 1.536, 2.623, 3.549, 4.414, 5.41, 6.734, 8.4, 10.47, 12.68, 14.87, 16.67, 18.1, 19.0, 19.33, 19.22, 18.45, 16.97, 14.76, 12.09, 9.49, 7.105, 5.09, 3.188, 1.228, -0.7974, -2.703, -4.043, -4.62, -4.656, -4.465, -4.19, -3.98, -3.732, -3.584, -3.652, -3.904, -4.23, -4.523, -4.758, -4.883, -4.906, -4.79, -4.535, -4.23, -3.768, -3.172, -2.453, -1.784, -1.36, -1.229, -1.603, -2.51, -3.861, -5.66, -7.746, -9.984, -12.35, -14.77, -17.3, -19.75, -22.17, -24.39, -26.25, -27.48, -27.86, -27.52, -26.25, -24.12, -20.98, -17.12, -12.88, -8.85, -5.242, -2.055, 0.5737, 2.64, 3.88, 4.066, 3.338, 2.084, 0.933, -0.09247, -1.159, -2.469, -4.03, -5.504, -6.76, -7.863, -9.02, -10.54, -12.58, -14.86, -17.08, -19.22, -21.2, -23.11, -24.9, -26.55, -27.81, -28.53, -28.45, -27.83, -26.77, -25.25, -23.33, -20.9, -17.92, -14.7, -11.24, -7.77, -4.348, -1.0625, 2.1, 5.133, 7.84, 9.99, 11.79, 13.266, 14.77, 16.22, 17.88, 19.28, 20.97, 22.31, 23.69, 24.86, 25.72, 26.11, 26.33, 26.27, 25.94, 25.5, 24.86, 23.83, 22.7, 21.47, 20.31, 19.3, 18.4, 17.53, 16.5, 15.54, 14.414, 13.01, 11.414, 9.625, 7.656, 5.668, 3.697, 1.675, -0.544, -2.814, -4.91, -6.484, -7.234, -7.184, -6.58, -5.535, -4.023, -1.987, 0.5947, 3.562, 6.406, 8.74, 10.13, 10.31, 9.36, 7.594, 5.59, 3.725, 2.29, 1.44, 1.132, 1.234, 1.628, 2.213, 2.88
3.531, 4.145, 4.37, 4.1, 3.422, 2.451, 1.332, 0.03632, -1.3, -2.521, -3.434, -3.926, -4.047, -3.941, -3.74, -3.406, -2.88, -2.186, -1.476, -0.907, -0.5337, -0.1467, 0.541, 1.574, 2.822, 4.074, 5.3, 6.516, 7.83, 9.305, 10.9, 12.58, 14.21, 15.61, 16.72, 17.39, 17.7, 17.61, 16.94, 15.51, 13.38, 10.93, 8.62, 6.574, 4.887, 3.152, 1.245, -0.81, -2.707, -3.977, -4.543, -4.684, -4.637, -4.438, -4.168, -3.863, -3.553, -3.504, -3.736, -4.152, -4.56, -4.88, -5.117, -5.195, -5.01, -4.516, -3.809, -2.973, -2.129, -1.324, -0.726, -0.4233, -0.5117, -1.12, -2.22, -3.775, -5.684, -7.9, -10.305, -12.78, -15.27, -17.8, -20.36, -22.8, -25.0, -26.83, -27.84, -27.89, -27.16, -25.58, -23.12, -19.73, -15.7, -11.37, -7.195, -3.582, -0.6157, 1.706, 3.445, 4.316, 4.23, 3.395, 2.201, 1.078, 0.05832, -0.9897, -2.256, -3.785, -5.164, -6.22, -7.117, -8.14, -9.64, -11.75, -14.195, -16.64, -18.89, -21.03, -22.94, -24.81, -26.53, -27.9, -28.66, -28.69, -28.11, -27.22, -26.05, -24.44, -22.34, -19.58, -16.33, -12.71, -9.02, -5.445, -1.914, 1.495, 4.773, 7.723, 10.31, 12.43, 14.24, 15.875, 17.5, 19.23, 20.66, 22.31, 23.52, 24.72, 25.56, 26.08, 26.23, 26.03, 25.69, 25.03, 24.27, 23.34, 22.2, 20.9, 19.67, 18.6, 17.56, 16.77, 16.03, 15.305, 14.55, 13.54, 12.3, 10.805, 9.055, 7.215, 5.293, 3.316, 1.241, -1.021, -3.33, -5.484, -7.137, -7.93, -7.812, -6.98, -5.652, -3.893, -1.62, 1.196, 4.375, 7.39, 9.695, 10.89, 10.71, 9.44, 7.504, 5.48, 3.682, 2.365, 1.586, 1.264, 1.272, 1.562, 2.084, 2.78
3.443, 4.098, 4.35, 4.062, 3.28, 2.154, 0.8984, -0.4202, -1.684, -2.736, -3.459, -3.83, -3.906, -3.781, -3.53, -3.14, -2.6, -1.976, -1.448, -1.106, -0.822, -0.4072, 0.326, 1.421, 2.77, 4.234, 5.746, 7.215, 8.65, 10.016, 11.35, 12.58, 13.79, 14.88, 15.72, 16.23, 16.45, 16.28, 15.484, 14.04, 12.08, 9.92, 7.926, 6.316, 4.875, 3.246, 1.343, -0.738, -2.54, -3.748, -4.316, -4.51, -4.562, -4.438, -4.14, -3.809, -3.459, -3.357, -3.56, -3.982, -4.496, -4.957, -5.41, -5.62, -5.426, -4.723, -3.662, -2.45, -1.303, -0.3774, 0.1658, 0.3093, 0.013306, -0.709, -1.824, -3.406, -5.383, -7.71, -10.27, -12.91, -15.56, -18.22, -20.75, -23.16, -25.36, -27.05, -27.88, -27.77, -26.64, -24.64, -21.89, -18.38, -14.3, -9.914, -5.69, -2.135, 0.6255, 2.674, 4.113, 4.75, 4.566, 3.762, 2.604, 1.493, 0.4346, -0.6787, -1.93, -3.342, -4.63, -5.58, -6.36, -7.367, -8.875, -10.99, -13.516, -16.1, -18.48, -20.66, -22.64, -24.64, -26.45, -27.88, -28.78, -28.95, -28.53, -27.77, -26.75, -25.38, -23.64, -21.02, -17.81, -14.14, -10.37, -6.62, -2.96, 0.621, 4.125, 7.348, 10.31, 12.8, 14.95, 16.81, 18.55, 20.27, 21.88, 23.38, 24.56, 25.47, 25.97, 26.25, 26.02, 25.56, 24.83, 23.97, 22.89, 21.66, 20.44, 19.14, 17.88, 16.8, 15.84, 15.18, 14.59, 14.08, 13.41, 12.57, 11.414, 10.06, 8.48, 6.684, 4.727, 2.664, 0.511, -1.805, -4.094, -6.23, -7.84, -8.63, -8.47, -7.49, -5.9, -3.795, -1.166, 2.043, 5.45, 8.58, 10.734, 11.59, 11.06, 9.48, 7.457, 5.445, 3.707, 2.447, 1.67, 1.283, 1.226, 1.486, 1.988, 2.682
3.434, 4.047, 4.273, 3.953, 3.102, 1.925, 0.632, -0.6597, -1.82, -2.75, -3.371, -3.662, -3.682, -3.496, -3.156, -2.695, -2.195, -1.803, -1.611, -1.586, -1.449, -0.982, -0.144, 1.016, 2.416, 3.969, 5.656, 7.387, 9.03, 10.43, 11.58, 12.58, 13.49, 14.36, 15.07, 15.484, 15.516, 15.11, 14.16, 12.766, 11.016, 9.16, 7.5, 6.137, 4.793, 3.115, 1.104, -0.936, -2.602, -3.682, -4.16, -4.31, -4.27, -4.15, -3.824, -3.434, -3.166, -3.176, -3.498, -4.02, -4.68, -5.332, -5.945, -6.33, -6.137, -5.293, -3.957, -2.408, -0.945, 0.12036, 0.6655, 0.7124, 0.303, -0.4558, -1.565, -3.105, -5.117, -7.53, -10.23, -13.03, -15.836, -18.62, -21.12, -23.44, -25.6, -27.16, -27.94, -27.66, -26.22, -23.83, -20.75, -17.02, -12.76, -8.39, -4.215, -0.7095, 1.881, 3.639, 4.793, 5.285, 5.15, 4.367, 3.215, 2.088, 0.981, -0.1986, -1.453, -2.752, -3.896, -4.812, -5.688, -6.723, -8.266, -10.375, -12.86, -15.414, -17.83, -20.11, -22.17, -24.22, -26.16, -27.77, -28.88, -29.27, -29.06, -28.47, -27.69, -26.55, -24.98, -22.52, -19.34, -15.664, -11.81, -7.996, -4.242, -0.609, 3.113, 6.668, 9.96, 12.79, 15.195, 17.3, 19.34, 21.05, 22.73, 24.11, 25.17, 25.88, 26.08, 26.06, 25.62, 24.86, 23.97, 22.89, 21.64, 20.19, 18.78, 17.4, 16.14, 15.11, 14.3, 13.695, 13.22, 12.82, 12.35, 11.625, 10.59, 9.34, 7.758, 6.08, 4.16, 1.991, -0.2817, -2.639, -4.863, -6.848, -8.336, -9.08, -8.89, -7.83, -6.023, -3.578, -0.5273, 3.059, 6.676, 9.8, 11.75, 12.28, 11.45, 9.766, 7.66, 5.65, 3.951, 2.643, 1.764, 1.273, 1.17, 1.454, 1.993, 2.7
3.625, 4.125, 4.26, 3.893, 3.03, 1.86, 0.59, -0.663, -1.777, -2.676, -3.285, -3.574, -3.541, -3.217, -2.695, -2.111, -1.684, -1.604, -1.852, -2.164, -2.223, -1.776, -0.827, 0.407, 1.804, 3.4, 5.215, 7.15, 8.94, 10.38, 11.48, 12.375, 13.15, 13.91, 14.48, 14.805, 14.65, 14.04, 13.05, 11.69, 10.1, 8.54, 7.098, 5.773, 4.355, 2.549, 0.4646, -1.515, -3.018, -3.844, -4.117, -4.13, -3.957, -3.668, -3.193, -2.746, -2.633, -2.91, -3.555, -4.348, -5.156, -5.93, -6.6, -7.023, -6.824, -5.934, -4.477, -2.732, -1.109, 0.05246, 0.639, 0.6807, 0.2834, -0.4585, -1.534, -3.098, -5.207, -7.74, -10.53, -13.42, -16.33, -19.14, -21.73, -23.98, -25.94, -27.31, -27.97, -27.56, -26.02, -23.3, -19.83, -15.664, -11.24, -6.723, -2.62, 0.7627, 3.15, 4.637, 5.543, 5.895, 5.695, 4.94, 3.79, 2.562, 1.405, 0.2534, -0.9014, -2.049, -3.107, -4.04, -5.066, -6.215, -7.758, -9.83, -12.16, -14.58, -16.95, -19.23, -21.39, -23.64, -25.69, -27.62, -28.84, -29.48, -29.53, -29.14, -28.66, -27.64, -26.14, -23.8, -20.8, -17.17, -13.445, -9.65, -5.87, -2.162, 1.783, 5.61, 9.19, 12.38, 15.164, 17.56, 19.73, 21.61, 23.3, 24.6, 25.47, 25.95, 25.81, 25.52, 24.89, 24.06, 23.03, 21.75, 20.31, 18.7, 17.16, 15.77, 14.516, 13.59, 12.82, 12.28, 11.93, 11.74, 11.38, 10.805, 9.91, 8.7, 7.184, 5.574, 3.637, 1.434, -0.8975, -3.252, -5.402, -7.234, -8.55, -9.164, -8.91, -7.824, -5.918, -3.229, 0.169, 4.008, 7.75, 10.78, 12.57, 12.9, 11.984, 10.234, 8.164, 6.195, 4.46, 3.027, 1.939, 1.277, 1.128, 1.485, 2.145, 2.922
3.88, 4.254, 4.234, 3.795, 2.963, 1.862, 0.6514, -0.5884, -1.754, -2.695, -3.326, -3.6, -3.46, -2.957, -2.24, -1.522, -1.131, -1.305, -1.935, -2.592, -2.865, -2.52, -1.584, -0.3293, 1.049, 2.621, 4.52, 6.613, 8.54, 10.07, 11.16, 12.055, 12.805, 13.46, 13.93, 14.05, 13.75, 13.05, 11.98, 10.72, 9.31, 7.926, 6.56, 5.164, 3.564, 1.684, -0.339, -2.17, -3.428, -4.02, -4.125, -4.023, -3.676, -3.096, -2.379, -1.881, -1.926, -2.54, -3.596, -4.695, -5.64, -6.406, -7.008, -7.34, -7.145, -6.336, -4.938, -3.262, -1.651, -0.451, 0.1777, 0.2974, 0.01279, -0.6323, -1.648, -3.264, -5.55, -8.32, -11.195, -13.984, -16.84, -19.66, -22.25, -24.52, -26.23, -27.38, -27.92, -27.47, -25.75, -22.83, -18.88, -14.414, -9.69, -5.047, -0.9727, 2.28, 4.426, 5.652, 6.285, 6.45, 6.094, 5.258, 4.11, 2.836, 1.631, 0.5684, -0.383, -1.316, -2.262, -3.197, -4.36, -5.664, -7.234, -9.18, -11.25, -13.51, -15.79, -18.12, -20.55, -22.95, -25.2, -27.22, -28.75, -29.58, -29.94, -29.84, -29.56, -28.81, -27.4, -25.2, -22.34, -18.92, -15.3, -11.61, -7.85, -3.975, 0.1365, 4.164, 8.08, 11.61, 14.695, 17.39, 19.77, 21.81, 23.48, 24.78, 25.6, 25.8, 25.53, 24.94, 24.16, 23.2, 22.1, 20.69, 19.0, 17.28, 15.59, 14.15, 13.03, 12.125, 11.375, 10.82, 10.57, 10.47, 10.32, 9.95, 9.24, 8.03, 6.484, 4.89, 3.068, 0.9917, -1.298, -3.656, -5.8, -7.496, -8.6, -9.016, -8.7, -7.543, -5.535, -2.71, 0.832, 4.79, 8.55, 11.516, 13.22, 13.445, 12.555, 10.92, 8.93, 6.94, 5.094, 3.445, 2.111, 1.263, 1.0625, 1.481, 2.303, 3.184
3.975, 4.195, 4.02, 3.543, 2.783, 1.766, 0.5815, -0.67, -1.873, -2.846, -3.463, -3.66, -3.37, -2.658, -1.756, -0.945, -0.635, -0.984, -1.823, -2.68, -3.133, -2.951, -2.186, -1.089, 0.2245, 1.762, 3.658, 5.836, 7.86, 9.53, 10.72, 11.63, 12.375, 12.96, 13.266, 13.195, 12.73, 11.945, 10.914, 9.79, 8.56, 7.324, 5.977, 4.492, 2.744, 0.8403, -1.081, -2.621, -3.541, -3.912, -3.969, -3.854, -3.416, -2.62, -1.692, -1.109, -1.226, -2.121, -3.506, -4.863, -5.89, -6.625, -7.105, -7.293, -7.066, -6.418, -5.28, -3.863, -2.412, -1.227, -0.532, -0.2695, -0.3599, -0.8115, -1.776, -3.475, -5.96, -8.92, -11.85, -14.58, -17.27, -20.0, -22.7, -25.0, -26.61, -27.6, -27.88, -27.22, -25.36, -22.19, -17.98, -13.266, -8.44, -3.74, 0.3691, 3.512, 5.52, 6.59, 6.99, 6.863, 6.273, 5.32, 4.11, 2.867, 1.748, 0.86, 0.1345, -0.5967, -1.439, -2.383, -3.615, -5.008, -6.535, -8.28, -10.16, -12.25, -14.62, -17.05, -19.67, -22.28, -24.6, -26.62, -28.34, -29.47, -30.19, -30.47, -30.27, -29.61, -28.36, -26.31, -23.64, -20.5, -17.17, -13.57, -9.805, -5.848, -1.635, 2.6, 6.613, 10.41, 13.76, 16.69, 19.23, 21.5, 23.31, 24.61, 25.3, 25.47, 25.19, 24.4, 23.48, 22.47, 21.19, 19.64, 17.78, 15.875, 14.016, 12.555, 11.38, 10.49, 9.78, 9.28, 9.09, 9.125, 9.23, 9.055, 8.336, 7.082, 5.562, 4.066, 2.404, 0.499, -1.746, -4.082, -6.195, -7.824, -8.8, -9.04, -8.51, -7.188, -5.086, -2.197, 1.394, 5.383, 9.15, 12.1, 13.81, 14.125, 13.305, 11.71, 9.75, 7.723, 5.7, 3.785, 2.2, 1.163, 0.9175, 1.398, 2.357, 3.328
3.84, 3.932, 3.645, 3.12, 2.398, 1.445, 0.3027, -0.947, -2.123, -3.037, -3.541, -3.562, -3.086, -2.21, -1.206, -0.4194, -0.2345, -0.7197, -1.631, -2.514, -3.016, -3.0, -2.531, -1.724, -0.612, 0.8853, 2.766, 4.93, 7.027, 8.81, 10.164, 11.14, 11.875, 12.375, 12.484, 12.18, 11.586, 10.81, 9.91, 8.97, 7.977, 6.844, 5.492, 3.92, 2.13, 0.302, -1.376, -2.604, -3.293, -3.572, -3.66, -3.58, -3.127, -2.256, -1.222, -0.5317, -0.669, -1.712, -3.232, -4.688, -5.81, -6.58, -7.08, -7.234, -7.113, -6.645, -5.793, -4.656, -3.408, -2.244, -1.422, -0.9736, -0.8003, -1.054, -1.996, -3.736, -6.297, -9.27, -12.14, -14.75, -17.33, -20.02, -22.9, -25.34, -27.02, -27.83, -27.81, -26.83, -24.75, -21.3, -16.92, -12.164, -7.273, -2.666, 1.338, 4.395, 6.35, 7.34, 7.574, 7.2, 6.4, 5.297, 4.043, 2.848, 1.886, 1.175, 0.6455, 0.1007, -0.659, -1.623, -2.824, -4.188, -5.707, -7.28, -8.984, -11.06, -13.46, -16.14, -18.97, -21.61, -24.12, -26.14, -27.92, -29.27, -30.2, -30.8, -30.95, -30.38, -29.17, -27.34, -25.0, -22.14, -19.11, -15.63, -11.836, -7.77, -3.54, 0.7495, 4.914, 8.87, 12.34, 15.52, 18.39, 20.81, 22.67, 24.03, 24.83, 25.02, 24.75, 24.02, 23.1, 21.94, 20.48, 18.69, 16.53, 14.38, 12.38, 10.88, 9.75, 8.89, 8.22, 7.75, 7.617, 7.715, 7.934, 7.82, 7.168, 5.95, 4.48, 2.988, 1.402, -0.3306, -2.41, -4.688, -6.812, -8.47, -9.35, -9.375, -8.61, -7.055, -4.72, -1.639, 2.06, 6.125, 9.914, 12.91, 14.6, 14.95, 14.1, 12.51, 10.5, 8.34, 6.19, 4.082, 2.326, 1.105, 0.767, 1.26, 2.26, 3.256
3.633, 3.672, 3.332, 2.752, 2.006, 1.054, -0.09564, -1.33, -2.412, -3.127, -3.354, -3.09, -2.424, -1.502, -0.558, 0.04785, 0.032, -0.566, -1.467, -2.291, -2.77, -2.893, -2.725, -2.271, -1.401, -0.01108, 1.867, 4.016, 6.156, 8.05, 9.55, 10.62, 11.305, 11.66, 11.59, 11.13, 10.49, 9.76, 9.016, 8.24, 7.465, 6.438, 5.14, 3.56, 1.837, 0.1375, -1.299, -2.342, -2.959, -3.234, -3.316, -3.178, -2.68, -1.82, -0.8228, -0.1466, -0.2544, -1.236, -2.723, -4.246, -5.566, -6.566, -7.227, -7.54, -7.574, -7.297, -6.676, -5.766, -4.63, -3.428, -2.43, -1.789, -1.528, -1.73, -2.61, -4.23, -6.65, -9.41, -12.15, -14.62, -17.1, -19.89, -22.84, -25.52, -27.3, -28.02, -27.75, -26.4, -23.97, -20.28, -15.805, -11.0, -6.246, -1.797, 2.072, 5.062, 6.945, 7.89, 8.055, 7.582, 6.67, 5.496, 4.207, 3.066, 2.215, 1.589, 1.116, 0.666, 0.007053, -0.851, -2.006, -3.314, -4.766, -6.223, -7.867, -9.86, -12.336, -15.19, -18.25, -21.03, -23.5, -25.61, -27.5, -29.02, -30.17, -31.0, -31.23, -30.86, -29.84, -28.25, -26.2, -23.73, -20.88, -17.45, -13.77, -9.664, -5.406, -1.148, 2.867, 6.805, 10.44, 13.87, 16.88, 19.45, 21.55, 23.06, 24.03, 24.34, 24.31, 23.72, 22.92, 21.58, 19.95, 17.81, 15.4, 12.97, 10.85, 9.27, 8.19, 7.4, 6.836, 6.383, 6.203, 6.32, 6.543, 6.51, 5.92, 4.773, 3.36, 1.88, 0.4268, -1.165, -3.14, -5.402, -7.51, -9.086, -9.94, -9.88, -8.945, -7.152, -4.543, -1.272, 2.668, 6.918, 10.82, 13.92, 15.66, 15.94, 15.03, 13.27, 11.12, 8.81, 6.586, 4.414, 2.506, 1.142, 0.669, 1.076, 2.043, 3.05
3.441, 3.576, 3.299, 2.715, 1.922, 0.896, -0.353, -1.623, -2.605, -3.076, -2.951, -2.352, -1.477, -0.5474, 0.2128, 0.5303, 0.2349, -0.5205, -1.418, -2.162, -2.613, -2.863, -2.932, -2.719, -2.021, -0.7256, 1.112, 3.242, 5.406, 7.35, 8.89, 9.98, 10.61, 10.84, 10.71, 10.234, 9.625, 8.945, 8.32, 7.67, 6.973, 6.06, 4.85, 3.355, 1.717, 0.099, -1.25, -2.244, -2.86, -3.105, -3.057, -2.725, -2.094, -1.218, -0.3198, 0.2593, 0.1665, -0.6885, -2.111, -3.736, -5.28, -6.57, -7.535, -8.12, -8.33, -8.23, -7.773, -6.984, -5.902, -4.625, -3.543, -2.855, -2.627, -2.852, -3.615, -5.008, -7.07, -9.484, -11.984, -14.414, -16.94, -19.86, -22.95, -25.75, -27.55, -28.14, -27.58, -25.95, -23.08, -19.2, -14.72, -9.93, -5.254, -0.9395, 2.824, 5.65, 7.453, 8.39, 8.484, 7.94, 7.0, 5.863, 4.67, 3.63, 2.814, 2.117, 1.518, 1.044, 0.4563, -0.2354, -1.179, -2.377, -3.738, -5.164, -6.805, -8.805, -11.3, -14.24, -17.36, -20.2, -22.78, -25.03, -26.97, -28.7, -30.11, -31.05, -31.56, -31.36, -30.56, -29.16, -27.34, -25.22, -22.56, -19.42, -15.67, -11.63, -7.5, -3.328, 0.648, 4.55, 8.33, 11.92, 15.12, 17.89, 20.16, 21.88, 23.1, 23.64, 23.9, 23.52, 22.69, 21.3, 19.47, 17.08, 14.46, 11.836, 9.58, 7.92, 6.832, 6.133, 5.56, 5.09, 4.957, 5.027, 5.164, 5.152, 4.605, 3.592, 2.373, 1.057, -0.3342, -1.89, -3.814, -5.91, -7.89, -9.48, -10.39, -10.34, -9.36, -7.46, -4.707, -1.16, 3.09, 7.582, 11.76, 14.98, 16.83, 17.06, 15.984, 14.02, 11.64, 9.24, 6.965, 4.793, 2.816, 1.323, 0.637, 0.865, 1.747, 2.766
3.285, 3.652, 3.555, 3.023, 2.162, 0.978, -0.4448, -1.789, -2.697, -2.96, -2.541, -1.62, -0.5312, 0.4487, 1.064, 1.133, 0.564, -0.4016, -1.372, -2.105, -2.578, -2.953, -3.2, -3.098, -2.428, -1.124, 0.7246, 2.826, 4.918, 6.77, 8.23, 9.24, 9.82, 10.04, 9.92, 9.56, 9.05, 8.46, 7.86, 7.2, 6.477, 5.562, 4.355, 2.916, 1.365, -0.1544, -1.459, -2.488, -3.133, -3.268, -2.967, -2.287, -1.346, -0.357, 0.4536, 0.854, 0.65, -0.1863, -1.531, -3.236, -4.973, -6.543, -7.754, -8.53, -8.914, -8.984, -8.71, -8.08, -7.047, -5.832, -4.785, -4.125, -3.932, -4.15, -4.773, -5.902, -7.574, -9.664, -11.92, -14.34, -16.98, -20.03, -23.16, -25.92, -27.62, -28.11, -27.36, -25.47, -22.45, -18.47, -13.88, -9.086, -4.363, -0.06354, 3.584, 6.27, 7.914, 8.75, 8.766, 8.19, 7.23, 6.19, 5.18, 4.293, 3.498, 2.729, 1.997, 1.41, 0.875, 0.375, -0.3582, -1.3955, -2.676, -4.15, -5.89, -7.973, -10.414, -13.31, -16.34, -19.19, -21.88, -24.23, -26.28, -28.31, -29.95, -31.17, -31.8, -31.75, -31.17, -30.03, -28.6, -26.84, -24.38, -21.34, -17.6, -13.61, -9.56, -5.49, -1.568, 2.334, 6.18, 9.9, 13.2, 16.22, 18.61, 20.52, 21.89, 22.75, 23.12, 22.95, 22.23, 20.86, 18.92, 16.4, 13.81, 11.07, 8.67, 6.848, 5.637, 4.86, 4.242, 3.863, 3.66, 3.69, 3.717, 3.611, 3.17, 2.467, 1.556, 0.4102, -0.94, -2.46, -4.207, -6.11, -7.996, -9.53, -10.445, -10.52, -9.64, -7.75, -4.863, -1.072, 3.383, 8.07, 12.42, 15.81, 17.7, 17.98, 16.8, 14.66, 12.12, 9.64, 7.348, 5.21, 3.201, 1.551, 0.626, 0.6016, 1.358, 2.428
3.0, 3.695, 3.834, 3.41, 2.486, 1.135, -0.4675, -1.899, -2.756, -2.83, -2.172, -1.019, 0.2625, 1.309, 1.886, 1.841, 1.131, 0.013275, -1.084, -1.927, -2.49, -2.967, -3.328, -3.293, -2.604, -1.245, 0.5957, 2.625, 4.58, 6.27, 7.57, 8.48, 9.016, 9.3, 9.35, 9.18, 8.83, 8.25, 7.57, 6.766, 5.883, 4.86, 3.586, 2.13, 0.6816, -0.689, -1.925, -2.973, -3.627, -3.648, -3.033, -1.863, -0.477, 0.708, 1.447, 1.643, 1.283, 0.401, -0.9453, -2.68, -4.523, -6.223, -7.582, -8.48, -9.02, -9.26, -9.18, -8.77, -7.957, -6.934, -6.008, -5.39, -5.164, -5.3, -5.844, -6.816, -8.234, -10.1, -12.26, -14.64, -17.33, -20.36, -23.4, -26.11, -27.69, -28.02, -27.06, -25.0, -21.97, -18.0, -13.36, -8.47, -3.586, 0.8477, 4.418, 6.926, 8.45, 9.09, 8.97, 8.33, 7.355, 6.37, 5.58, 4.87, 4.152, 3.338, 2.494, 1.846, 1.365, 1.01, 0.4426, -0.4246, -1.591, -3.143, -4.957, -7.074, -9.51, -12.266, -15.195, -18.08, -20.78, -23.23, -25.58, -27.83, -29.73, -31.19, -31.95, -32.12, -31.67, -30.86, -29.64, -28.14, -25.98, -23.12, -19.56, -15.66, -11.67, -7.67, -3.82, 0.1848, 4.133, 8.02, 11.484, 14.6, 17.02, 19.1, 20.66, 21.69, 22.28, 22.17, 21.58, 20.27, 18.39, 15.9, 13.234, 10.51, 8.04, 6.023, 4.582, 3.578, 2.875, 2.486, 2.27, 2.225, 2.105, 1.917, 1.649, 1.293, 0.716, -0.1984, -1.424, -2.904, -4.59, -6.387, -8.1, -9.516, -10.4, -10.57, -9.74, -7.812, -4.8, -0.914, 3.637, 8.39, 12.8, 16.27, 18.23, 18.52, 17.3, 15.11, 12.555, 10.05, 7.74, 5.598, 3.494, 1.675, 0.4814, 0.188, 0.7764, 1.892
2.496, 3.5, 3.887, 3.586, 2.672, 1.233, -0.4773, -1.9795, -2.777, -2.674, -1.84, -0.5566, 0.8486, 2.002, 2.639, 2.623, 1.912, 0.7876, -0.39, -1.376, -2.117, -2.725, -3.178, -3.225, -2.605, -1.268, 0.5005, 2.393, 4.19, 5.73, 6.92, 7.797, 8.36, 8.72, 8.945, 9.0, 8.79, 8.22, 7.395, 6.38, 5.293, 4.09, 2.703, 1.245, -0.11597, -1.339, -2.43, -3.377, -4.004, -3.947, -3.04, -1.45, 0.3416, 1.744, 2.447, 2.473, 1.971, 1.017, -0.333, -2.025, -3.836, -5.52, -6.91, -7.934, -8.67, -9.13, -9.336, -9.2, -8.72, -7.96, -7.145, -6.484, -6.105, -6.08, -6.535, -7.426, -8.78, -10.586, -12.734, -15.18, -17.83, -20.77, -23.62, -26.11, -27.56, -27.75, -26.7, -24.58, -21.5, -17.64, -12.95, -7.85, -2.736, 1.803, 5.28, 7.613, 8.94, 9.414, 9.18, 8.484, 7.492, 6.54, 5.84, 5.26, 4.66, 3.92, 3.078, 2.42, 2.012, 1.713, 1.294, 0.503, -0.638, -2.229, -4.098, -6.22, -8.62, -11.28, -14.06, -16.94, -19.67, -22.23, -24.72, -27.12, -29.2, -30.89, -32.03, -32.34, -32.2, -31.6, -30.58, -29.31, -27.44, -24.78, -21.52, -17.72, -13.85, -9.914, -5.973, -1.85, 2.19, 6.152, 9.73, 12.88, 15.445, 17.73, 19.38, 20.62, 21.3, 21.36, 20.78, 19.62, 17.78, 15.484, 12.92, 10.26, 7.71, 5.44, 3.707, 2.395, 1.56, 1.081, 0.8164, 0.652, 0.426, 0.2322, 0.1942, 0.1071, -0.166, -0.802, -1.893, -3.45, -5.09, -6.81, -8.45, -9.77, -10.62, -10.695, -9.78, -7.74, -4.594, -0.578, 3.994, 8.69, 13.016, 16.39, 18.39, 18.69, 17.56, 15.45, 12.914, 10.445, 8.125, 5.88, 3.63, 1.616, 0.1599, -0.3918, 0.04007, 1.181
1.891, 3.096, 3.672, 3.477, 2.617, 1.223, -0.4907, -1.966, -2.686, -2.475, -1.47, -0.0793, 1.383, 2.617, 3.385, 3.486, 2.91, 1.847, 0.6235, -0.51, -1.451, -2.223, -2.803, -2.947, -2.494, -1.384, 0.1848, 1.897, 3.568, 5.055, 6.258, 7.215, 7.883, 8.33, 8.664, 8.84, 8.72, 8.13, 7.176, 5.99, 4.73, 3.379, 1.946, 0.5317, -0.7456, -1.78, -2.668, -3.457, -4.0, -3.904, -2.88, -1.086, 0.913, 2.453, 3.176, 3.127, 2.564, 1.629, 0.3433, -1.237, -2.986, -4.688, -6.164, -7.355, -8.305, -8.984, -9.37, -9.46, -9.27, -8.77, -8.09, -7.324, -6.785, -6.605, -6.992, -7.863, -9.29, -11.11, -13.26, -15.7, -18.27, -21.05, -23.77, -26.06, -27.36, -27.47, -26.45, -24.25, -21.16, -17.22, -12.484, -7.152, -1.875, 2.613, 5.984, 8.18, 9.36, 9.69, 9.39, 8.664, 7.656, 6.695, 5.98, 5.49, 5.062, 4.52, 3.852, 3.215, 2.78, 2.473, 2.06, 1.321, 0.2144, -1.338, -3.197, -5.266, -7.6, -10.22, -12.9, -15.68, -18.47, -21.2, -23.89, -26.44, -28.72, -30.66, -32.0, -32.56, -32.47, -32.03, -31.31, -30.19, -28.48, -26.14, -23.1, -19.5, -15.766, -11.945, -7.984, -3.797, 0.4482, 4.508, 8.09, 11.36, 14.11, 16.45, 18.34, 19.8, 20.52, 20.72, 20.23, 19.16, 17.45, 15.305, 12.836, 10.19, 7.5, 5.055, 3.008, 1.446, 0.465, -0.1054, -0.4153, -0.627, -0.842, -0.9346, -0.8647, -0.8003, -0.9053, -1.419, -2.516, -4.074, -5.78, -7.51, -9.13, -10.42, -11.2, -11.164, -10.01, -7.727, -4.42, -0.3315, 4.17, 8.83, 13.06, 16.4, 18.38, 18.83, 17.8, 15.75, 13.3, 10.77, 8.375, 5.95, 3.53, 1.347, -0.306, -1.043, -0.724, 0.4526
1.293, 2.672, 3.38, 3.262, 2.459, 1.132, -0.4417, -1.781, -2.404, -2.117, -1.062, 0.4148, 1.952, 3.305, 4.17, 4.406, 3.953, 2.967, 1.699, 0.3945, -0.756, -1.689, -2.336, -2.559, -2.281, -1.501, -0.296, 1.165, 2.744, 4.316, 5.676, 6.758, 7.523, 7.996, 8.305, 8.47, 8.35, 7.773, 6.81, 5.58, 4.266, 2.889, 1.505, 0.1333, -1.06, -1.9375, -2.613, -3.25, -3.74, -3.658, -2.652, -0.867, 1.176, 2.781, 3.55, 3.527, 3.008, 2.145, 0.9414, -0.541, -2.227, -3.959, -5.57, -6.977, -8.125, -9.0, -9.51, -9.766, -9.76, -9.44, -8.91, -8.14, -7.523, -7.293, -7.625, -8.42, -9.8, -11.6, -13.71, -16.11, -18.58, -21.2, -23.72, -25.88, -27.27, -27.39, -26.22, -23.9, -20.73, -16.66, -11.72, -6.277, -1.039, 3.383, 6.54, 8.48, 9.51, 9.81, 9.55, 8.88, 7.93, 6.945, 6.168, 5.742, 5.43, 5.06, 4.617, 4.1, 3.637, 3.238, 2.754, 2.008, 0.9854, -0.4338, -2.22, -4.305, -6.594, -9.086, -11.74, -14.55, -17.4, -20.16, -22.86, -25.52, -28.08, -30.27, -31.92, -32.72, -32.9, -32.6, -31.89, -30.81, -29.33, -27.12, -24.48, -21.19, -17.69, -13.93, -9.92, -5.707, -1.422, 2.725, 6.477, 9.87, 12.8, 15.37, 17.47, 19.1, 19.98, 20.36, 19.9, 19.0, 17.38, 15.39, 12.92, 10.21, 7.504, 4.934, 2.725, 1.058, -0.0587, -0.7046, -1.044, -1.213, -1.371, -1.439, -1.376, -1.269, -1.367, -1.982, -3.197, -4.867, -6.78, -8.53, -10.13, -11.414, -12.13, -11.97, -10.62, -8.15, -4.69, -0.5337, 4.047, 8.63, 12.86, 16.22, 18.3, 18.86, 18.02, 16.05, 13.57, 10.914, 8.31, 5.73, 3.18, 0.8877, -0.8657, -1.698, -1.45, -0.2837
0.791, 2.291, 3.086, 3.05, 2.295, 1.051, -0.347, -1.498, -2.002, -1.699, -0.637, 0.9097, 2.557, 4.03, 5.016, 5.355, 4.957, 3.96, 2.607, 1.136, -0.1954, -1.241, -1.9, -2.15, -2.012, -1.534, -0.691, 0.5005, 1.99, 3.656, 5.2, 6.42, 7.223, 7.63, 7.81, 7.824, 7.64, 7.086, 6.21, 5.06, 3.844, 2.53, 1.172, -0.1582, -1.289, -2.082, -2.625, -3.143, -3.535, -3.42, -2.47, -0.744, 1.258, 2.88, 3.7, 3.746, 3.299, 2.514, 1.426, 0.05835, -1.561, -3.322, -5.105, -6.78, -8.15, -9.18, -9.766, -10.08, -10.12, -10.03, -9.68, -9.14, -8.6, -8.39, -8.69, -9.39, -10.484, -12.03, -13.93, -16.28, -18.72, -21.25, -23.72, -25.77, -27.1, -27.34, -26.16, -23.67, -20.17, -15.836, -10.74, -5.258, -0.1357, 4.027, 6.92, 8.63, 9.51, 9.85, 9.695, 9.15, 8.31, 7.367, 6.586, 6.15, 5.91, 5.652, 5.348, 4.918, 4.453, 3.926, 3.328, 2.621, 1.74, 0.4944, -1.149, -3.152, -5.414, -7.88, -10.516, -13.27, -16.22, -19.0, -21.77, -24.52, -27.2, -29.55, -31.53, -32.75, -33.22, -33.0, -32.4, -31.42, -30.02, -28.06, -25.56, -22.64, -19.38, -15.77, -11.83, -7.7, -3.447, 0.7534, 4.7, 8.195, 11.35, 14.26, 16.64, 18.58, 19.77, 20.3, 20.03, 19.19, 17.69, 15.69, 13.23, 10.51, 7.812, 5.297, 3.105, 1.401, 0.248, -0.4368, -0.8545, -1.06, -1.23, -1.313, -1.281, -1.328, -1.639, -2.516, -3.98, -5.863, -7.9, -9.7, -11.24, -12.54, -13.21, -12.914, -11.47, -8.945, -5.414, -1.2, 3.45, 8.125, 12.39, 15.87, 18.12, 18.84, 18.11, 16.17, 13.54, 10.71, 7.902, 5.176, 2.564, 0.2656, -1.478, -2.338, -2.072, -0.8774
0.2827, 1.867, 2.713, 2.742, 2.084, 0.9565, -0.2886, -1.273, -1.686, -1.339, -0.24, 1.379, 3.174, 4.76, 5.82, 6.207, 5.832, 4.836, 3.432, 1.859, 0.3843, -0.7456, -1.417, -1.71, -1.707, -1.452, -0.882, 0.1017, 1.488, 3.164, 4.766, 6.027, 6.805, 7.117, 7.12, 6.977, 6.707, 6.18, 5.41, 4.43, 3.332, 2.098, 0.7476, -0.6123, -1.746, -2.516, -3.004, -3.38, -3.625, -3.406, -2.422, -0.684, 1.3125, 2.969, 3.88, 4.027, 3.664, 2.898, 1.85, 0.5703, -0.984, -2.719, -4.57, -6.453, -8.11, -9.34, -10.0, -10.31, -10.48, -10.58, -10.484, -10.22, -9.99, -9.92, -10.15, -10.57, -11.28, -12.45, -14.17, -16.39, -18.92, -21.5, -23.8, -25.8, -27.03, -27.28, -26.0, -23.38, -19.6, -14.92, -9.64, -4.188, 0.752, 4.63, 7.285, 8.81, 9.64, 9.984, 9.86, 9.41, 8.68, 7.84, 7.17, 6.742, 6.53, 6.37, 6.11, 5.742, 5.254, 4.64, 3.953, 3.256, 2.48, 1.347, -0.212, -2.156, -4.395, -6.816, -9.44, -12.125, -15.03, -17.94, -20.73, -23.38, -26.12, -28.67, -30.84, -32.44, -33.25, -33.4, -33.0, -32.12, -30.83, -28.98, -26.7, -23.97, -20.86, -17.42, -13.664, -9.555, -5.375, -1.265, 2.729, 6.383, 9.87, 13.05, 15.78, 17.98, 19.53, 20.33, 20.33, 19.67, 18.31, 16.34, 13.9, 11.22, 8.63, 6.305, 4.242, 2.645, 1.473, 0.664, 0.09247, -0.2622, -0.5273, -0.741, -0.9067, -1.238, -1.93, -3.18, -4.965, -7.03, -9.164, -10.94, -12.445, -13.63, -14.22, -13.89, -12.51, -9.96, -6.363, -2.025, 2.674, 7.387, 11.734, 15.31, 17.64, 18.52, 17.86, 15.85, 13.1, 10.0, 7.03, 4.234, 1.653, -0.5674, -2.191, -2.955, -2.674, -1.447
-0.3044, 1.311, 2.201, 2.287, 1.715, 0.729, -0.3293, -1.17, -1.514, -1.103, 0.0611, 1.801, 3.748, 5.434, 6.535, 6.914, 6.54, 5.586, 4.24, 2.713, 1.21, -0.02055, -0.826, -1.268, -1.416, -1.304, -0.9023, -0.05914, 1.228, 2.793, 4.305, 5.457, 6.176, 6.438, 6.37, 6.13, 5.758, 5.26, 4.586, 3.729, 2.727, 1.551, 0.1879, -1.225, -2.418, -3.225, -3.725, -3.998, -4.055, -3.635, -2.482, -0.661, 1.398, 3.154, 4.266, 4.59, 4.254, 3.424, 2.328, 1.049, -0.4202, -2.037, -3.863, -5.86, -7.723, -9.17, -10.05, -10.58, -10.91, -11.23, -11.375, -11.4, -11.44, -11.57, -11.72, -11.89, -12.26, -13.12, -14.72, -16.9, -19.45, -21.97, -24.16, -25.98, -27.11, -27.17, -25.73, -22.9, -18.8, -13.94, -8.59, -3.236, 1.48, 5.13, 7.62, 9.164, 10.055, 10.36, 10.195, 9.72, 9.04, 8.31, 7.76, 7.41, 7.184, 7.125, 6.938, 6.598, 6.105, 5.445, 4.727, 4.016, 3.303, 2.227, 0.6924, -1.262, -3.5, -5.867, -8.375, -10.98, -13.766, -16.62, -19.52, -22.25, -24.94, -27.48, -29.83, -31.75, -33.1, -33.62, -33.47, -32.72, -31.45, -29.78, -27.7, -25.08, -22.17, -18.81, -15.29, -11.33, -7.285, -3.244, 0.8076, 4.582, 8.234, 11.69, 14.7, 17.27, 19.17, 20.31, 20.72, 20.38, 19.17, 17.33, 15.055, 12.47, 10.06, 7.95, 6.11, 4.598, 3.422, 2.404, 1.597, 0.954, 0.4246, -0.0574, -0.5806, -1.302, -2.465, -4.137, -6.176, -8.35, -10.516, -12.31, -13.72, -14.74, -15.195, -14.875, -13.55, -10.98, -7.254, -2.805, 2.014, 6.758, 11.09, 14.53, 16.9, 17.75, 17.06, 15.0, 12.08, 8.875, 5.812, 3.006, 0.54, -1.539, -3.002, -3.672, -3.336, -2.064
-1.044, 0.633, 1.597, 1.758, 1.275, 0.41, -0.481, -1.171, -1.411, -0.8955, 0.4075, 2.242, 4.24, 5.973, 7.094, 7.477, 7.14, 6.28, 5.094, 3.7, 2.23, 0.8965, -0.1282, -0.821, -1.176, -1.172, -0.83, -0.09705, 1.01, 2.328, 3.627, 4.652, 5.36, 5.68, 5.688, 5.445, 5.047, 4.535, 3.904, 3.107, 2.129, 0.9795, -0.3716, -1.813, -3.076, -4.008, -4.566, -4.797, -4.633, -3.922, -2.56, -0.628, 1.507, 3.395, 4.723, 5.22, 4.9, 3.963, 2.758, 1.484, 0.1368, -1.336, -3.082, -5.06, -7.055, -8.74, -9.945, -10.81, -11.43, -11.9, -12.23, -12.45, -12.68, -12.9, -13.016, -13.13, -13.414, -14.164, -15.7, -17.86, -20.3, -22.62, -24.61, -26.16, -27.0, -26.8, -25.14, -21.95, -17.7, -12.766, -7.453, -2.23, 2.293, 5.84, 8.36, 9.91, 10.79, 10.95, 10.664, 10.055, 9.375, 8.75, 8.32, 8.04, 7.887, 7.875, 7.816, 7.562, 7.07, 6.316, 5.543, 4.805, 4.05, 3.008, 1.454, -0.52, -2.758, -5.055, -7.41, -9.875, -12.62, -15.43, -18.3, -21.05, -23.77, -26.38, -28.8, -30.97, -32.56, -33.44, -33.62, -33.25, -32.16, -30.66, -28.56, -26.1, -23.34, -20.12, -16.73, -13.03, -9.125, -5.08, -1.032, 2.896, 6.605, 10.14, 13.36, 16.23, 18.5, 20.06, 20.95, 20.95, 20.12, 18.55, 16.42, 14.12, 11.984, 10.13, 8.56, 7.133, 5.88, 4.582, 3.414, 2.426, 1.583, 0.7314, -0.2429, -1.473, -3.129, -5.164, -7.48, -9.875, -12.06, -13.836, -15.16, -15.99, -16.27, -15.9, -14.38, -11.71, -7.918, -3.373, 1.464, 6.137, 10.24, 13.555, 15.734, 16.47, 15.73, 13.58, 10.664, 7.457, 4.402, 1.696, -0.6978, -2.66, -3.994, -4.535, -4.145, -2.838
-1.894, -0.16, 0.939, 1.265, 0.9204, 0.1796, -0.6416, -1.212, -1.291, -0.6533, 0.7554, 2.654, 4.684, 6.406, 7.535, 7.918, 7.637, 6.902, 5.887, 4.652, 3.23, 1.782, 0.532, -0.3943, -0.9424, -1.061, -0.776, -0.1779, 0.6914, 1.713, 2.768, 3.686, 4.426, 4.902, 5.098, 5.008, 4.645, 4.105, 3.447, 2.643, 1.666, 0.4966, -0.873, -2.33, -3.629, -4.633, -5.27, -5.41, -5.016, -4.043, -2.479, -0.5083, 1.604, 3.527, 4.996, 5.645, 5.355, 4.35, 3.031, 1.72, 0.4724, -0.8345, -2.465, -4.383, -6.4, -8.27, -9.84, -11.05, -11.89, -12.53, -12.98, -13.36, -13.63, -13.87, -14.03, -14.164, -14.57, -15.445, -16.95, -18.98, -21.23, -23.25, -24.98, -26.34, -26.84, -26.23, -24.28, -20.8, -16.33, -11.336, -6.133, -1.09, 3.326, 6.805, 9.3, 10.82, 11.61, 11.625, 11.125, 10.39, 9.73, 9.26, 8.94, 8.73, 8.625, 8.625, 8.64, 8.43, 7.94, 7.137, 6.254, 5.473, 4.652, 3.605, 2.09, 0.1636, -1.977, -4.164, -6.375, -8.664, -11.29, -14.195, -17.19, -20.16, -22.81, -25.45, -27.83, -29.97, -31.81, -32.97, -33.5, -33.25, -32.47, -31.06, -29.23, -26.9, -24.3, -21.25, -18.03, -14.43, -10.58, -6.668, -2.629, 1.321, 5.14, 8.7, 12.05, 15.055, 17.64, 19.61, 20.97, 21.44, 21.03, 19.81, 18.08, 16.11, 14.3, 12.72, 11.31, 9.93, 8.51, 6.945, 5.5, 4.188, 3.0, 1.783, 0.373, -1.391, -3.594, -6.066, -8.76, -11.41, -13.73, -15.586, -16.8, -17.42, -17.48, -16.83, -15.06, -12.19, -8.28, -3.652, 1.095, 5.55, 9.37, 12.35, 14.29, 14.87, 14.01, 11.92, 9.055, 5.945, 2.982, 0.2783, -2.08, -3.9, -5.105, -5.492, -5.035, -3.682
-2.844, -1.0, 0.3293, 0.9224, 0.76, 0.1318, -0.657, -1.227, -1.213, -0.4773, 1.003, 2.967, 5.06, 6.832, 7.984, 8.4, 8.17, 7.49, 6.55, 5.402, 4.035, 2.545, 1.1455, 0.05478, -0.619, -0.8677, -0.7476, -0.3572, 0.2448, 0.9946, 1.87, 2.762, 3.582, 4.25, 4.656, 4.71, 4.383, 3.773, 3.031, 2.178, 1.146, -0.0672, -1.441, -2.842, -4.105, -5.113, -5.703, -5.723, -5.1, -3.9, -2.264, -0.3916, 1.565, 3.451, 4.965, 5.7, 5.473, 4.453, 3.064, 1.688, 0.509, -0.689, -2.178, -3.951, -5.92, -7.938, -9.766, -11.2, -12.33, -13.11, -13.664, -14.13, -14.445, -14.66, -14.87, -15.13, -15.76, -16.78, -18.28, -20.02, -21.89, -23.61, -25.17, -26.38, -26.56, -25.6, -23.2, -19.55, -14.92, -9.87, -4.777, 0.2432, 4.516, 7.906, 10.305, 11.7, 12.33, 12.12, 11.54, 10.87, 10.305, 10.0, 9.79, 9.61, 9.51, 9.43, 9.42, 9.2, 8.625, 7.72, 6.73, 5.848, 4.938, 3.928, 2.514, 0.7246, -1.235, -3.232, -5.22, -7.45, -9.984, -12.93, -16.06, -19.14, -21.94, -24.48, -26.83, -29.02, -30.83, -32.16, -32.84, -32.97, -32.47, -31.33, -29.67, -27.64, -25.11, -22.27, -19.14, -15.68, -11.93, -7.992, -3.982, -0.0727, 3.727, 7.246, 10.63, 13.75, 16.64, 18.92, 20.61, 21.55, 21.67, 20.94, 19.7, 18.19, 16.7, 15.414, 14.19, 12.875, 11.39, 9.66, 7.94, 6.316, 4.758, 3.15, 1.244, -1.063, -3.795, -6.707, -9.79, -12.695, -15.26, -17.25, -18.53, -18.97, -18.64, -17.6, -15.586, -12.62, -8.63, -4.086, 0.516, 4.734, 8.27, 10.98, 12.695, 13.12, 12.18, 10.15, 7.42, 4.387, 1.414, -1.329, -3.717, -5.465, -6.492, -6.668, -6.07, -4.69
-3.842, -1.8125, -0.1835, 0.7305, 0.785, 0.2334, -0.5464, -1.169, -1.211, -0.4841, 1.018, 3.06, 5.26, 7.188, 8.47, 8.99, 8.8, 8.12, 7.15, 5.973, 4.664, 3.197, 1.775, 0.5845, -0.2104, -0.617, -0.701, -0.5405, -0.1887, 0.3484, 1.102, 2.004, 2.94, 3.748, 4.285, 4.383, 4.047, 3.367, 2.518, 1.549, 0.439, -0.824, -2.197, -3.512, -4.637, -5.492, -5.926, -5.766, -4.965, -3.623, -2.006, -0.3025, 1.494, 3.25, 4.684, 5.418, 5.25, 4.285, 2.922, 1.58, 0.4233, -0.751, -2.137, -3.766, -5.652, -7.65, -9.58, -11.266, -12.625, -13.625, -14.336, -14.86, -15.234, -15.46, -15.81, -16.3, -17.05, -18.11, -19.52, -20.95, -22.44, -23.97, -25.39, -26.34, -26.36, -25.1, -22.19, -18.27, -13.49, -8.36, -3.223, 1.663, 5.84, 9.05, 11.17, 12.3, 12.65, 12.41, 11.89, 11.445, 11.2, 11.086, 10.97, 10.695, 10.516, 10.35, 10.2, 9.87, 9.195, 8.14, 7.01, 6.043, 5.105, 4.098, 2.846, 1.237, -0.5347, -2.291, -4.098, -6.215, -8.734, -11.69, -14.89, -18.08, -21.02, -23.58, -25.89, -28.02, -29.84, -31.17, -32.0, -32.25, -32.03, -31.22, -29.92, -28.17, -25.83, -23.27, -20.19, -16.88, -13.15, -9.28, -5.18, -1.26, 2.447, 5.973, 9.42, 12.58, 15.51, 18.06, 20.08, 21.4, 22.03, 21.88, 21.11, 20.06, 19.0, 18.0, 16.98, 15.77, 14.336, 12.56, 10.59, 8.664, 6.734, 4.723, 2.299, -0.531, -3.773, -7.242, -10.695, -13.94, -16.8, -18.97, -20.22, -20.48, -19.81, -18.4, -16.12, -13.0, -9.12, -4.77, -0.3218, 3.754, 7.15, 9.734, 11.23, 11.39, 10.31, 8.234, 5.53, 2.604, -0.3735, -3.164, -5.56, -7.234, -8.016, -7.977, -7.203, -5.77
-4.855, -2.58, -0.6543, 0.5303, 0.838, 0.357, -0.4363, -1.077, -1.217, -0.632, 0.7915, 2.836, 5.156, 7.293, 8.836, 9.555, 9.45, 8.77, 7.74, 6.535, 5.26, 3.883, 2.518, 1.301, 0.3333, -0.3267, -0.673, -0.7065, -0.513, -0.077, 0.608, 1.488, 2.422, 3.234, 3.762, 3.852, 3.52, 2.848, 1.959, 0.8623, -0.366, -1.699, -3.062, -4.273, -5.234, -5.895, -6.086, -5.74, -4.793, -3.414, -1.848, -0.2603, 1.406, 3.03, 4.35, 5.07, 4.93, 4.03, 2.764, 1.524, 0.4102, -0.7075, -1.993, -3.545, -5.375, -7.375, -9.36, -11.25, -12.81, -14.06, -15.01, -15.75, -16.28, -16.61, -17.06, -17.6, -18.44, -19.52, -20.64, -21.8, -23.0, -24.38, -25.66, -26.53, -26.23, -24.6, -21.38, -17.11, -12.12, -6.8, -1.506, 3.24, 7.125, 9.93, 11.67, 12.555, 12.82, 12.68, 12.4, 12.25, 12.34, 12.39, 12.305, 12.05, 11.73, 11.42, 11.055, 10.58, 9.73, 8.52, 7.215, 6.125, 5.207, 4.246, 3.098, 1.662, 0.1504, -1.446, -3.086, -5.055, -7.46, -10.34, -13.516, -16.69, -19.72, -22.42, -24.83, -26.98, -28.77, -30.23, -31.19, -31.61, -31.52, -31.0, -30.05, -28.58, -26.53, -24.08, -21.12, -17.88, -14.25, -10.34, -6.4, -2.482, 1.195, 4.7, 8.14, 11.38, 14.45, 17.19, 19.39, 21.05, 22.08, 22.5, 22.28, 21.75, 21.05, 20.33, 19.69, 18.62, 17.25, 15.41, 13.25, 11.04, 8.7, 6.23, 3.316, 0.01181, -3.732, -7.715, -11.57, -15.09, -18.12, -20.38, -21.62, -21.67, -20.77, -19.1, -16.64, -13.43, -9.664, -5.484, -1.196, 2.729, 6.027, 8.48, 9.69, 9.59, 8.2, 5.996, 3.252, 0.3777, -2.553, -5.26, -7.57, -9.06, -9.6, -9.36, -8.44, -6.91
-5.844, -3.309, -1.091, 0.2747, 0.742, 0.3933, -0.3635, -1.006, -1.229, -0.788, 0.4985, 2.451, 4.758, 7.04, 8.83, 9.805, 9.9, 9.29, 8.27, 7.113, 5.934, 4.703, 3.416, 2.13, 0.9365, -0.017, -0.647, -0.873, -0.744, -0.3247, 0.3354, 1.112, 1.898, 2.55, 2.951, 3.008, 2.754, 2.22, 1.371, 0.2512, -1.053, -2.443, -3.799, -4.934, -5.742, -6.227, -6.246, -5.766, -4.77, -3.42, -1.893, -0.348, 1.253, 2.803, 4.09, 4.76, 4.617, 3.83, 2.75, 1.681, 0.6743, -0.4023, -1.643, -3.154, -4.977, -6.973, -9.09, -11.14, -12.92, -14.53, -15.805, -16.81, -17.53, -18.02, -18.5, -19.1, -20.0, -21.05, -21.92, -22.77, -23.77, -24.92, -26.1, -26.7, -26.14, -24.02, -20.48, -15.83, -10.555, -5.03, 0.3042, 4.867, 8.55, 10.95, 12.4, 13.11, 13.28, 13.34, 13.36, 13.43, 13.66, 13.81, 13.695, 13.375, 12.97, 12.57, 12.055, 11.375, 10.336, 8.98, 7.598, 6.42, 5.492, 4.55, 3.445, 2.1, 0.717, -0.755, -2.314, -4.098, -6.39, -9.06, -12.08, -15.195, -18.3, -21.08, -23.6, -25.84, -27.69, -29.25, -30.23, -30.94, -31.02, -30.69, -29.92, -28.61, -26.86, -24.61, -21.9, -18.75, -15.32, -11.56, -7.754, -3.912, -0.2213, 3.338, 6.824, 10.21, 13.336, 16.16, 18.6, 20.56, 21.98, 22.95, 23.23, 23.14, 22.8, 22.47, 21.92, 21.19, 19.94, 18.06, 15.72, 13.125, 10.414, 7.53, 4.15, 0.3682, -3.902, -8.336, -12.52, -16.17, -19.2, -21.36, -22.44, -22.39, -21.38, -19.48, -16.89, -13.75, -10.04, -5.953, -1.869, 1.906, 5.113, 7.297, 8.17, 7.695, 5.984, 3.5, 0.6606, -2.227, -5.055, -7.65, -9.8, -11.055, -11.37, -10.9, -9.81, -8.09
-6.88, -4.086, -1.599, -0.0351, 0.507, 0.2502, -0.4177, -0.998, -1.219, -0.8765, 0.2524, 2.062, 4.27, 6.504, 8.375, 9.55, 9.875, 9.46, 8.6, 7.574, 6.57, 5.543, 4.375, 3.016, 1.564, 0.2957, -0.6113, -1.012, -0.927, -0.518, 0.0791, 0.731, 1.309, 1.7295, 1.936, 1.959, 1.828, 1.495, 0.816, -0.2152, -1.5205, -2.918, -4.242, -5.305, -6.047, -6.457, -6.46, -5.97, -5.0, -3.684, -2.146, -0.529, 1.122, 2.645, 3.834, 4.414, 4.277, 3.643, 2.771, 1.922, 1.049, 0.002811, -1.289, -2.861, -4.68, -6.695, -8.875, -11.12, -13.11, -14.96, -16.56, -17.86, -18.8, -19.45, -20.0, -20.69, -21.52, -22.39, -23.22, -23.95, -24.73, -25.69, -26.6, -26.69, -25.66, -23.06, -19.19, -14.22, -8.77, -3.074, 2.312, 6.81, 10.12, 12.24, 13.445, 14.03, 14.27, 14.49, 14.7, 14.84, 15.03, 15.13, 14.96, 14.56, 14.03, 13.52, 12.9, 12.06, 10.914, 9.47, 8.05, 6.875, 5.934, 5.008, 3.916, 2.63, 1.284, -0.111, -1.648, -3.34, -5.453, -7.914, -10.76, -13.82, -16.84, -19.73, -22.28, -24.56, -26.5, -28.22, -29.34, -30.17, -30.47, -30.2, -29.48, -28.31, -26.77, -24.7, -22.39, -19.6, -16.45, -12.914, -9.234, -5.47, -1.831, 1.777, 5.414, 8.87, 12.07, 15.016, 17.66, 19.86, 21.7, 23.1, 23.89, 24.19, 24.17, 24.11, 23.89, 23.3, 22.11, 20.25, 17.7, 14.805, 11.69, 8.37, 4.637, 0.415, -4.26, -9.07, -13.45, -17.1, -19.95, -21.83, -22.7, -22.5, -21.38, -19.38, -16.77, -13.6, -9.92, -5.97, -2.049, 1.516, 4.387, 6.176, 6.688, 5.773, 3.691, 0.9473, -2.012, -4.953, -7.7, -10.12, -12.06, -13.125, -13.25, -12.61, -11.32, -9.445
-7.973, -4.832, -2.176, -0.452, 0.1528, -0.03174, -0.582, -1.054, -1.163, -0.803, 0.2098, 1.843, 3.887, 5.945, 7.703, 8.92, 9.42, 9.24, 8.6, 7.824, 7.03, 6.207, 5.137, 3.736, 2.117, 0.6006, -0.5137, -1.051, -1.0625, -0.7373, -0.2554, 0.2277, 0.5977, 0.8457, 0.95, 0.9756, 0.9575, 0.8213, 0.3313, -0.5615, -1.771, -3.113, -4.406, -5.49, -6.246, -6.68, -6.68, -6.227, -5.285, -3.951, -2.371, -0.641, 1.055, 2.518, 3.545, 3.922, 3.752, 3.273, 2.654, 2.023, 1.277, 0.25, -1.085, -2.78, -4.688, -6.766, -8.96, -11.19, -13.33, -15.336, -17.19, -18.77, -19.97, -20.84, -21.45, -22.12, -22.88, -23.72, -24.39, -25.02, -25.66, -26.38, -26.83, -26.44, -24.88, -21.69, -17.44, -12.234, -6.574, -0.814, 4.42, 8.76, 11.77, 13.64, 14.78, 15.38, 15.8, 16.16, 16.4, 16.47, 16.5, 16.4, 16.02, 15.47, 14.85, 14.22, 13.45, 12.484, 11.28, 9.83, 8.47, 7.348, 6.367, 5.44, 4.324, 3.068, 1.779, 0.4702, -0.9727, -2.613, -4.56, -6.82, -9.39, -12.27, -15.234, -18.1, -20.69, -23.05, -25.17, -27.03, -28.39, -29.27, -29.53, -29.34, -28.7, -27.64, -26.3, -24.56, -22.55, -20.11, -17.33, -14.15, -10.75, -7.12, -3.553, 0.09247, 3.73, 7.215, 10.52, 13.56, 16.36, 18.9, 21.08, 22.88, 24.0, 24.64, 25.02, 25.16, 25.16, 24.7, 23.6, 21.69, 19.05, 15.86, 12.52, 8.98, 4.977, 0.429, -4.61, -9.65, -14.11, -17.69, -20.25, -21.83, -22.5, -22.19, -20.94, -18.86, -16.19, -12.93, -9.234, -5.4, -1.744, 1.391, 3.781, 5.047, 5.066, 3.822, 1.483, -1.448, -4.59, -7.594, -10.33, -12.625, -14.33, -15.15, -15.12, -14.37, -12.91, -10.78
-8.88, -5.543, -2.715, -0.878, -0.1841, -0.303, -0.746, -1.096, -1.104, -0.6406, 0.3657, 1.856, 3.66, 5.45, 7.016, 8.17, 8.77, 8.78, 8.35, 7.766, 7.19, 6.555, 5.63, 4.293, 2.645, 1.0205, -0.2069, -0.8887, -1.071, -0.9644, -0.6953, -0.3987, -0.1592, 0.0381, 0.1545, 0.226, 0.2878, 0.2465, -0.1238, -0.9126, -2.018, -3.291, -4.54, -5.664, -6.508, -6.953, -6.9, -6.37, -5.387, -4.008, -2.377, -0.644, 1.015, 2.334, 3.11, 3.299, 3.111, 2.771, 2.383, 1.943, 1.288, 0.229, -1.215, -2.982, -4.918, -6.96, -9.1, -11.26, -13.46, -15.55, -17.56, -19.34, -20.88, -22.03, -22.8, -23.42, -24.11, -24.78, -25.34, -25.89, -26.44, -26.9, -26.94, -26.02, -23.73, -20.08, -15.4, -9.9, -4.09, 1.568, 6.516, 10.5, 13.33, 15.055, 16.19, 16.94, 17.58, 17.98, 18.2, 18.16, 17.94, 17.58, 16.98, 16.19, 15.336, 14.555, 13.62, 12.52, 11.28, 9.84, 8.625, 7.57, 6.633, 5.72, 4.605, 3.39, 2.197, 1.014, -0.2698, -1.789, -3.621, -5.746, -8.125, -10.73, -13.51, -16.33, -18.92, -21.34, -23.61, -25.56, -27.03, -28.03, -28.31, -28.19, -27.62, -26.75, -25.56, -24.08, -22.44, -20.4, -18.08, -15.28, -12.17, -8.84, -5.312, -1.671, 1.865, 5.42, 8.7, 11.83, 14.74, 17.48, 19.97, 22.05, 23.45, 24.39, 24.98, 25.4, 25.58, 25.33, 24.31, 22.45, 19.77, 16.53, 13.03, 9.32, 5.2, 0.5137, -4.684, -9.87, -14.31, -17.73, -20.05, -21.48, -22.11, -21.75, -20.36, -18.12, -15.23, -11.81, -8.164, -4.477, -1.151, 1.497, 3.273, 3.957, 3.54, 1.975, -0.5454, -3.654, -6.992, -10.17, -12.98, -15.26, -16.78, -17.4, -17.16, -16.19, -14.43, -11.96
-9.64, -6.105, -3.16, -1.283, -0.488, -0.5107, -0.8896, -1.161, -1.08, -0.525, 0.5146, 1.947, 3.537, 5.094, 6.49, 7.582, 8.23, 8.35, 8.03, 7.55, 7.082, 6.59, 5.848, 4.7, 3.209, 1.643, 0.3704, -0.4702, -0.93, -1.133, -1.15, -1.042, -0.8394, -0.574, -0.39, -0.275, -0.1923, -0.263, -0.6406, -1.409, -2.441, -3.646, -4.863, -5.973, -6.79, -7.168, -6.945, -6.273, -5.195, -3.799, -2.197, -0.548, 0.926, 1.986, 2.506, 2.621, 2.498, 2.277, 2.06, 1.745, 1.113, 0.0686, -1.376, -3.133, -5.004, -7.008, -9.15, -11.3, -13.49, -15.61, -17.72, -19.77, -21.53, -22.89, -23.94, -24.72, -25.23, -25.69, -26.14, -26.6, -27.03, -27.27, -26.86, -25.34, -22.48, -18.28, -13.11, -7.387, -1.6455, 3.76, 8.43, 12.13, 14.75, 16.45, 17.58, 18.48, 19.2, 19.67, 19.84, 19.75, 19.34, 18.72, 17.92, 16.92, 15.81, 14.766, 13.59, 12.34, 11.06, 9.65, 8.47, 7.492, 6.53, 5.668, 4.652, 3.564, 2.525, 1.522, 0.383, -1.005, -2.674, -4.656, -6.883, -9.27, -11.875, -14.56, -17.16, -19.72, -21.92, -23.94, -25.47, -26.42, -26.84, -26.89, -26.47, -25.77, -24.8, -23.61, -22.17, -20.38, -18.38, -15.95, -13.28, -10.16, -6.883, -3.414, 0.079, 3.48, 6.67, 9.72, 12.664, 15.6, 18.23, 20.53, 22.12, 23.4, 24.22, 24.89, 25.28, 25.16, 24.28, 22.4, 19.8, 16.64, 13.195, 9.52, 5.414, 0.6294, -4.656, -9.76, -14.09, -17.3, -19.56, -21.02, -21.66, -21.27, -19.7, -17.17, -14.0, -10.5, -6.84, -3.371, -0.407, 1.742, 2.91, 3.043, 2.166, 0.3545, -2.365, -5.71, -9.3, -12.8, -15.83, -18.14, -19.47, -19.88, -19.33, -17.94, -15.875, -13.04
-10.33, -6.598, -3.543, -1.554, -0.6562, -0.6006, -0.916, -1.194, -1.141, -0.585, 0.4548, 1.817, 3.297, 4.715, 6.027, 7.117, 7.81, 7.977, 7.707, 7.258, 6.84, 6.445, 5.88, 4.98, 3.748, 2.352, 1.064, 0.04468, -0.6924, -1.226, -1.556, -1.601, -1.384, -1.039, -0.781, -0.6577, -0.664, -0.8486, -1.312, -2.11, -3.113, -4.242, -5.363, -6.36, -7.02, -7.207, -6.816, -5.99, -4.86, -3.48, -1.954, -0.514, 0.6953, 1.497, 1.843, 1.925, 1.9375, 1.887, 1.78, 1.53, 0.9307, -0.05655, -1.39, -3.027, -4.83, -6.797, -8.96, -11.234, -13.56, -15.78, -17.94, -20.05, -22.03, -23.69, -25.0, -25.88, -26.38, -26.64, -26.94, -27.33, -27.58, -27.52, -26.62, -24.53, -21.03, -16.31, -10.695, -4.85, 0.9546, 6.203, 10.555, 13.94, 16.38, 18.02, 19.08, 20.08, 20.8, 21.28, 21.45, 21.25, 20.73, 19.92, 18.84, 17.62, 16.28, 15.0, 13.6, 12.14, 10.78, 9.36, 8.18, 7.246, 6.3, 5.42, 4.523, 3.596, 2.793, 2.0, 1.074, -0.2224, -1.818, -3.64, -5.68, -7.883, -10.34, -12.94, -15.516, -18.16, -20.42, -22.33, -23.83, -24.73, -25.2, -25.36, -25.16, -24.8, -23.97, -22.97, -21.61, -20.05, -18.3, -16.2, -13.875, -11.13, -8.12, -4.945, -1.703, 1.428, 4.383, 7.332, 10.3, 13.2, 15.94, 18.31, 20.12, 21.67, 22.75, 23.62, 24.19, 24.22, 23.36, 21.66, 19.2, 16.31, 12.93, 9.37, 5.273, 0.524, -4.637, -9.5, -13.53, -16.6, -18.78, -20.34, -21.05, -20.61, -18.8, -15.99, -12.58, -8.984, -5.52, -2.346, 0.2866, 2.031, 2.75, 2.396, 1.072, -1.164, -4.29, -8.01, -12.05, -15.95, -19.16, -21.47, -22.56, -22.62, -21.72, -19.83, -17.28, -14.07
-11.12, -7.184, -3.988, -1.821, -0.756, -0.6045, -0.9023, -1.245, -1.269, -0.7915, 0.1632, 1.445, 2.828, 4.203, 5.51, 6.63, 7.39, 7.633, 7.44, 7.047, 6.695, 6.383, 5.938, 5.234, 4.184, 2.922, 1.633, 0.4932, -0.4714, -1.26, -1.802, -1.971, -1.789, -1.438, -1.176, -1.107, -1.251, -1.584, -2.105, -2.895, -3.848, -4.855, -5.84, -6.65, -7.125, -7.09, -6.547, -5.65, -4.55, -3.266, -1.886, -0.619, 0.3486, 0.909, 1.132, 1.231, 1.386, 1.523, 1.52, 1.312, 0.781, -0.12445, -1.326, -2.746, -4.36, -6.258, -8.516, -11.05, -13.66, -16.11, -18.3, -20.34, -22.34, -24.25, -25.77, -26.8, -27.36, -27.67, -27.81, -27.94, -28.03, -27.62, -26.16, -23.44, -19.34, -14.125, -8.2, -2.168, 3.547, 8.54, 12.63, 15.914, 18.22, 19.92, 21.02, 21.83, 22.58, 23.0, 23.03, 22.66, 21.95, 20.92, 19.61, 18.2, 16.67, 15.234, 13.766, 12.13, 10.66, 9.27, 8.055, 7.09, 6.16, 5.273, 4.387, 3.574, 2.957, 2.363, 1.59, 0.4817, -0.9473, -2.621, -4.477, -6.52, -8.82, -11.4, -14.12, -16.7, -18.94, -20.67, -22.08, -22.94, -23.45, -23.73, -23.77, -23.58, -22.98, -22.12, -20.89, -19.4, -17.84, -16.08, -14.1, -11.766, -9.086, -6.18, -3.307, -0.4824, 2.266, 4.98, 7.715, 10.52, 13.2, 15.664, 17.69, 19.34, 20.67, 21.78, 22.48, 22.48, 21.8, 20.2, 18.03, 15.4, 12.37, 8.97, 5.023, 0.395, -4.64, -9.25, -13.01, -15.83, -17.98, -19.55, -20.2, -19.55, -17.53, -14.42, -10.875, -7.367, -4.145, -1.281, 1.07, 2.535, 2.92, 2.133, 0.2659, -2.64, -6.336, -10.734, -15.375, -19.66, -22.92, -25.02, -25.88, -25.5, -24.11, -21.83, -18.69, -15.125
-11.87, -7.746, -4.426, -2.143, -0.9424, -0.662, -0.9097, -1.332, -1.443, -1.058, -0.194, 0.982, 2.283, 3.605, 4.87, 5.992, 6.8, 7.156, 7.113, 6.9, 6.67, 6.473, 6.13, 5.516, 4.527, 3.307, 2.016, 0.791, -0.322, -1.279, -1.936, -2.215, -2.113, -1.874, -1.714, -1.744, -2.002, -2.42, -2.95, -3.65, -4.496, -5.35, -6.17, -6.777, -7.043, -6.9, -6.336, -5.504, -4.53, -3.408, -2.129, -0.945, -0.0862, 0.339, 0.494, 0.6035, 0.838, 1.109, 1.197, 1.036, 0.5356, -0.2715, -1.296, -2.488, -3.94, -5.8, -8.14, -10.88, -13.69, -16.38, -18.67, -20.75, -22.75, -24.6, -26.28, -27.44, -28.14, -28.4, -28.55, -28.53, -28.3, -27.28, -25.31, -21.98, -17.44, -11.805, -5.477, 0.591, 6.145, 10.96, 14.93, 18.05, 20.39, 22.05, 23.22, 24.03, 24.55, 24.78, 24.58, 23.94, 22.94, 21.64, 20.12, 18.61, 17.02, 15.5, 13.98, 12.34, 10.83, 9.45, 8.24, 7.26, 6.33, 5.406, 4.52, 3.713, 3.145, 2.627, 1.966, 0.999, -0.2257, -1.743, -3.457, -5.31, -7.52, -10.04, -12.664, -15.26, -17.48, -19.11, -20.4, -21.14, -21.67, -22.02, -22.14, -22.14, -21.66, -20.88, -19.69, -18.44, -17.05, -15.67, -14.07, -12.07, -9.82, -7.223, -4.63, -2.096, 0.2683, 2.666, 5.17, 7.746, 10.33, 12.695, 14.72, 16.52, 18.05, 19.25, 20.03, 20.12, 19.44, 18.17, 16.33, 14.12, 11.49, 8.36, 4.566, 0.07935, -4.664, -8.92, -12.375, -15.055, -17.08, -18.58, -19.05, -18.14, -15.85, -12.555, -9.01, -5.684, -2.72, -0.1196, 1.971, 3.193, 3.264, 1.9795, -0.59, -4.367, -9.01, -14.13, -19.23, -23.55, -26.73, -28.55, -29.0, -28.17, -26.31, -23.67, -20.12, -16.06
-12.34, -8.19, -4.8, -2.436, -1.164, -0.8564, -1.056, -1.467, -1.581, -1.214, -0.4143, 0.662, 1.876, 3.057, 4.18, 5.2, 5.99, 6.426, 6.574, 6.582, 6.57, 6.56, 6.37, 5.816, 4.83, 3.582, 2.244, 0.938, -0.2756, -1.312, -2.02, -2.367, -2.418, -2.367, -2.395, -2.564, -2.854, -3.24, -3.709, -4.293, -5.01, -5.723, -6.387, -6.83, -6.977, -6.797, -6.33, -5.65, -4.816, -3.771, -2.516, -1.309, -0.4602, -0.09283, 0.02336, 0.11896, 0.36, 0.6597, 0.7715, 0.647, 0.1812, -0.5703, -1.498, -2.562, -3.852, -5.574, -7.863, -10.67, -13.7, -16.52, -18.89, -20.98, -22.92, -24.81, -26.48, -27.8, -28.67, -29.12, -29.23, -28.9, -28.25, -26.77, -24.3, -20.31, -15.15, -9.05, -2.637, 3.46, 8.86, 13.43, 17.14, 20.16, 22.56, 24.31, 25.53, 26.22, 26.6, 26.48, 25.98, 24.94, 23.6, 21.98, 20.34, 18.78, 17.22, 15.71, 14.18, 12.61, 11.11, 9.83, 8.68, 7.74, 6.844, 5.883, 4.914, 4.035, 3.438, 2.922, 2.33, 1.531, 0.4414, -0.886, -2.434, -4.164, -6.21, -8.61, -11.16, -13.67, -15.91, -17.53, -18.72, -19.47, -20.02, -20.38, -20.58, -20.5, -20.14, -19.3, -18.3, -17.19, -16.05, -14.93, -13.65, -12.03, -10.055, -7.75, -5.496, -3.371, -1.378, 0.622, 2.742, 4.992, 7.332, 9.5, 11.47, 13.234, 14.836, 16.12, 16.92, 17.06, 16.69, 15.68, 14.305, 12.51, 10.27, 7.51, 4.03, -0.1726, -4.53, -8.44, -11.63, -14.17, -16.06, -17.38, -17.53, -16.36, -13.875, -10.53, -7.094, -3.883, -1.148, 1.205, 3.12, 4.098, 3.758, 1.788, -1.733, -6.586, -12.19, -17.88, -23.17, -27.27, -30.1, -31.44, -31.44, -30.34, -28.1, -25.05, -21.1, -16.77
-12.36, -8.3, -5.008, -2.715, -1.503, -1.1875, -1.358, -1.674, -1.666, -1.217, -0.4219, 0.5684, 1.655, 2.682, 3.596, 4.438, 5.105, 5.547, 5.816, 6.02, 6.24, 6.457, 6.445, 6.004, 5.094, 3.842, 2.46, 1.074, -0.208, -1.302, -2.096, -2.521, -2.7, -2.854, -3.084, -3.387, -3.65, -3.92, -4.305, -4.83, -5.484, -6.08, -6.598, -6.914, -6.965, -6.773, -6.45, -5.945, -5.156, -4.098, -2.807, -1.589, -0.7734, -0.448, -0.3933, -0.3572, -0.1731, 0.0829, 0.2051, 0.1455, -0.2251, -0.9355, -1.819, -2.834, -3.998, -5.54, -7.67, -10.4, -13.4, -16.3, -18.81, -21.0, -23.0, -25.0, -26.72, -28.2, -29.12, -29.61, -29.64, -29.12, -28.05, -25.98, -22.86, -18.3, -12.74, -6.32, 0.1731, 6.31, 11.55, 15.766, 19.25, 22.16, 24.58, 26.52, 27.73, 28.34, 28.45, 28.1, 27.22, 25.83, 24.16, 22.3, 20.5, 18.86, 17.4, 15.945, 14.39, 12.86, 11.36, 10.13, 9.1, 8.23, 7.4, 6.44, 5.42, 4.496, 3.836, 3.29, 2.719, 2.031, 1.074, -0.1565, -1.51, -3.023, -4.85, -7.043, -9.45, -11.914, -14.164, -15.875, -17.14, -17.97, -18.52, -18.8, -18.9, -18.67, -18.23, -17.45, -16.55, -15.54, -14.58, -13.63, -12.55, -11.164, -9.42, -7.5, -5.652, -3.98, -2.459, -0.9214, 0.7754, 2.592, 4.6, 6.477, 8.24, 9.94, 11.45, 12.77, 13.555, 13.945, 13.766, 13.19, 12.22, 10.85, 8.984, 6.57, 3.4, -0.4138, -4.297, -7.785, -10.664, -13.03, -14.81, -15.82, -15.75, -14.3, -11.68, -8.4, -5.06, -1.95, 0.7275, 2.998, 4.715, 5.34, 4.39, 1.5625, -3.012, -8.85, -15.19, -21.23, -26.5, -30.3, -32.56, -33.4, -32.8, -31.33, -28.78, -25.39, -21.31, -16.8
-11.8, -7.918, -4.88, -2.895, -1.875, -1.655, -1.796, -1.918, -1.718, -1.129, -0.261, 0.6777, 1.615, 2.428, 3.145, 3.797, 4.324, 4.676, 4.957, 5.234, 5.598, 6.004, 6.234, 6.03, 5.324, 4.188, 2.81, 1.34, -0.0559, -1.261, -2.176, -2.695, -3.01, -3.342, -3.717, -4.086, -4.336, -4.52, -4.82, -5.293, -5.9, -6.47, -6.848, -7.043, -7.03, -6.812, -6.55, -6.11, -5.34, -4.258, -2.982, -1.822, -1.125, -0.885, -0.896, -0.9116, -0.811, -0.6167, -0.4175, -0.369, -0.6104, -1.218, -2.062, -3.084, -4.227, -5.652, -7.543, -10.03, -12.945, -15.87, -18.6, -20.94, -23.1, -25.11, -26.92, -28.5, -29.6, -30.08, -29.88, -29.08, -27.4, -24.84, -21.19, -16.28, -10.31, -3.64, 2.975, 9.086, 14.12, 18.11, 21.45, 24.33, 26.81, 28.69, 29.81, 30.28, 30.16, 29.39, 28.22, 26.6, 24.75, 22.8, 20.95, 19.23, 17.73, 16.23, 14.62, 13.016, 11.49, 10.29, 9.32, 8.57, 7.77, 6.797, 5.836, 4.902, 4.184, 3.66, 3.168, 2.559, 1.696, 0.5967, -0.6235, -1.92, -3.486, -5.38, -7.61, -9.94, -12.22, -14.07, -15.555, -16.55, -17.23, -17.48, -17.39, -17.02, -16.39, -15.49, -14.58, -13.52, -12.59, -11.586, -10.555, -9.336, -7.844, -6.35, -4.95, -3.781, -2.748, -1.745, -0.5093, 0.8438, 2.459, 4.016, 5.52, 7.008, 8.35, 9.6, 10.484, 11.016, 11.19, 10.95, 10.31, 9.266, 7.656, 5.453, 2.602, -0.7144, -4.105, -7.094, -9.58, -11.65, -13.27, -14.086, -13.82, -12.29, -9.71, -6.477, -3.09, 0.136, 2.977, 5.26, 6.74, 6.805, 5.043, 1.246, -4.26, -10.75, -17.47, -23.52, -28.48, -31.94, -33.7, -34.06, -33.1, -31.19, -28.38, -24.83, -20.62, -16.16
-10.875, -7.37, -4.67, -2.988, -2.213, -2.133, -2.273, -2.24, -1.823, -1.087, -0.1765, 0.694, 1.456, 2.102, 2.662, 3.219, 3.654, 3.941, 4.14, 4.36, 4.742, 5.297, 5.78, 5.887, 5.484, 4.598, 3.32, 1.812, 0.2644, -1.14, -2.197, -2.84, -3.25, -3.678, -4.137, -4.543, -4.816, -4.992, -5.266, -5.69, -6.266, -6.812, -7.137, -7.207, -7.1, -6.836, -6.504, -6.016, -5.234, -4.184, -3.086, -2.176, -1.695, -1.569, -1.602, -1.622, -1.546, -1.351, -1.062, -0.8574, -0.9146, -1.37, -2.152, -3.193, -4.35, -5.727, -7.473, -9.805, -12.58, -15.445, -18.17, -20.66, -22.95, -25.19, -27.28, -29.0, -30.11, -30.47, -29.92, -28.52, -26.34, -23.36, -19.19, -13.97, -7.65, -0.7974, 5.727, 11.79, 16.66, 20.58, 23.88, 26.62, 29.12, 31.03, 31.97, 32.2, 31.69, 30.69, 29.33, 27.6, 25.69, 23.83, 21.95, 20.14, 18.42, 16.72, 14.99, 13.33, 11.73, 10.445, 9.47, 8.72, 7.89, 6.945, 6.0, 5.117, 4.43, 4.01, 3.611, 3.059, 2.252, 1.294, 0.2411, -0.8643, -2.178, -3.766, -5.76, -7.97, -10.164, -12.21, -13.9, -15.164, -15.984, -16.27, -16.08, -15.52, -14.695, -13.69, -12.56, -11.35, -10.2, -8.945, -7.812, -6.67, -5.43, -4.4, -3.535, -2.906, -2.45, -1.923, -1.187, -0.2369, 0.9644, 2.201, 3.428, 4.652, 5.76, 6.875, 7.84, 8.55, 8.99, 9.016, 8.66, 7.76, 6.24, 4.156, 1.614, -1.218, -4.043, -6.49, -8.52, -10.3, -11.73, -12.336, -11.99, -10.48, -8.02, -4.773, -1.25, 2.252, 5.383, 7.758, 8.92, 8.35, 5.63, 1.004, -5.11, -11.78, -18.44, -24.34, -28.94, -31.98, -33.25, -33.2, -31.89, -29.75, -26.73, -23.16, -19.1, -14.88
-9.8, -6.758, -4.48, -3.14, -2.625, -2.637, -2.762, -2.635, -2.1, -1.264, -0.3135, 0.5034, 1.119, 1.638, 2.127, 2.654, 3.07, 3.316, 3.396, 3.545, 3.92, 4.58, 5.266, 5.668, 5.57, 4.926, 3.803, 2.346, 0.6978, -0.858, -2.088, -2.883, -3.393, -3.852, -4.34, -4.793, -5.105, -5.31, -5.586, -5.992, -6.523, -7.016, -7.273, -7.3, -7.125, -6.79, -6.336, -5.742, -4.938, -4.043, -3.25, -2.715, -2.52, -2.504, -2.506, -2.457, -2.322, -2.145, -1.878, -1.559, -1.424, -1.644, -2.258, -3.176, -4.297, -5.74, -7.496, -9.69, -12.336, -15.055, -17.75, -20.22, -22.64, -25.05, -27.28, -29.2, -30.34, -30.55, -29.66, -27.77, -25.02, -21.47, -16.84, -11.2, -4.74, 2.15, 8.73, 14.62, 19.33, 23.12, 26.19, 29.0, 31.44, 33.03, 33.88, 33.84, 33.12, 32.0, 30.55, 28.94, 27.12, 25.27, 23.39, 21.48, 19.52, 17.58, 15.65, 13.92, 12.35, 11.016, 9.9, 8.92, 7.906, 6.87, 5.914, 5.168, 4.64, 4.35, 4.03, 3.537, 2.812, 1.946, 0.9683, -0.007458, -1.075, -2.406, -4.15, -6.223, -8.39, -10.41, -12.29, -13.71, -14.664, -15.02, -14.83, -14.13, -13.19, -12.03, -10.734, -9.195, -7.69, -6.18, -4.914, -3.785, -2.914, -2.314, -2.008, -1.915, -1.944, -1.884, -1.542, -0.882, -0.03455, 0.932, 1.919, 2.87, 3.803, 4.742, 5.656, 6.414, 7.016, 7.19, 6.934, 6.043, 4.637, 2.7, 0.3848, -2.037, -4.305, -6.22, -7.863, -9.33, -10.47, -10.945, -10.52, -9.08, -6.656, -3.385, 0.3545, 4.26, 7.707, 10.17, 11.03, 9.766, 6.22, 0.972, -5.312, -11.85, -18.06, -23.45, -27.75, -30.47, -31.4, -31.02, -29.47, -27.14, -24.19, -20.77, -17.02, -13.25
-8.71, -6.305, -4.477, -3.445, -3.164, -3.232, -3.281, -3.04, -2.42, -1.577, -0.654, 0.1317, 0.6704, 1.099, 1.517, 1.96, 2.32, 2.523, 2.62, 2.83, 3.283, 4.01, 4.8, 5.36, 5.445, 5.008, 4.094, 2.785, 1.22, -0.385, -1.773, -2.775, -3.463, -4.008, -4.504, -4.96, -5.312, -5.58, -5.836, -6.22, -6.62, -6.99, -7.19, -7.24, -7.082, -6.723, -6.184, -5.48, -4.703, -4.008, -3.535, -3.352, -3.389, -3.441, -3.406, -3.28, -3.129, -3.062, -2.924, -2.645, -2.477, -2.504, -2.812, -3.46, -4.37, -5.688, -7.39, -9.51, -12.08, -14.766, -17.44, -19.81, -22.27, -24.77, -27.08, -29.06, -30.27, -30.25, -29.05, -26.77, -23.55, -19.42, -14.29, -8.305, -1.519, 5.355, 11.77, 17.38, 21.92, 25.6, 28.62, 31.22, 33.4, 34.78, 35.5, 35.34, 34.56, 33.3, 31.86, 30.36, 28.61, 26.88, 24.98, 22.95, 20.8, 18.73, 16.66, 14.86, 13.305, 11.9, 10.57, 9.36, 8.086, 6.918, 5.895, 5.25, 4.88, 4.72, 4.473, 3.998, 3.303, 2.51, 1.6045, 0.719, -0.1962, -1.359, -2.957, -4.812, -6.895, -8.93, -10.766, -12.266, -13.31, -13.76, -13.63, -13.04, -12.08, -10.89, -9.39, -7.645, -5.836, -4.137, -2.74, -1.72, -1.156, -0.9287, -1.092, -1.407, -1.765, -1.953, -1.84, -1.402, -0.8213, -0.05215, 0.7095, 1.407, 2.113, 2.82, 3.549, 4.254, 4.824, 5.13, 4.95, 4.184, 2.926, 1.156, -0.8955, -2.96, -4.805, -6.27, -7.555, -8.67, -9.555, -9.87, -9.336, -7.84, -5.375, -1.995, 2.018, 6.24, 9.914, 12.42, 12.95, 11.12, 7.082, 1.459, -4.734, -10.94, -16.6, -21.34, -25.03, -27.23, -28.0, -27.4, -25.84, -23.56, -20.86, -17.8, -14.586, -11.48
-7.63, -5.92, -4.676, -4.008, -3.842, -3.842, -3.791, -3.422, -2.705, -1.867, -1.002, -0.2617, 0.2443, 0.552, 0.815, 1.061, 1.275, 1.471, 1.7, 2.111, 2.75, 3.549, 4.35, 4.91, 5.06, 4.777, 4.082, 3.021, 1.635, 0.06805, -1.398, -2.627, -3.602, -4.254, -4.742, -5.133, -5.438, -5.75, -6.043, -6.355, -6.613, -6.836, -6.984, -7.062, -6.973, -6.684, -6.145, -5.418, -4.684, -4.17, -3.95, -3.97, -4.098, -4.152, -4.133, -4.055, -4.035, -4.156, -4.27, -4.19, -4.062, -3.91, -3.898, -4.152, -4.688, -5.695, -7.22, -9.2, -11.67, -14.3, -17.02, -19.56, -21.97, -24.42, -26.77, -28.7, -29.83, -29.73, -28.33, -25.69, -21.92, -17.27, -11.64, -5.344, 1.582, 8.34, 14.625, 20.08, 24.48, 28.05, 30.88, 33.28, 35.16, 36.25, 36.78, 36.53, 35.72, 34.47, 33.12, 31.66, 29.94, 28.27, 26.34, 24.25, 21.98, 19.77, 17.7, 15.945, 14.336, 12.984, 11.56, 10.12, 8.58, 7.22, 6.133, 5.473, 5.184, 5.055, 4.87, 4.426, 3.738, 2.975, 2.172, 1.395, 0.5547, -0.5425, -2.008, -3.766, -5.688, -7.586, -9.336, -10.8, -11.86, -12.48, -12.52, -12.12, -11.336, -10.24, -8.77, -6.996, -5.09, -3.297, -1.869, -0.9746, -0.6265, -0.6494, -0.9927, -1.402, -1.848, -2.117, -2.152, -1.956, -1.624, -1.084, -0.596, -0.1294, 0.34, 0.7866, 1.279, 1.812, 2.295, 2.662, 2.62, 2.098, 1.068, -0.4636, -2.176, -3.83, -5.29, -6.445, -7.445, -8.305, -8.914, -8.96, -8.29, -6.637, -3.95, -0.3142, 3.969, 8.41, 12.195, 14.57, 14.836, 12.57, 8.3, 2.719, -3.297, -9.07, -14.16, -18.28, -21.31, -23.03, -23.58, -22.89, -21.44, -19.4, -17.06, -14.56, -12.06, -9.73
-6.566, -5.6, -4.91, -4.543, -4.49, -4.49, -4.28, -3.734, -2.92, -2.045, -1.175, -0.448, 0.01258, 0.1508, 0.12213, 0.01273, -0.004433, 0.1777, 0.5693, 1.198, 2.037, 2.938, 3.742, 4.258, 4.42, 4.297, 3.857, 3.049, 1.88, 0.3904, -1.177, -2.625, -3.816, -4.617, -5.082, -5.363, -5.598, -5.934, -6.254, -6.52, -6.67, -6.74, -6.824, -6.93, -6.945, -6.73, -6.25, -5.555, -4.887, -4.46, -4.332, -4.387, -4.477, -4.562, -4.63, -4.74, -4.992, -5.375, -5.75, -5.973, -6.0, -5.79, -5.45, -5.254, -5.363, -5.926, -7.09, -8.8, -11.12, -13.74, -16.56, -19.31, -21.81, -24.25, -26.47, -28.31, -29.38, -29.2, -27.62, -24.58, -20.34, -15.125, -9.125, -2.475, 4.387, 11.04, 17.2, 22.44, 26.77, 30.22, 32.94, 35.0, 36.53, 37.25, 37.66, 37.2, 36.47, 35.22, 33.88, 32.5, 30.89, 29.19, 27.36, 25.25, 22.95, 20.66, 18.66, 16.94, 15.36, 14.01, 12.51, 10.945, 9.29, 7.836, 6.668, 5.965, 5.637, 5.426, 5.156, 4.703, 4.08, 3.385, 2.715, 2.045, 1.277, 0.2394, -1.142, -2.795, -4.605, -6.344, -7.9, -9.3, -10.41, -11.16, -11.44, -11.38, -10.94, -10.086, -8.84, -7.22, -5.434, -3.746, -2.438, -1.643, -1.335, -1.3125, -1.5205, -1.81, -2.178, -2.451, -2.576, -2.61, -2.504, -2.271, -2.055, -1.838, -1.619, -1.479, -1.295, -0.9395, -0.5815, -0.1937, -0.0685, -0.2546, -0.9297, -1.96, -3.203, -4.414, -5.516, -6.46, -7.332, -8.04, -8.43, -8.3, -7.348, -5.363, -2.309, 1.699, 6.31, 10.914, 14.8, 17.02, 16.98, 14.58, 10.266, 4.8, -1.016, -6.473, -11.01, -14.59, -17.03, -18.33, -18.53, -17.81, -16.62, -14.98, -13.09, -11.23, -9.44, -7.832
-5.543, -5.18, -4.992, -4.96, -5.016, -4.984, -4.652, -3.986, -3.047, -2.059, -1.157, -0.4407, -0.072, -0.1725, -0.5947, -1.094, -1.375, -1.258, -0.773, -0.00123, 0.99, 2.014, 2.863, 3.43, 3.68, 3.695, 3.498, 2.967, 2.02, 0.5854, -1.127, -2.762, -4.105, -5.008, -5.47, -5.67, -5.875, -6.195, -6.527, -6.805, -6.926, -6.88, -6.84, -6.895, -6.914, -6.76, -6.336, -5.777, -5.203, -4.8, -4.598, -4.53, -4.58, -4.73, -5.008, -5.43, -5.984, -6.61, -7.25, -7.777, -7.957, -7.777, -7.25, -6.723, -6.42, -6.574, -7.277, -8.55, -10.51, -13.05, -15.95, -18.97, -21.8, -24.3, -26.4, -28.06, -28.92, -28.56, -26.69, -23.27, -18.61, -12.89, -6.47, 0.2927, 7.094, 13.51, 19.47, 24.64, 28.9, 32.28, 34.97, 36.78, 37.9, 38.28, 38.3, 37.75, 36.94, 35.78, 34.34, 32.84, 31.3, 29.77, 27.97, 26.03, 23.86, 21.52, 19.39, 17.62, 16.05, 14.68, 13.23, 11.7, 10.06, 8.57, 7.344, 6.56, 6.06, 5.67, 5.336, 4.855, 4.297, 3.758, 3.256, 2.74, 2.059, 1.101, -0.1882, -1.734, -3.406, -5.047, -6.523, -7.88, -9.055, -10.03, -10.586, -10.85, -10.75, -10.23, -9.26, -7.996, -6.523, -5.086, -3.895, -3.123, -2.71, -2.52, -2.484, -2.56, -2.71, -2.89, -3.076, -3.322, -3.506, -3.662, -3.78, -3.867, -3.953, -4.066, -4.113, -3.975, -3.64, -3.223, -2.842, -2.734, -2.928, -3.334, -3.947, -4.613, -5.383, -6.156, -7.0, -7.727, -8.1, -7.855, -6.586, -4.21, -0.705, 3.81, 8.9, 13.766, 17.66, 19.67, 19.33, 16.9, 12.81, 7.586, 1.947, -3.293, -7.484, -10.53, -12.58, -13.516, -13.58, -12.97, -11.9, -10.72, -9.34, -8.055, -6.945, -6.09
-4.61, -4.75, -4.94, -5.188, -5.367, -5.312, -4.918, -4.184, -3.135, -2.066, -1.179, -0.4915, -0.2374, -0.589, -1.353, -2.139, -2.615, -2.594, -2.133, -1.351, -0.3396, 0.7476, 1.684, 2.39, 2.89, 3.135, 3.166, 2.86, 2.057, 0.644, -1.153, -2.926, -4.4, -5.39, -5.902, -6.094, -6.31, -6.62, -6.992, -7.277, -7.363, -7.23, -7.055, -6.94, -6.816, -6.64, -6.31, -5.895, -5.418, -4.984, -4.68, -4.535, -4.57, -4.883, -5.492, -6.242, -7.074, -7.926, -8.79, -9.56, -9.98, -9.88, -9.27, -8.51, -7.89, -7.668, -7.89, -8.62, -10.1, -12.39, -15.37, -18.58, -21.62, -24.23, -26.3, -27.8, -28.34, -27.64, -25.42, -21.69, -16.55, -10.42, -3.783, 3.08, 9.664, 15.89, 21.62, 26.66, 30.89, 34.25, 36.8, 38.34, 39.1, 39.12, 38.84, 38.0, 37.06, 35.84, 34.4, 32.9, 31.36, 29.92, 28.36, 26.67, 24.69, 22.44, 20.28, 18.3, 16.61, 15.2, 13.82, 12.34, 10.8, 9.3, 8.05, 7.117, 6.438, 5.812, 5.336, 4.863, 4.41, 4.035, 3.703, 3.363, 2.828, 2.004, 0.851, -0.583, -2.098, -3.629, -5.113, -6.516, -7.863, -9.04, -9.87, -10.43, -10.625, -10.39, -9.72, -8.84, -7.688, -6.516, -5.49, -4.74, -4.195, -3.795, -3.496, -3.338, -3.307, -3.424, -3.697, -4.176, -4.707, -5.3, -5.83, -6.293, -6.68, -6.99, -7.105, -7.023, -6.637, -6.117, -5.496, -5.08, -4.703, -4.477, -4.41, -4.473, -4.94, -5.7, -6.684, -7.598, -8.09, -7.754, -6.24, -3.482, 0.5522, 5.668, 11.36, 16.53, 20.4, 22.27, 21.72, 19.31, 15.516, 10.53, 5.176, 0.1526, -3.967, -6.79, -8.484, -9.24, -9.23, -8.69, -7.785, -6.914, -5.965, -5.215, -4.71, -4.535
-3.752, -4.293, -4.78, -5.23, -5.53, -5.51, -5.074, -4.31, -3.287, -2.201, -1.293, -0.715, -0.6587, -1.216, -2.129, -3.027, -3.602, -3.709, -3.398, -2.762, -1.843, -0.779, 0.2744, 1.237, 2.078, 2.652, 2.951, 2.818, 2.074, 0.699, -1.149, -3.041, -4.633, -5.777, -6.44, -6.766, -7.004, -7.3, -7.61, -7.82, -7.816, -7.6, -7.33, -6.996, -6.664, -6.363, -6.055, -5.734, -5.32, -4.87, -4.52, -4.344, -4.45, -5.043, -6.1, -7.277, -8.45, -9.58, -10.68, -11.76, -12.414, -12.36, -11.59, -10.664, -9.84, -9.27, -9.01, -9.16, -10.07, -11.94, -14.79, -18.08, -21.23, -23.94, -25.97, -27.27, -27.47, -26.34, -23.75, -19.69, -14.305, -7.87, -0.9087, 5.91, 12.37, 18.44, 23.9, 28.66, 32.78, 35.9, 38.22, 39.62, 40.12, 39.78, 39.12, 38.03, 36.9, 35.44, 33.84, 32.28, 30.88, 29.84, 28.69, 27.28, 25.5, 23.4, 21.2, 19.1, 17.31, 15.75, 14.31, 12.91, 11.36, 9.93, 8.66, 7.625, 6.78, 5.992, 5.414, 4.883, 4.473, 4.195, 3.969, 3.77, 3.41, 2.803, 1.839, 0.562, -0.823, -2.26, -3.709, -5.207, -6.68, -8.07, -9.21, -10.03, -10.414, -10.4, -10.02, -9.414, -8.54, -7.65, -6.723, -5.953, -5.3, -4.746, -4.27, -3.982, -3.973, -4.156, -4.598, -5.32, -6.21, -7.234, -8.164, -9.02, -9.734, -10.16, -10.2, -9.98, -9.445, -8.74, -7.9, -7.094, -6.14, -5.246, -4.465, -4.027, -4.254, -5.047, -6.258, -7.457, -8.195, -7.88, -6.215, -3.105, 1.411, 7.035, 13.24, 18.75, 22.73, 24.38, 23.83, 21.53, 18.03, 13.47, 8.42, 3.557, -0.4539, -3.297, -4.902, -5.594, -5.5, -5.082, -4.4, -3.785, -3.205, -2.914, -2.908, -3.24
-3.002, -3.834, -4.547, -5.16, -5.58, -5.594, -5.16, -4.367, -3.355, -2.318, -1.544, -1.184, -1.339, -1.95, -2.848, -3.752, -4.414, -4.74, -4.684, -4.293, -3.518, -2.467, -1.27, -0.03104, 1.11, 2.037, 2.633, 2.701, 2.062, 0.775, -1.045, -3.012, -4.777, -6.156, -7.098, -7.65, -7.96, -8.18, -8.305, -8.31, -8.19, -7.91, -7.52, -7.008, -6.504, -6.02, -5.637, -5.246, -4.82, -4.35, -3.979, -3.873, -4.215, -5.19, -6.746, -8.47, -10.164, -11.76, -13.25, -14.67, -15.58, -15.44, -14.47, -13.19, -12.09, -11.18, -10.37, -9.914, -10.23, -11.61, -14.13, -17.33, -20.52, -23.22, -25.14, -26.17, -26.14, -24.69, -21.83, -17.5, -11.766, -5.188, 1.811, 8.71, 15.17, 20.9, 26.08, 30.39, 34.2, 37.06, 39.16, 40.34, 40.62, 39.94, 38.97, 37.6, 36.25, 34.53, 32.84, 31.22, 30.0, 29.23, 28.48, 27.53, 26.17, 24.36, 22.28, 20.22, 18.28, 16.55, 14.88, 13.34, 11.82, 10.37, 9.14, 8.08, 7.13, 6.277, 5.67, 5.14, 4.74, 4.46, 4.22, 4.066, 3.805, 3.377, 2.637, 1.587, 0.3848, -0.948, -2.379, -3.91, -5.52, -7.082, -8.46, -9.47, -10.02, -10.16, -9.99, -9.57, -8.93, -8.19, -7.348, -6.56, -5.863, -5.266, -4.777, -4.586, -4.668, -5.01, -5.715, -6.707, -7.945, -9.39, -10.77, -11.97, -12.875, -13.26, -13.164, -12.67, -11.87, -10.914, -9.766, -8.46, -6.92, -5.297, -3.871, -3.053, -3.139, -4.086, -5.555, -7.137, -8.16, -7.875, -6.11, -2.71, 2.184, 8.266, 14.79, 20.55, 24.55, 26.08, 25.58, 23.42, 20.3, 16.22, 11.52, 6.754, 2.73, -0.2725, -1.999, -2.73, -2.674, -2.258, -1.766, -1.369, -1.169, -1.192, -1.565, -2.225
-2.367, -3.396, -4.277, -5.035, -5.516, -5.574, -5.137, -4.28, -3.285, -2.344, -1.76, -1.657, -1.981, -2.6, -3.451, -4.35, -5.18, -5.812, -6.14, -6.098, -5.46, -4.367, -3.012, -1.551, -0.1526, 1.065, 1.959, 2.27, 1.813, 0.681, -1.025, -2.979, -4.91, -6.6, -7.875, -8.68, -9.1, -9.2, -9.04, -8.78, -8.5, -8.12, -7.64, -7.027, -6.34, -5.63, -5.016, -4.383, -3.78, -3.24, -2.95, -3.086, -3.803, -5.242, -7.293, -9.586, -11.9, -14.16, -16.33, -18.22, -19.34, -19.17, -17.95, -16.28, -14.67, -13.19, -11.8, -10.61, -10.32, -11.234, -13.45, -16.39, -19.45, -22.06, -23.92, -24.8, -24.56, -22.9, -19.81, -15.21, -9.43, -2.666, 4.395, 11.3, 17.6, 23.12, 28.0, 31.94, 35.3, 37.9, 39.8, 40.75, 40.78, 39.94, 38.53, 36.94, 35.2, 33.22, 31.33, 29.77, 28.72, 28.17, 27.73, 27.27, 26.36, 25.03, 23.3, 21.47, 19.52, 17.56, 15.64, 13.82, 12.195, 10.766, 9.59, 8.55, 7.594, 6.758, 6.137, 5.594, 5.17, 4.832, 4.484, 4.297, 4.08, 3.754, 3.205, 2.37, 1.378, 0.1912, -1.192, -2.691, -4.34, -5.99, -7.484, -8.66, -9.37, -9.7, -9.75, -9.48, -8.984, -8.33, -7.594, -6.82, -6.098, -5.453, -5.05, -4.984, -5.227, -5.84, -6.805, -8.05, -9.65, -11.43, -13.16, -14.63, -15.6, -15.836, -15.57, -14.78, -13.664, -12.33, -10.72, -8.81, -6.6, -4.324, -2.408, -1.366, -1.396, -2.494, -4.26, -6.195, -7.473, -7.402, -5.56, -1.924, 3.244, 9.625, 16.38, 22.23, 26.2, 27.61, 27.06, 25.14, 22.44, 18.92, 14.56, 9.875, 5.656, 2.395, 0.4219, -0.4658, -0.5625, -0.3486, -0.0556, 0.1611, 0.202, -0.01111, -0.5464, -1.341
-2.027, -3.104, -4.08, -4.906, -5.387, -5.434, -4.926, -4.023, -3.05, -2.203, -1.786, -1.847, -2.266, -2.967, -3.879, -4.934, -6.08, -7.22, -8.06, -8.336, -7.84, -6.656, -5.133, -3.518, -1.885, -0.371, 0.849, 1.516, 1.359, 0.4143, -1.156, -3.096, -5.12, -6.992, -8.52, -9.586, -10.12, -10.13, -9.734, -9.234, -8.75, -8.27, -7.723, -7.008, -6.11, -5.117, -4.14, -3.143, -2.258, -1.641, -1.519, -1.969, -3.13, -4.953, -7.375, -10.16, -13.13, -16.19, -19.14, -21.75, -23.23, -23.2, -21.8, -19.67, -17.45, -15.195, -13.0, -11.18, -10.31, -10.83, -12.63, -15.37, -18.17, -20.67, -22.47, -23.27, -22.83, -21.02, -17.77, -13.016, -7.07, -0.3167, 6.77, 13.63, 19.72, 25.0, 29.66, 33.25, 36.25, 38.56, 40.22, 40.9, 40.6, 39.4, 37.7, 35.75, 33.75, 31.53, 29.55, 27.92, 27.0, 26.62, 26.6, 26.55, 26.08, 25.36, 24.19, 22.66, 20.77, 18.73, 16.61, 14.53, 12.68, 11.18, 10.04, 9.01, 8.11, 7.324, 6.688, 6.125, 5.63, 5.16, 4.76, 4.54, 4.32, 4.06, 3.625, 2.936, 2.164, 1.143, -0.09875, -1.457, -3.012, -4.613, -6.164, -7.457, -8.41, -9.0, -9.28, -9.23, -8.91, -8.375, -7.746, -7.0, -6.234, -5.523, -5.14, -5.168, -5.547, -6.395, -7.6, -9.12, -10.96, -12.93, -14.82, -16.47, -17.44, -17.64, -17.16, -16.1, -14.664, -12.836, -10.6, -7.918, -4.98, -2.193, -0.05917, 0.9834, 0.812, -0.4893, -2.518, -4.715, -6.266, -6.367, -4.52, -0.696, 4.688, 11.36, 18.23, 24.25, 28.17, 29.44, 28.73, 26.92, 24.4, 21.3, 17.53, 12.98, 8.54, 4.87, 2.533, 1.344, 0.9927, 0.976, 0.9985, 0.9863, 0.8164, 0.4224, -0.1586, -0.9814
-2.178, -3.232, -4.145, -4.94, -5.31, -5.215, -4.61, -3.664, -2.652, -1.838, -1.469, -1.568, -2.037, -2.873, -4.016, -5.44, -7.152, -8.96, -10.4, -11.03, -10.64, -9.44, -7.773, -5.992, -4.12, -2.252, -0.635, 0.4797, 0.72, 0.01483, -1.401, -3.252, -5.277, -7.234, -8.92, -10.125, -10.77, -10.78, -10.3, -9.69, -9.06, -8.4, -7.69, -6.793, -5.65, -4.336, -2.94, -1.526, -0.3438, 0.3237, 0.2325, -0.5986, -2.16, -4.266, -6.9, -9.97, -13.47, -17.22, -21.0, -24.31, -26.4, -26.89, -25.61, -23.31, -20.39, -17.25, -14.13, -11.56, -10.17, -10.27, -11.77, -14.2, -16.81, -19.2, -21.05, -21.86, -21.27, -19.2, -15.65, -10.67, -4.617, 2.03, 8.87, 15.52, 21.56, 26.77, 31.11, 34.44, 37.16, 39.25, 40.5, 40.78, 40.22, 38.66, 36.62, 34.34, 32.0, 29.67, 27.56, 26.1, 25.25, 25.06, 25.19, 25.39, 25.47, 25.34, 24.8, 23.77, 22.16, 20.08, 17.7, 15.41, 13.445, 11.89, 10.64, 9.57, 8.67, 7.84, 7.13, 6.543, 5.977, 5.418, 5.03, 4.793, 4.562, 4.27, 3.895, 3.37, 2.781, 1.964, 0.952, -0.2036, -1.603, -3.133, -4.688, -6.08, -7.188, -7.984, -8.51, -8.695, -8.64, -8.31, -7.785, -7.047, -6.242, -5.516, -5.08, -5.105, -5.57, -6.527, -7.88, -9.52, -11.43, -13.484, -15.484, -17.17, -18.14, -18.33, -17.69, -16.39, -14.52, -12.195, -9.234, -5.766, -2.246, 0.8184, 2.92, 3.758, 3.299, 1.761, -0.471, -2.902, -4.73, -5.055, -3.238, 0.8076, 6.574, 13.516, 20.67, 26.75, 30.53, 31.69, 30.73, 28.69, 26.19, 23.39, 19.97, 15.82, 11.39, 7.34, 4.465, 2.82, 2.059, 1.743, 1.475, 1.1875, 0.8037, 0.2473, -0.3486, -1.176
-2.89, -3.854, -4.66, -5.223, -5.312, -5.023, -4.266, -3.164, -2.049, -1.135, -0.6816, -0.7188, -1.27, -2.273, -3.793, -5.766, -8.195, -10.76, -12.84, -13.914, -13.766, -12.6, -10.875, -8.94, -6.785, -4.4, -2.203, -0.594, 0.07446, -0.3374, -1.603, -3.37, -5.344, -7.266, -8.95, -10.234, -10.97, -11.086, -10.664, -9.98, -9.27, -8.42, -7.445, -6.25, -4.727, -3.041, -1.253, 0.4348, 1.7705, 2.432, 2.17, 1.063, -0.738, -3.035, -5.824, -9.14, -12.97, -17.19, -21.58, -25.58, -28.55, -29.72, -29.03, -26.75, -23.31, -19.34, -15.43, -12.09, -10.12, -9.74, -10.86, -12.95, -15.38, -17.77, -19.6, -20.4, -19.66, -17.3, -13.445, -8.31, -2.3, 4.273, 10.92, 17.31, 23.03, 27.98, 32.16, 35.38, 37.88, 39.62, 40.62, 40.62, 39.56, 37.56, 35.22, 32.53, 29.89, 27.53, 25.47, 24.08, 23.39, 23.33, 23.73, 24.3, 24.78, 25.2, 25.17, 24.62, 23.28, 21.28, 18.89, 16.52, 14.48, 12.87, 11.53, 10.27, 9.2, 8.21, 7.34, 6.703, 6.145, 5.65, 5.316, 5.105, 4.87, 4.55, 4.195, 3.768, 3.248, 2.588, 1.799, 0.8457, -0.3875, -1.795, -3.213, -4.59, -5.793, -6.75, -7.465, -7.9, -8.07, -8.01, -7.582, -6.906, -6.117, -5.36, -4.836, -4.79, -5.24, -6.168, -7.51, -9.11, -10.95, -12.97, -14.99, -16.64, -17.61, -17.78, -17.03, -15.47, -13.25, -10.31, -6.62, -2.537, 1.319, 4.336, 6.062, 6.473, 5.67, 3.887, 1.459, -1.191, -3.307, -3.88, -2.154, 2.17, 8.41, 15.77, 23.17, 29.25, 32.97, 33.8, 32.62, 30.2, 27.58, 24.88, 22.0, 18.25, 14.06, 9.78, 6.367, 4.188, 2.879, 2.107, 1.483, 0.9453, 0.369, -0.3774, -1.092, -1.941
-4.086, -4.93, -5.523, -5.74, -5.54, -4.97, -3.918, -2.576, -1.207, -0.042, 0.649, 0.7295, 0.06506, -1.221, -3.15, -5.72, -8.8, -12.05, -14.87, -16.6, -16.88, -16.02, -14.43, -12.3, -9.7, -6.695, -3.732, -1.511, -0.4104, -0.5127, -1.598, -3.31, -5.2, -6.996, -8.64, -9.99, -10.83, -11.02, -10.67, -10.01, -9.26, -8.27, -6.98, -5.305, -3.314, -1.232, 0.8213, 2.633, 3.96, 4.605, 4.344, 3.152, 1.225, -1.316, -4.348, -7.812, -11.81, -16.28, -20.98, -25.53, -29.39, -31.52, -31.5, -29.48, -25.88, -21.38, -16.73, -12.8, -10.29, -9.4, -9.94, -11.57, -13.71, -16.05, -17.92, -18.75, -17.89, -15.336, -11.26, -5.957, 0.01717, 6.44, 12.74, 18.8, 24.2, 28.98, 32.84, 35.97, 38.22, 39.88, 40.47, 40.12, 38.72, 36.28, 33.53, 30.61, 27.73, 25.28, 23.17, 21.97, 21.53, 21.69, 22.39, 23.23, 24.11, 24.86, 25.27, 25.12, 24.2, 22.42, 20.2, 17.92, 15.77, 14.02, 12.55, 11.1, 9.766, 8.49, 7.418, 6.67, 6.082, 5.71, 5.527, 5.395, 5.203, 4.93, 4.547, 4.125, 3.67, 3.146, 2.514, 1.741, 0.698, -0.543, -1.844, -3.123, -4.32, -5.38, -6.21, -6.82, -7.215, -7.35, -7.113, -6.55, -5.758, -4.973, -4.43, -4.273, -4.637, -5.414, -6.59, -8.07, -9.76, -11.6, -13.51, -15.09, -15.96, -16.0, -15.13, -13.37, -10.8, -7.297, -3.143, 1.216, 5.117, 7.836, 9.1, 9.05, 7.836, 5.695, 2.984, 0.1048, -2.152, -2.938, -1.263, 3.193, 9.84, 17.66, 25.3, 31.52, 35.03, 35.62, 34.12, 31.36, 28.47, 25.81, 23.23, 20.16, 16.39, 12.18, 8.266, 5.465, 3.553, 2.275, 1.35, 0.6396, -0.1665, -1.102, -2.09, -3.123
-5.316, -6.164, -6.54, -6.4, -5.848, -4.91, -3.518, -1.78, 0.002312, 1.535, 2.584, 2.79, 2.002, 0.4392, -1.89, -4.965, -8.625, -12.48, -15.98, -18.45, -19.48, -19.27, -18.12, -15.945, -12.875, -9.125, -5.406, -2.48, -0.7954, -0.5283, -1.406, -3.006, -4.836, -6.594, -8.2, -9.55, -10.37, -10.6, -10.28, -9.65, -8.84, -7.76, -6.156, -3.959, -1.512, 0.955, 3.166, 5.01, 6.312, 6.91, 6.71, 5.59, 3.654, 0.8896, -2.402, -6.1, -10.22, -14.625, -19.39, -24.28, -28.83, -31.89, -32.75, -31.22, -27.7, -23.06, -18.05, -13.61, -10.55, -9.04, -8.93, -9.984, -11.76, -13.88, -15.88, -16.78, -15.91, -13.28, -9.164, -3.908, 2.004, 8.24, 14.28, 20.05, 25.12, 29.69, 33.38, 36.34, 38.34, 39.78, 40.0, 39.28, 37.56, 34.84, 31.81, 28.58, 25.44, 22.88, 20.98, 19.95, 19.77, 20.16, 21.0, 22.16, 23.3, 24.38, 25.17, 25.38, 24.7, 23.3, 21.44, 19.23, 17.11, 15.22, 13.555, 11.945, 10.4, 8.92, 7.613, 6.71, 6.1, 5.82, 5.73, 5.65, 5.465, 5.184, 4.805, 4.438, 4.08, 3.678, 3.193, 2.525, 1.589, 0.457, -0.7114, -1.846, -2.941, -3.984, -4.88, -5.645, -6.195, -6.42, -6.305, -5.83, -5.098, -4.367, -3.908, -3.717, -3.912, -4.465, -5.38, -6.605, -8.08, -9.74, -11.42, -12.766, -13.41, -13.17, -12.08, -10.09, -7.207, -3.418, 0.8647, 5.195, 8.76, 11.04, 11.8, 11.31, 9.78, 7.29, 4.266, 1.194, -1.21, -2.123, -0.4487, 4.156, 11.23, 19.38, 27.19, 33.3, 36.62, 36.97, 35.12, 32.12, 29.06, 26.31, 24.02, 21.36, 18.08, 14.29, 10.21, 6.746, 4.145, 2.375, 1.201, 0.3948, -0.4988, -1.573, -2.82, -4.176
-6.2, -7.086, -7.293, -6.918, -6.03, -4.664, -2.867, -0.624, 1.637, 3.682, 5.04, 5.31, 4.453, 2.639, -0.0002537, -3.469, -7.598, -12.04, -16.27, -19.48, -21.39, -22.02, -21.34, -19.27, -15.914, -11.63, -7.234, -3.617, -1.303, -0.5146, -1.061, -2.463, -4.215, -5.957, -7.492, -8.74, -9.56, -9.74, -9.42, -8.79, -7.99, -6.855, -5.008, -2.469, 0.422, 3.305, 5.76, 7.67, 8.945, 9.54, 9.48, 8.44, 6.492, 3.562, -0.0271, -3.98, -8.08, -12.38, -17.03, -22.12, -27.03, -30.75, -32.34, -31.47, -28.44, -24.02, -19.02, -14.46, -10.945, -8.73, -7.867, -8.2, -9.48, -11.336, -13.29, -14.375, -13.76, -11.27, -7.227, -2.092, 3.717, 9.734, 15.57, 21.08, 25.94, 30.22, 33.75, 36.53, 38.34, 39.38, 39.34, 38.22, 36.22, 33.2, 29.98, 26.64, 23.58, 20.88, 19.05, 18.0, 17.92, 18.52, 19.61, 21.02, 22.42, 23.72, 24.67, 25.12, 24.86, 23.9, 22.3, 20.42, 18.38, 16.47, 14.59, 12.76, 11.12, 9.46, 8.016, 6.97, 6.3, 6.027, 5.984, 5.89, 5.684, 5.387, 4.992, 4.637, 4.395, 4.1, 3.723, 3.121, 2.27, 1.265, 0.2454, -0.7363, -1.694, -2.654, -3.582, -4.46, -5.14, -5.457, -5.383, -4.996, -4.37, -3.79, -3.402, -3.22, -3.23, -3.54, -4.18, -5.07, -6.24, -7.6, -8.945, -9.89, -10.086, -9.47, -8.15, -5.996, -3.006, 0.742, 4.86, 8.83, 11.91, 13.74, 14.11, 13.41, 11.54, 8.71, 5.42, 2.172, -0.3098, -1.172, 0.5, 5.184, 12.445, 20.83, 28.77, 34.7, 37.78, 38.0, 36.06, 32.75, 29.52, 26.58, 24.3, 22.03, 19.36, 15.99, 12.01, 8.164, 4.98, 2.764, 1.295, 0.346, -0.489, -1.604, -3.086, -4.75
-6.45, -7.547, -7.688, -7.055, -5.83, -4.062, -1.773, 0.931, 3.723, 6.27, 7.89, 8.27, 7.375, 5.41, 2.5, -1.282, -5.79, -10.78, -15.59, -19.58, -22.45, -23.88, -23.8, -21.95, -18.45, -13.9, -9.09, -4.93, -2.01, -0.6455, -0.7144, -1.777, -3.35, -4.973, -6.42, -7.56, -8.234, -8.33, -8.04, -7.47, -6.71, -5.598, -3.666, -0.8774, 2.432, 5.727, 8.52, 10.586, 11.89, 12.52, 12.53, 11.555, 9.58, 6.617, 2.898, -1.189, -5.285, -9.54, -14.1, -19.2, -24.28, -28.34, -30.5, -30.33, -27.97, -24.11, -19.42, -14.984, -11.27, -8.52, -6.953, -6.504, -7.17, -8.664, -10.47, -11.66, -11.305, -9.125, -5.332, -0.4941, 5.004, 10.84, 16.45, 21.88, 26.66, 30.78, 34.28, 36.75, 38.25, 38.9, 38.53, 37.25, 34.9, 31.94, 28.52, 25.2, 22.1, 19.5, 17.66, 16.56, 16.39, 17.06, 18.28, 19.72, 21.25, 22.75, 23.9, 24.6, 24.66, 24.03, 22.94, 21.36, 19.5, 17.58, 15.6, 13.67, 11.93, 10.195, 8.61, 7.453, 6.668, 6.324, 6.19, 6.06, 5.836, 5.504, 5.1, 4.805, 4.67, 4.492, 4.203, 3.69, 2.91, 2.033, 1.169, 0.379, -0.419, -1.29, -2.275, -3.238, -4.01, -4.418, -4.406, -4.137, -3.709, -3.297, -3.006, -2.812, -2.639, -2.701, -3.03, -3.576, -4.42, -5.383, -6.273, -6.72, -6.434, -5.453, -3.861, -1.631, 1.32, 4.73, 8.445, 11.84, 14.445, 15.87, 16.02, 15.0, 12.8, 9.66, 6.06, 2.771, 0.514, -0.03497, 1.732, 6.375, 13.67, 22.11, 30.06, 35.78, 38.7, 38.84, 36.72, 33.4, 29.88, 26.89, 24.44, 22.34, 20.1, 17.25, 13.73, 9.83, 6.164, 3.346, 1.613, 0.7046, 0.000999, -1.086, -2.688, -4.63
-6.184, -7.418, -7.566, -6.77, -5.156, -2.977, -0.2927, 2.803, 6.094, 8.99, 10.89, 11.39, 10.56, 8.54, 5.547, 1.578, -3.26, -8.61, -13.88, -18.55, -22.3, -24.47, -24.98, -23.56, -20.25, -15.766, -10.875, -6.312, -2.877, -0.898, -0.3743, -0.9844, -2.244, -3.613, -4.81, -5.777, -6.387, -6.496, -6.3, -5.836, -5.19, -4.062, -2.07, 0.9204, 4.562, 8.29, 11.49, 13.81, 15.234, 15.89, 15.86, 14.93, 12.945, 10.0, 6.332, 2.295, -1.908, -6.184, -10.766, -15.75, -20.8, -25.02, -27.55, -27.98, -26.45, -23.44, -19.47, -15.38, -11.63, -8.56, -6.418, -5.285, -5.273, -6.223, -7.633, -8.734, -8.62, -6.895, -3.592, 0.862, 6.14, 11.805, 17.28, 22.42, 27.16, 31.31, 34.6, 36.84, 38.12, 38.38, 37.62, 36.06, 33.66, 30.55, 27.2, 23.92, 21.11, 18.81, 17.02, 15.79, 15.45, 15.875, 16.92, 18.39, 20.05, 21.56, 22.8, 23.67, 24.11, 23.95, 23.31, 22.1, 20.47, 18.62, 16.66, 14.76, 12.96, 11.164, 9.54, 8.21, 7.242, 6.72, 6.402, 6.168, 5.863, 5.5, 5.176, 4.992, 4.95, 4.855, 4.637, 4.207, 3.51, 2.766, 2.12, 1.55, 0.916, 0.093, -0.912, -1.948, -2.781, -3.29, -3.406, -3.273, -3.064, -2.842, -2.664, -2.484, -2.191, -1.972, -1.924, -2.148, -2.61, -3.162, -3.566, -3.54, -2.861, -1.578, 0.2362, 2.496, 5.258, 8.3, 11.53, 14.41, 16.55, 17.56, 17.34, 15.875, 13.21, 9.62, 5.812, 2.562, 0.6226, 0.535, 2.58, 7.21, 14.55, 23.11, 31.14, 36.97, 39.75, 39.66, 37.38, 33.88, 30.3, 26.98, 24.36, 22.3, 20.28, 18.1, 15.195, 11.57, 7.742, 4.48, 2.268, 1.152, 0.528, -0.3684, -1.93, -4.094
-5.535, -6.98, -7.195, -6.23, -4.27, -1.675, 1.406, 4.914, 8.61, 11.78, 13.9, 14.57, 13.9, 11.94, 8.98, 4.938, 0.0512, -5.562, -11.25, -16.6, -21.0, -23.88, -24.94, -23.98, -21.17, -17.02, -12.2, -7.58, -3.727, -1.171, -0.02638, -0.08936, -0.8823, -1.917, -2.812, -3.549, -4.09, -4.34, -4.348, -4.062, -3.457, -2.291, -0.1963, 2.936, 6.832, 10.88, 14.46, 17.06, 18.64, 19.23, 19.22, 18.25, 16.38, 13.62, 10.1, 6.188, 2.012, -2.285, -6.945, -11.85, -16.75, -21.05, -23.9, -25.08, -24.5, -22.36, -19.36, -15.87, -12.36, -9.164, -6.63, -4.91, -4.203, -4.438, -5.25, -6.07, -6.09, -4.766, -2.0, 1.968, 6.81, 12.22, 17.64, 22.67, 27.31, 31.34, 34.62, 36.7, 37.78, 37.75, 36.8, 35.06, 32.38, 29.31, 25.97, 22.94, 20.44, 18.36, 16.75, 15.56, 15.06, 15.09, 15.9, 17.17, 18.73, 20.23, 21.55, 22.61, 23.34, 23.66, 23.45, 22.67, 21.25, 19.6, 17.72, 15.93, 14.13, 12.31, 10.625, 9.164, 7.99, 7.277, 6.754, 6.332, 5.938, 5.543, 5.27, 5.164, 5.17, 5.188, 5.082, 4.727, 4.176, 3.6, 3.117, 2.707, 2.174, 1.409, 0.3884, -0.6797, -1.548, -2.168, -2.406, -2.416, -2.447, -2.455, -2.41, -2.203, -1.795, -1.292, -0.9414, -0.8687, -0.9253, -1.102, -1.066, -0.6675, 0.2446, 1.726, 3.615, 5.85, 8.38, 11.12, 13.96, 16.4, 18.03, 18.55, 17.78, 15.55, 12.26, 8.164, 4.203, 1.159, -0.2605, 0.2173, 2.79, 7.7, 15.11, 23.89, 32.1, 37.97, 40.7, 40.34, 37.78, 34.06, 30.17, 26.75, 23.9, 21.88, 20.14, 18.52, 16.33, 13.266, 9.484, 5.777, 3.045, 1.548, 0.9087, 0.2284, -1.157, -3.322
-4.8, -6.473, -6.84, -5.695, -3.363, -0.334, 3.209, 7.137, 11.11, 14.55, 16.84, 17.7, 17.11, 15.42, 12.65, 8.78, 3.99, -1.605, -7.69, -13.5, -18.53, -22.11, -23.8, -23.38, -21.16, -17.52, -13.13, -8.555, -4.438, -1.351, 0.4072, 0.935, 0.6484, 0.01439, -0.5967, -1.091, -1.579, -1.964, -2.229, -2.164, -1.577, -0.2869, 1.951, 5.168, 9.16, 13.42, 17.23, 20.08, 21.81, 22.55, 22.48, 21.53, 19.83, 17.27, 14.02, 10.25, 6.21, 1.918, -2.7, -7.562, -12.39, -16.72, -20.02, -21.94, -22.4, -21.4, -19.44, -16.6, -13.55, -10.414, -7.727, -5.566, -4.195, -3.623, -3.71, -4.008, -3.906, -2.951, -0.7607, 2.719, 7.22, 12.336, 17.6, 22.53, 27.11, 30.95, 34.12, 36.12, 37.1, 36.9, 35.78, 33.88, 31.1, 27.9, 24.73, 21.94, 19.8, 18.1, 16.75, 15.71, 14.97, 14.695, 15.03, 15.984, 17.34, 18.75, 20.16, 21.39, 22.39, 23.12, 23.31, 22.89, 21.89, 20.48, 18.9, 17.25, 15.445, 13.64, 11.87, 10.234, 8.84, 7.88, 7.094, 6.496, 5.992, 5.566, 5.324, 5.293, 5.418, 5.55, 5.53, 5.29, 4.85, 4.406, 4.02, 3.67, 3.12, 2.314, 1.193, 0.08514, -0.8135, -1.303, -1.485, -1.566, -1.77, -2.041, -2.158, -1.913, -1.386, -0.7153, -0.1233, 0.2369, 0.507, 0.6455, 0.9966, 1.597, 2.586, 4.043, 5.88, 8.055, 10.484, 13.13, 15.734, 17.84, 18.94, 18.77, 17.2, 14.1, 10.01, 5.363, 1.264, -1.457, -2.262, -1.08, 2.066, 7.49, 15.266, 24.44, 32.8, 38.72, 41.34, 40.75, 37.7, 33.66, 29.6, 26.06, 23.12, 21.11, 19.61, 18.48, 17.1, 14.66, 11.195, 7.324, 4.01, 1.931, 1.054, 0.5396, -0.5405, -2.521
-4.0, -5.902, -6.457, -5.246, -2.65, 0.8716, 4.938, 9.305, 13.7, 17.38, 19.81, 20.77, 20.36, 18.9, 16.39, 12.84, 8.34, 2.86, -3.281, -9.516, -15.11, -19.28, -21.58, -21.88, -20.36, -17.39, -13.49, -9.19, -4.98, -1.524, 0.783, 1.869, 2.088, 1.87, 1.635, 1.414, 1.041, 0.5635, 0.0951, 0.0544, 0.6616, 2.002, 4.23, 7.39, 11.4, 15.734, 19.66, 22.67, 24.56, 25.33, 25.42, 24.69, 23.19, 20.77, 17.73, 14.2, 10.414, 6.36, 1.935, -2.748, -7.49, -11.96, -15.82, -18.64, -20.16, -20.31, -19.4, -17.61, -15.23, -12.555, -9.83, -7.348, -5.375, -4.016, -3.256, -2.84, -2.328, -1.47, 0.2646, 3.203, 7.234, 12.06, 17.1, 21.94, 26.36, 30.23, 33.38, 35.4, 36.25, 36.03, 34.78, 32.75, 29.89, 26.67, 23.47, 20.78, 18.92, 17.66, 16.66, 15.695, 14.82, 14.266, 14.24, 14.77, 15.79, 17.0, 18.39, 19.84, 21.05, 22.12, 22.72, 22.73, 22.19, 21.22, 19.92, 18.4, 16.81, 15.07, 13.234, 11.48, 9.9, 8.64, 7.613, 6.77, 6.105, 5.59, 5.3, 5.293, 5.52, 5.8, 5.883, 5.79, 5.523, 5.117, 4.707, 4.156, 3.273, 2.07, 0.624, -0.561, -1.329, -1.392, -1.225, -1.119, -1.2295, -1.53, -1.691, -1.451, -0.9, -0.1743, 0.5405, 1.069, 1.49, 1.902, 2.447, 3.1, 4.055, 5.363, 7.05, 9.19, 11.62, 14.195, 16.56, 18.28, 18.9, 17.9, 15.3, 11.24, 6.305, 1.299, -2.766, -5.05, -5.133, -2.975, 1.045, 6.992, 15.1, 24.61, 33.22, 39.22, 41.7, 40.78, 37.44, 33.03, 28.7, 25.14, 22.33, 20.3, 18.88, 17.98, 17.11, 15.41, 12.46, 8.72, 5.082, 2.463, 1.156, 0.599, -0.1978, -1.794
-3.14, -5.188, -5.99, -4.863, -2.08, 1.965, 6.617, 11.53, 16.25, 20.19, 22.7, 23.75, 23.45, 22.2, 19.98, 16.73, 12.65, 7.492, 1.556, -4.855, -10.81, -15.484, -18.45, -19.42, -18.7, -16.55, -13.336, -9.47, -5.434, -1.854, 0.7725, 2.324, 3.021, 3.314, 3.525, 3.658, 3.559, 3.227, 2.832, 2.799, 3.37, 4.61, 6.62, 9.52, 13.29, 17.55, 21.56, 24.8, 26.84, 27.94, 28.17, 27.61, 26.33, 24.22, 21.38, 18.0, 14.48, 10.7, 6.63, 2.232, -2.32, -6.832, -11.125, -14.75, -17.42, -18.88, -19.3, -18.73, -17.38, -15.35, -12.914, -10.24, -7.74, -5.582, -3.906, -2.62, -1.457, -0.324, 1.206, 3.578, 7.035, 11.43, 16.25, 21.03, 25.38, 29.25, 32.4, 34.6, 35.5, 35.3, 33.94, 31.72, 28.78, 25.47, 22.34, 19.77, 18.11, 17.14, 16.31, 15.54, 14.586, 13.78, 13.29, 13.39, 14.12, 15.2, 16.47, 17.94, 19.34, 20.66, 21.56, 21.9, 21.9, 21.34, 20.48, 19.42, 18.03, 16.42, 14.61, 12.875, 11.15, 9.68, 8.43, 7.36, 6.395, 5.65, 5.21, 5.168, 5.5, 5.9, 6.13, 6.215, 6.09, 5.633, 4.977, 3.816, 2.104, 0.04614, -1.982, -3.41, -3.84, -3.258, -2.285, -1.433, -0.9995, -0.954, -0.9565, -0.7207, -0.1985, 0.4597, 1.069, 1.585, 2.09, 2.648, 3.246, 3.861, 4.69, 5.773, 7.34, 9.41, 11.87, 14.37, 16.44, 17.61, 17.3, 15.23, 11.42, 6.418, 0.938, -4.016, -7.566, -9.05, -8.25, -5.227, -0.4873, 6.168, 14.766, 24.42, 33.28, 39.25, 41.56, 40.34, 36.6, 32.06, 27.73, 24.17, 21.47, 19.48, 17.98, 17.16, 16.52, 15.35, 13.15, 9.875, 6.22, 3.176, 1.399, 0.6836, 0.0842, -1.136
-2.24, -4.28, -5.367, -4.52, -1.564, 2.914, 8.09, 13.53, 18.66, 22.75, 25.4, 26.6, 26.6, 25.47, 23.55, 20.48, 16.6, 11.73, 6.125, 0.05884, -5.83, -10.84, -14.36, -16.08, -16.17, -14.93, -12.625, -9.58, -6.133, -2.807, -0.1367, 1.689, 2.855, 3.723, 4.598, 5.344, 5.75, 5.824, 5.777, 5.97, 6.56, 7.48, 8.94, 11.34, 14.69, 18.7, 22.83, 26.28, 28.69, 30.11, 30.66, 30.34, 29.33, 27.42, 24.77, 21.62, 18.17, 14.6, 10.94, 7.062, 2.836, -1.482, -6.02, -10.29, -13.984, -16.89, -18.77, -19.77, -19.77, -18.78, -16.84, -14.16, -11.21, -8.375, -5.77, -3.52, -1.503, 0.248, 1.948, 4.03, 6.926, 10.836, 15.27, 19.89, 24.23, 28.25, 31.6, 33.9, 35.0, 34.7, 33.34, 30.98, 27.95, 24.64, 21.58, 19.16, 17.64, 16.67, 15.96, 15.17, 14.12, 13.11, 12.32, 12.11, 12.48, 13.234, 14.32, 15.67, 17.16, 18.61, 19.7, 20.45, 20.84, 20.83, 20.52, 19.83, 18.83, 17.48, 15.89, 14.266, 12.61, 11.11, 9.69, 8.29, 6.99, 5.91, 5.22, 5.004, 5.305, 5.78, 6.21, 6.523, 6.51, 5.945, 4.754, 2.535, -0.507, -3.902, -6.918, -8.77, -8.836, -7.316, -4.953, -2.738, -1.231, -0.5063, -0.147, 0.1774, 0.5957, 0.992, 1.387, 1.762, 2.293, 2.91, 3.564, 4.207, 4.895, 5.906, 7.37, 9.28, 11.586, 13.64, 15.03, 15.055, 13.33, 9.84, 4.973, -0.641, -6.16, -10.56, -13.17, -13.516, -11.57, -7.63, -1.994, 5.277, 14.23, 24.25, 33.16, 39.12, 41.28, 39.8, 35.94, 31.27, 26.83, 23.39, 20.67, 18.72, 17.1, 15.96, 15.26, 14.57, 13.125, 10.68, 7.43, 4.152, 1.92, 0.87, 0.313, -0.579
-1.404, -3.28, -4.562, -3.928, -0.9453, 3.854, 9.56, 15.37, 20.78, 24.95, 27.75, 29.19, 29.52, 28.7, 26.97, 23.94, 20.02, 15.36, 10.19, 4.73, -0.719, -5.613, -9.47, -11.9, -12.84, -12.586, -11.445, -9.59, -7.164, -4.543, -2.215, -0.4055, 1.114, 2.639, 4.363, 5.95, 7.14, 7.97, 8.586, 9.24, 9.89, 10.46, 11.29, 12.88, 15.555, 19.28, 23.39, 27.12, 30.02, 31.88, 32.75, 32.8, 32.16, 30.44, 28.03, 24.88, 21.31, 17.78, 14.28, 10.89, 7.27, 3.424, -0.8843, -5.445, -9.91, -13.99, -17.39, -20.1, -21.75, -22.1, -21.0, -18.69, -15.57, -12.21, -8.836, -5.637, -2.707, -0.1183, 2.078, 4.25, 6.848, 10.31, 14.36, 18.72, 23.05, 27.16, 30.73, 33.25, 34.47, 34.25, 32.78, 30.27, 27.27, 24.08, 21.2, 18.9, 17.27, 16.19, 15.43, 14.49, 13.375, 12.3, 11.46, 11.05, 11.1, 11.516, 12.29, 13.38, 14.76, 16.19, 17.48, 18.44, 19.16, 19.6, 19.77, 19.62, 19.12, 18.22, 17.05, 15.74, 14.3, 12.86, 11.29, 9.64, 8.06, 6.582, 5.44, 4.91, 5.074, 5.55, 6.203, 6.73, 6.742, 5.965, 4.01, 0.473, -4.246, -9.37, -13.8, -16.1, -15.73, -12.96, -8.95, -5.02, -2.168, -0.4624, 0.3474, 0.695, 0.799, 0.7725, 0.7983, 1.023, 1.676, 2.6, 3.516, 4.336, 5.125, 6.133, 7.426, 9.16, 10.805, 11.74, 11.56, 9.74, 6.242, 1.319, -4.27, -9.875, -14.71, -17.98, -19.19, -18.11, -14.88, -9.93, -3.46, 4.49, 13.92, 24.1, 33.03, 38.84, 40.72, 39.03, 35.03, 30.39, 25.94, 22.4, 19.81, 17.75, 16.02, 14.59, 13.805, 13.3, 12.51, 10.99, 8.41, 5.312, 2.746, 1.221, 0.5044, -0.1359
-0.7676, -2.244, -3.543, -3.107, -0.1768, 4.79, 10.734, 16.83, 22.36, 26.67, 29.7, 31.45, 32.2, 31.86, 30.3, 27.23, 23.06, 18.16, 13.28, 8.625, 4.062, -0.278, -4.13, -6.945, -8.74, -9.59, -9.76, -9.3, -8.24, -6.812, -5.348, -3.957, -2.402, -0.3372, 2.223, 4.91, 7.223, 9.07, 10.58, 11.86, 12.81, 13.36, 13.695, 14.56, 16.4, 19.5, 23.36, 27.17, 30.56, 32.78, 34.12, 34.47, 34.03, 32.8, 30.64, 27.62, 23.86, 20.06, 16.45, 13.33, 10.4, 7.28, 3.58, -0.7007, -5.39, -10.21, -14.8, -19.03, -22.4, -24.34, -24.58, -23.02, -20.28, -16.75, -12.82, -8.81, -5.0, -1.5625, 1.31, 3.85, 6.535, 9.7, 13.34, 17.4, 21.69, 25.95, 29.66, 32.38, 33.7, 33.5, 32.03, 29.48, 26.52, 23.39, 20.67, 18.5, 16.88, 15.64, 14.67, 13.555, 12.4, 11.38, 10.64, 10.26, 10.19, 10.31, 10.69, 11.39, 12.445, 13.68, 14.875, 15.99, 16.97, 17.73, 18.34, 18.7, 18.77, 18.4, 17.75, 16.9, 15.766, 14.586, 13.1, 11.414, 9.52, 7.625, 6.074, 5.16, 5.023, 5.406, 6.105, 6.734, 6.723, 5.676, 2.969, -1.875, -8.336, -15.195, -20.95, -23.77, -23.08, -19.1, -13.51, -7.887, -3.637, -1.083, 0.01263, 0.08514, -0.5176, -1.321, -1.921, -1.779, -0.675, 0.9155, 2.596, 4.008, 5.168, 6.387, 7.562, 8.58, 8.81, 7.734, 5.156, 1.124, -4.062, -9.8, -15.43, -20.19, -23.75, -25.36, -24.95, -22.36, -17.86, -11.81, -4.51, 4.105, 13.89, 24.28, 33.12, 38.72, 40.22, 38.38, 34.34, 29.61, 25.0, 21.34, 18.5, 16.5, 14.79, 13.25, 12.2, 11.734, 11.45, 10.805, 9.13, 6.44, 3.627, 1.556, 0.5264, 0.03093
-0.3132, -1.219, -2.238, -1.904, 0.746, 5.633, 11.7, 17.77, 23.31, 27.69, 31.05, 33.2, 34.44, 34.5, 33.12, 30.06, 25.6, 20.48, 15.516, 11.42, 7.85, 4.465, 1.13, -1.748, -4.016, -5.816, -7.17, -8.09, -8.57, -8.68, -8.57, -8.26, -7.33, -5.34, -2.162, 1.602, 5.258, 8.4, 11.05, 13.2, 14.76, 15.555, 15.83, 16.23, 17.36, 19.6, 22.8, 26.36, 29.73, 32.34, 33.97, 34.75, 34.75, 34.0, 32.22, 29.44, 25.66, 21.44, 17.5, 14.38, 11.984, 9.74, 6.94, 3.336, -1.039, -5.94, -11.13, -16.45, -21.33, -24.89, -26.64, -26.34, -24.42, -21.19, -17.16, -12.68, -8.27, -4.14, -0.5054, 2.588, 5.5, 8.67, 12.125, 15.85, 20.03, 24.31, 28.25, 31.06, 32.56, 32.44, 30.88, 28.34, 25.38, 22.34, 19.7, 17.6, 15.914, 14.586, 13.38, 12.2, 11.11, 10.25, 9.71, 9.55, 9.45, 9.37, 9.414, 9.77, 10.414, 11.35, 12.43, 13.484, 14.52, 15.516, 16.39, 17.17, 17.66, 17.86, 17.77, 17.42, 16.77, 15.96, 14.72, 13.1, 11.195, 9.07, 7.184, 5.83, 5.305, 5.43, 6.08, 6.73, 6.645, 5.344, 1.978, -3.912, -11.54, -19.8, -26.58, -29.83, -28.84, -24.02, -17.19, -10.375, -5.22, -2.256, -1.41, -2.14, -3.986, -6.254, -7.742, -7.72, -5.99, -3.303, -0.179, 2.463, 4.39, 5.953, 6.7, 6.316, 4.42, 0.764, -4.445, -10.38, -16.4, -21.88, -26.47, -29.78, -31.69, -31.67, -29.67, -25.56, -19.77, -12.82, -4.86, 4.293, 14.58, 24.94, 33.38, 38.47, 39.72, 37.72, 33.72, 28.67, 23.69, 19.84, 16.97, 15.01, 13.42, 11.836, 10.6, 10.11, 10.18, 10.22, 9.32, 7.152, 4.31, 1.868, 0.4524, -0.00964
-0.1259, -0.3735, -0.9043, -0.5654, 1.724, 6.246, 12.06, 18.14, 23.66, 28.17, 31.69, 34.16, 35.75, 36.06, 34.8, 31.84, 27.23, 21.77, 16.66, 12.766, 10.01, 7.805, 5.508, 3.215, 0.9634, -1.216, -3.338, -5.285, -7.086, -8.7, -10.39, -11.96, -12.6, -11.62, -8.516, -4.035, 0.9185, 5.523, 9.46, 12.695, 15.0, 16.42, 17.08, 17.45, 18.11, 19.55, 21.81, 24.66, 27.62, 30.22, 32.06, 33.12, 33.56, 33.25, 32.03, 29.64, 26.14, 21.83, 17.64, 14.41, 12.305, 10.78, 8.9, 6.258, 2.64, -1.783, -7.008, -12.734, -18.47, -23.3, -26.58, -27.89, -27.19, -24.77, -21.2, -16.7, -12.016, -7.438, -3.271, 0.492, 3.852, 7.074, 10.37, 13.99, 18.06, 22.34, 26.4, 29.44, 30.95, 30.88, 29.52, 27.06, 24.06, 20.9, 18.12, 15.87, 14.086, 12.72, 11.57, 10.48, 9.516, 8.86, 8.62, 8.65, 8.73, 8.61, 8.39, 8.39, 8.72, 9.336, 10.18, 11.1, 12.09, 13.12, 14.12, 15.14, 15.94, 16.52, 16.94, 17.03, 16.83, 16.4, 15.48, 14.17, 12.445, 10.414, 8.47, 6.84, 5.914, 5.707, 6.09, 6.57, 6.414, 4.96, 1.378, -4.848, -13.125, -21.97, -29.2, -32.47, -31.34, -26.1, -18.81, -11.664, -6.297, -3.5, -3.348, -5.484, -9.195, -13.33, -16.25, -16.77, -14.54, -10.42, -5.504, -1.207, 1.8955, 3.672, 3.588, 1.532, -2.775, -9.07, -16.16, -23.03, -28.55, -32.84, -35.7, -37.28, -37.4, -35.75, -32.34, -27.02, -20.4, -12.84, -4.434, 5.176, 15.57, 25.73, 33.7, 38.22, 39.12, 37.03, 32.8, 27.36, 22.06, 17.94, 15.09, 13.234, 11.77, 10.305, 9.09, 8.555, 8.664, 9.09, 8.85, 7.293, 4.73, 2.135, 0.369, -0.2126
-0.1714, 0.1362, 0.2318, 0.717, 2.553, 6.44, 11.766, 17.55, 23.03, 27.67, 31.28, 33.9, 35.53, 35.84, 34.66, 31.72, 27.17, 21.75, 16.47, 12.66, 10.5, 9.32, 8.29, 6.98, 5.35, 3.387, 1.204, -1.172, -3.826, -6.707, -10.14, -13.81, -16.77, -17.7, -15.734, -11.17, -5.426, 0.4785, 5.695, 10.02, 13.27, 15.42, 16.69, 17.36, 17.94, 18.8, 20.25, 22.23, 24.48, 26.77, 28.56, 29.75, 30.45, 30.56, 29.77, 27.95, 24.89, 20.95, 16.81, 13.49, 11.48, 10.45, 9.43, 7.742, 5.07, 1.404, -3.148, -8.54, -14.41, -20.08, -24.62, -27.44, -28.17, -26.97, -24.08, -20.02, -15.414, -10.64, -6.086, -1.928, 1.862, 5.234, 8.53, 12.02, 15.945, 20.25, 24.23, 27.31, 28.92, 28.98, 27.84, 25.48, 22.4, 19.06, 16.02, 13.516, 11.64, 10.32, 9.234, 8.27, 7.516, 7.105, 7.16, 7.44, 7.656, 7.598, 7.305, 7.047, 7.082, 7.5, 8.125, 8.836, 9.664, 10.61, 11.61, 12.6, 13.52, 14.37, 15.1, 15.53, 15.695, 15.586, 14.984, 14.07, 12.77, 11.09, 9.375, 7.79, 6.65, 6.09, 6.16, 6.45, 6.22, 4.793, 1.356, -4.61, -12.44, -20.89, -27.81, -30.97, -29.75, -24.8, -17.78, -11.07, -6.242, -4.188, -5.04, -8.67, -14.33, -20.64, -25.33, -26.8, -24.45, -19.14, -12.67, -6.79, -2.633, -0.748, -1.657, -5.574, -12.1, -20.06, -27.75, -34.03, -38.3, -40.7, -41.78, -41.53, -40.12, -37.28, -32.72, -26.86, -19.83, -12.25, -3.576, 6.164, 16.61, 26.3, 33.7, 37.6, 38.4, 36.16, 31.53, 25.66, 20.0, 15.55, 12.79, 11.01, 9.734, 8.445, 7.383, 6.867, 7.01, 7.586, 7.734, 6.797, 4.805, 2.371, 0.4167, -0.377
-0.569, 0.002, 0.6357, 1.407, 2.982, 6.08, 10.664, 16.03, 21.28, 25.94, 29.62, 32.25, 33.7, 33.8, 32.47, 29.48, 25.05, 19.81, 14.78, 11.09, 9.27, 8.88, 9.02, 8.87, 8.15, 6.82, 5.008, 2.629, -0.1705, -3.59, -8.16, -13.57, -18.75, -22.03, -21.89, -18.33, -12.44, -5.844, 0.29, 5.47, 9.47, 12.36, 14.305, 15.47, 16.2, 16.86, 17.73, 19.02, 20.69, 22.38, 23.94, 25.12, 25.94, 26.2, 25.78, 24.44, 21.92, 18.56, 14.85, 11.734, 9.83, 9.086, 8.68, 7.76, 5.984, 3.328, -0.183, -4.63, -9.945, -15.7, -20.97, -24.95, -27.05, -27.0, -24.97, -21.52, -17.33, -12.83, -8.29, -4.004, -0.03592, 3.465, 6.727, 10.24, 14.01, 18.16, 21.88, 24.88, 26.48, 26.81, 25.78, 23.48, 20.3, 16.73, 13.39, 10.695, 8.82, 7.49, 6.57, 5.812, 5.34, 5.188, 5.492, 5.934, 6.254, 6.242, 5.918, 5.586, 5.457, 5.64, 6.086, 6.61, 7.258, 8.06, 8.84, 9.75, 10.6, 11.5, 12.32, 12.98, 13.37, 13.47, 13.24, 12.695, 11.84, 10.69, 9.43, 8.125, 7.04, 6.324, 6.125, 6.176, 5.87, 4.637, 1.742, -3.258, -9.93, -17.23, -23.16, -25.77, -24.61, -20.23, -14.34, -8.71, -4.945, -3.84, -5.64, -10.49, -17.72, -25.77, -32.06, -34.7, -32.6, -26.98, -19.64, -12.75, -7.92, -6.156, -8.016, -13.28, -20.75, -29.11, -36.4, -41.38, -44.16, -45.0, -44.47, -42.88, -40.2, -36.47, -31.42, -25.36, -18.58, -10.984, -2.387, 7.223, 17.14, 26.1, 32.75, 36.3, 36.84, 34.3, 29.3, 22.9, 16.94, 12.67, 9.91, 8.33, 7.285, 6.27, 5.387, 5.027, 5.258, 5.812, 6.195, 5.86, 4.543, 2.547, 0.573, -0.555
-1.109, -0.6045, 0.283, 1.284, 2.746, 5.207, 8.93, 13.62, 18.38, 22.77, 26.28, 28.7, 29.78, 29.56, 27.86, 24.86, 20.62, 15.88, 11.49, 8.26, 6.848, 7.027, 7.945, 8.695, 8.81, 8.11, 6.71, 4.72, 2.283, -0.9805, -5.57, -11.586, -18.2, -23.44, -25.42, -23.44, -18.33, -11.84, -5.516, 0.03275, 4.434, 7.66, 10.02, 11.59, 12.58, 13.39, 14.18, 15.17, 16.36, 17.73, 19.02, 19.97, 20.64, 20.92, 20.64, 19.47, 17.45, 14.664, 11.63, 9.05, 7.477, 6.914, 6.875, 6.56, 5.523, 3.805, 1.421, -1.779, -6.01, -11.04, -16.25, -20.75, -23.75, -24.7, -23.69, -21.08, -17.48, -13.45, -9.19, -5.15, -1.4, 2.057, 5.28, 8.68, 12.38, 16.11, 19.53, 22.1, 23.69, 23.94, 22.9, 20.56, 17.27, 13.57, 10.23, 7.582, 5.77, 4.613, 3.99, 3.574, 3.344, 3.3, 3.611, 4.074, 4.438, 4.504, 4.26, 4.0, 3.83, 3.865, 4.133, 4.543, 5.016, 5.562, 6.14, 6.758, 7.465, 8.24, 8.984, 9.695, 10.2, 10.484, 10.42, 10.21, 9.766, 9.14, 8.38, 7.51, 6.68, 6.047, 5.785, 5.688, 5.312, 4.332, 2.115, -1.632, -6.613, -12.05, -16.48, -18.5, -17.48, -14.01, -9.44, -5.266, -2.758, -2.523, -4.938, -10.17, -17.97, -26.9, -34.2, -37.6, -36.22, -31.03, -23.84, -17.02, -12.36, -10.85, -12.99, -18.42, -25.69, -33.56, -39.9, -43.8, -45.38, -45.1, -43.62, -41.22, -37.94, -33.78, -28.67, -23.02, -16.62, -9.484, -1.237, 7.89, 17.03, 25.03, 30.9, 33.94, 34.16, 31.03, 25.33, 18.66, 12.97, 9.016, 6.67, 5.34, 4.527, 3.863, 3.332, 3.182, 3.434, 3.951, 4.45, 4.58, 3.963, 2.578, 0.744, -0.6987
-1.6, -1.452, -0.6455, 0.4463, 1.837, 3.904, 6.8, 10.445, 14.36, 18.16, 21.19, 23.28, 24.1, 23.48, 21.5, 18.42, 14.52, 10.555, 7.125, 4.707, 3.799, 4.305, 5.574, 6.785, 7.418, 7.184, 6.164, 4.62, 2.754, 0.282, -3.328, -8.625, -15.14, -21.25, -24.92, -24.83, -21.28, -15.96, -10.17, -5.02, -0.873, 2.363, 4.86, 6.645, 7.88, 8.92, 9.836, 10.805, 11.98, 13.08, 14.086, 14.77, 15.22, 15.35, 14.99, 13.875, 12.05, 9.79, 7.547, 5.637, 4.457, 4.164, 4.49, 4.64, 4.14, 3.11, 1.676, -0.359, -3.27, -6.926, -11.17, -15.29, -18.58, -20.28, -20.14, -18.45, -15.75, -12.35, -8.85, -5.348, -2.086, 0.994, 4.066, 7.254, 10.68, 13.87, 16.75, 18.7, 19.86, 19.7, 18.38, 15.875, 12.63, 9.336, 6.492, 4.332, 2.846, 2.04, 1.679, 1.527, 1.431, 1.47, 1.6875, 2.033, 2.352, 2.488, 2.436, 2.275, 2.102, 2.045, 2.195, 2.438, 2.783, 3.164, 3.574, 3.934, 4.414, 4.97, 5.594, 6.223, 6.695, 6.94, 6.992, 6.95, 6.79, 6.527, 6.22, 5.78, 5.293, 4.875, 4.656, 4.56, 4.223, 3.414, 1.896, -0.502, -3.627, -7.055, -9.84, -11.02, -10.16, -7.645, -4.543, -1.856, -0.539, -0.9688, -3.459, -8.125, -15.234, -23.6, -30.89, -34.78, -34.28, -30.19, -24.17, -18.31, -14.28, -12.95, -14.6, -18.9, -25.17, -32.2, -37.75, -41.1, -42.16, -41.5, -39.84, -37.12, -33.7, -29.55, -24.78, -19.61, -13.79, -7.324, 0.076, 8.21, 16.03, 22.83, 27.7, 30.0, 29.28, 25.27, 19.31, 12.984, 8.16, 5.113, 3.361, 2.395, 1.965, 1.653, 1.497, 1.535, 1.799, 2.203, 2.648, 2.965, 2.852, 2.074, 0.671, -0.821
-1.842, -1.985, -1.476, -0.552, 0.6553, 2.31, 4.363, 6.95, 9.664, 12.33, 14.6, 16.17, 16.5, 15.65, 13.56, 10.81, 7.73, 4.81, 2.574, 1.23, 0.8477, 1.429, 2.586, 3.84, 4.566, 4.516, 3.814, 2.701, 1.466, 0.04617, -2.082, -5.555, -10.414, -15.805, -19.9, -21.45, -20.05, -16.6, -12.39, -8.27, -4.81, -2.053, 0.1827, 1.933, 3.309, 4.445, 5.434, 6.41, 7.45, 8.36, 9.07, 9.49, 9.57, 9.43, 8.836, 7.793, 6.36, 4.8, 3.344, 2.148, 1.445, 1.443, 1.945, 2.318, 2.178, 1.555, 0.7134, -0.3591, -1.916, -4.03, -6.82, -9.83, -12.45, -14.266, -14.82, -14.15, -12.445, -10.06, -7.504, -4.863, -2.281, 0.265, 2.863, 5.6, 8.35, 10.836, 12.77, 13.9, 14.28, 13.58, 11.945, 9.445, 6.715, 4.34, 2.51, 1.172, 0.2397, -0.2078, -0.3542, -0.2976, -0.2202, -0.2084, -0.2269, -0.1593, 0.0703, 0.3599, 0.5083, 0.4731, 0.3877, 0.3108, 0.3254, 0.434, 0.6895, 1.005, 1.248, 1.422, 1.674, 2.008, 2.5, 2.97, 3.244, 3.414, 3.436, 3.422, 3.387, 3.35, 3.236, 3.078, 2.871, 2.72, 2.623, 2.543, 2.31, 1.766, 0.8013, -0.527, -2.064, -3.744, -5.0, -5.434, -4.72, -3.164, -1.317, 0.0359, 0.4827, -0.2876, -2.266, -5.523, -10.53, -17.03, -23.17, -27.03, -27.44, -25.0, -20.72, -16.34, -13.22, -11.734, -12.29, -15.01, -19.5, -25.0, -29.72, -32.8, -34.12, -33.8, -32.53, -30.33, -27.28, -23.66, -19.77, -15.21, -10.25, -4.65, 1.531, 8.05, 14.14, 19.23, 22.53, 23.55, 21.61, 17.12, 11.52, 6.652, 3.338, 1.574, 0.6665, 0.1521, -0.0423, -0.02777, 0.0614, 0.1908, 0.3667, 0.5625, 0.8755, 1.22, 1.348, 1.027, 0.1425, -1.024
-1.8955, -2.018, -1.89, -1.397, -0.6104, 0.498, 1.81, 3.129, 4.445, 5.67, 6.758, 7.613, 7.76, 6.973, 5.414, 3.605, 1.751, 0.2052, -0.885, -1.432, -1.6045, -1.205, -0.3987, 0.4905, 1.052, 1.098, 0.675, -0.0484, -0.754, -1.344, -2.055, -3.46, -5.867, -9.086, -12.195, -14.12, -14.19, -12.77, -10.445, -7.95, -5.703, -3.795, -2.262, -1.016, 0.00456, 0.799, 1.495, 2.18, 2.896, 3.486, 3.816, 3.955, 3.807, 3.496, 2.96, 2.145, 1.248, 0.4036, -0.2815, -0.8145, -1.028, -0.855, -0.372, 0.0389, 0.03918, -0.3696, -0.96, -1.501, -2.105, -2.902, -4.062, -5.523, -7.062, -8.35, -9.09, -9.055, -8.27, -7.004, -5.5, -3.924, -2.367, -0.7563, 1.042, 2.852, 4.48, 5.79, 6.46, 6.773, 6.562, 5.766, 4.324, 2.475, 0.781, -0.39, -1.062, -1.532, -1.927, -2.127, -2.064, -1.813, -1.671, -1.76, -1.98, -2.164, -2.07, -1.698, -1.334, -1.159, -1.154, -1.303, -1.432, -1.447, -1.298, -1.046, -0.891, -0.8394, -0.7104, -0.5225, -0.1885, 0.1041, 0.2189, 0.2393, 0.1716, 0.1365, 0.1777, 0.2245, 0.2057, 0.07117, -0.05005, -0.06238, -0.0579, -0.09515, -0.2397, -0.5933, -1.116, -1.647, -2.084, -2.527, -2.914, -2.9, -2.523, -1.723, -0.8594, -0.3835, -0.4163, -1.03, -2.137, -3.73, -6.227, -9.83, -13.79, -16.7, -17.7, -16.58, -14.34, -11.68, -9.57, -8.164, -7.8, -9.06, -11.56, -15.0, -18.17, -20.5, -21.75, -22.02, -21.44, -20.23, -18.19, -15.66, -12.81, -9.625, -6.082, -1.997, 2.307, 6.45, 10.01, 12.57, 13.95, 13.484, 11.36, 7.67, 3.92, 1.235, -0.2317, -0.75, -1.058, -1.29, -1.32, -1.1045, -0.8594, -0.762, -0.8438, -0.903, -0.749, -0.504, -0.358, -0.527, -1.002, -1.545
-2.14, -2.037, -2.06, -1.984, -1.724, -1.2705, -0.7505, -0.5664, -0.5747, -0.7393, -0.559, -0.2244, 0.0593, -0.1566, -0.671, -1.384, -1.88, -2.352, -2.719, -2.95, -3.107, -3.008, -2.652, -2.223, -1.919, -1.813, -1.975, -2.38, -2.762, -2.834, -2.79, -2.852, -3.262, -4.17, -5.33, -6.27, -6.65, -6.35, -5.586, -4.7, -3.85, -3.123, -2.613, -2.18, -1.899, -1.755, -1.63, -1.412, -1.188, -0.8994, -0.7983, -0.9434, -1.012, -1.246, -1.549, -1.895, -2.207, -2.383, -2.44, -2.602, -2.66, -2.447, -2.08, -1.759, -1.767, -2.09, -2.516, -2.83, -3.02, -3.014, -3.053, -3.232, -3.637, -4.215, -4.664, -4.832, -4.65, -4.207, -3.684, -3.291, -2.885, -2.406, -1.792, -1.178, -0.6626, -0.4346, -0.625, -0.813, -0.948, -1.184, -1.811, -2.713, -3.422, -3.564, -3.305, -3.121, -3.25, -3.326, -3.15, -2.818, -2.703, -2.885, -3.336, -3.676, -3.71, -3.33, -2.77, -2.379, -2.352, -2.615, -2.848, -2.928, -2.826, -2.635, -2.54, -2.562, -2.543, -2.412, -2.154, -1.952, -1.942, -2.062, -2.26, -2.334, -2.21, -2.17, -2.213, -2.336, -2.482, -2.588, -2.56, -2.463, -2.527, -2.748, -2.97, -3.088, -3.01, -2.938, -2.953, -3.006, -3.014, -2.867, -2.594, -2.486, -2.56, -2.654, -2.955, -3.262, -3.902, -4.97, -6.453, -7.64, -8.164, -7.83, -7.023, -5.977, -5.16, -4.652, -4.414, -4.73, -5.38, -6.47, -7.453, -8.12, -8.664, -8.85, -8.96, -8.57, -7.688, -6.535, -5.316, -3.94, -2.588, -0.9834, 0.61, 1.798, 2.479, 2.79, 3.025, 2.926, 2.014, 0.37, -1.246, -2.09, -2.219, -1.947, -1.916, -2.018, -1.992, -1.793, -1.555, -1.567, -1.811, -1.995, -1.994, -1.856, -1.77, -1.868, -2.107, -2.225
