-7.266, -7.453, -7.61, -7.7, -7.797, -8.05, -8.47, -8.95, -9.445, -9.9, -10.3, -10.56, -10.7, -10.66, -10.51, -10.195, -9.79, -9.31, -8.875, -8.555, -8.34, -8.24, -8.24, -8.27, -8.38, -8.516, -8.64, -8.75, -8.85, -8.984, -9.14, -9.305, -9.42, -9.41, -9.266, -8.98, -8.586, -8.11, -7.574, -7.082, -6.746, -6.695, -6.875, -7.24, -7.723, -8.17, -8.49, -8.69, -8.76, -8.695, -8.484, -8.14, -7.723, -7.312, -6.98, -6.816, -6.832, -7.008, -7.254, -7.504, -7.715, -7.91, -8.09, -8.195, -8.21, -8.22, -8.28, -8.45, -8.68, -8.77, -8.555, -8.0, -7.316, -6.805, -6.62, -6.746, -7.086, -7.58, -8.11, -8.44, -8.38, -7.953, -7.473, -7.176, -7.18, -7.355, -7.562, -7.676, -7.586, -7.402, -7.453, -7.785, -8.06, -8.05, -8.03, -8.336, -8.79, -8.96, -8.81, -8.625, -8.516, -8.33, -7.938, -7.613, -7.688, -8.18, -8.63, -8.83, -9.13, -9.9, -10.86, -11.36, -11.3, -11.266, -11.77, -12.45, -12.31, -11.47, -10.75, -10.51, -10.62, -10.83, -10.625, -9.57, -8.0, -6.562, -5.516, -4.594, -4.133, -4.1, -4.35, -4.773, -5.098, -5.54, -5.895, -6.215, -6.47, -6.547, -6.598, -6.46, -6.38, -6.254, -6.207, -6.35, -6.51, -6.84, -6.855, -7.043, -7.3, -7.734, -7.95, -7.99, -8.39, -9.09, -9.65, -9.88, -10.055, -9.95, -9.31, -9.01, -9.33, -9.25, -8.414, -7.91, -8.4, -9.11, -9.09, -8.5, -8.35, -9.03, -9.81, -10.0, -9.78, -9.64, -9.59, -9.39, -9.09, -8.86, -8.77, -8.586, -8.195, -7.863, -7.996, -8.41, -8.66, -8.5, -8.28, -8.17, -8.03, -7.855, -7.83, -8.1, -8.42, -8.48, -8.17, -7.79, -7.55, -7.383, -7.254, -7.2
-5.953, -6.06, -6.137, -6.242, -6.46, -6.934, -7.652, -8.47, -9.305, -10.016, -10.57, -10.92, -11.06, -11.05, -10.9, -10.64, -10.21, -9.64, -8.945, -8.22, -7.55, -7.008, -6.62, -6.32, -6.016, -5.645, -5.266, -5.13, -5.297, -5.777, -6.5, -7.285, -7.996, -8.49, -8.73, -8.695, -8.39, -7.918, -7.34, -6.805, -6.383, -6.184, -6.15, -6.19, -6.207, -6.13, -5.89, -5.574, -5.254, -4.992, -4.82, -4.734, -4.78, -4.824, -4.87, -4.855, -4.844, -4.883, -4.97, -5.094, -5.246, -5.383, -5.41, -5.26, -4.93, -4.55, -4.324, -4.36, -4.668, -5.03, -5.227, -5.15, -4.938, -4.824, -4.973, -5.344, -5.84, -6.42, -6.97, -7.277, -7.113, -6.516, -5.848, -5.438, -5.43, -5.715, -6.13, -6.535, -6.78, -7.01, -7.496, -8.3, -9.0, -9.37, -9.62, -10.06, -10.48, -10.47, -10.03, -9.47, -8.96, -8.42, -7.83, -7.44, -7.594, -8.305, -9.14, -9.82, -10.7, -11.94, -13.36, -14.336, -14.87, -15.37, -16.12, -16.83, -16.8, -16.05, -15.16, -14.195, -13.31, -12.39, -11.06, -9.09, -7.117, -5.523, -4.336, -3.598, -3.436, -3.71, -4.105, -4.69, -4.992, -5.684, -5.797, -6.4, -6.324, -6.82, -6.617, -6.953, -6.703, -6.957, -6.727, -6.867, -6.64, -6.71, -6.63, -6.457, -6.31, -6.375, -6.83, -7.266, -7.742, -8.34, -8.93, -9.21, -9.31, -9.33, -9.14, -8.88, -8.83, -8.73, -8.33, -8.055, -8.2, -8.49, -8.41, -8.01, -7.793, -8.06, -8.42, -8.445, -8.22, -8.05, -7.926, -7.793, -7.664, -7.625, -7.652, -7.59, -7.37, -7.21, -7.293, -7.543, -7.633, -7.41, -7.062, -6.742, -6.438, -6.223, -6.297, -6.695, -7.156, -7.273, -6.953, -6.387, -5.895, -5.656, -5.664, -5.81
-3.633, -3.564, -3.574, -3.795, -4.336, -5.184, -6.348, -7.62, -8.836, -9.86, -10.59, -11.05, -11.24, -11.32, -11.32, -11.234, -10.97, -10.44, -9.59, -8.5, -7.22, -5.97, -4.895, -3.965, -3.016, -1.962, -1.074, -0.712, -1.071, -2.092, -3.494, -5.055, -6.49, -7.633, -8.38, -8.67, -8.54, -8.07, -7.445, -6.78, -6.176, -5.69, -5.258, -4.766, -4.13, -3.271, -2.307, -1.415, -0.796, -0.5312, -0.7124, -1.275, -2.08, -2.88, -3.422, -3.6, -3.47, -3.201, -2.936, -2.719, -2.553, -2.355, -2.016, -1.427, -0.5874, 0.2932, 0.8887, 0.9023, 0.368, -0.4675, -1.314, -1.922, -2.36, -2.775, -3.334, -3.984, -4.63, -5.25, -5.78, -6.0, -5.734, -5.023, -4.215, -3.748, -3.768, -4.207, -4.9, -5.645, -6.312, -6.992, -7.953, -9.18, -10.31, -11.055, -11.58, -12.09, -12.39, -12.18, -11.445, -10.39, -9.336, -8.27, -7.35, -6.867, -7.01, -7.848, -9.016, -10.25, -11.67, -13.33, -15.04, -16.53, -17.84, -19.06, -20.14, -20.83, -21.02, -20.86, -20.22, -19.02, -17.3, -14.99, -12.03, -9.03, -6.77, -5.164, -3.885, -3.195, -3.254, -3.236, -3.693, -3.57, -4.164, -4.03, -4.562, -4.42, -5.023, -4.98, -5.55, -5.58, -5.965, -6.15, -6.434, -6.52, -6.41, -6.11, -6.152, -5.797, -5.473, -5.18, -5.69, -6.434, -6.793, -7.062, -7.574, -8.08, -8.26, -8.516, -8.81, -8.54, -7.957, -7.8, -7.96, -7.883, -7.51, -7.188, -7.035, -6.875, -6.625, -6.4, -6.29, -6.22, -6.09, -5.96, -5.914, -5.96, -6.15, -6.42, -6.684, -6.816, -6.844, -6.863, -6.883, -6.87, -6.695, -6.293, -5.715, -5.07, -4.516, -4.254, -4.445, -5.04, -5.656, -5.914, -5.594, -4.836, -4.04, -3.559, -3.496, -3.621
-0.592, -0.2776, -0.2554, -0.646, -1.518, -2.79, -4.38, -6.098, -7.715, -9.08, -10.03, -10.63, -10.98, -11.2, -11.38, -11.5, -11.47, -11.11, -10.305, -8.98, -7.21, -5.25, -3.402, -1.69, -0.04297, 1.615, 2.93, 3.398, 2.797, 1.289, -0.7725, -3.035, -5.176, -6.977, -8.26, -8.96, -9.06, -8.664, -7.98, -7.14, -6.25, -5.33, -4.363, -3.262, -1.958, -0.481, 0.99, 2.176, 2.822, 2.799, 2.092, 0.797, -0.8037, -2.309, -3.332, -3.674, -3.42, -2.809, -2.084, -1.355, -0.629, 0.1833, 1.176, 2.44, 3.906, 5.312, 6.17, 6.137, 5.25, 3.781, 2.227, 0.881, -0.2085, -1.151, -2.098, -3.008, -3.816, -4.496, -4.992, -5.184, -4.867, -4.094, -3.234, -2.734, -2.795, -3.373, -4.285, -5.324, -6.36, -7.445, -8.73, -10.22, -11.61, -12.6, -13.26, -13.65, -13.71, -13.195, -12.086, -10.53, -8.82, -7.195, -5.984, -5.484, -5.777, -6.773, -8.23, -10.0, -11.89, -13.85, -15.734, -17.6, -19.56, -21.42, -22.73, -23.36, -23.7, -24.05, -24.05, -23.03, -21.03, -17.8, -13.68, -9.93, -7.133, -4.97, -3.299, -2.898, -2.855, -3.15, -2.854, -2.941, -2.37, -2.781, -1.668, -2.973, -1.725, -3.723, -2.465, -4.56, -3.521, -5.176, -4.867, -5.906, -5.914, -5.625, -5.605, -5.31, -4.934, -4.3, -4.36, -5.125, -5.52, -5.598, -5.95, -6.617, -7.023, -7.438, -7.906, -7.574, -6.695, -6.59, -7.184, -7.16, -6.223, -5.355, -5.168, -5.277, -5.043, -4.418, -3.969, -3.904, -3.965, -3.95, -4.004, -4.32, -4.85, -5.445, -5.93, -6.277, -6.54, -6.676, -6.586, -6.23, -5.69, -5.008, -4.113, -3.111, -2.32, -2.072, -2.453, -3.242, -4.035, -4.473, -4.246, -3.373, -2.234, -1.4, -1.025, -0.8477
2.936, 3.496, 3.615, 3.12, 2.03, 0.4502, -1.496, -3.682, -5.79, -7.6, -8.945, -9.81, -10.37, -10.7, -10.984, -11.23, -11.336, -11.12, -10.42, -9.09, -7.1, -4.68, -2.15, 0.2783, 2.576, 4.734, 6.37, 6.945, 6.2, 4.31, 1.695, -1.173, -3.934, -6.34, -8.17, -9.3, -9.71, -9.46, -8.78, -7.793, -6.547, -5.133, -3.584, -1.909, -0.1499, 1.622, 3.197, 4.28, 4.656, 4.246, 3.072, 1.278, -0.83, -2.79, -4.15, -4.664, -4.375, -3.555, -2.455, -1.215, 0.1973, 1.842, 3.742, 5.85, 7.99, 9.87, 10.92, 10.79, 9.484, 7.4, 5.152, 3.148, 1.477, 0.0852, -1.176, -2.328, -3.312, -4.1, -4.68, -4.92, -4.656, -3.914, -3.043, -2.508, -2.557, -3.186, -4.234, -5.47, -6.75, -8.1, -9.61, -11.195, -12.65, -13.7, -14.31, -14.44, -14.07, -13.09, -11.484, -9.36, -6.996, -4.96, -3.732, -3.57, -4.285, -5.59, -7.37, -9.555, -11.89, -14.06, -16.03, -18.14, -20.5, -22.81, -24.27, -24.81, -25.16, -25.72, -25.9, -25.2, -23.47, -20.25, -16.03, -11.82, -8.0, -4.5, -2.332, -1.723, -2.041, -1.753, -2.514, -1.199, -2.766, 0.1982, -2.299, 0.76, -2.516, 0.332, -3.195, -0.8613, -4.188, -2.018, -4.832, -3.457, -5.82, -4.516, -4.984, -4.598, -4.438, -3.629, -2.822, -3.236, -3.945, -4.25, -4.543, -5.145, -5.535, -5.75, -6.094, -5.902, -5.195, -5.188, -5.887, -5.766, -4.52, -3.344, -3.174, -3.508, -3.332, -2.55, -1.949, -1.962, -2.184, -2.266, -2.41, -2.893, -3.666, -4.47, -5.105, -5.6, -6.03, -6.234, -5.96, -5.22, -4.285, -3.299, -2.098, -0.7993, 0.0796, 0.1757, -0.462, -1.425, -2.379, -2.963, -2.855, -1.895, -0.4436, 0.8413, 1.698, 2.322
6.758, 7.617, 7.9, 7.438, 6.258, 4.473, 2.152, -0.543, -3.28, -5.707, -7.566, -8.85, -9.61, -10.086, -10.34, -10.5, -10.53, -10.28, -9.68, -8.5, -6.6, -4.043, -1.131, 1.865, 4.734, 7.33, 9.27, 10.01, 9.24, 7.113, 4.08, 0.6753, -2.646, -5.562, -7.875, -9.41, -10.125, -10.086, -9.49, -8.414, -6.895, -5.03, -2.994, -0.9307, 1.03, 2.75, 4.04, 4.7, 4.63, 3.846, 2.426, 0.48, -1.755, -3.855, -5.39, -6.047, -5.836, -4.94, -3.654, -1.99, 0.09314, 2.635, 5.54, 8.555, 11.38, 13.64, 14.81, 14.51, 12.8, 10.22, 7.4, 4.88, 2.834, 1.143, -0.3306, -1.666, -2.836, -3.818, -4.58, -4.98, -4.87, -4.273, -3.488, -2.943, -2.941, -3.553, -4.62, -5.926, -7.344, -8.87, -10.44, -11.99, -13.305, -14.3, -14.77, -14.54, -13.62, -12.03, -9.805, -7.047, -4.176, -2.004, -1.125, -1.627, -2.951, -4.63, -6.656, -9.13, -11.73, -14.12, -16.23, -18.5, -21.16, -23.6, -25.16, -25.69, -26.08, -26.47, -26.42, -25.75, -24.39, -21.92, -18.48, -14.46, -9.63, -4.79, -1.358, -0.3047, 0.9404, -0.2041, 0.996, -1.174, 2.086, 0.3691, 3.752, 0.6816, 4.312, 0.373, 3.543, -0.5566, 1.272, -1.498, -0.4883, -1.846, -2.188, -3.467, -2.39, -3.195, -3.137, -3.236, -2.023, -1.819, -2.66, -3.19, -3.273, -3.5, -3.61, -3.406, -3.549, -3.791, -3.59, -3.594, -4.03, -3.871, -2.695, -1.561, -1.406, -1.82, -1.773, -1.067, -0.506, -0.5815, -0.878, -0.998, -1.146, -1.673, -2.53, -3.39, -4.074, -4.65, -5.17, -5.35, -4.848, -3.742, -2.463, -1.205, 0.1799, 1.578, 2.365, 2.186, 1.291, 0.1699, -0.817, -1.467, -1.41, -0.3496, 1.422, 3.2, 4.594, 5.73
10.65, 11.85, 12.42, 12.09, 10.87, 8.87, 6.156, 2.871, -0.5674, -3.688, -6.16, -7.867, -8.91, -9.41, -9.56, -9.5, -9.266, -8.89, -8.28, -7.297, -5.65, -3.29, -0.3103, 3.014, 6.37, 9.41, 11.664, 12.65, 11.984, 9.75, 6.42, 2.625, -1.113, -4.465, -7.16, -9.04, -10.02, -10.23, -9.74, -8.695, -7.07, -4.973, -2.684, -0.4683, 1.431, 2.828, 3.605, 3.695, 3.168, 2.129, 0.673, -1.165, -3.271, -5.324, -6.91, -7.668, -7.527, -6.65, -5.21, -3.217, -0.5547, 2.809, 6.664, 10.55, 13.97, 16.53, 17.67, 17.14, 15.09, 12.08, 8.9, 6.094, 3.848, 2.037, 0.4995, -0.9097, -2.217, -3.412, -4.414, -5.06, -5.22, -4.91, -4.367, -3.922, -3.914, -4.453, -5.438, -6.668, -8.05, -9.555, -11.08, -12.445, -13.57, -14.43, -14.73, -14.164, -12.7, -10.42, -7.51, -4.18, -1.037, 1.015, 1.359, 0.209, -1.682, -3.709, -5.914, -8.53, -11.336, -13.88, -16.22, -18.7, -21.45, -23.88, -25.42, -26.12, -26.62, -26.8, -26.3, -25.42, -24.25, -22.62, -20.34, -16.84, -11.7, -5.97, -2.135, 1.037, 2.31, 4.355, 3.025, 7.13, 4.355, 11.414, 2.594, 13.445, 1.43, 13.91, 0.4922, 12.59, -0.3281, 8.875, -0.4297, 5.367, 0.8125, 0.7373, -0.2817, -0.4731, -1.625, -2.705, -2.34, -1.408, -1.801, -2.215, -1.881, -1.523, -1.277, -0.804, -0.859, -1.575, -1.88, -1.744, -1.828, -1.809, -1.105, -0.22, 0.00952, -0.3682, -0.501, -0.07324, 0.317, 0.2133, -0.07056, -0.1782, -0.3125, -0.8022, -1.601, -2.402, -3.059, -3.648, -4.164, -4.23, -3.484, -2.084, -0.5605, 0.8633, 2.318, 3.625, 4.195, 3.736, 2.662, 1.529, 0.5938, -0.02686, 0.0559, 1.244, 3.35, 5.613, 7.547, 9.19
14.37, 15.97, 16.78, 16.58, 15.34, 13.1, 9.984, 6.156, 2.041, -1.739, -4.75, -6.867, -8.1, -8.64, -8.68, -8.375, -7.89, -7.3, -6.61, -5.73, -4.445, -2.492, 0.267, 3.695, 7.383, 10.86, 13.52, 14.805, 14.35, 12.195, 8.75, 4.72, 0.6914, -2.922, -5.902, -8.04, -9.28, -9.7, -9.445, -8.53, -7.0, -4.97, -2.719, -0.624, 1.006, 1.987, 2.254, 1.886, 1.049, -0.0879, -1.482, -3.156, -5.12, -7.12, -8.71, -9.53, -9.41, -8.45, -6.84, -4.52, -1.371, 2.684, 7.3, 11.914, 15.85, 18.56, 19.61, 18.77, 16.36, 13.086, 9.75, 6.848, 4.547, 2.732, 1.218, -0.1667, -1.516, -2.848, -4.062, -4.99, -5.496, -5.605, -5.48, -5.332, -5.418, -5.91, -6.723, -7.715, -8.82, -10.164, -11.516, -12.68, -13.586, -14.29, -14.5, -13.664, -11.69, -8.78, -5.25, -1.493, 1.794, 3.652, 3.604, 1.996, -0.2861, -2.605, -5.016, -7.746, -10.66, -13.4, -16.02, -18.72, -21.53, -23.78, -25.2, -26.06, -26.7, -26.75, -25.89, -24.83, -23.78, -22.56, -21.06, -18.25, -13.62, -8.48, -3.379, 1.123, 6.633, 5.867, 11.34, 4.383, 15.016, 2.25, 16.34, 5.938, 17.83, 9.24, 16.4, 9.23, 14.805, 4.97, 11.14, 0.8203, 9.04, 0.414, 3.672, 0.8584, 0.836, -1.704, -2.555, -1.635, -1.137, -1.1, -0.3818, 0.4697, 0.948, 1.511, 1.5625, 0.672, 0.0801, 0.321, 0.384, 0.03418, 0.10486, 0.7134, 1.069, 0.8022, 0.4443, 0.4702, 0.618, 0.5107, 0.2798, 0.1577, 0.00586, -0.4297, -1.108, -1.799, -2.398, -2.965, -3.39, -3.27, -2.303, -0.7163, 0.9346, 2.441, 3.883, 5.06, 5.406, 4.785, 3.703, 2.703, 1.908, 1.364, 1.498, 2.82, 5.19, 7.895, 10.37, 12.49
17.61, 19.55, 20.61, 20.52, 19.2, 16.77, 13.3, 9.016, 4.387, 0.1396, -3.277, -5.69, -7.133, -7.75, -7.74, -7.316, -6.652, -5.855, -5.043, -4.188, -3.193, -1.73, 0.577, 3.832, 7.707, 11.555, 14.695, 16.42, 16.33, 14.41, 11.016, 6.957, 2.863, -0.908, -4.09, -6.453, -7.93, -8.62, -8.64, -8.04, -6.81, -5.086, -3.16, -1.378, -0.0654, 0.587, 0.569, -0.0058, -0.939, -2.07, -3.424, -5.094, -7.094, -9.164, -10.8, -11.625, -11.4, -10.26, -8.33, -5.637, -2.0, 2.598, 7.824, 12.95, 17.23, 20.05, 20.89, 19.77, 17.1, 13.73, 10.36, 7.445, 5.06, 3.178, 1.67, 0.3628, -0.939, -2.305, -3.639, -4.773, -5.613, -6.2, -6.617, -6.938, -7.258, -7.742, -8.36, -9.01, -9.73, -10.7, -11.836, -12.805, -13.51, -14.11, -14.29, -13.35, -11.02, -7.598, -3.594, 0.4985, 3.895, 5.7, 5.516, 3.738, 1.23, -1.387, -4.055, -6.918, -9.92, -12.78, -15.6, -18.53, -21.34, -23.34, -24.61, -25.53, -26.38, -26.34, -25.36, -24.22, -23.17, -22.19, -21.1, -18.89, -14.91, -9.41, -3.877, 3.71, 4.906, 9.766, 3.562, 14.06, 8.7, 22.3, 18.2, 29.47, 23.97, 29.19, 24.17, 26.77, 23.36, 22.06, 16.39, 12.39, 8.03, 6.85, 1.094, 3.299, 1.232, 0.7188, -1.696, -1.156, -0.4438, -0.1416, 0.7524, 1.975, 2.688, 3.346, 3.672, 2.96, 2.252, 2.36, 2.273, 1.482, 1.005, 1.385, 1.861, 1.681, 1.066, 0.664, 0.5703, 0.47, 0.266, 0.07446, -0.1431, -0.532, -1.1, -1.702, -2.273, -2.803, -3.094, -2.787, -1.66, -0.01221, 1.67, 3.203, 4.64, 5.715, 5.97, 5.383, 4.492, 3.754, 3.164, 2.727, 2.875, 4.246, 6.78, 9.84, 12.69, 15.3
19.94, 22.22, 23.5, 23.5, 22.19, 19.66, 15.98, 11.42, 6.523, 1.975, -1.73, -4.383, -6.01, -6.773, -6.855, -6.434, -5.695, -4.78, -3.828, -2.957, -2.162, -1.127, 0.648, 3.521, 7.324, 11.43, 15.03, 17.3, 17.77, 16.28, 13.22, 9.35, 5.27, 1.479, -1.844, -4.418, -6.19, -7.234, -7.65, -7.457, -6.668, -5.414, -3.904, -2.477, -1.398, -0.864, -0.9087, -1.434, -2.295, -3.416, -4.85, -6.707, -8.93, -11.17, -12.9, -13.65, -13.234, -11.76, -9.445, -6.32, -2.264, 2.738, 8.39, 13.93, 18.48, 21.28, 22.02, 20.69, 17.94, 14.61, 11.3, 8.27, 5.645, 3.488, 1.811, 0.4758, -0.7627, -2.062, -3.396, -4.613, -5.66, -6.633, -7.566, -8.39, -9.07, -9.65, -10.12, -10.42, -10.73, -11.336, -12.27, -13.08, -13.664, -14.19, -14.36, -13.38, -10.9, -7.188, -2.818, 1.536, 5.098, 7.016, 6.914, 5.2, 2.621, -0.1967, -3.145, -6.215, -9.25, -12.195, -15.15, -18.22, -20.98, -22.77, -23.84, -24.84, -25.7, -25.61, -24.61, -23.53, -22.58, -21.7, -20.78, -18.69, -14.64, -10.016, -3.504, 1.181, 8.19, 6.094, 19.06, 12.08, 33.06, 9.83, 35.94, 9.09, 29.72, 13.625, 25.94, 12.28, 29.08, 10.84, 31.75, 9.234, 22.66, 9.59, 8.91, 3.11, 3.62, 1.557, -0.1123, -0.5244, 0.509, 0.701, 1.415, 2.803, 3.826, 4.727, 5.492, 5.17, 4.355, 4.08, 3.676, 2.56, 1.732, 1.923, 2.447, 2.275, 1.412, 0.6367, 0.358, 0.2664, 0.04395, -0.2573, -0.54, -0.8887, -1.377, -1.966, -2.576, -3.086, -3.275, -2.84, -1.687, -0.0874, 1.568, 3.129, 4.582, 5.664, 6.004, 5.645, 5.1, 4.707, 4.36, 3.996, 4.117, 5.395, 7.918, 11.09, 14.28, 17.25
21.16, 23.7, 25.27, 25.45, 24.27, 21.77, 18.1, 13.48, 8.44, 3.725, -0.1462, -3.01, -4.863, -5.836, -6.094, -5.797, -5.098, -4.15, -3.098, -2.166, -1.457, -0.7505, 0.508, 2.824, 6.33, 10.54, 14.53, 17.47, 18.61, 17.83, 15.32, 11.805, 7.938, 4.18, 0.751, -2.104, -4.26, -5.758, -6.664, -6.965, -6.676, -5.848, -4.723, -3.547, -2.568, -1.988, -1.891, -2.248, -2.998, -4.14, -5.734, -7.855, -10.34, -12.766, -14.54, -15.21, -14.54, -12.73, -10.02, -6.504, -2.062, 3.324, 9.29, 15.11, 19.83, 22.73, 23.38, 22.08, 19.48, 16.38, 13.08, 9.766, 6.633, 3.918, 1.765, 0.1815, -1.092, -2.316, -3.54, -4.68, -5.74, -6.87, -8.16, -9.43, -10.484, -11.23, -11.7, -11.8, -11.81, -12.18, -12.945, -13.73, -14.23, -14.664, -14.8, -13.84, -11.33, -7.543, -3.012, 1.53, 5.31, 7.47, 7.64, 6.15, 3.729, 0.845, -2.346, -5.633, -8.78, -11.72, -14.734, -17.84, -20.48, -22.14, -23.05, -24.08, -24.95, -24.72, -23.73, -22.78, -21.86, -20.95, -20.03, -17.94, -14.71, -9.78, -4.33, 5.523, 5.96, 18.25, 6.305, 25.88, 4.875, 25.38, 35.0, 16.88, 75.4, 5.062, 93.2, 1.6875, 66.9, 10.34, 34.38, 18.97, 8.92, 20.66, 5.86, 10.4, 4.598, 5.19, 1.367, 0.4385, 0.9478, 1.291, 1.765, 3.207, 4.504, 5.695, 6.902, 6.965, 6.02, 5.305, 4.625, 3.389, 2.375, 2.375, 2.828, 2.605, 1.548, 0.536, 0.1494, 0.05298, -0.2205, -0.619, -0.9414, -1.238, -1.688, -2.332, -3.037, -3.582, -3.71, -3.266, -2.227, -0.7676, 0.834, 2.426, 3.945, 5.117, 5.688, 5.723, 5.617, 5.566, 5.43, 5.13, 5.125, 6.145, 8.43, 11.53, 14.87, 18.1
21.16, 24.06, 25.97, 26.45, 25.48, 23.19, 19.64, 15.086, 10.055, 5.273, 1.267, -1.772, -3.854, -5.062, -5.53, -5.4, -4.8, -3.865, -2.78, -1.803, -1.135, -0.6543, 0.1421, 1.893, 4.953, 9.06, 13.4, 16.98, 19.02, 19.12, 17.39, 14.42, 10.85, 7.156, 3.625, 0.4443, -2.2, -4.285, -5.758, -6.58, -6.723, -6.24, -5.35, -4.297, -3.34, -2.686, -2.455, -2.684, -3.36, -4.496, -6.188, -8.445, -11.01, -13.47, -15.22, -15.805, -15.016, -12.99, -10.016, -6.14, -1.382, 4.293, 10.53, 16.6, 21.5, 24.44, 25.19, 24.12, 21.94, 19.11, 15.8, 12.09, 8.31, 4.78, 1.886, -0.2417, -1.792, -3.04, -4.137, -5.062, -5.918, -6.984, -8.38, -9.92, -11.266, -12.28, -12.88, -13.01, -12.945, -13.25, -14.02, -14.82, -15.305, -15.59, -15.57, -14.62, -12.234, -8.57, -4.137, 0.4875, 4.5, 6.984, 7.535, 6.473, 4.39, 1.663, -1.621, -5.14, -8.44, -11.41, -14.38, -17.44, -19.98, -21.52, -22.4, -23.44, -24.19, -23.81, -22.86, -21.95, -21.0, -20.16, -19.02, -16.97, -13.45, -9.84, -2.322, 1.371, 11.42, 6.42, 25.03, 18.1, 40.2, 43.78, 33.9, 49.56, 5.344, 38.5, 0.9062, 40.06, 11.59, 43.5, 28.45, 39.75, 25.06, 20.75, 16.66, 6.715, 8.77, 5.574, 4.188, 1.467, 1.824, 1.741, 1.972, 3.307, 4.83, 6.242, 7.754, 8.08, 7.035, 6.0, 5.227, 4.035, 2.924, 2.707, 3.014, 2.715, 1.581, 0.4758, 0.03955, -0.0957, -0.434, -0.8823, -1.184, -1.428, -1.883, -2.629, -3.447, -4.027, -4.17, -3.818, -2.97, -1.691, -0.1445, 1.494, 3.076, 4.406, 5.277, 5.766, 6.09, 6.336, 6.35, 6.047, 5.855, 6.492, 8.32, 11.125, 14.38, 17.84
20.19, 23.44, 25.67, 26.55, 25.94, 23.95, 20.6, 16.2, 11.24, 6.438, 2.334, -0.843, -3.088, -4.484, -5.125, -5.14, -4.63, -3.738, -2.682, -1.734, -1.131, -0.841, -0.4077, 0.845, 3.428, 7.293, 11.85, 16.1, 19.08, 20.22, 19.44, 17.19, 14.02, 10.48, 6.832, 3.281, 0.05127, -2.688, -4.81, -6.15, -6.668, -6.426, -5.664, -4.68, -3.742, -3.088, -2.855, -3.066, -3.695, -4.77, -6.363, -8.445, -10.81, -13.086, -14.7, -15.24, -14.45, -12.46, -9.36, -5.297, -0.221, 5.773, 12.25, 18.5, 23.48, 26.47, 27.42, 26.75, 25.08, 22.58, 19.19, 15.14, 10.69, 6.29, 2.498, -0.418, -2.48, -3.943, -5.0, -5.71, -6.273, -7.062, -8.38, -10.016, -11.61, -12.89, -13.69, -14.016, -14.11, -14.51, -15.4, -16.28, -16.75, -16.89, -16.64, -15.61, -13.37, -10.03, -5.9, -1.338, 2.84, 5.72, 6.766, 6.21, 4.637, 2.229, -0.9766, -4.65, -8.12, -11.17, -14.18, -17.12, -19.53, -21.0, -21.97, -23.06, -23.67, -23.06, -22.05, -21.19, -20.22, -19.11, -17.86, -15.59, -13.266, -9.19, -4.54, 6.508, 6.54, 25.31, 10.09, 36.12, 4.938, 16.6, 32.5, -28.19, 105.25, -57.06, 148.2, -54.88, 100.8, -23.5, 31.81, 20.22, 7.625, 30.11, 14.21, 17.52, 8.45, 9.695, 5.215, 2.916, 2.254, 2.371, 2.266, 3.406, 4.895, 6.316, 7.906, 8.41, 7.4, 6.29, 5.582, 4.516, 3.309, 2.863, 3.0, 2.69, 1.603, 0.5215, 0.05273, -0.1455, -0.534, -0.9727, -1.224, -1.444, -1.959, -2.814, -3.715, -4.31, -4.48, -4.27, -3.625, -2.484, -0.964, 0.715, 2.354, 3.82, 5.01, 5.89, 6.555, 6.984, 7.043, 6.676, 6.285, 6.48, 7.74, 10.05, 13.12, 16.62
18.56, 22.08, 24.62, 25.84, 25.62, 23.88, 20.8, 16.56, 11.81, 7.086, 2.986, -0.2439, -2.58, -4.055, -4.797, -4.883, -4.44, -3.621, -2.648, -1.807, -1.344, -1.237, -1.081, -0.1968, 1.98, 5.594, 10.23, 15.016, 18.89, 21.16, 21.47, 20.05, 17.39, 14.05, 10.31, 6.434, 2.648, -0.7495, -3.533, -5.42, -6.32, -6.32, -5.684, -4.766, -3.908, -3.371, -3.268, -3.55, -4.156, -5.05, -6.312, -7.973, -9.89, -11.74, -13.13, -13.64, -12.984, -11.12, -8.08, -3.957, 1.341, 7.62, 14.38, 20.69, 25.7, 28.77, 29.88, 29.66, 28.38, 26.1, 22.75, 18.45, 13.49, 8.336, 3.64, -0.115, -2.812, -4.625, -5.773, -6.387, -6.72, -7.242, -8.37, -10.016, -11.77, -13.28, -14.336, -14.92, -15.25, -15.83, -16.88, -17.89, -18.4, -18.39, -17.92, -16.72, -14.586, -11.62, -7.883, -3.578, 0.682, 3.947, 5.54, 5.598, 4.586, 2.62, -0.3784, -4.047, -7.68, -10.98, -14.06, -17.02, -19.34, -20.75, -21.75, -22.9, -23.4, -22.64, -21.48, -20.55, -19.44, -18.28, -16.81, -14.734, -11.94, -9.33, -1.406, 0.961, 13.27, 4.156, 25.62, 22.25, 31.56, 98.8, 0.3125, 160.2, -56.3, 134.2, -89.6, 133.2, -50.56, 144.1, -7.03, 94.94, 20.81, 24.53, 22.53, 9.28, 13.25, 8.93, 8.56, 4.246, 3.527, 2.95, 2.633, 3.414, 4.71, 5.96, 7.49, 8.16, 7.332, 6.35, 5.766, 4.793, 3.475, 2.822, 2.86, 2.625, 1.678, 0.6543, 0.1455, -0.105, -0.483, -0.8633, -1.076, -1.334, -1.945, -2.889, -3.805, -4.37, -4.58, -4.48, -3.97, -2.883, -1.341, 0.336, 1.968, 3.523, 4.926, 6.094, 6.92, 7.4, 7.414, 6.984, 6.4, 6.215, 6.91, 8.65, 11.39, 14.84
16.53, 20.2, 22.97, 24.44, 24.45, 23.02, 20.17, 16.22, 11.68, 7.18, 3.2, 0.00928, -2.285, -3.744, -4.48, -4.58, -4.164, -3.416, -2.56, -1.885, -1.617, -1.725, -1.777, -1.135, 0.7676, 4.152, 8.74, 13.836, 18.48, 21.75, 23.17, 22.7, 20.73, 17.77, 14.08, 9.94, 5.703, 1.695, -1.716, -4.176, -5.504, -5.82, -5.4, -4.645, -3.941, -3.572, -3.643, -4.043, -4.586, -5.254, -6.09, -7.168, -8.445, -9.74, -10.79, -11.18, -10.63, -8.97, -6.117, -2.018, 3.365, 9.805, 16.66, 23.03, 27.92, 30.97, 32.25, 32.3, 31.36, 29.23, 25.9, 21.52, 16.27, 10.61, 5.2, 0.703, -2.6, -4.824, -6.16, -6.832, -7.113, -7.53, -8.56, -10.21, -12.1, -13.8, -15.08, -15.87, -16.4, -17.19, -18.33, -19.42, -19.97, -19.94, -19.33, -17.97, -15.84, -13.125, -9.79, -5.77, -1.502, 2.057, 4.19, 4.84, 4.375, 2.836, 0.136, -3.422, -7.137, -10.64, -13.984, -17.1, -19.44, -20.72, -21.66, -22.83, -23.23, -22.4, -21.17, -20.2, -18.98, -17.58, -15.95, -13.555, -11.81, -8.42, -4.965, 5.125, 4.14, 25.38, 16.05, 38.9, 17.25, -2.906, -0.5625, -80.0, 19.0, -127.6, 15.375, -119.0, 27.0, -67.75, -1.625, 4.72, 23.4, 32.2, 22.94, 22.84, 11.19, 12.836, 8.51, 5.957, 4.246, 3.863, 3.043, 3.42, 4.344, 5.348, 6.82, 7.703, 7.14, 6.32, 5.84, 4.86, 3.465, 2.7, 2.73, 2.621, 1.795, 0.797, 0.2583, 0.02783, -0.2593, -0.5596, -0.771, -1.113, -1.826, -2.803, -3.678, -4.22, -4.473, -4.465, -3.986, -2.86, -1.283, 0.346, 1.9, 3.441, 4.97, 6.24, 7.1, 7.492, 7.42, 6.93, 6.242, 5.793, 6.04, 7.29, 9.58, 12.83
14.42, 18.02, 20.81, 22.44, 22.6, 21.33, 18.77, 15.164, 10.984, 6.805, 3.055, 0.03833, -2.152, -3.535, -4.2, -4.266, -3.86, -3.17, -2.428, -1.91, -1.833, -2.129, -2.346, -1.857, -0.1589, 3.002, 7.43, 12.59, 17.69, 21.83, 24.38, 24.95, 23.84, 21.36, 17.89, 13.74, 9.195, 4.707, 0.731, -2.28, -4.117, -4.848, -4.773, -4.29, -3.81, -3.625, -3.85, -4.32, -4.816, -5.266, -5.703, -6.234, -6.867, -7.54, -8.11, -8.234, -7.633, -6.047, -3.35, 0.609, 5.906, 12.29, 19.1, 25.2, 29.98, 32.9, 34.3, 34.53, 33.62, 31.58, 28.25, 23.89, 18.56, 12.67, 6.855, 1.858, -1.928, -4.496, -6.08, -6.918, -7.32, -7.836, -8.914, -10.664, -12.71, -14.62, -16.08, -17.0, -17.69, -18.55, -19.73, -20.8, -21.34, -21.31, -20.67, -19.17, -16.95, -14.36, -11.266, -7.527, -3.37, 0.3975, 2.953, 4.13, 4.11, 2.914, 0.4714, -2.92, -6.598, -10.22, -13.84, -17.22, -19.64, -20.97, -21.8, -22.81, -23.14, -22.23, -21.03, -20.08, -18.88, -17.42, -15.56, -13.32, -10.84, -9.02, -2.154, -0.9844, 11.516, 2.875, 23.8, 22.05, 14.44, 126.6, -28.38, 245.8, -100.0, 215.8, -149.5, 219.8, -88.25, 230.0, -28.56, 116.75, 13.84, 24.6, 24.83, 12.56, 16.66, 11.484, 11.66, 6.92, 5.53, 4.305, 3.361, 3.387, 4.07, 4.89, 6.348, 7.37, 6.99, 6.26, 5.797, 4.824, 3.416, 2.656, 2.746, 2.705, 1.906, 0.896, 0.389, 0.2734, 0.133, -0.0886, -0.333, -0.757, -1.516, -2.48, -3.326, -3.906, -4.246, -4.297, -3.8, -2.598, -1.012, 0.5166, 1.936, 3.438, 4.973, 6.242, 7.01, 7.273, 7.125, 6.61, 5.875, 5.3, 5.27, 6.1, 7.957, 10.84
12.29, 15.6, 18.33, 19.9, 20.16, 19.06, 16.78, 13.586, 9.88, 6.117, 2.69, -0.10596, -2.145, -3.418, -4.016, -4.03, -3.63, -2.98, -2.31, -1.896, -1.938, -2.354, -2.676, -2.312, -0.79, 2.086, 6.215, 11.21, 16.48, 21.28, 24.8, 26.48, 26.33, 24.62, 21.58, 17.6, 12.96, 8.21, 3.838, 0.2769, -2.11, -3.36, -3.758, -3.672, -3.48, -3.48, -3.79, -4.273, -4.71, -4.992, -5.156, -5.277, -5.38, -5.47, -5.445, -5.098, -4.152, -2.467, 0.1384, 3.893, 8.95, 15.03, 21.4, 27.22, 31.6, 34.44, 35.88, 36.06, 35.16, 32.97, 29.69, 25.38, 20.12, 14.18, 8.23, 2.959, -1.098, -3.906, -5.684, -6.707, -7.33, -8.04, -9.32, -11.266, -13.54, -15.67, -17.33, -18.39, -19.1, -19.94, -21.03, -22.0, -22.47, -22.45, -21.81, -20.2, -17.86, -15.16, -12.164, -8.61, -4.586, -0.7705, 2.031, 3.533, 3.807, 2.836, 0.552, -2.668, -6.24, -9.875, -13.65, -17.23, -19.86, -21.27, -22.03, -22.95, -23.16, -22.17, -21.05, -20.2, -19.06, -17.61, -15.78, -13.12, -11.39, -8.66, -6.055, 2.29, 1.531, 20.92, 17.1, 33.2, 20.5, -8.125, -3.812, -83.6, 4.75, -133.4, -28.94, -129.2, 5.312, -79.3, 1.1875, -3.438, 27.84, 31.69, 26.11, 25.22, 13.17, 14.67, 10.414, 7.977, 5.88, 5.098, 3.852, 3.746, 4.203, 4.883, 6.29, 7.31, 6.96, 6.254, 5.812, 4.875, 3.531, 2.834, 2.941, 2.861, 2.002, 0.9946, 0.588, 0.643, 0.6416, 0.4614, 0.1953, -0.2524, -0.996, -1.931, -2.82, -3.533, -4.047, -4.188, -3.656, -2.414, -0.877, 0.532, 1.855, 3.34, 4.887, 6.082, 6.703, 6.85, 6.65, 6.13, 5.406, 4.773, 4.594, 5.14, 6.59, 9.07
10.21, 13.125, 15.56, 17.02, 17.3, 16.38, 14.484, 11.79, 8.62, 5.29, 2.193, -0.3792, -2.271, -3.451, -3.979, -3.97, -3.559, -2.914, -2.25, -1.844, -1.9, -2.346, -2.75, -2.543, -1.279, 1.237, 4.926, 9.586, 14.81, 20.03, 24.42, 27.17, 28.11, 27.27, 24.89, 21.27, 16.89, 12.055, 7.418, 3.463, 0.5205, -1.334, -2.309, -2.732, -2.916, -3.121, -3.48, -3.914, -4.25, -4.41, -4.402, -4.28, -4.023, -3.604, -2.973, -1.985, -0.519, 1.481, 4.133, 7.676, 12.28, 17.77, 23.55, 28.73, 32.78, 35.38, 36.66, 36.84, 35.78, 33.5, 30.25, 26.02, 20.84, 15.03, 9.08, 3.75, -0.4463, -3.371, -5.254, -6.406, -7.207, -8.16, -9.67, -11.836, -14.37, -16.77, -18.64, -19.83, -20.55, -21.34, -22.3, -23.05, -23.3, -23.22, -22.6, -20.94, -18.44, -15.52, -12.42, -8.94, -5.04, -1.306, 1.539, 3.139, 3.49, 2.572, 0.366, -2.766, -6.203, -9.734, -13.46, -17.1, -19.84, -21.36, -22.3, -23.22, -23.42, -22.42, -21.25, -20.55, -19.5, -18.19, -16.36, -13.89, -11.44, -9.945, -4.414, -3.293, 6.625, 0.4688, 18.97, 24.25, 12.25, 123.0, -31.69, 209.0, -94.0, 180.9, -134.8, 190.6, -75.75, 202.6, -17.56, 109.9, 19.53, 27.45, 23.97, 12.586, 16.73, 12.414, 12.7, 8.31, 7.06, 5.766, 4.742, 4.57, 4.914, 5.42, 6.652, 7.555, 7.14, 6.48, 6.105, 5.234, 3.934, 3.277, 3.328, 3.111, 2.15, 1.187, 0.932, 1.125, 1.174, 0.987, 0.714, 0.3052, -0.3865, -1.335, -2.36, -3.303, -4.027, -4.273, -3.758, -2.533, -1.066, 0.2834, 1.632, 3.188, 4.742, 5.855, 6.35, 6.402, 6.168, 5.65, 4.902, 4.24, 3.982, 4.355, 5.47, 7.477
8.23, 10.68, 12.77, 14.08, 14.35, 13.66, 12.164, 9.99, 7.324, 4.426, 1.637, -0.7407, -2.504, -3.6, -4.08, -4.047, -3.621, -2.938, -2.225, -1.752, -1.737, -2.146, -2.629, -2.646, -1.752, 0.298, 3.502, 7.734, 12.83, 18.3, 23.31, 27.14, 29.12, 29.3, 27.72, 24.7, 20.62, 15.99, 11.266, 7.047, 3.645, 1.166, -0.4656, -1.493, -2.137, -2.613, -3.037, -3.379, -3.572, -3.578, -3.451, -3.191, -2.709, -1.9, -0.7075, 0.926, 2.992, 5.42, 8.21, 11.52, 15.61, 20.38, 25.27, 29.78, 33.3, 35.62, 36.8, 36.8, 35.62, 33.25, 29.92, 25.73, 20.69, 15.03, 9.24, 3.967, -0.1963, -3.125, -5.02, -6.215, -7.125, -8.25, -9.96, -12.336, -15.05, -17.72, -19.86, -21.2, -21.94, -22.66, -23.48, -24.02, -24.05, -23.73, -22.98, -21.25, -18.62, -15.49, -12.17, -8.58, -4.746, -1.114, 1.591, 3.014, 3.195, 2.166, -0.07275, -3.164, -6.47, -9.8, -13.28, -16.8, -19.56, -21.2, -22.27, -23.42, -23.83, -23.0, -21.94, -21.27, -20.34, -19.02, -17.28, -14.58, -12.59, -10.44, -7.992, -1.361, -1.457, 12.68, 10.58, 28.6, 13.16, 3.312, 20.88, -58.0, 79.25, -97.4, 96.6, -93.56, 62.7, -56.88, 18.31, 3.125, 20.38, 30.11, 21.4, 23.27, 13.3, 14.95, 11.02, 9.14, 7.74, 7.195, 6.113, 5.934, 6.05, 6.36, 7.438, 8.16, 7.7, 7.117, 6.805, 5.934, 4.645, 3.963, 3.908, 3.533, 2.504, 1.595, 1.447, 1.654, 1.644, 1.391, 1.122, 0.7583, 0.0807, -0.954, -2.172, -3.35, -4.254, -4.582, -4.113, -2.938, -1.507, -0.1012, 1.405, 3.12, 4.72, 5.746, 6.12, 6.11, 5.82, 5.246, 4.42, 3.69, 3.39, 3.64, 4.477, 6.035
6.426, 8.41, 10.19, 11.305, 11.64, 11.19, 10.1, 8.4, 6.16, 3.607, 1.068, -1.136, -2.773, -3.78, -4.21, -4.152, -3.693, -2.969, -2.186, -1.622, -1.521, -1.902, -2.486, -2.781, -2.309, -0.751, 1.977, 5.812, 10.68, 16.25, 21.84, 26.53, 29.6, 30.7, 29.97, 27.62, 24.06, 19.67, 15.05, 10.7, 6.957, 3.959, 1.677, 0.0166, -1.164, -1.984, -2.531, -2.803, -2.807, -2.617, -2.336, -1.961, -1.338, -0.2622, 1.357, 3.521, 6.094, 8.875, 11.76, 14.88, 18.4, 22.42, 26.55, 30.28, 33.34, 35.38, 36.25, 35.97, 34.53, 32.03, 28.67, 24.56, 19.69, 14.26, 8.695, 3.635, -0.3943, -3.238, -5.066, -6.246, -7.207, -8.42, -10.26, -12.734, -15.586, -18.4, -20.77, -22.25, -23.11, -23.78, -24.44, -24.78, -24.61, -24.05, -23.1, -21.27, -18.5, -15.14, -11.54, -7.715, -3.77, -0.252, 2.162, 3.203, 2.996, 1.678, -0.6943, -3.76, -6.93, -9.95, -13.18, -16.38, -19.02, -20.66, -21.84, -23.2, -24.08, -23.7, -22.9, -22.4, -21.6, -20.38, -18.58, -15.91, -13.195, -11.78, -7.66, -5.703, 0.8154, -2.227, 10.99, 21.53, 17.34, 76.75, 1.0, 100.75, -32.25, 86.0, -50.25, 86.56, -27.38, 104.2, 11.625, 74.56, 27.56, 25.19, 21.28, 11.17, 15.21, 12.52, 12.78, 9.85, 9.56, 8.64, 7.78, 7.56, 7.562, 7.76, 8.72, 9.29, 8.76, 8.22, 7.902, 6.953, 5.605, 4.89, 4.74, 4.246, 3.168, 2.283, 2.11, 2.195, 2.012, 1.643, 1.321, 0.924, 0.1587, -1.029, -2.41, -3.701, -4.645, -5.0, -4.555, -3.422, -1.95, -0.359, 1.41, 3.32, 4.957, 5.887, 6.16, 6.047, 5.66, 4.945, 3.979, 3.152, 2.8, 2.959, 3.578, 4.74
4.914, 6.508, 7.996, 8.984, 9.37, 9.164, 8.414, 7.047, 5.117, 2.812, 0.4963, -1.518, -3.012, -3.916, -4.28, -4.164, -3.66, -2.898, -2.076, -1.478, -1.348, -1.759, -2.482, -3.068, -3.014, -1.912, 0.4116, 3.969, 8.664, 14.3, 20.27, 25.66, 29.55, 31.56, 31.67, 29.98, 26.97, 22.92, 18.52, 14.14, 10.2, 6.78, 3.955, 1.698, -0.03174, -1.259, -2.002, -2.27, -2.105, -1.682, -1.189, -0.683, 0.06128, 1.295, 3.18, 5.645, 8.51, 11.42, 14.32, 17.19, 20.25, 23.58, 27.02, 30.23, 32.75, 34.44, 35.0, 34.38, 32.62, 29.92, 26.5, 22.44, 17.8, 12.73, 7.547, 2.85, -0.8994, -3.564, -5.312, -6.47, -7.453, -8.74, -10.625, -13.15, -15.99, -18.84, -21.33, -22.98, -23.88, -24.53, -25.14, -25.39, -25.02, -24.19, -23.02, -21.05, -18.12, -14.516, -10.61, -6.492, -2.412, 1.045, 3.158, 3.668, 2.89, 1.172, -1.352, -4.39, -7.402, -10.164, -12.94, -15.79, -18.23, -19.83, -21.02, -22.64, -23.92, -24.12, -23.73, -23.56, -23.06, -21.92, -20.22, -17.45, -14.805, -12.86, -10.55, -4.945, -3.648, 5.473, 0.875, 19.16, 4.094, 12.78, 46.38, -11.56, 108.25, -29.62, 145.8, -24.94, 101.4, -7.188, 39.28, 14.53, 9.375, 23.75, 14.24, 19.69, 13.1, 14.78, 11.695, 11.06, 10.83, 10.57, 9.82, 9.66, 9.53, 9.695, 10.57, 10.945, 10.33, 9.74, 9.31, 8.2, 6.82, 6.1, 5.906, 5.31, 4.145, 3.21, 2.902, 2.734, 2.285, 1.723, 1.249, 0.6753, -0.2852, -1.621, -3.031, -4.234, -5.062, -5.344, -4.902, -3.729, -2.107, -0.2494, 1.805, 3.867, 5.48, 6.293, 6.42, 6.184, 5.625, 4.71, 3.568, 2.645, 2.246, 2.34, 2.791, 3.635
3.832, 5.137, 6.41, 7.312, 7.73, 7.676, 7.086, 5.902, 4.15, 2.045, -0.0696, -1.887, -3.215, -3.982, -4.223, -4.02, -3.459, -2.678, -1.886, -1.336, -1.2705, -1.779, -2.676, -3.533, -3.826, -3.094, -1.07, 2.273, 6.895, 12.55, 18.73, 24.55, 29.16, 31.95, 32.8, 31.78, 29.2, 25.55, 21.31, 17.02, 12.97, 9.33, 6.12, 3.414, 1.201, -0.4329, -1.44, -1.8, -1.554, -0.9355, -0.2043, 0.4917, 1.327, 2.629, 4.59, 7.15, 10.02, 12.93, 15.65, 18.22, 20.88, 23.73, 26.66, 29.34, 31.52, 32.8, 32.94, 31.9, 29.8, 26.84, 23.38, 19.44, 15.12, 10.51, 5.89, 1.753, -1.557, -3.941, -5.594, -6.79, -7.86, -9.21, -11.125, -13.59, -16.33, -19.11, -21.58, -23.31, -24.36, -25.06, -25.67, -25.84, -25.39, -24.34, -22.83, -20.61, -17.47, -13.664, -9.55, -5.227, -1.024, 2.37, 4.19, 4.195, 2.844, 0.701, -1.984, -4.965, -7.785, -10.24, -12.6, -15.11, -17.36, -18.84, -20.06, -21.66, -23.34, -24.02, -24.03, -24.22, -24.08, -23.3, -21.95, -19.4, -16.22, -14.37, -11.6, -8.81, -4.23, -3.129, 4.49, 12.266, 20.1, 20.22, 27.72, 20.88, 18.44, 19.31, 12.56, 17.81, 14.47, 23.78, 29.12, 28.52, 28.72, 19.94, 18.64, 10.586, 13.26, 12.31, 13.13, 12.53, 13.26, 12.74, 12.22, 12.08, 11.95, 12.14, 12.93, 13.055, 12.25, 11.58, 10.94, 9.68, 8.28, 7.645, 7.402, 6.652, 5.344, 4.266, 3.744, 3.268, 2.502, 1.659, 0.892, 0.01953, -1.175, -2.566, -3.838, -4.797, -5.402, -5.562, -5.027, -3.74, -1.897, 0.2396, 2.508, 4.637, 6.164, 6.824, 6.81, 6.39, 5.63, 4.48, 3.184, 2.203, 1.798, 1.859, 2.201, 2.838
3.295, 4.42, 5.523, 6.312, 6.684, 6.61, 6.04, 4.887, 3.229, 1.292, -0.6294, -2.246, -3.398, -4.008, -4.098, -3.756, -3.127, -2.355, -1.654, -1.24, -1.302, -1.937, -2.986, -4.06, -4.61, -4.125, -2.309, 0.9097, 5.434, 11.055, 17.27, 23.34, 28.38, 31.8, 33.28, 32.84, 30.75, 27.39, 23.33, 19.1, 15.06, 11.336, 7.98, 4.98, 2.447, 0.4673, -0.844, -1.374, -1.174, -0.4512, 0.466, 1.335, 2.238, 3.488, 5.355, 7.805, 10.56, 13.29, 15.76, 18.05, 20.38, 22.83, 25.36, 27.7, 29.48, 30.42, 30.14, 28.72, 26.23, 23.0, 19.44, 15.66, 11.79, 7.797, 3.934, 0.5283, -2.184, -4.234, -5.812, -7.105, -8.31, -9.74, -11.664, -14.05, -16.66, -19.23, -21.64, -23.42, -24.6, -25.47, -26.14, -26.27, -25.67, -24.44, -22.6, -20.1, -16.67, -12.73, -8.51, -4.17, -0.003418, 3.305, 4.9, 4.527, 2.742, 0.2698, -2.514, -5.406, -8.016, -10.15, -12.195, -14.38, -16.48, -17.97, -19.06, -20.66, -22.47, -23.48, -23.75, -24.2, -24.45, -24.0, -23.06, -21.14, -18.19, -15.78, -13.69, -9.09, -7.316, -1.961, -4.945, 5.754, 7.812, 10.41, 30.42, 15.17, 49.5, 16.34, 57.06, 19.11, 50.9, 21.8, 30.45, 17.19, 9.68, 15.22, 8.234, 14.09, 12.516, 15.2, 13.92, 14.734, 15.31, 15.32, 14.98, 14.87, 14.68, 14.88, 15.5, 15.36, 14.4, 13.62, 12.79, 11.375, 10.055, 9.45, 9.12, 8.12, 6.617, 5.375, 4.598, 3.795, 2.67, 1.467, 0.3262, -0.8955, -2.262, -3.588, -4.59, -5.234, -5.62, -5.637, -4.96, -3.473, -1.398, 0.948, 3.318, 5.41, 6.81, 7.348, 7.19, 6.6, 5.61, 4.242, 2.838, 1.853, 1.487, 1.572, 1.893, 2.44
3.238, 4.273, 5.22, 5.836, 6.035, 5.83, 5.15, 3.959, 2.357, 0.5596, -1.165, -2.605, -3.586, -4.035, -3.963, -3.49, -2.781, -2.049, -1.467, -1.203, -1.39, -2.1, -3.229, -4.418, -5.125, -4.836, -3.197, -0.1367, 4.258, 9.72, 15.82, 21.97, 27.27, 31.14, 33.16, 33.2, 31.48, 28.45, 24.61, 20.47, 16.44, 12.766, 9.39, 6.332, 3.62, 1.39, -0.1958, -0.9727, -0.9287, -0.2446, 0.737, 1.688, 2.576, 3.686, 5.316, 7.53, 10.08, 12.6, 14.89, 16.89, 18.86, 20.97, 23.14, 25.11, 26.53, 27.12, 26.56, 24.8, 22.0, 18.58, 15.0, 11.49, 8.11, 4.867, 1.846, -0.7144, -2.758, -4.44, -5.957, -7.395, -8.78, -10.305, -12.195, -14.484, -16.94, -19.39, -21.67, -23.53, -24.89, -25.83, -26.52, -26.61, -25.81, -24.28, -22.19, -19.33, -15.68, -11.64, -7.504, -3.389, 0.5176, 3.582, 5.008, 4.46, 2.473, -0.11804, -2.893, -5.64, -8.07, -10.016, -11.805, -13.81, -15.88, -17.44, -18.53, -19.9, -21.64, -22.81, -23.14, -23.66, -24.16, -24.03, -23.55, -22.12, -19.47, -17.17, -15.234, -11.914, -7.742, -5.664, -1.0, -2.684, 10.14, -1.25, 16.4, 6.344, 18.8, 12.69, 17.55, 12.84, 18.5, 6.875, 18.12, 4.625, 18.64, 11.086, 15.305, 11.95, 14.72, 14.58, 15.67, 17.02, 18.39, 18.23, 17.88, 17.62, 17.36, 17.61, 18.1, 17.66, 16.58, 15.72, 14.766, 13.234, 11.97, 11.41, 10.82, 9.54, 7.832, 6.434, 5.457, 4.32, 2.81, 1.205, -0.3052, -1.784, -3.207, -4.37, -5.105, -5.52, -5.734, -5.586, -4.727, -3.031, -0.7666, 1.67, 4.027, 6.03, 7.316, 7.746, 7.477, 6.72, 5.527, 4.02, 2.555, 1.609, 1.318, 1.472, 1.846, 2.414
3.506, 4.473, 5.266, 5.652, 5.64, 5.234, 4.4, 3.143, 1.573, -0.0925, -1.658, -2.936, -3.773, -4.094, -3.902, -3.328, -2.568, -1.871, -1.388, -1.224, -1.45, -2.139, -3.215, -4.402, -5.195, -5.047, -3.617, -0.762, 3.363, 8.555, 14.46, 20.45, 25.89, 29.94, 32.34, 32.8, 31.5, 28.72, 25.11, 21.08, 17.23, 13.64, 10.36, 7.363, 4.625, 2.256, 0.4636, -0.58, -0.8, -0.2937, 0.6055, 1.515, 2.3, 3.193, 4.523, 6.42, 8.7, 11.055, 13.13, 14.89, 16.5, 18.12, 19.83, 21.36, 22.55, 22.86, 22.12, 20.25, 17.42, 13.99, 10.55, 7.344, 4.527, 2.023, -0.12366, -1.853, -3.27, -4.613, -6.08, -7.668, -9.25, -10.86, -12.69, -14.84, -17.22, -19.61, -21.84, -23.75, -25.19, -26.23, -26.89, -26.8, -25.73, -23.89, -21.48, -18.39, -14.64, -10.55, -6.566, -2.799, 0.65, 3.336, 4.543, 3.959, 2.035, -0.4404, -3.025, -5.6, -7.945, -9.836, -11.56, -13.51, -15.62, -17.38, -18.56, -19.69, -21.27, -22.36, -22.61, -22.9, -23.45, -23.61, -23.38, -22.42, -20.3, -17.78, -16.2, -13.25, -9.97, -6.5, -4.8, -2.182, 1.415, 5.35, 4.41, 13.695, 7.344, 19.06, 7.766, 20.08, 9.36, 19.2, 10.695, 16.23, 11.875, 13.23, 10.42, 13.86, 14.734, 16.98, 18.11, 20.38, 21.19, 20.88, 20.36, 20.05, 19.86, 20.17, 20.4, 19.72, 18.62, 17.78, 16.66, 15.1, 13.87, 13.2, 12.36, 10.766, 8.89, 7.434, 6.266, 4.8, 2.926, 0.9917, -0.7827, -2.383, -3.76, -4.76, -5.344, -5.645, -5.75, -5.43, -4.34, -2.438, -0.09985, 2.31, 4.582, 6.47, 7.66, 7.992, 7.625, 6.727, 5.402, 3.807, 2.35, 1.454, 1.244, 1.487, 1.969, 2.637
3.867, 4.797, 5.418, 5.61, 5.38, 4.78, 3.805, 2.459, 0.913, -0.6587, -2.084, -3.232, -3.969, -4.2, -3.94, -3.312, -2.55, -1.878, -1.437, -1.262, -1.4, -1.935, -2.852, -3.936, -4.74, -4.723, -3.506, -0.9443, 2.826, 7.63, 13.164, 18.92, 24.22, 28.44, 31.05, 31.81, 30.8, 28.44, 25.05, 21.25, 17.5, 14.05, 10.92, 8.08, 5.406, 2.998, 1.034, -0.2603, -0.7754, -0.56, 0.1167, 0.873, 1.509, 2.176, 3.182, 4.74, 6.742, 8.84, 10.72, 12.19, 13.34, 14.43, 15.53, 16.64, 17.4, 17.6, 16.92, 15.22, 12.64, 9.484, 6.375, 3.613, 1.358, -0.415, -1.799, -2.854, -3.758, -4.816, -6.258, -7.996, -9.766, -11.45, -13.22, -15.305, -17.62, -20.0, -22.25, -24.22, -25.62, -26.61, -27.12, -26.78, -25.4, -23.22, -20.56, -17.38, -13.57, -9.51, -5.633, -2.209, 0.705, 2.893, 3.848, 3.275, 1.531, -0.668, -2.94, -5.293, -7.566, -9.55, -11.38, -13.41, -15.68, -17.75, -19.1, -20.11, -21.39, -22.4, -22.53, -22.55, -22.97, -23.17, -23.1, -22.53, -20.75, -18.22, -16.36, -14.484, -10.91, -8.375, -4.562, -4.742, 0.0371, 0.125, 3.572, 4.453, 7.848, 8.414, 11.33, 9.47, 12.62, 8.94, 12.52, 8.78, 13.19, 10.08, 14.48, 14.836, 17.67, 18.75, 21.11, 23.11, 23.67, 22.95, 22.36, 22.05, 21.95, 22.28, 22.31, 21.47, 20.39, 19.5, 18.27, 16.66, 15.484, 14.72, 13.53, 11.71, 9.79, 8.27, 6.902, 5.156, 3.0, 0.9033, -0.9434, -2.543, -3.86, -4.81, -5.375, -5.67, -5.69, -5.176, -3.834, -1.794, 0.547, 2.877, 5.047, 6.844, 7.918, 8.14, 7.637, 6.63, 5.203, 3.578, 2.14, 1.313, 1.172, 1.515, 2.121, 2.924
4.17, 5.066, 5.58, 5.6, 5.22, 4.484, 3.379, 1.945, 0.3777, -1.126, -2.45, -3.49, -4.133, -4.31, -4.02, -3.404, -2.672, -2.023, -1.552, -1.273, -1.223, -1.492, -2.14, -3.045, -3.805, -3.904, -2.924, -0.717, 2.688, 7.04, 12.11, 17.47, 22.47, 26.61, 29.27, 30.27, 29.64, 27.58, 24.48, 20.98, 17.42, 14.195, 11.234, 8.53, 5.953, 3.527, 1.451, -0.07825, -0.8984, -1.007, -0.618, -0.0719, 0.4062, 0.881, 1.636, 2.879, 4.53, 6.32, 7.883, 8.95, 9.6, 10.03, 10.53, 11.09, 11.58, 11.73, 11.26, 9.99, 7.953, 5.42, 2.86, 0.6597, -1.0, -2.188, -3.012, -3.594, -4.18, -5.094, -6.562, -8.45, -10.41, -12.19, -13.99, -16.03, -18.33, -20.73, -22.97, -24.81, -26.1, -26.81, -27.05, -26.42, -24.75, -22.25, -19.44, -16.22, -12.47, -8.47, -4.715, -1.559, 0.922, 2.65, 3.334, 2.738, 1.153, -0.7686, -2.703, -4.754, -6.94, -9.05, -11.05, -13.27, -15.766, -18.17, -19.88, -20.9, -21.89, -22.89, -23.03, -22.75, -22.92, -23.2, -23.23, -22.9, -21.55, -18.86, -16.38, -14.52, -11.945, -9.08, -6.414, -3.873, -2.746, 1.729, 0.2969, 5.766, 2.754, 9.11, 5.082, 11.3, 6.38, 12.375, 8.37, 13.63, 11.44, 14.58, 15.13, 17.69, 19.33, 21.66, 23.97, 25.42, 25.06, 24.16, 23.69, 23.5, 23.58, 23.81, 23.62, 22.66, 21.69, 20.73, 19.39, 17.83, 16.77, 15.82, 14.39, 12.35, 10.4, 8.83, 7.285, 5.29, 3.049, 0.9873, -0.802, -2.367, -3.691, -4.715, -5.363, -5.7, -5.617, -4.85, -3.295, -1.147, 1.17, 3.434, 5.56, 7.27, 8.22, 8.25, 7.59, 6.445, 4.938, 3.285, 1.877, 1.1, 1.024, 1.456, 2.197, 3.143
4.34, 5.227, 5.652, 5.6, 5.145, 4.316, 3.098, 1.59, -0.01538, -1.5, -2.756, -3.695, -4.25, -4.375, -4.08, -3.49, -2.812, -2.182, -1.653, -1.235, -0.9487, -0.909, -1.245, -1.912, -2.578, -2.73, -1.967, -0.09546, 2.871, 6.785, 11.38, 16.25, 20.84, 24.66, 27.2, 28.33, 27.94, 26.27, 23.6, 20.4, 17.19, 14.13, 11.36, 8.82, 6.31, 3.873, 1.662, -0.0647, -1.15, -1.567, -1.468, -1.136, -0.791, -0.438, 0.1294, 1.097, 2.416, 3.826, 4.953, 5.57, 5.68, 5.53, 5.414, 5.477, 5.684, 5.848, 5.7, 5.02, 3.75, 2.035, 0.2258, -1.306, -2.402, -3.096, -3.562, -3.965, -4.508, -5.473, -7.047, -9.08, -11.19, -13.12, -14.984, -17.06, -19.3, -21.64, -23.81, -25.44, -26.4, -26.75, -26.6, -25.72, -23.8, -21.11, -18.14, -14.93, -11.3, -7.406, -3.762, -0.793, 1.377, 2.77, 3.244, 2.586, 1.057, -0.75, -2.45, -4.223, -6.227, -8.35, -10.48, -12.83, -15.52, -18.31, -20.45, -21.73, -22.66, -23.55, -23.86, -23.56, -23.52, -23.72, -23.88, -23.78, -22.92, -20.6, -17.4, -14.88, -12.16, -9.5, -6.605, -4.34, -2.242, 0.3086, 2.605, 3.914, 6.504, 6.285, 9.45, 8.28, 11.45, 10.44, 13.34, 13.13, 15.25, 15.96, 18.47, 19.92, 22.2, 23.98, 25.8, 26.11, 25.33, 24.75, 24.58, 24.52, 24.53, 24.66, 24.16, 23.22, 22.33, 21.39, 20.03, 18.64, 17.66, 16.58, 14.84, 12.63, 10.63, 8.99, 7.293, 5.234, 3.078, 1.161, -0.545, -2.133, -3.578, -4.742, -5.508, -5.824, -5.59, -4.613, -2.865, -0.6387, 1.696, 3.994, 6.145, 7.79, 8.555, 8.39, 7.52, 6.23, 4.633, 2.926, 1.527, 0.79, 0.769, 1.295, 2.154, 3.23
4.36, 5.246, 5.645, 5.566, 5.08, 4.21, 2.932, 1.349, -0.305, -1.799, -3.0, -3.863, -4.32, -4.375, -4.062, -3.514, -2.887, -2.271, -1.7, -1.158, -0.668, -0.3503, -0.3716, -0.7573, -1.26, -1.411, -0.793, 0.8115, 3.414, 6.863, 10.94, 15.28, 19.34, 22.78, 25.11, 26.22, 26.03, 24.73, 22.5, 19.73, 16.8, 13.98, 11.4, 8.945, 6.5, 4.016, 1.701, -0.2001, -1.503, -2.16, -2.297, -2.15, -1.92, -1.637, -1.1875, -0.4268, 0.574, 1.596, 2.31, 2.498, 2.18, 1.563, 0.9893, 0.633, 0.575, 0.7, 0.8438, 0.7485, 0.2717, -0.5537, -1.492, -2.295, -2.824, -3.16, -3.498, -3.975, -4.703, -5.895, -7.652, -9.86, -12.13, -14.2, -16.17, -18.22, -20.42, -22.69, -24.66, -26.05, -26.62, -26.5, -25.92, -24.69, -22.61, -19.83, -16.77, -13.54, -10.016, -6.266, -2.744, 0.05762, 2.006, 3.168, 3.494, 2.797, 1.207, -0.658, -2.332, -3.908, -5.676, -7.65, -9.7, -12.0, -14.766, -17.78, -20.47, -22.2, -23.27, -24.22, -24.77, -24.66, -24.56, -24.81, -25.0, -24.95, -24.5, -22.84, -19.81, -16.53, -13.54, -10.25, -7.37, -4.02, -2.11, 1.201, 3.035, 6.094, 7.1, 9.68, 9.836, 12.27, 12.0, 14.5, 14.29, 16.62, 16.78, 19.11, 20.12, 22.02, 23.53, 25.17, 26.19, 25.9, 25.38, 25.05, 25.0, 24.92, 24.95, 24.81, 24.14, 23.14, 22.39, 21.5, 20.27, 19.12, 18.2, 16.92, 14.85, 12.5, 10.484, 8.805, 7.05, 5.035, 3.055, 1.279, -0.434, -2.172, -3.787, -5.074, -5.863, -6.1, -5.71, -4.543, -2.67, -0.3767, 2.066, 4.5, 6.723, 8.31, 8.89, 8.51, 7.465, 6.035, 4.32, 2.535, 1.125, 0.417, 0.458, 1.065, 2.033, 3.201
4.31, 5.164, 5.53, 5.434, 4.945, 4.082, 2.79, 1.182, -0.4902, -1.984, -3.16, -3.95, -4.33, -4.312, -3.986, -3.469, -2.88, -2.293, -1.699, -1.092, -0.475, 0.04474, 0.3113, 0.2454, -0.01843, -0.0904, 0.4507, 1.856, 4.145, 7.195, 10.79, 14.586, 18.16, 21.11, 23.11, 24.12, 24.05, 23.05, 21.23, 18.86, 16.27, 13.7, 11.31, 8.98, 6.543, 4.027, 1.619, -0.4102, -1.867, -2.697, -3.03, -3.035, -2.898, -2.678, -2.293, -1.684, -0.919, -0.2056, 0.19, 0.0884, -0.492, -1.351, -2.215, -2.842, -3.137, -3.098, -2.84, -2.518, -2.316, -2.3, -2.41, -2.496, -2.508, -2.596, -2.969, -3.682, -4.773, -6.277, -8.3, -10.69, -13.1, -15.336, -17.38, -19.47, -21.61, -23.7, -25.48, -26.64, -26.81, -26.2, -25.1, -23.53, -21.3, -18.4, -15.266, -12.02, -8.586, -4.98, -1.646, 0.948, 2.654, 3.594, 3.807, 3.092, 1.45, -0.5723, -2.385, -3.916, -5.445, -7.15, -8.93, -10.96, -13.5, -16.56, -19.6, -21.88, -23.33, -24.53, -25.44, -25.66, -25.67, -25.92, -26.28, -26.38, -26.06, -24.97, -22.55, -19.17, -15.73, -12.23, -8.805, -5.363, -2.162, 0.4956, 3.8, 5.766, 8.77, 9.62, 12.086, 12.22, 14.37, 14.43, 16.33, 16.83, 18.62, 19.94, 21.55, 23.08, 24.53, 25.6, 25.77, 25.31, 24.95, 25.03, 24.98, 24.94, 24.86, 24.53, 23.61, 22.77, 22.1, 21.36, 20.34, 19.39, 18.4, 16.75, 14.39, 11.97, 10.016, 8.39, 6.676, 4.79, 2.945, 1.19, -0.6807, -2.625, -4.37, -5.664, -6.37, -6.49, -5.95, -4.664, -2.705, -0.309, 2.285, 4.89, 7.188, 8.7, 9.12, 8.586, 7.426, 5.867, 4.04, 2.186, 0.7563, 0.0862, 0.186, 0.8623, 1.904, 3.14
4.23, 5.023, 5.31, 5.16, 4.684, 3.844, 2.594, 1.036, -0.5903, -2.049, -3.191, -3.938, -4.273, -4.234, -3.908, -3.428, -2.879, -2.307, -1.719, -1.092, -0.4336, 0.2076, 0.721, 0.9834, 1.034, 1.14, 1.688, 2.95, 4.99, 7.684, 10.836, 14.12, 17.17, 19.66, 21.38, 22.17, 22.19, 21.4, 19.9, 17.94, 15.69, 13.34, 11.11, 8.85, 6.457, 3.951, 1.516, -0.579, -2.13, -3.115, -3.611, -3.77, -3.75, -3.576, -3.234, -2.695, -2.053, -1.506, -1.28, -1.512, -2.17, -3.11, -4.08, -4.855, -5.324, -5.4, -5.113, -4.566, -3.9, -3.258, -2.684, -2.172, -1.789, -1.744, -2.227, -3.244, -4.723, -6.59, -8.86, -11.42, -14.03, -16.34, -18.47, -20.53, -22.67, -24.66, -26.27, -27.17, -27.06, -26.0, -24.38, -22.38, -19.88, -16.84, -13.59, -10.3, -6.97, -3.559, -0.4814, 1.833, 3.215, 3.836, 3.863, 3.129, 1.501, -0.62, -2.586, -4.14, -5.496, -6.89, -8.35, -10.0, -12.11, -14.875, -17.98, -20.72, -22.7, -24.22, -25.52, -26.25, -26.5, -26.81, -27.28, -27.56, -27.42, -26.77, -25.02, -22.0, -18.5, -14.625, -10.914, -6.984, -3.37, 0.07227, 3.059, 6.004, 8.12, 10.36, 11.53, 13.25, 14.08, 15.695, 16.72, 18.44, 19.94, 21.58, 22.86, 23.98, 24.7, 24.8, 24.61, 24.31, 24.58, 24.84, 24.94, 24.88, 24.56, 23.88, 22.9, 22.19, 21.7, 21.03, 20.17, 19.28, 18.06, 16.06, 13.53, 11.2, 9.43, 7.934, 6.28, 4.473, 2.676, 0.801, -1.272, -3.377, -5.156, -6.34, -6.9, -6.887, -6.234, -4.84, -2.78, -0.2627, 2.484, 5.223, 7.53, 8.914, 9.195, 8.555, 7.34, 5.727, 3.8, 1.906, 0.4976, -0.1138, 0.04346, 0.7607, 1.835, 3.082
4.156, 4.844, 5.016, 4.785, 4.27, 3.463, 2.297, 0.8623, -0.642, -2.01, -3.09, -3.822, -4.156, -4.145, -3.87, -3.434, -2.916, -2.361, -1.784, -1.18, -0.545, 0.1423, 0.843, 1.434, 1.849, 2.225, 2.877, 4.062, 5.883, 8.27, 11.016, 13.805, 16.34, 18.4, 19.8, 20.5, 20.5, 19.89, 18.69, 16.98, 14.99, 12.89, 10.75, 8.586, 6.273, 3.818, 1.429, -0.662, -2.268, -3.371, -4.03, -4.38, -4.477, -4.375, -4.027, -3.469, -2.824, -2.318, -2.15, -2.406, -3.05, -3.936, -4.86, -5.656, -6.18, -6.33, -6.047, -5.375, -4.46, -3.457, -2.473, -1.6, -0.997, -0.9014, -1.496, -2.78, -4.582, -6.766, -9.27, -12.03, -14.805, -17.28, -19.44, -21.52, -23.56, -25.45, -26.94, -27.73, -27.42, -25.95, -23.78, -21.22, -18.31, -15.055, -11.67, -8.414, -5.21, -2.09, 0.66, 2.64, 3.63, 3.846, 3.56, 2.748, 1.217, -0.839, -2.834, -4.375, -5.562, -6.695, -7.89, -9.22, -10.89, -13.19, -16.08, -19.03, -21.42, -23.33, -25.0, -26.22, -26.92, -27.36, -27.84, -28.19, -28.23, -27.84, -26.77, -24.58, -21.42, -17.77, -13.734, -9.68, -5.33, -1.535, 2.377, 5.277, 8.305, 10.18, 12.39, 13.61, 15.43, 16.56, 18.34, 19.6, 21.06, 22.03, 22.7, 23.23, 23.22, 23.4, 23.44, 24.03, 24.61, 25.02, 24.95, 24.7, 24.08, 23.08, 22.11, 21.58, 21.16, 20.44, 19.66, 18.69, 17.17, 14.91, 12.47, 10.43, 8.92, 7.51, 5.895, 4.086, 2.203, 0.154, -2.094, -4.24, -5.91, -6.945, -7.36, -7.223, -6.438, -4.91, -2.715, -0.05493, 2.818, 5.605, 7.83, 9.05, 9.17, 8.47, 7.21, 5.535, 3.576, 1.69, 0.359, -0.1626, 0.04785, 0.779, 1.852, 3.074
4.11, 4.67, 4.7, 4.355, 3.787, 2.982, 1.91, 0.622, -0.718, -1.941, -2.93, -3.627, -3.988, -4.035, -3.832, -3.46, -2.98, -2.443, -1.895, -1.348, -0.7744, -0.09827, 0.717, 1.581, 2.37, 3.102, 3.959, 5.145, 6.8, 8.89, 11.23, 13.555, 15.65, 17.3, 18.4, 19.0, 19.0, 18.48, 17.47, 16.03, 14.23, 12.27, 10.29, 8.195, 5.96, 3.623, 1.338, -0.675, -2.285, -3.484, -4.32, -4.836, -5.074, -5.01, -4.637, -3.99, -3.283, -2.748, -2.59, -2.865, -3.479, -4.254, -5.043, -5.715, -6.14, -6.223, -5.895, -5.168, -4.164, -3.043, -1.949, -0.9893, -0.3408, -0.2495, -0.9224, -2.361, -4.4, -6.805, -9.55, -12.53, -15.5, -18.1, -20.31, -22.36, -24.36, -26.14, -27.55, -28.23, -27.83, -26.02, -23.22, -20.0, -16.6, -13.016, -9.51, -6.31, -3.39, -0.662, 1.697, 3.312, 3.924, 3.705, 3.04, 2.084, 0.687, -1.153, -3.0, -4.406, -5.4, -6.29, -7.324, -8.516, -9.984, -11.875, -14.45, -17.39, -20.08, -22.19, -24.06, -25.69, -26.88, -27.56, -28.06, -28.48, -28.56, -28.28, -27.45, -26.0, -23.64, -20.61, -17.06, -13.21, -9.05, -4.797, -0.842, 2.904, 5.914, 8.734, 10.79, 12.836, 14.375, 16.03, 17.39, 18.6, 19.7, 20.34, 21.12, 21.45, 22.19, 22.7, 23.69, 24.56, 25.27, 25.28, 25.02, 24.19, 23.22, 22.1, 21.22, 20.78, 20.23, 19.42, 18.61, 17.53, 15.79, 13.555, 11.43, 9.86, 8.56, 7.16, 5.44, 3.594, 1.595, -0.5967, -2.904, -4.99, -6.53, -7.438, -7.758, -7.5, -6.53, -4.777, -2.371, 0.4543, 3.428, 6.2, 8.266, 9.29, 9.266, 8.445, 7.113, 5.36, 3.357, 1.52, 0.3022, -0.1221, 0.1318, 0.867, 1.926, 3.107
4.117, 4.55, 4.453, 3.994, 3.344, 2.51, 1.471, 0.3, -0.8755, -1.94, -2.8, -3.432, -3.797, -3.889, -3.744, -3.424, -2.984, -2.486, -2.002, -1.538, -1.054, -0.435, 0.415, 1.461, 2.576, 3.676, 4.81, 6.113, 7.715, 9.56, 11.53, 13.38, 14.99, 16.28, 17.16, 17.62, 17.64, 17.19, 16.3, 15.01, 13.414, 11.64, 9.73, 7.69, 5.55, 3.342, 1.206, -0.6885, -2.26, -3.516, -4.47, -5.125, -5.453, -5.414, -4.984, -4.266, -3.479, -2.924, -2.809, -3.143, -3.775, -4.477, -5.094, -5.516, -5.703, -5.58, -5.105, -4.305, -3.3, -2.246, -1.268, -0.4373, 0.1118, 0.1509, -0.548, -2.057, -4.2, -6.78, -9.7, -12.92, -16.08, -18.9, -21.19, -23.16, -25.03, -26.72, -28.0, -28.61, -28.02, -25.9, -22.56, -18.62, -14.63, -10.766, -7.2, -4.14, -1.556, 0.692, 2.586, 3.834, 4.156, 3.617, 2.617, 1.499, 0.2102, -1.36, -2.96, -4.184, -4.94, -5.605, -6.508, -7.742, -9.26, -11.1, -13.445, -16.23, -19.02, -21.3, -23.22, -24.95, -26.42, -27.5, -28.2, -28.58, -28.62, -28.22, -27.39, -26.19, -24.4, -22.17, -19.31, -16.14, -12.625, -8.84, -5.03, -1.435, 1.867, 4.754, 7.312, 9.53, 11.53, 13.41, 15.0, 16.66, 17.9, 19.36, 20.36, 21.72, 22.77, 24.1, 25.0, 25.81, 25.81, 25.4, 24.47, 23.3, 21.94, 20.83, 20.06, 19.5, 18.78, 17.98, 17.16, 15.945, 14.164, 12.234, 10.66, 9.47, 8.27, 6.78, 4.977, 3.047, 0.9824, -1.276, -3.566, -5.562, -7.0, -7.863, -8.13, -7.715, -6.484, -4.457, -1.777, 1.25, 4.33, 7.08, 9.03, 9.85, 9.62, 8.65, 7.125, 5.234, 3.18, 1.391, 0.2664, -0.08057, 0.2004, 0.9414, 2.006, 3.176
4.156, 4.51, 4.32, 3.78, 3.033, 2.13, 1.0625, -0.08093, -1.165, -2.094, -2.82, -3.332, -3.615, -3.672, -3.523, -3.225, -2.83, -2.418, -2.04, -1.699, -1.34, -0.8164, -0.002686, 1.125, 2.441, 3.832, 5.266, 6.81, 8.48, 10.2, 11.87, 13.31, 14.48, 15.36, 15.984, 16.3, 16.28, 15.9, 15.13, 14.04, 12.64, 11.0, 9.15, 7.156, 5.055, 2.938, 0.9453, -0.8013, -2.271, -3.492, -4.477, -5.18, -5.535, -5.49, -5.03, -4.28, -3.488, -2.975, -2.947, -3.406, -4.125, -4.82, -5.285, -5.445, -5.3, -4.875, -4.168, -3.264, -2.266, -1.345, -0.578, 0.010376, 0.3657, 0.3113, -0.3882, -1.877, -4.062, -6.742, -9.81, -13.195, -16.67, -19.66, -22.06, -23.94, -25.62, -27.17, -28.31, -28.7, -27.84, -25.44, -21.6, -17.14, -12.64, -8.51, -4.918, -2.016, 0.1919, 1.942, 3.354, 4.273, 4.406, 3.73, 2.562, 1.325, 0.0973, -1.25, -2.64, -3.732, -4.37, -4.844, -5.598, -6.855, -8.586, -10.61, -12.945, -15.54, -18.31, -20.8, -22.8, -24.5, -26.08, -27.38, -28.28, -28.78, -28.83, -28.27, -27.25, -25.9, -24.23, -22.23, -19.89, -17.22, -14.26, -10.99, -7.637, -4.246, -1.057, 1.989, 4.797, 7.44, 9.96, 12.3, 14.67, 16.69, 18.97, 20.58, 22.55, 23.84, 25.34, 26.03, 26.64, 26.44, 25.78, 24.58, 23.2, 21.69, 20.31, 19.2, 18.47, 17.72, 16.94, 16.22, 15.37, 14.09, 12.52, 11.08, 10.055, 9.14, 7.95, 6.363, 4.527, 2.61, 0.539, -1.721, -3.986, -5.934, -7.383, -8.26, -8.46, -7.86, -6.33, -3.957, -0.9844, 2.297, 5.547, 8.32, 10.164, 10.81, 10.36, 9.14, 7.402, 5.305, 3.148, 1.354, 0.257, -0.07684, 0.2106, 0.972, 2.068, 3.258
4.22, 4.547, 4.324, 3.73, 2.904, 1.875, 0.6943, -0.5166, -1.599, -2.455, -3.05, -3.389, -3.504, -3.41, -3.162, -2.832, -2.486, -2.191, -1.984, -1.824, -1.618, -1.213, -0.476, 0.622, 2.012, 3.576, 5.258, 7.05, 8.9, 10.65, 12.16, 13.27, 14.01, 14.49, 14.79, 14.914, 14.84, 14.52, 13.914, 13.06, 11.914, 10.42, 8.65, 6.652, 4.54, 2.428, 0.52, -1.078, -2.37, -3.438, -4.324, -4.96, -5.28, -5.207, -4.77, -4.074, -3.377, -2.97, -3.078, -3.67, -4.508, -5.26, -5.676, -5.625, -5.18, -4.438, -3.477, -2.416, -1.4, -0.5854, -0.0371, 0.284, 0.4062, 0.2379, -0.475, -1.916, -4.07, -6.78, -9.93, -13.46, -17.08, -20.36, -22.8, -24.66, -26.14, -27.38, -28.23, -28.36, -27.3, -24.55, -20.42, -15.555, -10.77, -6.492, -2.924, -0.1838, 1.752, 3.092, 4.08, 4.7, 4.734, 4.09, 2.92, 1.645, 0.4507, -0.7554, -2.037, -3.148, -3.867, -4.33, -4.96, -6.133, -7.957, -10.19, -12.6, -15.125, -17.77, -20.34, -22.55, -24.36, -25.97, -27.39, -28.48, -29.1, -29.19, -28.67, -27.53, -26.0, -24.11, -22.03, -19.72, -17.08, -14.2, -11.09, -7.793, -4.477, -1.148, 2.104, 5.25, 8.34, 11.27, 14.29, 16.97, 19.72, 21.84, 24.11, 25.48, 26.81, 27.27, 27.6, 27.0, 26.11, 24.66, 23.11, 21.4, 19.83, 18.47, 17.42, 16.55, 15.734, 14.984, 14.24, 13.33, 12.125, 10.93, 10.086, 9.47, 8.68, 7.47, 5.895, 4.168, 2.326, 0.292, -1.947, -4.18, -6.137, -7.645, -8.586, -8.76, -7.957, -6.11, -3.38, -0.06683, 3.512, 6.977, 9.85, 11.65, 12.1, 11.42, 9.96, 7.973, 5.652, 3.35, 1.478, 0.3198, -0.06976, 0.1855, 0.968, 2.117, 3.33
4.27, 4.598, 4.402, 3.81, 2.906, 1.735, 0.39, -0.95, -2.104, -2.955, -3.45, -3.602, -3.46, -3.123, -2.678, -2.26, -1.965, -1.851, -1.878, -1.936, -1.895, -1.608, -0.9727, 0.03613, 1.379, 2.977, 4.812, 6.812, 8.875, 10.766, 12.25, 13.14, 13.53, 13.625, 13.6, 13.555, 13.375, 13.13, 12.73, 12.11, 11.195, 9.9, 8.22, 6.22, 4.04, 1.903, 0.02628, -1.447, -2.549, -3.402, -4.066, -4.54, -4.734, -4.63, -4.24, -3.69, -3.174, -2.945, -3.195, -3.908, -4.875, -5.71, -6.133, -5.996, -5.375, -4.4, -3.21, -1.996, -0.9316, -0.1852, 0.187, 0.2573, 0.1517, -0.1497, -0.8584, -2.21, -4.28, -6.953, -10.1, -13.67, -17.4, -20.81, -23.44, -25.23, -26.55, -27.47, -27.94, -27.7, -26.33, -23.44, -19.11, -14.09, -9.21, -4.92, -1.396, 1.284, 3.08, 4.164, 4.824, 5.176, 5.16, 4.59, 3.525, 2.27, 1.082, -0.06232, -1.289, -2.516, -3.488, -4.15, -4.777, -5.844, -7.54, -9.74, -12.19, -14.63, -17.11, -19.53, -21.88, -23.94, -25.8, -27.48, -28.84, -29.66, -29.81, -29.36, -28.31, -26.66, -24.67, -22.4, -19.88, -17.03, -13.94, -10.57, -7.055, -3.434, 0.1523, 3.73, 7.273, 10.67, 14.08, 17.16, 20.23, 22.72, 25.11, 26.56, 27.86, 28.14, 28.22, 27.31, 26.31, 24.72, 23.06, 21.27, 19.64, 18.03, 16.75, 15.68, 14.75, 13.85, 13.055, 12.22, 11.21, 10.195, 9.484, 9.14, 8.75, 8.0, 6.82, 5.37, 3.818, 2.1, 0.1145, -2.084, -4.273, -6.246, -7.855, -8.836, -8.98, -7.996, -5.87, -2.81, 0.847, 4.746, 8.48, 11.44, 13.17, 13.484, 12.61, 10.97, 8.76, 6.258, 3.803, 1.803, 0.5312, 0.021, 0.2051, 0.9844, 2.16, 3.38
4.277, 4.633, 4.492, 3.914, 2.945, 1.641, 0.1385, -1.341, -2.592, -3.467, -3.896, -3.865, -3.46, -2.824, -2.137, -1.594, -1.357, -1.438, -1.736, -2.047, -2.182, -2.002, -1.453, -0.554, 0.669, 2.188, 4.047, 6.17, 8.43, 10.48, 12.0, 12.805, 12.984, 12.81, 12.516, 12.24, 12.0, 11.805, 11.57, 11.21, 10.5, 9.38, 7.797, 5.8, 3.592, 1.414, -0.4731, -1.879, -2.816, -3.426, -3.818, -4.043, -4.055, -3.863, -3.527, -3.148, -2.875, -2.877, -3.277, -4.09, -5.11, -6.03, -6.535, -6.434, -5.766, -4.695, -3.41, -2.105, -1.006, -0.2944, -0.0559, -0.1827, -0.4832, -0.888, -1.557, -2.775, -4.69, -7.234, -10.3, -13.8, -17.56, -21.06, -23.8, -25.66, -26.77, -27.4, -27.48, -26.84, -25.2, -22.2, -17.92, -12.92, -8.01, -3.725, -0.222, 2.438, 4.2, 5.168, 5.59, 5.703, 5.555, 5.062, 4.12, 2.896, 1.698, 0.579, -0.595, -1.891, -3.117, -4.094, -4.902, -5.86, -7.293, -9.29, -11.625, -13.95, -16.19, -18.42, -20.69, -22.9, -25.08, -27.16, -28.9, -30.11, -30.61, -30.4, -29.47, -27.94, -25.9, -23.53, -20.83, -17.72, -14.32, -10.65, -6.79, -2.875, 1.033, 4.918, 8.68, 12.4, 15.805, 19.1, 21.88, 24.48, 26.2, 27.64, 28.03, 28.11, 27.33, 26.34, 24.84, 23.27, 21.52, 19.83, 18.19, 16.7, 15.41, 14.24, 13.13, 12.11, 11.12, 10.125, 9.16, 8.5, 8.27, 8.195, 7.867, 7.12, 6.035, 4.79, 3.383, 1.752, -0.1782, -2.314, -4.445, -6.43, -8.07, -9.086, -9.16, -8.01, -5.668, -2.312, 1.662, 5.86, 9.79, 12.8, 14.47, 14.664, 13.7, 11.96, 9.64, 7.023, 4.445, 2.34, 0.9224, 0.263, 0.3384, 1.067, 2.213, 3.406
4.22, 4.605, 4.523, 3.977, 2.965, 1.561, -0.04425, -1.606, -2.932, -3.836, -4.223, -4.05, -3.414, -2.506, -1.584, -0.929, -0.749, -1.035, -1.607, -2.168, -2.47, -2.379, -1.889, -1.074, 0.02148, 1.416, 3.18, 5.312, 7.676, 9.85, 11.46, 12.32, 12.414, 12.09, 11.62, 11.164, 10.84, 10.67, 10.55, 10.33, 9.79, 8.78, 7.28, 5.36, 3.184, 1.003, -0.8916, -2.299, -3.145, -3.547, -3.674, -3.596, -3.355, -3.006, -2.678, -2.46, -2.457, -2.719, -3.297, -4.17, -5.227, -6.19, -6.812, -6.844, -6.28, -5.273, -4.023, -2.746, -1.66, -0.987, -0.8306, -1.072, -1.473, -1.905, -2.486, -3.5, -5.18, -7.55, -10.46, -13.83, -17.55, -21.1, -23.97, -25.86, -26.86, -27.3, -27.02, -26.08, -24.28, -21.23, -16.98, -12.0, -7.074, -2.762, 0.7344, 3.408, 5.17, 6.07, 6.293, 6.17, 5.88, 5.375, 4.52, 3.36, 2.121, 1.016, -0.0646, -1.276, -2.594, -3.816, -4.86, -5.86, -7.094, -8.75, -10.83, -13.06, -15.18, -17.23, -19.31, -21.58, -23.84, -26.16, -28.27, -29.95, -30.97, -31.19, -30.67, -29.44, -27.62, -25.31, -22.5, -19.33, -15.695, -11.83, -7.742, -3.59, 0.536, 4.535, 8.46, 12.16, 15.7, 18.83, 21.73, 23.88, 25.72, 26.56, 27.05, 26.72, 26.11, 24.95, 23.69, 22.17, 20.67, 19.02, 17.45, 15.93, 14.42, 12.95, 11.555, 10.24, 9.1, 8.11, 7.453, 7.258, 7.344, 7.324, 6.957, 6.223, 5.242, 4.11, 2.787, 1.171, -0.7134, -2.746, -4.797, -6.754, -8.414, -9.414, -9.375, -8.09, -5.51, -1.945, 2.271, 6.68, 10.67, 13.69, 15.27, 15.45, 14.516, 12.8, 10.48, 7.812, 5.203, 3.018, 1.479, 0.6587, 0.5933, 1.212, 2.271, 3.393
4.13, 4.54, 4.51, 3.973, 2.926, 1.478, -0.1523, -1.726, -3.043, -3.945, -4.285, -4.02, -3.22, -2.115, -1.039, -0.3354, -0.2332, -0.7124, -1.524, -2.3, -2.736, -2.705, -2.244, -1.473, -0.4695, 0.7803, 2.412, 4.47, 6.81, 9.055, 10.76, 11.69, 11.85, 11.53, 10.96, 10.414, 10.03, 9.8, 9.69, 9.51, 9.016, 8.06, 6.645, 4.85, 2.785, 0.666, -1.231, -2.654, -3.475, -3.758, -3.646, -3.252, -2.69, -2.12, -1.719, -1.626, -1.882, -2.438, -3.23, -4.168, -5.2, -6.21, -6.938, -7.18, -6.87, -6.082, -5.0, -3.844, -2.836, -2.2, -2.053, -2.297, -2.68, -3.045, -3.463, -4.242, -5.668, -7.81, -10.56, -13.8, -17.38, -20.9, -23.88, -25.86, -26.95, -27.27, -26.86, -25.64, -23.58, -20.5, -16.3, -11.31, -6.285, -1.882, 1.659, 4.324, 6.03, 6.83, 6.875, 6.516, 6.016, 5.465, 4.71, 3.643, 2.443, 1.346, 0.3809, -0.632, -1.812, -3.086, -4.305, -5.453, -6.652, -8.09, -9.91, -11.96, -14.07, -16.14, -18.2, -20.34, -22.69, -25.0, -27.28, -29.2, -30.66, -31.39, -31.31, -30.55, -29.17, -27.16, -24.53, -21.42, -17.89, -13.94, -9.83, -5.625, -1.452, 2.61, 6.508, 10.27, 13.734, 17.05, 19.78, 22.2, 23.8, 25.05, 25.42, 25.47, 24.92, 24.16, 23.06, 21.89, 20.42, 18.86, 17.1, 15.25, 13.32, 11.44, 9.68, 8.21, 7.098, 6.44, 6.27, 6.457, 6.664, 6.582, 6.137, 5.42, 4.49, 3.379, 2.027, 0.3975, -1.439, -3.387, -5.395, -7.367, -9.03, -9.94, -9.73, -8.21, -5.457, -1.699, 2.668, 7.125, 11.11, 14.055, 15.62, 15.83, 15.016, 13.375, 11.125, 8.53, 5.973, 3.766, 2.107, 1.137, 0.913, 1.389, 2.318, 3.336
4.035, 4.49, 4.5, 3.96, 2.867, 1.381, -0.2305, -1.736, -2.97, -3.791, -4.05, -3.682, -2.775, -1.584, -0.476, 0.178, 0.1547, -0.505, -1.51, -2.447, -2.97, -2.957, -2.49, -1.724, -0.7764, 0.3635, 1.834, 3.744, 5.973, 8.18, 9.95, 11.0, 11.33, 11.1, 10.57, 9.97, 9.49, 9.195, 9.01, 8.75, 8.2, 7.246, 5.895, 4.227, 2.32, 0.318, -1.539, -2.979, -3.8, -3.988, -3.67, -2.965, -2.062, -1.2, -0.669, -0.6514, -1.151, -2.008, -3.023, -4.062, -5.09, -6.082, -6.934, -7.43, -7.46, -7.016, -6.207, -5.242, -4.348, -3.725, -3.52, -3.654, -3.918, -4.12, -4.344, -4.875, -6.055, -8.0, -10.63, -13.76, -17.2, -20.73, -23.77, -25.86, -27.05, -27.38, -26.9, -25.53, -23.31, -20.02, -15.75, -10.68, -5.55, -0.9956, 2.604, 5.2, 6.793, 7.438, 7.32, 6.74, 6.047, 5.426, 4.79, 3.916, 2.848, 1.794, 0.926, 0.1416, -0.768, -1.885, -3.143, -4.44, -5.77, -7.188, -8.86, -10.8, -12.93, -15.15, -17.36, -19.64, -21.98, -24.34, -26.58, -28.53, -30.1, -31.02, -31.34, -31.02, -30.05, -28.44, -26.19, -23.4, -20.08, -16.39, -12.42, -8.375, -4.305, -0.3242, 3.615, 7.383, 11.05, 14.36, 17.45, 19.92, 21.98, 23.33, 24.23, 24.45, 24.4, 23.83, 23.08, 21.89, 20.45, 18.58, 16.45, 14.09, 11.69, 9.42, 7.523, 6.168, 5.414, 5.23, 5.496, 5.883, 6.07, 5.902, 5.445, 4.734, 3.82, 2.672, 1.253, -0.3892, -2.2, -4.137, -6.22, -8.266, -9.91, -10.68, -10.234, -8.44, -5.426, -1.523, 2.883, 7.336, 11.25, 14.12, 15.695, 16.0, 15.266, 13.734, 11.57, 9.086, 6.63, 4.41, 2.674, 1.557, 1.185, 1.519, 2.318, 3.258
3.959, 4.51, 4.562, 3.992, 2.816, 1.279, -0.309, -1.72, -2.82, -3.475, -3.559, -3.047, -2.055, -0.8604, 0.166, 0.6587, 0.4473, -0.3945, -1.55, -2.582, -3.15, -3.133, -2.64, -1.857, -0.934, 0.1299, 1.464, 3.19, 5.242, 7.35, 9.15, 10.32, 10.81, 10.77, 10.34, 9.734, 9.16, 8.734, 8.38, 8.0, 7.38, 6.395, 5.086, 3.516, 1.762, -0.1068, -1.879, -3.285, -4.08, -4.164, -3.63, -2.63, -1.383, -0.2325, 0.4463, 0.4202, -0.291, -1.432, -2.691, -3.852, -4.883, -5.875, -6.805, -7.562, -7.984, -7.94, -7.47, -6.74, -5.934, -5.312, -4.977, -4.934, -4.984, -5.0, -5.01, -5.305, -6.266, -8.086, -10.664, -13.75, -17.17, -20.62, -23.72, -26.02, -27.3, -27.7, -27.17, -25.67, -23.16, -19.67, -15.19, -10.02, -4.824, -0.1846, 3.45, 5.96, 7.414, 7.93, 7.668, 6.926, 6.094, 5.414, 4.895, 4.273, 3.44, 2.514, 1.711, 1.085, 0.4546, -0.4, -1.54, -2.918, -4.44, -6.04, -7.76, -9.69, -11.84, -14.19, -16.69, -19.22, -21.8, -24.28, -26.53, -28.47, -29.94, -30.92, -31.3, -31.12, -30.39, -29.06, -27.2, -24.8, -21.81, -18.47, -14.836, -11.03, -7.156, -3.225, 0.673, 4.58, 8.31, 11.98, 15.2, 18.11, 20.39, 22.16, 23.28, 23.95, 24.05, 23.78, 22.97, 21.75, 19.94, 17.72, 15.086, 12.29, 9.56, 7.22, 5.473, 4.445, 4.113, 4.32, 4.797, 5.2, 5.35, 5.188, 4.797, 4.14, 3.234, 2.049, 0.62, -1.016, -2.855, -4.914, -7.164, -9.3, -10.945, -11.516, -10.8, -8.7, -5.457, -1.407, 3.053, 7.465, 11.31, 14.17, 15.77, 16.17, 15.48, 13.984, 11.86, 9.47, 7.074, 4.875, 3.047, 1.797, 1.281, 1.494, 2.209, 3.123
3.873, 4.57, 4.703, 4.09, 2.816, 1.187, -0.4355, -1.784, -2.72, -3.133, -2.951, -2.215, -1.1045, 0.06934, 0.9385, 1.206, 0.749, -0.296, -1.58, -2.672, -3.264, -3.244, -2.729, -1.925, -1.004, 0.012024, 1.228, 2.77, 4.63, 6.605, 8.375, 9.66, 10.35, 10.484, 10.14, 9.555, 8.9, 8.305, 7.824, 7.297, 6.586, 5.562, 4.273, 2.78, 1.12, -0.628, -2.273, -3.566, -4.234, -4.164, -3.4, -2.12, -0.594, 0.7866, 1.572, 1.504, 0.615, -0.783, -2.258, -3.54, -4.61, -5.586, -6.605, -7.586, -8.36, -8.71, -8.59, -8.086, -7.383, -6.715, -6.23, -5.97, -5.793, -5.605, -5.445, -5.594, -6.438, -8.21, -10.78, -13.914, -17.27, -20.7, -23.81, -26.2, -27.6, -28.03, -27.45, -25.73, -22.97, -19.19, -14.58, -9.4, -4.188, 0.4653, 4.094, 6.547, 7.895, 8.32, 8.01, 7.2, 6.297, 5.562, 5.098, 4.707, 4.16, 3.438, 2.717, 2.148, 1.686, 1.091, 0.1558, -1.176, -2.84, -4.703, -6.645, -8.69, -10.88, -13.32, -15.99, -18.77, -21.67, -24.42, -26.92, -29.0, -30.45, -31.4, -31.7, -31.53, -30.84, -29.64, -28.0, -25.77, -23.11, -20.08, -16.77, -13.234, -9.51, -5.703, -1.761, 2.197, 6.17, 9.93, 13.49, 16.55, 19.16, 21.11, 22.52, 23.23, 23.52, 23.17, 22.3, 20.81, 18.75, 16.14, 13.24, 10.24, 7.55, 5.36, 3.89, 3.15, 3.053, 3.361, 3.82, 4.19, 4.375, 4.344, 4.082, 3.52, 2.68, 1.558, 0.1843, -1.445, -3.375, -5.63, -8.086, -10.29, -11.82, -12.23, -11.26, -8.92, -5.496, -1.306, 3.24, 7.707, 11.586, 14.484, 16.16, 16.56, 15.836, 14.26, 12.1, 9.7, 7.312, 5.086, 3.156, 1.779, 1.137, 1.242, 1.917, 2.89
3.66, 4.594, 4.844, 4.227, 2.855, 1.098, -0.6104, -1.948, -2.734, -2.87, -2.354, -1.311, -0.02856, 1.146, 1.861, 1.875, 1.164, -0.07556, -1.479, -2.639, -3.271, -3.29, -2.791, -1.994, -1.067, -0.0717, 1.061, 2.443, 4.125, 5.957, 7.67, 9.04, 9.89, 10.164, 9.94, 9.35, 8.62, 7.875, 7.215, 6.57, 5.797, 4.79, 3.518, 2.047, 0.4421, -1.197, -2.693, -3.79, -4.24, -3.947, -2.957, -1.461, 0.2632, 1.777, 2.611, 2.488, 1.455, -0.12134, -1.772, -3.168, -4.277, -5.273, -6.324, -7.47, -8.53, -9.22, -9.41, -9.086, -8.48, -7.777, -7.152, -6.695, -6.312, -5.977, -5.74, -5.824, -6.66, -8.445, -11.1, -14.26, -17.62, -20.98, -24.08, -26.52, -27.9, -28.27, -27.53, -25.66, -22.61, -18.62, -13.87, -8.74, -3.613, 0.9775, 4.56, 6.97, 8.29, 8.71, 8.43, 7.66, 6.73, 5.926, 5.42, 5.113, 4.812, 4.332, 3.727, 3.186, 2.764, 2.326, 1.619, 0.455, -1.222, -3.264, -5.48, -7.758, -10.08, -12.555, -15.234, -18.11, -21.17, -24.22, -27.02, -29.36, -31.14, -32.25, -32.72, -32.56, -31.9, -30.81, -29.19, -27.16, -24.66, -21.81, -18.62, -15.27, -11.68, -7.85, -3.902, 0.1736, 4.195, 8.125, 11.76, 14.98, 17.69, 19.77, 21.2, 22.06, 22.25, 21.89, 20.86, 19.3, 17.11, 14.484, 11.57, 8.734, 6.207, 4.234, 2.898, 2.19, 2.02, 2.201, 2.545, 2.906, 3.195, 3.32, 3.193, 2.768, 2.07, 1.103, -0.1605, -1.795, -3.855, -6.29, -8.84, -11.02, -12.38, -12.57, -11.44, -8.984, -5.445, -1.148, 3.521, 8.125, 12.17, 15.195, 16.94, 17.3, 16.45, 14.664, 12.34, 9.88, 7.418, 5.11, 3.068, 1.55, 0.758, 0.748, 1.395, 2.473
3.256, 4.44, 4.883, 4.316, 2.895, 1.025, -0.786, -2.156, -2.826, -2.7, -1.828, -0.459, 1.031, 2.25, 2.86, 2.69, 1.776, 0.3857, -1.117, -2.37, -3.107, -3.24, -2.855, -2.111, -1.199, -0.2095, 0.8857, 2.178, 3.723, 5.426, 7.08, 8.47, 9.41, 9.8, 9.664, 9.11, 8.3, 7.42, 6.61, 5.844, 5.04, 4.062, 2.832, 1.383, -0.1931, -1.737, -3.053, -3.906, -4.113, -3.584, -2.4, -0.7485, 1.081, 2.639, 3.469, 3.28, 2.154, 0.4731, -1.282, -2.766, -3.914, -4.918, -6.008, -7.254, -8.47, -9.39, -9.8, -9.68, -9.19, -8.48, -7.773, -7.16, -6.645, -6.24, -6.0, -6.152, -7.03, -8.88, -11.59, -14.766, -18.1, -21.34, -24.28, -26.66, -28.02, -28.28, -27.42, -25.39, -22.17, -17.94, -13.09, -8.01, -3.049, 1.416, 4.957, 7.355, 8.69, 9.13, 8.92, 8.23, 7.332, 6.473, 5.816, 5.45, 5.22, 4.93, 4.492, 3.998, 3.57, 3.197, 2.656, 1.705, 0.2046, -1.84, -4.23, -6.766, -9.29, -11.836, -14.484, -17.34, -20.36, -23.47, -26.47, -29.11, -31.23, -32.7, -33.56, -33.7, -33.4, -32.47, -31.03, -29.11, -26.73, -23.97, -20.92, -17.62, -14.06, -10.25, -6.227, -2.146, 1.969, 5.9, 9.58, 12.84, 15.59, 17.73, 19.27, 20.16, 20.45, 20.14, 19.27, 17.83, 15.85, 13.42, 10.8, 8.164, 5.78, 3.812, 2.387, 1.487, 1.068, 1.029, 1.27, 1.628, 1.965, 2.145, 2.096, 1.815, 1.323, 0.5635, -0.5894, -2.246, -4.418, -6.94, -9.41, -11.39, -12.52, -12.5, -11.25, -8.79, -5.246, -0.9004, 3.902, 8.695, 12.96, 16.2, 18.0, 18.28, 17.22, 15.2, 12.69, 10.07, 7.492, 5.043, 2.873, 1.195, 0.2289, 0.05127, 0.641, 1.83
2.596, 4.055, 4.7, 4.25, 2.865, 0.9604, -0.927, -2.318, -2.908, -2.557, -1.395, 0.2607, 1.955, 3.256, 3.836, 3.584, 2.586, 1.136, -0.4302, -1.778, -2.682, -3.031, -2.854, -2.27, -1.433, -0.4597, 0.63, 1.891, 3.354, 4.97, 6.55, 7.918, 8.89, 9.35, 9.305, 8.81, 7.973, 7.0, 6.05, 5.19, 4.344, 3.393, 2.21, 0.793, -0.741, -2.174, -3.303, -3.92, -3.898, -3.193, -1.893, -0.166, 1.691, 3.252, 4.05, 3.836, 2.676, 0.965, -0.826, -2.352, -3.547, -4.57, -5.67, -6.953, -8.266, -9.305, -9.89, -9.95, -9.58, -8.95, -8.21, -7.508, -6.95, -6.56, -6.434, -6.715, -7.67, -9.52, -12.195, -15.35, -18.56, -21.56, -24.33, -26.6, -27.95, -28.14, -27.17, -25.03, -21.66, -17.33, -12.336, -7.19, -2.291, 2.008, 5.44, 7.805, 9.125, 9.61, 9.445, 8.83, 7.977, 7.06, 6.26, 5.71, 5.383, 5.15, 4.86, 4.48, 4.1, 3.738, 3.275, 2.508, 1.24, -0.599, -2.926, -5.555, -8.266, -10.96, -13.66, -16.44, -19.38, -22.39, -25.4, -28.14, -30.52, -32.38, -33.7, -34.34, -34.44, -33.9, -32.9, -31.27, -29.16, -26.58, -23.62, -20.39, -16.88, -13.06, -9.06, -4.934, -0.834, 3.139, 6.86, 10.195, 13.08, 15.33, 17.08, 18.22, 18.73, 18.77, 18.25, 17.17, 15.49, 13.41, 10.95, 8.43, 6.02, 3.938, 2.285, 1.163, 0.51, 0.2969, 0.3867, 0.611, 0.8037, 0.888, 0.853, 0.7114, 0.417, -0.1902, -1.298, -3.018, -5.234, -7.67, -9.88, -11.52, -12.32, -12.11, -10.79, -8.39, -4.953, -0.6543, 4.223, 9.195, 13.695, 17.11, 18.92, 19.17, 17.9, 15.695, 13.05, 10.28, 7.56, 5.0, 2.691, 0.851, -0.34, -0.74, -0.2764, 0.9697
1.777, 3.43, 4.277, 3.992, 2.725, 0.8755, -0.998, -2.377, -2.885, -2.387, -1.012, 0.8496, 2.697, 4.082, 4.7, 4.46, 3.52, 2.121, 0.572, -0.8535, -1.943, -2.572, -2.713, -2.398, -1.733, -0.826, 0.27, 1.545, 2.98, 4.543, 6.05, 7.363, 8.32, 8.836, 8.86, 8.445, 7.668, 6.664, 5.61, 4.64, 3.734, 2.783, 1.634, 0.2605, -1.203, -2.51, -3.445, -3.873, -3.701, -2.918, -1.586, 0.1494, 1.999, 3.549, 4.35, 4.16, 3.05, 1.38, -0.398, -1.945, -3.178, -4.25, -5.383, -6.66, -7.984, -9.09, -9.78, -9.99, -9.805, -9.305, -8.63, -7.918, -7.383, -7.09, -7.137, -7.582, -8.6, -10.375, -12.91, -15.88, -18.89, -21.66, -24.17, -26.36, -27.69, -27.92, -26.95, -24.7, -21.25, -16.66, -11.49, -6.207, -1.333, 2.826, 6.098, 8.35, 9.63, 10.086, 9.9, 9.33, 8.52, 7.6, 6.715, 5.973, 5.457, 5.14, 4.914, 4.676, 4.4, 4.074, 3.633, 2.943, 1.87, 0.2927, -1.783, -4.242, -6.93, -9.695, -12.49, -15.336, -18.25, -21.17, -24.12, -26.88, -29.33, -31.36, -32.97, -34.06, -34.6, -34.62, -34.0, -32.84, -31.03, -28.81, -26.08, -23.0, -19.6, -15.9, -11.914, -7.824, -3.707, 0.3232, 4.15, 7.668, 10.76, 13.37, 15.42, 16.95, 17.9, 18.31, 18.16, 17.42, 16.03, 14.086, 11.766, 9.21, 6.742, 4.547, 2.793, 1.521, 0.721, 0.2852, 0.08105, -0.04028, -0.1514, -0.2625, -0.3335, -0.3984, -0.616, -1.215, -2.404, -4.207, -6.418, -8.664, -10.57, -11.805, -12.21, -11.734, -10.35, -8.03, -4.766, -0.5996, 4.25, 9.28, 13.93, 17.47, 19.38, 19.56, 18.22, 15.92, 13.17, 10.33, 7.54, 4.88, 2.496, 0.5215, -0.8853, -1.526, -1.224, 0.01123
0.903, 2.682, 3.674, 3.564, 2.463, 0.775, -0.9917, -2.29, -2.72, -2.121, -0.6377, 1.333, 3.277, 4.734, 5.402, 5.27, 4.453, 3.219, 1.7705, 0.3306, -0.9243, -1.849, -2.352, -2.39, -1.996, -1.234, -0.1803, 1.1, 2.531, 4.027, 5.473, 6.72, 7.64, 8.19, 8.32, 8.04, 7.37, 6.406, 5.332, 4.266, 3.271, 2.262, 1.092, -0.2532, -1.636, -2.797, -3.566, -3.848, -3.6, -2.814, -1.52, 0.1796, 2.018, 3.582, 4.457, 4.36, 3.365, 1.777, 0.04932, -1.512, -2.809, -3.953, -5.117, -6.414, -7.71, -8.82, -9.625, -10.0, -10.016, -9.734, -9.2, -8.62, -8.14, -7.95, -8.13, -8.7, -9.7, -11.3, -13.55, -16.22, -19.0, -21.58, -23.97, -26.06, -27.48, -27.84, -26.84, -24.53, -20.8, -15.99, -10.47, -4.99, -0.1172, 3.865, 6.887, 8.94, 10.086, 10.47, 10.24, 9.67, 8.89, 8.016, 7.12, 6.31, 5.64, 5.19, 4.918, 4.76, 4.598, 4.344, 3.926, 3.252, 2.246, 0.856, -0.926, -3.057, -5.473, -8.11, -10.89, -13.805, -16.75, -19.8, -22.75, -25.52, -28.05, -30.19, -31.95, -33.28, -34.12, -34.47, -34.25, -33.38, -32.0, -30.05, -27.62, -24.83, -21.6, -18.02, -14.17, -10.1, -5.973, -1.844, 2.156, 5.9, 9.28, 12.22, 14.67, 16.58, 17.89, 18.62, 18.73, 18.19, 16.98, 15.125, 12.84, 10.38, 7.95, 5.816, 4.066, 2.71, 1.701, 0.922, 0.2744, -0.2798, -0.7266, -1.032, -1.205, -1.3545, -1.702, -2.492, -3.875, -5.797, -7.992, -10.06, -11.65, -12.49, -12.54, -11.8, -10.31, -8.055, -4.926, -0.882, 3.854, 8.84, 13.48, 17.02, 18.98, 19.17, 17.9, 15.664, 12.945, 10.09, 7.28, 4.6, 2.193, 0.1414, -1.424, -2.264, -2.115, -0.924
0.09155, 1.916, 2.984, 3.014, 2.121, 0.6455, -0.923, -2.084, -2.424, -1.787, -0.28, 1.7295, 3.719, 5.242, 6.004, 5.992, 5.363, 4.312, 3.035, 1.651, 0.3003, -0.885, -1.754, -2.193, -2.14, -1.604, -0.656, 0.5757, 1.959, 3.387, 4.73, 5.9, 6.816, 7.406, 7.64, 7.523, 7.02, 6.203, 5.168, 4.055, 2.96, 1.824, 0.5776, -0.7827, -2.098, -3.137, -3.764, -3.94, -3.66, -2.904, -1.655, 0.01123, 1.847, 3.473, 4.46, 4.54, 3.703, 2.244, 0.5723, -1.005, -2.365, -3.598, -4.82, -6.11, -7.402, -8.555, -9.45, -10.05, -10.336, -10.336, -10.07, -9.65, -9.26, -9.13, -9.39, -9.94, -10.83, -12.18, -14.055, -16.42, -19.02, -21.5, -23.86, -25.97, -27.44, -27.86, -26.83, -24.25, -20.28, -15.11, -9.31, -3.66, 1.209, 4.984, 7.684, 9.47, 10.43, 10.695, 10.42, 9.85, 9.11, 8.336, 7.566, 6.797, 6.09, 5.523, 5.15, 4.94, 4.82, 4.64, 4.266, 3.613, 2.63, 1.324, -0.2637, -2.096, -4.17, -6.49, -9.1, -11.92, -14.95, -18.05, -21.19, -24.11, -26.78, -29.1, -30.98, -32.47, -33.47, -34.0, -34.0, -33.44, -32.22, -30.56, -28.39, -25.78, -22.8, -19.36, -15.62, -11.59, -7.426, -3.209, 0.956, 4.91, 8.57, 11.79, 14.52, 16.67, 18.22, 19.16, 19.44, 19.08, 18.02, 16.38, 14.266, 11.96, 9.734, 7.7, 5.945, 4.44, 3.133, 1.978, 0.926, 0.02307, -0.6836, -1.196, -1.597, -2.037, -2.732, -3.875, -5.54, -7.645, -9.86, -11.81, -13.19, -13.75, -13.51, -12.55, -10.93, -8.62, -5.5, -1.537, 3.09, 7.96, 12.45, 15.9, 17.8, 18.08, 16.94, 14.9, 12.28, 9.5, 6.676, 4.047, 1.652, -0.4126, -2.05, -2.992, -2.916, -1.753
-0.6357, 1.178, 2.285, 2.44, 1.742, 0.5117, -0.826, -1.813, -2.07, -1.424, 0.06055, 2.055, 4.082, 5.66, 6.535, 6.66, 6.21, 5.344, 4.246, 2.96, 1.58, 0.2151, -0.973, -1.796, -2.107, -1.846, -1.082, 0.03027, 1.304, 2.602, 3.84, 4.945, 5.848, 6.484, 6.848, 6.88, 6.6, 5.98, 5.055, 3.957, 2.754, 1.46, 0.07715, -1.342, -2.625, -3.57, -4.098, -4.195, -3.895, -3.14, -1.896, -0.217, 1.659, 3.367, 4.508, 4.773, 4.14, 2.824, 1.22, -0.371, -1.8, -3.113, -4.39, -5.727, -7.047, -8.27, -9.36, -10.195, -10.8, -11.13, -11.17, -10.96, -10.64, -10.5, -10.68, -11.17, -11.94, -13.01, -14.586, -16.72, -19.2, -21.73, -24.1, -26.14, -27.56, -27.9, -26.66, -23.8, -19.47, -14.03, -8.06, -2.332, 2.455, 6.023, 8.41, 9.88, 10.6, 10.76, 10.49, 9.95, 9.31, 8.69, 8.086, 7.484, 6.836, 6.227, 5.734, 5.41, 5.207, 5.016, 4.688, 4.082, 3.145, 1.887, 0.4033, -1.255, -3.084, -5.133, -7.473, -10.13, -13.06, -16.25, -19.42, -22.52, -25.38, -27.89, -29.97, -31.7, -32.94, -33.56, -33.72, -33.28, -32.3, -30.75, -28.78, -26.38, -23.55, -20.3, -16.66, -12.66, -8.48, -4.176, 0.1194, 4.246, 8.05, 11.5, 14.37, 16.72, 18.45, 19.58, 20.08, 19.97, 19.16, 17.81, 15.984, 13.93, 11.8, 9.8, 7.973, 6.31, 4.79, 3.4, 2.13, 1.021, 0.08264, -0.7275, -1.508, -2.406, -3.574, -5.152, -7.16, -9.48, -11.78, -13.74, -14.99, -15.375, -14.97, -13.82, -12.03, -9.555, -6.312, -2.322, 2.22, 6.918, 11.19, 14.414, 16.23, 16.56, 15.64, 13.75, 11.266, 8.49, 5.734, 3.104, 0.7666, -1.252, -2.844, -3.75, -3.646, -2.473
-1.303, 0.4983, 1.629, 1.885, 1.37, 0.3613, -0.751, -1.557, -1.725, -1.069, 0.377, 2.34, 4.38, 6.05, 7.066, 7.348, 7.035, 6.336, 5.355, 4.164, 2.777, 1.301, -0.1218, -1.256, -1.894, -1.917, -1.375, -0.4495, 0.649, 1.786, 2.9, 3.941, 4.83, 5.508, 5.953, 6.152, 6.055, 5.64, 4.89, 3.83, 2.55, 1.111, -0.4282, -1.924, -3.195, -4.086, -4.555, -4.6, -4.258, -3.469, -2.164, -0.414, 1.543, 3.338, 4.61, 5.05, 4.61, 3.48, 1.979, 0.4202, -1.051, -2.434, -3.797, -5.203, -6.633, -8.04, -9.336, -10.45, -11.41, -12.08, -12.41, -12.375, -12.1, -11.9, -11.945, -12.33, -12.99, -13.92, -15.31, -17.27, -19.69, -22.25, -24.61, -26.56, -27.75, -27.75, -26.2, -23.0, -18.34, -12.734, -6.758, -1.1045, 3.541, 6.883, 9.016, 10.195, 10.73, 10.79, 10.51, 10.08, 9.58, 9.125, 8.75, 8.3, 7.812, 7.23, 6.656, 6.176, 5.83, 5.53, 5.168, 4.61, 3.746, 2.582, 1.1875, -0.3706, -2.082, -3.994, -6.176, -8.7, -11.57, -14.64, -17.84, -21.0, -23.92, -26.61, -28.9, -30.77, -32.2, -33.06, -33.38, -33.1, -32.28, -30.94, -29.1, -26.88, -24.23, -21.11, -17.55, -13.68, -9.484, -5.14, -0.7793, 3.434, 7.395, 10.94, 14.016, 16.55, 18.47, 19.84, 20.64, 20.8, 20.34, 19.3, 17.73, 15.8, 13.77, 11.77, 9.945, 8.266, 6.73, 5.316, 3.977, 2.69, 1.46, 0.2411, -1.034, -2.447, -4.117, -6.145, -8.484, -11.03, -13.484, -15.49, -16.72, -17.1, -16.56, -15.27, -13.22, -10.47, -6.984, -2.9, 1.594, 6.066, 10.04, 13.016, 14.74, 15.086, 14.24, 12.46, 10.016, 7.258, 4.453, 1.861, -0.4297, -2.357, -3.812, -4.562, -4.35, -3.139
-1.983, -0.1895, 1.0, 1.373, 1.019, 0.1952, -0.7397, -1.396, -1.471, -0.803, 0.605, 2.543, 4.62, 6.418, 7.586, 8.03, 7.85, 7.246, 6.355, 5.207, 3.832, 2.277, 0.702, -0.641, -1.525, -1.8, -1.498, -0.79, 0.1103, 1.074, 2.06, 3.023, 3.88, 4.547, 5.023, 5.312, 5.367, 5.145, 4.56, 3.59, 2.273, 0.7197, -0.9233, -2.473, -3.746, -4.605, -5.043, -5.07, -4.695, -3.812, -2.404, -0.5415, 1.498, 3.36, 4.7, 5.266, 5.016, 4.105, 2.791, 1.322, -0.134, -1.574, -3.025, -4.56, -6.168, -7.797, -9.39, -10.836, -12.055, -13.0, -13.58, -13.7, -13.48, -13.21, -13.15, -13.445, -14.086, -15.01, -16.34, -18.19, -20.5, -22.97, -25.3, -26.97, -27.73, -27.31, -25.34, -21.83, -16.98, -11.3, -5.457, -0.001465, 4.445, 7.613, 9.555, 10.55, 10.9, 10.88, 10.63, 10.32, 10.016, 9.76, 9.52, 9.26, 8.9, 8.39, 7.79, 7.195, 6.65, 6.188, 5.703, 5.1, 4.31, 3.262, 2.012, 0.589, -1.024, -2.86, -5.004, -7.484, -10.305, -13.375, -16.55, -19.69, -22.69, -25.33, -27.72, -29.7, -31.22, -32.3, -32.78, -32.7, -32.03, -30.83, -29.22, -27.2, -24.77, -21.83, -18.42, -14.6, -10.47, -6.125, -1.758, 2.498, 6.55, 10.2, 13.43, 16.14, 18.31, 19.98, 21.05, 21.55, 21.38, 20.58, 19.22, 17.45, 15.555, 13.7, 12.04, 10.52, 9.14, 7.78, 6.348, 4.793, 3.176, 1.476, -0.3105, -2.234, -4.363, -6.746, -9.414, -12.19, -14.77, -16.89, -18.19, -18.52, -17.97, -16.48, -14.164, -11.12, -7.395, -3.19, 1.21, 5.453, 9.164, 11.91, 13.484, 13.81, 12.99, 11.14, 8.65, 5.832, 2.986, 0.3857, -1.858, -3.67, -4.92, -5.457, -5.098, -3.818
-2.75, -0.9053, 0.383, 0.897, 0.6934, 0.00769, -0.803, -1.357, -1.365, -0.6753, 0.7207, 2.66, 4.812, 6.734, 8.09, 8.7, 8.664, 8.12, 7.234, 6.086, 4.68, 3.082, 1.441, -0.010254, -1.036, -1.502, -1.423, -0.957, -0.2686, 0.534, 1.407, 2.293, 3.072, 3.684, 4.13, 4.406, 4.547, 4.457, 4.01, 3.139, 1.846, 0.2668, -1.404, -2.955, -4.19, -5.01, -5.457, -5.492, -5.094, -4.15, -2.604, -0.6245, 1.484, 3.355, 4.69, 5.32, 5.227, 4.56, 3.484, 2.2, 0.8135, -0.6436, -2.201, -3.889, -5.707, -7.613, -9.484, -11.234, -12.664, -13.8, -14.484, -14.76, -14.63, -14.42, -14.35, -14.65, -15.37, -16.39, -17.72, -19.4, -21.47, -23.81, -25.88, -27.16, -27.42, -26.47, -24.11, -20.34, -15.4, -9.83, -4.152, 1.007, 5.223, 8.266, 10.14, 11.04, 11.305, 11.195, 10.96, 10.76, 10.63, 10.52, 10.43, 10.27, 9.984, 9.555, 8.96, 8.29, 7.617, 6.934, 6.273, 5.54, 4.72, 3.777, 2.695, 1.474, 0.03394, -1.7, -3.787, -6.297, -9.14, -12.25, -15.44, -18.58, -21.52, -24.2, -26.61, -28.6, -30.23, -31.38, -32.03, -32.03, -31.53, -30.55, -29.11, -27.31, -25.08, -22.3, -19.08, -15.42, -11.38, -7.14, -2.816, 1.453, 5.508, 9.26, 12.61, 15.484, 17.89, 19.78, 21.17, 21.94, 22.08, 21.53, 20.45, 19.0, 17.38, 15.836, 14.47, 13.24, 11.96, 10.57, 8.914, 7.04, 4.953, 2.748, 0.479, -1.892, -4.4, -7.11, -10.016, -13.0, -15.75, -18.02, -19.39, -19.75, -19.1, -17.4, -14.8, -11.49, -7.613, -3.416, 0.8633, 4.918, 8.38, 10.95, 12.414, 12.68, 11.766, 9.836, 7.18, 4.23, 1.328, -1.271, -3.45, -5.11, -6.137, -6.43, -5.91, -4.58
-3.576, -1.659, -0.227, 0.458, 0.3894, -0.1962, -0.937, -1.445, -1.43, -0.7275, 0.6875, 2.672, 4.902, 6.996, 8.53, 9.336, 9.414, 8.93, 8.01, 6.777, 5.324, 3.71, 2.09, 0.648, -0.4258, -1.031, -1.176, -0.9463, -0.4692, 0.1843, 0.9556, 1.746, 2.438, 2.945, 3.27, 3.494, 3.615, 3.584, 3.246, 2.477, 1.267, -0.2654, -1.896, -3.375, -4.547, -5.348, -5.76, -5.816, -5.395, -4.38, -2.768, -0.7046, 1.441, 3.29, 4.562, 5.184, 5.19, 4.715, 3.9, 2.828, 1.563, 0.1157, -1.5205, -3.35, -5.355, -7.47, -9.58, -11.52, -13.164, -14.336, -15.16, -15.54, -15.625, -15.59, -15.64, -16.06, -16.94, -18.1, -19.38, -20.89, -22.64, -24.52, -26.11, -27.02, -26.72, -25.25, -22.6, -18.69, -13.83, -8.36, -2.932, 1.997, 6.03, 8.945, 10.79, 11.7, 11.93, 11.805, 11.59, 11.47, 11.43, 11.42, 11.38, 11.29, 11.055, 10.64, 10.06, 9.35, 8.55, 7.715, 6.832, 5.92, 5.01, 4.098, 3.156, 2.139, 0.9297, -0.5967, -2.574, -5.01, -7.88, -11.01, -14.29, -17.47, -20.44, -23.19, -25.61, -27.67, -29.33, -30.56, -31.25, -31.33, -30.98, -30.16, -28.9, -27.31, -25.23, -22.72, -19.72, -16.25, -12.42, -8.31, -4.12, 0.071, 4.133, 7.926, 11.375, 14.44, 17.03, 19.2, 20.83, 21.92, 22.4, 22.33, 21.64, 20.62, 19.45, 18.28, 17.23, 16.2, 14.99, 13.47, 11.516, 9.19, 6.617, 3.918, 1.199, -1.548, -4.402, -7.41, -10.54, -13.695, -16.62, -19.02, -20.48, -20.86, -20.05, -18.11, -15.3, -11.82, -7.92, -3.822, 0.2732, 4.125, 7.434, 9.89, 11.31, 11.48, 10.43, 8.305, 5.48, 2.4, -0.547, -3.133, -5.195, -6.645, -7.406, -7.45, -6.78, -5.43
-4.465, -2.426, -0.8, 0.0664, 0.1339, -0.375, -1.084, -1.606, -1.62, -0.927, 0.51, 2.547, 4.88, 7.113, 8.87, 9.87, 10.086, 9.62, 8.625, 7.293, 5.773, 4.195, 2.697, 1.371, 0.3203, -0.4036, -0.783, -0.83, -0.575, -0.0679, 0.6104, 1.328, 1.926, 2.314, 2.521, 2.623, 2.686, 2.645, 2.355, 1.67, 0.555, -0.874, -2.393, -3.783, -4.887, -5.637, -6.04, -6.05, -5.58, -4.492, -2.82, -0.742, 1.381, 3.16, 4.355, 4.914, 4.94, 4.582, 3.951, 3.066, 1.922, 0.5205, -1.145, -3.043, -5.11, -7.32, -9.555, -11.63, -13.36, -14.72, -15.625, -16.19, -16.53, -16.8, -17.1, -17.7, -18.67, -19.89, -21.14, -22.34, -23.62, -25.0, -26.14, -26.53, -25.84, -23.95, -20.95, -17.02, -12.234, -6.94, -1.694, 3.027, 6.875, 9.71, 11.55, 12.484, 12.766, 12.695, 12.52, 12.42, 12.41, 12.445, 12.42, 12.3, 12.05, 11.64, 11.06, 10.33, 9.43, 8.414, 7.355, 6.277, 5.234, 4.285, 3.41, 2.541, 1.543, 0.2261, -1.541, -3.836, -6.605, -9.73, -12.98, -16.17, -19.27, -22.06, -24.58, -26.69, -28.47, -29.75, -30.5, -30.77, -30.53, -29.9, -28.84, -27.44, -25.58, -23.28, -20.5, -17.31, -13.71, -9.84, -5.797, -1.734, 2.26, 6.098, 9.63, 12.875, 15.695, 18.17, 20.14, 21.67, 22.61, 22.98, 22.89, 22.39, 21.66, 20.84, 20.02, 19.12, 17.89, 16.19, 13.94, 11.21, 8.18, 5.02, 1.899, -1.239, -4.41, -7.703, -11.11, -14.45, -17.55, -20.0, -21.53, -21.8, -20.83, -18.7, -15.77, -12.266, -8.47, -4.543, -0.6714, 2.982, 6.15, 8.53, 9.89, 9.945, 8.75, 6.46, 3.488, 0.3252, -2.652, -5.184, -7.117, -8.31, -8.76, -8.58, -7.777, -6.367
-5.36, -3.125, -1.287, -0.2258, -0.01636, -0.4512, -1.156, -1.736, -1.827, -1.195, 0.2124, 2.266, 4.68, 7.043, 8.984, 10.195, 10.555, 10.12, 9.055, 7.63, 6.08, 4.6, 3.273, 2.129, 1.149, 0.329, -0.2944, -0.65, -0.6597, -0.334, 0.2437, 0.8975, 1.443, 1.771, 1.893, 1.9, 1.863, 1.754, 1.449, 0.8115, -0.2015, -1.51, -2.926, -4.234, -5.293, -6.016, -6.355, -6.266, -5.664, -4.49, -2.78, -0.716, 1.356, 3.066, 4.152, 4.62, 4.594, 4.242, 3.672, 2.887, 1.844, 0.51, -1.102, -2.938, -4.97, -7.145, -9.4, -11.555, -13.45, -14.93, -16.05, -16.88, -17.53, -18.1, -18.67, -19.47, -20.48, -21.66, -22.72, -23.64, -24.44, -25.25, -25.9, -25.86, -24.77, -22.56, -19.39, -15.34, -10.62, -5.477, -0.3892, 4.152, 7.844, 10.54, 12.33, 13.34, 13.74, 13.78, 13.7, 13.6, 13.55, 13.52, 13.45, 13.31, 13.03, 12.61, 12.02, 11.19, 10.19, 9.05, 7.816, 6.58, 5.414, 4.4, 3.527, 2.734, 1.846, 0.6978, -0.8945, -3.0, -5.598, -8.58, -11.7, -14.875, -17.89, -20.72, -23.28, -25.5, -27.38, -28.83, -29.77, -30.17, -30.08, -29.7, -28.86, -27.67, -26.05, -24.0, -21.52, -18.58, -15.25, -11.64, -7.805, -3.889, 0.0389, 3.865, 7.54, 10.94, 14.08, 16.83, 19.25, 21.16, 22.62, 23.6, 24.02, 23.95, 23.66, 23.08, 22.45, 21.61, 20.39, 18.53, 16.05, 13.02, 9.65, 6.156, 2.648, -0.833, -4.402, -8.03, -11.71, -15.25, -18.42, -20.94, -22.38, -22.55, -21.42, -19.17, -16.17, -12.78, -9.16, -5.49, -1.8545, 1.592, 4.62, 6.902, 8.125, 8.086, 6.734, 4.32, 1.248, -1.977, -4.984, -7.496, -9.234, -10.16, -10.33, -9.87, -8.91, -7.38
-6.207, -3.758, -1.67, -0.3977, -0.03418, -0.382, -1.083, -1.7295, -1.928, -1.407, -0.096, 1.898, 4.285, 6.707, 8.77, 10.164, 10.695, 10.33, 9.27, 7.816, 6.305, 4.953, 3.834, 2.875, 1.967, 1.057, 0.1995, -0.4604, -0.767, -0.657, -0.2109, 0.3936, 0.9478, 1.304, 1.433, 1.392, 1.253, 1.025, 0.6436, 0.00293, -0.947, -2.162, -3.5, -4.766, -5.812, -6.52, -6.766, -6.508, -5.695, -4.383, -2.623, -0.6, 1.389, 2.994, 4.0, 4.367, 4.258, 3.826, 3.219, 2.447, 1.465, 0.2305, -1.252, -2.951, -4.85, -6.94, -9.17, -11.4, -13.47, -15.2, -16.6, -17.67, -18.61, -19.45, -20.23, -21.08, -22.11, -23.16, -24.08, -24.73, -25.12, -25.39, -25.52, -25.16, -23.8, -21.38, -17.92, -13.73, -8.97, -3.887, 1.055, 5.43, 8.94, 11.484, 13.195, 14.234, 14.79, 14.98, 15.016, 14.98, 14.86, 14.734, 14.555, 14.33, 14.02, 13.6, 12.914, 12.01, 10.86, 9.56, 8.14, 6.758, 5.484, 4.406, 3.518, 2.723, 1.895, 0.8125, -0.654, -2.6, -5.0, -7.742, -10.67, -13.64, -16.55, -19.28, -21.84, -24.12, -26.11, -27.66, -28.75, -29.39, -29.55, -29.33, -28.75, -27.78, -26.44, -24.64, -22.4, -19.73, -16.7, -13.34, -9.78, -6.043, -2.23, 1.593, 5.344, 8.93, 12.28, 15.4, 18.14, 20.45, 22.34, 23.73, 24.6, 25.0, 25.0, 24.77, 24.19, 23.44, 22.16, 20.27, 17.73, 14.57, 11.055, 7.33, 3.555, -0.2896, -4.26, -8.32, -12.266, -15.94, -19.1, -21.44, -22.73, -22.73, -21.55, -19.3, -16.44, -13.16, -9.766, -6.32, -2.906, 0.3281, 3.129, 5.188, 6.22, 5.99, 4.508, 2.008, -1.132, -4.44, -7.543, -9.97, -11.555, -12.25, -12.14, -11.44, -10.2, -8.47
-7.125, -4.36, -2.021, -0.526, 0.01794, -0.2062, -0.8564, -1.531, -1.826, -1.457, -0.3232, 1.484, 3.734, 6.098, 8.22, 9.75, 10.445, 10.234, 9.25, 7.883, 6.484, 5.285, 4.36, 3.533, 2.672, 1.676, 0.625, -0.2954, -0.875, -0.998, -0.709, -0.1504, 0.455, 0.914, 1.132, 1.092, 0.86, 0.4841, -0.02637, -0.722, -1.656, -2.81, -4.1, -5.348, -6.406, -7.074, -7.22, -6.758, -5.72, -4.21, -2.39, -0.4268, 1.433, 2.932, 3.854, 4.156, 3.963, 3.457, 2.773, 1.965, 1.02, -0.10156, -1.43, -2.969, -4.727, -6.734, -8.945, -11.266, -13.56, -15.6, -17.28, -18.64, -19.75, -20.72, -21.6, -22.48, -23.38, -24.3, -25.06, -25.55, -25.7, -25.58, -25.31, -24.6, -22.95, -20.25, -16.52, -12.03, -7.094, -2.021, 2.781, 6.938, 10.2, 12.53, 14.086, 15.13, 15.86, 16.3, 16.52, 16.55, 16.4, 16.16, 15.83, 15.46, 15.03, 14.47, 13.7, 12.65, 11.336, 9.84, 8.28, 6.758, 5.402, 4.28, 3.37, 2.576, 1.743, 0.707, -0.6846, -2.48, -4.656, -7.145, -9.805, -12.54, -15.195, -17.78, -20.25, -22.53, -24.56, -26.19, -27.42, -28.25, -28.58, -28.56, -28.22, -27.44, -26.33, -24.77, -22.77, -20.38, -17.61, -14.58, -11.3, -7.797, -4.14, -0.406, 3.354, 7.027, 10.55, 13.81, 16.8, 19.4, 21.61, 23.3, 24.55, 25.22, 25.53, 25.42, 25.02, 24.33, 23.12, 21.31, 18.86, 15.77, 12.24, 8.45, 4.477, 0.294, -4.1, -8.51, -12.65, -16.28, -19.23, -21.33, -22.34, -22.25, -21.06, -18.97, -16.25, -13.195, -9.914, -6.617, -3.42, -0.4744, 1.982, 3.674, 4.348, 3.867, 2.242, -0.3538, -3.566, -6.992, -10.15, -12.586, -14.08, -14.59, -14.3, -13.31, -11.8, -9.7
-8.11, -5.004, -2.41, -0.706, 0.0293, -0.02905, -0.5566, -1.18, -1.52, -1.296, -0.4043, 1.116, 3.104, 5.293, 7.36, 8.945, 9.8, 9.77, 9.016, 7.844, 6.64, 5.633, 4.836, 4.074, 3.191, 2.113, 0.93, -0.1604, -0.9414, -1.272, -1.141, -0.6514, -0.004883, 0.579, 0.911, 0.906, 0.592, 0.0569, -0.6113, -1.403, -2.352, -3.469, -4.695, -5.914, -6.926, -7.543, -7.566, -6.93, -5.676, -4.027, -2.16, -0.2886, 1.412, 2.762, 3.61, 3.883, 3.684, 3.148, 2.43, 1.613, 0.714, -0.3008, -1.483, -2.902, -4.586, -6.56, -8.81, -11.26, -13.75, -16.06, -18.05, -19.62, -20.81, -21.83, -22.67, -23.45, -24.27, -25.05, -25.73, -26.2, -26.25, -25.94, -25.3, -24.14, -22.23, -19.14, -15.05, -10.15, -4.96, 0.1681, 4.84, 8.71, 11.67, 13.734, 15.125, 16.17, 17.02, 17.72, 18.14, 18.31, 18.17, 17.8, 17.3, 16.7, 16.03, 15.23, 14.22, 12.95, 11.484, 9.84, 8.18, 6.594, 5.23, 4.1, 3.191, 2.396, 1.586, 0.5967, -0.6885, -2.33, -4.297, -6.508, -8.89, -11.37, -13.85, -16.31, -18.66, -20.89, -22.88, -24.56, -25.92, -26.78, -27.25, -27.38, -27.17, -26.56, -25.58, -24.2, -22.45, -20.3, -17.86, -15.164, -12.18, -8.97, -5.574, -2.014, 1.631, 5.273, 8.8, 12.13, 15.23, 17.95, 20.3, 22.22, 23.69, 24.66, 25.12, 25.2, 24.95, 24.34, 23.31, 21.67, 19.39, 16.48, 13.06, 9.27, 5.15, 0.665, -4.062, -8.69, -12.83, -16.22, -18.81, -20.56, -21.38, -21.2, -20.16, -18.23, -15.68, -12.67, -9.445, -6.23, -3.213, -0.6, 1.388, 2.55, 2.75, 1.93, 0.0786, -2.654, -6.0, -9.54, -12.78, -15.266, -16.75, -17.25, -16.77, -15.53, -13.63, -11.1
-9.195, -5.76, -2.928, -1.031, -0.1033, 0.03534, -0.3071, -0.796, -1.1, -0.975, -0.3176, 0.884, 2.537, 4.46, 6.344, 7.89, 8.81, 8.99, 8.54, 7.695, 6.793, 5.984, 5.266, 4.484, 3.535, 2.375, 1.116, -0.06396, -0.957, -1.434, -1.4375, -1.034, -0.3892, 0.2585, 0.673, 0.685, 0.294, -0.385, -1.212, -2.105, -3.072, -4.137, -5.266, -6.348, -7.242, -7.75, -7.656, -6.887, -5.53, -3.805, -1.97, -0.2437, 1.244, 2.404, 3.156, 3.447, 3.314, 2.86, 2.197, 1.425, 0.575, -0.366, -1.465, -2.81, -4.477, -6.473, -8.766, -11.305, -13.93, -16.47, -18.66, -20.4, -21.7, -22.67, -23.47, -24.19, -24.86, -25.56, -26.22, -26.75, -26.95, -26.55, -25.55, -23.89, -21.44, -17.86, -13.33, -8.03, -2.514, 2.697, 7.17, 10.74, 13.305, 15.14, 16.4, 17.45, 18.44, 19.27, 19.88, 20.14, 20.0, 19.5, 18.77, 17.84, 16.86, 15.72, 14.41, 12.914, 11.27, 9.586, 7.938, 6.42, 5.12, 4.05, 3.188, 2.41, 1.621, 0.6895, -0.4834, -1.93, -3.666, -5.64, -7.797, -10.07, -12.42, -14.78, -17.08, -19.3, -21.38, -23.06, -24.39, -25.38, -25.88, -26.02, -25.86, -25.33, -24.45, -23.27, -21.64, -19.78, -17.64, -15.22, -12.6, -9.74, -6.64, -3.34, 0.09375, 3.586, 7.035, 10.27, 13.32, 16.06, 18.47, 20.5, 22.06, 23.2, 23.92, 24.2, 24.14, 23.72, 22.86, 21.44, 19.38, 16.64, 13.35, 9.57, 5.32, 0.6055, -4.32, -8.96, -12.875, -15.89, -18.1, -19.5, -20.14, -19.95, -18.95, -17.17, -14.65, -11.62, -8.33, -5.11, -2.283, -0.04944, 1.39, 1.928, 1.536, 0.2155, -1.997, -5.004, -8.53, -12.23, -15.53, -18.08, -19.62, -20.1, -19.47, -17.97, -15.63, -12.63
-10.35, -6.6, -3.557, -1.481, -0.3958, -0.0709, -0.2075, -0.5117, -0.7114, -0.6084, -0.09717, 0.849, 2.191, 3.785, 5.402, 6.773, 7.67, 8.04, 7.914, 7.49, 6.94, 6.34, 5.676, 4.84, 3.79, 2.541, 1.223, 0.0, -0.9487, -1.501, -1.611, -1.305, -0.7246, -0.08984, 0.3286, 0.3228, -0.1409, -0.935, -1.877, -2.848, -3.81, -4.79, -5.75, -6.652, -7.344, -7.66, -7.438, -6.605, -5.24, -3.55, -1.839, -0.3206, 0.913, 1.848, 2.484, 2.803, 2.795, 2.49, 1.968, 1.289, 0.501, -0.4065, -1.478, -2.803, -4.46, -6.47, -8.79, -11.34, -13.97, -16.6, -18.94, -20.84, -22.27, -23.34, -24.12, -24.78, -25.36, -25.97, -26.67, -27.4, -27.69, -27.25, -25.94, -23.66, -20.44, -16.28, -11.16, -5.49, 0.2433, 5.445, 9.72, 12.93, 15.22, 16.86, 18.06, 19.14, 20.16, 21.02, 21.61, 21.83, 21.6, 20.92, 19.98, 18.75, 17.4, 15.94, 14.31, 12.62, 10.89, 9.234, 7.727, 6.4, 5.254, 4.316, 3.516, 2.77, 1.994, 1.102, 0.04095, -1.248, -2.768, -4.523, -6.5, -8.65, -10.94, -13.305, -15.664, -17.9, -20.02, -21.81, -23.19, -24.11, -24.66, -24.8, -24.64, -24.11, -23.33, -22.23, -20.86, -19.19, -17.3, -15.2, -12.92, -10.38, -7.613, -4.61, -1.454, 1.783, 5.023, 8.125, 11.05, 13.7, 16.08, 18.14, 19.84, 21.17, 22.11, 22.69, 22.86, 22.67, 22.0, 20.75, 18.86, 16.31, 13.125, 9.336, 4.97, 0.1367, -4.816, -9.29, -12.86, -15.49, -17.33, -18.52, -19.06, -18.86, -17.86, -16.02, -13.35, -10.125, -6.68, -3.45, -0.7974, 1.024, 1.882, 1.741, 0.65, -1.337, -4.14, -7.586, -11.42, -15.23, -18.6, -21.1, -22.62, -23.02, -22.23, -20.36, -17.61, -14.125
-11.414, -7.457, -4.227, -2.012, -0.794, -0.3262, -0.2937, -0.4197, -0.4736, -0.3027, 0.1746, 0.9854, 2.113, 3.404, 4.688, 5.797, 6.58, 7.035, 7.207, 7.17, 7.02, 6.684, 6.12, 5.25, 4.09, 2.74, 1.337, 0.0635, -0.927, -1.544, -1.747, -1.557, -1.088, -0.545, -0.1831, -0.2256, -0.7285, -1.577, -2.576, -3.576, -4.508, -5.367, -6.18, -6.848, -7.293, -7.39, -7.023, -6.15, -4.848, -3.305, -1.785, -0.496, 0.4734, 1.178, 1.688, 2.02, 2.133, 2.004, 1.645, 1.079, 0.3416, -0.5566, -1.638, -2.965, -4.605, -6.562, -8.805, -11.25, -13.81, -16.4, -18.84, -20.92, -22.58, -23.81, -24.73, -25.4, -26.0, -26.58, -27.27, -28.02, -28.34, -27.84, -26.11, -23.17, -19.11, -14.17, -8.516, -2.541, 3.246, 8.336, 12.34, 15.29, 17.33, 18.84, 20.14, 21.22, 22.12, 22.83, 23.2, 23.12, 22.7, 21.83, 20.69, 19.28, 17.7, 16.0, 14.18, 12.37, 10.625, 9.06, 7.727, 6.61, 5.688, 4.9, 4.18, 3.457, 2.666, 1.784, 0.7793, -0.3818, -1.748, -3.35, -5.184, -7.258, -9.54, -11.92, -14.336, -16.69, -18.89, -20.7, -22.16, -23.1, -23.58, -23.75, -23.55, -23.08, -22.36, -21.4, -20.19, -18.78, -17.17, -15.33, -13.34, -11.15, -8.71, -6.047, -3.191, -0.2397, 2.738, 5.625, 8.35, 10.9, 13.18, 15.29, 17.11, 18.6, 19.81, 20.66, 21.08, 21.06, 20.62, 19.61, 17.95, 15.58, 12.53, 8.805, 4.445, -0.3872, -5.21, -9.47, -12.78, -15.19, -16.88, -18.0, -18.4, -18.08, -16.88, -14.78, -11.85, -8.38, -4.76, -1.513, 0.942, 2.371, 2.656, 1.807, -0.0995, -2.936, -6.54, -10.61, -14.836, -18.75, -22.03, -24.45, -25.78, -25.9, -24.77, -22.53, -19.33, -15.54
-12.35, -8.22, -4.836, -2.506, -1.207, -0.664, -0.5396, -0.542, -0.4546, -0.154, 0.406, 1.225, 2.23, 3.3, 4.277, 5.07, 5.652, 6.09, 6.457, 6.746, 6.97, 6.957, 6.562, 5.74, 4.52, 3.057, 1.531, 0.155, -0.922, -1.628, -1.945, -1.906, -1.598, -1.1875, -0.902, -0.948, -1.413, -2.215, -3.19, -4.176, -5.086, -5.875, -6.54, -7.02, -7.234, -7.105, -6.594, -5.703, -4.492, -3.121, -1.803, -0.737, 0.02257, 0.54, 0.938, 1.251, 1.4375, 1.429, 1.1875, 0.711, 0.0216, -0.866, -1.958, -3.28, -4.88, -6.742, -8.836, -11.07, -13.46, -15.95, -18.4, -20.66, -22.61, -24.17, -25.3, -26.17, -26.81, -27.38, -27.95, -28.52, -28.72, -28.0, -25.89, -22.3, -17.42, -11.68, -5.477, 0.662, 6.38, 11.22, 14.97, 17.72, 19.7, 21.25, 22.5, 23.52, 24.22, 24.56, 24.52, 24.03, 23.23, 22.17, 20.9, 19.44, 17.83, 16.05, 14.22, 12.39, 10.69, 9.21, 8.03, 7.094, 6.324, 5.664, 4.99, 4.25, 3.438, 2.531, 1.557, 0.483, -0.758, -2.22, -3.96, -5.96, -8.2, -10.63, -13.07, -15.51, -17.73, -19.67, -21.12, -22.1, -22.62, -22.75, -22.58, -22.08, -21.52, -20.67, -19.66, -18.44, -17.03, -15.49, -13.8, -11.914, -9.82, -7.492, -5.0, -2.393, 0.252, 2.86, 5.35, 7.703, 9.93, 12.01, 13.91, 15.59, 16.98, 18.1, 18.8, 19.05, 18.83, 18.02, 16.66, 14.54, 11.766, 8.28, 4.098, -0.542, -5.188, -9.28, -12.53, -14.98, -16.77, -17.86, -18.16, -17.52, -15.95, -13.46, -10.195, -6.49, -2.764, 0.444, 2.7, 3.77, 3.52, 1.93, -0.9043, -4.79, -9.35, -14.14, -18.73, -22.67, -25.8, -27.83, -28.73, -28.45, -26.89, -24.25, -20.75, -16.66
-12.96, -8.7, -5.227, -2.848, -1.535, -1.013, -0.8955, -0.8457, -0.651, -0.2001, 0.509, 1.419, 2.414, 3.342, 4.07, 4.574, 4.934, 5.266, 5.68, 6.203, 6.723, 7.035, 6.914, 6.23, 5.027, 3.48, 1.831, 0.3162, -0.905, -1.756, -2.238, -2.39, -2.285, -2.037, -1.814, -1.805, -2.12, -2.76, -3.621, -4.555, -5.46, -6.23, -6.86, -7.234, -7.305, -7.023, -6.383, -5.45, -4.305, -3.059, -1.915, -1.01, -0.3872, 0.02435, 0.3472, 0.6255, 0.813, 0.838, 0.6455, 0.2196, -0.4253, -1.279, -2.334, -3.621, -5.152, -6.914, -8.84, -10.89, -13.06, -15.4, -17.88, -20.34, -22.58, -24.47, -25.95, -27.08, -27.8, -28.33, -28.69, -28.9, -28.77, -27.67, -25.17, -20.98, -15.375, -8.914, -2.293, 4.0, 9.54, 14.07, 17.62, 20.22, 22.3, 23.8, 25.03, 25.8, 26.1, 26.02, 25.42, 24.56, 23.4, 22.16, 20.8, 19.38, 17.8, 16.14, 14.37, 12.62, 11.03, 9.66, 8.57, 7.73, 7.06, 6.41, 5.727, 4.94, 4.08, 3.17, 2.225, 1.236, 0.1309, -1.199, -2.797, -4.71, -6.883, -9.24, -11.695, -14.09, -16.38, -18.33, -19.88, -20.9, -21.47, -21.58, -21.36, -20.94, -20.38, -19.64, -18.78, -17.67, -16.48, -15.18, -13.766, -12.164, -10.414, -8.49, -6.414, -4.23, -1.99, 0.2355, 2.406, 4.52, 6.58, 8.56, 10.47, 12.24, 13.805, 15.09, 16.02, 16.53, 16.53, 16.05, 14.99, 13.3, 10.945, 7.895, 4.105, -0.2314, -4.66, -8.67, -12.03, -14.65, -16.62, -17.73, -17.83, -16.84, -14.84, -11.96, -8.4, -4.51, -0.7476, 2.375, 4.434, 5.164, 4.363, 1.963, -1.91, -6.914, -12.42, -17.84, -22.66, -26.53, -29.34, -30.9, -31.25, -30.31, -28.31, -25.36, -21.62, -17.39
-13.13, -8.85, -5.332, -2.96, -1.741, -1.324, -1.292, -1.267, -1.013, -0.4456, 0.4038, 1.43, 2.455, 3.332, 3.92, 4.23, 4.383, 4.57, 4.953, 5.56, 6.285, 6.88, 7.03, 6.562, 5.46, 3.912, 2.191, 0.5566, -0.8027, -1.828, -2.523, -2.924, -3.068, -3.006, -2.848, -2.736, -2.816, -3.184, -3.834, -4.68, -5.58, -6.426, -7.086, -7.49, -7.516, -7.164, -6.457, -5.477, -4.348, -3.203, -2.164, -1.348, -0.779, -0.3945, -0.1044, 0.1284, 0.2776, 0.2769, 0.08417, -0.3018, -0.8687, -1.627, -2.598, -3.807, -5.27, -6.97, -8.805, -10.71, -12.734, -14.96, -17.42, -19.97, -22.47, -24.7, -26.5, -27.92, -28.83, -29.28, -29.45, -29.23, -28.5, -26.83, -23.81, -19.12, -13.055, -6.113, 0.841, 7.215, 12.625, 16.94, 20.25, 22.86, 24.92, 26.48, 27.45, 27.84, 27.73, 27.14, 26.16, 24.97, 23.64, 22.23, 20.84, 19.39, 17.89, 16.25, 14.56, 12.94, 11.42, 10.18, 9.195, 8.43, 7.758, 7.11, 6.37, 5.527, 4.61, 3.684, 2.781, 1.895, 0.9214, -0.2336, -1.675, -3.416, -5.453, -7.703, -10.08, -12.445, -14.69, -16.69, -18.27, -19.34, -19.98, -20.1, -19.83, -19.4, -18.8, -18.06, -17.2, -16.23, -15.125, -13.95, -12.7, -11.38, -9.98, -8.47, -6.85, -5.164, -3.422, -1.652, 0.1118, 1.879, 3.662, 5.45, 7.234, 8.98, 10.56, 11.98, 13.06, 13.77, 14.04, 13.84, 13.17, 11.94, 10.07, 7.547, 4.234, 0.2957, -3.857, -7.777, -11.164, -13.97, -16.05, -17.14, -17.03, -15.74, -13.375, -10.164, -6.37, -2.389, 1.35, 4.35, 6.2, 6.586, 5.168, 1.897, -3.002, -8.945, -15.16, -20.98, -25.88, -29.66, -32.06, -33.1, -32.75, -31.38, -28.92, -25.7, -21.89, -17.58
-12.82, -8.59, -5.145, -2.893, -1.814, -1.571, -1.684, -1.732, -1.48, -0.8555, 0.0691, 1.156, 2.229, 3.09, 3.643, 3.875, 3.926, 4.0, 4.3, 4.906, 5.74, 6.516, 6.88, 6.63, 5.69, 4.246, 2.559, 0.8984, -0.556, -1.741, -2.656, -3.326, -3.748, -3.924, -3.87, -3.67, -3.506, -3.543, -3.908, -4.598, -5.49, -6.41, -7.184, -7.695, -7.8, -7.457, -6.727, -5.73, -4.63, -3.535, -2.568, -1.797, -1.234, -0.8413, -0.563, -0.3572, -0.2466, -0.272, -0.4497, -0.7607, -1.193, -1.781, -2.598, -3.7, -5.113, -6.79, -8.63, -10.53, -12.555, -14.72, -17.12, -19.7, -22.34, -24.84, -26.95, -28.6, -29.62, -30.1, -29.97, -29.31, -27.95, -25.61, -21.97, -16.89, -10.45, -3.3, 3.852, 10.25, 15.53, 19.64, 22.89, 25.39, 27.42, 28.84, 29.55, 29.61, 29.1, 28.12, 26.95, 25.56, 24.17, 22.67, 21.19, 19.66, 18.05, 16.4, 14.71, 13.14, 11.77, 10.625, 9.76, 9.06, 8.44, 7.773, 7.02, 6.11, 5.156, 4.203, 3.336, 2.52, 1.684, 0.671, -0.5815, -2.148, -3.996, -6.082, -8.32, -10.586, -12.78, -14.74, -16.39, -17.58, -18.25, -18.44, -18.2, -17.64, -16.94, -16.08, -15.1, -14.02, -12.89, -11.75, -10.59, -9.45, -8.336, -7.22, -6.09, -4.926, -3.723, -2.488, -1.191, 0.1499, 1.566, 3.05, 4.594, 6.18, 7.727, 9.13, 10.305, 11.164, 11.625, 11.72, 11.37, 10.516, 9.09, 6.977, 4.062, 0.522, -3.273, -6.89, -10.09, -12.79, -14.81, -15.81, -15.6, -14.055, -11.43, -7.99, -4.094, -0.1267, 3.5, 6.33, 7.95, 7.926, 5.895, 1.84, -3.836, -10.375, -17.0, -22.95, -27.84, -31.39, -33.4, -33.94, -33.16, -31.31, -28.69, -25.36, -21.5, -17.2
-12.01, -8.02, -4.793, -2.725, -1.836, -1.765, -2.02, -2.166, -1.958, -1.345, -0.4258, 0.6455, 1.699, 2.559, 3.125, 3.385, 3.455, 3.527, 3.795, 4.375, 5.195, 6.02, 6.492, 6.383, 5.633, 4.375, 2.852, 1.293, -0.1592, -1.436, -2.525, -3.441, -4.16, -4.613, -4.74, -4.55, -4.2, -3.928, -3.98, -4.453, -5.254, -6.227, -7.12, -7.76, -7.97, -7.69, -7.01, -6.043, -4.992, -3.977, -3.094, -2.379, -1.84, -1.453, -1.188, -1.006, -0.906, -0.911, -1.006, -1.162, -1.387, -1.744, -2.348, -3.31, -4.676, -6.387, -8.336, -10.39, -12.47, -14.625, -17.0, -19.56, -22.3, -24.9, -27.23, -29.05, -30.17, -30.6, -30.25, -29.16, -27.16, -24.06, -19.83, -14.266, -7.613, -0.3804, 6.676, 12.99, 18.14, 22.2, 25.36, 27.84, 29.69, 30.97, 31.39, 31.23, 30.4, 29.34, 28.06, 26.6, 25.14, 23.53, 21.9, 20.2, 18.45, 16.61, 14.875, 13.28, 11.99, 10.97, 10.23, 9.625, 9.04, 8.414, 7.65, 6.746, 5.773, 4.836, 3.969, 3.201, 2.422, 1.533, 0.4163, -0.965, -2.64, -4.547, -6.617, -8.766, -10.87, -12.8, -14.445, -15.73, -16.52, -16.77, -16.56, -15.984, -15.11, -14.016, -12.81, -11.52, -10.24, -8.97, -7.81, -6.777, -5.902, -5.14, -4.484, -3.838, -3.178, -2.438, -1.613, -0.6855, 0.3496, 1.492, 2.754, 4.113, 5.496, 6.85, 8.016, 8.93, 9.53, 9.78, 9.6, 8.984, 7.777, 5.875, 3.25, 0.07715, -3.229, -6.297, -9.04, -11.37, -13.125, -13.98, -13.6, -11.914, -9.09, -5.57, -1.699, 2.125, 5.535, 8.13, 9.484, 9.055, 6.496, 1.903, -4.16, -10.91, -17.55, -23.5, -28.19, -31.48, -33.1, -33.22, -32.12, -30.12, -27.4, -24.14, -20.34, -16.22
-10.9, -7.332, -4.453, -2.635, -1.916, -1.961, -2.303, -2.508, -2.348, -1.789, -0.955, 0.01611, 0.978, 1.794, 2.371, 2.713, 2.898, 3.082, 3.402, 3.97, 4.727, 5.473, 5.934, 5.895, 5.31, 4.3, 3.033, 1.668, 0.326, -0.9473, -2.137, -3.236, -4.21, -4.96, -5.35, -5.31, -4.91, -4.426, -4.176, -4.38, -5.027, -5.965, -6.914, -7.633, -7.926, -7.74, -7.13, -6.26, -5.305, -4.41, -3.658, -3.05, -2.588, -2.273, -2.074, -1.945, -1.855, -1.786, -1.715, -1.64, -1.59, -1.674, -2.04, -2.836, -4.125, -5.867, -7.94, -10.17, -12.45, -14.7, -17.06, -19.56, -22.19, -24.86, -27.31, -29.23, -30.38, -30.73, -30.19, -28.7, -26.11, -22.36, -17.4, -11.37, -4.48, 2.666, 9.45, 15.5, 20.47, 24.45, 27.62, 30.0, 31.78, 32.88, 33.12, 32.78, 31.92, 30.83, 29.52, 28.03, 26.47, 24.73, 22.88, 20.95, 19.02, 17.05, 15.18, 13.57, 12.28, 11.3, 10.58, 10.02, 9.48, 8.87, 8.125, 7.258, 6.336, 5.42, 4.613, 3.865, 3.135, 2.326, 1.344, 0.1138, -1.375, -3.113, -5.035, -7.055, -9.055, -10.94, -12.61, -13.94, -14.86, -15.29, -15.17, -14.59, -13.62, -12.35, -10.914, -9.38, -7.82, -6.383, -5.14, -4.164, -3.463, -3.033, -2.773, -2.604, -2.39, -2.08, -1.632, -1.047, -0.3203, 0.54, 1.535, 2.645, 3.848, 5.043, 6.145, 7.03, 7.656, 7.918, 7.777, 7.145, 5.965, 4.14, 1.731, -1.013, -3.713, -6.125, -8.26, -10.12, -11.52, -12.08, -11.445, -9.56, -6.645, -3.098, 0.6255, 4.2, 7.375, 9.74, 10.79, 9.984, 7.043, 2.25, -3.861, -10.51, -16.94, -22.66, -27.1, -29.94, -31.19, -31.02, -29.75, -27.67, -25.08, -21.98, -18.45, -14.664
-9.6, -6.67, -4.293, -2.79, -2.223, -2.287, -2.59, -2.748, -2.57, -2.074, -1.363, -0.5615, 0.2241, 0.911, 1.452, 1.87, 2.22, 2.586, 3.045, 3.629, 4.3, 4.918, 5.293, 5.305, 4.875, 4.1, 3.107, 1.976, 0.803, -0.381, -1.576, -2.773, -3.945, -4.973, -5.676, -5.9, -5.63, -5.08, -4.617, -4.543, -4.95, -5.74, -6.633, -7.348, -7.668, -7.535, -7.016, -6.28, -5.477, -4.75, -4.17, -3.73, -3.422, -3.24, -3.18, -3.172, -3.117, -2.977, -2.703, -2.361, -2.014, -1.814, -1.956, -2.576, -3.744, -5.438, -7.55, -9.93, -12.41, -14.79, -17.19, -19.61, -22.16, -24.75, -27.23, -29.17, -30.31, -30.5, -29.75, -27.89, -24.81, -20.39, -14.78, -8.24, -1.225, 5.758, 12.17, 17.73, 22.5, 26.42, 29.6, 32.06, 33.75, 34.66, 34.8, 34.34, 33.56, 32.5, 31.22, 29.69, 28.0, 26.11, 24.08, 21.97, 19.8, 17.75, 15.836, 14.14, 12.766, 11.71, 10.945, 10.3, 9.695, 9.03, 8.27, 7.453, 6.594, 5.773, 5.035, 4.37, 3.723, 3.025, 2.19, 1.152, -0.1416, -1.7, -3.465, -5.355, -7.293, -9.13, -10.8, -12.234, -13.28, -13.91, -14.016, -13.6, -12.69, -11.375, -9.77, -8.02, -6.27, -4.637, -3.307, -2.328, -1.77, -1.561, -1.622, -1.783, -1.912, -1.896, -1.705, -1.342, -0.826, -0.1704, 0.599, 1.491, 2.451, 3.453, 4.375, 5.133, 5.637, 5.78, 5.535, 4.82, 3.605, 1.882, -0.229, -2.453, -4.52, -6.332, -7.92, -9.33, -10.3, -10.445, -9.49, -7.4, -4.375, -0.874, 2.719, 6.156, 9.17, 11.375, 12.125, 10.93, 7.73, 2.852, -3.146, -9.516, -15.555, -20.77, -24.67, -27.08, -27.89, -27.47, -26.08, -24.08, -21.67, -18.86, -15.875, -12.69
-8.21, -6.133, -4.402, -3.295, -2.857, -2.855, -2.97, -2.92, -2.611, -2.115, -1.537, -0.966, -0.4385, 0.03223, 0.4617, 0.904, 1.395, 1.944, 2.557, 3.19, 3.805, 4.336, 4.676, 4.723, 4.453, 3.893, 3.127, 2.2, 1.1875, 0.1034, -1.034, -2.242, -3.52, -4.77, -5.77, -6.305, -6.293, -5.848, -5.297, -5.004, -5.152, -5.69, -6.414, -7.008, -7.273, -7.145, -6.703, -6.094, -5.465, -4.938, -4.57, -4.324, -4.19, -4.195, -4.33, -4.504, -4.58, -4.43, -4.016, -3.445, -2.836, -2.418, -2.365, -2.814, -3.79, -5.293, -7.297, -9.66, -12.22, -14.8, -17.3, -19.77, -22.22, -24.72, -27.1, -28.97, -30.0, -29.98, -28.94, -26.7, -23.11, -18.12, -11.97, -4.996, 2.127, 8.83, 14.74, 19.83, 24.23, 28.12, 31.44, 33.94, 35.6, 36.47, 36.44, 35.97, 35.16, 34.1, 32.78, 31.22, 29.53, 27.53, 25.39, 23.14, 20.88, 18.73, 16.69, 14.95, 13.48, 12.27, 11.29, 10.484, 9.695, 8.914, 8.11, 7.277, 6.477, 5.746, 5.117, 4.566, 4.05, 3.535, 2.916, 2.111, 1.063, -0.2703, -1.852, -3.605, -5.445, -7.246, -8.93, -10.44, -11.664, -12.516, -12.93, -12.79, -12.14, -10.95, -9.41, -7.594, -5.734, -4.004, -2.576, -1.582, -1.065, -0.9883, -1.21, -1.549, -1.849, -1.992, -1.937, -1.701, -1.324, -0.8467, -0.292, 0.335, 1.02, 1.72, 2.37, 2.861, 3.12, 3.078, 2.703, 1.965, 0.856, -0.602, -2.25, -3.898, -5.39, -6.734, -7.96, -8.99, -9.55, -9.26, -7.906, -5.56, -2.455, 1.09, 4.77, 8.32, 11.42, 13.52, 13.95, 12.36, 8.836, 3.812, -2.086, -8.1, -13.58, -18.1, -21.38, -23.19, -23.64, -22.94, -21.56, -19.67, -17.44, -15.13, -12.75, -10.414
-6.855, -5.69, -4.69, -4.055, -3.785, -3.676, -3.498, -3.104, -2.541, -1.956, -1.48, -1.164, -0.953, -0.773, -0.535, -0.1548, 0.3914, 1.057, 1.783, 2.477, 3.105, 3.637, 4.03, 4.215, 4.125, 3.768, 3.15, 2.35, 1.426, 0.4246, -0.654, -1.836, -3.158, -4.543, -5.766, -6.594, -6.87, -6.64, -6.15, -5.754, -5.664, -5.945, -6.37, -6.742, -6.85, -6.66, -6.246, -5.754, -5.33, -5.004, -4.82, -4.754, -4.793, -4.97, -5.33, -5.742, -6.008, -5.984, -5.582, -4.906, -4.18, -3.637, -3.44, -3.697, -4.414, -5.61, -7.3, -9.445, -11.97, -14.625, -17.28, -19.84, -22.28, -24.72, -26.92, -28.64, -29.42, -29.17, -27.78, -25.12, -21.06, -15.625, -9.02, -1.867, 5.203, 11.6, 17.12, 21.84, 25.98, 29.75, 33.06, 35.66, 37.28, 38.06, 37.97, 37.38, 36.5, 35.28, 33.97, 32.4, 30.8, 28.86, 26.72, 24.47, 22.16, 19.9, 17.8, 15.9, 14.26, 12.85, 11.64, 10.6, 9.62, 8.68, 7.76, 6.902, 6.125, 5.45, 4.91, 4.48, 4.133, 3.81, 3.436, 2.906, 2.129, 1.051, -0.3103, -1.877, -3.574, -5.3, -6.957, -8.52, -9.9, -10.984, -11.69, -11.93, -11.625, -10.78, -9.45, -7.8, -5.984, -4.25, -2.787, -1.743, -1.209, -1.132, -1.361, -1.725, -2.047, -2.227, -2.23, -2.086, -1.861, -1.611, -1.358, -1.089, -0.797, -0.4768, -0.2036, -0.01172, 0.01074, -0.1763, -0.554, -1.148, -1.962, -2.97, -4.06, -5.098, -6.105, -7.117, -8.11, -8.86, -9.055, -8.375, -6.715, -4.18, -0.929, 2.854, 6.914, 10.9, 14.33, 16.38, 16.48, 14.41, 10.48, 5.223, -0.6123, -6.27, -11.09, -14.86, -17.44, -18.72, -18.84, -18.02, -16.6, -14.86, -12.984, -11.17, -9.52, -8.09
-5.605, -5.27, -4.984, -4.855, -4.793, -4.613, -4.156, -3.383, -2.494, -1.753, -1.336, -1.244, -1.35, -1.481, -1.49, -1.268, -0.795, -0.139, 0.605, 1.348, 2.049, 2.719, 3.314, 3.74, 3.898, 3.715, 3.21, 2.453, 1.55, 0.5645, -0.502, -1.685, -3.018, -4.445, -5.79, -6.824, -7.35, -7.37, -7.062, -6.68, -6.465, -6.47, -6.6, -6.65, -6.504, -6.168, -5.75, -5.38, -5.113, -4.953, -4.92, -4.977, -5.145, -5.49, -6.043, -6.703, -7.27, -7.51, -7.316, -6.773, -6.08, -5.5, -5.22, -5.266, -5.65, -6.395, -7.62, -9.36, -11.64, -14.266, -17.03, -19.77, -22.33, -24.66, -26.7, -28.12, -28.69, -28.11, -26.25, -23.2, -18.73, -12.945, -6.16, 1.01, 7.91, 14.06, 19.33, 23.8, 27.77, 31.4, 34.66, 37.1, 38.7, 39.34, 39.12, 38.44, 37.25, 35.97, 34.53, 33.1, 31.55, 29.84, 27.88, 25.72, 23.45, 21.17, 18.94, 16.89, 15.06, 13.46, 12.05, 10.75, 9.6, 8.49, 7.477, 6.543, 5.754, 5.105, 4.62, 4.285, 4.08, 3.922, 3.758, 3.477, 2.95, 2.113, 0.9785, -0.3867, -1.908, -3.492, -5.105, -6.64, -8.11, -9.37, -10.336, -10.914, -11.0, -10.516, -9.54, -8.15, -6.53, -4.906, -3.482, -2.445, -1.856, -1.69, -1.828, -2.1, -2.361, -2.521, -2.568, -2.566, -2.578, -2.684, -2.855, -3.066, -3.229, -3.348, -3.396, -3.432, -3.488, -3.627, -3.82, -4.094, -4.465, -4.91, -5.375, -5.85, -6.44, -7.23, -8.08, -8.7, -8.73, -7.863, -6.047, -3.342, 0.185, 4.45, 9.19, 13.86, 17.67, 19.69, 19.36, 16.81, 12.55, 7.13, 1.384, -3.906, -8.19, -11.27, -13.2, -14.055, -13.89, -13.05, -11.734, -10.22, -8.76, -7.51, -6.582, -5.973
-4.504, -4.836, -5.137, -5.445, -5.613, -5.434, -4.797, -3.75, -2.6, -1.697, -1.269, -1.319, -1.667, -2.07, -2.352, -2.38, -2.125, -1.625, -0.9688, -0.2188, 0.606, 1.506, 2.406, 3.174, 3.63, 3.662, 3.266, 2.541, 1.601, 0.553, -0.5767, -1.83, -3.197, -4.637, -6.0, -7.11, -7.797, -8.03, -7.92, -7.656, -7.4, -7.21, -7.023, -6.734, -6.273, -5.742, -5.277, -4.98, -4.836, -4.797, -4.832, -4.97, -5.234, -5.723, -6.5, -7.43, -8.34, -8.97, -9.17, -8.98, -8.516, -8.02, -7.66, -7.47, -7.414, -7.625, -8.23, -9.42, -11.305, -13.766, -16.55, -19.44, -22.14, -24.52, -26.38, -27.52, -27.69, -26.75, -24.55, -21.11, -16.3, -10.31, -3.477, 3.602, 10.35, 16.39, 21.5, 25.89, 29.66, 33.12, 36.1, 38.3, 39.72, 40.22, 39.9, 38.94, 37.66, 36.16, 34.62, 33.16, 31.73, 30.27, 28.6, 26.67, 24.56, 22.31, 20.06, 17.98, 15.984, 14.195, 12.57, 11.1, 9.76, 8.49, 7.336, 6.35, 5.53, 4.883, 4.438, 4.164, 4.04, 4.008, 3.996, 3.879, 3.531, 2.895, 1.957, 0.7734, -0.5693, -2.02, -3.516, -5.04, -6.51, -7.902, -9.03, -9.86, -10.21, -10.086, -9.44, -8.375, -7.008, -5.598, -4.305, -3.31, -2.703, -2.457, -2.475, -2.633, -2.809, -2.957, -3.09, -3.299, -3.672, -4.242, -4.95, -5.66, -6.3, -6.746, -6.996, -7.047, -6.984, -6.848, -6.7, -6.527, -6.35, -6.164, -5.984, -5.93, -6.17, -6.824, -7.69, -8.42, -8.555, -7.793, -5.938, -2.998, 1.018, 6.01, 11.57, 16.89, 20.89, 22.72, 21.98, 19.12, 14.72, 9.41, 3.879, -1.073, -4.902, -7.527, -9.0, -9.55, -9.3, -8.52, -7.426, -6.27, -5.234, -4.5, -4.16, -4.227
-3.562, -4.348, -5.082, -5.703, -6.06, -5.953, -5.273, -4.137, -2.877, -1.877, -1.397, -1.465, -1.912, -2.512, -3.057, -3.404, -3.486, -3.291, -2.83, -2.137, -1.192, -0.0426, 1.201, 2.338, 3.143, 3.45, 3.232, 2.576, 1.621, 0.4756, -0.817, -2.223, -3.684, -5.137, -6.46, -7.52, -8.24, -8.61, -8.69, -8.54, -8.29, -7.984, -7.543, -6.92, -6.15, -5.4, -4.848, -4.547, -4.445, -4.445, -4.496, -4.684, -5.066, -5.777, -6.805, -8.06, -9.34, -10.43, -11.19, -11.52, -11.46, -11.164, -10.72, -10.18, -9.63, -9.18, -9.09, -9.61, -10.99, -13.164, -15.87, -18.84, -21.66, -24.06, -25.8, -26.7, -26.56, -25.28, -22.78, -18.98, -13.92, -7.83, -0.982, 6.008, 12.67, 18.6, 23.66, 27.92, 31.62, 34.78, 37.4, 39.2, 40.34, 40.56, 40.12, 39.06, 37.62, 35.9, 34.22, 32.7, 31.31, 30.02, 28.64, 27.12, 25.28, 23.27, 21.19, 19.06, 17.05, 15.11, 13.336, 11.68, 10.16, 8.74, 7.484, 6.418, 5.54, 4.88, 4.43, 4.184, 4.1, 4.16, 4.234, 4.23, 4.0, 3.488, 2.69, 1.647, 0.433, -0.889, -2.316, -3.775, -5.26, -6.688, -7.953, -8.92, -9.49, -9.586, -9.21, -8.41, -7.37, -6.188, -5.086, -4.203, -3.627, -3.352, -3.285, -3.348, -3.46, -3.625, -3.898, -4.402, -5.195, -6.27, -7.504, -8.69, -9.67, -10.32, -10.56, -10.484, -10.13, -9.586, -8.93, -8.195, -7.375, -6.484, -5.637, -5.094, -5.117, -5.785, -6.918, -8.05, -8.6, -8.07, -6.14, -2.777, 1.963, 7.77, 14.03, 19.75, 23.73, 25.2, 24.11, 21.11, 16.88, 11.93, 6.797, 2.127, -1.472, -3.867, -5.176, -5.605, -5.383, -4.77, -3.97, -3.168, -2.523, -2.201, -2.318, -2.828
-2.793, -3.875, -4.863, -5.676, -6.145, -6.113, -5.5, -4.43, -3.213, -2.203, -1.652, -1.633, -2.053, -2.734, -3.516, -4.22, -4.734, -4.957, -4.83, -4.285, -3.305, -1.969, -0.4258, 1.076, 2.262, 2.928, 3.002, 2.523, 1.626, 0.3992, -1.082, -2.719, -4.355, -5.86, -7.13, -8.1, -8.76, -9.14, -9.28, -9.23, -9.01, -8.62, -7.992, -7.117, -6.082, -5.113, -4.406, -4.008, -3.84, -3.79, -3.84, -4.11, -4.723, -5.742, -7.137, -8.77, -10.47, -12.07, -13.445, -14.43, -14.93, -14.92, -14.39, -13.43, -12.23, -11.01, -10.09, -9.9, -10.67, -12.47, -15.03, -17.95, -20.78, -23.23, -24.9, -25.6, -25.22, -23.69, -21.02, -17.0, -11.734, -5.453, 1.416, 8.414, 14.99, 20.78, 25.73, 29.86, 33.38, 36.25, 38.47, 39.84, 40.62, 40.6, 39.97, 38.78, 37.12, 35.3, 33.47, 31.77, 30.4, 29.23, 28.17, 26.95, 25.53, 23.88, 22.03, 20.1, 18.17, 16.25, 14.36, 12.59, 10.92, 9.39, 8.016, 6.84, 5.875, 5.14, 4.64, 4.36, 4.297, 4.367, 4.492, 4.535, 4.367, 3.94, 3.223, 2.281, 1.16, -0.08105, -1.425, -2.85, -4.344, -5.816, -7.16, -8.25, -8.945, -9.21, -9.016, -8.484, -7.63, -6.723, -5.82, -5.1, -4.61, -4.32, -4.22, -4.207, -4.29, -4.49, -4.945, -5.758, -6.965, -8.49, -10.15, -11.68, -12.914, -13.61, -13.79, -13.445, -12.7, -11.664, -10.414, -8.99, -7.38, -5.71, -4.25, -3.348, -3.312, -4.21, -5.812, -7.55, -8.66, -8.37, -6.23, -2.277, 3.23, 9.78, 16.56, 22.38, 26.12, 27.11, 25.75, 22.86, 19.05, 14.61, 9.94, 5.543, 1.978, -0.4756, -1.874, -2.426, -2.371, -1.953, -1.416, -0.9087, -0.577, -0.5713, -0.977, -1.772
-2.23, -3.459, -4.6, -5.543, -6.086, -6.105, -5.547, -4.56, -3.412, -2.422, -1.811, -1.679, -2.008, -2.715, -3.678, -4.75, -5.766, -6.516, -6.82, -6.547, -5.668, -4.258, -2.523, -0.7163, 0.859, 1.963, 2.459, 2.324, 1.609, 0.3857, -1.256, -3.146, -5.03, -6.668, -7.92, -8.78, -9.29, -9.586, -9.695, -9.65, -9.43, -8.98, -8.22, -7.188, -5.984, -4.816, -3.902, -3.297, -2.941, -2.768, -2.828, -3.27, -4.223, -5.676, -7.52, -9.58, -11.695, -13.77, -15.81, -17.58, -18.75, -19.17, -18.55, -17.12, -15.13, -13.016, -11.23, -10.22, -10.39, -11.74, -14.03, -16.8, -19.6, -22.03, -23.64, -24.31, -23.84, -22.2, -19.31, -15.1, -9.64, -3.152, 3.86, 10.84, 17.27, 22.89, 27.67, 31.61, 34.84, 37.4, 39.22, 40.22, 40.53, 40.28, 39.34, 38.0, 36.22, 34.25, 32.3, 30.6, 29.22, 28.16, 27.38, 26.52, 25.42, 24.14, 22.67, 20.98, 19.2, 17.38, 15.55, 13.74, 12.06, 10.445, 8.984, 7.7, 6.61, 5.727, 5.094, 4.7, 4.547, 4.58, 4.67, 4.707, 4.562, 4.152, 3.498, 2.617, 1.584, 0.4224, -0.8633, -2.258, -3.73, -5.24, -6.633, -7.793, -8.59, -8.984, -8.98, -8.58, -7.98, -7.254, -6.57, -6.004, -5.605, -5.344, -5.168, -5.1, -5.145, -5.43, -6.062, -7.168, -8.7, -10.59, -12.56, -14.34, -15.625, -16.31, -16.33, -15.71, -14.53, -12.94, -10.984, -8.734, -6.29, -3.887, -1.943, -0.8877, -1.001, -2.307, -4.47, -6.8, -8.36, -8.19, -5.81, -1.293, 4.84, 11.88, 18.88, 24.64, 28.06, 28.72, 27.25, 24.56, 21.23, 17.39, 13.21, 9.01, 5.363, 2.605, 0.8594, -0.0169, -0.2477, -0.0685, 0.2554, 0.5444, 0.636, 0.4321, -0.1415, -1.071
-1.937, -3.19, -4.434, -5.477, -6.105, -6.14, -5.54, -4.496, -3.303, -2.283, -1.621, -1.412, -1.689, -2.441, -3.617, -5.082, -6.637, -7.96, -8.82, -8.945, -8.32, -6.97, -5.125, -3.068, -1.085, 0.526, 1.553, 1.9, 1.526, 0.4302, -1.285, -3.389, -5.51, -7.332, -8.64, -9.42, -9.84, -9.984, -9.97, -9.85, -9.555, -9.016, -8.18, -7.06, -5.742, -4.41, -3.246, -2.326, -1.691, -1.358, -1.478, -2.188, -3.562, -5.477, -7.766, -10.22, -12.72, -15.33, -18.0, -20.58, -22.55, -23.44, -22.89, -21.02, -18.25, -15.15, -12.43, -10.62, -10.125, -11.01, -12.97, -15.51, -18.19, -20.53, -22.22, -22.94, -22.5, -20.77, -17.69, -13.23, -7.477, -0.7812, 6.344, 13.23, 19.47, 24.9, 29.44, 33.12, 36.12, 38.3, 39.78, 40.4, 40.38, 39.66, 38.44, 36.78, 34.78, 32.72, 30.69, 29.03, 27.83, 27.02, 26.48, 26.02, 25.34, 24.38, 23.17, 21.7, 20.1, 18.36, 16.64, 14.95, 13.27, 11.72, 10.24, 8.88, 7.652, 6.598, 5.758, 5.17, 4.848, 4.74, 4.72, 4.688, 4.484, 4.08, 3.451, 2.645, 1.689, 0.6123, -0.582, -1.894, -3.324, -4.793, -6.203, -7.418, -8.3, -8.82, -8.95, -8.75, -8.33, -7.81, -7.32, -6.883, -6.527, -6.258, -6.047, -5.902, -5.953, -6.293, -7.11, -8.46, -10.266, -12.35, -14.51, -16.36, -17.69, -18.25, -18.03, -17.03, -15.4, -13.19, -10.47, -7.375, -4.18, -1.242, 0.913, 1.891, 1.45, -0.2678, -2.842, -5.535, -7.35, -7.297, -4.8, -0.01367, 6.426, 13.66, 20.7, 26.34, 29.62, 30.16, 28.77, 26.31, 23.39, 20.14, 16.44, 12.47, 8.62, 5.39, 3.094, 1.75, 1.182, 1.107, 1.22, 1.285, 1.166, 0.784, 0.1155, -0.812
-2.076, -3.24, -4.496, -5.645, -6.344, -6.332, -5.566, -4.266, -2.848, -1.661, -0.9253, -0.7017, -1.048, -1.98, -3.47, -5.39, -7.492, -9.44, -10.9, -11.56, -11.305, -10.15, -8.27, -5.945, -3.55, -1.383, 0.2698, 1.204, 1.304, 0.4932, -1.157, -3.354, -5.676, -7.676, -9.11, -9.945, -10.29, -10.34, -10.18, -9.914, -9.45, -8.79, -7.863, -6.68, -5.266, -3.758, -2.3, -1.015, -0.0497, 0.4268, 0.2214, -0.7856, -2.547, -4.875, -7.543, -10.375, -13.27, -16.36, -19.67, -23.03, -25.88, -27.34, -27.0, -24.83, -21.3, -17.36, -13.734, -11.125, -9.96, -10.305, -11.88, -14.14, -16.62, -19.0, -20.78, -21.6, -21.16, -19.33, -15.99, -11.21, -5.207, 1.633, 8.734, 15.46, 21.58, 26.72, 30.97, 34.44, 37.1, 38.9, 40.03, 40.3, 39.88, 38.78, 37.06, 35.03, 32.78, 30.61, 28.62, 27.12, 26.2, 25.81, 25.69, 25.66, 25.42, 24.86, 23.83, 22.58, 21.0, 19.33, 17.61, 15.97, 14.35, 12.81, 11.39, 9.99, 8.695, 7.484, 6.465, 5.67, 5.164, 4.875, 4.71, 4.53, 4.266, 3.83, 3.248, 2.516, 1.67, 0.715, -0.3418, -1.546, -2.861, -4.25, -5.62, -6.848, -7.816, -8.46, -8.76, -8.76, -8.55, -8.22, -7.867, -7.527, -7.203, -6.902, -6.617, -6.453, -6.477, -6.9, -7.84, -9.33, -11.27, -13.5, -15.69, -17.53, -18.73, -19.16, -18.67, -17.28, -15.086, -12.22, -8.78, -5.023, -1.32, 1.82, 3.895, 4.57, 3.805, 1.838, -0.8564, -3.645, -5.63, -5.81, -3.502, 1.224, 7.67, 14.945, 22.03, 27.62, 30.83, 31.53, 30.25, 28.08, 25.48, 22.62, 19.45, 15.69, 11.65, 7.88, 4.96, 3.084, 2.146, 1.811, 1.68, 1.48, 1.1045, 0.5205, -0.227, -1.095
-2.75, -3.758, -4.938, -6.06, -6.727, -6.566, -5.527, -3.855, -2.07, -0.6025, 0.2817, 0.49, -0.02808, -1.287, -3.229, -5.65, -8.36, -10.93, -13.05, -14.34, -14.586, -13.73, -11.88, -9.336, -6.49, -3.709, -1.396, 0.2017, 0.8794, 0.4993, -0.9062, -3.05, -5.457, -7.617, -9.234, -10.21, -10.62, -10.65, -10.39, -9.95, -9.305, -8.44, -7.36, -6.02, -4.473, -2.746, -0.949, 0.7217, 2.004, 2.598, 2.305, 1.066, -1.015, -3.672, -6.676, -9.86, -13.17, -16.75, -20.66, -24.78, -28.28, -30.38, -30.3, -28.06, -24.16, -19.5, -15.09, -11.72, -9.89, -9.68, -10.8, -12.78, -15.09, -17.44, -19.25, -20.16, -19.75, -17.73, -14.13, -9.055, -2.871, 4.016, 11.016, 17.56, 23.39, 28.33, 32.3, 35.5, 37.9, 39.38, 40.03, 39.84, 38.94, 37.4, 35.3, 32.9, 30.38, 28.0, 26.06, 24.78, 24.23, 24.3, 24.78, 25.34, 25.67, 25.58, 24.94, 23.72, 22.14, 20.4, 18.6, 16.78, 15.08, 13.516, 12.04, 10.68, 9.305, 8.07, 6.94, 6.062, 5.42, 5.04, 4.754, 4.496, 4.19, 3.79, 3.264, 2.648, 1.935, 1.143, 0.2339, -0.806, -1.998, -3.291, -4.605, -5.832, -6.883, -7.68, -8.164, -8.4, -8.375, -8.23, -8.0, -7.73, -7.4, -7.043, -6.707, -6.473, -6.52, -6.957, -7.957, -9.51, -11.45, -13.63, -15.78, -17.53, -18.64, -18.84, -18.06, -16.25, -13.6, -10.17, -6.207, -2.072, 1.804, 4.867, 6.65, 7.01, 6.043, 4.047, 1.435, -1.308, -3.46, -4.062, -2.254, 2.162, 8.57, 15.91, 23.0, 28.66, 31.97, 32.75, 31.78, 29.77, 27.39, 24.86, 21.92, 18.39, 14.26, 10.11, 6.594, 4.18, 2.834, 2.21, 1.813, 1.342, 0.6743, -0.1587, -1.053, -1.912
-3.895, -4.773, -5.75, -6.633, -7.043, -6.6, -5.22, -3.188, -1.014, 0.784, 1.89, 2.13, 1.422, -0.2112, -2.646, -5.66, -8.96, -12.22, -14.99, -17.0, -17.86, -17.4, -15.71, -13.016, -9.734, -6.367, -3.375, -1.092, 0.227, 0.3804, -0.6533, -2.592, -4.938, -7.164, -8.945, -10.15, -10.75, -10.86, -10.6, -9.99, -9.14, -8.016, -6.664, -5.1, -3.303, -1.293, 0.8555, 2.889, 4.434, 5.156, 4.816, 3.436, 1.134, -1.8125, -5.15, -8.69, -12.41, -16.4, -20.84, -25.48, -29.6, -32.22, -32.62, -30.56, -26.5, -21.4, -16.38, -12.34, -9.87, -9.09, -9.76, -11.37, -13.5, -15.76, -17.61, -18.55, -18.06, -15.875, -12.04, -6.812, -0.5464, 6.266, 13.06, 19.44, 25.0, 29.67, 33.44, 36.4, 38.4, 39.53, 39.84, 39.2, 37.9, 35.88, 33.4, 30.53, 27.75, 25.19, 23.27, 22.19, 21.92, 22.53, 23.56, 24.83, 25.86, 26.33, 26.1, 25.14, 23.6, 21.75, 19.64, 17.55, 15.62, 13.84, 12.266, 10.79, 9.45, 8.2, 7.13, 6.24, 5.625, 5.207, 4.918, 4.684, 4.44, 4.137, 3.756, 3.307, 2.781, 2.154, 1.416, 0.5166, -0.5376, -1.736, -3.004, -4.234, -5.363, -6.28, -6.97, -7.387, -7.598, -7.613, -7.484, -7.25, -6.91, -6.496, -6.1, -5.824, -5.812, -6.254, -7.21, -8.664, -10.5, -12.55, -14.51, -16.12, -17.05, -17.05, -16.08, -14.02, -11.04, -7.316, -3.146, 1.057, 4.805, 7.586, 9.09, 9.26, 8.234, 6.293, 3.762, 1.034, -1.362, -2.47, -1.204, 2.902, 9.336, 16.86, 24.05, 29.78, 33.1, 34.1, 33.25, 31.38, 29.03, 26.45, 23.7, 20.36, 16.33, 12.055, 8.16, 5.227, 3.422, 2.43, 1.769, 1.073, 0.1748, -0.9233, -2.06, -3.064
-5.227, -6.082, -6.79, -7.21, -7.098, -6.195, -4.45, -2.129, 0.3086, 2.39, 3.75, 4.12, 3.342, 1.418, -1.475, -5.023, -8.95, -12.86, -16.38, -19.12, -20.62, -20.77, -19.36, -16.61, -13.055, -9.19, -5.58, -2.602, -0.6265, 0.1062, -0.456, -2.068, -4.215, -6.4, -8.28, -9.69, -10.53, -10.84, -10.625, -9.97, -8.88, -7.484, -5.797, -3.91, -1.792, 0.5757, 3.07, 5.406, 7.164, 7.99, 7.695, 6.258, 3.838, 0.696, -2.918, -6.8, -10.86, -15.21, -19.95, -24.97, -29.52, -32.72, -33.56, -31.9, -28.02, -22.89, -17.48, -12.97, -9.93, -8.58, -8.72, -9.945, -11.77, -13.875, -15.7, -16.61, -16.05, -13.76, -9.82, -4.574, 1.634, 8.25, 14.82, 20.89, 26.3, 30.73, 34.38, 37.03, 38.75, 39.56, 39.5, 38.53, 36.78, 34.34, 31.44, 28.23, 25.1, 22.4, 20.53, 19.52, 19.58, 20.47, 22.03, 23.89, 25.56, 26.7, 26.95, 26.39, 25.03, 23.1, 20.9, 18.56, 16.34, 14.336, 12.53, 10.93, 9.51, 8.24, 7.164, 6.332, 5.723, 5.363, 5.14, 5.0, 4.89, 4.78, 4.598, 4.37, 4.035, 3.61, 3.027, 2.266, 1.315, 0.2085, -1.005, -2.223, -3.371, -4.38, -5.18, -5.785, -6.184, -6.363, -6.344, -6.16, -5.793, -5.336, -4.87, -4.535, -4.47, -4.812, -5.645, -6.926, -8.555, -10.33, -12.04, -13.42, -14.16, -13.984, -12.82, -10.66, -7.598, -3.86, 0.2214, 4.215, 7.656, 10.14, 11.42, 11.47, 10.37, 8.336, 5.7, 2.824, 0.1997, -1.267, -0.3574, 3.615, 10.17, 17.92, 25.31, 31.12, 34.56, 35.56, 34.84, 32.88, 30.23, 27.44, 24.6, 21.42, 17.78, 13.74, 9.766, 6.43, 4.06, 2.621, 1.713, 0.908, -0.09656, -1.3955, -2.852, -4.184
-6.34, -7.31, -7.715, -7.566, -6.766, -5.273, -3.158, -0.644, 1.928, 4.2, 5.8, 6.355, 5.66, 3.658, 0.5005, -3.5, -8.0, -12.58, -16.84, -20.28, -22.56, -23.31, -22.34, -19.84, -16.19, -11.98, -7.83, -4.24, -1.615, -0.2935, -0.3577, -1.553, -3.39, -5.395, -7.246, -8.76, -9.81, -10.31, -10.266, -9.61, -8.43, -6.758, -4.746, -2.479, 0.04785, 2.797, 5.62, 8.16, 10.03, 10.94, 10.734, 9.38, 6.98, 3.74, -0.04443, -4.14, -8.445, -13.05, -18.02, -23.16, -28.0, -31.55, -33.03, -31.92, -28.58, -23.7, -18.36, -13.61, -10.1, -8.195, -7.746, -8.41, -9.82, -11.65, -13.4, -14.3, -13.77, -11.49, -7.605, -2.477, 3.518, 9.875, 16.19, 22.03, 27.19, 31.48, 34.84, 37.34, 38.8, 39.34, 39.0, 37.72, 35.66, 32.94, 29.69, 26.23, 22.9, 20.12, 18.23, 17.33, 17.44, 18.48, 20.27, 22.4, 24.5, 26.14, 26.98, 26.9, 25.94, 24.31, 22.22, 19.89, 17.55, 15.375, 13.41, 11.64, 10.086, 8.71, 7.555, 6.617, 5.973, 5.562, 5.363, 5.285, 5.297, 5.332, 5.35, 5.297, 5.16, 4.89, 4.457, 3.816, 2.986, 1.967, 0.8604, -0.2754, -1.357, -2.344, -3.207, -3.916, -4.47, -4.805, -4.934, -4.812, -4.484, -4.0, -3.467, -3.06, -2.9, -3.117, -3.77, -4.812, -6.133, -7.57, -8.94, -9.97, -10.414, -9.984, -8.68, -6.457, -3.453, 0.12494, 3.924, 7.55, 10.64, 12.83, 13.87, 13.68, 12.28, 9.87, 6.824, 3.688, 0.986, -0.4922, 0.3862, 4.4, 11.16, 19.2, 26.89, 32.8, 36.25, 37.28, 36.34, 34.06, 31.0, 27.73, 24.72, 21.84, 18.72, 15.26, 11.49, 7.87, 4.953, 2.992, 1.827, 1.005, 0.0381, -1.3545, -3.105, -4.887
-6.91, -8.06, -8.266, -7.55, -6.055, -3.936, -1.441, 1.248, 3.896, 6.273, 8.0, 8.76, 8.23, 6.36, 3.195, -1.037, -5.95, -11.15, -16.12, -20.31, -23.3, -24.7, -24.3, -22.23, -18.75, -14.42, -9.89, -5.793, -2.604, -0.732, -0.3008, -1.069, -2.53, -4.227, -5.887, -7.355, -8.5, -9.17, -9.3, -8.74, -7.535, -5.723, -3.451, -0.8306, 2.111, 5.242, 8.336, 10.98, 12.86, 13.82, 13.72, 12.55, 10.34, 7.203, 3.441, -0.7637, -5.254, -10.016, -15.07, -20.3, -25.17, -29.0, -31.02, -30.69, -28.12, -23.95, -18.98, -14.3, -10.51, -8.03, -6.91, -6.89, -7.734, -9.164, -10.72, -11.65, -11.32, -9.27, -5.62, -0.6694, 5.082, 11.18, 17.19, 22.8, 27.66, 31.77, 34.97, 37.28, 38.53, 38.94, 38.3, 36.94, 34.66, 31.7, 28.3, 24.73, 21.34, 18.62, 16.75, 15.77, 15.766, 16.72, 18.33, 20.45, 22.62, 24.53, 25.83, 26.33, 26.02, 24.98, 23.34, 21.38, 19.25, 17.16, 15.11, 13.24, 11.54, 9.97, 8.57, 7.44, 6.54, 5.953, 5.61, 5.47, 5.457, 5.53, 5.6, 5.645, 5.59, 5.434, 5.082, 4.56, 3.836, 2.965, 2.014, 1.055, 0.1316, -0.7314, -1.537, -2.273, -2.918, -3.426, -3.719, -3.76, -3.523, -3.07, -2.52, -2.041, -1.782, -1.846, -2.275, -3.031, -3.994, -5.016, -5.94, -6.51, -6.48, -5.7, -4.125, -1.785, 1.162, 4.508, 7.953, 11.164, 13.86, 15.695, 16.33, 15.65, 13.61, 10.516, 6.883, 3.492, 0.9326, -0.166, 1.053, 5.32, 12.35, 20.78, 28.73, 34.8, 38.22, 39.12, 37.7, 34.8, 31.12, 27.5, 24.34, 21.78, 19.36, 16.6, 13.21, 9.54, 6.17, 3.707, 2.252, 1.423, 0.559, -0.8237, -2.775, -4.99
-6.844, -8.23, -8.33, -7.176, -5.08, -2.42, 0.4795, 3.396, 6.203, 8.66, 10.47, 11.305, 10.93, 9.27, 6.297, 2.158, -2.922, -8.55, -14.14, -19.03, -22.78, -24.9, -25.19, -23.66, -20.48, -16.23, -11.55, -7.082, -3.45, -1.105, -0.229, -0.579, -1.635, -2.94, -4.258, -5.496, -6.54, -7.285, -7.54, -7.164, -6.08, -4.293, -1.898, 1.016, 4.3, 7.758, 11.04, 13.73, 15.59, 16.5, 16.55, 15.61, 13.69, 10.875, 7.297, 3.117, -1.459, -6.324, -11.42, -16.55, -21.33, -25.31, -27.83, -28.38, -26.89, -23.69, -19.5, -15.125, -11.24, -8.28, -6.426, -5.625, -5.77, -6.645, -7.9, -8.875, -8.78, -7.15, -3.828, 0.817, 6.297, 12.1, 17.86, 23.12, 27.81, 31.64, 34.72, 36.88, 38.06, 38.34, 37.6, 36.06, 33.72, 30.64, 27.22, 23.75, 20.58, 17.98, 16.1, 15.0, 14.72, 15.234, 16.47, 18.17, 20.12, 22.12, 23.8, 24.83, 25.25, 25.02, 24.16, 22.77, 21.11, 19.27, 17.36, 15.47, 13.63, 11.805, 10.164, 8.69, 7.492, 6.58, 5.965, 5.613, 5.453, 5.395, 5.387, 5.38, 5.316, 5.145, 4.85, 4.387, 3.793, 3.084, 2.332, 1.586, 0.875, 0.1873, -0.502, -1.199, -1.896, -2.537, -3.025, -3.277, -3.238, -2.9, -2.398, -1.877, -1.496, -1.37, -1.536, -1.937, -2.467, -3.016, -3.39, -3.406, -2.84, -1.598, 0.2998, 2.777, 5.707, 8.85, 11.96, 14.8, 17.05, 18.34, 18.34, 16.9, 13.98, 10.03, 5.848, 2.291, 0.08, -0.3538, 1.503, 6.24, 13.72, 22.56, 30.88, 37.0, 40.22, 40.72, 38.62, 35.03, 30.83, 26.9, 23.8, 21.6, 19.7, 17.61, 14.74, 11.23, 7.652, 4.785, 3.012, 2.06, 1.252, -0.04218, -2.06, -4.543
-6.297, -7.844, -7.914, -6.523, -4.016, -0.922, 2.37, 5.656, 8.734, 11.336, 13.164, 14.0, 13.73, 12.29, 9.625, 5.766, 0.8325, -4.9, -10.914, -16.45, -20.9, -23.78, -24.83, -23.98, -21.33, -17.33, -12.65, -8.0, -4.062, -1.352, -0.0691, -0.014404, -0.6484, -1.523, -2.404, -3.244, -4.027, -4.676, -5.035, -4.89, -4.074, -2.467, -0.08734, 2.96, 6.516, 10.266, 13.69, 16.39, 18.19, 19.06, 19.2, 18.55, 17.0, 14.57, 11.27, 7.266, 2.723, -2.158, -7.242, -12.25, -16.95, -20.95, -23.92, -25.33, -24.97, -23.02, -19.9, -16.17, -12.4, -9.086, -6.58, -4.996, -4.355, -4.547, -5.324, -6.164, -6.33, -5.152, -2.346, 1.913, 7.094, 12.63, 18.08, 23.11, 27.53, 31.25, 34.12, 36.22, 37.38, 37.5, 36.75, 35.06, 32.66, 29.6, 26.33, 23.16, 20.34, 17.98, 16.16, 14.875, 14.17, 14.125, 14.766, 15.95, 17.53, 19.4, 21.25, 22.81, 23.95, 24.52, 24.42, 23.8, 22.66, 21.16, 19.5, 17.67, 15.734, 13.78, 11.86, 10.13, 8.61, 7.383, 6.453, 5.83, 5.43, 5.195, 5.055, 4.93, 4.785, 4.58, 4.277, 3.879, 3.38, 2.816, 2.244, 1.676, 1.117, 0.5293, -0.0928, -0.75, -1.438, -2.123, -2.742, -3.205, -3.385, -3.256, -2.857, -2.33, -1.826, -1.471, -1.314, -1.314, -1.377, -1.412, -1.258, -0.7686, 0.2344, 1.836, 3.98, 6.582, 9.46, 12.43, 15.25, 17.67, 19.42, 20.1, 19.3, 16.89, 13.055, 8.41, 3.79, 0.2206, -1.558, -1.199, 1.479, 6.895, 14.93, 24.28, 32.84, 39.0, 42.0, 41.7, 38.9, 34.72, 30.17, 26.31, 23.34, 21.38, 19.83, 18.17, 15.84, 12.76, 9.28, 6.188, 4.004, 2.738, 1.835, 0.6206, -1.299, -3.822
-5.49, -7.117, -7.26, -5.758, -3.006, 0.4163, 4.105, 7.812, 11.266, 14.1, 15.984, 16.84, 16.58, 15.33, 12.945, 9.484, 4.88, -0.6787, -6.797, -12.76, -17.86, -21.53, -23.39, -23.25, -21.22, -17.64, -13.17, -8.58, -4.492, -1.517, 0.1221, 0.606, 0.4043, -0.01782, -0.4268, -0.798, -1.187, -1.6, -1.97, -2.059, -1.58, -0.2952, 1.892, 4.973, 8.7, 12.65, 16.25, 19.02, 20.78, 21.7, 21.86, 21.33, 20.12, 18.02, 15.1, 11.375, 6.996, 2.209, -2.729, -7.652, -12.25, -16.33, -19.67, -21.84, -22.72, -22.08, -20.16, -17.31, -13.94, -10.586, -7.613, -5.36, -3.908, -3.29, -3.389, -3.85, -4.066, -3.303, -1.056, 2.676, 7.438, 12.67, 17.89, 22.78, 27.05, 30.61, 33.47, 35.47, 36.56, 36.7, 35.8, 34.0, 31.5, 28.53, 25.48, 22.69, 20.27, 18.22, 16.52, 15.06, 14.03, 13.484, 13.53, 14.15, 15.33, 17.0, 18.9, 20.81, 22.4, 23.56, 24.11, 24.02, 23.4, 22.31, 20.84, 19.16, 17.25, 15.25, 13.3, 11.39, 9.695, 8.234, 7.055, 6.188, 5.58, 5.188, 4.926, 4.734, 4.562, 4.348, 4.055, 3.727, 3.324, 2.896, 2.414, 1.888, 1.263, 0.559, -0.1797, -0.8647, -1.487, -2.05, -2.59, -3.068, -3.398, -3.447, -3.195, -2.701, -2.107, -1.55, -1.081, -0.698, -0.3447, 0.04736, 0.592, 1.394, 2.607, 4.324, 6.51, 9.05, 11.81, 14.58, 17.11, 19.14, 20.33, 20.22, 18.53, 15.2, 10.586, 5.457, 0.728, -2.598, -3.799, -2.63, 0.912, 7.027, 15.64, 25.39, 34.25, 40.28, 42.88, 41.94, 38.56, 34.0, 29.42, 25.77, 23.05, 21.16, 19.7, 18.27, 16.44, 13.93, 10.85, 7.688, 5.066, 3.256, 2.06, 0.899, -0.7646, -3.057
-4.54, -6.188, -6.445, -4.984, -2.113, 1.574, 5.637, 9.76, 13.625, 16.81, 18.9, 19.78, 19.6, 18.42, 16.25, 13.1, 8.91, 3.756, -2.191, -8.3, -13.91, -18.28, -20.9, -21.62, -20.3, -17.27, -13.24, -8.87, -4.84, -1.727, 0.2339, 1.145, 1.398, 1.426, 1.477, 1.596, 1.679, 1.619, 1.385, 1.16, 1.28, 2.152, 4.043, 7.016, 10.79, 14.875, 18.64, 21.53, 23.47, 24.36, 24.61, 24.23, 23.12, 21.28, 18.61, 15.23, 11.16, 6.64, 1.903, -2.852, -7.44, -11.65, -15.34, -18.27, -20.19, -20.81, -20.22, -18.47, -15.875, -12.82, -9.71, -6.94, -4.766, -3.299, -2.54, -2.326, -2.232, -1.63, 0.07574, 3.143, 7.35, 12.234, 17.27, 22.0, 26.3, 29.86, 32.78, 34.84, 36.03, 36.06, 35.1, 33.12, 30.34, 27.33, 24.45, 21.92, 19.9, 18.19, 16.64, 15.266, 14.08, 13.266, 12.914, 13.125, 13.9, 15.31, 17.08, 18.97, 20.83, 22.25, 23.1, 23.44, 23.11, 22.36, 21.19, 19.67, 18.02, 16.19, 14.29, 12.44, 10.69, 9.11, 7.76, 6.707, 5.94, 5.426, 5.11, 4.938, 4.816, 4.68, 4.508, 4.29, 4.027, 3.682, 3.184, 2.44, 1.429, 0.2351, -0.8984, -1.777, -2.262, -2.459, -2.545, -2.67, -2.85, -2.934, -2.777, -2.352, -1.74, -1.072, -0.412, 0.2139, 0.828, 1.458, 2.164, 3.041, 4.215, 5.773, 7.758, 10.06, 12.59, 15.086, 17.3, 18.84, 19.38, 18.39, 15.72, 11.53, 6.426, 1.2295, -3.203, -5.945, -6.38, -4.363, -0.05273, 6.594, 15.51, 25.55, 34.47, 40.47, 42.7, 41.38, 37.7, 33.03, 28.67, 25.23, 22.73, 20.81, 19.27, 17.89, 16.52, 14.664, 12.164, 9.1, 6.02, 3.557, 1.895, 0.732, -0.546, -2.383
-3.473, -5.07, -5.56, -4.285, -1.377, 2.549, 6.94, 11.47, 15.81, 19.36, 21.75, 22.86, 22.84, 21.7, 19.64, 16.6, 12.71, 7.97, 2.428, -3.564, -9.38, -14.266, -17.6, -19.03, -18.48, -16.27, -12.9, -9.016, -5.27, -2.178, -0.005127, 1.318, 2.045, 2.527, 3.04, 3.645, 4.242, 4.633, 4.695, 4.516, 4.42, 4.883, 6.375, 9.05, 12.73, 16.88, 20.77, 23.94, 26.06, 27.19, 27.52, 27.16, 26.19, 24.47, 21.95, 18.77, 15.02, 10.83, 6.465, 1.982, -2.494, -6.844, -10.89, -14.51, -17.31, -19.25, -20.05, -19.61, -18.06, -15.69, -12.81, -9.836, -7.082, -4.8, -3.086, -1.967, -1.201, -0.3835, 1.044, 3.496, 7.03, 11.445, 16.2, 20.97, 25.36, 29.14, 32.22, 34.47, 35.6, 35.72, 34.56, 32.28, 29.33, 26.14, 23.23, 20.89, 19.1, 17.64, 16.4, 15.18, 14.125, 13.3, 12.805, 12.79, 13.28, 14.29, 15.75, 17.44, 19.06, 20.45, 21.44, 21.86, 21.83, 21.31, 20.55, 19.44, 18.14, 16.62, 15.02, 13.38, 11.695, 10.11, 8.66, 7.445, 6.504, 5.88, 5.53, 5.41, 5.414, 5.445, 5.477, 5.46, 5.363, 5.06, 4.35, 3.06, 1.21, -0.92, -2.834, -4.03, -4.344, -3.867, -3.045, -2.3, -1.893, -1.704, -1.49, -1.095, -0.535, 0.0991, 0.762, 1.428, 2.086, 2.738, 3.395, 4.133, 5.055, 6.31, 7.94, 9.92, 12.14, 14.25, 16.0, 16.88, 16.44, 14.336, 10.61, 5.734, 0.4421, -4.37, -7.965, -9.64, -9.02, -6.105, -1.187, 5.785, 14.79, 24.83, 33.78, 39.72, 41.78, 40.25, 36.5, 31.9, 27.72, 24.47, 22.05, 20.23, 18.62, 17.27, 16.17, 14.9, 12.96, 10.125, 6.78, 3.7, 1.535, 0.3093, -0.556, -1.757
-2.297, -3.807, -4.586, -3.643, -0.8223, 3.293, 8.055, 13.03, 17.84, 21.78, 24.55, 26.02, 26.25, 25.31, 23.23, 20.11, 16.22, 11.74, 6.64, 1.032, -4.664, -9.76, -13.56, -15.67, -15.98, -14.695, -12.234, -9.125, -5.953, -3.127, -0.89, 0.7314, 1.899, 2.867, 3.87, 5.0, 6.152, 7.113, 7.656, 7.777, 7.695, 7.89, 8.92, 11.12, 14.43, 18.47, 22.42, 25.86, 28.33, 29.78, 30.38, 30.22, 29.31, 27.61, 25.19, 22.0, 18.4, 14.586, 10.586, 6.535, 2.375, -1.8955, -6.176, -10.29, -14.01, -17.08, -19.3, -20.38, -20.22, -18.89, -16.62, -13.766, -10.73, -7.777, -5.164, -3.02, -1.327, 0.1128, 1.654, 3.738, 6.656, 10.49, 14.984, 19.69, 24.27, 28.33, 31.72, 34.12, 35.47, 35.5, 34.2, 31.64, 28.33, 24.9, 21.89, 19.58, 17.95, 16.72, 15.734, 14.8, 13.984, 13.33, 12.89, 12.766, 13.02, 13.67, 14.68, 15.91, 17.19, 18.33, 19.17, 19.67, 19.83, 19.66, 19.27, 18.67, 17.86, 16.86, 15.664, 14.3, 12.83, 11.305, 9.805, 8.43, 7.305, 6.496, 6.05, 5.934, 6.06, 6.324, 6.605, 6.844, 6.902, 6.53, 5.336, 3.121, -0.0398, -3.549, -6.566, -8.266, -8.33, -6.88, -4.72, -2.611, -1.127, -0.2793, 0.2249, 0.6455, 1.07, 1.512, 1.994, 2.537, 3.13, 3.717, 4.258, 4.77, 5.4, 6.316, 7.62, 9.266, 11.03, 12.57, 13.484, 13.195, 11.4, 7.96, 3.262, -2.072, -7.086, -11.016, -13.266, -13.49, -11.59, -7.746, -2.266, 4.89, 13.87, 23.86, 32.84, 38.7, 40.72, 39.12, 35.28, 30.72, 26.53, 23.31, 21.03, 19.25, 17.77, 16.48, 15.516, 14.586, 13.15, 10.664, 7.29, 3.871, 1.281, -0.06226, -0.5747, -1.125
-1.088, -2.44, -3.535, -3.055, -0.4263, 3.86, 9.01, 14.48, 19.67, 24.08, 27.2, 29.1, 29.77, 29.05, 27.0, 23.64, 19.55, 14.97, 10.18, 5.1, -0.1021, -5.0, -8.98, -11.625, -12.8, -12.6, -11.3, -9.26, -6.93, -4.67, -2.697, -1.0205, 0.454, 1.9, 3.492, 5.246, 7.05, 8.71, 9.96, 10.65, 10.91, 11.05, 11.664, 13.234, 15.93, 19.48, 23.38, 26.97, 29.84, 31.77, 32.75, 32.97, 32.25, 30.66, 28.2, 25.02, 21.34, 17.61, 13.96, 10.4, 6.758, 2.865, -1.31, -5.656, -9.98, -14.06, -17.61, -20.27, -21.73, -21.83, -20.61, -18.34, -15.29, -11.96, -8.6, -5.473, -2.74, -0.4062, 1.66, 3.77, 6.316, 9.61, 13.71, 18.31, 23.03, 27.42, 31.02, 33.75, 35.16, 35.12, 33.72, 30.84, 27.28, 23.64, 20.56, 18.3, 16.77, 15.766, 14.97, 14.23, 13.59, 13.055, 12.664, 12.49, 12.57, 12.914, 13.49, 14.305, 15.15, 15.96, 16.67, 17.19, 17.5, 17.69, 17.75, 17.66, 17.42, 16.94, 16.2, 15.22, 14.03, 12.66, 11.19, 9.69, 8.336, 7.273, 6.58, 6.355, 6.51, 6.94, 7.484, 7.97, 8.11, 7.496, 5.6, 2.154, -2.625, -7.83, -12.18, -14.48, -14.195, -11.6, -7.8, -4.008, -1.13, 0.6074, 1.513, 1.908, 2.02, 2.037, 2.16, 2.545, 3.168, 3.906, 4.562, 5.08, 5.57, 6.29, 7.3, 8.53, 9.6, 10.08, 9.516, 7.508, 4.02, -0.731, -6.105, -11.32, -15.55, -18.19, -18.83, -17.45, -14.14, -9.3, -3.229, 4.25, 13.38, 23.47, 32.44, 38.28, 40.1, 38.34, 34.38, 29.66, 25.31, 21.98, 19.66, 18.0, 16.64, 15.445, 14.48, 13.69, 12.6, 10.61, 7.65, 4.234, 1.437, -0.0895, -0.44, -0.4731
0.013245, -1.105, -2.438, -2.416, -0.0957, 4.28, 9.82, 15.77, 21.34, 26.1, 29.66, 31.94, 33.0, 32.66, 30.66, 27.22, 22.62, 17.69, 12.875, 8.375, 4.047, -0.1959, -3.963, -6.926, -8.87, -9.81, -9.79, -9.07, -7.926, -6.67, -5.42, -4.164, -2.729, -0.9326, 1.281, 3.857, 6.535, 9.086, 11.234, 12.79, 13.66, 14.086, 14.45, 15.34, 17.16, 19.97, 23.4, 26.95, 30.12, 32.56, 34.12, 34.75, 34.44, 33.16, 30.81, 27.56, 23.78, 19.88, 16.34, 13.21, 10.18, 6.938, 3.242, -0.936, -5.445, -10.17, -14.8, -18.89, -22.02, -23.8, -24.0, -22.67, -20.17, -16.81, -13.0, -9.086, -5.33, -1.973, 0.8975, 3.41, 5.914, 8.86, 12.555, 16.94, 21.62, 26.16, 30.06, 32.9, 34.4, 34.44, 32.78, 29.88, 26.19, 22.48, 19.38, 17.17, 15.805, 14.945, 14.24, 13.54, 12.875, 12.28, 11.836, 11.56, 11.49, 11.625, 11.95, 12.44, 13.04, 13.625, 14.25, 14.82, 15.31, 15.82, 16.27, 16.7, 16.94, 16.95, 16.64, 16.03, 15.12, 13.97, 12.61, 11.1, 9.55, 8.15, 7.12, 6.598, 6.625, 7.098, 7.797, 8.44, 8.59, 7.63, 4.938, 0.186, -6.23, -13.12, -18.77, -21.62, -21.03, -17.28, -11.875, -6.41, -2.18, 0.417, 1.54, 1.579, 0.949, 0.105, -0.38, -0.1719, 0.8135, 2.219, 3.621, 4.707, 5.52, 6.25, 7.03, 7.566, 7.39, 6.09, 3.385, -0.661, -5.73, -11.266, -16.56, -21.0, -24.0, -25.14, -24.25, -21.34, -16.8, -10.91, -4.08, 4.01, 13.6, 23.83, 32.75, 38.4, 40.03, 38.06, 33.88, 28.89, 24.25, 20.67, 18.25, 16.61, 15.31, 14.055, 12.94, 12.14, 11.39, 10.11, 7.85, 4.93, 2.162, 0.4067, -0.04492, 0.1747
0.8345, 0.013916, -1.338, -1.683, 0.285, 4.63, 10.45, 16.72, 22.62, 27.69, 31.45, 34.1, 35.56, 35.47, 33.72, 30.19, 25.28, 19.86, 14.77, 10.68, 7.34, 4.203, 1.097, -1.75, -4.188, -6.03, -7.23, -7.887, -8.195, -8.35, -8.4, -8.23, -7.47, -5.812, -3.166, 0.2778, 4.08, 7.8, 11.07, 13.65, 15.375, 16.34, 16.83, 17.28, 18.28, 20.08, 22.67, 25.83, 28.97, 31.72, 33.72, 34.94, 35.2, 34.28, 32.28, 29.17, 25.36, 21.3, 17.67, 14.76, 12.31, 9.875, 6.938, 3.318, -0.9824, -5.895, -11.11, -16.28, -20.8, -24.2, -25.98, -26.06, -24.45, -21.53, -17.66, -13.234, -8.664, -4.37, -0.6294, 2.508, 5.26, 8.06, 11.42, 15.5, 20.08, 24.6, 28.52, 31.45, 33.03, 33.1, 31.56, 28.72, 25.1, 21.48, 18.47, 16.34, 15.055, 14.21, 13.48, 12.62, 11.74, 10.94, 10.34, 9.96, 9.766, 9.805, 10.016, 10.38, 10.83, 11.375, 11.984, 12.625, 13.34, 14.125, 15.01, 15.81, 16.47, 16.84, 16.86, 16.55, 15.9, 14.984, 13.78, 12.336, 10.72, 9.08, 7.645, 6.715, 6.43, 6.734, 7.434, 8.1, 8.16, 6.86, 3.47, -2.281, -9.96, -18.12, -24.73, -28.03, -27.12, -22.48, -15.84, -9.164, -3.959, -0.9443, -0.04443, -0.9, -2.936, -5.227, -6.82, -6.86, -5.266, -2.55, 0.3867, 2.844, 4.562, 5.64, 6.062, 5.492, 3.418, -0.2998, -5.336, -11.15, -16.95, -22.36, -26.75, -29.88, -31.39, -31.19, -28.95, -24.83, -19.12, -12.33, -4.69, 4.13, 14.305, 24.77, 33.53, 38.94, 40.25, 38.1, 33.7, 28.44, 23.42, 19.5, 16.86, 15.086, 13.625, 12.195, 10.92, 10.086, 9.68, 9.17, 7.96, 5.848, 3.379, 1.426, 0.6196, 0.7393
1.189, 0.7017, -0.3816, -0.814, 0.843, 4.973, 10.81, 17.22, 23.27, 28.36, 32.4, 35.28, 36.9, 37.06, 35.44, 31.92, 26.9, 21.1, 15.73, 11.83, 9.36, 7.5, 5.508, 3.285, 0.9404, -1.31, -3.312, -5.094, -6.76, -8.484, -10.3, -11.89, -12.65, -11.99, -9.55, -5.504, -0.5957, 4.445, 9.01, 12.75, 15.46, 17.19, 18.03, 18.47, 18.9, 19.89, 21.55, 23.88, 26.61, 29.33, 31.62, 33.25, 33.97, 33.6, 31.95, 29.25, 25.67, 21.67, 17.97, 15.02, 13.01, 11.36, 9.34, 6.496, 2.756, -1.858, -7.137, -12.805, -18.28, -22.98, -26.23, -27.78, -27.36, -25.19, -21.69, -17.14, -12.16, -7.19, -2.719, 1.033, 4.168, 7.074, 10.26, 14.01, 18.27, 22.58, 26.39, 29.31, 30.94, 31.14, 29.95, 27.4, 24.05, 20.61, 17.62, 15.53, 14.2, 13.3, 12.38, 11.305, 10.15, 9.125, 8.36, 7.895, 7.703, 7.742, 7.938, 8.26, 8.68, 9.21, 9.836, 10.63, 11.51, 12.555, 13.67, 14.78, 15.73, 16.36, 16.64, 16.53, 16.11, 15.414, 14.44, 13.17, 11.63, 9.91, 8.23, 6.87, 6.133, 6.113, 6.598, 7.15, 7.07, 5.527, 1.79, -4.414, -12.62, -21.34, -28.34, -31.77, -30.62, -25.56, -18.39, -11.164, -5.71, -2.848, -2.682, -4.938, -8.875, -13.28, -16.39, -17.03, -14.82, -10.555, -5.57, -1.167, 1.906, 3.492, 3.443, 1.335, -3.008, -9.08, -15.91, -22.45, -27.95, -32.25, -35.25, -36.8, -36.97, -35.44, -32.22, -27.16, -20.64, -13.18, -4.844, 4.59, 15.12, 25.61, 34.1, 39.12, 40.2, 37.97, 33.53, 27.95, 22.6, 18.33, 15.39, 13.33, 11.6, 9.93, 8.49, 7.67, 7.61, 7.855, 7.72, 6.64, 4.727, 2.703, 1.4, 1.103
0.9556, 0.7793, 0.2524, 0.09717, 1.575, 5.312, 10.78, 16.97, 22.89, 28.0, 32.0, 34.9, 36.6, 36.75, 35.16, 31.88, 26.83, 20.98, 15.54, 11.69, 9.77, 9.03, 8.34, 7.137, 5.418, 3.408, 1.237, -1.066, -3.623, -6.62, -10.11, -13.76, -16.69, -17.89, -16.5, -12.69, -7.094, -0.911, 4.92, 9.8, 13.53, 16.02, 17.48, 18.17, 18.56, 19.03, 19.97, 21.5, 23.53, 25.86, 28.08, 29.83, 30.83, 30.73, 29.61, 27.42, 24.34, 20.66, 16.98, 14.12, 12.36, 11.33, 10.18, 8.28, 5.34, 1.362, -3.488, -8.98, -14.73, -20.19, -24.64, -27.42, -28.22, -27.1, -24.23, -20.06, -15.11, -9.93, -5.07, -0.8613, 2.66, 5.766, 8.88, 12.41, 16.33, 20.27, 23.84, 26.6, 28.3, 28.78, 27.92, 25.81, 22.72, 19.39, 16.47, 14.336, 12.914, 11.85, 10.72, 9.414, 8.1, 6.992, 6.203, 5.793, 5.684, 5.785, 5.99, 6.297, 6.66, 7.168, 7.812, 8.63, 9.66, 10.81, 12.055, 13.28, 14.35, 15.17, 15.625, 15.69, 15.48, 15.016, 14.32, 13.35, 12.086, 10.52, 8.79, 7.207, 6.082, 5.625, 5.754, 6.074, 5.855, 4.3, 0.69, -5.26, -13.13, -21.48, -28.23, -31.39, -30.22, -25.31, -18.36, -11.516, -6.48, -4.246, -5.094, -8.86, -14.89, -21.48, -26.48, -28.03, -25.62, -20.12, -13.25, -6.96, -2.47, -0.3906, -1.136, -4.867, -11.11, -18.75, -26.27, -32.4, -36.75, -39.56, -40.9, -41.1, -40.06, -37.4, -33.28, -27.66, -20.83, -13.03, -4.41, 5.3, 15.85, 25.98, 33.88, 38.5, 39.5, 37.3, 32.72, 26.83, 21.14, 16.62, 13.47, 11.164, 9.24, 7.44, 5.99, 5.234, 5.453, 6.28, 7.016, 6.918, 5.723, 3.828, 2.062, 1.128
0.1787, 0.2002, 0.372, 0.8237, 2.328, 5.523, 10.305, 15.89, 21.34, 26.19, 30.08, 32.88, 34.44, 34.53, 32.94, 29.56, 24.73, 19.12, 13.914, 10.26, 8.67, 8.65, 9.03, 8.88, 8.055, 6.645, 4.85, 2.656, -0.0699, -3.621, -8.15, -13.44, -18.5, -21.86, -22.34, -19.52, -14.1, -7.453, -0.8027, 4.992, 9.53, 12.79, 14.87, 16.03, 16.66, 17.1, 17.7, 18.7, 20.1, 21.83, 23.64, 25.19, 26.12, 26.25, 25.4, 23.72, 21.2, 18.1, 14.8, 12.1, 10.53, 9.98, 9.59, 8.56, 6.5, 3.393, -0.6426, -5.438, -10.8, -16.3, -21.27, -24.92, -26.86, -26.8, -24.89, -21.42, -16.98, -12.07, -7.242, -2.844, 0.9224, 4.203, 7.39, 10.73, 14.27, 17.84, 21.02, 23.58, 25.28, 25.97, 25.4, 23.56, 20.64, 17.38, 14.49, 12.31, 10.83, 9.63, 8.42, 7.07, 5.77, 4.754, 4.13, 3.883, 3.934, 4.152, 4.4, 4.652, 4.96, 5.38, 5.93, 6.703, 7.64, 8.734, 9.89, 11.055, 12.086, 12.914, 13.445, 13.734, 13.75, 13.59, 13.24, 12.67, 11.79, 10.586, 9.125, 7.617, 6.316, 5.52, 5.285, 5.32, 5.016, 3.64, 0.586, -4.438, -11.1, -18.27, -24.11, -26.89, -25.83, -21.53, -15.57, -9.75, -5.676, -4.3, -6.016, -10.94, -18.5, -26.94, -33.53, -36.22, -34.16, -28.22, -20.34, -12.87, -7.508, -5.312, -6.723, -11.54, -18.83, -26.9, -34.12, -39.25, -42.22, -43.44, -43.4, -42.2, -40.1, -36.72, -32.1, -26.22, -19.44, -11.836, -3.281, 6.24, 16.31, 25.62, 32.8, 36.97, 37.88, 35.6, 30.6, 24.33, 18.39, 13.85, 10.75, 8.57, 6.723, 5.074, 3.78, 3.197, 3.523, 4.605, 5.81, 6.414, 5.914, 4.336, 2.312, 0.7695
-0.8926, -0.8325, -0.08813, 1.023, 2.715, 5.42, 9.26, 13.82, 18.5, 22.78, 26.39, 29.0, 30.38, 30.22, 28.5, 25.17, 20.53, 15.43, 10.84, 7.688, 6.42, 6.77, 7.707, 8.34, 8.29, 7.605, 6.406, 4.727, 2.418, -0.838, -5.38, -11.234, -17.58, -22.88, -25.36, -24.19, -19.81, -13.58, -6.89, -0.7935, 4.188, 7.902, 10.47, 12.11, 13.14, 13.805, 14.47, 15.29, 16.33, 17.58, 18.88, 20.03, 20.73, 20.8, 20.17, 18.8, 16.78, 14.2, 11.445, 9.14, 7.89, 7.67, 7.83, 7.523, 6.28, 4.062, 1.052, -2.658, -7.02, -11.87, -16.66, -20.69, -23.36, -24.27, -23.39, -20.95, -17.39, -13.13, -8.71, -4.5, -0.7173, 2.648, 5.824, 8.99, 12.2, 15.336, 18.16, 20.45, 22.02, 22.69, 22.1, 20.16, 17.2, 14.04, 11.26, 9.25, 7.863, 6.766, 5.656, 4.504, 3.434, 2.652, 2.262, 2.234, 2.465, 2.8, 3.104, 3.342, 3.55, 3.836, 4.246, 4.82, 5.543, 6.375, 7.25, 8.125, 8.97, 9.66, 10.195, 10.6, 10.88, 11.05, 11.07, 10.92, 10.49, 9.76, 8.76, 7.57, 6.4, 5.516, 5.04, 4.863, 4.54, 3.469, 1.203, -2.46, -7.402, -12.82, -17.27, -19.44, -18.62, -15.34, -10.72, -6.324, -3.447, -2.887, -5.117, -10.36, -18.38, -27.58, -35.2, -38.75, -37.47, -32.0, -24.39, -16.97, -11.67, -9.71, -11.48, -16.48, -23.69, -31.48, -38.0, -42.16, -43.88, -43.8, -42.6, -40.44, -37.5, -33.62, -28.86, -23.23, -16.86, -9.7, -1.668, 7.215, 16.27, 24.45, 30.67, 34.25, 34.78, 31.92, 26.38, 19.8, 14.02, 9.89, 7.3, 5.617, 4.285, 3.105, 2.193, 1.794, 2.129, 3.08, 4.273, 5.137, 5.082, 3.91, 1.946, 0.0742
-1.8955, -1.865, -0.872, 0.629, 2.408, 4.63, 7.473, 10.89, 14.56, 18.08, 21.11, 23.28, 24.3, 23.92, 22.05, 18.8, 14.64, 10.375, 6.812, 4.5, 3.66, 4.105, 5.16, 6.1, 6.53, 6.395, 5.773, 4.742, 3.193, 0.8286, -2.79, -7.97, -14.3, -20.39, -24.45, -25.14, -22.5, -17.6, -11.8, -6.188, -1.383, 2.367, 5.14, 7.105, 8.49, 9.55, 10.46, 11.37, 12.336, 13.234, 14.06, 14.75, 15.08, 14.96, 14.34, 13.164, 11.516, 9.49, 7.35, 5.668, 4.82, 4.86, 5.293, 5.445, 4.84, 3.451, 1.468, -1.01, -4.066, -7.707, -11.61, -15.336, -18.2, -19.75, -19.84, -18.48, -16.0, -12.76, -9.12, -5.41, -1.912, 1.342, 4.406, 7.37, 10.234, 12.984, 15.375, 17.2, 18.36, 18.53, 17.42, 15.195, 12.22, 9.23, 6.824, 5.227, 4.242, 3.527, 2.799, 2.035, 1.334, 0.8604, 0.709, 0.8555, 1.197, 1.575, 1.889, 2.064, 2.201, 2.361, 2.617, 2.998, 3.451, 3.957, 4.46, 4.96, 5.438, 5.887, 6.316, 6.734, 7.164, 7.555, 7.88, 8.055, 7.99, 7.684, 7.117, 6.38, 5.547, 4.832, 4.36, 4.098, 3.807, 3.082, 1.647, -0.626, -3.686, -7.113, -10.05, -11.42, -10.86, -8.58, -5.438, -2.559, -0.904, -1.011, -3.172, -7.742, -14.875, -23.45, -31.06, -35.25, -34.88, -30.69, -24.4, -18.14, -13.69, -12.08, -13.45, -17.67, -24.0, -30.98, -36.8, -40.28, -41.44, -40.72, -38.8, -36.06, -32.72, -28.81, -24.31, -19.22, -13.46, -7.004, 0.2131, 7.977, 15.69, 22.45, 27.52, 30.06, 29.5, 25.7, 19.75, 13.414, 8.38, 5.195, 3.535, 2.693, 2.13, 1.637, 1.252, 1.097, 1.324, 1.912, 2.686, 3.305, 3.348, 2.53, 0.9365, -0.814
-2.562, -2.451, -1.477, -0.0454, 1.501, 3.139, 5.03, 7.31, 9.836, 12.32, 14.45, 15.9, 16.34, 15.68, 13.89, 11.1, 7.906, 4.945, 2.729, 1.438, 1.048, 1.412, 2.2, 3.02, 3.562, 3.746, 3.604, 3.156, 2.348, 1.0205, -1.1875, -4.727, -9.586, -14.984, -19.42, -21.53, -20.86, -17.98, -13.91, -9.56, -5.562, -2.264, 0.3538, 2.37, 3.924, 5.195, 6.266, 7.234, 8.02, 8.64, 9.07, 9.28, 9.23, 8.94, 8.29, 7.31, 6.023, 4.59, 3.254, 2.256, 1.829, 1.994, 2.443, 2.734, 2.535, 1.826, 0.7666, -0.592, -2.33, -4.562, -7.18, -9.92, -12.32, -13.98, -14.65, -14.23, -12.875, -10.77, -8.2, -5.363, -2.49, 0.3337, 3.078, 5.7, 8.15, 10.336, 12.086, 13.19, 13.51, 12.83, 11.18, 8.734, 6.05, 3.611, 1.88, 0.9243, 0.5176, 0.329, 0.1458, -0.11725, -0.3833, -0.534, -0.5044, -0.285, 0.02808, 0.3289, 0.505, 0.579, 0.6035, 0.6875, 0.8765, 1.145, 1.439, 1.674, 1.8545, 1.974, 2.078, 2.19, 2.383, 2.672, 3.06, 3.527, 3.945, 4.273, 4.414, 4.34, 4.12, 3.719, 3.264, 2.818, 2.498, 2.326, 2.145, 1.756, 1.011, -0.1179, -1.598, -3.29, -4.707, -5.344, -4.89, -3.488, -1.689, -0.1992, 0.4272, -0.04443, -1.713, -4.844, -9.9, -16.55, -22.94, -27.06, -27.69, -25.17, -20.89, -16.38, -13.02, -11.51, -12.07, -14.84, -19.53, -25.03, -29.94, -33.03, -34.28, -33.72, -31.94, -29.4, -26.33, -22.81, -18.84, -14.46, -9.51, -4.027, 2.018, 8.36, 14.37, 19.39, 22.56, 23.33, 21.28, 16.77, 11.15, 6.105, 2.594, 0.752, 0.1328, 0.1294, 0.33, 0.5283, 0.677, 0.789, 0.909, 1.045, 1.199, 1.282, 1.119, 0.5215, -0.544, -1.78
-2.953, -2.582, -1.722, -0.666, 0.316, 1.202, 2.125, 3.242, 4.484, 5.75, 6.71, 7.246, 7.164, 6.453, 5.176, 3.533, 1.8545, 0.4849, -0.4023, -0.857, -0.9805, -0.854, -0.5454, -0.1381, 0.2603, 0.589, 0.7847, 0.7773, 0.5254, -0.01709, -1.004, -2.701, -5.316, -8.63, -11.875, -14.125, -14.75, -13.86, -11.805, -9.24, -6.598, -4.203, -2.242, -0.6855, 0.5337, 1.5625, 2.414, 3.096, 3.54, 3.713, 3.7, 3.527, 3.28, 2.941, 2.482, 1.8545, 1.15, 0.46, -0.11816, -0.5054, -0.664, -0.566, -0.3325, -0.131, -0.0947, -0.273, -0.61, -1.124, -1.896, -2.969, -4.32, -5.773, -7.164, -8.24, -8.9, -8.96, -8.49, -7.566, -6.23, -4.613, -2.795, -0.846, 1.153, 3.098, 4.855, 6.246, 7.13, 7.312, 6.844, 5.664, 3.96, 1.998, 0.06934, -1.479, -2.434, -2.803, -2.71, -2.408, -2.072, -1.822, -1.67, -1.558, -1.416, -1.231, -1.052, -0.9507, -0.969, -1.076, -1.164, -1.124, -0.9424, -0.6777, -0.4373, -0.3303, -0.3857, -0.559, -0.793, -0.9917, -1.076, -1.004, -0.7705, -0.413, -0.0353, 0.2803, 0.4365, 0.4485, 0.3452, 0.1428, -0.09375, -0.2988, -0.4321, -0.4666, -0.46, -0.543, -0.783, -1.159, -1.63, -2.146, -2.559, -2.654, -2.316, -1.633, -0.8945, -0.3977, -0.3738, -0.812, -1.691, -3.209, -5.8, -9.55, -13.67, -16.81, -17.88, -16.95, -14.64, -12.02, -9.86, -8.6, -8.52, -9.8, -12.35, -15.61, -18.83, -21.23, -22.44, -22.47, -21.4, -19.72, -17.61, -15.07, -12.27, -9.02, -5.375, -1.349, 2.926, 7.117, 10.766, 13.305, 14.19, 13.19, 10.445, 6.6, 2.736, -0.2219, -1.959, -2.537, -2.371, -1.8125, -1.111, -0.4302, 0.1115, 0.4443, 0.51, 0.3066, -0.084, -0.5586, -1.064, -1.602, -2.197, -2.738
-3.297, -2.707, -1.971, -1.332, -0.9316, -0.7627, -0.709, -0.66, -0.579, -0.5205, -0.528, -0.6543, -0.856, -1.12, -1.404, -1.68, -1.897, -2.021, -2.055, -2.113, -2.238, -2.436, -2.594, -2.578, -2.336, -1.928, -1.549, -1.322, -1.335, -1.526, -1.869, -2.357, -3.072, -4.062, -5.22, -6.297, -7.004, -7.133, -6.69, -5.824, -4.707, -3.588, -2.66, -1.987, -1.473, -1.032, -0.6934, -0.5234, -0.5557, -0.7676, -1.095, -1.381, -1.609, -1.753, -1.86, -1.989, -2.088, -2.16, -2.203, -2.27, -2.34, -2.428, -2.477, -2.404, -2.252, -2.066, -1.941, -1.991, -2.266, -2.723, -3.27, -3.76, -4.11, -4.324, -4.45, -4.508, -4.516, -4.47, -4.324, -3.996, -3.422, -2.605, -1.611, -0.5684, 0.3467, 0.9277, 1.119, 0.7866, 0.1211, -0.774, -1.813, -2.885, -3.889, -4.7, -5.18, -5.25, -4.906, -4.3, -3.59, -2.977, -2.53, -2.252, -2.066, -1.943, -1.884, -1.949, -2.14, -2.39, -2.582, -2.6, -2.414, -2.129, -1.896, -1.855, -2.049, -2.414, -2.857, -3.256, -3.535, -3.623, -3.541, -3.29, -3.01, -2.775, -2.668, -2.664, -2.77, -2.926, -3.088, -3.186, -3.197, -3.092, -2.92, -2.764, -2.71, -2.738, -2.803, -2.836, -2.826, -2.77, -2.645, -2.537, -2.445, -2.445, -2.508, -2.59, -2.744, -3.08, -3.828, -5.094, -6.625, -7.934, -8.57, -8.36, -7.59, -6.65, -5.93, -5.508, -5.445, -5.785, -6.438, -7.363, -8.32, -9.19, -9.7, -9.71, -9.266, -8.52, -7.574, -6.45, -5.164, -3.701, -2.084, -0.3516, 1.33, 2.771, 3.71, 3.982, 3.53, 2.312, 0.595, -1.234, -2.848, -3.875, -4.285, -4.145, -3.654, -2.965, -2.146, -1.324, -0.6255, -0.1626, -0.06836, -0.3906, -1.047, -1.836, -2.578, -3.145, -3.477, -3.545
