-3.252, -3.193, -3.09, -2.89, -2.746, -2.688, -2.615, -2.635, -2.785, -2.975, -3.143, -3.305, -3.473, -3.604, -3.756, -3.867, -3.941, -4.01, -4.047, -3.992, -3.916, -3.752, -3.58, -3.344, -3.135, -2.963, -2.805, -2.69, -2.668, -2.67, -2.648, -2.646, -2.537, -2.42, -2.299, -2.18, -2.078, -2.047, -2.06, -2.072, -2.084, -2.12, -2.178, -2.236, -2.293, -2.377, -2.436, -2.49, -2.547, -2.61, -2.7, -2.791, -2.896, -3.014, -3.152, -3.285, -3.402, -3.512, -3.486, -3.479, -3.424, -3.33, -3.191, -3.023, -2.848, -2.654, -2.531, -2.436, -2.398, -2.4, -2.379, -2.291, -2.188, -2.057, -1.888, -1.768, -1.75, -1.796, -1.84, -1.932, -1.935, -1.972, -2.016, -2.025, -2.078, -2.125, -2.219, -2.314, -2.389, -2.414, -2.459, -2.53, -2.662, -2.84, -2.994, -3.123, -3.283, -3.36, -3.438, -3.537, -3.592, -3.633, -3.646, -3.648, -3.58, -3.559, -3.53, -3.555, -3.648, -3.715, -3.854, -3.982, -4.12, -4.27, -4.406, -4.594, -4.72, -4.8, -4.832, -4.793, -4.62, -4.363, -4.066, -3.705, -3.363, -3.078, -2.844, -2.645, -2.525, -2.422, -2.334, -2.254, -2.17, -2.088, -2.092, -2.053, -2.004, -1.952, -1.897, -1.872, -1.854, -1.829, -1.796, -1.764, -1.756, -1.756, -1.769, -1.828, -1.939, -2.012, -2.104, -2.172, -2.307, -2.422, -2.537, -2.611, -2.656, -2.703, -2.775, -2.799, -2.824, -2.838, -2.871, -2.924, -2.926, -2.904, -2.852, -2.854, -2.771, -2.701, -2.639, -2.586, -2.562, -2.633, -2.68, -2.723, -2.783, -2.854, -2.967, -3.072, -3.164, -3.201, -3.314, -3.447, -3.582, -3.748, -3.834, -3.924, -4.0, -4.125, -4.2, -4.258, -4.367, -4.453, -4.445, -4.332, -4.113, -3.795, -3.516, -3.352
-2.314, -1.862, -1.23, -0.4739, 0.0982, 0.3691, 0.3748, 0.1158, -0.4023, -1.019, -1.691, -2.355, -3.004, -3.602, -4.086, -4.55, -4.906, -5.215, -5.434, -5.547, -5.465, -5.16, -4.676, -4.027, -3.28, -2.512, -1.791, -1.271, -1.009, -0.908, -0.732, -0.481, -0.0879, 0.3496, 0.7676, 1.064, 1.214, 1.204, 1.1, 0.937, 0.7393, 0.5166, 0.2993, 0.0756, -0.2051, -0.4626, -0.719, -1.01, -1.341, -1.689, -2.072, -2.477, -2.912, -3.324, -3.717, -4.1, -4.453, -4.73, -4.836, -4.87, -4.758, -4.5, -4.066, -3.492, -2.82, -2.076, -1.437, -0.9707, -0.7114, -0.609, -0.4265, -0.1356, 0.3132, 0.8706, 1.356, 1.667, 1.816, 1.663, 1.417, 1.152, 0.898, 0.657, 0.3943, 0.1119, -0.1552, -0.4216, -0.7856, -1.148, -1.493, -1.858, -2.254, -2.691, -3.184, -3.664, -4.15, -4.61, -5.04, -5.3, -5.535, -5.684, -5.836, -5.895, -5.887, -5.78, -5.57, -5.395, -5.293, -5.293, -5.383, -5.562, -5.832, -6.125, -6.42, -6.76, -7.098, -7.492, -7.883, -8.2, -8.38, -8.44, -8.16, -7.45, -6.555, -5.484, -4.37, -3.28, -2.377, -1.625, -1.041, -0.6304, -0.3337, -0.083, 0.185, 0.3748, 0.4758, 0.6353, 0.7305, 0.815, 0.936, 1.004, 1.11, 1.25, 1.338, 1.37, 1.348, 1.262, 1.154, 0.9575, 0.652, 0.3816, 0.1288, -0.0894, -0.3435, -0.637, -0.895, -1.149, -1.35, -1.525, -1.638, -1.769, -1.883, -1.931, -1.989, -2.023, -1.962, -1.834, -1.637, -1.3955, -1.1, -0.84, -0.6045, -0.4487, -0.4148, -0.5405, -0.7666, -1.031, -1.29, -1.593, -1.896, -2.176, -2.49, -2.805, -3.139, -3.518, -3.924, -4.3, -4.598, -4.848, -5.09, -5.367, -5.6, -5.867, -6.12, -6.37, -6.445, -6.21, -5.574, -4.617, -3.6, -2.812
-1.023, 0.215, 1.671, 3.16, 4.137, 4.426, 4.01, 3.252, 2.121, 0.9194, -0.3064, -1.534, -2.72, -3.791, -4.7, -5.48, -6.117, -6.633, -7.098, -7.414, -7.508, -7.31, -6.695, -5.695, -4.375, -2.842, -1.313, -0.02881, 0.8716, 1.424, 1.971, 2.525, 3.346, 4.164, 4.887, 5.36, 5.53, 5.41, 4.96, 4.45, 3.922, 3.379, 2.92, 2.451, 1.955, 1.408, 0.859, 0.291, -0.387, -1.069, -1.775, -2.494, -3.225, -3.912, -4.582, -5.184, -5.74, -6.21, -6.516, -6.68, -6.656, -6.363, -5.84, -4.98, -3.766, -2.307, -0.8384, 0.4373, 1.292, 1.774, 2.258, 2.94, 3.855, 4.895, 5.77, 6.3, 6.434, 6.023, 5.387, 4.684, 4.023, 3.473, 2.953, 2.402, 1.774, 1.163, 0.4768, -0.2323, -0.936, -1.672, -2.465, -3.291, -4.12, -4.934, -5.73, -6.43, -7.01, -7.375, -7.684, -7.81, -7.887, -7.863, -7.703, -7.402, -7.027, -6.676, -6.477, -6.418, -6.53, -6.785, -7.156, -7.574, -8.055, -8.56, -9.15, -9.805, -10.5, -11.19, -11.79, -12.21, -12.23, -11.7, -10.61, -9.055, -7.164, -5.137, -3.197, -1.498, -0.1163, 0.944, 1.738, 2.342, 2.848, 3.264, 3.514, 3.814, 4.03, 4.305, 4.562, 4.754, 5.0, 5.223, 5.426, 5.49, 5.44, 5.25, 4.996, 4.582, 4.08, 3.633, 3.148, 2.69, 2.217, 1.764, 1.335, 0.9243, 0.598, 0.312, 0.0941, -0.10266, -0.2351, -0.3638, -0.4011, -0.3872, -0.2311, 0.06064, 0.4644, 0.92, 1.443, 1.902, 2.168, 2.32, 2.229, 1.893, 1.36, 0.768, 0.1746, -0.4236, -1.002, -1.52, -2.076, -2.645, -3.207, -3.81, -4.387, -4.906, -5.305, -5.61, -5.906, -6.18, -6.453, -6.8, -7.242, -7.723, -8.09, -8.12, -7.367, -5.92, -4.066, -2.352
0.4773, 2.686, 5.0, 7.086, 8.24, 8.234, 7.36, 5.973, 4.234, 2.492, 0.749, -0.9673, -2.611, -4.047, -5.176, -6.13, -6.863, -7.477, -8.03, -8.55, -8.87, -8.91, -8.55, -7.605, -6.11, -4.098, -1.808, 0.431, 2.314, 3.6, 4.656, 5.67, 6.793, 8.01, 8.98, 9.48, 9.56, 9.14, 8.266, 7.324, 6.39, 5.6, 4.89, 4.203, 3.438, 2.629, 1.81, 0.9688, 0.03647, -0.9067, -1.823, -2.746, -3.596, -4.4, -5.133, -5.82, -6.453, -7.0, -7.445, -7.777, -7.938, -7.86, -7.53, -6.727, -5.39, -3.473, -1.198, 1.091, 2.877, 4.062, 5.07, 6.203, 7.63, 9.055, 10.2, 10.77, 10.66, 9.95, 8.84, 7.676, 6.68, 5.81, 4.945, 4.125, 3.223, 2.26, 1.241, 0.1769, -0.9087, -1.974, -3.078, -4.22, -5.28, -6.316, -7.168, -7.88, -8.34, -8.58, -8.66, -8.54, -8.35, -8.02, -7.598, -7.04, -6.49, -6.043, -5.8, -5.79, -5.96, -6.336, -6.816, -7.406, -8.03, -8.73, -9.48, -10.266, -11.2, -12.2, -13.16, -14.05, -14.64, -14.71, -14.12, -12.77, -10.734, -8.28, -5.594, -2.975, -0.6816, 1.2295, 2.717, 3.879, 4.83, 5.547, 6.098, 6.62, 7.027, 7.42, 7.836, 8.3, 8.73, 9.1, 9.37, 9.484, 9.445, 9.11, 8.695, 8.09, 7.406, 6.76, 6.15, 5.465, 4.836, 4.246, 3.664, 3.158, 2.717, 2.348, 2.08, 1.858, 1.711, 1.56, 1.571, 1.689, 1.965, 2.371, 2.95, 3.574, 4.242, 4.74, 4.93, 4.895, 4.54, 3.855, 2.98, 2.021, 1.13, 0.3057, -0.447, -1.142, -1.9, -2.64, -3.36, -4.016, -4.617, -5.086, -5.395, -5.582, -5.734, -5.86, -6.043, -6.332, -6.848, -7.574, -8.39, -8.91, -8.52, -7.008, -4.574, -1.94
2.035, 5.16, 8.14, 10.58, 11.836, 11.67, 10.37, 8.41, 6.066, 3.85, 1.731, -0.3901, -2.38, -4.016, -5.297, -6.203, -6.918, -7.48, -8.03, -8.58, -9.086, -9.414, -9.43, -8.88, -7.652, -5.645, -3.004, -0.11646, 2.62, 4.91, 6.727, 8.25, 9.72, 11.1, 12.22, 12.73, 12.64, 11.914, 10.766, 9.516, 8.28, 7.28, 6.35, 5.438, 4.496, 3.412, 2.332, 1.271, 0.1691, -0.938, -1.965, -2.93, -3.773, -4.48, -5.086, -5.684, -6.242, -6.76, -7.234, -7.656, -8.03, -8.27, -8.31, -7.92, -6.86, -4.953, -2.299, 0.723, 3.555, 5.76, 7.473, 9.086, 10.83, 12.555, 13.914, 14.52, 14.16, 13.16, 11.67, 10.18, 8.83, 7.707, 6.637, 5.523, 4.355, 3.082, 1.717, 0.3071, -1.103, -2.479, -3.865, -5.234, -6.465, -7.5, -8.234, -8.664, -8.8, -8.6, -8.2, -7.652, -7.004, -6.3, -5.516, -4.75, -4.145, -3.758, -3.652, -3.86, -4.24, -4.793, -5.504, -6.28, -7.1, -7.914, -8.74, -9.59, -10.51, -11.53, -12.66, -13.8, -14.82, -15.49, -15.63, -15.016, -13.5, -11.27, -8.555, -5.633, -2.734, -0.1142, 2.104, 3.906, 5.418, 6.594, 7.574, 8.44, 9.18, 9.83, 10.5, 11.12, 11.71, 12.28, 12.68, 12.88, 12.87, 12.52, 11.96, 11.26, 10.44, 9.57, 8.81, 8.06, 7.312, 6.65, 5.99, 5.375, 4.844, 4.39, 4.08, 3.86, 3.648, 3.566, 3.629, 3.838, 4.242, 4.78, 5.4, 6.184, 6.89, 7.293, 7.332, 7.023, 6.38, 5.43, 4.2, 2.957, 1.781, 0.7666, -0.1088, -0.9243, -1.788, -2.62, -3.357, -3.98, -4.49, -4.766, -4.88, -4.87, -4.81, -4.73, -4.742, -4.92, -5.43, -6.344, -7.48, -8.49, -8.57, -7.33, -4.75, -1.342
3.428, 7.258, 10.71, 13.45, 14.81, 14.484, 12.85, 10.35, 7.625, 5.06, 2.627, 0.2344, -1.96, -3.803, -5.082, -5.91, -6.535, -7.0, -7.445, -7.965, -8.49, -8.98, -9.305, -9.18, -8.39, -6.805, -4.332, -1.292, 1.928, 4.984, 7.625, 9.82, 11.66, 13.21, 14.34, 14.88, 14.66, 13.81, 12.52, 11.09, 9.734, 8.55, 7.477, 6.414, 5.23, 3.965, 2.688, 1.474, 0.2708, -0.9336, -2.008, -2.922, -3.639, -4.152, -4.57, -4.973, -5.39, -5.83, -6.27, -6.766, -7.266, -7.754, -8.15, -8.2, -7.62, -6.113, -3.63, -0.376, 3.13, 6.305, 8.86, 11.08, 13.13, 15.06, 16.53, 17.2, 16.86, 15.64, 13.984, 12.266, 10.76, 9.414, 8.1, 6.746, 5.305, 3.717, 2.041, 0.368, -1.358, -3.012, -4.566, -6.027, -7.27, -8.16, -8.72, -8.82, -8.5, -7.793, -6.867, -5.82, -4.777, -3.746, -2.74, -1.906, -1.367, -1.182, -1.386, -1.888, -2.568, -3.393, -4.312, -5.277, -6.22, -7.12, -7.973, -8.766, -9.59, -10.48, -11.51, -12.625, -13.74, -14.73, -15.39, -15.47, -14.7, -13.15, -10.836, -8.15, -5.188, -2.348, 0.2274, 2.445, 4.402, 6.07, 7.51, 8.87, 10.06, 11.12, 12.09, 13.0, 13.88, 14.6, 15.15, 15.47, 15.49, 15.16, 14.64, 13.89, 13.04, 12.16, 11.3, 10.48, 9.66, 8.91, 8.24, 7.55, 6.957, 6.504, 6.11, 5.797, 5.61, 5.57, 5.688, 6.02, 6.426, 7.098, 7.773, 8.51, 9.16, 9.47, 9.38, 8.84, 7.934, 6.664, 5.168, 3.693, 2.336, 1.188, 0.2335, -0.672, -1.639, -2.537, -3.268, -3.791, -4.11, -4.223, -4.16, -3.97, -3.748, -3.53, -3.4, -3.506, -3.98, -4.902, -6.125, -7.316, -7.715, -6.8, -4.285, -0.6055
4.58, 8.8, 12.56, 15.44, 16.89, 16.47, 14.55, 11.695, 8.64, 5.88, 3.293, 0.803, -1.454, -3.326, -4.598, -5.43, -5.945, -6.336, -6.75, -7.18, -7.7, -8.21, -8.586, -8.73, -8.37, -7.254, -5.31, -2.633, 0.562, 3.91, 7.156, 9.91, 12.18, 13.945, 15.14, 15.73, 15.5, 14.64, 13.32, 11.99, 10.7, 9.516, 8.33, 7.098, 5.74, 4.293, 2.912, 1.628, 0.3796, -0.8433, -1.892, -2.693, -3.232, -3.557, -3.783, -4.04, -4.387, -4.773, -5.203, -5.727, -6.285, -6.914, -7.484, -7.82, -7.652, -6.625, -4.617, -1.688, 1.886, 5.613, 9.01, 11.88, 14.3, 16.42, 18.0, 18.67, 18.33, 17.17, 15.47, 13.71, 12.125, 10.67, 9.29, 7.76, 6.066, 4.215, 2.307, 0.3281, -1.594, -3.393, -5.03, -6.46, -7.59, -8.3, -8.55, -8.39, -7.72, -6.656, -5.31, -3.898, -2.564, -1.341, -0.2883, 0.5, 0.86, 0.7603, 0.2468, -0.555, -1.516, -2.549, -3.621, -4.695, -5.72, -6.67, -7.527, -8.28, -8.98, -9.67, -10.484, -11.42, -12.414, -13.43, -14.305, -14.75, -14.55, -13.64, -11.98, -9.72, -7.133, -4.42, -1.855, 0.4277, 2.559, 4.48, 6.234, 7.87, 9.45, 10.93, 12.305, 13.66, 14.86, 15.875, 16.58, 17.02, 17.14, 16.9, 16.36, 15.75, 15.016, 14.18, 13.37, 12.64, 11.81, 11.05, 10.29, 9.64, 9.01, 8.5, 8.086, 7.734, 7.547, 7.547, 7.75, 8.055, 8.625, 9.27, 9.99, 10.65, 11.19, 11.35, 11.09, 10.305, 9.13, 7.605, 5.895, 4.23, 2.766, 1.559, 0.5493, -0.4246, -1.484, -2.432, -3.166, -3.553, -3.725, -3.707, -3.54, -3.293, -3.006, -2.719, -2.502, -2.508, -2.912, -3.693, -4.777, -5.84, -6.33, -5.582, -3.29, 0.3333
5.254, 9.41, 13.26, 16.22, 17.66, 17.19, 15.086, 12.164, 9.13, 6.316, 3.754, 1.298, -0.985, -2.797, -4.047, -4.83, -5.34, -5.707, -6.08, -6.492, -6.938, -7.39, -7.773, -7.953, -7.8, -7.082, -5.656, -3.5, -0.736, 2.371, 5.613, 8.59, 11.1, 13.03, 14.39, 15.06, 15.01, 14.375, 13.37, 12.23, 11.15, 10.07, 8.875, 7.53, 6.02, 4.48, 3.07, 1.74, 0.5117, -0.6694, -1.619, -2.262, -2.604, -2.787, -2.92, -3.145, -3.45, -3.854, -4.305, -4.836, -5.402, -6.05, -6.65, -7.07, -7.133, -6.535, -5.086, -2.727, 0.4875, 4.145, 7.83, 11.09, 13.92, 16.27, 17.9, 18.67, 18.45, 17.39, 15.86, 14.38, 12.914, 11.59, 10.164, 8.54, 6.66, 4.605, 2.475, 0.3105, -1.73, -3.639, -5.312, -6.656, -7.59, -8.07, -8.09, -7.71, -6.824, -5.574, -4.074, -2.467, -0.97, 0.3247, 1.376, 2.05, 2.252, 1.937, 1.2, 0.2076, -0.8984, -2.037, -3.174, -4.32, -5.406, -6.387, -7.273, -8.04, -8.66, -9.21, -9.8, -10.484, -11.26, -12.09, -12.875, -13.42, -13.51, -13.055, -11.95, -10.24, -8.18, -5.8, -3.486, -1.268, 0.837, 2.74, 4.492, 6.2, 7.91, 9.62, 11.28, 12.93, 14.51, 15.766, 16.75, 17.38, 17.56, 17.52, 17.19, 16.77, 16.25, 15.586, 14.984, 14.375, 13.64, 12.96, 12.28, 11.62, 11.01, 10.46, 9.99, 9.664, 9.484, 9.516, 9.66, 10.04, 10.586, 11.23, 11.92, 12.516, 12.93, 12.91, 12.38, 11.4, 10.016, 8.195, 6.35, 4.586, 3.084, 1.886, 0.8154, -0.2256, -1.331, -2.34, -3.008, -3.346, -3.434, -3.355, -3.145, -2.906, -2.613, -2.283, -1.972, -1.854, -2.057, -2.598, -3.418, -4.26, -4.62, -3.986, -1.978, 1.31
5.562, 9.2, 12.74, 15.51, 16.89, 16.48, 14.56, 11.89, 9.11, 6.46, 3.922, 1.529, -0.6377, -2.338, -3.465, -4.24, -4.773, -5.113, -5.47, -5.875, -6.27, -6.625, -6.95, -7.13, -7.027, -6.527, -5.516, -3.9, -1.707, 0.934, 3.785, 6.508, 8.97, 10.97, 12.51, 13.414, 13.65, 13.375, 12.81, 12.08, 11.27, 10.27, 9.1, 7.723, 6.164, 4.61, 3.176, 1.858, 0.67, -0.408, -1.222, -1.677, -1.884, -1.98, -2.105, -2.342, -2.682, -3.105, -3.557, -4.055, -4.605, -5.195, -5.777, -6.2, -6.36, -6.03, -5.043, -3.252, -0.6978, 2.49, 5.887, 9.21, 12.055, 14.51, 16.3, 17.23, 17.23, 16.58, 15.57, 14.45, 13.32, 12.11, 10.7, 9.02, 7.09, 4.883, 2.57, 0.3086, -1.831, -3.799, -5.46, -6.69, -7.434, -7.73, -7.625, -7.1, -6.137, -4.836, -3.342, -1.732, -0.2532, 1.023, 2.047, 2.707, 2.885, 2.543, 1.747, 0.668, -0.4832, -1.651, -2.822, -4.0, -5.105, -6.09, -7.004, -7.805, -8.41, -8.87, -9.305, -9.74, -10.26, -10.91, -11.47, -11.95, -12.12, -11.85, -11.13, -9.94, -8.32, -6.395, -4.438, -2.42, -0.4465, 1.316, 2.963, 4.598, 6.266, 7.977, 9.734, 11.5, 13.24, 14.72, 15.91, 16.75, 17.17, 17.33, 17.27, 17.02, 16.78, 16.42, 16.08, 15.61, 15.14, 14.57, 13.94, 13.4, 12.79, 12.33, 11.89, 11.586, 11.42, 11.44, 11.625, 11.945, 12.484, 13.05, 13.69, 14.14, 14.32, 14.08, 13.35, 12.086, 10.375, 8.45, 6.492, 4.723, 3.275, 2.08, 0.987, -0.1012, -1.242, -2.223, -2.88, -3.172, -3.242, -3.162, -2.982, -2.768, -2.47, -2.07, -1.638, -1.315, -1.264, -1.54, -2.062, -2.639, -2.832, -2.232, -0.574, 2.236
5.56, 8.45, 11.36, 13.73, 15.01, 14.75, 13.27, 11.06, 8.74, 6.344, 3.943, 1.6455, -0.3604, -1.909, -2.963, -3.703, -4.227, -4.61, -4.953, -5.305, -5.656, -5.97, -6.21, -6.36, -6.273, -5.87, -5.066, -3.838, -2.11, -0.01353, 2.309, 4.637, 6.81, 8.734, 10.29, 11.38, 12.01, 12.22, 12.125, 11.76, 11.16, 10.27, 9.11, 7.707, 6.15, 4.637, 3.25, 1.991, 0.8555, -0.0929, -0.7256, -1.031, -1.17, -1.241, -1.387, -1.667, -2.018, -2.43, -2.855, -3.3, -3.78, -4.316, -4.848, -5.305, -5.51, -5.34, -4.656, -3.336, -1.367, 1.134, 4.023, 6.875, 9.57, 11.97, 13.81, 15.016, 15.42, 15.24, 14.766, 14.16, 13.36, 12.37, 11.055, 9.39, 7.367, 5.055, 2.65, 0.3318, -1.912, -3.92, -5.52, -6.656, -7.33, -7.535, -7.336, -6.766, -5.848, -4.594, -3.174, -1.709, -0.3, 0.9297, 1.965, 2.713, 3.047, 2.824, 2.068, 1.004, -0.1694, -1.336, -2.516, -3.715, -4.824, -5.8, -6.723, -7.535, -8.16, -8.586, -8.914, -9.19, -9.484, -9.86, -10.266, -10.62, -10.734, -10.54, -10.01, -9.14, -7.914, -6.453, -4.793, -3.059, -1.328, 0.2659, 1.806, 3.377, 4.914, 6.547, 8.26, 10.03, 11.78, 13.32, 14.62, 15.664, 16.31, 16.7, 16.89, 16.89, 16.88, 16.84, 16.73, 16.5, 16.23, 15.81, 15.336, 14.88, 14.5, 14.03, 13.7, 13.445, 13.29, 13.28, 13.46, 13.78, 14.18, 14.7, 15.18, 15.45, 15.32, 14.81, 13.74, 12.195, 10.32, 8.3, 6.37, 4.676, 3.297, 2.16, 1.098, -0.03662, -1.202, -2.182, -2.793, -3.066, -3.14, -3.104, -2.979, -2.781, -2.445, -1.939, -1.371, -0.816, -0.5034, -0.4978, -0.798, -1.112, -1.169, -0.6147, 0.732, 2.908
5.273, 7.426, 9.71, 11.57, 12.7, 12.68, 11.68, 10.08, 8.195, 6.07, 3.82, 1.648, -0.1665, -1.511, -2.473, -3.195, -3.756, -4.168, -4.496, -4.84, -5.152, -5.43, -5.61, -5.72, -5.594, -5.234, -4.56, -3.555, -2.193, -0.521, 1.367, 3.297, 5.18, 6.945, 8.47, 9.72, 10.63, 11.195, 11.46, 11.36, 10.914, 10.09, 8.97, 7.582, 6.07, 4.6, 3.285, 2.125, 1.085, 0.2756, -0.1953, -0.4043, -0.5054, -0.6006, -0.7925, -1.096, -1.447, -1.812, -2.201, -2.582, -2.98, -3.441, -3.945, -4.406, -4.676, -4.652, -4.156, -3.2, -1.687, 0.2964, 2.549, 4.95, 7.293, 9.52, 11.41, 12.79, 13.63, 13.94, 13.984, 13.75, 13.26, 12.43, 11.22, 9.57, 7.5, 5.12, 2.674, 0.2964, -2.014, -4.043, -5.61, -6.695, -7.297, -7.465, -7.28, -6.777, -5.945, -4.848, -3.588, -2.242, -0.923, 0.313, 1.414, 2.363, 2.945, 2.932, 2.26, 1.216, 0.042, -1.128, -2.312, -3.504, -4.6, -5.562, -6.453, -7.26, -7.883, -8.32, -8.586, -8.766, -8.94, -9.13, -9.336, -9.53, -9.58, -9.4, -8.984, -8.28, -7.33, -6.152, -4.836, -3.396, -1.919, -0.4678, 0.9824, 2.426, 3.89, 5.434, 7.09, 8.82, 10.52, 12.086, 13.43, 14.57, 15.414, 16.05, 16.42, 16.61, 16.78, 16.9, 17.02, 17.05, 16.94, 16.69, 16.45, 16.16, 15.9, 15.62, 15.33, 15.07, 15.0, 14.97, 15.2, 15.47, 15.8, 16.17, 16.39, 16.28, 15.875, 14.97, 13.61, 11.81, 9.875, 7.836, 5.99, 4.445, 3.17, 2.129, 1.09, -0.05533, -1.231, -2.176, -2.762, -3.047, -3.15, -3.133, -3.037, -2.832, -2.434, -1.839, -1.087, -0.34, 0.1865, 0.3967, 0.366, 0.2064, 0.2644, 0.734, 1.726, 3.355
4.805, 6.4, 8.09, 9.61, 10.61, 10.82, 10.26, 9.1, 7.57, 5.66, 3.553, 1.5625, -0.01261, -1.178, -2.064, -2.77, -3.328, -3.734, -4.117, -4.453, -4.758, -4.977, -5.105, -5.156, -5.016, -4.664, -4.07, -3.2, -2.062, -0.723, 0.82, 2.459, 4.12, 5.67, 7.18, 8.46, 9.53, 10.33, 10.79, 10.875, 10.53, 9.77, 8.68, 7.355, 5.91, 4.555, 3.32, 2.242, 1.331, 0.667, 0.3257, 0.1705, 0.0755, -0.0789, -0.313, -0.5933, -0.907, -1.256, -1.613, -1.928, -2.229, -2.598, -3.053, -3.523, -3.88, -3.99, -3.705, -2.97, -1.779, -0.2274, 1.613, 3.535, 5.562, 7.625, 9.4, 10.96, 12.07, 12.8, 13.2, 13.31, 13.055, 12.36, 11.195, 9.57, 7.438, 5.03, 2.574, 0.137, -2.21, -4.188, -5.69, -6.734, -7.34, -7.54, -7.43, -7.0, -6.277, -5.332, -4.246, -3.021, -1.739, -0.4785, 0.7495, 1.94, 2.785, 2.943, 2.354, 1.303, 0.1302, -1.038, -2.215, -3.38, -4.42, -5.37, -6.24, -7.023, -7.652, -8.086, -8.33, -8.47, -8.56, -8.65, -8.74, -8.8, -8.76, -8.57, -8.18, -7.594, -6.82, -5.88, -4.766, -3.545, -2.275, -0.9697, 0.3687, 1.744, 3.162, 4.652, 6.22, 7.895, 9.53, 11.086, 12.484, 13.71, 14.71, 15.46, 16.0, 16.39, 16.64, 16.9, 17.17, 17.31, 17.39, 17.38, 17.3, 17.19, 17.06, 16.88, 16.66, 16.5, 16.45, 16.53, 16.7, 16.92, 17.12, 17.25, 17.12, 16.67, 15.85, 14.63, 12.98, 11.0, 9.01, 7.12, 5.438, 4.098, 3.014, 2.055, 1.031, -0.11597, -1.306, -2.242, -2.805, -3.082, -3.219, -3.223, -3.154, -2.9, -2.424, -1.702, -0.816, 0.0944, 0.815, 1.179, 1.319, 1.306, 1.393, 1.722, 2.385, 3.445
4.29, 5.434, 6.766, 8.02, 8.945, 9.33, 9.1, 8.24, 6.895, 5.16, 3.225, 1.483, 0.1163, -0.8916, -1.713, -2.383, -2.92, -3.365, -3.773, -4.1, -4.38, -4.57, -4.684, -4.715, -4.562, -4.215, -3.672, -2.895, -1.893, -0.719, 0.579, 1.998, 3.457, 4.86, 6.273, 7.55, 8.695, 9.625, 10.18, 10.305, 10.04, 9.34, 8.32, 7.05, 5.73, 4.477, 3.326, 2.338, 1.539, 1.028, 0.794, 0.6606, 0.5405, 0.3442, 0.0876, -0.1884, -0.5, -0.8047, -1.105, -1.36, -1.576, -1.865, -2.262, -2.717, -3.14, -3.39, -3.338, -2.816, -1.876, -0.5903, 0.9536, 2.564, 4.355, 6.21, 7.938, 9.54, 10.86, 11.875, 12.54, 12.836, 12.734, 12.14, 11.04, 9.375, 7.227, 4.8, 2.293, -0.1498, -2.422, -4.336, -5.777, -6.82, -7.445, -7.715, -7.652, -7.32, -6.72, -5.918, -4.926, -3.764, -2.467, -1.156, 0.2494, 1.638, 2.664, 2.912, 2.361, 1.322, 0.1458, -1.026, -2.178, -3.277, -4.293, -5.215, -6.07, -6.83, -7.453, -7.883, -8.125, -8.25, -8.32, -8.375, -8.39, -8.37, -8.266, -8.04, -7.676, -7.152, -6.49, -5.69, -4.727, -3.672, -2.52, -1.312, -0.03857, 1.3125, 2.693, 4.13, 5.594, 7.2, 8.82, 10.34, 11.74, 13.03, 14.15, 15.055, 15.734, 16.23, 16.6, 16.94, 17.22, 17.47, 17.64, 17.8, 17.89, 17.94, 17.94, 17.92, 17.77, 17.72, 17.69, 17.78, 17.83, 17.95, 17.95, 17.8, 17.39, 16.55, 15.36, 13.81, 11.914, 9.875, 7.914, 6.188, 4.8, 3.693, 2.807, 1.91, 0.877, -0.2869, -1.444, -2.332, -2.852, -3.146, -3.309, -3.336, -3.24, -2.951, -2.379, -1.547, -0.5483, 0.4834, 1.322, 1.826, 2.076, 2.152, 2.225, 2.398, 2.773, 3.42
3.883, 4.723, 5.805, 6.9, 7.81, 8.3, 8.22, 7.48, 6.207, 4.625, 2.916, 1.417, 0.253, -0.645, -1.397, -2.027, -2.574, -3.033, -3.453, -3.799, -4.086, -4.234, -4.312, -4.285, -4.145, -3.855, -3.352, -2.64, -1.728, -0.6885, 0.4636, 1.719, 3.045, 4.363, 5.67, 6.906, 8.07, 9.016, 9.57, 9.72, 9.47, 8.84, 7.89, 6.71, 5.52, 4.36, 3.322, 2.43, 1.756, 1.358, 1.181, 1.067, 0.9116, 0.687, 0.4067, 0.11755, -0.1912, -0.477, -0.723, -0.908, -1.065, -1.279, -1.593, -2.025, -2.5, -2.88, -3.02, -2.703, -1.956, -0.8716, 0.47, 1.919, 3.527, 5.203, 6.867, 8.47, 9.914, 11.12, 11.96, 12.37, 12.34, 11.82, 10.69, 8.98, 6.777, 4.348, 1.867, -0.5, -2.664, -4.484, -5.887, -6.91, -7.58, -7.906, -7.94, -7.668, -7.17, -6.43, -5.49, -4.312, -3.008, -1.557, -0.001123, 1.496, 2.576, 2.848, 2.314, 1.2705, 0.0982, -1.064, -2.174, -3.229, -4.21, -5.098, -5.926, -6.652, -7.266, -7.703, -7.965, -8.1, -8.18, -8.2, -8.195, -8.12, -7.98, -7.73, -7.387, -6.9, -6.32, -5.605, -4.777, -3.799, -2.691, -1.519, -0.3005, 1.002, 2.34, 3.75, 5.19, 6.758, 8.32, 9.78, 11.18, 12.51, 13.73, 14.76, 15.586, 16.16, 16.58, 16.92, 17.25, 17.53, 17.8, 18.06, 18.3, 18.47, 18.61, 18.66, 18.61, 18.66, 18.69, 18.67, 18.7, 18.62, 18.4, 17.94, 17.16, 15.91, 14.42, 12.57, 10.555, 8.484, 6.71, 5.285, 4.195, 3.355, 2.596, 1.716, 0.6626, -0.525, -1.628, -2.422, -2.943, -3.256, -3.426, -3.447, -3.32, -2.959, -2.318, -1.4, -0.302, 0.8047, 1.72, 2.305, 2.62, 2.734, 2.754, 2.785, 2.945, 3.305
3.586, 4.26, 5.203, 6.195, 7.043, 7.52, 7.445, 6.75, 5.535, 4.09, 2.615, 1.361, 0.3594, -0.448, -1.136, -1.74, -2.268, -2.734, -3.17, -3.545, -3.812, -3.936, -3.979, -3.92, -3.79, -3.512, -3.09, -2.455, -1.632, -0.669, 0.4207, 1.587, 2.8, 4.03, 5.227, 6.445, 7.574, 8.43, 8.95, 9.09, 8.86, 8.29, 7.414, 6.348, 5.28, 4.24, 3.28, 2.488, 1.951, 1.65, 1.498, 1.389, 1.19, 0.9346, 0.6475, 0.3435, 0.03748, -0.2336, -0.4453, -0.5884, -0.685, -0.8174, -1.046, -1.431, -1.935, -2.42, -2.709, -2.607, -2.05, -1.085, 0.0895, 1.415, 2.924, 4.484, 6.12, 7.723, 9.17, 10.45, 11.375, 11.836, 11.85, 11.32, 10.18, 8.43, 6.22, 3.805, 1.376, -0.9116, -2.963, -4.664, -6.027, -7.066, -7.77, -8.15, -8.234, -8.03, -7.566, -6.848, -5.875, -4.656, -3.24, -1.655, -0.04553, 1.444, 2.494, 2.742, 2.195, 1.181, 0.02687, -1.105, -2.178, -3.209, -4.164, -5.027, -5.82, -6.508, -7.1, -7.535, -7.83, -7.984, -8.07, -8.1, -8.08, -7.977, -7.812, -7.566, -7.242, -6.797, -6.258, -5.586, -4.812, -3.875, -2.822, -1.693, -0.4612, 0.8115, 2.156, 3.537, 4.977, 6.47, 7.953, 9.38, 10.8, 12.16, 13.44, 14.586, 15.54, 16.23, 16.69, 17.02, 17.3, 17.58, 17.9, 18.27, 18.6, 18.86, 19.05, 19.19, 19.25, 19.33, 19.36, 19.3, 19.22, 18.98, 18.5, 17.7, 16.5, 14.96, 13.15, 11.15, 9.06, 7.18, 5.695, 4.617, 3.814, 3.137, 2.396, 1.467, 0.377, -0.7905, -1.819, -2.568, -3.088, -3.393, -3.553, -3.576, -3.4, -2.959, -2.248, -1.253, -0.11633, 1.018, 1.987, 2.68, 3.04, 3.115, 3.064, 2.988, 3.012, 3.182
3.383, 4.004, 4.863, 5.727, 6.457, 6.867, 6.73, 6.043, 4.91, 3.592, 2.334, 1.275, 0.4312, -0.286, -0.941, -1.523, -2.037, -2.484, -2.932, -3.295, -3.58, -3.688, -3.695, -3.605, -3.453, -3.188, -2.805, -2.268, -1.53, -0.667, 0.3396, 1.429, 2.582, 3.727, 4.887, 6.02, 7.066, 7.84, 8.33, 8.484, 8.27, 7.73, 6.94, 6.008, 5.047, 4.09, 3.23, 2.557, 2.121, 1.882, 1.754, 1.613, 1.385, 1.087, 0.781, 0.4739, 0.1577, -0.08923, -0.2832, -0.396, -0.44, -0.4907, -0.6333, -0.9214, -1.37, -1.889, -2.324, -2.441, -2.088, -1.285, -0.2213, 1.0205, 2.412, 3.9, 5.51, 7.12, 8.59, 9.87, 10.805, 11.266, 11.234, 10.64, 9.45, 7.703, 5.523, 3.168, 0.8325, -1.357, -3.27, -4.855, -6.184, -7.24, -7.977, -8.375, -8.484, -8.31, -7.867, -7.14, -6.113, -4.812, -3.314, -1.674, -0.05466, 1.38, 2.336, 2.537, 1.989, 1.026, -0.0671, -1.161, -2.219, -3.23, -4.16, -4.992, -5.74, -6.402, -6.953, -7.383, -7.7, -7.895, -7.99, -8.016, -7.965, -7.875, -7.703, -7.477, -7.18, -6.766, -6.25, -5.59, -4.83, -3.959, -2.912, -1.796, -0.5903, 0.711, 2.066, 3.453, 4.86, 6.293, 7.73, 9.14, 10.53, 11.93, 13.26, 14.484, 15.56, 16.34, 16.84, 17.17, 17.42, 17.7, 18.03, 18.42, 18.78, 19.12, 19.36, 19.56, 19.69, 19.77, 19.75, 19.66, 19.44, 18.95, 18.2, 17.11, 15.58, 13.75, 11.695, 9.586, 7.664, 6.12, 5.016, 4.223, 3.574, 2.957, 2.162, 1.163, 0.02637, -1.116, -2.064, -2.766, -3.25, -3.553, -3.709, -3.7, -3.469, -2.955, -2.16, -1.119, 0.04047, 1.192, 2.201, 2.947, 3.3, 3.36, 3.246, 3.064, 2.994, 3.066
3.244, 3.82, 4.605, 5.37, 5.953, 6.227, 6.016, 5.348, 4.332, 3.18, 2.098, 1.223, 0.4973, -0.1515, -0.7637, -1.324, -1.828, -2.297, -2.707, -3.086, -3.387, -3.498, -3.469, -3.338, -3.127, -2.873, -2.527, -2.066, -1.429, -0.6567, 0.2527, 1.269, 2.357, 3.441, 4.523, 5.58, 6.53, 7.26, 7.684, 7.824, 7.62, 7.125, 6.445, 5.656, 4.81, 3.955, 3.19, 2.613, 2.264, 2.082, 1.938, 1.764, 1.51, 1.177, 0.8286, 0.504, 0.1854, -0.0519, -0.2242, -0.33, -0.333, -0.3066, -0.3352, -0.496, -0.8345, -1.316, -1.824, -2.11, -1.981, -1.384, -0.4512, 0.6953, 1.992, 3.436, 5.02, 6.61, 8.086, 9.36, 10.266, 10.66, 10.53, 9.83, 8.55, 6.844, 4.74, 2.482, 0.2418, -1.794, -3.57, -5.086, -6.402, -7.457, -8.18, -8.586, -8.7, -8.57, -8.15, -7.395, -6.3, -4.95, -3.428, -1.783, -0.2001, 1.171, 2.049, 2.213, 1.711, 0.8384, -0.1663, -1.223, -2.26, -3.26, -4.188, -4.992, -5.707, -6.316, -6.812, -7.22, -7.547, -7.773, -7.895, -7.926, -7.9, -7.812, -7.645, -7.41, -7.133, -6.766, -6.26, -5.637, -4.906, -4.047, -3.037, -1.917, -0.699, 0.616, 1.967, 3.365, 4.75, 6.164, 7.574, 8.98, 10.38, 11.805, 13.18, 14.484, 15.59, 16.44, 16.98, 17.33, 17.6, 17.88, 18.2, 18.58, 18.97, 19.33, 19.61, 19.83, 19.98, 20.05, 20.0, 19.8, 19.39, 18.72, 17.72, 16.31, 14.51, 12.4, 10.195, 8.19, 6.566, 5.406, 4.617, 4.008, 3.43, 2.783, 1.876, 0.8027, -0.3167, -1.409, -2.293, -2.945, -3.406, -3.713, -3.85, -3.799, -3.53, -2.945, -2.086, -1.008, 0.146, 1.32, 2.365, 3.117, 3.5, 3.545, 3.365, 3.111, 2.936, 2.953
3.064, 3.605, 4.332, 5.008, 5.473, 5.625, 5.363, 4.723, 3.803, 2.822, 1.933, 1.188, 0.56, -0.03745, -0.6177, -1.189, -1.701, -2.158, -2.555, -2.898, -3.18, -3.307, -3.252, -3.082, -2.812, -2.547, -2.223, -1.83, -1.29, -0.6343, 0.1582, 1.082, 2.08, 3.098, 4.098, 5.06, 5.926, 6.598, 7.004, 7.113, 6.938, 6.54, 5.973, 5.305, 4.566, 3.81, 3.143, 2.666, 2.39, 2.23, 2.094, 1.88, 1.569, 1.197, 0.824, 0.4722, 0.1381, -0.1209, -0.2896, -0.3828, -0.3538, -0.2507, -0.1428, -0.1549, -0.3416, -0.736, -1.209, -1.598, -1.664, -1.317, -0.5664, 0.439, 1.638, 3.012, 4.535, 6.11, 7.56, 8.805, 9.64, 9.95, 9.67, 8.85, 7.566, 5.918, 3.945, 1.81, -0.2837, -2.186, -3.85, -5.33, -6.637, -7.66, -8.35, -8.78, -8.94, -8.84, -8.45, -7.7, -6.613, -5.266, -3.744, -2.13, -0.5977, 0.71, 1.585, 1.786, 1.38, 0.636, -0.2808, -1.286, -2.328, -3.328, -4.25, -5.043, -5.723, -6.258, -6.68, -7.055, -7.38, -7.645, -7.82, -7.867, -7.832, -7.742, -7.617, -7.4, -7.13, -6.746, -6.258, -5.68, -4.977, -4.133, -3.17, -2.059, -0.8384, 0.4805, 1.849, 3.242, 4.633, 6.023, 7.45, 8.86, 10.32, 11.76, 13.11, 14.42, 15.6, 16.52, 17.11, 17.48, 17.8, 18.08, 18.4, 18.75, 19.12, 19.48, 19.78, 19.98, 20.12, 20.16, 20.05, 19.73, 19.17, 18.31, 17.06, 15.42, 13.375, 11.1, 8.95, 7.203, 5.906, 5.06, 4.457, 3.9, 3.3, 2.54, 1.539, 0.4236, -0.6646, -1.668, -2.496, -3.129, -3.555, -3.86, -3.99, -3.9, -3.58, -2.932, -2.018, -0.9097, 0.274, 1.442, 2.486, 3.232, 3.605, 3.645, 3.428, 3.123, 2.873, 2.832
2.873, 3.375, 4.023, 4.63, 5.008, 5.09, 4.79, 4.176, 3.363, 2.547, 1.813, 1.2, 0.624, 0.0499, -0.51, -1.0625, -1.593, -2.047, -2.44, -2.8, -3.057, -3.16, -3.06, -2.812, -2.51, -2.193, -1.885, -1.541, -1.104, -0.5693, 0.09106, 0.8853, 1.752, 2.67, 3.576, 4.453, 5.215, 5.86, 6.27, 6.4, 6.293, 6.023, 5.582, 5.0, 4.348, 3.686, 3.12, 2.732, 2.498, 2.352, 2.172, 1.929, 1.581, 1.175, 0.7417, 0.3728, 0.02003, -0.268, -0.4634, -0.54, -0.4626, -0.2979, -0.0667, 0.0886, 0.07574, -0.1617, -0.5195, -0.8945, -1.098, -0.9585, -0.449, 0.374, 1.414, 2.668, 4.086, 5.566, 6.98, 8.17, 8.89, 9.06, 8.695, 7.84, 6.574, 4.992, 3.123, 1.147, -0.791, -2.559, -4.145, -5.598, -6.85, -7.824, -8.49, -8.94, -9.14, -9.12, -8.8, -8.09, -7.05, -5.766, -4.3, -2.74, -1.239, 0.06836, 0.9956, 1.316, 1.07, 0.4475, -0.3938, -1.363, -2.393, -3.412, -4.32, -5.1, -5.742, -6.203, -6.566, -6.895, -7.22, -7.5, -7.72, -7.824, -7.824, -7.742, -7.63, -7.434, -7.152, -6.8, -6.348, -5.77, -5.086, -4.246, -3.291, -2.195, -0.989, 0.3005, 1.644, 3.05, 4.46, 5.867, 7.324, 8.75, 10.19, 11.65, 13.055, 14.414, 15.62, 16.58, 17.22, 17.66, 17.98, 18.3, 18.61, 18.95, 19.3, 19.66, 19.94, 20.12, 20.22, 20.2, 20.0, 19.56, 18.86, 17.81, 16.39, 14.56, 12.37, 10.11, 8.17, 6.688, 5.66, 4.977, 4.418, 3.818, 3.098, 2.229, 1.162, 0.01297, -1.029, -1.94, -2.674, -3.256, -3.684, -3.969, -4.09, -3.986, -3.623, -2.908, -1.903, -0.7744, 0.4043, 1.56, 2.537, 3.256, 3.635, 3.676, 3.441, 3.125, 2.807, 2.703
2.732, 3.18, 3.775, 4.297, 4.613, 4.633, 4.316, 3.709, 3.016, 2.34, 1.728, 1.192, 0.6504, 0.1008, -0.46, -1.011, -1.531, -1.975, -2.37, -2.717, -2.963, -3.045, -2.916, -2.625, -2.219, -1.852, -1.521, -1.204, -0.861, -0.4146, 0.11096, 0.75, 1.471, 2.244, 3.037, 3.818, 4.523, 5.16, 5.555, 5.754, 5.754, 5.59, 5.23, 4.74, 4.156, 3.572, 3.104, 2.785, 2.582, 2.426, 2.238, 1.932, 1.547, 1.088, 0.616, 0.2028, -0.1677, -0.4766, -0.6704, -0.7393, -0.645, -0.4224, -0.08307, 0.2451, 0.4285, 0.3948, 0.1821, -0.08435, -0.3022, -0.314, -0.02737, 0.5625, 1.403, 2.463, 3.701, 5.047, 6.305, 7.36, 7.98, 8.1, 7.707, 6.848, 5.613, 4.074, 2.324, 0.505, -1.283, -2.947, -4.45, -5.848, -7.055, -7.957, -8.61, -9.06, -9.34, -9.39, -9.14, -8.53, -7.574, -6.34, -4.914, -3.389, -1.931, -0.609, 0.3933, 0.886, 0.8066, 0.2817, -0.509, -1.465, -2.506, -3.53, -4.43, -5.18, -5.77, -6.16, -6.46, -6.734, -7.027, -7.34, -7.61, -7.77, -7.81, -7.77, -7.66, -7.465, -7.203, -6.906, -6.48, -5.926, -5.227, -4.395, -3.434, -2.379, -1.199, 0.0588, 1.375, 2.771, 4.176, 5.617, 7.117, 8.58, 10.07, 11.59, 13.0, 14.37, 15.62, 16.61, 17.33, 17.84, 18.22, 18.53, 18.84, 19.17, 19.52, 19.84, 20.12, 20.28, 20.31, 20.25, 19.97, 19.39, 18.52, 17.3, 15.69, 13.74, 11.52, 9.414, 7.69, 6.48, 5.656, 5.02, 4.4, 3.69, 2.826, 1.817, 0.7407, -0.363, -1.352, -2.17, -2.852, -3.41, -3.82, -4.1, -4.207, -4.07, -3.627, -2.848, -1.796, -0.6396, 0.536, 1.657, 2.592, 3.264, 3.605, 3.639, 3.436, 3.11, 2.771, 2.615
2.686, 3.072, 3.61, 4.062, 4.31, 4.246, 3.902, 3.354, 2.736, 2.166, 1.661, 1.187, 0.6787, 0.1256, -0.4355, -0.981, -1.513, -1.966, -2.338, -2.656, -2.883, -2.955, -2.799, -2.44, -1.98, -1.528, -1.163, -0.853, -0.5415, -0.1953, 0.2318, 0.747, 1.328, 1.961, 2.62, 3.299, 3.965, 4.57, 5.004, 5.258, 5.355, 5.254, 4.965, 4.516, 3.979, 3.48, 3.084, 2.826, 2.652, 2.479, 2.256, 1.924, 1.484, 1.0, 0.4797, 0.006775, -0.3955, -0.7183, -0.927, -0.983, -0.874, -0.5874, -0.1642, 0.311, 0.7036, 0.886, 0.8833, 0.774, 0.635, 0.6094, 0.7505, 1.118, 1.719, 2.54, 3.54, 4.62, 5.668, 6.562, 7.105, 7.184, 6.79, 5.92, 4.703, 3.195, 1.523, -0.1383, -1.787, -3.33, -4.75, -6.1, -7.234, -8.08, -8.73, -9.22, -9.54, -9.64, -9.445, -8.92, -8.04, -6.86, -5.473, -4.008, -2.568, -1.2295, -0.1254, 0.5503, 0.6187, 0.1661, -0.6035, -1.562, -2.617, -3.662, -4.547, -5.266, -5.777, -6.113, -6.35, -6.59, -6.863, -7.18, -7.465, -7.67, -7.8, -7.8, -7.723, -7.55, -7.32, -7.023, -6.62, -6.08, -5.41, -4.613, -3.646, -2.62, -1.45, -0.2311, 1.041, 2.387, 3.783, 5.258, 6.812, 8.35, 9.88, 11.42, 12.89, 14.29, 15.58, 16.61, 17.4, 18.03, 18.47, 18.8, 19.12, 19.44, 19.78, 20.08, 20.31, 20.45, 20.45, 20.3, 19.9, 19.2, 18.17, 16.78, 15.0, 12.98, 10.83, 8.9, 7.434, 6.426, 5.727, 5.07, 4.332, 3.484, 2.496, 1.404, 0.3005, -0.7383, -1.638, -2.398, -3.021, -3.537, -3.975, -4.234, -4.32, -4.125, -3.621, -2.766, -1.68, -0.4863, 0.698, 1.784, 2.666, 3.275, 3.564, 3.582, 3.389, 3.09, 2.768, 2.596
2.746, 3.09, 3.562, 3.94, 4.086, 3.957, 3.566, 3.047, 2.525, 2.055, 1.616, 1.177, 0.683, 0.1316, -0.4429, -1.008, -1.525, -1.984, -2.36, -2.662, -2.852, -2.877, -2.691, -2.291, -1.779, -1.268, -0.8354, -0.4756, -0.1818, 0.1292, 0.4832, 0.907, 1.385, 1.909, 2.457, 3.033, 3.63, 4.19, 4.656, 4.94, 5.062, 4.996, 4.727, 4.316, 3.836, 3.393, 3.08, 2.857, 2.703, 2.514, 2.258, 1.873, 1.401, 0.8623, 0.3047, -0.2233, -0.658, -0.9917, -1.19, -1.235, -1.097, -0.786, -0.2686, 0.334, 0.9004, 1.302, 1.504, 1.578, 1.584, 1.609, 1.747, 2.004, 2.41, 3.0, 3.725, 4.53, 5.33, 6.03, 6.44, 6.434, 5.973, 5.074, 3.834, 2.37, 0.8086, -0.734, -2.246, -3.691, -5.05, -6.35, -7.434, -8.234, -8.88, -9.414, -9.75, -9.86, -9.68, -9.21, -8.39, -7.273, -5.938, -4.54, -3.13, -1.758, -0.524, 0.3108, 0.4902, 0.07184, -0.7065, -1.686, -2.764, -3.803, -4.66, -5.33, -5.777, -6.047, -6.246, -6.457, -6.707, -7.023, -7.324, -7.586, -7.76, -7.82, -7.773, -7.652, -7.48, -7.2, -6.85, -6.332, -5.684, -4.902, -3.982, -2.945, -1.817, -0.637, 0.604, 1.949, 3.348, 4.82, 6.38, 7.973, 9.58, 11.18, 12.68, 14.164, 15.51, 16.6, 17.48, 18.19, 18.7, 19.1, 19.44, 19.77, 20.08, 20.36, 20.53, 20.62, 20.58, 20.31, 19.83, 19.02, 17.84, 16.31, 14.43, 12.33, 10.266, 8.56, 7.336, 6.46, 5.773, 5.047, 4.215, 3.242, 2.148, 1.013, -0.07513, -1.032, -1.864, -2.572, -3.188, -3.715, -4.12, -4.38, -4.43, -4.145, -3.555, -2.629, -1.498, -0.3018, 0.889, 1.939, 2.734, 3.256, 3.477, 3.451, 3.305, 3.047, 2.777, 2.648
2.879, 3.215, 3.621, 3.908, 3.943, 3.719, 3.316, 2.824, 2.363, 1.969, 1.59, 1.174, 0.6685, 0.1077, -0.4927, -1.074, -1.603, -2.05, -2.416, -2.707, -2.88, -2.865, -2.63, -2.191, -1.613, -1.016, -0.5166, -0.11053, 0.2229, 0.5386, 0.865, 1.235, 1.645, 2.08, 2.533, 3.021, 3.549, 4.066, 4.504, 4.766, 4.87, 4.793, 4.53, 4.137, 3.705, 3.336, 3.08, 2.906, 2.746, 2.53, 2.232, 1.819, 1.28, 0.7056, 0.0982, -0.4976, -0.9663, -1.312, -1.504, -1.514, -1.335, -0.977, -0.4268, 0.2832, 0.996, 1.594, 2.02, 2.271, 2.426, 2.562, 2.762, 3.016, 3.338, 3.764, 4.26, 4.79, 5.332, 5.76, 5.97, 5.793, 5.22, 4.227, 2.975, 1.588, 0.1426, -1.29, -2.697, -4.055, -5.36, -6.594, -7.62, -8.414, -9.08, -9.63, -9.984, -10.07, -9.88, -9.42, -8.66, -7.566, -6.28, -4.926, -3.53, -2.129, -0.7993, 0.1488, 0.3794, -0.0331, -0.8364, -1.846, -2.924, -3.941, -4.77, -5.383, -5.758, -5.984, -6.15, -6.34, -6.574, -6.89, -7.207, -7.492, -7.707, -7.805, -7.82, -7.77, -7.617, -7.38, -7.08, -6.598, -5.984, -5.215, -4.348, -3.342, -2.242, -1.079, 0.1306, 1.459, 2.85, 4.31, 5.87, 7.504, 9.15, 10.81, 12.4, 13.94, 15.34, 16.55, 17.53, 18.31, 18.9, 19.36, 19.75, 20.1, 20.39, 20.62, 20.77, 20.8, 20.69, 20.36, 19.75, 18.84, 17.56, 15.89, 13.91, 11.8, 9.875, 8.39, 7.316, 6.51, 5.793, 4.992, 4.05, 2.967, 1.799, 0.6562, -0.3909, -1.3, -2.092, -2.766, -3.38, -3.893, -4.316, -4.555, -4.543, -4.176, -3.47, -2.465, -1.302, -0.08984, 1.096, 2.102, 2.816, 3.22, 3.355, 3.277, 3.121, 2.926, 2.77, 2.742
3.033, 3.379, 3.719, 3.91, 3.844, 3.537, 3.105, 2.645, 2.262, 1.926, 1.583, 1.168, 0.6484, 0.0579, -0.55, -1.157, -1.712, -2.168, -2.521, -2.78, -2.93, -2.885, -2.61, -2.125, -1.504, -0.859, -0.2732, 0.2147, 0.625, 0.9746, 1.308, 1.661, 2.04, 2.426, 2.809, 3.207, 3.658, 4.11, 4.438, 4.65, 4.71, 4.598, 4.332, 3.969, 3.605, 3.3, 3.094, 2.943, 2.783, 2.547, 2.184, 1.722, 1.141, 0.5146, -0.1495, -0.7837, -1.285, -1.621, -1.813, -1.808, -1.601, -1.192, -0.5957, 0.1646, 1.0, 1.762, 2.377, 2.799, 3.102, 3.348, 3.61, 3.902, 4.21, 4.55, 4.887, 5.195, 5.48, 5.64, 5.58, 5.195, 4.465, 3.426, 2.188, 0.867, -0.4646, -1.811, -3.129, -4.402, -5.656, -6.844, -7.84, -8.625, -9.305, -9.89, -10.22, -10.27, -10.07, -9.6, -8.836, -7.77, -6.523, -5.2, -3.822, -2.396, -1.005, -0.001095, 0.252, -0.1655, -1.001, -2.027, -3.102, -4.09, -4.883, -5.406, -5.72, -5.902, -6.055, -6.24, -6.477, -6.785, -7.1, -7.41, -7.645, -7.805, -7.86, -7.844, -7.75, -7.547, -7.285, -6.87, -6.33, -5.582, -4.77, -3.785, -2.71, -1.57, -0.3562, 0.9536, 2.318, 3.758, 5.312, 6.953, 8.65, 10.336, 12.016, 13.62, 15.11, 16.44, 17.5, 18.36, 19.05, 19.61, 20.05, 20.39, 20.7, 20.9, 20.98, 20.94, 20.75, 20.36, 19.69, 18.66, 17.23, 15.45, 13.44, 11.4, 9.625, 8.3, 7.336, 6.562, 5.797, 4.92, 3.87, 2.703, 1.493, 0.356, -0.6704, -1.523, -2.299, -2.975, -3.572, -4.11, -4.535, -4.74, -4.65, -4.2, -3.37, -2.303, -1.083, 0.1422, 1.328, 2.295, 2.94, 3.217, 3.238, 3.104, 2.924, 2.785, 2.758, 2.828
3.146, 3.52, 3.848, 3.953, 3.785, 3.42, 2.977, 2.549, 2.215, 1.919, 1.58, 1.156, 0.621, 0.01657, -0.6284, -1.267, -1.839, -2.307, -2.654, -2.896, -2.998, -2.916, -2.62, -2.104, -1.439, -0.7466, -0.1052, 0.4736, 0.9604, 1.377, 1.736, 2.06, 2.432, 2.791, 3.121, 3.467, 3.842, 4.176, 4.42, 4.547, 4.547, 4.406, 4.14, 3.834, 3.531, 3.29, 3.12, 2.979, 2.809, 2.535, 2.13, 1.603, 0.9844, 0.2825, -0.4382, -1.102, -1.615, -1.951, -2.129, -2.107, -1.878, -1.432, -0.7974, -0.00521, 0.885, 1.787, 2.537, 3.14, 3.598, 3.963, 4.29, 4.586, 4.88, 5.15, 5.363, 5.508, 5.56, 5.47, 5.164, 4.582, 3.754, 2.695, 1.495, 0.2308, -1.034, -2.29, -3.525, -4.715, -5.93, -7.105, -8.06, -8.84, -9.58, -10.16, -10.47, -10.5, -10.26, -9.766, -9.01, -7.957, -6.734, -5.41, -4.03, -2.594, -1.181, -0.1539, 0.0965, -0.358, -1.217, -2.256, -3.3, -4.24, -4.96, -5.414, -5.656, -5.8, -5.945, -6.14, -6.395, -6.7, -7.023, -7.332, -7.594, -7.77, -7.85, -7.895, -7.832, -7.727, -7.508, -7.16, -6.66, -6.04, -5.207, -4.29, -3.242, -2.074, -0.863, 0.4124, 1.78, 3.217, 4.758, 6.383, 8.055, 9.8, 11.516, 13.19, 14.74, 16.16, 17.36, 18.36, 19.19, 19.81, 20.31, 20.7, 21.0, 21.16, 21.17, 21.06, 20.78, 20.33, 19.58, 18.42, 16.9, 15.055, 13.04, 11.08, 9.44, 8.234, 7.34, 6.56, 5.754, 4.81, 3.682, 2.457, 1.224, 0.09064, -0.916, -1.747, -2.494, -3.178, -3.812, -4.36, -4.777, -4.953, -4.766, -4.195, -3.277, -2.127, -0.868, 0.4, 1.599, 2.521, 3.08, 3.234, 3.139, 2.918, 2.71, 2.63, 2.688, 2.871
3.236, 3.658, 3.951, 3.994, 3.768, 3.348, 2.887, 2.496, 2.19, 1.91, 1.58, 1.135, 0.5767, -0.07465, -0.7515, -1.405, -1.996, -2.477, -2.814, -3.033, -3.102, -2.99, -2.664, -2.117, -1.43, -0.6934, 0.01163, 0.666, 1.239, 1.705, 2.098, 2.424, 2.758, 3.078, 3.375, 3.678, 3.979, 4.227, 4.39, 4.44, 4.402, 4.227, 3.988, 3.725, 3.479, 3.281, 3.152, 3.01, 2.816, 2.516, 2.05, 1.443, 0.775, 0.04404, -0.7256, -1.409, -1.965, -2.3, -2.453, -2.412, -2.154, -1.699, -1.05, -0.2432, 0.6885, 1.648, 2.508, 3.26, 3.87, 4.35, 4.76, 5.08, 5.34, 5.523, 5.62, 5.617, 5.48, 5.168, 4.688, 3.982, 3.09, 2.033, 0.868, -0.3267, -1.508, -2.686, -3.85, -4.992, -6.188, -7.355, -8.3, -9.1, -9.85, -10.42, -10.73, -10.734, -10.46, -9.945, -9.18, -8.16, -6.95, -5.64, -4.234, -2.77, -1.35, -0.3352, -0.1199, -0.6094, -1.502, -2.53, -3.518, -4.38, -5.016, -5.383, -5.562, -5.684, -5.836, -6.047, -6.32, -6.633, -6.965, -7.28, -7.55, -7.74, -7.86, -7.92, -7.914, -7.87, -7.727, -7.434, -7.016, -6.434, -5.707, -4.816, -3.766, -2.633, -1.43, -0.1675, 1.192, 2.633, 4.16, 5.777, 7.465, 9.21, 10.95, 12.695, 14.36, 15.87, 17.22, 18.33, 19.34, 20.05, 20.58, 20.98, 21.27, 21.39, 21.33, 21.16, 20.83, 20.3, 19.44, 18.19, 16.61, 14.72, 12.75, 10.88, 9.37, 8.23, 7.332, 6.53, 5.676, 4.652, 3.49, 2.24, 0.999, -0.1401, -1.132, -1.963, -2.693, -3.398, -4.06, -4.613, -5.008, -5.15, -4.906, -4.215, -3.162, -1.946, -0.628, 0.682, 1.871, 2.762, 3.21, 3.264, 3.04, 2.719, 2.48, 2.43, 2.574, 2.871
3.271, 3.746, 4.04, 4.04, 3.762, 3.318, 2.863, 2.5, 2.207, 1.928, 1.579, 1.1, 0.4902, -0.1956, -0.9053, -1.579, -2.178, -2.66, -2.994, -3.18, -3.225, -3.074, -2.73, -2.174, -1.466, -0.6997, 0.0614, 0.7817, 1.415, 1.965, 2.398, 2.746, 3.05, 3.326, 3.578, 3.81, 4.04, 4.207, 4.312, 4.33, 4.234, 4.06, 3.844, 3.635, 3.45, 3.295, 3.172, 3.021, 2.807, 2.447, 1.935, 1.264, 0.5137, -0.2622, -1.059, -1.758, -2.291, -2.623, -2.742, -2.684, -2.422, -1.956, -1.306, -0.506, 0.4167, 1.364, 2.291, 3.146, 3.879, 4.484, 4.98, 5.348, 5.582, 5.703, 5.7, 5.547, 5.25, 4.812, 4.215, 3.443, 2.516, 1.477, 0.3455, -0.791, -1.907, -3.014, -4.12, -5.254, -6.42, -7.586, -8.555, -9.375, -10.11, -10.664, -10.97, -10.98, -10.69, -10.14, -9.375, -8.38, -7.21, -5.88, -4.438, -2.947, -1.551, -0.593, -0.4226, -0.9517, -1.854, -2.85, -3.764, -4.53, -5.05, -5.324, -5.453, -5.562, -5.723, -5.957, -6.258, -6.586, -6.93, -7.254, -7.527, -7.715, -7.844, -7.938, -7.99, -7.98, -7.91, -7.71, -7.363, -6.832, -6.176, -5.336, -4.336, -3.219, -1.997, -0.749, 0.5874, 2.01, 3.52, 5.117, 6.816, 8.555, 10.336, 12.09, 13.87, 15.49, 16.95, 18.22, 19.36, 20.27, 20.83, 21.25, 21.53, 21.61, 21.48, 21.23, 20.84, 20.23, 19.3, 17.97, 16.34, 14.484, 12.56, 10.78, 9.34, 8.21, 7.285, 6.45, 5.54, 4.46, 3.27, 2.018, 0.782, -0.3606, -1.346, -2.178, -2.918, -3.637, -4.312, -4.89, -5.28, -5.363, -5.02, -4.215, -3.049, -1.748, -0.3965, 0.922, 2.117, 2.969, 3.33, 3.268, 2.924, 2.521, 2.246, 2.207, 2.404, 2.785
3.271, 3.807, 4.117, 4.1, 3.807, 3.36, 2.91, 2.545, 2.254, 1.965, 1.563, 1.019, 0.3677, -0.348, -1.09, -1.782, -2.385, -2.879, -3.195, -3.342, -3.34, -3.158, -2.803, -2.266, -1.546, -0.763, 0.04453, 0.81, 1.51, 2.117, 2.617, 3.014, 3.293, 3.533, 3.738, 3.91, 4.047, 4.152, 4.21, 4.176, 4.074, 3.91, 3.73, 3.56, 3.416, 3.299, 3.184, 3.027, 2.762, 2.344, 1.757, 1.034, 0.2269, -0.6113, -1.417, -2.12, -2.629, -2.938, -3.02, -2.938, -2.662, -2.195, -1.57, -0.7954, 0.08057, 1.011, 1.949, 2.842, 3.645, 4.34, 4.918, 5.336, 5.605, 5.7, 5.625, 5.387, 4.984, 4.45, 3.793, 2.982, 2.047, 1.001, -0.0936, -1.184, -2.244, -3.299, -4.375, -5.49, -6.684, -7.84, -8.81, -9.64, -10.35, -10.9, -11.195, -11.21, -10.92, -10.37, -9.6, -8.65, -7.492, -6.145, -4.668, -3.162, -1.797, -0.9165, -0.8125, -1.3545, -2.23, -3.176, -4.0, -4.645, -5.05, -5.24, -5.33, -5.438, -5.62, -5.88, -6.2, -6.547, -6.906, -7.242, -7.52, -7.727, -7.867, -7.97, -8.07, -8.125, -8.11, -7.973, -7.7, -7.26, -6.637, -5.88, -4.945, -3.83, -2.607, -1.357, -0.00666, 1.401, 2.904, 4.48, 6.125, 7.855, 9.61, 11.445, 13.26, 15.03, 16.64, 18.0, 19.25, 20.31, 21.06, 21.5, 21.77, 21.81, 21.64, 21.31, 20.86, 20.22, 19.19, 17.8, 16.14, 14.29, 12.42, 10.73, 9.31, 8.17, 7.203, 6.324, 5.38, 4.266, 3.031, 1.773, 0.547, -0.578, -1.546, -2.39, -3.15, -3.875, -4.566, -5.17, -5.57, -5.562, -5.105, -4.2, -2.953, -1.587, -0.1785, 1.158, 2.352, 3.16, 3.436, 3.252, 2.818, 2.34, 2.01, 1.978, 2.246, 2.695
3.248, 3.838, 4.188, 4.176, 3.875, 3.432, 2.986, 2.629, 2.312, 1.972, 1.505, 0.9053, 0.2035, -0.5425, -1.298, -2.012, -2.633, -3.107, -3.38, -3.486, -3.445, -3.236, -2.875, -2.336, -1.649, -0.865, -0.04318, 0.755, 1.509, 2.2, 2.771, 3.205, 3.506, 3.725, 3.857, 3.963, 4.03, 4.086, 4.09, 4.035, 3.922, 3.777, 3.63, 3.498, 3.395, 3.3, 3.197, 3.008, 2.686, 2.195, 1.554, 0.78, -0.0855, -0.959, -1.767, -2.477, -2.975, -3.234, -3.281, -3.166, -2.867, -2.424, -1.828, -1.1045, -0.2686, 0.626, 1.529, 2.43, 3.242, 3.975, 4.598, 5.094, 5.414, 5.54, 5.45, 5.168, 4.71, 4.125, 3.424, 2.596, 1.651, 0.6187, -0.4412, -1.479, -2.494, -3.521, -4.594, -5.72, -6.92, -8.07, -9.055, -9.88, -10.586, -11.12, -11.4, -11.43, -11.16, -10.62, -9.875, -8.93, -7.766, -6.4, -4.902, -3.412, -2.104, -1.322, -1.2705, -1.8125, -2.658, -3.514, -4.24, -4.742, -5.016, -5.13, -5.195, -5.312, -5.516, -5.797, -6.14, -6.504, -6.88, -7.234, -7.53, -7.746, -7.902, -8.04, -8.15, -8.26, -8.29, -8.21, -8.016, -7.652, -7.14, -6.418, -5.52, -4.45, -3.25, -1.978, -0.6323, 0.782, 2.283, 3.84, 5.44, 7.152, 8.945, 10.74, 12.58, 14.41, 16.12, 17.64, 18.98, 20.17, 21.1, 21.62, 21.92, 21.94, 21.72, 21.34, 20.84, 20.11, 19.05, 17.61, 15.93, 14.12, 12.32, 10.664, 9.28, 8.125, 7.113, 6.18, 5.19, 4.03, 2.797, 1.555, 0.3367, -0.7754, -1.733, -2.596, -3.39, -4.14, -4.85, -5.49, -5.86, -5.79, -5.215, -4.188, -2.875, -1.454, -0.01006, 1.36, 2.555, 3.312, 3.516, 3.24, 2.703, 2.162, 1.79, 1.749, 2.068, 2.617
3.215, 3.848, 4.246, 4.246, 3.963, 3.531, 3.092, 2.715, 2.363, 1.965, 1.422, 0.7524, 0.001694, -0.774, -1.536, -2.258, -2.871, -3.3, -3.537, -3.602, -3.521, -3.303, -2.936, -2.418, -1.75, -0.9844, -0.1588, 0.6797, 1.457, 2.186, 2.822, 3.332, 3.66, 3.871, 3.98, 4.03, 4.04, 4.023, 3.97, 3.877, 3.76, 3.645, 3.53, 3.443, 3.371, 3.297, 3.176, 2.95, 2.572, 2.008, 1.302, 0.4878, -0.4219, -1.305, -2.098, -2.781, -3.268, -3.482, -3.484, -3.334, -3.035, -2.613, -2.053, -1.374, -0.6064, 0.2384, 1.098, 1.956, 2.75, 3.465, 4.133, 4.67, 5.07, 5.266, 5.207, 4.926, 4.45, 3.832, 3.104, 2.256, 1.307, 0.2952, -0.722, -1.718, -2.701, -3.725, -4.793, -5.938, -7.176, -8.305, -9.28, -10.11, -10.78, -11.28, -11.586, -11.625, -11.375, -10.88, -10.15, -9.195, -8.02, -6.656, -5.176, -3.709, -2.469, -1.782, -1.776, -2.305, -3.084, -3.854, -4.45, -4.8, -4.945, -4.99, -5.04, -5.176, -5.402, -5.7, -6.062, -6.453, -6.848, -7.223, -7.535, -7.77, -7.94, -8.1, -8.24, -8.35, -8.43, -8.44, -8.29, -8.016, -7.57, -6.95, -6.105, -5.07, -3.895, -2.652, -1.29, 0.1414, 1.629, 3.154, 4.707, 6.41, 8.19, 10.01, 11.87, 13.7, 15.47, 17.11, 18.61, 19.9, 20.88, 21.55, 21.89, 21.94, 21.72, 21.33, 20.77, 19.97, 18.84, 17.4, 15.77, 14.01, 12.26, 10.66, 9.28, 8.086, 7.023, 6.03, 4.984, 3.795, 2.566, 1.33, 0.1262, -0.9727, -1.934, -2.807, -3.65, -4.43, -5.184, -5.82, -6.152, -5.99, -5.293, -4.176, -2.809, -1.347, 0.1342, 1.508, 2.71, 3.434, 3.576, 3.229, 2.604, 2.002, 1.595, 1.57, 1.939, 2.52
3.166, 3.854, 4.285, 4.33, 4.08, 3.66, 3.217, 2.814, 2.406, 1.926, 1.308, 0.5854, -0.2103, -1.0205, -1.792, -2.52, -3.104, -3.465, -3.637, -3.652, -3.535, -3.326, -2.979, -2.488, -1.843, -1.108, -0.292, 0.5464, 1.343, 2.105, 2.795, 3.367, 3.762, 3.979, 4.08, 4.082, 4.035, 3.963, 3.865, 3.748, 3.621, 3.521, 3.445, 3.402, 3.361, 3.293, 3.152, 2.877, 2.43, 1.79, 1.024, 0.1425, -0.7764, -1.641, -2.428, -3.09, -3.521, -3.688, -3.64, -3.451, -3.156, -2.752, -2.254, -1.641, -0.946, -0.1683, 0.644, 1.452, 2.225, 2.928, 3.586, 4.184, 4.664, 4.92, 4.918, 4.664, 4.188, 3.559, 2.814, 1.966, 1.025, 0.04428, -0.9297, -1.896, -2.871, -3.896, -4.977, -6.16, -7.41, -8.54, -9.484, -10.3, -10.95, -11.43, -11.72, -11.78, -11.56, -11.09, -10.375, -9.414, -8.25, -6.926, -5.473, -4.055, -2.883, -2.275, -2.309, -2.824, -3.52, -4.164, -4.598, -4.797, -4.83, -4.824, -4.87, -5.03, -5.277, -5.598, -5.97, -6.375, -6.793, -7.195, -7.53, -7.79, -7.977, -8.14, -8.305, -8.43, -8.55, -8.61, -8.555, -8.34, -8.016, -7.457, -6.707, -5.727, -4.59, -3.34, -1.967, -0.5386, 0.9307, 2.42, 3.977, 5.63, 7.402, 9.22, 11.055, 12.9, 14.734, 16.45, 18.0, 19.39, 20.47, 21.28, 21.7, 21.83, 21.64, 21.25, 20.64, 19.8, 18.64, 17.25, 15.65, 13.945, 12.25, 10.695, 9.31, 8.08, 6.96, 5.895, 4.785, 3.574, 2.34, 1.116, -0.082, -1.178, -2.145, -3.023, -3.89, -4.74, -5.52, -6.156, -6.43, -6.188, -5.402, -4.22, -2.814, -1.298, 0.2051, 1.597, 2.79, 3.494, 3.604, 3.184, 2.508, 1.85, 1.43, 1.424, 1.808, 2.45
3.133, 3.84, 4.32, 4.402, 4.19, 3.799, 3.35, 2.904, 2.432, 1.872, 1.187, 0.3882, -0.4543, -1.295, -2.07, -2.77, -3.293, -3.59, -3.682, -3.65, -3.504, -3.299, -2.986, -2.547, -1.963, -1.263, -0.4824, 0.3447, 1.159, 1.943, 2.684, 3.307, 3.766, 4.023, 4.137, 4.133, 4.047, 3.918, 3.766, 3.635, 3.51, 3.428, 3.377, 3.363, 3.336, 3.26, 3.08, 2.74, 2.227, 1.526, 0.708, -0.2057, -1.119, -1.968, -2.732, -3.348, -3.707, -3.82, -3.73, -3.516, -3.225, -2.854, -2.414, -1.876, -1.263, -0.56, 0.1998, 0.966, 1.714, 2.412, 3.074, 3.703, 4.234, 4.555, 4.61, 4.395, 3.912, 3.283, 2.55, 1.717, 0.8027, -0.1528, -1.1, -2.043, -3.012, -4.04, -5.13, -6.336, -7.605, -8.734, -9.68, -10.484, -11.12, -11.57, -11.836, -11.9, -11.69, -11.234, -10.51, -9.58, -8.47, -7.2, -5.824, -4.453, -3.352, -2.82, -2.883, -3.342, -3.928, -4.402, -4.664, -4.715, -4.664, -4.613, -4.688, -4.87, -5.152, -5.492, -5.863, -6.285, -6.73, -7.152, -7.516, -7.797, -8.0, -8.17, -8.35, -8.49, -8.65, -8.74, -8.734, -8.63, -8.375, -7.906, -7.26, -6.395, -5.293, -4.086, -2.719, -1.305, 0.1511, 1.642, 3.17, 4.81, 6.586, 8.36, 10.14, 11.99, 13.85, 15.625, 17.25, 18.7, 19.92, 20.81, 21.39, 21.62, 21.52, 21.12, 20.47, 19.58, 18.42, 17.06, 15.53, 13.88, 12.24, 10.7, 9.34, 8.08, 6.89, 5.754, 4.574, 3.357, 2.121, 0.8896, -0.303, -1.395, -2.365, -3.277, -4.17, -5.035, -5.848, -6.48, -6.69, -6.363, -5.516, -4.285, -2.854, -1.312, 0.2207, 1.634, 2.812, 3.54, 3.62, 3.154, 2.451, 1.753, 1.317, 1.307, 1.709, 2.379
3.088, 3.81, 4.32, 4.47, 4.312, 3.951, 3.479, 2.98, 2.426, 1.78, 1.026, 0.1923, -0.688, -1.54, -2.334, -2.992, -3.434, -3.645, -3.664, -3.588, -3.445, -3.252, -2.994, -2.588, -2.06, -1.424, -0.682, 0.1058, 0.9307, 1.744, 2.512, 3.17, 3.686, 4.008, 4.156, 4.156, 4.062, 3.879, 3.688, 3.533, 3.416, 3.35, 3.326, 3.314, 3.297, 3.197, 2.96, 2.54, 1.956, 1.219, 0.3625, -0.5547, -1.456, -2.312, -3.031, -3.576, -3.85, -3.889, -3.754, -3.527, -3.25, -2.92, -2.547, -2.104, -1.564, -0.9395, -0.254, 0.481, 1.218, 1.923, 2.605, 3.252, 3.809, 4.18, 4.293, 4.117, 3.654, 3.031, 2.3, 1.489, 0.612, -0.3108, -1.237, -2.174, -3.14, -4.164, -5.27, -6.5, -7.793, -8.93, -9.85, -10.65, -11.27, -11.7, -11.945, -11.98, -11.74, -11.266, -10.55, -9.65, -8.58, -7.38, -6.1, -4.84, -3.842, -3.385, -3.441, -3.828, -4.27, -4.55, -4.645, -4.56, -4.426, -4.383, -4.48, -4.707, -5.027, -5.383, -5.76, -6.2, -6.664, -7.105, -7.496, -7.79, -8.01, -8.21, -8.41, -8.59, -8.77, -8.9, -8.94, -8.914, -8.72, -8.34, -7.793, -6.996, -6.0, -4.82, -3.508, -2.096, -0.6367, 0.851, 2.395, 4.008, 5.71, 7.453, 9.195, 11.01, 12.84, 14.67, 16.39, 17.9, 19.2, 20.23, 20.94, 21.25, 21.23, 20.86, 20.22, 19.31, 18.17, 16.86, 15.38, 13.766, 12.164, 10.664, 9.31, 8.04, 6.805, 5.598, 4.383, 3.148, 1.914, 0.6836, -0.512, -1.615, -2.605, -3.541, -4.484, -5.387, -6.207, -6.805, -6.95, -6.523, -5.605, -4.33, -2.889, -1.321, 0.2174, 1.628, 2.799, 3.523, 3.598, 3.137, 2.4, 1.688, 1.229, 1.214, 1.625, 2.307
3.031, 3.768, 4.31, 4.54, 4.43, 4.09, 3.598, 3.027, 2.393, 1.671, 0.8555, -0.03293, -0.941, -1.802, -2.574, -3.172, -3.514, -3.623, -3.57, -3.46, -3.316, -3.158, -2.95, -2.635, -2.19, -1.598, -0.912, -0.153, 0.677, 1.505, 2.291, 2.988, 3.553, 3.936, 4.133, 4.152, 4.05, 3.875, 3.664, 3.482, 3.354, 3.295, 3.281, 3.28, 3.236, 3.098, 2.797, 2.305, 1.661, 0.8794, 0.00232, -0.91, -1.805, -2.611, -3.291, -3.746, -3.932, -3.898, -3.715, -3.488, -3.223, -2.947, -2.658, -2.3, -1.863, -1.318, -0.6807, 0.01468, 0.7363, 1.467, 2.158, 2.81, 3.385, 3.799, 3.969, 3.82, 3.404, 2.791, 2.064, 1.267, 0.4124, -0.4841, -1.39, -2.309, -3.271, -4.297, -5.402, -6.65, -7.945, -9.086, -10.02, -10.805, -11.4, -11.81, -12.01, -11.97, -11.67, -11.164, -10.45, -9.57, -8.57, -7.465, -6.316, -5.21, -4.35, -3.941, -3.945, -4.215, -4.47, -4.566, -4.484, -4.293, -4.137, -4.113, -4.27, -4.53, -4.883, -5.273, -5.668, -6.12, -6.61, -7.066, -7.473, -7.79, -8.03, -8.26, -8.484, -8.7, -8.9, -9.08, -9.18, -9.17, -9.02, -8.71, -8.26, -7.574, -6.664, -5.562, -4.273, -2.887, -1.465, 0.05484, 1.603, 3.18, 4.85, 6.543, 8.234, 10.01, 11.83, 13.62, 15.39, 16.97, 18.42, 19.56, 20.33, 20.75, 20.84, 20.52, 19.88, 19.0, 17.88, 16.62, 15.195, 13.65, 12.086, 10.61, 9.25, 7.965, 6.703, 5.445, 4.195, 2.955, 1.711, 0.4814, -0.709, -1.821, -2.844, -3.82, -4.8, -5.734, -6.555, -7.098, -7.17, -6.664, -5.684, -4.4, -2.945, -1.377, 0.1632, 1.582, 2.754, 3.482, 3.588, 3.13, 2.402, 1.676, 1.194, 1.145, 1.546, 2.244
2.973, 3.719, 4.3, 4.586, 4.543, 4.215, 3.695, 3.072, 2.367, 1.576, 0.691, -0.251, -1.179, -2.04, -2.777, -3.297, -3.531, -3.537, -3.418, -3.273, -3.137, -3.027, -2.887, -2.662, -2.297, -1.774, -1.135, -0.4014, 0.4185, 1.258, 2.059, 2.771, 3.39, 3.846, 4.082, 4.145, 4.062, 3.887, 3.674, 3.479, 3.334, 3.268, 3.246, 3.225, 3.154, 2.955, 2.592, 2.043, 1.343, 0.5264, -0.3738, -1.276, -2.14, -2.902, -3.498, -3.855, -3.955, -3.85, -3.646, -3.389, -3.15, -2.947, -2.73, -2.477, -2.139, -1.674, -1.09, -0.4338, 0.275, 1.008, 1.714, 2.377, 2.96, 3.406, 3.61, 3.51, 3.129, 2.537, 1.82, 1.04, 0.2032, -0.68, -1.5625, -2.463, -3.424, -4.45, -5.543, -6.785, -8.09, -9.24, -10.18, -10.95, -11.516, -11.87, -11.98, -11.85, -11.48, -10.93, -10.19, -9.33, -8.37, -7.38, -6.395, -5.445, -4.76, -4.4, -4.35, -4.43, -4.5, -4.41, -4.176, -3.928, -3.766, -3.781, -3.988, -4.34, -4.76, -5.176, -5.598, -6.07, -6.574, -7.047, -7.47, -7.805, -8.07, -8.32, -8.586, -8.84, -9.07, -9.266, -9.41, -9.43, -9.336, -9.1, -8.71, -8.1, -7.29, -6.25, -5.016, -3.658, -2.25, -0.7383, 0.806, 2.371, 3.998, 5.668, 7.312, 9.01, 10.75, 12.516, 14.29, 15.945, 17.48, 18.7, 19.55, 20.1, 20.3, 20.05, 19.47, 18.66, 17.61, 16.39, 15.02, 13.53, 12.016, 10.555, 9.2, 7.89, 6.598, 5.312, 4.043, 2.791, 1.54, 0.303, -0.897, -2.031, -3.094, -4.11, -5.113, -6.062, -6.867, -7.367, -7.355, -6.78, -5.74, -4.43, -2.973, -1.428, 0.0991, 1.515, 2.697, 3.445, 3.586, 3.156, 2.443, 1.711, 1.19, 1.113, 1.5, 2.186
2.926, 3.684, 4.29, 4.62, 4.62, 4.316, 3.783, 3.11, 2.348, 1.482, 0.5293, -0.4634, -1.408, -2.262, -2.959, -3.373, -3.492, -3.39, -3.203, -3.041, -2.926, -2.871, -2.807, -2.682, -2.395, -1.961, -1.379, -0.6704, 0.1307, 0.972, 1.805, 2.55, 3.207, 3.719, 4.004, 4.12, 4.07, 3.914, 3.7, 3.5, 3.346, 3.262, 3.213, 3.152, 3.033, 2.78, 2.346, 1.749, 1.001, 0.1545, -0.749, -1.634, -2.46, -3.172, -3.676, -3.916, -3.912, -3.752, -3.516, -3.266, -3.078, -2.926, -2.812, -2.646, -2.404, -2.037, -1.507, -0.88, -0.1991, 0.5337, 1.258, 1.9375, 2.533, 2.979, 3.217, 3.172, 2.832, 2.268, 1.569, 0.801, -0.02585, -0.8887, -1.764, -2.656, -3.602, -4.625, -5.72, -6.96, -8.266, -9.41, -10.336, -11.08, -11.586, -11.836, -11.84, -11.625, -11.19, -10.52, -9.79, -8.93, -8.03, -7.117, -6.285, -5.54, -4.99, -4.66, -4.527, -4.44, -4.31, -4.047, -3.729, -3.441, -3.309, -3.426, -3.71, -4.152, -4.633, -5.09, -5.547, -6.035, -6.55, -7.04, -7.47, -7.824, -8.12, -8.4, -8.7, -9.0, -9.28, -9.5, -9.664, -9.734, -9.68, -9.49, -9.12, -8.6, -7.87, -6.89, -5.72, -4.387, -2.988, -1.5205, -0.013535, 1.549, 3.164, 4.78, 6.37, 8.04, 9.7, 11.4, 13.18, 14.9, 16.4, 17.66, 18.62, 19.31, 19.62, 19.53, 19.05, 18.3, 17.34, 16.2, 14.875, 13.43, 11.94, 10.516, 9.15, 7.816, 6.504, 5.195, 3.904, 2.643, 1.389, 0.1511, -1.061, -2.225, -3.334, -4.402, -5.445, -6.402, -7.18, -7.613, -7.527, -6.88, -5.797, -4.453, -2.98, -1.453, 0.0521, 1.444, 2.623, 3.39, 3.574, 3.193, 2.506, 1.764, 1.228, 1.114, 1.479, 2.158
2.877, 3.63, 4.258, 4.633, 4.68, 4.4, 3.855, 3.154, 2.326, 1.395, 0.389, -0.633, -1.585, -2.418, -3.057, -3.38, -3.383, -3.188, -2.943, -2.771, -2.69, -2.709, -2.734, -2.69, -2.508, -2.152, -1.611, -0.9395, -0.174, 0.671, 1.516, 2.297, 2.986, 3.55, 3.902, 4.07, 4.07, 3.955, 3.754, 3.54, 3.377, 3.268, 3.178, 3.064, 2.871, 2.547, 2.059, 1.413, 0.639, -0.2151, -1.112, -1.974, -2.775, -3.414, -3.797, -3.92, -3.828, -3.602, -3.33, -3.107, -2.967, -2.89, -2.86, -2.814, -2.67, -2.383, -1.9375, -1.351, -0.674, 0.04108, 0.7705, 1.473, 2.088, 2.547, 2.814, 2.816, 2.516, 1.974, 1.3, 0.554, -0.2637, -1.11, -1.977, -2.871, -3.814, -4.832, -5.938, -7.184, -8.47, -9.58, -10.47, -11.16, -11.6, -11.73, -11.62, -11.28, -10.766, -10.08, -9.25, -8.41, -7.54, -6.727, -6.008, -5.434, -4.984, -4.67, -4.44, -4.19, -3.873, -3.482, -3.094, -2.836, -2.807, -3.02, -3.41, -3.959, -4.496, -5.01, -5.496, -6.008, -6.535, -7.023, -7.46, -7.84, -8.16, -8.48, -8.82, -9.17, -9.49, -9.75, -9.945, -10.03, -10.02, -9.875, -9.58, -9.12, -8.44, -7.52, -6.453, -5.156, -3.777, -2.348, -0.837, 0.7236, 2.336, 3.928, 5.48, 7.11, 8.73, 10.43, 12.09, 13.8, 15.29, 16.56, 17.69, 18.45, 18.89, 18.95, 18.6, 17.94, 17.08, 16.0, 14.734, 13.3, 11.83, 10.43, 9.055, 7.71, 6.39, 5.06, 3.764, 2.494, 1.24, 0.007195, -1.22, -2.418, -3.582, -4.715, -5.78, -6.734, -7.49, -7.855, -7.688, -6.97, -5.836, -4.47, -2.984, -1.461, 0.0076, 1.381, 2.562, 3.35, 3.584, 3.236, 2.57, 1.84, 1.281, 1.131, 1.453, 2.107
2.8, 3.541, 4.184, 4.617, 4.707, 4.45, 3.896, 3.156, 2.273, 1.296, 0.2517, -0.7954, -1.744, -2.557, -3.115, -3.322, -3.219, -2.94, -2.662, -2.484, -2.445, -2.531, -2.643, -2.686, -2.6, -2.334, -1.859, -1.218, -0.471, 0.3547, 1.218, 2.037, 2.764, 3.367, 3.775, 4.0, 4.062, 3.973, 3.8, 3.594, 3.412, 3.262, 3.13, 2.959, 2.686, 2.28, 1.723, 1.048, 0.2632, -0.596, -1.48, -2.312, -3.062, -3.613, -3.871, -3.865, -3.678, -3.39, -3.111, -2.91, -2.832, -2.846, -2.9, -2.938, -2.895, -2.705, -2.342, -1.814, -1.17, -0.4695, 0.267, 0.9834, 1.612, 2.1, 2.4, 2.447, 2.195, 1.675, 1.003, 0.2622, -0.5337, -1.374, -2.234, -3.13, -4.062, -5.09, -6.2, -7.434, -8.67, -9.73, -10.6, -11.234, -11.56, -11.55, -11.31, -10.9, -10.27, -9.53, -8.64, -7.77, -6.94, -6.207, -5.582, -5.117, -4.74, -4.395, -4.04, -3.598, -3.176, -2.707, -2.344, -2.176, -2.275, -2.633, -3.146, -3.75, -4.355, -4.91, -5.44, -5.977, -6.51, -7.008, -7.457, -7.848, -8.195, -8.55, -8.92, -9.31, -9.68, -9.99, -10.22, -10.35, -10.35, -10.23, -9.984, -9.555, -8.95, -8.11, -7.113, -5.9, -4.547, -3.143, -1.665, -0.1182, 1.487, 3.074, 4.65, 6.234, 7.82, 9.38, 11.03, 12.65, 14.19, 15.51, 16.67, 17.56, 18.14, 18.28, 18.06, 17.55, 16.78, 15.78, 14.55, 13.15, 11.7, 10.305, 8.94, 7.574, 6.25, 4.934, 3.64, 2.375, 1.123, -0.1161, -1.359, -2.592, -3.824, -5.03, -6.12, -7.066, -7.77, -8.08, -7.844, -7.066, -5.9, -4.516, -3.021, -1.495, -0.033, 1.324, 2.492, 3.33, 3.611, 3.314, 2.67, 1.945, 1.369, 1.158, 1.414, 2.037
2.672, 3.402, 4.086, 4.574, 4.707, 4.465, 3.89, 3.12, 2.201, 1.176, 0.10046, -0.955, -1.888, -2.658, -3.123, -3.21, -3.012, -2.672, -2.357, -2.186, -2.193, -2.336, -2.525, -2.656, -2.672, -2.49, -2.088, -1.51, -0.787, 0.02719, 0.8916, 1.748, 2.512, 3.158, 3.623, 3.904, 4.023, 3.99, 3.844, 3.643, 3.443, 3.254, 3.062, 2.818, 2.479, 2.002, 1.389, 0.684, -0.10004, -0.9565, -1.809, -2.613, -3.287, -3.727, -3.86, -3.742, -3.469, -3.143, -2.857, -2.703, -2.69, -2.773, -2.918, -3.05, -3.09, -2.996, -2.713, -2.26, -1.676, -0.9907, -0.2734, 0.4375, 1.096, 1.62, 1.971, 2.064, 1.854, 1.349, 0.683, -0.05267, -0.8354, -1.665, -2.525, -3.422, -4.367, -5.383, -6.49, -7.684, -8.85, -9.87, -10.7, -11.26, -11.48, -11.34, -10.97, -10.414, -9.71, -8.9, -7.95, -7.04, -6.223, -5.55, -5.02, -4.605, -4.227, -3.826, -3.373, -2.83, -2.299, -1.833, -1.553, -1.525, -1.77, -2.242, -2.863, -3.527, -4.19, -4.81, -5.383, -5.94, -6.496, -7.008, -7.457, -7.863, -8.234, -8.6, -8.99, -9.414, -9.83, -10.18, -10.45, -10.625, -10.63, -10.56, -10.37, -10.01, -9.47, -8.71, -7.766, -6.613, -5.316, -3.938, -2.45, -0.8936, 0.7134, 2.283, 3.885, 5.414, 6.938, 8.51, 10.06, 11.555, 13.07, 14.48, 15.695, 16.69, 17.36, 17.62, 17.53, 17.14, 16.48, 15.555, 14.35, 12.96, 11.54, 10.15, 8.78, 7.434, 6.105, 4.793, 3.51, 2.244, 0.9907, -0.2491, -1.503, -2.762, -4.047, -5.3, -6.418, -7.35, -8.01, -8.26, -7.977, -7.137, -5.945, -4.56, -3.057, -1.523, -0.0708, 1.271, 2.465, 3.346, 3.672, 3.418, 2.8, 2.074, 1.461, 1.181, 1.363, 1.929
2.508, 3.254, 3.941, 4.492, 4.68, 4.46, 3.865, 3.06, 2.088, 1.024, -0.06305, -1.112, -2.027, -2.727, -3.088, -3.05, -2.752, -2.37, -2.05, -1.894, -1.94, -2.139, -2.385, -2.604, -2.71, -2.621, -2.309, -1.779, -1.099, -0.2976, 0.5737, 1.445, 2.252, 2.932, 3.451, 3.783, 3.96, 3.986, 3.88, 3.682, 3.455, 3.22, 2.967, 2.652, 2.244, 1.704, 1.05, 0.3245, -0.4695, -1.298, -2.121, -2.873, -3.477, -3.783, -3.787, -3.566, -3.227, -2.861, -2.586, -2.473, -2.516, -2.674, -2.902, -3.127, -3.258, -3.244, -3.059, -2.695, -2.17, -1.52, -0.837, -0.1427, 0.52, 1.088, 1.491, 1.6455, 1.474, 1.007, 0.3403, -0.4, -1.184, -2.0, -2.838, -3.725, -4.684, -5.72, -6.805, -7.938, -9.02, -9.99, -10.78, -11.234, -11.33, -11.08, -10.56, -9.88, -9.1, -8.22, -7.234, -6.29, -5.465, -4.81, -4.277, -3.908, -3.531, -3.06, -2.51, -1.898, -1.338, -0.9478, -0.798, -0.8906, -1.273, -1.867, -2.57, -3.293, -4.008, -4.676, -5.29, -5.88, -6.46, -6.996, -7.45, -7.87, -8.26, -8.64, -9.05, -9.484, -9.914, -10.3, -10.625, -10.85, -10.92, -10.9, -10.71, -10.44, -9.95, -9.27, -8.39, -7.3, -6.07, -4.71, -3.244, -1.666, -0.0437, 1.518, 3.082, 4.62, 6.113, 7.63, 9.1, 10.59, 12.07, 13.484, 14.7, 15.75, 16.52, 16.95, 17.0, 16.72, 16.17, 15.305, 14.15, 12.79, 11.35, 9.984, 8.65, 7.3, 5.96, 4.652, 3.371, 2.096, 0.8394, -0.411, -1.677, -2.967, -4.277, -5.547, -6.66, -7.57, -8.195, -8.39, -8.06, -7.2, -5.965, -4.582, -3.082, -1.56, -0.1105, 1.237, 2.453, 3.373, 3.75, 3.525, 2.924, 2.205, 1.561, 1.202, 1.303, 1.803
2.34, 3.072, 3.775, 4.37, 4.617, 4.414, 3.82, 2.957, 1.945, 0.842, -0.266, -1.278, -2.148, -2.775, -3.01, -2.867, -2.488, -2.07, -1.743, -1.608, -1.687, -1.921, -2.217, -2.504, -2.703, -2.725, -2.502, -2.047, -1.398, -0.62, 0.2444, 1.13, 1.959, 2.676, 3.24, 3.645, 3.88, 3.965, 3.895, 3.701, 3.453, 3.166, 2.842, 2.46, 1.992, 1.3955, 0.7026, -0.04303, -0.818, -1.624, -2.408, -3.121, -3.617, -3.793, -3.66, -3.336, -2.924, -2.555, -2.299, -2.232, -2.342, -2.568, -2.871, -3.162, -3.38, -3.455, -3.37, -3.096, -2.646, -2.049, -1.402, -0.727, -0.0661, 0.522, 0.9697, 1.172, 1.055, 0.627, -0.007027, -0.753, -1.542, -2.346, -3.158, -4.035, -5.008, -6.047, -7.105, -8.17, -9.195, -10.11, -10.805, -11.12, -11.09, -10.74, -10.16, -9.414, -8.52, -7.516, -6.508, -5.5, -4.67, -4.004, -3.488, -3.074, -2.64, -2.123, -1.458, -0.886, -0.3708, -0.06018, -0.03342, -0.2847, -0.8096, -1.5205, -2.293, -3.059, -3.814, -4.523, -5.188, -5.81, -6.402, -6.957, -7.445, -7.88, -8.28, -8.68, -9.09, -9.54, -9.98, -10.39, -10.766, -11.05, -11.18, -11.195, -11.07, -10.836, -10.445, -9.81, -9.01, -7.996, -6.82, -5.457, -4.004, -2.414, -0.803, 0.7764, 2.371, 3.906, 5.402, 6.848, 8.26, 9.68, 11.164, 12.55, 13.766, 14.86, 15.664, 16.19, 16.39, 16.27, 15.83, 15.03, 13.89, 12.56, 11.16, 9.8, 8.484, 7.145, 5.797, 4.49, 3.191, 1.912, 0.643, -0.615, -1.8955, -3.191, -4.5, -5.76, -6.863, -7.746, -8.33, -8.484, -8.125, -7.24, -6.004, -4.598, -3.105, -1.602, -0.1531, 1.203, 2.428, 3.395, 3.793, 3.617, 3.047, 2.322, 1.648, 1.217, 1.227, 1.666
2.178, 2.906, 3.639, 4.258, 4.535, 4.35, 3.73, 2.828, 1.771, 0.6313, -0.4727, -1.45, -2.268, -2.793, -2.9, -2.666, -2.217, -1.751, -1.422, -1.318, -1.43, -1.692, -2.03, -2.375, -2.65, -2.781, -2.672, -2.285, -1.682, -0.938, -0.07837, 0.8184, 1.662, 2.404, 3.033, 3.494, 3.78, 3.904, 3.865, 3.684, 3.416, 3.082, 2.703, 2.242, 1.702, 1.072, 0.3618, -0.3953, -1.171, -1.946, -2.695, -3.332, -3.709, -3.752, -3.498, -3.086, -2.623, -2.227, -1.988, -1.965, -2.139, -2.438, -2.799, -3.16, -3.459, -3.627, -3.645, -3.475, -3.12, -2.594, -1.974, -1.319, -0.669, -0.07544, 0.3928, 0.632, 0.5737, 0.199, -0.403, -1.134, -1.908, -2.686, -3.486, -4.348, -5.316, -6.355, -7.395, -8.39, -9.34, -10.2, -10.75, -10.96, -10.79, -10.37, -9.69, -8.87, -7.926, -6.863, -5.79, -4.758, -3.887, -3.242, -2.69, -2.201, -1.698, -1.106, -0.4602, 0.1234, 0.5586, 0.7393, 0.6406, 0.2498, -0.3892, -1.157, -1.994, -2.809, -3.615, -4.363, -5.035, -5.7, -6.324, -6.902, -7.426, -7.88, -8.3, -8.7, -9.13, -9.58, -10.02, -10.47, -10.88, -11.22, -11.44, -11.484, -11.44, -11.26, -10.94, -10.39, -9.64, -8.67, -7.54, -6.207, -4.75, -3.168, -1.579, 0.02487, 1.645, 3.186, 4.688, 6.13, 7.55, 8.95, 10.31, 11.63, 12.86, 13.97, 14.85, 15.46, 15.77, 15.805, 15.42, 14.7, 13.62, 12.34, 10.97, 9.625, 8.32, 6.98, 5.633, 4.312, 3.002, 1.711, 0.4294, -0.832, -2.117, -3.412, -4.723, -5.957, -7.023, -7.88, -8.43, -8.555, -8.18, -7.273, -6.02, -4.594, -3.098, -1.601, -0.1626, 1.1875, 2.434, 3.412, 3.852, 3.71, 3.162, 2.428, 1.714, 1.211, 1.156, 1.539
2.023, 2.738, 3.47, 4.12, 4.406, 4.207, 3.578, 2.654, 1.572, 0.4153, -0.6777, -1.612, -2.363, -2.77, -2.77, -2.441, -1.943, -1.456, -1.132, -1.025, -1.152, -1.441, -1.816, -2.21, -2.574, -2.807, -2.818, -2.521, -1.966, -1.235, -0.3987, 0.497, 1.349, 2.117, 2.797, 3.309, 3.645, 3.8, 3.787, 3.623, 3.34, 2.979, 2.541, 2.014, 1.406, 0.745, 0.02553, -0.739, -1.515, -2.275, -2.979, -3.521, -3.773, -3.68, -3.318, -2.814, -2.307, -1.883, -1.655, -1.668, -1.893, -2.256, -2.678, -3.107, -3.49, -3.756, -3.877, -3.82, -3.555, -3.104, -2.537, -1.904, -1.276, -0.692, -0.222, 0.04654, 0.02536, -0.29, -0.845, -1.537, -2.287, -3.049, -3.824, -4.66, -5.613, -6.63, -7.645, -8.6, -9.5, -10.27, -10.73, -10.78, -10.52, -9.99, -9.25, -8.31, -7.277, -6.2, -5.14, -4.09, -3.22, -2.55, -1.933, -1.36, -0.8003, -0.1714, 0.4736, 1.06, 1.384, 1.444, 1.24, 0.7227, 0.007347, -0.815, -1.69, -2.553, -3.38, -4.16, -4.88, -5.56, -6.203, -6.812, -7.375, -7.86, -8.29, -8.71, -9.15, -9.6, -10.07, -10.54, -10.98, -11.37, -11.65, -11.78, -11.8, -11.695, -11.43, -10.97, -10.29, -9.38, -8.234, -6.926, -5.473, -3.912, -2.332, -0.704, 0.9204, 2.482, 3.975, 5.438, 6.82, 8.2, 9.555, 10.87, 12.03, 13.1, 14.01, 14.7, 15.11, 15.22, 14.945, 14.3, 13.3, 12.09, 10.75, 9.43, 8.12, 6.785, 5.445, 4.105, 2.791, 1.49, 0.2104, -1.062, -2.352, -3.65, -4.953, -6.168, -7.195, -8.0, -8.53, -8.64, -8.234, -7.312, -6.04, -4.61, -3.088, -1.592, -0.1453, 1.193, 2.455, 3.453, 3.918, 3.797, 3.256, 2.523, 1.776, 1.22, 1.084, 1.41
1.87, 2.574, 3.316, 3.951, 4.23, 4.023, 3.379, 2.434, 1.341, 0.196, -0.8657, -1.765, -2.424, -2.727, -2.621, -2.201, -1.65, -1.152, -0.813, -0.7144, -0.856, -1.18, -1.575, -2.014, -2.443, -2.777, -2.895, -2.71, -2.219, -1.528, -0.699, 0.1774, 1.03, 1.835, 2.555, 3.107, 3.479, 3.662, 3.678, 3.53, 3.24, 2.842, 2.35, 1.767, 1.118, 0.4263, -0.3123, -1.084, -1.849, -2.584, -3.227, -3.658, -3.78, -3.566, -3.11, -2.533, -1.968, -1.524, -1.294, -1.333, -1.612, -2.041, -2.521, -3.01, -3.459, -3.822, -4.055, -4.098, -3.93, -3.576, -3.07, -2.484, -1.873, -1.314, -0.847, -0.572, -0.5586, -0.8203, -1.323, -1.987, -2.705, -3.426, -4.164, -5.004, -5.938, -6.918, -7.88, -8.81, -9.67, -10.32, -10.65, -10.57, -10.22, -9.586, -8.76, -7.797, -6.723, -5.617, -4.508, -3.486, -2.62, -1.913, -1.257, -0.6313, 0.01068, 0.7, 1.327, 1.83, 2.102, 2.06, 1.712, 1.113, 0.3318, -0.5146, -1.391, -2.268, -3.117, -3.941, -4.7, -5.406, -6.066, -6.715, -7.297, -7.805, -8.26, -8.69, -9.13, -9.61, -10.1, -10.58, -11.04, -11.47, -11.82, -12.02, -12.125, -12.1, -11.93, -11.54, -10.9, -10.03, -8.89, -7.594, -6.168, -4.652, -3.078, -1.419, 0.1959, 1.76, 3.318, 4.74, 6.137, 7.54, 8.85, 10.086, 11.266, 12.305, 13.23, 13.94, 14.42, 14.59, 14.39, 13.81, 12.94, 11.805, 10.53, 9.22, 7.91, 6.58, 5.23, 3.895, 2.564, 1.264, -0.02524, -1.3125, -2.604, -3.9, -5.195, -6.39, -7.375, -8.13, -8.61, -8.69, -8.266, -7.332, -6.01, -4.57, -3.03, -1.506, -0.07886, 1.274, 2.53, 3.52, 4.027, 3.893, 3.342, 2.611, 1.837, 1.221, 1.028, 1.296
1.727, 2.43, 3.16, 3.785, 4.047, 3.803, 3.129, 2.168, 1.08, -0.02774, -1.044, -1.887, -2.463, -2.656, -2.43, -1.939, -1.347, -0.8247, -0.4792, -0.3787, -0.53, -0.873, -1.315, -1.793, -2.283, -2.697, -2.918, -2.844, -2.441, -1.795, -1.004, -0.1351, 0.724, 1.536, 2.27, 2.879, 3.281, 3.506, 3.55, 3.418, 3.11, 2.676, 2.137, 1.503, 0.824, 0.1252, -0.6157, -1.385, -2.145, -2.846, -3.424, -3.74, -3.736, -3.422, -2.873, -2.238, -1.62, -1.135, -0.9087, -0.9775, -1.319, -1.786, -2.314, -2.875, -3.385, -3.836, -4.16, -4.3, -4.234, -3.982, -3.562, -3.033, -2.469, -1.935, -1.487, -1.21, -1.174, -1.382, -1.825, -2.436, -3.113, -3.812, -4.547, -5.367, -6.266, -7.195, -8.12, -9.01, -9.79, -10.36, -10.555, -10.38, -9.89, -9.125, -8.266, -7.207, -6.09, -4.95, -3.855, -2.896, -2.066, -1.316, -0.6084, 0.07007, 0.747, 1.446, 2.037, 2.469, 2.627, 2.488, 2.066, 1.444, 0.633, -0.2043, -1.085, -1.96, -2.816, -3.684, -4.46, -5.21, -5.9, -6.56, -7.168, -7.71, -8.195, -8.63, -9.09, -9.586, -10.08, -10.58, -11.055, -11.52, -11.94, -12.21, -12.41, -12.47, -12.375, -12.07, -11.51, -10.68, -9.59, -8.27, -6.88, -5.387, -3.797, -2.158, -0.521, 1.081, 2.592, 4.074, 5.48, 6.82, 8.15, 9.37, 10.53, 11.54, 12.43, 13.19, 13.72, 13.96, 13.83, 13.34, 12.6, 11.555, 10.3, 9.01, 7.684, 6.34, 4.992, 3.65, 2.33, 1.027, -0.2717, -1.566, -2.867, -4.168, -5.445, -6.617, -7.566, -8.266, -8.67, -8.695, -8.24, -7.277, -5.95, -4.44, -2.908, -1.391, 0.0317, 1.396, 2.652, 3.662, 4.15, 4.0, 3.43, 2.678, 1.883, 1.242, 0.972, 1.175
1.552, 2.236, 2.957, 3.582, 3.812, 3.54, 2.855, 1.8955, 0.8184, -0.2473, -1.204, -1.985, -2.47, -2.553, -2.23, -1.663, -1.044, -0.492, -0.12164, -0.01008, -0.1665, -0.5337, -1.017, -1.557, -2.1, -2.58, -2.895, -2.938, -2.627, -2.049, -1.298, -0.449, 0.4038, 1.209, 1.96, 2.605, 3.059, 3.33, 3.393, 3.268, 2.955, 2.488, 1.906, 1.24, 0.543, -0.1768, -0.9277, -1.679, -2.414, -3.082, -3.568, -3.771, -3.646, -3.22, -2.604, -1.927, -1.266, -0.7524, -0.512, -0.608, -0.986, -1.507, -2.084, -2.666, -3.248, -3.764, -4.18, -4.414, -4.45, -4.305, -3.98, -3.533, -3.045, -2.557, -2.137, -1.87, -1.814, -1.964, -2.352, -2.898, -3.533, -4.21, -4.934, -5.74, -6.598, -7.477, -8.35, -9.195, -9.93, -10.4, -10.47, -10.14, -9.53, -8.68, -7.74, -6.617, -5.49, -4.324, -3.275, -2.367, -1.58, -0.799, -0.0841, 0.6104, 1.33, 2.041, 2.559, 2.916, 2.988, 2.799, 2.346, 1.69, 0.9136, 0.08154, -0.773, -1.63, -2.51, -3.367, -4.184, -4.957, -5.67, -6.355, -6.99, -7.57, -8.08, -8.55, -9.02, -9.52, -10.03, -10.54, -11.04, -11.53, -11.984, -12.36, -12.64, -12.8, -12.78, -12.52, -12.03, -11.234, -10.21, -8.98, -7.586, -6.094, -4.496, -2.848, -1.22, 0.355, 1.863, 3.365, 4.76, 6.086, 7.418, 8.69, 9.766, 10.79, 11.7, 12.45, 13.0, 13.28, 13.266, 12.87, 12.2, 11.24, 10.06, 8.79, 7.457, 6.1, 4.75, 3.404, 2.084, 0.7817, -0.512, -1.813, -3.113, -4.41, -5.684, -6.832, -7.746, -8.39, -8.74, -8.69, -8.15, -7.15, -5.79, -4.258, -2.729, -1.229, 0.1959, 1.56, 2.816, 3.816, 4.285, 4.117, 3.521, 2.754, 1.958, 1.272, 0.92, 1.048
1.365, 2.023, 2.742, 3.342, 3.54, 3.24, 2.537, 1.581, 0.5347, -0.4688, -1.364, -2.082, -2.469, -2.426, -2.014, -1.396, -0.739, -0.1534, 0.2546, 0.3845, 0.2101, -0.181, -0.705, -1.277, -1.869, -2.416, -2.824, -2.965, -2.766, -2.275, -1.572, -0.7573, 0.0867, 0.8813, 1.632, 2.303, 2.818, 3.125, 3.207, 3.09, 2.766, 2.275, 1.654, 0.963, 0.246, -0.4832, -1.224, -1.957, -2.674, -3.277, -3.67, -3.76, -3.508, -2.977, -2.299, -1.585, -0.892, -0.3447, -0.0941, -0.2179, -0.638, -1.205, -1.823, -2.447, -3.053, -3.64, -4.125, -4.44, -4.58, -4.523, -4.33, -3.988, -3.574, -3.15, -2.773, -2.508, -2.438, -2.562, -2.889, -3.383, -3.98, -4.633, -5.33, -6.1, -6.902, -7.73, -8.56, -9.34, -10.0, -10.35, -10.3, -9.85, -9.13, -8.164, -7.18, -6.04, -4.836, -3.684, -2.695, -1.832, -1.109, -0.3584, 0.354, 1.108, 1.819, 2.488, 2.97, 3.25, 3.262, 3.03, 2.537, 1.905, 1.147, 0.3643, -0.439, -1.269, -2.133, -3.014, -3.865, -4.668, -5.395, -6.1, -6.766, -7.38, -7.93, -8.43, -8.92, -9.43, -9.95, -10.47, -10.984, -11.51, -12.01, -12.44, -12.82, -13.07, -13.12, -12.945, -12.47, -11.77, -10.79, -9.63, -8.28, -6.78, -5.215, -3.586, -1.963, -0.3706, 1.167, 2.65, 4.062, 5.363, 6.75, 7.93, 9.05, 10.05, 10.94, 11.65, 12.22, 12.586, 12.65, 12.39, 11.79, 10.914, 9.79, 8.555, 7.22, 5.848, 4.492, 3.148, 1.832, 0.53, -0.766, -2.07, -3.375, -4.68, -5.93, -7.047, -7.918, -8.52, -8.79, -8.65, -8.06, -6.965, -5.582, -4.035, -2.479, -0.971, 0.4543, 1.809, 3.043, 4.008, 4.445, 4.246, 3.62, 2.832, 2.031, 1.311, 0.878, 0.92
1.197, 1.832, 2.53, 3.096, 3.248, 2.904, 2.188, 1.251, 0.2445, -0.701, -1.53, -2.16, -2.438, -2.273, -1.765, -1.109, -0.429, 0.1887, 0.6406, 0.7876, 0.6123, 0.1963, -0.3608, -0.978, -1.609, -2.2, -2.684, -2.928, -2.871, -2.465, -1.832, -1.061, -0.242, 0.552, 1.311, 1.993, 2.53, 2.871, 2.994, 2.89, 2.557, 2.033, 1.38, 0.6743, -0.0503, -0.781, -1.517, -2.236, -2.916, -3.463, -3.76, -3.725, -3.346, -2.723, -1.985, -1.207, -0.4797, 0.086, 0.3342, 0.1975, -0.2646, -0.8765, -1.536, -2.197, -2.844, -3.475, -4.03, -4.43, -4.64, -4.68, -4.574, -4.35, -4.047, -3.695, -3.377, -3.139, -3.049, -3.14, -3.426, -3.883, -4.43, -5.03, -5.703, -6.42, -7.176, -7.96, -8.75, -9.47, -10.01, -10.23, -10.055, -9.516, -8.69, -7.695, -6.617, -5.4, -4.227, -3.1, -2.15, -1.321, -0.622, 0.08484, 0.8013, 1.569, 2.281, 2.875, 3.293, 3.488, 3.441, 3.158, 2.654, 2.045, 1.334, 0.6187, -0.1298, -0.924, -1.766, -2.633, -3.494, -4.31, -5.074, -5.797, -6.48, -7.13, -7.723, -8.266, -8.78, -9.31, -9.85, -10.38, -10.91, -11.445, -12.01, -12.516, -12.96, -13.27, -13.39, -13.3, -12.9, -12.234, -11.37, -10.24, -8.94, -7.465, -5.91, -4.293, -2.695, -1.061, 0.5195, 1.974, 3.363, 4.688, 6.043, 7.242, 8.33, 9.29, 10.12, 10.875, 11.48, 11.914, 12.07, 11.94, 11.41, 10.56, 9.5, 8.26, 6.94, 5.58, 4.223, 2.883, 1.574, 0.273, -1.031, -2.346, -3.66, -4.96, -6.203, -7.258, -8.07, -8.59, -8.805, -8.6, -7.91, -6.77, -5.316, -3.723, -2.146, -0.635, 0.7847, 2.117, 3.326, 4.234, 4.65, 4.42, 3.762, 2.94, 2.113, 1.347, 0.854, 0.811
1.066, 1.654, 2.322, 2.846, 2.959, 2.578, 1.843, 0.934, -0.03268, -0.9253, -1.687, -2.225, -2.385, -2.115, -1.535, -0.84, -0.126, 0.5186, 1.015, 1.194, 1.038, 0.5996, 0.00963, -0.6426, -1.291, -1.917, -2.479, -2.838, -2.912, -2.637, -2.078, -1.35, -0.565, 0.218, 0.966, 1.642, 2.201, 2.584, 2.742, 2.637, 2.31, 1.772, 1.103, 0.3906, -0.3308, -1.059, -1.794, -2.504, -3.148, -3.633, -3.836, -3.68, -3.19, -2.473, -1.673, -0.844, -0.0787, 0.5156, 0.7764, 0.621, 0.11914, -0.538, -1.238, -1.93, -2.605, -3.264, -3.88, -4.367, -4.664, -4.78, -4.766, -4.637, -4.426, -4.17, -3.902, -3.713, -3.623, -3.695, -3.951, -4.363, -4.86, -5.426, -6.055, -6.73, -7.426, -8.16, -8.9, -9.54, -9.95, -10.04, -9.76, -9.09, -8.23, -7.188, -6.035, -4.773, -3.605, -2.543, -1.619, -0.854, -0.1926, 0.502, 1.26, 1.992, 2.658, 3.188, 3.53, 3.65, 3.543, 3.234, 2.748, 2.162, 1.51, 0.8706, 0.1682, -0.589, -1.399, -2.23, -3.076, -3.9, -4.684, -5.438, -6.16, -6.84, -7.47, -8.05, -8.59, -9.15, -9.71, -10.26, -10.805, -11.37, -11.96, -12.54, -13.04, -13.42, -13.6, -13.555, -13.234, -12.67, -11.914, -10.85, -9.586, -8.17, -6.69, -5.055, -3.422, -1.817, -0.2451, 1.22, 2.637, 4.035, 5.312, 6.547, 7.63, 8.59, 9.41, 10.13, 10.77, 11.29, 11.53, 11.48, 11.016, 10.23, 9.22, 8.0, 6.676, 5.324, 3.965, 2.627, 1.308, -0.002495, -1.323, -2.646, -3.965, -5.26, -6.457, -7.453, -8.2, -8.664, -8.78, -8.48, -7.7, -6.492, -4.996, -3.385, -1.776, -0.2542, 1.176, 2.48, 3.617, 4.484, 4.848, 4.598, 3.92, 3.084, 2.24, 1.443, 0.877, 0.7417
0.9556, 1.493, 2.12, 2.602, 2.664, 2.254, 1.524, 0.6284, -0.291, -1.135, -1.84, -2.29, -2.334, -1.941, -1.309, -0.561, 0.1691, 0.8506, 1.387, 1.615, 1.474, 1.02, 0.3936, -0.273, -0.9517, -1.609, -2.225, -2.691, -2.91, -2.77, -2.307, -1.634, -0.885, -0.1351, 0.6, 1.283, 1.843, 2.248, 2.426, 2.344, 2.027, 1.484, 0.818, 0.09924, -0.6294, -1.36, -2.086, -2.771, -3.373, -3.791, -3.883, -3.598, -3.006, -2.225, -1.365, -0.4922, 0.307, 0.93, 1.206, 1.032, 0.5083, -0.1833, -0.9043, -1.618, -2.322, -3.025, -3.688, -4.246, -4.645, -4.855, -4.914, -4.87, -4.75, -4.555, -4.363, -4.2, -4.13, -4.207, -4.45, -4.812, -5.285, -5.81, -6.406, -7.03, -7.67, -8.336, -9.016, -9.55, -9.84, -9.81, -9.43, -8.695, -7.773, -6.703, -5.5, -4.27, -3.086, -2.06, -1.154, -0.4182, 0.27, 0.966, 1.717, 2.455, 3.037, 3.496, 3.73, 3.75, 3.59, 3.285, 2.809, 2.26, 1.69, 1.109, 0.4607, -0.2742, -1.027, -1.82, -2.65, -3.457, -4.242, -5.016, -5.77, -6.492, -7.16, -7.777, -8.35, -8.93, -9.51, -10.08, -10.66, -11.25, -11.9, -12.49, -13.04, -13.49, -13.74, -13.78, -13.58, -13.12, -12.43, -11.46, -10.3, -8.93, -7.477, -5.89, -4.246, -2.629, -1.078, 0.4214, 1.885, 3.29, 4.617, 5.824, 6.902, 7.867, 8.664, 9.38, 10.09, 10.69, 10.984, 10.984, 10.6, 9.91, 8.945, 7.773, 6.42, 5.06, 3.693, 2.334, 1.008, -0.3047, -1.632, -2.95, -4.266, -5.54, -6.7, -7.625, -8.31, -8.664, -8.664, -8.27, -7.383, -6.133, -4.613, -2.969, -1.371, 0.1562, 1.583, 2.854, 3.945, 4.74, 5.047, 4.78, 4.105, 3.26, 2.396, 1.582, 0.952, 0.722
0.8735, 1.337, 1.923, 2.363, 2.393, 1.965, 1.233, 0.3564, -0.526, -1.336, -1.989, -2.34, -2.254, -1.773, -1.074, -0.3005, 0.4614, 1.176, 1.762, 2.035, 1.914, 1.452, 0.8096, 0.1106, -0.577, -1.277, -1.938, -2.5, -2.842, -2.846, -2.506, -1.898, -1.189, -0.4792, 0.2358, 0.9077, 1.476, 1.895, 2.086, 2.014, 1.698, 1.164, 0.504, -0.2201, -0.9585, -1.683, -2.389, -3.05, -3.598, -3.912, -3.887, -3.482, -2.807, -1.976, -1.06, -0.1495, 0.696, 1.357, 1.634, 1.449, 0.9126, 0.1995, -0.537, -1.273, -2.01, -2.744, -3.451, -4.086, -4.574, -4.883, -5.05, -5.09, -5.027, -4.906, -4.758, -4.633, -4.594, -4.684, -4.91, -5.25, -5.7, -6.2, -6.75, -7.324, -7.895, -8.51, -9.1, -9.52, -9.69, -9.53, -9.05, -8.28, -7.27, -6.16, -4.92, -3.729, -2.6, -1.582, -0.722, 0.0414, 0.7236, 1.515, 2.254, 2.936, 3.45, 3.775, 3.895, 3.842, 3.65, 3.299, 2.867, 2.373, 1.866, 1.331, 0.719, 0.03418, -0.673, -1.424, -2.203, -2.977, -3.756, -4.555, -5.344, -6.09, -6.777, -7.434, -8.05, -8.65, -9.25, -9.85, -10.47, -11.09, -11.74, -12.38, -12.97, -13.47, -13.805, -13.93, -13.81, -13.445, -12.88, -12.02, -10.96, -9.66, -8.24, -6.742, -5.13, -3.521, -1.925, -0.4065, 1.079, 2.523, 3.867, 5.094, 6.188, 7.133, 7.957, 8.72, 9.414, 10.05, 10.45, 10.5, 10.234, 9.61, 8.7, 7.562, 6.207, 4.82, 3.432, 2.055, 0.704, -0.6255, -1.945, -3.26, -4.543, -5.78, -6.883, -7.758, -8.375, -8.64, -8.53, -8.016, -7.02, -5.695, -4.168, -2.502, -0.905, 0.6, 1.9795, 3.22, 4.25, 4.992, 5.246, 4.973, 4.31, 3.463, 2.596, 1.753, 1.066, 0.7427
0.814, 1.191, 1.725, 2.127, 2.145, 1.701, 0.975, 0.1296, -0.7227, -1.509, -2.105, -2.354, -2.164, -1.6, -0.8525, -0.03925, 0.7544, 1.508, 2.105, 2.43, 2.342, 1.895, 1.248, 0.539, -0.1766, -0.9004, -1.603, -2.244, -2.715, -2.877, -2.67, -2.168, -1.503, -0.811, -0.11865, 0.5396, 1.104, 1.524, 1.722, 1.65, 1.351, 0.821, 0.1631, -0.544, -1.268, -1.986, -2.678, -3.297, -3.775, -3.988, -3.852, -3.344, -2.6, -1.707, -0.749, 0.1981, 1.067, 1.762, 2.055, 1.87, 1.315, 0.6055, -0.1384, -0.894, -1.66, -2.418, -3.178, -3.879, -4.45, -4.867, -5.137, -5.26, -5.273, -5.207, -5.1, -5.027, -5.023, -5.12, -5.348, -5.668, -6.074, -6.555, -7.07, -7.574, -8.08, -8.63, -9.13, -9.44, -9.484, -9.25, -8.69, -7.844, -6.78, -5.598, -4.36, -3.174, -2.082, -1.114, -0.2576, 0.502, 1.273, 2.066, 2.79, 3.424, 3.82, 4.016, 4.094, 3.959, 3.69, 3.34, 2.928, 2.49, 2.035, 1.532, 0.98, 0.3655, -0.3008, -0.992, -1.723, -2.477, -3.258, -4.062, -4.86, -5.6, -6.32, -7.004, -7.668, -8.3, -8.92, -9.555, -10.195, -10.83, -11.49, -12.17, -12.83, -13.39, -13.805, -14.016, -14.04, -13.81, -13.29, -12.49, -11.516, -10.36, -8.98, -7.55, -6.035, -4.438, -2.838, -1.258, 0.2474, 1.746, 3.156, 4.37, 5.508, 6.48, 7.28, 8.04, 8.78, 9.39, 9.9, 10.08, 9.87, 9.336, 8.445, 7.332, 6.02, 4.617, 3.201, 1.799, 0.4233, -0.9253, -2.244, -3.545, -4.82, -5.992, -7.023, -7.83, -8.375, -8.57, -8.34, -7.69, -6.6, -5.188, -3.633, -1.987, -0.3992, 1.048, 2.389, 3.586, 4.53, 5.2, 5.44, 5.18, 4.53, 3.693, 2.814, 1.96, 1.223, 0.7935
0.7466, 1.026, 1.495, 1.868, 1.892, 1.468, 0.755, -0.0678, -0.9023, -1.665, -2.205, -2.355, -2.06, -1.43, -0.642, 0.1998, 1.024, 1.801, 2.434, 2.797, 2.75, 2.336, 1.715, 0.998, 0.2544, -0.495, -1.233, -1.942, -2.521, -2.846, -2.797, -2.408, -1.814, -1.154, -0.4827, 0.167, 0.714, 1.136, 1.326, 1.26, 0.9585, 0.457, -0.1847, -0.872, -1.584, -2.277, -2.924, -3.479, -3.883, -4.01, -3.768, -3.18, -2.371, -1.443, -0.4368, 0.5283, 1.41, 2.129, 2.455, 2.287, 1.741, 1.025, 0.2812, -0.488, -1.274, -2.059, -2.861, -3.615, -4.273, -4.785, -5.156, -5.383, -5.48, -5.48, -5.426, -5.39, -5.418, -5.51, -5.742, -6.04, -6.41, -6.863, -7.32, -7.766, -8.23, -8.71, -9.125, -9.33, -9.266, -8.94, -8.31, -7.39, -6.254, -5.04, -3.803, -2.627, -1.608, -0.6587, 0.1698, 0.9897, 1.825, 2.643, 3.352, 3.893, 4.19, 4.28, 4.24, 4.027, 3.719, 3.393, 3.004, 2.613, 2.193, 1.731, 1.225, 0.682, 0.0678, -0.578, -1.262, -1.985, -2.744, -3.54, -4.332, -5.074, -5.797, -6.51, -7.207, -7.867, -8.52, -9.19, -9.84, -10.5, -11.2, -11.914, -12.625, -13.234, -13.734, -14.055, -14.164, -14.06, -13.61, -12.96, -12.1, -10.98, -9.734, -8.36, -6.87, -5.336, -3.705, -2.12, -0.5405, 0.971, 2.365, 3.67, 4.824, 5.805, 6.645, 7.395, 8.12, 8.78, 9.34, 9.61, 9.47, 9.055, 8.234, 7.14, 5.812, 4.406, 2.953, 1.537, 0.1522, -1.201, -2.53, -3.832, -5.055, -6.152, -7.133, -7.902, -8.39, -8.48, -8.12, -7.305, -6.105, -4.633, -3.04, -1.412, 0.128, 1.538, 2.809, 3.922, 4.77, 5.383, 5.62, 5.387, 4.773, 3.943, 3.068, 2.174, 1.382, 0.847
0.6357, 0.803, 1.209, 1.557, 1.594, 1.204, 0.5215, -0.2798, -1.083, -1.795, -2.273, -2.324, -1.943, -1.262, -0.4465, 0.4216, 1.271, 2.059, 2.723, 3.135, 3.133, 2.762, 2.162, 1.449, 0.698, -0.0697, -0.837, -1.593, -2.264, -2.729, -2.846, -2.607, -2.1, -1.48, -0.8267, -0.2137, 0.3223, 0.722, 0.909, 0.8525, 0.557, 0.0695, -0.555, -1.222, -1.897, -2.553, -3.148, -3.625, -3.953, -3.977, -3.639, -2.998, -2.146, -1.177, -0.1483, 0.817, 1.72, 2.473, 2.82, 2.67, 2.139, 1.431, 0.68, -0.09094, -0.8867, -1.705, -2.54, -3.328, -4.05, -4.65, -5.113, -5.445, -5.625, -5.688, -5.71, -5.72, -5.785, -5.89, -6.09, -6.375, -6.727, -7.12, -7.53, -7.93, -8.35, -8.77, -9.086, -9.195, -9.01, -8.586, -7.87, -6.875, -5.715, -4.473, -3.264, -2.148, -1.123, -0.203, 0.6465, 1.505, 2.38, 3.184, 3.861, 4.31, 4.504, 4.504, 4.367, 4.13, 3.807, 3.486, 3.139, 2.771, 2.387, 1.959, 1.501, 0.987, 0.4238, -0.1731, -0.819, -1.516, -2.246, -3.014, -3.791, -4.535, -5.25, -5.99, -6.707, -7.4, -8.08, -8.78, -9.445, -10.12, -10.85, -11.62, -12.34, -13.02, -13.57, -13.96, -14.18, -14.19, -13.914, -13.36, -12.58, -11.586, -10.414, -9.12, -7.668, -6.164, -4.59, -2.98, -1.366, 0.199, 1.625, 2.967, 4.11, 5.117, 5.996, 6.742, 7.51, 8.195, 8.74, 9.07, 9.03, 8.7, 7.977, 6.887, 5.586, 4.164, 2.707, 1.282, -0.1042, -1.461, -2.809, -4.094, -5.26, -6.31, -7.227, -7.945, -8.336, -8.31, -7.8, -6.86, -5.543, -4.055, -2.445, -0.804, 0.6914, 2.027, 3.215, 4.22, 5.008, 5.566, 5.812, 5.625, 5.043, 4.23, 3.312, 2.38, 1.518, 0.8765
0.4915, 0.5254, 0.845, 1.173, 1.225, 0.8916, 0.263, -0.4988, -1.26, -1.921, -2.316, -2.275, -1.821, -1.099, -0.2607, 0.62, 1.481, 2.268, 2.947, 3.406, 3.494, 3.188, 2.604, 1.912, 1.175, 0.397, -0.386, -1.172, -1.923, -2.52, -2.803, -2.72, -2.342, -1.79, -1.186, -0.588, -0.06714, 0.312, 0.492, 0.4292, 0.1473, -0.3179, -0.9062, -1.544, -2.174, -2.785, -3.33, -3.748, -3.99, -3.926, -3.51, -2.812, -1.929, -0.931, 0.1021, 1.074, 1.974, 2.752, 3.133, 3.016, 2.508, 1.822, 1.075, 0.3113, -0.4856, -1.318, -2.174, -3.006, -3.775, -4.45, -5.016, -5.43, -5.703, -5.855, -5.93, -5.996, -6.082, -6.215, -6.41, -6.668, -6.98, -7.336, -7.707, -8.08, -8.46, -8.81, -9.02, -9.016, -8.734, -8.19, -7.36, -6.34, -5.156, -3.918, -2.738, -1.6045, -0.5874, 0.33, 1.207, 2.086, 2.973, 3.756, 4.363, 4.688, 4.78, 4.727, 4.516, 4.242, 3.932, 3.61, 3.287, 2.928, 2.547, 2.168, 1.74, 1.261, 0.751, 0.2036, -0.3982, -1.064, -1.757, -2.488, -3.242, -3.982, -4.703, -5.44, -6.184, -6.902, -7.61, -8.32, -9.02, -9.72, -10.47, -11.25, -12.0, -12.734, -13.305, -13.805, -14.1, -14.234, -14.12, -13.71, -13.04, -12.13, -11.04, -9.78, -8.43, -6.97, -5.383, -3.775, -2.139, -0.5747, 0.8955, 2.227, 3.426, 4.457, 5.363, 6.152, 6.836, 7.56, 8.125, 8.484, 8.555, 8.24, 7.582, 6.594, 5.32, 3.93, 2.484, 1.047, -0.3335, -1.7, -3.066, -4.332, -5.445, -6.457, -7.316, -7.96, -8.25, -8.1, -7.438, -6.344, -4.953, -3.412, -1.794, -0.2085, 1.232, 2.512, 3.64, 4.523, 5.24, 5.78, 6.062, 5.902, 5.375, 4.55, 3.57, 2.562, 1.616, 0.8745
0.2925, 0.1974, 0.4158, 0.709, 0.7935, 0.5347, -0.014496, -0.716, -1.4375, -2.04, -2.37, -2.244, -1.717, -0.9536, -0.0935, 0.786, 1.641, 2.412, 3.104, 3.629, 3.805, 3.572, 3.053, 2.393, 1.659, 0.8945, 0.09296, -0.719, -1.517, -2.201, -2.643, -2.744, -2.527, -2.084, -1.536, -0.982, -0.4841, -0.1239, 0.04846, -0.00523, -0.2747, -0.717, -1.268, -1.86, -2.44, -2.99, -3.469, -3.834, -4.008, -3.867, -3.385, -2.637, -1.722, -0.7124, 0.315, 1.284, 2.172, 2.95, 3.37, 3.297, 2.842, 2.186, 1.46, 0.716, -0.0715, -0.9116, -1.795, -2.65, -3.47, -4.203, -4.848, -5.35, -5.707, -5.93, -6.08, -6.203, -6.33, -6.473, -6.652, -6.89, -7.184, -7.51, -7.848, -8.195, -8.55, -8.836, -8.94, -8.81, -8.38, -7.742, -6.844, -5.74, -4.504, -3.307, -2.111, -1.004, 0.01697, 0.9194, 1.844, 2.73, 3.627, 4.33, 4.863, 5.074, 5.08, 4.95, 4.703, 4.43, 4.11, 3.8, 3.467, 3.143, 2.777, 2.389, 1.975, 1.532, 1.057, 0.549, -0.001933, -0.621, -1.279, -1.9795, -2.691, -3.424, -4.156, -4.895, -5.637, -6.367, -7.082, -7.81, -8.53, -9.25, -10.02, -10.82, -11.586, -12.3, -12.94, -13.51, -13.945, -14.195, -14.21, -13.92, -13.375, -12.53, -11.55, -10.414, -9.125, -7.688, -6.113, -4.49, -2.863, -1.295, 0.1945, 1.553, 2.781, 3.848, 4.797, 5.58, 6.277, 6.957, 7.49, 7.86, 7.957, 7.734, 7.16, 6.25, 5.047, 3.676, 2.258, 0.8184, -0.5747, -1.949, -3.32, -4.555, -5.62, -6.586, -7.395, -7.945, -8.14, -7.86, -7.07, -5.863, -4.4, -2.797, -1.183, 0.3652, 1.763, 3.012, 4.055, 4.85, 5.523, 6.06, 6.35, 6.246, 5.723, 4.88, 3.816, 2.71, 1.668, 0.8057
0.05426, -0.1783, -0.06232, 0.1897, 0.3027, 0.1292, -0.332, -0.9585, -1.626, -2.18, -2.428, -2.23, -1.648, -0.8535, 0.02046, 0.898, 1.74, 2.518, 3.217, 3.787, 4.04, 3.9, 3.46, 2.844, 2.127, 1.383, 0.5967, -0.2205, -1.025, -1.7705, -2.346, -2.643, -2.613, -2.312, -1.849, -1.353, -0.8965, -0.563, -0.3994, -0.4414, -0.691, -1.102, -1.611, -2.154, -2.68, -3.174, -3.611, -3.916, -4.03, -3.822, -3.28, -2.486, -1.555, -0.535, 0.4758, 1.423, 2.307, 3.08, 3.527, 3.508, 3.102, 2.479, 1.792, 1.063, 0.2986, -0.5317, -1.412, -2.293, -3.143, -3.92, -4.625, -5.21, -5.64, -5.934, -6.15, -6.336, -6.496, -6.66, -6.848, -7.08, -7.35, -7.652, -7.953, -8.266, -8.586, -8.81, -8.83, -8.56, -8.03, -7.26, -6.258, -5.074, -3.836, -2.643, -1.441, -0.3242, 0.675, 1.6045, 2.562, 3.441, 4.28, 4.934, 5.332, 5.49, 5.41, 5.21, 4.94, 4.633, 4.324, 4.0, 3.682, 3.35, 3.0, 2.61, 2.193, 1.786, 1.337, 0.872, 0.3535, -0.2136, -0.825, -1.4795, -2.166, -2.871, -3.6, -4.336, -5.074, -5.797, -6.51, -7.23, -7.945, -8.68, -9.47, -10.3, -11.086, -11.836, -12.53, -13.16, -13.67, -14.05, -14.18, -14.03, -13.59, -12.914, -12.01, -10.96, -9.7, -8.31, -6.766, -5.17, -3.566, -1.985, -0.5005, 0.872, 2.135, 3.268, 4.242, 5.035, 5.754, 6.34, 6.82, 7.2, 7.31, 7.137, 6.68, 5.855, 4.746, 3.447, 2.043, 0.598, -0.813, -2.2, -3.545, -4.742, -5.793, -6.71, -7.44, -7.883, -7.95, -7.566, -6.656, -5.344, -3.805, -2.201, -0.603, 0.924, 2.29, 3.484, 4.45, 5.17, 5.82, 6.36, 6.668, 6.582, 6.035, 5.137, 4.016, 2.824, 1.689, 0.7104
-0.1686, -0.555, -0.5493, -0.358, -0.2317, -0.3323, -0.7065, -1.25, -1.854, -2.334, -2.498, -2.234, -1.613, -0.7954, 0.0928, 0.977, 1.813, 2.586, 3.293, 3.883, 4.184, 4.145, 3.795, 3.258, 2.604, 1.903, 1.14, 0.3286, -0.4832, -1.257, -1.928, -2.398, -2.572, -2.434, -2.104, -1.693, -1.29, -0.9854, -0.8325, -0.8774, -1.1, -1.477, -1.938, -2.43, -2.896, -3.354, -3.75, -4.01, -4.05, -3.773, -3.18, -2.371, -1.402, -0.3977, 0.607, 1.545, 2.414, 3.172, 3.615, 3.63, 3.28, 2.707, 2.057, 1.354, 0.614, -0.189, -1.053, -1.931, -2.785, -3.6, -4.35, -5.01, -5.52, -5.88, -6.16, -6.402, -6.613, -6.805, -7.0, -7.22, -7.473, -7.75, -8.03, -8.31, -8.586, -8.75, -8.69, -8.27, -7.64, -6.715, -5.63, -4.418, -3.145, -1.909, -0.6763, 0.4216, 1.468, 2.41, 3.38, 4.22, 4.996, 5.535, 5.824, 5.906, 5.766, 5.508, 5.215, 4.875, 4.547, 4.21, 3.88, 3.537, 3.168, 2.799, 2.396, 1.984, 1.567, 1.14, 0.6494, 0.1436, -0.4246, -1.029, -1.678, -2.352, -3.06, -3.78, -4.508, -5.215, -5.918, -6.633, -7.34, -8.07, -8.84, -9.67, -10.51, -11.32, -12.07, -12.76, -13.35, -13.805, -14.07, -14.05, -13.76, -13.17, -12.38, -11.4, -10.19, -8.86, -7.38, -5.832, -4.22, -2.635, -1.174, 0.2052, 1.513, 2.682, 3.684, 4.54, 5.207, 5.746, 6.234, 6.535, 6.64, 6.52, 6.152, 5.43, 4.44, 3.186, 1.802, 0.373, -1.041, -2.428, -3.752, -4.914, -5.926, -6.812, -7.473, -7.8, -7.76, -7.242, -6.242, -4.85, -3.258, -1.628, -0.04434, 1.448, 2.795, 3.93, 4.82, 5.527, 6.164, 6.695, 6.98, 6.832, 6.266, 5.332, 4.184, 2.922, 1.711, 0.631
-0.3533, -0.8955, -1.016, -0.91, -0.801, -0.8584, -1.15, -1.6, -2.117, -2.508, -2.584, -2.26, -1.597, -0.758, 0.1451, 1.02, 1.843, 2.61, 3.324, 3.924, 4.27, 4.297, 4.047, 3.615, 3.057, 2.41, 1.702, 0.928, 0.1272, -0.663, -1.416, -2.035, -2.398, -2.455, -2.285, -1.977, -1.655, -1.3955, -1.252, -1.291, -1.491, -1.832, -2.244, -2.678, -3.111, -3.541, -3.9, -4.113, -4.086, -3.752, -3.133, -2.28, -1.305, -0.2876, 0.7065, 1.632, 2.482, 3.207, 3.63, 3.674, 3.367, 2.854, 2.244, 1.589, 0.883, 0.1157, -0.697, -1.548, -2.412, -3.254, -4.05, -4.758, -5.344, -5.773, -6.117, -6.42, -6.688, -6.906, -7.117, -7.336, -7.57, -7.824, -8.08, -8.336, -8.57, -8.64, -8.47, -7.957, -7.156, -6.145, -4.957, -3.697, -2.424, -1.149, 0.10284, 1.269, 2.316, 3.305, 4.25, 5.023, 5.707, 6.18, 6.344, 6.33, 6.105, 5.777, 5.44, 5.105, 4.758, 4.4, 4.062, 3.697, 3.33, 2.963, 2.574, 2.17, 1.768, 1.35, 0.908, 0.4485, -0.0616, -0.6187, -1.231, -1.871, -2.547, -3.24, -3.951, -4.645, -5.332, -6.05, -6.766, -7.477, -8.24, -9.055, -9.91, -10.76, -11.56, -12.31, -12.96, -13.49, -13.86, -13.984, -13.81, -13.36, -12.68, -11.74, -10.625, -9.336, -7.926, -6.418, -4.855, -3.318, -1.817, -0.3953, 0.9253, 2.125, 3.168, 4.043, 4.69, 5.207, 5.598, 5.84, 5.953, 5.883, 5.574, 4.984, 4.062, 2.898, 1.555, 0.1376, -1.268, -2.64, -3.95, -5.09, -6.08, -6.902, -7.473, -7.7, -7.535, -6.902, -5.812, -4.375, -2.746, -1.106, 0.4724, 1.953, 3.271, 4.336, 5.18, 5.9, 6.49, 6.99, 7.223, 7.02, 6.418, 5.477, 4.293, 3.008, 1.756, 0.5864
-0.515, -1.192, -1.454, -1.457, -1.407, -1.444, -1.664, -2.016, -2.426, -2.705, -2.682, -2.291, -1.595, -0.7383, 0.1624, 1.05, 1.88, 2.645, 3.365, 3.965, 4.316, 4.4, 4.246, 3.906, 3.463, 2.896, 2.252, 1.528, 0.7446, -0.06885, -0.872, -1.586, -2.104, -2.361, -2.357, -2.19, -1.951, -1.742, -1.642, -1.682, -1.859, -2.152, -2.514, -2.902, -3.314, -3.727, -4.06, -4.23, -4.13, -3.73, -3.07, -2.201, -1.205, -0.1769, 0.8057, 1.713, 2.537, 3.217, 3.602, 3.64, 3.367, 2.924, 2.37, 1.76, 1.093, 0.3748, -0.3945, -1.211, -2.062, -2.92, -3.74, -4.49, -5.113, -5.613, -6.03, -6.41, -6.73, -6.984, -7.215, -7.434, -7.652, -7.887, -8.12, -8.34, -8.53, -8.516, -8.2, -7.574, -6.652, -5.555, -4.31, -2.984, -1.651, -0.3462, 0.937, 2.162, 3.24, 4.23, 5.105, 5.848, 6.387, 6.734, 6.844, 6.715, 6.426, 6.03, 5.66, 5.285, 4.926, 4.56, 4.184, 3.82, 3.45, 3.07, 2.678, 2.285, 1.904, 1.526, 1.137, 0.7134, 0.2448, -0.2727, -0.838, -1.44, -2.082, -2.734, -3.422, -4.098, -4.777, -5.477, -6.195, -6.92, -7.67, -8.47, -9.31, -10.16, -11.01, -11.8, -12.49, -13.09, -13.55, -13.78, -13.74, -13.45, -12.84, -12.02, -11.0, -9.79, -8.41, -6.99, -5.52, -4.016, -2.494, -1.049, 0.3428, 1.528, 2.627, 3.521, 4.203, 4.62, 4.957, 5.156, 5.273, 5.242, 5.008, 4.49, 3.67, 2.562, 1.26, -0.1525, -1.526, -2.885, -4.156, -5.26, -6.203, -6.99, -7.477, -7.594, -7.33, -6.555, -5.387, -3.906, -2.293, -0.6284, 0.956, 2.408, 3.678, 4.715, 5.55, 6.246, 6.832, 7.258, 7.4, 7.12, 6.477, 5.527, 4.36, 3.08, 1.805, 0.5435
-0.636, -1.446, -1.866, -2.012, -2.045, -2.08, -2.242, -2.502, -2.777, -2.918, -2.781, -2.31, -1.579, -0.7207, 0.2035, 1.101, 1.918, 2.69, 3.408, 3.967, 4.316, 4.42, 4.336, 4.1, 3.764, 3.322, 2.766, 2.096, 1.337, 0.5225, -0.2961, -1.052, -1.669, -2.092, -2.283, -2.273, -2.16, -2.043, -1.986, -2.021, -2.18, -2.443, -2.771, -3.13, -3.516, -3.908, -4.207, -4.33, -4.16, -3.697, -2.97, -2.096, -1.093, -0.06903, 0.9053, 1.775, 2.582, 3.217, 3.55, 3.562, 3.31, 2.906, 2.416, 1.866, 1.256, 0.578, -0.15, -0.9272, -1.7705, -2.637, -3.465, -4.227, -4.88, -5.438, -5.938, -6.375, -6.746, -7.047, -7.293, -7.516, -7.73, -7.945, -8.164, -8.35, -8.47, -8.336, -7.89, -7.156, -6.117, -4.918, -3.604, -2.232, -0.849, 0.5474, 1.866, 3.13, 4.25, 5.227, 6.02, 6.67, 7.074, 7.277, 7.258, 7.023, 6.652, 6.258, 5.816, 5.406, 5.023, 4.625, 4.26, 3.887, 3.516, 3.13, 2.744, 2.377, 2.03, 1.679, 1.31, 0.922, 0.4973, 0.02722, -0.4832, -1.033, -1.634, -2.266, -2.912, -3.56, -4.215, -4.902, -5.62, -6.344, -7.086, -7.867, -8.69, -9.52, -10.38, -11.2, -11.94, -12.61, -13.14, -13.46, -13.586, -13.41, -12.94, -12.23, -11.29, -10.15, -8.9, -7.523, -6.094, -4.637, -3.133, -1.676, -0.2961, 0.977, 2.064, 2.941, 3.604, 4.06, 4.332, 4.484, 4.594, 4.586, 4.42, 3.973, 3.25, 2.201, 0.915, -0.4653, -1.804, -3.13, -4.37, -5.44, -6.355, -7.07, -7.473, -7.484, -7.062, -6.234, -4.98, -3.469, -1.825, -0.1603, 1.407, 2.824, 4.07, 5.098, 5.92, 6.62, 7.14, 7.45, 7.48, 7.14, 6.453, 5.508, 4.37, 3.111, 1.818, 0.5073
-0.7744, -1.691, -2.244, -2.535, -2.674, -2.764, -2.867, -3.021, -3.162, -3.145, -2.883, -2.336, -1.561, -0.6665, 0.2693, 1.152, 1.976, 2.752, 3.459, 3.979, 4.29, 4.387, 4.34, 4.188, 3.975, 3.668, 3.22, 2.637, 1.931, 1.151, 0.3438, -0.4233, -1.112, -1.673, -2.041, -2.213, -2.258, -2.242, -2.248, -2.3, -2.46, -2.705, -3.012, -3.354, -3.71, -4.074, -4.33, -4.39, -4.15, -3.617, -2.855, -1.963, -0.959, 0.05984, 1.015, 1.864, 2.639, 3.209, 3.479, 3.443, 3.2, 2.826, 2.393, 1.911, 1.358, 0.7227, 0.02803, -0.7188, -1.531, -2.377, -3.201, -3.963, -4.637, -5.25, -5.81, -6.316, -6.74, -7.082, -7.355, -7.59, -7.805, -8.016, -8.22, -8.36, -8.375, -8.125, -7.535, -6.68, -5.574, -4.266, -2.86, -1.428, 0.0495, 1.535, 2.902, 4.24, 5.332, 6.227, 6.97, 7.465, 7.73, 7.79, 7.637, 7.29, 6.836, 6.367, 5.914, 5.47, 5.055, 4.652, 4.28, 3.914, 3.537, 3.16, 2.8, 2.457, 2.117, 1.783, 1.443, 1.096, 0.721, 0.2979, -0.1515, -0.651, -1.207, -1.802, -2.414, -3.043, -3.684, -4.35, -5.05, -5.773, -6.496, -7.254, -8.04, -8.87, -9.72, -10.555, -11.35, -12.06, -12.67, -13.08, -13.3, -13.27, -12.945, -12.32, -11.516, -10.484, -9.33, -8.03, -6.66, -5.242, -3.736, -2.287, -0.929, 0.4058, 1.506, 2.396, 3.066, 3.475, 3.72, 3.846, 3.93, 3.928, 3.816, 3.441, 2.77, 1.786, 0.5605, -0.7974, -2.129, -3.424, -4.6, -5.625, -6.5, -7.152, -7.465, -7.348, -6.82, -5.875, -4.582, -3.04, -1.394, 0.2698, 1.83, 3.223, 4.465, 5.477, 6.3, 6.96, 7.4, 7.586, 7.492, 7.06, 6.324, 5.406, 4.3, 3.078, 1.775, 0.4211
-0.9116, -1.896, -2.6, -3.055, -3.291, -3.412, -3.482, -3.53, -3.523, -3.355, -2.965, -2.336, -1.507, -0.5903, 0.3545, 1.239, 2.057, 2.836, 3.51, 3.98, 4.242, 4.32, 4.285, 4.195, 4.08, 3.895, 3.582, 3.11, 2.486, 1.762, 0.989, 0.2261, -0.503, -1.167, -1.687, -2.03, -2.24, -2.355, -2.438, -2.523, -2.69, -2.934, -3.229, -3.559, -3.89, -4.21, -4.418, -4.406, -4.1, -3.516, -2.732, -1.81, -0.797, 0.2188, 1.145, 1.979, 2.703, 3.205, 3.398, 3.322, 3.064, 2.725, 2.328, 1.894, 1.398, 0.813, 0.1539, -0.561, -1.331, -2.145, -2.95, -3.709, -4.414, -5.066, -5.664, -6.223, -6.715, -7.098, -7.41, -7.656, -7.87, -8.07, -8.25, -8.33, -8.23, -7.855, -7.14, -6.137, -4.926, -3.564, -2.086, -0.566, 1.001, 2.553, 3.994, 5.332, 6.418, 7.277, 7.9, 8.23, 8.36, 8.25, 7.94, 7.51, 6.992, 6.46, 5.934, 5.477, 5.055, 4.645, 4.273, 3.918, 3.549, 3.2, 2.857, 2.514, 2.203, 1.896, 1.591, 1.281, 0.9336, 0.559, 0.1559, -0.3025, -0.8096, -1.375, -1.954, -2.566, -3.201, -3.85, -4.523, -5.23, -5.934, -6.656, -7.414, -8.22, -9.06, -9.91, -10.73, -11.48, -12.13, -12.61, -12.945, -13.04, -12.86, -12.39, -11.7, -10.77, -9.72, -8.516, -7.2, -5.777, -4.332, -2.86, -1.509, -0.1763, 0.9443, 1.855, 2.506, 2.877, 3.084, 3.193, 3.258, 3.283, 3.195, 2.885, 2.271, 1.346, 0.164, -1.144, -2.473, -3.727, -4.84, -5.83, -6.637, -7.203, -7.426, -7.203, -6.57, -5.523, -4.137, -2.584, -0.945, 0.683, 2.223, 3.62, 4.87, 5.883, 6.695, 7.26, 7.605, 7.65, 7.42, 6.9, 6.137, 5.22, 4.152, 2.98, 1.683, 0.3237
-1.059, -2.102, -2.912, -3.51, -3.855, -4.008, -4.03, -3.97, -3.828, -3.521, -3.014, -2.295, -1.428, -0.4922, 0.4558, 1.346, 2.17, 2.938, 3.572, 3.967, 4.16, 4.207, 4.176, 4.13, 4.08, 3.992, 3.805, 3.46, 2.94, 2.285, 1.561, 0.817, 0.0644, -0.655, -1.273, -1.773, -2.137, -2.385, -2.555, -2.71, -2.89, -3.139, -3.432, -3.748, -4.06, -4.332, -4.49, -4.402, -4.016, -3.393, -2.56, -1.614, -0.5996, 0.388, 1.296, 2.104, 2.773, 3.174, 3.299, 3.19, 2.92, 2.607, 2.246, 1.849, 1.399, 0.8613, 0.2452, -0.4377, -1.169, -1.941, -2.723, -3.48, -4.215, -4.89, -5.527, -6.125, -6.664, -7.113, -7.44, -7.707, -7.92, -8.1, -8.234, -8.25, -8.06, -7.51, -6.695, -5.566, -4.266, -2.812, -1.277, 0.3435, 2.025, 3.625, 5.145, 6.45, 7.547, 8.33, 8.8, 8.98, 8.945, 8.66, 8.24, 7.7, 7.105, 6.49, 5.93, 5.445, 5.016, 4.62, 4.25, 3.912, 3.578, 3.25, 2.92, 2.605, 2.32, 2.04, 1.755, 1.454, 1.134, 0.8013, 0.4294, 0.00644, -0.4727, -1.001, -1.56, -2.156, -2.764, -3.404, -4.066, -4.742, -5.434, -6.12, -6.855, -7.637, -8.47, -9.29, -10.09, -10.875, -11.56, -12.13, -12.555, -12.79, -12.75, -12.414, -11.82, -11.016, -10.07, -8.95, -7.703, -6.336, -4.895, -3.453, -2.092, -0.759, 0.379, 1.274, 1.929, 2.287, 2.47, 2.549, 2.586, 2.623, 2.57, 2.283, 1.745, 0.8525, -0.2922, -1.56, -2.84, -4.02, -5.094, -6.02, -6.746, -7.234, -7.336, -7.01, -6.273, -5.14, -3.719, -2.15, -0.5044, 1.128, 2.662, 4.047, 5.31, 6.324, 7.082, 7.562, 7.76, 7.67, 7.305, 6.67, 5.85, 4.92, 3.898, 2.78, 1.537, 0.2054
-1.209, -2.285, -3.17, -3.85, -4.305, -4.504, -4.508, -4.363, -4.08, -3.637, -3.031, -2.242, -1.337, -0.3748, 0.5835, 1.463, 2.287, 3.045, 3.615, 3.953, 4.07, 4.082, 4.047, 4.02, 4.016, 4.0, 3.91, 3.684, 3.275, 2.717, 2.037, 1.313, 0.561, -0.1794, -0.8623, -1.466, -1.956, -2.318, -2.596, -2.822, -3.05, -3.31, -3.617, -3.926, -4.223, -4.45, -4.535, -4.367, -3.918, -3.22, -2.355, -1.395, -0.3923, 0.591, 1.47, 2.23, 2.82, 3.143, 3.195, 3.049, 2.795, 2.494, 2.174, 1.809, 1.394, 0.897, 0.3135, -0.3367, -1.038, -1.78, -2.537, -3.293, -4.027, -4.734, -5.39, -6.01, -6.605, -7.098, -7.477, -7.742, -7.953, -8.09, -8.19, -8.14, -7.82, -7.152, -6.19, -4.953, -3.59, -2.041, -0.3926, 1.332, 3.068, 4.75, 6.312, 7.62, 8.68, 9.36, 9.734, 9.734, 9.54, 9.09, 8.516, 7.863, 7.184, 6.54, 5.96, 5.438, 4.977, 4.586, 4.246, 3.93, 3.625, 3.318, 3.02, 2.73, 2.455, 2.184, 1.914, 1.632, 1.328, 1.012, 0.665, 0.2803, -0.16, -0.6567, -1.188, -1.75, -2.338, -2.965, -3.623, -4.297, -4.973, -5.65, -6.355, -7.12, -7.938, -8.734, -9.5, -10.266, -11.0, -11.625, -12.125, -12.445, -12.52, -12.336, -11.875, -11.21, -10.35, -9.32, -8.13, -6.824, -5.457, -4.05, -2.65, -1.341, -0.2192, 0.6895, 1.342, 1.677, 1.83, 1.86, 1.922, 1.972, 1.932, 1.681, 1.145, 0.293, -0.7734, -1.994, -3.213, -4.33, -5.344, -6.203, -6.863, -7.22, -7.215, -6.785, -5.938, -4.727, -3.277, -1.698, -0.0648, 1.57, 3.115, 4.527, 5.82, 6.812, 7.496, 7.855, 7.902, 7.65, 7.13, 6.38, 5.496, 4.523, 3.518, 2.436, 1.295, 0.02562
-1.36, -2.422, -3.34, -4.082, -4.605, -4.844, -4.84, -4.625, -4.234, -3.68, -2.977, -2.135, -1.2, -0.2352, 0.7144, 1.584, 2.406, 3.13, 3.646, 3.902, 3.98, 3.941, 3.9, 3.89, 3.916, 3.95, 3.93, 3.791, 3.488, 3.021, 2.412, 1.73, 0.994, 0.2493, -0.463, -1.13, -1.715, -2.188, -2.568, -2.873, -3.162, -3.455, -3.77, -4.08, -4.355, -4.54, -4.555, -4.324, -3.795, -3.05, -2.15, -1.177, -0.1735, 0.7896, 1.638, 2.338, 2.824, 3.086, 3.094, 2.924, 2.682, 2.412, 2.115, 1.785, 1.4, 0.937, 0.3835, -0.2434, -0.9263, -1.648, -2.393, -3.133, -3.863, -4.57, -5.246, -5.89, -6.51, -7.055, -7.47, -7.758, -7.965, -8.09, -8.125, -7.96, -7.523, -6.73, -5.656, -4.336, -2.857, -1.232, 0.4868, 2.29, 4.082, 5.85, 7.44, 8.76, 9.766, 10.4, 10.62, 10.47, 10.06, 9.47, 8.74, 8.0, 7.277, 6.598, 5.977, 5.42, 4.95, 4.562, 4.234, 3.957, 3.682, 3.416, 3.15, 2.879, 2.617, 2.357, 2.09, 1.806, 1.517, 1.215, 0.887, 0.525, 0.124, -0.3342, -0.839, -1.368, -1.947, -2.549, -3.193, -3.863, -4.516, -5.168, -5.855, -6.61, -7.4, -8.17, -8.914, -9.67, -10.42, -11.1, -11.66, -12.04, -12.22, -12.195, -11.88, -11.33, -10.59, -9.62, -8.516, -7.277, -5.957, -4.586, -3.242, -1.959, -0.8125, 0.0817, 0.7173, 1.05, 1.184, 1.248, 1.3, 1.353, 1.296, 1.05, 0.5293, -0.2847, -1.28, -2.422, -3.557, -4.617, -5.57, -6.37, -6.945, -7.19, -7.047, -6.492, -5.543, -4.254, -2.777, -1.189, 0.4297, 2.06, 3.605, 5.074, 6.34, 7.316, 7.91, 8.12, 7.992, 7.57, 6.89, 6.023, 5.047, 4.02, 3.02, 1.994, 0.9287, -0.2133
-1.544, -2.564, -3.469, -4.24, -4.812, -5.09, -5.07, -4.777, -4.3, -3.656, -2.887, -2.006, -1.056, -0.0822, 0.858, 1.719, 2.516, 3.19, 3.643, 3.854, 3.871, 3.81, 3.76, 3.762, 3.807, 3.863, 3.885, 3.814, 3.598, 3.219, 2.686, 2.049, 1.346, 0.616, -0.1049, -0.793, -1.444, -2.004, -2.473, -2.867, -3.219, -3.56, -3.893, -4.195, -4.445, -4.586, -4.547, -4.25, -3.67, -2.877, -1.973, -0.9917, 0.007538, 0.9546, 1.766, 2.406, 2.81, 3.01, 2.988, 2.828, 2.604, 2.361, 2.102, 1.796, 1.425, 0.9795, 0.4458, -0.1613, -0.8306, -1.536, -2.258, -2.977, -3.7, -4.402, -5.08, -5.734, -6.375, -6.965, -7.414, -7.76, -7.992, -8.07, -8.04, -7.785, -7.223, -6.324, -5.12, -3.717, -2.143, -0.4343, 1.361, 3.26, 5.133, 6.957, 8.57, 9.91, 10.836, 11.38, 11.48, 11.21, 10.62, 9.84, 8.98, 8.15, 7.383, 6.668, 6.01, 5.42, 4.934, 4.55, 4.242, 3.986, 3.758, 3.537, 3.3, 3.055, 2.793, 2.533, 2.266, 1.986, 1.711, 1.419, 1.097, 0.761, 0.3823, -0.0525, -0.517, -1.021, -1.576, -2.156, -2.781, -3.43, -4.062, -4.707, -5.383, -6.105, -6.85, -7.598, -8.35, -9.1, -9.87, -10.555, -11.13, -11.555, -11.836, -11.91, -11.78, -11.36, -10.695, -9.82, -8.79, -7.637, -6.4, -5.09, -3.803, -2.537, -1.425, -0.5283, 0.1196, 0.4531, 0.5864, 0.6387, 0.689, 0.729, 0.6543, 0.395, -0.09485, -0.8745, -1.801, -2.861, -3.928, -4.9, -5.785, -6.54, -7.008, -7.137, -6.86, -6.19, -5.15, -3.803, -2.268, -0.656, 0.9907, 2.627, 4.18, 5.652, 6.938, 7.836, 8.31, 8.36, 8.04, 7.43, 6.6, 5.57, 4.484, 3.383, 2.38, 1.427, 0.4978, -0.4873
-1.727, -2.654, -3.562, -4.336, -4.94, -5.234, -5.2, -4.883, -4.32, -3.594, -2.771, -1.856, -0.8975, 0.072, 1.001, 1.844, 2.615, 3.248, 3.643, 3.787, 3.783, 3.715, 3.658, 3.658, 3.709, 3.77, 3.805, 3.766, 3.61, 3.305, 2.855, 2.283, 1.625, 0.9233, 0.2157, -0.489, -1.172, -1.797, -2.346, -2.81, -3.227, -3.615, -3.973, -4.277, -4.508, -4.613, -4.508, -4.152, -3.531, -2.713, -1.8, -0.8213, 0.1498, 1.068, 1.854, 2.43, 2.777, 2.928, 2.898, 2.754, 2.564, 2.357, 2.123, 1.833, 1.473, 1.027, 0.497, -0.10065, -0.754, -1.441, -2.152, -2.838, -3.525, -4.223, -4.887, -5.55, -6.227, -6.84, -7.355, -7.746, -7.98, -8.055, -7.953, -7.59, -6.89, -5.867, -4.562, -3.094, -1.46, 0.3635, 2.248, 4.22, 6.207, 8.086, 9.77, 11.09, 11.984, 12.44, 12.37, 11.91, 11.16, 10.21, 9.23, 8.32, 7.51, 6.76, 6.066, 5.453, 4.953, 4.566, 4.273, 4.04, 3.846, 3.666, 3.457, 3.223, 2.965, 2.713, 2.451, 2.174, 1.908, 1.614, 1.3125, 0.9863, 0.623, 0.2335, -0.2097, -0.686, -1.214, -1.766, -2.361, -2.99, -3.61, -4.258, -4.92, -5.605, -6.316, -7.043, -7.785, -8.55, -9.3, -9.99, -10.58, -11.055, -11.38, -11.54, -11.52, -11.25, -10.734, -9.99, -9.055, -7.94, -6.746, -5.492, -4.277, -3.053, -1.98, -1.1, -0.4705, -0.1019, 0.04755, 0.0747, 0.1027, 0.11145, 0.00507, -0.2551, -0.726, -1.453, -2.291, -3.275, -4.26, -5.168, -6.01, -6.688, -7.055, -7.04, -6.63, -5.836, -4.695, -3.295, -1.724, -0.0579, 1.618, 3.268, 4.848, 6.332, 7.58, 8.39, 8.71, 8.56, 8.06, 7.25, 6.203, 5.016, 3.805, 2.658, 1.619, 0.715, -0.04825, -0.8574
-1.919, -2.734, -3.623, -4.43, -5.043, -5.344, -5.29, -4.918, -4.3, -3.521, -2.654, -1.717, -0.747, 0.2129, 1.112, 1.927, 2.684, 3.271, 3.625, 3.746, 3.723, 3.66, 3.607, 3.605, 3.643, 3.69, 3.715, 3.682, 3.557, 3.316, 2.94, 2.453, 1.864, 1.191, 0.4934, -0.2174, -0.9, -1.565, -2.172, -2.701, -3.17, -3.615, -4.008, -4.33, -4.54, -4.598, -4.45, -4.04, -3.398, -2.568, -1.657, -0.6943, 0.2452, 1.124, 1.873, 2.418, 2.715, 2.844, 2.822, 2.72, 2.576, 2.4, 2.186, 1.909, 1.543, 1.081, 0.559, -0.031, -0.675, -1.352, -2.047, -2.725, -3.387, -4.066, -4.734, -5.39, -6.06, -6.7, -7.27, -7.695, -7.96, -7.984, -7.793, -7.31, -6.52, -5.4, -3.988, -2.457, -0.7505, 1.141, 3.107, 5.184, 7.23, 9.164, 10.92, 12.3, 13.12, 13.46, 13.22, 12.56, 11.65, 10.57, 9.49, 8.53, 7.668, 6.887, 6.164, 5.523, 5.01, 4.613, 4.324, 4.1, 3.943, 3.781, 3.605, 3.402, 3.164, 2.9, 2.64, 2.375, 2.098, 1.807, 1.512, 1.198, 0.867, 0.5063, 0.09784, -0.3599, -0.8545, -1.385, -1.957, -2.555, -3.16, -3.793, -4.45, -5.105, -5.766, -6.47, -7.215, -7.977, -8.71, -9.38, -9.99, -10.51, -10.875, -11.12, -11.195, -11.07, -10.664, -10.055, -9.195, -8.19, -7.01, -5.86, -4.652, -3.498, -2.463, -1.607, -0.9585, -0.6045, -0.4502, -0.4268, -0.4458, -0.506, -0.6235, -0.859, -1.309, -1.957, -2.727, -3.602, -4.535, -5.395, -6.18, -6.793, -7.05, -6.902, -6.355, -5.434, -4.203, -2.736, -1.118, 0.595, 2.31, 4.008, 5.59, 7.086, 8.266, 8.94, 9.09, 8.75, 8.016, 6.95, 5.66, 4.336, 3.0, 1.795, 0.7695, -0.04514, -0.681, -1.248
-2.129, -2.816, -3.69, -4.508, -5.14, -5.43, -5.35, -4.918, -4.25, -3.441, -2.541, -1.592, -0.626, 0.3208, 1.186, 1.981, 2.713, 3.291, 3.611, 3.723, 3.707, 3.65, 3.605, 3.598, 3.617, 3.633, 3.629, 3.582, 3.473, 3.273, 2.959, 2.549, 2.027, 1.41, 0.7285, 0.03114, -0.666, -1.339, -1.974, -2.547, -3.074, -3.568, -4.0, -4.332, -4.527, -4.555, -4.37, -3.928, -3.264, -2.441, -1.537, -0.6143, 0.2922, 1.133, 1.839, 2.35, 2.643, 2.777, 2.783, 2.725, 2.617, 2.484, 2.295, 2.023, 1.648, 1.167, 0.6294, 0.03894, -0.602, -1.269, -1.952, -2.617, -3.29, -3.963, -4.598, -5.23, -5.895, -6.55, -7.152, -7.613, -7.875, -7.87, -7.598, -7.023, -6.156, -4.94, -3.443, -1.834, -0.0516, 1.908, 3.943, 6.098, 8.25, 10.234, 12.055, 13.42, 14.195, 14.336, 13.94, 13.15, 12.09, 10.93, 9.8, 8.78, 7.86, 7.035, 6.297, 5.637, 5.098, 4.695, 4.402, 4.188, 4.027, 3.893, 3.748, 3.57, 3.344, 3.094, 2.836, 2.557, 2.28, 1.996, 1.705, 1.398, 1.083, 0.7505, 0.381, -0.04, -0.5024, -1.007, -1.552, -2.123, -2.715, -3.336, -3.98, -4.637, -5.258, -5.93, -6.66, -7.41, -8.12, -8.77, -9.41, -9.95, -10.375, -10.66, -10.81, -10.805, -10.54, -10.01, -9.25, -8.31, -7.266, -6.137, -4.965, -3.879, -2.871, -2.03, -1.382, -1.027, -0.8945, -0.9106, -0.9277, -1.029, -1.139, -1.401, -1.807, -2.385, -3.055, -3.883, -4.746, -5.57, -6.332, -6.867, -7.016, -6.734, -6.055, -5.023, -3.697, -2.156, -0.478, 1.276, 3.06, 4.79, 6.43, 7.91, 8.98, 9.53, 9.45, 8.88, 7.87, 6.547, 5.023, 3.5, 2.076, 0.821, -0.1865, -0.895, -1.357, -1.694
-2.35, -2.906, -3.752, -4.586, -5.23, -5.51, -5.39, -4.926, -4.22, -3.367, -2.451, -1.501, -0.5493, 0.378, 1.228, 2.0, 2.705, 3.271, 3.61, 3.727, 3.723, 3.682, 3.65, 3.629, 3.625, 3.605, 3.564, 3.49, 3.377, 3.205, 2.924, 2.578, 2.117, 1.556, 0.916, 0.2491, -0.4355, -1.112, -1.761, -2.38, -2.959, -3.5, -3.96, -4.3, -4.492, -4.492, -4.28, -3.816, -3.137, -2.322, -1.443, -0.5596, 0.2913, 1.098, 1.78, 2.273, 2.568, 2.723, 2.77, 2.758, 2.709, 2.6, 2.416, 2.133, 1.729, 1.251, 0.6924, 0.09216, -0.539, -1.194, -1.861, -2.53, -3.197, -3.871, -4.496, -5.12, -5.766, -6.426, -7.027, -7.516, -7.766, -7.727, -7.367, -6.707, -5.742, -4.438, -2.904, -1.202, 0.6597, 2.666, 4.832, 7.043, 9.28, 11.35, 13.195, 14.53, 15.15, 15.15, 14.625, 13.695, 12.57, 11.35, 10.16, 9.08, 8.11, 7.254, 6.496, 5.812, 5.25, 4.82, 4.51, 4.29, 4.125, 4.004, 3.883, 3.725, 3.52, 3.27, 3.023, 2.746, 2.475, 2.188, 1.899, 1.596, 1.295, 0.9883, 0.654, 0.2644, -0.1583, -0.633, -1.152, -1.699, -2.271, -2.88, -3.521, -4.156, -4.8, -5.445, -6.133, -6.86, -7.543, -8.195, -8.84, -9.42, -9.88, -10.2, -10.414, -10.47, -10.305, -9.914, -9.27, -8.42, -7.418, -6.348, -5.21, -4.17, -3.219, -2.38, -1.735, -1.389, -1.249, -1.259, -1.308, -1.419, -1.559, -1.81, -2.2, -2.723, -3.34, -4.11, -4.926, -5.723, -6.434, -6.887, -6.92, -6.504, -5.72, -4.566, -3.129, -1.535, 0.2095, 2.027, 3.873, 5.652, 7.33, 8.82, 9.74, 10.086, 9.8, 8.93, 7.617, 5.984, 4.242, 2.547, 1.031, -0.2578, -1.213, -1.81, -2.059, -2.152
-2.574, -2.969, -3.768, -4.64, -5.28, -5.56, -5.406, -4.91, -4.184, -3.316, -2.387, -1.442, -0.507, 0.391, 1.212, 1.978, 2.678, 3.246, 3.598, 3.738, 3.766, 3.746, 3.72, 3.693, 3.654, 3.598, 3.52, 3.422, 3.293, 3.127, 2.887, 2.564, 2.152, 1.643, 1.048, 0.4126, -0.2507, -0.9185, -1.576, -2.21, -2.834, -3.414, -3.902, -4.254, -4.43, -4.41, -4.184, -3.697, -3.027, -2.232, -1.381, -0.54, 0.2654, 1.037, 1.692, 2.182, 2.508, 2.697, 2.79, 2.816, 2.8, 2.729, 2.531, 2.23, 1.805, 1.301, 0.745, 0.1503, -0.474, -1.125, -1.806, -2.467, -3.117, -3.781, -4.418, -5.035, -5.67, -6.32, -6.93, -7.4, -7.625, -7.527, -7.098, -6.35, -5.324, -3.975, -2.383, -0.5835, 1.321, 3.42, 5.652, 7.957, 10.25, 12.42, 14.22, 15.44, 15.92, 15.77, 15.15, 14.2, 13.07, 11.85, 10.625, 9.484, 8.47, 7.574, 6.773, 6.07, 5.473, 5.01, 4.664, 4.414, 4.242, 4.117, 4.0, 3.857, 3.672, 3.447, 3.201, 2.94, 2.666, 2.387, 2.092, 1.79, 1.516, 1.233, 0.9204, 0.5723, 0.1781, -0.2595, -0.738, -1.267, -1.837, -2.432, -3.07, -3.713, -4.35, -4.99, -5.656, -6.34, -7.008, -7.67, -8.31, -8.914, -9.414, -9.766, -10.0, -10.11, -10.04, -9.75, -9.22, -8.484, -7.523, -6.47, -5.406, -4.37, -3.465, -2.627, -1.987, -1.618, -1.458, -1.484, -1.56, -1.676, -1.843, -2.096, -2.467, -2.969, -3.604, -4.348, -5.117, -5.89, -6.52, -6.855, -6.76, -6.26, -5.355, -4.09, -2.55, -0.904, 0.887, 2.79, 4.688, 6.527, 8.23, 9.695, 10.5, 10.63, 10.06, 8.91, 7.277, 5.336, 3.314, 1.468, -0.1381, -1.39, -2.246, -2.703, -2.73, -2.592
-2.766, -2.988, -3.71, -4.582, -5.25, -5.53, -5.375, -4.875, -4.145, -3.275, -2.342, -1.414, -0.501, 0.3875, 1.199, 1.952, 2.652, 3.223, 3.607, 3.775, 3.838, 3.84, 3.812, 3.766, 3.695, 3.607, 3.488, 3.36, 3.215, 3.047, 2.82, 2.518, 2.135, 1.665, 1.118, 0.5186, -0.1182, -0.772, -1.427, -2.074, -2.713, -3.318, -3.834, -4.195, -4.367, -4.33, -4.08, -3.59, -2.922, -2.15, -1.338, -0.5396, 0.2272, 0.978, 1.622, 2.12, 2.455, 2.693, 2.824, 2.887, 2.896, 2.809, 2.604, 2.275, 1.837, 1.329, 0.768, 0.177, -0.4395, -1.095, -1.77, -2.428, -3.078, -3.74, -4.383, -4.99, -5.62, -6.254, -6.83, -7.254, -7.434, -7.273, -6.793, -5.977, -4.883, -3.475, -1.826, 0.0275, 2.04, 4.207, 6.543, 8.9, 11.234, 13.4, 15.16, 16.16, 16.47, 16.17, 15.54, 14.67, 13.586, 12.41, 11.195, 10.0, 8.94, 8.0, 7.156, 6.414, 5.777, 5.25, 4.86, 4.57, 4.367, 4.227, 4.105, 3.97, 3.805, 3.6, 3.373, 3.127, 2.86, 2.568, 2.277, 1.986, 1.722, 1.455, 1.172, 0.867, 0.505, 0.1155, -0.3364, -0.84, -1.395, -1.991, -2.625, -3.273, -3.912, -4.54, -5.168, -5.84, -6.516, -7.188, -7.844, -8.45, -8.95, -9.34, -9.62, -9.77, -9.78, -9.57, -9.12, -8.445, -7.562, -6.527, -5.473, -4.52, -3.617, -2.818, -2.17, -1.767, -1.588, -1.588, -1.676, -1.813, -2.018, -2.31, -2.727, -3.273, -3.938, -4.64, -5.37, -6.07, -6.586, -6.805, -6.582, -5.98, -4.97, -3.59, -1.981, -0.2257, 1.653, 3.62, 5.55, 7.44, 9.164, 10.5, 11.2, 11.086, 10.27, 8.84, 6.91, 4.645, 2.342, 0.3215, -1.324, -2.51, -3.262, -3.545, -3.37, -3.0
-2.88, -2.938, -3.562, -4.42, -5.098, -5.4, -5.273, -4.805, -4.098, -3.246, -2.328, -1.419, -0.512, 0.3691, 1.184, 1.941, 2.643, 3.229, 3.633, 3.828, 3.924, 3.955, 3.916, 3.846, 3.738, 3.605, 3.455, 3.31, 3.152, 2.975, 2.75, 2.45, 2.076, 1.637, 1.124, 0.5586, -0.0525, -0.6943, -1.344, -1.99, -2.637, -3.248, -3.771, -4.137, -4.305, -4.26, -3.98, -3.498, -2.844, -2.082, -1.288, -0.5215, 0.2234, 0.9463, 1.567, 2.07, 2.443, 2.715, 2.867, 2.951, 2.953, 2.846, 2.617, 2.27, 1.816, 1.304, 0.749, 0.1667, -0.4348, -1.082, -1.746, -2.402, -3.07, -3.752, -4.41, -5.004, -5.63, -6.22, -6.742, -7.098, -7.2, -6.973, -6.426, -5.574, -4.406, -2.934, -1.236, 0.6553, 2.72, 5.004, 7.39, 9.81, 12.19, 14.37, 15.95, 16.75, 16.83, 16.47, 15.87, 15.08, 14.12, 12.99, 11.8, 10.6, 9.5, 8.5, 7.617, 6.83, 6.14, 5.56, 5.094, 4.746, 4.496, 4.324, 4.19, 4.06, 3.91, 3.727, 3.516, 3.283, 3.014, 2.736, 2.445, 2.164, 1.908, 1.675, 1.426, 1.149, 0.8237, 0.4543, 0.03568, -0.432, -0.96, -1.548, -2.166, -2.803, -3.457, -4.098, -4.73, -5.387, -6.05, -6.73, -7.4, -8.02, -8.54, -8.945, -9.26, -9.47, -9.53, -9.38, -9.016, -8.35, -7.508, -6.51, -5.52, -4.594, -3.715, -2.908, -2.26, -1.807, -1.596, -1.582, -1.695, -1.893, -2.174, -2.57, -3.059, -3.674, -4.348, -5.043, -5.715, -6.28, -6.652, -6.723, -6.387, -5.645, -4.53, -3.064, -1.381, 0.505, 2.47, 4.49, 6.504, 8.414, 10.15, 11.4, 11.914, 11.555, 10.48, 8.81, 6.668, 4.168, 1.634, -0.5815, -2.332, -3.506, -4.152, -4.266, -3.9, -3.314
-2.9, -2.79, -3.295, -4.125, -4.82, -5.18, -5.13, -4.723, -4.055, -3.223, -2.322, -1.421, -0.5225, 0.3599, 1.183, 1.947, 2.64, 3.254, 3.682, 3.906, 4.02, 4.047, 4.0, 3.904, 3.76, 3.59, 3.412, 3.24, 3.066, 2.88, 2.662, 2.365, 1.997, 1.565, 1.079, 0.528, -0.0656, -0.69, -1.329, -1.967, -2.604, -3.201, -3.719, -4.074, -4.234, -4.176, -3.89, -3.398, -2.76, -2.025, -1.256, -0.508, 0.2274, 0.9478, 1.5625, 2.066, 2.453, 2.748, 2.924, 3.0, 2.977, 2.84, 2.58, 2.201, 1.736, 1.226, 0.6787, 0.11633, -0.4583, -1.067, -1.728, -2.395, -3.092, -3.805, -4.473, -5.08, -5.676, -6.207, -6.656, -6.93, -6.938, -6.656, -6.04, -5.13, -3.895, -2.367, -0.64, 1.312, 3.453, 5.76, 8.24, 10.77, 13.18, 15.3, 16.7, 17.27, 17.17, 16.78, 16.19, 15.484, 14.63, 13.61, 12.46, 11.26, 10.12, 9.086, 8.16, 7.336, 6.59, 5.93, 5.383, 4.957, 4.645, 4.426, 4.27, 4.133, 3.992, 3.832, 3.65, 3.428, 3.172, 2.889, 2.613, 2.344, 2.105, 1.882, 1.664, 1.417, 1.118, 0.7964, 0.4077, -0.02994, -0.5503, -1.104, -1.699, -2.32, -2.975, -3.635, -4.28, -4.93, -5.6, -6.273, -6.965, -7.605, -8.16, -8.59, -8.94, -9.164, -9.27, -9.18, -8.85, -8.234, -7.43, -6.473, -5.508, -4.594, -3.729, -2.928, -2.27, -1.79, -1.548, -1.532, -1.68, -1.964, -2.375, -2.906, -3.516, -4.2, -4.89, -5.547, -6.113, -6.523, -6.73, -6.62, -6.152, -5.28, -4.047, -2.486, -0.6885, 1.299, 3.36, 5.434, 7.516, 9.49, 11.21, 12.36, 12.62, 12.016, 10.74, 8.945, 6.605, 4.035, 1.343, -1.074, -2.957, -4.168, -4.793, -4.785, -4.273, -3.51
-2.8, -2.531, -2.906, -3.684, -4.445, -4.895, -4.945, -4.633, -4.023, -3.22, -2.34, -1.4375, -0.5244, 0.37, 1.201, 1.973, 2.686, 3.3, 3.748, 3.99, 4.098, 4.125, 4.05, 3.924, 3.748, 3.537, 3.334, 3.15, 2.977, 2.791, 2.574, 2.273, 1.909, 1.471, 0.967, 0.423, -0.1608, -0.7764, -1.391, -2.01, -2.615, -3.18, -3.67, -4.0, -4.14, -4.066, -3.771, -3.291, -2.672, -1.955, -1.216, -0.4788, 0.263, 0.97, 1.586, 2.098, 2.52, 2.818, 2.988, 3.031, 2.959, 2.771, 2.469, 2.057, 1.577, 1.066, 0.5557, 0.03378, -0.4995, -1.073, -1.712, -2.389, -3.11, -3.844, -4.527, -5.14, -5.727, -6.22, -6.58, -6.766, -6.69, -6.33, -5.645, -4.664, -3.375, -1.811, -0.04855, 1.94, 4.164, 6.586, 9.17, 11.73, 14.17, 16.17, 17.38, 17.72, 17.56, 17.12, 16.55, 15.89, 15.13, 14.23, 13.15, 11.984, 10.83, 9.75, 8.766, 7.895, 7.08, 6.336, 5.715, 5.207, 4.816, 4.547, 4.355, 4.207, 4.07, 3.93, 3.764, 3.562, 3.318, 3.062, 2.79, 2.53, 2.295, 2.078, 1.887, 1.6455, 1.3955, 1.105, 0.7456, 0.336, -0.1229, -0.6646, -1.23, -1.837, -2.488, -3.152, -3.812, -4.465, -5.133, -5.812, -6.492, -7.17, -7.77, -8.24, -8.61, -8.87, -8.984, -8.95, -8.65, -8.09, -7.3, -6.395, -5.453, -4.582, -3.732, -2.932, -2.26, -1.762, -1.494, -1.511, -1.737, -2.145, -2.7, -3.352, -4.047, -4.76, -5.426, -6.023, -6.477, -6.758, -6.79, -6.5, -5.85, -4.875, -3.521, -1.874, 0.01318, 2.107, 4.26, 6.445, 8.57, 10.586, 12.29, 13.27, 13.33, 12.55, 11.164, 9.27, 6.91, 4.223, 1.467, -1.071, -3.064, -4.383, -5.05, -5.05, -4.434, -3.553
-2.607, -2.172, -2.426, -3.164, -4.0, -4.59, -4.766, -4.56, -3.992, -3.213, -2.342, -1.435, -0.502, 0.4033, 1.248, 2.041, 2.758, 3.39, 3.834, 4.086, 4.188, 4.176, 4.082, 3.908, 3.688, 3.445, 3.219, 3.03, 2.854, 2.668, 2.459, 2.176, 1.802, 1.344, 0.8086, 0.2379, -0.352, -0.954, -1.553, -2.135, -2.682, -3.19, -3.627, -3.916, -4.02, -3.93, -3.629, -3.164, -2.559, -1.874, -1.1455, -0.411, 0.323, 1.032, 1.661, 2.188, 2.62, 2.924, 3.06, 3.053, 2.91, 2.629, 2.264, 1.814, 1.319, 0.8325, 0.3633, -0.0968, -0.575, -1.09, -1.696, -2.377, -3.104, -3.863, -4.57, -5.2, -5.77, -6.223, -6.496, -6.594, -6.43, -5.992, -5.26, -4.203, -2.867, -1.26, 0.5674, 2.637, 4.92, 7.426, 10.09, 12.72, 15.195, 16.97, 17.94, 18.19, 17.98, 17.53, 16.94, 16.3, 15.61, 14.81, 13.85, 12.76, 11.6, 10.484, 9.445, 8.49, 7.605, 6.79, 6.086, 5.5, 5.04, 4.703, 4.473, 4.293, 4.152, 4.02, 3.873, 3.691, 3.467, 3.23, 2.965, 2.715, 2.479, 2.27, 2.074, 1.867, 1.628, 1.374, 1.054, 0.6836, 0.2467, -0.2396, -0.781, -1.361, -2.008, -2.658, -3.336, -4.0, -4.684, -5.34, -6.023, -6.69, -7.31, -7.85, -8.266, -8.55, -8.71, -8.695, -8.47, -7.973, -7.2, -6.34, -5.438, -4.582, -3.734, -2.95, -2.262, -1.748, -1.509, -1.566, -1.868, -2.41, -3.084, -3.824, -4.55, -5.22, -5.812, -6.312, -6.668, -6.84, -6.76, -6.332, -5.543, -4.426, -2.975, -1.258, 0.725, 2.92, 5.176, 7.457, 9.65, 11.72, 13.36, 14.18, 14.08, 13.16, 11.71, 9.81, 7.414, 4.72, 1.978, -0.64, -2.777, -4.242, -5.04, -5.082, -4.48, -3.5
-2.383, -1.795, -1.929, -2.646, -3.572, -4.32, -4.652, -4.53, -3.994, -3.215, -2.326, -1.404, -0.458, 0.4814, 1.355, 2.154, 2.898, 3.537, 3.969, 4.2, 4.273, 4.23, 4.082, 3.842, 3.572, 3.29, 3.05, 2.846, 2.686, 2.518, 2.318, 2.057, 1.668, 1.188, 0.6123, 0.006523, -0.611, -1.215, -1.802, -2.336, -2.814, -3.252, -3.605, -3.828, -3.887, -3.777, -3.488, -3.035, -2.467, -1.789, -1.048, -0.2969, 0.4453, 1.17, 1.818, 2.357, 2.785, 3.066, 3.15, 3.047, 2.777, 2.422, 1.962, 1.463, 0.953, 0.4924, 0.0699, -0.3179, -0.7065, -1.142, -1.681, -2.35, -3.07, -3.836, -4.566, -5.21, -5.78, -6.188, -6.4, -6.42, -6.184, -5.664, -4.86, -3.729, -2.34, -0.696, 1.199, 3.357, 5.723, 8.305, 11.016, 13.77, 16.14, 17.72, 18.48, 18.66, 18.44, 17.98, 17.39, 16.77, 16.11, 15.41, 14.57, 13.55, 12.414, 11.28, 10.18, 9.14, 8.17, 7.293, 6.523, 5.863, 5.33, 4.934, 4.64, 4.418, 4.254, 4.12, 3.986, 3.816, 3.617, 3.383, 3.129, 2.889, 2.639, 2.436, 2.244, 2.055, 1.838, 1.6045, 1.321, 0.987, 0.593, 0.1509, -0.336, -0.8965, -1.517, -2.15, -2.82, -3.51, -4.176, -4.848, -5.523, -6.21, -6.836, -7.42, -7.863, -8.195, -8.41, -8.44, -8.26, -7.816, -7.137, -6.32, -5.453, -4.598, -3.78, -2.996, -2.3, -1.801, -1.564, -1.662, -2.05, -2.664, -3.385, -4.11, -4.793, -5.39, -5.89, -6.32, -6.605, -6.754, -6.61, -6.082, -5.17, -3.938, -2.406, -0.5957, 1.489, 3.76, 6.156, 8.51, 10.805, 12.89, 14.45, 15.14, 14.83, 13.82, 12.36, 10.49, 8.1, 5.414, 2.672, 0.000844, -2.273, -3.908, -4.86, -5.035, -4.473, -3.436
-2.21, -1.476, -1.499, -2.232, -3.277, -4.19, -4.664, -4.574, -4.03, -3.223, -2.309, -1.343, -0.3599, 0.6094, 1.505, 2.334, 3.102, 3.732, 4.145, 4.34, 4.37, 4.26, 4.027, 3.705, 3.373, 3.05, 2.783, 2.594, 2.451, 2.328, 2.166, 1.918, 1.529, 1.02, 0.4036, -0.256, -0.914, -1.529, -2.107, -2.604, -3.018, -3.36, -3.62, -3.76, -3.758, -3.617, -3.332, -2.896, -2.328, -1.659, -0.9067, -0.1367, 0.636, 1.3955, 2.062, 2.623, 3.037, 3.242, 3.232, 2.996, 2.605, 2.104, 1.543, 0.993, 0.4656, 0.02715, -0.3333, -0.6216, -0.886, -1.216, -1.659, -2.266, -2.973, -3.738, -4.484, -5.156, -5.734, -6.117, -6.285, -6.242, -5.938, -5.344, -4.46, -3.262, -1.799, -0.10565, 1.85, 4.08, 6.523, 9.17, 11.984, 14.69, 16.97, 18.34, 18.97, 19.08, 18.89, 18.45, 17.9, 17.31, 16.7, 16.03, 15.25, 14.29, 13.19, 12.06, 10.92, 9.836, 8.805, 7.867, 7.03, 6.297, 5.688, 5.227, 4.87, 4.6, 4.402, 4.254, 4.11, 3.951, 3.766, 3.541, 3.291, 3.047, 2.818, 2.602, 2.416, 2.229, 2.027, 1.802, 1.534, 1.242, 0.905, 0.5146, 0.0631, -0.4553, -1.018, -1.628, -2.28, -2.965, -3.645, -4.332, -5.02, -5.688, -6.336, -6.902, -7.4, -7.812, -8.07, -8.164, -8.03, -7.652, -7.04, -6.29, -5.48, -4.67, -3.85, -3.068, -2.396, -1.918, -1.719, -1.826, -2.225, -2.822, -3.482, -4.117, -4.656, -5.12, -5.527, -5.906, -6.24, -6.418, -6.305, -5.746, -4.766, -3.443, -1.81, 0.0655, 2.219, 4.58, 7.082, 9.586, 11.96, 14.08, 15.54, 16.0, 15.58, 14.51, 13.055, 11.21, 8.82, 6.156, 3.424, 0.7144, -1.695, -3.504, -4.645, -4.97, -4.457, -3.395
-2.158, -1.29, -1.248, -2.02, -3.21, -4.31, -4.855, -4.746, -4.137, -3.248, -2.248, -1.229, -0.1947, 0.8096, 1.752, 2.613, 3.389, 4.0, 4.38, 4.52, 4.46, 4.25, 3.904, 3.49, 3.082, 2.715, 2.432, 2.252, 2.152, 2.08, 1.969, 1.758, 1.387, 0.8545, 0.194, -0.514, -1.213, -1.859, -2.45, -2.92, -3.277, -3.535, -3.697, -3.756, -3.672, -3.482, -3.178, -2.752, -2.168, -1.475, -0.706, 0.09766, 0.923, 1.741, 2.453, 3.023, 3.383, 3.486, 3.334, 2.945, 2.38, 1.734, 1.037, 0.3845, -0.1727, -0.5957, -0.8696, -1.029, -1.152, -1.328, -1.65, -2.152, -2.803, -3.55, -4.305, -5.01, -5.59, -5.977, -6.152, -6.08, -5.715, -5.04, -4.062, -2.787, -1.273, 0.478, 2.488, 4.766, 7.285, 10.02, 12.875, 15.586, 17.72, 18.9, 19.42, 19.52, 19.34, 18.97, 18.5, 17.95, 17.38, 16.69, 15.914, 14.99, 13.945, 12.836, 11.68, 10.55, 9.49, 8.5, 7.605, 6.797, 6.15, 5.613, 5.19, 4.86, 4.61, 4.43, 4.26, 4.098, 3.916, 3.713, 3.467, 3.219, 2.986, 2.764, 2.566, 2.37, 2.188, 1.969, 1.7295, 1.447, 1.144, 0.7886, 0.4058, -0.05173, -0.5654, -1.113, -1.74, -2.393, -3.07, -3.77, -4.46, -5.156, -5.816, -6.395, -6.918, -7.355, -7.668, -7.805, -7.746, -7.44, -6.926, -6.246, -5.504, -4.715, -3.932, -3.174, -2.537, -2.076, -1.904, -1.992, -2.326, -2.807, -3.305, -3.762, -4.13, -4.49, -4.83, -5.195, -5.598, -5.895, -5.9, -5.383, -4.375, -2.975, -1.233, 0.7246, 2.955, 5.434, 8.055, 10.67, 13.18, 15.3, 16.55, 16.83, 16.34, 15.28, 13.84, 11.945, 9.54, 6.85, 4.094, 1.349, -1.158, -3.15, -4.484, -4.96, -4.53, -3.422
-2.219, -1.296, -1.247, -2.104, -3.469, -4.67, -5.215, -5.02, -4.28, -3.27, -2.164, -1.05, 0.04327, 1.095, 2.084, 2.986, 3.76, 4.35, 4.65, 4.69, 4.52, 4.164, 3.693, 3.172, 2.686, 2.264, 1.961, 1.811, 1.751, 1.758, 1.732, 1.59, 1.261, 0.7217, 0.04208, -0.716, -1.461, -2.17, -2.793, -3.275, -3.605, -3.814, -3.895, -3.855, -3.686, -3.424, -3.062, -2.592, -1.969, -1.239, -0.4253, 0.4453, 1.346, 2.225, 2.986, 3.541, 3.816, 3.785, 3.463, 2.883, 2.133, 1.296, 0.4568, -0.326, -0.944, -1.352, -1.538, -1.565, -1.523, -1.508, -1.6455, -2.004, -2.576, -3.283, -4.035, -4.746, -5.355, -5.785, -6.004, -5.914, -5.496, -4.73, -3.67, -2.344, -0.787, 1.0205, 3.084, 5.44, 8.08, 10.84, 13.73, 16.42, 18.42, 19.48, 19.9, 20.0, 19.88, 19.6, 19.19, 18.69, 18.11, 17.4, 16.6, 15.69, 14.7, 13.625, 12.49, 11.35, 10.266, 9.21, 8.25, 7.4, 6.668, 6.074, 5.58, 5.188, 4.87, 4.64, 4.438, 4.26, 4.08, 3.873, 3.639, 3.385, 3.152, 2.926, 2.707, 2.496, 2.3, 2.082, 1.864, 1.6, 1.306, 0.997, 0.651, 0.262, -0.1796, -0.665, -1.211, -1.809, -2.455, -3.15, -3.865, -4.58, -5.25, -5.848, -6.402, -6.848, -7.18, -7.37, -7.367, -7.164, -6.75, -6.17, -5.49, -4.773, -4.027, -3.322, -2.723, -2.297, -2.096, -2.12, -2.32, -2.623, -2.922, -3.201, -3.432, -3.695, -3.986, -4.38, -4.85, -5.28, -5.418, -5.016, -4.01, -2.53, -0.727, 1.342, 3.67, 6.26, 9.016, 11.79, 14.43, 16.48, 17.56, 17.7, 17.17, 16.14, 14.68, 12.72, 10.28, 7.53, 4.734, 1.95, -0.688, -2.908, -4.45, -5.066, -4.668, -3.535
-2.393, -1.468, -1.491, -2.496, -3.98, -5.21, -5.676, -5.32, -4.402, -3.24, -2.006, -0.792, 0.3901, 1.506, 2.537, 3.459, 4.21, 4.75, 4.977, 4.87, 4.535, 4.008, 3.38, 2.74, 2.146, 1.663, 1.345, 1.224, 1.239, 1.35, 1.446, 1.413, 1.16, 0.656, -0.023, -0.8145, -1.625, -2.406, -3.105, -3.648, -4.01, -4.21, -4.23, -4.08, -3.793, -3.436, -2.988, -2.428, -1.745, -0.9453, -0.0369, 0.923, 1.909, 2.865, 3.662, 4.19, 4.35, 4.15, 3.633, 2.826, 1.863, 0.8135, -0.2059, -1.116, -1.817, -2.238, -2.363, -2.25, -2.004, -1.772, -1.698, -1.871, -2.299, -2.92, -3.645, -4.375, -5.02, -5.54, -5.83, -5.78, -5.31, -4.484, -3.33, -1.926, -0.3071, 1.556, 3.691, 6.113, 8.83, 11.68, 14.586, 17.25, 19.08, 20.06, 20.47, 20.6, 20.53, 20.34, 19.98, 19.5, 18.89, 18.16, 17.3, 16.38, 15.41, 14.39, 13.29, 12.164, 11.04, 9.96, 8.945, 8.02, 7.254, 6.605, 6.047, 5.58, 5.2, 4.89, 4.652, 4.45, 4.254, 4.047, 3.82, 3.57, 3.332, 3.086, 2.85, 2.627, 2.416, 2.19, 1.958, 1.696, 1.417, 1.125, 0.812, 0.489, 0.12244, -0.2837, -0.7515, -1.2705, -1.847, -2.5, -3.213, -3.932, -4.625, -5.25, -5.8, -6.27, -6.6, -6.84, -6.9, -6.79, -6.5, -6.035, -5.46, -4.81, -4.13, -3.473, -2.9, -2.473, -2.225, -2.154, -2.223, -2.377, -2.553, -2.727, -2.896, -3.084, -3.334, -3.732, -4.24, -4.74, -4.965, -4.656, -3.67, -2.166, -0.2773, 1.892, 4.35, 7.094, 9.93, 12.875, 15.625, 17.64, 18.58, 18.62, 18.1, 17.11, 15.64, 13.664, 11.16, 8.336, 5.445, 2.537, -0.2644, -2.725, -4.49, -5.246, -4.887, -3.752
-2.615, -1.785, -1.96, -3.105, -4.63, -5.785, -6.066, -5.5, -4.426, -3.104, -1.739, -0.416, 0.8403, 2.041, 3.129, 4.06, 4.79, 5.223, 5.312, 5.027, 4.504, 3.787, 2.973, 2.184, 1.482, 0.899, 0.56, 0.4758, 0.587, 0.826, 1.07, 1.189, 1.072, 0.665, 0.01341, -0.7925, -1.651, -2.525, -3.36, -4.043, -4.516, -4.74, -4.703, -4.414, -3.996, -3.492, -2.932, -2.275, -1.493, -0.5776, 0.4517, 1.53, 2.615, 3.639, 4.453, 4.945, 4.996, 4.617, 3.855, 2.842, 1.64, 0.3425, -0.902, -2.004, -2.828, -3.297, -3.36, -3.092, -2.637, -2.164, -1.83, -1.756, -1.989, -2.492, -3.152, -3.9, -4.633, -5.258, -5.668, -5.664, -5.17, -4.254, -3.01, -1.516, 0.1582, 2.088, 4.293, 6.785, 9.5, 12.39, 15.37, 18.03, 19.8, 20.7, 21.14, 21.3, 21.28, 21.12, 20.81, 20.31, 19.67, 18.9, 18.03, 17.06, 16.1, 15.1, 14.05, 12.945, 11.83, 10.734, 9.69, 8.73, 7.89, 7.176, 6.57, 6.03, 5.586, 5.21, 4.89, 4.645, 4.434, 4.24, 4.008, 3.764, 3.512, 3.256, 2.996, 2.754, 2.518, 2.27, 2.023, 1.746, 1.461, 1.168, 0.871, 0.584, 0.2751, -0.04272, -0.4048, -0.816, -1.295, -1.875, -2.547, -3.238, -3.955, -4.62, -5.17, -5.65, -5.99, -6.242, -6.348, -6.32, -6.133, -5.793, -5.324, -4.76, -4.152, -3.531, -2.977, -2.537, -2.254, -2.133, -2.164, -2.3, -2.473, -2.658, -2.84, -3.023, -3.254, -3.578, -3.998, -4.453, -4.664, -4.37, -3.418, -1.856, 0.10156, 2.373, 4.96, 7.832, 10.81, 13.88, 16.7, 18.72, 19.6, 19.61, 19.05, 18.12, 16.75, 14.82, 12.336, 9.484, 6.44, 3.277, 0.2083, -2.47, -4.44, -5.33, -5.027, -3.93
-2.86, -2.186, -2.547, -3.82, -5.305, -6.25, -6.273, -5.48, -4.195, -2.777, -1.336, 0.08905, 1.476, 2.754, 3.885, 4.84, 5.5, 5.81, 5.71, 5.227, 4.46, 3.516, 2.498, 1.531, 0.6973, 0.03085, -0.3308, -0.4133, -0.2246, 0.1516, 0.5596, 0.8853, 0.9663, 0.7207, 0.1567, -0.627, -1.537, -2.535, -3.543, -4.426, -5.04, -5.31, -5.227, -4.824, -4.26, -3.596, -2.885, -2.092, -1.177, -0.1163, 1.0625, 2.283, 3.484, 4.566, 5.39, 5.824, 5.77, 5.215, 4.25, 3.016, 1.544, -0.05127, -1.594, -2.941, -3.96, -4.51, -4.54, -4.137, -3.455, -2.725, -2.09, -1.72, -1.719, -2.055, -2.645, -3.412, -4.203, -4.97, -5.523, -5.582, -5.074, -4.07, -2.703, -1.119, 0.63, 2.607, 4.89, 7.438, 10.22, 13.16, 16.17, 18.8, 20.47, 21.36, 21.78, 22.0, 22.03, 21.9, 21.61, 21.1, 20.45, 19.67, 18.77, 17.78, 16.75, 15.766, 14.76, 13.72, 12.65, 11.56, 10.5, 9.5, 8.59, 7.82, 7.14, 6.516, 5.99, 5.543, 5.195, 4.902, 4.656, 4.43, 4.2, 3.963, 3.709, 3.447, 3.178, 2.908, 2.637, 2.355, 2.07, 1.753, 1.435, 1.132, 0.8296, 0.537, 0.2659, 0.00665, -0.2441, -0.531, -0.866, -1.311, -1.864, -2.518, -3.215, -3.885, -4.504, -4.996, -5.348, -5.605, -5.723, -5.74, -5.62, -5.37, -4.996, -4.52, -3.979, -3.389, -2.848, -2.418, -2.168, -2.135, -2.277, -2.562, -2.904, -3.248, -3.53, -3.72, -3.9, -4.086, -4.332, -4.57, -4.62, -4.254, -3.242, -1.617, 0.4548, 2.879, 5.625, 8.58, 11.67, 14.836, 17.73, 19.75, 20.6, 20.61, 20.14, 19.33, 18.06, 16.27, 13.86, 11.01, 7.848, 4.32, 0.8984, -1.959, -4.105, -5.19, -5.06, -4.06
-3.111, -2.658, -3.182, -4.484, -5.76, -6.418, -6.16, -5.16, -3.746, -2.26, -0.7495, 0.7485, 2.217, 3.586, 4.78, 5.734, 6.324, 6.473, 6.188, 5.484, 4.465, 3.293, 2.057, 0.8794, -0.1273, -0.915, -1.373, -1.448, -1.191, -0.686, -0.0896, 0.471, 0.8213, 0.8135, 0.4053, -0.315, -1.279, -2.416, -3.607, -4.69, -5.46, -5.777, -5.656, -5.168, -4.473, -3.676, -2.816, -1.867, -0.78, 0.4417, 1.763, 3.135, 4.465, 5.61, 6.46, 6.85, 6.68, 5.973, 4.836, 3.402, 1.655, -0.3274, -2.287, -3.975, -5.23, -5.934, -5.953, -5.41, -4.484, -3.465, -2.506, -1.829, -1.532, -1.633, -2.129, -2.883, -3.773, -4.69, -5.387, -5.527, -4.996, -3.908, -2.428, -0.763, 1.043, 3.121, 5.453, 8.04, 10.87, 13.86, 16.89, 19.48, 21.1, 21.94, 22.38, 22.64, 22.73, 22.66, 22.39, 21.92, 21.27, 20.45, 19.53, 18.53, 17.48, 16.44, 15.45, 14.46, 13.47, 12.44, 11.36, 10.336, 9.4, 8.54, 7.754, 7.043, 6.46, 5.953, 5.543, 5.19, 4.887, 4.645, 4.414, 4.184, 3.94, 3.672, 3.395, 3.104, 2.787, 2.47, 2.13, 1.769, 1.386, 1.019, 0.6567, 0.3323, 0.05368, -0.1621, -0.323, -0.468, -0.6226, -0.8696, -1.234, -1.764, -2.402, -3.082, -3.738, -4.28, -4.688, -4.95, -5.08, -5.094, -4.996, -4.78, -4.46, -4.055, -3.541, -3.002, -2.5, -2.166, -2.086, -2.27, -2.697, -3.273, -3.9, -4.453, -4.832, -5.07, -5.168, -5.19, -5.15, -5.082, -4.855, -4.254, -3.125, -1.392, 0.8076, 3.393, 6.25, 9.28, 12.484, 15.766, 18.77, 20.83, 21.64, 21.73, 21.4, 20.7, 19.64, 18.03, 15.81, 13.07, 9.77, 5.887, 2.096, -1.04, -3.404, -4.754, -4.92, -4.12
-3.348, -3.1, -3.729, -4.92, -5.953, -6.242, -5.7, -4.543, -3.082, -1.56, -0.0281, 1.517, 3.047, 4.504, 5.77, 6.707, 7.215, 7.21, 6.746, 5.87, 4.65, 3.252, 1.795, 0.3735, -0.8696, -1.873, -2.486, -2.637, -2.354, -1.727, -0.914, -0.0886, 0.563, 0.8643, 0.698, 0.0876, -0.895, -2.143, -3.492, -4.75, -5.625, -6.008, -5.855, -5.324, -4.55, -3.639, -2.643, -1.526, -0.277, 1.083, 2.541, 4.035, 5.49, 6.727, 7.594, 7.953, 7.715, 6.934, 5.727, 4.133, 2.008, -0.497, -2.988, -5.125, -6.71, -7.58, -7.582, -6.887, -5.723, -4.4, -3.125, -2.08, -1.462, -1.338, -1.681, -2.424, -3.396, -4.46, -5.273, -5.484, -4.93, -3.762, -2.215, -0.485, 1.425, 3.566, 6.004, 8.62, 11.46, 14.5, 17.56, 20.1, 21.64, 22.47, 22.92, 23.23, 23.38, 23.33, 23.11, 22.7, 22.06, 21.25, 20.31, 19.31, 18.25, 17.17, 16.14, 15.21, 14.31, 13.34, 12.32, 11.28, 10.266, 9.3, 8.4, 7.63, 6.97, 6.402, 5.934, 5.527, 5.188, 4.902, 4.668, 4.434, 4.2, 3.936, 3.646, 3.346, 3.002, 2.63, 2.229, 1.795, 1.304, 0.841, 0.3743, -0.03088, -0.3542, -0.5815, -0.6973, -0.7183, -0.6846, -0.677, -0.801, -1.097, -1.6, -2.238, -2.912, -3.545, -4.035, -4.34, -4.477, -4.492, -4.37, -4.164, -3.863, -3.475, -3.006, -2.537, -2.146, -1.998, -2.168, -2.678, -3.457, -4.375, -5.277, -6.043, -6.55, -6.793, -6.797, -6.637, -6.29, -5.85, -5.28, -4.395, -3.06, -1.17, 1.203, 3.906, 6.832, 9.92, 13.195, 16.62, 19.83, 21.88, 22.72, 22.88, 22.75, 22.3, 21.5, 20.17, 18.27, 15.734, 12.32, 8.13, 3.965, 0.4592, -2.309, -4.098, -4.625, -4.125
-3.557, -3.426, -4.043, -5.05, -5.766, -5.723, -4.938, -3.68, -2.223, -0.6924, 0.8657, 2.465, 4.06, 5.55, 6.855, 7.75, 8.125, 8.03, 7.45, 6.44, 5.08, 3.533, 1.84, 0.1235, -1.4375, -2.723, -3.602, -3.95, -3.717, -2.979, -1.939, -0.8335, 0.1295, 0.797, 0.9546, 0.517, -0.4177, -1.713, -3.143, -4.492, -5.45, -5.863, -5.742, -5.203, -4.395, -3.426, -2.307, -1.026, 0.369, 1.868, 3.428, 5.027, 6.566, 7.9, 8.805, 9.14, 8.94, 8.164, 6.953, 5.156, 2.617, -0.4736, -3.682, -6.426, -8.43, -9.47, -9.47, -8.55, -7.1, -5.492, -3.883, -2.502, -1.553, -1.163, -1.358, -2.068, -3.123, -4.277, -5.184, -5.418, -4.85, -3.629, -2.025, -0.212, 1.781, 3.98, 6.42, 9.06, 11.945, 15.04, 18.14, 20.58, 22.08, 22.89, 23.36, 23.72, 23.9, 23.89, 23.67, 23.33, 22.78, 22.02, 21.14, 20.14, 19.06, 17.95, 16.88, 15.97, 15.164, 14.29, 13.33, 12.28, 11.2, 10.13, 9.13, 8.26, 7.547, 6.9, 6.355, 5.914, 5.543, 5.223, 4.97, 4.734, 4.49, 4.23, 3.951, 3.635, 3.27, 2.86, 2.393, 1.869, 1.271, 0.6797, 0.06323, -0.4883, -0.9536, -1.274, -1.392, -1.329, -1.125, -0.837, -0.6284, -0.623, -0.902, -1.409, -2.06, -2.736, -3.336, -3.756, -3.97, -4.016, -3.92, -3.725, -3.434, -3.092, -2.695, -2.338, -2.098, -2.14, -2.566, -3.367, -4.418, -5.594, -6.707, -7.64, -8.3, -8.59, -8.51, -8.14, -7.5, -6.68, -5.734, -4.523, -2.941, -0.8813, 1.621, 4.46, 7.438, 10.6, 14.0, 17.6, 20.86, 22.98, 23.8, 24.02, 24.05, 23.89, 23.36, 22.4, 20.86, 18.58, 15.26, 11.016, 6.527, 2.453, -0.9766, -3.324, -4.33, -4.152
-3.729, -3.549, -4.06, -4.83, -5.23, -4.902, -3.941, -2.645, -1.166, 0.349, 1.934, 3.549, 5.168, 6.71, 7.992, 8.82, 9.14, 8.945, 8.305, 7.242, 5.836, 4.18, 2.24, 0.1674, -1.777, -3.428, -4.65, -5.29, -5.215, -4.445, -3.22, -1.84, -0.5356, 0.532, 1.091, 0.97, 0.184, -1.066, -2.518, -3.889, -4.906, -5.35, -5.273, -4.78, -3.994, -2.99, -1.771, -0.3591, 1.152, 2.75, 4.402, 6.082, 7.727, 9.11, 10.05, 10.414, 10.32, 9.695, 8.52, 6.566, 3.707, -0.01605, -4.06, -7.594, -10.234, -11.67, -11.625, -10.39, -8.58, -6.61, -4.723, -3.033, -1.782, -1.124, -1.177, -1.845, -2.928, -4.13, -5.07, -5.297, -4.695, -3.404, -1.764, 0.08527, 2.107, 4.348, 6.8, 9.45, 12.37, 15.47, 18.5, 20.92, 22.39, 23.23, 23.75, 24.12, 24.34, 24.33, 24.14, 23.83, 23.36, 22.73, 21.95, 21.02, 19.97, 18.83, 17.72, 16.8, 16.0, 15.22, 14.35, 13.336, 12.23, 11.08, 9.97, 9.03, 8.21, 7.5, 6.883, 6.363, 5.957, 5.605, 5.332, 5.086, 4.836, 4.586, 4.316, 4.004, 3.63, 3.188, 2.662, 2.041, 1.33, 0.5605, -0.2372, -1.008, -1.66, -2.145, -2.377, -2.332, -1.971, -1.417, -0.833, -0.4368, -0.3645, -0.6245, -1.161, -1.842, -2.514, -3.064, -3.418, -3.58, -3.56, -3.447, -3.25, -3.025, -2.775, -2.576, -2.496, -2.684, -3.213, -4.086, -5.23, -6.477, -7.73, -8.85, -9.695, -10.11, -9.97, -9.38, -8.47, -7.336, -6.05, -4.55, -2.719, -0.4934, 2.148, 5.047, 8.08, 11.33, 14.85, 18.55, 21.89, 24.03, 24.81, 25.08, 25.16, 25.2, 24.98, 24.4, 23.27, 21.3, 18.27, 14.07, 9.38, 4.72, 0.4646, -2.717, -4.223, -4.27
-3.893, -3.463, -3.734, -4.266, -4.4, -3.865, -2.807, -1.486, 0.00331, 1.524, 3.11, 4.73, 6.38, 7.906, 9.125, 9.88, 10.164, 9.92, 9.3, 8.29, 6.906, 5.164, 3.014, 0.59, -1.757, -3.846, -5.516, -6.55, -6.734, -6.043, -4.746, -3.146, -1.513, -0.01433, 1.024, 1.329, 0.8315, -0.2793, -1.668, -3.03, -4.062, -4.547, -4.547, -4.125, -3.363, -2.346, -1.062, 0.421, 1.994, 3.66, 5.402, 7.18, 8.89, 10.3, 11.24, 11.71, 11.8, 11.41, 10.38, 8.4, 5.258, 0.9927, -3.81, -8.22, -11.73, -13.74, -13.8, -12.32, -10.1, -7.754, -5.53, -3.604, -2.12, -1.238, -1.142, -1.749, -2.807, -4.03, -4.926, -5.11, -4.438, -3.135, -1.444, 0.4177, 2.467, 4.71, 7.164, 9.87, 12.836, 15.89, 18.83, 21.17, 22.64, 23.53, 24.1, 24.45, 24.61, 24.56, 24.4, 24.12, 23.77, 23.27, 22.69, 21.81, 20.92, 19.81, 18.72, 17.75, 16.92, 16.16, 15.38, 14.445, 13.336, 12.13, 10.95, 9.92, 8.99, 8.2, 7.516, 6.938, 6.473, 6.074, 5.77, 5.504, 5.246, 4.996, 4.734, 4.434, 4.066, 3.625, 3.074, 2.389, 1.554, 0.5996, -0.4434, -1.481, -2.416, -3.18, -3.621, -3.664, -3.229, -2.445, -1.492, -0.6406, -0.09454, 0.01794, -0.2756, -0.8525, -1.537, -2.154, -2.613, -2.895, -3.023, -3.074, -3.096, -3.113, -3.125, -3.135, -3.203, -3.404, -3.826, -4.49, -5.414, -6.535, -7.848, -9.17, -10.29, -10.88, -10.8, -10.12, -8.97, -7.594, -6.074, -4.355, -2.322, 0.0744, 2.83, 5.785, 8.836, 12.1, 15.7, 19.45, 22.8, 24.97, 25.73, 25.97, 26.05, 26.12, 26.02, 25.61, 24.78, 23.19, 20.55, 16.72, 11.98, 6.723, 1.671, -2.295, -4.363, -4.562
-3.996, -3.152, -3.07, -3.363, -3.326, -2.7, -1.644, -0.286, 1.184, 2.74, 4.305, 5.934, 7.57, 9.086, 10.24, 10.95, 11.21, 11.03, 10.45, 9.555, 8.22, 6.457, 4.168, 1.515, -1.155, -3.73, -5.984, -7.58, -8.23, -7.75, -6.46, -4.67, -2.72, -0.8, 0.7104, 1.499, 1.398, 0.5703, -0.647, -1.927, -2.953, -3.549, -3.66, -3.303, -2.566, -1.543, -0.2369, 1.267, 2.906, 4.64, 6.43, 8.27, 10.01, 11.42, 12.375, 12.95, 13.2, 13.11, 12.36, 10.5, 7.344, 2.766, -2.557, -7.805, -12.26, -14.89, -15.266, -13.8, -11.33, -8.695, -6.215, -4.12, -2.465, -1.424, -1.214, -1.749, -2.79, -3.926, -4.75, -4.85, -4.117, -2.78, -1.093, 0.7866, 2.857, 5.137, 7.574, 10.31, 13.26, 16.23, 19.11, 21.39, 22.88, 23.8, 24.34, 24.62, 24.67, 24.58, 24.4, 24.11, 23.9, 23.55, 23.12, 22.5, 21.69, 20.81, 19.83, 18.89, 18.03, 17.28, 16.52, 15.61, 14.52, 13.305, 12.07, 10.96, 9.93, 9.01, 8.234, 7.582, 7.055, 6.613, 6.266, 5.977, 5.703, 5.44, 5.176, 4.88, 4.555, 4.164, 3.627, 2.906, 1.977, 0.8384, -0.4463, -1.803, -3.113, -4.26, -5.05, -5.31, -4.895, -3.945, -2.625, -1.289, -0.1871, 0.4368, 0.5396, 0.2062, -0.343, -0.9272, -1.41, -1.77, -2.045, -2.303, -2.586, -2.936, -3.273, -3.574, -3.775, -3.908, -4.035, -4.234, -4.676, -5.47, -6.68, -8.195, -9.58, -10.49, -10.65, -10.055, -8.86, -7.37, -5.703, -3.863, -1.703, 0.8433, 3.691, 6.676, 9.7, 13.0, 16.6, 20.3, 23.62, 25.7, 26.5, 26.64, 26.61, 26.52, 26.27, 25.8, 24.94, 23.56, 21.36, 18.0, 13.52, 8.18, 2.541, -2.176, -4.76, -4.973
-3.992, -2.576, -2.049, -2.123, -2.04, -1.455, -0.394, 0.932, 2.373, 3.908, 5.484, 7.1, 8.734, 10.195, 11.29, 11.98, 12.24, 12.125, 11.68, 10.94, 9.74, 8.08, 5.836, 3.145, 0.264, -2.83, -5.83, -8.195, -9.5, -9.45, -8.28, -6.35, -4.05, -1.779, 0.1755, 1.464, 1.833, 1.389, 0.4336, -0.677, -1.675, -2.383, -2.648, -2.396, -1.692, -0.649, 0.696, 2.205, 3.865, 5.63, 7.445, 9.32, 11.055, 12.46, 13.42, 14.086, 14.484, 14.68, 14.29, 12.836, 9.9, 5.4, -0.1569, -6.027, -11.19, -14.37, -15.21, -14.09, -11.81, -9.12, -6.598, -4.492, -2.79, -1.681, -1.39, -1.858, -2.79, -3.826, -4.508, -4.484, -3.678, -2.309, -0.6436, 1.202, 3.277, 5.574, 8.08, 10.82, 13.73, 16.62, 19.38, 21.62, 23.11, 24.02, 24.47, 24.6, 24.44, 24.25, 23.95, 23.72, 23.48, 23.2, 22.98, 22.6, 22.08, 21.53, 20.78, 20.05, 19.28, 18.55, 17.77, 16.86, 15.81, 14.63, 13.375, 12.18, 11.05, 10.02, 9.1, 8.35, 7.74, 7.242, 6.816, 6.492, 6.195, 5.902, 5.633, 5.367, 5.08, 4.76, 4.3, 3.613, 2.664, 1.411, -0.09143, -1.772, -3.576, -5.246, -6.543, -7.176, -6.945, -5.867, -4.23, -2.404, -0.7134, 0.5454, 1.188, 1.249, 0.9517, 0.5117, 0.05325, -0.368, -0.7476, -1.146, -1.624, -2.2, -2.8, -3.334, -3.668, -3.717, -3.514, -3.209, -3.104, -3.424, -4.34, -5.74, -7.344, -8.63, -9.31, -9.055, -8.07, -6.61, -4.957, -3.088, -0.844, 1.811, 4.7, 7.645, 10.65, 13.86, 17.4, 21.05, 24.19, 26.28, 27.08, 27.14, 26.84, 26.4, 25.77, 24.98, 23.88, 22.34, 20.38, 17.62, 13.75, 8.875, 3.05, -2.291, -5.285, -5.453
-3.73, -1.714, -0.7495, -0.6177, -0.556, -0.09985, 0.8223, 2.08, 3.504, 5.016, 6.586, 8.195, 9.82, 11.22, 12.32, 12.96, 13.195, 13.195, 12.92, 12.4, 11.5, 10.15, 8.195, 5.664, 2.639, -0.973, -4.805, -8.164, -10.34, -11.01, -10.11, -8.08, -5.5, -2.879, -0.5513, 1.209, 2.088, 2.092, 1.494, 0.5938, -0.3792, -1.201, -1.606, -1.467, -0.832, 0.242, 1.619, 3.135, 4.78, 6.58, 8.484, 10.38, 12.12, 13.43, 14.31, 14.914, 15.45, 15.92, 16.0, 15.125, 12.766, 8.734, 3.33, -2.857, -8.37, -11.95, -13.375, -12.945, -11.18, -8.89, -6.58, -4.613, -2.969, -1.915, -1.615, -2.012, -2.828, -3.7, -4.22, -4.06, -3.176, -1.791, -0.152, 1.671, 3.74, 6.047, 8.58, 11.29, 14.13, 16.94, 19.66, 21.86, 23.33, 24.12, 24.42, 24.31, 24.0, 23.56, 23.16, 22.77, 22.5, 22.28, 22.11, 21.95, 21.78, 21.5, 21.17, 20.75, 20.23, 19.64, 18.98, 18.17, 17.23, 16.08, 14.85, 13.59, 12.4, 11.25, 10.25, 9.336, 8.58, 7.96, 7.49, 7.07, 6.734, 6.42, 6.14, 5.895, 5.676, 5.44, 5.074, 4.48, 3.59, 2.34, 0.7295, -1.248, -3.523, -5.867, -7.887, -9.18, -9.28, -8.16, -6.188, -3.879, -1.599, 0.3042, 1.549, 2.08, 2.025, 1.649, 1.138, 0.6333, 0.1985, -0.1749, -0.5806, -1.067, -1.655, -2.225, -2.61, -2.61, -2.195, -1.514, -0.9097, -0.723, -1.108, -2.098, -3.64, -5.34, -6.695, -7.133, -6.586, -5.39, -3.836, -2.012, 0.2377, 2.883, 5.742, 8.64, 11.56, 14.71, 18.14, 21.69, 24.7, 26.66, 27.38, 27.27, 26.7, 25.83, 24.75, 23.5, 21.95, 20.17, 18.27, 15.875, 12.805, 8.68, 3.166, -2.326, -5.54, -5.625
-3.127, -0.617, 0.758, 1.082, 1.088, 1.329, 2.037, 3.156, 4.547, 6.03, 7.57, 9.2, 10.81, 12.195, 13.164, 13.77, 14.05, 14.12, 14.09, 13.9, 13.445, 12.57, 11.03, 8.766, 5.793, 1.874, -2.703, -7.1, -10.47, -12.086, -11.67, -9.65, -6.84, -3.951, -1.319, 0.8047, 2.152, 2.596, 2.318, 1.589, 0.654, -0.2294, -0.7114, -0.614, 0.01114, 1.075, 2.441, 3.998, 5.68, 7.51, 9.45, 11.336, 12.98, 14.17, 14.92, 15.484, 16.05, 16.72, 17.19, 16.97, 15.45, 12.22, 7.25, 1.263, -4.16, -8.02, -10.09, -10.54, -9.625, -7.977, -6.12, -4.434, -3.049, -2.158, -1.919, -2.264, -2.912, -3.57, -3.855, -3.549, -2.602, -1.209, 0.3918, 2.191, 4.242, 6.555, 9.086, 11.76, 14.49, 17.23, 19.83, 22.0, 23.44, 24.06, 24.19, 23.84, 23.23, 22.58, 21.92, 21.33, 20.9, 20.6, 20.44, 20.39, 20.4, 20.44, 20.4, 20.45, 20.31, 20.06, 19.77, 19.23, 18.47, 17.47, 16.44, 15.25, 14.01, 12.78, 11.63, 10.59, 9.68, 8.94, 8.32, 7.83, 7.414, 7.047, 6.727, 6.473, 6.293, 6.152, 5.914, 5.473, 4.76, 3.648, 2.076, -0.0647, -2.73, -5.82, -8.84, -11.08, -11.75, -10.664, -8.33, -5.547, -2.746, -0.2551, 1.533, 2.408, 2.402, 1.854, 1.092, 0.3857, -0.1129, -0.329, -0.3223, -0.2927, -0.3938, -0.631, -0.8057, -0.6973, -0.1702, 0.7197, 1.677, 2.35, 2.49, 1.965, 0.6206, -1.33, -3.281, -4.484, -4.582, -3.77, -2.41, -0.6963, 1.408, 3.906, 6.645, 9.44, 12.25, 15.33, 18.67, 22.06, 24.89, 26.69, 27.31, 27.03, 26.16, 24.86, 23.31, 21.56, 19.66, 17.67, 15.664, 13.555, 11.22, 8.016, 3.19, -1.977, -5.234, -5.312
-2.283, 0.5776, 2.352, 2.863, 2.783, 2.775, 3.203, 4.125, 5.434, 6.875, 8.43, 10.06, 11.62, 12.945, 13.836, 14.41, 14.73, 14.945, 15.15, 15.32, 15.35, 14.95, 13.91, 12.02, 9.25, 5.39, 0.4724, -4.83, -9.43, -12.234, -12.54, -10.734, -7.887, -4.84, -2.018, 0.3892, 2.043, 2.777, 2.668, 2.021, 1.097, 0.2471, -0.1627, 0.01192, 0.7144, 1.832, 3.213, 4.77, 6.52, 8.414, 10.336, 12.15, 13.65, 14.67, 15.305, 15.77, 16.31, 17.02, 17.73, 17.98, 17.17, 14.81, 10.81, 5.625, 0.695, -3.328, -6.09, -7.375, -7.41, -6.55, -5.38, -4.164, -3.145, -2.53, -2.404, -2.682, -3.113, -3.479, -3.467, -2.973, -1.968, -0.5996, 0.9834, 2.771, 4.832, 7.12, 9.59, 12.16, 14.78, 17.36, 19.84, 21.86, 23.16, 23.67, 23.6, 22.98, 22.11, 21.1, 20.19, 19.34, 18.72, 18.3, 18.08, 18.08, 18.17, 18.28, 18.47, 18.8, 19.02, 19.25, 19.38, 19.27, 18.89, 18.28, 17.55, 16.61, 15.52, 14.4, 13.23, 12.1, 11.1, 10.23, 9.484, 8.87, 8.336, 7.88, 7.49, 7.188, 7.004, 6.887, 6.773, 6.555, 6.09, 5.215, 3.852, 1.747, -1.133, -4.9, -8.96, -12.32, -13.74, -12.805, -10.26, -7.125, -3.922, -0.9897, 1.11, 2.02, 1.796, 0.8257, -0.3926, -1.495, -2.164, -2.234, -1.666, -0.774, 0.05, 0.5967, 0.948, 1.337, 1.943, 2.857, 3.955, 4.973, 5.594, 5.46, 4.36, 2.398, 0.1636, -1.623, -2.37, -1.995, -0.8633, 0.6963, 2.596, 4.875, 7.406, 10.03, 12.74, 15.664, 18.9, 22.03, 24.58, 26.14, 26.55, 26.14, 25.03, 23.42, 21.53, 19.39, 17.23, 15.17, 13.23, 11.43, 9.64, 7.273, 3.414, -1.165, -4.305, -4.516
-1.372, 1.547, 3.682, 4.395, 4.26, 4.043, 4.2, 4.92, 6.14, 7.57, 9.125, 10.76, 12.26, 13.44, 14.27, 14.836, 15.21, 15.56, 15.92, 16.3, 16.6, 16.56, 15.91, 14.46, 12.05, 8.53, 3.87, -1.614, -7.027, -10.92, -12.23, -11.02, -8.375, -5.312, -2.404, 0.06586, 1.78, 2.545, 2.44, 1.758, 0.8506, 0.10156, -0.10474, 0.3176, 1.24, 2.502, 3.955, 5.57, 7.367, 9.27, 11.12, 12.766, 14.04, 14.92, 15.45, 15.836, 16.27, 16.86, 17.45, 17.8, 17.3, 15.72, 12.84, 8.98, 4.895, 1.068, -2.08, -4.04, -4.88, -4.88, -4.44, -3.834, -3.307, -3.043, -3.045, -3.242, -3.426, -3.428, -3.1, -2.377, -1.281, 0.0794, 1.616, 3.357, 5.39, 7.645, 9.98, 12.38, 14.805, 17.19, 19.44, 21.27, 22.38, 22.72, 22.38, 21.52, 20.34, 19.1, 17.88, 16.86, 16.12, 15.58, 15.234, 15.15, 15.2, 15.35, 15.62, 16.11, 16.56, 17.06, 17.47, 17.73, 17.86, 17.69, 17.38, 16.81, 16.1, 15.3, 14.41, 13.414, 12.47, 11.59, 10.83, 10.14, 9.55, 9.0, 8.52, 8.14, 7.895, 7.773, 7.734, 7.684, 7.484, 6.934, 5.887, 3.982, 1.081, -2.984, -7.797, -12.086, -14.27, -13.766, -11.29, -8.09, -4.71, -1.647, 0.4, 1.036, 0.401, -1.081, -2.857, -4.46, -5.496, -5.64, -4.723, -3.016, -1.141, 0.4084, 1.496, 2.254, 2.89, 3.658, 4.633, 5.72, 6.594, 6.895, 6.29, 4.773, 2.742, 0.8315, -0.252, -0.2522, 0.619, 1.993, 3.703, 5.688, 7.914, 10.3, 12.79, 15.46, 18.45, 21.31, 23.45, 24.81, 25.1, 24.61, 23.25, 21.38, 19.08, 16.77, 14.59, 12.65, 10.94, 9.51, 8.22, 6.67, 3.879, 0.0663, -2.924, -3.37
-0.579, 2.074, 4.305, 5.273, 5.21, 4.9, 4.91, 5.54, 6.703, 8.14, 9.664, 11.18, 12.555, 13.6, 14.35, 14.87, 15.23, 15.6, 15.95, 16.3, 16.61, 16.64, 16.11, 14.9, 12.836, 9.99, 6.25, 1.563, -3.64, -8.086, -10.375, -10.1, -8.07, -5.28, -2.535, -0.2164, 1.334, 1.971, 1.782, 1.064, 0.2151, -0.3452, -0.309, 0.3984, 1.589, 3.064, 4.688, 6.4, 8.164, 9.95, 11.61, 13.0, 14.055, 14.78, 15.19, 15.45, 15.67, 15.99, 16.31, 16.5, 15.99, 14.84, 12.87, 10.234, 7.35, 4.305, 1.439, -0.746, -2.219, -2.945, -3.217, -3.268, -3.248, -3.307, -3.432, -3.537, -3.533, -3.26, -2.658, -1.737, -0.5903, 0.751, 2.24, 3.941, 5.91, 8.016, 10.21, 12.35, 14.45, 16.55, 18.48, 20.02, 20.81, 20.92, 20.38, 19.19, 17.73, 16.28, 14.92, 13.836, 13.02, 12.45, 12.1, 11.94, 11.945, 12.08, 12.36, 12.82, 13.266, 13.84, 14.37, 14.9, 15.266, 15.44, 15.484, 15.38, 15.1, 14.76, 14.27, 13.63, 12.99, 12.33, 11.71, 11.09, 10.53, 10.01, 9.516, 9.09, 8.81, 8.67, 8.66, 8.7, 8.68, 8.4, 7.61, 5.99, 3.336, -0.4612, -5.227, -9.836, -12.61, -12.766, -10.86, -7.957, -4.78, -2.018, -0.3274, -0.05838, -1.022, -2.795, -4.918, -6.99, -8.49, -9.01, -8.22, -6.3, -3.83, -1.556, 0.1131, 1.093, 1.619, 2.066, 2.695, 3.572, 4.516, 5.227, 5.406, 4.82, 3.586, 2.205, 1.25, 1.167, 1.895, 3.117, 4.645, 6.32, 8.19, 10.234, 12.41, 14.73, 17.33, 19.78, 21.6, 22.64, 22.75, 22.1, 20.58, 18.42, 16.03, 13.695, 11.71, 10.04, 8.766, 7.81, 7.055, 6.19, 4.402, 1.452, -1.25, -2.035
0.1715, 2.217, 4.266, 5.35, 5.477, 5.234, 5.27, 5.855, 6.938, 8.35, 9.79, 11.11, 12.234, 13.09, 13.63, 14.03, 14.266, 14.484, 14.67, 14.86, 14.98, 14.86, 14.305, 13.266, 11.625, 9.53, 6.977, 3.719, -0.2438, -4.297, -7.062, -7.777, -6.71, -4.66, -2.373, -0.4226, 0.8755, 1.339, 1.165, 0.5645, -0.08624, -0.4348, -0.1987, 0.6562, 1.988, 3.58, 5.258, 6.97, 8.65, 10.19, 11.52, 12.59, 13.37, 13.85, 14.125, 14.2, 14.26, 14.34, 14.37, 14.16, 13.65, 12.664, 11.2, 9.62, 7.87, 5.977, 3.996, 2.127, 0.564, -0.577, -1.37, -1.925, -2.309, -2.62, -2.87, -3.006, -2.926, -2.547, -1.85, -0.909, 0.206, 1.467, 2.893, 4.457, 6.21, 8.09, 10.016, 11.85, 13.664, 15.32, 16.77, 17.81, 18.3, 18.08, 17.2, 15.86, 14.28, 12.74, 11.43, 10.48, 9.72, 9.24, 8.93, 8.78, 8.76, 8.89, 9.086, 9.39, 9.79, 10.21, 10.766, 11.37, 11.82, 12.19, 12.41, 12.59, 12.65, 12.6, 12.516, 12.31, 12.07, 11.695, 11.32, 10.93, 10.52, 10.12, 9.734, 9.41, 9.14, 9.016, 9.0, 9.05, 9.08, 8.914, 8.27, 6.953, 4.86, 1.872, -1.98, -6.06, -8.945, -9.77, -8.664, -6.496, -3.963, -1.761, -0.5317, -0.469, -1.376, -2.994, -5.08, -7.336, -9.25, -10.31, -10.086, -8.586, -6.332, -4.047, -2.297, -1.332, -1.039, -1.005, -0.8745, -0.3467, 0.4854, 1.523, 2.428, 2.936, 2.836, 2.371, 1.996, 2.115, 2.85, 3.979, 5.285, 6.688, 8.19, 9.81, 11.54, 13.44, 15.51, 17.44, 18.83, 19.53, 19.4, 18.58, 16.95, 14.7, 12.43, 10.375, 8.68, 7.5, 6.7, 6.207, 5.92, 5.652, 4.75, 2.736, 0.446, -0.634
1.011, 2.271, 3.82, 4.844, 5.113, 5.027, 5.14, 5.664, 6.645, 7.785, 9.0, 9.97, 10.766, 11.28, 11.57, 11.734, 11.78, 11.86, 11.86, 11.88, 11.79, 11.55, 11.01, 10.125, 8.94, 7.605, 6.215, 4.52, 2.148, -0.6777, -3.06, -4.258, -4.137, -3.033, -1.533, -0.1162, 0.854, 1.24, 1.184, 0.852, 0.4858, 0.3088, 0.595, 1.383, 2.564, 3.982, 5.44, 6.918, 8.26, 9.41, 10.336, 11.01, 11.445, 11.67, 11.734, 11.67, 11.61, 11.49, 11.305, 11.01, 10.445, 9.58, 8.555, 7.605, 6.766, 5.91, 4.94, 3.838, 2.729, 1.697, 0.8135, 0.10706, -0.439, -0.8647, -1.15, -1.311, -1.258, -0.9585, -0.4106, 0.3386, 1.242, 2.252, 3.416, 4.65, 6.094, 7.594, 9.1, 10.45, 11.734, 12.87, 13.73, 14.2, 14.23, 13.7, 12.73, 11.46, 10.12, 8.82, 7.82, 7.04, 6.473, 6.14, 5.95, 5.875, 5.92, 5.977, 6.133, 6.305, 6.504, 6.793, 7.23, 7.727, 8.16, 8.55, 8.87, 9.12, 9.305, 9.46, 9.54, 9.59, 9.586, 9.48, 9.336, 9.25, 9.086, 8.87, 8.67, 8.445, 8.305, 8.21, 8.2, 8.21, 8.22, 8.06, 7.57, 6.63, 5.203, 3.316, 0.8413, -1.985, -4.203, -5.234, -4.96, -3.756, -2.135, -0.662, 0.1859, 0.2847, -0.2427, -1.348, -2.947, -4.93, -6.863, -8.24, -8.65, -7.914, -6.414, -4.73, -3.34, -2.627, -2.576, -2.867, -3.129, -3.041, -2.475, -1.401, -0.125, 1.081, 1.841, 2.176, 2.4, 2.766, 3.502, 4.473, 5.473, 6.55, 7.652, 8.78, 10.02, 11.39, 12.83, 14.09, 14.93, 15.22, 14.84, 13.74, 12.18, 10.336, 8.57, 7.062, 6.047, 5.355, 4.953, 4.836, 4.867, 4.973, 4.68, 3.547, 1.917, 0.823
1.969, 2.541, 3.387, 4.01, 4.22, 4.215, 4.367, 4.77, 5.406, 6.07, 6.758, 7.28, 7.62, 7.805, 7.875, 7.86, 7.793, 7.816, 7.758, 7.7, 7.586, 7.406, 7.04, 6.45, 5.832, 5.195, 4.625, 4.043, 3.107, 1.778, 0.447, -0.4592, -0.759, -0.428, 0.2554, 1.025, 1.595, 1.874, 1.933, 1.844, 1.691, 1.651, 1.879, 2.371, 3.113, 3.99, 4.906, 5.836, 6.594, 7.203, 7.652, 7.918, 8.09, 8.11, 8.06, 7.953, 7.793, 7.66, 7.438, 7.15, 6.75, 6.21, 5.664, 5.176, 4.84, 4.652, 4.402, 4.027, 3.533, 2.97, 2.404, 1.924, 1.546, 1.236, 1.021, 0.897, 0.911, 1.06, 1.386, 1.812, 2.312, 2.91, 3.58, 4.336, 5.16, 6.062, 6.926, 7.637, 8.25, 8.81, 9.16, 9.24, 9.01, 8.46, 7.7, 6.855, 6.055, 5.305, 4.76, 4.273, 3.934, 3.822, 3.746, 3.771, 3.805, 3.85, 3.908, 3.982, 4.01, 4.195, 4.47, 4.79, 5.047, 5.3, 5.55, 5.77, 5.934, 6.07, 6.207, 6.34, 6.36, 6.4, 6.47, 6.49, 6.496, 6.453, 6.383, 6.285, 6.227, 6.215, 6.203, 6.207, 6.17, 6.047, 5.734, 5.207, 4.504, 3.658, 2.557, 1.263, 0.066, -0.6626, -0.7827, -0.381, 0.3496, 1.098, 1.598, 1.749, 1.591, 1.1045, 0.2263, -1.007, -2.322, -3.414, -4.0, -3.895, -3.229, -2.322, -1.457, -1.04, -1.074, -1.41, -1.785, -1.96, -1.71, -0.997, 0.04587, 1.156, 2.041, 2.58, 2.973, 3.379, 3.875, 4.484, 5.105, 5.734, 6.324, 6.93, 7.547, 8.22, 9.01, 9.625, 9.91, 9.8, 9.32, 8.44, 7.375, 6.336, 5.363, 4.676, 4.176, 3.91, 3.857, 3.848, 3.965, 4.105, 4.12, 3.637, 2.77, 2.062
2.592, 2.695, 2.914, 3.104, 3.143, 3.115, 3.135, 3.266, 3.473, 3.648, 3.799, 3.916, 3.945, 3.959, 3.943, 3.92, 3.902, 3.922, 3.943, 3.932, 3.898, 3.871, 3.773, 3.594, 3.46, 3.33, 3.268, 3.232, 3.055, 2.773, 2.412, 2.123, 1.979, 1.997, 2.172, 2.383, 2.557, 2.664, 2.713, 2.754, 2.742, 2.736, 2.809, 2.943, 3.19, 3.428, 3.707, 3.988, 4.19, 4.336, 4.438, 4.508, 4.523, 4.52, 4.508, 4.434, 4.35, 4.242, 4.14, 4.027, 3.799, 3.584, 3.363, 3.254, 3.227, 3.242, 3.273, 3.252, 3.191, 3.07, 2.918, 2.742, 2.64, 2.549, 2.49, 2.486, 2.52, 2.586, 2.693, 2.834, 2.957, 3.11, 3.252, 3.39, 3.592, 3.826, 4.047, 4.21, 4.367, 4.453, 4.484, 4.457, 4.35, 4.11, 3.88, 3.637, 3.416, 3.205, 3.008, 2.865, 2.768, 2.693, 2.7, 2.662, 2.727, 2.725, 2.736, 2.758, 2.71, 2.756, 2.855, 3.004, 3.14, 3.236, 3.314, 3.432, 3.484, 3.56, 3.656, 3.72, 3.738, 3.82, 3.848, 3.879, 3.91, 3.932, 3.926, 3.918, 3.91, 3.941, 3.938, 3.926, 3.904, 3.88, 3.785, 3.63, 3.473, 3.299, 3.07, 2.762, 2.498, 2.268, 2.184, 2.246, 2.406, 2.602, 2.756, 2.848, 2.842, 2.715, 2.459, 2.096, 1.657, 1.278, 1.084, 1.064, 1.279, 1.584, 1.909, 2.135, 2.135, 2.03, 1.92, 1.782, 1.872, 2.158, 2.564, 3.014, 3.367, 3.58, 3.729, 3.84, 3.95, 4.043, 4.22, 4.37, 4.438, 4.52, 4.613, 4.727, 4.926, 5.03, 5.03, 4.95, 4.773, 4.453, 4.11, 3.842, 3.598, 3.41, 3.273, 3.18, 3.23, 3.225, 3.201, 3.193, 3.22, 3.102, 2.854, 2.676
